2.171019,1.860732,0.46765962,0.0,0.05684707,0.049904626,0.21909769,0.0,0.0,0.0,0.0,0.0,0.0,0.056072585,0.40901774,0.56205857,0.0,0.0,0.1725207,0.821459,0.0,0.0,0.5106577,0.9593559,1.0162936,1.5854739,2.198408,0.0,0.0,0.0,0.0,0.09221405,0.0,1.2649333,0.0,1.456314,0.0,0.0,0.6266716,0.47121114,0.11110253,1.2645142,1.3015379,0.0,0.49478462,0.22913454,0.43739614,0.0,0.0,0.0,0.0,1.5444365,0.0,1.1567634,1.2718556,0.0,0.0,0.14704587,0.0,0.0,0.029822566,0.0,0.0,0.0
0.0,0.0,3.422902,0.0,4.2284546,0.0,0.0,0.0,0.23834294,4.6650376,0.0,0.0,0.0,4.028786,0.0,2.2053497,0.0,0.0,0.0,0.0,0.0,1.2476045,0.8862202,0.0,1.0167679,2.040671,0.8833541,0.0,0.0,0.0,1.3966131,0.0,0.0,0.0,0.33634287,0.47031468,0.0,0.0,0.0,1.3483669,0.0,0.0,0.14974923,0.0,1.9376137,1.5726461,0.0,0.0,0.0,0.0,0.0,1.899407,0.0,4.91156,0.0,0.0,0.0,0.30172533,0.0,0.0,0.85118204,0.0,0.13686433,0.0
0.0,2.4287753,0.0,2.489,0.0,0.0,0.0,0.0,0.0,0.0,0.0,0.308806,2.6163912,0.0,1.6475902,0.0,2.0344708,0.0,1.661236,0.0,0.0,0.0,0.0,0.45404914,0.0,0.45511854,0.0,2.2252572,0.06869761,0.0,0.0,0.8516636,0.0,1.747945,0.0,0.0,1.2650924,0.0,0.0,1.5858206,0.909412,0.29729658,1.5999532,0.0,0.0,0.0,0.0,0.0,0.0,0.50048083,0.32422036,0.0,1.5607898,0.0,1.6458477,0.0,0.0,0.7614398,0.0,0.5858349,0.0,0.0,1.5975938,1.032831
2.876486,2.816647,0.0,0.0,0.0,0.0,0.0,0.0,0.0,0.42670536,0.3979645,0.0,0.0,1.4567492,1.1779127,1.0429313,0.0,0.0,0.35975298,0.3462128,0.0,0.0,1.8187139,1.2182635,2.5469158,3.131476,0.0,1.365849,0.0,0.0,0.0,2.4940195,0.0,0.35527498,0.0,0.86657596,0.0,0.22848344,0.35630798,0.0,0.0,0.6003685,0.9563042,0.0,0.0,1.2923455,0.71364915,0.0,0.11598219,0.0,0.0,0.7523897,0.0,0.99806327,0.0,0.0,0.0,0.2275069,0.0,0.0,0.0,0.0,0.0,0.29337868
0.59715044,3.555612,0.0,1.1615456,0.0,2.3463461,0.0,0.0,0.62110883,0.0,0.0,0.0,2.363555,0.0,1.3799541,0.0,0.22054625,0.0,2.9857023,0.0,0.0,0.0,0.0,0.87433183,1.6118097,0.0,2.0466652,0.2984822,0.0,0.0,0.0,0.0,0.0,2.080193,0.0,0.24293691,0.23177713,0.0,0.44143206,2.2081308,0.053095356,2.1641707,0.0,0.0,0.0,0.0,1.3994327,0.0,0.0,2.8553956,0.0,0.46277857,1.1846634,0.0,1.9781365,0.0,0.0,2.7485685,0.0,1.0944686,0.0,0.0,1.1884071,0.0
0.0,2.2940273,0.0,1.9545349,0.0,0.0,0.0,0.0,0.0,0.0,0.0,0.029565515,1.9542547,0.0,2.3829725,0.0,1.7703761,0.0,1.7501713,0.0,0.0,0.0,0.0,0.0,0.14806223,0.39267108,0.0,2.002144,0.0,0.0,0.0,2.3132427,0.0,2.2082253,0.0,0.87863964,1.6648829,0.0,0.3226316,0.0,0.04097924,1.5842973,2.0847034,0.0,0.0,0.0,0.024055293,0.0,0.0,0.0,0.28721425,0.0,1.5954486,0.0,1.2281662,0.0,0.0,2.263673,0.0,1.6626642,0.0,0.0,0.9274096,1.4153956
0.0,0.18174921,0.0,0.0,1.6972185,0.0,0.0,0.0,3.35843,4.955419,0.0,0.0,0.0,5.4452987,0.0,1.0013089,0.0,0.0,0.0,0.0,0.0,1.7299628,2.8981524,0.0,1.5391175,2.091961,0.0,0.7180851,0.0,0.0,1.4992265,0.4317568,0.20506474,0.0,0.0,1.1771324,0.58738667,0.0,0.72294444,0.0,0.0,0.0,0.0,0.0,0.33012664,2.2173269,0.0,1.9983869,0.0,1.549892,0.0,1.0627768,0.0,3.464208,0.0,0.0,0.0,0.0,0.0,0.0,0.0,0.0,0.0,0.016458606
0.48849827,1.9950678,1.2485504,1.5977142,1.7598034,2.213256,2.1670477,0.0,0.0,0.0,0.58362544,0.4053979,2.5160527,0.0,1.570543,0.0,2.0492554,0.0,0.6713194,0.0,0.35960573,0.497864,0.0,2.0303068,0.0,0.0,1.2445533,1.8819811,0.0,0.0,0.0,0.0,0.0,0.9224255,0.0,0.9468881,0.0,0.0,0.0,3.4439616,0.046484403,1.8356988,3.7067761,0.0,0.0,0.0,0.2369434,0.0,0.0,0.0,0.0,0.0,0.0,0.0,3.430766,0.0,0.0,1.6960099,0.0,1.4604193,2.097259,0.0,1.2299699,0.0
0.22099008,2.5077693,0.30701607,0.19113408,0.0,0.46660915,0.23793651,0.02059278,0.0,0.0,0.0,0.0,0.0,0.0,1.8577574,0.07454622,0.96688604,0.0,1.1240577,0.021521606,0.0,0.3219616,0.0,0.5894398,2.638541,1.9157243,2.3337514,1.347552,0.0,0.0,0.0,0.64797986,0.0,0.0,0.0,0.0,0.8014195,0.15226427,0.119551465,1.4881583,0.23456809,0.52860457,0.0,0.0,0.0,0.65629613,0.22168332,0.0,0.0,0.0,0.0,0.5500161,0.38733086,0.36070707,1.8922477,0.0,0.0,0.0,0.0,0.43474406,0.0,0.0,0.3269351,0.0
0.8139122,1.9295708,0.0,1.3699013,0.1301304,0.18123119,0.2756784,0.21189882,0.0,0.0,0.0,0.0,0.21932934,0.05525583,1.1195177,0.0,0.12671919,0.0,0.4640942,0.0,0.0,0.96533906,0.0,1.1551827,1.1667032,0.08893744,0.9675568,0.116657935,0.0,0.0,0.0,0.4575077,0.0,0.66978675,0.0,0.0,0.0,0.0,0.0,1.1263583,0.0,0.37861463,0.26138082,0.0,0.0022630142,0.0,0.0,0.0,0.0,0.53931147,0.0,1.4064853,0.0,0.024655228,0.40671432,0.0,0.0,0.0,0.0,0.83907956,0.0,0.0,0.0,0.0723739
0.0,0.4530567,0.57821697,1.728767,1.5145037,0.35030195,1.8387182,0.46735933,0.0,0.91943383,0.59852356,1.2714539,2.5664468,0.0,2.1234899,0.0,2.3323507,0.0,0.776764,0.0,0.0,0.0,0.0,0.0,0.66012883,0.0,0.0,0.0,0.0,0.0,0.0,0.67548186,0.0,0.25945643,0.44563213,0.0,0.7104324,0.0,0.0,0.5447,0.35134855,1.4000105,2.238633,0.0,0.32551724,0.0,0.23054345,0.0,0.0,0.0,0.07285503,0.0,1.1106827,0.0,0.8219847,0.0,0.0,1.1388503,0.0,0.0,2.24401,0.0,1.6660281,0.0
0.0,0.0,0.0,1.6496625,1.2842797,2.0022082,0.0954984,0.0,3.267,3.1258397,0.0,0.0,3.0452704,0.34935895,0.0,0.0,3.0414836,0.0,0.0,0.0,1.957631,4.8907228,0.0,3.934183,0.0,0.0,0.0,0.0,0.0,0.0,0.0,1.317494,0.70971596,0.0,3.413386,2.5726137,0.3055123,0.0,0.61020917,3.4746249,0.0,3.7493773,0.0,0.0,0.094993494,0.0,0.8956158,0.0,0.0,0.89858294,0.0,0.0,0.0,0.0,1.604809,0.0,0.0,2.5306327,0.15281393,0.06228341,3.9361327,0.0,2.6785035,0.0
0.0,1.0083952,0.0,3.2255607,1.5310881,0.0,0.0,0.0,0.0,0.0,0.0,0.2953367,1.7953744,1.557927,1.5532556,0.0,2.0866194,0.0,0.0,0.0,0.0,1.1141837,0.0,2.1080334,0.0,0.0,0.0,0.0,0.0,0.0,0.0,0.43986943,0.0,2.3573055,0.8628523,0.095667645,0.3075921,0.0,0.0,1.1917318,0.13303499,0.0,2.9048045,0.0,1.3428044,0.0,0.0,0.0,0.0,0.0,0.0,0.9209761,1.0268455,0.0,0.0,0.0,0.0,0.0,0.0,0.86529654,0.8486271,0.0,1.0300218,0.6469197
0.3758632,0.0,0.72151977,0.46377432,0.0,0.0,0.0,0.0,0.028828796,1.4446473,0.0,0.0,1.6928189,0.0,0.0,0.30259168,1.4070224,0.0,0.59303486,0.94182336,0.0,1.4859471,0.0,0.0,0.30830458,1.9716836,0.0,3.0984755,0.0,0.0,0.0,1.7379597,0.79389274,0.0,0.0,0.56321025,2.487718,0.0,1.1849078,1.3065772,0.0,3.1516914,0.0,0.0,0.0,1.0889982,0.0,0.9276451,0.0,0.0,0.0,0.0,0.0,0.0,1.4546481,0.0,0.0,0.89957255,0.0,0.0,0.0,0.0,0.0,0.69084275
2.9131842,1.9224356,0.4477865,0.0,0.13997978,0.0,0.0,0.0,0.06755937,1.6443964,0.0,0.0,0.0,1.5337116,0.013678731,0.45642155,0.0,0.0,0.0,1.171872,0.0,0.0,1.7556242,0.44344723,1.6499348,1.6844972,0.66456276,0.0,0.0,0.0,0.0,2.0222046,0.0,1.143656,0.0,1.5980814,0.0,0.5873644,0.4690311,0.0,0.0,0.13892499,1.2952306,0.45303115,0.0,1.0009305,0.6909984,0.48826438,0.0,0.15007745,0.0,1.59211,0.0,2.219524,0.0,0.0,0.0,0.68131465,0.0,0.0,0.0,0.06777704,0.0,0.014754714
0.0,0.0,1.0845394,0.31025204,1.0777725,1.9562625,0.0,0.0,1.3009905,2.9763198,0.0,0.0,0.70193183,0.54384124,0.0,0.751671,0.5193881,0.0,0.0,0.0,0.07464058,2.83709,0.0,0.0,0.0,0.0,1.5445417,0.0,0.0,0.0,0.0,1.7174957,0.0,0.21871254,1.16161,3.241713,1.0533663,0.0,1.2024304,0.0,0.0,2.1211872,0.0,0.0,0.44479832,0.0,0.19403897,0.96898377,0.0,0.0,0.0,0.20167,2.0169368,0.0,0.7075616,0.0,0.0,3.790471,0.0,0.0,2.072233,0.0,1.4769137,0.0
0.0,4.3290186,0.0,2.543919,0.42659715,2.6145966,0.4811881,0.0,0.0,0.0,0.0,0.0,2.3515644,0.0,2.3998423,0.0,1.8192474,0.0,2.5877018,0.0,0.0,0.24525532,0.0,2.3548932,2.3946154,0.0,0.0,1.2514735,0.0,0.0,0.0,0.30616522,0.0,1.1271212,0.0,0.0,0.3775194,0.0,0.0,1.3604711,0.0,0.51550454,1.9662787,0.0,0.0,0.0,1.05632,0.0,0.0,0.55710536,0.0,0.0,0.36357746,0.0,1.0414575,0.0,0.0,2.5994146,0.0,3.2947392,0.33782008,0.0,0.5975251,0.16032788
0.0,2.0807514,0.0,2.1719334,0.34822232,0.17353216,0.6152758,0.0,0.0,0.0,0.0,0.0,2.407921,0.0,2.8730118,0.0,2.0940673,0.0,2.0601676,0.0,0.0,0.44869745,0.0,0.09938742,0.0,0.10190038,0.0,1.4884537,0.0,0.0,0.0,1.3855231,0.0,1.9852014,0.0,0.9190671,1.8497902,0.0,0.0,0.9255424,0.11469178,0.79029423,0.9483338,0.0,0.0,0.0,0.0,0.0,0.0,0.32317424,0.0,0.0,1.8262202,0.0,1.9730725,0.0,0.0,1.5350797,0.0,2.5759053,0.0,0.0,1.5604362,0.3336927
2.318376,3.338041,0.39988166,0.6236782,0.0,2.3525395,0.0,0.0,0.57338154,0.79722726,0.0,0.0,0.056262832,0.46779263,0.0,1.6985557,0.0,0.0,0.78314847,0.0,0.0,0.0,0.44365716,3.0581994,3.8095775,0.20541693,0.0,1.5340337,0.0,0.0,0.0,0.7989519,0.0,0.03300861,0.0,0.0,0.0,0.0,0.0,1.9787008,0.0,0.79043067,2.643497,0.18007077,0.0,0.33184895,0.8466843,0.34182346,0.0,0.17227165,0.0,1.2783372,0.0,2.2674403,0.0,0.0,0.17738207,2.4081075,0.0,0.0,0.0,0.0,0.0,1.2271761
2.226576,1.600004,0.44084734,0.0,0.0,1.3431971,0.0,0.0,0.28085464,0.0649165,0.0,0.0,0.0,1.2989018,0.0,1.144596,0.0,0.0,0.0,1.0276442,0.0,0.0,0.8026866,0.0042155916,0.2656019,2.684481,1.8866794,2.5138783,0.0,0.0,0.0,0.0,0.0,0.23719507,0.0,1.3326293,0.16164628,0.18206684,1.2650557,0.23634115,0.24613395,1.2902743,1.9490684,0.0,0.0,0.8605121,0.0,1.6063298,0.0,0.0,0.0,0.6221496,0.0,3.2172177,1.1884791,0.0,0.0,1.0419881,0.0,0.0,0.0,0.0,0.0,0.0
0.0,0.0,0.82436466,0.5086719,1.6263553,2.2652476,0.0,0.0,5.0505767,3.8565938,0.0,0.0,1.7345854,0.71607924,0.0,0.5756422,0.12888074,0.0,0.0,0.0,0.7051598,3.5951357,0.0,2.618036,0.0,0.0,1.8525383,0.0,0.0,0.0,0.0,0.0,1.0638274,0.0,1.2409264,4.0606666,0.0,0.0,1.8037407,2.0630782,0.0,1.6425512,0.0,0.0,0.0,0.0,2.9933853,0.0,0.0,2.5355089,0.0,0.0,0.0,1.7189537,0.35636976,0.0,0.0,3.9616385,0.0,0.0,2.4546497,0.0,2.9539204,0.0
0.51879185,1.7654663,0.7383615,0.0,1.0182501,0.6318776,0.0,0.0,3.2468662,3.5759642,0.0,0.0,0.0,4.9230566,0.0,1.6983054,0.0,0.0,0.0,1.5493065,0.0,0.6050459,2.300275,0.0,0.68342936,4.1357374,2.7911642,1.5065432,0.0,0.0,0.0,0.0,0.0,0.0,0.0,2.2184365,0.0,0.0,2.2961586,0.0,0.0,0.2149471,1.4413346,0.0,0.0,3.0641186,0.0,3.1710415,0.0,1.4998627,0.0,2.5500836,0.0,7.287821,0.0,0.0,0.0,0.627052,0.0,0.0,0.0,0.0,0.0,0.0
1.2799124,3.9053202,0.0,0.0,0.19535878,2.015026,0.0,0.0,4.2315283,1.6373171,0.0,0.0,0.0,1.4921025,0.0,1.2259542,0.0,0.0,0.0,1.3394974,0.0,0.0,0.46318305,1.8408357,0.0,1.8237963,3.2440932,2.2318192,0.31500572,0.0,0.0,0.0,0.12562494,0.10209207,0.0,3.7221751,0.0,0.0,2.014201,1.4778669,0.0,0.8924703,1.1185598,0.0,0.0,0.20385697,0.670468,1.5687072,0.0,2.4990902,0.0,0.8033891,0.0,4.1994796,0.0,0.0,0.0,1.055349,0.0,0.0,0.0,0.283199,0.41307428,0.0
0.0,0.0,0.0,2.6866288,1.7417511,1.2777596,1.368299,1.1735246,0.0,0.0,0.0,0.4035638,3.152552,0.0,3.5448313,0.0,2.367377,0.0,1.3775486,0.0,0.46534175,2.6887186,0.0,0.070490316,0.39853144,0.0,0.7498754,0.0,0.0,0.0,0.0,1.7473553,0.0,0.34161806,0.91866827,0.490981,2.3354385,0.0,0.0,2.373104,0.0,3.24011,0.0,0.0,0.0,0.0,0.1535252,0.0,0.0,0.0,0.0,0.0,3.0063853,0.0,1.7619947,0.0,0.0,2.8120248,0.0,2.4434752,1.5319256,0.0,2.122506,0.0
0.28287563,2.9840379,0.0,0.0,0.0,2.2509837,0.0,0.0,5.6237445,2.9346287,0.0,0.0,0.0,4.1900363,0.0,2.0474584,0.0,0.0,0.0,0.46983668,0.0,0.25842452,2.7988472,1.3795145,1.6325991,1.4076895,0.29608828,2.7976115,0.0,0.0,0.0,0.0,0.0,0.0,0.0,3.6972117,0.0,0.0,0.9190861,0.0,0.0,1.7327279,1.4594527,0.25722584,0.0,1.4950728,1.5343027,1.8658924,0.0,0.8393669,0.0,0.0,0.0,3.9283614,0.0,0.0,0.0,1.8472118,0.0,0.0,0.42334127,0.0,0.0,1.9574199
1.9184601,3.3981411,1.259156,0.0,0.2554504,1.464285,0.0,0.0,0.8595125,0.0,0.0,0.0,1.4659902,0.0,0.0,0.0,0.0,0.0,0.74356276,0.83292186,0.0,0.41985798,0.0,2.1525636,0.0,0.11468184,2.0295527,2.609728,0.0,0.0,0.0,0.0,0.0,2.8352153,0.0,3.241065,0.0,0.0,1.7525431,1.9698449,0.0,3.0245285,1.8657387,0.0,0.0,0.0,0.0,0.0,0.0,1.158206,0.0,0.1266736,0.0,1.1550231,2.532171,0.0,0.0,0.2753151,0.0,0.43498278,0.0,0.0,1.0366185,0.0
0.0,1.0760353,1.9033285,0.0,2.346554,0.14836317,0.0,0.0,1.0935953,2.2440686,0.0,0.0,0.0,1.519942,0.0,1.0890225,0.0,0.0,0.0,0.7999375,0.0,0.91372216,0.3617066,0.076790474,0.0,2.1253512,2.3564818,0.06799909,0.0,0.0,0.0,0.0,0.0,0.0,0.0,2.6913857,0.0,0.0,1.2009771,0.50245553,0.0,0.24889678,0.51232684,0.0,0.5788542,0.6771194,0.0,0.141711,0.0,0.5020391,0.0,0.0,0.0,2.957462,0.0,0.0,0.0,0.0,0.0,0.0,0.0,0.0,1.9788387,0.0
3.4089065,1.7090036,2.9874125,0.0,0.0,0.024762467,0.0,0.0,0.0,0.29764843,0.66609097,0.0,0.77200943,0.0,0.21622875,1.1345571,0.0,0.0,1.1389414,2.1778939,0.0,0.0,2.330555,0.5417968,0.0,3.7288759,0.46567222,1.3538741,0.0,0.0,0.0,0.48115674,0.0,0.0,0.0,3.725146,0.18542539,0.5892711,1.278226,0.0,0.7677332,3.1515656,0.530146,0.0,0.0,1.0576477,2.804392,0.0,0.04142381,0.0,0.0,0.0,0.0,1.950582,1.9717561,0.0,0.0,0.0,0.0,0.0,0.0,0.0,0.0,0.0
0.0,0.93441826,0.0,3.591904,0.0,0.0,0.0,0.0,0.0,0.0,0.0,0.0,2.038385,0.5592998,1.8995178,0.0,2.4219177,0.0,1.0388846,0.0,0.0,1.0927153,0.0,0.0,0.89316297,0.8753466,0.0,1.7536169,0.0,0.0,0.0,3.3187878,0.0,1.61509,0.0,0.0,2.7824872,0.0,0.3082698,0.50597316,0.0,1.617093,0.56854427,0.0,0.0,0.0,0.0,0.0,0.0,0.0,0.0,0.19574161,2.0034504,0.0,1.3856864,0.0,0.0,1.562068,0.0,1.3966107,0.0,0.0,1.1420337,1.2726507
0.66632634,1.8803848,0.41478288,0.0,0.0,0.13555707,0.24651615,0.0,0.0,0.0,0.38642094,0.0,0.0,0.0,0.10888711,0.0,0.8040027,0.0,1.3640242,0.9856889,0.0,0.0,0.0,0.0,0.6861876,3.9969463,2.557791,2.5942419,0.0,0.0,0.0,0.0,0.0,0.0,0.0,0.0,1.8241847,0.3592785,1.207178,1.018749,0.6832428,0.60940504,0.5000891,0.0,0.0,0.47291377,0.34624827,0.0,0.0,0.0,0.0,0.0,0.0,0.35039705,3.0165107,0.0,0.0,0.0,0.0,0.33026388,0.0,0.0,0.2516275,0.0
0.0,0.0,0.8562986,2.1108272,5.792235,0.0,6.618865,0.0,0.0,0.0028647026,0.0,0.0,0.12105409,0.44285467,0.0,0.0,0.0,0.0,5.4516196,0.0,4.873782,5.0327115,0.0,0.0,5.2914176,0.0,6.4243464,0.0,0.0,0.0,2.8630157,2.0974188,0.0,0.0,7.728725,0.0,4.4869967,4.438465,0.0,0.0,0.0,0.0,0.0,0.0,3.426936,6.276781,0.0,0.0,0.0,8.055616,0.0,0.0,0.0,0.0,1.5513185,0.0,0.0,0.0,0.0,0.0,0.9141665,0.0,0.4639882,0.0
2.0313375,3.044009,1.8229725,0.0,1.5041847,0.0,0.006130079,0.0,1.8615501,3.0516253,0.0,0.0,0.23877187,0.0,0.0,0.70433146,0.0,0.0,0.0,0.0,0.0,0.0,0.21444935,3.7906997,0.76303566,0.0,0.0,0.0,0.0,0.0,0.0,0.0,0.0,1.4914945,0.0,2.512952,0.0,0.0,0.0,0.0,0.025381349,0.32267708,1.0133467,0.94509184,0.0,1.0331807,2.3161294,0.0,0.28391725,1.9583894,0.0,0.0,0.0,1.2372981,0.0,0.0,0.63517267,0.0,0.0,0.0,2.3760405,0.0,1.5189781,0.0
0.86188227,1.0158023,0.8216847,0.0,0.0,0.6805208,0.8952906,0.0,0.0,0.0,0.49303284,0.0,1.0552543,0.0,0.67485946,0.22367768,0.0,0.0,0.8044604,0.74284464,0.0,0.0,1.5063508,0.84279007,0.0,0.35185176,0.0,3.160296,0.0,0.0,0.0,1.3950882,0.0,0.97721887,0.0,4.220135,0.0,0.0,1.5544642,0.12112883,0.36687312,2.5561624,2.8515418,0.0,0.0,0.0,0.4356746,0.0,0.0,0.0,0.0,0.0,0.0,0.0,2.8600867,0.0,0.0,1.1995411,0.0,0.0,0.0,0.012730275,0.43958923,0.0
3.4830341,3.1389737,1.3430649,0.0,0.3043556,0.0,0.0,0.0,0.04361506,0.70139796,0.0,0.0,0.0,0.9171373,0.0,0.77705276,0.0,0.0,0.0,2.6524823,0.0,0.0,1.5675615,0.73761106,0.0,5.0256486,2.9197893,0.57304054,0.0,0.0,0.0,0.0,0.0,0.5036932,0.0,2.1254578,0.0,0.0,1.5789815,0.0,0.115925305,0.1408273,1.8530531,0.0,0.14861235,2.4625344,0.6300041,0.6938232,0.0,0.0,0.0,1.1461576,0.0,3.8709953,0.25340745,0.0,0.0,0.0,0.0,0.0,0.0,0.0,0.0,0.0
0.0,0.0,1.9413639,0.0,1.9988393,3.1278508,3.1746938,0.0,0.0,0.29085705,1.5094548,0.0,3.1225095,0.0,0.0,0.0,2.1383195,0.0,1.9705667,0.0,1.8020958,1.653645,0.0,0.05824909,0.0,0.0,3.8983877,1.0645837,0.0,0.0,0.0,0.0,0.517306,0.0,0.0,3.191194,1.2957503,0.57861733,0.83866143,3.3486493,0.42768607,5.0330515,0.51917094,0.0,0.0,0.0,1.8057579,0.0,0.0,0.0,0.0,0.0,0.111271456,0.57189286,5.606035,0.0,0.0,2.4348252,0.7939288,0.0,0.624175,0.0,3.292031,0.0
0.0,0.0,1.1296716,0.20770474,3.2411604,0.39589128,2.6568794,0.0,0.0,0.6540301,1.0292703,0.09361865,1.4331127,0.0,0.8358382,0.0,2.311163,0.0,1.7624424,0.0,1.5894548,2.2766938,0.0,0.0,0.63070583,0.0,2.2885935,0.0,0.0,0.0,0.0,0.0,0.0,0.0625227,1.1146052,1.1920172,1.1521277,0.0,0.0,2.1145084,0.0,1.0041677,0.9382334,0.0,1.8379116,0.0,2.1914778,0.0,0.0,0.0,0.0,0.0,1.581119,0.0,0.8285691,0.0,0.0,2.2901433,0.0,0.97758,2.5501516,0.0,2.2092814,0.0
0.7031185,4.3263106,1.394241,0.71549386,1.5391262,3.5403526,3.125988,0.0,0.0,0.0,0.5954518,0.0,3.3366604,0.0,2.0255265,0.0,0.0,0.0,2.972024,0.0,0.0,0.0,0.0,3.2507012,1.8991078,0.0,2.1384978,0.5392061,0.0,0.0,0.0,0.0,0.0,0.48892456,0.39523828,0.0,0.0,0.0,0.0,3.8175306,2.1636455,1.2082388,2.7460847,0.0,0.0,0.0,1.2555621,0.0,0.0,0.04083424,0.0,0.0,0.0,0.6127124,2.4747775,0.0,0.0,0.0,0.0,0.0,0.63461655,0.0,2.1437905,0.0
1.3485072,1.1388206,0.9471292,0.2437192,0.92441106,0.0,0.0,0.0,0.0,0.03516406,0.0,0.0,0.0,0.29768702,0.0,0.24706951,0.0,0.0,0.0,0.6415835,0.0,0.0,0.8267529,0.7004202,0.26245552,1.4834057,1.6564026,0.2284403,0.0,0.0,0.0,0.0,0.0,1.0596758,0.0,0.73544466,0.0,0.0,0.9115776,0.8995307,0.0,0.0016542189,1.5353068,0.0,0.0,0.0,0.0,0.0,0.0,0.23527937,0.0,1.8794,0.0,1.421341,0.028708458,0.0,0.0,0.0,0.0,0.0,0.0,0.0,0.0,0.0
0.0,2.0621314,0.0,0.62519896,0.0,0.9128911,0.9337539,0.24809997,0.0,0.0,0.0,0.0,0.5659983,0.0,2.823749,0.0,0.24869382,0.0,2.5820749,0.0,0.0,2.218426,0.0,3.1606038,0.0,0.4304292,0.7288627,1.7690855,0.0,0.0,0.0,2.4827788,0.0,0.0,0.0,1.1387613,1.5813801,0.22370343,0.49996477,1.3900605,0.0,0.5486116,0.0,0.0,0.0,0.0,0.0,0.0,0.0,0.21248709,0.0,0.0,2.293207,0.0,1.8500235,0.0,0.0,0.0,0.0,2.0502203,0.5441509,0.0,2.1829515,0.0
1.127287,0.6724903,0.22252463,0.69177157,0.9036551,0.7427784,0.6284577,0.0,0.0,0.0,0.0,0.0,0.65053076,0.0,1.0683162,0.0,0.14210269,0.0,0.62237847,0.0,0.73748267,1.0924536,0.0,0.58277595,0.0,0.0,2.6582198,0.0,0.0,0.0,0.0,0.0,0.0,1.9410025,0.1290887,1.9761703,0.0,0.0,0.9476865,1.8813497,0.0,2.1735668,0.0,0.0,0.6093305,0.0,0.0038228696,0.0,0.0,0.0,0.0,1.5395564,1.2511866,0.0,2.2397923,0.0,0.0,1.2292588,0.0,1.0563982,1.0317287,0.0,0.46977037,0.0
0.0,0.0,0.37862876,1.9992183,1.5900171,1.1230068,0.013362091,0.33561704,0.0,1.1784085,0.0,0.0,0.0,0.0,1.6578848,0.644066,2.6056366,0.0,0.1598978,0.0,0.6115401,3.064866,0.0,0.0,3.4530926,0.1131132,2.9209166,0.0,0.0,0.0,0.0,1.2558005,0.0,0.0,1.01728,0.0,0.81349564,0.0,0.0,1.9989575,0.0,0.0,1.2801086,0.0,2.3043199,0.0,0.508486,0.0,0.0,0.0,0.0,1.732043,2.0158892,0.0,0.0,0.0,0.0,1.6339514,0.0,2.1235476,1.8082262,0.3568415,0.67502826,0.0
0.010528103,0.70216423,0.0,1.0218041,0.3607487,2.3586924,0.0,0.0,5.831538,4.526036,0.0,0.0,1.1284952,2.7388113,0.0,1.306654,0.0,0.0,0.0,0.0,0.0,3.1460547,0.96311283,2.4669762,3.8433146,0.0,0.0,1.1437035,0.18186046,0.0,0.26766816,2.7796397,0.0,0.0,0.87198114,1.7056859,0.0,0.0,0.0,0.7252062,0.0,1.4449352,0.0,1.0257753,0.0,2.5661056,1.9677038,0.0,0.0,2.8756301,0.0,0.0,0.0,1.339374,0.0,0.0,0.7081561,2.3013341,0.0,0.0,1.5064636,0.0,0.0,1.8592099
1.0380373,3.327895,0.0,0.0,0.51623607,0.5458207,0.0,0.0,2.320903,2.6159446,0.0,0.0,0.0,3.848813,0.0,1.3094527,0.0,0.0,0.0,0.3355076,0.0,0.06511881,2.215854,2.5180612,0.87662065,2.5538535,0.25221002,1.2542747,0.0,0.0,0.02344675,0.0,0.0,0.0,0.0,3.300604,0.0,0.0,1.124248,0.0,0.0,0.77012575,1.0216237,0.012186481,0.0,0.8950845,0.0,1.2609189,0.0,0.6845545,0.0,1.2296106,0.0,3.2408843,0.0,0.0,0.0,0.0,0.0,0.0,0.0,0.0,0.0,0.7033419
1.301723,2.3236005,0.16902514,0.0,0.0,0.0,0.0,0.0,1.2597159,2.6824353,0.0,0.0,0.0,2.38087,0.0,0.62700266,0.0,0.0,0.0,1.3509196,0.0,0.0,2.45877,0.6027139,0.7136894,2.278121,0.0,1.0855589,0.0,0.0,0.0,1.582216,0.0,0.2040859,0.0,1.9046346,0.15828098,0.0,1.1617204,0.0,0.0,0.86212003,0.6432495,0.72341454,0.0,1.2553152,0.33150545,0.4099691,0.0,0.55781054,0.0,0.40176547,0.0,2.033294,0.0,0.0,0.0,0.0,0.0,0.0,0.0,0.17930453,0.0,1.0509852
0.0,0.6164112,0.0,1.8468373,0.54992676,1.1183958,0.5201093,1.029746,0.0,0.0,0.0,0.21708016,0.9548772,0.0,3.0489771,0.0,2.2776268,0.0,1.8509202,0.0,1.2230228,1.3090593,0.0,0.0,1.5019952,0.0,1.7995546,0.0,0.0,0.0,0.0,0.0,0.0,0.65531504,0.31960586,0.0,2.1957996,0.0,0.0,2.434897,0.1270965,0.9712123,0.0,0.0,0.0,0.0,0.85319877,0.0,0.0,0.0,0.0,0.113100156,2.4391897,0.0,2.2388253,0.0,0.0,1.3049823,0.0,2.6729321,1.1574198,0.0,1.3014113,0.0
2.065823,1.5185156,4.75978,0.0,2.9976144,1.505399,0.0,0.0,1.9645452,2.9731104,0.0,0.0,2.1887014,0.0,0.0,0.75082844,0.0,0.0,0.0,1.3550451,0.0,0.24848512,0.15719756,0.03624185,0.0,0.0,0.21103781,1.452281,0.0,0.0,0.0,0.0,0.0,0.22455333,0.0,3.7276173,0.0,0.0,0.81317866,1.6596735,0.0,3.1100183,0.27926892,0.0,0.0,0.0,1.0844977,0.0,0.0,0.6459477,0.0,0.0,0.0,5.04223,0.0,0.0,0.0,1.1549407,0.0,0.0,0.0,0.0,2.100652,0.0
1.5868179,1.835385,0.1484976,2.067588,0.0,0.7026601,0.0,0.0,0.0,0.0,0.0,0.0,0.8115231,0.72688156,1.2280794,0.31287873,0.68130237,0.0,0.0,0.0,0.0,0.0,0.0,0.371953,3.7684758,0.6294605,0.56313664,0.57266647,0.0,0.0,0.0,3.2294674,0.0,0.973504,0.0,0.0,0.0,0.02864679,0.0,0.59081393,0.0,0.6937628,0.98683083,0.0,0.0,0.018032206,0.3773043,0.0,0.0,0.0,0.0,1.4761767,0.6872161,0.75472975,0.40290657,0.0,0.0,2.1770625,0.0,0.8178248,0.42465037,0.0,0.0,0.0
0.0,1.7165,0.21331474,0.0,0.0,2.288077,1.1889948,1.6854436,0.0,0.04328021,0.0,0.0,0.0,0.0,2.6513786,0.560463,0.0,0.0,1.4954658,0.0,0.521326,2.457939,0.0,3.3636577,4.0586524,0.0,2.5595562,0.0,0.0,0.0,0.0,0.004619973,0.0,0.0,1.0036849,0.0,0.0,0.0,0.0,2.4919674,0.0,1.5039011,0.13448393,0.0,0.0,0.0,0.6259221,0.0,0.0,0.0,0.0,0.64357626,0.039717644,0.053281482,0.9980717,0.0,0.0,0.0,0.0,0.7195662,2.1028183,0.0,1.2774761,0.0
0.0,0.0,0.0,2.9075732,3.4617035,3.0093343,0.0,0.0,4.8486986,3.2333007,0.0,0.0,5.0188365,0.0,0.0,0.0,4.1474285,0.0,1.6848596,0.0,1.5365943,4.3226056,0.0,6.9435267,1.192684,0.0,0.0,0.0,0.0,0.0,0.0,1.8728079,0.70621634,0.93683743,3.8884428,2.8919158,0.2767234,0.0,0.2942222,2.402681,0.0,2.7081687,0.0,0.0,0.9909138,0.0,1.7091755,0.0,0.0,3.199727,0.0,0.0,0.0,0.0,0.20439924,0.0,0.0,5.558588,0.0,0.58196855,5.653564,0.0,3.4069216,1.4253495
0.0,2.5102255,0.0,3.272615,0.8976541,1.3352255,0.19211675,0.0,0.0,0.0,0.0,0.9729744,2.955855,0.0,2.936778,0.0,2.00704,0.0,1.613521,0.0,0.0,0.8656013,0.0,1.3031905,0.0,0.0,0.0,1.0313385,0.0,0.0,0.0,2.1028643,0.0,2.3958502,0.0,0.94819003,1.0987711,0.0,0.035557147,1.0817028,0.0,1.5637811,1.6457609,0.0,0.0,0.0,0.0,0.0,0.0,0.0,0.0,0.0,2.2498133,0.0,1.8550676,0.0,0.0,2.762069,0.0,3.467473,1.362802,0.0,1.5542207,0.7237269
0.0,2.7672994,0.0,1.680616,0.0,1.2530787,0.28164864,0.08047882,0.0,0.0,0.0,0.0,0.6774683,0.0,1.8159573,0.17521684,2.1234167,0.0,1.466441,0.0,0.45482686,0.027346404,0.0,0.23551449,3.2575676,0.5112477,1.9140555,0.92538345,0.0,0.0,0.0,0.0,0.0,0.4367695,0.0,0.0,1.0601449,0.0,0.0,0.40331054,1.3878239,0.48677045,0.66181564,0.0,0.0,0.09934753,1.1135565,0.0,0.0,1.0020303,0.0,0.132195,0.8019345,0.0,2.2322717,0.0,0.0,1.6979156,0.0,2.0352066,0.0,0.0,0.34985912,0.0
1.241268,0.6397624,0.20898454,1.5286497,0.3239284,0.21230039,0.4980024,0.0,0.81633943,0.40484896,0.0,0.25272533,3.2112398,0.0,0.0,0.0,0.5231773,0.0,0.026932325,0.3817351,0.0,0.3914238,0.0,0.0,0.0,0.0,0.0,1.3026273,0.18571995,0.0,0.0,1.2359782,0.0,1.3019181,0.0,1.0012542,0.0,0.0,0.0,1.5984793,0.059780475,2.1218874,0.0,0.0,0.0,0.0,0.0,0.0,0.0,0.76853615,0.065752454,0.79502213,0.0,0.3662354,2.072379,0.0,0.0,0.51938957,0.0,0.0,0.0,0.0,1.7982057,0.019045621
0.0,0.0,2.5667944,0.0,5.30114,0.0,0.54515004,0.0,0.0,4.4622493,0.0,0.0,0.0,2.878095,0.0,0.42095837,0.0,0.0,0.0,0.0,0.0,2.4828563,1.777937,0.92824966,1.5260495,2.0580785,0.0,0.0,0.0,0.0,1.3968506,0.0,0.0,0.007582253,0.98746,1.1331875,0.0,0.0,0.0,0.21013707,0.0,0.0,1.0980657,0.0,2.6272743,0.0,0.0,0.0,0.0,0.0,0.0,3.1610723,0.022596192,0.55383986,0.0,0.0,0.0,0.80762756,0.0,0.0,0.16121584,0.0,0.0,0.0
2.2227323,2.2774572,3.3006923,0.0,3.257662,0.0,1.6042085,0.0,0.0,2.1083539,1.1017383,0.0,0.0,0.0,0.0,0.0,0.7626206,0.0,1.8879244,1.0379941,0.0,0.0,0.10955989,0.0,0.0,2.4669611,2.2785034,0.0,0.0,0.0,0.0,0.0,0.0,1.8352934,0.0,0.6548409,0.0,0.0,0.45275122,0.6892981,0.8960027,0.0,1.0471383,0.0,1.1060007,0.14100105,0.73118097,0.0,0.0,0.0,0.0,1.8248188,0.0,1.2868534,1.5828801,0.0,0.0,0.0,0.0,0.0,0.0,0.0,0.0,0.0
0.0,0.0,0.0,0.0,0.0,0.03330299,0.0,0.0,1.8690206,3.910353,0.0,0.0,0.13648699,3.3986003,0.43411735,1.344924,0.0,0.0,0.0,0.0,0.0,3.6065536,1.4966875,0.55750334,3.4729674,0.3531368,0.0,1.1975877,0.0,0.0,2.2710595,3.2040799,0.0,0.0,1.2353907,1.6242952,2.1018636,0.0,0.17004766,0.42829677,0.0,1.7240036,0.0,0.0,0.0,2.453678,0.34919357,0.081066005,0.0,0.0,0.0,0.0,0.1339795,0.0,0.0,0.0,0.0,0.0,0.0,0.0,0.0,0.0,0.0,0.0
0.0,0.0,0.0,1.1534346,0.22229467,0.13750911,0.10878571,0.0,0.8871181,1.1060599,0.0,0.0,2.6113486,0.0,2.1014905,0.0,1.4833686,0.0,1.7185515,0.0,0.0,0.0,0.0,1.6850246,1.5151875,0.0,0.0,0.17788148,0.0,0.0,0.0,3.3026009,0.0,1.3752776,0.27256325,0.843217,0.91347945,0.0,0.0,0.7139584,0.0,0.5073362,0.23240124,0.0,0.0,0.72831786,1.1878477,0.0,0.0,0.0,0.84443676,0.0,0.016273525,0.0,0.0,0.0,0.0,1.5005801,0.0,0.26432574,0.8211256,0.0,0.19293025,1.906853
0.0,0.9422497,0.0,1.493578,0.0,0.0,0.1890237,0.4199615,0.0,0.6037072,0.0,0.0,0.9056043,0.0,3.6145976,0.0,3.4814038,0.0,2.5519302,0.0,0.0,1.8929453,0.0,0.1717423,2.1669922,1.0526797,0.0,1.2840635,0.0,0.0,0.0,2.897523,0.0,0.12054199,0.56928134,0.0,3.2159066,0.0,0.0,1.7292615,0.0,0.0,0.0,0.0,0.0,0.36296844,0.13188714,0.0,0.0,0.0,0.0,0.0,1.4952458,0.0,0.0,0.0,0.0,0.20100799,0.0,1.6081861,0.0,0.0,1.2733725,0.24638711
0.0,0.0,0.0,2.8633354,1.0478741,1.1333556,1.0001404,0.82123274,1.3174576,2.2710147,0.0,0.0,2.9986117,0.017780997,2.7199419,0.0,2.9035068,0.0,0.52003914,0.0,0.18698926,2.5580935,0.0,0.0,0.0,0.0,0.0,0.0,0.0,0.0,0.0,3.1579027,0.0,1.1901522,1.6599687,1.5293453,3.2480202,0.0,0.0,0.020822154,0.0,2.553099,0.0,0.0,1.5564315,0.0,0.0,0.072683424,0.0,0.0,0.0,0.0,2.2426615,0.0,0.4505972,0.0,0.0,3.1821842,0.0,0.65529037,2.7473054,0.0,1.5702876,0.0
1.2657942,0.0,2.160814,0.3368643,2.0470746,0.0,0.0,0.0,0.0,1.6708664,0.0,0.0,0.0,3.296805,0.0,0.0,0.05454212,0.0,0.0,0.60217136,0.0,0.8434709,2.4694977,0.0,0.26283866,3.5303211,1.9245061,0.6570553,0.0,0.0,0.0,0.0,0.0,0.68005306,0.0,0.67755896,0.0,0.0,2.475013,0.77920705,0.0,0.19556236,2.4552035,0.0,0.0,0.119068824,0.0,1.5864838,0.0,0.0,0.0,3.8631434,0.0,3.6584616,0.0,0.0,0.0,0.22350483,0.0,0.0,0.0,0.0,0.0,0.0
0.0,2.714752,3.5137775,0.38374606,4.607561,2.0984159,0.0,0.0,4.1460114,6.81326,0.0,0.0,0.69424117,3.7551785,0.0,0.39453316,0.7442489,0.0,0.0,0.0,0.0,2.5358644,0.17504546,0.0,2.0128353,0.0,0.0,0.08110938,0.0,0.0,0.0,0.0,0.0,0.26457638,0.0,0.062363677,0.0,0.0,0.0,0.096980006,0.0,0.22890767,0.0,2.0806873,0.0,2.0682545,0.0,0.1984796,0.0,2.9881718,0.0,0.0,0.0,5.8251095,0.0,0.0,0.0,1.5830975,0.0,0.0,0.53728867,0.0,0.5416585,1.2353301
0.14272982,0.17890126,0.8604799,0.75877184,1.9394729,0.0,0.10237254,0.0,0.0,0.51632977,0.0,0.0,0.0,0.0,0.0,0.0,0.6073528,0.0,0.0,0.039748147,0.0,0.074806266,0.95926374,0.011481991,0.0,0.8482649,1.186023,0.0,0.0,0.0,0.0,0.0,0.0,1.6598426,0.0,1.7930468,0.0,0.0,0.9236037,0.5009098,0.0,0.0,1.1198493,0.0,0.72757286,0.0,0.0,0.0,0.0,0.50677747,0.0,0.8487705,0.72095764,0.40291694,0.0,0.0,0.0,0.0,0.0,0.0,0.0,0.0,1.1784971,0.0
0.0,0.0,0.023592692,1.8397274,3.98609,2.536431,0.0,0.0,4.3248916,4.076567,0.0,0.0,1.2962357,1.7174982,0.0,0.39292443,1.0988015,0.0,0.0,0.0,1.3513684,3.5384095,0.0,2.1709583,1.5576771,0.0,2.483886,0.0,0.0,0.0,0.0,0.0,0.0,0.017252889,3.3197331,2.083078,0.42692766,0.0,0.5333733,0.8508255,0.0,0.0,0.0,0.0,0.7491825,0.20270717,2.045972,0.0,0.0,3.671244,0.0,0.0,0.0,1.6175556,0.0,0.0,0.0,4.1340804,0.0,0.0,3.0200226,0.0,2.8564098,0.0
1.8381414,3.6468437,2.0292163,0.0,0.8475078,3.2168903,0.0,0.0,1.727457,1.5100025,0.0,0.0,0.0,1.5589935,0.0,1.1953868,0.0,0.0,0.199486,1.2368248,0.0,1.1706861,0.0,2.8323185,0.8514866,0.0045538056,3.1536372,0.099600494,0.0,0.0,0.0,0.0,0.0,0.0,0.0,0.0,0.0,0.0,0.0,4.3515935,0.0,1.6581389,1.1369505,0.0,0.0,0.35574302,0.9786444,0.0,0.0,0.9237651,0.0,1.0925145,0.0,5.170277,0.0,0.0,0.110507116,1.290054,0.0,0.0,0.0,0.0,0.3974314,0.0
0.07903999,1.531366,0.013204966,0.2573658,0.0,0.0,0.47138104,0.0,0.0,0.0,0.0,0.0,0.0,0.0,0.6879666,0.0,1.1145759,0.0,1.3652205,0.0,0.4853091,0.110517286,0.0,0.0,1.036797,2.0145636,2.466885,1.7655742,0.0,0.0,0.0,0.0,0.0,0.0,0.0,0.0,1.4482327,0.43907717,0.7518675,1.2509,0.8263026,0.0,0.0,0.0,0.0,0.09326022,0.0,0.0,0.0,0.38652167,0.0,0.32137528,0.3232406,0.0,2.685385,0.0,0.0,0.11305177,0.0,0.4858573,0.0,0.0,0.81276697,0.0
0.0,4.0586205,0.0,0.0,0.0,0.023976058,2.3369036,0.0,0.0,1.1087267,0.0,0.5966088,2.8478425,0.0,2.7576985,0.0,0.4570773,0.0,4.212271,0.0,0.0,0.0,0.6316766,8.593098,2.8407116,0.0,0.0,0.0,0.0,0.0,0.0,2.491202,0.0,1.8173062,2.0106745,0.0,0.0,0.0,0.0,0.0,0.0,0.0,2.0626183,0.0,0.0,2.0121477,0.0,0.0,1.6522894,1.4890716,0.0,0.0,0.0,0.0,0.0,0.0,0.0,0.0,0.0,0.0,0.067484856,0.0,2.4052463,1.9976677
0.8076505,1.1922247,0.0,0.18707195,0.1054898,0.62747353,0.0,0.0,1.9853361,0.7773964,0.0,0.0,0.6216341,0.82324016,0.0,0.0,0.0,0.0,0.0,0.0,0.0,2.0370727,0.0,2.547459,0.0,0.0,0.50399595,1.0284508,0.0038729343,0.0,0.0,0.0,0.0,0.0,0.0,1.7268302,0.0,0.0,1.3960706,2.0440855,0.0,1.7418845,0.0,0.0,0.0,0.0,0.0,0.0,0.0,1.6040154,0.0,1.032591,0.299912,0.35469976,0.044061452,0.0,0.09008558,0.053444218,0.0,0.0,0.15567578,0.0,1.3174448,0.0
0.3332543,2.1730661,0.2977862,0.95483303,0.029370178,1.3164105,1.2618833,0.0,0.0,0.0,0.44679907,0.0,1.3807794,0.0,0.0,0.0,1.3017763,0.0,0.9244481,0.007055693,0.0,0.0,0.0,0.10997523,0.0,0.19939795,0.99706674,2.574342,0.0,0.0,0.0,0.0,0.0,0.10983034,0.0,0.36986738,0.6665674,1.4128885,0.0,1.1927202,1.1614639,1.4561266,2.4055524,0.0,0.0,0.14330329,0.3795275,0.0,0.0,0.0,0.0,0.0,0.0,1.4348212,2.948835,0.0,0.0,1.5348728,0.0,0.0,0.0,0.0,1.1219746,0.0
0.0,1.7958654,0.0,0.6238747,0.8068025,0.16275759,2.817644,0.0,0.0,0.0,0.0,1.3515885,2.207111,0.0,3.24416,0.0,1.6653743,0.0,1.9106069,0.0,0.0,0.0,1.0573143,2.3480048,0.0063262307,0.0,0.0,0.0,0.0,0.0,0.0,2.020831,0.0,1.2720165,0.040187348,1.2676115,0.7449289,0.0,0.0,0.0,0.25952905,0.27908725,0.924717,0.0,0.0,0.0,0.0,0.0,0.0,0.0,0.0,0.0,1.0800048,0.0,2.0697346,0.0,0.0,0.3068227,0.0,1.3806028,1.2885255,0.0,1.2337321,0.73323554
0.0,0.032756954,0.0,0.44652104,0.0,0.6687103,0.0,0.022617543,0.6580233,0.70832264,0.0,0.0,0.3276212,0.0,0.6780067,0.0,0.39185438,0.0,0.42975995,0.0,0.2222467,1.5433614,0.0,0.8193584,1.0294394,0.0,1.1789912,0.17349213,0.0,0.0,0.0,0.4998303,0.0,0.0,0.88260204,0.24587159,0.4491782,0.0,0.0,2.2724092,0.0,0.89013964,0.0,0.0,0.0,0.0,0.3515408,0.0,0.0,0.35002196,0.0,0.0125298165,0.6762618,0.0,0.70683104,0.0,0.0,0.0,0.0,0.61891675,0.63722557,0.0,0.53088206,0.0
0.21915086,1.0795614,0.11179967,0.0,0.0,0.0,0.34638804,0.25708282,0.0,0.0,0.0,0.0,0.0,0.0,3.2729828,0.0,1.5228788,0.0,0.20497021,0.0,0.36060333,0.37307563,0.0,1.6677691,2.6904504,1.5580035,1.3564092,0.0,0.0,0.0,0.0,1.9145523,0.0,1.3313007,0.0,0.25252345,0.16623217,0.0,0.2790095,1.2773384,0.0,1.0360227,0.8555145,0.0,0.8760935,0.0,0.37421182,0.0,0.0,0.0,0.0,1.450838,1.1106346,0.0,0.8079358,0.0,0.0,0.16286486,0.0,1.6636416,1.0201412,0.0,0.0,0.0
0.0,0.059878413,0.0,0.0,0.5984035,1.1307148,1.2385983,0.6458255,0.61652046,0.6794812,0.0,0.0,1.0813029,0.0,2.9091456,0.0,1.2224977,0.0,2.139213,0.0,0.0,1.7036757,0.0,3.4821827,2.233174,0.0,0.0,0.0,0.0,0.0,0.0,2.558621,0.0,1.3368021,0.38477144,2.0467234,1.5473043,0.0,0.13784675,0.87089056,0.0,0.97680455,0.0,0.0,0.0,0.0,0.18707956,0.0,0.0,0.0,0.0,0.0,0.27711004,0.0,0.06337639,0.0,0.0,1.2834071,0.0,3.0428855,2.339189,0.0,0.0,0.0
1.7121124,2.1559372,0.0,0.66621906,0.0,0.33839226,0.0,0.0,0.0,0.0370014,0.0,0.0,0.0,0.7162859,0.0,0.46631178,0.0,0.0,0.0,0.06644176,0.0,0.0,0.7639311,0.9525818,1.6093842,2.2575874,0.86364996,1.5473533,0.090484746,0.0,0.0,0.0,0.0,0.0,0.0,0.0,0.0,0.0,0.0,0.7697546,0.0,0.61316794,1.3413641,0.0,0.0,0.0,0.0,0.0,0.0,0.0,0.0,0.7004118,0.0,1.368653,0.39148697,0.0,0.0,0.0,0.0,0.0,0.0,0.0,0.0,0.053275187
0.0,0.0,0.0,2.4022846,0.8459521,0.6111651,0.45590734,0.6637374,0.0,0.7817001,0.0,0.58004636,0.57557964,0.0,1.3706542,0.0,1.8310376,0.0,0.59831804,0.0,0.605546,2.4031973,0.0,0.19429475,1.0135174,0.0,1.1417274,0.0,0.0,0.0,0.0,0.05321709,0.0,0.058133863,1.311219,0.0,1.7811787,0.0,0.0,2.3848643,0.0,0.2565973,0.0,0.0,0.27795172,0.0,0.0,0.0,0.0,0.0,0.0,0.28408504,1.1985438,0.0,0.98003966,0.0,0.0,0.0,0.0,1.2169139,0.43225676,0.0,1.1957016,0.0
0.0,1.4804924,0.22068681,0.19917123,0.5072253,0.0,2.2005105,0.0,0.0,0.0,1.6673822,0.2554824,3.0131726,0.0,3.1307216,0.0,2.812529,0.0,3.7450397,0.0,0.0,0.0,0.0,0.6043767,0.0,0.20699549,0.0,2.045575,0.0,0.0,0.0,0.8155598,0.0,1.8636637,0.0,2.1751516,1.8456517,0.0,0.0,0.6781377,0.94675267,0.17869008,2.3459659,0.0,0.0,0.002883804,1.3132504,0.0,0.0,0.0,0.6969894,0.0,1.7390349,0.0,1.5879489,0.0,0.0,2.2365544,0.0,1.0221937,0.0,0.0,2.148998,0.4129261
0.0,0.0,1.1573524,0.0,1.6779293,0.0,0.7546682,0.0,0.44438767,1.316603,0.0,0.0,0.23382382,0.0,0.0,0.0,0.0,0.0,0.0,0.23877624,0.0,0.15489888,2.737237,1.3048505,0.0,0.65625644,0.0,0.0,0.0,0.0,0.0,0.14998229,0.0,1.4043556,0.0,3.199191,0.44095337,0.0,1.4280231,0.0,0.0,0.5134265,1.2118326,0.0,0.102375284,0.085324764,0.17709556,0.0,0.0,0.22738864,0.0,0.0,0.5049938,0.0,0.0,0.0,0.0,0.0,0.0,0.0,0.0,0.0,2.238778,0.0
0.6154295,0.0,1.9541258,0.0,2.0021148,0.0,0.5916923,0.0,0.0,1.5834944,0.0,0.0,0.0,0.0,0.04323945,1.2922224,0.0,0.0,0.0,0.0,0.24747933,2.2520182,0.0,0.23032542,0.66597605,1.5381726,2.547039,0.0,0.0,0.0,0.0,0.0,0.0,0.0,1.0373361,0.67958003,0.0,0.0,0.0,2.2575207,0.0,0.0,0.5694545,0.0,2.4775012,0.0,0.0,0.0,0.0,0.0,0.0,2.4473855,0.5537305,0.53799474,0.30296615,0.0,0.0,0.20544864,0.0,0.0,1.7458662,0.0,0.9343325,0.0
0.0,0.0,0.0,0.0,0.7658225,0.0,1.3753898,0.0,0.0,2.7225335,0.0,0.0,0.0,1.6125213,1.6709,2.0510156,0.0,0.0,0.08985686,0.0,0.52313083,1.4457386,0.0,2.4219453,2.9016397,0.06892568,0.0,0.0,0.0,0.0,0.7747569,0.6251825,0.0,0.109447,1.3153225,1.7426623,0.17082804,0.019785136,0.0,1.2994698,0.0,0.8993595,0.0,0.0,1.8604313,0.3184941,1.710219,0.0,0.0,0.0,0.0,0.0,0.8401918,0.0,0.0,0.0,0.5997412,0.0,0.0,0.0,2.9745948,0.0,0.20870301,0.0
0.15525024,0.089679904,0.39025235,1.4512438,0.96948665,0.3593065,0.06117574,0.0,0.0,0.42637953,0.0,0.0,1.5753431,0.0,0.0,0.0,0.28650633,0.0,0.0,0.07271337,0.0,0.0,0.6064704,0.0,0.0,0.20020552,0.12347598,1.4098414,0.0,0.0,0.0,0.0,0.0,1.934529,0.0,1.2424222,0.0,0.0,0.85479283,1.6674213,0.50582975,0.49892583,1.9833202,0.0,0.0,0.0,0.0,0.0,0.0,0.769221,0.0,0.8970966,0.0,1.0376354,1.5522621,0.0,0.0,0.0,0.0,0.0,0.0,0.0,1.2657181,0.0
1.8860242,4.515833,0.0,0.0,0.0,1.3560753,1.2262462,0.0,0.0,1.4299458,1.5485655,0.0,0.21338971,0.0,1.391052,2.3512812,0.0,0.0,2.0852845,0.0,0.0,0.0,1.7418694,4.202196,4.803102,1.625407,0.0,1.0415772,0.0,0.0,0.0,0.38039783,0.0,0.14087312,0.0,0.80988395,0.0,0.0,0.0,0.0,0.0,0.21462065,2.4216142,0.0,0.018866122,1.350963,1.4796003,0.0,1.0075725,0.0,0.0,0.07952411,0.0,0.8922944,0.0,0.0,0.0,0.0,0.0,0.0,0.6703655,0.0,0.0,0.67344785
2.1660187,1.693636,1.3207344,0.0,1.086191,0.0,0.0,0.0,0.0,2.8671484,0.0,0.0,0.0,2.2218337,0.15788937,0.16106021,0.4226119,0.0,0.0,0.5570109,0.0,0.0,1.5823505,0.0,2.9523182,2.9234493,0.0,0.0,0.0,0.0,1.0765624,2.611503,0.0,1.4809451,0.0,0.0,0.0,0.30859995,0.0,0.0,0.0,0.0,0.062751904,0.0,1.2230548,1.3384712,0.0,0.0,0.08105591,0.0,0.0,1.6234527,0.0,2.0006893,0.0,0.0,0.0,0.0,0.0,0.0,0.0,0.0,0.0,0.0
2.5465744,3.2676666,2.8085248,0.6201111,1.8144798,1.6408191,1.4966053,0.0,0.0,0.095636375,1.3488767,0.0,1.749716,0.0,0.060095854,0.0,0.1601,0.0,1.5157857,0.0,0.0,0.0,0.0,0.95058286,1.6830187,0.0,0.8837376,0.0,0.0,0.0,0.0,0.0,0.0,1.1100805,0.0,0.0,0.0,0.0,0.0,2.964383,1.304326,1.7086637,3.286248,0.0,0.0,0.0,2.1605868,0.0,0.0,0.0,0.0,1.2888234,0.0,2.0423875,1.0224996,0.0,0.0,1.0526525,0.0,0.0,0.45275262,0.0,0.20836519,0.0
0.1762845,0.7427753,1.7588025,0.0,2.5311227,0.0,0.0,0.0,1.0859151,5.532425,0.0,0.0,1.2155554,1.9073552,0.0,0.33172932,1.292316,0.0,0.0,0.0,0.0,0.3525184,1.4780823,0.78003883,2.647723,0.0,0.0,0.0,0.0,0.0,1.1350249,2.6910589,0.0,2.2074747,0.0,0.7714695,0.10637092,0.0,0.0,0.0,0.0,0.0,0.0,1.7525816,1.4871584,1.1784838,0.486854,0.0,0.15040271,0.43688482,0.86793846,0.0,0.0,0.0049595367,0.0,0.0,0.0,0.0,0.0,0.0,0.33668107,0.0,0.0,1.8972758
0.0,0.8728884,1.159405,0.7506061,2.1886113,0.9585004,2.5780146,0.0,0.5251551,1.1939846,1.081897,0.41669863,4.3101544,0.0,2.237647,0.0,3.676748,0.0,2.1096034,0.0,0.0,0.15755703,0.0,0.0,0.0,0.0,0.0,2.1253977,0.0,0.0,0.0,0.0,0.0,1.0527166,0.030393071,0.15999421,0.86402357,0.0,0.0,3.8018546,0.21511404,1.064931,0.0,0.0,0.0,0.0,0.45105574,0.0,0.0,0.00483953,0.0,0.0,0.0,0.0,1.8283511,0.0,0.0,0.08710087,0.86938757,1.305277,0.0,0.0,3.4000893,0.0
0.14253862,0.0,0.0,0.0,0.60732394,0.0,1.2006176,0.0,0.07487904,1.7978611,0.0,0.0,2.055453,0.0,2.7450912,0.0,1.8154775,0.0,0.9931643,0.0,0.0,0.0,0.21376556,0.91013926,1.8062361,0.0,0.0,0.0,0.0,0.0,0.0,3.2469063,0.0,2.0533385,0.0,1.533397,1.1547706,0.0,0.0,0.555111,0.0,0.46361384,0.0,0.0,0.2397848,0.4755766,1.7465175,0.0,0.0,0.0,0.9127385,0.0,1.3755908,0.0,0.0,0.0,0.0,1.6720065,0.0,0.55084497,1.282934,0.0,0.0,0.039097022
1.2366892,2.3387809,0.0,1.5341624,0.0,0.9512018,0.0,0.0,1.4461062,0.0,0.0,0.0,1.9951586,1.3905258,0.9615183,0.0,0.0,0.0,0.0,0.0,0.0,0.85507697,0.0,1.4961237,0.120970756,0.0,0.18510462,1.5951502,0.20917886,0.0,0.0,0.9228162,0.0,0.34608555,0.0,0.0,0.0,0.0,0.0,3.0349965,0.0,2.3918211,0.0,0.0,0.0,0.0,0.0,0.0,0.0,1.3424201,0.0,1.1549853,0.16012345,1.0797915,1.5778673,0.0,0.0,1.4677548,0.0,0.44170874,0.0,0.0,0.0,0.47029254
2.5393717,1.2344816,1.2084442,0.0,0.122938104,0.0,0.0,0.0,0.0,0.7287375,0.006147968,0.0,0.0,1.2296017,0.0,0.0,0.18606657,0.0,0.0,1.8442682,0.0,0.0,2.0576742,0.11783011,0.0,3.4836166,0.2591118,1.1615418,0.0,0.0,0.0,0.66325575,0.0,1.733154,0.0,2.00125,0.66116774,0.0,2.1082604,0.0,0.5948953,0.7791889,2.0979152,0.0,0.08253879,1.2736481,0.0,0.16841263,0.0,0.0,0.0,0.2156215,0.0,1.3499839,0.69411284,0.0,0.0,0.0,0.0,0.0,0.0,0.0,0.0,0.0
0.0,0.7198914,0.0,2.2242737,0.13072406,0.14623368,0.27006167,0.0,0.0,0.0,0.0,0.0,0.37466133,0.0,0.8715298,0.0,1.7224448,0.0,0.16371723,0.0,0.0,0.019060455,0.0,0.0,1.4985659,0.31573087,0.026371486,0.47314504,0.0,0.0,0.0,0.5801936,0.0,1.2562906,0.0,0.0,1.0413203,0.0,0.0,0.72618675,0.5981182,0.0,1.9042301,0.0,0.5140942,0.0,0.35950994,0.0,0.0,0.0,0.0,0.7986052,0.3993759,0.0,0.6661672,0.0,0.0,0.69555724,0.0,0.65585196,0.0,0.0,0.65963835,0.0
1.6413689,2.6653247,0.4504986,0.0,0.2183069,1.8037376,0.0,0.0,2.2335975,1.5276215,0.0,0.0,0.0,2.0102627,0.0,1.8116573,0.0,0.0,0.0,1.1422644,0.0,0.0,0.26782414,1.2368225,0.25446147,1.7100837,2.6079977,1.2425683,0.0,0.0,0.0,0.0,0.0,0.0,0.0,2.632978,0.0,0.0,0.9699266,0.9001045,0.0,1.0746164,0.1534804,0.0,0.0,0.750979,0.73717755,1.5717874,0.0,0.92852277,0.0,1.2707677,0.0,4.1329956,0.0,0.0,0.0,1.0109388,0.0,0.0,0.24831328,0.7469371,0.0,0.0
0.7703779,0.37341055,0.95014995,0.0,1.3493313,0.5263624,0.0,0.0,0.15273546,0.6795497,0.0,0.0,0.0,0.09545905,0.0,1.1921089,0.0,0.0,0.0,0.7045559,0.0,1.1824561,0.0,0.19510607,0.0,2.0139513,3.0984657,0.24360658,0.0,0.0,0.0,0.0,0.0,0.0,0.19258249,1.8109752,0.1217537,0.0,1.520398,2.4745185,0.0,0.27772427,0.07119055,0.0,0.0,0.0,0.0,0.06785247,0.0,0.13310252,0.0,1.468633,0.0,1.5110602,0.9133162,0.0,0.0,0.0,0.0,0.0,0.03958287,0.0,0.7363479,0.0
0.0,0.9090506,0.0,0.0,0.0,0.42940876,1.0911618,0.0,0.0,0.35935688,0.17864276,0.0,2.757423,0.0,3.811896,0.0,1.8620594,0.0,2.0190592,0.0,0.0,0.4891254,0.0,0.23667388,0.86237323,0.35679406,0.0,1.3591841,0.0,0.0,0.0,2.877767,0.0,0.34025043,0.0,0.68657714,1.2803609,0.0,0.0,1.8753933,0.0,3.2667341,0.0,0.0,0.0,0.0,0.6392394,0.0,0.0,0.0,0.0,0.0,0.63969076,0.15442422,0.91304123,0.0,0.0,2.3707676,0.0,1.5771562,0.8471373,0.017601766,0.0,0.30865502
0.23491429,0.0,0.0,1.9895252,0.0,3.1661832,0.0,0.087039664,4.7281613,3.3186584,0.0,0.0,3.7125747,0.0,0.10918949,0.0,0.9422701,0.0,1.2284421,0.0,0.0,3.443962,0.0,2.6562803,3.63294,0.0,0.0,2.6650763,0.0,0.0,0.0,1.2980239,0.0,0.0,0.4025143,0.0,0.9185231,0.0,0.0,4.8664536,0.0,3.9877074,0.0,0.0,0.0,0.22791721,1.4950904,0.0,0.0,2.7416232,0.0,0.0,0.0,0.12001134,0.6493739,0.0,0.0,2.4341426,0.0,0.0,0.48270777,0.0,0.541732,0.5310948
0.0,1.5747195,0.76310176,0.07663473,0.99023217,1.3359332,2.4173288,0.0,0.18254337,0.75990635,0.40649986,0.39463305,3.1889539,0.0,0.8193994,0.0,0.33916107,0.0,1.8215653,0.0,0.0,0.0,0.05940229,3.8954074,0.0,0.0,0.0,0.32097962,0.0,0.0,0.0,0.6648491,0.0,1.1021643,0.3932527,1.3748236,0.0,0.0,0.0,0.9675105,0.0,1.305186,0.9714633,0.0,0.0,0.0,0.0,0.0,1.0517641,0.25852817,0.0,0.0,0.0,0.0,1.2918837,0.0,0.0,0.0,0.0,0.0,2.5069084,0.0,2.3608754,0.24675238
1.136658,0.7753174,0.938219,0.0,1.0176278,0.0,0.4888761,0.0,0.0,1.868257,0.0,0.0,0.0,0.32432932,1.2202916,0.20516898,0.9743034,0.0,0.1645501,0.0,0.0,0.0,1.6262338,0.0,2.4245722,1.5736915,0.0,0.012791884,0.0,0.0,0.41508773,3.019435,0.0,2.2493172,0.0,0.40567276,0.6869681,0.32133734,0.0,0.0,0.0,0.0,1.4067928,0.0,0.9687425,0.99067867,0.20092337,0.0,0.0,0.0,0.51356614,0.8358662,0.16920273,0.16203913,0.0,0.0,0.0,0.20945676,0.0,0.0,0.0,0.0,0.0,0.0
0.0,1.4508747,0.013825303,0.4549791,0.5980837,0.0,1.3160563,0.0,0.0,0.0,0.6981029,0.009002698,2.5421414,0.0,0.7382439,0.0,1.6408225,0.0,2.8071103,0.14637995,0.0,0.0,0.0,0.0,0.0,1.6648182,0.98136485,2.9056344,0.0,0.0,0.0,0.0,0.0,1.03915,0.0,1.4746411,2.4252663,0.0,0.32899347,1.5997671,0.912098,0.14294559,0.20094508,0.0,0.0,0.0,0.13671272,0.0,0.0,0.94722307,0.30545005,0.0,0.6266859,0.0,3.0961869,0.0,0.0,0.2039777,0.0,0.37938938,0.0,0.0,2.5338488,0.0
0.0,0.7954919,0.0,0.8353524,0.0,2.5760615,0.0,0.0,0.0,0.0,0.0,0.0,0.6731265,0.6624952,0.28470448,0.4254725,0.07930199,0.0,0.48047888,0.0,0.15739276,0.77641296,0.0,1.0766729,2.29125,0.0,0.8485347,0.76990163,0.0,0.0,0.0,1.7105894,0.0,0.0,0.0,0.79449266,0.0,0.0,0.0,0.23862214,0.0,1.257269,0.8649976,0.0,0.0,0.0,0.605533,0.0,0.0,0.0,0.0,0.027920056,0.27382764,0.52706957,1.3347911,0.0,0.0,2.6889045,0.0,1.7729354,1.1925817,0.21978092,0.0,0.0
0.08473213,0.0,0.336875,0.46837273,2.0184577,0.0,0.6507842,0.0,0.0,1.8788967,0.0,0.0,0.16885258,0.9630781,0.5140018,0.0,0.8455087,0.0,0.0,0.0,0.080249324,0.91490966,1.8556039,0.057308737,0.9804136,0.6170298,0.0,0.0,0.0,0.0,0.04034148,1.2066445,0.0,2.156831,0.0,1.0843791,0.59388685,0.0,0.18034695,0.0,0.0,0.0,1.6376059,0.0,1.2235011,0.0,0.0,0.0,0.0,0.0,0.17256464,1.4326162,0.0,0.0,0.0,0.0,0.0,0.24108408,0.0,0.39189434,0.0,0.0,0.0,0.0
0.0,1.0712839,0.0,0.43165666,0.61025405,0.0,1.8929163,0.15014426,0.0,0.0,0.0,0.0,0.0,0.0,2.7460823,0.0,1.7060806,0.0,1.3739929,0.0,0.6203938,0.35231802,0.0,0.0,1.4972887,0.89297813,1.3857074,0.0,0.0,0.0,0.0,0.9050271,0.0,1.6185474,0.0,0.2193204,1.6921215,0.0,0.12885228,0.015803926,0.0,0.9894948,1.260992,0.0,0.61871284,0.0,0.06299116,0.0,0.0,0.0,0.0,0.53231734,1.119036,0.0,1.2401996,0.0,0.0,0.15957858,0.0,1.3069441,0.5251914,0.0,0.5965699,0.0
0.1564293,2.585381,0.0,1.4670682,0.0,2.920789,0.0,0.0,0.9556832,0.0,0.0,0.0,0.0,0.70186067,0.0,0.7021728,0.0,0.0,0.09124631,0.0,0.0,0.46207362,0.0,2.9216413,1.7658894,0.09833745,0.0,3.06952,0.0,0.0,0.0,1.912916,0.0,0.3585558,0.0,0.3914715,0.0,0.0,0.070735626,1.3481287,0.0,0.609425,2.842122,0.0,0.0,0.24195106,0.0,0.0,0.0,0.0,0.0,0.5550001,0.0,0.024264863,0.99608046,0.0,0.0,2.3250625,0.0,2.2637537,0.42385107,0.0,0.0,0.5233337
0.0,0.8862106,0.0,1.3111696,0.0,0.0,0.59789276,0.0,0.0,0.0,0.0,0.097868435,1.6220969,0.0,1.9621775,0.0,2.3900034,0.0,1.8487452,0.0,0.2414314,0.34002355,0.0,0.0,0.0,0.7303884,0.022542652,1.8796016,0.0,0.0,0.0,0.85729253,0.0,0.84916925,0.29130313,0.0,1.996255,0.0,0.0,1.9029233,0.5106011,0.33202243,0.1868396,0.0,0.0,0.14023775,0.0,0.0,0.0,0.0,0.0,0.0,1.207521,0.0,2.2560415,0.0,0.0,0.42359313,0.0,1.0026851,0.0,0.0,2.2843757,0.0
1.9783777,1.8308084,0.16344866,0.0,0.74298054,1.6528351,0.0,0.0,0.6025877,1.0251153,0.0,0.0,0.0,1.7907639,0.0,2.5943997,0.0,0.0,0.0,0.3438347,0.0,0.0,0.918516,1.4125803,1.6554408,2.5280406,3.4770765,1.197468,0.0,0.0,0.0,0.0,0.0,0.0,0.0,0.42911032,0.0,0.0,0.0,1.8216461,0.010378398,0.0,1.4305166,0.0,0.0,0.42702752,0.0,1.7770352,0.0,0.28187078,0.0,2.3279603,0.0,4.3762927,0.0,0.0,0.0,0.5325301,0.0,0.0,0.61134124,0.0,0.0,0.0
1.5792463,0.6433751,0.29507416,0.7951016,0.11430585,0.0,0.0,0.0,0.0,0.0,0.0,0.0,0.0,0.9161815,0.0,0.0,0.46971682,0.0,0.0,0.9785239,0.0,0.0,1.9810661,0.23666306,0.0,3.658939,1.1174959,2.457107,0.0,0.0,0.0,0.6238903,0.0,1.6125687,0.0,0.7448827,0.713745,0.0,1.9065648,0.12648585,0.43996817,0.0,3.0443583,0.0,0.004025794,0.9878245,0.0,0.70305145,0.0,0.0,0.0,1.0662131,0.0,1.2136078,0.7687429,0.0,0.0,0.0,0.0,0.0,0.0,0.0,0.0,0.0
0.25962383,1.3158772,0.0,1.0907098,0.0,1.0483229,0.22222383,0.0,0.0,0.0,0.12719986,0.0,1.2578019,0.0,0.5118458,0.0,0.81871945,0.0,0.021339322,0.0,0.10027587,0.012240474,0.0,0.2519146,0.21871892,0.14691575,0.97578776,1.1208165,0.0,0.0,0.0,0.0,0.0,0.1821916,0.0,0.15268531,0.49091673,0.26431948,0.03296064,1.1918528,0.060297545,1.9952178,0.8707384,0.0,0.0,0.0,0.3782713,0.0,0.0,0.0,0.0,0.0,0.46523505,0.2876925,2.1582088,0.0,0.0,1.2757924,0.0,0.7442987,0.47713378,0.0,0.0,0.0
0.19099313,1.5352634,0.5159548,0.0,1.1604049,1.8798951,0.0,0.0,2.9132102,0.92001796,0.0,0.0,0.12543309,0.7876819,0.0,0.65858275,0.0,0.0,0.0,0.10244952,0.0,2.4009466,0.0,1.9672291,0.0,0.50575775,2.714835,0.6210731,0.0,0.0,0.0,0.0,0.0,0.0,0.08616884,3.3198054,0.0,0.0,2.4418635,1.6834178,0.0,1.1703333,0.10698444,0.0,0.0,0.0,1.1895446,0.0,0.0,0.8003949,0.0,0.05772954,0.0,1.2023411,1.4285562,0.0,0.0,1.347046,0.0,0.0,0.8863661,0.0,1.0838957,0.0
0.015931576,0.0,1.6340166,0.73537654,0.7290765,0.43727773,0.0,0.0,0.0,1.8754774,0.0,0.0,0.68957114,0.22203054,0.0,0.0,0.44396544,0.0,0.0,0.29183307,0.0,2.2874253,0.0,0.0,0.0,0.0,0.0,0.06890938,0.0,0.0,0.5234743,1.0572561,0.0,0.30027443,0.13476273,0.594802,0.6194769,0.0,0.697705,0.0,0.0,1.5828459,0.54615,0.0,0.0,0.38008252,0.0,1.1148669,0.0,0.0,0.0,0.2952525,0.31125596,1.4374135,0.0,0.0,0.0,1.1700746,0.0,0.0,0.0,0.0,1.6516646,0.0
0.0,0.9408226,0.0,1.2617446,0.59034204,1.1667418,1.1340399,0.2663141,0.0,0.0,0.0,0.12100612,1.6921812,0.0,0.7941832,0.0,1.6558235,0.0,0.6491304,0.0,0.21397796,0.0,0.0,0.0,0.47065023,0.20857167,0.9336324,0.80205953,0.0,0.0,0.0,0.0,0.0,0.0,0.44309753,0.0,0.9921253,0.2095809,0.0,1.4536378,1.1873741,0.9908694,0.19470654,0.0,0.0,0.0,0.3975158,0.0,0.0,0.46437573,0.0,0.0,0.4445144,0.20323378,2.3817637,0.0,0.0,0.116718024,0.0,0.0,0.0,0.0,0.9781911,0.0
0.0,0.05137735,3.3085287,0.11510777,4.9961057,0.0,0.0,0.0,0.0,3.8984642,0.0,0.0,0.0,2.1214838,0.0,0.0005585926,0.0,0.0,0.0,0.0,0.0,0.6886933,2.8716426,0.9381156,0.0,1.4768509,0.0,0.0,0.0,0.0,0.56300485,0.35252538,0.0,2.161051,0.0,2.3100216,0.0,0.0,1.7088497,0.0,0.0,0.0,2.6416209,0.35388297,0.63578093,0.0,0.0,0.0,0.0,0.0,0.0,3.1771212,0.0,1.5727856,0.0,0.0,0.0,0.0,0.0,0.0,0.0,0.0,0.08884361,0.0
0.0,0.0,1.2258143,0.0,0.0,0.5451384,0.0,0.0,0.0,3.5399127,0.0,0.0,0.6358311,0.0,0.0,2.726413,0.0,0.0,0.0,0.6788726,0.0,3.200954,0.0,0.0,2.7959123,0.30701345,0.8376951,1.5755186,0.0,0.0,1.5061095,3.0131762,0.0,0.0,0.8722123,0.11745846,2.002438,0.0,0.0,0.0051326863,0.0,1.5301958,0.0,0.0,0.53838634,3.530297,0.895694,0.0,0.8606467,0.0,0.0,0.0,0.32807755,0.9509654,0.0,0.0,0.0,0.0,0.0,0.0,0.0,0.0,0.08022798,0.0
0.0,1.3277833,0.0,0.47228613,0.4640526,0.0,1.902617,0.0,0.0,0.0,0.7612328,0.10127486,3.0988839,0.0,3.4291885,0.0,2.6478598,0.0,2.821377,0.0,0.0,0.0,0.0,0.0,0.0,0.55318165,0.0,1.9211911,0.0,0.0,0.0,1.8058125,0.0,2.4143932,0.0,1.5881453,2.651927,0.0,0.0,1.1862342,0.0,1.875534,0.24663003,0.0,0.0,0.0,0.50146025,0.0,0.0,0.0,0.6036629,0.0,1.4572612,0.0,2.1186993,0.0,0.0,2.1039066,0.1160432,2.0894566,0.0,0.0,1.8251585,0.1390186
0.7741001,0.0,1.1211829,0.78486544,1.8463987,0.0,0.0,0.0,0.0,0.8077475,0.0,0.0,0.0,0.63593936,0.0,0.19693506,0.0,0.0,0.0,0.0,0.0,0.66351306,1.3617616,0.013193297,0.03245158,2.1493077,1.6683732,0.0,0.0,0.0,0.0,0.0,0.0,0.7287927,0.0,0.5957022,0.0,0.0,0.35846445,1.1279343,0.571953,0.0,1.3205055,0.0,1.5415256,0.0,0.0,0.0,0.0,0.0,0.0,2.5843575,0.44529325,0.0051022777,0.71232164,0.0,0.0,0.40190285,0.0,0.0,0.0,0.0,0.0,0.0
0.7630997,1.1404163,0.0,2.0703433,0.0,0.60670847,0.0,0.0,1.5262421,0.9815385,0.0,0.0,2.1495054,0.7791012,0.71187866,0.040230185,0.41556743,0.0,0.2105672,0.0,0.0,2.3542957,0.0,1.31912,2.0098116,0.0,0.051030766,1.2781804,0.5161172,0.0,0.06446094,2.254077,0.0,0.0,0.2521692,0.0,0.1525007,0.0,0.0,2.984679,0.0,1.4054621,0.0,0.0,0.0,0.6779115,0.30539972,0.0,0.0,1.5256852,0.0,0.60407805,0.0,0.20482042,0.09086234,0.0,0.0,0.85701877,0.0,0.36180714,0.0,0.0,0.123639144,0.92046195
0.0,2.6018238,0.0,0.0,1.488347,0.1737644,4.4462457,0.0,0.0,0.0,0.19280353,0.0,0.0,0.0,3.3872032,2.0857232,0.04754938,0.0,2.801119,0.0,0.21752657,0.0,0.54766154,3.0206506,4.5658526,0.30226174,2.6613376,0.0,0.0,0.0,0.35829294,2.53564,0.0,1.242706,0.66778326,1.5764227,1.3518617,1.4000647,0.0,0.0,0.0,0.0,0.86987317,0.0,1.878673,2.7038383,0.5264639,0.0,0.0,0.0,0.0,0.0,1.3886049,0.0,1.7265621,0.0,0.0,0.0,0.0,1.4051113,0.6461679,0.0,0.3075948,0.0
2.4834785,0.6015534,1.4223878,0.0,0.68336535,0.0,0.0,0.0,0.0,0.93467915,0.0,0.0,0.0,0.53881454,0.0,1.0812341,0.0,0.0,0.0,1.2541,0.0,0.0,1.7073867,0.0,1.264936,2.1045713,1.2525992,0.0,0.0,0.0,0.6384677,1.6718595,0.0,0.9141176,0.0,0.60181004,0.32509372,0.1782231,0.71552044,0.0,0.0,0.0,1.5037386,0.0,0.17644863,2.409186,0.18581484,0.563339,0.0,0.0,0.0,1.7569311,0.0,2.5556028,0.0,0.0,0.0,0.0,0.0,0.0,0.0,0.0,0.0,0.0
0.0,0.0,0.0,0.2005575,0.38659716,0.75818413,1.4040289,0.77947897,0.0,2.1755602,0.0,0.0,2.330428,0.0,3.1737285,0.0,3.862422,0.0,2.3352041,0.0,0.0,2.7659705,0.0,3.3333702,2.574962,0.0,0.0,0.0,0.0,0.0,0.0,3.4775019,0.0,0.0,1.977122,0.6665851,2.835818,0.0,0.0,1.1096984,0.0,1.2861239,0.0,0.0,0.12603526,0.0,0.28198135,0.0,0.0,0.0,0.0,0.0,0.89948076,0.0,0.0,0.0,0.0,2.2114832,0.0,2.003713,2.8454065,0.0,1.1985677,0.11818958
0.34558514,0.0,2.683228,0.32570058,3.6764526,0.0,1.1909443,0.0,0.78030944,3.2127383,0.0,0.0,2.7291434,0.0,0.0,0.0,1.1047015,0.0,0.39378813,0.0,0.0,1.0514474,0.05905204,0.0,0.0,0.0,0.0,0.0,0.0,0.0,0.0,0.78701836,0.0,2.2641919,0.0,1.9144849,0.0,0.0,0.6100866,0.0,0.0,0.25791076,0.3881758,0.0,0.0,0.0,1.1902496,0.0,0.0,1.3005137,0.15230615,0.0,0.0,0.29016274,0.0,0.0,0.0,0.95444334,0.0,0.0,1.0633783,0.0,1.9098976,0.0
0.0,0.0,1.3788409,0.0,1.6073064,3.3862224,1.5238893,0.2234186,0.0,0.22159699,0.17138636,0.0,0.7511968,0.0,0.0,1.0256052,2.5133498,0.0,1.0498735,0.0,1.5847944,3.6146848,0.0,0.98332065,1.700702,0.0,4.4369254,0.0,0.0,0.0,0.0,0.0,0.0,0.0,1.5868485,0.5774481,0.0,0.0,0.81075644,2.6963797,0.0,1.7862353,0.25035796,0.0,0.6025866,0.0,1.0854676,0.0,0.0,0.0,0.0,0.12268567,0.25158465,1.7111961,2.314629,0.0,0.0,3.635553,0.0,0.90928704,2.043619,0.0,1.9070835,0.0
0.0,0.0,2.5495272,0.92237365,2.0724742,0.0,0.119495295,0.0,0.0,2.966355,0.0,0.0,0.0,0.88559055,0.0,0.061359093,0.0,0.0,0.0,0.0,0.0,0.0,2.32965,0.21908371,0.0,0.69703436,0.0,0.22945939,0.0,0.0,1.2862127,0.0,0.0,1.8498182,0.0,2.687285,0.4074206,0.0,0.5399758,0.0,0.13274929,0.0,2.8977034,0.0,0.0,0.31474784,0.0,0.0,0.0,0.0,0.0,0.65000767,0.0,1.4807469,0.0,0.0,0.0,0.0,0.0,0.0,0.0,0.0,1.2684261,0.0
0.0,0.0,0.61724716,1.222625,2.617269,0.15141974,0.87073326,0.0,0.0,2.753429,0.0,0.0,0.0,0.022925358,0.45963392,0.61669797,1.8484651,0.0,0.0,0.0,0.0,0.6080559,0.0,0.0,2.8055944,0.396075,1.1862463,0.0,0.0,0.0,0.05797665,1.7353929,0.0,0.5014159,1.105928,0.0,0.9885361,0.0,0.0,0.0,0.0,0.0,0.7111476,0.0,2.3099349,0.0,0.0,0.0,0.0,0.0,0.0,2.0193572,0.9407089,0.0,0.0,0.0,0.0,1.2515966,0.0,0.8636397,1.23909,0.299251,0.0,0.0
1.6829268,2.520842,0.0,0.0,0.0,1.2298198,0.0,0.0,0.9754035,1.5899069,0.2413099,0.0,1.3428152,0.69755834,1.3396852,0.08763928,0.0,0.0,0.8322928,0.16423655,0.0,0.0,0.58616465,1.8198309,2.208795,1.2652982,0.0,0.99245435,0.6352686,0.0,0.0,0.9245108,0.0,0.18581851,0.0,1.1153715,0.0,0.0,0.2537566,1.1605418,0.0,2.1299245,0.0,0.0,0.0,0.0,1.4263289,0.0,0.8130922,0.0,0.0,0.0,0.0,0.0,0.0,0.0,0.0,0.0,0.0,0.0,0.14625654,0.0,0.0,0.50345886
1.3218921,1.7413455,0.7439487,0.0,0.45275357,0.56949824,1.4054098,0.0,0.0,0.0,0.0,0.0,0.7592279,0.0,0.0,0.0,0.50181323,0.0,1.5112975,0.92843896,0.16354236,0.08002407,0.0,0.0,0.0,2.518537,3.5162008,1.025716,0.0,0.0,0.0,0.0,0.0,0.68896407,0.0,1.2627616,1.1268107,0.30543882,1.1313876,2.2215462,0.84255534,1.6441667,0.0,0.0,0.0,0.0,0.56723124,0.0,0.0,0.067730084,0.0,0.49982125,0.0,0.94039625,3.5054867,0.0,0.0,0.24406096,0.0,0.0,0.0,0.0,0.37633976,0.0
0.16909067,0.63844293,1.7009286,0.0,0.54781127,6.411868,0.0,0.0,2.538987,1.6994531,0.0,0.0,1.5969913,2.4193282,0.0,1.7883792,0.0,0.0,0.0,0.0,0.0,2.5369928,0.0,2.4903526,2.4363072,0.0,3.119406,1.1914077,0.0,0.0,0.0,0.0,0.0,0.0,0.0,1.4087144,0.0,0.5978927,0.0,2.7457175,0.0,4.0359564,0.22500107,0.0,0.0,0.0,0.58170813,0.0,0.0,0.34032902,0.0,0.20970617,0.0,4.701244,2.2526405,0.0,0.0,4.876403,0.0,0.0,2.0136235,0.0,1.3255984,0.0
0.0,1.3460398,0.0,2.218211,0.0,0.0,0.83825773,0.0,0.0,0.0,0.0,0.0,1.8947222,0.0,1.7142903,0.0,2.8022604,0.0,2.2403476,0.0,0.0,0.0,0.0,0.0,0.7374674,0.16001737,0.23247169,0.9427986,0.0,0.0,0.0,1.1380653,0.0,0.83956695,0.0,0.0,2.1918828,0.0,0.0,0.77613777,0.81034875,0.11106382,0.23019373,0.0,0.0,0.01715451,0.0038885344,0.0,0.0,0.7786442,0.0,0.0,1.4809736,0.0,1.9361784,0.0,0.0,0.7354924,0.0,0.69202095,0.0,0.0,1.6719853,0.40064612
1.0978003,1.3087479,0.23941667,1.7219841,0.6262589,0.0,0.5950709,0.0,0.17663255,0.9995385,0.0,0.40478358,2.2082403,0.0,1.0216652,0.0,0.7907425,0.0,0.07470119,0.0,0.0,0.0030600792,0.26827562,0.0,1.4226667,0.0,0.0,0.43170244,0.39425513,0.0,0.0655639,1.7599761,0.0,1.5666137,0.0,0.0,0.0,0.0,0.0,0.9524708,0.0,0.5662511,0.28924984,0.0,0.0,0.0,0.53994817,0.0,0.0,0.044354685,0.753031,0.82843095,0.0,0.0,0.0,0.0,0.0,0.045844387,0.0,0.0,0.0,0.0,0.03895518,0.5562608
0.31089404,1.3340356,2.0236676,0.0,2.1547668,0.0,0.0,0.0,0.0,3.2179909,0.0,0.0,0.0,2.508593,0.0,0.0,0.0,0.0,0.0,1.2679064,0.0,0.0,3.1952689,1.2526686,0.44159585,2.8471293,0.0,0.0,0.0,0.0,1.1727574,0.20407914,0.0,1.4571077,0.0,1.4609387,0.0,0.0,0.14946617,0.0,0.0,0.0,1.7143104,0.5627282,0.88462263,1.8750815,0.0,0.0,0.0,0.0,0.0,1.4180964,0.0,2.0698352,0.0,0.0,0.0,0.0,0.0,0.0,0.0,0.0,0.0,0.1839821
0.0,1.0137664,0.0,0.48527005,0.0,0.5460378,0.014863316,0.3197555,0.0,0.0,0.0,0.0,0.07674317,0.0,3.6904027,0.0,2.2540462,0.0,1.6751322,0.0,0.45022395,1.6404513,0.0,1.0057586,2.3363047,1.0207863,0.29673034,1.0419134,0.0,0.0,0.0,2.2036343,0.0,0.0,0.0,0.0,1.9535815,0.0,0.0,1.5676538,0.0,1.6391872,0.0,0.0,0.0,0.0,0.706072,0.0,0.0,0.0,0.0,0.0,1.3105214,0.0,0.75651914,0.0,0.0,1.4403985,0.0,3.0076194,1.5281724,0.0,0.17834112,0.0
0.0,2.9041321,0.0,2.5163808,2.5088952,1.7003645,2.590952,0.021181434,0.0,0.0,0.0,0.4422149,3.772993,0.0,3.5306504,0.0,3.6094992,0.0,2.6783156,0.0,0.1699688,0.0,0.0,0.23131728,0.0,0.0,1.5941447,0.0,0.0,0.0,0.0,0.0,0.0,2.2707736,0.044411235,0.0,0.8507756,0.0,0.0,2.7283008,1.6995956,1.2689792,0.8282992,0.0,0.0,0.0,0.13157144,0.0,0.0,0.6408212,0.0,0.0,2.747206,0.0,3.4661634,0.0,0.0,1.3908985,0.0,2.0104043,1.0290505,0.0,2.3177693,0.0
0.0,0.91208494,0.0,0.0,1.5618116,2.3637817,1.4730152,0.0,0.793823,0.0,0.0,0.0,1.4887365,0.0,1.9616603,0.0,0.34933844,0.0,1.332188,0.0,1.2125585,2.107508,0.0,3.8776703,0.9580561,0.0,0.35132098,0.0,0.0,0.0,0.0,0.89547735,0.0,0.6289567,0.169945,2.90562,0.0,0.0,0.32183215,1.9541401,0.0,2.1895344,1.001983,0.0,0.24433647,0.0,1.4429159,0.0,0.0,0.0,0.0,0.0,0.60884315,0.0,1.9355108,0.0,0.0,1.5348864,0.0,2.77718,4.639375,0.0,0.7481455,0.0
1.6343299,0.0,2.4422417,0.42515573,1.5879946,0.0,0.0,0.0,0.0,1.2998775,0.0,0.0,0.0,1.1970323,0.0,0.0,0.419846,0.0,0.0,0.41179785,0.0,0.0,1.7787158,0.0,1.4114872,1.9050652,0.9548871,0.0,0.0,0.0,0.0,1.1482995,0.0,2.0829206,0.0,0.15806541,0.0,0.0,1.3906618,0.0,0.96020204,0.0,3.0061138,0.0,0.0,0.28540608,0.0,0.9621562,0.0,0.0,0.0,3.0465791,0.0,2.52623,0.1388677,0.0,0.0,1.039776,0.0,0.0,0.0,0.0,0.0,0.0
0.0,0.9064356,0.0,1.8481755,1.5496606,1.0473534,0.73302674,0.0,0.13110842,0.08024591,0.0,0.44656563,1.8748394,0.0,0.89234936,0.0,1.2480484,0.0,0.667674,0.0,0.21197169,0.23776114,0.0,0.0,0.0,0.0,1.2727417,0.0,0.0,0.0,0.0,0.0,0.0,1.3677545,0.0,0.3433257,0.5177317,0.0,0.0,1.4089085,0.7019572,1.2784208,0.0,0.0,0.0,0.0,0.4857989,0.0,0.0,0.71887463,0.0,0.46995065,1.3657588,0.0,2.3983397,0.0,0.0,1.1691254,0.0,0.8322712,0.2919515,0.0,1.0357112,0.0
1.0096123,0.82604146,0.0,1.6041107,0.0,0.341977,0.0,0.0,1.6447077,1.0375803,0.0,0.0,1.8861699,1.3851284,0.98046637,0.0,0.25476855,0.0,0.0,0.0,0.0,1.7683903,0.09366714,0.85386693,1.7331668,0.12271546,0.0,1.0014073,0.5111852,0.0,0.0,2.8688846,0.0,0.5940906,0.04526601,0.0,0.45408562,0.0,0.039471712,1.8767592,0.0,1.606608,0.0,0.0,0.0,0.20845063,0.0,0.0,0.0,0.70388293,0.0,0.4282711,0.0,0.0,0.0,0.0,0.0,0.46500823,0.0,0.13530652,0.0,0.0,0.0,0.754089
1.9842503,0.83291847,1.3451349,0.0,0.0039762366,0.82849693,0.8483178,0.0,0.83064884,0.97409594,1.0394553,0.0,3.3799207,0.0,0.51110727,0.0,0.0,0.0,0.4872561,0.4195476,0.0,0.0,0.08427376,0.0,0.0,0.0,0.0,0.66248643,0.0,0.0,0.0,0.049854737,0.0,0.37539518,0.0,1.4657592,0.0,0.0,0.0,2.408953,0.0,3.5017505,0.62143284,0.0,0.0,0.0,2.0526083,0.0,0.0,0.0,0.0,0.0,0.0,1.2068417,2.0286903,0.0,0.0,0.33152193,0.0,0.0,1.0659267,0.0,0.6329031,0.0
0.0,2.4145603,0.34983468,0.0,0.4711766,0.0,1.5201803,0.0,0.0,0.7653935,0.2977429,0.0,0.0,0.0,3.4909031,1.0511099,2.6067157,0.0,1.2318794,0.0,0.0,0.0,0.0,0.6865285,4.9832177,0.75898564,1.6671535,0.0,0.0,0.0,0.0,1.2598766,0.0,0.770059,0.07942794,0.0,0.097937815,0.0,0.0,0.8654564,0.45935228,0.0,1.2392123,0.0,1.3425641,0.89667225,2.3367722,0.0,0.0,0.0,0.0,0.9363791,1.3661306,0.0,0.25566897,0.0,0.0,0.001122203,0.0,0.1318037,1.648772,0.0,0.37430838,0.0
0.0,0.0,0.28391665,2.1711326,3.5992966,0.0,2.807603,0.0,0.0,0.6153118,0.0,0.24183363,3.3244605,0.0,0.58187705,0.0,0.8166243,0.0,0.38787377,0.0,0.0,0.0,0.8753978,0.0,0.0,0.0,0.0,0.0,0.0,0.0,0.0,0.0,0.0,3.0196218,0.0,2.7618499,0.0,0.0,0.0,0.61708367,2.092481,0.43474358,2.6250648,0.0,0.0,0.0,0.22506006,0.0,0.0,0.58471435,1.5372272,0.6848939,0.03678818,0.0,3.2874715,0.0,0.0,0.0,0.0,0.0,0.6114964,0.0,3.852905,0.0
1.9262602,1.9289451,5.0449624,0.81899524,4.494951,0.0,1.1024789,0.0,0.0,0.45632583,0.0,0.0,0.0,0.0,0.0,0.36258146,0.0,0.0,0.0,0.0,0.0,0.0,1.3025753,0.90987605,0.06777022,2.9012141,1.8112974,0.0,0.0,0.0,0.8215579,0.0,0.0,2.5859594,0.0,1.2009153,0.0,0.0,0.3866475,0.36084378,1.1268938,0.44830918,5.464195,0.0,0.14643002,0.9526996,0.0,0.21009225,0.0,0.0,0.0,1.7552452,0.0,4.8481936,1.1952384,0.0,0.0,0.4294908,0.0,0.0,0.0,0.0,0.0,0.0
0.20810169,3.4704835,0.0,2.1584802,0.0,0.23856212,0.13592534,0.0,0.0,0.0,0.0,0.0,0.9192254,0.0,2.0073912,0.0,1.7469145,0.0,1.2146406,0.0,0.0,0.0,0.0,1.1300582,2.265364,0.77080286,0.7144325,0.9438826,0.0,0.0,0.0,0.0,0.0,1.389011,0.0,0.0,0.07164255,0.0,0.0,0.9423659,0.80891705,0.0,1.544072,0.0,0.0,0.0,0.29774812,0.0,0.0,1.2862055,0.0,1.0180109,0.5034066,0.0,0.8736182,0.0,0.0,0.30365506,0.0,1.412948,0.0,0.0,0.1828265,0.0
0.0,0.0,0.0,0.0,0.6605397,1.4968113,0.0,0.13862367,0.9376284,2.565165,0.0,0.0,0.0,1.1549479,0.17284442,1.7615174,0.055774946,0.0,0.0,0.0,0.0,1.9046669,0.0,0.0,2.8286896,0.0,2.4163458,0.0,0.0,0.0,0.0,1.4854552,0.0,0.0,0.8977414,1.0167183,0.30277812,0.0,0.0,0.8730319,0.0,0.21915907,0.0,0.0,0.55586463,0.506269,0.95558596,0.0,0.0,0.0,0.0,0.61959505,1.5846801,0.66598606,0.057473466,0.0,0.0,1.1987795,0.0,0.0,1.7424767,0.0,0.18471354,0.0
0.0,0.05327727,0.0073902374,1.1675613,1.7500936,0.5558318,0.6401457,0.0,0.0,0.06771272,0.032475483,0.6845088,0.845303,0.0,0.62860495,0.0,1.1840607,0.0,1.0587031,0.0,0.087030105,0.7471148,0.0,0.47377262,0.0,0.0,0.76437217,0.12007069,0.0,0.0,0.0,0.0,0.0,1.4889345,0.0,2.2401102,0.6921987,0.0,1.4728713,0.79101765,0.15255246,0.53703964,0.5036323,0.0,0.0,0.0,0.0,0.0,0.0,0.0,0.0,0.0,1.1753991,0.0,1.5382757,0.0,0.0,1.0984708,0.0,1.1496404,0.7258693,0.0,0.9791468,0.0
3.5408025,3.8910897,0.39063504,0.0,0.0,2.3359122,0.0,0.0,0.24999651,0.0,0.0,0.0,1.175075,0.042257927,0.0,0.5557398,0.0,0.0,0.96647155,1.1185148,0.0,0.0,0.0,2.641939,1.2195405,1.3090495,1.6961826,2.364531,0.0,0.0,0.0,0.046234075,0.0,0.0,0.0,0.15445836,0.0,0.0,0.8670262,3.4193676,0.0,3.1543326,0.0,0.0,0.0,0.0,1.4565444,0.3829545,0.0,1.072383,0.0,1.8590852,0.0,2.6540122,1.1136714,0.0,0.0,1.4751483,0.0,0.0,0.0,0.0,0.0,0.0
0.40018013,1.5351062,0.0,0.6910577,0.0,0.0255939,0.0,0.0,0.0,0.0,0.0,0.0,0.8537512,0.0,0.79299873,0.0,0.44404742,0.0,0.7186184,0.29113,0.0,0.0,0.0,0.30957636,0.0,0.9944058,0.0,3.0548224,0.0,0.0,0.0,2.273333,0.0,1.3199605,0.0,1.4554068,0.93804044,0.0,0.93382746,0.40627474,0.0,1.2290713,1.6961107,0.0,0.0,0.0,0.0,0.0,0.0,0.0,0.0,0.0,0.0,0.0,2.3157115,0.0,0.0,1.4787247,0.0,1.2220869,0.0,0.0,0.5468281,0.6528532
1.793616,2.5711899,0.5618438,0.0,0.0,1.3268468,0.0,0.0,1.1006111,1.0148027,0.0,0.0,0.0,1.3692497,0.0,0.9937813,0.0,0.0,0.0,1.5946068,0.0,0.13070686,0.16128573,1.4125497,0.16832206,3.0889528,3.3713953,1.1915207,0.19861545,0.0,0.0,0.0,0.0,0.0,0.0,1.5318251,0.0,0.0,0.81953305,2.2312105,0.0,1.3205489,0.36556503,0.0,0.0,0.5725887,0.32918337,0.7170701,0.0,0.7933194,0.0,1.455907,0.0,3.6516447,0.58694047,0.0,0.0,0.0,0.0,0.0,0.0,0.0,0.0,0.0
1.9291956,1.395176,0.30365267,1.1834773,0.13702731,0.10171705,0.0,0.0,0.59885454,0.5404518,0.0,0.0,0.0,0.24369027,0.0,0.039498188,0.0,0.0,0.2264696,0.0,0.0,0.0,1.0140158,2.8659437,1.1469882,0.51352817,0.0,1.0685318,0.0,0.0,0.33332008,0.087926276,0.0,1.1759524,0.0,0.0,0.0,0.0,0.0,1.332147,0.029780734,0.0,3.1716485,0.14639829,0.0,0.8354953,0.0,0.69578636,0.0,0.8679787,0.0,1.1865026,0.0,1.6462468,0.0,0.0,0.0,0.54104424,0.0,0.0,0.0,0.0,0.06541706,0.7217187
3.099111,4.2514577,5.2203426,0.0,3.0522645,2.2940843,0.0,0.0,0.017908264,3.729218,0.0,0.0,0.0,1.5125922,0.0,1.084566,0.0,0.0,1.1742059,1.2792597,0.0,0.11984738,0.0,1.5327977,1.8272889,0.40188873,2.0302424,0.0,0.0,0.0,0.0,0.0,0.0,0.0,0.0,0.0,0.0,0.0,0.0,1.0296816,0.0,0.24584332,1.3360715,0.43591502,0.0,3.1518345,0.29058748,1.8009229,0.0,1.5282806,0.0,2.943753,0.0,6.7736444,0.0,0.0,0.39795643,3.328191,0.0,0.0,0.0,0.0,0.0,0.0
0.85934055,3.8854637,0.0,0.6809645,0.0,0.6514204,0.0,0.0,0.47776285,0.0,0.0,0.0,0.0,0.0,1.1140542,0.0,0.0,0.0,1.0401763,0.52791893,0.0,0.0,0.0,2.0630383,1.6700572,2.680928,1.5711193,2.9372199,0.7590443,0.0,0.0,0.31301436,0.0,0.50695825,0.0,0.16615415,0.8041129,0.0,1.3759358,1.6267431,0.0,0.24062175,0.0,0.0,0.0,0.0,0.0,0.0,0.0,2.2440295,0.0,0.86304647,0.0,0.0,1.5179716,0.0,0.0,0.0,0.0,0.995355,0.0,0.0,0.0,0.0
0.7709,3.889871,0.0,0.9650871,0.0,1.3929445,0.0,0.0,0.034566008,0.0,0.0,0.0,0.0,0.0,0.044848133,0.21189027,0.0,0.0,0.88281286,0.0,0.0,0.0,0.0,2.4079196,1.9345511,0.8638307,0.0,2.8671927,0.0,0.0,0.0,1.9848298,0.0,0.69045883,0.0,0.14003438,0.29775152,0.0,0.3069932,0.095121875,0.0,0.0,2.6398935,0.0,0.0,0.09805513,0.0,0.0,0.0,0.0,0.0,1.1222149,0.0,0.16334067,0.0,0.0,0.0,1.6070932,0.0,1.9639505,0.0,0.0,0.0,1.1159556
1.0769422,0.0,1.3047967,0.40837583,2.3126523,1.5620875,0.0,0.067637146,0.0,1.4072839,0.0,0.0,0.0,1.8186054,0.0,1.1403912,0.4133063,0.0,0.0,0.0,0.59206086,2.5597622,0.0,0.72861445,1.8912419,1.1495849,4.663547,0.0,0.0,0.0,0.0,0.0,0.0,0.0,1.7670141,0.9887857,0.0,0.0,0.0,2.935675,0.0,0.0,0.6832562,0.0,2.8088174,0.0,0.0,0.0,0.0,0.0,0.0,3.9167094,0.6929126,0.9061718,1.5504768,0.0,0.0,1.5137844,0.0,0.5132087,3.3579092,0.0,0.0,0.0
1.1988736,0.0,0.5260663,0.0,0.6726483,0.0,0.7004848,0.0,0.0,0.64047766,0.11572995,0.0,0.0,0.3737543,1.1149937,0.0,0.0,0.0,0.60235983,0.5349403,0.0,0.0,3.461405,1.0184774,0.0,2.3773713,0.0,0.0,0.0,0.0,0.32187158,0.36747032,0.0,1.5613196,0.0,2.354143,0.8774397,0.0,0.7591595,0.0,0.0,0.0,2.0823789,0.0,1.3737365,0.4631588,0.0,0.0,0.0,0.0,0.043816715,0.2060558,0.46669707,0.0,0.0,0.0,0.0,0.0,0.0,0.0,0.0,0.0,0.14676313,0.0
0.0,1.0071634,0.0,0.05737636,0.0,0.31020463,0.0,0.0,0.8432987,0.8165948,0.0,0.0,0.0,1.2532033,0.0,0.175107,0.3087663,0.0,0.0,0.0,0.0,0.17631789,1.1411765,1.0061046,1.1732296,0.64396787,0.0,1.6120218,0.0,0.0,0.16918069,1.3004258,0.0,0.10735675,0.0,0.0,0.0,0.0,0.0,1.2783608,0.0,0.1627995,0.71541345,0.0,0.0,0.0,0.0,0.2187539,0.0,0.0,0.0,1.2123318,0.0,0.84456664,0.0,0.0,0.0,0.0,0.0,0.24220431,0.1922555,0.0,0.0,0.5936756
1.3374122,2.471921,0.34653768,0.2907878,0.6491673,0.8004542,1.158614,0.0,0.0,0.0,0.0,0.0,0.90187067,0.0,0.6777269,0.0,1.4962543,0.0,1.7020808,0.0,0.4636396,0.63291675,0.0,0.77681947,0.0,1.1788582,2.1821673,1.1397681,0.0,0.0,0.0,0.0,0.0,1.5855693,0.0,0.2217787,0.64232224,0.0,0.7974371,3.613022,0.0,1.0980324,0.76825124,0.0,0.0,0.0,0.30131587,0.0,0.0,0.0,0.0,0.32208169,0.0,0.0,2.1242516,0.0,0.0,0.7997551,0.0,1.7948121,0.0,0.0,0.783465,0.0
0.42753825,0.74054205,0.46097186,0.0,0.527108,0.0,1.1449289,0.0,0.0,0.0,0.671982,0.0,1.0469036,0.0,0.15594491,0.0,1.0675238,0.0,1.0324775,0.166392,0.25101274,0.0,0.0,0.0,0.0,0.37969452,0.4949763,1.1660461,0.0,0.0,0.0,0.0,0.0,0.8274317,0.0,0.7778941,0.943595,0.0,0.5687934,1.0658212,0.30263,0.7164087,0.3663153,0.0,0.0,0.0,0.41229093,0.0,0.0,0.0,0.0,0.0,0.0,0.0,1.443994,0.0,0.0,0.53656596,0.0,0.42043692,0.0,0.0,0.78549135,0.0
0.70095783,1.2582364,0.0,1.0150732,0.04216,0.8115134,0.9140776,1.3657278,0.0,0.0,0.0,0.07240901,0.0,0.0,1.9761269,0.0,1.5969567,0.0,0.60597354,0.02365057,0.93757015,0.0,0.0,0.04620923,1.4536567,0.4817407,2.4564834,0.0,0.0,0.0,0.0,0.0,0.0,0.73352486,0.0,0.0,0.6157163,0.0,0.0,2.193329,1.2515651,1.4354132,0.08782707,0.0,0.0,0.0,0.68939024,0.0,0.0,0.0,0.0,1.232475,0.83668506,0.45640025,2.6326778,0.0,0.0,0.39755195,0.0,0.6993037,0.06970016,0.0,0.2136898,0.0
0.52586675,1.8162493,0.0,0.9475403,0.0,0.0,0.0,0.0,0.0,0.0,0.0,0.0,0.0,0.0,1.0013942,0.0,1.0722556,0.0,0.8130051,0.32204032,0.0,0.0,0.0,0.17406647,2.0632782,2.8742304,2.0644941,2.2959647,0.0572044,0.0,0.0,0.5142568,0.0,0.39860135,0.0,0.0,1.1284206,0.0,1.0488268,1.217781,0.4829044,0.0,0.0,0.0,0.0,0.0,0.0,0.0,0.0,0.94653535,0.0,1.0136961,0.04155569,0.0,1.7174804,0.0,0.0,0.0,0.0,0.01124487,0.0,0.0,0.0,0.0
1.6336828,3.5223398,0.825931,0.0,0.8788635,2.1961417,0.0,0.0,3.1885319,1.6707381,0.0,0.0,0.0,0.92026776,0.0,1.8724551,0.0,0.0,0.0,0.8749892,0.0,0.0,0.0,1.0239949,0.0849016,0.95267385,3.0532806,0.5675473,0.0,0.0,0.0,0.0,0.0,0.0,0.0,2.8158658,0.0,0.0,0.08279495,0.6986032,0.0,0.26101133,0.47065452,0.0,0.0,0.48680994,2.4333024,0.0,0.0,1.3834655,0.0,0.14188637,0.0,3.9104645,0.0,0.0,0.0,0.8550036,0.0,0.0,0.8871983,0.16232714,0.6426995,0.0
0.0,2.261509,0.0,2.9221554,1.1709641,1.3640264,0.498477,0.0,0.0,0.7025952,0.0,0.281072,6.0869274,0.0,3.344882,0.0,1.5537293,0.0,4.163473,0.0,0.0,0.19360305,0.0,3.8544998,0.0,0.0,0.0,1.8109488,0.0,0.0,0.0,0.0,0.0,2.3087733,0.6344072,0.0,0.0,0.0,0.0,4.664521,0.8651764,0.0,2.954413,0.0,0.0,0.0,0.0,0.0,0.0,2.1844683,0.0,0.0,1.861947,0.0,0.2503825,0.0,0.0,0.0,0.0,0.0,0.3703556,0.0,5.5907145,0.13300921
0.0,0.0,0.0,2.5737863,0.808843,1.422115,0.3871985,0.5002911,0.0,0.963951,0.0,0.08427595,1.841807,0.0,1.2642459,0.0,2.0642362,0.0,0.19653788,0.0,0.0,1.8404458,0.0,0.0,3.0279088,0.0,0.94360775,0.0,0.0,0.0,0.0,1.5999905,0.0,0.0,0.56686527,0.0,0.82736945,0.0,0.0,1.462423,0.0,1.1055933,0.0,0.0,0.16800182,0.0,0.735806,0.0,0.0,0.0,0.0,0.23784006,1.4107311,0.0,0.75478274,0.0,0.0,1.3388853,0.0,0.23627867,0.82726526,0.0,0.7387627,0.0
0.9483585,1.0314596,0.239002,0.23194219,0.0,0.5969977,0.58595484,0.0,0.0,0.0,0.0,0.0,0.24553528,0.0,0.10732577,0.0,0.27314407,0.0,0.4269481,0.26521054,0.15202558,0.0,0.0,0.29093245,0.14031897,1.7373046,1.7909342,1.2638552,0.0,0.0,0.0,0.0,0.0,0.914611,0.0,0.52523994,0.1562071,0.0,0.543732,2.19115,0.54917413,1.1293118,1.0316323,0.0,0.0,0.0,0.0,0.0,0.0,0.0,0.0,0.4725166,0.0,0.4525758,2.5062861,0.0,0.0,0.29889873,0.0,0.35824454,0.0,0.0,0.1814181,0.0
1.6171312,2.46702,1.0413004,0.113627866,0.108017296,0.89547825,0.6331199,0.0,0.0,0.0,0.0,0.0,0.77650076,0.0,0.0,0.0,0.5569966,0.0,1.7292439,1.0672988,0.17499797,0.0,0.0,0.03235973,0.28850168,2.9228864,3.4815097,1.6361195,0.0,0.0,0.0,0.0,0.0,0.93536454,0.0,0.5616876,0.97140896,0.30433208,1.1784325,1.618862,1.2524773,1.6036568,0.36998737,0.0,0.0,0.0,0.711114,0.0,0.0,0.36056775,0.0,0.68494874,0.0,1.4045057,4.0266347,0.0,0.0,1.1611383,0.0,0.0,0.0,0.0,0.0,0.0
0.0,0.18720731,0.0,2.172155,0.0,0.0,0.28590328,0.7599126,0.0,0.36047944,0.0,0.21863978,0.5142833,0.0,2.2105742,0.0,2.7464297,0.0,0.7984171,0.0,0.022336705,0.55601794,0.0,0.0,1.9311101,0.34597993,0.45768753,0.41344997,0.0,0.0,0.0,2.0211926,0.0,0.5335547,0.3398063,0.0,2.1932285,0.0,0.0,0.5455007,0.6813756,0.07275251,0.088379204,0.0,0.0,0.11656089,0.0,0.0,0.0,0.0,0.0,0.5459545,1.5437746,0.0,2.0041325,0.0,0.0,0.04572745,0.0,0.67812234,0.0,0.0,1.5592579,0.0
4.2410936,4.427784,3.3374228,0.0,2.4214993,0.20733424,1.4101024,0.0,0.0,1.1691668,1.7195818,0.0,1.8489374,0.0,0.0,0.0,0.23599218,0.0,2.278783,1.8308929,0.0,0.0,0.0,0.76010835,0.0,0.0,1.1799508,0.0,0.0,0.0,0.0,0.58300096,0.0,3.2325032,0.0,1.880814,0.0,0.0,0.49196696,0.9200335,0.0,1.7416263,1.7613267,0.0,0.0,0.12680525,2.1520345,0.0,0.0,0.0,0.0,1.7162616,0.0,1.505075,0.8298412,0.0,0.0,1.1060883,0.0,0.0,0.0,0.0,0.0,0.0
0.0,0.0,2.2448578,0.0,1.0831137,0.97598827,0.0,0.0,2.0511677,3.7218208,1.1501529,0.553271,2.5315673,0.0,0.0,0.0,3.6727262,0.0,0.0,0.0,0.0,2.864362,0.0,1.1691326,0.0,0.0,0.0,3.7586615,0.0,0.0,0.0,0.0,0.909237,0.0,0.0,0.262346,0.0,0.0,1.7806007,4.3348656,0.0,3.5812848,0.0,0.0,0.0,0.0,0.0,0.0,1.5177093,0.3332537,0.0,0.0,0.0,1.291874,0.52323544,0.0,0.0,0.5908586,2.2911687,0.0,0.0,0.0,2.6134675,0.0
0.0,1.4095792,0.0,2.4840071,1.2254347,0.8469338,0.47350183,0.0,0.051364154,0.0,0.0,0.15422785,2.2014487,0.0,0.025468204,0.0,1.4289969,0.0,1.0713304,0.0,0.0,0.49903256,0.0,0.0,0.18741445,0.0,0.0,0.82719296,0.0,0.0,0.0,0.7443283,0.0,1.341376,0.0,0.22806977,0.9933934,0.0,0.035641953,0.64364827,0.70969343,0.090031974,0.4372631,0.0,0.0,0.0,0.0,0.0,0.0,1.4793751,0.047175236,0.08150871,0.44880876,0.0,1.3254375,0.0,0.0,0.6467815,0.0,0.73277813,0.0,0.0,1.730781,0.12652564
0.0,3.0655324,2.3028066,0.0,1.7870388,0.0,0.0,0.0,3.1710765,5.484456,0.0,0.0,0.0,3.3790855,0.0,1.1797533,0.0,0.0,0.0,0.90515894,0.0,0.0,2.496725,0.15270382,0.0,3.4450746,0.0,1.6215856,0.0,0.0,0.19595972,0.0,0.0,0.0,0.0,3.5902042,0.07879704,0.0,0.15640022,0.0,0.0,0.88460225,0.34231383,0.9416208,0.0,3.289814,0.19714665,0.40783736,0.0,0.97155887,0.0,0.0,0.0,5.3572545,0.0,0.0,0.0,0.0,0.0,0.0,0.0,0.0,0.8718657,0.8575109
0.26709622,0.0,3.3034976,0.0,3.1720045,0.7007637,0.5895253,0.0,0.0,3.4135616,0.0,0.0,1.172904,0.0,0.0,1.4886192,0.0,0.0,0.49534523,0.0,0.0,0.90909374,0.0,0.0,2.1771343,0.0,0.0,0.0,0.0,0.0,0.0,1.4045824,0.0,0.05321688,0.34754547,0.13068956,0.0,0.0,0.0,0.0,0.0,0.5130334,0.0,0.04956559,1.0612465,0.21416427,1.0506324,0.0,0.0,0.0,0.0,0.6843196,0.53979725,1.5377265,0.0,0.0,0.0,2.5533178,0.0,0.0,1.0959445,0.0,1.0747896,0.0
0.59002346,0.0,0.9456156,0.0814638,0.03009887,0.42681026,0.0,0.0,0.56304175,3.7150996,0.0,0.0,1.1391956,1.5648041,0.770372,0.44008616,0.78012556,0.0,0.0,0.0,0.0,1.6130888,0.0,0.0,2.2220812,0.281102,0.0,0.6778893,0.0,0.0,0.63852566,3.395358,0.0,0.0,0.0,0.0,0.5229148,0.0,0.0,0.0,0.0,1.3539368,0.0,0.0,0.056673244,0.9568076,0.12088604,0.43701136,0.64561623,0.0,0.0,0.0,0.08292786,0.0,0.0,0.0,0.0,0.8501403,0.0,0.0,0.80895084,0.0,0.0,0.80121744
0.47707647,0.0,0.11611216,0.48203748,1.2174356,0.0,0.73376596,0.0,0.0,1.8151128,0.0,0.0,0.0,0.0,1.5152459,0.0,1.2353554,0.0,0.0,0.0,0.0,0.0,1.4921526,0.0,2.1484036,2.2570944,0.0,0.10841949,0.0,0.0,0.22691797,2.5770886,0.0,2.6115339,0.0,0.6437371,1.5317537,0.0,0.08359909,0.0,0.24248035,0.0,1.5040046,0.0,0.87110186,0.20125794,0.0,0.0,0.0,0.0,0.10143873,1.0673403,0.13999413,0.0,0.4585908,0.0,0.0,0.47254643,0.0,0.23909067,0.0,0.0,0.0,0.0
0.0,2.5184042,0.06564523,1.8497957,1.9276164,1.6930438,2.7297802,0.0,0.0,0.0,0.0,0.0,0.44028765,0.0,1.2756926,1.269619,1.3476616,0.0,0.7506096,0.0,1.0256279,0.0,0.0,2.170736,2.9412575,0.0,3.0179157,0.0,0.0,0.0,0.0,0.0,0.0,0.8730402,0.8335153,0.8347704,0.0,0.45518836,0.0,0.18402772,2.5875654,0.0,3.4329686,0.0,1.0600965,0.8103055,0.0,0.0,0.0,0.0,0.0,0.35291117,0.0,0.44072095,3.4235282,0.0,0.0,1.2887055,0.0,0.6902044,0.8666006,0.0,0.61431754,0.0
0.0,3.1227942,0.0,2.6298404,0.0,1.0519189,0.0,0.22358909,0.0,0.0,0.0,0.0,2.1619184,0.060223274,2.9634418,0.0,1.4390465,0.0,1.5741818,0.0,0.0,0.88570654,0.0,1.8768499,1.2147038,0.0,1.1168588,0.9626642,0.0,0.0,0.0,1.1881062,0.0,0.90295905,0.0,0.0,0.0,0.0,0.0,2.3739867,0.0,1.7359952,0.67446625,0.0,0.0,0.0,0.20572387,0.0,0.0,0.91998404,0.0,0.4107197,1.7173808,0.0,2.2829535,0.0,0.0,1.3333952,0.0,1.8403704,0.0,0.0,1.0380545,0.108853385
0.0,0.0,0.0,4.3821015,0.1744989,0.0,0.0,0.0,0.0,2.8364582,0.0,0.0,0.7154958,1.9983469,1.0121857,0.0,2.362366,0.0,0.0,0.0,0.0,2.1960359,0.0,0.0,1.4633013,0.33771488,0.0,0.0,0.0,0.0,0.75787497,4.200177,0.0,2.9030669,0.8522752,0.0107829645,3.117618,0.0,0.0,0.0,0.0,0.0,1.6215631,0.0,0.709201,0.0,0.0,0.0,0.0,0.0,0.0,0.48528758,0.8799802,0.0,0.0,0.0,0.0,0.40885946,0.0,1.1422513,0.0,0.0,0.4231883,0.6098924
0.40107995,1.2590756,2.2536843,0.0,2.1955926,2.3220448,0.0,0.0,1.2883604,2.4342444,0.0,0.0,0.0,2.4784818,0.0,1.707189,0.0,0.0,0.0,0.0,0.0,1.9829603,0.0,0.1495565,1.3440709,0.68216366,2.8625162,0.0,0.0,0.0,0.0,0.0,0.0,0.0,0.0,0.60483915,0.0,0.0,0.35301203,1.850826,0.0,0.6274686,0.07331461,0.0,0.040449742,1.329453,0.0,1.539749,0.0,0.99627453,0.0,2.530875,0.0,5.168443,0.0,0.0,0.0,3.2572582,0.0,0.0,0.0,0.0,0.0,0.0
0.0,0.0,0.0,1.9971179,0.0,0.0,0.0,0.0,0.0,1.1373744,0.0,0.0,0.0,2.5029075,0.0,0.0,1.4692137,0.0,0.0,0.0,0.0,0.47624275,1.0606846,0.0,2.8526912,2.3365147,1.7351906,0.6878155,0.0,0.0,0.0,1.4712772,0.0,0.86079043,0.107591264,0.0,0.6250407,0.0,0.0,1.2206854,0.23608729,0.0,2.6586227,0.0,1.1516112,0.0,0.0,1.1205676,0.0,0.0,0.0,2.953887,0.09214988,1.5023844,0.0,0.0,0.0,0.09553623,0.0,0.0,0.0,0.0,0.0,0.0
1.1985477,3.0280864,0.24250494,0.12876643,0.0,0.08872688,0.3055023,0.0,0.0,0.0,0.5266193,0.0,1.5949588,0.0,0.78125554,0.0,0.7401008,0.0,2.364647,0.17112482,0.0,0.0,0.0,0.3401223,1.0222589,2.6357608,1.3167037,2.9115283,0.120661385,0.0,0.0,0.28326935,0.0,0.49619585,0.0,0.68712705,1.6980717,0.0,1.2154814,1.3578666,0.0,0.27081192,0.0,0.0,0.0,0.0,0.32311437,0.0,0.0,1.0999647,0.0,0.0,0.0,0.0,2.6082804,0.0,0.0,0.0,0.0,0.066769175,0.0,0.0,0.857468,0.0
0.0,2.4665074,0.0,2.0956266,0.94716096,2.2605994,0.022614956,0.0,0.0,0.0,0.0,0.0,2.215207,0.0,3.27428,0.0,2.4180405,0.0,3.1043625,0.0,0.65330106,2.1453924,0.0,1.7623398,1.4170166,0.0,0.3648113,1.1335568,0.0,0.0,0.0,0.42787236,0.0,1.0707159,0.0,0.7376738,1.8031338,0.0,0.0,2.5652754,0.0,1.2859699,0.0669181,0.0,0.0,0.0,0.138124,0.0,0.0,0.0,0.0,0.0,1.2700213,0.0,1.6976354,0.0,0.0,3.183779,0.0,5.5005636,1.6595337,0.0,1.211221,0.0
1.248398,2.6724598,0.0,0.17650698,0.0,0.8941872,0.0,0.0,2.1712995,0.9834903,0.0,0.0,0.16090807,0.6786639,0.0,0.51214504,0.0,0.0,0.0,0.1249505,0.0,0.0,0.8624567,2.727007,0.22807534,0.558309,0.0,1.7909052,0.13288592,0.0,0.0,0.0,0.0,0.4352734,0.0,2.3529897,0.0,0.0,0.7933277,0.8162216,0.0,1.1003026,1.498971,0.0,0.0,0.0,0.0,0.106042184,0.0,1.0647144,0.0,0.2733439,0.0,2.182629,0.0,0.0,0.0,0.17153189,0.0,0.0,0.0,0.0,0.7091224,0.78552026
0.6191693,0.0,1.7780435,0.6532386,0.5089117,0.0,0.0,0.0,2.126408,4.100469,0.0,0.0,1.1773278,0.9261405,0.0,0.14272153,0.17370376,0.0,0.0,0.50814897,0.0,1.5561768,1.6178771,0.0,0.2698065,0.0,0.0,0.4126167,0.0,0.0,0.10107237,2.4161694,0.0,0.8092793,0.0,2.169694,0.2807552,0.0,0.41889548,0.0,0.0,1.1083858,0.0,1.397075,0.0,1.5469992,1.41594,0.0,0.0,1.2907021,0.0,0.0,0.0,1.2078501,0.0,0.0,0.0,0.9006209,0.0,0.0,0.0,0.0,1.0160081,1.3620914
0.0,1.2351648,0.0,1.6919155,0.0,0.0,0.82005733,0.21564732,0.0,0.24137482,0.0,0.0,1.2196892,0.0,3.706217,0.0,3.2571073,0.0,2.3331485,0.0,0.0,0.96992487,0.0,0.79485047,2.0116067,1.620518,0.0,1.6920503,0.0,0.0,0.0,2.6778598,0.0,0.10736909,0.119121455,0.0,2.7327034,0.0,0.0,0.80171937,0.0,0.0,0.22487792,0.0,0.0,0.39266002,0.1293494,0.0,0.0,0.0,0.0,0.0,1.1434302,0.0,0.55213565,0.0,0.0,0.26806837,0.0,1.2121719,0.5185725,0.0,0.6268898,0.29486048
0.0,0.33178756,0.0,0.34006828,0.0,1.4672489,0.28351545,0.5408655,0.0,0.3418947,0.0,0.0,0.4171538,0.0,0.0,0.6192548,1.0757774,0.0,0.14553899,0.0067030145,0.77982426,1.0791436,0.0,0.0,1.2451543,0.483251,2.2448,0.55923265,0.0,0.0,0.0,0.0,0.0,0.0,0.78804433,0.0,1.0173604,0.26297277,0.0,2.3930156,1.018634,1.5914012,0.0,0.0,0.0,0.06653647,0.60037434,0.0,0.0,0.0023913328,0.0,0.0,0.35372213,0.5931019,2.3786106,0.0,0.0,0.11201669,0.0,0.0,0.48426968,0.0,0.84481907,0.0
1.839878,0.0,1.9633039,0.20976615,0.0,0.0,0.0,0.0,0.0,2.0562503,0.0,0.0,0.0,1.4056801,0.0,0.0,1.4290328,0.0,0.0,1.5458735,0.0,0.7660664,0.76690185,0.0,1.6191729,3.2199998,0.078471,1.0587436,0.0,0.0,0.90314436,2.6575153,0.0,1.3790562,0.0,0.0,1.2715443,0.0,1.1865587,0.0,0.0,0.7843919,0.91662693,0.0,0.0,2.4605625,0.0,1.373621,0.0,0.0,0.0,1.2684126,0.0,2.6422563,0.0,0.0,0.0,0.26267305,0.0,0.0,0.0,0.0,0.0,0.0
4.1260433,3.1465027,3.5269213,0.0,2.1644871,0.40211517,0.0,0.0,0.0,1.6119069,0.0,0.0,0.0,0.33126515,0.0,0.68970025,0.0,0.0,0.18298914,2.8000467,0.0,0.0,0.757169,0.36474887,0.0,2.739233,2.3263576,0.0,0.0,0.0,0.0,0.07161095,0.0,0.27461314,0.0,3.6883545,0.0,0.0,1.6549693,0.35585374,0.5664557,1.4065226,0.35257176,0.0,0.0,0.19667488,2.2311375,0.19898191,0.0,0.0,0.0,1.8617477,0.0,3.827363,0.21213335,0.0,0.0,0.13015734,0.0,0.0,0.0,0.5278407,0.0,0.0
2.1595922,2.0321045,1.4578749,0.0,1.2796626,0.6576889,0.0,0.0,1.254426,1.0705491,0.0,0.0,0.0,2.6102567,0.0,1.7066065,0.0,0.0,0.0,1.8072147,0.0,0.0,2.3414614,1.1344777,0.0,3.0837383,1.4223031,2.290796,0.0,0.0,0.0,0.0,0.0,0.21330263,0.0,3.7913172,0.0,0.0,2.916645,0.022889353,0.0,2.3230648,2.4153683,0.0,0.0,0.6422361,0.0,1.996059,0.0,0.0,0.0,0.8787383,0.0,4.5945587,0.01732253,0.0,0.0,0.6079336,0.0,0.0,0.0,0.0,0.0,0.0
0.46501625,2.0207171,0.14145114,1.9556106,0.35999757,1.5574574,0.0,0.0,1.2397268,0.09607213,0.0,0.0,0.0897992,0.8610406,0.0,0.0,0.0,0.0,0.0,0.0,0.0,0.6820253,0.0,1.4495722,0.16450816,0.12613958,1.8847293,2.1952808,0.0,0.0,0.0,0.0,0.0,1.3073189,0.0,0.9231561,0.0,0.0,1.5881618,2.1641397,0.0,0.0,1.9276909,0.0,0.0,0.0,0.0,0.7634188,0.0,3.0730784,0.0,1.8422924,0.0,2.304886,0.0,0.0,0.0,1.6252327,0.0,0.058797434,0.0,0.0,0.7220705,0.0
0.0,0.0,0.0,0.7956955,0.37557986,0.31641278,0.09731694,0.0,0.0,0.0,0.0,0.08914241,0.0,0.06534463,1.1806115,0.0,0.6422772,0.0,0.5959549,0.0,0.46979633,1.4478599,0.0,1.099731,0.50589234,0.0,1.3245898,0.0,0.0,0.0,0.0,0.38708553,0.0,0.812054,0.4382355,1.1455956,0.9395733,0.0,0.47015166,1.2923691,0.0,0.47578898,0.28041255,0.0,0.42690054,0.0,0.0,0.0,0.0,0.0,0.0,0.43259498,1.3793662,0.0,0.7822663,0.0,0.0,0.69188184,0.0,1.4201231,0.91413444,0.0,0.66126,0.0
0.0,0.0,0.92106724,0.0,1.0369236,0.0,0.4381961,0.0,0.39073116,3.1099172,0.0,0.0,0.0,1.6770803,0.0,1.240902,0.0,0.0,0.0,0.0,0.24700873,1.9849418,1.5095745,0.0,0.0,0.0,0.0,0.0,0.0,0.0,1.2038456,1.0149223,0.0,0.0,2.2592428,2.0346344,1.9346762,0.0,0.24422805,0.0,0.0,0.0054839076,0.0,0.0,1.4268124,1.2387999,0.0,0.0,0.0,0.0,0.0,0.0,1.0139691,0.0,0.0,0.0,0.0,0.0,0.0,0.0,0.12413353,0.0,1.7159764,0.0
0.030418402,1.3175797,0.15436527,0.0852154,0.0,0.0,1.867698,0.1986993,0.0,0.0,0.0,0.0,0.014469951,0.0,2.2998323,0.0,1.2210907,0.0,1.4789859,0.0,0.0,0.80172837,0.0,0.29655904,1.3830793,1.2890934,0.9304494,0.5138563,0.0,0.0,0.0,1.4832314,0.0,0.29270726,0.0,0.0,1.0982536,0.41448075,0.12508105,0.20959476,0.0,0.5732337,0.09509945,0.0,0.0,0.84824526,0.48611277,0.0,0.0,0.0,0.0,0.0,0.13692322,0.13849047,1.0714285,0.0,0.0,0.35035557,0.0,1.0695341,0.0,0.0,0.0,0.0
0.4661751,2.0230453,0.9487932,0.0,0.0,0.9762081,0.0,0.0,0.0,0.0,0.0,0.0,0.24902697,0.0,0.0,1.1843197,0.0,0.0,0.87859684,1.1458031,0.0,0.8783152,0.4744979,0.18207583,1.2589595,2.6695745,0.0,3.7181654,0.0,0.0,0.0,2.749454,0.0,0.0,0.0,1.1473881,1.8197393,0.0,2.3223991,0.0,0.0,2.176511,0.07032011,0.0,0.0,2.2117717,0.4536253,0.09217266,0.0,0.0,0.0,0.0,0.27746624,0.9297948,1.3279697,0.0,0.0,1.0127491,0.0,0.0,0.0,0.0,0.0,0.0020118048
1.4155672,0.8823968,0.1118779,1.1322101,0.0,0.0,0.0,0.0,1.8209854,3.174201,0.0,0.0,1.8130574,1.7896136,0.8111962,0.0,0.68380123,0.0,0.0,0.0,0.0,1.702719,0.8555223,0.79630303,2.1767557,2.4412146,0.0,3.3115835,1.5982146,0.0,0.64465684,1.5303518,0.0,0.0,0.0,0.0,1.1122094,0.0,0.25130826,3.0516367,0.0,1.3247061,0.0,0.0,0.0,0.09452625,0.0,0.06239062,1.5787455,0.19089772,0.0,0.0,0.0,0.0,0.0,0.0,0.0,0.0,0.0,0.0,0.0,0.0,0.0,0.9087015
0.0,0.0,0.0,1.4488033,2.2373686,0.548461,0.59108824,0.0,1.476579,1.6785846,0.0,0.0706317,1.9742568,0.0,0.0,0.0,1.5527321,0.0,0.60168695,0.0,0.7689903,2.6806178,0.0,0.8190143,0.0,0.0,0.3465463,0.0,0.0,0.0,0.0,0.0,0.19247568,0.7382332,1.4921715,1.5131896,1.0969846,0.0,0.761554,1.6776432,0.0,1.4570137,0.0,0.0,0.0,0.0,0.6393541,0.0,0.0,1.6304498,0.0,0.0,0.23680612,0.0,0.9647974,0.0,0.0,0.7468204,0.0,0.06422603,1.1829401,0.0,2.089253,0.0
1.3743569,2.4226043,0.0,0.0,0.0,2.6290066,0.0,0.0,5.1732697,3.2845914,0.0,0.0,0.25330138,2.8513336,0.0,1.2447525,0.0,0.0,0.0,0.25203264,0.0,2.3184216,0.77260166,1.3961062,2.3542428,1.536112,1.9429256,2.8503122,1.5739434,0.0,0.0,0.0,0.0,0.0,0.0,1.9426912,0.030705836,0.0,1.0427879,1.8599744,0.0,1.6292084,0.0,0.0,0.0,1.7740468,1.1360056,0.7699013,0.0,2.8766367,0.0,0.065203965,0.0,2.6010673,0.0,0.0,0.0,0.69564146,0.0,0.0,0.0,0.0,0.0,0.5133619
0.0,1.301701,0.0,0.6371959,0.48083434,0.14488553,0.93793774,0.8346153,0.0,0.0,0.0,0.0,0.0,0.0,2.1835058,0.30607775,2.06774,0.0,0.57160735,0.0,0.86967266,0.0,0.0,0.09585656,2.8924682,1.1752445,2.631847,0.0,0.0,0.0,0.0,0.0,0.0,0.6488473,0.12263649,0.0,0.7055603,0.0,0.0,1.6389377,1.747322,0.0,0.8827671,0.0,0.46194497,0.36801183,0.6968792,0.0,0.0,0.0,0.0,1.1131787,0.8542803,0.0,2.242623,0.0,0.0,0.0,0.0,0.22343719,0.24134374,0.0,0.8476972,0.0
0.0,1.6878458,0.0,0.47403258,0.64495575,1.5070671,0.85553384,0.0,0.0,0.0,0.0,0.0,0.0,0.0,0.9646672,0.0,0.66357136,0.0,0.9609953,0.0,1.3764523,0.11223086,0.0,1.145451,1.9793108,1.6194556,2.6192539,1.2252123,0.0,0.0,0.0,0.0,0.0,0.65203077,0.0,0.16578378,0.8599459,0.16720451,0.5223064,0.97350574,0.40860742,0.1881184,1.9868531,0.0,0.3630796,0.084949285,0.0,0.0,0.0,0.0,0.0,0.69000727,0.20846982,0.0,3.0330863,0.0,0.0,1.0231436,0.0,2.332178,0.40701163,0.0,0.0,0.0
0.0,0.0,0.0,0.15530314,0.22746614,0.54602575,0.5534632,0.78060454,0.0,0.0,0.0,0.0,0.0,0.0,1.8176849,0.0,1.6934333,0.0,0.63941234,0.0,1.2873973,1.021292,0.0,0.0,1.6474293,0.18214841,2.0012233,0.0,0.0,0.0,0.0,0.5340902,0.0,0.21650241,0.36023033,0.14847462,1.0024757,0.0,0.0,1.0872111,0.0,0.8077358,0.21692589,0.0,0.81536174,0.0,0.8518417,0.0,0.0,0.0,0.0,0.35001883,1.5744939,0.0,1.2003392,0.0,0.0,1.0131012,0.0,1.587462,1.696816,0.036863677,0.3178337,0.0
1.8795292,2.5520003,2.1080363,0.0,1.0082874,1.0628562,0.0,0.0,1.2530384,3.7213101,0.0,0.0,0.0,2.0324628,0.0,0.9803613,0.0,0.0,0.0,0.99564856,0.0,0.48032498,1.3383805,0.0,0.71089643,1.3837969,0.3284268,1.1267449,0.0,0.0,0.0,0.79446113,0.0,0.0,0.0,1.8893919,0.0,0.0,1.6990448,0.0,0.0,0.76961786,0.012934131,0.20900446,0.0,2.4455366,0.30130145,2.1679342,0.0,1.1289933,0.0,1.0647509,0.0,5.1092696,0.0,0.0,0.0,0.76643234,0.0,0.0,0.0,0.0,0.0,0.26227346
0.26137206,0.73951215,0.6830524,0.0,0.6510641,0.0,0.3928707,0.0,0.0,0.38104033,0.15105589,0.0,0.0,0.0,0.0,0.0,0.123002954,0.0,0.34120235,0.0,0.0,0.0,0.7072479,1.2464525,0.0,0.8968029,0.32819638,0.8712362,0.0,0.0,0.09575626,0.0,0.0,0.65261,0.0,1.2523131,0.0,0.0,0.30108663,0.5882292,0.0,0.0,1.4128164,0.0,0.57544243,0.29088646,0.0,0.0,0.0,0.0,0.0,0.0,0.0,0.0,0.0,0.0,0.0,0.0,0.0,0.0,0.0,0.0,0.8599992,0.0
0.041135773,2.306923,0.0,1.9390999,0.0,0.0,0.0,0.0,0.0,0.0,0.3147555,0.18745802,3.4367106,0.0,1.1607299,0.0,1.6870135,0.0,2.3172095,0.0,0.0,0.0,0.0,0.0,0.0,1.3787872,0.0,4.034509,0.0,0.0,0.0,1.1888937,0.0,1.7691647,0.0,1.2512468,2.4851277,0.0,0.7768675,1.5296726,0.7282282,1.1259409,0.7195322,0.0,0.0,0.0,0.0,0.0,0.0,0.93458295,0.82653505,0.0,1.3205653,0.0,3.0704064,0.0,0.0,0.9828934,0.0,0.6274434,0.0,0.0,2.7024179,0.77200365
1.9923095,1.5496217,0.054385606,0.0,0.0,0.0187366,0.0,0.0,0.0,0.0,0.0,0.0,0.0,0.8037037,0.0,0.5875188,0.0,0.0,0.0,0.9731225,0.0,0.0,0.9082372,0.8674001,0.4951219,2.5708492,2.3619387,0.98010755,0.0,0.0,0.0,0.0,0.0,0.5211369,0.0,1.409599,0.0,0.34848696,1.1974627,0.22278638,0.0,0.7031627,1.531883,0.0,0.16667858,0.887802,0.0,0.7223257,0.0,0.0,0.0,1.1200858,0.0,1.8495058,1.030743,0.0,0.0,0.23261385,0.0,0.0,0.0,0.0,0.0,0.0
0.2878475,1.200247,0.0,0.66127205,0.0,0.0,0.0,0.0,0.12085449,0.2995716,0.0,0.0,0.5536077,0.0,1.3003631,0.0,1.1342765,0.0,0.5716731,0.0,0.0,0.70372117,0.0,0.10088979,1.3008254,1.8895146,0.0,2.1907053,0.5195113,0.0,0.0,1.657783,0.0,0.14639452,0.0,0.0,1.2807769,0.0,0.49551383,1.1422843,0.0,0.82976,0.0,0.0,0.0,0.24424592,0.074630536,0.0,0.0,0.0,0.0,0.0,0.5168559,0.0,0.042445872,0.0,0.0,0.0,0.0,0.17282115,0.0,0.0,0.0,0.19308154
0.0,0.0,0.0,1.2221601,2.2014747,2.3323436,1.3831863,0.41927105,0.14711124,3.210611,0.0,0.35663152,1.6601655,0.0,1.7309718,0.0,4.251967,0.0,1.0208001,0.0,0.23945503,3.2230306,0.0,0.0,2.6514213,0.0,1.131653,0.0,0.0,0.0,0.0,0.5815776,0.0,0.0,2.6823242,0.0,1.1210874,0.0,0.0,3.3531578,0.0,0.77318823,0.0,0.0,0.3039164,0.0,0.15632613,0.0,0.0,0.0,0.0,0.0,1.3322245,0.0,0.3570241,0.0,0.0,1.133625,0.0,0.0,2.3463025,0.0,2.8035305,0.0
2.943149,2.0942585,3.9798567,0.0,1.8929005,0.62113965,0.0,0.0,0.0,1.6626127,0.0,0.0,0.0,1.7774783,0.0,0.4297847,0.0,0.0,0.0,2.0164013,0.0,0.0,0.5999681,0.0,0.03349018,1.8619311,1.4988366,0.0,0.0,0.0,0.0,0.8307674,0.0,0.55478495,0.0,1.0866419,0.0,0.0,1.2134411,0.0,0.26819548,0.9382961,1.2011052,0.18769133,0.0,2.1171975,0.0,1.5191604,0.0,0.44266918,0.0,2.913622,0.0,5.5756645,0.0,0.0,0.0,1.8362806,0.0,0.0,0.0,0.115996644,0.0,0.0
1.0711428,1.1759288,0.1779346,0.0,0.0,3.3089187,0.0,0.0,3.3891597,1.6430067,0.0,0.0,1.0025394,1.2533344,0.0,1.5492227,0.0,0.0,0.0,0.0,0.0,1.554881,0.0,1.4558839,1.162506,0.0,3.5592024,0.24860714,0.0,0.0,0.0,0.0,0.0,0.0,0.4879204,1.6325312,0.0,0.0,0.016169026,2.2162352,0.0,1.5644387,0.0,0.0,0.0,0.0,2.4341185,0.0,0.0,1.0399126,0.0,0.08581393,0.0,2.6520135,0.5795787,0.0,0.0,2.5310159,0.0,0.0,1.9022146,0.0,0.78049135,0.0
2.3072834,0.0,2.2931175,0.0,1.9699112,0.0,0.0,0.0,0.0,2.2346573,0.0,0.0,0.0,2.7998557,0.0,0.74811274,0.0,0.0,0.0,1.2712003,0.0,0.0,3.8219483,0.0,0.43153232,5.748483,1.2219701,0.0,0.0,0.0,0.94500536,0.36345893,0.0,1.5572033,0.0,0.7704591,0.04935324,0.0,1.1595209,0.0,0.41391948,0.0,3.1807907,0.0,1.0665082,1.827352,0.0,0.9737104,0.0,0.0,0.0,2.291568,0.0,3.3811142,0.0,0.0,0.0,0.0,0.0,0.0,0.0,0.0,0.0,0.0
0.71170676,3.1754048,0.0,2.8928478,0.0,0.4429041,0.0,0.0,0.52193975,0.0,0.0,0.0,1.379994,0.41291383,1.1298182,0.0,1.1602557,0.0,0.69946736,0.0,0.0,0.47068843,0.0,0.68533885,2.0247426,0.57045656,0.0,0.9759127,0.0,0.0,0.0,1.1514642,0.0,1.2145867,0.0,0.0,0.025627047,0.0,0.0,1.80356,0.0,0.7770021,1.3263519,0.0,0.0,0.0,0.3449653,0.0,0.0,1.0666208,0.0,0.88095236,0.0,0.14859903,0.0,0.0,0.0,1.404562,0.0,2.0155046,0.0,0.0,0.0,0.9330763
0.0,0.0,0.0,0.46272698,1.1846229,1.5912337,1.339599,0.22050592,0.4091302,3.2953963,0.0,0.0,1.286909,0.014898993,0.5404939,0.5342366,1.3338503,0.0,0.035948347,0.0,0.0,0.77118593,0.0,0.0,3.732608,0.0,0.0,0.0,0.0,0.0,0.0,2.7965221,0.0,0.70214343,0.6669637,1.6180681,1.1985865,0.0,0.0,0.0,0.0,1.2710015,0.0,0.0,0.7023942,0.0,0.9545445,0.0,0.0,0.0,0.0,0.0,2.212938,0.0,0.0061687315,0.0,0.0,3.129992,0.0,0.0,2.2154741,0.0,0.21013315,0.0
4.155998,4.7744126,2.17258,0.0,0.0,1.350112,0.55796504,0.0,0.0,1.911705,0.8673026,0.0,2.0176134,0.0,1.5887097,1.2543315,0.0,0.0,3.1654477,1.2219087,0.0,0.0,0.0,2.0975049,3.8272603,0.14340273,0.5038321,0.75788814,0.0,0.0,0.0,1.9668354,0.0,0.08684389,0.0,0.0,0.0,0.0,0.0,0.7841074,0.0,2.116149,0.0,0.0,0.0,1.7837412,2.7781816,0.0,1.8788475,0.0,0.0,0.7580407,0.0,2.211164,0.0,0.0,0.327616,1.2219315,0.0,0.0,0.0,0.0,0.0,0.97742826
2.0602326,3.204284,2.994718,0.0,3.8630185,0.0,4.2077184,0.0,0.0,0.0,0.0,0.0,0.0,0.0,0.0,2.5311954,0.0,0.0,0.49318668,0.7492568,0.0,0.0,0.009698862,0.0,4.0062704,5.865302,6.7342796,0.0,0.0,0.0,2.5092597,0.12821746,0.0,0.0,3.2690818,0.0,1.691731,1.9503583,0.0,0.0,0.21702595,0.0,4.3033566,0.0,3.5676477,6.9550776,0.0,0.0,0.0,1.3460567,0.0,1.106002,0.0,4.845582,2.7000926,0.0,0.0,0.2181765,0.0,0.0,0.0,0.0,0.0,0.0
0.0,0.7051789,1.1925266,0.0,2.0412633,0.0,0.0,0.0,2.617067,2.4628196,0.0,0.0,0.0,1.2766243,0.0,0.38541853,0.0,0.0,0.0,0.32131603,0.0,1.0865155,1.7893045,2.4339461,0.0,0.22688167,0.0,0.0,0.0,0.0,0.0,0.0,0.0,0.7159997,0.0,4.523342,0.0,0.0,2.2703793,0.0,0.0,0.5433603,1.0314559,0.788439,0.0,0.025065554,0.763935,0.0,0.0,1.9042805,0.0,0.0,0.0,1.60208,0.0,0.0,0.0,0.0,0.0,0.0,0.2908735,0.0,3.0379524,0.0
1.3688618,4.629209,0.0,0.0,0.0,1.6491628,0.0,0.0,0.0,0.0,0.0,0.0,2.9637842,0.13655938,2.4688308,0.0,0.0,0.0,2.2541285,0.0,0.0,0.84337497,0.0,4.166299,2.0919068,0.080985904,0.0,3.860186,0.40812913,0.0,0.0,4.4897223,0.0,0.24166572,0.0,1.1848601,0.0,0.0,1.7326361,1.9438365,0.0,3.0769415,0.0,0.0,0.0,0.28553358,0.33909014,0.0,0.1759658,0.0,0.0,0.0,0.23419212,0.0,0.66790956,0.0,0.0,2.2474756,0.0,1.5652268,0.0,0.0,0.0,1.9164767
1.0146437,0.0,1.4415121,0.0,1.9668761,0.75245464,0.4147462,0.0,0.9083303,1.2484438,0.6465698,0.0,1.8182627,0.0,0.0,0.0,0.4693177,0.0,1.5498811,0.0,0.120950796,0.9523006,0.0,0.5285392,0.0,0.0,1.3487468,0.0,0.0,0.0,0.0,0.0,0.20118086,1.1468631,0.0,3.7108872,0.7472309,0.0,1.4491786,1.2249427,0.0,2.3725646,0.0,0.0,0.0,0.0,1.8913515,0.022786403,0.0,1.1132523,0.0,0.104473285,0.6761636,0.14966238,1.4215577,0.0,0.0,3.8902082,0.0,0.0,0.23417199,0.0,1.9109291,0.0
2.1418009,0.027391672,0.9434721,0.0,1.3003474,0.0,0.9505074,0.0,0.0,0.7784079,0.06764553,0.0,0.0,0.0,1.8899306,0.19174743,0.5597384,0.0,0.7058165,0.692402,0.0,0.0,3.026174,0.0,0.0,3.2896748,0.0,0.0,0.0,0.0,0.0,0.8308843,0.0,2.7738357,0.0,1.7137483,1.0401934,0.0,1.0090553,0.0,1.0960656,0.0,2.4398544,0.0,1.0204207,0.37506455,0.0,0.0,0.0,0.0,0.27125025,0.6689838,0.0,0.0,1.2773963,0.0,0.0,0.0,0.0,0.0,0.0,0.0,0.0,0.0
0.0,0.66772836,0.0,0.0,0.0,0.4618143,1.3272991,1.7215818,0.0,0.0,0.0,0.0,0.0,0.0,3.6748369,0.0,2.8251472,0.0,1.6125131,0.0,2.335018,1.6107693,0.0,0.8385728,2.4885476,0.39091092,2.4756856,0.2621405,0.0,0.0,0.0,0.51434,0.0,0.0,1.2078123,0.0,2.5341506,0.31723133,0.0,1.9574765,0.7873299,1.0036216,0.0,0.0,0.0,0.53069746,1.3411249,0.0,0.0,0.0,0.0,0.0,2.267921,0.0,2.8091097,0.0,0.0,0.0,0.0,0.8007497,1.4637786,0.0,1.8751738,0.0
0.0,0.0,0.0,0.5603262,0.0,2.631543,1.1183091,0.8239307,0.74683017,2.4139392,0.0,0.0,2.5627131,0.047495283,1.9234062,0.0,2.666194,0.0,0.726231,0.0,0.2012772,3.9848812,0.0,1.3569677,1.3244001,0.0,0.0,0.0,0.0,0.0,0.0,3.619821,0.0,0.0,1.3572547,1.7640401,2.6337907,0.14576906,0.0,0.9621896,0.0,4.213817,0.0,0.0,0.2518515,0.0,0.0,0.9086319,0.0,0.0,0.0,0.0,1.3260002,0.0,0.30022475,0.0,0.0,3.609109,0.0,1.2211794,3.1214118,0.0,0.30948648,0.0
0.0,0.0,1.1532112,1.4575516,2.4590826,1.3997201,0.0,0.0,2.4335444,5.2728558,0.0,0.0,0.49670318,3.267011,0.0,0.46401572,0.9585428,0.0,0.0,0.0,0.6557556,3.7860293,0.0,0.0,0.5977623,0.0,0.11841416,0.0,0.0,0.0,0.0,1.2319664,0.0,0.0,2.5744095,0.9942104,0.99131936,0.0,0.119286604,0.0,0.0,0.48315293,0.0,0.0,1.6500528,0.80906945,0.0,0.081177615,0.13513795,1.0821414,0.0,0.0,0.40143517,0.35773617,0.0,0.0,0.0,2.5585701,0.0,0.0,1.5722477,0.0,1.4525471,0.0
0.3504116,0.10584625,3.1843522,0.3828096,3.7165604,0.0,0.0,0.0,0.0,3.4499228,0.0,0.0,0.0,0.9733581,0.0,0.0,0.0,0.0,0.0,0.0,0.0,0.0,2.2191281,0.2714635,3.1261196,1.4869417,0.0,0.0,0.0,0.0,1.7871429,2.6134644,0.0,3.4624562,0.0,0.09561925,0.0,0.0,0.0,0.0,0.0,0.0,3.3485065,1.0215695,0.2947192,1.3890204,0.0,0.0,0.0,0.0,0.0,2.9025667,0.0,3.3221874,0.0,0.0,0.0,0.13667348,0.0,0.0,0.0,0.0,0.0,0.0
2.048922,0.40227604,0.070273615,0.10335698,0.0,1.4242117,0.0,0.0,0.5872653,0.8262096,0.0,0.0,0.0,1.7072939,0.0,0.930978,0.0,0.0,0.0,0.1630098,0.0,0.6158973,0.3598414,0.26235548,1.5236565,1.2358462,1.8562309,1.1089528,0.73230964,0.0,0.0,0.7030561,0.0,0.0,0.0,0.81349754,0.0,0.25769752,0.4804279,1.8753048,0.0,1.7970594,0.0,0.0,0.0,0.0,0.0085249115,1.0449255,0.0,0.5390496,0.0,1.6888833,0.0,2.168542,0.3453472,0.0,0.04058036,1.0490013,0.0,0.0,0.0,0.238365,0.0,0.0
1.6525928,2.6306763,1.4144449,0.0,0.96655506,1.8396972,1.9656956,0.0,0.0,0.0,0.5640425,0.0,1.1024195,0.0,0.0,0.0,1.004786,0.0,2.015823,0.80071867,0.8533826,0.0,0.0,0.0,0.0,2.6880383,3.8700433,1.7467408,0.0,0.0,0.0,0.0,0.0,1.1923673,0.0,1.8291888,1.3162315,0.20421346,0.7531169,3.1205912,1.2400807,2.784615,1.17113,0.0,0.0,0.0,1.773989,0.0,0.0,0.0,0.0,0.0,0.0,1.000245,4.7172766,0.0,0.0,0.77250844,0.0,0.48313886,0.0,0.0,0.93007594,0.0
0.0,0.0,0.0,1.7575588,0.9801272,2.5330772,0.05494319,0.41686612,0.7279426,0.906035,0.0,0.042444337,1.5937101,0.53642315,0.94878215,0.0,2.2549818,0.0,0.31871054,0.0,1.4005715,4.5613384,0.0,2.3061478,1.2947857,0.0,2.2869148,0.0,0.0,0.0,0.0,0.9914269,0.0,0.0,2.276492,0.7944543,1.2755634,0.0,0.0,2.833769,0.0,2.5507283,0.0,0.0,1.304934,0.0,0.0,0.0,0.0,0.0,0.0,0.0,1.7549144,0.0,1.0974414,0.0,0.0,2.2508066,0.0,1.9276558,3.7836561,0.0,1.5994121,0.0
0.007681206,2.0938833,0.0,0.5005084,1.1006548,1.2541388,2.2504873,0.0,0.0,0.0,0.13755323,0.0,0.058282945,0.0,1.0867087,0.5796013,0.21138087,0.0,1.5251786,0.0,0.4852393,0.0,0.06798438,2.2520254,2.215982,0.0,1.1427484,0.0,0.0,0.0,0.0,0.0,0.0,1.275694,0.4332177,1.0163542,0.29847693,0.0,0.0,0.0,0.5674706,0.18913835,2.0951903,0.0,0.2821152,0.0,0.49976036,0.0,0.0,0.0,0.0,0.0,0.0,0.0,1.2682779,0.0,0.0,0.30686077,0.0,1.4166125,1.5410191,0.0,0.16486144,0.0
1.3453206,0.0,2.1758337,0.09164913,2.3226922,0.18588848,0.0,0.0,0.0,2.8049052,0.0,0.0,0.0,0.9816454,0.0,1.6229417,0.0,0.0,0.0,0.0,0.0,0.0,0.36017072,0.0,2.851477,1.8320886,2.0543208,0.0,0.0,0.0,0.55420023,1.0940794,0.0,0.54865134,0.019733004,0.0,0.0,0.0,0.0,0.62338436,0.9710274,0.0,0.2911515,0.0,1.4011462,0.79071224,0.0,0.0,0.0,0.0,0.0,3.2850811,0.24863867,2.4920268,0.0,0.0,0.0,0.3308598,0.0,0.0,0.0,0.0,0.0,0.0
0.9550541,1.0611231,0.69850415,0.0,0.8258579,1.4307289,0.0,0.0,2.591695,2.3521073,0.0,0.0,0.0,2.2518454,0.0,1.8746743,0.0,0.0,0.0,0.0,0.0,1.5325736,0.0,0.0,1.8050758,0.9774354,3.5173724,0.0,0.0,0.0,0.0,0.0,0.0,0.0,0.9679469,1.3436007,0.0,0.0,0.0,0.60161257,0.0,0.0,0.0,0.0,1.6418442,1.8413286,1.2880147,0.25827914,0.0,1.0540612,0.0,1.0612141,0.35488755,3.5585024,0.0,0.0,0.0,2.0755694,0.0,0.0,2.1805239,0.0,0.6118631,0.0
1.9046388,3.051054,0.0,1.3366206,0.0,0.0,0.0,0.0,0.55124855,2.1168067,0.0,0.0,2.2021627,1.8636932,1.8429266,0.0,0.0,0.0,0.5508477,0.0,0.0,0.99484575,1.4270848,2.3551903,1.5438391,0.690406,0.0,0.86296445,0.96832013,0.0,0.107509285,2.5255916,0.0,0.69218975,0.0,0.43341833,0.0,0.0,0.0,0.3773886,0.0,1.1966063,0.0,0.0,0.0,0.8818537,0.0,0.0,1.0280734,0.7772727,0.0,0.21533947,0.38647658,0.0,0.0,0.0,0.0,0.0,0.0,0.0,0.0,0.0,0.0,2.3948245
0.0,0.0,0.67527294,2.4079459,1.0112925,0.3735927,0.114239365,0.0,0.0,0.6899723,0.0,0.0,2.5123687,0.0,2.4400306,0.0,2.7958748,0.0,0.9726126,0.0,0.0,1.2959896,0.0,0.08134286,3.8984094,0.0,0.20999639,0.0,0.0,0.0,0.0,2.2950017,0.0,0.0,0.36979562,0.0,0.42219293,0.0,0.0,2.5347881,0.0,0.73819023,1.8822569,0.0,0.668856,0.0,1.1959733,0.0,0.0,0.0,0.0,0.0,1.3131361,0.0,0.0,0.0,0.0,2.1324725,0.0,1.140145,2.1849613,0.0,0.53467065,0.18571581
1.7427703,2.2394423,0.15043539,1.218804,0.30005005,2.5189033,0.0,0.0,0.96870905,0.0,0.0,0.0,5.222024,0.0,2.191245,0.0,0.0,0.0,2.434726,0.0,0.0,0.31391743,0.0,2.6709259,1.3206841,0.0,0.0,0.0,0.0,0.0,0.0,0.17032892,0.0,0.0,0.0,0.0,0.0,0.0,0.0,3.6258655,0.0,3.6891828,0.0,0.0,0.0,0.0,3.0308533,0.0,0.0,1.3557907,0.0,0.8881093,0.038992256,2.0506208,0.8824665,0.0,0.0,3.7134602,0.0,0.0,0.0,0.0,0.7030665,0.0
0.0,0.0,0.0,1.6218778,0.0,0.08292818,0.0,0.0062515386,1.3171437,2.831285,0.0,0.0,2.8641891,0.82481635,0.9083975,0.0,2.18806,0.0,0.23062317,0.0,0.0,3.3815138,0.0,2.0333936,3.2471251,0.0,0.0,1.9807256,0.0,0.0,2.3594618,5.0127244,0.0,0.0,0.5906221,0.0,1.9119488,0.0,0.0,1.5462056,0.0,1.3607302,0.0,0.0,0.0,0.9610249,0.0,0.0,0.22113886,0.0,0.0,0.0,0.0,0.0,0.13377982,0.0,0.0,0.0,0.0,1.0780363,0.58226603,0.0,0.08354084,1.6965585
1.4836204,4.3723426,3.2859685,0.0,3.646766,0.0,0.0,0.0,0.0,1.1131325,0.0,0.0,0.0,1.9079155,0.0,5.304571,0.0,0.0,0.0,4.3229513,0.0,0.0,0.43635818,0.0,3.7433856,9.072333,7.022336,0.0,0.0,0.0,2.567002,1.4260564,0.0,0.0,0.0,0.0,0.075959004,0.0,0.0,0.0,0.0,0.0,2.4458609,0.0,3.8174965,7.3601046,0.0,0.24738172,0.0,0.0,0.0,5.3686976,0.0,9.109765,0.0,0.0,0.0,0.0,0.0,0.0,0.0,0.0,0.0,0.0
0.23865633,2.8196647,1.1319145,0.0,2.165532,1.589196,0.0,0.0,3.8746028,3.9614766,0.0,0.0,0.0,3.625445,0.0,2.067284,0.0,0.0,0.0,0.0,0.0,1.1407344,0.4328431,0.73605835,0.45640555,0.65192115,2.2823308,0.0,0.0,0.0,0.0,0.0,0.0,0.0,0.0,3.1022394,0.0,0.0,0.0,0.0,0.0,0.0,0.0,0.3804297,1.5610793,1.9598435,0.9861304,0.11654574,0.0,1.7049764,0.0,0.0,0.118553236,4.6578836,0.0,0.0,0.0,1.6052511,0.0,0.0,1.2059896,0.0,1.6345179,0.7889531
0.0,0.17368932,0.0,1.8180692,0.7261254,0.0,0.21006128,0.0,0.0,0.0,0.0,0.0,0.0,0.0,1.3367895,0.0,1.0157385,0.0,0.24549167,0.0,0.29486772,0.0,0.29816148,0.0,0.37847906,1.0648474,1.0859697,0.44132748,0.0,0.0,0.0,0.108940095,0.0,2.5481844,0.0,0.45083424,1.1119941,0.0,0.43546683,0.4702434,0.87522906,0.0,1.4415293,0.0,0.66009355,0.0,0.0,0.0,0.0,0.0,0.0,1.5012736,0.50550085,0.0,1.4510913,0.0,0.0,0.0,0.0,1.144216,0.0,0.0,0.0,0.0
0.14701389,0.0,0.5191638,0.18659826,0.0,1.6284342,0.0,0.0,3.4382665,4.781652,0.0,0.0,3.2389536,0.0,0.0,0.2072189,0.25388983,0.0,0.30402002,0.0,0.0,0.8220043,0.42042634,2.424579,3.3054485,0.0,0.0,1.6277686,0.2966294,0.0,0.0,2.7478032,0.0,0.0,0.0,2.1750891,0.0,0.0,0.0,1.1772974,0.0,2.6041026,0.0,0.27603868,0.0,0.8490464,2.0384378,0.0,1.0624198,0.59861535,0.0,0.0,0.0,0.0,0.0,0.0,0.0,1.500667,0.0,0.0,1.1562016,0.0,0.0,2.0233784
0.0,1.85822,0.0,1.432643,0.0,0.0,0.0,0.0,0.0,0.0,0.0,0.0,1.0538276,0.0,2.1292312,0.0,1.2803806,0.0,2.0270793,0.0,0.0,0.34904444,0.0,0.30722326,2.3150184,2.3493958,0.0,3.3954463,0.0,0.0,0.0,2.3440006,0.0,0.040685967,0.0,0.0,3.2331016,0.0,0.06113352,0.09496577,0.0,0.4443952,0.0,0.0,0.0,0.25433427,0.0,0.0,0.0,0.0,0.0,0.0,0.5476379,0.0,1.6930202,0.0,0.0,0.0,0.0,0.88835806,0.0,0.0,0.21635486,0.0
0.0,0.0,0.0,2.2715638,0.40232214,0.95580614,2.3346775,1.8353223,0.0,1.5922529,0.0,0.0,3.1761365,0.0,3.5987883,0.0,3.8885388,0.0,1.842653,0.0,0.10964001,2.1853023,0.0,0.0,1.4176662,0.0,0.0,0.2503048,0.0,0.0,0.0,2.962964,0.0,0.0,1.938722,0.29203632,4.2578516,0.0,0.0,0.60342187,0.0,2.3060768,0.0,0.0,0.0,0.0,0.0,0.0,0.0,0.0,0.0,0.0,2.2423332,0.0,2.0264246,0.0,0.0,1.8244262,0.0,1.4387921,1.4740561,0.0,1.8606585,0.0
0.0,1.0429776,0.0,2.0466719,0.038678598,0.9484685,0.0,0.0,0.7705524,0.0,0.0,1.1686033,4.008033,0.0,2.7889483,0.0,1.5512416,0.0,1.633851,0.0,0.0,0.0,0.13280502,1.6502235,0.0,0.0,0.0,1.3760828,0.0,0.0,0.0,4.894472,0.0,2.4833136,0.0,0.90425915,0.0,0.0,0.0,0.9712885,0.0,2.0969045,1.820697,0.0,0.0,0.0,1.1710839,0.0,0.0,0.0,1.2032961,0.0,0.3512955,0.0,0.28336942,0.0,0.0,2.7169938,0.0,0.54192555,0.93256676,0.0,1.1689242,3.094245
0.0,0.0,0.0,1.7381098,1.3799398,0.40360358,0.11438218,0.22510287,0.0,1.3861074,0.0,0.5324919,0.5332873,0.0,1.2973909,0.0,1.5188699,0.0,0.0,0.0,0.0,0.0,0.0,0.0,1.0766504,0.0,0.74621725,0.0,0.0,0.0,0.0,1.5146059,0.0,1.9052777,0.0,0.8794467,1.1733738,0.0,0.0,0.77785796,0.34297037,1.2689586,1.291747,0.0,0.560287,0.0,0.012215877,0.0,0.0,0.0,0.0,2.1183457,1.9927297,0.0,1.749296,0.0,0.0,2.7175562,0.0,0.0,0.3370457,0.0,1.3857181,0.0
0.0,3.3209777,1.0067463,0.0,0.0,1.9980991,0.0,0.0,0.0,1.5008054,0.0,0.0,0.0,0.0,1.060328,8.717518,0.0,0.0,0.0,4.3817916,0.0,3.5306578,0.0,0.7055939,9.218534,4.055429,6.102662,2.1028645,0.0,0.0,3.5545952,4.6079087,0.0,0.0,0.0,0.0,1.304377,0.0,0.0,0.0,0.0,0.0,0.0,0.0,3.5024092,7.0381246,2.4145246,0.0,0.0,0.0,0.0,3.3697276,0.0,4.594144,0.0,0.0,0.0,0.0,0.0,0.0,0.0,0.0,0.0,0.0
0.29175922,0.0,0.9655429,0.0,1.9163206,0.0,0.98020464,0.0,0.0,1.4456064,0.09513817,0.068984896,0.43298677,0.0,1.0638486,0.10288861,0.8334798,0.0,0.4805303,0.0,0.0,0.338624,0.0,0.0,1.3445771,0.0,0.43922922,0.0,0.0,0.0,0.0,0.590011,0.0,0.58370465,0.117754795,0.10447126,0.048484482,0.0,0.0,0.7799954,0.0,0.0,0.07180062,0.0,0.88045514,0.0,0.8868151,0.0,0.0,0.0,0.0,1.3664299,0.8300482,0.042233404,0.0,0.0,0.0,0.6510207,0.0,0.0,0.6301773,0.0,0.6521136,0.0
3.3705475,1.7101701,1.6224346,0.0,2.9243312,0.0,1.8700645,0.0,0.0,0.33116567,0.0,0.0,0.0,3.6604486,0.0,5.516528,0.0,0.0,0.0,0.3027795,0.0,0.852852,0.80221,0.24697669,8.413258,4.5018196,7.5302243,0.0,0.0,0.0,3.1033757,3.3100464,0.0,0.0,5.201071,0.0,1.6776807,2.6616848,0.0,0.0,0.0,0.0,3.7082899,0.0,4.8135886,9.911901,0.0,1.7910373,0.0,3.5996525,0.0,2.7278543,0.0,7.9421215,0.0,0.0,0.0,0.3040788,0.0,0.0,0.0,0.0,0.0,0.0
0.0,2.5115569,1.743365,0.0,2.3343093,0.0,2.3350034,0.0,0.0,2.2466729,0.7843953,1.5725752,3.6206455,0.0,2.5105155,0.0,0.0,0.0,0.9710985,0.0,0.0,0.0,1.0471909,3.5151973,1.9881046,0.0,0.0,0.0,0.0,0.0,0.0,3.051542,0.0,2.3611412,0.15863073,0.91870284,0.0,0.273688,0.0,0.0,0.0,0.85165024,0.073568285,0.0,1.2181383,0.0,1.2933204,0.0,1.9523072,0.0,1.7126583,0.27777618,0.44582325,0.0,0.0,0.0,0.0,0.077663094,0.0,0.0,1.7332135,0.0,0.48039818,1.1528882
0.05850447,0.0,1.2887182,0.38246423,1.4576089,0.0,0.0,0.0,0.0,2.8393848,0.0,0.0,0.0,1.0458305,0.0,0.0,0.0,0.0,0.0,0.0,0.0,0.0,3.9451053,0.03652648,0.0,1.784987,0.0,0.56944865,0.0,0.0,1.6624001,2.2649546,0.13319471,2.8768456,0.0,1.6066248,1.4834919,0.0,0.23566128,0.0,0.0,0.0,3.9447784,0.81096494,0.27191105,0.81912875,0.0,0.0,0.0,0.0,0.13845566,1.1551002,0.0,0.20947853,0.0,0.0,0.0,0.0,0.0,0.0,0.0,0.0,0.0,0.0
0.0,0.07571293,0.031155907,0.31905767,0.35702407,0.9987598,0.0,0.0,5.0222163,4.276797,0.0,0.0,1.9168963,0.10166294,0.0,0.0,0.11389216,0.0,0.0,0.0,0.0,1.0377941,1.3908644,3.316098,0.320465,0.0,0.0,1.3575302,0.0,0.0,0.0,1.3219438,0.7318522,0.35491943,0.0,3.2739425,0.0,0.0,1.4191353,0.5449165,0.0,1.5948265,0.0,1.5362158,0.0,0.49627462,1.9762263,0.0,0.0,3.2242303,0.0,0.0,0.0,0.22051625,0.0,0.0,0.0,1.3420843,0.0,0.0,0.5267693,0.0,1.6878107,1.548653
0.3569542,0.0,1.9154544,0.6488241,2.5443532,0.0,0.0,0.0,0.0,0.60569197,0.0,0.0,0.0,0.9355298,0.0,0.7417705,0.0,0.0,0.0,0.25942937,0.0,0.0,1.3512312,0.0,0.0,3.224553,2.456207,0.17154513,0.0,0.0,0.26702964,0.0,0.0,1.3787372,0.0,0.45784485,0.55951333,0.0,1.0431,0.25619707,0.6820651,0.0,2.9811907,0.0,0.8344034,1.1588559,0.0,1.0594059,0.0,0.07059054,0.0,1.9489008,0.0,2.9222093,0.52014077,0.0,0.0,0.33526358,0.0,0.0,0.0,0.0,0.0,0.0
0.9163556,2.3752322,0.7697357,0.0,0.0,0.34682897,0.0,0.0,2.345953,3.0982428,0.0,0.0,0.0,2.9143314,0.0,1.5185033,0.0,0.0,0.0,1.5990741,0.0,1.1960948,2.1755586,0.17624998,0.0,2.4567347,0.0,2.3372793,0.17953669,0.0,0.0,0.83244,0.0,0.0,0.0,3.4505486,0.3680035,0.0,2.172992,0.0,0.0,2.0066993,0.10094808,0.0,0.0,2.2536674,0.7601723,0.9708555,0.0,0.6003981,0.0,0.0,0.0,3.4828308,0.0,0.0,0.0,0.0,0.0,0.0,0.0,0.21196717,0.12749293,0.92294157
0.0,0.0,0.06291663,0.0,1.0930257,0.0,0.41622505,0.25117624,0.0,1.0247402,0.0,0.0,0.0,0.2799881,1.6177723,0.8537953,0.8608718,0.0,0.0,0.0,0.4788282,0.92429084,0.033552185,0.07114692,2.424693,1.8466153,2.3334618,0.0,0.0,0.0,0.0,0.90520424,0.0,0.055466536,0.42096636,0.4844536,0.1799857,0.0,0.0054641534,1.5407492,0.33391377,0.0,1.039249,0.0,1.7010754,0.0,0.02589579,0.0,0.0,0.0,0.0,2.5076292,1.371514,0.0,1.0600356,0.0,0.0,0.0,0.0,0.41105643,1.6853162,0.0,0.6461097,0.0
1.036552,0.0,1.1347085,0.0,1.4826543,0.13829952,0.0,0.0,0.089715116,1.5307423,0.0,0.0,0.0,2.1916554,0.0,0.98520267,0.0,0.0,0.0,0.2917105,0.0,0.57785237,0.9919568,0.0,0.119909294,1.9603353,2.2815833,0.0,0.0,0.0,0.0,0.47288385,0.0,0.0,0.0,1.5775967,0.0,0.14920488,0.8185287,0.15824826,0.11543812,0.0,0.24008855,0.0,0.8037106,0.34112692,0.0,0.6889669,0.0,0.0,0.0,1.8940967,0.06864984,2.4183536,0.0,0.0,0.0,0.8257698,0.0,0.0,0.084380135,0.0,0.0,0.0
0.095633924,1.8626605,0.0,1.2668288,0.0,0.0,0.0,0.0,0.0,0.0,0.10592946,0.19106142,2.4047005,0.0,1.265707,0.0,1.7801194,0.0,2.2495692,0.0,0.0,0.0,0.0,0.0,0.0,1.6977794,0.0,3.783365,0.23822084,0.0,0.0,1.494565,0.113327935,1.9283037,0.0,1.1133854,2.5411782,0.0,0.19753462,1.2882293,0.10659462,1.1051528,0.8860016,0.0,0.0,0.0,0.018098844,0.0,0.0,0.0,0.8603045,0.0,1.1316689,0.0,2.3635564,0.0,0.0,0.9865197,0.0,1.0274299,0.0,0.0,1.7035786,0.8611075
0.6087372,1.4327984,0.0,1.0185746,0.0,0.0,0.0,0.0,0.360634,0.0,0.0,0.0,1.8242093,1.0242563,2.384288,0.0,1.2525884,0.0,0.5996018,0.0,0.0,0.41611,0.0,0.6682635,1.070488,1.4967393,0.0,2.373153,0.6909784,0.0,0.0,2.938453,0.0,0.25907868,0.0,0.29902482,0.5869018,0.0,0.077103026,2.4466033,0.0,2.0201128,0.12391357,0.0,0.0,0.0,0.24613748,0.0,0.0,0.0,0.0,0.0,0.6427619,0.0,0.736693,0.0,0.0,1.2766105,0.0,0.75237197,0.0,0.0,0.0,1.2412179
0.0,0.906857,0.0,4.66415,0.3479925,0.0,0.0,0.0,0.0,0.054621402,0.0,0.123213,1.116593,0.13686496,2.4405684,0.0,3.2949872,0.0,0.6912542,0.0,0.0,1.2175103,0.0,0.14498797,2.1931744,0.8889429,0.0,0.5835534,0.0,0.0,0.0,1.1719332,0.0,1.8049628,0.36895323,0.0,2.2836964,0.0,0.0,1.1677402,0.5678756,0.0,2.8738267,0.0,1.2938128,0.0,0.0,0.0,0.0,0.0,0.0,0.76766825,1.6178664,0.0,0.0,0.0,0.0,0.0,0.0,1.0194193,0.6684041,0.0,0.682015,0.0
0.0,0.62808585,0.0,0.6748654,0.6921396,0.07744026,2.88803,0.30062333,0.0,0.08074133,0.15021852,0.01560157,1.8054092,0.0,3.0266051,0.0,3.908428,0.0,2.846323,0.0,0.6258235,0.47910807,0.0,0.0,0.31386584,0.5630963,0.97018695,1.2714046,0.0,0.0,0.0,0.26971912,0.0,0.0,0.9151785,0.0,2.6170843,0.0,0.0,1.7592458,0.7019875,0.0,0.19317931,0.0,0.0,0.37191263,0.10434355,0.0,0.0,0.0,0.0,0.0,1.0218477,0.0,2.0364745,0.0,0.0,0.0,0.0,1.0775537,0.0,0.0,2.4451647,0.0
0.70909876,1.2079358,0.078840554,1.1286105,0.0,0.0,0.0,0.0,0.51502746,0.0,0.3469809,0.16787185,1.9763557,0.0,0.7849599,0.0,1.326345,0.0,1.2150165,0.0,0.0,0.0,0.0,0.035695747,0.09890689,0.37184334,0.0,1.6515296,0.011024772,0.0,0.0,1.5025988,0.0,1.1393949,0.0,0.28217864,0.49203345,0.0,0.0,1.4232569,0.0,1.3282382,0.55150366,0.0,0.0,0.0,0.18238007,0.0,0.0,0.17947267,0.46904445,0.05751323,0.0,0.14657466,0.29613358,0.0,0.0,1.5222327,0.061499123,0.43523386,0.0,0.0,0.6889959,1.3034217
0.61055964,0.67907304,0.0,0.0,0.333381,0.0,0.90054345,0.15156282,0.0,0.5671505,0.0,0.085725494,0.071700014,0.0,1.3115056,0.0,0.290501,0.0,0.18420963,0.0,0.27208003,0.31035283,0.47741306,1.2803264,0.0,1.6294347,1.171807,0.049372073,0.0,0.0,0.0,0.0,0.0,0.5988868,0.49925566,1.3394126,0.0,0.0,0.5766794,2.7271347,0.0,0.5434745,0.16624498,0.0,0.0,0.0,0.0,0.0,0.0,0.0,0.0,0.6208834,0.3558522,0.0,1.8015053,0.0,0.0,0.0,0.0,0.0,0.095645905,0.0,0.5980979,0.0
0.95752484,0.92035216,0.0,0.37586084,0.0,0.842562,0.0,0.43392202,0.0,0.0,0.0,0.0,0.0,0.42605034,1.4486566,0.5274932,0.0,0.0,0.0,0.29315245,0.6890902,0.66629297,0.0,0.43833816,1.8529679,1.4559226,2.7594507,0.31963637,0.0,0.0,0.0,0.35942578,0.0,0.0,0.0,0.0,0.0,0.31099182,0.30811375,1.6458308,0.24653518,1.5331126,0.3407532,0.0,0.23026524,0.6027038,0.044523448,0.0,0.0,0.0,0.0,1.2539384,0.4445913,1.0752416,2.4973948,0.0,0.0,0.45932427,0.0,0.47243714,0.6153223,0.0,0.0,0.0
3.6396825,2.0757625,1.36218,0.1335797,0.42542753,0.0,0.0,0.0,0.0,2.685868,0.0,0.0,0.01848651,1.0319908,0.28075486,0.0,0.62002766,0.0,0.0,1.1397494,0.0,0.0,1.0360662,0.0,1.8678821,1.3175669,0.0,0.21432514,0.0,0.0,0.0,3.244754,0.0,1.7614065,0.0,0.6732026,0.0,0.0,0.7572483,0.0,0.0,0.36733854,0.082299724,0.38045782,0.0,0.62754524,1.0249676,0.43329063,0.0,0.14539376,0.0,1.9869229,0.0,1.853927,0.0,0.0,0.0,1.3539964,0.0,0.0,0.0,0.30385616,0.0,0.391023
