1.1007091,0.7476649,0.28475904,0.76617783,0.17526133,0.5403572,0.08105546,0.25809506,0.29874772,0.2707923,0.6567353,-0.01487343,-0.10431785,0.34388062,0.6594329,0.2543901,0.9585304,0.8532016,0.23687696,0.29423347,0.3467488,0.20436592,0.7785828,0.6257268,0.34960347,0.27099174,0.02619885,-0.06507808,0.3835626,0.2654631,0.29623848,-0.01735926,0.2818762,1.0201356,0.3340191,-0.15472098,0.49988914,0.06685323,0.4665141,0.6044633,0.08151902,-0.08023846,0.5926774,0.78524035,0.25359458,0.2040372,0.1173055,0.11574903,0.05584452,0.7213204,0.31091532,0.38192505,0.10916224,0.47140282,0.016211916,0.24998163,0.031533014,0.64724207,0.23104273,0.39623362,0.5271314,0.10221873,0.20533322,0.34588596,0.03116915,0.83868915,0.21293834,0.37425914,0.29218975,0.3714909,0.3447449,0.8230906,0.6468174,0.09906104,0.057009436,0.447838,0.4827679,0.73756546,0.287579,0.16861911,0.53842634,0.23350662,0.7499931,0.040268227,0.21635206,-0.19193359,-0.12856072,-0.10016285,0.9496351,0.6352583,-0.092200756,0.01855041,0.7426135,0.38753343,0.35553277,0.1717583,0.025276188,0.12650594,0.6562449,0.44036177,0.032624833,0.37060684,0.47550303,0.061127022,0.13236791,0.2470527,0.8153626,0.5331204,0.5277084,0.26596653,0.25413138,0.23586829,0.25593424,0.2716222,-0.07547287,0.5255202,0.37017646,0.26787558,-0.21293457,0.1421296,0.19687082,0.053687826,0.52678764,0.21459915,-0.10203563,0.5557173,0.16204685,0.5876643,0.83333826,0.15823776,0.32642385,0.5297468,0.5607107,-0.15418665,0.28955117,0.048749022,0.25022462,0.021049853,0.6361601,0.75197476,-0.38455042,0.23725916,0.2332758,0.40495455,0.6240466,-0.16534969,0.67175746,0.12280245,0.48712307,1.0148846,0.52284575,0.59558314,0.18870613,0.32981667,0.5645335,0.6494292,-0.08959041,0.28644407,0.5109872,0.57140845,0.19056897,0.093759686,0.26742655,1.0442138,1.1927359,1.0416949,0.38935125,0.37539148,0.35247394,0.29188207,0.8882824,0.20126383,0.4835766,0.20999245,0.5990536,0.4829416,0.6858539,0.48777556,0.59769,0.71827435,0.43448806,0.07645254,0.53655803,0.42341208,0.58983,0.85166067,0.53056556,0.55634975,0.22468206,0.59804344,0.52170587,0.4843112,0.6385299,-0.36618105,0.6518302,0.8225424,0.060865212,0.3925542,0.58242613,0.80551
0.43360758,0.45722583,0.2663278,1.0366833,1.9007776,1.0329752,2.1162488,1.40297,0.4273176,2.2768168,-1.1862314,0.073091716,2.7808022,0.9667519,0.9143804,0.14726299,0.18805882,1.4811178,1.3700447,1.8808873,-1.7569219,2.0029135,1.1419008,0.6890841,-0.5637109,0.44971177,1.5869833,0.97195816,-0.66089183,0.7633269,0.8853062,1.1377552,-1.7590841,0.8550546,0.4729227,2.6368942,0.29826152,1.7717441,1.8863804,0.934957,1.7931312,2.5970018,0.9810198,0.4926248,0.5565069,-0.69143087,1.9525915,2.8017182,1.2462988,0.94968474,0.49036804,-0.011733457,-0.089846015,1.7794241,0.94950515,-2.1330426,1.4594703,0.90682524,0.6154409,-0.77337795,1.2327638,0.55130976,0.11094557,1.2713287,0.43382353,0.36490497,0.43056014,1.1183244,-1.7647185,1.2719032,1.7890528,0.33284384,0.9010018,1.7592564,1.887466,1.3414774,0.40988865,0.15665059,1.2809196,-1.3478324,-1.7882742,1.5340116,1.1710422,1.3719746,1.5124767,2.500959,2.8223462,2.0217013,0.6686794,0.8683238,2.2965057,2.2296808,0.5760624,1.5639338,-1.545743,1.9820601,1.9869077,-1.9039218,-0.7648761,-1.6055044,2.198612,-1.8613484,1.3673357,2.4200747,1.1181878,1.2000035,0.5186701,-1.759246,1.0482463,0.9359418,1.2991005,-0.91272914,1.2090436,-0.22598718,-1.1383058,1.1434535,0.51555395,1.2707374,0.42445487,0.76751065,-1.2832778,1.2499106,1.0141212,0.9404142,1.7569811,0.41532034,-0.5671354,0.5314825,1.2142595,1.9401249,1.6177819,1.9778844,1.3462286,1.8895394,1.9327041,-0.047265373,1.7717214,1.9887788,1.5670528,1.494455,3.0428064,0.9528574,-0.93254435,-0.50493485,0.878707,1.5073912,1.2264638,0.31217661,0.9682472,0.90454495,0.8563014,0.7697809,-1.1089276,0.8715863,1.2687714,0.5402144,3.1922417,-0.18072452,0.9472306,1.7177283,-0.97817725,-1.2743282,-1.343597,0.39807674,0.30043215,0.5793938,0.7941301,-1.2025548,0.85962915,1.0106001,0.737588,0.5431599,1.3874856,0.83463895,0.43900564,1.2327478,1.0537776,-1.2979192,1.2343818,0.8967263,1.8831196,1.7108884,0.1956346,0.58447677,0.33625174,0.6910112,1.8532072,0.93022794,-1.0296403,1.3175994,0.9235049,0.9188793,0.9707832,1.3295612,1.1457303,0.94907653,-1.2446996,0.31469718,0.3060218,1.0802593
-0.07039882,-0.32071218,0.010364316,-0.6575053,-0.7948443,-0.7056188,-0.8749204,-0.95891863,-0.6599532,-1.095043,-0.32928783,0.3145892,-0.99479395,-1.1556455,-1.0012015,-0.25397202,-0.45266986,-0.17310761,-1.1332932,-0.6508754,0.8768308,-0.7982666,-0.72311,0.022143947,0.7205533,-0.6642477,-0.9725994,-0.068220824,-0.6492367,-0.51598203,-0.88982993,-0.50017655,0.63627243,-0.5510766,0.40850416,-0.99276656,-1.201083,-0.74274105,-1.2424773,-0.56861126,-0.3734382,-0.31265956,-0.38712955,-0.38368934,-0.21957774,0.11776313,-0.07688399,-0.7914447,-1.4195461,-0.14978589,-0.44901723,0.20523062,-0.8644782,-1.3178557,0.0046017217,0.8724929,-1.1656475,-0.11135376,-1.1701139,-0.045140333,-0.3051808,-0.6965086,0.74420595,-0.7427979,0.04643083,0.32640496,-0.21429059,-0.23784292,0.57576454,-1.039504,-1.126506,0.12935947,-0.102636725,-0.6791805,-0.6241113,-1.3369606,-0.365978,-0.35434347,-0.52457696,0.11839135,0.5282964,0.21624407,-0.5636311,-1.3636224,-0.8669909,-0.6168193,-0.5699753,-0.4644505,-0.24729297,0.06418935,-0.2158327,-0.34467188,-0.31951606,-0.5479614,0.28881207,-1.455741,-1.5275228,0.9833874,0.0036215498,-0.25013125,-0.83316755,0.54647595,-0.3570488,-0.8743183,-1.0983613,-1.5406046,-0.02128998,0.77163815,-1.4039458,-0.5373925,-1.5357012,0.42882437,-0.4678408,-0.041821733,1.0240482,0.18026124,-0.42104042,-0.75239414,-0.30487907,-0.75637317,1.1119254,-0.25864542,-0.0025185533,-0.41525993,-0.64865977,0.17646909,0.2434049,0.14730604,-0.8664014,-0.8133815,-0.8852221,-1.3722656,-0.6113176,-0.16190147,-0.1181136,-0.17942156,-0.9519428,-1.2342458,-1.2362535,-0.33064407,-0.43406877,-1.5670116,1.113385,-0.7893424,0.117402874,-0.6940827,-0.19127585,-0.28770724,-0.35772657,-0.4799855,-1.0491103,-0.67861384,1.0693578,-0.4605215,-0.29070386,-0.2743598,-1.2554431,0.31057593,-0.5006752,-0.2590258,0.7860668,0.5285559,0.87319195,0.25913835,-0.08250728,-0.38784993,-1.0104222,0.7066654,-0.52925396,-0.64435184,0.36196744,-0.34435314,-1.0449425,0.5596694,-0.3822733,-0.6025806,-0.40101063,0.550805,-0.86385465,-0.4687587,-1.3794727,-0.045817625,-0.5862899,-0.25365317,-0.36280072,-0.5374576,-0.59205866,-0.07464207,-0.012820989,0.15493117,0.021108473,-0.5662118,-1.0968152,-0.013700817,-1.0140631,-0.8806243,0.9796744,0.013603579,0.17968203,-0.5932232
0.024979413,0.37915945,-0.549942,0.9586057,-0.105218925,1.0097044,0.06596127,-0.1415358,0.39058116,0.50680226,-0.02341861,0.9750756,-0.47243977,0.6521215,1.4093609,0.60265857,0.37039518,-0.3413626,-0.12448873,0.7221924,-0.47268245,0.45505407,0.549295,0.19444616,-0.12717308,1.116143,0.40074885,0.449034,-0.3603406,0.7741904,1.1716719,0.17672087,-0.118194565,0.30996448,1.2750611,-0.21923815,0.4718094,-0.18422288,0.8284651,0.38366252,-0.10776578,-0.4189157,0.499583,0.67879564,-0.09266045,-0.7031774,-0.2792933,0.39746365,-0.41757578,0.5327499,1.1617391,1.4191127,-0.06531675,-0.46182087,-0.11411674,0.5428742,0.4618861,0.37201723,0.3173741,0.486914,1.2242469,0.8280537,0.6507255,0.70454055,0.9971627,0.302835,1.4111366,1.0132116,0.89775467,1.1071774,0.5462169,0.004382821,-0.3947199,0.62147903,0.9346742,1.0814854,1.0266297,0.8309418,0.68243784,-0.51418805,0.6051184,-0.47758693,0.23095715,0.5664767,-0.59325606,0.1695757,0.089816965,0.3398126,0.7329358,0.03817911,-0.24199013,0.1044627,0.0706079,0.1818555,-0.1358052,-0.9876841,0.7817562,-0.22122593,0.09042123,0.4298206,0.06755599,-0.09080131,0.19855465,0.044640854,0.39612043,-0.13479012,0.45320803,-0.08474514,0.98779875,0.2220008,0.4619102,-0.2783553,-0.15572207,0.013626993,-0.5715756,-0.02012639,-0.21334174,-0.24770012,0.6761136,0.41434523,-0.16255783,0.69989425,0.074806675,1.7180663,0.49350527,0.119280234,-1.150124,0.3651806,0.7375912,-0.24385136,0.37209105,-0.15477255,0.97369206,-0.611968,0.25063744,-0.55260974,0.48332354,0.31532383,0.35405257,-0.18081728,-0.18838602,0.48576847,-0.1523147,-0.4210545,1.2625903,0.36161935,-0.17904565,1.4361274,0.39996743,0.31815135,0.9624573,0.32219446,-0.28448996,0.9021889,0.54380023,-0.2081339,0.27160043,1.6150097,-0.32933754,-0.63157195,0.2616025,-0.25689843,0.21532084,0.29089543,0.5190321,0.32584375,1.2410489,-0.20201232,1.2822115,0.42735186,-0.07887412,1.0924878,0.43593043,0.40367255,1.0593519,0.61568207,0.10681188,-0.4447648,0.6893194,0.09958066,0.31044927,0.6257205,1.4780881,0.697776,0.60287577,0.41311836,0.23190153,1.0587319,0.028913356,-0.5792092,0.85117835,0.621337,1.2763425,-0.59439266,0.80372924,0.3562507,-0.23662148,0.60763794,1.205814,-0.065337874
-0.13724202,0.36730126,-0.7962474,0.18143749,-0.82223743,-0.107149765,-0.41345626,-0.38504153,-0.03914179,-0.17528325,0.71053827,-1.02893,-1.1353198,-0.35109386,-0.41423875,0.16686006,-0.37135008,-0.095088884,-0.62527627,-0.641784,0.5676903,-1.0183582,0.016109765,0.045720592,0.57557225,-0.50364447,-0.86018336,-0.4340917,0.46681923,-0.90535975,-0.3614494,-0.87726766,0.2511006,0.4716227,-0.22672918,-1.0786856,-0.8883623,-0.3875851,-0.15089859,-0.62981635,-0.64783573,-0.6342699,-0.2764758,0.30843386,-0.01663555,0.0740509,-0.7502273,-0.10415316,-0.5437315,0.6783731,-0.6366677,-0.23856577,-0.69435006,-0.58242613,-0.38549474,0.6803179,-1.1792454,0.15159586,-0.98267025,-0.3204575,-1.5890676,0.28669554,-0.3036337,-1.5712523,-0.2639311,-0.14396697,-0.832591,-0.76841044,1.1073684,-0.742676,-1.0195317,0.49703625,-0.0173854,-0.80418205,-0.94160765,-0.8773362,-1.085064,0.10704033,-0.57161885,0.18609716,1.1372819,-0.1258895,-0.6190201,-1.3741938,-0.25788653,-1.3089948,-0.88348794,-0.6215074,-0.006942896,0.8110436,-0.97093505,-1.2434441,0.65923834,-0.31248623,0.78841007,-0.83328813,-0.59789115,0.3835921,1.1484278,1.6920997,-1.0578516,0.95635647,0.033365704,0.17665641,-0.61669755,-0.5300011,0.43154186,1.015306,-0.5452086,-0.20238896,-0.96460253,1.1430997,-0.33677518,0.7788157,1.2122363,-0.057326466,0.25635487,-0.4978758,-1.0386716,-0.55637527,0.91072625,-1.0628699,-0.41620016,-0.7477846,-1.2479042,-0.11110066,0.5520902,-0.5041089,-0.14503543,-0.68028194,-0.36175063,-0.48177782,-0.100555204,-0.030613894,-0.6996504,-0.4367892,-0.6977136,-1.1767188,-0.22842523,-0.46734136,-0.4627226,-0.7437781,0.5217841,0.50791353,-0.6319788,-1.2466782,-0.35446593,-1.3288891,0.16925073,0.07116862,-1.4989232,-0.418593,0.65474844,-0.6773921,-0.53877753,0.15263054,-0.4654694,-0.11347051,0.29721317,-0.2867141,0.82188255,0.2828848,1.3126211,0.15948129,0.34276518,0.40953603,-0.7611482,0.35882938,-0.8305434,-0.6243765,0.2714241,-0.088215545,-1.2559112,-0.9613104,-0.5446653,-0.7277837,-0.06164591,0.22090237,-1.4452653,0.1060861,-0.24214189,-0.6566649,-0.7928523,-0.056038283,-0.46116075,0.5493819,-1.2261196,-0.697724,-0.4820207,0.75592357,-0.14735696,-0.330703,-0.21516731,-0.33646867,-0.4621288,-0.12144967,0.9327208,-0.3851904,-0.7781667,0.9150025
-0.21242496,-0.34802708,-0.11946491,-0.4796524,-0.39271864,-0.71118635,-1.1216743,-0.8523958,-1.1347808,-0.7828677,0.025096843,0.3071242,-1.3852096,-1.039936,-0.43934178,-0.114700064,-0.5609558,-0.48369214,-1.3491726,-0.5254858,0.82339656,-1.250387,-0.8966048,-0.4423131,0.39757475,-0.52182585,-1.2846361,-0.25632262,-0.3828782,-0.050929196,-0.13774318,-1.35568,0.69291604,-0.8099211,0.28410307,-0.98991686,-0.9070813,-0.83368576,-0.7349695,-0.81685764,-0.67580765,-0.27988172,-0.75176984,-0.61811,-0.26176447,0.5621033,-0.7449046,-0.44823912,-1.2391808,-0.15912567,-0.18557677,0.3813307,-0.14937916,-1.2841667,-0.06380253,1.2315862,-1.1891717,-0.44836876,-0.9079265,0.6673424,0.04024376,-0.6511827,1.0681032,-0.373013,-0.5024232,-0.36913767,0.05238612,0.23457174,0.5984818,-0.4685076,-1.2792033,-0.43033054,-0.51885307,-1.0514781,-0.77323604,-1.1363811,-0.19959468,-0.4386835,-1.1594145,0.6754092,0.6974755,0.05440056,-0.91561735,-1.1312791,-1.6269327,-1.0239756,-0.5621454,-1.4519241,0.016445639,-0.47922269,-0.59356785,-0.5667282,-0.52778506,-0.74337184,-0.04575007,-1.5580107,-1.0858171,1.2053192,0.5081638,0.056178067,-0.8229517,0.67091185,-0.5248987,-0.9544265,-1.0352072,-1.1786749,-0.5271298,1.2552874,-1.0888641,-0.80371934,-1.0132841,0.25227165,-0.9769855,0.1519424,1.3294483,-0.01585264,-0.9657161,-0.79838,0.06751682,-0.46259412,1.4097877,-0.0565444,-0.11934154,0.18336996,-0.79913056,-0.41547182,0.28204036,-0.56704944,-0.4472336,-0.48139098,-1.0865386,-1.306802,-0.87815845,-0.7176014,-0.6568251,-0.22556129,-0.47095785,-0.51769316,-0.73887914,-0.5214193,-0.5326215,-1.2746941,1.1890986,-0.57475936,-0.040137596,-0.679648,-0.5262586,-0.17681879,-0.5767212,-0.6456698,-0.7014586,-0.7697323,1.035617,-0.030249245,-0.1396704,-0.90825397,-1.2882054,0.57931495,-0.9533944,-0.31319666,1.0639691,0.31116915,1.1001253,-0.2993302,-0.52021635,-0.78586507,-0.42351192,0.74513245,-0.6203289,-0.7173195,-0.24088043,-0.52777535,-0.88238263,0.50852275,-0.04042985,-0.8448433,-0.8678338,0.42712292,-0.7245459,-0.63091683,-1.5068235,-0.44445053,-0.2268301,-0.35495758,-0.7420678,-0.45242003,-0.61071384,0.10925003,-0.38368204,-0.35108945,-0.045022346,-0.2555912,-1.121665,-0.2853737,-0.8268914,-1.1282408,1.1654058,0.3964616,0.040966094,-1.0583998
0.28860468,0.05015443,-0.7155755,0.9140417,0.85834515,0.97309655,1.3759397,0.5829616,0.4084874,1.6206679,-1.7914387,0.480842,1.7994335,0.31805155,0.9432271,-1.0337481,-0.82730025,0.57444465,0.58841896,0.97766364,-2.4673352,0.6852019,0.43366906,-0.2589193,-1.7982519,1.0815157,1.4667841,0.106737286,-2.0554695,1.7609144,0.3590005,1.1163914,-1.5407668,0.22219703,0.062405735,1.3190378,0.49102715,1.7495393,1.6698025,0.7299223,1.8789095,2.864402,0.6244881,0.8006313,0.40751386,-1.2999223,1.2250715,1.4398123,1.0774716,0.830943,1.2488226,1.0985085,-1.2798659,0.8029516,-0.32406747,-2.0949104,1.1435417,0.51526356,1.0253061,-0.8826656,1.7767916,1.0387007,0.6289475,1.5953866,0.3999214,0.030079233,0.74023986,1.753678,-1.1059252,1.3944019,1.141441,-0.0929242,0.035010763,1.8060178,1.442184,0.7591382,1.2788167,-0.09646088,0.22663385,-1.8984566,-1.6518091,-0.52191144,0.66688895,1.455366,0.53504264,1.365904,2.1136985,1.3291605,-0.38284424,-0.17201266,0.961689,0.44003335,-0.32525182,0.878275,-2.523114,0.8642711,1.5603635,-1.6189318,-1.5334032,-2.3188376,2.0274603,-2.6403975,0.5984696,1.4057177,0.6678138,0.115352064,0.14744166,-2.213128,0.8704484,0.45572335,0.78925633,-1.5868965,0.10986824,-1.6685628,-1.7696583,0.38620588,0.06963748,1.1208657,1.4121274,0.94111377,-1.8977764,1.6275839,0.6268118,1.2531909,1.3382292,0.37983224,-1.5829422,0.6166947,0.98439336,1.930161,1.338768,0.824829,1.1370461,0.47712085,1.3117868,-0.41969973,1.0552336,1.69274,1.0638118,0.511887,1.5284597,0.6678474,-1.6211028,-2.380652,0.89984274,1.4752684,1.2974052,1.042032,0.4769143,0.091743045,1.0002347,0.90167457,-2.0044165,0.40618882,1.0130529,0.19348282,0.7775499,0.6152812,0.32101375,0.539756,-1.845609,-1.2280823,-1.6369267,-0.10658392,-0.05490518,-0.39993772,1.5366921,-2.1244762,0.893428,0.5022043,0.020746326,0.49302977,1.070947,0.79247653,0.90264344,0.93333304,0.70046645,-1.5224947,1.4790263,0.13797837,0.7957756,1.0623367,0.6870887,0.32055432,0.2534246,0.69066477,0.5831746,1.0375692,-1.4220322,0.012213947,1.2722201,1.1331031,1.0102816,-0.15190092,0.27158734,-0.159656,-2.1755836,-0.21826336,0.7547562,0.40150335
0.5785383,-0.23908515,0.23888353,0.17368771,-0.3886409,-0.8382302,-0.40785128,0.22838327,-0.27795273,-0.9959133,0.65811485,-0.6108946,-1.1984568,-1.0329002,-1.0449104,1.3305255,0.59606755,0.59361064,-0.96247864,-0.8050278,0.73320603,-0.72650504,-0.94826525,0.19266547,0.9705062,-1.1584281,-1.3802801,0.00026800018,0.4948989,-1.1643524,-0.77202016,-0.56189865,0.9482273,0.074854836,-0.76858455,-1.2085057,-1.1999192,-1.2417939,-0.53782606,-0.087270096,-0.6063872,-0.2610966,-0.5535336,-0.57670516,0.3040482,0.881849,0.25718793,0.03681067,0.039815854,0.25142717,-0.12254333,-0.23281243,1.6425699,-0.70358783,-0.37745467,0.8286411,-1.5598781,0.0053825653,-0.9311368,0.6848337,0.08076988,-0.5744968,-0.3961323,-1.5016,0.66369444,0.48335865,-1.0767257,-1.2062349,0.013277084,-1.1078469,-0.40033293,0.16595559,0.44344664,-0.3450697,-1.4291139,-0.82746625,-2.0442464,-0.69109046,-0.617529,0.13460462,1.0650581,0.43622413,0.0069520436,-0.44680992,0.037914596,0.258195,-0.687783,-1.2690641,-0.64293563,0.3652619,1.8787007,-0.7236016,0.536057,-0.52764887,0.8846348,-0.09030701,-1.1024027,-0.15923692,1.1093043,0.66425604,-0.26572633,0.34962463,-0.1876942,-0.3590211,-0.8893374,-0.48605275,0.23686938,0.6613056,-0.95955056,-0.5638198,-1.1150312,-0.67256963,0.043567017,1.5327406,0.17151488,0.030879071,0.23709968,-0.09543344,-0.408408,-0.3076317,0.39580286,-0.99105346,-0.28101727,-1.6003653,-1.017114,0.07328865,1.2290326,-0.36950138,-1.0601206,-0.9511257,-0.67343795,-0.4100395,-1.3073825,0.25355113,-0.52442485,1.0390677,0.12269296,-0.19905165,-0.49013957,0.35706612,-1.007832,-1.2704657,0.5520017,0.20648089,-0.39074698,-1.0189989,0.42630726,-0.8165539,-0.86438704,-0.042667314,-1.047212,-1.7964705,0.6242689,-0.7686076,0.2529065,0.4852883,-1.1712375,-1.1932629,-0.00809465,0.6103699,0.48907217,-0.26830626,0.37651372,0.44818148,0.20436037,0.19481072,-0.79028726,1.6201227,-1.5345217,-0.7305628,0.94978493,-0.43078896,-0.8138021,0.326403,-0.79497236,-0.8044067,0.36006972,1.5190996,-0.7810039,-0.26545203,-0.4224922,-0.9940758,-1.3177502,-1.4901258,-0.7043838,0.49567974,-0.18325944,-1.1855123,1.0401376,1.1165783,-0.49778292,-0.38425526,-1.4231973,-0.34261817,-1.1618556,-0.54931676,0.8653796,-1.1329666,-0.90791947,0.090803616
-0.32494777,-0.43707475,0.16372094,-0.5091291,-0.19762056,0.09340258,0.008205727,-0.15136349,-0.03045881,-0.23395856,0.6498065,-0.21691804,-0.17868434,0.109905034,0.4026904,-0.03994416,-0.1301311,-0.2420564,0.44742996,-0.1327141,0.75202096,0.13790287,0.12781134,0.02959592,0.47233024,0.012770424,-0.58185756,0.42197156,0.86842555,-0.064723395,-0.09489771,0.71331114,0.7196866,0.25876194,0.26399592,-0.2904196,0.4789418,0.12256893,0.06780571,0.76402515,0.35121098,-0.26155257,0.55917305,-0.009136435,-0.4909763,0.60853493,-0.5047179,-0.008927137,-0.7072181,0.12778974,-0.17644054,-0.24250308,-0.020461053,-0.62266433,-0.045427006,0.38391593,-0.12608562,0.0078009753,-0.63098615,0.2792619,-0.26023036,0.28867137,-0.40465397,-0.025052661,0.4150199,0.20620984,-0.09420144,0.682933,0.6085907,0.27959752,0.38263363,0.09248484,0.23462781,-0.23264761,-0.17714429,-0.069664866,0.012758873,0.43137828,0.29760018,0.71440995,0.9660463,-0.41195005,-0.39752826,-0.6572659,0.08006233,-0.37345803,-0.50281495,0.21433556,0.35259324,0.26632708,0.012436926,-0.6333257,-0.005172042,-0.24923341,0.8428208,0.20618975,-0.38555223,0.65589184,0.85462487,0.9129996,-0.025561996,0.8810502,-0.019101776,-0.39256498,-0.4950656,-0.15021685,0.894763,0.70347583,0.19082807,-0.3728432,-0.8417518,0.7879802,-0.18293129,0.17762801,0.9967782,0.9065311,-0.014265001,-0.86543465,-0.3794573,-0.10003319,0.78560215,-0.19396724,-0.029603112,-0.07102804,-0.40536323,0.22413355,0.7199356,0.92653346,0.31432754,0.14113736,-0.11246947,-0.56713647,0.5181637,0.17737608,0.017038554,0.13108136,-0.5417911,-0.66086996,0.0032327548,-0.18751717,0.08933347,-0.40501365,0.3297134,0.7801991,0.26258627,-0.23715155,-0.1360135,-0.059005335,0.22357358,-0.061859235,0.033510648,0.6257319,0.63253236,0.12152491,-0.2603511,0.20017421,-0.1738789,0.41209128,0.2669959,0.095378816,0.48165902,0.43762797,1.2380282,0.08310725,0.5797038,0.4935203,0.041076932,0.24428058,0.5020925,0.27155262,0.5434463,0.7867978,-0.01275433,-0.42433262,0.50499654,0.22578128,-0.046246417,0.8792591,-0.07533498,0.55589366,-0.10115228,0.27476132,0.68039185,0.4974655,0.77300394,-0.2878497,-0.62976724,0.46980864,0.52876073,0.41518047,0.92949885,-0.45275727,0.06309984,-0.5484844,0.47735903,0.17532271,0.60138,0.13508542,0.14295723,0.18332271
0.07279328,0.5097832,0.099037,0.19842167,-0.63345116,0.077236846,0.14141575,0.46549264,-0.074939825,-0.28925958,0.10721212,-0.06810735,-0.2800033,0.046789683,0.0012638336,0.00091635063,0.25841057,-0.24583995,-0.21477115,-0.0115461,0.46720737,0.06333237,0.050435882,0.2851663,0.23231867,-0.104732715,-0.16536853,-0.04690295,0.4059854,-0.31199455,0.0861728,0.34482235,0.17204869,0.14986655,-0.010186818,-0.31515023,-0.14063826,-0.22565448,0.0038382066,-0.080166295,0.014684014,-0.17347835,0.28462997,0.34906134,0.07741529,0.04509483,-0.35210305,-0.32559282,-0.5081354,0.31435245,-0.0076642744,0.049835235,-0.123751484,-0.5646455,0.13099943,0.39344493,-0.18674535,-0.089938775,-0.5062752,0.4835216,-0.14154154,0.24243332,-0.4237884,-0.5274789,0.056501072,0.036613114,-0.028746188,-0.10947578,0.24026382,-0.027294997,0.2826912,0.18516625,0.05080253,0.6191401,-0.10485697,-0.028959306,-0.6204575,0.261678,-0.0058995597,0.27899492,0.46284595,0.07897258,-0.27906805,-0.56671476,-0.2330649,-0.3052944,-0.39157882,0.25288218,0.37398207,0.75252414,-0.24445534,-0.13061687,0.14251459,-0.44906163,0.63395256,0.014580805,-0.036943816,0.5085469,0.57154155,0.54488885,-0.15049753,0.34388363,0.1148132,-0.0827156,-0.44560876,-0.24493475,0.24657613,0.28960168,-0.2765864,-0.10957651,-0.4803486,0.4831565,-0.2956069,0.35686928,0.48031843,0.37857947,-0.19833729,-0.27405336,-0.22644126,0.221605,0.5225122,-0.3164906,-0.2917198,-0.18311937,-0.4886575,0.14352503,0.31533837,-0.027648969,0.07893929,-0.48502338,0.08995967,0.16213095,0.6169958,0.07098563,0.39103076,-0.47115558,0.15562181,-0.119348586,-0.13543053,-0.16684365,0.0246441,-0.34233162,0.1623287,0.26468286,0.11084205,-0.43714672,0.07934119,-0.1086005,0.19399725,-0.25266176,-0.59176135,-0.12791437,0.17377695,-0.013771184,-0.051980723,-0.20636627,-0.12939115,-0.2252028,0.0013248883,-0.15120772,0.5189759,-0.1762633,0.31068185,0.25035417,0.40813938,0.11438141,0.26359677,0.2170075,0.5228212,-0.27388483,0.14214687,0.29792303,0.038904265,-0.1312744,0.38394424,-0.3578559,0.042568915,0.15749787,-0.26823145,0.10727421,-0.08794092,-0.29923445,-7.8032725e-05,-0.29826492,0.09636958,0.36035326,-0.569083,-0.12677494,0.10614893,0.050886583,0.34164798,0.06050918,0.49152258,-0.18977949,-0.17080206,-0.112303756,0.47822934,-0.13855408,-0.10660549,0.071416505
-0.48684722,-0.34841463,0.24312973,-0.3423662,-0.009952745,-1.1530442,-0.43852034,-0.6270619,-1.0905411,-0.6633638,0.1288898,-0.45116162,-0.38725978,-0.5664213,-0.9554776,1.4162928,-0.17638566,-0.08312789,-0.68402106,-0.22792567,0.559427,-0.6333999,-1.211058,-0.41235843,0.7245947,-1.4067968,-0.6192974,0.46002105,0.38669482,-0.94199157,-0.45485848,-0.60500634,0.4826162,-0.6466033,-0.6475548,-0.28184894,-0.5990809,-0.8482114,-0.90829426,-0.83155835,-0.80229187,-0.19046006,-0.9449307,-1.1742172,0.051325426,0.16291031,-0.1165974,0.3910065,-0.07758114,-0.80069935,-0.96485,-0.2133624,0.9945448,-0.46603996,0.42531028,0.6235875,-0.28171223,-0.6948495,-0.9177773,0.395672,-0.1428394,-0.75847024,-0.34762383,-0.7229285,0.582949,-0.4782382,-0.9318976,-1.2854596,-0.029975712,-1.0968137,-0.67116535,-0.97914535,-0.20836738,-0.43581963,-0.4185055,-0.49295264,-0.692393,-1.2162278,-0.9686467,0.5704534,0.17137697,0.4975406,-0.33967948,-0.4256671,-0.6173549,0.18010876,-0.3554696,-0.5583338,-0.78972256,-0.47444406,0.5774073,0.031237602,-0.46844444,-0.46611762,0.51270545,-0.28887758,-0.8113975,0.10251255,0.19484456,0.29016715,-0.8217592,0.22644286,-0.6525616,-0.23514888,-1.0030274,-0.24748537,-0.96492606,0.8835895,-0.85709983,-0.627173,-0.23857373,0.5081317,-0.67548996,0.84451747,0.46385536,-0.8146113,-0.6678648,-0.6604386,-0.6747728,-0.6493076,0.3670889,-0.47292697,-0.5226355,-1.1066862,-0.44725925,-0.8130726,0.43295267,-1.2442863,-1.4415414,-0.92318714,-1.024679,-0.5894084,-0.8844826,-0.15749148,0.17347616,0.18384852,-0.23681037,-0.39277625,-0.77436656,-0.2023522,-0.61032873,-1.0131961,0.3970898,0.40288916,-1.1072506,-0.85544425,-0.05551072,-1.1650758,-1.0049058,-0.32303038,-0.49319375,-0.8364952,0.84901416,-0.15023911,-0.99277025,-0.7485728,-0.40579745,-0.32218227,-0.83071697,-0.6846078,0.7803134,0.009146154,0.37464726,-0.93847847,-0.79482025,-0.5782878,-1.2631123,0.8935256,-1.1656637,-0.8255241,-0.49075475,-0.37565607,-0.31481808,0.20489496,-1.1449053,-0.5107648,-0.79307246,0.5222065,-0.10250311,-0.41836825,-0.14734532,-0.14185785,-1.1559333,-0.41006845,-0.61190605,-0.53204435,-0.11678115,-0.972211,0.6409113,-0.47691497,-1.169203,-0.8941081,-0.4237585,-0.39880127,-0.23460609,-0.22601539,0.6578253,-0.4083484,-0.91376746,-0.7134758
-0.95638597,-1.7767663,-0.16811523,-1.3725734,-0.88486,-2.1374452,0.051252395,-0.5611406,-0.48288277,-1.8109969,-0.064522944,-1.5191495,0.02958135,-1.0907496,-2.0012167,-0.87507045,-1.0895703,-1.6070852,-1.238544,-0.95622504,-0.3293281,-0.35370103,-1.6356589,-1.0865406,-0.8628113,-1.0392747,-0.51044923,-1.8088069,0.48916352,-1.4208443,-2.4868865,-0.2451803,0.2646815,-0.5443342,-3.0513463,-0.27151722,-1.1108676,-1.0911878,-1.875333,-1.549236,-1.3829039,-0.49384665,-1.5663407,-1.1021035,-0.8022637,-0.13020132,-0.70317364,-2.4647617,0.54787964,-2.639391,-0.9884002,-2.7255938,0.121496424,-0.04267802,-1.1760648,-2.1936538,-0.71909934,-1.518682,-0.2434627,-0.4957511,-1.5683362,-1.5079254,-2.534661,-1.074288,-0.96556973,-1.7278795,-1.5219805,-1.7347919,-2.020249,-1.6685072,-1.3126217,-0.9824107,-0.8321491,-0.98839283,-1.6168947,-1.3542477,-0.7481424,-2.0768144,-1.0159714,-0.3344729,-1.7411512,-1.863673,-1.0305458,0.5856821,0.10424511,-0.46789125,-0.58989304,-0.5044901,-2.227917,-0.5923414,-1.2367132,-1.0963848,-1.6661731,-1.0088118,-0.51554805,-0.07572797,-0.7735563,-0.7257685,-2.004052,-1.4799098,-0.5427215,-0.7715171,-1.8835274,-0.02480851,0.14289059,-0.39009744,-1.8564917,-0.53293943,-0.22711359,-0.756895,-0.19599536,-1.0492836,-0.36427337,-0.75078326,-1.0399544,-1.6837771,0.10012701,-0.36647594,-1.0861329,-0.85247314,-0.87244916,-1.1484257,-0.27678,-1.6598338,-0.9584745,-0.9320169,-0.14043368,-0.9640457,-1.8401214,-1.0696732,-0.03457742,0.43540677,-0.87531006,0.7562176,-1.279424,2.1857839,-0.40154323,-0.38807142,-1.296377,-0.6310711,-1.096799,0.33755192,-0.4074993,0.6740696,-2.0677714,0.17422162,-1.4787275,-1.47777,-1.7961353,-1.5493962,0.113670506,-1.546049,-0.38360763,-2.1333907,-0.22096562,-0.23746635,0.25864542,-2.749862,-0.5042026,-0.64622515,-0.7790757,1.9846381,-0.21202186,-1.8827833,-1.6292869,-1.181208,-1.4824227,-0.8700447,-1.2530175,-1.0616192,-1.2654663,-1.2111633,-0.24500123,-2.152713,-2.6321545,-1.3562548,-0.36641255,-0.34266537,-2.2012653,-1.7829638,-0.83210367,-1.1016154,-2.0077176,-1.9079572,-1.7532792,-1.6663483,-0.5260767,-2.2243536,0.1260387,-0.9013806,-1.5384628,-0.8969929,-1.2004353,-0.24342678,-1.912704,-1.2148982,-1.0918614,-2.3001583,-1.588588,-0.8997132
0.45637184,0.46564648,0.76109284,0.13755774,-0.82993627,-0.6134133,-0.28819147,0.5589251,-0.99000436,-0.7474913,-0.5296135,-0.35709548,-0.62368995,-1.1893166,-0.94309187,-0.06100926,-0.24108689,-0.24705863,-0.77686495,-0.12774017,0.5495185,-0.20718212,-0.5250399,-0.2674457,0.51455975,-0.90095353,-0.06239666,-0.6089612,0.048254382,-0.27501786,-0.43773222,-0.043753788,-0.05358833,-0.63482374,-0.05520998,-0.21228388,-1.4265214,-0.60958785,-1.0089368,-0.85476196,0.18707852,0.7430189,-0.51093227,-0.21534376,0.69388,-0.6816574,0.3141405,-0.51048166,-1.0819066,-0.20378427,-0.25714678,0.033649214,-0.525297,-0.8342193,0.9437261,0.29611167,-0.4860481,-0.59756714,-0.8911136,0.11428394,-0.014485849,-0.75549096,0.1427102,-0.6452721,0.65520316,-0.21450475,-0.23918736,-0.3364873,-0.2770874,-0.9363528,-0.25618932,-0.22679825,-0.6286634,0.49866518,-0.21972325,-0.6527979,-0.9738737,-0.7099346,-0.5954126,0.18821941,-0.07171091,0.82499695,-0.5915476,-0.9978245,-1.1893376,0.26115903,-0.03645546,-0.1204361,-0.25178105,0.366503,0.45566475,0.2587729,-0.72197634,-1.0267389,0.5072131,-0.18382677,-0.29061058,0.5129402,0.30164108,-0.5103882,-0.34680384,-0.045351684,-0.20870139,-0.4850873,-1.3292204,-0.49049985,-0.58589375,0.25980613,-1.322861,-0.9823665,-1.1558596,0.040584944,-0.7907979,-0.048982963,0.47449252,0.05143798,-0.9098543,-0.10710391,-0.2502,-0.08270686,0.6323267,0.020509504,-0.3389117,-0.81505084,-0.25212604,-0.011997182,0.47533375,-1.0943884,-0.7704911,-0.24159795,-0.19322017,0.074168526,0.10922947,0.4363177,0.23227397,-0.19786733,0.5492753,-0.004227478,-0.6619915,0.35653198,0.022446014,-1.2844099,0.19177806,-0.31667343,-0.44625217,-0.30338782,0.21911113,-0.4147812,-0.38130838,-0.47749916,-1.0252331,-0.77831084,0.58994216,-0.85415816,0.42066303,-1.0381528,-0.74959975,-0.6360152,-0.8646836,-0.068754874,0.7301388,-0.4784717,0.26936483,-0.25107685,-0.03939687,-0.7918886,-0.51704884,0.70710397,-0.16684386,-0.8298268,-0.1708053,0.293069,0.16141252,1.076111,-0.35990924,-0.8788942,-0.64702934,0.6083211,-0.3257456,-0.674794,-0.28397623,0.17268564,-0.96492106,-0.63003665,-0.43304145,0.20013204,-0.39770484,-0.7297785,0.03538782,-0.067738764,-0.24665344,0.2576652,-0.09510588,0.092444986,-0.91912603,-1.2025801,0.7499664,-0.82361406,-0.39063108,-0.40304905
-0.98578775,-0.7569549,0.21765715,-0.9247413,0.19073747,-0.5671131,-0.7796085,-0.7810535,0.7507881,-0.04224885,-0.28601056,1.6141136,0.32058644,-0.059550837,-0.53144234,-0.26863143,-0.93958145,-0.093428716,-0.1868428,-0.67326766,0.21200237,-0.42939144,-0.8524063,0.09235954,0.4129618,1.1371831,-0.094978586,0.06181551,-0.07942875,0.26014674,-0.76361495,0.12234223,0.63335973,-0.7213928,0.25515237,0.06348711,0.4511682,0.28920642,-0.34331423,-0.20870362,-0.10995343,-0.0012750626,0.33704773,-0.5104683,-0.5809265,-0.55971515,-0.849401,-0.5794907,0.55530125,-0.41499984,0.64507395,-0.102946125,0.55379784,0.2912431,-0.213663,0.35388413,-0.49081925,-0.0051639103,0.4307605,-0.6775455,0.20799325,-0.1756977,0.5850229,0.45134124,-0.681677,-0.1774167,0.47627673,0.2021699,-0.075718656,0.13457347,-1.025447,0.25295314,0.22073945,-1.3161138,-0.298558,-0.5650799,0.93076247,0.018510751,-0.67945075,-0.06606492,0.10498245,-0.29678512,-0.22232506,0.9157026,0.5867501,-0.5370474,-0.12565893,-0.013527866,-0.98684245,-1.1568279,-0.14289612,-0.7267402,0.10578011,0.05044388,-0.20942046,-0.42515063,-0.948856,0.38176486,-0.45826408,-0.38462856,-0.35600173,0.22852777,-0.7955393,0.25014433,0.9090383,-0.62765634,-0.3557026,-0.09427896,0.5636303,0.26773465,0.2516243,-0.36320484,0.07369541,-0.323945,-0.31349716,-0.41324723,0.99025214,0.06478589,0.17631443,0.0029657967,0.26683548,-0.20947894,-0.024928223,0.30902797,-0.44061723,0.2520935,-0.006679699,1.0094006,-0.4490102,-0.1563275,-0.6247456,-1.2644968,-1.1347599,0.27857587,-0.62716365,0.62608016,-0.6088283,-0.72224,-0.4741709,-1.0600771,-0.31778726,0.3276377,0.2627474,0.16729867,0.60309565,-0.10294347,-1.074077,0.67922056,-0.47067082,-0.74025965,0.5968036,0.30613866,0.08888357,0.6442204,-0.4266871,0.6017097,-0.66844815,0.5727731,0.12096433,-0.4852881,0.16086017,-0.010018207,-0.2227921,-0.48621067,-0.6880821,-0.87214625,-0.21247105,-0.4758228,0.28906906,-0.07972277,-0.27466944,-0.78282064,-0.8354934,-0.19968617,-0.23442636,0.1198269,0.19314244,0.4545008,0.42847818,-0.113392115,-0.7849193,-0.1719761,-0.24700363,0.029070124,-0.33530924,-0.86436665,-0.65989363,0.6355057,-0.6489987,-0.032782067,0.39154518,-0.87203455,-1.3312165,0.10303892,-0.8034941,-0.7186388,-0.020692598,0.31902954,0.13531741,-0.62468946
0.912813,1.3435966,0.25138202,1.1628106,0.32217777,1.130404,0.06590224,-0.015513279,0.2550561,0.6083716,-0.4792534,0.72712505,0.22416684,0.7815332,1.1893082,0.17430477,0.42635074,0.3008904,0.2198844,0.84056437,-0.7497599,0.3782932,0.6652006,0.7942434,-0.27438107,0.8283155,0.84156704,0.3396802,-0.5521111,0.86431795,1.1667371,0.05960966,-0.45197576,0.6292294,1.187172,0.3858848,0.7464838,0.10788333,0.9667239,0.23599692,0.03372674,-0.4376307,0.7428148,0.8646439,0.7019599,-0.06672563,0.12786512,0.5709276,-0.027396034,0.89276266,0.7614509,1.3867245,-0.6294626,0.23047328,0.4076912,0.06180497,0.76401615,0.8629013,0.8888255,0.3010958,0.98500395,0.70858914,1.2145232,0.9909344,0.17197001,0.7072878,0.96770406,0.84057057,-0.28128082,0.7721953,0.3959566,0.36021236,0.05906009,0.8982707,0.90596825,1.0824405,1.0045533,0.7391311,0.37958905,-0.24590836,-0.42772335,0.36989707,0.7614114,0.5205046,-0.1261539,0.45628256,0.24158445,0.5285445,0.89015776,0.29303226,-0.5748432,0.81113416,0.47125405,0.5262168,-0.45769092,-0.39140582,0.97763366,-0.17799494,-0.4477292,-0.37950194,-0.10503575,-0.35865712,0.7385043,0.4656106,0.55703306,0.511016,0.29660332,-0.46653914,0.7976752,0.55310196,0.86748177,-0.31685263,0.39432585,-0.23739527,-0.5479947,-0.06501425,0.16311347,0.5456916,0.56703913,0.6425021,-0.5390574,0.8631127,0.6502956,1.3363535,0.80837476,0.14483048,-1.1039271,0.2677181,0.772789,0.44699788,0.58447075,0.36889538,0.793234,-0.3372306,0.6656348,-0.92052364,0.6886952,0.53499526,0.71025056,0.43159837,0.28333014,0.60795504,-0.3373574,-0.4581707,1.0347192,0.41139215,0.25650164,0.9539106,0.24477123,0.73817945,0.7404849,0.8231065,-0.54929715,0.8718439,0.57987255,0.18727483,0.46112847,1.0261396,0.04308748,-0.18425827,0.05801676,-0.46940476,-0.41091987,0.71224195,0.48400992,0.6204563,0.8737562,-0.5161467,0.7768354,0.22743614,0.23407134,0.3689489,0.46540818,0.87472427,1.1154425,0.87580687,0.46039644,-0.85744834,0.9647552,0.31564307,0.68595016,0.39436343,0.9831679,0.6777432,0.5275067,0.7110855,0.95169204,1.0534219,-0.27868295,-0.33766407,0.41153386,0.8101141,1.2222598,0.23581365,0.82416147,0.89062226,-0.35663503,0.90545464,0.9836536,0.14825451
-0.24884689,0.13982162,0.07967693,-0.15997288,0.55155396,-0.9261017,-0.2400845,-0.5715842,-0.36861688,-0.7833578,-0.8720751,-0.96180326,0.060613785,0.27154517,-0.011449003,0.38960773,-0.45066544,-0.69975126,-0.67058825,-1.2425327,0.3573473,-0.6980553,-0.4570075,-0.55122155,-0.5424047,-0.47009256,-0.503895,-1.435344,0.6677704,0.0366711,-0.44227645,-1.3529537,-0.3264625,0.50633,-1.2371082,0.5592139,0.1701839,-0.70835054,0.013474288,-0.9226604,-1.4229892,-0.07811044,-1.0511197,-0.48887157,-0.52053547,-0.8587771,-0.35038194,-1.1604074,1.0130526,-0.9290574,0.020823918,-0.74794185,-0.4047526,0.4437738,0.10067718,-1.2556773,-0.5934483,-0.64545137,0.62443763,-0.30668303,-0.26611984,0.06474594,-0.51338273,0.57183397,-1.7981777,-1.069292,-0.5665084,-0.82185423,-1.9461217,0.07184911,-0.18058303,-0.4510808,-0.52102345,-0.94059896,-0.665736,-0.012694912,-0.07090073,-0.7626716,-1.0145416,-0.34626883,-1.3778429,-0.45745754,0.019652124,1.1323491,0.008644447,-0.44353837,-0.036113687,-0.47528642,-0.6669653,-0.34366688,-0.56884134,0.044120304,-0.10622871,-0.4416793,-0.33651772,0.5365735,-0.2602607,-0.9044151,-1.4905968,-0.9767481,-1.11346,-0.2918902,-0.18086414,0.2846994,0.8155501,0.9778874,-0.93952423,-0.71062344,0.06320272,0.23232459,1.0159763,-0.79817706,-0.114530675,-0.1388494,-0.51366246,-0.91591644,0.5241357,0.6154043,-0.7526313,0.9288294,-1.014941,0.2344857,-0.25987205,-0.3381582,-0.2737684,-0.77885205,-0.86756235,-0.98127633,-0.7326212,-0.20054542,0.00037479866,0.42938077,-0.9878354,1.0607808,-0.6237419,1.6211948,-0.13977875,0.43325242,-0.5287147,0.12723622,-0.31858933,0.4986445,-1.0019234,0.9216964,-1.1699493,0.29225084,-0.65422505,-0.37833622,-0.7981752,-0.18823044,1.0275297,-0.6209471,0.16581273,-0.48165026,-0.34393105,0.068696864,0.21550392,-0.88767195,-0.2558623,0.35981098,-0.41370288,1.3870214,-0.21292007,-1.1155905,-0.7117192,-0.4566978,-0.33709395,-0.074633226,-0.54120135,-1.0213453,-0.6479327,-0.6299909,0.24880454,-0.88324356,-0.9766216,-0.40340096,0.27386123,-1.180005,-0.586367,-0.6402058,0.31976104,-1.2086575,-0.4927889,-1.1752709,-1.377149,-0.37264317,0.49933887,-0.8963297,-0.34802783,-0.6473047,-1.268759,-0.3697091,-0.5444951,-0.36226532,-0.2128472,-0.13130191,-0.3622092,-0.23853353,-0.5972549,-0.15378645
-0.1841104,-0.18556972,-0.8864462,-0.26743054,-1.5010004,-0.601459,-0.48096293,0.90370125,-0.81633437,-0.8235499,0.68982095,-0.84659785,-1.4995351,-0.7101071,-0.6583698,0.46188632,0.062724575,-0.55796635,-0.7542141,-0.21150802,0.7009766,-0.59855276,-0.56509227,-0.4702286,0.29535842,-1.125478,-1.3051307,0.39939025,0.17840031,-1.2139066,0.45232856,-0.45406896,0.26251617,-0.6021211,-0.27871284,-1.3058418,-0.97554684,-1.041935,-0.49256128,-0.3682351,-0.18329458,-0.66699225,-0.24754627,-0.7367489,-0.42152587,0.03283592,-0.40926087,-0.08408232,-0.8573191,0.36157054,-0.21717528,-0.19519734,0.52251625,-1.3440868,-0.3872179,1.0335671,-1.3716245,-0.6657476,-1.5974748,1.1022279,-0.7388353,0.011257878,-0.29238012,-1.6718261,0.7642646,-0.42533278,-0.826224,-0.63107425,0.8555268,-1.3348819,0.03313344,-0.4322403,-0.8331513,-0.6682548,-1.3325813,-0.8438313,-1.9250654,-0.24980162,-0.5205228,0.5913746,1.2071346,-0.15785003,-1.0425566,-1.3734643,-0.8838952,-0.76347685,-0.92072624,-0.929732,0.04367569,0.24978578,0.79164094,-1.2199906,-0.32088995,-0.9938468,0.843456,-1.1554506,-0.43501252,0.38215622,1.4047638,1.1702335,-0.23976588,0.80719393,-0.20398583,-0.68110955,-1.1079979,-0.6869097,0.057853736,0.8542719,-1.2390875,-0.8361204,-1.3635972,0.06518625,-0.541637,1.0014453,1.188986,0.16342463,-0.644593,-0.9620125,0.16201434,-0.34742588,1.1520898,-0.8008355,-0.66759175,-1.2572538,-1.357979,-0.4107314,0.25965756,-0.41119078,-0.35150987,-0.95607346,-1.0458508,-0.72237283,-0.89071417,-0.11500576,-0.5937992,-0.26974088,-0.12744653,-0.029009912,-0.5033547,-0.21798229,-0.5020035,-1.3272406,0.56991094,0.11032731,-0.5622029,-0.9884187,0.38640195,-1.0435615,-0.16078725,-0.5187255,-1.749991,-1.5549048,0.81667113,-0.9512775,-0.07849351,-0.4546567,-0.71101403,-0.4609858,-0.38707477,0.11532627,1.0411899,-0.5438671,1.1757197,0.09399806,0.30018038,-0.14845845,0.02794248,0.66879755,-0.27724522,-0.5877628,0.08697034,0.14891595,-0.36506018,-0.2815217,-0.1608953,-1.0297866,-0.45105323,0.8255632,-1.4559951,-0.36484352,-0.73595923,-1.0991573,-0.23958102,-0.8560144,-0.47831962,-0.15926433,-1.3174568,-1.2081118,0.3383837,0.42787817,0.007733071,-0.39348212,-0.7698357,-0.48636457,-0.63075954,-1.0405352,1.0674894,-0.8494167,-0.8944832,0.04689292
-0.10902609,-0.09223601,-0.4962023,-0.7986502,-0.725825,-0.9459911,-1.3169705,-1.0838529,-1.2977778,-0.90867704,0.3955713,-0.3260128,-1.2392491,-0.9921134,-0.96067715,0.12133902,-0.66085577,-0.24579619,-1.0777302,-0.45511004,0.9403425,-1.1643876,-0.91927385,-0.5220139,0.76689065,-1.1428988,-1.0012203,-0.23967713,-0.05454581,-0.64922214,-0.5789582,-1.1360985,0.8442685,-0.80514103,-0.0696164,-0.9137866,-0.62980527,-0.75338334,-1.1258392,-0.66950196,-0.566941,-0.3344022,-0.86613935,-0.8910751,-0.36473066,0.38594016,-0.62023026,-0.47326943,-1.2987522,-0.3721025,-0.8784909,-0.24262834,0.019101843,-1.2167681,-0.32565713,1.109478,-0.9321743,-0.63594216,-1.1535349,0.94484836,-0.65877527,-0.7262576,0.5564467,-0.6630315,-0.2443974,-0.42348334,-0.5232543,-0.5671417,0.90936506,-1.1212211,-1.1944972,-0.46892598,-0.6920914,-0.9061563,-0.86116725,-1.482787,-0.2031695,-0.7325083,-1.2087197,0.82473564,0.531157,-0.091418445,-0.8518951,-1.5764683,-1.480542,-1.1207849,-0.4386055,-1.2817485,-0.1761493,-0.5244395,-0.8305367,-0.86153,-0.6099968,-0.67939574,0.5780116,-1.2112657,-1.1594241,1.351928,0.793255,0.38180813,-1.0981492,0.8521362,-0.4318545,-0.8118218,-1.2420981,-1.1868715,-0.45477065,1.5245157,-1.5354091,-1.1089703,-1.2598957,0.8855395,-0.78943735,0.13902715,1.4742967,-0.11252581,-1.1006869,-0.9566629,-0.40947723,-0.9990393,1.5967119,-0.5485372,-0.35860586,-0.8011819,-0.98574555,-0.6476751,0.71405673,-0.51175857,-0.8419332,-0.5721921,-1.2123827,-0.95976734,-0.63169575,-1.0450375,-1.03121,-0.1794322,-0.77421594,-1.1419724,-0.7968067,-0.41501337,-0.6248716,-1.3064386,1.4747474,0.01950606,-0.6219446,-1.041801,-0.5569937,-0.9990259,-0.5628855,-0.38452885,-0.96680796,-0.52433836,1.2402555,-0.2314589,-0.69482535,-0.8897114,-1.0648569,0.15859552,-0.76372683,-0.5136097,1.12406,0.7015568,1.264814,-0.0497148,-0.41128394,-0.46728274,-1.1997468,0.72867906,-1.0162011,-0.79468817,-0.19339359,-0.6397232,-0.9328044,0.14227971,-0.5932568,-0.6917677,-0.90742415,0.641212,-1.0496926,-0.5677563,-1.6125803,-0.56739265,-0.83550656,-0.014312103,-0.7933748,-0.64064986,-0.7262709,-0.2130597,0.3703131,-0.31366158,-0.56818724,-0.53339297,-0.98019004,-0.19829056,-1.0184822,-1.124629,1.2849051,0.18991125,-0.53359705,-0.858504
-0.27269235,0.19912,-0.16723773,1.1478944,-0.7020294,0.77582073,0.7850912,1.6867031,1.0035053,0.35630962,0.18827893,1.0123178,-0.43734902,0.9736544,0.34460807,-0.3122909,0.5751756,-0.40728766,0.11831341,1.0351956,-0.11762368,0.7709447,0.40130916,0.83946735,-0.63045204,0.58204424,-0.1494942,0.86435884,-0.8367059,-0.29965198,1.0474416,0.20593397,-1.6338831,-0.097434744,0.79211885,-0.3692033,-0.5494042,-0.6555906,0.90988827,0.2978473,0.13481413,-0.24604492,1.3484024,0.23737201,0.18409032,-0.5879925,-0.41233435,0.9533956,0.0070427917,0.7424643,1.5732565,0.96287084,-0.0055857226,-0.39105695,-0.06986564,0.98896074,-0.65663594,0.16312884,-0.23018333,-0.5274582,0.6022932,0.291587,-0.40795827,-0.94955736,0.51937795,0.58801186,0.5752688,0.33127946,0.3377581,0.42837197,1.0163718,0.45628268,0.33222336,1.1499195,0.2504215,0.86114997,-1.0387136,0.6913633,0.88575727,-0.21978183,0.7317971,0.31435275,-0.04797295,0.62276155,0.8713245,0.646533,-0.30204841,0.697906,0.3788879,1.0872709,1.6360505,0.6103152,0.85139954,-0.14084882,-0.020190764,-0.5898676,0.593636,-0.6701784,0.35116136,0.47736648,0.4744674,-0.42186219,0.78239423,0.77169794,0.436021,-0.37424937,0.48314372,-0.98032904,0.94403297,1.2936633,-0.15924108,-0.84555954,0.47984046,0.9601758,-1.0779358,0.64348006,0.7107757,0.06211636,0.38589033,0.7190516,-0.52878577,0.2403319,-0.24243475,0.65082014,-0.35160437,0.5604483,-0.9195571,1.105469,0.5543043,-0.6958436,0.1925466,-0.27972227,-0.11109402,0.28936452,0.61606336,-0.7869661,0.39511877,0.4310879,-0.08378153,-0.10294623,-0.2677841,0.099120095,-0.5931588,-0.8145697,0.96183467,-0.12988989,1.0448877,0.9491592,0.46471322,-0.49790987,-0.9051521,-1.2718784,-0.87924886,0.68666416,0.3993776,0.5994144,-0.012709254,0.53479296,0.2816408,0.13151516,-0.2854619,-1.0446308,-0.6615159,0.43877774,0.5397446,0.10102766,1.1575681,-0.1980432,0.76218307,-0.25087625,0.29279065,1.0509368,0.6750573,-0.21055827,0.706728,0.21763422,0.4781619,-0.606912,0.044508375,0.34207475,0.48553333,-0.29236048,1.1207952,-1.3432324,0.10438782,-0.051074736,-0.053834416,-0.07592891,-0.2652652,0.37287328,1.066822,0.17074175,0.5697973,0.11692351,-0.18393753,0.14632405,-0.37459314,-0.55205697,0.4346055,0.28624678
1.1451211,0.48006353,0.4249928,0.9021246,0.5882326,0.60979015,0.22192016,0.07750035,1.2155231,0.6860723,-0.53603745,0.9637868,0.18279155,0.5218977,0.9937059,-0.56110525,0.6662887,0.731888,0.31309485,-0.26499072,-0.091901846,0.19390139,0.9611478,1.3696604,-0.40480492,1.1823679,0.061028056,0.44652104,-0.11547595,1.3251764,0.88210565,0.18702291,-0.572033,1.0229523,1.0397214,0.047043145,0.60774875,0.8425548,1.0774884,0.85410243,0.6823914,0.54908246,0.8016593,1.212054,0.32619074,-0.9670502,0.52984947,0.35400438,0.8132039,1.4225777,1.1379664,1.2426167,-0.3718722,0.64398843,0.13362758,-0.1283014,-0.303805,1.172214,0.837496,-0.44857624,0.9840185,0.2924353,0.7279157,0.90246034,-0.037963744,1.1768987,1.0492723,1.0644331,-0.20746598,1.1317104,0.43189707,1.3680785,1.3053586,-0.14436786,0.4386894,0.6127366,0.51342773,1.030037,0.50053066,-0.5362157,0.097317055,0.492447,1.0255759,0.8506955,0.9025642,0.17502686,0.55172545,0.19088963,0.52626765,0.85070574,0.70636195,0.11574944,1.3241609,0.58383894,-0.47913554,-0.042582404,0.15657699,-0.54765046,-0.06701709,-0.49832907,0.66733944,-0.16794915,1.1255631,0.3799395,0.91624725,0.3572436,1.155686,-0.6594527,1.0566951,0.9581206,0.54578584,-0.67156184,0.96496624,-0.08316633,-0.8147556,1.0019611,1.3068461,1.1596308,0.40719345,1.2402489,-0.5005796,1.3038276,1.1160468,1.0130546,0.33549199,1.155788,-0.37061,1.4275575,0.95181125,0.68940365,0.46176633,0.26744294,0.09543093,0.40633193,0.056416906,0.2036856,0.3444275,0.45325506,0.6669503,0.87828416,0.13057983,0.28667867,-0.32629275,-0.5250846,1.3492454,0.63464755,1.0637975,0.97667074,0.77774733,0.75805104,1.1238806,0.7316889,-0.066787764,0.6311257,1.0501335,1.4379724,-0.14410995,0.90969115,1.1900994,1.195689,-0.29123506,-0.12921473,-0.27276394,1.190236,1.3643355,0.9947623,0.8366325,-0.2992344,0.7741929,0.7916543,1.2220144,0.6088594,0.49302524,0.40146008,0.8434654,1.2909745,1.3033532,0.10674249,0.85303473,0.9097155,0.31774962,0.27030605,1.0928962,0.44233102,0.42714447,0.92819005,1.0569005,1.1944591,-0.12866768,1.2472671,1.2171171,0.8448769,0.25350934,-0.12580955,0.38275602,0.5694927,-0.39112735,0.3844869,1.1820159,1.0449055
-0.020653091,0.07287125,-1.1053462,-0.16550519,-0.20044737,-1.1198106,0.36278355,-0.21077779,-0.03579265,-0.896993,-1.873495,-2.5154674,0.36475956,0.02427751,-0.16857871,-0.8150666,-0.6196119,-0.7949845,-1.0347862,-1.0560316,-0.90434366,-0.019230766,0.21929604,-0.08082379,-1.7237659,-0.5351544,-0.17130694,-2.226596,-0.42534626,-1.028237,-1.3753703,-0.24894558,-0.7673334,1.0558103,-1.9632859,0.46638724,-0.6927328,-0.9261457,-0.7856943,-0.88821256,-1.9345616,-0.84183115,-0.6486024,0.1974755,-0.54722935,-0.95362204,-0.1874821,-1.5959502,1.3515263,-1.2120644,-0.17452633,-1.8463148,-0.99051607,0.8193531,-0.9854092,-2.834865,-0.20349397,-0.55984294,0.7185971,-0.7056473,-1.2626196,-0.075850286,-1.1709926,0.054865472,-1.3903222,-0.5393207,-1.268908,-1.1217817,-2.2027755,-0.3877873,-1.2696878,0.22154208,-0.14969918,-0.48984504,-0.98937577,0.021486728,-0.4882766,-0.6233491,-0.29907155,-0.7789036,-1.9093614,-1.1553153,0.13318208,0.85052025,0.93058,-0.60197276,-0.77589494,-0.35267428,-1.1686002,0.063000426,-1.5191767,-0.29860967,-0.1127011,-0.35882252,-1.5937808,0.19888769,-0.3042866,-1.8443938,-2.595857,-1.7793564,-1.0614492,-1.5561093,-0.92768675,-0.5280128,1.0453701,0.38144186,-0.494618,-1.3041286,-0.32901326,0.23116831,0.85442024,-1.7296273,0.17455636,-0.80170727,-0.9379411,-0.89100933,1.1054299,0.4387931,-0.85498214,0.037345,-1.7355049,-0.6892927,0.3085023,-0.67134786,-0.8511475,-0.29752082,-1.6907343,-0.7142026,-0.45871115,-0.40590572,0.24769372,0.72936594,-0.46629727,0.75546473,-0.36666128,1.2431222,-0.64100695,0.13787188,-0.23231012,0.36380994,-1.1458986,0.7258299,-1.4228516,-0.40296492,-1.183332,0.3440016,-0.6849782,-1.1511085,-0.7331444,-0.16017687,1.0453548,-1.0577762,-1.3292767,-2.5778406,0.7954518,0.66269594,-0.22419737,-1.7875754,0.60563487,0.53327245,-1.2197473,1.5998118,-1.5030038,-0.61921203,-0.31759822,0.50245845,-0.75291693,-1.8396732,-0.5122334,-0.6362061,-0.11848507,-1.1800066,0.048933618,-1.5859845,-1.6159023,-0.9257508,0.463441,-1.8157293,-2.4699113,-0.39152402,0.52820146,-1.1816694,-0.62433493,-1.0704225,-1.4287453,-0.3055535,0.7142862,-1.4905779,-0.90260535,-0.2898319,-1.7617557,-0.70133096,-0.8739548,-0.773136,-0.7673529,0.47650596,-1.992077,-1.5593647,-0.21966062,0.20078023
1.7855996,0.9553158,0.5838888,1.7237659,1.7393672,1.8042767,0.6737491,0.52989846,1.4282454,1.8871294,-1.7203972,1.6417253,2.4071937,1.3684683,1.6886616,-1.9843065,0.88088965,1.3496702,1.0186472,0.6863467,-2.1032283,1.3992343,1.3224497,1.9346823,-2.20827,2.4712105,1.8839175,1.0794005,-1.8147705,2.389629,1.1378878,1.3528569,-1.7041942,1.6902747,1.5988687,1.4789017,1.4907552,2.0428984,2.224089,1.526192,2.0101542,1.6664568,1.6505023,2.0263839,1.788326,-1.5071421,1.6455237,1.0570691,1.646125,2.2717428,1.7880646,1.9691079,-1.7067503,1.7429966,0.5972009,-1.700827,1.5023451,1.7598362,1.8346028,-1.1124934,1.3666728,2.2940412,1.3254727,2.1597326,0.75515866,1.2463937,1.5291588,1.8434523,-1.2447873,1.9619888,1.6533705,1.5678585,1.9307381,2.0043025,1.6986134,1.4092718,1.3776922,1.6214812,0.9494907,-1.645012,-1.0564435,0.7134107,1.7518033,1.6204612,1.3404225,1.239684,2.2045865,1.8511897,0.834612,1.6058846,0.72818315,0.6920614,1.4831474,1.3879017,-2.0750778,0.74371326,1.549519,-1.8004224,-0.99653256,-2.039953,1.7831155,-2.3074815,2.090984,1.0947467,1.6543837,1.329038,1.743084,-2.1789737,1.9912164,1.6492289,1.3551416,-1.4607962,1.228968,-1.2243552,-1.6419865,1.5865827,2.1511366,1.8966209,1.2514327,2.013493,-1.6252196,2.6252785,1.8374528,1.5686663,1.1866668,1.8473266,-1.5724207,2.069131,1.7026794,2.2572873,1.5804211,1.6451663,1.7952669,1.6095359,0.53728676,-0.89423436,1.561649,1.6993685,1.6843679,1.4681813,2.1736321,1.0594958,-1.551154,-1.9165316,1.7895316,1.5690379,1.6203322,1.5586934,1.4224201,1.0989515,1.6091663,1.2830416,-1.9796172,1.4825776,1.6249838,1.7550452,0.83784515,1.1640904,1.5640658,1.698269,-1.5110222,-1.5886081,-1.5289493,1.4233749,1.5363085,1.4061613,1.6637255,-2.305931,1.9902264,1.0876611,1.6626825,1.000311,1.271306,1.2730699,1.9535236,2.0472796,1.8820078,-1.4782792,1.4465487,1.568935,1.2203254,0.8786233,1.5960318,0.83953714,0.8896737,1.5119138,1.7765094,1.770975,-0.968797,1.5651907,1.9774221,2.2290528,1.3592291,-0.1548998,0.64754945,0.8183526,-1.6301333,0.8248033,1.6662118,1.6161541
1.534605,1.2340704,-0.62776166,1.7937028,0.41967767,1.0357292,0.8945384,0.29832825,1.7063708,0.7892351,-0.87684524,0.49050307,1.0480095,0.7243703,0.95139515,-1.0888627,1.3899648,0.67270774,0.22209528,-0.5261954,-1.0765235,0.9797105,1.4316415,1.7369756,-1.7873944,1.4706701,0.6985569,0.27975106,-1.435116,0.49597368,0.2914648,0.82413024,-1.07347,1.9406052,0.66150737,0.07892802,0.778665,0.30401874,1.0131285,0.7554304,0.4126347,-0.059140697,0.9446084,1.6651142,1.3952043,-1.2138876,0.28664982,-0.3822564,1.1917428,1.1479698,1.0356674,0.86796314,-0.710895,1.2260779,-0.9259602,-1.0248464,0.79037327,1.3900143,0.73214275,-0.7323137,-0.05758755,0.9902752,0.35232842,0.9161725,0.514582,1.5229508,0.47035217,0.44272295,-0.38049218,1.0902684,0.86659837,1.9172063,1.0012721,1.5753049,0.46697602,0.6736808,0.72897464,1.4809029,1.0155964,-0.9217293,0.2457536,-0.69061744,1.4463212,0.92726064,1.3054205,0.23211688,0.33906358,0.7717735,0.53675956,1.98349,-0.26632494,-0.09151135,1.5457355,0.54916996,-1.5629282,-0.28747678,0.25833845,-1.3109391,-0.63986516,-0.69693214,0.66884583,-1.249641,1.2617131,0.25965115,1.1348705,0.64954865,1.4260759,-1.263199,1.0795654,1.0735227,0.42191255,-1.0684117,1.2085463,-0.42831713,-1.2233037,0.7800743,2.0299215,1.2469684,0.34676242,1.046922,-1.121938,0.5705365,0.95607555,0.68697333,-0.07944271,1.9012071,-1.3566366,1.2392958,1.3184136,0.7553919,1.2749618,1.2744875,1.4280591,0.39722502,-0.34835923,-0.44752103,1.0241311,0.8705319,0.7938282,1.106281,-0.28328112,0.518996,-0.9843393,-1.346314,1.2718482,0.34950554,0.23879193,0.5723203,1.00508,0.8381542,1.257349,0.26695913,-1.6882671,0.23364961,1.0527292,1.6414543,0.23556517,0.20036481,1.5505515,1.0688323,-1.8979199,-0.3731619,-1.2031409,1.5788329,1.8289069,1.6012199,1.0707673,-1.5619384,1.2272362,0.69731903,1.36695,0.3493203,0.2615219,0.1504736,0.8372079,1.005935,1.7805551,-0.88550013,0.22535825,1.0854774,0.52178526,-0.19407125,0.8817699,0.30074453,0.42061916,1.797767,0.6789226,0.72036076,-0.8913596,1.2511886,0.80306154,1.2614273,0.6861477,-0.50474447,0.2836792,1.2391189,-1.4118668,-0.26052883,1.2908207,1.3759276
-1.024533,-0.48106655,-0.08844841,-1.2323806,-0.8354295,-1.6592424,-1.4483302,-1.1240003,-1.2496386,-1.4589875,0.61464155,-0.76029104,-1.0211784,-0.6985494,-1.4389583,1.441562,-1.385102,-1.1924437,-0.7376653,-0.8519681,1.0734733,-1.3281431,-1.9832616,-1.0942045,1.1973914,-1.2017148,-1.2906253,-0.8865365,1.2268424,-0.7769697,-0.89434856,-1.484262,1.2056776,-0.802472,-1.3713135,-0.41709682,0.04405817,-0.34724373,-0.9816178,-0.97850156,-1.1133174,-0.32018209,-1.0417669,-1.4930112,-0.24523179,0.15878035,-0.9708569,-0.56742126,-0.28282613,-1.0110111,-1.4456869,-0.9342377,1.2715179,-0.48568285,-0.261417,0.6739494,-1.1778054,-1.8324616,-1.0894952,0.73472995,-1.093339,-0.25678718,-0.8740378,-0.7948855,-0.68352664,-1.6021779,-0.8237996,-1.5735497,0.08038202,-0.6698746,-0.93461835,-1.6334734,-1.2588036,-1.2602444,-1.3508785,-1.3331789,-0.88195896,-1.5364329,-2.1710029,1.1214159,0.18405327,-0.18188073,-1.2875397,-0.84861624,-1.0123163,-1.0585482,-0.6394368,-1.6167649,-0.8997957,-0.489619,-0.7279233,-1.1762956,-0.94160944,-1.1956733,1.0972105,0.31078154,-1.2079762,0.99076825,0.70586044,0.8902959,-1.676556,1.0877137,-0.8516395,0.5494207,-0.9039912,-0.07578653,-1.684512,1.2946944,-0.86203295,-1.0673487,-0.2383796,1.1843802,-1.1354142,1.1556269,1.1489714,-1.2867614,-0.98485637,-0.7029002,-1.3537239,-0.4662929,0.9478858,-1.0695957,-1.2813727,-1.5389651,-0.86411047,-1.4428831,1.2572622,-1.3084567,-1.5305022,-0.5409351,-1.4998492,-0.23248169,-0.99725914,-0.15933482,-1.1423696,0.47016448,-0.4619123,-1.2124184,-1.2039229,-1.036804,-0.8648994,-0.8440141,0.751849,1.500595,-1.6205338,-1.5363812,-1.8037779,-1.7208563,-1.707102,-0.9851223,-0.32500547,-0.5141421,1.0383338,0.1329988,-1.8062665,-1.2338665,-0.37299088,-0.6697966,-1.1213177,-1.0025173,1.0393484,0.99194324,1.044689,-1.4145135,-1.3727916,-1.3253934,-1.6444209,1.0159448,-1.9071747,-1.2821008,-1.3794227,-1.100369,-0.8960964,-0.8941041,-1.5873733,-0.6955748,-1.2233175,1.0379344,-0.8772986,-1.0200485,-1.0913404,-1.0544553,-1.9810245,-0.6131579,-1.3505274,-0.89968777,-1.089736,-1.4665548,0.3308846,-1.2959944,-1.5006847,-0.8665311,-0.60856086,-0.27247882,-1.0638113,-1.7252096,1.1956774,-0.37947023,-2.0846674,-1.273086
0.53952795,0.59747875,-1.3473848,1.2809114,0.858988,0.57083386,0.81172055,0.55554533,1.4289862,1.392827,-0.529817,0.2115092,0.92718524,0.47197708,0.939883,-1.8492945,0.40023246,0.2170393,0.43103904,-0.12841551,-2.615399,0.10191886,0.4444753,0.007531466,-2.2149594,1.6554135,0.7880697,0.5649004,-2.6763308,1.1378384,-0.18293278,-0.12322278,-1.8770202,0.7296199,0.5100339,-0.50004286,0.8054559,0.477206,1.0317096,0.6984849,0.34120905,0.7596694,0.6475543,0.7094332,1.6220412,-1.1244161,-0.09602405,-0.13737367,1.4771811,0.79527354,1.9113836,1.115274,-1.238788,1.1916457,-0.7883588,-0.75494474,0.29173285,1.0185797,1.0708064,-1.8913152,0.52720827,1.2250663,0.45509386,1.2234641,1.1346017,0.75165415,1.2236441,1.2697369,0.3297754,1.4890735,0.34754676,0.3327032,0.29898417,1.2866288,0.4130777,0.87553376,1.2348343,0.98563856,0.27598706,-1.7958317,-0.2573386,-1.7540188,0.8010477,1.3795089,0.7711312,0.10700729,0.20252049,0.0011786632,-0.48764437,0.07082425,0.8508207,-0.68372077,0.78036106,0.3576514,-2.8978708,-0.81159776,0.53691906,-2.1897566,-0.8750969,-1.0935376,1.0930916,-2.560913,0.22946264,-0.023074497,1.3649688,0.45848966,0.3435726,-2.1309414,1.6305282,0.7033684,0.7199374,-2.3233929,0.24319814,-1.7696905,-1.9805773,-0.16169679,1.0160258,1.3303901,2.2698147,0.8404335,-1.8508618,0.83412445,0.56425136,1.1263883,0.59185237,1.0604872,-2.0052102,1.1759324,1.3693845,0.2993434,1.0959233,0.32483834,0.13292482,0.8768357,-0.4731408,-0.92279804,0.682008,1.6066086,1.0030533,0.6356506,0.17208695,0.78385514,-1.368077,-3.1606941,0.8963382,0.7319768,-0.2314093,1.1685861,0.562535,0.36821774,1.2573217,0.12968433,-2.8689926,0.2291255,0.8672796,1.1330363,-0.32426387,0.50117546,0.28817928,-0.28683534,-2.3132951,-1.3308651,-2.0020683,0.25142285,0.7129942,0.593365,1.7534413,-2.5153177,0.86470246,0.34308493,0.30011964,0.072920635,0.5099323,0.22038552,1.2236578,0.33859584,1.0899116,-0.9479246,0.9133449,0.37658852,0.36974522,0.0011120848,1.0506601,0.28939766,0.19537136,1.2365388,0.28218833,0.778682,-2.2196252,0.38823998,0.94740134,1.3413062,0.6019924,-0.34273678,-0.3408733,0.056320887,-2.6867402,-0.041866194,0.9790978,0.6143015
1.4439912,1.2692538,-0.06953014,0.83021075,-0.0156067,0.3031807,-0.08002673,-0.32426733,0.94687396,-0.18805537,0.59581447,0.5184601,-1.1012661,-0.026727112,-0.48048565,-0.28919098,1.0095927,0.9427323,-0.67478883,-0.9709639,0.8071847,-0.40030652,0.8356664,0.98359585,-0.20867005,0.14327188,-0.32028693,-1.1600711,-0.041033957,-0.5334834,-0.24331445,-0.34469724,0.34832215,1.2116002,-0.17922005,-0.9685467,-0.41541088,-0.44526675,-0.14913833,-0.29239672,-0.68367213,-0.079360366,-0.019882958,0.9437444,1.2034526,0.31851202,0.10696404,-0.9756657,0.1864729,0.6677102,0.37044817,-0.027444378,-0.49933112,0.26856926,-1.0309374,0.24221547,-0.81414247,0.90567553,0.3099469,0.03049994,-0.055637464,-0.10754845,0.30747777,-0.5141557,-0.23482174,1.329682,-0.26974252,-0.37409252,0.35320342,-0.3559071,-0.5210436,1.5711684,0.6996004,0.12651402,-1.0721784,-0.7413533,-0.21734887,0.6826803,0.28352937,-0.26684391,1.0826803,-0.0671386,1.0333787,0.12198523,1.0689595,-0.45273876,-0.5027588,-0.68845046,0.26012293,1.1977543,-0.15737204,-0.6869566,1.2104726,-0.039558843,0.05951975,-0.18107055,-0.82425576,-0.08898005,0.6918135,0.21735317,0.06702904,0.5513802,0.09780659,-0.49553612,0.11928254,-0.3424996,0.7812392,0.22940226,0.14410762,0.19646646,-0.17742535,-0.3832795,0.4943502,0.35173118,-0.29344508,0.07990448,0.9591007,0.9186814,0.15655725,-0.37962446,0.25584158,-1.0362884,0.56006944,-0.4083958,-0.8879602,1.5590898,0.56641257,0.7789281,0.6112715,-0.20066418,0.2827451,0.6023738,0.18161836,-0.033128694,-0.7044168,0.30618414,0.3296066,-0.09464903,0.31692344,0.83940727,-1.0834843,0.02576067,0.0999238,0.033112578,0.5675707,-0.5478456,0.083599254,0.03469431,0.23709159,0.5713104,-0.38387936,-0.6221383,0.28305197,-0.0951095,0.79251593,1.3508931,-0.6920486,-0.058885995,1.1744676,0.8730709,-0.20676999,0.047367588,0.09673318,1.3150982,1.2800034,1.1199365,-0.09030083,0.5057902,-0.49461854,0.5031611,1.4958816,-0.8709928,-0.69368625,0.21690716,-0.27462,0.020314917,1.4527584,0.8395026,-0.2824092,0.03694868,-0.39673096,-0.44364795,-0.8105401,-0.28351235,-0.6248716,1.4163026,0.18042606,0.0831336,-0.14474094,0.89236206,0.37634972,0.63813055,-0.6488925,-0.17055905,-0.6297254,0.39371926,-0.062140156,-0.37944743,0.31881595,0.8894213
1.0401185,0.46174973,-0.50879735,0.8334974,1.3141676,0.60475034,0.9756309,0.120116375,0.8188712,0.85886043,-1.0010637,0.34437346,1.7333343,0.84695184,0.40424004,-0.49873397,0.44375303,1.290652,0.4321195,0.47770944,-0.550746,1.3227603,1.0226676,0.63882214,-0.877269,0.5843751,1.2480093,0.08011836,-0.48715517,0.37107933,0.26005325,0.5603498,-0.8215889,1.1203731,0.28764158,1.3982981,0.29318497,0.7425074,0.5779872,0.37765282,0.6637149,0.24993606,0.14961189,0.7985013,0.09995921,-0.5105422,1.1922308,0.4676219,1.0241019,0.7374276,0.6849396,0.20112722,-0.43552834,1.4748089,-0.07293416,-1.306252,0.9915315,1.0294617,0.9632763,-0.28151983,0.44934994,0.39640045,0.60059744,0.8691624,0.9522539,1.0470221,0.41222063,0.43420643,-1.1532924,0.34890324,0.55956554,1.0266142,0.8241442,1.0454813,0.8555922,0.6712006,0.6177366,0.62665343,1.2677891,-1.0343001,-0.9230229,0.4963036,1.2862896,1.1117692,1.3113732,1.0861439,0.62585384,1.3221235,0.36922365,0.39204723,0.29308796,0.775438,0.59761417,1.0318238,-0.9324722,1.1224405,0.61578023,-0.87953234,-1.069377,-1.2093314,1.0501003,-1.16514,1.073722,0.22264591,1.13961,0.76594806,0.6056999,-0.981089,0.8545948,0.6662734,0.91093045,-0.7030205,1.1530504,-0.6371216,-0.7789169,0.23997818,0.98458755,0.9464172,0.4413918,0.27424332,-0.7536023,0.27272874,1.3805361,0.42753124,0.72603554,1.1760594,-0.5344309,0.37061548,0.7730026,0.9049658,0.89579606,1.3406007,1.1523969,0.6848651,0.70289713,0.06266175,0.7444885,0.9701813,1.08967,1.4966296,0.9862484,0.85652304,-0.841781,-0.3771164,0.5215799,1.1080899,0.5416858,0.49825865,0.7158137,1.0085571,0.88570094,0.14057174,-0.6916429,0.4405837,1.1213572,1.0007372,0.99571866,-0.14036155,1.1538953,1.1696073,-0.61191505,-0.14863706,-0.72436273,1.0429572,0.66245073,1.1512675,0.43754184,-0.9266161,0.56695855,1.035744,0.908762,0.15039764,0.77224433,0.769179,0.08193731,0.6399632,1.1397412,-0.74492466,0.40546036,0.47735974,0.6599495,0.78069615,0.18412021,0.5239528,0.058577925,1.0259893,1.3068113,0.37436545,-0.34496847,1.2053388,0.49887207,0.66529274,0.2521022,0.06187075,0.5826023,1.2776833,-0.80636096,0.10464534,0.8542118,1.01305
1.6492106,0.3200715,-0.8306808,1.4871435,1.7316579,0.703397,0.8833871,-1.4042609,1.4451997,0.9683657,0.5789909,0.1149282,-0.7865852,1.0013287,1.1994212,0.30272147,-0.00421451,1.5181152,0.2602844,-0.33137044,-0.45957533,0.16194387,1.0082679,0.9345046,0.86346173,1.182751,-0.24262434,0.08212614,0.77012736,0.41986093,1.1484997,-1.4006834,0.23224989,1.1810287,0.8803367,-0.40979943,-0.08839926,0.015007995,0.59774745,0.21243963,-0.46510983,-0.75789773,-0.34461752,0.85524493,-0.20151679,-0.15771897,0.7739788,0.6685976,1.4427453,0.89545393,1.4672105,1.126591,0.3779074,1.1484429,0.007708718,0.6606202,-0.53008044,1.671663,1.1580342,-0.5359324,1.2601397,-0.33227813,0.8646938,0.8321492,0.2990256,1.5351523,1.0920279,0.9001063,1.1667244,0.6021158,-0.44776693,1.0304041,0.8013497,-1.1879344,0.25381804,0.822145,1.8872979,0.5353643,0.8631967,-0.23274179,1.034942,-0.40087762,1.5789908,1.3334279,0.63502187,0.11939747,0.07720543,-0.82067424,0.26672387,-0.62637633,0.10878141,-0.03028278,2.0431676,1.9717776,-0.63818365,0.059619326,0.46811324,-0.8721962,0.053037643,0.50978523,0.27467966,0.6837288,0.15221559,0.5416393,1.5197349,0.15946776,0.5790142,0.1173154,1.232614,0.51195717,1.2682651,0.123822674,1.0075332,-0.3537779,-0.37952814,-0.7040733,0.87920934,1.7530533,0.5302936,-0.31138524,-0.45538858,-0.11728189,1.1063983,1.2727205,0.80193806,0.6976363,0.13779043,0.7541993,1.2813243,0.283733,0.48266438,0.21815799,-0.28078768,-1.0808582,0.41584662,0.8905425,-0.20854169,0.15692933,1.1064885,0.57087517,-0.38710484,1.3352323,-0.44678375,0.4677362,0.7747847,0.5303121,0.60003406,1.4368839,-0.047124274,0.9271593,1.1796757,0.61373067,0.74961835,-0.2726279,1.3904606,1.3353862,-0.11133461,0.9765123,1.4623638,-0.28170666,-0.49248412,0.80739033,0.2761195,0.52977824,0.8428747,0.8801576,0.8624411,0.4830833,-0.3600434,1.3545682,0.83261395,-0.16986072,0.7542786,0.51937747,0.3054274,1.3355201,1.279313,0.92965895,1.3619597,-0.10296301,0.23118153,1.1284168,0.68715435,0.91091996,0.32110822,1.7968348,1.547641,1.0852716,-0.7815462,0.76065046,0.16089074,0.88212854,0.22350237,-0.618777,1.2506131,0.8721492,-0.59497017,0.45353746,1.4619637,0.819256
-1.2846085,-0.5912976,0.083624475,-1.1503844,-0.5030772,-0.95398766,-1.4675815,-1.0608428,-1.3737091,-1.2688427,-0.3766728,0.48281103,-0.85782725,-1.1042708,-0.7901261,-0.08440222,-1.130263,-0.78864557,-1.266813,-0.55333894,0.83664984,-1.2424188,-1.5053918,-0.59838015,0.6010599,-0.4767188,-0.8700976,-0.7068911,-0.3616003,0.26278767,-0.59232706,-1.0928965,0.92183554,-1.3723038,0.23383659,-0.65928674,-0.49911338,-0.29842052,-0.8701865,-0.50248003,-0.39708593,-0.032715842,-0.21791977,-0.99516016,-0.48670802,-0.19275229,-1.0185974,-0.5496674,-1.2185223,-0.66526014,-0.5353666,0.24503449,0.16351672,-1.1298043,0.1802344,1.1374122,-1.1632192,-1.0970716,-1.0325127,0.2664027,-0.027935399,-0.75348353,0.7263753,-0.061199173,-0.4765327,-0.9975369,0.026942007,0.19330288,0.27085665,-0.081317544,-1.2720145,-1.0755674,-0.7979979,-1.0960693,-0.83508617,-1.0179923,0.11649949,-0.51935494,-1.4630053,0.97323406,0.34429368,0.20472187,-1.4505883,-1.0272096,-1.4228768,-1.1779876,-0.5613187,-0.96761495,-0.5368834,-0.6060846,-0.8975532,-0.63873595,-0.913643,-1.2255558,0.075194806,-1.0634578,-1.4105843,1.5999947,-0.0516062,-0.25898853,-1.0936476,0.465591,-0.5830958,-0.567906,-1.2275827,-0.9278678,-0.981065,1.2664281,-0.8634905,-0.56343365,-0.9497673,0.8378159,-1.1470071,0.20237908,1.423377,-0.028130809,-0.89930224,-0.9637566,-0.6651163,-0.1324688,1.5208321,0.2417163,-0.56407577,0.048349604,-0.69418514,-0.93998796,0.43785307,-0.5883731,-1.019175,-0.1940403,-1.3750372,-1.5369895,-1.0690006,-0.4070095,-0.48242787,-0.1655288,-1.1121337,-1.1769465,-1.1386298,-1.2128799,-0.58812493,-1.4863776,1.1314532,-0.4366199,-0.16367717,-0.8773418,-1.0008522,-0.5511466,-1.0987006,-1.1009163,-0.12459612,-0.23646453,0.6575423,0.32500207,-1.0618205,-1.4760438,-1.24892,0.90033954,-1.3547755,-0.81844157,1.1834111,0.25639126,0.7264458,-0.8167572,-1.3441917,-1.6058948,-0.7976755,0.24245204,-0.6235864,-1.1075729,-1.0406642,-0.5340436,-0.95250547,0.42462113,-0.30342585,-1.0470682,-1.3303934,0.3824626,-0.34641042,-0.49435708,-1.3888566,-0.13773331,-0.3872018,-0.38187623,-0.62823457,-1.1070936,-0.991313,0.11354842,-0.8688435,-0.4603579,-0.34008273,-0.7986771,-0.9808636,-0.29145625,-0.93790495,-1.5490429,0.90380645,0.60429853,-0.5314295,-1.6435183
-0.012138233,-0.6145674,0.25541928,-0.66339743,0.08771428,0.3056636,-0.4608364,-0.61582106,0.31014228,-0.15420537,0.16035546,0.12863635,-0.079193555,-0.25786647,0.67089355,-0.37487516,-0.13398981,0.4958995,0.33630767,-0.18575385,0.8913828,-0.0006735902,0.24380502,0.61097974,0.6361019,0.5079792,-0.76037574,0.38553023,0.22766566,0.58162826,-0.31394824,0.86944276,0.6179831,0.5408534,0.79542094,-0.26682094,0.73070526,0.72162527,-0.016407803,1.0959672,0.792038,-0.20362563,0.8272719,0.35149324,-0.8973348,0.8646665,-0.11486894,-0.41495728,-0.1863035,0.5627301,0.18846694,-0.049262643,0.076003864,-0.19388944,-0.5029911,0.06527555,-0.7076371,0.83308035,-0.2737841,-0.07456441,0.21742997,-0.13590156,0.65879714,0.76653594,0.18498491,1.1970179,0.48002654,1.2264572,0.42548075,0.37554687,-0.022921704,1.0166965,0.69344753,-1.3418174,-0.33376572,-0.39008686,0.63281983,0.7790462,0.5350851,0.31087017,0.46708733,-0.32702082,0.13643594,-0.7196476,0.57997084,-0.47526202,-0.15650144,0.010733213,0.5299881,-0.0839037,-0.3227594,-0.7645277,0.42941162,0.3696521,0.44203708,0.13545966,-0.67829067,0.7734616,0.29438576,0.14521343,0.028386988,0.9809181,0.4786899,-0.7016118,0.18191856,-0.16308509,1.5423143,0.55456394,0.4354366,-0.14183986,-0.78041106,0.47234756,0.5795531,0.07804099,0.37759,1.1093464,0.8217464,-0.49183866,-0.1780606,-0.37499216,0.92592394,0.44302022,1.0113685,0.3990074,0.013785716,0.96201956,0.74818987,1.769494,0.57020295,0.7346575,0.033033285,-1.3716707,-0.36387748,-0.26710626,-0.23911318,0.33336675,-1.0188807,-1.0692838,0.24909598,0.2895152,0.10266904,-0.33827755,0.6752879,0.08729734,0.995038,-0.08195201,-0.17240338,0.37301815,0.6293531,0.577088,0.5607842,1.0443602,0.6721579,-0.09090913,0.4470957,0.9743391,-0.595549,0.92042404,1.147071,0.741934,0.061848458,0.71240914,0.7074162,1.0024924,1.3822509,1.1112573,-0.027202806,0.012359843,0.646783,0.4649082,1.3352995,0.67718846,-0.12786548,0.10415276,0.3601647,1.064259,0.38435915,0.90129536,0.026268184,0.6601654,-0.4450497,0.74488723,1.3118645,0.8376743,1.036498,-0.48554713,0.02318724,1.2979642,0.5645912,1.2128552,1.3404896,-0.47242263,-0.95014775,-0.4130962,0.3074555,0.43147096,0.17293695,0.4987802,0.9581524,0.6614589
-1.9459873,-1.3562202,-1.7659861,-4.9812713,-3.0782034,4.1404324,-2.761642,-1.2162571,1.4506013,-0.3409146,1.302515,-1.0912497,-0.42917013,1.8653282,1.0981851,-0.59079343,1.5285032,-1.3080192,3.736089,-0.29722574,-0.71333116,-2.496023,2.9861217,-1.9276868,-2.393349,-4.0176473,1.0610958,-1.9329675,0.8350902,2.027385,-0.022822324,3.898614,-1.515624,0.2726729,0.117430896,2.3807049,2.0734735,3.0090506,-2.1578476,2.5965388,2.1831758,-1.3131524,1.5520873,1.527066,-0.37669876,-1.8397635,1.1578505,-3.5849562,-4.222384,-1.6282921,-3.672809,-4.225767,1.2149528,-1.8378973,3.8753037,-4.0625997,1.5217621,0.4342732,3.0774744,-0.13400295,-5.37808,0.65892965,-1.9927026,0.73543197,-1.208495,0.33531025,-1.84782,-2.548388,-1.968245,0.6104049,-2.656001,0.048749484,-1.9628642,-0.86142564,-0.36452848,1.1749765,-3.642069,1.6258624,-0.11307755,-2.077865,-2.7641604,1.0556519,-1.061396,-3.6273909,-2.117706,-1.7376592,0.5211498,-1.6835157,2.54684,-0.22816004,-4.6294208,2.424763,-2.1320562,1.9886173,2.252847,3.5445218,-0.07431583,2.1084445,-0.37213966,-2.567971,-0.47829527,1.9135101,-0.4761182,-2.856476,-3.06983,3.2158566,-0.41207248,0.4488001,-1.9552449,1.4656572,2.332168,2.7730696,1.7203686,-2.8711216,2.8067813,0.6072309,-2.5457964,-2.7332194,-0.6065305,1.8135248,-0.4352225,1.2718214,-0.04745816,1.3001074,2.170921,-1.8170804,-0.29852787,-3.636835,-0.45784342,-1.1013156,3.4929187,1.9266099,2.6109583,-2.3696609,-1.7820076,-1.0671507,-2.1867754,-2.5801604,-0.2693835,-0.45675063,-1.5992839,1.4014807,0.3628059,2.412482,-4.256181,2.4573426,0.99864167,1.2085218,2.7932487,-1.3546122,-2.0726218,2.6898632,2.7872221,-2.5542498,-1.4523044,-3.8727975,2.7970326,-0.27414367,1.4611139,2.9124093,-0.86074585,0.9869002,-0.20110065,-0.979267,-0.42540938,-0.48932692,0.09424208,0.6679099,-0.6534678,0.562822,-1.0464276,2.327566,-1.110619,-2.6669617,1.8782946,-1.4855742,-3.5107467,-0.8617852,-0.7416381,2.5703785,0.18396026,-1.8506913,2.243494,1.6133053,2.537898,0.26670718,-1.8605653,-2.304063,-1.3125123,-2.3267307,-1.0275941,2.2902915,1.7354544,5.113417,1.0604515,0.6012786,0.27039716,4.0157747,-3.254859,0.381593
1.3730512,1.0577286,-0.29583478,1.0689008,-0.15628766,0.6016577,2.0556974,0.68682593,0.74189615,0.5121792,-0.70380366,-0.50569755,0.5220698,0.89639,0.086165585,-0.66871464,0.36191043,0.78128666,0.39948887,0.728701,-0.5092642,1.3229952,0.99367493,0.7314364,-1.0895978,0.5828222,0.9255565,-0.4476099,-0.7998381,-0.52321434,0.99829215,0.17702706,-0.45349318,0.33347905,0.26210117,0.21420269,-0.797328,-0.9600067,-0.33275658,-0.34630758,-0.7677491,-1.3398468,0.10360514,0.34497195,0.013832482,0.845115,0.7857601,0.5914674,1.4564661,-0.41285622,0.96786726,0.28724015,0.16295542,1.6673146,-0.5132091,-0.47119778,1.3629954,0.69573927,1.0453709,-0.12642415,0.14458789,-0.56851596,0.36419111,-0.34964517,0.66394407,0.4294385,-0.41810784,-0.43884352,-0.3750356,-0.6008708,0.66103125,0.41329634,-0.09231878,1.0654807,0.6063707,0.50874853,0.540734,0.2993604,1.6809275,-0.23215865,-0.21934138,-0.8255677,1.0014951,1.00482,1.0436635,1.7762411,-0.6930646,0.35768348,-0.42690864,-0.31119522,-0.81901443,1.4156023,0.57582307,1.2188282,-1.0685279,0.05811097,0.63324577,-0.8071005,-1.5282148,-0.057982337,0.9907234,-0.432617,0.38763294,-0.3639884,1.7381469,0.011310132,-0.14054172,-0.84510446,0.61542016,0.4405297,1.3771954,-0.34548444,0.095180914,-0.81702757,-0.7351032,-1.0130463,0.24545935,0.6018414,0.34068838,-0.05921007,-1.1247253,-1.304503,0.54636514,0.09878796,1.1058753,0.12987497,-1.6178908,-0.22617781,0.35156214,-0.32690018,0.85854393,1.6362766,0.62955016,-0.58905417,0.9982949,-0.17756347,0.2419501,0.8522747,0.67242235,0.48606378,-0.32102025,1.3592565,-1.3730459,-0.64646155,-0.2630322,0.5565191,-0.10197826,0.3834005,0.34206593,0.9381851,0.14289413,-1.1415193,-0.7535461,-0.4703705,0.4477812,0.6696887,0.44587192,-0.51991093,0.8575131,-0.4009054,-0.9066947,-0.10748981,-0.33175904,0.35934186,0.2175294,0.39523283,0.45379242,-0.34795964,-0.6035817,0.8530992,-0.46082717,0.016765656,1.1360434,0.17560263,0.029714294,0.39677164,0.5070985,-1.9737812,0.44283193,-0.6879666,0.9755589,1.9924145,0.51888263,0.0632409,0.43932387,0.718475,0.90380406,-0.6555914,-1.0918962,-0.62795633,0.07679621,0.5415249,1.4419922,-0.5185618,1.8067027,1.829998,-0.9525266,-0.36235496,0.7573922,0.54072803
1.087836,0.014121663,-0.0903299,0.38100863,0.68288,-0.02865693,-0.27880648,-0.65243626,0.34027687,0.41700003,1.1581534,0.24347581,-1.5695741,-0.30900368,-0.12836477,0.5174678,0.12686415,0.78740895,-0.2539998,-1.1250523,0.6606059,-1.2873713,0.111999206,-0.13302247,0.2271309,0.21345581,-1.0131992,-0.7664704,-0.024017634,0.037106566,0.015895661,-1.2620404,0.7165037,0.060295075,-0.066937454,-1.1847203,-0.31169528,-0.4813429,-0.38023317,-0.7925928,-0.70194227,-0.6474262,-1.0790366,-0.1661378,-0.19261707,0.38416028,0.36102813,-0.48959973,0.2543099,0.032266885,1.0156007,0.03644088,0.05734297,-0.30482298,-0.1724309,0.8532834,-1.3954737,0.85362035,0.5262367,0.031821586,1.0904716,-0.7858683,0.44649702,-0.018813519,0.036644615,0.5826589,0.27893433,0.11389675,1.0693753,-0.64206547,-0.8237517,0.51405007,0.55858487,-1.1451753,-0.7429026,-0.44475344,0.37209353,-0.028852165,-0.28262088,-0.112708785,1.1567411,-0.20371859,0.29813108,0.43769655,0.2644838,-0.032524057,-0.12782171,-1.4831957,-0.24395233,-0.9137914,0.5035996,-0.4774023,1.0594624,0.22171687,-0.03960653,-0.29947412,-0.50253123,-0.17988895,1.1235806,0.4897262,0.3144916,0.3141005,-0.5229188,-0.9250543,0.3748579,-0.7610757,-0.12545528,0.20288219,0.062343396,-0.58194715,-0.10932154,-0.5307166,-0.088268034,0.36319774,-0.46023852,-0.5979362,0.09188014,0.48215598,1.7039005,-1.0343367,0.006867394,-0.75639766,0.37686172,-0.1235468,-0.13076265,0.65673727,0.38479546,0.52053756,0.5076185,-0.48536658,-0.29000834,-0.2651599,-0.99787676,-0.43749347,-1.0058047,0.51116776,0.42028424,1.2513018,0.7391481,0.7879484,-0.45671603,-0.0641744,-0.12782249,-0.056866787,0.54493356,-0.24543351,0.1843328,0.3414833,-0.2233578,0.29437813,0.059241578,-1.050252,0.7182288,0.09026035,0.88559985,0.67386484,-1.1563435,0.058257516,0.61801946,0.12521836,0.6400914,-0.028982118,0.395691,0.40062574,0.2772349,0.3133215,0.68211013,0.96190596,-0.8765607,0.54953784,0.9187629,-1.012314,-0.16135253,0.5648458,-0.19268143,0.24022911,0.738442,1.0504259,0.3488918,-0.46984017,-1.0729803,-0.19853254,0.10150308,-0.22603428,-0.5382881,0.89571345,0.8258988,0.33498076,-0.036508746,0.022917548,0.5369231,0.3639286,-1.2923794,-0.4770658,-0.5959154,0.008458014,0.14056242,-0.0158233,0.7819478,-0.1284004
1.8465227,0.78199726,-0.12248603,1.3486617,1.2262132,1.5174775,0.7089058,-0.16200674,1.497958,1.0631819,-0.49061686,0.9413597,0.6048652,1.1672333,1.69591,-0.31633747,1.3023536,1.6533792,0.99444336,0.6879492,-0.5095271,1.1092416,1.8237379,1.5779877,0.04727728,1.9060785,0.8215105,0.8067643,0.18425973,1.6900687,1.6787381,0.42059302,-0.18149634,1.545927,1.6620864,0.561921,1.005344,1.4175892,1.5361433,1.3249495,1.3882157,0.05782585,1.2065983,1.6373663,0.23578705,-0.5367618,1.528416,0.6972623,1.1079832,1.7812535,1.5398824,1.7063457,-0.19537044,1.2840016,0.29346505,-0.39035377,0.6656129,1.9379392,1.4291065,-0.015122442,1.7488168,0.3249072,1.6703895,1.6555691,0.44340193,1.6778381,1.2093928,1.7781905,0.06345299,1.4038471,0.8924172,1.7312217,1.3790308,0.2093808,1.1008523,1.249157,1.6635443,1.7386642,1.4420078,-0.6535098,0.059854835,0.3964233,1.7860502,1.2643088,0.89471763,0.530595,0.596933,0.58992624,1.1239913,0.8148518,0.13245268,0.48734567,1.4861945,1.6001757,-0.2663328,0.6730913,1.0277786,-0.5298926,-0.41085878,-0.4175867,0.8980556,-0.20255776,1.7051831,0.3112698,1.636335,1.0225787,1.6984535,-0.4566661,1.5245212,1.2084104,1.3612072,-0.52690035,1.3536977,-0.6225973,-0.82891136,1.2164466,1.4437011,1.4685246,0.85600376,1.147941,-0.70592725,1.450124,2.0801022,1.6713555,1.4341317,1.6181186,-0.64624244,1.2955687,1.8348101,1.3584273,0.9490869,1.080545,1.1428467,0.050208442,0.6897197,0.18918554,0.73935133,0.70096767,1.6759205,1.6384165,0.4496628,1.2543379,-0.26223904,-0.53116596,1.6202611,1.4760809,1.2317042,1.7849324,1.3970152,1.5435075,1.7023796,1.422963,-0.31514186,0.96103096,1.7627393,1.432932,0.5780288,1.5140613,1.5962825,1.0322095,-0.17068942,0.2534471,-0.2102494,1.9181995,1.8996874,1.6721122,1.3983443,-0.32603645,1.1661644,1.7652489,1.2836717,1.376203,0.94758075,1.1533058,1.5077908,1.9549166,1.7266845,-0.22758637,1.4929869,1.4299188,0.98210543,1.2926068,1.969303,1.6949252,1.458714,1.6097424,1.3695321,1.61627,-0.23882154,1.2509216,1.3806683,1.7910359,1.197718,-0.2245479,1.5587146,1.2391597,-0.6373324,1.1700209,1.9063301,1.6872238
-0.5494233,-0.9939717,0.28673175,-0.4963414,0.47820944,-0.94283277,-1.8328635,-1.5368457,0.9629551,-0.48267972,1.6240013,-0.62280554,-1.1441959,-0.6939617,-1.372147,1.7651355,-0.6052483,0.77219075,0.23533285,-1.9784262,1.1020949,-2.636954,-0.5854678,-0.0042018127,0.8626095,-0.7751634,-1.8486978,-1.7892315,1.3637381,-1.0677655,-0.82717514,-1.5125289,1.794998,1.1988298,-0.8655287,-1.5009377,-0.73280317,-0.6281241,-0.5577528,0.0876811,-1.30649,-0.45331883,-1.1641637,0.05013022,-0.62037,0.6138802,-0.54493815,-0.4706883,1.7461611,-0.43083543,-0.7215264,-1.0199997,1.3127304,1.264027,-0.31231436,-0.2022595,-1.5159407,0.39824265,0.47318733,-1.2894099,-0.77514297,-0.23505972,-0.44125623,-1.140033,-0.019300457,0.17831798,-1.5052634,-1.8344023,-0.2918704,-1.3643128,-1.0491267,0.662685,1.003706,-1.4300389,-2.0281181,-1.2347978,-1.1186913,-0.4141803,-1.0410998,-0.17434268,1.0305871,-0.102669016,0.36915806,0.9778396,1.121362,-1.3594916,-0.62430173,-1.3012747,-0.726952,0.074488655,0.78610325,-1.2676467,0.9788402,0.13949455,1.2089993,1.0711883,-2.122152,0.060003955,0.99467975,0.9730769,-1.0977947,0.45350665,-1.533549,-0.36201215,0.8671479,0.13713515,0.12565829,1.0055605,-0.01727398,0.3696652,0.31488046,0.39664084,0.8214378,1.9445779,0.031124156,-0.84807974,1.3049533,-0.19994089,-1.3078123,-0.6686584,0.07410155,-1.3717417,0.06602515,-1.6134003,-0.9304716,0.26773036,1.8143697,0.58825487,-1.2673151,-1.2341024,-1.0775626,-0.31086516,-2.14169,0.6632573,-2.0391293,1.8522401,-1.2900609,-1.429776,-0.29726592,0.43888366,-1.1007318,-0.12575842,1.0881588,1.8730875,-1.0062472,-1.8815961,-1.2168529,-1.3886639,-1.320982,0.21485348,0.13483125,-1.6660933,1.2867953,0.15557078,-0.23162985,1.4210833,-1.0936507,-0.9018264,0.95767665,0.39546368,0.7916958,1.9772719,0.61018395,0.06439504,0.2181503,1.0848826,-1.9952712,1.2790598,-2.4923651,-1.843109,0.7390379,-1.3983033,-1.8113378,-0.80663204,-2.4968789,-0.1378899,1.0566725,1.7216864,-0.84209996,-0.14460468,-0.47800398,-0.9018258,-1.277705,-0.5458561,-1.1778346,-0.32849583,-0.028633544,-1.3754468,0.8597873,1.2833294,-1.1565578,-1.510285,-1.8272835,-0.20536861,-0.5900994,0.8650328,0.5114261,-1.1110892,-0.27984715,0.5018604
-0.5114028,-0.1738407,0.53988975,-0.6528919,-0.15038222,-1.1550152,-0.69936764,-0.48534027,-1.0798203,-1.0055777,-0.110414095,-1.2211177,-0.18570544,-0.24663974,-0.060904123,1.41321,0.16177747,-0.7332282,-0.43147528,-0.47213122,0.5523153,-0.34408185,-1.0349267,-0.66888916,0.65499675,-1.6805401,-0.43491745,0.33445448,1.5832914,-0.895404,-0.23811895,0.06883063,0.45811525,0.48501992,-1.3497134,0.5256856,0.01828992,-0.82160896,-0.93987167,-0.7923991,-1.4197482,0.114491165,-1.0338725,-0.67309767,-0.29468817,0.7662572,-0.62999326,-1.1735537,0.31510276,-0.46307307,-1.2141781,-1.1958691,1.1464674,-0.073908,0.65419924,-0.76385796,-0.44573376,-0.6036851,-0.59786874,0.2118343,-0.820038,-0.36042076,-0.8936056,-0.6856088,-0.53128195,-0.17325374,-1.577347,-1.8968656,-1.1157854,-0.89532274,-0.04642518,-0.29866192,0.015820034,-1.3965527,-0.14392729,-0.045209035,-1.2371098,-1.0757678,-0.7302337,0.5651644,-0.64409286,0.04707962,0.14437279,-0.20872012,-0.33394015,-0.53884894,-0.78767985,-0.6152151,-0.64696836,-0.18851076,0.18537812,-0.08254922,-0.032369755,0.108745664,0.88715476,0.82236147,-0.06438278,-0.33497,-0.18635131,0.11940789,-1.163954,1.0352627,-0.6010281,-0.62497866,-0.338248,1.1189408,-0.13098428,0.33911777,-0.7382417,-0.47204864,0.19680744,0.5689441,-0.37827802,0.9903173,0.30918008,-0.8391843,0.12696505,-0.5557478,-1.0165757,0.007570779,0.05177016,-0.3424573,-0.48546052,-1.0955194,-0.21559666,-0.92167735,0.795701,-1.6374211,-1.13134,-0.6909623,-0.46927455,-0.3252218,-1.269159,0.22791901,0.004911013,1.1495668,-0.54327357,-0.2656349,-1.3048979,0.07757833,-0.72187835,-0.24996229,0.42419595,1.8089372,-1.2722756,-0.05690927,-0.256279,-1.0196468,-0.66262865,0.72308016,0.104346395,-0.27573702,1.154649,-1.0224034,-0.40973988,-0.16629748,-0.16784178,-1.664512,0.0050699897,-0.32201868,0.6422336,1.086244,0.43845788,-0.5717076,0.17708445,0.32879868,-1.5944035,1.2431047,-0.8888167,-0.5110204,-0.044950515,-0.11781193,0.42870802,-0.4845015,-1.0385046,-0.45838928,-0.7018747,0.52544767,-0.8853071,-0.36005637,0.6138095,-1.2136505,-1.1655581,-0.65583396,-0.74601686,-0.3446329,0.23572676,-1.4811369,1.5474697,-0.45994142,-1.7808803,-0.8044358,-1.0375112,-0.4677073,0.46337646,0.5210613,0.7996001,-0.92992204,-1.0668961,0.27357036
-0.4180165,-0.2396576,-0.076721184,-0.117765516,-0.88143945,-0.41699457,0.4654953,1.2336465,0.7947812,0.17402256,1.4451596,-0.7894857,-1.4002036,-0.28410396,-1.1319265,1.4887184,0.98370445,0.79477155,0.088931985,-0.21024807,0.9263083,-0.118071094,-0.40666068,0.47198486,1.2787275,-0.5544114,-0.99142134,0.2854514,0.917713,-1.8460382,-0.12917984,0.27398175,1.4889165,-0.25754324,-0.40803894,-1.5302628,-2.202204,-1.0496749,-0.72199005,-0.5728096,0.11709933,-0.5635977,-0.55924153,-0.20839515,-0.6032526,0.5441723,1.7092357,0.83122045,0.14608881,-0.06811217,0.02955652,-0.3797745,1.3750436,-0.8186271,0.3631028,0.85682225,-0.6231656,0.60535,-0.5724088,-0.72840744,0.1861726,-0.90708786,-0.82910687,-2.514621,1.3779027,0.7112459,-1.6661425,-1.1953899,2.0473845,-1.9549085,0.036749896,0.14650553,0.43340284,0.20419379,-0.9991303,-0.20264558,-2.1457522,0.21830025,0.797448,-0.14467724,1.3897723,0.48454922,-0.16254213,-0.411159,1.1869242,0.1542551,-1.168939,0.5219541,-0.13110974,0.030887254,1.843251,-0.50759554,1.1278054,-0.6548768,1.9033743,-0.051738184,-0.52622443,-0.4190682,1.7771618,1.7166928,0.5115963,-0.45332187,0.17963745,0.104236215,0.18842402,-0.3939432,0.29679003,0.047919802,-0.6790864,0.23586215,-0.6589692,0.35315615,1.0045297,0.91596997,-0.35373843,0.5236082,0.21073948,-0.45583877,0.38970166,-1.1751395,-0.3554458,-1.6828827,-0.07911287,-1.8404392,-0.7107327,0.21801837,0.23223625,-0.12455909,-0.5949519,-1.9186492,-0.59910953,-0.70275533,-1.2635034,0.076652996,-0.57910305,-0.3079921,-0.15972501,0.035813343,-0.49359557,0.03566119,-0.50128704,-0.6465378,0.47978306,0.53105474,-0.36089978,-1.6444001,0.080848455,-0.97111005,0.44980872,0.21595481,-2.5598497,-2.5293736,0.81253946,-0.20713672,0.34338364,0.07373103,-0.8331512,-1.43723,0.8661368,0.40352875,0.6200438,-0.20983244,-0.4675329,0.8754608,0.20165811,0.58068055,-0.069974706,1.4622716,-1.5600672,0.09723071,0.8134059,0.04244043,-1.8408048,0.09467304,-1.091768,-1.0809743,0.41611743,0.30900538,-1.0683717,0.8311159,0.71285135,0.3602883,-0.4136811,-0.5218171,-0.41946793,0.84078944,-0.27911547,-1.5817837,0.86691725,1.3990543,-0.13987832,-1.0139306,-0.7956337,-0.18505523,-0.6225279,0.44769338,0.49726468,-0.9467555,-0.26430407,1.0426058
1.267461,1.070084,0.43530387,0.7179416,0.31698063,0.581733,0.15480992,0.3929524,0.34091502,0.30851918,-0.09656279,0.54465646,0.28495878,0.084007576,0.50956607,0.03184366,0.8259179,0.82492596,0.2479347,0.301218,-0.0010615289,0.35397097,0.7670888,0.7902294,-0.05249847,0.46084037,0.308578,0.13319547,-0.23648585,0.7653942,0.4417953,0.25184113,-0.20003296,0.7577917,0.5097417,0.2842326,0.28527954,0.4380019,0.5074403,0.49812454,0.63109636,0.6250374,0.61359286,0.87869865,0.94067425,-0.13211559,0.6856887,0.26525512,-0.060012348,0.92892134,0.49093822,0.5723772,-0.39914608,0.27700257,0.2906817,-0.05795118,0.25268698,0.6938001,0.20808537,-0.0971438,0.56786793,0.2835424,0.46750855,0.46121016,0.06050523,0.9134408,0.719389,0.5529279,-0.29876503,0.37072566,0.4019418,0.9930543,0.75106514,0.5438547,0.43066227,0.30830738,0.3227733,0.63914657,0.40551135,-0.116536565,-0.13627519,0.752755,0.7981326,0.053076148,0.34316885,0.452314,0.41412798,0.3497419,0.7084965,0.784044,0.12757118,0.42256656,0.7726568,0.52241486,0.035799395,0.321995,0.3193997,-0.04264467,0.104522176,-0.18914756,0.24164054,0.05119685,0.85867816,0.14572777,0.18364431,0.36619157,0.7543936,0.0062418655,0.398202,0.299457,0.07178263,-0.038705878,0.24641435,0.13354006,-0.32468954,0.6481619,0.41249686,0.57385695,0.09003833,0.41511586,-0.060433738,0.612732,0.87249553,0.31351355,0.17576233,0.8606692,-0.2924413,0.6210132,0.6701019,0.6746168,0.5087434,0.58309793,0.45006022,0.27725214,0.6529073,-0.30755728,0.6244394,0.42133757,0.7287454,0.99668056,0.20898193,-0.013866987,0.078692086,-0.11809,0.7929445,0.1964576,1.1353757,0.20655721,0.5270489,0.99450135,0.42072493,0.5591278,-0.04212471,0.4333532,0.83044237,0.6459725,0.117098,0.29383668,0.69075704,0.8200708,0.03895239,-0.35324055,-0.20564644,1.0372103,0.9092833,0.96283984,0.34734622,-0.15068553,0.4708711,0.16918018,0.98611593,0.16195892,0.5832392,0.7273239,0.7508385,0.8761194,0.7196285,-0.030323295,0.6763989,0.46662205,0.3937089,0.29679188,0.4192927,0.41253054,0.45695698,0.72723496,0.8461489,0.694712,0.16998884,0.66349083,0.7287684,0.7684984,0.4283735,0.39625803,0.31972522,0.71744156,0.036872596,0.21630825,0.58367777,0.7008286
-0.21160209,-0.16752706,-0.67509836,-0.81590503,-1.0500662,-0.96807915,0.31999022,-0.237443,-0.3808883,-0.7872437,0.80268466,-0.1524098,-0.9877339,-0.6021079,-0.93379825,-0.27102256,-0.27582934,-0.4947856,-0.4810181,-0.91832036,1.0333617,-0.46401975,-0.6150294,-1.0019335,0.79604995,-0.5016484,-0.89770365,-0.6169313,1.0853978,-0.63923776,-0.32748663,-0.7128356,1.2484418,-1.0177814,-1.0103745,-0.935141,-0.5730734,-0.62493724,-0.94184434,-0.75961965,0.035270195,-0.3561597,-1.0293975,-0.5279555,-0.6574845,0.3058144,-0.4403357,-1.4109919,-0.42627564,-0.88900197,-0.4189014,-0.849808,0.5403043,-1.2625238,-0.7654929,0.86387235,-0.49556863,-0.53171605,-0.9100127,0.72671616,0.03607534,-0.5633189,-0.58821774,-0.7706761,0.012624059,-0.83171344,-0.62873656,-0.0954268,1.4756758,-1.0917771,-0.42461428,-0.5771344,-1.1230814,-0.41609788,-1.1328149,-1.2322577,-0.17172816,-0.6536469,-0.31868514,1.0680177,0.7430305,-1.2941322,-1.0742203,-0.6653595,-0.77220595,-0.9425852,-0.39982644,-0.92853475,-0.25270814,-0.80646896,-0.5261994,-1.4550316,-0.78735363,-0.98122025,1.1385024,-0.046323534,-0.68433064,1.098011,1.0961491,0.6269215,0.16926387,0.8606838,-0.72087693,-0.8692708,-0.44174677,-0.74167824,-0.93068945,0.56559885,-0.91581434,-1.4741052,-1.3931315,1.0289261,-0.9941292,-0.18501897,0.8118301,-0.3595546,-0.767317,-0.45314452,0.9627023,-1.176222,1.3262134,-0.80450773,-0.6846662,-0.5690317,-0.7483436,-0.39542314,0.86723286,0.33636233,-0.24006067,-0.19814903,-0.48983076,-0.03549483,-0.5770358,-0.5716234,-1.2726917,0.29097268,0.25531772,-0.03931913,-0.5761736,-0.7611149,-0.23018557,-0.5141374,0.8204697,0.7378361,-0.5304267,-0.64618105,-1.0166546,-0.35423365,-0.06447162,-0.90679026,-1.1153055,-0.7262872,0.80707854,-0.07774515,-0.2550816,-0.8928944,-0.24569236,-0.8702202,-0.3988951,-0.6160236,0.4460052,0.814774,0.7896835,0.12097198,-0.5434568,-0.7027911,-0.032537755,0.87847507,-0.5678227,0.0046102516,-0.2667426,-0.55307716,-0.8123435,-0.28324014,-0.5054615,-0.58180434,-0.4973021,0.6891469,-0.45511043,-0.58346915,-1.1260862,-0.18482147,-0.5662308,-0.37355965,-0.7304641,-0.1925648,-0.73216474,-0.529975,0.5308183,-0.8733638,-0.0501531,-0.2871169,-0.75971365,-0.33437893,-1.0541158,-1.3286504,0.9148891,-0.598288,-0.37178752,-0.72837716
0.58427846,0.8962767,0.6542797,0.2163198,-0.24560316,-0.42061913,-0.44304347,-0.29753232,-0.17085859,-0.5734783,0.7369915,-0.50030273,-0.6279042,-0.43287998,-0.09196522,0.7217207,0.2443971,-0.09376539,-0.26065573,-0.8073102,0.92303103,-0.8471617,-0.019863874,0.057174146,0.57887244,-0.47221333,-0.6292816,-1.2238824,0.7996533,-0.45520476,-0.30608734,-0.8707921,0.6538674,0.9256041,-0.80866283,-0.47421446,0.36901036,-0.19795477,0.024684858,-0.12771502,-0.80365235,-0.10466308,-0.28135505,0.38410372,0.10700365,0.078233756,-0.66842633,-0.84029627,0.08755544,0.12257825,-0.5082381,-0.17757669,-0.024898246,0.10761749,-0.5756528,0.14579308,-0.7440777,-0.24139789,-0.41280323,0.45728007,-0.3920257,0.12547801,-0.79998815,-0.32729778,-0.91646695,-0.11950643,-0.6205867,-0.7742133,-0.26348326,0.063134044,-0.52837723,0.54167235,0.08454854,-0.3549295,-0.7852797,-0.45439586,-0.4571929,-0.20524085,-1.0704563,0.005247147,0.32642433,-0.14126313,0.29791805,-0.5257994,-0.28821945,-0.99228317,-0.42390403,-1.1691757,0.10871614,0.6926781,-0.73972976,-0.54488546,0.46437076,-0.33169878,0.84137607,0.8711678,-0.5467571,0.45091265,0.7826092,0.536979,-0.82123405,0.55083203,-0.049274947,0.3961056,-0.47170797,0.1455721,0.07271664,0.7318351,0.05020259,-0.5429691,-0.20508692,0.56607485,-0.4547094,0.7576543,0.4474423,-0.18946047,0.002934765,-0.04813065,-0.8583091,0.16281238,0.57897943,-0.20530848,-0.68854755,-0.6595463,-0.8028029,0.00022751465,0.91612095,-0.19706412,0.07347218,-0.0634757,0.09254622,0.80985326,0.13066591,0.5413013,-0.43260702,0.41114295,0.17282246,-0.38316607,-0.33093882,0.49933505,-0.82099295,-0.09252639,0.35360646,1.0456326,-0.39623022,-0.9727345,-0.39195594,-1.1061454,-0.5150171,0.29334787,0.11929001,0.006761969,0.4791413,-0.05183857,-0.10755797,0.39433283,-0.31042925,-0.61540645,0.26821914,0.28476906,0.685028,0.673445,0.28676385,0.1285279,0.6527055,0.5079406,-0.3301826,0.80565107,-0.74394304,-0.7228822,0.48186645,-0.44478285,-0.34509403,-0.38470292,-0.41550225,-0.05995916,0.28145033,0.6652738,-0.21546292,-0.18329072,0.012951153,-0.75967443,-0.8974544,-0.46508527,-0.43510336,0.91077,-0.21945389,-0.28472173,-0.08684781,0.27750388,-0.18726662,0.2083084,0.121605136,-0.49817517,-0.15865417,-0.14376841,0.6639427,-0.4759099,-0.6557957,0.6390988
-0.41135907,0.054564457,1.0521843,-0.4428807,-0.1594346,-0.9536374,0.1081059,0.6624216,-1.5574411,-0.7622505,-0.45007256,-0.7469503,0.09855818,-0.019792719,0.36166415,0.63454974,0.06600775,-1.0619503,-0.088459454,-0.2933156,1.0291901,0.42257804,-0.67479914,-0.567593,0.4391285,-1.3039385,-0.11627647,0.41580224,1.4447923,-0.20037195,0.16383806,0.4544254,0.7620607,0.041887976,-1.0597036,0.87163657,0.68815684,-0.22764403,0.039201964,0.056894835,-0.51497036,0.77925265,-0.6131638,-0.7414411,-0.2105838,-0.22292587,-0.27043808,-0.29335436,-0.04974169,-0.12575378,-1.0524082,-0.47462624,0.15754579,-0.3211935,1.1518352,-0.2725409,-0.39492247,-1.3231118,-1.0133198,0.91071665,-0.58897907,0.3027334,-0.8793551,0.16837956,-0.63779086,-1.1524167,-0.33592394,-0.44449627,-1.0415707,0.38181517,0.75211656,-1.1565773,-0.01894214,-0.56167084,0.032251805,0.4246208,-0.8203799,-0.92509913,-0.5238048,1.3843472,-0.5295643,0.36360627,-0.7463731,-0.37570915,-0.91430366,0.23809321,-0.3283818,-0.050778735,-0.21698785,0.6012252,-0.18463014,0.1592767,-0.47049084,-0.51798517,0.8161616,0.8965746,0.20523335,0.2608426,0.24020666,0.049539085,-0.5823744,0.51725256,-0.034573,0.34998602,-1.0298716,1.1203736,-0.37758487,0.384035,-0.30993178,-0.39100164,-0.12368379,0.5057265,-0.9767801,0.7059834,0.9011211,0.0044371244,-0.53021705,-0.8076767,-1.2368066,1.2494473,0.021462124,1.0769546,-1.0605941,-0.81189376,0.45665535,-1.2590762,0.5484714,-1.1002208,-0.66646254,0.45941725,-0.252471,0.18647051,-0.25122407,1.4313941,0.6649139,0.5667942,-0.10032721,-0.009682629,-0.732989,-0.09187844,0.3657811,-0.7357973,0.2465524,1.593097,-0.9641129,0.21402833,0.22035249,-1.229948,-0.67479736,-0.3430994,0.61625874,0.42148247,0.99916065,-0.23751721,-0.75977194,-0.97113746,0.48533142,-0.36378986,-0.7370399,0.093181685,0.5886503,0.7061019,0.95431685,-1.0106952,-0.20990205,-0.36332145,-0.67183465,0.79948187,0.03975856,-0.15389146,-0.414789,0.6253801,1.3644385,-0.5478176,-0.07238522,-0.06791443,-0.99491614,0.45865834,0.04720556,0.14210139,0.5685023,-0.5526293,-0.33325368,-0.7378841,0.14369458,-0.32582492,-0.65147966,-0.3304947,0.7422824,-0.39707538,-0.66326034,-0.084629364,0.09296743,-0.54343235,0.5147451,-0.41438463,1.0860813,-0.5512162,-1.095255,-0.52043337
-0.6941195,-0.38797522,-1.4919404,0.16034359,0.08908673,0.1712938,0.84252113,0.63900274,0.42877766,0.75046307,-0.86018956,-1.0977458,0.4040219,0.5010161,0.399332,-1.3240792,-0.8863851,-1.1830733,-0.20543182,0.3052186,-2.5166607,0.24532335,-0.634698,-1.0612081,-1.8288459,0.64728487,0.76702225,-0.26155928,-1.8155849,0.1434506,-1.1550736,0.43441355,-1.6817945,-0.6911998,-0.4859597,-0.75473183,0.3206984,-0.18732932,0.33934134,0.21175508,-0.18210952,-0.08444479,0.10654242,-0.8413034,0.09983654,-1.2112252,-0.7756892,0.31083986,0.76183313,-0.7127218,0.8786764,-0.16850501,-1.260584,0.5031853,-1.1860253,-0.7853732,0.5077354,-1.0228353,0.3503387,-1.2775438,0.19510297,0.55766743,-0.85061574,0.82091343,-0.98904324,-1.1901016,0.7408481,0.24896906,0.06369509,0.71639574,-0.10190128,-1.2007732,-0.652352,1.2390501,0.089225166,0.29386136,0.69283843,-0.21517907,-0.3808968,-1.3286902,-0.6360545,-2.1804254,-0.7177088,0.8219961,0.24348618,-0.32074448,0.041151397,0.2372463,-1.2549922,-0.63775164,0.13389756,-0.26286107,-0.7753142,-0.9415326,-2.5182116,-1.1233062,0.7363556,-1.9356544,-1.4587399,-0.8465068,0.33235317,-2.7658327,-1.0889571,0.32878482,0.784058,-0.33305842,-0.8281241,-1.8563982,0.6156297,0.550797,0.52888757,-2.0744538,-0.7042482,-1.6447179,-1.8644532,-0.81634796,-0.14602055,0.38183334,0.70343053,0.8589581,-1.5994306,0.12209021,-0.92438024,0.5212501,-0.24208172,-0.6218935,-1.4591622,-0.5460742,0.2798309,-0.70281714,0.15653244,-0.11757061,0.15765047,-0.31810394,-0.33313385,-0.6418867,-0.5237488,0.71279085,0.22272083,-0.8786476,-0.11670774,0.8081818,-1.4549105,-2.4641266,-0.095656164,0.26925075,-0.039164897,0.14963442,-0.07238597,-1.3358928,0.8442802,-0.33321974,-2.7339067,-0.8916724,-0.3649078,-0.4983022,0.14636703,0.3395991,-0.9726009,-1.2481819,-1.6615999,-0.25236058,-1.8472829,-1.2773173,-0.8982817,-0.904963,1.1881909,-2.677411,0.12386208,-0.5195384,-1.5472345,0.070247784,0.24670142,-1.1585293,0.11861007,-0.95223147,-0.46602786,-1.5873464,-0.18789747,-0.41235095,0.15601182,-0.83906955,0.041245252,-0.62580216,-0.44609323,-0.6623033,-0.46599996,-0.18789971,-1.9919347,-1.146429,-0.16617157,-0.007705291,0.498555,-0.4404536,-0.8908104,-0.4896546,-2.6952326,-0.44260544,-0.28521252,-1.0497317
0.9655112,1.2325338,-0.3239616,1.4522033,0.72453874,0.933467,1.2513103,0.2032021,1.3189989,1.1540539,-0.6006446,1.31142,1.1897627,0.762512,0.85117906,-1.4504018,0.39723152,0.5566626,0.5483001,0.4722878,-1.5211396,0.76835746,0.97070736,0.7122895,-1.8656098,1.7025667,1.2298471,0.389717,-1.8120912,1.1360704,0.6682797,0.5776847,-1.1810776,0.9218613,0.7004872,0.2709782,0.68527687,0.33249727,0.85720646,0.6255874,0.853071,0.76302147,0.5657879,1.2605224,1.4796104,-0.589891,0.58796567,0.025654975,1.1607398,0.9620322,1.8068655,1.3158255,-0.80618304,1.0537821,-0.640162,-0.9706876,1.1893967,1.3493336,1.0933782,-1.0742233,1.0623293,0.75698775,0.9204268,1.279872,2.020872,1.1699824,1.2594298,1.1811656,-0.30567932,1.2891672,0.77011716,0.92864,0.44988447,1.5335531,1.0991743,0.7863878,1.3519349,0.9485512,0.862371,-1.3805212,-0.39679828,-0.74603,1.2740649,1.4290125,0.80015206,0.7257781,0.565525,0.66660315,0.016866745,0.63298464,-0.07683922,0.08695779,0.8222815,1.2777559,-1.6139922,0.15153043,0.8835874,-1.351846,-0.7935135,-1.330733,1.3702255,-1.4733033,0.8695142,0.010688277,1.3490393,0.33007962,0.83329415,-1.7013711,1.7002124,0.21138637,0.6906022,-1.255888,0.35857654,-1.2833705,-1.5333952,-0.0147573445,1.0647665,1.169635,1.6506239,0.6319956,-1.4987261,0.6865681,1.2067108,1.2148442,0.88831294,1.3690203,-1.4252588,1.3010437,1.3455398,1.1005608,1.9672831,1.2304666,1.3273377,0.38354346,0.33919224,-0.7375995,1.1043105,1.2934247,1.0727606,1.0982895,0.35369527,0.8807092,-1.1596541,-1.761824,1.13116,1.166292,0.33027777,1.4465754,0.57023275,0.6360843,1.0392228,0.35413432,-1.8525683,1.1126404,1.3772662,0.9249023,0.59180796,0.26269582,1.0134157,0.19988272,-1.3158935,-0.92966413,-1.2816257,0.82014227,0.78825516,0.722288,1.4446727,-1.5231816,1.2422209,0.7973492,0.50938493,0.33207858,0.80254585,1.0166799,1.1374941,1.1973279,1.2279643,-1.3379774,1.1740813,0.09132713,0.43519774,1.1745818,0.95114505,0.33775306,0.5023469,1.250456,0.7868579,0.8626827,-1.0320344,0.42081043,1.3670816,1.6268692,1.1702121,-0.42477056,0.67377,0.46949637,-1.5571241,-0.13633096,1.4840231,0.848582
0.47269118,0.9587273,-0.38422352,0.95893085,0.8517675,0.79710215,0.58594346,-0.2929939,0.82432926,0.9945802,-0.70705074,1.3991961,0.7406742,0.7261202,0.7489476,-0.62512875,-0.1227216,0.37815398,0.29448256,0.38585633,-1.2960912,0.62538785,0.5164175,0.31580156,-0.93504757,1.4623921,1.117431,0.44629252,-1.4213558,0.9723612,0.569387,0.15551853,-0.69597405,0.20032582,0.8915455,0.33071712,0.6535163,0.41060913,0.6843227,0.26540813,0.35304093,0.007900909,0.35820162,0.8245166,0.70722646,-0.10987513,0.1805375,0.021385368,0.79904425,0.634862,1.4419777,1.3048986,-0.636,0.7961074,-0.33393535,-0.36171713,0.70329285,0.952058,1.17691,-0.2754665,1.2227834,0.51189345,1.2005674,1.1636796,0.95890063,0.8215808,1.2758229,1.0432042,-0.05619441,0.9034071,0.29927582,0.49658325,0.057486393,0.8108378,1.0804033,0.7137399,1.5379312,0.53374124,0.5756494,-0.97515345,-0.30101272,-0.71174365,0.8944535,1.1584104,0.53451174,0.36731267,0.35769233,0.47930562,-0.15209861,-0.2784853,-0.14678816,0.25211617,0.77062714,1.0395442,-1.1701493,-0.33893555,0.7732652,-0.8475266,-0.8688615,-1.0601716,0.8273718,-1.1194949,0.4342186,0.33827803,1.0594158,0.21723977,0.31718174,-1.3293897,1.2446998,0.17792769,0.6870433,-1.0742866,0.20959346,-0.8584057,-1.1212476,-0.3721451,0.64077926,0.96860284,1.4178573,0.17628601,-0.99872595,0.7030216,0.76900804,1.386055,0.89325035,0.83192056,-1.113635,0.7424889,0.7834629,0.45545048,1.0868213,0.39808625,0.62408257,-0.091463454,0.31804508,-0.7467625,0.5833283,0.76242894,0.7973394,0.50723153,0.34694222,0.82673216,-0.7930238,-1.4741261,1.1483399,0.881978,-0.22128405,1.5104114,0.15951031,0.37567052,1.0842841,0.5144244,-1.2720963,1.2276735,0.88201344,0.55819243,0.029231919,0.66811967,0.37142497,-0.44136328,-0.7806696,-0.81168354,-1.0852696,0.44267136,0.18292443,0.32923582,1.1615744,-1.259682,0.95253503,0.6359495,0.14530814,-0.10765493,0.4626873,1.1142285,1.0188016,0.78275025,0.73781544,-0.8966718,1.0420791,-0.10389417,0.11856032,0.7784064,0.7709782,0.526018,0.21907789,0.7292384,0.5132696,1.1262455,-1.1339206,0.05874027,0.9095842,1.2433977,0.70063895,-0.23646286,0.3521584,0.3360374,-1.1380217,0.5861612,1.2535672,0.24336615
-0.44984856,-0.14833163,-0.12607849,-0.95070475,-0.87250155,-1.2220919,-0.58719915,-0.5749346,-1.1217301,-1.0349278,0.7698952,-1.1203916,-0.8002592,-0.64567494,-0.5395325,0.61444956,-0.6634893,-0.7332694,-0.12586628,-0.7722071,1.0654033,-0.9863792,-1.0041983,-0.8952233,0.99100447,-1.2120093,-1.0844464,-0.0011115642,1.2191105,-0.57808673,-0.72301763,-0.62845844,0.96894497,-0.30913427,-0.99359304,-0.5319367,0.25540632,-0.30610618,-0.67266095,-0.29386806,-0.5140967,-0.10261086,-0.6735205,-1.0828512,-0.6025196,0.108091086,-0.8621538,-0.6376843,-0.50299317,-0.3093297,-1.3829423,-0.9861157,0.47758383,-0.88833076,-0.15136507,0.5779417,-0.81726193,-1.1641402,-1.4189554,0.66311336,-1.0415413,-0.13293414,-0.97391844,-0.67086655,0.06479904,-0.82344824,-0.9296267,-0.74179125,0.25246945,-0.40182704,-0.6372372,-0.93123025,-0.5738097,-0.95315754,-0.9828982,-0.93149835,-0.7490575,-0.91092837,-1.2684239,0.997439,0.6488721,-0.5077106,-0.8998148,-1.3972459,-0.9708177,-1.2945979,-0.68825233,-1.0637248,-0.32655367,-0.06219617,-0.51092833,-1.2862793,-0.5763476,-0.8436924,1.0777622,0.34187365,-0.7538333,0.83761114,0.9896511,1.2091013,-1.0159239,1.3296173,-0.6141927,-0.2074093,-1.2247868,-0.1885635,-0.3756414,1.3434199,-1.0935488,-1.1446025,-1.1310422,1.3859321,-1.076748,0.86958367,1.3900437,-0.20609185,-0.6866225,-1.1474069,-1.1219193,-0.39572397,1.421747,-0.44411173,-1.2543597,-1.2593843,-0.99794316,-0.86942726,1.4659399,-0.4698983,-0.76189667,-0.019656818,-1.1123052,-0.21022071,-0.40300837,0.18691793,-0.55415857,0.38039747,-0.70515233,-1.1367979,-0.9032776,-0.49553865,-0.416886,-1.2003851,1.0153927,1.3838078,-0.9042028,-1.2181267,-0.64645284,-1.6429018,-0.78643525,-0.35544553,-0.16149281,0.16552924,0.94607794,-0.503684,-1.2964287,-0.7854873,-0.5227782,-0.50511706,-0.4489342,-0.67616194,1.1055104,0.7788988,1.4108821,-0.4490304,-0.35638097,-0.34846717,-1.4531136,0.95354754,-1.1372622,-0.7664976,-0.21909913,-0.2102433,-0.39182866,-0.8527963,-0.6139912,-0.4903733,-0.9671226,1.2201585,-0.6773586,-0.42902187,-0.68878007,-0.656632,-1.0156716,-0.2029433,-0.32800698,-0.2358408,-0.9811766,-0.66848797,0.4132562,-0.35079792,-0.6861574,-0.6128194,-0.4058881,-0.4669767,-0.4073128,-0.9238181,1.1292719,-0.6729459,-1.5207825,-0.46138394
0.8716235,0.82376295,-0.44437426,1.4754736,1.7449458,0.6729991,1.2342627,-0.573471,1.7819983,0.7229421,-1.0420116,0.7582716,1.3919017,1.6588832,-0.3033732,-0.45449486,0.3770367,1.5724559,-0.092285626,-0.12321027,-0.7564863,0.7311149,1.1778827,2.2708013,-0.9833249,0.8654977,0.9449505,-0.25452513,-0.51727843,-0.70989734,0.7372006,-0.5122978,-1.1401256,1.3805501,0.24457681,0.8936562,-0.6016326,-0.3375433,0.7010931,-0.21397261,-1.1416719,-0.58556587,0.4077108,1.218512,1.4506732,0.11798431,0.6389477,0.6075564,2.246318,0.9057422,1.0049818,0.5326772,-0.6711022,2.11685,0.09355026,-0.85929084,0.781034,1.5955725,2.0638,-1.1814419,0.0369346,0.13494943,1.072306,0.03395821,-0.18133318,1.4604807,0.8096143,-0.68377405,-1.0350388,0.14631851,-0.08842019,1.0758324,1.4934185,1.0980115,0.27451655,0.5825696,0.71911275,0.8045719,1.0708026,-1.0945433,-0.54463786,0.519104,1.7616996,2.0263624,2.3726082,1.475228,1.2786556,0.5016886,0.0872753,0.84589756,0.2228194,1.2471277,1.2954274,0.77617306,-1.4832382,-0.45073855,-0.63472444,-1.6323656,-1.3671751,-1.0403806,-0.024971973,-0.77004343,1.0859636,1.0272869,1.8412259,0.3136794,0.20055005,-1.4885098,1.1233923,2.246317,1.9251937,-1.349586,2.3879473,-0.84383136,-1.1580836,-0.793792,1.9155576,2.8428824,-0.09346391,0.27451763,-1.4583955,-0.2866239,0.91022927,0.39849815,0.27412638,0.8583886,-0.26064894,0.5879323,0.48704457,-0.13161114,0.49750754,1.2055941,0.6501835,-0.12038289,0.8184847,0.21534528,0.94041806,0.19822939,0.9087532,1.0016235,0.5282061,1.7282542,-1.0186471,-0.41190985,0.76327044,0.24070337,-0.14524098,0.75622034,0.5933501,0.6090746,0.5822923,-0.8149611,-0.62008387,0.52679163,0.42742696,2.0586567,1.9047446,0.0093280785,1.3608094,0.9100776,-1.6280062,0.5539139,-1.6747006,0.8553488,0.039280165,1.0690327,-0.2406727,-0.83604985,-0.46491444,0.79416364,1.1512116,-1.3199347,-0.31989086,0.46701428,-1.0409372,0.64450276,1.9523383,-0.56917226,0.34811777,0.46300825,0.8593457,0.030938055,-0.75091374,0.17530556,-1.0679452,1.1035956,2.0614774,-0.0869218,-1.2175248,0.9052476,-0.6537559,-0.0022586482,-0.017373882,0.923648,-0.040984184,1.67529,-1.648037,0.614524,0.8171546,0.3897196
-0.5250779,0.3175835,0.56071866,0.23369588,-0.40297398,0.17953913,-0.3380844,0.6529946,-0.7783826,-0.25266832,-0.35812944,0.1838616,-0.28020406,-0.005430443,0.49652854,0.5845904,0.18219212,-0.90604436,-0.35786885,0.14095876,0.364226,-0.32927006,-0.3634688,0.06021937,0.11224058,-0.23894913,-0.15385762,0.20527047,-0.0043176585,-0.16922142,0.8730469,-0.18818313,0.15391915,-0.38471422,0.64812076,-0.21729852,0.02025414,-0.32852888,0.56098515,-0.123744816,-0.3573522,-0.37859118,0.36470145,0.08364048,0.22378756,-0.4256365,-0.59953064,0.41660917,-0.7253052,0.38115305,0.14948353,1.0095677,-0.15294197,-0.787471,0.6592591,0.8446065,-0.33477154,-0.5286436,-0.5337084,0.6817345,0.37028617,0.8638328,0.0050006025,-0.26113912,-0.34070846,-0.5659951,0.7328075,0.23043281,0.13761327,0.7366103,0.011359297,-0.75985116,-0.12483015,0.58496094,0.640137,0.6011218,-0.83970195,0.16239522,-0.45161942,0.5241383,0.48124892,0.5014086,-0.4963029,-0.32391426,-1.2122573,-0.268086,-0.5204593,-0.07967128,0.5806167,0.5159638,-0.42361748,0.17213213,-0.41090906,-1.0408565,0.34629345,-0.7018055,0.2145514,0.53895706,0.4405897,0.64095086,-0.4056462,0.22918953,0.019997563,0.57038146,-1.0576048,-0.30447143,-0.39970708,0.48597556,0.115125835,0.36582875,-0.17029613,0.31752294,-0.9171929,0.5806546,0.72147065,0.12416943,-0.7273252,-0.5355651,-0.30658618,0.96922183,0.29557803,0.901499,-0.88712084,0.57992834,-0.23330612,-0.6350144,-0.13424098,-0.5571991,-0.055312127,-0.52181363,-0.22564298,-0.2887115,0.07148198,0.031082394,0.85898215,-0.63604414,0.07681758,0.096176565,-0.49404287,-0.56985074,0.03364364,-0.7262781,0.2719786,0.24213204,0.34216386,-0.32222402,0.0492783,0.15193075,-0.31885713,-0.415763,-0.40678963,-0.06349338,0.3002972,0.54809713,-0.50566447,-0.8921689,-0.2028503,1.027362,-1.1009557,-0.4301115,0.80698675,-0.4401428,0.367208,-0.5551532,-0.18476859,-0.54269767,0.55789614,0.32298684,0.65078545,-1.0633627,-0.5264744,0.7612737,0.08807058,0.115607426,0.56324506,-0.23127423,-0.592698,-0.076486245,0.24111286,0.16939762,0.1621775,-0.6025397,0.60054785,-0.39994544,0.13964757,-0.15011264,-0.46297666,0.24985853,-0.025471754,-0.7619427,0.35251752,-0.0016650679,0.53500164,-0.31960505,0.2080299,-0.37086812,0.60691744,0.15635964,-0.012101127,-0.81933445
-0.98802054,-0.48190227,0.44887626,-0.38032532,-0.5490054,-0.79147965,1.5785204,1.3011404,0.48950365,-0.099224806,1.4527861,-0.7640032,-0.26576442,0.15364403,-0.31640542,0.3010733,0.13990495,-1.0686946,0.35229555,-0.9022209,0.8669667,0.05256121,-0.22314692,-0.45593107,0.36044157,-0.19672872,-0.19140524,0.22194995,1.5772117,-1.083922,-0.36522615,0.5310122,1.0335871,-0.10172567,-1.3647991,-0.7006657,-0.14016396,-0.39037445,0.004171568,-0.3556523,0.7277135,-0.08335687,-0.61014885,-0.22734243,-0.6242556,0.25694072,-0.3519225,-0.27143958,0.0074641667,-0.3947991,0.12873328,-0.57448876,0.69765484,-0.8205829,0.009001781,0.3700862,0.23976332,-0.5180996,-0.7842718,0.10235873,-0.16515268,0.23102169,-2.0293415,-1.3395422,1.0008869,-0.51775223,-0.8698289,-0.40281367,1.1458107,-0.30526805,0.62875557,-0.53658515,-0.06351451,0.45168763,-0.34064955,0.1131549,-0.874817,-0.15523668,0.055658843,1.6894724,1.0272373,-1.0092148,-0.7497742,0.18537287,0.09867591,-0.18222268,-1.0850663,0.32572955,-0.20412648,0.033205044,0.55734944,-0.6157895,-0.14155295,-0.66541445,1.3323259,0.604017,0.6055458,0.6823301,1.1548513,1.274965,0.78647894,0.2699201,-0.43522263,0.16756459,-0.23393923,-0.16578276,-0.17378423,-0.1304252,-0.076784626,-0.47097188,-0.9397148,0.63275725,-0.48641527,-0.10753967,0.6208121,-0.033700697,-0.048134003,-0.78739655,0.08008793,-0.1275674,0.0334429,-1.0795947,-1.2329322,-0.8008801,-0.68019754,-0.20017359,0.77104235,0.19095294,0.13857733,-0.5557365,0.18968174,0.547633,0.08431009,0.4393853,0.26077625,0.46223283,0.43542576,0.24596573,-0.27455294,-0.8568134,-0.17268682,-0.24657655,-0.4159189,1.8084484,-0.63327205,-0.916471,-0.42922875,-0.40048894,0.035593465,-0.9223039,-0.7000116,-0.42639923,0.46244258,-0.15566567,-0.5017083,-0.4712365,0.5822318,-1.6835352,0.26792762,-0.37877363,0.22048305,1.2418522,0.69415915,-0.5499295,-0.23369852,-0.28059378,0.6123521,1.1001405,-0.4546365,0.3429167,-0.11335396,0.5063125,-0.10953086,-0.9344809,-0.0017733648,-0.85978156,-0.43760332,0.53064483,0.09122102,0.2444802,0.49407524,-0.08753773,-0.35918412,-0.57244575,0.019318394,0.22136094,-1.1955196,-0.8610666,0.26611912,-0.04516579,0.31501403,-0.3524761,0.3661233,-0.8530291,0.16593659,-0.5259757,0.65995514,-1.2059432,-0.6133492,0.04493793
-1.2646296,-1.8976256,-0.88517135,-1.9301071,-1.7021059,-2.15082,-0.92805606,0.5235694,-1.0394088,-1.999168,-0.6514932,-3.2409284,-0.997755,-1.2808257,-2.0337975,-0.8035271,-0.6885244,-2.0860417,-1.1759669,-0.4850412,-1.2563748,-0.15924399,-1.6814294,-1.2218702,-1.5938934,-1.7910647,-0.68449783,-1.921648,-0.15580924,-1.7557853,-2.348746,-0.29943216,-1.0407572,-1.1664451,-3.489775,-0.7285347,-2.0814161,-1.5702828,-2.601294,-2.2848938,-2.0052407,-1.0180641,-2.1200798,-1.680804,-0.81625867,0.30057344,-0.37550098,-2.1174142,0.48276794,-3.2707243,-1.7261341,-3.1448753,-0.12394284,-0.09327587,-1.1006715,-2.533677,-1.1554981,-2.1115258,-0.4991395,-0.6248483,-2.2930908,-1.5814801,-2.7670224,-1.5435534,-0.9394055,-1.923208,-1.785315,-2.3976529,-2.0807524,-2.6388257,-0.764593,-1.0861478,-1.7072093,-1.5389127,-1.6734326,-1.0187583,-1.410929,-2.4797082,-0.46903494,-0.70413417,-2.1915991,-1.7646079,-1.4458951,-0.31057107,0.24706064,-0.5722575,-0.87332135,-1.2543331,-2.211854,-0.91719955,-0.7277843,-0.491837,-1.5944521,-1.6875602,-0.73817426,-1.0892935,0.095228225,-1.3534143,-2.0639708,-1.6193336,-1.037761,-1.080951,-1.8595568,-0.72972065,0.084282815,-0.57595587,-1.7647074,-1.0325996,-0.83120996,-1.1053873,-0.20534557,-1.3247207,-0.820721,-0.3886454,-1.098956,-1.8685852,-0.5288659,-0.5059864,-1.0011436,-1.5169293,-1.6265168,-1.5840963,-0.10516073,-1.7851423,-0.753083,-1.6451045,-1.3365884,-2.168838,-2.355265,-1.1752813,-0.38322034,-0.46859872,-1.5367135,-0.021380452,-1.4757916,1.2998511,-2.1555364,-0.21278395,-1.5282925,-0.63418716,-1.3163223,0.5258005,-1.364355,-0.0023699775,-2.788344,0.338074,-0.6295429,-2.304105,-1.9486567,-1.4414963,-0.6998488,-2.120626,-1.0756918,-4.1639824,0.0015108539,-0.56844103,-0.38239974,-3.5522892,-0.8011843,-1.137215,-1.2890481,0.6912364,-0.56631786,-1.9007502,-1.12486,-1.0958383,-1.5281134,-1.796647,-1.8415364,-0.9149947,-1.8487921,-1.6943902,0.08808846,-2.212812,-3.0289974,-1.8437419,-0.7635637,-1.1597828,-3.7933843,-1.7253286,-0.96202713,-1.5479903,-1.5008447,-2.181862,-1.9474999,-2.2366207,-0.16103189,-3.1472208,-0.115033485,-1.1003535,-2.378637,-1.1425858,-1.6751333,-0.25401026,-1.8955256,-0.9640275,-1.7798518,-2.6394074,-1.762855,-1.3305937
0.13306803,-0.011639912,-0.32365835,-0.5015667,-1.1305537,-1.3258553,-0.96644753,-0.35376462,-1.4821295,-1.1349227,0.35104495,-0.5668491,-1.6119525,-1.1342698,-1.081464,0.5656796,-0.3208648,-0.5946585,-1.4185139,-0.68958235,0.85603297,-1.4014049,-1.1362727,-0.57958835,0.6715174,-1.3472039,-1.4062042,-0.43998533,0.06043802,-0.81768656,-0.32809833,-1.596411,0.8251235,-0.6786102,-0.6614815,-1.1592572,-1.0111046,-1.0348372,-1.0158345,-0.92584294,-0.7636186,-0.3231671,-0.8610678,-0.88119626,-0.07475622,0.3359495,-0.7982785,-0.48021734,-1.0019478,-0.04096821,-0.6796223,-0.072557986,0.3652056,-1.3990142,-0.3447338,1.3312136,-1.5770301,-0.8797497,-1.4904813,1.3796111,-0.48147434,-0.39393866,0.13072999,-1.3996412,-0.14442119,-0.895488,-0.7434108,-0.8407185,0.67753553,-1.1659096,-1.0220107,-0.820039,-1.0449177,-0.85178924,-1.3989117,-1.5763377,-1.1462669,-0.7969004,-1.6801028,0.6185775,0.793036,-0.16175422,-1.1361233,-1.5007962,-1.8879163,-1.1238078,-0.5046192,-2.018052,-0.26029405,-0.006164979,-0.43369573,-1.1581243,-0.71526474,-1.4097415,0.5729547,-1.2782115,-1.1005771,1.060078,1.0205512,0.6267032,-1.0841851,1.0707539,-0.5504674,-0.58629054,-1.431966,-1.1187081,-0.7858144,1.4908847,-1.4786874,-1.2841084,-1.4606444,0.2948575,-1.1125791,0.5350928,1.5981172,-0.29927504,-1.2607069,-0.7327316,-0.18338238,-0.543855,1.4381897,-0.59018177,-0.68075466,-1.0682107,-1.4086965,-0.8603423,0.8036712,-0.9799184,-0.74728274,-0.7017419,-1.1299282,-0.6193393,-0.7287791,-0.4731182,-1.1798407,0.060569562,0.04297598,-0.44747722,-0.8516032,-0.39700755,-0.80095685,-1.595655,1.0338168,-0.011950932,-0.81822723,-1.2318368,-0.73425937,-1.2905906,-0.9492568,-0.7770282,-1.3804368,-1.2416077,1.0119876,-0.631339,-0.4755186,-0.9623296,-1.0607198,-0.26867402,-0.84943664,-0.34659258,1.130126,0.03355047,1.2769635,-0.29832923,-0.5648186,-0.7729808,-0.7943877,0.97758144,-1.1762913,-1.2104636,-0.19849792,-0.628014,-0.8416595,-0.048638463,-0.59958875,-1.0336231,-0.8180688,1.0433106,-1.1676121,-0.8504508,-1.4918569,-1.0205771,-1.269207,-0.73953474,-1.2382516,-0.13531129,-1.1650233,-0.83570683,0.056287624,-0.39725265,-0.6995905,-0.28688842,-0.98269045,-0.39481312,-1.3048245,-1.6932685,1.4793614,-0.43446866,-1.2233646,-0.8975185
-0.37984973,-0.25359252,-0.16655359,-0.6160751,-0.66578126,-0.24556763,-0.7543942,0.050221525,-0.7948399,-0.5365016,0.518673,-0.76289743,-0.64751476,-0.29839975,0.11085347,-0.039704483,-0.47983718,-0.2975357,0.020175733,-0.37638152,0.87120223,-0.6441216,-0.35267168,-0.2927787,0.3521115,-0.7747505,-1.0446107,0.69342434,0.54063946,-0.3522398,-0.13809556,-0.12018979,0.3068135,-0.110405475,0.13876817,-0.5973128,0.2978626,-0.2324985,-0.3364104,0.3961562,0.13426162,-0.4233052,0.14625825,-0.7082773,-0.41585025,-0.021468332,-0.6154262,0.22092815,-0.7857419,0.28631824,-0.6541569,-0.5287198,-0.06490862,-0.7561729,0.1812776,0.59214985,-0.83582234,-0.38371947,-1.230564,0.12306749,-0.9643442,0.39700848,-0.3613082,-0.37682512,0.48614463,-0.18915631,-0.4516178,-0.032181624,0.2939986,-0.2817407,-0.10013808,-0.27359715,-0.058882616,-0.7200726,-0.8611467,-0.41112578,-0.6926214,-0.07970479,-0.4487863,0.82392097,0.8553135,0.04882804,-0.7974728,-1.3094655,-0.4891051,-0.8147767,-0.6164388,-0.3774007,0.23754166,0.43603328,0.25126427,-0.84820884,-0.2186638,-0.5766428,0.56763595,-0.42441094,-0.8461891,0.5141875,0.831987,0.9871579,-0.70027417,0.86205995,-0.05406257,-0.57794505,-1.0020181,-0.20407087,0.6640288,1.1930803,-0.5878245,-0.4064651,-1.0008487,0.88833356,-0.32584798,0.5537494,1.5148242,0.8832046,-0.27798417,-1.1626574,-0.6152566,-0.055439718,1.2535117,-0.16806932,-0.40894338,-0.7686156,-1.1974294,-0.3753556,0.5878797,0.032092173,-0.12965567,-0.21267964,-0.91606337,-0.78939974,-0.17463878,0.18861705,-0.20710668,-0.167883,-0.9328709,-0.7826709,-0.3214226,-0.16845778,-0.07819002,-1.1429856,0.4905504,0.51239514,-0.26287943,-0.79628426,0.23002492,-0.98274285,-0.101715185,-0.13605668,-0.24842793,0.11916442,0.8756874,-0.46735224,-0.59782296,-0.11570618,-0.5421703,0.29971406,-0.14878833,0.14198674,0.823432,0.14709076,1.5037359,-0.07976183,0.30851007,0.30274805,-0.48760942,0.46892172,-0.2268939,-0.34053525,0.24764025,0.42957166,-0.08939084,-0.5896096,0.13233587,-0.50160635,-0.37109426,0.80500805,-0.6789508,0.15816057,-0.41974503,-0.34093642,0.29645935,0.22106694,0.39144033,-0.29965308,-0.8354761,-0.16560951,0.23375821,0.43570313,0.39506844,-0.6385253,-0.24611416,-0.48165533,0.07163335,-0.09953425,0.9311241,0.062310908,-0.45964056,0.045485355
-0.12451814,0.194498,0.068922214,0.0028558038,-0.32069966,-0.19147073,-0.64668727,-1.1868898,0.19796968,-0.8154668,0.21741468,0.8633931,-0.38687092,-0.4498095,-1.3376757,0.4285902,-0.40777972,0.17947626,-0.41732797,-0.5592248,0.37822235,-0.86062056,-0.42080742,0.51801556,0.29528219,0.024958486,-0.010185756,-0.84371865,-0.64155936,-0.61983824,-0.7580156,-0.91136676,0.25379178,-0.13531089,-0.10782258,-0.6432941,-0.5354948,-0.3659474,-0.5545618,-0.5191263,-0.7819148,-0.44752532,-0.015167888,0.16866452,0.6897127,0.28846955,-0.6339693,-0.48601153,-0.37837973,-0.03978248,-0.20791954,-0.06618784,-0.37635493,0.029379716,-0.46958768,0.60984683,-0.47297752,0.20384043,-0.18083324,-0.44345874,-0.29571593,-0.2940886,0.17312448,-0.64403933,-0.48978323,0.17508616,0.10484756,-0.9231616,0.2677048,-0.47155875,-1.0742626,0.45534766,0.030404959,-0.12448977,-0.5771831,-0.94354725,0.17406714,-0.014162527,-0.576535,0.040630564,0.26896644,0.110995516,0.23459278,0.028634397,0.09444921,-0.65791434,-0.264346,-0.6023521,-0.48436075,0.27540204,-0.8065014,0.07041426,0.059425376,-0.3331238,0.16166066,-0.50411946,-1.1906186,0.5154936,-0.3129199,-0.12077586,-1.0136371,0.30991668,-0.53232723,0.08375876,-0.41912153,-0.68729925,-0.33365732,0.31514424,-0.26515478,0.12046005,-0.25597307,0.16775836,0.18601029,0.59834564,-0.10595165,-0.6240989,0.45812118,0.46951598,-0.81218356,-0.88074064,0.3049363,-0.8062017,-0.30294657,-0.44418192,-0.49031338,0.47535908,0.56923926,0.09748573,-0.726346,-0.6732419,-0.43064302,-0.29712966,-0.2569728,-0.4053306,-0.06120781,-0.5640698,-0.23604439,-1.2360623,-0.37948453,-0.1616857,-0.981318,-0.15500239,0.3156553,-0.18743798,0.08740677,-1.0485533,-0.8712904,-0.20072016,-0.6456928,-0.3407493,-0.5155123,-0.46658495,-0.11398983,0.45829228,-0.5978328,0.46886083,-0.19127369,0.052985664,0.108773544,-0.36395505,0.2250132,0.010243297,-0.6215731,-0.10109568,-0.03495555,-0.05245939,-0.9807752,0.11047731,-0.8199098,-0.4980382,0.21406436,-1.14348,-1.4852191,0.22977373,-1.0344994,-0.08928564,0.2964475,0.63363916,-0.12056895,-0.5242979,-0.6039369,-0.18624929,-1.3126581,-0.3806703,-0.8402835,-0.01895135,-0.1828435,-0.26622328,-0.31924194,-0.23827837,-0.5196237,-0.42307547,-0.5871278,0.5596148,-1.2040138,-0.48318526,0.114215836,-0.05473165,-0.24734621,-0.32596958
0.82282126,1.6212331,-0.14434808,0.9398647,1.4156032,0.52775687,1.3179474,1.6104451,-0.033994384,1.4424617,-0.6551261,-0.28580803,1.9912729,0.008113759,0.65218127,0.8497334,-0.08977201,0.9043557,1.1086802,1.6731288,-1.0011883,1.5023693,0.8547084,-0.7291508,0.10525665,-0.32287762,1.5493661,0.05022762,0.094034955,0.8546417,0.9134027,0.9664944,-1.1335579,0.5437808,0.07716866,2.2523296,-0.15606628,1.2849158,1.324687,0.18126358,1.6316308,3.3732111,0.16607217,0.36411825,1.593751,-0.60361546,2.0703871,2.3170989,0.6695487,0.870853,-0.007328771,-0.2329526,-0.086935334,0.8600949,0.7376639,-2.049909,1.4231888,0.4750582,0.114419505,-0.74544066,0.80557513,0.065104745,0.3038841,1.1339992,0.26989692,0.2548794,0.22277978,0.65332615,-1.365629,0.51265156,0.9590398,0.31310582,-0.48274297,0.9708749,1.9644587,0.45974717,0.27552247,-0.6641058,0.20255293,-0.48383152,-2.0208812,1.6542075,0.7570425,0.7363968,0.02931659,2.1304045,2.2269814,1.1319855,0.6062779,0.3886556,1.5016103,1.1545599,-0.2543508,1.5628419,-0.5034781,2.1144967,2.3193605,-1.111046,-0.06599145,-1.3053557,1.5420817,-0.6788552,1.348539,1.856321,0.2087737,1.1107212,0.038606234,-0.9464123,0.36184543,-0.83848524,0.61198163,-0.09898046,0.009148993,-0.2587101,-0.75439686,0.5461022,-0.44726142,0.55267435,0.37074256,0.20007491,-1.0798936,0.5107697,1.3274724,0.6001395,1.5499089,-0.17227972,-0.7796217,-0.6979969,0.8668867,2.4345636,1.476511,1.66365,0.44764084,1.5890851,2.0239325,-0.116077006,1.6488383,1.9281659,1.6036799,1.346945,2.230667,0.36243212,-0.46081144,0.15227845,0.018445952,1.0229222,0.9180756,-0.39509004,0.5137123,1.3472674,0.040327907,0.62050414,-0.19133802,0.060770474,1.5075846,-0.10457037,2.1867611,-0.9757551,0.55804163,1.6827434,-0.637839,-0.050450653,-0.4696695,0.32689115,0.16443962,0.5413387,0.5255848,-0.4353435,0.32864082,0.4614255,0.35124287,0.58073694,1.5655136,1.2764137,0.35103518,1.2195189,0.41571543,-1.1549084,1.0758333,-0.0683839,1.500336,1.7870591,-0.24815038,0.49741256,-0.055342235,0.92767704,1.158536,0.56158245,-0.023352914,0.65214735,0.3639087,1.2370026,0.8852012,1.45189,1.2456157,0.68377554,-0.14191024,-0.37428236,0.011542099,1.0877701
1.2372036,0.98888654,-0.43000293,0.6285405,0.48141128,0.87989306,-0.2809213,0.3463368,0.10407168,0.649507,-0.060087197,-0.40040922,0.9850475,0.4565181,0.4822985,0.83959574,1.2482631,1.4093133,0.23883417,1.43192,-0.1467284,0.6396347,0.7355582,0.85324234,0.6291603,0.25233993,0.5054921,0.34784886,0.6064017,0.4276558,0.75283307,0.6049211,0.045914423,1.1211344,1.0511028,0.872966,0.114815,0.38740534,0.48382345,0.64625865,0.59804356,0.6583661,0.7544931,0.7986935,1.1418155,0.975601,1.0544946,0.6785411,0.32526356,1.2113036,-0.088698395,0.314324,0.2834841,0.5622077,0.5023074,-0.44428852,0.91006553,1.2110006,0.53808266,0.45808315,0.37456104,0.022752633,1.0860049,0.53574896,0.09780553,1.4188023,-0.054215886,-0.079630695,-0.4083778,-0.20769572,0.48215616,0.9926268,0.7000772,0.29242712,0.85765475,0.60636795,0.34819704,0.9854327,0.5937777,0.24708728,-0.64859146,1.2035682,1.408535,-0.21681091,0.47565573,0.6927559,0.1018436,0.76532775,1.2231174,0.05362526,0.04346761,0.4473457,0.8751886,1.0649034,0.31848127,0.22413419,0.66337466,0.38769615,0.19483793,0.021079246,0.3238867,0.26026255,1.245866,-0.00022291951,0.66479814,0.9271646,0.76218635,0.40792394,-0.17674662,0.6643066,0.69997406,0.24199773,0.78594196,0.30672336,-0.16980948,0.7442483,0.24612184,0.61731803,0.039288905,-0.07277887,0.3078408,0.08718047,1.3806098,-0.0005568052,0.7125646,0.7030616,0.36093718,-0.1510566,0.64602983,0.41476485,0.36088848,0.29936624,0.036433525,-0.3641373,0.55961907,-0.5720507,0.15895037,0.39738315,1.1576725,0.9234517,0.680067,0.16166641,0.58265144,0.40803984,0.23345475,0.39662564,1.1245742,-0.0027590427,0.9721892,1.8247042,-0.031075627,0.6455946,0.47891992,0.16418104,0.73790234,0.65746003,0.29230705,0.20543414,0.8924155,0.8770996,0.28481674,-0.048716635,-0.056473717,1.3232223,1.3529555,1.7172655,0.070449874,0.26048416,0.12981021,0.14124669,0.9803735,0.41838995,0.66317576,0.96664417,0.8312932,1.0609769,0.89351624,-0.024912728,0.43239075,0.9237811,1.1563838,0.21091823,0.7033732,1.1481315,0.4484312,0.5481418,1.0844105,0.6987845,0.30693534,0.9040155,-0.20219384,-0.15540348,0.10182861,0.47325066,1.246306,1.7149229,0.15089741,0.60331213,0.7767088,1.3830138
-0.9365525,-0.55988955,-0.70663804,-0.20985459,0.8957477,-0.35465214,1.1556066,0.07340623,0.078181446,0.5933667,-0.17995317,0.9521412,0.7418039,0.5637576,0.22345161,-0.48474714,-1.1565399,-0.9818173,0.5569771,-0.6630725,-1.0280986,0.1685309,-0.3079151,-1.8311461,-0.75937706,0.9326684,0.82452774,-0.59762526,-0.68487245,0.67721367,-0.9469027,0.49582183,-0.30896676,-1.2998309,-0.6483011,-0.25666693,1.2010298,0.6323456,0.78510875,0.5753973,0.91480184,1.5928223,0.2556903,-0.9169183,-0.74072367,-0.89249307,-0.02063486,0.19379504,0.98044413,-0.8797879,0.8797076,0.26060915,-0.7372222,0.15499714,-0.6063878,-0.73253834,0.54069924,-1.0020112,0.8559496,-1.0064975,1.5606072,-0.6019416,-0.27071917,1.1748426,-0.58209395,-1.4739666,-0.1093026,0.72796357,-0.07005501,1.1061839,-0.30584282,-1.4293438,-0.7966642,0.7022214,-0.06775182,0.67911243,1.4693863,-0.4967318,-0.6681785,-0.5264342,-0.46138003,-1.9320269,-0.8740291,1.45427,0.3904019,-0.03858205,0.84313273,0.87823814,-1.7930186,-1.1904261,0.8782554,-0.4484314,-1.6348802,-0.158756,-1.1940792,0.81909674,0.7832815,-0.5488452,-0.56776994,-1.1086564,0.8787951,-1.3546867,-1.1907643,0.43017247,0.69885993,0.36006945,-1.0506612,-1.0283785,0.9546976,-0.60584724,0.29441315,-1.2801405,-0.9049446,-1.097794,-1.7288467,-0.65295535,-0.28293082,-0.15595843,1.7539724,1.1037809,-1.5918908,0.6170521,-0.37905997,0.6332497,0.6062007,0.05511411,-0.5301238,0.26345655,0.47048688,0.90517604,0.9113029,0.43721038,0.4603068,0.06288266,0.29188558,0.20490982,0.10226825,1.0985141,0.30751497,-0.511031,-0.41885456,0.85382324,-1.1091622,-0.5981667,0.06508985,0.84745485,0.65012765,0.55972666,-0.36461365,-1.4797448,1.3940781,0.63820165,-1.1737279,1.2616019,-0.5734542,-0.62537533,0.13622929,0.017515626,-0.80660903,-0.9717906,-1.319294,0.35547006,-1.1195707,-1.8554658,-1.0745801,-1.8080671,1.099713,-1.1660126,0.3004733,0.38896367,-1.9088242,-0.1698903,0.6199891,-0.39096755,0.7945528,-0.31484765,-0.30961445,-0.3830992,1.3772914,-0.4548587,0.2755292,-0.2773809,-0.104734614,-0.63503325,0.4081098,-0.7221632,-0.88808084,0.6801076,-0.8914691,-0.90566134,0.715121,0.26442078,0.43663082,-0.4625836,-0.13001642,-0.80524945,-1.3864889,-0.25489566,-0.3934032,-1.0841964
-0.66563565,-0.30528674,-0.6659765,-0.10753207,-0.31705743,-0.3516969,-0.3932377,-0.5706164,-1.0752671,0.026144695,-0.09914651,-0.21275662,-0.58395517,-0.5032585,-0.52296346,0.7430752,-0.4372889,-1.0271786,-0.97781104,-0.24532752,-0.6066539,-0.3507519,-0.52910656,-0.90983313,-0.43938538,-0.36896485,0.09337294,-0.23114112,-0.76803726,-0.64125335,0.1674433,-0.6205259,-0.1605533,-1.1572348,-0.21119305,-0.6243966,-1.0754597,-1.162312,-0.5181899,-0.97864145,-1.3582697,-0.7501985,-1.0719464,-0.89752346,-0.39487985,0.68131554,-0.77233714,0.19555224,-0.8201013,-1.1837901,-0.5369771,-0.16423437,0.048475653,-0.32756642,-0.962078,0.8669063,0.32367805,-1.0143555,-0.44355154,0.801804,-0.18376705,-0.9888374,-0.030728457,-0.48780176,-0.76448894,-1.2725415,-0.25758946,-0.3826158,0.6885339,-0.03560144,-0.57875144,-1.3844042,-1.5020568,-0.2735185,0.15554711,-0.54113734,-0.24409267,-0.89609957,-0.43075725,-0.33939272,0.4827779,-0.6648674,-0.90709794,-0.41204074,-1.0969718,-0.6289906,-0.41485032,-0.6101732,-0.6215643,-0.9497039,-0.58657205,0.04598321,-0.9080719,-0.44875103,-0.37001777,-1.4509417,0.024767693,0.25319728,0.13957168,0.614185,-0.4546336,0.19292356,-1.0842329,-0.39595115,-0.6301098,-0.68852186,-1.0100577,0.23186123,-0.3187451,-0.8558182,-0.2743935,0.0024218336,-1.1414517,0.5531523,0.23744623,-1.4555433,-1.0286002,-0.56530595,0.10896383,-1.0474397,0.33295745,-0.91925794,-0.97664165,0.086689025,-0.29721427,-1.0341065,-0.57328874,-1.3551306,-0.5135015,-0.9995331,-0.42280382,-1.0521679,-0.41539302,-1.2619689,-0.632621,-0.62947464,-0.110513285,0.050023448,-0.46682027,-0.98405355,-0.7176312,-0.11256078,-0.061410356,-0.3115908,-0.38164997,-0.36698008,-0.19888596,-0.27204937,-0.74446386,-0.6917752,-0.523785,-0.540326,-0.302575,0.057062164,-0.7494703,-1.1197551,-0.115174666,-0.10503787,-1.5413188,-1.4357725,0.37834892,-0.84764934,-0.03169602,-0.95101196,-1.1146488,-1.2329087,-0.07373089,-0.2848994,-0.20793661,-0.20185585,-1.6215596,-0.6681381,-0.7413715,-0.27422497,-0.22537148,-0.5834699,-1.1764942,-0.18239772,-0.6219381,-1.2336595,-0.7865241,-0.42511258,-0.7737942,-0.52814525,-0.952397,-1.2386171,-0.5942228,-0.6972983,0.68175703,-1.4235393,-0.8440521,-0.331116,0.04382197,-0.17554615,-0.33933195,-0.38677135,0.14712566,-0.057888415,-0.46110946,-1.4065562
-1.4779328,-0.7010603,-0.52454686,-1.3910143,-0.9339393,-0.87818897,-0.64574814,-0.434536,-1.3599073,-0.76983494,0.2155234,-0.17835842,-0.34131914,-0.46956813,-0.65499884,-0.4470919,-1.2584736,-1.2234516,-0.69856745,-0.29677466,1.1851714,-0.089587286,-1.2779489,-1.3283039,0.82871425,-0.6325232,-0.34198934,0.24961749,1.172888,-0.39119872,-0.4267995,0.60852504,1.2941602,-2.12185,-0.43889198,-0.11765791,-0.1362604,-0.19880563,-0.86976683,-0.012866203,-0.041808385,0.22255316,-0.6025193,-1.6286047,-0.76936144,0.14173685,-0.95620793,-0.682736,-0.9966853,-1.2527474,-1.2578974,-0.6329454,0.77319574,-1.1835475,-0.16168115,0.9889739,-0.13814244,-1.6098223,-1.1081607,1.4318752,-0.85515815,-0.5698771,-0.31128561,-0.14192392,0.18671015,-1.3173057,-0.46995088,0.10290684,0.7729856,-0.32999197,-0.28000188,-1.4830964,-1.2967231,-0.7172221,-0.5089443,-0.8501655,0.011142125,-1.0606024,-0.35180607,1.5066236,0.7927874,-0.60387194,-1.7128831,-1.2742966,-0.9052263,-0.7520409,-0.6854456,0.18503186,-0.87091345,-1.5092993,-0.5666188,-1.047681,-1.4633409,-0.89868224,0.84299475,-0.3952906,-0.56846076,1.409298,0.7911618,0.75738883,-0.70097804,1.0201446,-0.99432844,-0.77334857,-1.152678,-0.58384174,-1.1090494,1.152268,-0.87058336,-1.1371862,-1.1458367,1.4154478,-1.2464167,0.4165461,1.6206335,-0.1416227,-1.0988703,-1.4047145,-0.60443795,-0.6047383,1.2408752,-0.41892576,-1.0436857,-0.5870584,-0.138499,-1.233177,0.85385036,-0.15657894,-1.1916846,0.11956535,-1.3188525,-1.3769767,-0.45301306,-0.6749799,-0.83650744,0.5321458,-1.1842847,-1.1500893,-1.1813469,-1.5704709,-0.30825382,-1.0323459,0.7137286,0.714497,-0.57479215,-0.32851124,-0.4585557,-0.58498615,-0.6239671,-1.4275768,-0.3141643,0.21253172,0.9397018,-0.037133284,-1.7560966,-1.7692142,-0.70453185,0.004316371,-1.5200461,-1.1308812,0.9022994,0.6251832,1.4730654,-0.89657634,-1.2603935,-1.6971651,-0.86474645,0.15727793,0.22723705,0.1509818,-1.5075756,-0.14206806,-0.08041098,-0.45532092,-0.25312155,-0.8906509,-1.8298911,0.55025685,-0.30642942,-0.6590639,-1.2135789,0.08738382,-0.14332935,-0.023015723,0.040017217,-1.6954179,-1.4491323,-0.08665571,1.3256296,-1.2098813,-0.37224683,-0.94402844,-0.7055682,-0.4115606,-0.58356917,-1.3273591,1.0550202,0.007227082,-1.003855,-1.7045742
-1.2881116,-0.5639414,0.16513857,-1.4594808,-0.3036175,-1.6394255,-1.3973134,-0.9424643,-1.5446452,-1.6231563,-0.2345152,-0.6094103,-0.3742667,-0.7983944,-1.3390594,1.0921466,-1.1552058,-1.2047327,-1.2207433,-0.95406765,0.46781948,-0.8728276,-2.0039706,-1.0705755,0.22942826,-0.975014,-0.7648909,-1.2201213,0.87800217,-0.40171257,-0.99956816,-1.605467,0.70560193,-1.6208341,-1.3487421,-0.024254108,-0.16719243,-0.5917431,-1.1349295,-1.4860462,-1.2308328,-0.1551939,-1.2538301,-1.9313197,-0.45214024,-0.031377118,-0.5981329,-0.7347322,-0.21496439,-1.7189071,-1.2013049,-0.8016718,1.0046996,-0.21607128,-0.048068937,0.12478152,-0.80315816,-2.1414397,-0.67510194,0.7208727,-0.6495121,-0.59212536,-0.4323387,-0.085545465,-1.3694904,-1.9015248,-0.5611018,-1.2506804,-1.1449963,-0.5888243,-0.8662575,-1.9582536,-1.4651067,-1.1720133,-1.156621,-1.1207775,-0.2824509,-1.6173822,-2.2926822,1.0354784,-1.015131,0.028590225,-1.1678566,-0.34774646,-0.8883936,-0.38093925,-0.20605996,-0.9876891,-1.1305947,-1.4465528,-0.6912171,-0.48569593,-1.069425,-1.3122988,0.2563405,-0.058104943,-0.6482892,0.56523293,-0.6879603,-0.18981493,-1.8809191,0.33020228,-0.8353509,0.5013925,-0.5660639,0.26254934,-2.2254305,0.6390772,-0.71495485,-0.7646506,0.51202685,0.35051447,-0.8928576,0.27337456,0.60526145,-1.411,-1.2208345,-0.3063424,-1.0173291,-0.13063395,0.3308671,-0.71481746,-0.8593018,-1.1727178,-0.7477766,-1.9943827,-0.09287123,-1.724513,-1.6282802,-0.49388415,-1.3007307,-0.5026384,-1.1626462,-0.41189197,-0.8377725,0.8006466,-0.8153409,-0.6282388,-1.0878309,-0.9372506,-0.7088455,-0.3940964,-0.5501212,0.90915227,-1.7276309,-0.5663604,-1.153736,-1.311464,-1.9950494,-0.9502727,0.2886235,-0.5013496,0.6932353,-0.43326303,-1.7316251,-1.4130744,-0.33605707,-0.6659663,-1.8530182,-1.0551468,0.48520693,0.51779646,0.48753253,-2.0366964,-2.2382617,-2.2221165,-1.4765081,0.37716174,-1.4824778,-1.2858928,-2.1473064,-1.3001776,-0.39971805,-0.64252245,-1.1907477,-0.7209486,-1.2384969,-0.16183534,-0.6730998,-1.4861535,-0.9545428,-0.7849042,-1.4862914,-0.7133062,-1.349805,-1.4864281,-0.4789613,-1.3333135,0.0067490116,-1.7685949,-2.0137618,-0.8202873,-0.4375109,-0.41575047,-0.9993873,-1.6567198,0.5677557,-0.01314285,-1.8709247,-1.7487079
2.1423001,2.1053827,1.4407538,1.2694244,1.2714267,1.3926003,0.4368274,1.169489,0.65037566,1.5631804,-1.0920333,1.5717343,1.2180858,-0.049361885,1.0383849,-0.5928921,0.83061254,1.4843162,0.80912256,0.70613605,-0.8771694,0.2863801,1.2709463,1.135654,-0.7261612,1.223148,1.0436958,0.42532268,-0.9723876,2.3772526,1.5225306,0.52445924,-1.0527118,0.9578738,0.968219,1.3292,0.68212557,1.863667,1.7881123,0.7741648,2.273039,2.9302542,0.8924004,1.5193293,2.286053,-1.2020382,2.0356972,1.2524031,0.32914343,1.892696,1.1924323,1.3920321,-1.1954843,0.6296909,0.93106794,-0.9446778,1.0212779,1.0511565,0.7051806,-1.1299345,1.2811544,1.3162802,0.8677647,1.4629388,-0.04573944,1.1571652,1.7576289,1.5618426,-1.0002141,1.1907521,0.9890176,1.3856487,1.4507262,1.1715784,1.3715537,0.7366586,0.6007281,0.79719764,0.30583698,-0.7165657,-1.2156209,1.781981,1.5092167,0.7128617,0.3399548,1.2242458,1.8950773,1.1623355,1.0726033,1.1686897,0.39729404,0.9257171,1.0475318,1.1591684,-0.8349047,1.1188767,1.6281691,-0.6470671,-0.18439399,-1.2394545,1.3041339,-0.7252559,2.0116706,0.96159184,0.21156386,0.8770874,0.9665787,-1.0575289,1.0472722,0.535622,0.5377354,-0.3916874,0.20105009,-0.38230574,-0.80886585,1.2525656,0.69478565,1.2102478,0.5468361,1.2858808,-0.9195898,2.1070364,1.5127957,1.0705531,0.8404774,1.332377,-0.8904222,1.2435408,1.4294846,2.5530953,1.0411533,1.5232189,0.67478716,1.5212636,1.4412419,-0.75427485,1.629086,1.6219165,1.502726,1.675852,1.6699042,0.19675867,-0.27230674,-0.7692871,1.4927341,0.56546634,2.4982831,0.56971145,0.8331279,1.4657604,0.61180776,1.2643073,-0.6461182,1.1471146,1.7071661,0.78937227,0.555968,0.42725596,1.1781828,1.9517832,-0.37618047,-1.0704151,-0.6189123,1.2328979,0.9417194,1.0054817,0.9364761,-1.3008865,1.1433334,0.37133467,1.633845,0.45220053,1.074825,1.7906283,1.5012813,1.9344957,1.4215177,-0.7262741,1.633153,0.69763803,0.8263424,1.5848885,0.53665525,0.5894097,0.40692022,1.4068605,1.6758763,1.5712746,-0.007985704,1.2748686,1.748791,2.1500216,0.9565524,1.2332227,0.4569156,0.22089888,0.012644809,0.27533805,0.90349036,1.3590647
-0.28973147,-0.42287642,-0.8470888,1.239388,0.5448285,1.1160834,2.8184319,1.7846912,1.0230107,1.6485877,-2.7033248,-1.0973319,2.6960926,1.8199081,0.91216016,-2.0875146,-0.13131373,1.3332831,0.41750273,2.0022259,-2.5842972,2.3009813,0.52014595,1.5713397,-1.4926562,1.01516,1.3724928,0.015683655,-1.5955667,0.47262672,-0.052747075,1.4126253,-2.7036562,0.56307375,0.4176801,2.1418266,-0.5229856,0.9755915,1.337588,0.10916664,0.7942738,1.7931545,1.2915412,0.7450173,1.0264454,-0.52599114,1.2793543,2.1672351,2.1271255,0.75717413,1.4610674,-0.12573239,-1.4401801,2.0062296,0.5681575,-2.6396077,0.9090793,0.9740395,1.6191587,-0.85408247,-0.0409825,1.5269516,0.35495523,0.83633643,0.14701355,0.5049242,0.095942445,0.447914,-2.1695695,0.43273112,1.4707928,-0.3464032,1.427568,2.0858793,1.1814942,1.2094084,-0.12696481,0.77283865,1.9124756,-1.6506237,-2.6916494,0.9189838,0.90474176,1.2655689,2.1473532,2.9462886,0.83897275,1.7800754,0.14470291,0.14931206,1.2607105,1.9533976,0.5839405,0.74254787,-3.4467301,0.10363178,1.528482,-2.258104,-2.110876,-2.383779,1.5662549,-3.8303154,1.624719,2.2385266,2.2943969,0.6990113,-0.17493498,-2.5558395,0.2124392,3.3400502,1.6550422,-2.2328248,2.0485237,-1.8373184,-1.6061296,1.1506546,1.0855305,2.7442586,0.93231714,1.4062208,-1.9849353,1.0465072,0.3255341,0.4757112,1.4372125,0.03768051,-1.3220079,0.072123885,0.7620113,1.2995477,0.74332243,1.7437027,0.68309796,1.2875025,1.6753238,-1.4465783,1.473865,1.5572405,1.2517885,0.6014084,3.465615,1.4557887,-1.7178738,-3.1189015,0.50133145,1.1515524,-0.11673096,1.0135491,1.5658156,0.14420855,-0.4867171,-0.042182356,-2.8094082,-0.81560016,0.84129894,0.66814977,2.7471604,0.43888143,0.23449416,1.2992077,-2.658975,-1.7841195,-2.5912948,0.2244415,-0.2808402,-0.058281615,1.0583144,-2.8565416,0.18664652,0.88801473,0.7445531,0.8585873,0.6536269,0.16222575,0.24991708,-0.08721067,1.8077505,-2.0013933,0.12392748,1.136862,1.4418763,0.6902019,0.30994874,-0.05051209,-0.4293018,0.5741471,1.5691245,0.3229859,-2.8088715,0.46090588,-0.2029625,0.07898093,0.014937721,0.40504003,0.41619733,0.76425505,-3.031816,0.5110366,0.93587035,0.6476434
0.7812404,0.6583639,-0.025404826,0.30763322,0.7079046,0.03362611,-0.11751119,-0.4007287,0.0112645645,0.030389603,-0.19763263,0.31369686,0.4751231,-0.36910164,-0.06877154,0.23540296,0.13262123,0.64395636,0.100668065,0.36646363,0.10849331,0.28319177,0.5046999,-0.19832514,0.08495155,-0.1486827,0.4706295,-0.564941,-0.06633718,0.22013555,0.21402283,-0.19316809,-0.29570293,0.5744535,-0.026137782,0.6126171,-0.037368376,0.5228427,-0.11823656,-0.035909016,0.32929307,0.44888896,-0.35646802,0.16583768,0.5069883,-0.40949452,0.9930069,0.013021063,-0.2094395,0.43007857,-0.09610267,-0.042823546,-0.35821843,0.36670306,-0.17518093,-0.32782227,0.33843654,0.32326862,0.052493915,-0.2793856,0.24210493,-0.1734939,0.4854746,0.5200557,0.069351256,0.6090642,0.46393746,-0.13623938,-0.54347575,-0.19736052,-0.10144239,0.648884,0.008249544,0.14325544,0.25558066,-0.09975542,0.37992287,-0.08198495,0.21644503,-0.065160096,-0.81351376,0.7872722,0.69320345,-0.12034288,0.27097332,0.49889204,0.38578928,0.35456854,0.38436526,0.0934909,-0.22141655,0.40958402,0.25381622,0.4182766,-0.011810906,0.73160547,0.30479047,0.096016586,-0.16236158,-0.393208,0.049613446,-0.003956765,0.67998934,-0.06352748,-0.17775266,0.34635967,0.29524386,-0.030910194,-0.12798344,-0.29381794,0.2614789,0.10522345,-0.013423137,0.0832091,-0.023969065,-0.09045296,-0.11136559,0.27432245,-0.06763473,-0.37802586,0.087306574,0.07597238,0.6663048,-0.25325158,0.1835583,0.55044466,-0.02057295,-0.36788195,0.14050095,0.5425125,0.30403104,0.5418618,0.24785078,0.0019570342,0.6973747,-0.42547756,0.34639463,0.40053147,0.65466815,1.1790848,0.21976078,0.07237907,-0.014592502,0.19198021,0.12040928,0.39381155,0.7198318,-0.4068117,0.031553946,1.0600735,0.2560665,0.11395676,0.0027324874,0.21313941,0.6874624,0.24633655,0.08332288,0.017829053,0.54910034,0.57119787,0.13662504,-0.42490712,-0.07293868,0.49757946,0.3908554,0.658683,-0.18799223,-0.027044088,0.07702106,0.1992218,0.4863406,-0.4034289,0.5225635,0.93456876,0.12186177,0.29660717,0.36115924,-0.041311875,0.2336069,-0.12800306,0.19641507,0.52251935,-0.42199248,0.4024679,-0.18942203,0.4096548,0.7699115,0.13023868,-0.062919766,0.44466135,0.12623098,0.52535635,0.16531065,0.35188624,0.2206215,0.3727133,0.21526845,0.014544327,0.050022088,0.62475467
-0.448408,-0.32388833,-0.062401883,-1.0192564,-0.5261247,-1.1348085,0.42818588,0.41749796,-0.84013706,-1.0791553,-2.0779815,-2.7380636,0.36955625,-0.1418956,0.15522036,-0.68167156,-0.2451049,-1.0026766,-0.13711071,-0.3277104,-0.6793591,-0.18413499,-0.12270494,-0.4538754,-1.285993,-1.3813354,-0.37028104,-1.456179,-0.79026824,-0.5560931,-1.269445,0.55027753,-1.1067591,0.4990417,-1.9624984,0.9126072,-0.33378014,-0.41237602,-0.72920984,-0.5488145,-1.2610282,-0.32710546,-0.8047555,-0.48318225,-0.8491846,-0.8311448,0.3131587,-0.95277655,0.81677973,-1.561367,-0.6446173,-1.7950987,-1.3902298,0.34408647,0.3600274,-2.8641534,-0.58773845,-0.69136417,-0.04107873,-0.06182099,-1.4394512,0.5507011,-1.2839956,0.13858487,-1.0230601,-0.8153405,-1.370847,-0.8897357,-3.0075445,-0.5834691,-0.6218,-0.25926724,0.105394185,-0.6588574,-0.30984902,0.23497565,-1.0443668,-0.6238457,-0.020251159,-0.7306231,-2.7201602,0.2583053,-0.4857096,0.30082887,0.2852,-0.16182092,-0.6554256,-0.103553176,-0.54299575,-0.06473903,-0.59915125,0.8154276,-0.56800735,-0.41275012,-1.2059834,0.49975693,0.41827488,-1.594263,-2.6337059,-2.435804,-0.5872404,-1.6500615,-0.57628405,-0.16069324,0.3200612,0.9409455,-0.7450387,-1.1061679,-0.9554387,0.23750933,0.29612568,-1.2735335,0.39964688,-1.1354055,-0.60488474,-0.027055332,0.39447382,-0.13663343,-0.43381402,0.59760296,-1.6125376,-0.1318201,-0.031276274,-0.60672355,-0.32184103,-0.95454854,-1.8757198,-1.0157561,-0.8195915,-0.06388904,0.030186761,0.65111184,-0.7219102,1.680699,-0.18086082,0.61167073,-1.2963231,0.672564,-0.43004265,0.07952642,-0.1999067,0.14717333,-1.3999627,-0.33942145,-1.6661772,0.45240632,-0.29920357,-1.1646943,-0.6521381,-0.14849506,0.4512726,-0.5427508,-0.9548247,-2.8328981,0.2525442,-0.055955745,0.033027485,-1.9241956,0.041844625,0.5718039,-1.0713444,0.5132905,-1.4526235,-0.8631923,-0.5096872,0.4452301,-0.71829176,-1.9537123,-0.5752481,-0.3754731,-0.08237722,0.0041400623,0.603548,-1.3050401,-1.1183522,-1.5785776,-0.14601094,-2.0213823,-2.2216585,0.0898141,0.7104873,-0.87907517,-0.44907507,-1.2903315,-0.975682,-0.64866483,0.36226645,-1.2790425,-0.83268446,-0.21411856,-1.9520172,-0.75694114,-1.2650902,-0.47994837,-0.41277918,0.59377754,-1.8794252,-0.94713134,-0.64938354,0.12579767
0.73363155,0.765163,1.3072393,1.7840478,0.20515217,0.8226443,1.1445777,1.7449166,2.2743242,1.0587966,-0.5159619,0.41098577,0.77994967,1.1063689,0.75940293,-1.6789632,1.4436685,0.5152587,-0.03814324,-0.16157237,-0.0427782,1.1268766,0.91226894,2.3370707,-0.910748,0.95039046,0.3413908,1.1166945,-0.3691072,-0.35803634,0.15423414,1.1195335,-1.2310132,1.4895861,0.10949665,0.50502825,-0.107690886,0.18311909,1.0975659,0.34178117,0.20130746,0.43499058,1.1333586,1.5863776,0.36546472,-0.27688003,0.2674867,0.5629463,1.2422574,1.0416365,1.2366486,0.3374603,-0.1596337,0.9999522,0.0783092,-0.11061399,0.42067045,1.0819008,0.64569837,-0.9075222,-0.5786959,1.0590236,-0.9100878,-0.803196,-0.37994444,1.2476573,0.2812105,-0.27027118,-0.6818472,0.55328023,0.7949868,1.7213551,2.006889,1.6868765,0.35497683,0.637938,-0.94931865,1.5793813,1.092226,-0.5668707,0.58735484,0.34863916,0.60287285,0.7591584,1.7710867,0.4919307,0.4416174,1.0992411,0.45628938,2.4891396,0.6871857,0.59349424,2.189383,0.30805296,-0.44009987,-0.25231412,0.22223629,-1.0819491,0.070637465,0.16856147,0.22458267,-0.9485808,1.1981375,1.4314262,1.2831984,-0.004263183,1.2469695,-0.9848591,1.1927749,2.3908496,0.3923229,-0.6651187,1.8319142,-0.018520698,-1.0018885,1.0878681,2.3819664,1.4415182,-0.54410136,1.1625276,-1.2313974,0.23135732,0.17164758,0.30309385,-0.27697358,1.3527466,-0.24335214,0.6093684,0.84865016,0.01726007,0.79852885,1.0015296,0.96197397,1.504673,-0.06643423,0.0940689,0.9928002,0.6420656,-0.26124483,0.1850715,0.013453923,0.48468938,-0.7614665,-0.38594922,0.90334237,-0.3689933,0.40971357,0.291083,1.0318419,0.22937176,-0.20311165,-0.28074023,-1.240101,0.3104549,0.7021369,1.7184064,1.0171169,-0.6826519,1.6045741,0.8881356,-1.2180588,-0.14795016,-1.037312,1.3490509,1.1365019,1.1618798,0.68734473,-0.9642488,0.79086405,0.14035138,1.1010038,0.25491735,0.54738694,-0.7311361,0.14788198,-0.39059424,1.7223169,-0.656548,-0.4043296,1.3544084,0.89220387,-0.4679442,0.33887804,-0.87537897,0.21014209,1.2051035,0.601735,0.08116518,-0.47691372,1.840984,0.6789546,0.15444104,0.50984055,0.029768761,-0.16394487,0.9851736,-0.6473502,-0.5287431,0.42184845,1.2171569
-0.2109245,-0.5391464,0.3551291,-0.7914199,-0.08923379,-0.011896241,-0.4423982,-0.55722463,-0.16013877,-0.2926101,0.41908616,-0.101625875,-0.074698836,-0.34632275,0.20326914,-0.34397084,-0.2027252,0.18563758,0.3163584,-0.37772396,0.93026066,-0.21057574,0.044862222,0.26290274,0.48365575,-0.09964711,-0.63638765,0.25602758,0.4725725,0.12990198,-0.50745595,0.76944226,0.7304658,0.35238028,0.35100555,-0.28163636,0.45745677,0.314646,-0.23970349,0.7417986,0.37697572,-0.19171587,0.45471722,-0.014646016,-0.72105914,0.84635,-0.3350765,-0.3246936,-0.56511676,0.1839257,-0.4188231,-0.46694133,-0.12934971,-0.43455982,-0.23183696,0.12637983,-0.40244287,0.3165184,-0.5874605,-0.004123645,-0.2872922,-0.21018903,0.08231637,0.25071427,0.0831797,0.6053925,-0.09979444,0.61839616,0.31425396,0.033572506,-0.09010602,0.47563064,0.43366432,-0.8910776,-0.4544178,-0.4666449,0.14427489,0.342955,0.17251305,0.39099845,0.4879239,-0.3365984,-0.18792199,-0.9084481,0.25791156,-0.51088387,-0.36530805,-0.06776835,0.32784456,0.025831401,-0.17631444,-0.65847737,0.14311042,0.09730032,0.70028126,0.23471351,-0.74389976,0.87731844,0.49313083,0.37580526,-0.19039136,0.93723387,0.023796316,-0.6359288,-0.28256756,-0.12622322,1.0300031,0.7372149,-0.0104659805,-0.35723853,-1.0237174,0.88062596,0.14463702,0.2261634,0.8360824,0.9507967,0.38468638,-0.82244736,-0.42276412,-0.39269766,0.9780279,0.16026519,0.36000136,-0.1158137,-0.40295318,0.4725338,0.8092661,1.2088327,0.15080436,0.32650635,-0.1791068,-1.015461,-0.18656245,0.09094551,-0.23226354,0.18485819,-1.0613483,-1.0934143,-0.12545311,-0.0019827187,0.10150803,-0.573954,0.733703,0.3881401,0.4447019,-0.34737235,-0.20257533,-0.17016673,0.13243948,0.20382075,0.03702303,0.85488826,0.7279021,-0.17886376,-0.18841565,0.4849323,-0.5129596,0.47268128,0.5030992,0.25112122,0.26594296,0.48082483,0.80679303,0.52440476,0.71021897,0.6573767,-0.52074,0.1420853,0.26901463,0.13466722,0.9649366,0.33812734,-0.3874951,-0.098371014,0.19785573,0.45214278,0.03198594,0.9170729,-0.19623712,0.43058446,-0.4406133,0.3316069,0.63975924,0.46820384,0.724929,-0.5738677,-0.26747635,0.6545328,0.6806374,0.82092386,0.8213624,-0.6998411,-0.78076404,-0.36664733,0.2088539,0.30754194,0.43643954,0.24199815,0.38500604,0.27793866
-1.1130241,0.4105806,-0.30834872,-0.7278698,-2.8934388,-0.9515824,1.1255139,3.4691918,0.28831005,0.4949122,3.1710432,1.3546176,-1.0306404,-0.15513296,-1.201188,-0.33542672,-0.47216222,-0.29500312,0.25774112,0.55018353,-0.2675807,1.0333987,-0.2631081,-0.7856817,-0.0016079657,-0.12697883,1.0270299,-0.9385952,0.5317524,-1.9665705,1.4387248,0.7608424,0.83772963,-2.3357146,-0.6417808,-1.8404303,-2.4580126,-1.963768,-2.3061874,-2.4664977,1.076008,-0.7181182,-0.7086898,-0.6427031,0.031017857,0.25002134,-0.25444862,-1.6326452,-0.17421603,-2.4156086,-0.94605833,-0.19385704,0.735773,-0.45316523,0.33182856,1.2371877,0.9596549,-0.8651013,-0.17184478,-1.208014,0.7338241,-2.7624893,-0.15406154,-2.0997107,-0.5635432,-0.6486576,-1.5321946,-0.5436449,3.390492,-3.3419626,3.1514049,-0.49923268,-3.3240411,0.78136194,-0.46473527,-0.0865529,-0.50786716,-0.33903056,1.0747646,0.9360844,0.7786159,-1.3851346,-0.89033717,-0.20108122,0.30053067,1.1498215,-1.4335619,0.8155413,1.6243,-1.5121045,0.56376225,-0.49205264,-1.8916959,-1.4516859,2.0144515,-0.7072999,0.28601804,1.6614646,1.830561,1.0451978,3.8869827,-0.43537307,-0.09944239,-1.5787662,0.97622406,-0.6741562,-1.2819215,-0.68982154,-1.3241755,-0.9876792,-0.6881559,1.1690797,-0.45837379,-1.2734562,-0.8873633,-0.70306456,-2.071584,-0.57719344,2.237693,-2.2774441,-0.07113458,-1.7329679,-1.1382787,-1.899351,0.13555853,-0.49292046,-0.9737532,0.5417229,-0.3613411,-2.546846,0.9232859,1.2441401,-1.13764,-2.03868,-1.3898919,-2.4965951,2.1496387,1.6287726,-0.016799279,-0.068282515,0.45059526,0.43375108,0.5623531,0.5880523,-1.9911956,-0.6122055,-2.4845302,0.4130449,1.4140178,-0.53405607,-3.1242552,-2.2667143,-0.026611267,1.659289,-0.10218314,-2.255362,0.328869,-1.8964051,-0.49110433,-1.0333657,-0.17965351,-0.6632775,-1.0713817,1.0379769,-0.59618556,-1.384604,0.8311987,2.5193617,0.31917858,0.94401896,-0.43630296,0.41368207,-1.3113781,0.2654384,-0.6747723,0.31972808,-0.8986607,-1.5463531,-1.3980771,-0.9044617,-0.3123253,-0.36619917,1.1394434,0.2569058,-1.0975723,-0.22102198,-0.97040546,-3.0617626,0.36803707,-2.0752468,-0.83867675,1.0268172,1.4628373,-0.4377022,0.042016104,-1.0307919,0.3379128,-0.42556632,0.8462792,-0.9195686
0.33503574,0.73576057,-0.16092137,0.76684004,-0.44029945,-0.17085086,0.6837019,-0.03550818,0.7758481,-0.35156474,-0.45972008,0.2851436,0.1987036,-0.18674149,-0.33606452,-1.0056449,0.16775414,-0.32840618,-0.71578336,-0.65356535,-0.015527017,0.37291053,0.4397585,0.46810076,-0.60279214,0.7130633,0.43832195,-0.9010042,-0.19228669,-0.4011538,-0.5083808,0.19392811,-0.4136436,0.59660053,-0.51377994,-0.21543847,-0.42605704,-0.5255222,-0.2179192,-0.26013958,-0.3405918,0.044452205,0.027675662,0.70288104,0.28733522,-0.51290077,-0.555979,-1.0442119,-0.03937072,-0.1138733,0.19667932,-0.39257628,-0.6043286,0.19773753,-1.1960454,-0.7167911,0.30155283,0.13801455,-0.1370066,-0.16988127,-0.6080795,-0.1167713,-0.6931634,-0.21403728,-0.2375266,0.12471162,-0.09731289,-0.42291546,-0.33335572,-0.02926064,-0.3963036,0.81787646,-0.06305841,0.69794047,-0.24252692,-0.5851268,-0.011440296,0.13014331,0.027326752,-0.070808105,0.053453997,-0.99741673,0.32895744,0.3931803,0.48618013,-0.20834409,-0.3230476,0.0856853,-0.561689,0.7332381,-1.3608012,-0.60240334,-0.21465442,0.015840963,-0.24442922,0.048004422,-0.19203621,-0.4086956,-0.61098117,-0.48186174,-0.13220096,-0.2348188,-0.18727092,-0.18007602,0.06327276,-0.44511306,0.25925767,-0.62758356,0.32391268,-0.06694309,-0.30489722,-0.13724078,0.15591866,-0.27056813,-0.5716292,-0.1715786,0.77432156,0.36875084,-0.49524638,0.059940554,-0.36770996,-0.48491916,-0.037536595,-0.085749656,-0.6628521,1.0129436,-0.36209458,0.2840177,0.22335945,0.0067883767,0.6597285,0.5641255,0.74918854,0.120814055,-0.14857718,0.34799644,0.55731624,-0.08847587,-0.09953839,-0.14171165,-0.8603831,0.15493712,-0.34290573,-0.33697125,0.10736682,-0.10552954,-0.5912408,-0.017621413,-0.03143939,-0.47875646,0.07395061,-0.5056634,-0.8250336,-0.07626172,0.4161744,0.5133511,0.13409714,-0.6076873,0.4439073,0.022512479,-0.613774,0.6910968,-0.5428871,0.2652326,0.40607625,0.39908126,0.0019349703,-0.7748222,0.4509791,-0.033323154,0.3325116,-0.24632609,-0.37550348,-0.44629675,-0.5157809,-0.0028370465,0.6752942,-0.46704495,-0.67850256,-0.46643436,-0.17721647,0.076448455,-0.48318538,-0.72863936,-0.2618062,0.50200987,-0.3323493,-0.2051172,-0.3713158,0.08708696,0.39930058,0.29188886,0.27409166,-0.305081,-0.60652995,-0.37846443,-0.37109852,-1.2435359,0.14936893,0.3256116
0.13079846,-0.62444067,0.32930443,-0.24811,-0.22930922,-0.19727907,-0.87508285,-0.20795402,0.34825632,-0.5847346,0.2296713,0.38125318,-0.83424,-0.640738,-0.36756682,0.07830824,-0.0029754038,0.41458815,-0.27311245,-0.57464856,0.88451993,-0.8766381,-0.15769267,0.71577173,0.6158978,-0.11985525,-0.89934915,0.030613605,0.03772914,-0.39931893,-0.27990755,-0.23659833,0.5406753,0.058334924,0.2639019,-0.824663,-0.509031,-0.4188966,-0.36992133,0.1967925,-0.08907191,-0.24317688,0.037010692,-0.022537015,-0.3268126,0.3339806,0.18588777,-0.054653417,-0.10892792,0.19271235,0.33544782,-0.10508622,0.24244173,-0.18291381,0.4710592,0.5479805,-1.3106494,0.49076095,-0.23543662,-0.3370863,0.019618979,-0.13978949,0.16126047,-0.51944965,-0.012461986,0.6593655,-0.09248748,-0.12967192,0.19000259,-0.5182758,-0.30497724,0.69587916,0.82532626,-0.6169552,-0.8955386,-0.59103525,-0.96575016,0.21979804,-0.2796216,0.04031498,0.5514642,0.48907244,0.015651789,-0.15481567,0.4468524,-0.38473386,-0.38931546,-0.44994617,0.0055237636,0.43399945,1.0142858,-0.25568917,0.60747457,-0.25583303,0.50810826,-0.3832319,-1.3094814,0.08181234,0.38722172,-0.022141736,-0.29548854,0.30719316,-0.07049405,-0.5066317,-0.12118518,-0.49324504,0.68984646,0.4152006,-0.41030347,0.29738557,-0.6396657,-0.07084244,0.61680627,0.6421211,-0.011122429,0.6458559,0.60345805,-0.11443626,-0.16722052,-0.21450418,0.35102847,-0.15990488,0.25727972,-0.5713287,-0.546787,0.47199616,0.7810528,0.80757546,-0.28729695,-0.5482082,-0.40036756,-0.8404516,-0.99671257,0.369851,-0.24600533,0.3627323,-0.5668948,-0.68564755,-0.23686254,0.31923503,-0.42274168,-0.6693843,0.62611395,-0.039883114,0.35962087,-0.5894012,0.35204673,-0.104652956,-0.12067538,-0.16813475,-0.46819234,-1.0040983,0.54112923,-0.020483308,0.44899115,0.7154505,-0.97978026,0.32581106,0.36414734,0.67742366,0.2278202,-0.02389735,0.31537932,0.66258,0.3559482,0.40689385,-0.50132567,0.83185863,-0.6617718,-0.4560403,0.92549443,-0.27467874,-0.6424644,0.3276794,-0.19726445,-0.27626324,0.62527174,1.0294745,-0.59159946,0.21353877,-0.64299756,-0.3119041,-0.07960487,-0.44580704,-0.15087317,-0.13809095,-0.17012452,-0.1529206,0.62524647,1.2176819,0.22270606,-0.5000114,-1.1307213,0.021275397,-0.5683449,-0.13358417,0.4479699,-0.018897288,0.3779395,0.08860606
-0.045379966,-0.078320116,-0.5272239,-0.5341088,-1.039335,-1.2083611,-0.38629857,0.29932836,-1.1868699,-0.3030721,1.6829134,-0.115415335,-1.1375585,-0.86710715,-1.4184091,1.2014562,0.014521815,0.3577615,-0.6012754,-0.22408438,0.65103227,-0.8071292,-0.57598525,-1.021622,0.6195862,-1.0413581,-0.59997475,0.057337943,-0.034131337,-1.4675587,0.15852736,-1.3629501,0.87321687,-0.82107425,-0.6172449,-1.1024882,-0.70744365,-1.3995388,-1.3012345,-1.119923,-0.0329355,-0.6676668,-0.9812645,-0.9729468,-0.24192798,0.40615252,-0.4867183,-0.42488927,-0.7595201,-1.2727984,-0.7231556,-0.37857002,0.9358675,-0.67681575,-0.81061697,1.075174,0.020370312,-0.7037818,-0.8697157,0.9009497,-0.058388278,-0.9374066,-0.044338163,-1.0353323,0.31661716,-0.696259,-0.94561243,-0.99003434,1.5882252,-1.5991217,-0.03860677,-1.3722057,-1.556412,-0.15943095,-1.0048769,-0.96557343,-0.17617783,-0.7586509,-0.7271509,0.49195504,0.5285733,-0.46395433,-0.77131474,-0.9838871,-1.1908655,-0.5937587,-0.35224423,-1.4532992,0.17846057,-1.1352322,-0.06545116,-0.49171826,-1.0631524,-1.0442303,0.84028673,-0.7294415,-0.68626946,0.7326163,1.4118053,0.7960138,-0.045995988,0.43013108,-0.5182403,-1.1335207,-0.6249378,-0.95171744,-0.9754725,1.3729159,-1.2385246,-1.5775615,-0.7675469,0.69280773,-0.7496086,-0.033340275,0.7964496,-0.4323935,-1.747585,-0.6632725,1.0700175,-1.610378,1.1320965,-1.2742422,-0.75170994,-1.4793415,-0.784708,-0.9600212,0.4094916,-0.57096064,-0.42170626,-1.4501429,-1.1521695,-0.1059766,-0.85021734,-1.1862284,-1.4174505,-0.3424148,0.9761774,0.632924,-0.28251442,-0.21524945,-0.5388813,-0.56063354,1.1763923,0.115758814,-1.2408762,-1.1686348,-0.792573,-1.0056047,-0.10801493,0.05197309,-1.3047246,-0.9663683,0.70477086,0.48751238,-0.49250937,-1.3108867,-0.030509355,-0.7641798,-1.0730034,-0.75380117,0.8051581,-0.274386,0.24288008,-0.008727994,-0.8210918,-0.65450233,-0.14424339,1.1651553,-0.7785815,-0.34078124,-0.4816734,-0.81804365,-0.76801944,0.26905724,-0.6874607,-0.32268348,-0.8628525,0.9945527,-0.7262945,-0.7048997,-0.91394037,-0.52831805,-0.77801424,0.23853345,-1.1240695,-0.18255256,-0.19020511,-1.0640532,0.9032967,-0.83032435,-0.9626351,-0.26698974,0.11341858,-0.25754806,-0.7642337,-0.6995766,0.9684644,0.21936455,-0.55558705,-0.7851118
-0.2697343,-0.2277974,0.35936525,-0.118860304,-0.13638411,-0.648043,0.35820043,-0.2743121,-0.105784625,-0.3868481,0.112469174,-0.21687044,0.13158916,-0.12017623,-0.23607916,0.0019932352,-0.1308258,-0.60356313,-0.15019867,-0.43070695,0.5269742,0.035312057,-0.30970556,-0.31018567,0.19497615,-0.24307357,-0.23399514,-0.28580156,0.54845726,-0.42301282,-0.6916959,0.15051843,0.45165175,0.15068592,-0.8313593,-0.12937085,0.20932391,-0.24729231,-0.13648857,-0.14083095,-0.30303073,0.04044091,-0.324314,-0.28701878,-0.37061888,0.03196578,-0.4544893,-0.68606234,0.019809898,-0.41135103,-0.4069569,-0.5828042,-0.014676176,-0.31190622,-0.42321998,-0.23946197,-0.14083107,-0.46558145,-0.6243959,0.08455294,-0.34608155,-0.11949949,-1.0813639,-0.22891821,-0.0946683,-0.4504195,-0.35903946,-0.36432743,-0.24859673,0.14808466,-0.1486436,-0.2551917,-0.12106224,0.043442003,-0.26259103,-0.36063772,-0.13468629,-0.45629925,-0.30177447,0.31695044,0.11161195,-0.6778842,-0.24800664,0.15111217,0.030216098,-0.2781801,-0.47853926,0.0807751,-0.59862226,0.13217074,-0.45128596,-0.36752945,-0.4250667,-0.19007732,0.24722506,0.44464007,-0.3092872,0.005773289,-0.12610833,0.11050704,-0.28125107,0.21405417,-0.5378124,0.05688656,-0.28486863,-0.09416138,-0.38154346,0.085285336,-0.08446011,-0.44340223,-0.4581077,0.13230225,-0.42004722,0.29017675,0.15406415,-0.34423047,0.16796157,-0.40978393,-0.77979386,0.079060726,0.12176979,-0.28218552,-0.5442963,-0.3819065,-0.40422434,-0.056241583,0.36454928,0.055610865,-0.30378836,0.07712342,0.024306715,0.23018406,0.2139726,0.593651,-0.051232092,0.7397812,-0.049892645,-0.3890355,-0.5425365,-0.44709006,-0.4128205,-0.23588593,0.09710627,0.76656234,-0.29435402,-0.23854676,-0.40515402,-0.4231304,-0.49094802,-0.4909468,0.22862926,-0.07251283,0.0075515825,-0.04596325,-0.47789505,-0.114138715,0.10919352,-0.5408118,-0.24101985,-0.25209555,-0.02199113,0.7297342,0.27653217,-0.39363322,-0.26563478,-0.11768075,-0.52874637,0.10896963,0.018663213,-0.095174715,-0.25877726,-0.09276872,-0.16413027,-0.5809767,-0.38505998,-0.34447634,-0.2440179,0.3023901,-0.10686145,-0.34779072,-0.062562905,-0.12559292,-0.677936,-0.64255995,-0.22987363,-0.106105365,-0.5752034,-0.2378934,0.28779408,-0.18168896,-0.116872646,-0.3514401,-0.10931485,-0.2551015,-0.28582132,-0.34626886,0.2943485,-0.80270934,-0.64093745,-0.22234488
0.080585554,0.5462929,0.29058495,0.13204888,-0.34758842,-0.36845422,0.03646362,0.76248103,-1.0365261,-0.25265464,0.58504045,-0.53347296,-0.41466886,-0.31571445,0.22329052,0.84097105,0.13237067,-0.3382309,0.0023831502,-0.2185873,0.7472166,-0.11398369,-0.22747186,-0.19079511,0.44368854,-0.31235227,-0.24825156,0.2545331,1.0453578,-0.4428877,0.3003054,-0.42496264,1.0776879,-0.08894172,-0.27940962,-0.3368511,0.18813479,-0.6540429,0.07035664,-0.23341481,-0.40621877,-0.29022193,0.08013877,-0.19635224,0.17162265,0.8098239,-0.6135487,-0.01903906,-0.75464714,0.08396374,-0.22103536,0.22312461,0.36360735,-0.67898613,-0.2160369,0.9290296,0.24194086,-0.5877314,-0.67598766,1.3690393,0.13330212,0.08071013,-0.30245125,-0.22171089,0.35171834,-0.35343564,-0.029985644,0.098716915,0.5912452,0.1714284,0.41184935,-0.8604218,-0.38154072,0.24614267,0.01612927,0.29861048,-0.17988679,-0.25269347,-0.6001241,1.3371562,0.69633865,-0.21068196,-0.49003792,-0.6249421,-1.2520137,-0.38547477,-0.40576032,-0.48809147,0.18454322,-0.1708632,-0.33200192,-0.5550877,-0.30236772,-0.5347848,0.88444775,-0.21735044,0.33875006,0.90152353,1.2948028,1.0081558,-0.24320135,0.8182467,-0.1739837,-0.24664402,-0.9134495,-0.31373855,-0.30139002,1.0354629,-0.17012231,-1.0472714,-0.4775744,0.6817976,-0.976466,0.37285966,1.173564,-0.111449674,-0.91463447,-0.6911731,-0.12705809,0.009434691,0.9184465,-0.26039982,-0.61750555,-0.17835382,-0.3216739,-0.74920154,0.64003253,-0.31019565,0.033186667,-0.30257666,-0.29040384,0.09867412,0.27344117,-0.13624169,0.39649254,0.19811012,0.3872026,0.19597013,-0.16580334,-0.4419012,-0.22999871,-0.56903946,0.14423145,0.95796376,-0.270383,-0.6674615,-0.16706474,-0.37723094,-0.42146462,0.043676954,0.11935,0.46538967,0.75655997,0.023859702,-0.48403168,-0.7489285,-0.23763363,-0.15229167,-0.78166234,-0.61154455,0.97472817,0.32129627,1.3000381,-0.28013676,-0.11407882,-0.16032463,0.47351915,0.61027503,0.009081442,-0.3760304,-0.34987473,0.23385401,0.5898864,0.08727312,0.37863076,-0.047043055,-0.7417175,0.8152914,0.22391602,-0.23310015,0.05460556,-0.2964079,-0.009298916,0.135929,0.054126263,0.22200926,-0.3695232,0.10048611,0.29299647,-0.55381805,-0.063001715,0.0875697,0.67875993,-0.8517115,0.5439201,-0.08498558,0.8947709,-0.26073048,-0.3081089,-0.31319216
-0.38155156,-0.29804575,-0.5384172,-0.75095624,-1.1595968,-1.0321488,-0.14350125,0.64628184,-1.1838714,-0.5424341,1.2128521,-0.9137731,-0.8233242,-0.59785295,-0.9361366,0.6549235,-0.32296756,-1.3475876,-0.53701544,-0.57527655,0.5201074,-0.29321525,-0.62403715,-1.2928437,-0.38668504,-0.70716506,-0.18933403,-0.6390762,0.5497361,-1.1727914,0.0015036287,-0.6920673,0.6521122,-1.1701761,-1.5207788,-0.781843,-0.32207704,-1.0795181,-0.9185066,-1.243852,-0.29524377,-0.5448693,-0.9014553,-1.0148273,-0.72674143,0.66403234,-0.9486163,-0.6177254,-0.47180894,-1.307176,-0.6143161,-0.8012064,0.91336745,-0.4964822,-1.1763365,0.708211,0.21289949,-1.428355,-0.62101704,1.717046,-0.5482997,-0.48451626,-0.9724271,-0.9637218,0.124408856,-1.4496961,-0.6276155,-0.6754639,0.67317903,-0.8121225,0.2552117,-1.5689214,-1.9379501,-0.42408708,-0.5023067,-0.5761121,-0.30635852,-1.1742102,-0.58289796,1.1514816,0.26758337,-1.4550786,-1.2326078,-0.3901361,-0.95285434,-0.8184897,-0.624837,-1.0329255,-0.6231937,-1.074652,-0.34476644,-0.8720003,-1.0063782,-0.8619956,0.652764,-0.40495002,0.24756388,0.59954625,1.1762826,0.98173255,-0.2927516,1.0481294,-1.0374175,-0.53894186,-0.59855795,-0.68710446,-1.0916597,0.5765829,-0.6485038,-1.7694885,-0.7893119,0.066061474,-1.4319944,0.85790515,0.6762528,-1.288197,-1.1659417,-0.7486056,0.4241588,-0.91143644,0.64490026,-1.2134967,-1.0971149,-1.1755108,-0.82495445,-1.4639076,0.044625476,-0.82931453,-0.34884316,-0.4084828,-0.94533235,-0.20897633,-0.67606544,-0.767457,-1.3266125,0.37777933,0.5605798,0.34827626,-0.57168853,-0.6453184,-0.6124796,-0.15960704,-0.38600457,0.82782793,-1.2267581,-0.5973986,-0.31261814,-0.95818824,-0.7024825,-0.9012816,-0.48953915,-0.44467446,0.1012952,-0.41275254,-0.67967576,-1.2589333,-0.29333228,-1.2009885,-1.2284086,-1.019505,0.18884942,0.024182782,0.964746,-0.4225229,-0.8282101,-1.183979,0.15007421,0.18992718,-0.609926,-0.3208429,-1.260922,-0.80105466,0.18350935,-0.92001677,-0.38442585,-0.39929295,-1.3248832,0.32617223,-0.7761824,-1.2243009,-0.8178125,-0.93437946,-0.5434759,-0.55926573,-1.0738245,-0.93669736,-0.7227532,-1.1835052,0.87289065,-1.4639009,-0.60453403,-0.111831434,0.0904231,-0.54729193,-0.27627409,-0.93722177,0.9507531,-1.0925711,-1.2784787,-1.0738229
0.37728631,0.2613798,0.07837767,0.6304077,-0.15984344,0.62920505,0.22082849,0.33266953,0.445752,0.1743238,-0.14375229,0.7913105,-0.09669938,0.34649137,0.7434653,0.11538944,0.495835,0.03263431,0.18888026,0.49485657,-0.0579525,0.41514227,0.55755126,0.6580609,-0.2735711,0.68668807,-0.13427946,0.47337627,-0.34032002,0.6303922,0.641483,0.46583068,-0.42679864,0.49319363,0.77458745,-0.12200075,0.31791994,0.084640406,0.7377692,0.5896484,0.3736043,0.15582575,0.9281788,0.7192184,0.13700128,-0.4554608,-0.037767965,0.30939826,-0.27005464,0.7513204,0.9078264,0.8847277,-0.21838015,-0.2842141,0.11993361,0.29781085,-0.102708936,0.45469204,-0.1560337,-0.01451776,0.71847945,0.5179104,0.09017509,0.15167299,0.99158895,0.6881031,0.8377414,0.83701026,0.37778956,0.72137445,0.6020963,0.5114629,0.37280685,0.5786693,0.53925335,0.5170895,0.27974287,0.7432856,0.58224183,-0.36366254,0.6418328,0.12503654,0.30493397,0.2669438,0.11201431,0.31805128,0.09750939,0.544696,0.6687333,0.6540082,0.25676203,0.1261678,0.36001334,0.16508262,0.06608455,-0.15540448,0.21586014,-0.14285716,0.28626025,0.3029338,0.19996214,-0.02002149,0.593948,0.039764315,0.023146048,-0.10439907,0.9198874,-0.15939026,0.7314058,0.38258868,-0.018311702,-0.29036766,0.21483646,0.33986634,-0.38883457,0.5913099,0.2594873,-0.16138357,0.076057285,0.6392652,-0.20009106,0.5177211,0.36908492,0.8491012,0.013579641,0.7051827,-0.6778748,0.86274844,0.6283339,-0.015410077,0.41289297,0.04898152,0.8026611,0.120951645,0.48153254,-0.2762557,0.24116667,0.115124166,0.17723921,0.29645061,-0.22394907,-0.1918433,-0.18578736,-0.2614623,0.99655473,0.20209622,0.51602685,0.82103664,0.33563292,0.21791777,0.4977198,0.091081396,-0.21759762,0.6200242,0.5128817,0.40710118,-0.08176456,0.81389695,0.41545382,0.3615547,0.031501796,-0.32802862,0.09439138,0.61251116,0.85926354,0.5504571,0.75864303,-0.11615671,0.9124496,0.2306412,0.58188796,1.018142,0.598057,0.1542157,0.7751522,0.71519,0.5421855,-0.08559114,0.6035556,0.3207751,0.19766857,0.36057606,1.0094918,0.20521308,0.5699897,0.3451145,0.13910757,0.7460377,0.15489188,0.31245065,1.0058782,0.39967474,0.87474084,-0.16216958,0.26780722,0.40932995,-0.03859332,-0.01846705,0.7810879,0.33673474
-0.48986393,-0.5035582,0.1561675,-0.76333874,-0.42011955,-1.1325405,-0.13425402,-0.57556975,-0.87493795,-0.8421176,0.07284434,-0.44500643,0.1215461,-0.36787188,-0.7337947,0.10603662,-0.6473303,-0.76058173,-0.29426306,-0.27983472,0.7907052,-0.048227802,-0.73777676,-0.90494365,0.7809118,-0.92310655,-0.35179457,-0.13675171,0.9353706,-0.54356736,-1.0144536,0.4301228,0.6586778,-0.3049693,-1.1269401,0.16857012,0.13345,-0.05164039,-0.717451,-0.065628394,-0.25418565,0.29615968,-0.7446396,-1.0270636,-0.4092939,-0.22203867,-0.5091065,-0.91823643,-0.2727233,-0.8471717,-1.405999,-1.0878047,0.09143782,-0.34084,0.10434725,-0.14777113,-0.32985866,-1.0750277,-1.0402571,0.51007146,-0.82537764,-0.6000195,-0.98122406,-0.1216913,0.096876115,-0.76187706,-0.73367834,-0.806276,-0.48607767,-0.3205245,-0.31047082,-0.8495696,-0.45822912,-0.3089795,-0.5479085,-0.7653964,-0.29135206,-0.93894756,-0.54632944,0.50916135,-0.17253071,-0.35618454,-0.65104526,-0.69985557,-0.138112,-0.5357816,-0.52264494,-0.085411936,-0.7658652,-0.047396768,-0.62915885,-0.35711297,-0.84976053,-0.3577243,0.5596556,0.76633674,-0.38623247,0.5193102,-0.10984986,-0.010926065,-0.54162806,0.5697025,-0.6833627,0.13198629,-0.7388592,0.14939415,-0.74927574,0.6257638,-0.6280788,-0.81929153,-0.73045605,0.7887583,-0.712786,0.499529,0.58931386,-0.32951713,-0.43832818,-0.827699,-1.1937515,-0.26238823,0.74113387,-0.15493673,-0.77889156,-1.10496,-0.37563598,-0.43838108,0.91355544,-0.4117806,-0.90577596,0.023456343,-0.5260813,0.057729457,-0.030469522,0.6158338,-0.21814373,0.3642229,-0.42096856,-0.8274161,-0.7479715,-0.49216068,-0.24768448,-0.56175566,0.74383897,1.0640029,-0.8003545,-0.32762492,-0.42556375,-1.0271109,-0.7556141,-0.41412887,0.16838795,0.0030659968,0.55453706,-0.099747516,-1.0022379,-0.66149455,0.15121964,-0.5112283,-0.67673737,-0.46975765,0.39867216,0.58307683,0.43369725,-0.6263325,-0.53420526,-0.54109573,-1.4573879,0.19902004,-0.31266916,-0.01053063,-0.6012851,-0.23600684,-0.06605089,-0.7078048,-0.73174024,-0.6212555,-0.7707018,0.61561525,-0.49086416,-0.43903035,-0.47693014,-0.17504528,-1.1596762,-0.3771667,-0.3962127,-0.5182295,-0.81023276,-0.5373619,0.51488674,-0.30072156,-0.6935445,-0.7328252,-0.39743015,-0.32719508,-0.4970242,-0.7568208,0.65713716,-0.4768492,-1.3050383,-0.4955511
-0.01630956,-0.7760099,-1.0636382,-0.6601803,-0.1705818,-0.4912613,-1.2818449,-1.256812,-1.1667656,-0.30362839,0.80400836,-0.038572356,-1.024229,-1.2416365,-0.68980896,0.71118945,-0.53711,0.26294425,-1.1448243,-0.2299723,0.7521624,-0.9560173,-0.6487076,-0.55034894,0.67018235,-1.1560767,-0.837988,0.76559496,-0.13827524,-0.9695716,-0.17019781,-0.78948367,0.9276286,-0.7976696,0.23833078,-0.8329677,-0.871017,-1.1106008,-1.3241943,-0.66530997,-0.9503659,-0.25498676,-1.2676169,-1.0339041,-0.63193756,0.40971446,0.22797215,0.22388436,-1.282581,-0.6188474,-0.99641347,-0.4376525,0.55318874,-0.9705999,-0.6460396,0.77453077,-0.44022086,-0.22652237,-0.8481833,0.6802017,-0.4338137,-1.0374069,0.83007425,-0.48956224,-0.059723634,0.39289168,-0.7473587,-0.8210298,0.93829906,-1.6720536,-1.0352691,-0.2422923,-0.3425942,-1.2352406,-0.60454226,-1.0878277,-0.19913402,-0.826332,-0.6156261,0.44704354,0.73225564,0.16784777,-0.29552126,-1.3173865,-1.1974785,-0.43268496,-0.15884316,-0.78054917,-0.09861758,-1.4065416,-0.487377,-0.7706091,-0.3086893,0.11631496,0.41765505,-1.4435016,-1.0791737,0.41775385,0.6838066,0.5781296,-0.8956369,0.76744276,-0.44329083,-1.4679476,-1.0758674,-1.0175751,-0.11803759,1.4795101,-1.8593645,-0.77071184,-0.8626935,0.79705304,-0.4645596,0.49406934,0.7220269,-0.7121291,-0.9055108,-0.87393516,0.25655407,-1.6554338,1.1775231,-0.83423847,0.15166655,-0.92505026,-0.76395774,-0.57987285,0.2919664,-0.8050012,-0.94569504,-0.9192741,-1.4545971,-1.5709481,-1.2916601,-1.7035288,-1.0001184,-0.1319191,-0.7833529,-0.79429436,-0.72527206,-0.059638403,-0.7941948,-1.2280813,1.5557082,-0.16616955,-0.6233423,-0.72062886,0.3679272,-0.9759103,-0.4381237,0.28745183,-0.87055236,-0.980215,1.4446733,-0.30701,-0.4213201,-0.58822495,-0.81605405,-0.11933492,-0.44674802,-0.6043858,1.0727181,0.50141466,1.2825065,0.28407708,-0.17865509,0.13294068,-1.1849327,1.1261446,-0.89400256,0.10879306,0.07604156,-0.9816546,-0.76553255,0.58058715,-0.69241023,-0.42840838,-0.8903288,0.85000503,-1.1550107,-0.68789595,-1.607858,-0.2854656,-0.6220163,0.47078282,-0.5763594,-1.0445448,-0.05786348,-0.51229477,1.4344937,-0.23667933,-0.68949467,-1.0590172,-1.3977667,-0.05091286,-0.45789176,-0.20602596,1.199449,0.099456325,0.14919983,-0.39907664
1.1521524,0.72800255,0.1835542,0.7236653,1.0223657,-0.07409875,0.33427143,-0.9343371,0.3227118,0.26320773,-0.31676862,0.490973,0.5878177,-0.2627287,-0.1984151,-0.56914073,-0.31253135,0.5417028,-0.19208059,0.315882,-0.03480687,0.31477335,0.5760411,-0.79353553,-0.5754312,0.09381064,0.5599577,-0.9716625,-0.07244699,-0.09129958,0.22996566,-0.7640819,-0.34216458,0.13625407,-0.060155734,0.42873102,-0.53527594,0.027926855,-0.76071405,-0.7726652,-0.16400445,-0.095323235,-1.2226317,0.12750575,-0.1635931,-0.2349502,1.1941665,-0.5047965,0.23807064,-0.24591999,0.37695646,-0.13216224,-0.23408276,0.55912423,-0.7212376,-0.13586153,0.48921156,0.4667655,0.30150825,-0.4696843,0.4901819,-0.8364689,0.6198756,0.56186074,0.8553344,0.6972132,0.22731298,-0.35656285,-0.5409441,-0.80190116,-0.29363525,0.6593631,-0.77298594,0.4603232,0.25734887,-0.3762186,0.71719944,-0.3473889,0.71541905,-0.23304819,-0.71205693,-0.030441828,0.9257161,0.45682073,0.5735592,0.49691728,0.2262623,0.32179928,-0.17739397,-0.69663894,-0.6833968,0.2933899,0.124650314,1.0949825,-0.33374366,0.8986436,0.6508468,-0.02909784,-0.43947622,-0.742096,0.49982142,0.23969823,0.12813959,-0.84216356,0.29647696,-0.18779776,0.050491445,-0.15399656,-0.12280596,-0.8966837,0.39601973,-0.27124727,-0.08546755,-0.44175953,-0.048598547,-1.3932565,-0.38280904,0.17798981,0.656647,-1.3693488,0.02754727,-0.7873287,1.1140692,0.065418184,0.3618888,0.8734722,-0.39405355,-1.0762961,0.19924589,0.66292685,0.5199839,0.6508106,0.7466443,-0.36744252,0.6313449,-0.05039766,0.32341,0.92081964,0.7921893,1.1110841,-0.1694895,0.5372136,-0.30878067,0.073605075,-0.07122391,0.7954296,0.57069576,-0.004350964,-0.33700997,1.0382274,0.054097872,-0.63288933,-0.10749167,0.10732802,1.0666916,0.3933713,0.33898222,-0.36676413,0.77199894,-0.16389194,-0.015059326,-0.45735085,-0.004484443,0.2758148,0.07782546,-0.0016648695,-0.018875314,0.005091466,0.06578557,0.9957644,0.021899708,-1.0256162,0.5742036,1.3988783,-0.27420342,0.0108539015,0.38628596,-0.46048063,0.022400014,-1.2361528,-0.022806497,1.2998133,-0.6944081,0.5015013,-0.7279505,0.6013157,0.8770461,0.02671235,-0.44562992,-0.0021890306,0.08544996,0.62282044,0.6064826,-0.30687892,0.5631719,0.5501629,-0.036253568,-0.7128213,0.38424093,0.18467535
0.51364666,0.4425553,0.47920012,0.4991367,1.1417513,-0.28374457,0.8163449,0.48336574,-0.34247556,0.19409811,-0.1973389,-0.39678878,1.0267428,0.4588998,0.5607765,1.0546404,0.39944407,0.38776714,0.41161767,0.26815733,0.39039287,1.3611348,0.30429685,-0.17300761,0.21557477,-0.37963772,0.6586037,-0.123593904,0.9816887,0.27712157,0.26064858,0.53833693,0.033603184,0.7813297,-0.58957237,1.4905103,0.4766456,0.6106999,0.52780104,0.28061396,0.1939341,1.2944965,-0.26130205,0.2254236,0.23864628,0.31612715,0.8651864,0.08126673,0.73494095,0.37141722,-0.4610529,-0.05191177,0.1959774,0.74130154,0.121913604,-0.8554034,0.09284599,-0.111914895,-0.2798312,0.31913975,0.34154764,-0.25323755,-0.16425148,0.6435392,-0.5295324,0.16236855,0.13489157,-0.12702401,-1.3675629,0.42236346,0.90772,0.37757176,0.38668686,-0.31540215,0.7068175,0.6897074,-0.06562842,-0.3389734,0.5185172,0.2999583,-1.0218805,0.85892713,0.74729687,0.66942775,0.37632638,1.0784425,0.6687262,0.53836983,0.07252723,0.43860722,0.3340212,0.8098596,0.34471712,0.6267939,0.28595528,1.6950496,0.79505944,-0.5289491,-0.020787401,-0.26645884,0.29624397,0.14352177,0.86076105,1.2174362,0.27191743,1.1058645,0.3186782,-0.2184086,0.47535467,-0.14839414,0.5819684,0.03022448,0.23801343,0.44807708,-0.17490226,0.2107783,0.43218544,0.07434347,-0.5065524,0.6709127,-0.46227205,0.30316502,0.48189116,-0.055828802,1.0250713,0.11287552,0.32640818,-0.5396065,0.1889747,0.86835843,0.9717831,1.0469232,0.3223917,1.1157544,1.0348828,0.70449746,0.6058412,0.9864282,0.42219642,1.281756,0.3561281,0.22603424,-0.19496216,1.2321122,-0.017293422,0.8639987,0.45898387,-0.45251334,0.27770442,1.1405746,0.7955183,0.4067717,0.49929905,0.26601633,0.4909703,0.1444969,1.2478968,-0.8398911,0.34753242,1.1699716,0.21719804,0.8043204,0.15082274,0.054531526,0.7414988,0.7169132,-0.0995581,0.52102405,0.70086586,0.742975,0.47244194,0.5060105,1.1864358,0.34565702,-0.011209961,0.5593614,0.13367222,-0.27604783,0.5250663,0.17697504,1.1436865,0.14518453,-0.4681701,-0.23059013,0.25098494,0.4701536,0.75784457,-0.14984012,0.8306505,0.52741724,-0.103329964,0.41492108,0.057340376,-0.076613724,0.9387315,0.65753007,0.4590926,-0.6239814,-0.32094195,1.0406698
-0.40327954,-0.21812548,0.07009168,0.3180883,0.47092396,-0.33207583,1.6745603,0.25790033,-0.4085403,0.4522536,0.054003887,-0.7678357,0.1919615,0.09442756,0.21704684,0.49709636,-0.5270773,-0.51171124,0.23808905,-0.15689144,0.0007884726,0.3184472,0.32685825,-0.95870435,-0.9464773,-0.46358272,0.51191556,-0.051789787,0.15273434,-0.5057491,-0.25092256,-0.38245946,-0.07973461,-0.006219048,-1.0326335,0.1317387,0.15501417,-0.7215074,-0.26324558,-0.72721666,-0.38833815,0.27301502,-0.72602606,-0.30765754,-0.71691453,0.4319349,-0.040817898,0.25173804,0.8077271,-0.9177873,0.1717281,-0.6127752,0.118704095,0.18092203,-0.6664594,-0.45568424,1.2317942,-0.20736629,0.1498117,-0.30475613,0.29400605,-0.90293807,-0.75039995,0.17721982,0.41959223,-0.8036565,-0.8885754,-0.3707081,0.0017562062,0.08357482,0.4359556,-1.1127939,-0.77628046,0.5321746,0.2800035,0.605366,0.20633492,-0.9073331,0.2490257,0.29908058,-0.33673352,-0.93832564,0.085734166,0.9561352,-0.2571122,0.41993544,0.14562958,0.45729807,-0.8370856,-0.7133405,0.17642328,0.34344319,-0.20459615,0.31407207,-0.5117492,0.4379588,0.9394142,-0.7622136,-0.23538642,-0.18468009,0.46920973,0.1479869,-0.66440797,-0.32248318,0.20765474,0.29034954,-0.7778581,-0.18912964,-0.32931888,-1.0062342,0.2010954,-0.17330612,-0.6562435,-0.09007388,-0.43238562,-1.34405,-0.43283057,-0.26334158,0.41742674,-0.2162404,-0.91658443,-0.43835774,-0.278631,0.051768005,0.5630671,-0.7523689,-0.21796878,-0.89651674,0.3278329,-0.001420103,0.7487018,0.67573047,0.77983737,0.23031074,0.6934661,0.585202,1.0309225,0.81982607,0.31224558,0.09389786,-0.60312086,0.5445496,-0.8305556,0.54353446,-0.6400902,0.64569247,0.44659218,-0.33361065,0.09021619,0.04353316,0.51280934,0.058167897,0.051020816,-0.48466358,0.018242035,-0.685453,1.616013,-0.9978131,-0.66987467,-0.724562,-0.5329523,0.8148272,0.19333003,-1.1284935,-0.64791334,-0.5958732,0.57116675,0.25273812,-0.07533079,0.6245613,-1.1971436,0.13001886,0.48037058,-0.058563903,-0.10538991,-0.12547778,-0.5097639,-0.4756121,0.5683321,-0.8113973,1.110203,0.24860863,-0.49938273,-0.32145452,0.05566147,0.2623113,-0.19592048,-0.555997,0.074939504,-0.7084788,-0.6340651,0.3370885,0.8623111,-0.61743367,1.1863022,0.5561931,-0.19806051,-0.75558674,-0.40420046,-0.2974952
0.68987703,0.47121835,0.4166663,0.003007263,0.030360535,0.036475033,-0.4835907,-0.5568242,0.06249976,-0.51901734,-0.07441546,0.80661017,-0.33699274,-0.5562563,-0.68591416,-0.008044358,0.011493271,0.6506739,-0.19870892,-0.06683362,0.4137351,-0.35583827,0.16296695,0.45579496,0.045478977,-0.22065198,0.06251581,-0.6268066,-0.6072286,0.025733588,-0.2568378,-0.46804523,-0.12386623,0.09455642,0.13889928,-0.06429856,-0.279575,0.0015808418,-0.5028272,-0.23008357,0.16566737,0.2597385,-0.20397218,0.2589643,0.8191932,-0.2622036,0.71519524,-0.29322135,-0.60178,0.26010263,0.026345342,-0.034220226,-0.7725877,-0.17616117,0.048607606,0.29722273,-0.5262999,0.4654323,-0.08968158,-0.7215907,0.39119756,-0.42385644,0.3937925,-0.27093735,0.23698787,0.87911713,0.4554258,-0.27388406,-0.20333284,-0.4083455,-0.47304332,0.84750587,0.5371726,0.26698896,-0.10229553,-0.45382205,-0.0091342125,-0.13033587,0.082505465,-0.17304024,-0.17966339,0.79984987,0.58866674,-0.30747026,0.39657652,0.16032171,0.1969539,0.047693,0.031521395,0.51357687,0.05958581,0.6659874,0.36187398,-0.0021102354,0.14614576,0.2524507,-0.614198,0.25866377,-0.17234592,-0.42418364,-0.30372593,0.067728505,0.37306154,-0.1573597,-0.4819521,-0.44215757,0.19026487,-0.10098013,-0.256798,-0.070253566,-0.3066247,-0.053986013,0.19585715,0.39888138,-0.328838,-0.13640133,0.08763388,0.48882887,-0.26594093,-0.49665228,0.11570912,-0.28080726,0.33888096,-0.30599096,-0.17442186,0.85175174,0.1511708,0.23077804,-0.38847864,0.018341359,-0.019650754,-0.021678042,-0.14836931,-0.17957667,0.46081203,-0.5695262,0.111650944,-0.363779,0.034715913,0.9274897,-0.2097199,-0.3459397,-0.11574363,-0.34447932,0.37520313,-0.19905646,0.5635463,-0.019741379,-0.17094027,0.285934,-0.19738066,-0.2992768,-0.19249152,0.31958392,0.4119236,0.5997604,-0.48425284,0.15610996,0.5554626,0.51396364,0.26798707,-0.58935076,-0.4489622,0.5850669,0.553084,0.3577658,-0.6020862,0.28744787,-0.33247793,-0.06726057,0.88835895,-0.6386795,-0.23518458,0.88456,-0.34625095,0.27123725,0.43861124,0.46298695,0.32527718,-0.26409096,-0.2778437,0.2967112,-0.7340188,-0.16911036,-0.38879368,0.27136728,0.6423394,0.18010381,-0.24881378,0.2962795,0.38135645,0.24339737,-0.4216763,0.93850756,-0.72582394,-0.26482865,0.09023774,-0.22159062,0.09903294,0.16706145
-0.43955636,-0.4199221,-1.0425844,0.51922023,-0.995923,0.6055919,1.2138795,1.7289373,0.5083677,1.0341387,1.6485981,0.7051751,-0.35992122,1.1946179,0.79273427,0.5439004,0.18947884,0.0414738,0.7273014,1.6879183,-0.22469392,1.1301944,0.8150548,-0.53837407,-0.6908615,0.50827366,0.33854997,1.0686427,-0.08817229,-0.59990716,1.4544246,0.32027578,-0.37698552,-0.5286898,0.7647763,-0.5160675,-0.48641145,-0.9073481,0.06034402,0.16494927,0.5118551,-0.24821185,0.72190064,-0.3481982,-0.5723589,-0.5942925,0.21207973,0.7956698,0.19780377,-0.19520392,1.0315189,0.49643838,0.9623423,-0.09811683,-0.29166314,0.9102286,0.9469532,0.12661687,0.010215566,-0.4813042,0.9228969,-0.67327875,-0.21607101,-0.7107455,1.8540664,0.26202416,-0.44127113,0.17414685,2.173318,-0.42214692,2.1537364,-0.31769004,-1.0576919,0.65960675,0.42650118,1.1925877,0.27958813,0.61611736,1.4902041,0.02254004,1.145184,-0.60825837,0.342657,0.6229359,0.17910899,0.974098,-0.7324498,0.85799867,1.0979855,-0.32738698,1.3344846,0.062291123,0.09361425,0.08824293,0.35494876,-0.74174875,1.2033465,-0.40207505,1.0621369,1.283578,1.6061885,-0.1555226,0.42614973,-0.62925893,0.5939634,0.012850482,0.40187004,-0.5041822,0.6434681,0.038426444,0.48054492,-0.16182424,-0.0755978,0.2835403,-0.96277636,-0.044212475,-0.7410118,-1.2132162,1.5352334,-0.7501232,-0.29081562,-0.8169987,-0.307753,0.016846355,0.051503558,-0.30586162,-1.1978135,0.6201946,0.9945768,-1.3175468,0.0646236,0.37428725,0.14869025,-0.96310085,-0.12607318,-1.1356194,0.7565266,0.9278198,0.62044424,0.36072016,-0.21690318,0.513091,-0.2548906,0.27624282,-0.020795872,0.28790337,0.66786265,0.8423297,1.0058905,0.60339284,-0.55143625,-1.1033412,0.06378031,0.7159455,0.21296766,-0.46923423,0.72116214,0.39104977,0.32476607,-0.08027983,0.21636088,-0.87449265,0.27877703,0.30500713,0.74123883,0.11448722,1.4711902,0.879611,0.50619483,1.0830659,-0.38141078,1.783262,0.84432524,-0.10658422,0.8151579,0.6305868,-0.4950516,-0.82359344,0.41371542,0.23845015,0.88821137,0.913879,1.958647,0.26339978,0.89371747,0.2475026,-0.28109878,-0.38236704,-0.036569558,-0.58071035,0.6572959,-0.0014940398,1.4819632,-0.6315925,1.5625916,0.53913856,-0.25648338,0.17186685,0.852349,0.49533904
0.20885819,1.2356628,0.074638784,0.760536,0.59889233,1.1556246,0.057346243,0.6455108,-0.2205732,1.0178399,-0.5820611,0.7253632,0.8910845,0.82540745,1.1956601,0.6288803,0.21286133,0.37931842,0.63314575,1.5959566,-1.2151709,1.0630649,0.2514223,0.4767133,-0.13758245,0.53846407,1.4458499,0.50504565,-0.32971978,0.804201,1.3615419,0.79681355,-0.21437289,0.07584192,1.1568261,1.1081966,0.8149026,1.0659386,1.5097514,0.37693298,0.6387778,-0.10801609,1.0940398,0.49816632,0.45639965,-0.04810385,0.057151657,1.2376151,-0.25953642,0.91347027,0.09855618,1.4113469,-0.25394237,0.18590511,0.5981148,-0.042922776,1.4029784,0.39613304,0.6443105,0.655169,1.3454367,1.2018064,1.3394741,1.0974979,0.1781978,0.22988449,0.91733456,1.1800927,-0.37462887,0.95629996,1.0136619,-0.13352504,-0.2834223,1.0978147,2.0152502,1.3394513,1.2351608,0.5318723,0.34691682,0.07629859,-0.84041446,0.72197837,0.4728909,0.5110037,-0.04506156,1.3612515,0.64265025,1.101752,1.0719285,0.035229664,-0.1424263,0.9711583,-0.08369491,0.45619988,-0.32359144,0.17272574,1.5408237,0.11114442,-0.36744466,-0.3771061,0.6892361,-0.494506,1.0387284,1.3521262,0.35250983,0.8219804,-0.038679935,-0.42889088,0.63054764,0.4615137,1.0863404,-0.20948823,0.00723055,-0.10054736,-0.40521723,0.16822447,-0.9787456,0.05032109,0.5773034,0.7779342,-0.54560065,1.441645,0.538492,1.4127518,1.1358411,-0.35661554,-0.90411586,0.10275323,0.7824458,0.73794293,0.5547505,0.20903409,1.0105486,-0.4423404,1.0645016,-1.1935142,1.1359918,0.83781165,0.76280016,0.33401263,1.1682692,0.748536,-0.5632298,-0.21589357,0.90368974,0.8125649,-0.21512385,0.8970085,0.512849,0.80130386,0.48566574,1.2699918,-0.48469853,1.3174176,0.24532491,-0.44106966,0.6778789,1.2154969,-0.14386566,-0.02205299,-0.009857047,-0.9842913,-0.55418736,0.40898135,0.16154101,0.24468675,0.93004376,-0.34251595,0.83484733,0.36313364,-0.031353906,0.44039947,0.6132306,1.0301335,1.1842618,1.133509,0.04919845,-1.0431617,1.4273071,0.3646344,1.0351816,0.42045966,1.24246,1.469087,1.0033126,0.29530627,0.8738584,1.7408861,-0.67872995,-0.7330567,0.5034808,0.66148204,1.31114,0.6268558,1.2817066,1.0390998,-0.0893866,1.1853156,0.9262588,-0.19273748
0.3772025,0.11235438,0.4041091,0.94408804,-0.38732132,0.6035093,0.24128196,0.87024707,0.38521025,0.2321477,0.20456819,-0.65495235,-0.30358958,0.51144934,-0.0121488245,0.5379723,0.9938403,0.65956366,-0.28502148,1.0399255,0.25912204,0.22845832,0.26248044,1.3177776,0.63450307,-0.35173288,-0.29391986,0.6204289,0.24279618,-0.6778939,0.28471115,0.5395151,0.03166782,0.6886502,0.41591564,-0.25023818,-1.2697358,-0.943763,0.17688304,0.024746995,-0.24870463,0.08677151,0.5968444,0.71409035,0.57319266,0.9269175,0.5669353,0.57059133,0.3985811,0.7233385,0.62112564,0.37239876,1.3419744,-0.06265632,0.90403557,0.8435663,-0.48243177,1.0174348,0.15572667,-0.236102,0.02781436,-0.2715166,0.10258329,-1.4609367,0.78945744,1.2023424,-0.6430131,-0.59823024,0.37670776,-0.48921174,0.42530409,0.9177434,1.2540623,0.65171015,0.39533386,0.4571357,-1.521257,0.5663636,0.5767706,0.14380117,0.8342989,1.3321761,0.707044,-0.13424556,0.78205276,0.37869522,-0.58242935,0.6360635,0.37243065,0.8434751,1.275375,0.5297077,1.6507663,0.5643698,0.48288617,-0.27838492,-0.06106348,-0.52510816,0.5811398,0.9060653,0.024015576,0.1960231,0.45781565,0.20566526,0.060137473,0.02393672,0.9512046,0.24087833,-0.0074884407,1.1640035,-0.039748885,-0.17111371,0.74801403,1.7502967,-0.34462416,0.22973709,1.0237162,0.13289434,-0.61166245,-0.21352491,-0.10515201,-0.5314317,0.5193232,-0.28645116,-0.3273465,0.46192768,0.36122143,-0.15603477,-0.065183945,-0.7438591,0.08249269,-0.513679,-0.7567082,-0.104708225,0.6955115,-0.27670154,0.18990439,-0.26966769,-0.048922792,0.08895781,-0.18530664,-0.3462197,0.20683129,0.17536092,0.5035775,-0.6318989,1.2611268,-0.14023902,0.34804195,0.7141918,-1.3443964,-1.2317358,0.21635853,-0.15118691,0.56143576,0.75931585,-0.44483903,-0.49058172,0.86391664,0.47710422,0.6336438,-0.7579948,-0.30504254,0.9093397,0.7716907,0.6911901,-0.06756966,0.85409445,-0.06969132,-0.6209012,0.7020315,0.41405404,0.14371437,0.25497875,0.017253432,-0.32056403,0.6825537,0.14127563,-0.20968696,0.71674556,1.1518158,-0.25186655,0.11839186,-0.67283213,-0.28572288,0.67053497,0.14376722,-0.6035793,0.6559678,1.2191123,0.16227968,-0.6214785,-0.2404285,0.29422686,0.30002144,1.1564775,0.2987768,-0.4358015,0.23088096,0.8707583
-0.23212689,1.0455939,-0.77263653,0.9085364,0.54985404,0.47698236,1.1007701,0.669443,-0.5089733,0.78140944,-1.1667256,-0.5912338,1.2296587,0.40497413,0.37276614,-0.028263558,-0.80341214,-0.006913645,0.39249846,1.3945364,-1.8556318,1.3862007,0.32059273,-0.33164242,-1.2268021,0.05311487,1.6923282,-0.24694145,-0.95475245,0.13674031,0.859678,0.67769724,-0.94191563,-0.8543445,0.34718928,1.1324757,-0.37028334,0.29246396,0.8322387,-0.49433905,0.23521025,0.37436354,0.11919984,-0.37415963,0.07593316,-0.13201483,0.42209506,1.1345434,0.5120751,-0.06530036,0.17315847,0.85835123,-0.5549206,0.49652708,-0.113230325,-0.47757208,1.7077377,-0.29520044,0.8558138,0.7514452,1.1981227,-0.43912295,1.0589856,0.9579039,-0.33248964,-0.5415694,-0.09378978,0.36406016,-0.7506598,0.10268988,0.8743161,-0.92778784,-1.2454864,1.3589134,2.065534,0.6913068,0.92239356,-0.5727576,0.21119004,-0.32973123,-1.8731705,0.017532934,0.19144848,0.65236425,0.20911418,1.7193211,0.7878637,1.4159211,0.0048595686,-1.300774,0.46999514,1.2783406,-0.71243626,0.45471394,-1.4296453,-0.023302414,1.5005915,-0.22780456,-1.1527593,-1.3426648,1.238048,-1.402444,0.63990915,0.9078386,0.5541482,0.2939452,-1.37012,-1.0085368,-0.30243048,0.20871277,0.99706733,-0.37932426,-0.3096905,-0.5181349,-0.8545143,-0.8417851,-1.4227066,0.72683597,1.2539259,0.17001088,-0.8837761,0.45301172,0.09235804,1.0235493,0.98020995,-0.53362036,-1.763066,-0.8109893,0.41033295,0.60713273,0.35385576,0.35198474,0.3338876,-1.226642,1.335144,-1.0780807,0.9703007,1.3820021,0.56698054,-0.03311018,1.0522056,0.8625425,-1.1533508,-1.4551859,0.39008027,0.94247204,-0.26726046,0.3831287,-0.11963305,-0.17395455,0.21432899,0.41556498,-1.1426965,-0.17521632,0.15647247,-0.5367192,0.8140096,0.05913436,-0.91008997,-0.77961266,-0.6589705,-1.1748841,-1.0891285,-0.69983417,-0.7659826,-0.9637561,0.6762013,-0.8879201,0.43335834,0.12436895,-1.1779633,-0.3892005,0.5631663,0.8677312,0.44008175,0.34742334,-0.3971826,-1.6338947,1.3379202,-0.9246769,1.0087838,0.18697102,0.619054,0.7810806,0.10763482,-0.15824856,0.33709165,0.5194499,-1.2188132,-1.3914015,-0.5061565,0.37325493,1.0704914,0.31207237,0.94695723,0.40895158,-0.7643511,0.30340904,0.3724798,-1.0738946
-0.47631598,-0.88316774,-0.8370348,-0.8988584,-0.67353404,-1.0391629,-1.286651,-2.0595195,-0.17580464,-1.0360125,0.6198697,0.17189912,0.083887786,-0.74461406,-2.2437027,0.9595576,-0.25895494,0.22779585,-0.9453588,-0.22418231,0.6402916,-0.7614365,-1.1129302,0.009088295,1.5749335,-1.3394802,-0.067253225,0.367397,0.82895374,-1.578761,-1.3468484,0.42127788,1.6808244,-0.26265264,-0.6263159,-0.33450428,-1.6120875,-0.42739737,-1.6224982,-0.1674649,-1.10594,0.06473044,-0.9031389,-0.7793397,-0.22106399,1.0803958,-0.006892491,-0.22846648,-0.8771812,-0.9476414,-1.5395706,-1.2176287,0.9175392,-0.3503688,-0.28236535,0.6313199,0.036825534,-0.16273208,-0.79727006,1.4609804,-1.0299014,-1.3383361,-0.1226825,-1.6889542,1.0249085,0.35139933,-1.1518596,-2.4616473,0.2117176,-2.4741826,-1.4068323,0.17342971,0.4028167,-0.37830722,-0.84645194,-1.7150017,-0.43188265,-0.55171895,-0.24127677,0.24749662,0.7921055,0.0947914,-0.2636251,-0.47688362,0.00482928,0.1413093,-0.60393804,0.06578384,-1.380976,-1.1130716,-0.17146519,-0.68545383,-0.5369507,-0.22507896,1.0812867,-0.8585008,-1.3602474,1.3724725,-0.06508375,0.20447935,-0.53354734,0.8444083,-0.7473095,-0.48425576,-0.7209064,-1.2367294,-0.004678486,0.8272186,-1.622798,-0.052992664,-0.84423906,0.8843243,0.41353208,0.7062894,0.6594022,-0.8908429,0.42982936,-0.783294,-1.1189747,-1.9895084,1.1660132,-1.3523357,-0.114318445,-1.6721388,-0.4968968,-0.06912367,1.5487347,-0.46613166,-1.963992,-1.5105731,-1.5848581,-1.3022404,-1.239228,-0.8174724,-1.4150357,0.9021076,-1.2222339,-1.6992394,-1.5436518,-0.6983694,-0.80080074,-1.0746212,1.2587645,0.7003662,-1.3501147,-1.1230633,-0.6204542,-1.1039933,-0.5707096,-0.3566927,-1.3586287,-1.2331017,1.4154145,-0.35110858,-0.99624914,0.17757992,-0.7574721,-0.69966894,-0.04652719,-0.3574393,1.075223,0.39294076,0.82348734,0.26778078,-0.46191692,0.39010963,-2.6725185,0.7168633,-1.3824977,-0.773433,0.34832337,-1.0997832,-1.5876058,-0.23240414,-2.0191932,-0.48004955,-0.2088345,1.5683047,-0.8062801,-0.45183682,-1.250778,-0.3298103,-1.7858355,-0.04757087,-0.82283735,-1.2398351,-0.366042,-1.4003606,1.3255851,0.04790279,-1.3843977,-1.9768078,-1.8788536,-0.15111074,-1.4419321,-0.15118222,0.96318173,-0.7022558,-0.64134836,-0.16951378
-0.5304849,-0.10017769,-0.3250393,-0.036229014,-0.18607305,-0.36930358,-0.5735068,-0.5508279,-1.5109798,0.19533882,0.09535036,-0.58665115,-0.70947367,-0.4250467,-0.2716158,1.1645006,-0.5563503,-0.77169025,-0.72770226,-0.3549031,-0.07996229,-0.47182432,-0.36028144,-0.87197655,-0.7133827,-0.62378556,0.3038755,-0.24828452,-0.24054593,-0.6544633,0.51323193,-0.9046542,0.22869958,-1.0388438,-0.37066424,-0.26117483,-0.29964775,-1.0822475,-0.56195354,-1.2419641,-1.608969,-0.88093394,-0.9754244,-0.8970915,-0.5741235,0.91096497,-0.7497143,0.44524422,-0.64596194,-0.9999808,-0.82617307,-0.15546453,0.16797702,-0.051989518,-0.6483843,0.8423794,0.9316871,-1.0299767,-0.13582098,1.2581749,-0.33125606,-0.684043,0.1586869,-0.19870482,-0.56057644,-0.99663436,-0.37309653,-0.5503346,0.4078795,-0.13257337,-0.5992884,-1.6970425,-1.3314574,-0.3222382,0.46054196,-0.04736097,0.0041748285,-0.91272414,-0.7643061,0.4481312,0.13169244,-0.42123777,-0.622692,-0.40877998,-1.2251945,-0.35868216,-0.32729208,-0.3916765,-0.4474985,-1.508945,-0.81562644,0.03321641,-0.67022824,-0.15108012,-0.18599117,-0.9572471,0.24681385,0.269392,0.46479973,0.817794,-0.7685713,0.54734504,-0.9597239,-0.5608364,-0.6883974,-0.48601067,-1.1612917,0.83927083,-0.537697,-0.9873509,0.3044557,0.33243608,-0.9946969,0.7722843,0.6456399,-1.8954176,-1.3595891,-0.57663536,-0.25555253,-0.8100028,0.3664141,-0.89750886,-0.8824247,-0.28073126,-0.31250957,-1.7232283,-0.55391043,-1.6942129,-0.5107526,-0.9307849,-0.73649937,-0.6716347,-0.34423152,-1.2440572,-0.2391845,-0.2849049,0.1294272,0.004083108,-0.36639,-0.81919676,-0.63029695,0.011139084,-0.28011593,0.30889544,-0.7752627,-0.4802029,-0.07927026,-0.6211532,-0.8744589,-0.13438192,-0.028086841,-0.08914098,0.40183866,-0.1349088,-0.80768687,-1.1639094,0.16821636,-0.102122545,-1.5888358,-1.4744735,0.3579552,-0.6912202,0.6328083,-1.0704716,-1.2522427,-1.0864702,-0.39230546,-0.046633974,-0.5173274,-0.24707156,-1.4687008,-0.78407544,-0.029490078,-0.33430606,-0.35699883,-0.20007259,-1.3205379,-0.4746136,-0.2896837,-1.3860519,-0.5376942,-0.43055588,-0.55578893,0.10341479,-0.8111024,-1.1498755,-0.10823105,-0.6689716,1.0217066,-1.5644218,-1.4993074,-0.3699509,0.66890466,-0.30737722,0.5071333,0.03400209,0.6320412,0.029961582,-0.74798185,-1.5605482
-0.16524488,0.18039204,0.43662292,0.76210946,-0.47031027,0.08659974,0.36154297,0.21730834,0.8089073,-0.5345438,-0.14506966,0.67344385,-0.3308548,-0.4918772,-0.55373263,-0.4004151,-0.57562345,-0.51709694,-0.81462246,-0.8054731,0.3729675,-0.62485,-0.09753212,0.85406643,0.11055295,0.42536244,-0.38535494,-0.07961679,-0.2471756,-0.5215088,-0.50297105,-0.4776889,-0.344906,0.16860873,-0.24544752,-0.90108985,-0.82114387,-0.28308368,0.51015896,-0.48508567,-0.5135027,-0.116856456,0.25185543,0.8000633,0.30015418,0.35197705,-1.0141507,-0.40949634,-0.57453614,0.48849,0.38039345,0.1976455,-0.29055202,-0.39139014,-0.6570347,0.5446653,-1.0045711,0.14009845,-0.5819219,-0.22255893,-0.57275045,0.6961754,-0.7241955,-1.1213462,-0.8603548,-0.15223281,0.42550185,-0.13006566,0.2066149,0.3355468,-0.7484764,0.6865714,0.47756442,0.5915106,-0.29130322,-0.76401365,-1.3985393,0.23711501,-0.43019477,-0.0038810214,1.0436796,0.11754829,-0.3070108,-0.185598,-0.25815034,-0.4542803,-0.35660073,-0.29285914,-0.20727812,1.1765946,-1.0002815,-0.50964206,0.47208816,-0.33408213,0.19017239,-0.58268446,-0.5813714,-0.102239355,0.52650744,0.6354415,-0.55198354,0.30998135,-0.3616035,0.60384977,-0.51996815,-0.99054754,0.09912707,0.16214874,0.06485469,0.19219233,-0.92767876,-0.106558815,0.14850655,0.50770044,0.28685853,-0.024719844,0.7282833,0.3878686,-1.0238739,0.2468417,0.08207215,-0.4482419,-0.44368455,-0.03388943,-0.9119539,0.74880785,0.850803,-0.006995919,-0.21777622,-0.3678221,0.34814984,-0.18076052,0.5861326,0.57322365,0.3223262,0.0031212354,0.35216185,-0.6071045,-0.5153742,-0.9303117,-0.56508726,-0.6172582,-0.060878072,-0.17635322,0.24805523,-0.90176183,-0.663891,0.120031506,-0.25534397,-1.2203151,-1.1328052,-0.6228261,-0.2820108,-0.0757531,0.017989796,0.47481263,-0.08926855,-0.28155497,0.12870911,-0.46135655,0.030026663,-0.11161646,0.05273343,-0.04907998,-0.20881689,-0.18151546,0.22630481,-0.11407633,0.3655556,-0.5776253,0.13567984,-0.3136013,-1.2941198,-0.34412968,-0.2488635,-1.0109252,0.50526965,0.4032063,-0.8620314,-0.34618935,-0.5673849,-0.40251857,-1.2062963,-1.5190879,-0.23964007,0.65180886,-0.9986769,-0.26686823,-0.03209869,0.61518717,0.4160243,0.06817793,0.18566823,-0.046863537,-1.2916658,-1.0549307,0.4785841,-0.8117088,-0.25219285,0.08093583
1.5296189,0.47395033,0.17371053,0.9657751,0.9984513,0.84033734,0.23511922,-0.6504086,0.78034747,0.79889935,-0.6416961,1.0691599,-0.08242341,0.066120364,1.0751343,0.044947293,-0.068577595,0.9623937,0.064859726,0.6104214,-0.27008304,0.53092694,0.9009193,0.28907755,0.34647542,1.2057128,0.25483957,0.44945925,-0.11240631,1.4131199,1.1859937,-0.25255382,0.3777439,0.2962078,1.1686813,0.30658188,0.08545925,0.81995875,0.60174596,0.12195592,0.85585725,0.3636133,-0.0044720657,0.85327977,-0.28380638,0.1215747,1.3889104,0.056477148,0.44469792,0.91372854,1.3519661,1.2787526,-0.08397887,0.33231294,-0.16039667,0.10920185,-0.24204163,1.1255938,0.8644937,0.48255703,1.8131874,-0.5440814,1.5958234,1.3372107,0.30633375,1.0193061,1.1920515,1.3045985,-0.08977311,0.63378686,-0.06653977,1.0485172,0.3618509,-0.71718276,0.75306535,0.43495658,1.2303951,0.27150762,0.91077584,-0.13671257,-0.15569015,0.17850584,1.128244,0.8133702,0.20065336,0.25285843,0.3699378,0.049853113,0.40722972,-0.72799814,-0.35010248,0.29657787,1.0681442,1.5434467,-0.2895724,0.26052693,1.0079819,0.1931137,-0.40515694,-0.56439155,0.47760075,0.4280758,0.74873585,-0.09103425,0.57215583,0.09006169,0.48204327,-0.07784808,0.50376064,0.053003103,0.5978135,-0.3902377,0.32827538,-0.1655476,-0.26802552,-0.14765415,0.45035484,0.8750186,0.99041927,-0.16648558,-0.15634829,0.9882164,1.5492182,1.6792918,1.381368,1.091232,-0.29833835,0.5096929,1.070539,1.0655079,0.5358429,0.29532087,0.36282575,-0.5471376,0.8051534,0.38944286,0.46504238,0.72162575,0.9469648,0.7730997,-0.024827369,0.56004333,0.3226317,-0.41792858,1.3018475,1.1149733,0.8890564,1.5000803,0.30314183,1.1282593,0.821483,0.73052233,0.2610128,0.5822824,1.6590343,0.39641798,-0.20502938,0.5915431,0.8235134,0.14478563,0.23487243,0.014660493,0.048419997,0.8802196,0.7743753,0.40291902,0.8231023,0.13460743,0.6995411,1.3726563,0.53817487,-0.1997694,0.466331,1.7405032,0.9011152,1.5038098,0.56246424,0.1488425,1.2640374,-0.06667663,-0.030903371,1.8013787,0.71432185,1.0523638,0.46944478,1.0143611,1.1912234,1.4455105,-0.2885817,0.44836608,0.93381315,1.2325137,0.72439814,-0.28197354,0.8989523,0.07462702,-0.12882935,0.5994428,1.425549,0.69652885
-0.075471245,-0.03272802,0.44313416,-0.25976768,-0.17227,-0.30473417,-0.7531887,-0.132466,-1.1817411,-0.7270198,-0.37342507,-0.24382482,-0.49131286,-0.8416573,-0.225813,0.07089216,-0.24003199,-0.083724745,-0.437261,0.1734814,0.53313285,-0.30677325,-0.5423935,-0.06635253,0.6375045,-0.7604773,-0.36893314,0.019032497,-0.18735814,0.17230219,-0.035068113,-0.081486255,0.35543382,-0.4841103,0.056859843,-0.037405647,-0.01456229,-0.32597947,-0.34101367,-0.050150935,0.06233036,0.06836414,0.046214852,-0.46364063,0.11646512,-0.39069194,0.03495739,0.09012397,-0.82471615,0.18677206,-0.41349217,0.20200968,-0.32440788,-0.6233152,0.9384578,0.48467886,-0.67780757,-0.4085648,-0.67033273,0.39136532,0.09771432,-0.47089002,0.23648481,0.040802896,0.3199515,-0.006440865,-0.03356584,-0.015679885,-0.097349316,-0.26245463,-0.18920965,-0.28724584,0.029572621,-0.18517767,-0.094554126,-0.090728804,-0.5367295,-0.4855145,-0.50299364,0.6563984,0.009077534,0.820713,-0.3251741,-1.0763031,-0.7552966,-0.17318942,-0.053461276,0.10637793,0.1415996,0.21112967,0.0618311,0.106501155,-0.32491893,-0.6788565,0.2233998,-0.20196073,-0.59089285,0.6411469,0.22687858,-0.13476582,-0.76826787,0.16349623,0.0158174,-0.4132504,-1.2117062,-0.23920593,-0.06350076,0.6959602,-0.81038517,-0.34626406,-0.5541228,0.16151688,-0.7544045,0.6471822,0.6972303,0.40869123,-0.6808837,-0.5477888,-0.71581984,0.23233575,0.8165801,0.5514542,-0.2766331,-0.47813743,-0.37604752,-0.3000933,0.20060055,-0.41625214,-0.48218182,-0.13095331,-0.57662296,-0.5544962,-0.40527508,-0.016619569,0.68659574,-0.52775776,-0.16125657,-0.38687935,-0.3030775,0.19123068,-0.0064138547,-1.1274987,0.5844101,-0.20636323,0.026269523,-0.2849501,0.3707581,-0.63989145,-0.45277047,-0.10642862,-0.036296092,-0.09671648,0.3509407,0.094690315,-0.3253471,-0.7550541,-0.7283535,0.47896782,-0.74268425,-0.0027538743,0.85000426,-0.46387938,0.36288768,-0.23325303,-0.05624294,-0.3075461,-0.5582713,0.3708583,-0.019541025,-0.7719514,0.045429714,0.088418,0.2525332,0.5956676,0.1359115,-0.3259102,-0.53326565,0.49454707,0.046110243,-0.09145414,-0.19211045,0.047086675,-0.16119987,-0.14409116,0.15103239,-0.18659362,-0.18988164,0.13551986,-0.06052132,0.09485734,-0.05939138,-0.16461591,-0.0876944,-0.0067380704,-0.115904436,-0.5035268,0.68890613,0.0596785,-0.34511682,-0.45815325
1.1542958,1.0029621,-0.105981894,1.4194217,0.721802,0.9191126,0.78546566,0.2665136,1.4491124,0.8787783,-0.57050407,0.52262217,1.0812452,0.97450745,1.0507588,-0.8823738,1.0383953,0.70094407,0.36964098,-0.25224444,-0.8054488,0.9343142,1.1634077,1.7220185,-1.3907975,1.4033699,0.7270193,0.6074587,-1.0360171,0.7310276,0.49585396,0.6278399,-1.0909486,1.6379939,0.7535568,0.40027222,0.92151713,0.372808,1.1349049,0.71501774,0.3533003,0.11360811,1.064922,1.294637,0.8478758,-1.0269415,0.413215,0.19394983,1.2335283,1.1506879,1.046763,0.874282,-0.57623804,1.2006912,-0.29055727,-0.62879777,0.7476002,1.1518877,1.0308651,-0.57922906,0.2762246,0.8462203,0.41277635,0.9601235,0.203034,1.2248554,0.61072433,0.46436292,-0.4637963,1.2315134,0.8435168,1.4132949,1.14379,1.1467539,0.59902257,0.84226894,0.8052902,1.193716,0.82383007,-1.0208191,-0.001004545,-0.16527338,1.2563169,0.9216044,1.1191398,0.2765186,0.8854218,0.7811334,0.5748535,1.464104,0.14737566,0.33933464,1.4595462,0.7019749,-1.2677574,-0.035065006,0.4289358,-1.2380668,-0.47436422,-0.54728854,0.6218404,-1.0429263,1.272849,0.75300366,1.1940928,0.7098174,1.1055913,-0.9868208,1.2417468,1.1534048,0.7325504,-0.8383529,1.1627812,-0.39982545,-1.0042512,0.64677465,1.7403376,1.1987494,0.262814,1.2305629,-1.0028181,0.8162624,0.76334643,0.71865153,0.19559848,1.3555782,-1.0112088,1.146599,1.1243554,0.6398428,1.0162451,1.1148287,1.0725347,0.5268524,-0.08783788,-0.35846654,0.8360363,0.8262946,0.5872363,0.92299706,0.19795507,0.57591057,-0.8539775,-0.86755747,1.2318912,0.53476626,0.39554453,0.7489321,0.82681584,0.7248484,1.2724594,0.6004059,-1.2092654,0.496815,0.80025214,1.4696733,0.51285905,0.5123681,1.2624046,0.71258295,-1.426456,-0.39017203,-0.962178,1.2347718,1.4054832,1.1898433,0.92113197,-1.1222429,1.0595822,0.5767173,0.9962143,0.46035615,0.40606034,0.027939558,0.87780404,0.9940399,1.4742259,-0.7566962,0.51991105,0.967968,0.7730054,-0.18990958,0.8815018,0.211556,0.44543952,1.4466594,1.0216227,0.77844095,-0.6956656,1.0662444,0.8291347,1.0489001,0.77814615,-0.33071944,0.4911947,1.1588594,-1.1113864,0.1539397,0.93493533,1.1104842
0.8329172,0.62221795,0.014945023,0.6831724,0.7443527,0.23322394,0.44225734,0.0624936,0.63665277,0.5384666,-0.059603132,0.29963887,0.9091422,0.4602472,0.47928643,0.24476951,0.65474004,0.8230538,0.3450665,-0.5012133,0.49878058,0.64628035,0.8326733,0.68815964,-0.3106046,0.61501014,0.3336485,0.038039092,0.18169244,0.30862263,-0.07251844,0.40087265,-0.034495525,1.2820817,0.0013828811,0.6146943,0.7089315,0.63269156,0.5373925,0.732773,0.41705847,0.5449162,0.34197053,0.7307746,-0.062594004,-0.60753584,0.49215633,0.10129748,0.67212427,0.7809037,0.029162891,0.12230597,-0.17469676,0.79068184,-0.4296963,-0.58005095,0.48613462,0.29150766,0.14475906,0.0014231782,0.1652825,0.3655278,-0.11985749,0.76656353,-0.13134615,0.8200036,0.42665553,0.21389173,-0.6373651,0.5392853,0.5109658,1.0834266,0.7219945,0.5618299,0.3826158,0.3709819,0.5611554,0.56296164,0.49262902,-0.2021852,0.060826868,0.024701376,0.8106227,0.5000243,1.0331557,0.20640475,0.4945015,0.59809893,0.2650344,0.8256655,-0.1218327,0.18735509,0.7229805,0.5516864,-0.023374427,1.0311929,-0.037775073,-0.23841251,-0.08970861,-0.31923303,0.25476545,-0.16428767,0.870101,0.8126092,0.40595588,0.55630237,0.8641076,-0.15151536,0.9920992,0.2936467,0.37515455,-0.12843545,0.4870752,0.26429433,-0.43958163,0.58310306,0.8050867,0.42676738,-0.5488427,0.5793827,-0.3782096,0.21959676,0.45271498,-0.030895248,-0.030660164,0.9810683,-0.045207493,0.7757705,0.5893626,0.74823475,0.66443354,0.82832026,0.82514703,0.5696621,0.050529964,0.53791964,0.35444546,0.26011807,0.4982635,1.0020881,-0.111217625,0.15374339,-0.03610793,0.657863,0.6434876,0.2337091,0.5562642,-0.13678958,0.34650296,0.88783765,1.1348059,0.5713666,0.018623667,0.4367662,0.48172426,0.9637381,0.44417828,-0.09299809,1.0830535,0.9985793,-0.29393306,0.424231,-0.15110482,0.94808286,1.1333297,1.2075641,0.13573419,-0.26186645,0.51469874,0.47645825,1.0270969,-0.094161764,0.5682082,-0.0041439384,0.08564705,0.95355445,0.92366487,0.024294363,0.48067057,0.6639749,0.41849452,0.01555907,0.09693634,0.13543358,0.39123303,0.7905512,0.8334007,0.5015421,0.30927458,1.0503461,0.6925656,0.52533734,0.12666255,-0.2932019,0.4302161,0.9987669,-0.08340752,-0.2581359,0.50667983,0.94109976
-0.693416,-0.4042041,0.043702565,-0.26286373,-0.035621002,-0.6500964,-0.6828513,-0.9781938,-0.6836182,-0.057574105,0.68994904,-0.07714953,-1.038969,-0.6936131,-0.48327255,1.1262511,-0.83581084,-0.92302483,-0.89760834,-0.7859781,0.73653907,-1.3465862,-0.8466068,-0.912438,0.24552718,-0.27974764,-0.8802454,-0.023198627,0.49104664,-0.59705865,-0.061504927,-1.440235,1.0032108,-0.8471795,-0.3726457,-0.8138004,-0.5141551,-0.76768774,-0.4064697,-1.0361211,-1.3275139,-0.4928369,-1.201077,-0.7203975,-0.35875788,1.116583,-1.1809666,0.16740443,-0.51715726,-0.44844413,-0.23746166,-0.204235,1.1869621,-0.61975443,-0.8243967,1.2383884,-0.52960706,-0.77697664,-0.6229417,1.4627665,-0.44371688,-0.15857811,-0.13279459,-0.5981594,-0.6719022,-0.999879,-0.17528626,-0.4974132,0.8368827,-0.041491363,-1.0950977,-0.9263264,-0.7725683,-0.9583211,-0.38021863,-0.86716306,-0.35532075,-0.93819124,-1.1938599,0.7113983,1.1204121,-0.60864747,-1.1797309,-0.23993585,-1.3273189,-0.6209787,-0.43513796,-1.4775249,-0.7371885,-1.09738,-0.8516405,-0.98576456,-0.3224973,-0.3192435,0.3766435,-0.89974266,-0.5196017,0.58446246,1.2995675,1.369803,-0.7058363,0.8935335,-1.1946588,0.10553254,-0.6975968,-0.9056721,-1.2236488,1.0011308,-0.29953134,-0.95317465,-0.43242517,0.4707095,-0.95204777,0.6621,1.1148905,-1.3942114,-0.49194393,-0.57408583,-0.3777562,-0.737941,0.84978324,-1.1127236,-0.85598916,-0.17401265,-0.66576046,-1.2443446,0.5611687,-1.0259672,-0.7955004,-0.45731023,-0.8174732,-0.9825827,-0.75692105,-0.78194445,-1.0859866,0.6121673,-0.03917254,-0.4119979,-0.7904859,-1.3548802,-0.8228762,-0.6247969,0.004916142,0.7253392,-0.68250006,-1.0166767,-0.88420707,-0.4004513,-1.036064,-1.1387247,-0.3968729,-0.47730717,0.8340726,0.10003122,-0.88508373,-0.9334878,-0.5475489,0.07782662,-1.1548251,-1.1949041,0.9177721,0.20045564,1.3758187,-1.009873,-1.178724,-1.1347125,-0.14466855,0.5222717,-0.8726263,-0.7164757,-1.14747,-0.6928452,-0.97819877,-0.47646925,-0.65594435,-0.47734663,-0.9395563,0.5699641,-0.23054624,-1.0267422,-1.2160358,-0.5470174,-1.0302314,-0.6762817,-0.9929462,-0.6864897,-0.9816969,-0.5902201,0.64439726,-0.9909264,-0.6172348,-0.3926266,-0.49352637,-0.6993217,-0.5698984,-0.9786318,1.0413268,-0.30681056,-0.656606,-0.95962805
-1.4478139,-1.6917596,-0.6376551,-0.58646005,-0.6389316,-0.18618572,0.06786877,-0.53875065,0.68734455,-0.37725416,0.19709183,-0.47286808,0.24515447,-0.41019723,-1.0721116,-0.84507215,-1.567547,-1.7385774,-0.28505406,-0.49771085,-0.5639482,-0.051142022,-0.9565454,-0.67518383,-0.7210467,0.05054491,0.20934775,-0.42070663,-0.43008754,-1.0044535,-1.7975396,0.5301553,-0.31037635,-0.7037826,-1.6867628,-0.7482758,-0.5249867,-0.19750437,0.25570655,-0.2866444,-0.58176,-0.5029828,-0.22515756,-0.9897755,-0.04657145,-0.13359056,-1.4107943,0.20418084,-0.5724708,-0.8600672,-0.7232356,-1.3974081,-0.5085487,-0.26977405,-1.7279818,-0.95024395,-0.4497385,-1.229836,-0.9015989,-0.92972887,-1.9051397,0.36763555,-2.5175893,-1.0219867,-0.63080716,-1.1806405,-0.23737934,-0.7319566,0.053717285,0.03330567,-1.3016475,-0.53361034,-0.24853316,-0.122094676,0.051562905,-1.3000557,-0.53237396,-0.6670103,-0.52666074,-0.42479986,0.4867424,-1.6373088,-0.9839504,0.3115213,0.5166405,-0.48060507,-0.8032573,0.29607737,-2.2008402,0.24816638,-1.7440124,-1.7226886,-0.8284044,-0.4773509,-0.9437824,-1.2818123,-0.76110625,-1.1669786,-0.98173577,0.5339291,-0.62962985,-1.3326244,-1.7672545,1.430803,-0.43335196,-1.6244568,-1.0437576,-0.98810506,0.4580976,0.08961518,-0.61932355,-1.0506914,-0.14140314,-0.7410208,-0.87018186,-1.1009991,0.5444207,-0.6528857,-2.0473506,0.04859776,-0.92422646,-1.0767082,-1.0430359,-0.56268597,-1.5066973,-0.40116638,-0.049048327,-0.2015171,-0.801034,-0.8216048,-0.343613,-0.7712434,-0.34073904,0.1354632,-0.9420368,1.0254354,-1.0470605,-1.5198251,-0.7378327,-2.1061594,-0.6689953,0.14108704,-0.85467136,-0.40154615,-1.0309638,-0.3618338,-1.2632458,-0.5071804,-1.2098411,-2.136198,-0.25059903,-0.69916046,-1.2925919,-0.41125262,-1.30456,0.05106309,0.21407919,-0.6801945,-0.8643656,-0.7601113,-1.4378626,1.3753625,-0.5674289,-1.1234438,-1.4324356,-0.4537227,-0.7080507,-1.7656095,-0.33367625,-0.7799625,-1.2882526,-0.12562358,-1.4780744,-2.4242425,-1.718126,-1.4379313,-0.571631,-0.26021084,-1.3905268,-1.2287576,-0.5824876,-0.7662283,-1.5197937,-1.5286677,-0.47695613,-1.098148,-1.63973,-0.48880774,-0.8497885,-0.36096922,-0.40431598,-1.4037395,-0.33657813,-0.24097162,-1.8293731,-1.2459712,-1.2401654,-1.8670963,-1.699993,-0.63466054
-0.47286165,0.18974112,0.06634161,-0.3886199,-0.93188226,-1.0872803,0.96156096,1.1144313,0.058114454,-0.17658931,1.4181532,0.28221053,-0.74665815,-0.43191132,-1.428967,0.6591832,0.44879994,0.15229921,-0.21152028,-0.48549706,0.23301372,0.14331508,-0.47675452,0.014952632,0.11142111,-0.7036246,0.18982685,-0.61274487,0.26249644,-1.3274735,-0.0850979,-0.14378974,0.77199316,-0.95735794,-1.1041752,-1.1538035,-1.6769056,-1.367206,-1.4475819,-1.6714103,-0.3652237,-0.8161127,-0.8550318,-0.38230515,0.296132,0.67752177,0.34146973,-0.6498002,0.46792093,-1.3749064,-0.40099904,-0.44835904,0.8346327,-0.19398546,-0.459536,0.5966033,-0.10432924,-0.31104845,-0.094820276,-0.27568436,0.28454503,-1.6264678,-0.3471444,-1.7363796,0.60192347,-0.15414572,-1.2607546,-1.2817732,1.2893666,-2.1168392,0.5908194,-0.40995553,-0.98681897,0.035709597,-0.59270203,-0.32847062,-0.71202964,-0.47397438,0.3378734,0.34949753,0.5864672,-0.41126403,-0.1549507,0.29614797,0.45167887,0.6454868,-0.7513967,-0.25890064,-0.10692054,-0.8052577,0.6432662,-0.280618,-0.4924245,-0.8513767,0.9359264,-0.27554828,-0.51297176,0.43668988,0.54151225,0.61945915,1.5321722,0.088155665,-0.3674268,-0.7860664,0.25664893,-0.7018821,-0.98833555,-0.35780197,-0.6997729,-0.7325198,-0.29361078,0.14482495,0.18071793,0.04609564,-0.43135014,-0.9453918,-0.6257867,0.08804757,1.0645583,-1.4798045,-0.36099723,-1.0956748,-0.28739458,-1.4282641,-0.11772251,-0.4087149,-0.2615654,-0.21388558,-0.7046164,-1.6665484,0.2721916,0.5180164,-1.1521523,-0.6109633,-0.70576197,-0.3615746,0.8833925,0.6080107,-0.578914,0.3054834,-0.31214553,-0.11830497,-0.12025472,0.34480348,-1.1355009,-0.8105065,-1.15323,-0.5189318,-0.12026614,-0.25407934,-1.540006,-1.9469793,0.04169126,0.10913228,-0.2197992,-0.4689153,-0.22554763,-1.7596658,-0.13098164,-0.3600511,-0.056021098,-0.23123415,-0.80007076,0.0964621,-0.34421593,-0.6925949,-0.25339213,1.1533388,-1.01633,0.026053155,-0.029327944,-0.5771908,-1.1503783,0.17173687,-1.2190657,-0.08637296,0.047112107,-0.28688973,-0.44885448,-0.8279465,0.0149364015,-0.08938545,-0.5659661,-0.6668539,-0.8107577,0.19631533,0.024102679,-1.7851938,0.11004918,-0.577813,-0.7044129,-0.09073377,0.039667405,-0.33801782,-0.41745302,-0.29115865,0.22907388,-1.0751196,-0.31719697,-0.45839706
-0.040264934,0.6070941,-0.061872073,0.4041431,0.43603772,0.5311387,-0.64274025,0.25040942,-0.78959566,0.47869498,-0.11511972,0.28096682,0.14727373,-0.22670521,0.56105685,0.5365636,-0.12666565,0.2168151,-0.096694276,1.0357472,-0.55979246,0.38499695,0.12049858,-0.61069024,-0.19537428,-0.089643605,0.7369447,0.24460408,-0.1870845,0.57313937,0.99293125,-0.32348162,0.08424424,-0.5160553,0.9653225,0.45597383,0.088815674,0.3380062,0.6457217,-0.2851498,0.266446,-0.1373697,0.22128053,-0.18907192,0.046968363,-0.03733464,0.16075201,0.64170134,-0.69449306,0.4781776,-0.1948739,0.7955344,-0.2908451,-0.37525773,0.4141489,0.43760478,0.8943667,-0.26948807,0.22625284,0.7917803,0.86798507,0.3076592,1.2949734,0.8343194,-0.15668558,-0.14040095,0.72033596,0.6591413,0.059011564,0.1415913,0.30701193,-0.6040904,-0.87627053,0.20459361,1.3654695,0.73825216,0.79132426,-0.18533297,-0.20722438,0.4597563,-0.7731542,0.82678455,0.11224136,-0.2506484,-0.85718125,0.70742816,0.42468807,0.5888901,0.8759075,-0.7996553,-0.36115777,0.78200203,-0.44141322,0.19027844,0.003576152,-0.32578665,1.3323929,0.7539157,0.17294209,-0.03655411,0.06316223,-0.034886435,0.7244545,0.30407792,-0.39673296,0.19174278,-0.72701794,0.4497661,-0.467647,-0.32914925,0.5023426,0.07763216,-0.7124805,0.3746882,0.3350195,-0.42061466,-1.6021633,-0.4950653,0.34802273,-0.028098622,0.273729,0.67323565,0.24198179,0.89622647,0.4437885,-0.8471218,-0.8355516,-0.6469591,0.098265894,0.59245616,-0.30982283,-0.28726828,0.23442128,-0.97795546,0.83501977,-0.7772796,0.6425829,0.58368546,0.5272487,0.04121142,0.70692056,0.10264313,-0.09110891,-0.007674806,0.24970229,0.38192943,-0.00790124,0.40258566,0.011881277,0.64902854,-0.099387705,0.7062383,0.11581261,0.5099077,0.10548278,-0.7549769,-0.16802128,0.9064523,-0.9156853,-0.49413738,0.44978532,-0.8549018,0.06885992,-0.0248028,-0.49888533,-0.42865995,0.48572564,0.09209841,0.4237028,-0.07684334,-0.52317977,-0.2780914,0.47945523,1.114606,0.6493989,0.5112617,-0.8088179,-0.52330637,0.82695013,-0.5061941,0.2691716,0.3059451,0.6333289,1.1207885,0.37628254,-0.20300657,0.67186177,1.135826,0.011250557,-1.196963,-0.18547888,0.434059,0.814468,0.43961552,1.0688908,0.54572654,0.59073853,0.76606953,0.38763458,-0.68720883
-0.2469235,-0.69156516,-0.5839333,-0.90951914,-0.30222654,-0.524729,-1.0618844,-1.6475112,-0.34568775,-0.6930936,0.482844,0.33280897,-0.48129472,-0.96088666,-0.803028,-0.31584695,-0.32030368,0.31441635,-0.5792727,-0.7426354,0.83773404,-0.78555995,-0.36536935,0.21977021,0.8364297,-0.564067,-0.76511085,0.054842163,-0.40657964,-0.5812321,-1.031804,-0.060827054,0.7372393,-0.18186304,0.34684378,-0.81678075,-0.69062346,-0.23451403,-1.2249862,-0.11882274,-0.30058813,-0.4949025,-0.4677972,-0.2806781,-0.73001033,0.28552312,0.029067796,-0.8248664,-1.116663,-0.32835412,-0.7246152,-0.47937703,-0.30956465,-0.7381067,-0.8232166,0.4277765,-0.5976123,0.28018048,-0.6651887,-0.22552581,-0.44415754,-1.2008638,0.9071437,-0.3626274,0.10100217,0.9024681,-0.3252968,-0.54909706,0.804034,-1.282039,-1.0929582,0.6843018,0.17019293,-1.506891,-0.85247093,-1.4013617,0.37214774,-0.1920711,-0.08034657,0.011808329,0.34364682,-0.072684124,-0.05921242,-1.0658323,0.0015265644,-0.71034145,-0.3418561,-0.4097571,-0.14576119,-0.7159165,-0.74606204,-0.5963847,-0.10569665,0.34464198,0.4308022,-0.8851339,-1.3919318,1.1516231,-0.08619044,-0.22961077,-0.59189135,0.7369476,-0.25301233,-1.1937714,-0.4986973,-1.0492747,0.46903652,0.8491333,-1.1139694,-0.40054733,-1.2490487,0.98573655,0.32993603,0.0876676,0.6115291,0.18036696,0.18596566,-0.8743607,-0.18426214,-1.6290619,1.2105634,-0.35512832,0.5663632,-0.33630773,-0.2985515,0.65835965,0.56726354,0.9769452,-0.62402993,-0.58222204,-0.7604381,-1.5874207,-0.9062599,-0.9302802,-0.6601713,0.09214962,-1.7318411,-1.5992825,-0.8953505,-0.07329062,-0.43515646,-1.1037427,1.543271,-0.2428821,0.18514003,-0.792277,-0.37542456,-0.37233332,-0.079206824,0.21603063,-0.5079488,-0.009876861,1.0882901,-0.5003791,-0.18316534,0.3709817,-1.0429688,0.22568354,0.5068339,-0.2682062,0.52829576,1.0601808,0.3779463,0.78145903,0.28065592,0.5130511,-1.3852804,0.3364805,-0.5877278,-0.24404535,0.8127727,-0.6923335,-1.2534889,0.34922966,-0.6699014,0.36975908,-0.05262448,0.9018235,-0.5895546,-0.10386214,-1.4176743,0.13505182,-0.16246492,0.38037437,-0.073818654,-1.1052748,0.11253622,0.32546026,0.70294374,0.48277122,-0.06417609,-1.2908847,-1.7594796,0.18885657,-0.7969895,-0.0014966624,0.58177304,0.065304056,0.70813775,-0.011014053
-0.5185511,-0.45195094,-0.11134637,-0.036782973,-0.29581827,-0.4789934,0.008333325,0.55965346,-0.09128474,-0.48282424,0.38867795,-0.24025528,-0.6772906,-0.22709033,-0.003119492,0.61082184,0.031849027,-0.8404502,-0.24793655,-0.606479,0.5127411,-0.5128109,-0.49555752,-0.38303655,-0.008028839,-0.3602314,-1.1552325,-0.06999014,0.20204146,-0.4283047,0.26689464,-0.72691125,0.08752678,-0.079598114,-0.5560968,-0.64852256,0.13147372,-0.4608736,0.2662496,-0.021352917,-0.29684746,-0.4141748,-0.28230214,-0.46330047,-0.36159208,-0.2534942,-0.4604493,0.19292577,0.25741136,0.06125562,0.2769619,-0.12549743,0.5311599,-0.5871005,-0.40272975,0.5822567,-1.0795847,-0.6454703,-0.64918524,0.36615294,0.040090777,0.5428969,-0.76507473,-0.5243441,-0.38087747,-0.6014801,-0.010489538,-0.09225799,-0.13801843,0.11685312,-0.052152462,-0.551972,-0.37954372,-0.40997398,-0.8482976,-0.039400674,-1.1344607,-0.20314428,-0.38521394,0.4210266,0.5061203,-0.24407719,-0.69874334,0.17098494,-0.48435676,-0.4501683,-0.41744432,-1.1442672,-0.30876923,0.45355415,0.77088135,-0.4342925,-0.05584552,-0.97643065,0.20623279,-0.23574643,-0.08884363,0.023165978,0.6387863,0.6768497,-0.1071556,0.30778593,-0.225749,0.08921303,-0.41263643,-0.07465436,-0.24382639,-0.08683975,0.11093562,-0.23869146,-0.3273159,-0.51740235,-0.4215724,0.7289516,0.27408338,-0.023287857,-0.006349031,-0.3149439,0.07171677,0.51641685,0.08401838,-0.04461918,-0.8803413,-0.26914978,-0.68200994,-0.47014362,0.11885792,-0.18051022,0.08674132,-0.24560188,-0.42572388,-0.42402264,-1.0250524,0.45940763,-0.34274632,0.6132964,0.25915796,0.39286676,-0.4250132,-0.2027803,-0.45217884,-0.5211243,-0.09292562,0.37450427,-0.17834295,-0.42128688,0.10125728,-0.41048646,-0.4737146,-0.69251585,-0.042865068,-0.86143386,0.12125619,-0.24374765,0.05333371,-0.123868994,-0.17402273,-0.2704137,-0.21501349,0.16547233,0.21296568,0.0033558533,0.19346446,-0.45605788,-0.20542695,-0.30117807,0.36673206,0.4751948,-0.55485916,-0.54325414,-0.19081175,-0.09458892,0.10790456,-0.6110934,0.02569772,-0.46556917,-0.17383341,0.34353328,-0.061502658,-0.10526942,-0.15228683,-0.99249125,-0.039380312,-1.061428,-0.55983,-0.22297695,-0.6247101,-0.4670347,-0.26922348,0.020218903,0.01274926,-0.287612,-0.6255393,-0.34051695,-0.37001216,-0.4770187,0.30999073,-0.7710678,-0.59934294,-0.26617682
0.5190981,0.6467235,0.09483239,0.2905654,0.5416181,0.20662932,-0.61750066,0.07191394,-0.6931333,0.26718977,-0.15993199,0.06420826,0.2983828,-0.70163757,0.1934239,0.36198357,-0.2579486,0.23682413,0.0036413595,0.77193075,-0.15145254,0.086839214,0.24829797,-0.80101496,-0.32270968,-0.3083536,0.43545786,-0.31372973,-0.29180944,0.6838056,0.5909221,-0.5377541,-0.3758714,-0.21989235,0.26224017,0.5677899,-0.04999804,0.59467727,0.2947239,-0.38266164,0.72031957,1.0038512,-0.3067025,-0.078392416,0.74223864,-0.271544,0.8213474,0.43716562,-0.45096534,0.60398567,-0.012567915,0.360453,-0.33860755,-0.1687808,0.31650004,-0.23471884,0.4662314,-0.203433,-0.0219092,0.28911886,0.5438245,0.15715131,0.7981568,0.7376119,-0.06378162,0.043522753,0.6118646,0.3624665,-0.34436426,-0.1339536,-0.050301187,-0.07937212,-0.8248006,0.13063149,0.96500945,0.15783873,0.31325546,-0.58103836,-0.3756303,0.10144936,-1.150498,1.1327918,0.27033135,-0.30548066,-0.69594663,0.5402871,0.7613496,0.5241239,0.5223232,-0.5061202,-0.12393664,0.64982605,-0.30360365,0.25766534,-0.119452864,0.33636618,1.2492696,0.43879807,0.20166606,-0.5347462,0.1086188,-0.03291259,0.6567259,0.2965013,-0.61511946,0.3350569,-0.45814973,0.16702844,-0.64444417,-0.8767454,0.124158196,-0.07136186,-0.8039958,0.334081,0.11197133,-0.4313786,-1.1313972,-0.11154122,0.14438072,-0.11271431,0.2619441,0.37241727,0.48069215,0.2786397,0.22521757,-0.4002862,-0.3919747,-0.9028648,0.00052534975,1.2203394,-0.0050792946,0.13229562,0.08021795,-0.3752592,0.8297262,-0.5447598,0.8069091,0.7602431,0.7162089,0.6104676,0.6441544,-0.1617238,-0.22248974,0.007954124,0.07135942,0.458812,0.6878215,-0.11681232,-0.19122152,0.8205143,-0.12081,0.41603127,0.09511078,-0.01854264,0.61364764,-0.48238334,-0.02211366,0.13318777,-0.29181966,0.1822672,0.26999378,-0.7941468,0.0506358,0.11960326,-0.3108697,-0.17693618,0.17890072,0.04008075,0.17286454,-0.24802865,-0.25148323,-0.4191206,0.61843455,1.2263347,0.34373605,0.33663487,-0.39137447,-0.295001,0.74258304,-0.69577783,0.21083495,0.4432738,-0.12465896,0.53914034,-0.11980069,0.20167938,0.54315597,0.55731595,-0.08040177,-0.6136702,-0.10109121,0.7043546,0.66201985,0.4965054,0.5712709,0.047444984,0.6234487,-0.054435518,-0.1298807,-0.04679846
0.10011268,-0.07907161,0.061115123,-0.47883147,-0.24811007,-0.48780885,-0.8352822,-0.09405279,-1.1412852,-0.642561,0.7598913,-0.48450112,-0.45926684,-0.34586862,-0.18404058,0.24892536,-0.10130709,0.25937992,0.004154399,0.40294537,0.7073857,-0.27641416,-0.25696376,-0.4979572,0.6758542,-0.7607684,-0.31905556,0.06666447,0.7488092,-0.16951455,0.17993107,-0.4124925,0.7761536,-0.079459205,-0.084078185,-0.1010947,0.5229804,-0.55447596,-0.44752955,0.21502219,0.123614,-0.22065023,0.004082475,-0.6349953,-0.06356393,0.39403254,-0.37616208,-0.0832369,-0.79217726,-0.22752424,-0.7343146,-0.32288066,0.68242925,-0.22008279,0.30125958,0.54686135,0.18199769,-0.4482434,-0.43944174,0.82487375,-0.18194245,-0.26787597,0.1481773,0.045148954,0.38257402,-0.16736917,-0.35654956,-0.20783111,0.64205277,-0.45794904,-0.0508975,-0.7003966,-0.2898821,-0.23478638,-0.32440293,-0.060027003,-0.08264635,-0.3497025,-0.6885824,1.1224672,0.17707469,0.2465167,-0.14948627,-1.0413843,-1.0732927,-0.7024391,-0.050898783,-0.53441113,0.4663829,-0.30958572,-0.20044087,-0.34494418,-0.41894826,-0.44019288,0.71054417,0.02351645,-0.27048838,0.8031153,1.0235265,0.4562072,-0.7380662,0.46653253,-0.088086136,-0.8599669,-0.9633074,-0.0068810415,0.03040422,1.2878395,-0.82610685,-0.88215894,-0.27476773,0.6807134,-0.7135981,0.22431795,0.9989064,0.27898604,-1.1176881,-0.67312,-0.23534049,-0.4285616,1.1860766,-0.15219633,-0.10607527,-0.57321066,-0.5503641,-0.7117143,0.5934751,-0.54652435,-0.14590234,-0.3818607,-0.75884396,-0.37606367,-0.06162586,-0.66278625,-0.012112461,-0.26218626,0.025129873,-0.20621087,0.03682307,0.08673984,-0.19869018,-0.28582087,0.7932867,0.52359134,-0.51694435,-0.3311152,-0.10731529,-0.6512283,-0.1823212,0.4109283,0.013888039,0.40385482,0.76053965,0.29295832,-0.5363498,-0.85382813,-0.18278731,0.16683519,-0.65095454,-0.20651546,0.8256781,0.30261663,0.84330165,-0.048900325,-0.02105287,-0.0536915,-0.34293982,0.7687189,-0.17985907,-0.42611924,-0.1097214,-0.05058045,0.24706444,0.3103147,0.06433384,-0.16054161,-0.76953334,0.83887935,-0.13930115,0.24125439,-0.27812403,-0.16543806,0.044592988,0.6932331,0.25525457,-0.1515667,-0.08304871,0.042302527,0.2634131,-0.29454502,-0.35058624,-0.12954389,0.35419765,-0.31050065,0.32281578,0.062243156,0.7777233,0.598549,-0.34925085,-0.2915725
0.0043954365,-0.358606,-1.1092021,0.35038492,-0.99368376,-0.014355972,-0.08181858,1.2628865,0.16991211,-0.7453393,0.30721468,0.6030564,-1.063424,-0.5354681,-0.13574424,0.075509444,0.5288661,-0.68237555,-0.4072275,-0.6108832,0.47948515,0.14148548,-0.38895133,-0.14281005,-0.36202684,0.22532173,-1.2774895,-0.08241379,-0.53767616,-0.14661308,0.4372502,-0.10224585,-0.6045243,-0.5988517,0.01923451,-1.2143945,-0.28908873,-0.49979413,0.39921516,0.5563373,0.20608638,-0.45786774,0.5878864,-0.54776627,-0.3454592,-0.11578137,-0.28302062,-0.06400289,-0.28531155,0.4686792,0.8007623,0.16795598,0.20252119,-1.0172472,-0.9678128,0.54987884,-1.3094106,-0.57254285,-0.799467,0.6327421,0.58880264,0.28499013,-0.49230495,-0.5130118,-0.07578322,-0.18523818,0.48933044,0.50614566,-0.1569993,0.20364706,0.42185658,-0.1326244,-0.7285312,0.10715431,-1.4335554,0.049835972,-1.7226784,0.11046563,-0.017497007,0.13811447,0.6249217,-0.25866184,-0.8815472,0.13984741,-0.03617318,-0.26729637,-0.4125754,-0.8918568,0.01773003,0.9102944,1.7787142,-0.6504753,-0.1906457,-1.2845261,0.20738828,-0.33057773,0.1731529,-0.07831326,1.0632511,0.052796822,0.6559011,-0.017972007,0.013065908,-0.4647688,-0.3631624,-0.053458486,0.19155212,-0.61865115,0.15292004,-0.37793624,-1.0016887,-1.4274833,-0.29129684,0.8711597,-0.37926275,1.0275464,0.047789622,-0.25154442,1.0221473,0.6931561,0.17002712,0.09670704,-0.82375985,-0.1261336,-0.7669647,0.36318207,0.091771305,0.81643546,0.4033088,-0.5391148,-0.0789589,-0.86613894,-0.7822673,0.2758325,-0.48241338,0.054748096,0.86550266,1.1828132,0.08288201,-0.014973111,-0.42627776,-0.68239737,0.24332343,-0.74951077,0.68443954,-0.355105,0.59706855,0.3266112,-0.10684739,-1.0486227,-0.6401628,-1.8311028,-0.35925856,0.37538967,0.80806094,-0.14989018,-0.6241219,-0.15061456,-0.3643008,0.30757323,-0.34974608,-1.3795882,-0.38261303,0.19044995,0.04763491,-0.31993708,1.2119987,0.11975671,0.10637671,-0.19336663,0.20089039,-0.0036725346,-0.019511515,-0.07301715,0.98259103,-0.31503907,0.08754543,0.71798897,-0.43418708,-0.14627531,-0.49693692,-1.3006002,0.13853297,-1.9640974,-0.034933254,-0.33986345,-0.67666936,-0.20330685,-0.19899568,0.5319932,0.64519155,0.04092562,-0.8259915,-0.26435968,-1.167048,-1.0660965,-0.10067503,-0.8425105,0.002006622,-0.35666567
-0.5968018,-0.7747776,-0.33391225,-1.1008406,-0.63323015,-0.8311866,-1.0427582,-1.4991151,-0.7840798,-0.9222028,0.3029576,0.1513747,-0.44256133,-1.0115471,-1.1712602,-0.13280118,-0.81683284,-0.0934155,-0.616471,-0.5974489,0.94310457,-0.6992587,-0.8852512,-0.25829232,1.0026212,-0.84787714,-0.6084709,0.17099752,0.0337246,-0.55105674,-1.1875184,-0.050219662,1.0185624,-0.77169,0.05106487,-0.5722485,-0.5732854,-0.2641647,-1.3143319,-0.1306764,-0.27936104,-0.0022717193,-0.51219815,-0.85586184,-0.63487214,0.4696605,-0.40481472,-0.7669507,-1.1340991,-0.73408055,-1.0726941,-0.61118436,0.038870305,-0.94694567,-0.5067946,0.6709096,-0.59577477,-0.46141395,-0.93435955,0.3610905,-0.49933702,-1.0864383,0.4503988,-0.43363366,0.040684033,0.05519043,-0.50808877,-0.60194653,0.6387398,-1.0422904,-1.1096748,-0.23032264,-0.16774413,-1.0661435,-0.7497003,-1.327143,0.10236508,-0.66924924,-0.46393123,0.39017162,0.42048585,-0.16878812,-0.6237775,-1.1292068,-0.59794885,-0.6757476,-0.34210137,-0.44845325,-0.5316245,-0.9505399,-0.6603815,-0.6018849,-0.57977,-0.109930485,0.61899054,-0.7059657,-1.2965093,1.4559274,0.13701618,-0.0922942,-0.76490265,0.83314425,-0.53912276,-0.70656407,-0.8729197,-1.118201,-0.193335,1.0416354,-1.2862495,-0.67542964,-1.371959,1.3692375,-0.24562229,0.08421634,1.0493246,-0.029164085,-0.26709312,-0.98439157,-0.5776615,-1.2995236,1.4522676,-0.41042608,-0.20195329,-0.69540936,-0.3307266,-0.10711481,1.0140204,0.32364753,-1.077717,-0.41201305,-1.1194919,-1.2970049,-0.71831656,-0.68503636,-0.6518671,0.30753776,-1.4128551,-1.5913024,-1.1370058,-0.6022991,-0.5457294,-1.2209598,1.6197968,-0.058319382,-0.24496923,-0.8331113,-0.5095006,-0.68359184,-0.50844246,-0.37474835,-0.50697905,0.030864954,1.1595217,-0.39063784,-0.8701462,-0.39442745,-0.89825296,0.11332506,-0.4136255,-0.5928104,0.8443529,0.90263927,0.7044658,0.1587599,-0.4878137,-0.33816394,-1.6905674,0.5064529,-0.7706381,-0.40609103,0.03150983,-0.7223696,-1.085385,0.20521992,-0.80905735,-0.32448772,-0.7377231,0.8689512,-0.5002434,-0.43014315,-1.4803721,-0.014824886,-0.7941636,0.10156593,-0.2259492,-1.1536394,-0.4302841,-0.06354559,0.82439214,-0.025139576,-0.48036477,-1.19905,-1.4184855,0.060371127,-0.9375015,-0.7798581,0.860669,0.1109142,-0.05261258,-0.6333321
1.1569139,0.6640088,0.81219727,1.0562603,0.5202167,0.994417,0.54282624,0.9119486,1.0069398,1.1450949,-0.4859377,1.0113049,1.1564362,1.0510734,1.2286067,-0.32828227,1.5321599,0.8179318,0.83292955,0.31869155,-0.43837723,0.8164851,1.2394319,1.6555188,-1.0915817,1.2344865,0.5156767,0.961123,-0.498022,1.2032181,0.9594702,1.0917633,-1.1178123,1.36615,0.9066269,0.7357128,1.1688195,0.9741283,1.5751275,1.3659164,0.8670899,1.0954049,1.3738395,1.2612739,0.57689697,-1.231046,0.6946406,0.85196424,0.77687407,1.6047096,1.0171548,1.1057384,-0.51542026,0.6834045,0.5494492,-0.36774743,0.71220565,0.86100906,0.656805,-0.6398874,0.7327786,1.0404989,0.12137964,0.7758872,0.29854,1.0340625,0.91462797,0.88268745,-0.48121917,1.4185675,1.4256371,1.154157,1.5201023,1.1655484,0.91436094,1.2084297,0.4256022,1.4456613,0.83565617,-0.87468445,-0.04573773,0.6625439,0.99018633,0.735257,1.0523274,0.7449055,1.6930984,1.1367713,0.900462,1.6333188,0.9774822,0.81973755,1.3679905,0.47324634,-0.47922042,0.65243065,0.68300325,-0.95036,-0.07229228,-0.38364014,0.8178164,-0.7797869,1.6372021,1.239181,0.844182,0.7244334,1.489166,-0.8526776,1.5686951,1.2201499,0.8440376,-0.57266337,1.0751462,-0.09085558,-0.97245926,1.3800027,1.3785312,0.75398934,0.091605276,1.7565305,-0.8021566,1.5025885,0.7348992,0.8369483,0.3742336,1.1388019,-0.8898424,1.2269751,1.1533505,0.7801653,0.8634051,0.9129872,1.1857694,0.9439975,0.1699093,0.023077883,0.79174215,1.0043342,0.53015774,1.0152062,0.45749968,0.19445963,-0.7059469,-0.334436,1.4127495,0.57658076,1.4303411,0.6844251,0.9786217,1.0364667,1.0912478,0.7903728,-0.68985146,1.0266019,0.9705633,1.2742025,0.64655954,0.741748,1.3106018,1.2302856,-0.7817465,-0.6113597,-0.48289928,1.146258,1.4734379,1.2851117,0.99520206,-0.69947386,1.2605908,0.4562483,1.1518145,0.9479279,1.1897293,0.124153815,1.2003666,1.0924916,1.270955,-0.6313893,0.8826273,1.2467619,1.0501813,0.064219534,1.2137274,0.3947335,0.85145104,0.80684656,1.1929752,1.1264564,0.014022566,1.2068774,1.331599,1.00861,0.9217088,-0.056492064,0.56916755,1.2140865,-0.30503726,0.12313202,0.7447175,1.2963971
1.3133882,0.21819183,0.38354403,0.5693011,0.38445708,0.68877906,-0.2514393,-0.16912511,0.32932195,0.37679717,-0.82918763,1.1112767,-0.24810857,-0.43496013,0.95358264,-0.29966596,0.102630064,0.88853884,0.09567853,0.48081586,0.1481094,0.24709257,0.7773999,0.44061854,0.17677581,0.9344745,-0.24440533,0.31334966,-0.45051473,1.8912977,0.87451094,0.12487078,0.04116203,0.1980013,1.0633581,0.20463414,0.28890675,0.9760048,0.6880663,0.36265725,1.5150985,0.8958524,0.5236896,1.0816433,0.07947936,-0.12347022,1.2878443,-0.23562582,-0.12723559,1.1761099,1.2963057,1.2139164,-0.4383859,-0.24736197,0.0048540374,-0.009676825,-0.759184,1.0164311,0.36851662,0.007751832,1.630345,-0.38797557,1.5572098,1.1715045,0.18497917,1.2394454,1.6537838,1.5869464,-0.23512721,0.6346742,0.16196325,1.2527356,0.64840317,-0.8474474,0.33713317,0.15153247,0.6391352,0.57718354,0.83955675,-0.19345021,-0.33333272,0.75408316,0.7856455,0.18431048,0.070258364,0.20718227,0.56733245,0.27185774,0.6175799,-0.2224103,0.10277562,0.32227257,0.5962528,0.9092309,-0.36186525,0.07839961,0.66120034,0.3509316,-0.19887005,-0.7880406,0.52009165,0.16988173,1.1019746,-0.6482243,0.09427953,-0.17733605,0.8419418,-0.16640262,0.051906303,0.15476355,-0.07778733,-0.70473754,0.32569373,-0.026790857,-0.38623965,0.7522919,0.54499733,0.5857246,0.74601924,0.29987475,0.2986361,1.4182776,1.4836801,1.4274925,0.9480766,1.3428799,-0.16191559,1.0382475,0.86470675,1.2329351,0.31536987,-0.1381527,0.17850167,-0.12842111,0.72508955,0.19267234,0.38073203,0.53353864,0.749679,1.0282552,0.37463605,-0.0032612197,0.6014675,-0.88086015,1.5546106,0.9674185,1.1485304,1.3616881,0.6637986,0.8900658,0.6890894,0.67012006,-0.018414324,0.3821955,1.5368403,0.43122843,-0.63782525,0.8228071,0.6895162,0.9960974,0.39244646,-0.33042648,0.104232594,1.1636485,0.914966,0.48970369,0.7014982,-0.036228806,1.1168853,0.8516729,0.9563935,0.34112382,0.42466405,1.6481159,1.0543449,1.3963258,0.5462696,0.4070589,1.0472636,0.25770506,-0.42480442,1.3341931,1.0431095,0.69136405,0.559725,0.4502291,1.076583,1.5940222,0.19257051,0.6529929,1.3172333,1.1726722,0.02458059,0.3314239,0.24553254,-0.18658198,0.061074626,0.42002112,1.4089887,0.69239503
0.045794666,-0.13162695,0.4731416,0.19141135,-0.11532989,-0.40953624,-0.37608916,-0.11631227,0.012896271,-0.47686815,0.2356024,-0.13865145,-0.6678842,-0.45881462,-0.30035952,0.38750392,-0.28033626,0.047362894,-0.31988376,-0.6191318,0.6397984,-0.97084695,-0.2968746,0.279681,0.47116297,-0.35351443,-0.8843222,-0.23429838,0.2011719,-0.401679,-0.35831553,-0.74132496,0.44197714,0.36446935,-0.18158592,-0.8620853,-0.2092222,-0.24542579,-0.029527828,-0.0054141544,-0.38246214,-0.25721863,0.013392278,-0.0355113,-0.21622099,0.2850981,-0.485881,-0.11617176,0.09427667,0.32681012,-0.012512729,0.062809706,0.3486073,-0.14241634,-0.12218169,0.5697303,-1.117066,0.09642813,-0.52378833,-0.06033607,-0.2988901,0.1659814,-0.20910244,-0.4816819,-0.23626214,0.056649655,-0.22909024,-0.21513318,0.07327528,0.0058124475,-0.46749693,0.296428,0.3908171,-0.33375308,-0.7836799,-0.6265237,-0.8247007,-0.06962207,-0.7432868,0.15690641,0.73493034,0.09771541,-0.18523486,-0.26774222,-0.13887759,-0.48458353,-0.4127226,-0.8031384,-0.081761226,0.47504562,0.3255384,-0.57868797,0.4463625,-0.25107995,0.33390158,-0.077086896,-0.96461946,0.18902549,0.6338501,0.5676384,-0.49809542,0.3962499,-0.21037106,0.059282705,-0.45855582,-0.44704247,0.1702715,0.6198338,-0.16796619,-0.21270317,-0.5969359,0.015578881,0.016432047,0.75794417,0.6489368,0.094022915,0.3676053,-0.17487715,-0.72206223,0.13341837,0.5173123,-0.2729471,-0.19051951,-0.514956,-0.7283405,0.065889716,0.79279363,0.22105359,-0.23004593,-0.19417125,-0.24113646,-0.17454697,-0.35616195,0.52246314,-0.1259444,0.49871832,-0.1787484,-0.6032535,-0.1808841,-0.03185212,-0.4586206,-0.6633296,0.40162033,0.34260574,0.017079398,-0.8046281,-0.1387659,-0.37737808,-0.4540484,-0.32187986,-0.22045341,-0.46131983,0.43242204,-0.15131056,-0.13740416,0.4386236,-0.6211793,0.119666636,0.091033116,0.20866996,0.3714271,0.13445681,0.53581256,0.15439437,0.03364758,0.08208212,-0.41533518,0.6919062,-0.5462835,-0.65746844,0.4728614,-0.20994642,-0.64620334,-0.07641799,-0.27800632,-0.33384007,0.27656528,0.8282296,-0.31000584,-0.043049153,-0.5474457,-0.2937827,-0.5125349,-0.53777665,-0.2873925,0.3796413,-0.5145421,-0.2052801,0.011718631,0.77677006,0.051486187,-0.1483702,-0.3357724,-0.24694107,-0.3855125,-0.3609744,0.62119824,-0.349287,-0.2964256,0.048014697
0.5900727,0.5992484,-0.89513904,0.6490083,0.1596117,-0.28046924,0.47211772,-0.0010942891,0.8552264,0.015293088,-0.6166688,-0.9453817,0.36838597,0.06474683,0.23147485,-0.37935495,0.4232267,0.08119421,-0.41197655,-0.9680775,0.050823756,0.20431368,0.7042137,0.07877374,-0.7997779,0.13707547,-0.09066925,-1.0857083,-0.004270705,-0.41920525,-0.56826633,0.007870838,-0.297479,1.5250732,-0.5563432,-0.043617867,-0.106546,-0.36225605,-0.045096766,0.058751833,-0.4235745,-0.15293899,-0.11043827,0.8477012,-0.05479399,-0.8252523,0.07350433,-1.0162854,0.96574,0.05987122,0.15452945,-0.65429795,-0.1860206,0.736925,-1.2435594,-1.3228694,0.24207255,0.25413796,0.19278194,-0.22585116,-0.7085482,0.4682278,-0.70799655,0.15381025,-0.54074556,0.48447078,-0.58114237,-0.503456,-0.8439537,0.06196176,-0.29968747,0.7266082,-0.10033869,0.47892016,-0.4710992,0.1684353,-0.07136148,0.467822,0.20716445,-0.5343542,-0.20175026,-0.9019068,0.49667892,0.57289964,0.7788548,-0.4963331,-0.52071655,-0.103961006,-0.2896219,0.76047164,-0.640706,-0.49983814,0.37050286,-0.030364055,-0.66464716,0.4527541,-0.24103856,-0.69669086,-0.91431355,-0.54224354,-0.053853877,-0.5977439,0.13629952,-0.32034653,0.71822846,0.51808316,0.45696008,-0.58931804,0.26293638,0.14174421,0.38720694,-0.7988344,0.39337015,-0.113296926,-0.6774238,-0.10839448,1.2351066,0.3245854,-0.23911309,0.32506856,-0.73501915,-0.24002086,0.25820142,-0.24952614,-0.4849662,0.7500442,-0.5915798,0.15429546,0.40577567,0.10484278,0.49474713,0.9847783,0.340736,0.6212083,-0.6424536,1.0890765,0.6574149,0.39206246,-0.007414505,0.7478525,-0.8937725,0.3179483,-0.49167383,0.043903496,-0.18591398,0.048743844,-0.25657207,-0.4491698,0.22774921,0.4790236,0.8244041,-0.41907275,-0.4552618,-0.84538096,0.805276,0.8802891,-0.13946554,-0.9755362,1.0019393,0.82544994,-0.8899955,0.91378784,-0.6308273,0.607211,0.5896741,0.957491,0.018987006,-0.60833,0.07150775,-0.09546621,0.4894829,-0.44378912,0.06449765,-0.7581284,-0.45278332,-0.08273704,0.92054147,-0.4980368,-0.7008828,0.3132711,0.3451307,-0.65597737,-0.07581037,-0.37115037,-0.5747683,0.93626094,0.15002227,-0.48849458,-0.47418275,0.51629597,-0.1574518,0.38041446,-0.16903946,-0.523322,-0.1064997,0.7890854,-0.65796137,-0.8937104,0.29147485,0.9422371
-0.33313864,-0.073407814,0.17642385,-0.009031065,0.5532191,-0.2657815,0.022620521,-0.26546648,0.35665682,-0.09135164,-0.75248826,0.665525,0.6183457,0.33774605,-0.52338004,-0.062249776,-0.62070954,0.238931,-0.22224414,-0.2551863,-0.014466912,-0.022469444,-0.15001056,0.2183003,-0.29021707,0.26197878,0.18312591,-0.47231272,0.2764922,0.053767364,0.123994604,-0.434703,-0.23520075,-0.18200237,-0.18523943,0.515911,-0.03834391,0.0054394193,0.10496774,-0.28164318,-0.24627498,0.21465346,-0.2380257,-0.13720837,0.29504284,-0.5447617,0.071020916,-0.06932339,0.6809539,-0.13733795,-0.025231726,-0.07803342,-0.5742038,0.50529957,0.52432793,-0.34922832,0.107501775,-0.07158635,0.5957494,-0.3256099,-0.023761855,0.13824667,0.31524354,0.35787496,-0.7180332,-0.16820772,0.02115897,-0.3864141,-0.9999515,-0.08512071,-0.0996402,-0.08339385,0.16440415,0.19450574,-0.12795404,-0.11999063,0.1519517,0.0031390926,-0.14552969,-0.022128604,-0.72181493,0.48947084,0.1872001,0.7903631,0.6305631,0.3036412,0.5974112,0.4198651,-0.39942923,-0.08543305,0.06634374,0.39605272,-0.18310522,-0.32730764,-0.21611507,0.07445195,-0.35973546,-0.17049155,-0.6648098,-0.78083116,-0.2471843,-0.27093273,0.08028735,0.36774507,0.67519987,0.34285596,-0.43233633,-0.5394894,0.1526442,0.80715746,0.6773143,-0.5641713,0.49170333,-0.22771917,-0.42537388,-0.24114887,0.67024827,0.92454857,-0.3461335,0.23531544,-0.49799395,0.11264383,0.0353713,-0.08633142,-0.16661479,0.034612034,-0.1898781,-0.073559865,-0.3692212,0.070111066,-0.12640356,0.15821624,-0.09422328,0.35716888,-0.026256405,0.3516632,0.22383972,0.13931932,0.12952515,0.09768649,0.27794975,0.53362817,-0.38976133,0.21937725,-0.0031018127,0.13001601,-0.2914784,0.17735407,-0.21586017,-0.39736032,0.24474485,-0.52763355,-0.019621974,0.67982113,-0.2569985,0.39633435,0.60393846,-0.06027435,-0.08396974,0.39149335,-0.045796905,0.053570874,-0.48529616,-0.49516776,-0.64294076,-0.24258825,-0.34309113,-0.45688677,0.0051779747,-0.11785305,-0.039492987,-0.5497707,-0.16525897,0.12628843,-0.47445053,-0.20819001,0.39909372,-0.24965416,0.11906013,0.024137862,0.02330706,-0.2983757,-0.64790785,-0.32204658,-0.67229176,-0.40469784,0.34221092,-0.24715737,-0.39570913,0.022109905,-0.27930257,-0.2744851,-0.38812906,0.41809157,-0.49241748,-0.22164099,-0.2979237,0.24062423,-0.124323264,-0.32809764
-0.21240482,-0.4598479,0.31785032,-0.49480903,-0.34191102,-0.5297142,-0.5177473,-0.7065789,-0.1441134,-0.4538365,0.33721194,-0.19984469,-0.25805476,-0.50401175,-0.6654711,0.25937903,-0.41863775,0.20240286,-0.015278257,-0.33102474,0.63384914,-0.6837451,-0.3782659,0.18511271,0.88384795,-0.59086573,-0.67020106,0.050255213,0.30486655,-0.48690313,-0.68968743,-0.10595943,0.7345119,0.07607642,-0.23173285,-0.57079715,-0.23152,-0.19025365,-0.57703686,0.09895919,-0.1010603,-0.31389213,-0.19645715,-0.37896115,-0.5026842,0.24390182,-0.33291334,-0.009986622,-0.3628233,-0.18622454,-0.768507,-0.5329031,0.13134693,-0.10911239,0.12293925,0.2727552,-0.44522214,-0.093929455,-0.75745,-0.27550817,-0.6952129,-0.15191157,-0.381285,-0.5672464,0.44197616,-0.019980473,-0.56757015,-0.6488968,0.20521057,-0.6023641,-0.56403196,-0.01709414,0.42748177,-0.30453685,-0.63611084,-0.8465675,-0.47976395,-0.18670551,-0.42884138,0.036455564,0.5198406,0.13381775,-0.2925194,-0.6463632,0.10087089,-0.4610828,-0.48238426,-0.16029955,-0.29376844,0.04949646,0.054922514,-0.3884986,0.09198736,-0.063008726,0.54583704,0.11114788,-1.0022769,0.37919596,0.3363937,0.38629067,-0.50280267,0.23642825,-0.33744493,-0.06317218,-0.51668465,-0.28496894,0.22479866,0.8126875,-0.66013616,-0.26855206,-0.75102836,0.71141165,0.0837187,0.31989545,0.70780367,0.1899467,0.24030092,-0.67584854,-0.8653606,-0.4245334,0.60748726,-0.42147297,-0.21868291,-0.8388551,-0.5425328,0.020487655,0.8152624,0.29298636,-0.6406743,-0.44392082,-0.6924483,-0.51782644,-0.1528441,0.32783297,-0.33428404,0.14313021,-0.82770914,-1.1303923,-0.46194944,-0.21879756,-0.22567305,-0.6736019,0.7653881,0.30712017,-0.29239234,-0.96763444,-0.23277512,-0.6997836,-0.33402288,-0.039028786,-0.32640296,-0.16067538,0.5915328,-0.049595192,-0.66638845,0.14401817,-0.50691044,0.03863443,-0.17162283,-0.18275435,0.4260929,0.19682358,0.34975028,0.049339462,-0.20132925,0.30186614,-1.2044837,0.40139747,-0.79573154,-0.5776025,0.34800145,-0.16782825,-0.90433455,-0.2187269,-0.6892195,-0.30134344,-0.13226764,0.80574167,-0.42343223,0.040643215,-0.5213714,0.05605724,-0.6056582,-0.029174313,0.11441961,-0.3000957,-0.35610372,-0.293288,0.21105832,0.515847,-0.26564422,-0.8109903,-0.47842905,-0.057336662,-0.38573852,0.090310484,0.53123635,-0.12645283,-0.31803596,0.07466215
1.6595331,2.6204286,0.33779877,1.3221896,1.5864196,1.0811915,1.2307527,0.94725424,0.47904244,1.5988253,-0.4369433,0.7763398,1.7637658,-0.20072624,0.37211573,-0.016075764,0.18582222,1.4542463,0.86664414,1.8485677,-1.3213553,0.93534505,1.1227945,-0.40083298,-0.3650222,0.3334708,1.723878,-0.48458287,-1.3765706,1.1036679,1.2491976,0.3462113,-1.8038307,0.60503256,0.74460435,1.7781304,-0.471713,1.1509097,0.7740203,-0.31752992,1.7165368,2.5661721,-0.24678038,0.9252452,3.0474138,-0.47399974,2.6269634,1.5635777,0.14824808,1.1876975,0.6318479,0.3160376,-0.6376372,0.9054855,0.35863438,-1.5136895,2.0599644,0.95629054,0.72191525,-1.4828128,0.9324501,0.5914743,1.1399194,0.8765288,0.5337297,1.1441642,1.0294145,0.8346888,-0.8195294,-0.035627145,0.4605477,1.0173277,-0.49353474,1.5682045,1.9579775,0.374656,0.6533187,0.106245056,0.47669947,-0.76216924,-2.0430887,2.198438,1.5395393,0.66840136,0.18467675,2.3969033,1.6736207,1.3102689,0.9654777,0.047793098,0.5935471,1.5154809,0.07214394,1.839106,-0.946189,1.069833,2.2599783,-0.6663831,-0.47992882,-1.4003767,1.8274372,-0.81449574,1.7105901,0.7560792,0.15290767,0.542908,0.15457617,-1.4783719,0.3098025,-0.82567114,0.58530724,-0.2795701,-0.070896894,-1.0377352,-0.9449305,-0.03490541,-0.7585245,1.225945,1.2965702,-0.5308619,-1.0769,0.3170017,2.05365,0.88247466,1.1714737,0.6910346,-1.0779525,-0.3247937,1.1762525,2.8024893,1.6072557,1.7038796,0.5548344,0.9591887,2.3061092,-1.0870798,2.2707012,1.9058483,2.351156,1.9738994,2.515266,0.6300443,-0.42641518,-0.8593364,0.7815605,0.9700831,1.3594856,-0.124612585,0.4489993,1.8680395,-0.52147424,0.3894209,-0.6600939,0.3343354,2.040096,0.40404278,1.4862434,-0.5544009,1.1794055,1.6386498,-0.5404156,-1.1820602,-1.0308809,1.0954704,-0.18490839,0.63541985,0.68134373,-1.1165925,0.21642852,0.3120154,0.98266757,-0.1974502,1.4246167,2.430482,0.7472073,1.1643263,1.0278419,-1.7231666,1.3879354,-0.3624164,1.0186341,2.405274,0.035413206,1.0066823,-0.12807462,1.129408,1.9197172,0.6777939,-0.5171016,0.75977415,0.71595687,1.7676584,1.0506867,2.4581912,0.987142,0.8947583,-0.2800877,-0.038551982,0.9559512,1.0745562
-1.1707758,-0.6870341,-0.01578205,-0.82935625,0.8636144,-0.28542334,0.45749465,0.34578016,0.7338559,0.95660084,-0.07882466,1.0345515,1.12027,1.3586773,0.35511434,-0.31218874,-0.8725863,-0.21151155,1.2768161,-0.44745806,-0.45988867,0.78142405,-0.17071542,-0.8495353,-0.07304834,0.9997597,0.9943844,-0.03514758,0.6083733,0.037624177,-0.77287304,0.5816126,-0.20792319,-1.0906587,-0.01743698,0.5485052,1.6779623,0.55048037,0.5024485,0.7048618,0.17861135,0.03910096,0.6794625,-1.3090537,-1.0803938,-0.2828671,-0.30930698,0.3674883,1.2047025,-0.62276435,0.022429988,-0.6623915,-0.4470275,1.4179417,0.6257372,0.08873533,0.9022832,-0.6681175,0.6872849,-1.0847614,0.22048797,-0.31901404,0.1380779,0.7927306,-1.1792405,-1.3630018,-0.50247765,0.512475,-0.030811876,0.8678964,0.14906815,-0.86321825,-0.05391004,-0.11527006,-0.14855392,0.9434178,1.6080809,0.12891664,-0.039271243,0.31061932,0.06564823,-0.66513205,-0.7158247,1.4445779,1.5038553,-0.32990065,0.89596534,1.1906133,-0.8912715,-0.9525056,0.80775917,0.37752756,-0.8774218,0.041405946,-0.20830558,0.70632154,0.41702837,-0.52580833,-0.17566249,0.006219226,0.23188469,-0.30366558,-1.0105675,0.3611644,1.7101957,1.1390215,-0.577365,-0.42155945,1.0144469,0.44748855,1.1724048,-0.97700584,0.0036800504,-0.7302824,-1.0287637,-0.13580026,0.5794804,0.0996468,0.89617777,0.36945775,-0.99475247,-0.35304052,-0.55516124,-0.017269686,0.5750913,-0.19436602,-0.041890793,0.23521677,0.33522123,0.33359054,0.018362883,0.1913092,0.2640841,0.3314284,-0.2955626,0.24097084,-0.23574297,0.30630732,0.5547896,-0.49905097,0.2184085,1.690921,-0.27993712,0.7086302,0.33139533,0.81615233,0.1613595,0.5232152,0.036184773,-0.6151391,1.5084572,0.9710621,-0.58842945,1.526341,-1.0234623,0.05174958,0.9454727,-0.046737242,-0.44914833,-0.67692876,-0.29892725,-0.4806401,-0.38990688,-1.0889461,-0.8143585,-1.1332252,0.19387035,-0.7424662,0.858322,1.1357757,-1.508537,-0.16660367,0.664911,-1.343429,0.51379347,0.026202478,0.05565922,-0.57274246,0.97021294,0.7447272,0.64903295,-0.6163704,0.011453674,0.50239354,0.46201134,-1.233342,-0.37997797,0.105448626,-0.041838728,-0.44593987,0.016301049,-0.5568464,-0.10279567,-0.36785454,0.5097925,-0.3140153,-1.0063049,0.9211631,-0.8204061,-0.9798839
-0.36484927,-0.34115034,-0.8351351,-0.8323789,-0.24788852,-0.8522746,-1.7675034,-1.6856266,-1.4084923,-0.6152628,0.8053903,-0.0801605,-1.2007737,-1.1803588,-1.0996473,0.8490511,-0.7546118,-0.18512338,-1.2415558,-0.6978037,0.8726392,-1.3222407,-0.9641921,-0.69675523,0.7799001,-1.0585877,-0.9753225,-0.018971983,0.012284858,-0.7210839,-0.3866526,-1.2902596,1.1293958,-0.8709968,0.14393127,-0.93805623,-0.6118932,-0.8267278,-1.2581698,-0.8258846,-1.2033926,-0.39695776,-1.1143426,-0.99042076,-0.43174982,0.8999434,-0.7985597,-0.20216161,-1.2844418,-0.61212975,-1.019521,-0.3749874,0.7942149,-0.8172008,-0.84512126,1.1939187,-0.6237101,-0.67336875,-0.7837036,1.2938551,-0.5487551,-1.1330193,0.97946846,-0.47935686,-0.6401092,-0.18884347,-0.53456986,-0.8764595,1.0333328,-1.0608011,-1.545705,-0.5410101,-0.75575334,-1.4061258,-0.766892,-1.38143,0.094490506,-0.9755503,-1.3973181,0.9217063,0.6423479,-0.24278717,-0.7555593,-1.3165022,-1.5520797,-1.1096188,-0.42962435,-1.5240806,-0.3251443,-1.3606535,-1.2489386,-0.97999936,-0.4973957,-0.19267556,0.51585394,-1.3040625,-1.1777757,1.4122881,0.9964816,0.7663086,-1.2554191,1.0282879,-0.6894459,-0.88789105,-1.1348379,-1.3102543,-0.5920058,1.8089033,-1.5955727,-0.99052876,-0.8316851,1.0779536,-0.6741085,0.4851253,1.2743336,-0.85391426,-0.93146944,-0.9564332,-0.37857148,-1.4728539,1.7755518,-0.92390525,-0.30597296,-0.6922066,-0.7737175,-0.973264,0.8582233,-0.8927159,-1.0322756,-0.6865853,-1.5612888,-1.349187,-1.1811757,-1.8601449,-1.3945627,0.005328753,-1.0172211,-1.2419552,-0.88496286,-0.6908943,-0.97196555,-1.111271,1.5965364,0.16773054,-0.77641284,-1.2369142,-0.72199476,-1.1276114,-0.845176,-0.12889153,-0.65376735,-0.484771,1.4058067,-0.031643078,-0.8762037,-0.9082885,-1.1210835,0.18039976,-0.7640211,-0.9280124,1.2286419,0.79250807,1.3476212,-0.07343122,-0.59922385,-0.4886708,-1.3665813,0.8105411,-1.2649027,-0.85697514,-0.4460655,-1.2054684,-1.2586297,0.23062062,-0.9255229,-0.20935856,-1.1198438,0.7833085,-0.932647,-0.8907049,-1.9394324,-0.59012574,-0.89410925,0.25051636,-1.0183035,-1.0798914,-0.45049363,-0.3514601,0.87961966,-0.67830944,-1.0011133,-0.84330195,-1.2018995,-0.4738309,-0.90655667,-0.8152427,1.3764492,0.300111,-0.31749004,-1.0513439
0.9774416,0.7848836,0.57054013,0.41483942,0.9135622,0.33742994,-0.010131683,0.42691413,-0.16489118,0.35007507,-0.11591705,0.069713876,0.7045796,-0.47477543,0.51702416,0.6856415,0.33160898,0.8016539,0.5319613,0.5512041,-0.0038750917,0.47543636,0.52731854,-0.19183904,0.32448277,-0.08577619,0.5341646,-0.0995394,0.09597879,0.90978104,0.44583142,0.05532801,-0.13848159,0.64635754,0.007348736,1.0448519,0.30033764,1.1214836,0.62651277,0.36024633,1.0535091,1.5723879,0.11812925,0.3931117,0.9213464,-0.19014503,1.3331183,0.5978972,-0.115404725,0.8417324,-0.061006375,0.32532728,-0.26369482,0.2947029,0.19019248,-0.47444022,0.14390779,0.15600649,-0.24169105,0.05313094,0.5814397,-0.08742384,0.34049463,0.9090602,-0.24354395,0.3983197,0.9345913,0.550774,-0.55916834,0.45657182,0.5493635,0.5976458,0.3505326,-0.03606339,0.89175624,0.29057837,0.22791451,-0.12771092,0.092321545,-0.0791006,-0.9647097,1.2101115,0.64484787,-0.19384159,0.062886074,0.8244949,0.9086626,0.42159972,0.65956235,0.28462,0.17373843,0.5941251,0.29668832,0.63544333,0.12967175,1.2938536,0.8550329,0.02592494,0.27614933,-0.24032807,0.3170837,0.18520236,0.98794734,0.8223211,-0.22906098,0.70887893,0.4029703,0.03733739,0.2235874,-0.41896844,0.16116464,0.06918164,-0.096730426,0.26528746,0.010273422,0.49325204,-0.20217505,0.13296676,-0.08615126,0.31757542,-0.049723193,0.5476942,0.7803605,0.05006451,0.7750927,0.45644242,-0.065772496,0.04507506,0.41351467,1.3615086,0.52661836,0.77796876,0.21004197,0.60917103,0.96675086,-0.19027956,0.6346746,0.82512623,0.85044676,1.2160224,0.5900307,-0.20603244,0.11436612,0.4938942,0.30902636,0.47451174,1.0475742,-0.18479504,0.23739217,1.1859999,0.4531692,0.7869186,0.115667984,0.2773685,0.8353184,0.14606275,0.30162227,0.02171518,0.34898534,1.0774349,0.18645011,-0.2664014,0.090885416,0.54154044,0.601008,0.62677217,0.17606944,0.14696273,0.38485962,0.27152374,0.63376147,0.2739867,0.94810224,0.9279374,0.5628611,0.8248152,0.18433365,-0.0473672,0.75740254,0.11840464,0.58420104,0.84919715,-0.051297747,0.47492844,0.4868307,0.6084748,0.63676876,0.6345202,0.2496647,0.6923624,0.51458716,0.85375255,0.45852724,0.3374538,0.61805755,0.3771436,0.54558736,-0.1269114,-0.030320095,0.9338666
-0.7710214,-0.57802695,-0.13125524,-0.03612283,-0.5740596,0.0056941546,0.2722405,-0.000555072,0.30533198,-0.28526902,-0.21585241,0.59523463,0.15472521,-0.37446007,-0.59413505,-0.42804983,-0.83179075,-1.0888581,-0.36620295,-0.5930202,0.06842827,-0.05547721,-0.55524504,-0.123199135,-0.12613426,0.3112762,0.053167894,0.16607621,-0.3044676,-0.25379872,-0.8403502,0.4778946,-0.25839418,-0.64991033,-0.4461497,-0.52918273,-0.34643894,-0.3520531,0.13153829,-0.10115124,-0.122403726,-0.33170122,0.024350379,-0.21710172,0.085203,-0.0021999902,-0.958067,-0.36537993,-0.6238678,-0.45599717,-0.08913178,-0.31401247,-0.46283716,-0.6719417,-0.63723224,0.063747555,-0.12751764,-0.6668253,-0.65414953,-0.21199374,-0.42748123,0.31952667,-1.1717209,-0.5103888,-0.5605635,-0.8203054,0.4407749,-0.10159999,0.2412833,0.52760065,-0.5212958,-0.34677097,-0.23931581,0.61386764,0.099516414,-0.59683335,-0.68308586,-0.03554945,-0.35026023,-0.033041917,0.6219607,-0.5866176,-0.8526327,0.040560067,-0.26010346,-0.5438624,-0.4116241,0.27106816,-0.71669036,0.47284785,-1.0455972,-0.491165,-0.74461174,-0.6700788,0.013574671,-0.5727459,-0.13080543,-0.22853982,0.06976423,0.38795087,-0.17085016,-0.1788529,-1.0333377,0.29556876,-0.567196,-0.7687071,-0.6329229,-0.15815888,0.17243235,0.066701666,-0.7589276,-0.2307138,-0.5424349,0.10758383,-0.26166752,-0.26623484,0.26310495,-0.24412572,-0.56825966,0.32820675,-0.2667762,-0.2986992,-0.6966104,-0.01345449,-0.59569925,0.067211434,0.5805049,-0.23895983,-0.5510186,-0.48906633,0.059655484,-0.3862001,0.2812038,-0.011427624,-0.048656642,-0.1461357,-0.1436177,-0.47250167,-0.6622092,-1.3432882,-0.42710024,-0.3948235,-0.0753279,-0.21258014,-0.023791635,-0.50766695,-0.44283333,0.26014766,-0.50619924,-1.5461317,-0.6091766,-0.44795427,-0.67863035,0.34480557,-0.60981196,-0.37512806,-0.043439925,-0.18389213,-0.6485587,-0.9131647,-0.0354887,-0.06045179,-0.3667909,-0.84426785,-0.8007773,-0.85870427,0.13205643,-0.73589444,0.4889043,-0.44767496,-0.92194694,0.10667731,-0.78399146,-0.8389394,-0.23157384,-1.1135752,-0.4099613,0.10850836,-0.5832326,-0.45506668,-0.49015814,-0.45801586,-0.7756812,-1.214747,-0.09827902,-0.64823556,-1.2886187,-0.23092946,0.11606813,-0.52365667,0.2879139,-0.5201745,0.025245078,-0.23451427,-1.0131693,-0.89194906,-0.11749999,-0.59501535,-0.46997702,-0.9262683
-0.5179389,-0.5423975,-0.54924285,-0.88797003,-1.4090822,-0.15418729,-0.2202583,1.3707477,-0.5091275,-0.16018693,3.042283,-0.76510614,-0.92693835,0.442409,-0.019287512,0.19148839,0.6143895,0.4876365,1.4110351,0.5530281,0.36893335,-0.51132375,0.52137744,-1.5953547,0.09869711,-0.58369946,-0.032634094,0.32381386,1.1060264,-1.0533096,1.3220053,-1.1624603,0.4290177,-0.19291028,-0.24941087,-0.29252145,0.9350458,-1.1301308,-0.8002486,0.14768364,1.0481392,-1.0836834,-0.022127938,-0.45090944,-0.57516897,-0.28727856,-0.6832786,-0.25957045,-1.28423,-1.1468183,-0.50300854,-1.1332741,1.1963971,-0.10053882,0.15688866,0.43850917,1.5911438,-0.17721613,0.2112477,-0.34567115,-0.57634,0.020291185,-0.32827067,-0.5242912,0.6435939,-0.44852334,-0.8845988,-0.49615255,2.176373,-0.9216126,1.0680289,-0.89921385,-1.2403679,0.1216671,-0.85891503,0.7414049,-0.20286399,0.3082461,0.45380437,0.31151462,0.11870688,-0.43978515,0.044606935,-0.6409129,-1.199658,-0.5873273,-0.5238577,-1.4508301,1.9210132,-0.82116485,-0.1654219,0.15789309,-1.1915637,-0.8524467,1.4033971,0.33467448,0.33625335,0.5499237,1.9102567,0.9681247,0.53362083,0.29700243,-0.23898813,-1.9993238,-0.22012305,0.3093241,-0.062466294,1.3146259,-0.97391075,-0.88836974,0.35802296,1.2591745,-0.60433733,-1.2693657,0.6870381,0.62182814,-2.1394448,-1.0291175,1.996148,-1.0149875,0.6923123,-1.3113178,-0.9044089,-1.0091932,-0.22943018,-1.1465694,0.4117415,-0.5266772,0.63007087,-1.6030471,-0.6056403,0.56738424,-0.37205625,-1.4301207,-1.0269974,-1.1663208,1.2815468,0.7944685,0.9653446,-0.050207675,-0.28390914,1.5566845,0.9731023,0.6714034,-1.037095,0.15625364,-0.37508345,-0.11625762,1.8381044,0.94010115,-0.8143961,0.44031155,0.4710582,0.72632396,-0.20044953,-1.3347765,1.8007967,-0.03596667,-0.6935936,-0.27660933,0.13507546,0.75340956,0.3989658,0.076874405,-0.10007645,-0.009017326,1.0867971,1.723117,-0.2750606,0.64620274,-0.31825295,0.7141944,-0.38050768,-0.2678905,0.42531812,-0.39399338,-0.50070506,1.0712975,-0.6153129,0.83850473,0.49328393,-0.796738,0.67293286,1.9144441,0.746669,0.2168222,-0.29321018,-0.75754017,1.0819865,-1.1286865,-0.44946802,0.019482087,1.2214042,0.44751644,0.81290585,-0.12728587,0.29167223,1.9065739,-0.26666743,0.016925633
0.75423557,0.959041,0.618098,0.70038694,0.4634627,0.9301899,-0.0048464537,0.16607484,0.28425226,0.7430036,-0.5093445,0.7270952,0.39643845,0.7983209,1.0421925,-0.12034461,0.83756787,0.80044883,0.7151345,0.9468742,-0.61773944,0.43976006,0.8300407,0.7329058,0.1794423,0.829566,0.9014955,0.35811752,-0.050872702,1.0912577,1.2868919,0.33705884,-0.40148026,0.58984405,1.2597784,0.79507583,0.8391582,0.9279477,1.1113527,0.56565356,0.7796908,-0.04381697,0.9637271,0.88440865,0.42024413,-0.42198992,0.67942727,0.6238293,0.03905822,0.9177902,0.49801773,1.1928825,-0.5970647,0.44726363,0.995327,-0.090829626,0.66781545,0.9012476,0.78769535,-0.10701651,0.9141014,0.5164015,1.1679688,1.1029037,-0.40476966,0.5690633,0.7506738,1.0251577,-0.26683414,0.84786755,0.557038,0.4711757,0.5525807,0.44762254,0.817545,1.0365163,0.8265062,0.93465424,0.59712696,0.010197238,-0.70913124,0.9486533,0.7789087,0.42839876,0.11639209,0.46696445,0.6929812,0.6111619,1.056841,0.5032085,0.04661323,1.0517812,0.52293015,0.7232322,-0.107525304,0.41308442,0.9228487,-0.10297333,-0.35467213,-0.339297,0.25472367,-0.07453664,0.89685535,0.4009838,0.59493923,0.809109,0.6220377,-0.3827876,0.5724936,0.6604817,0.99441016,-0.181767,0.6474356,-0.40924,-0.2205277,0.617473,0.21319674,0.6285914,0.61079764,0.75091755,-0.2765825,1.1694031,0.681499,1.236667,0.98835516,0.44027826,-0.6021905,0.43678144,0.99281895,0.81872624,0.61701316,0.4771545,0.7519843,0.16820648,0.7764694,-0.7622796,0.7669956,0.547925,0.84559804,0.6461516,0.83301115,0.77441496,-0.2076489,-0.21265927,1.0235668,0.7506501,0.68163383,0.8517317,0.8211684,0.7437365,0.6263619,1.1339653,-0.3908592,0.96196526,0.5841687,0.37481925,0.48441768,1.1064254,0.4482374,0.430173,0.16987339,-0.5269905,-0.40152353,0.7261421,0.5684313,0.48497766,0.7253343,-0.12833844,0.8635982,0.7692568,0.33362266,0.4782666,0.45693552,0.91527283,1.2143247,0.92541325,0.64246905,-0.35755104,1.0609916,0.8102594,0.8862544,0.6443242,0.9030354,1.1047474,0.85412824,0.63837945,0.87082404,1.1439238,-0.08668679,0.12114151,0.6231269,1.0008633,0.9393167,1.0784098,0.9739722,0.82755256,-0.28329605,1.2823884,0.81953865,0.4659318
-1.1181562,-0.99121606,-0.3427628,-1.5408106,-1.0676526,-1.4787669,-0.7999889,0.36091378,-1.4188075,-0.69646305,1.1008031,-0.64825815,-0.6021432,-0.62407666,-1.2790312,0.59904546,-1.0404601,-1.7571163,-0.5649259,-0.74950033,0.9145094,-0.32105207,-1.3047678,-1.6101679,-0.029788297,-0.8853705,-0.16417086,-0.71212566,1.1338401,-1.2417767,-0.46735844,-0.29484183,1.0973003,-2.328975,-1.775518,-0.31177893,-0.18774451,-0.9081128,-1.2877642,-1.3157618,-0.389515,-0.32295263,-1.4554244,-1.9826453,-0.78163356,0.61611503,-0.78819317,-0.7602173,-0.3356806,-2.338323,-1.1590596,-1.2236055,1.1379329,-0.36194783,-0.7521876,0.45624143,0.15341951,-2.1655118,-0.63851386,1.4983786,-0.8760977,-0.7718935,-1.1565881,-0.57810086,-0.5553379,-2.2486975,-0.5606868,-0.7886754,0.20410487,-0.89562917,0.308483,-2.0848637,-2.1292233,-0.5241312,-0.5900354,-0.97721916,-0.030650899,-1.795907,-1.0526764,1.5603927,0.14767706,-1.4141536,-1.7777013,-0.39938152,-0.741892,-0.5960288,-0.46086878,-0.22508103,-1.160739,-1.8720223,0.062855676,-0.64093024,-1.5524247,-1.0359352,0.908585,-0.060357463,-0.15388872,0.69996715,0.86473006,0.84434336,-0.5247524,0.9921197,-1.4686221,-0.2201252,-0.5159841,-0.33054203,-1.8470103,0.75048184,-0.51257145,-1.523448,-0.5353124,0.580111,-1.4985726,0.7023956,0.52474093,-1.453004,-1.3617842,-0.97473466,-0.25227666,-0.82330346,0.45137662,-1.3053987,-1.2350522,-1.5323244,-0.57649463,-1.9421878,0.11094713,-0.93784285,-1.3847717,-0.5382243,-1.3190043,-0.80287695,-0.89181435,-0.474012,-1.7756977,1.1825099,-0.60621154,-0.020947743,-1.2473838,-1.3204216,-0.62116885,-0.3811683,-0.4532262,1.3304918,-2.0310578,-0.35646802,-0.30072838,-0.8056323,-1.0941552,-1.6051346,-0.38559306,-0.46151772,0.6157291,-0.42679426,-1.4679737,-1.8627161,-0.5884251,-1.4571658,-2.0120733,-1.4586626,0.24967803,0.57385445,1.4535904,-1.5143467,-1.866681,-2.1651218,-0.61875296,0.31704092,-0.66340554,-0.56232804,-2.4130569,-1.1342721,0.37620455,-1.3056965,-0.7460196,-0.8244584,-1.868709,-0.029998278,-0.75358385,-1.5767391,-1.1602677,-0.93312883,-0.6231186,-0.6886653,-1.3549933,-2.0210104,-1.1774536,-1.8118483,1.4476656,-2.0158691,-1.3146694,-0.58486986,-0.49082938,-0.5962424,-0.5909982,-1.5267653,0.8689046,-0.88848287,-1.7681605,-1.8730874
0.13359587,0.5867535,-0.6966664,0.08533193,0.036692303,-0.3770523,0.21430227,-0.3168935,-0.5194343,-0.4676199,-1.0137975,-0.87716097,0.71816695,0.11622751,-0.8679199,0.27642262,-0.17777161,0.29937154,-0.45351997,0.47551692,-0.477811,0.16004561,-0.007986276,0.48580295,-0.6052258,-0.54804426,0.6105567,-1.5480936,-0.0046968483,-0.8020327,0.23243017,-0.017833516,-0.36831614,0.009669054,-0.57156545,0.5425535,-1.0177588,-0.29106125,-0.6836595,-1.1875972,-1.3592104,-0.6503789,-0.54220784,-0.15696298,0.68589234,0.1516862,0.6183743,-0.21043415,0.6546116,-0.701917,-0.58103514,-0.7341523,-0.40870368,0.70928407,0.46863404,-0.89489704,1.1390617,0.002410268,0.61964613,0.34201244,-0.63091516,-0.16757679,0.43449467,-0.22955616,-0.18976018,0.2101373,-0.86171216,-1.495664,-1.2966723,-1.577284,-0.5330186,0.016577266,-0.12822771,0.14502446,0.53155345,-0.18397868,-0.18119937,-0.04083116,-0.08209938,0.2708682,-1.3625859,0.6088035,0.5896646,0.316227,0.4018497,0.872708,-0.1448495,0.31895256,-0.099347025,-0.79791045,-0.36903954,0.87195987,-0.13750161,0.13064559,-0.5610186,-0.2729773,-0.1365152,-0.08402926,-1.3177363,-0.9357777,-0.3163396,-0.2984693,0.4398204,-0.21432826,0.5653732,0.19816539,-0.785711,-0.6488247,-0.9609087,0.29048902,0.9313611,0.15781759,0.2400928,-0.02229315,0.06440469,-0.8768698,-0.090341866,0.7612717,-0.4662812,-0.5755934,-0.33902985,-0.70862967,0.38645932,-0.53476465,-0.07799812,-0.50372213,-0.9022262,-1.2340325,-0.7044594,-0.5370948,-0.1634926,0.24844053,-0.28830555,-0.62310714,0.75376856,-0.4197572,-0.041809063,0.07218541,0.46255168,0.13076347,0.21682507,0.42621064,-1.0277678,-0.263753,-0.8748958,-0.07964925,-0.62278664,-0.7654129,-0.40277624,0.37627146,-0.2901395,-0.92848593,-0.02621512,-0.68920106,-0.31704935,0.24416552,0.33770534,-0.9889755,0.29821798,0.018791212,-0.43086222,-0.71308506,-0.51971316,-0.48193464,-0.3101344,0.31812918,-1.2714328,-0.59105027,-0.9153567,-0.097322054,-0.02359631,-1.0196733,-0.20644398,0.3079835,-0.97962713,0.14639948,0.2223591,-0.9241538,-0.36564168,-0.72286737,0.5308365,-0.1233412,-0.8710686,0.4047531,-0.94809246,-0.31052497,1.0284657,-0.99936736,-0.45458385,-0.72008926,-1.7316568,-0.77994615,-0.32799754,0.5207006,0.20882806,0.7149863,-0.35088903,-0.307177,-0.31645712,-0.3197279
-0.51578724,-0.67955416,0.9831284,-0.5654807,-0.049211368,-1.032778,-0.77199167,0.2784011,0.23901802,-0.40412664,0.15698056,-0.90555507,-0.58847505,-0.18430682,0.101219095,0.8698561,-0.06995715,-0.8752124,-0.017644592,-1.5206215,1.12835,-0.8215489,-0.6110104,-0.31226608,0.31926638,-0.901013,-1.3654612,-0.24168855,1.3750333,-0.4486494,-0.29754773,-0.3502096,0.700534,0.82056606,-1.347681,0.111632355,0.03867973,-0.30525732,0.10948108,-0.0552498,-0.68536466,0.23380823,-0.8278365,-0.2414715,-0.94830364,0.052673597,-0.5033652,-0.49984464,1.1817876,-0.27004963,-0.502586,-0.72742647,0.6035572,-0.058265977,0.3378389,-0.5736419,-1.3355699,-0.7131175,-0.3661859,-0.47832397,-0.774442,0.8413824,-1.6922854,-0.6886851,-1.054593,-0.5571574,-1.2242783,-1.09632,-1.7232152,-0.21417415,0.2095494,-0.05729129,0.69529027,-1.1519215,-0.85478723,-0.15979795,-1.6499476,-0.51517206,-0.58465207,0.102318324,-0.3928028,-0.028300803,-0.7130813,0.79745317,0.418495,-0.85555494,-0.60280377,-0.76001096,-0.5527927,1.0213207,1.4102527,0.20204823,0.38254446,-0.0719988,0.73927265,0.82878596,-0.43825644,-0.25033122,0.12450841,0.26867366,-0.4699188,0.22993791,-0.13389166,0.26371378,0.36699936,0.82792884,0.13176495,0.061842695,0.20635185,0.58382183,0.16612566,-0.2943502,0.59799165,0.89280546,0.100718,0.14558068,1.230539,-0.5964637,-0.9036745,1.29661,-0.62626547,0.0034141047,-0.7030574,-0.8753791,-0.53705627,-0.27755544,0.82568836,-0.1541731,-0.5506388,-0.17939141,-0.51508313,-0.039206784,-1.4578106,2.149611,-1.1961255,2.2131755,-0.8115993,0.07771808,-1.417937,0.003768865,-0.6987504,-0.32941654,0.07897862,1.7618606,-1.0915408,-0.32233042,-0.056296002,-0.8364591,-0.6086775,-0.18842688,0.19340073,-0.65895814,0.8281686,-0.5788149,-0.1060294,0.50301075,-0.30835295,-1.6988658,0.5712595,0.8492692,-0.0041374676,1.3247284,0.25519663,-0.6295726,-0.09137717,0.19184402,-0.89895034,1.0817343,-0.95942354,-1.1542751,0.32527632,-0.3043556,0.12407971,-1.3320035,-1.1127068,-0.9681718,0.16913557,0.4942776,-0.6715449,0.19462633,0.5740809,-1.4424266,-0.49656385,-1.1641555,-0.64890313,-0.30373716,-0.6479758,-1.1167969,0.65731907,0.9155625,-0.7276183,-0.91028816,-1.4949018,-0.29088423,-0.19625765,0.3876705,0.43737108,-1.0710095,-0.6358795,0.38673997
1.1507016,1.167585,0.35616064,0.871493,1.5652936,0.26099837,0.7518626,-0.3965644,0.4196197,0.70834047,-0.292885,1.0225258,1.00913,-0.16911243,-0.2776013,-0.38183802,-0.14252222,1.0542493,0.2874569,1.056346,-0.52469695,0.26475704,0.86140245,-0.7018663,-0.40371174,0.08215568,0.93856096,-0.5761144,-0.9797678,0.61769664,0.47819215,-0.5899034,-1.0497007,0.2033579,0.5322745,0.9547166,-0.5622752,0.69097626,0.12635647,-0.5868611,0.85078573,1.264304,-0.7967908,0.41040474,1.5921457,-0.40584943,2.0742347,0.6558565,0.027600367,0.52630365,0.5057024,0.36763206,-0.4333107,0.72444785,-0.1334748,-0.42226353,0.82620096,0.79740775,0.6399974,-1.4397771,1.1052728,-0.40319026,1.065338,0.6602932,0.9279212,1.0114739,0.77906525,0.4615963,-0.6393175,-0.18173587,-0.3668294,0.8200895,-0.44898683,0.9305206,0.8794891,-0.10765225,0.75394136,-0.09182347,0.8173221,-0.83615124,-1.2214187,1.341924,1.3312713,0.8474308,0.41805965,1.3717693,1.3415848,0.86375636,0.4033612,-0.25559792,0.45465338,1.3544881,-0.007631175,1.132449,-0.68663317,0.663748,1.1105344,-0.3987985,-0.6921744,-1.10451,1.1074525,-0.28259724,0.68308735,-0.29390007,0.23329404,-0.33878073,-0.0042401124,-0.8701204,0.112403974,-0.5762307,0.47372043,-0.430382,0.24956097,-0.7575121,-0.39762586,-0.98339474,-0.5952478,0.75618166,1.0433185,-1.0676118,-0.5855131,-0.18475904,1.8264763,0.7260216,0.752383,0.98470974,-0.4365334,-0.42289838,0.44656947,1.8911579,0.7496663,0.8170695,0.5251257,0.1972524,1.7505194,-0.3502103,1.0122778,1.0467917,1.2963696,1.5806462,1.0710545,0.45544037,-0.613024,-0.6312813,0.73439336,0.96469605,1.3853484,0.13807686,0.008404281,1.119075,-0.29735807,-0.18326811,-0.25546908,0.46134263,1.3296282,0.5595634,0.4353292,-0.2868408,1.1315042,0.88137585,-0.07060066,-0.7936102,-0.6371362,0.6374148,-0.35914132,0.08139859,0.17449243,-0.4647957,-0.012824155,0.80006623,0.41141692,-0.98579055,0.7487473,2.089891,0.042691074,0.33977434,0.6390949,-0.5929495,0.96939147,-0.753904,0.069330126,2.2547097,-0.5107656,0.67855215,-0.61134756,0.55273813,1.6059468,0.43333873,-0.13227335,0.32598782,0.6970787,1.0549707,0.54451853,1.5824372,0.36551258,0.4854132,-0.37245798,-0.26851636,0.51069546,0.5238533
-0.19081385,0.4602202,0.6638569,-0.39773226,0.5674705,-0.37376955,-0.056044742,0.48207924,-1.3542825,-0.13805982,-0.5207678,-0.6483808,0.6209268,-0.06401255,0.38013676,0.9234178,0.08442984,-0.016021198,0.34433565,0.4943978,-0.0017786399,0.6071806,-0.18750563,-0.50907737,0.4475623,-0.92120075,0.35632372,0.20273134,0.57548356,0.5208404,0.5578318,0.3323002,0.08152856,0.050917234,-0.18731497,1.1291568,0.7435841,0.34351718,0.51276666,-0.019668687,-0.07710324,0.53637636,-0.20386128,-0.5984201,0.41629776,0.09302853,0.22428179,0.5185667,-0.04988155,0.2841422,-0.97316027,-0.047395185,-0.05083262,0.0038620774,1.2585287,-0.5786311,0.41894948,-0.71262413,-0.2716484,0.79268235,-0.13146465,0.11226319,0.067934334,0.8197599,-0.5762453,-0.5887824,-0.0052849874,-0.015772322,-1.1588624,0.1789168,0.29451776,-0.8802652,-0.010684155,-0.30418822,0.81016064,0.6094023,-0.1580522,-0.6025269,-0.52673644,0.9561377,-1.37708,1.1409239,-0.2078363,-0.42870516,-0.50723934,0.95486027,0.5242557,0.6425622,0.23973626,-0.13823345,0.18638183,0.7241737,-0.22970563,0.14141957,0.34414133,0.80521095,0.81012684,0.15299004,0.15904102,-0.15765943,-0.38467792,-0.056437805,0.6594354,1.1217946,-0.525682,1.2958639,-0.6579512,0.14190722,-0.42161033,-0.3226506,0.62977296,0.24445203,-0.6143984,0.09243077,0.2607792,0.041274212,-0.79995775,-0.39343238,-0.6087929,0.930344,0.04554712,0.8131748,-0.21621959,-0.48052436,0.6561082,-1.274411,-0.3682638,-0.9752802,-0.24901173,0.7279925,-0.120756365,0.18576518,-0.33950737,0.639802,1.0443776,-0.4673856,-0.005123717,0.5048204,0.2967912,0.30615526,0.7122421,-0.11616723,-0.32872945,0.7961626,-0.68488586,0.3239474,0.03613336,-0.8439476,-0.1277842,0.7333461,0.5009798,0.7329226,0.45870847,0.104506604,-0.5014163,-0.94661605,0.5889971,-0.09144902,-0.6512882,0.28960994,0.35855624,-0.36620617,0.099240504,-0.66008127,-0.1776143,0.049838353,-0.098591074,0.2911244,0.011366151,-0.2960273,-0.13740191,0.39871174,1.1233103,0.09195049,0.17371051,0.53386724,-0.8443283,-0.60989267,0.62708753,0.06117718,0.7309241,-0.3081608,-0.09873447,0.22707684,0.3826461,-0.39331552,0.35317343,0.24080452,0.19637272,-0.43556574,-0.8066489,0.09359829,0.21644047,0.038226392,0.9686618,0.464327,0.6294825,0.29425877,-0.7560437,-0.11768637
-0.16529858,0.21046448,-0.19323036,0.83225983,0.120925486,0.41120452,1.2326307,-0.2996618,0.45425907,0.3821844,0.38072577,0.49807262,-0.17443903,0.23565172,0.21122293,0.16116546,-0.10827109,-0.6444718,-0.27831694,0.04799386,-0.34863195,0.17088114,0.5502415,0.030807426,-0.50776106,0.4594425,0.30098778,0.5198533,-0.31822878,-0.31276196,-0.086766146,-0.08818565,0.034486994,0.29187456,-0.02527052,-0.52410835,-0.30259573,-0.6047928,0.46508533,-0.5590142,-0.50508124,-0.2184557,-0.17348854,0.36988556,0.15227458,0.09947938,-0.78840643,0.12503864,-0.044662032,0.10689147,0.7090437,0.5105213,0.25742435,-0.42855072,-0.7802247,0.69604486,0.506724,0.16908592,0.042065993,0.4204994,0.34606567,0.067301005,-0.55859756,-0.5196201,0.6082567,0.1122478,0.19714603,0.2137158,1.3753568,0.55905926,0.03185166,-0.10752625,0.043441024,0.5597401,0.75862604,0.17706415,0.3322823,0.02779654,0.21148708,-0.265673,1.0683501,-1.0677161,0.09233731,0.57539564,0.02890496,-0.031851217,-0.34519595,0.05224361,-0.12846316,-0.23438622,-0.66325057,-0.46370953,0.37343162,0.3669455,-0.12812845,-0.67453915,0.33542046,-0.30227947,0.27459702,0.8744448,0.28935283,0.06366589,-0.5202439,0.54245067,0.010824129,-0.78206986,-0.14079817,-0.21746497,0.55060655,-0.07662933,-0.38756222,-0.14521906,-0.49735337,0.052211598,-0.24884786,-0.81698,-0.032420907,0.0725039,0.0699317,-0.30602372,-0.2177032,-0.5540868,-0.44167125,0.744858,-0.49846932,0.07602881,-0.47004497,0.17320514,0.30723396,-0.6129293,0.58275765,0.11649234,0.5872977,-0.71269196,0.16424848,-0.22933194,0.4546405,-0.0900311,-0.109044574,-0.81257415,-0.73072493,0.035688456,-0.45783275,-0.019507922,0.2911793,-0.3268989,-0.38288707,0.74955106,-0.13981983,-0.5446366,0.11619256,-0.12825194,-0.34931856,0.23238096,-0.32912204,0.02853577,0.063795745,0.13438763,-0.16009758,-0.93551815,-0.15078515,0.17617548,0.25538412,-0.31689355,-0.18263122,-0.139382,0.6720235,-0.052885197,0.4216343,0.16191374,-0.18168005,0.40327317,-0.35842168,-0.41141593,0.16205747,0.05711709,-0.0042192545,-0.36327514,0.38810503,-0.4529816,-0.046906523,0.21231972,-0.05767296,-0.3641684,-0.38326147,0.69658786,-0.46234456,0.08602569,-0.3690182,-0.5291173,0.35173848,0.077098414,0.7958782,-0.6481889,0.08051761,0.21301325,-0.052027028,-0.60300976,0.33155847,-0.07879532
0.5320861,-0.19668566,0.38695982,0.05416149,0.2874344,0.13524477,-0.67181975,-0.5785816,0.5825843,0.012073822,0.79503846,-0.15563232,-0.14696725,-0.1964285,0.32356176,0.1079227,0.51909,0.8901828,0.27412942,-0.40268067,0.84863317,-0.40513897,0.57409936,0.68747854,0.6712747,0.21046531,-0.68272126,-0.20617071,0.5853598,-0.19947414,-0.4294937,0.2725562,0.94669,1.1265891,0.38102147,-0.49390277,0.43984354,0.25025058,-0.0046494296,1.0779644,0.09576933,-0.061172277,0.42912984,0.51809347,-0.5241122,0.4187307,-0.15363938,-0.18307732,0.2714199,0.52813673,-0.13941225,-0.35946423,0.44612628,0.66322315,-0.5281305,0.10846248,-0.41746187,0.82183886,0.060385473,-0.19193047,-0.2538633,0.03357821,0.04810216,0.2182451,-0.19895327,1.1571823,-0.10641905,0.14277929,0.38363802,0.17211348,-0.23589411,1.217827,0.85353607,-0.5831369,-0.5444795,-0.3856115,0.12190152,0.6862631,0.22019346,0.0064168805,0.76831406,-0.11727148,0.6548828,-0.41783306,0.88403493,-0.8266482,-0.4740258,-0.14375085,0.74543107,0.55921525,-0.14547728,-0.69795436,0.95419276,0.48915887,0.6093326,0.48116732,-0.8893824,0.46061525,0.59736496,0.58239496,-0.23368493,0.59764034,0.007677566,0.00593278,0.28793374,0.0684507,1.4508758,0.79459894,0.23273571,0.2705484,-0.30710602,0.47485262,0.7110868,0.60721916,0.03709021,0.75967324,0.86514896,-0.14625897,-0.81897503,-0.36489254,0.5818975,-0.27178314,0.6172734,-0.16439055,-0.48452994,0.9569832,1.0103654,1.2260299,0.5861552,0.26036224,-0.05243146,-0.2488501,-0.016850397,0.04015013,-0.5673128,0.49517784,-0.813205,-1.06474,0.25379184,0.56935406,-0.39664084,-0.004412066,0.78445524,0.7147217,0.6099585,-0.6716108,-0.053634215,-0.2932091,0.2774288,0.9053012,0.34658015,0.6047335,0.64642674,-0.11955371,0.3153807,1.3417844,-0.53190094,0.5277252,1.1309851,0.8215988,0.06285258,0.8229146,0.32849398,1.1729162,1.3136755,1.5313789,-0.49931854,0.4888876,-0.25495303,-0.07168207,1.3776908,-0.10019931,-0.49493885,-0.061703756,-0.1818536,0.6811876,0.82375294,1.1001112,-0.025159441,0.7665849,-0.1405624,0.21501866,0.47510558,0.5966175,0.4853618,0.28657642,0.22290926,0.5780372,0.7810127,1.3519653,0.57110053,-0.18526587,-0.4795898,-0.35017624,0.39396128,1.0749687,0.41448367,0.10901824,0.6190989,0.883785
-1.0478306,-0.9544763,1.1736397,0.7496991,0.34601638,-0.76184803,0.52076125,1.7414869,1.5417868,0.2557758,-0.04492917,0.095382825,-0.4959516,0.4221789,0.10286958,-0.70016956,-0.37183374,-0.73226696,-0.3140462,-1.2033117,0.33834526,-0.40935186,-0.2929284,0.78112274,-1.086361,-0.29406485,-1.4308025,0.2043094,-0.06839976,-0.6146872,-0.40330112,-0.7681142,-0.6524233,0.92036325,-0.97534126,-0.28367555,-0.50688815,-0.06219647,1.2963717,-0.049713094,-0.2594962,-0.081537396,-0.6352732,0.26387057,-0.083249286,-0.79300517,-0.2917208,0.9052876,1.8809766,0.06587534,0.919586,-0.319898,-0.01820606,0.47372797,-0.20161802,-0.24239393,-1.7703938,-0.28715134,0.28639084,-1.7115821,-0.38995796,1.9436389,-1.6399963,-1.1002727,-1.0148537,-0.36139905,-0.0016519949,-0.36969027,-1.5459323,0.7013382,0.047898255,0.1299253,1.3285937,0.100667745,-0.88685507,0.52559936,-1.9258407,0.15659125,0.43373555,-0.8326469,0.049518406,-0.24597897,-0.22142738,1.4678742,1.139163,-0.108541526,-0.32633936,-0.7982613,-0.6232063,1.8700603,1.9874346,0.34809396,1.0504807,-0.5527776,-0.53269374,-0.5634448,-0.47323674,-1.5218494,-0.078623295,0.08737953,0.13021487,-1.3383251,0.08751272,1.9367932,0.9416057,0.17694062,-0.077374294,-1.0060369,1.064102,2.0139098,0.21568155,-2.0728445,1.7183155,-0.18961786,-1.1378134,0.42330706,1.9802045,0.49641976,-0.7050423,2.0045092,-1.6644661,0.54118174,-0.69175553,0.011130682,-0.9365369,0.35273328,-0.090693854,0.42352065,-0.04788459,-0.27529293,0.042443845,-0.024286676,-1.0957164,2.8721604,-0.91719925,2.0609393,0.3890874,0.37874237,-1.0877045,-0.07667598,-0.59321725,0.27887124,-0.9346668,0.5286287,-0.29376626,-0.40852132,-0.22798306,-0.018213231,-0.060229562,-0.95095754,0.07110621,-1.5449831,-0.5067706,-0.51581955,0.38350546,1.2090939,0.68165845,-1.1844476,0.8414448,1.4504963,-1.4488883,1.3093063,-1.3023316,-0.2785186,-0.47929472,0.29932296,0.6039406,0.048670873,-1.1004058,-0.84483105,0.6730175,-0.332142,0.034012355,-1.6347603,-1.3031425,-1.5458586,1.1953052,-0.25965086,-0.5806037,0.6101541,0.6415431,-1.8419135,-0.5254994,-2.0667987,-1.177124,0.2806874,-0.15807241,-0.8480387,-1.0440208,1.9552382,-0.23864755,-0.8626472,-1.1626457,0.03301852,-1.1244912,0.097612806,-1.0689671,-1.1020405,0.13157043,0.28134137
-0.67614686,-0.4608713,-0.28820378,-1.1099868,-0.7693854,-0.8007379,-1.2272596,-1.1403564,-1.1656295,-0.8830411,0.40977734,-0.17784104,-0.7465671,-0.9111565,-0.9051832,-0.18921815,-0.89812136,-0.21176484,-0.60709727,-0.3623044,0.7679155,-0.7899873,-0.8693637,-0.4650682,0.92014384,-1.0598575,-0.63530076,0.11911936,-0.07846793,-0.36834008,-0.8957884,-0.41132498,0.7171056,-0.9538902,0.17243156,-0.6040351,-0.26379848,-0.42611015,-1.1308793,-0.27377486,-0.15131293,-0.28664976,-0.47996497,-1.0658767,-0.46769804,0.041367326,-0.52303153,-0.40014395,-1.2794926,-0.65301836,-1.2168268,-0.43420675,-0.18189642,-1.0543175,-0.1347188,0.8036014,-0.5254972,-0.7594658,-1.064511,0.118943006,-0.7379362,-0.69303846,0.31406817,-0.34378025,0.08978653,-0.33985648,-0.6435134,-0.4358869,0.67761636,-0.90891874,-0.81471676,-0.55120206,-0.50116193,-1.0124297,-0.70045,-1.0388243,-0.029075366,-0.6831614,-0.77904373,0.5875186,0.37415612,0.14964801,-0.8858278,-1.3649918,-0.8268855,-0.9520059,-0.50232977,-0.49974376,-0.2849658,-0.64795315,-0.4826873,-0.4775624,-0.71173674,-0.55686724,0.599227,-0.8195638,-1.2101614,1.2713535,0.34331512,0.22467871,-1.0858086,0.5164764,-0.39719546,-0.87207186,-1.1615183,-0.7621809,-0.2216498,1.2420579,-1.3118342,-0.7074837,-1.2286228,1.4236697,-0.5503646,0.20092133,1.3103426,0.33490252,-0.7773297,-1.0562755,-0.68334097,-0.95262057,1.3471053,-0.32558715,-0.4003394,-0.78976583,-0.7460005,-0.6309693,0.7012212,-0.13790093,-1.0601536,-0.51316655,-1.2553536,-1.2101059,-0.6234224,-0.6092498,-0.59571815,-0.26381516,-1.2873433,-1.4244001,-0.9248358,-0.40085733,-0.4524775,-1.2257178,1.4060831,-0.0724177,-0.61772084,-0.8762441,-0.34657952,-0.9527081,-0.4525903,-0.30257705,-0.51377314,0.035127014,0.9883505,-0.15742186,-1.1905644,-0.87610716,-0.9315805,0.26075503,-0.86418104,-0.7279925,0.95178854,0.4821726,0.8591826,-0.13541074,-0.43741566,-0.48133323,-1.4437809,0.44750297,-0.70885473,-0.5427722,-0.24434724,-0.4078436,-0.9080102,0.09718178,-0.6287216,-0.65930516,-1.08314,0.5357067,-0.691176,-0.23737991,-1.2255433,-0.1695496,-0.54882014,0.21806754,-0.113369696,-1.0394241,-0.5404421,-0.11173386,0.48013276,-0.22596398,-0.5989277,-0.9682221,-0.87065583,0.014777269,-0.72767776,-0.63480127,0.9218624,0.3984645,-0.30303666,-0.85692126
-0.255644,0.21115448,-0.021436475,0.31486934,-0.28773063,0.074175104,-0.24857771,-0.37200546,-0.597369,-0.2922383,-0.44337684,0.30439293,-0.17545068,-0.077961706,-0.34136826,0.6020415,-0.046994343,-0.23976949,-0.55254644,0.18139382,0.017999966,-0.13861357,-0.28237197,0.10870393,0.035887267,-0.14380008,0.31144,0.18928531,-0.49066275,-0.37167278,0.17121829,0.0619421,0.1756331,-0.3118041,0.42306563,-0.18628566,-0.54664934,-0.56877166,-0.10654205,-0.5941697,-0.5806298,-0.4657849,0.108138904,0.02683571,0.558223,0.19379623,-0.51872545,0.07878491,-0.6323238,0.03726372,-0.100731224,0.46147788,-0.15076478,-0.48341274,0.29062942,0.68395776,0.32080525,-0.11606271,-0.30818367,0.54759145,-0.042759478,-0.08537199,0.35547572,-0.3743162,0.02153382,-0.042326644,0.04152242,-0.27989072,0.42558733,-0.10031459,-0.34624457,-0.33618858,-0.16434053,0.36678874,0.5196562,-0.12622307,-0.1534535,0.032807607,-0.26484117,-0.012310526,0.2328895,0.31161916,-0.12658796,-0.41548255,-0.7166888,-0.11331386,-0.45579216,0.092779815,0.13747516,-0.049092624,-0.62458855,0.41831714,-0.2984176,-0.3486097,-0.011631619,-0.84622496,-0.3126575,0.4476319,-0.084170505,0.29359093,-0.39196163,0.12091565,-0.2166768,0.19462584,-0.6459881,-0.5434802,-0.3693143,0.4828552,-0.37041974,0.049099468,-0.10399573,0.20410326,-0.44445473,0.5249306,0.34952816,-0.48995215,-0.44728377,-0.16878761,-0.31895867,-0.18055284,0.35212058,-0.26580524,-0.4273841,0.1904049,-0.30163655,-0.28792995,-0.31253892,-0.64498854,-0.48690006,-0.96423274,-0.21993984,-0.36470687,0.06688825,-0.5176144,0.52151096,-0.8976891,0.2739283,-0.3110329,-0.4799157,-0.54563975,-0.34774667,-0.5765343,0.25727645,-0.20564315,0.096643485,-0.5713606,-0.27072763,0.1795757,-0.28922445,-0.16079573,-0.7438741,-0.29244006,0.1456716,0.2417939,-0.48469695,-0.55308056,-0.2031584,0.30274072,-0.46783158,-0.60407466,0.64304036,-0.6906792,-0.12744808,-0.52307665,-0.20504534,-0.40645134,-0.20292081,0.033038497,0.18109432,-0.661959,-0.39298627,0.09475348,-0.696826,0.33219415,-0.1273,-0.26324123,-0.46348763,-0.105104595,-0.018131904,-0.47990108,0.02095717,-0.10623123,-0.37709326,-0.034797847,-0.281795,-0.042524405,-0.27503368,-0.2158283,0.112882294,-0.6821804,-0.37508297,-0.34954023,0.35819346,-0.14472592,-0.10203588,-0.0107191885,0.4550928,0.21893914,-0.033355653,-0.62836903
1.112162,1.3473636,0.25819516,0.99162716,1.3549521,1.0731406,1.0017575,0.14673308,0.7209101,1.5615104,-0.68616116,1.1630554,1.4973333,0.2853022,0.5577017,-0.5054653,-0.2531489,1.1818063,0.8191042,1.6895862,-1.2284443,1.1126832,0.94521827,-0.25786677,-0.46146518,0.7571411,1.6609048,0.3522236,-1.1533997,1.2470697,1.0686642,0.5074182,-0.9807567,0.24700072,0.9577012,1.3462638,0.0933232,1.0391468,0.78436613,-0.088850126,1.3748995,1.0872226,0.1951857,0.97213256,1.2856429,0.1402812,1.7348324,1.1352262,0.30435866,0.86478895,0.9280957,1.0874745,-0.44073755,0.96923435,0.13718198,-0.79996616,1.528167,1.1395913,0.8525662,-0.83363366,1.4169796,0.3415279,1.3921058,1.0390049,1.1191154,0.9850837,0.8863586,1.3678015,-0.743515,0.37999606,0.6201025,0.7705117,-0.398358,1.3389673,1.6715679,0.71133125,1.1272341,0.24039869,1.0532997,-0.88443935,-1.1432202,0.95811605,1.3378227,1.0244696,0.31780815,1.553616,1.220437,1.0486435,0.54550844,-0.12558119,0.23266502,1.155311,0.1795602,1.8399558,-0.75736684,0.8637421,1.7902242,-0.5760384,-0.704903,-1.162597,1.6567962,-0.60956293,0.8953264,0.36153576,0.66897786,0.36340228,0.25940523,-1.105864,0.7497584,-0.5129984,0.68442404,-0.30800903,0.29257023,-0.87749505,-0.5708514,-0.4170142,-0.45791075,0.88357216,1.5537373,-0.38718525,-1.0225127,0.3685999,1.8332512,1.4455395,1.5309802,0.7877901,-0.9217813,0.2097127,1.0819947,1.8416362,1.4446962,0.9867548,0.9050232,0.31962544,1.7376914,-0.46614203,1.513155,1.4673479,1.388279,1.2589594,1.563729,0.8742167,-0.6863978,-0.9913186,0.9433235,1.3458402,1.0035039,0.9537453,0.43101788,1.0508322,0.001996398,0.5740481,-0.6902119,0.771326,1.4960551,0.33614472,0.76493555,-0.04411078,0.7762902,0.42164466,-0.19413625,-0.9610841,-0.7589499,0.89459026,-0.0023436584,0.12263226,1.0021329,-0.5608578,0.7759892,0.9427029,0.19937912,-0.005488025,1.2015666,2.0045948,0.9534316,0.9163582,0.7044784,-1.2815562,1.3871017,-0.28617007,0.5415006,2.2843258,0.5828497,0.90890205,0.3970159,0.8095858,1.2657079,1.1039772,-0.51170456,0.23546478,0.9022065,1.4429164,1.3429235,1.2117281,1.1939324,0.84502304,-0.54414606,0.13285498,1.262154,0.6398763
-0.646042,-0.23331721,-0.24941665,-0.5452458,-0.6973395,-0.7835801,-0.23475663,0.058509238,-0.82571214,-0.7376557,0.5465979,-0.7564104,-0.73014545,-0.475912,-0.15336654,0.45950258,-0.5879731,-1.4317728,-0.42490932,-0.68500763,1.2167792,-0.4312019,-0.82020277,-1.0609612,0.305639,-0.44160673,-0.81057924,-0.20861563,1.2939728,-0.44480124,-0.14635468,-0.6430224,1.1724676,-0.97490656,-0.7000708,-0.58039814,0.10101259,-0.5069889,-0.19767678,-0.4337542,-0.41800618,-0.1045264,-0.5664144,-0.8151874,-0.541895,0.5228304,-1.1024852,-0.46176,-0.6265029,-0.35349166,-0.40726525,-0.35894948,1.0475422,-1.1068338,-0.6048673,1.0307503,-0.4992293,-1.2858341,-0.96318823,1.7287121,-0.4078111,0.25771552,-0.6916181,-0.38377586,0.1370712,-1.2827842,-0.09606931,0.0822332,0.54476,0.04723929,-0.16096927,-1.2566098,-1.1427748,-0.6102153,-0.5358427,-0.5533055,-0.3707013,-0.77193516,-0.8591483,1.5742853,1.1415925,-1.0372212,-1.287819,-0.5935495,-1.4897475,-0.85977066,-0.5738558,-0.8970666,-0.46715528,-0.58274853,-0.57279897,-1.4048041,-0.9171809,-1.0180645,0.8728548,-0.20483653,-0.2837152,0.9742895,1.4019307,1.319453,-0.68932414,1.3763134,-0.7736206,-0.5774847,-1.0809623,-0.56888354,-0.8168422,0.94555223,-0.4709171,-1.2314165,-1.0917945,0.7621021,-1.4194751,0.8740188,1.5403364,-0.49131036,-0.8406048,-1.0309467,-0.52485645,-0.0798614,1.2487972,-0.36405343,-1.0259715,-0.23264802,-0.6568748,-1.141965,0.794015,-0.44293386,-0.51643986,0.31998748,-0.97103345,-0.6261869,-0.23939261,-0.21089502,-0.46677306,0.96051204,-0.38237497,-0.44907853,-0.8860037,-1.2024752,-0.49382097,-0.9976677,-0.08554154,1.2179421,-0.5873314,-0.67323923,-0.49777877,-0.603439,-0.79191744,-1.3127959,0.111772284,-0.015672486,0.87795377,-0.4869438,-1.05241,-1.1952316,-0.7841879,-0.1722745,-1.0107956,-0.8395228,1.0283419,0.63714457,1.9035434,-0.622471,-0.68804383,-1.149272,-0.0176759,0.5776843,-0.31881267,-0.5420544,-1.1508474,-0.061959878,0.22220412,-0.5800421,-0.034898393,-0.5421544,-1.2217122,0.9390524,-0.16242927,-0.709343,-0.7437903,-0.40126517,-0.22979671,-0.53045475,-0.36246625,-0.65788674,-1.2704481,-0.32063124,0.6678799,-1.1399258,-0.05133692,-0.27237913,-0.22676897,-0.9464069,-0.2644581,-1.1795989,1.1468148,-0.8819269,-1.0161824,-1.0357498
0.13271913,-0.014594298,-0.38894683,-0.9026435,-1.1686094,-1.5591929,-1.4042591,-0.90382594,-1.135105,-1.0900941,0.7943817,-1.0734451,-1.1493292,-0.9696633,-1.6610196,1.1024187,-0.49431783,0.26538926,-0.5641914,-0.5025136,0.77861917,-1.4691379,-1.0505068,-0.34770492,1.9146228,-1.9255899,-0.91972655,0.107797846,0.8584333,-1.6745352,-1.0218322,-0.8979092,1.4436721,-0.12617338,-0.67968214,-1.1690277,-0.72581077,-0.88832456,-1.5063356,-0.5023664,-0.6759578,-0.7531533,-1.1239243,-1.1752107,-0.6004571,0.42723206,-0.20713143,-0.097638145,-0.88153565,-0.38786393,-1.8204477,-0.93489504,0.26797837,-0.79981565,0.115662165,0.78286725,-0.47938785,-0.701436,-1.677163,0.66804564,-1.4085841,-0.40805098,-0.5877477,-1.8919579,0.86422366,-0.26860425,-1.6456273,-2.2630537,0.8307979,-2.2480414,-1.2423679,-0.6852512,0.018042065,-0.60286754,-1.4798062,-1.651343,-1.3002272,-0.9364778,-1.5215826,0.40775266,0.93759674,0.15657727,-0.7758066,-1.9916726,-1.0444845,-1.2292111,-0.83853126,-1.035507,-0.56907964,-0.13750798,0.089601964,-0.9695849,-0.32597813,-0.5075599,1.6237252,-0.34245503,-1.4872696,0.911565,1.0630734,0.95882905,-1.3198274,0.49458987,-0.47759742,-0.30145967,-1.3713989,-0.61460143,-0.033430405,1.9119635,-2.103708,-1.0958167,-1.3179876,1.4068519,-0.54704976,0.66862667,1.6714665,0.104638085,-0.6262458,-1.3328449,-1.112095,-1.2716671,1.4760745,-1.3307142,-0.65726733,-2.318702,-1.3503207,-0.74301547,1.4578733,-1.0309848,-1.5598869,-1.5523567,-1.6385725,-0.4445896,-0.45510104,-0.28518525,-1.0838292,-0.2184261,-1.1133428,-1.5263886,-0.8834555,-0.104820065,-0.72740966,-1.4554249,1.5172511,0.8085821,-1.5792576,-1.8858106,-0.30640244,-2.2218497,-0.75816697,0.19035703,-1.526373,-0.84888476,1.4158038,-0.44478843,-1.3087486,-0.6098642,-0.766424,-0.7212971,-0.56551063,-0.6044578,1.4850316,0.28054488,1.1739197,-0.17391883,-0.3817044,0.34805855,-2.327303,1.286741,-2.1195118,-1.3127629,0.31068632,-0.6486662,-1.4645457,-0.1571559,-1.649408,-0.8202636,-0.5825153,1.416799,-1.586291,-0.1408415,-0.8659412,-0.7754654,-1.8765978,0.28776366,-0.6914805,-0.40306413,-0.7269058,-1.410207,0.48470768,0.22901376,-1.2169907,-1.1729515,-0.7280972,-0.19182843,-0.90750986,-0.2459978,1.358572,-0.19949067,-1.2870895,-0.20939282
-0.013242945,-0.40133083,0.100576974,-0.21956539,-0.7778842,-1.3422711,0.8650689,0.26836658,-0.63860446,-0.72224075,1.1363987,-1.4882796,-1.284401,-0.7354922,-0.44021994,1.3326148,0.52762026,-1.2468051,-0.860851,-1.3589783,0.3865129,-0.64669603,-0.6920157,-1.0670995,-0.06475516,-1.1103855,-1.2354664,-0.54457283,0.77275753,-1.4472585,-0.35644537,-1.1260517,0.5407327,0.42245364,-1.844924,-1.1528662,-0.57792664,-1.7007113,-0.7108511,-1.3958284,-0.9748443,-0.98810405,-1.15134,-0.28283098,-0.22627176,0.79379994,-0.9172181,-0.810859,0.30513024,-0.5655215,0.06796961,-0.8794824,1.7771906,-0.7792133,-1.3974603,0.50069463,-0.73425406,-0.75241584,-0.8796045,0.8970625,-0.2734141,-0.40139973,-1.8130676,-1.8054045,0.38917124,-0.76101995,-1.5925069,-1.4316655,0.27683023,-1.0389391,-0.06382222,-0.79999703,-1.1619858,-1.0421432,-1.3242137,-0.54612935,-1.4461162,-0.99113345,-0.82662565,0.6843927,0.7093039,-1.3107655,-0.46526253,0.0038884166,-0.8314507,-0.5519224,-0.7938345,-2.0038593,-0.893848,-0.18031292,0.49600738,-1.086147,-0.00013780594,-0.9953877,0.4152576,-0.09516154,-0.20506272,-0.17508157,0.5212674,1.1207781,-0.2740199,0.8260383,-0.94570506,-0.79862523,-0.76036775,-0.17065573,-0.7319429,-0.27214664,-0.48132357,-1.4826112,-0.66761243,-0.6163537,-0.80893123,1.1955676,0.36278126,-1.2725201,-0.24172151,-0.28037626,0.52353173,-0.8964996,-0.05967231,-1.0108739,-0.8632107,-1.4617268,-0.795413,-1.0247673,0.31310067,-1.1245426,-0.32752395,-0.7281988,-0.25585675,0.51970947,-1.1644057,0.073102914,-0.7992298,1.2935679,1.0703229,0.5308482,-0.8728135,0.19858646,-1.0613892,-0.5480579,-0.57597345,0.8998055,-1.0031861,-0.9620157,-0.105990544,-1.2721678,-1.0057461,-0.33936152,-0.42633882,-1.3386889,0.1494012,-1.510838,0.08097183,-0.20537825,-0.16132775,-2.4302154,-0.13138025,-0.24283959,0.13339911,0.36970255,0.44494548,-0.5522064,-0.14892645,-0.40959078,0.09529689,0.80240977,-1.4831723,-0.8456137,-0.3413144,-0.78662986,-0.05686473,-0.96405244,-0.7909295,-0.3614766,-0.49689943,0.7715984,-0.57688624,-0.97362596,-0.04903792,-1.233349,-1.1188347,-1.6363832,-1.0836962,0.24379686,-0.24258412,-1.6391001,0.47410527,-0.88451505,-0.6268724,-0.16132163,-0.74149156,-0.6597332,-0.49784693,-0.37767085,0.6590156,-2.278692,-1.3519067,-0.08415205
1.3565221,1.7623403,1.1322939,0.82016146,0.6712181,0.88793516,-0.19330944,1.0025553,-0.2170467,0.9223609,-0.605636,0.71963304,0.45399022,-0.25984257,0.8858697,-0.19875216,0.67245287,1.0663813,0.3730791,1.240061,-0.6219307,-0.23170061,0.70151526,0.7971862,0.14230564,0.37090778,0.4577399,-0.11191795,-0.54798955,1.5700896,1.4429903,1.4156103e-05,-0.7318518,0.31508023,1.0928361,0.8250752,0.22931957,0.93780065,1.2284864,0.21884497,1.4719819,1.4074851,0.68479496,0.90046173,2.17131,-0.28720453,1.4426788,1.1449131,-0.27925903,1.5381104,0.4463371,1.0426205,-1.0317388,0.19341314,1.3195342,-0.32773697,0.39755386,0.69532514,0.4543599,-0.4759477,0.952661,0.69432575,1.224095,0.95937085,-0.6077588,0.8013488,1.2256494,1.0506014,-0.4584113,0.5922492,0.41335905,0.7367211,0.7532597,0.5419091,1.2370052,0.69416785,0.13029152,0.60995513,-0.072587624,0.34225327,-1.2061483,2.2869098,1.01177,-0.06769729,-0.15555738,1.161694,1.0397166,0.87285244,1.5125766,0.57365096,0.32640845,1.1934854,0.6430813,0.5433568,-0.37827897,0.3257894,1.1440032,0.090096965,-0.018819792,-0.6254658,0.67557156,-0.102138355,1.635688,0.4126228,-0.22708103,0.7241787,0.26513493,-0.4521792,0.07439381,0.43492937,0.3935163,-0.24560903,-0.13903947,-0.0842175,-0.25599837,0.9630965,-0.11533478,0.934708,0.4114092,0.69685817,-0.12582691,1.5881296,0.98792326,0.7572262,0.7089515,0.3966102,-0.66337717,0.48610997,0.9848652,1.7182751,0.52758557,0.667623,-0.11446262,0.4637292,1.4862313,-1.3781368,1.1563429,1.1324805,1.3549215,1.3521788,1.4699235,0.06726314,-0.1663843,-0.6387803,1.0922085,0.40428823,1.875838,0.2836575,0.6013014,1.265009,-0.106031,1.0262288,-0.21997723,0.76722324,0.9933743,0.1801972,-0.04446596,0.7021564,0.4209815,1.4270478,0.1414094,-1.3168339,-0.56033295,0.9232093,0.5783515,0.7262878,0.58420724,-0.31929487,0.49182767,-0.22452573,1.1154318,0.22973378,0.9540138,1.6537993,1.3646921,1.2084932,0.639668,-0.5394769,1.3462806,0.5846738,0.72697365,0.75644857,0.7295487,0.7674921,0.33409485,0.74224365,1.4408509,1.0761727,-0.31878218,0.49119875,0.8644199,1.1380804,0.4920986,1.9007812,0.6244565,0.34990767,0.3549453,0.78007054,0.72677445,0.7365777
0.012815654,0.27757806,0.069205984,-0.27017993,-0.44581124,-0.7513634,-0.8364133,-0.6272306,-0.46607563,-0.6462951,0.3307429,-0.56435525,-0.5696395,-0.5295291,-0.6095064,0.6955013,-0.3361054,0.09473052,-0.21178555,-0.39757663,0.48158056,-0.9714351,-0.45428628,0.0042363275,0.87547636,-0.81111,-0.68683326,-0.4630323,0.22260946,-0.5976565,-0.5208134,-0.81448895,0.44381472,0.31200737,-0.4626676,-0.60140663,-0.022865925,-0.2712912,-0.4655432,-0.20736067,-0.46113753,-0.43821782,-0.27949977,-0.28519773,-0.097820625,-0.011242917,-0.42722344,-0.14552854,-0.23800191,0.05064717,-0.88674986,-0.38855267,-0.13566363,-0.0008085016,0.011512672,0.27390158,-0.66935825,-0.3316461,-0.79101956,-0.17740056,-0.8589695,0.0019142237,-0.39683563,-0.6887727,0.03143326,-0.23225959,-0.6728475,-1.0401461,0.043996826,-0.5643649,-0.730316,-0.13831376,0.14430481,-0.3446875,-0.8472033,-0.6827493,-0.61470616,-0.36205927,-0.9331291,0.096659705,0.3006225,0.34578544,-0.20981273,-0.9302603,-0.28661096,-0.9036371,-0.4691129,-0.6198005,-0.22889367,0.52329385,-0.35134965,-0.38660184,0.21442804,-0.31562448,0.5300107,0.12423761,-0.9669451,0.32876572,0.44660208,0.4735208,-1.0231723,0.23398122,-0.10409435,0.24405466,-0.629653,-0.08413954,0.011547575,1.0114447,-0.6664241,-0.45812076,-0.5152518,0.719634,-0.31216496,0.64544904,0.82892174,0.009034557,0.009241693,-0.45878854,-1.0554723,-0.20424107,0.729621,-0.5352181,-0.43807232,-1.0671601,-0.8550302,-0.20820196,0.6792344,-0.38237488,-0.62521374,-0.57932943,-0.6981988,-0.03042778,-0.14964241,0.32280347,-0.37064275,-0.08506659,-0.5888988,-0.9708079,-0.36430034,0.10443894,-0.50491834,-0.622968,0.6467172,0.39176205,-0.5051383,-1.1484647,-0.23498422,-1.2703297,-0.53375673,0.36808932,-0.2719226,-0.16061184,0.4548659,-0.0049866736,-0.7362891,0.0074449237,-0.4879372,-0.10010184,-0.13816822,-0.18818559,0.6140751,0.095508605,0.22134107,-0.07861766,-0.09763783,0.24660212,-1.193455,0.4976744,-1.0819316,-1.0356809,0.2712627,-0.31430185,-0.75167346,-0.21101895,-0.79352546,-0.33968657,-0.1296738,0.57804936,-0.7017138,-0.047981232,-0.26816317,-0.48589143,-0.9565834,-0.0005800128,-0.32599783,0.102463886,-0.33733535,-0.57976806,-0.4404753,0.3571292,-0.5680159,-0.4847286,-0.22630516,-0.098408476,-0.3316317,-0.03665592,0.6286206,-0.10607378,-0.7511781,0.09581522
-0.7042818,-0.14887778,-0.10873129,0.06427759,-0.34962875,-0.014215799,0.11709587,-0.24504766,0.12762967,-0.38975173,-0.43892035,0.869921,0.097020276,-0.34806105,-0.5494524,-0.12833124,-0.70578337,-1.1050235,-0.4565042,-0.5398673,-0.08358655,-0.15737852,-0.58223957,-0.1634394,-0.21081796,0.38433984,0.06813712,-0.10190806,-0.52613837,-0.11711538,-0.60084003,0.25189066,0.088078074,-0.7489601,-0.17968562,-0.5637494,-0.3862141,-0.32915148,0.13767093,-0.21196066,-0.23272935,-0.41403776,-0.043020766,-0.1181916,0.20554674,0.15228407,-0.8860026,-0.53426015,-0.6722822,-0.47833598,0.11050309,0.08441737,-0.40327728,-0.679716,-0.68665147,0.19496126,0.016919803,-0.668312,-0.41187143,0.2633281,0.053491853,0.1464329,-0.5811923,-0.28626713,-0.5624091,-0.7820754,0.6614015,-0.1215315,0.2840931,0.68267053,-0.58806014,-0.5890851,-0.33230466,0.75043833,0.23731102,-0.47751665,-0.30029318,-0.08674703,-0.499571,-0.20125696,0.49325082,-0.6250554,-0.592085,0.091432855,-0.5612087,-0.43450752,-0.26525277,0.09201558,-0.69656974,0.07478888,-1.068483,-0.33722767,-0.67995954,-0.7620318,-0.065490544,-0.66196346,-0.15728405,-0.03046612,-0.11353545,0.067115515,-0.19611052,-0.25700217,-1.071431,0.29129875,-0.5165769,-0.704187,-0.7608323,-0.10505855,0.17671038,-0.12517163,-0.572884,-0.3273847,-0.76315826,0.06337449,-0.24259536,-0.4890734,0.07329987,-0.036095094,-0.20466496,0.33581766,-0.19340174,-0.06597292,-0.62537634,0.28735873,-0.47533283,-0.038183574,0.3558551,-0.36620757,-0.5139161,-0.5254058,0.16088353,-0.36072278,0.3619211,-0.3377263,0.06510305,-0.11876873,-0.07366644,-0.21228142,-0.71135837,-1.2477508,-0.62599206,-0.36160108,-0.15327609,-0.38436046,0.13588274,-0.52798766,-0.49781698,0.45725247,-0.6531708,-1.366107,-0.35023206,-0.38529357,-0.6811419,0.5153526,-0.5981658,-0.5753306,-0.30593076,0.10632467,-0.85679036,-1.109941,0.1358655,-0.16409326,-0.52104336,-0.93854654,-0.8916624,-1.1354939,0.24982867,-0.6473985,0.42666164,-0.7145213,-1.0191704,-0.12380575,-0.9687416,-0.37869018,-0.04266828,-0.90461355,-0.4917595,0.048277885,-0.27338657,-0.70771736,-0.5584924,-0.38013372,-0.67320347,-1.0458013,-0.30563182,-0.6807891,-1.0138942,-0.06722028,-0.24745837,-0.8902194,0.25006834,-0.33484074,0.12280356,-0.26332775,-0.91307765,-0.8236743,-0.040499996,-0.27073285,-0.13594437,-1.0891405
0.0062757023,-0.14871213,0.3266192,0.8162964,0.6269829,0.16907884,0.2757601,-0.9460164,0.76923186,-0.041267242,0.5984314,0.22513452,-0.35674784,0.17491049,-0.6392887,0.825451,-0.5672749,0.21857053,-0.54731804,-0.53199756,-0.064177595,-0.966373,0.077111974,0.5758748,0.057567272,0.11355015,-0.31711513,-0.37758005,-0.21753548,-1.0279084,-0.41643733,-1.1668786,0.26676226,0.53447384,-0.3584036,-0.8578622,-0.8308294,-0.8628216,0.21734092,-0.5375425,-1.2709472,-0.5229429,-0.29546857,0.5105887,0.378947,0.42592642,-0.7434656,0.52178514,0.81186837,0.27749592,0.25995773,0.27962965,1.1372379,0.73158544,-0.51877046,0.66593814,-0.48927203,0.77380043,0.37342,-0.7904702,-0.21302451,-0.06155242,-0.22471996,-1.0573626,0.04666606,0.44687694,-0.31882375,-0.85480726,0.8812665,-0.23111862,-1.180754,0.6270176,0.7584681,-0.18905197,-0.26160648,-0.3680276,-0.1647102,0.0066125235,-0.28461453,-0.36371055,1.2277931,-0.13450392,0.84080434,0.8191608,0.49902958,-0.2417155,-0.36783686,-0.71697956,-0.6811755,-0.11786017,-0.30768085,-0.32535774,0.8020202,0.50884616,-0.35092768,-0.55322456,-1.0744748,-0.71493614,-0.13727213,0.7967995,-0.7700743,0.20632805,-0.8893453,0.50365883,0.021112815,-0.52577174,-0.3718391,0.11352205,0.29450548,0.53687924,0.33853635,-0.49297774,0.47446215,0.8251445,-0.56516427,-1.3568263,0.87424874,0.81103575,-0.91112363,-0.6943908,-0.38564134,-1.2108504,-0.22986224,-0.18087694,-0.6637242,0.34195948,0.5234953,0.20839055,-0.34243628,-0.6508677,-0.020170774,-0.053645376,-0.48358727,-0.5739376,0.06537406,0.14135781,0.055623222,-1.1295531,0.02784773,-0.33189452,-1.1278853,0.41996735,-0.18283133,0.3201039,0.12064376,-1.0549225,-0.72171956,-0.04893524,-0.7691785,-0.2253075,-0.24855053,-1.0490197,-0.054361865,-0.094566606,-0.4276805,0.97188556,-0.12542038,-0.3344978,0.60058653,-0.28572828,0.006236065,0.972731,-0.445788,-0.31931993,-0.17335817,0.41585597,-0.36869186,0.44820923,-0.91289675,-0.29039052,0.11055242,-0.9786465,-1.4766794,-0.32147175,-1.2203351,-0.2734648,0.49000967,0.67840075,0.002094604,-0.31184176,0.03578767,-0.06940721,-1.3383498,-0.7262364,-0.9738564,0.7041321,0.06592245,-0.37067634,0.21653652,0.20726776,-0.8795362,-0.5781967,-0.37676963,0.087241635,-0.5776673,0.13026069,-0.18903227,-0.70150983,-0.16369109,0.32554004
-0.5160367,-0.6847154,0.07360802,-0.16279738,-0.5862771,-0.13805994,0.24602751,0.96757287,-1.1685339,0.42080128,0.7996506,-0.8547495,-0.13114187,0.6060679,0.40961817,0.5565361,-0.16965441,0.01786458,0.49422398,0.581413,0.6756004,0.35197735,-0.07859428,-0.53950673,0.33735803,-0.7178614,0.27327484,1.8389366,1.2380347,-0.79953897,0.4688306,0.02088146,0.53553694,-0.24025199,0.26862845,0.05383473,0.29522064,-0.97118133,-0.21542096,0.1643762,-0.18158767,-0.3857978,0.20339374,-0.7775188,-0.20895475,0.49692902,-0.26266384,0.95000565,-0.7244108,-0.19607379,-0.72671664,-0.14059095,0.25790912,-0.4248447,0.53240496,0.71586365,1.1548986,-0.27366182,-0.70969975,-0.065752745,-0.53453285,0.2735405,-0.36290652,-0.52362347,1.0970533,-0.3290719,-0.54592276,-0.17940675,0.9167739,-0.17302462,0.96185845,-1.095089,-0.14598137,0.3138268,0.43372738,1.0613208,-0.23427597,-0.35302615,0.16141781,0.8784109,0.6644643,0.039324943,-0.1745282,-0.6459019,-0.8873255,0.08927732,-0.77155405,0.5101909,0.6917652,-0.41248763,0.436912,0.13832006,-0.4011363,-0.0017612576,0.97279936,-0.30706993,0.5444954,0.20874552,1.0750507,1.4487894,-0.1609844,0.67152745,-0.1274039,-0.5142282,-0.66835785,0.25967786,0.05995541,1.3037328,-0.39166754,-0.44199944,0.05740886,1.2111686,-0.8340538,0.40506637,1.0495368,-0.075822555,-1.267122,-1.6076592,-0.07158944,-0.28176793,0.5607644,-0.2645048,-0.7508347,-0.45992792,-0.046306502,-1.1776807,0.35476857,-1.0657338,-0.19929646,-1.0535955,-0.89068323,-0.26083502,0.3728843,-0.010125777,0.67001444,-0.49806625,0.055140328,-0.045220215,-0.050251685,-0.4128935,-0.011495672,-0.20267926,0.7176185,1.2865138,-0.8346556,-0.090419546,0.56325346,-0.52077585,0.3187449,0.5242392,-0.3271517,0.28064415,1.0434023,0.11822375,-0.8936714,-0.8713326,1.0107267,0.13681,-0.81867415,-0.90191036,0.8420409,0.07205242,1.6100545,-0.53294617,0.20869812,0.09262409,0.32628793,1.1643921,-0.03313852,0.41573963,-0.5155147,1.1962849,0.6512325,-0.31430468,0.4342787,-0.21234319,-1.0475923,0.76334435,-0.0884989,0.49609095,1.0734054,0.13743725,0.63162524,1.1224328,0.94964427,-0.19193897,-0.32345113,-0.2241517,1.1505574,-0.6284797,-0.7782812,-0.9264325,1.1409556,-0.7799822,1.632865,0.68606424,0.8959401,0.5230891,-0.15622246,-0.34553373
0.5771426,0.04488195,-0.7292337,-0.42476022,0.28846097,-0.65835786,-1.428131,-1.0947841,-0.7389585,-1.0450565,0.8331223,-0.15532105,-0.6776033,-1.1935754,-1.6498156,0.9376207,-0.34562525,1.3972628,0.0461692,0.27266362,0.5775278,-0.83469194,-0.40593618,-0.12686504,0.7817302,-1.5545925,-0.21155101,-1.2537637,-0.8865827,-0.52021027,-0.6252673,-1.7597944,-0.20853518,-0.13427037,-0.18293962,-0.3316628,-0.8267514,-0.07009707,-1.3083144,-0.533444,-0.24373761,-0.59022117,-0.9772248,-0.6258552,0.48335233,-0.5153549,1.7775599,0.81332654,-1.0043491,-0.35948735,-0.69393027,-0.84932697,-0.11343168,-0.34321827,-0.019508597,0.52089685,-0.78897345,0.41225222,-0.5341119,-1.2654972,0.23724048,-1.0321174,0.16064067,-0.5890542,0.92391956,0.9207305,-0.7055164,-1.7008554,0.10908745,-1.9146186,-1.0869678,0.13105364,0.11925594,-0.5212505,-0.5793255,-0.9059596,-0.04665879,-0.60570204,-0.30916208,-0.35604164,-0.5931219,1.6166177,0.8353863,-0.76157403,-0.16688018,-0.14095241,0.8319333,-0.55474526,-0.024054764,-0.514912,0.1990464,1.1786276,-0.25812,0.07698417,0.42569262,0.49851796,-1.3373845,0.4086946,-0.19699109,-0.6461743,-0.75300944,-0.3732468,0.4328983,-0.83147323,-1.0132473,-0.4209038,-0.365231,0.6660602,-1.4792372,-0.49239945,-0.26358226,0.7191697,-0.03617747,1.1406354,0.109716214,0.0037893113,-1.0808705,-0.08955439,-0.30536342,-2.1075594,0.70152795,-0.87129366,0.978858,-1.6126662,-0.070984885,0.288859,-0.14363953,-1.2956828,-1.607352,-0.3819454,-1.0054141,-0.4444527,-0.9239854,-0.40922418,0.6684337,-1.8167062,-0.21251567,-0.785518,0.46078607,1.2167724,-0.40984112,-0.6449168,0.30564344,-0.75311357,-0.6985996,-0.923369,0.6336167,-1.6565245,-0.59733456,0.8857273,-0.81148434,-1.0467046,-0.30123624,0.2059589,0.044677075,0.3127651,-0.4268887,-0.4500802,0.16794668,0.17066352,0.91860163,-1.0861981,-1.4148083,0.25658217,0.28126207,0.3356755,-1.8595166,0.35417658,-2.0818992,-0.41985056,0.64770615,-1.5664504,-0.8358129,1.4585693,-1.2326825,-0.38809553,-0.23635626,0.98196423,0.13157961,-0.43362564,-0.15807158,0.7638125,-1.1708142,0.67801166,-1.0588849,-0.20680761,1.3998364,-0.6850851,-0.38784072,0.3097863,-0.8212674,-0.6070668,-0.8224568,1.8944836,-0.6156492,0.1134798,0.13747701,0.020403698,-0.37846097,0.21428175
2.3282266,1.7251576,0.79579896,1.1843367,1.2459309,1.2136102,0.5984918,1.4029571,0.8707037,1.0458776,-0.09834366,0.7647115,0.5477507,-0.08229368,0.5298227,-0.16042046,2.1554286,2.465369,0.5817281,1.9045224,-0.7623616,0.26751915,1.5335498,1.174986,0.12574916,0.37826362,0.53020626,-0.04367363,-0.79240555,1.1395029,1.2851961,0.2368821,-1.4127249,0.7195006,1.3247193,0.81720835,-0.61099434,1.1472775,0.92327607,0.66125375,1.8919021,1.8802993,0.48248678,1.4927697,3.4922328,-0.010352863,2.7521198,1.7741067,0.23588976,1.8929342,1.0329008,0.6608331,-0.091871604,0.56374454,1.6398405,-0.32121167,0.37694478,1.8618114,0.8387534,-1.3900784,0.50090903,0.14701542,1.3435231,0.29115853,0.7656014,2.0602803,1.2061019,0.84999466,0.05810535,0.11268157,0.57336885,1.4491436,1.1618178,0.9427293,1.3281431,0.77726173,-0.27865958,1.4997547,1.097764,-0.50975794,-1.0295149,3.5150576,2.0509706,0.19921479,1.0134931,2.5135546,1.130504,0.93590266,2.073252,1.1865635,1.7900634,1.8944205,0.9264531,1.4387254,-0.18824735,0.6063042,1.0725403,-0.6410553,0.20799372,-0.6371578,1.8433307,-0.39857686,2.1093428,-0.08604045,0.41547182,0.9236343,1.1090866,-0.65703964,0.040497407,0.96153635,0.41547224,-0.67651665,0.9805588,-0.62659794,-0.8245689,1.4343256,0.37737727,1.8083843,0.8408222,0.06441095,-0.52157706,0.7323261,2.5329638,0.3921658,1.1285243,1.7151059,-0.35229576,0.9008053,1.4035925,2.0022655,1.0996844,1.3710567,-0.20823845,0.83695066,1.9189312,-1.2757208,1.4595661,1.3769193,2.4392083,2.2483034,2.2397492,0.35925326,-0.09879231,-0.9686961,1.4089588,0.6418653,2.741853,0.45922953,1.6862599,2.156343,-0.8057261,0.35957658,-0.1022464,0.6547773,2.1020284,1.1762123,0.3943003,0.4275392,1.549486,2.692543,-0.06198414,-1.2387124,-1.050549,2.117611,0.9174488,1.51847,0.62637836,0.12531774,0.06762629,0.4816071,2.3650246,0.34439775,1.1848432,2.1812115,0.82262415,1.1843587,1.820126,-0.20025353,1.016666,1.3281682,0.93231946,1.5190985,1.0584682,1.2117563,0.39503348,1.3200867,2.075656,0.7137962,0.1027113,1.9987401,0.79821455,1.6444931,0.070204906,3.564048,0.65852755,1.0816559,-0.20085488,0.8059129,1.4081943,1.8811756
0.05087796,0.23340502,-0.19176227,-0.18682863,-1.129571,0.041149035,-0.4419829,0.4991521,-0.73620766,-0.5733394,0.13311835,-0.2949416,-0.6808384,-0.20059957,-0.09795886,0.04462949,-0.042184383,-0.17688245,-0.38778937,0.16952085,0.6419609,-0.13473159,-0.20343998,0.07180615,0.26432455,-0.51889914,-0.7027494,0.42746276,0.2583675,-0.54145473,0.036092434,0.44286865,0.2561431,-0.14777744,0.54195374,-0.67566115,-0.44095424,-0.5756677,-0.3860227,-0.0859541,0.120876506,-0.56127363,0.44035786,-0.08123914,-0.017991563,0.115340695,-0.37526393,-0.26024053,-1.2692782,0.40738404,-0.30614388,0.04713916,-0.39674175,-1.0491848,0.22823295,0.611872,-0.47687685,-0.20283864,-1.1911807,0.43294084,-0.4652991,0.15346852,-0.09101878,-0.7275711,0.7828462,0.22216927,-0.30370829,-0.057671886,0.579919,-0.5353431,0.23110344,0.06828248,-0.22090521,0.17374548,-0.4343484,-0.44966054,-0.83999795,0.17962322,-0.17507175,0.4259464,0.84150666,0.13661632,-0.5344932,-1.402772,-0.6436777,-0.45709413,-0.6619043,0.33755296,0.51044834,0.6266002,0.11584772,-0.56915647,-0.19049978,-0.73104644,0.65983033,-0.7825469,-0.4767892,0.7204981,0.70752484,0.69714725,-0.4617881,0.482988,0.14635436,-0.7925491,-0.9104581,-0.5852018,0.48494723,0.81548285,-0.84072596,-0.32987958,-1.0039856,0.5688742,-0.3825546,0.40427727,1.1352174,0.83582926,-0.66006875,-1.0021604,-0.295045,0.005263513,1.0912118,-0.42951092,-0.1172096,-0.4718901,-0.84414035,0.07947616,0.20889314,0.06637671,-0.27643389,-0.8916742,-0.5331217,-0.46747893,0.51637155,-0.08515805,0.2800269,-0.6824322,-0.4553745,-0.4307724,-0.4116075,-0.030247167,0.15230975,-1.1700543,0.49101844,0.053214658,-0.072401986,-0.5267079,0.3541367,-0.27327555,0.20594162,-0.19229528,-1.0991141,-0.36074233,0.7318058,-0.47498164,-0.1539582,-0.42477506,-0.6672593,0.21864712,-0.27195936,-0.08276863,0.9814754,-0.24709684,1.1735444,0.27193356,0.69113505,0.34981388,0.07068832,0.42265165,0.48909062,-0.47311553,0.31288993,0.7817082,0.07144303,0.059600323,0.38399214,-0.34169018,-0.36213994,0.35254812,-0.766361,0.031722702,-0.42085075,-0.34538448,0.4883223,-0.03273478,0.3786447,-0.008184949,-0.76155627,-0.21934378,0.32505843,0.23657359,0.51137,-0.26586372,0.23102808,-0.44588175,-0.08272292,-0.031932633,0.90572435,-0.0045065843,0.054613404,-0.044491127
-0.3428035,0.030294467,0.70914286,0.10834636,0.580359,-0.25851688,0.9238025,0.43867508,-0.37830684,0.35103065,-0.6077558,-0.46429408,0.53859824,0.7231028,0.9089037,-0.068985105,0.12162674,-0.47640365,0.2769268,-0.29520303,-0.014429249,0.4087854,0.19429293,-0.35852644,-0.6369383,-0.29701617,0.12423817,0.108595096,0.29258698,0.18221915,-0.26713127,-0.18115824,-0.32432646,0.22342032,-0.5153926,0.7800224,1.0489849,-0.16808045,0.48451862,0.037313502,-0.42691022,0.3816036,-0.30408272,-0.22230984,-0.63891304,-0.43787697,0.036591914,0.16537946,0.6924383,-0.3139913,-0.09677953,-0.5332383,-0.6658413,0.30698264,0.56335664,-0.72642255,0.30740237,-0.39676544,-0.15047517,-0.6475478,0.029461032,0.53650755,-0.66863805,0.53191215,-0.8888695,-0.81831884,0.03385342,-0.14412154,-0.77634656,0.91254836,0.5846504,-0.6477632,0.31943792,0.25945923,0.30088043,0.81433976,0.31734782,-0.1435112,0.01631489,0.010457405,-0.615564,-0.25792933,-0.09288882,0.7970505,0.11007792,0.20498052,0.2395927,0.56000984,-0.19663015,0.17803046,0.18915303,0.5417868,-0.14657962,-0.15943457,-0.3288174,0.6565885,0.4574957,-1.0664315,-0.5649643,-0.2475017,-0.13892038,-0.414051,-0.15855862,0.6172785,0.16648157,0.9453118,-0.25749308,-0.35855156,0.28024176,0.25939757,0.7343397,-0.5788361,-0.065159544,-0.30983865,-0.4472435,-0.083191015,0.28071928,-0.010432257,-0.5317792,1.0104258,-1.0436256,0.5979092,-0.6277157,-0.031133674,0.52713096,-0.7967595,-0.3620884,-0.30700958,0.1457253,0.29154217,0.23790243,0.73075354,0.36427227,1.3900886,0.34888896,0.5106851,0.095188335,0.3648755,-0.12373191,0.10253518,0.43438572,0.5126966,-0.70461184,0.5730643,-0.3189337,0.53851724,0.46859926,-0.3716407,0.104720905,-0.009671211,1.034835,0.46273878,-0.18784639,0.115556024,-0.5387945,-0.24884437,1.097903,-0.18149842,-0.49677372,0.074984305,-0.6591224,0.6523298,0.011794452,-0.76344097,-0.22278267,-0.062212564,0.16584925,-0.10877083,0.35833934,0.20340838,-0.28963673,0.66260535,0.99867356,-0.9308617,0.16779612,-0.15483092,-0.034965344,-0.8321078,0.37504423,0.35210216,1.0927448,-0.30997667,0.18956174,-0.32817733,0.16407841,-0.050068222,-0.00940646,-0.16973662,0.04782249,-0.28223878,-0.42022422,-0.15156718,0.4881821,-0.5033618,0.78284806,0.39996517,-0.2921863,-0.015814256,-0.6031912,-0.13855138
0.23982099,0.23572327,-0.2350348,-0.27195093,-0.21968995,-0.57070404,-0.8026439,-0.7116917,-0.6850215,-0.56276613,0.23047742,-0.3780477,-0.46107754,-0.52115124,-0.46798563,0.6910558,-0.018059641,-0.106694065,-0.42487416,-0.29810908,0.3254953,-0.62655735,-0.3012278,-0.44469634,0.4403002,-0.8008723,-0.4221453,-0.57333183,0.3561025,-0.36399376,-0.14964837,-0.645829,0.22185893,0.24547307,-0.693124,-0.1628512,0.07825129,-0.26794705,-0.46727395,-0.24980946,-0.5308473,-0.32259315,-0.56989115,-0.2795879,-0.07834084,-0.13939193,-0.3053402,-0.531525,-0.24106792,-0.16137815,-0.71950483,-0.5248815,0.0006159246,-0.019892314,-0.19955793,0.020903539,-0.36135167,-0.45756397,-0.47250247,0.50652456,-0.24932827,-0.39344114,-0.35805833,-0.31892678,-0.021037292,-0.02633701,-0.64010227,-0.9837117,-0.16392247,-0.55466104,-0.52384454,-0.0751204,-0.39681354,-0.41558614,-0.58190614,-0.49532643,-0.27640513,-0.51690483,-0.7013053,0.1023977,-0.07476917,0.03925624,-0.114925176,-0.6352738,-0.3290558,-0.6931635,-0.22820747,-0.7279417,-0.22765201,0.08440873,-0.57695055,-0.39782527,0.0012489557,-0.35070252,0.5038547,0.39591533,-0.59968185,0.22964807,0.2592984,0.14518163,-0.66246355,0.47167432,-0.18116601,-0.2070369,-0.47759748,0.06788281,-0.21787357,0.48388803,-0.5953813,-0.5543838,-0.21462047,0.29657036,-0.48544884,0.7818883,0.35229903,-0.3893643,-0.30676213,-0.23351756,-0.5212897,-0.26841855,0.59962213,-0.3409696,-0.28446108,-0.9063254,-0.62071866,-0.24854542,0.31648755,-0.63043517,-0.47578403,-0.38191468,-0.49721226,0.1389916,-0.45770612,-0.15321702,-0.46893588,0.17506407,-0.18033227,-0.32689652,-0.24056,0.43865505,-0.5153682,-0.3271699,0.33902222,0.5428402,-0.57269704,-0.4448079,-0.028864134,-1.0806729,-0.609494,0.39470044,0.1311619,-0.40897295,0.26052496,0.07844357,-0.13678154,-0.08468605,-0.32294738,-0.40717575,-0.005424641,-0.1014458,0.6330125,-0.09513596,0.17024726,-0.010587905,0.13590974,0.17332523,-0.8048034,0.27889287,-0.6567565,-0.70760936,0.098139755,-0.5087927,0.014193928,-0.16825792,-0.57122517,-0.20875035,-0.12666985,0.37181076,-0.47353607,-0.2633344,-0.38958877,-0.64626026,-0.7329438,0.038539454,-0.69896865,-0.01845781,0.0077412426,-0.5669344,-0.023362659,-0.094876885,-0.4921544,-0.23767532,-0.34319308,-0.17597409,-0.38128915,-0.10502669,0.49929512,-0.20575795,-0.6562404,0.04262981
0.25022808,0.62879765,0.7185237,1.688421,0.117056474,0.920966,0.9993253,0.65446824,1.9669929,0.66644824,0.5905702,0.7156185,-0.26350144,0.5993892,0.22791845,-0.94715786,0.63419855,0.15460329,-0.3654953,-0.33926728,0.053585194,0.2503409,0.9434472,2.0219488,0.12816179,1.0306406,-0.3070942,0.8658622,0.002207396,-0.19725797,0.14031965,0.030629024,-0.9816751,1.3001865,0.4044956,-0.4743214,-0.35235757,-0.032581113,1.114078,-0.03281747,-0.31726587,0.21128094,0.9947423,1.6834412,-0.032436945,-0.28725615,-0.79989547,0.75125945,0.30526316,1.2920026,1.3366292,0.76790166,0.1549119,0.29092047,-0.3699678,0.72444725,-0.65320545,1.216871,0.12551029,-0.45841733,-0.4210982,0.64924765,-0.7411262,-1.2138965,-0.5177375,1.1024933,0.40846005,0.19526424,1.0228512,0.50180537,-0.18807943,1.7467883,1.4404618,0.5426335,0.09745434,0.05051157,-0.6361149,1.2738814,0.5104399,-0.13234664,1.8586086,0.13548626,0.3020834,0.5992274,0.96827036,-0.23495784,0.12390674,0.3985631,0.37325534,1.5942488,-0.15359665,-0.46210077,1.977689,0.7297965,-0.01570787,-0.74025154,-0.14017142,-0.3596879,0.82106054,1.3119906,-0.19723475,0.58707976,0.3182399,1.2235208,0.6097528,-0.6300899,1.3813285,-0.14297612,1.1447746,1.1888093,-0.35040012,0.19092736,1.2586871,0.58255756,-0.41741264,0.32910106,1.6600535,1.0461806,-0.893108,0.3698516,-0.30254522,-0.49847537,-0.07371274,0.5614011,-1.0495281,1.222211,0.41421515,1.2113504,0.65346324,-0.09017712,0.68975866,-0.111636095,0.75279427,0.3985593,0.17261644,-0.057678066,0.53391397,-0.5345868,0.17602935,-0.75493085,-0.5761117,0.14929451,-0.4010801,0.012782672,0.83202213,-0.55907905,-0.04556748,0.56085724,0.61042,-0.38473627,-0.68308914,-0.22945851,-0.30937174,0.20772278,0.40350705,1.7993909,-0.07547979,0.23542927,1.6537293,-0.24447583,-0.5899099,-0.05118236,0.27186763,0.8596343,1.0586249,1.082854,0.6808933,-0.34966975,0.7550372,0.35564566,0.9668116,0.49020612,-0.31058794,-0.9023485,-0.12829806,0.14527123,1.5633798,0.20626125,0.030313678,0.65218395,0.012938513,-0.038896237,-0.17474017,-0.99522597,-0.21895874,1.3305613,-0.32099137,0.33120292,0.15833342,1.427375,1.0442019,0.19963498,0.41936842,-0.19817,-0.4110472,0.31020683,0.07163963,-0.48446965,0.3800319,1.2967054
0.16354477,-0.30442527,-0.38577366,-0.11867121,-0.2300292,-0.37131172,-0.5689795,-0.6347521,-0.17788213,-0.3982026,0.082810156,0.7666364,-1.1990504,-0.6769653,-0.24251845,-0.03730801,-0.14350659,-0.11409665,-0.8221918,-0.90078497,0.6671723,-0.86779577,-0.44015124,-0.15351456,0.3557169,0.3957912,-1.1038659,-0.29070348,-0.5519855,0.2883367,-0.36328998,-0.7655928,0.53898954,-0.36112356,0.2469615,-0.9739228,-0.5157647,-0.4488946,-0.39437222,-0.44430432,-0.42326388,-0.45521963,-0.3195023,-0.08386515,-0.31298783,0.5950619,-0.5509694,-0.9562384,-0.5543325,0.13812573,0.6495663,0.37144879,-0.05463326,-0.9046122,-0.49155426,0.8640284,-1.2804002,0.21086499,-0.27237928,0.40877667,0.7357777,-0.4661616,0.94671464,-0.08311243,-0.65635437,0.24230501,0.6687573,0.44802144,0.50603116,-0.16069067,-0.93108964,0.3974954,0.03006389,-1.2395501,-0.8761243,-0.8045254,0.08638485,-0.0623362,-0.66627544,0.2624726,0.66644806,-0.17785423,-0.4741155,-0.22646433,-0.66623616,-0.64358157,-0.47669816,-1.3169132,-0.156055,-0.5116531,0.12275724,-0.44879824,0.28030235,-0.23354377,-0.13459845,-0.91411966,-0.7595753,0.7452639,0.41398245,-0.10160875,-0.048095334,0.6601867,-0.42677945,-0.9466319,-0.16025963,-0.98776114,0.008650927,0.39515364,-0.3592237,-0.61580217,-0.8815539,-0.38217098,-0.29373914,0.37632406,0.22424373,0.1274048,0.09370245,-0.11779918,0.8618505,-0.3968958,0.8881088,0.038380705,0.15562393,0.4485447,-0.24530265,0.37986854,0.2922921,0.49240986,0.06611558,-0.28338268,-0.43266165,-1.2400452,-1.0867286,-0.26100725,-0.56853,0.20935221,-0.08295592,0.18320839,-0.11293262,-0.10782606,-0.35946378,-0.72297895,0.63834304,-0.6071977,0.76453674,-0.29294592,-0.39808416,0.40226114,-0.3262298,-0.45805463,-0.26092154,-0.728937,0.56287384,-0.11759604,0.6744665,0.0731493,-1.2960892,0.43449786,-0.11336182,-0.046566978,0.5413616,-0.0792329,0.49643362,0.22763105,-0.10669917,-0.26344663,0.21511988,0.36856377,-0.14371175,-0.17188293,0.5494354,-0.67304343,-0.6041992,0.46587655,0.2680071,-0.037010536,0.034874536,0.77141035,-0.2200681,-0.3678047,-1.3243891,-0.48670366,0.13144064,-0.57030684,-0.39173347,-0.25817674,-0.204705,0.64052844,-0.17972147,0.0352167,0.58649063,0.068940856,-1.5546019,-0.15805374,-0.9179539,-0.7030846,0.5401987,0.037862204,0.66123307,-0.6089374
1.2986232,0.8008141,0.24674428,1.3184681,0.65081006,1.0461805,0.713055,0.20998281,1.537455,0.88908654,-0.2422912,0.8537536,0.9044463,0.7940059,1.0294456,-0.53604186,1.2692215,0.90177256,0.53012294,-0.18347591,-0.36154038,0.7784551,1.246496,1.732771,-0.89610565,1.4491833,0.60790944,0.6569325,-0.4692912,0.84076285,0.5039539,0.8454371,-0.59811556,1.6464291,0.8515945,0.27346304,0.95299196,0.66210276,1.190896,1.0451834,0.65470874,0.26806074,1.1219797,1.4599016,0.40128085,-1.092639,0.3517203,0.32469732,0.82214296,1.3695298,0.99056166,0.855474,-0.22104888,1.0142585,-0.032544028,-0.28302962,0.69500923,1.1355369,0.6484527,-0.40275505,0.48768073,0.77945703,0.13423099,0.7338888,0.20986183,1.2799168,0.66369176,0.8047358,-0.08247557,1.1961019,0.82945395,1.578186,1.428292,1.072115,0.6743728,0.69288194,0.75395834,1.3643217,0.78672236,-0.60326934,0.6092221,-0.010105941,1.1610781,0.7388933,1.2501029,0.30386212,0.8796322,0.75532645,0.8023981,1.5168724,0.17437214,0.27236366,1.5413597,0.7118088,-0.5479223,0.36667448,0.2598167,-0.7270548,-0.11094838,-0.12288761,0.5964278,-0.63082474,1.1464411,0.7718375,0.9091294,0.45631728,1.4598721,-0.6259967,1.3033441,1.1079193,0.5169698,-0.4086817,1.0434548,-0.22460829,-0.83154845,1.0927029,1.5011218,1.0290647,-0.009577293,1.088962,-0.75903445,0.695251,0.79595315,0.66858137,-0.083719656,1.4052598,-0.6183448,1.2295789,1.1768651,0.7061979,0.9979336,0.8707883,1.2652828,0.27423576,0.0621145,-0.02648475,0.72421795,0.45933074,0.608223,0.85529554,-0.0852627,0.46476963,-0.5232012,-0.4772363,1.372584,0.4150061,0.763945,0.7317942,0.84650767,0.7125523,1.2557877,0.7984276,-0.65107167,0.6752181,0.9085322,1.4728422,0.3347891,0.626607,1.5133823,0.7340259,-0.9193532,-0.1684844,-0.45694873,1.4253789,1.7341762,1.4042215,0.7660142,-0.7875079,1.0996001,0.70122576,1.2553667,0.5853657,0.58718693,0.0038814545,0.910372,1.0384841,1.5258245,-0.27820528,0.659631,1.1092952,0.54060334,0.038234133,1.0163243,0.5147737,0.7438533,1.3926181,0.8816953,1.1091269,-0.15180823,1.2169665,1.1359091,1.0543046,0.8948214,-0.25807735,0.42479768,1.2843674,-0.62533975,0.10141249,1.0958292,1.1604773
0.7769358,0.76175976,0.29028344,0.76468587,-0.7068106,0.580044,0.14010149,1.1099225,0.3597534,0.013484769,-0.60197,1.0885148,-0.22090444,0.27591914,0.13764481,-0.6250738,0.41426492,0.24261248,-0.05859715,0.8599337,-0.09048387,0.6072554,0.62590593,0.7301804,-0.45539966,0.59305555,0.12714112,-0.15221724,-0.97931194,0.3476039,0.7014981,0.48357266,-1.0200514,-0.18970546,0.8213426,-0.018200496,-0.6669319,-0.43163618,0.10258627,0.07660009,0.58632445,0.44314045,1.1332439,0.706443,0.92816013,-0.24145277,0.16993809,-0.15153746,-0.48799533,0.7065954,1.1399095,0.77742743,-0.6264,-0.28573924,0.43738052,0.47213563,-0.37125662,0.46261445,-0.12408225,-0.55521274,0.9032617,-0.17184748,0.57639736,-0.4163885,0.43892288,0.94730407,0.7770493,0.5129485,-0.0011453927,0.17814007,0.71879923,0.8912762,0.28245735,0.9635716,0.39238557,0.40119237,-0.50305295,0.5823331,0.83661246,-0.33074218,0.105529755,0.96751726,0.40815368,0.16758774,0.3906958,0.8583955,0.045559376,0.63680834,0.52751297,0.77707547,0.73612094,0.9360647,0.18695487,0.041933678,0.0018381886,-0.2358646,0.46474892,-0.120151624,-0.1637749,-0.46244046,0.5370444,-0.1420124,0.5992538,-0.60334456,0.16640094,-0.39137465,0.49700817,-0.80730045,0.19821183,0.5191731,-0.26478583,-0.6439127,0.1450576,0.5491278,-0.5891263,0.4549163,0.46474776,0.38356107,0.47314993,0.3805392,-0.17438152,0.12466385,0.56568533,0.5093912,0.2862402,0.8978391,-0.86241144,0.87396044,0.41847116,0.11750755,0.59218335,0.12170041,0.27472228,0.08229865,0.7948577,-0.8259575,0.45135444,0.45235598,-0.031600915,0.6146155,0.18926734,0.0084770955,-0.41262552,-0.9833106,0.92920405,0.2570374,1.0683341,1.0270098,0.47793698,-0.020645529,-0.67372555,-0.7850949,-0.60398734,0.14848979,0.8380109,0.21042664,-0.6585725,0.19102794,0.13322379,0.4207101,0.120394155,-1.2311485,-0.6445617,0.8672079,0.6145721,0.083617434,0.6580812,-0.021811213,0.86140186,-0.23226856,0.58246225,0.41401455,0.8001581,0.9255204,0.73229915,0.44368166,0.5491052,-0.44659632,0.23576656,-0.02053428,0.08400786,0.40660626,0.90091884,-0.5427507,0.5344123,0.35410827,0.31339666,0.25630215,0.0929069,0.11399828,0.9270094,0.65486854,0.4044322,1.0151823,-0.15691751,0.015047181,-0.13362126,-0.23355128,1.1357183,0.12582816
0.91821337,1.7375396,1.3451406,1.4401252,1.1766975,1.6901224,1.5889101,1.8547873,1.814148,1.812366,-1.3550513,0.066146806,1.7739512,2.6002476,1.3442104,-1.5175964,2.0308475,1.0656532,0.5250554,2.044981,-1.0298856,2.0699806,1.2495577,3.464547,-0.6582314,0.95410407,1.7726058,1.2573875,-0.16551195,0.8658795,1.7826715,1.3529613,-2.4199157,1.5993596,1.4798707,1.8066386,-0.104336396,0.21506852,1.6583759,0.19502391,-0.0098856725,0.37951577,2.3677633,2.1996403,2.1466246,0.17873041,0.7700029,1.494524,1.6736468,1.9228348,1.697218,1.3539729,-0.78576297,1.1058062,1.8565575,-0.2641133,1.0302501,1.651186,2.0673876,-0.7097611,-0.11204289,0.7561098,1.1979616,0.115839444,-1.3407217,1.4267284,0.52039397,0.05405776,-1.3244567,0.96790683,1.397141,1.4333286,2.240638,1.517025,1.546499,1.5637112,-0.2833141,2.1061547,1.5264893,-0.4536682,-0.75040007,2.3071408,1.3483827,0.92907286,1.8637449,1.9986131,1.6994456,1.5399364,1.223332,1.9452877,1.1999575,2.0862792,2.3222847,0.69412845,-0.7260338,-0.40702838,1.092026,-1.3925935,-0.17998071,-0.49187937,0.40282577,-0.63929117,2.6261144,1.6428436,1.9526341,1.5829725,1.0617948,-1.6316053,1.3651994,3.2007143,1.8973411,-0.5381779,2.1544504,0.011841297,-0.91563255,1.2568157,2.298859,2.4207969,0.39593485,1.8633988,-0.99365205,1.7174307,1.0609843,1.1864377,1.1441468,0.9584523,-0.47499347,0.68197674,1.3834642,0.6861934,0.96578443,0.78962535,0.23354328,1.1151311,1.3336499,-1.4966209,1.4566703,1.1228024,0.5914014,0.39229244,2.2670584,1.0604835,-0.8914735,-0.8915411,1.1561432,1.0214568,0.7837243,1.2333534,2.0444603,1.0639433,-1.0342038,0.71891075,-1.0134917,0.32475075,1.017414,1.860442,1.6049078,0.6622708,1.2632653,0.708291,-0.47349212,-1.5528442,-1.697387,1.3917391,1.3848714,0.882663,1.1098318,-0.8938019,1.5151526,0.4398936,1.1603458,1.1998448,1.4145379,0.43925002,1.3012884,0.5514377,1.8559664,-1.6401805,0.67768437,2.14251,2.3539927,-0.13523756,1.348649,0.05576937,-0.02770181,1.1325326,1.8861048,0.5168076,-1.552591,1.136747,0.7521619,0.5839544,0.40586054,1.450897,1.1056789,1.8996078,-0.9451371,1.1208817,1.3599722,1.2139574
-0.013041034,-0.0062751733,-0.54093224,-0.22126794,-0.7416123,0.77751386,-0.03691794,-0.6746487,0.27304763,-0.5005904,0.23084216,0.27124798,-0.23562378,-0.060960345,0.4346311,-0.088977456,-0.13677849,-0.35056335,-0.34376425,-0.12614444,0.38653454,0.12855497,0.40042087,0.44134292,0.008954424,0.3545648,-0.82919025,0.025357071,0.024954604,0.2664131,-0.26561528,0.76507926,-0.011011842,0.6097611,0.49317586,-0.7299154,0.10428709,0.23757425,-0.026769381,0.44697547,0.56686985,-0.70937693,0.7826234,0.5768285,-0.2909084,0.390351,-0.7678495,-0.7113811,-1.198141,0.5935454,0.18368241,-0.060409993,-0.5621466,-1.0957985,-0.80944467,0.22900368,-0.4175354,0.3537619,-0.762901,0.45220014,-0.33979893,0.20083107,-0.029477429,0.11566484,0.8806975,0.7087815,0.29164973,0.6902743,0.7783823,0.19519432,0.037286483,0.6847023,-0.3025661,-0.19475266,-0.15337294,-0.5696554,0.038225144,0.67057306,0.4593663,0.25077248,0.87459344,-0.7674355,-0.44549212,-0.8952079,0.3372851,-0.36352494,-0.603749,0.38351092,0.45577484,0.4712334,-0.7259573,-0.8998677,-0.01221168,-0.11314687,0.27701274,-0.5401506,-0.24673997,0.7867248,0.51344943,0.72521424,-0.10091513,1.0232439,0.28848433,-0.95415676,-0.33691436,-0.40400544,1.1296263,0.27300626,0.1797913,-0.44240665,-1.0894799,0.4097644,0.016192399,0.2993232,0.59022045,0.8656827,0.2413324,-0.7851325,-0.36229116,-0.2089423,0.89249444,-0.23664574,0.60653955,0.30906484,-0.64893806,0.9839726,0.14640903,1.3226683,0.44810998,0.20056978,0.16699429,-0.78553206,0.7869054,-0.44793254,-0.13946936,-0.37449917,-0.63829416,-0.6213022,-0.04937025,0.07640655,-0.0422823,-0.7048253,0.17759751,0.07700664,0.7256496,-0.008390913,-0.57129663,0.33945698,0.42492115,-0.24258336,-0.06264645,0.15239011,0.10690935,-0.08039405,0.2671734,0.43763062,-0.4218662,0.7984471,0.56855303,-0.056225225,0.002450984,0.012788698,1.0894836,0.5891344,1.0854522,0.9123228,0.2570895,-0.51915854,0.97049356,0.47058785,0.8349558,0.8933607,-0.2543773,-0.4136674,0.5734697,0.631793,0.14645357,0.1772505,-0.398515,0.1619814,-0.78889483,0.261175,0.98100555,0.24947818,0.61341465,-0.11557401,-0.63191855,0.73018014,0.026319556,0.4296621,1.2835118,-0.16916893,-0.03514228,-0.5410412,-0.042720847,0.26637438,0.4332249,-0.102826536,0.50391287,0.36085734
0.023183197,0.024163883,-1.0078008,0.27630866,-1.103194,0.4077979,-0.040486783,0.8804318,-0.02879314,-0.4328569,0.047877528,0.838633,-0.7947973,-0.12365957,0.19007257,0.006399177,0.4949828,-0.5469868,-0.33314407,0.22500153,0.31456164,0.31772536,0.013198049,0.25714704,-0.39750132,0.51672715,-1.0024492,0.025250558,-0.66455096,-0.12971888,0.80585045,0.27913076,-0.66256076,-0.5721551,0.552136,-1.0182786,-0.4730851,-0.56885207,0.32182193,0.15628096,0.15916827,-0.5114038,0.69577956,0.041060947,-0.10839051,0.16809766,-0.33789143,-0.32834324,-0.556366,0.60259473,1.0089235,0.5818635,0.1903404,-0.9714057,-0.49900413,0.8078943,-0.7770706,-0.214644,-0.5588702,1.0391059,0.86255807,0.18181734,0.2710622,-0.45038065,0.32455465,0.23484254,0.5937257,0.73801214,0.25442278,0.15641123,0.80030143,0.08957545,-0.6880458,0.048766688,-0.57342035,0.14264731,-1.0992695,0.4162924,0.17662153,0.20247003,0.55993783,-0.11576839,-0.59694064,0.044797108,0.03363742,-0.07387669,-0.44204512,-0.39248556,0.5079644,0.5822829,1.2517501,-0.4376382,-0.038479865,-0.7865186,0.13197319,-0.82714593,0.37460563,0.2828663,0.8109562,0.08320403,0.8374145,0.2774409,0.3100013,-0.72948253,-0.039194867,-0.37687427,0.4650553,-0.47898227,0.0016690481,-0.08314785,-0.7222877,-0.94839895,-0.30288702,1.009733,-0.24605666,1.0752537,0.10412054,-0.35691318,1.0463525,0.3055261,0.6107561,0.2001793,-0.36793023,0.36702168,-0.48527515,0.50494957,-0.4220848,0.9900122,0.48128343,-0.56643564,-0.118654646,-0.85002226,-0.55936563,-0.32658353,-0.26797983,-0.6804377,0.64140207,1.0838737,0.1996319,0.07024611,0.010204099,-0.52752525,0.2889409,-0.78075194,0.99596417,-0.1455627,0.18010081,0.80365354,0.26916844,-0.48022833,-0.63685143,-1.4885324,-0.24322078,0.5066107,0.8909219,-0.20831157,-0.633373,0.3699958,-0.3195829,0.18764685,0.14365157,-1.5790552,-0.099381,0.46312645,0.37482426,-0.1301198,1.1691918,-0.08216259,0.9604441,-0.17166412,0.34246194,0.66819113,0.19960749,0.20701608,1.0816506,0.5148105,0.077321365,0.049638763,-0.20289102,-0.1892869,-0.46006972,-0.725808,0.74581444,-1.2677566,0.16888112,-0.24418724,-0.5779404,0.01808285,-0.32023227,0.053583026,1.028647,0.11964866,-0.5215555,-0.27122694,-0.4556641,-0.4369962,0.03290083,-0.4110505,0.6379491,-0.24539809
0.60294706,0.97694427,1.464817,0.2881066,0.6475855,-0.20670424,0.63240516,1.0654038,-0.5354418,0.29617545,-0.015053412,-0.6290663,0.6851869,0.09254129,0.95912653,1.0675466,0.94291526,0.022188077,0.3187115,-0.16699651,0.65861464,0.82160693,0.19081953,0.06607396,0.05548754,-0.53360325,0.13588348,-0.35146958,0.73423815,0.64927447,0.37126347,0.5020322,0.10656366,1.1174247,-0.8464028,1.2790328,1.127675,0.62112474,0.9318589,0.59605896,0.18726887,1.6721532,-0.12724102,0.5285604,0.107477784,0.0903171,0.5321945,0.23098122,0.4429249,0.6580732,-0.4905358,0.17930782,0.15086272,0.10091848,-0.031312298,-0.8310019,-0.116724595,-0.44514608,-0.7138912,0.550812,0.45022422,0.38044146,-1.1445962,0.56323844,-0.8888092,-0.15775011,0.30164492,-0.21509178,-1.5954785,0.8985382,1.0542636,0.1517853,0.80178595,-0.47238183,0.6875195,1.0190347,-0.50099057,-0.3075383,0.050971974,-0.14095233,-0.98072916,0.79267645,0.3838548,0.2157388,-0.31990778,0.82022005,0.5401358,-0.19816734,0.12696731,1.1794254,0.08881213,0.9511193,0.3923002,0.15268576,0.59178,1.7999642,0.7613135,-0.38338965,0.25479138,-0.15861419,0.22729096,-0.0056043416,1.1791561,1.7068768,-0.43225905,1.2032919,0.46402958,-0.19111773,0.95937437,-0.1576503,0.49478793,-0.04613237,0.09567809,0.4366539,-0.20769517,0.66903025,0.36078465,-0.34918526,-0.76488847,1.6245155,-0.6710108,0.735711,-0.29382235,-0.13079365,0.9015923,-0.3111021,0.32439813,-0.24088772,0.19928113,1.008807,1.0767668,1.252269,-0.0039558075,1.7257236,0.8313731,1.0451711,0.5462041,1.0815483,-0.1552467,1.3138765,-0.003268607,-0.32647476,-0.27327657,1.4461507,-0.075594194,0.431975,0.9495107,-0.89559233,0.25954336,1.0455283,0.8890555,0.80831295,0.5213739,0.09232885,0.34844112,-0.08889387,0.9495899,-1.1611165,0.22325926,1.4848617,0.23569566,1.0124805,0.0901871,-0.09155211,1.0791767,0.9494496,0.12203342,0.755065,0.5256958,0.051916324,0.6960948,1.0477568,1.5453073,-0.24835792,0.07865682,0.5975363,0.006373102,-0.305062,0.70485854,0.44326663,1.4503314,-0.38044488,-0.14270502,-0.91180503,0.7351277,0.62113535,0.6077946,-0.13167119,0.8995599,0.47529802,0.30543837,0.4535706,0.08466167,-0.25969425,0.6470366,0.32227322,0.61769325,-0.8443916,-0.3839557,1.2584974
1.1591802,0.12020083,0.16406563,0.6942775,0.9949924,0.45347285,-0.18860468,-0.8232173,0.21732412,0.6115369,-0.021244576,0.41084546,0.152296,-0.68945575,0.18956788,0.18453103,-0.44252825,0.75217134,-0.0889029,0.83370954,0.09658102,0.34480092,0.7033263,-0.9496513,-0.19957641,0.38179395,0.30104494,0.12899509,-0.14765008,0.7302495,0.56716645,-0.82247716,0.14804707,-0.01672941,0.55918086,0.31752568,-0.5250141,0.38067615,-0.24665421,-0.5316278,0.591854,0.53325486,-0.82469416,0.34564874,-0.2626371,0.27262807,1.716144,0.005117446,-0.15458405,0.1413381,0.72582066,0.3493264,0.28602034,0.12555915,-0.52576447,0.38832363,0.2244444,0.39853632,0.104727626,0.31413317,1.1030539,-0.8298043,1.2265527,1.1535751,0.55457497,0.64493096,0.764015,0.49732894,-0.1703056,-0.1786494,-0.131639,0.4250669,-0.8983256,-0.06297319,0.753619,-0.057046175,0.70835394,-0.45804143,0.6672967,-0.011041007,-0.4725512,0.34950224,0.87150705,0.2174367,-0.31208283,0.4230372,0.7826255,-0.0062781535,0.36128265,-1.2038103,-0.5305803,0.47684497,0.5335417,1.439931,-0.25513944,0.5042552,1.2549255,0.27372637,-0.016617509,-0.5036687,0.28811783,0.6587421,0.26221466,-0.75282365,0.10391466,-0.10129544,0.030176738,0.34224766,-0.28968567,-1.1706307,0.21899143,-0.0780247,-0.36760008,0.18217453,0.47216848,-1.1261715,-0.7621106,-0.0054398505,0.8715521,-1.3427559,0.2790372,-0.30430567,1.5132592,1.0392188,0.96527195,0.51255506,-0.19074349,-0.80307764,0.548934,1.0539662,0.4492859,0.25309122,0.5532909,-0.8131638,0.75769407,0.42484498,0.6538307,0.94008887,0.61029565,0.7728571,-0.10595379,0.13001767,0.3629591,-0.037113927,0.4678919,0.94333345,1.1838474,0.851685,-0.12898245,1.1356435,-0.078779995,0.13002695,0.36916727,-0.07305545,1.5458007,-0.05504056,0.006183123,-0.07538232,0.3977583,-0.23904079,0.27138606,-0.3373934,0.42963636,0.6185839,0.08582522,-0.4022042,0.5366602,0.5667397,0.499706,1.2001992,-0.34034482,-1.004656,0.59515494,1.8576548,0.4793273,0.58402425,-0.12431219,0.0792432,0.63954467,-1.1071604,-0.3019043,1.991478,-0.2083619,0.80802023,-0.04995963,0.71747285,0.9667468,0.75373656,0.24330714,-0.23187993,0.33110204,1.0630422,1.0766584,-0.123738825,1.0868499,0.11273033,0.504562,-0.28621775,0.7573104,0.3955814
-0.15597913,0.2306732,-0.07822032,0.28162408,-0.20132196,0.20991778,0.27116606,0.21169269,0.2621879,0.1706003,-0.30845925,0.9730397,0.21496403,0.014595071,0.098589696,-0.15850312,0.06771443,-0.41422293,-0.08409879,-0.06578557,-0.21805948,0.21823843,0.023925096,0.17123252,-0.44119135,0.49636284,0.15535876,0.3466736,-0.5797469,0.38394913,0.102939196,0.39747566,-0.29058576,-0.23245865,0.32061276,-0.08383728,0.21264654,0.023827285,0.44089478,0.29139563,0.27782354,0.4861532,0.61092454,0.30160987,0.5150108,0.008009212,-0.33202413,-0.2739313,-0.26875424,0.23930569,0.5152373,0.48798713,-0.4832973,-0.45761353,-0.111707635,0.17716065,0.027368482,-0.14194013,-0.17293651,-0.20207007,0.67693865,0.38102108,-0.033389863,0.11944707,0.573099,0.07784481,0.9879978,0.5426259,-0.04873912,0.5865817,0.31339127,0.026770895,0.008486815,0.6877478,0.39616346,0.08684121,0.10319034,0.14946128,0.0654939,-0.15274552,0.21329568,-0.38977137,-0.095897526,0.40793946,0.03368947,0.1397255,0.117204644,0.35067436,-0.25434995,0.23226617,0.34483606,-0.014696908,-0.04020141,-0.24988565,-0.17785153,-0.18303105,0.17716213,-0.12625165,-0.047982253,-0.3899972,0.5189347,-0.19819047,0.03581076,0.093016736,-0.17186874,-0.5016534,0.1373914,-0.491076,0.46516585,-0.024973206,-0.2752647,-0.31592786,-0.4013813,0.1162813,-0.47708815,0.10716405,0.00815127,-0.051322836,0.46617696,0.43530807,-0.31445497,0.39086077,-0.2131699,0.4539762,-0.09872398,0.32897326,-0.18176624,0.6515015,0.14953272,-0.07239741,0.29996946,-0.18631612,0.19235927,0.1625394,0.33365944,0.005389356,0.4114087,0.42036796,-0.11401672,-0.07354017,0.025324881,-0.3044882,-0.20054547,-0.5548475,0.6165005,0.09452764,0.35970044,0.72639614,-0.12998542,-0.45992127,0.16378549,-0.023828994,-0.5403351,0.58032495,0.17003453,-0.011555282,-0.1644599,0.3426205,-0.2315124,-0.22662337,-0.31520087,-0.6125755,-0.21482538,-0.0542521,0.07001068,-0.24181196,0.49484766,-0.3863759,0.7826443,-0.19608924,0.07844295,0.2077475,0.23594938,0.1549631,0.56187665,0.32960904,0.1975095,0.032825552,0.39069217,-0.1962454,-0.14622785,-0.16512887,0.1626817,-0.43044287,0.16051055,-0.25908968,-0.18658455,0.41923317,-0.01633858,-0.3081556,0.829792,0.3442815,0.24776202,-0.18424052,-0.34042445,-0.32006606,-0.14894994,-0.3952398,0.35918537,-0.43172517
0.552793,0.14968355,0.23732662,0.26816103,-0.37950972,0.018942505,-0.45782083,-0.4541395,0.18730618,-0.44641775,0.48966002,-0.360569,-0.32077157,-0.48633337,-0.31004927,0.06754345,0.5808868,0.35869765,-0.54377586,-0.40304443,0.8434194,-0.28653064,0.1358673,0.7686479,0.6724632,-0.22516471,-0.5951054,-0.22568496,0.5984083,-0.66915107,-0.6291418,0.50211143,1.0217458,0.7421417,-0.119803965,-0.649699,-0.27594256,-0.29780936,-0.16018361,0.379892,-0.39716074,0.039749503,0.38303298,0.35464996,0.05028574,1.1958575,-0.43297595,-0.70327157,-0.33928204,0.5136334,-0.41310307,-0.31605172,0.30947298,-0.1758933,-0.7275396,0.34898674,-0.5414236,0.37441042,-0.48561972,0.9162547,-0.49934107,-0.26159176,-0.26032215,-0.5563649,-0.030914422,0.8966428,-0.49425587,-0.54495376,0.077844396,-0.19141394,-0.28834584,1.1826613,0.5812449,-0.102247134,-0.6771158,-0.780455,-0.54489654,0.3038403,-0.0020222962,0.28790355,0.9151693,-0.25092143,0.2630498,-0.6886644,0.51256233,-0.66845065,-0.8104381,-0.22025257,0.17564273,0.6063582,0.016886335,-0.9799058,0.5999321,0.09625177,0.70945793,0.059130896,-0.6911212,0.77161497,0.7732574,0.78026,-0.43545097,0.9544732,-0.34837422,-0.4146201,-0.28860974,-0.48246232,0.9792186,0.8670963,-0.36778343,0.0019795448,-0.97288823,0.19690381,0.13564263,1.1503361,0.5830509,0.4175279,0.55205613,-0.067528985,-0.89898676,-0.35211927,0.96255755,-0.64154744,0.07207434,-0.59976673,-0.88742435,0.632937,1.3590002,0.7489082,-0.12315314,-0.17027208,-0.20177425,-0.16518465,-0.06564047,0.24826619,-0.5813015,0.7081167,-0.4218298,-0.8838331,-0.23344949,0.10540007,-0.60494417,-0.55247784,0.6984915,0.59985816,0.30454338,-0.6797814,0.15372854,-0.5420183,-0.016249958,0.16014683,-0.5620475,-0.073849544,0.54876804,-0.5545187,0.12864873,0.90731835,-0.74831206,-0.22235838,0.59849143,0.5366802,0.4663811,0.07156694,0.65919816,0.9353546,0.9808521,0.96994674,-0.8643104,0.5858773,0.001820229,-0.30075145,1.1387055,-0.45686367,-0.58297855,-0.14179519,-0.22019428,0.021448836,0.47945085,1.1775364,-0.44469464,0.046086073,-0.41630194,-0.4804822,-0.539367,-0.3937627,-0.061069623,0.26395583,-0.37478918,-0.00085058063,0.9921847,0.9847149,0.0995852,-0.31016722,-0.6324394,-0.48317948,-0.34227178,0.43945763,0.73488015,-0.45934877,-0.14348347,0.5658553
0.11744837,-0.21105261,-0.15878627,-0.09993017,-0.04553815,-0.12399639,-0.6686741,-0.7471405,-0.10003031,-0.31981117,0.32300004,0.14807723,-0.22939998,-0.4322953,-0.3544454,0.2161201,0.09481104,0.22843766,-0.38779277,-0.2987479,0.4168059,-0.41897565,-0.13172916,0.27587613,0.42206803,-0.22971947,-0.31868476,-0.00042280275,0.015029443,-0.33243993,-0.29467827,-0.043687686,0.5476915,0.20467144,0.14070418,-0.38314977,-0.21456194,-0.3196406,-0.4181188,0.06771347,-0.42306665,-0.18502124,-0.08769162,-0.03462459,-0.09086724,0.5116543,-0.23326175,-0.3827599,-0.23351543,0.06475171,-0.2974087,-0.1361238,0.14642158,0.01540328,-0.27839205,0.30212444,-0.2751997,0.24878737,-0.05763243,0.30271825,-0.16635169,-0.5055744,0.32961372,-0.20441996,0.0006016977,0.6061661,-0.19167909,-0.4933675,0.13357344,-0.49501407,-0.45150954,0.51020867,0.30698627,-0.46427155,-0.35371011,-0.58972967,0.0018319767,-0.021613635,-0.2546938,0.17264429,0.38997802,0.06145203,0.24874991,-0.28318974,0.055269457,-0.40997428,-0.29815742,-0.2968027,0.0188108,-0.15287162,-0.22130089,-0.37317035,0.23251855,0.18215044,0.2798228,-0.3113973,-0.73797625,0.41549915,0.14397107,0.1466335,-0.4064523,0.5065441,-0.23244242,-0.5125488,-0.17966047,-0.41885698,0.38580522,0.56807643,-0.47207588,-0.01858589,-0.37836367,0.11410403,0.1436783,0.5408617,0.14976372,-0.049699165,0.332569,-0.17859085,-0.38994002,-0.6230495,0.5396217,-0.3130722,0.20283134,-0.29819608,-0.25475237,0.23348193,0.5832747,0.311186,-0.33379808,-0.42656136,-0.36045176,-0.57111573,-0.5805214,-0.48579767,-0.3693427,0.2860119,-0.549712,-0.6575666,-0.23192677,0.08026608,-0.39781487,-0.45181066,0.6785058,0.09826872,0.15372424,-0.4774483,-0.042006236,-0.24571508,-0.18281929,0.26401305,-0.13614425,-0.19501597,0.49335223,-0.11807271,0.036759924,0.4215945,-0.56919974,0.06899513,0.3070179,0.09000382,0.398614,0.23207662,0.30141252,0.4479314,0.3352173,0.48680988,-0.69854707,0.3578484,-0.24020416,-0.37378997,0.51243055,-0.54287654,-0.4477623,0.1771309,-0.3582224,0.21176179,0.17927215,0.68719375,-0.1784777,-0.12647581,-0.5222716,-0.27171883,-0.25439358,0.008585412,-0.23748054,-0.34756783,0.060231484,0.01061482,0.70131344,0.32635018,-0.18201163,-0.5116347,-0.73464066,-0.13010871,-0.25736594,0.1974998,0.40024894,-0.054711405,0.13840595,0.06713984
0.11677615,-0.10782081,0.8103817,-0.23448458,0.022645444,-0.38594568,-0.47488603,-0.22834468,-0.38577962,-0.16838035,0.68080366,-0.65747267,-0.38007987,-0.36342397,0.09588162,0.42919567,0.07026377,0.149189,0.31226242,-0.26929173,0.9379647,-0.58053887,-0.15359733,0.18396756,0.9400228,-0.44609678,-0.77911055,0.25407255,0.975085,-0.42657503,-0.40317112,-0.024571113,1.0420257,0.48939165,-0.26937577,-0.5285401,0.48462072,0.0072858706,0.033723634,0.5833414,-0.13300775,-0.011956658,0.067027375,-0.325938,-0.35671902,0.6743043,-0.6090669,0.2484786,-0.3244626,0.26504022,-0.77332246,-0.3821877,0.28430313,-0.04147809,0.33622912,0.46459395,-0.4165292,-0.04477066,-0.86495763,0.37665153,-0.64202636,0.16919798,-0.72769,-0.25122893,-0.22051445,-0.02451053,-0.3945937,-0.09707439,0.3515999,0.12490466,-0.037449263,0.06499551,0.52568585,-0.15580843,-0.47452044,-0.33120388,-0.42255893,-0.01713799,-0.78911954,0.55498356,0.85529655,0.0611025,-0.28225124,-1.0561293,-0.03771457,-0.8106658,-0.45608413,-0.1523408,0.20805144,0.6224432,0.16803528,-0.5746227,0.37422287,-0.1863554,1.0420574,0.47254395,-0.6826379,0.64324224,1.1153,0.9226469,-0.495818,0.57285655,-0.13477866,0.1878248,-0.6578034,-0.08381085,0.7124204,1.1930785,-0.1587638,-0.5015585,-0.6801499,0.9710773,-0.2970551,0.51486236,1.1540216,0.76786506,-0.11674957,-0.85875314,-1.1809418,-0.09796076,1.017622,-0.14057414,-0.43478328,-0.8222426,-0.76529896,-0.0903776,1.1807523,0.16728026,-0.029077558,-0.21008176,-0.6735659,-0.12013348,0.3424733,0.78295946,-0.24549839,-0.06441406,-0.5279672,-0.8550001,-0.17778108,-0.19109342,-0.20163554,-0.6161486,0.8207855,1.0829651,-0.14752434,-1.1514533,-0.03136688,-1.0524296,-0.42041147,0.33715227,-0.02567359,0.5046032,0.7147193,0.10637712,-0.6889185,0.22252318,-0.4747244,0.04650482,-0.068403855,0.013843646,0.66986203,0.14201313,0.8461977,-0.046828117,0.21870086,0.676015,-0.8522867,0.6159612,-0.33133605,-0.53006285,0.79330087,0.04883766,-0.3153507,-0.36452332,-0.018617399,-0.0531459,-0.061393403,1.0009713,-0.31787056,0.44295698,-0.059087835,0.10642147,-0.13912685,0.24243213,0.3420219,0.29466707,-0.48045793,-0.039587624,0.077273555,0.82140243,0.06939031,-0.362785,0.34267637,-0.6988988,0.266597,0.28069577,1.0127949,0.017477907,-0.6315403,0.34732398
-0.30157426,-0.32733688,0.20397446,-0.5039671,-0.13097033,0.35184515,-0.2034299,-0.6487698,-0.15894201,-0.3262576,0.031005831,0.13670751,0.089319535,-0.051823027,0.5355433,0.046274073,-0.39771724,-0.12180706,0.1645577,-0.100916855,0.61436516,0.1983548,0.039801076,0.27391747,0.34439638,0.30290705,-0.58285594,0.33025628,0.2816279,0.5753997,-0.2505764,0.9363485,0.5925552,0.3789541,0.54610336,-0.104524456,0.6973266,0.4640895,0.19549835,0.8092784,0.632574,-0.29969186,0.8893148,0.26764667,-0.51101327,0.59514076,-0.6201032,-0.27480304,-0.8142126,0.46896183,-0.23151374,0.016909972,-0.36178285,-0.66334456,-0.17759246,0.22419816,-0.4125337,0.22064345,-0.57231814,0.35866174,-0.0046863835,0.19310676,0.16700643,0.47892734,0.63623434,0.5701022,0.45791095,1.0025243,0.21297601,0.4671273,0.14028141,0.45457736,0.27364272,-0.57725716,0.09517077,-0.15769206,0.43420666,0.46367452,0.33004907,0.57383734,0.6334237,-0.2946796,-0.3247207,-0.85044956,0.2582085,-0.15636927,-0.40406385,0.39095053,0.36510038,0.21080758,-0.43499863,-0.6522596,0.016917087,0.02604311,0.5177331,0.027309941,-0.44359568,0.8111425,0.44828823,0.51498604,-0.11891145,0.95430017,0.3543264,-0.37740403,-0.38354,-0.25133237,1.0380099,0.52096,0.47266385,-0.3604142,-0.91312444,0.5770738,-0.012066506,0.27038354,0.8696502,0.9098668,0.21449617,-0.9204038,-0.44949362,0.03913802,0.8320505,0.39703304,0.5274602,0.24033834,-0.2540941,0.56019217,0.36047593,1.2695875,0.23161723,0.5107712,0.039389167,-0.9845722,0.33727306,-0.03575766,0.17268696,-0.012410126,-0.78632,-0.7308876,-0.06994722,-0.003930688,0.2004033,-0.6644167,0.32040256,0.3043775,0.64455616,-0.017496517,-0.23294617,0.18930042,0.2509749,0.078965776,0.31043944,0.9025789,0.45593584,0.15260094,-0.13746428,0.33690485,-0.45076352,0.88044333,0.38642856,0.23128441,0.34298512,0.25336567,0.9426261,0.3848223,0.8042492,0.692373,0.03253368,-0.11999443,0.80419326,0.32968897,0.91630125,0.8251258,-0.0048416797,-0.21114098,0.6300125,0.7037616,0.0041346513,0.53098905,0.07530962,0.5243376,-0.33274546,0.5433458,1.0283585,0.61231345,0.92975605,-0.41933897,-0.33912918,1.1025395,0.31978545,0.672666,1.1845262,-0.5121622,-0.21384019,-0.50841206,0.3619506,0.4428269,0.5475254,0.34282112,0.41050726,0.21364771
1.0742097,0.65722424,-0.7961603,1.3081665,0.44247475,0.9345992,0.9549475,0.36025587,1.1735142,0.7563066,-0.8163385,-0.60105205,1.0229889,1.1626637,1.1106873,-0.69009143,1.2905712,0.84640425,0.36907318,0.051357426,-0.68492305,1.1139481,1.3771093,1.4297053,-1.2477044,0.65818584,0.7075298,0.5243572,-0.9339083,0.08419045,0.33436257,0.6642365,-0.9727904,1.7164041,0.36645445,0.57933015,0.59893954,0.060711168,0.77633005,0.55934554,-0.06448583,-0.5472644,0.90772223,1.085392,0.43093753,-0.36495376,0.50420004,0.23787104,1.3638866,0.72658455,0.9092011,0.29794958,-0.39820105,1.3420465,-0.4892987,-1.049533,0.8814882,1.2339333,1.1121997,-0.42598712,-0.19273573,0.51258343,0.24431248,0.5917611,0.45988393,1.364762,0.17831993,-0.035906058,-0.52987885,0.9185636,0.88348854,1.2640862,0.77586335,1.0055286,0.47428536,0.80593956,0.6701003,1.2800301,1.3959407,-1.2076045,-0.1710627,-0.43130717,1.0838002,0.8440729,1.2156191,0.4855952,-0.046894185,1.0165166,0.50746876,1.2971787,-0.04161863,0.4432349,1.3760673,0.6104345,-1.4248824,-0.17180465,0.3135475,-1.3903683,-0.98655427,-0.3646821,0.23657516,-1.1187449,0.9588879,0.23347314,1.3631254,0.8256133,1.0789938,-1.028256,0.9150598,1.3557254,0.99872935,-1.1462237,1.414794,-0.5051689,-1.1155756,0.51967686,1.5888723,1.0519173,0.2985129,0.6812173,-1.1424341,-0.007114657,0.6799417,0.31277853,0.5658681,1.0020614,-0.9686854,0.38163453,1.1604962,0.104408056,0.64837265,1.3289174,0.91912663,0.39795732,-0.19337425,-0.25409698,0.5956745,0.73975796,0.620743,1.2159799,0.24419108,0.8667261,-0.9615163,-0.95734715,0.6917656,0.55748653,0.0068132617,0.32571208,1.0933492,1.0506054,1.19388,0.19700624,-1.295293,-0.33408824,0.7084017,1.2010707,0.81284523,0.03339147,1.2316622,0.8238233,-1.4870932,-0.07947623,-0.7766339,1.3087416,1.247744,1.4109893,0.6982159,-1.1150976,0.6486088,0.7121579,0.6289492,0.6633565,0.75648516,-0.3183492,0.4471168,0.50008863,1.5316902,-0.8556968,-0.030361988,0.9828495,1.1296417,0.16557041,0.93213534,0.46701002,0.33387703,1.3967248,0.91379946,0.22657564,-0.8426581,0.7625446,0.0071091447,0.4284114,0.5096607,-0.4911014,0.85236585,1.9463836,-1.4225975,0.21420878,0.6664627,1.3290282
-0.25536704,-0.03597362,-0.56705755,-0.84350556,-2.0439975,-1.640801,0.19233125,-0.44497803,0.58986646,-1.2099055,0.19377734,0.15513106,-1.2921708,-0.9121478,-2.8461292,0.93370426,-0.2887804,0.4760465,-1.3440802,-0.990503,1.2569605,0.047179997,-1.0796944,-0.32220775,2.1881151,-1.2852216,-0.37966707,-1.2961631,1.3512801,-1.9817055,-1.066474,-0.07328394,1.8551167,-1.2111846,-0.2106182,-1.9502486,-4.0769644,-1.1274219,-3.1227393,-2.1545045,-1.0799745,-0.37651765,-1.4392104,-0.56082124,-0.50668466,-0.27599967,2.7337153,-0.96844757,-1.3216261,-1.3930256,-1.5657173,-0.5172434,-0.89101017,-1.831836,-0.20408443,1.1419455,-0.550102,-0.16719571,-1.4055278,-0.7874698,-0.21444575,-1.9874159,-0.35034284,-3.1118715,0.48937595,0.20347987,-1.1650753,-2.1816103,2.1045184,-3.658535,-1.3459495,-0.19638956,-1.1474226,0.03154217,-1.0337789,-1.8094758,-0.8714,-0.72060436,0.3089844,-0.37233874,1.1830119,0.15821047,-0.5852206,-1.0781925,-0.5953169,0.15031008,-1.1570426,0.84057075,-0.85581595,-0.82057166,0.11514591,-0.50020987,-0.82831204,-1.6634535,2.5071402,-1.1279314,-1.4866385,1.2352839,0.321478,1.106789,-0.12995344,0.12950377,-0.21491887,-0.7658309,-0.7578554,-2.0638514,-0.93128365,-0.37481123,-2.492168,-0.6129594,-1.445261,1.5415684,-0.019626454,-0.30161506,0.77607954,-1.2754056,-1.225378,-0.64483213,0.087433085,-2.5778592,0.30986953,-1.9957844,0.033174943,-1.6767746,0.03466465,0.20798242,-0.13080822,-0.9739589,-1.9218713,-2.467147,-1.3924716,-0.8795286,-0.20838898,-0.71701175,-0.7932483,-0.7330579,-1.1663911,-1.481124,-2.2492385,-0.048633523,-0.23737496,-1.5670745,0.11352115,0.4818075,-2.1333594,-1.2779863,-1.2887855,-0.93075913,0.15072224,-1.2550446,-3.895731,-2.2191823,1.6139964,-0.50140804,-0.7332663,-0.90594614,-1.1339133,-1.2568042,0.024356652,-0.7953141,0.9246605,0.6646824,0.668078,0.61128694,-0.08624971,-0.5804905,-2.0969248,2.3326695,-1.8015324,0.27411953,0.38201472,-0.5107772,-2.3383203,0.72547567,-2.6585531,-0.8901948,-0.35355374,-0.07207234,-1.4816651,-0.63963944,-0.90351087,1.760942,-1.3049601,-0.1876864,-1.3510312,-0.20778075,-0.40644068,-2.2874196,0.12344055,-0.803044,-0.3540516,-1.0530913,-0.22164592,0.1099073,-1.4013098,-1.146679,1.3548834,-1.8223237,-0.29516244,-0.26159394
-0.9411423,-0.63123596,0.72883433,-0.6214741,-0.27442726,-0.79546916,-0.22332276,-0.2625508,-0.902928,-0.5958336,-0.13145833,-0.33634263,-0.1498713,-0.21541895,-0.3065498,0.56661785,-0.623422,-0.9498266,-0.188977,-0.5064702,0.72399,-0.42065427,-1.0503423,-0.5442895,0.4860682,-0.70233554,-0.489272,0.2553247,0.64254576,-0.52849513,-0.36514667,-0.08291833,0.6247062,-0.64961064,-0.8403163,0.031650513,0.3988913,-0.37177515,-0.26947507,-0.30450344,-0.50215364,-0.043209657,-0.36153758,-1.083888,-0.23011903,-0.24225882,-0.5555703,0.07347511,-0.23431543,-0.57043946,-0.8348341,-0.42610976,0.0835014,-0.4411909,0.72413063,0.2932973,-0.3417999,-0.96480167,-0.9834549,0.13551141,-0.82504475,0.15313448,-0.9754466,-0.3172505,-0.13903517,-1.0654534,-0.28615424,-0.4298659,-0.36762735,0.13251185,-0.12999573,-1.3412864,-0.15589619,-0.38045633,-0.11825837,-0.340282,-0.49325383,-0.6456874,-0.8230137,0.8108323,0.11587696,0.11844106,-0.88597983,-0.37354654,-0.43512762,-0.2932429,-0.7856428,-0.08819485,-0.58279765,0.10483922,-0.24520043,-0.15486456,-0.7054464,-0.6163587,0.36193103,-0.016299572,-0.7902984,0.16512746,0.0039419252,0.53576565,-0.8246355,0.29785562,-0.6220563,0.33912382,-0.74299276,0.06392205,-0.9407763,0.585255,-0.30784702,-0.27587324,-0.19583043,0.5043538,-0.85036355,0.45410562,0.6051073,-0.3487972,-0.44919252,-0.7466437,-1.2671834,0.5348362,0.20131451,-0.045055322,-1.0013136,-0.8233274,-0.29068667,-1.088957,0.24194747,-0.78396446,-0.95951784,-0.34877336,-0.8362624,-0.40752372,-0.46355587,0.73847526,0.11091653,0.3186251,-0.5792438,-0.6558327,-0.81199753,-0.9152362,-0.24000621,-0.7514902,0.215842,0.8668356,-0.8274473,-0.55036515,-0.33588928,-0.8851548,-0.8803147,-0.77639127,0.12064755,-0.0761563,0.45019215,0.33245417,-1.4312828,-0.95553017,0.099929474,0.039593652,-1.0847231,-0.42843124,0.3887419,0.40965265,0.6124562,-1.2640878,-1.0850935,-0.77571607,-0.8775734,0.27271813,-0.50797725,-0.67085874,-0.8035701,0.07432034,-0.11898229,-0.74919915,-0.48515654,-0.5581563,-0.89178103,0.16599779,-0.042721294,-0.3030915,0.10506472,-0.38581502,-0.58704937,-0.4257788,-0.17466582,-0.7302921,-0.9370264,-0.38150287,0.15477848,-0.58729726,-0.82575744,-0.7918405,-0.1239358,-0.40601072,-0.07308826,-0.5641312,0.5949366,-0.22179809,-1.2173263,-1.0208805
0.56744945,0.09376553,0.5947403,0.20709032,0.064564124,0.11219719,-0.342099,-0.13880426,0.26220146,-0.2192275,0.35121006,0.100049384,-0.33848256,-0.3731406,0.08051772,-0.0059452616,0.5196812,0.648333,-0.01584335,-0.31945673,0.71628207,-0.24890356,0.33472452,0.6730549,0.40325072,0.12349654,-0.56207913,-0.24015537,0.2139421,-0.048214886,-0.45231992,0.23264526,0.5932322,0.8682061,0.21439393,-0.504033,0.25496495,0.10049192,0.09252142,0.66555095,0.033267144,0.08977989,0.38685668,0.4274735,-0.03793423,0.5255304,-0.122138426,-0.1887078,-0.027134452,0.59656227,0.13787743,-0.11288886,0.18954225,0.1819498,-0.45166117,0.2740797,-0.6116211,0.5227375,-0.28077477,0.12997456,0.019549055,-0.035566226,-0.01094849,0.025917495,-0.07130976,0.90150917,0.11918808,0.18121989,0.14854208,0.31365466,-0.015299009,1.0188949,0.7750178,-0.19641782,-0.43448597,-0.35553476,-0.06556981,0.4906231,0.05290597,0.11860501,0.66856724,0.066849336,0.40258834,-0.40041435,0.593898,-0.46681446,-0.27091104,-0.17987272,0.46412623,0.6015405,0.07698051,-0.44624183,0.6649542,0.11857219,0.3649318,0.2995554,-0.74444616,0.46029794,0.4953069,0.39168954,-0.11527753,0.47695476,0.057708386,-0.09867898,-0.09948328,-0.16599706,1.0115861,0.6017563,0.15531603,0.072901614,-0.57001203,0.02114772,0.3866892,0.64308375,0.032875013,0.6664872,0.63766795,0.015649933,-0.72720164,-0.06330531,0.556198,-0.13277256,0.32222894,-0.2087134,-0.43677485,0.7808983,0.7785009,1.0725415,0.36908317,0.19526136,0.11783423,-0.0969144,0.0547032,0.33780447,-0.1303199,0.40079743,-0.24893449,-0.64664763,0.24922857,0.4491307,-0.32859254,-0.31189194,0.44025415,0.20904139,0.70833355,-0.43420258,0.24219379,-0.13104562,0.09904547,0.46167222,0.24039459,0.3113064,0.3038739,-0.08408428,0.3272683,0.9644674,-0.600713,0.35443157,0.66861635,0.7051187,0.13183427,0.2037125,0.25517604,1.000345,1.0326779,1.019962,-0.37145796,0.42267406,0.1019517,-0.04874327,1.2144817,-0.29558995,-0.14284816,0.1665554,0.034454066,0.3563478,0.58348024,0.970924,0.09647785,0.44732243,-0.3048793,0.07965064,0.13085759,0.03673788,0.3386527,0.43439308,0.1571638,0.570337,0.6196148,1.1011058,0.5972644,0.111017175,-0.2983053,-0.15945959,-0.02117751,0.4426808,0.41072708,-0.12300043,0.35515672,0.5728489
0.49262118,-0.14535771,0.5420916,0.08876814,0.21863149,0.288108,-0.74365264,-0.32667288,0.6265238,0.08254956,0.65632355,-0.17323433,-0.23962572,-0.15662903,0.6401197,-0.21265006,0.51598716,0.8499257,0.24596164,-0.33755344,0.9682401,-0.5393761,0.57445073,0.91057473,0.5407958,0.3046132,-0.7360171,0.031411085,0.42123666,-0.055859525,-0.2089341,0.3101936,0.7194832,1.1614355,0.5958045,-0.51061815,0.41558677,0.4107921,0.105959274,1.0764723,0.21487372,-0.034959808,0.6966536,0.6962883,-0.5502632,0.47779906,-0.15275061,-0.058234278,0.23481598,0.87368846,0.1708591,-0.13261992,0.20725045,0.5279593,-0.38657218,0.20377111,-0.8114287,1.0032622,0.045426823,-0.27886245,-0.23077317,0.17946339,0.15563725,0.18076012,-0.3528825,1.2473261,0.06654845,0.36388046,0.38817385,0.23913786,-0.15791985,1.3286346,1.1451573,-0.90736413,-0.5116981,-0.33331317,0.017928053,0.8439867,0.26915506,0.13822523,0.757044,0.14142889,0.48888254,-0.5781455,0.89207816,-0.82169795,-0.51338863,-0.17922597,0.8093398,0.76655924,-0.01445549,-0.7063219,1.2401662,0.55440533,0.54059964,0.12396748,-0.98936194,0.5697147,0.6286977,0.5185514,-0.21826226,0.69054955,0.24474478,-0.01532094,0.34007314,-0.013743067,1.627072,0.78785616,0.3770171,0.50808674,-0.3201557,0.5038012,0.8489193,0.54848796,0.066785075,1.0372488,1.0340979,-0.071496285,-0.8120451,-0.29932174,0.6388858,0.014445237,0.7412466,-0.11874612,-0.4976159,0.9884779,1.023678,1.3365889,0.7004014,0.30381653,-0.032296535,-0.46378934,-0.26192075,0.113604404,-0.38815388,0.28795725,-0.84986055,-1.0576267,0.38008192,0.49902397,-0.18157539,-0.12296273,0.6847939,0.46421745,0.79998696,-0.552525,0.15623799,-0.19225131,0.47214866,0.930184,0.25023952,0.68641573,0.76066613,-0.15547648,0.4457106,1.4505519,-0.70864284,0.7781007,1.26469,0.937246,0.07712565,0.6891482,0.43394226,1.2068524,1.5342306,1.555347,-0.32799178,0.42372018,-0.04788886,-0.03218416,1.4817741,0.1284531,-0.36962187,-0.049391642,0.0853685,0.74264187,0.9360456,1.0300785,-0.053898633,0.8243384,-0.08141196,0.19072805,0.72776043,0.5114041,0.59418577,0.27966535,0.24518104,0.73955774,0.65104824,1.5746869,0.86648256,-0.207047,-0.5344817,-0.40303674,0.35224387,0.903973,0.4310489,0.31704947,0.7813618,1.0200218
-1.07761,-0.41418293,0.015091233,-1.2058978,-0.37565774,-0.9718737,-0.9569645,-0.80454266,-1.5132312,-0.8423465,0.2216249,-0.21159779,-0.35411748,-0.63757455,-0.7323916,0.036131393,-1.0005679,-0.48067927,-0.27157488,-0.18681039,0.8409775,-0.5229624,-1.0876157,-0.75396115,1.045848,-0.82631356,-0.3411348,-0.023767386,0.25453597,0.019892542,-0.6797991,-0.3099283,0.9142179,-1.3070114,-0.20373458,-0.14855386,0.35237584,-0.05840149,-0.7680709,0.104414046,0.011196371,0.034413695,-0.3280105,-1.3270767,-0.43172905,-0.22284044,-0.7316573,-0.0856016,-0.89562845,-0.83483124,-1.223758,-0.37454486,0.2425669,-0.7469487,0.26418388,0.9360952,-0.4560767,-1.2075293,-0.99341875,0.39411893,-0.45336834,-0.70559984,-0.04312074,0.14394988,-0.11986938,-0.9721179,-0.41877058,0.07399981,0.5130552,-0.21218255,-0.53174394,-1.2280347,-0.7193638,-0.8080424,-0.6003116,-0.5538064,0.22412819,-0.84056234,-0.8896182,1.113595,0.3807867,0.20653425,-1.185043,-1.2441388,-0.8898125,-0.9773203,-0.33383086,-0.18519655,-0.48909175,-0.80848426,-0.45303166,-0.4377263,-1.0011145,-0.94719446,0.60675734,-0.08346456,-0.82769924,1.3551106,0.44311455,0.2767482,-1.0683647,0.38215655,-0.46403167,-0.4136158,-1.1640816,-0.3005733,-0.6268497,1.2296467,-0.7542806,-0.84346527,-0.8129795,1.4055756,-0.9629892,0.47467768,1.2839652,0.23711018,-1.0748441,-1.0301429,-0.97370696,-0.42346308,1.3563685,0.1043913,-0.8354452,-0.8581505,-0.49997476,-1.070736,0.769253,-0.37497258,-0.9997652,-0.010673158,-1.3211315,-0.96619666,-0.64192617,-0.2867387,-0.18632859,-0.35660547,-1.012717,-1.113207,-0.67453766,-0.67834514,-0.3477094,-1.1080321,1.0824534,0.34837103,-0.54115456,-0.76245487,-0.44770154,-1.1468825,-0.7921542,-0.5356339,0.24662985,0.30684933,0.5594318,0.34943172,-1.5217077,-1.494409,-0.71489376,0.47760615,-1.2626535,-0.8130354,1.185224,0.304165,0.49804172,-0.7287411,-0.9769167,-1.0974622,-1.2052124,0.25064796,-0.47851467,-0.5055261,-0.82201755,-0.37730548,-0.28596425,0.055755645,-0.34097618,-0.6786117,-1.4539424,0.45311403,-0.058055736,-0.19961499,-0.8025192,0.25170723,-0.39744326,0.19848196,-0.15220211,-1.0523316,-0.599983,0.04013955,0.22138876,-0.46190414,-0.6085922,-0.89519095,-0.38912302,-0.15400246,-0.45231494,-0.85897434,0.8701756,0.56335163,-0.82819784,-1.2842013
1.6813947,2.1442704,-0.17813754,1.4597268,-0.25671214,1.039561,0.30075508,0.34223443,0.07583198,0.49397022,0.708849,-0.71255547,0.042324748,1.3174925,0.5691006,0.811888,1.9247503,0.6775626,-0.72146004,1.5307298,0.17945156,0.37989601,1.0668919,1.7703003,0.49078718,-0.16122892,0.53068805,0.22649562,0.40583962,-0.58383167,1.0868436,0.4311654,0.3466524,1.4699869,1.0932393,-0.2746647,-0.6552334,-1.2198741,-0.09848359,-0.48149246,-1.2569197,-0.24652004,1.0306269,1.7455618,2.6260886,2.118796,-0.0715743,-0.19496968,0.41808963,1.2095643,0.056531094,0.8534255,0.98885375,0.407533,0.12530674,0.40099704,0.8031938,1.5854189,1.1150848,1.1769888,-0.16983084,-0.21900718,1.4141699,-0.7834446,-0.3800715,1.8350506,-0.83531487,-0.79248816,0.06125301,-0.55483294,0.45215258,1.3968467,0.46627277,0.6126558,0.6302393,0.8142457,-0.017734446,1.3307965,0.29561839,0.5266103,0.6394186,0.7326503,1.3756973,-0.014685037,0.5342322,0.2717274,-0.65397453,0.06579009,1.1830049,0.6983528,-0.41575772,0.44151407,1.4102365,0.66877437,0.19455878,-1.2298185,0.46510702,0.10537428,0.6606699,0.6813827,-0.1646012,1.0913072,0.62098587,0.09371752,0.52303636,0.28025335,0.70081306,0.6322421,-0.07414074,1.0134379,0.7794415,0.17948875,0.599037,1.0455978,-0.21300648,-0.36237836,0.5679787,0.9983759,-0.1734703,-0.26958796,0.26869437,-0.8419963,0.89946425,0.21850847,0.027232487,0.2983713,0.40754205,-0.38692075,0.50479305,-0.50705194,0.40976486,0.4607314,-0.2233322,-1.4667394,0.38671458,-1.0542928,0.8125254,0.047978055,0.6135342,0.1571187,-0.30284876,0.39506117,0.8013965,0.40736035,0.21592808,-0.47002605,0.659788,-0.032106083,0.6456629,1.7261132,-1.2055551,-0.21140978,0.4448997,0.050861143,0.79392403,0.8327085,0.1259317,-0.3295447,1.0701176,0.1165891,0.4444693,-0.5897735,-0.09080911,1.5892165,1.3852855,1.4077895,-0.121197805,0.40043938,0.3770507,-0.32012793,0.85868275,0.13334197,0.26843333,0.5969372,0.43462333,0.55866027,0.7984765,-0.16982229,-0.027421348,0.48826194,1.395288,-1.1208661,0.18556085,0.25937593,-0.5574616,1.2412888,0.5452138,-0.4140491,0.24013016,0.024961838,-0.7030851,-0.31742516,0.2307702,-0.1299195,1.1031823,2.1089637,-0.04482216,0.445692,0.62318176,0.7696874
-1.4322792,-1.9424926,-0.17440277,-0.90982115,0.040988952,-0.87406427,-0.8550292,-1.4783869,1.1375622,-0.22073065,-0.025369873,1.3353927,1.675159,-0.21011405,-1.9385315,-0.913493,0.027132437,-0.08995474,-1.1594887,-0.50376433,0.085999414,0.5459437,-0.5688801,0.44228378,-0.30967715,0.5809768,1.3116167,0.046463344,0.97833586,-1.2612468,-1.3643444,1.5775158,1.1918885,-0.26112235,-1.025252,0.98420745,-1.0610869,-0.69321805,-1.0643332,0.15945973,-0.723747,0.8042556,-0.09362404,-0.6820534,-0.057498023,0.35756573,-0.19162649,-1.2422919,1.0816418,-1.2089125,-0.3936632,-1.4960759,0.067841485,1.0046244,-0.11788144,-0.78366554,0.34824613,-0.13381997,0.64942366,0.8522705,-1.2337506,-1.6185676,-0.9981386,-1.2816099,0.7658232,-0.18834797,-0.73254967,-1.5386494,-1.3532228,-1.5653158,-1.2278577,0.68455523,0.8695899,0.27709207,-0.23809454,-1.6181198,0.18416062,-0.29869744,0.0032613557,0.08210284,-0.20952235,-1.0461721,0.27153182,1.5537958,2.1105404,0.31439087,-0.35449436,1.395581,-2.3143656,-0.6987985,-1.0004921,-1.2224094,-1.2622722,-0.28537762,-0.19366606,-0.5185421,-1.3712808,0.33336493,-1.3711681,-0.93480366,0.6173975,0.055248693,-1.3993318,-0.094387636,1.029519,-1.3617674,0.09473678,-0.9288078,0.69505304,0.8060455,0.53806794,-1.088677,1.0366709,-0.62592643,-1.2888244,-1.1051109,2.2683213,0.25868508,-1.0784578,-0.965809,-0.5803491,-1.0884546,-0.1196612,-1.4220957,-1.017457,0.62209016,1.1897757,0.9093317,-1.3450428,-1.7838165,-0.5166249,-0.39671737,-1.5828866,0.5497982,-1.9064518,3.0237014,0.9899993,-0.6891149,-0.257684,-1.4858875,-0.038583793,0.65685195,0.3759532,0.61747426,-1.2393782,0.5903401,-1.0674918,0.54669446,-0.53404737,-1.114096,-0.40329367,-1.4246926,0.27654308,0.56290686,-0.4446265,1.2622415,0.18479304,-0.5404411,0.18673728,0.14905205,0.053171013,0.23148334,0.28078336,-0.25936106,-0.4512416,0.009487666,-2.1104906,-0.7389131,0.94865966,-0.81165624,0.025848083,-0.82869637,-0.9216763,-1.3532289,-2.3381379,-0.23563834,0.71353585,0.53168917,-0.6474141,-0.67832947,-0.9068901,-0.5195825,-1.331675,-0.8504539,-0.9032866,-1.4424372,-1.086048,-1.1639543,0.50610656,0.45219192,-0.37596402,-1.9103272,-1.6722583,-0.3727292,-1.9439199,-0.8197076,-0.35494363,-1.4554211,-1.127183,-0.40947425
-0.3065341,0.081275806,-0.31709453,-0.48856425,-0.74928147,-0.5069745,-1.0079714,-0.8076562,-0.5195482,-0.93076855,-0.14851458,-0.050167754,-0.6558874,-0.6696373,-0.9580287,-0.0052656718,-0.3961745,-0.047270156,-0.51802295,-0.38702762,0.4666742,-0.5961352,-0.5435767,0.06707707,0.6102494,-0.8249436,-0.3938999,-0.59196466,-0.32475471,-0.43439376,-0.7106574,-0.4850632,0.22045322,-0.25398844,-0.06136144,-0.50932324,-0.61008626,-0.28631473,-0.9568528,-0.35878253,-0.2799994,-0.5807913,-0.18997085,-0.330921,-0.07655149,-0.28325585,-0.06871033,-0.55648047,-0.8684644,-0.1667089,-0.6825143,-0.34835404,-0.8674511,-0.6219836,0.030538265,0.398157,-0.6151702,-0.33135656,-0.8114609,-0.24398933,-0.5995204,-0.29424214,0.11802216,-0.62446386,0.1317644,0.074202456,-0.49352673,-0.9034797,0.11328992,-0.99406165,-0.6653666,0.09385736,-0.121010624,-0.54304373,-0.7353437,-0.8304894,-0.3141141,-0.37359735,-0.40068528,0.0742651,-0.023399232,0.27491352,-0.31163222,-0.9930757,-0.3708912,-0.74664867,-0.31183007,-0.35231787,-0.22102532,0.3109436,-0.39671695,-0.14941907,-0.14773518,-0.40850693,0.41923812,-0.48752123,-1.1219037,0.7488812,-0.19796178,-0.21035898,-0.9699604,0.27260804,-0.0561337,-0.31120068,-0.6651733,-0.5456733,-0.1040344,0.50901294,-0.98767835,-0.22895055,-0.7609612,0.71753716,-0.14939427,0.4861228,0.705549,0.07378502,-0.1763188,-0.4177678,-0.6328119,-0.5546572,0.69463104,-0.40276444,-0.064431,-0.81129205,-0.56455326,0.058231805,0.023067972,-0.24547775,-0.87029207,-0.68490964,-0.63880515,-0.638518,-0.41851836,-0.013461394,-0.2806871,-0.48370683,-0.89622307,-1.0891342,-0.71476984,0.052292056,-0.37615737,-0.87633026,0.42725065,-0.3669708,-0.4035327,-0.72175294,-0.25047457,-0.8179619,-0.38453907,-0.06309802,-0.5479617,-0.31626454,0.33555555,-0.15965351,-0.5068782,-0.11680991,-0.6185785,-0.025551338,-0.27669597,-0.26266295,0.4424634,-0.14459905,-0.014680939,0.05981217,0.05890851,-0.114117526,-1.1394747,0.1124928,-0.7629785,-0.7425618,0.24758452,-0.41315654,-0.7501142,0.07097711,-0.64200425,-0.4477992,-0.18563646,0.3088436,-0.6250951,-0.17595086,-0.58153903,-0.29083362,-0.6353711,-0.053459823,-0.43714207,-0.5707294,-0.22279401,-0.40770543,-0.67513496,-0.068175964,-0.3064111,-0.5871755,-0.71760887,0.35806227,-0.6733054,-0.29671034,0.50305295,0.09452815,-0.3832966,-0.28770983
0.8764016,0.4304211,-0.96811277,1.3919294,1.8851557,1.1574905,2.000895,0.11789546,1.614899,1.9621733,-1.6166712,0.6822486,2.5781713,1.751992,0.8702724,-2.1819334,0.10428636,1.8789765,1.0316999,1.153219,-2.2204876,1.8341719,1.2162635,0.74496764,-1.717343,1.8031026,2.2627401,0.6810983,-2.289702,1.2628939,0.5286268,0.9879027,-1.7863559,0.8522877,0.9067481,1.739762,0.5190094,1.2265297,1.1213857,0.57760054,1.143744,0.41161078,0.7987639,1.166059,1.1528898,-0.13050516,1.3637213,1.1968777,2.1612515,1.0105836,2.031024,1.5957493,-0.8855375,2.706199,-0.00034522568,-1.6055288,1.5478683,1.8651667,2.1375992,-1.0058211,1.4384044,0.52417445,1.6417737,1.5684291,2.5046809,1.4350902,1.1235431,1.5962616,-0.9383594,1.0601741,0.94571924,0.9259437,1.0661386,1.7549213,1.6137116,1.2435712,1.957592,1.0342804,1.9047538,-2.1812432,-1.3275983,0.08029103,1.7047645,1.9131186,2.0270176,1.988522,1.222708,1.7365197,-0.24700814,-0.265062,0.745247,1.2446369,1.0814663,2.11452,-2.7132947,0.7550732,1.2094711,-2.0070717,-1.7702124,-1.7600846,2.1880133,-2.7569396,0.94440144,0.54245013,2.1909213,0.72133476,0.7742619,-2.4135427,1.9320676,1.0479721,1.4808309,-1.8121139,1.4311767,-1.9457114,-1.6188871,-0.16393238,0.9789997,2.1930392,2.1927445,0.27140513,-1.9075911,0.38302875,1.904242,1.3465854,2.1386025,1.6125175,-1.3081212,0.93867105,1.3608449,1.3050213,1.8302461,1.5935284,1.3255498,0.7622543,1.2980843,-0.9139705,1.055194,1.653337,1.858082,1.5472413,2.3083255,1.7043885,-1.8323687,-2.653502,1.3451668,2.0232978,0.18746409,1.8613405,1.0064529,0.98040867,1.2774054,0.39774573,-2.480088,0.68645966,1.4992316,1.5062491,1.1990072,0.34276012,1.5156028,0.54530823,-1.7151362,-1.5910906,-1.8019583,0.93724465,0.3115886,0.67917854,1.537617,-2.3552265,0.95688826,1.5017668,0.40354905,0.23509927,1.4060289,1.4661627,0.9792887,0.9085634,1.6983014,-1.7315289,1.461053,0.31546533,0.81938714,2.3423305,0.88870996,1.1365618,0.42944506,1.3445691,1.6796082,1.1508138,-1.9212214,1.1297928,1.4833748,1.323143,0.9536773,0.31867996,0.9501144,1.2180073,-2.6897035,0.4535973,1.6435723,1.0373054
-0.45716268,0.17284663,0.46226627,0.27285933,0.75874317,0.12143096,1.3919976,0.8197593,0.1784664,0.4736001,-1.042562,-0.5564087,1.0316436,1.149953,0.086475946,0.49145418,-0.2755857,0.27727064,0.54677683,0.9050335,-0.74248224,0.8376731,0.21772084,0.81542283,-0.009158473,-0.35115013,0.49785244,-0.0891296,0.47787187,-0.16660686,0.86386645,-0.384476,-0.8276865,0.16363825,-0.16422662,1.4180039,-0.22413924,-0.042507462,0.70737314,-0.7761145,-0.85262716,-0.24387561,0.11380842,-0.27022654,-0.037347957,0.33254775,0.171698,0.8120476,1.3282697,0.17251794,-0.12117616,-0.17493145,-0.0046469495,0.59733015,1.2745895,-0.53602135,0.73923767,-0.17963915,0.72157353,-0.11064143,0.054624155,0.0047105234,0.3974613,0.24726094,-1.0632079,-0.29471827,-0.3753666,-0.60391134,-1.3899101,-0.14374493,0.5033516,-0.35968408,0.50243795,0.19820826,1.0588536,0.6339759,-0.23630261,0.07360029,0.5231536,0.40767664,-1.5862314,1.157704,0.3332116,0.9796504,0.9351073,1.4467944,0.9760248,1.0532657,0.30095994,-0.23769583,1.1031756,1.4343687,0.40935582,0.26438028,-0.5743195,0.048513647,0.74419737,-0.88850516,-0.6088155,-0.46009448,-0.047730163,-0.1795084,0.7591198,1.2227976,1.1456617,1.1625353,-1.0004605,-0.8600702,-0.03641367,1.2998731,1.3960388,-0.47707504,0.9003468,0.17870535,-0.36143538,-0.23903935,0.6286841,0.8836883,0.032411497,0.60496193,-0.8259173,0.07113085,-0.050507594,0.26174834,0.53841525,-0.7901823,-0.4850586,-0.516151,0.1293377,0.27257022,0.061138187,0.4360844,-0.15406075,0.37397584,1.2061216,-0.037623666,0.35093108,0.52564955,0.25306025,0.10675723,1.0610894,0.9444112,-0.96132606,0.20013088,-0.21444054,0.35689366,-0.33312207,-0.20315537,0.28871745,0.30773297,0.0548539,-0.023583107,-0.06265954,0.10383726,-0.38306555,0.2464016,1.6589603,-0.47053793,-0.19614805,0.249421,-0.41598648,-0.6358079,-0.71903944,-0.6988641,-0.35194284,0.050396107,-0.18040341,-0.20699437,-0.3055663,0.17944269,-0.04938651,-0.045500293,0.49271053,-0.36831197,-0.14734295,0.14965665,0.16114786,-1.4544457,0.62972057,0.22029266,1.3266227,-0.30608726,-0.28395724,0.2166094,-0.45354098,-0.4555256,1.2074472,-0.21637315,-0.53391063,-0.08776131,-1.3971051,-0.69431925,-0.03566403,0.5660449,0.9748402,1.2442849,-0.33615196,0.43609202,-0.57934695,0.11751021
-0.8976755,-0.021721747,0.017671071,0.040616855,0.6216564,-0.3137301,0.49408928,0.10243777,-0.011711406,0.3013243,-0.26440382,0.92809683,0.6849183,0.4140213,0.06699167,0.25175318,-0.80797833,-0.8393796,0.031441763,-0.27118376,-0.8068448,0.2488237,-0.63996613,-0.48192856,-0.48147133,0.4331559,0.6590214,-0.17304382,-0.40381825,-0.1441013,-0.21820551,0.06977458,0.030445814,-1.297938,-0.3577128,0.10879452,0.52672106,0.07274745,0.4973092,-0.34357798,-0.1201172,0.1376663,-0.17398357,-0.9905935,-0.48792163,-0.07699318,-0.6154306,0.33157536,0.6572508,-0.7933834,0.41917154,0.18000075,-0.069355614,0.20397739,-0.3253786,0.2070436,0.5854088,-0.87539977,0.37530392,0.32988772,0.9221411,-0.30001673,-0.13019478,0.49119097,-0.5822343,-1.2015839,0.14538553,0.13469489,-0.11474745,0.6698713,0.1633507,-1.2127786,-0.48886436,0.6219399,0.4696194,0.35247502,0.8805889,-0.51341486,-0.63092804,0.19115327,-0.23088688,-0.61854947,-0.5107574,1.0753726,0.25608897,0.18772295,0.5051594,0.5281153,-1.0635693,-1.1215086,0.44240892,0.101161726,-0.8945206,-0.43602848,-0.59769267,-0.16766228,0.19385599,-0.24429102,-0.4195607,-0.39433703,0.2609384,-0.76137424,-0.8177533,0.7993032,0.51416016,0.088697106,-1.2782758,-0.39159322,0.49786842,-0.11182,0.47507584,-0.43724787,-0.42692554,-0.41221005,-0.7224798,-0.6311761,-0.31494522,0.26135698,0.66701293,0.4080432,-0.79217494,0.0608683,-0.7459066,0.33118063,0.053280372,-0.23896061,-0.380198,-0.018640785,-0.1697691,-0.07560629,-0.09260052,-0.17204441,0.033209585,-0.5297549,0.12081463,0.3888587,0.005946028,0.5669734,-0.24225533,-0.7503389,-0.11258678,0.4877304,-0.83490926,-0.040897988,0.07864841,0.22217445,0.07186375,0.36668643,-0.6828568,-1.0762058,0.8115764,0.11685972,-0.58222866,0.89740986,-0.6641972,-0.6614473,0.09429308,0.16605033,-1.0962719,-1.1153299,-0.008478038,-0.31925884,-0.67904645,-1.4664651,-1.3321542,-1.5492742,0.44150925,-0.5812272,0.31035042,-0.43482238,-1.6229695,-0.5024034,0.12211121,-0.41273403,0.23359092,-0.017830856,-0.42472327,-0.52558357,1.0228436,-0.6407916,-0.023232909,-0.54613334,-0.19655873,-0.27972806,-0.24674766,-0.9790224,-0.34096593,0.25256553,-0.61253303,-0.9193273,-0.050532997,-0.25675818,0.20288572,-0.5497282,-0.25087485,-0.62494004,-0.64781773,0.26864424,-0.2225431,-1.3839756
0.027446171,0.34216088,-0.13779935,0.12415716,0.7264221,0.24561182,-1.0498693,-0.1515832,-1.0972964,0.12760146,-0.23238985,0.15881076,0.14853656,-0.8148738,0.30712247,0.45827663,-0.33438656,0.3901999,-0.2165097,1.0422292,-0.34393275,0.2619588,-0.08133489,-0.9414614,-0.035749845,-0.15070502,0.49486423,0.09247254,-0.22106269,0.93562657,0.68477124,-0.70359325,0.2095894,-0.6441143,0.7796057,0.4882305,0.10985415,0.6668387,0.48428696,-0.24311475,0.71497434,0.38814962,0.08386238,-0.36750853,-0.02867744,-0.02458412,0.4971969,0.6370917,-0.7603446,0.4865551,-0.27411973,0.57903534,-0.0029672235,-0.355137,0.25743455,0.45366025,0.586812,-0.49521625,0.047370046,1.0242397,0.8888843,-0.010972226,1.3938464,1.0874486,-0.09296727,-0.16299185,0.76493347,0.75545555,0.016140014,0.02890945,0.10815101,-0.69512993,-1.0025811,-0.37457564,1.019412,0.3943664,0.7604794,-0.5354663,-0.46959844,0.62089324,-0.94514745,1.1106261,0.0023045428,-0.47101086,-0.96834594,0.51125884,0.6922807,0.5550722,0.6883953,-1.0388402,-0.3137073,0.58997047,-0.4029649,0.24200873,0.005482655,-0.08892411,1.2677057,1.057372,0.28922698,-0.11579311,-0.15870455,0.053955566,0.81204236,0.1203374,-0.67638135,0.26423797,-0.70247155,0.6248735,-0.81376445,-0.6498752,0.32630506,0.05407689,-0.93537325,0.6597359,0.5429437,-0.399367,-1.6681881,-0.47179207,0.075063154,-0.20374796,0.69934577,0.6413559,0.5006053,0.6551036,0.29391742,-0.75495476,-0.5610825,-0.7810144,0.011528278,1.0888495,-0.56172794,-0.42059237,-0.12874052,-1.0146822,0.773567,-0.59821063,0.454747,0.58743906,0.6867827,0.21512485,0.6392006,-0.20364352,-0.06913954,-0.0391552,0.125861,0.41994235,0.26422697,0.07382727,-0.2069689,0.7378161,0.18590134,0.7383061,0.17505857,0.3879003,0.10855564,-0.89531803,-0.53051436,0.78440076,-0.88367414,-0.32447124,0.6347791,-0.9383941,0.122326255,0.102680385,-0.6971263,-0.6742008,0.26945272,0.0888718,0.24921572,-0.20467867,-0.49678263,-0.67165774,0.6350563,1.2943877,0.41774684,0.651288,-0.9660638,-0.2962034,0.88926256,-0.6507677,-0.09861788,0.5788565,0.24294233,1.1158363,0.2576993,-0.29145712,0.74127585,1.0817511,-0.03602025,-0.9987417,-0.232176,0.47718385,0.5845153,0.4332823,0.8469173,0.30560043,0.8227637,0.55010575,0.00640315,-0.62726045
0.358546,-0.31093553,-0.07056446,-0.6848666,-0.40430716,-0.05241713,-0.67142236,1.1573668,-0.5442521,-0.1370465,1.5370617,-0.93338436,-1.1660216,-0.4563869,-0.08460257,0.5148333,1.1870955,1.2173641,0.9169923,0.33879608,0.6328001,-0.28877088,-0.033428416,-0.6214783,0.35144135,-0.9116559,-1.4075304,0.22859031,0.82759243,-0.5178869,0.41861472,-0.50393164,-0.17608927,0.021827687,-0.16825081,-0.7020314,0.6874802,-0.341277,-0.20001353,1.1901144,0.53367215,-0.77106744,-0.23551702,-1.1314721,-0.29451096,-0.066514865,0.2912358,1.2646203,-0.5472054,0.07514866,-0.33543718,-0.84486324,1.05064,-0.33140016,0.55295277,0.043118045,-0.6838186,0.147125,-0.79416114,-0.36020437,-0.15056588,0.28335726,-1.1303569,-0.59538823,1.145987,0.2076235,-0.72848713,-0.26441824,0.5507232,-0.47675532,0.4457951,-0.21879311,0.34613866,-0.17017768,-1.2525873,0.6909226,-1.4711764,0.0015281131,0.31604615,-0.19593833,0.14873765,0.8960632,0.19798544,-0.8950591,0.13346747,-0.2956984,-0.42819712,-1.4417046,1.0281804,0.66397077,1.7511222,0.43578294,-2.6579946e-05,-0.6500007,1.2282679,0.6881646,-0.22931491,-0.6871591,1.6131264,0.68678576,0.17301473,-0.55510813,0.2984869,-0.5071866,-0.6043285,0.8509878,0.9711939,0.6385582,-0.48117825,-0.3268327,-0.373147,-0.10503127,0.2679742,0.040746264,-0.12823682,1.8110886,-0.7276069,-0.690481,0.65808326,-0.107040636,0.28972444,-0.69260657,-0.64754885,-1.3740041,-0.68547183,-0.10377362,0.5769527,-0.2626685,0.18335865,-0.9699664,-1.0741088,-0.38403863,-0.5768533,0.005614327,-0.736651,-0.45823663,-0.026150864,0.86286515,0.6419123,0.8483558,-0.56618,0.109141186,0.8414227,-0.04456553,-0.23810656,-0.5916553,0.7727563,-0.7322441,0.63502836,1.1318393,-0.6581857,-0.65576154,0.2165815,-0.20131826,0.3737363,-0.08164654,0.036218204,-0.56704813,-0.39138028,0.75600344,-0.08229366,-0.64034474,-0.36621177,0.42902935,0.6442632,0.99189365,0.39569902,1.3108006,-1.3632154,0.38296324,0.7735661,0.39872956,-0.083512865,0.15954229,-0.015916701,-1.1545719,0.13234349,1.2850173,-0.56134903,1.2350645,0.303105,-0.7965089,0.20322716,-0.03247141,0.7574462,0.3386397,0.1322462,-0.46631783,0.5298932,1.148105,0.0016608927,-0.53594816,-0.920234,0.4537593,0.12739314,0.25623906,0.20104215,0.7166867,-0.4050964,0.9434995
-0.111451656,0.044066157,0.011205278,-0.14663507,-0.9785678,-0.76887906,-0.22154543,-0.019055016,-0.46663126,-0.72740346,0.34243378,-0.59976214,-1.336371,-0.7402226,-0.68373185,0.17251445,-0.5803883,-0.5073187,-0.7110355,-0.6141438,0.89619833,-1.0358491,-0.56983596,-0.33078024,0.82882214,-0.6472522,-1.1381849,-0.1873086,0.42279187,-0.83436334,-0.36108238,-0.8560547,0.71829075,-0.2641787,-0.40341756,-1.3354911,-0.9455448,-0.5462524,-0.35767186,-0.7218838,-0.51146996,-0.3977368,-0.55905765,-0.17729215,-0.23517674,0.17346522,-0.6764017,-0.37617907,-0.9179761,0.27219692,-0.49531436,0.024972364,-0.11901353,-1.3043149,-0.12039869,1.0540799,-1.395335,-0.3978139,-1.4601648,0.43221113,-0.75599235,0.24453361,-0.48689786,-1.3345538,-0.2167823,-0.58068985,-0.49592504,-0.23178308,1.0390421,-0.655951,-0.8130056,-0.16768636,-0.2484667,-0.34547344,-0.9271353,-1.1572641,-1.3418648,-0.2835337,-0.98835546,0.52893215,1.342059,-0.027283248,-1.0357641,-1.373619,-1.188635,-0.8444081,-0.7169248,-0.97144586,-0.030997796,0.4830409,-0.39735913,-1.1670412,-0.16040453,-0.94409406,0.8753316,-0.82178766,-0.862174,0.66448563,1.3059415,1.1886351,-0.6597613,0.7597673,-0.37259793,-0.17080073,-1.1713358,-0.970412,-0.21311614,0.95429313,-0.9746249,-0.8403645,-1.5775902,0.71396226,-0.71249396,0.29361558,1.5766197,0.0018497966,-0.5234822,-0.73145473,-0.6100589,-0.46006465,1.1259098,-0.81273866,-0.74120855,-0.7034949,-1.1393269,-0.36424053,1.0226437,-0.36404803,-0.42350477,-0.5277465,-0.6007491,-0.4399049,0.125015,0.15627743,-0.4183373,-0.21713804,-0.09385274,-0.8128921,-0.5324379,-0.8229425,-0.31241214,-1.2725934,0.7496572,0.47469848,-0.36219227,-1.2881947,-0.6549028,-0.80714214,-0.3227381,-1.0220493,-1.59065,-0.79241455,0.8253318,-0.6917472,-0.49267578,-0.51252973,-0.69880414,-0.22118318,-0.30749556,-0.28487363,1.009674,0.3450159,1.3580003,-0.124749035,-0.32872012,-0.34897205,-0.4556038,0.8369663,-0.59765863,-0.65402806,0.07099542,-0.10077939,-1.1051246,-0.388613,-0.36828426,-1.1456616,-0.33747923,0.7624076,-1.2413629,-0.3347041,-1.0068105,-0.44755438,-1.0717847,-0.64308923,-0.4638148,0.32394874,-1.3914059,-0.55213463,0.222592,0.3225281,-0.02232412,-0.16976212,-0.31769806,-0.4227673,-1.0330858,-1.3338333,1.2424036,-0.6235625,-0.81541127,-0.20868413
-1.2143472,-0.059219155,0.43838936,-0.8192678,-0.22890246,-0.8288358,-1.2740128,-0.51642954,-1.7082521,-1.2481483,-1.2102147,0.5603215,0.1563015,-1.1781468,-0.7830741,-0.23989064,-1.2600543,-0.88434047,-0.844323,-0.3686158,0.36373547,-0.439648,-1.1771488,-1.1377622,-0.2702011,-0.42543375,0.10277058,-1.2930386,-0.5901039,1.003891,-0.08348818,-0.60771096,0.59562737,-2.205426,0.23426604,0.3409775,-0.5272149,0.21774852,-0.26614875,-0.7322492,0.9998987,1.0468361,-0.43358505,-1.1649051,-0.09518187,-1.4295826,-0.14566201,-0.30968574,-1.1361985,-0.9144285,-0.41485494,0.6602252,0.019227251,-0.8550173,0.76354706,0.39979994,-0.6685015,-1.9266658,-0.50749785,1.0965211,0.5167332,-0.94563895,0.8410545,0.8314912,-0.8055744,-1.9017246,0.34904268,0.3190225,-0.5820341,-0.042384703,-0.17543672,-1.7066491,-1.6569222,-0.40305015,-0.40730104,-0.39020386,0.17296943,-0.77814615,-1.4128245,1.1710649,-0.67180026,1.0881598,-1.645268,-0.66067386,-1.2309597,-0.058213495,0.2348612,0.2652361,-0.76276964,-0.9397813,-0.35633564,0.37467784,-1.6994417,-1.318333,-0.16282134,-0.19076757,0.15628801,1.653063,-0.33853367,-1.3377569,-0.5602484,-0.1900499,-0.37217736,0.096310005,-1.1228211,0.24853663,-1.4453715,0.3531654,-1.0610167,-0.5994858,-0.22276834,0.43578225,-1.3128563,0.5901408,0.89889556,0.01591376,-1.6795245,-0.43296787,-0.44281337,0.526325,1.0110912,0.90235686,-0.80728066,-0.0579032,-0.28780684,-0.9580573,-0.05941546,-1.2358363,-1.1995577,0.80253106,-0.78116333,-0.88491094,-0.7858747,-0.3699757,0.20020887,-0.37966916,-0.33560875,0.00023592636,-0.9818375,-0.6009787,0.21629229,-1.176622,0.054365177,-0.2561396,-0.48400426,-0.028189344,-0.38240787,-0.313518,-1.0747353,-1.3410488,0.055176847,-0.23396379,0.31590176,0.1377522,-0.7573183,-2.2634337,-1.0368574,0.40469846,-1.6488472,-0.5595952,0.9990998,-0.71674925,-0.49303678,-1.4750947,-2.051046,-2.6232536,-0.28769496,-0.45725274,0.017181091,-1.0542446,-2.0293393,-0.42765582,0.06566144,1.006097,0.44615775,-0.87927264,-1.8009987,-0.13591976,0.35357776,-0.84260154,-1.0290451,0.46127096,-0.49231815,-0.66876906,-0.53443944,-1.3384882,-1.0261025,0.094776176,-0.78512895,-1.3754288,-0.58164793,-0.20288083,-0.43850797,0.17686239,-0.9925385,-1.7093765,0.8300509,0.48753554,-0.5662154,-1.7727095
0.3362141,0.3142654,0.9868773,0.9478935,0.7652873,0.7865464,0.78144044,1.372672,1.2289189,1.2392871,-1.4581121,0.2715708,1.4538115,1.1118187,1.2093469,-1.1052374,0.6249504,0.70111936,0.269416,0.36904302,-0.4966584,1.2998086,0.8014435,1.8995829,-1.0876275,0.6531057,0.77881145,0.72738135,-0.21968113,0.9444477,0.6076698,1.0334104,-1.6875396,1.1258514,0.44586357,1.631382,0.47564697,0.9386135,1.4448885,0.573078,0.65131545,1.2858284,1.0452808,1.1006634,0.5963908,-1.0740197,0.7916288,1.268152,1.3795937,1.1799475,0.8715258,0.40817043,-0.92096084,1.0138034,1.0328318,-1.1783642,0.33953038,0.46800122,1.0094032,-0.94136494,-0.13229057,1.7688133,-0.20827334,0.470941,-0.76585084,0.47440487,0.70697445,0.107252955,-1.968123,1.0581725,1.2199391,0.785186,1.6897476,1.0861723,0.6523413,1.2329473,-0.8941831,0.94680357,0.8245024,-0.85418206,-0.9325951,1.3026545,0.6036571,0.72480106,1.25621,1.0411713,1.6066767,1.3076333,0.5483578,1.8320479,1.0138575,1.2917131,1.2898513,0.097211435,-0.9108659,0.60154086,0.55565345,-1.4707644,-0.44992515,-0.8834644,0.56390655,-1.2802504,1.6134673,1.910328,1.1343881,1.0399544,0.7589036,-1.421955,1.1349169,2.1950638,1.1680461,-1.0285841,1.7016251,-0.09616403,-0.95800793,1.1566985,1.9293597,1.3862275,-0.48996788,2.0504026,-1.2241869,1.6639255,0.285084,0.46767157,0.3476664,0.79000187,-0.51232207,0.62028146,0.67485034,0.78139174,0.8261074,1.006657,0.41551375,2.1097763,0.38966572,0.15309294,0.707583,1.1350207,0.07000027,0.5121643,1.6020818,0.36091748,-0.8617123,-0.26456055,0.5150178,0.40882888,0.94058055,0.36817867,1.0565664,0.3872842,0.1885534,0.47676763,-0.8039792,0.45518854,0.78051716,1.1756006,1.3243068,0.11071476,0.8241786,1.4732994,-0.9964406,-0.6421791,-1.0699627,0.636696,0.76446116,0.7827321,0.74212146,-1.1875582,1.1135374,0.118778534,1.03483,0.65787077,0.96512234,-0.3269268,0.48572594,0.23175998,1.2246484,-1.087758,0.022082813,1.5107278,1.3742499,-0.5196912,0.37598714,-0.7649574,-0.019128352,0.5929554,1.2507576,0.3529766,-0.6948281,1.5579191,0.88067716,0.3509612,0.06582314,0.40549007,0.27346197,0.65070486,-0.7284557,0.0900424,0.41726354,1.0142368
0.38433105,0.7262627,1.2086055,0.16713035,0.50742006,0.35936147,-0.29951516,0.8009004,-0.77162546,0.36367142,-1.0065076,0.686264,0.5411506,-0.33853444,0.805827,0.02759086,0.3920291,0.187722,0.49925616,0.6304205,-0.054418445,0.2806829,0.102636725,0.07286812,-0.097191155,0.11213411,0.4504928,0.17657264,-0.16594338,1.5160452,0.99686974,0.7618616,0.010178284,-0.0347513,0.546977,0.9058685,0.8681726,0.96167177,1.2924129,0.81054544,1.5384525,1.6843064,0.8406031,0.4600846,0.80959874,-0.6631672,0.6110305,0.938181,-0.67312783,1.056122,-0.101450376,1.1060143,-1.0492139,-0.20221406,1.1442769,-0.5147781,-0.026109228,-0.24742065,-0.13557512,0.09523592,0.9423439,0.7952624,0.5831988,1.0378313,0.36987042,-0.11292176,1.4052501,1.3442312,-0.92339706,1.0298543,0.9402326,-0.06962099,0.6448366,0.46550524,1.0093691,0.86996627,0.08141551,0.043156758,-0.002612237,0.10693187,-0.6079776,1.1601219,0.22422734,-0.19186015,-0.6010751,0.94971687,0.8525856,0.80948985,0.74973136,0.7864807,0.16132767,0.7439615,-0.46262968,-0.26533234,0.107201934,0.970264,0.8733581,0.13530953,0.14313336,-0.7271596,0.48287344,-0.36596984,1.0989331,0.57465315,-0.9306989,0.5796641,0.23533933,-0.18663414,0.38492507,-0.014529154,0.1419811,-0.37085873,-0.63068104,0.07467933,-0.07548807,1.0216289,-0.6343688,-0.39219168,-0.17451492,1.6628422,-0.15072265,2.0381968,0.1880307,0.55568784,0.64906895,0.058504287,-0.6333662,0.33385518,0.280843,1.4545853,0.2276376,0.28149706,0.3041309,0.97607607,1.2189617,-0.50708145,0.645262,0.6998647,0.4746286,0.78057337,0.9566761,-0.61601824,0.018682268,-0.18003905,0.64155513,0.5467342,1.4209933,0.17568666,0.22164993,0.36405587,0.5870157,0.86202884,-0.20973754,1.128115,0.25026992,-0.53070986,-0.12448545,1.0606718,-0.46946323,0.97688603,0.21057165,-0.8792548,-0.15385786,0.255665,0.3088171,0.055406846,0.47715485,-0.26072323,0.95332617,-0.27295977,0.5554596,0.8803846,1.333674,0.81122804,1.0700397,0.91296715,-0.062169142,0.016271856,1.3537862,0.51797867,0.61152655,0.46694487,0.6443187,0.17323315,0.88496923,0.10850724,0.23541415,1.2229337,0.20254546,0.04795526,1.1471908,1.0683955,0.541008,0.28887045,0.42688248,-0.058743406,0.26797688,0.17235668,0.21898575,-0.04964716
-0.079680726,-0.43546113,-0.4569227,-0.59197176,-0.21822585,0.28510123,-0.46744815,-1.1273121,0.21711922,-0.30798197,0.38820064,0.14663184,-0.29225588,-0.28419724,0.07154623,-0.3465849,-0.22678576,0.060107358,-0.37992007,-0.3339314,0.76052415,-0.2514565,0.20039107,0.3009735,0.41753128,0.22978725,-0.8140916,0.067763954,-0.14473681,-0.059742693,-0.6319374,0.54063755,0.4211899,0.41902998,0.7149445,-0.61177725,0.0024332367,0.12876394,-0.38451004,0.26079834,0.3082281,-0.5826606,0.45430934,0.30709267,-0.5282982,0.5001274,-0.5288675,-0.789096,-0.8679548,0.23479381,-0.11415706,-0.1550563,-0.37153924,-0.67890614,-0.75707895,0.31326163,-0.40948755,0.5586151,-0.49977517,-0.047442354,-0.3117958,-0.425766,0.5881581,0.074549094,0.4214247,1.0037191,0.09182458,0.41289017,0.8774135,-0.29982078,-0.56923944,0.8802355,0.034608163,-1.0900664,-0.32381245,-0.82727015,0.46745247,0.45136875,0.2463269,0.14806136,0.6591142,-0.4439226,-0.081093594,-0.90726364,0.3887735,-0.65749407,-0.6408742,0.049250763,0.45689392,-0.06533854,-0.7530048,-0.89280957,0.27998453,0.313029,0.34797752,-0.79045844,-0.6581454,0.88955027,0.39781368,0.3645414,-0.25144285,1.0079834,-0.048670474,-0.92379653,-0.07492622,-0.5931017,1.0261167,0.54936063,-0.08374344,-0.21779898,-1.086959,0.60085106,0.13438608,-0.047439948,0.46406987,0.5270747,0.4685528,-0.70849156,-0.08563778,-0.9998101,0.9777236,-0.35251445,0.71197903,0.34033296,-0.40063065,0.93962294,0.43696862,1.5847294,0.18420197,-0.12151013,-0.15889049,-1.3676064,-0.19844672,-0.6330234,-0.36938336,-0.12780154,-1.2209477,-1.1806171,-0.2803718,-0.081212126,-0.10999203,-0.72141886,0.7648594,0.060387373,0.70145017,-0.35050297,-0.5296111,0.2455926,0.5208391,0.107403845,-0.2765779,0.44807756,0.6713153,-0.25441235,0.15430436,0.64810216,-0.64050037,0.63601816,1.0113076,-0.011037374,0.28918904,0.7009629,0.67464507,0.7757112,0.8979627,0.8931055,-0.31361452,-0.034870043,0.39157757,0.17579278,1.0473087,0.2526375,-0.60057724,-0.15068692,0.12160313,0.80590504,0.17010301,0.54392743,-0.33534655,0.27041954,-0.827883,0.30671906,0.7706257,0.55227727,0.40630502,-0.5679507,-0.1842802,0.8081315,0.5188816,0.6163241,0.78816485,-0.81720835,-1.0237255,-0.26668105,-0.27340478,0.43553796,0.3115161,0.2665953,0.81994414,0.4356915
-0.19391115,-0.06097058,-0.72153944,-0.79783076,-1.5632924,-1.4312088,-0.6835502,0.17203501,-1.2173741,-1.1695867,0.92253923,-1.2990162,-1.5251589,-1.052898,-1.0218103,0.583681,-0.23653583,-1.3668841,-0.8883578,-1.0906817,1.0048031,-1.0818385,-1.1097648,-1.0623627,0.44580534,-1.4986244,-1.4035571,-0.46272874,0.8727806,-1.1159786,-0.17630991,-0.8540113,0.9404227,-0.74815136,-1.3227237,-0.95861924,-0.6530781,-0.8159136,-0.8853811,-0.7978901,-0.675692,-0.22781001,-1.0556475,-0.9007649,-0.43587565,0.34367475,-0.954689,-0.95990777,-0.794829,-0.061641783,-0.9287176,-0.93483734,0.9425708,-1.5748447,-0.8780493,1.0257448,-1.3821545,-1.4338465,-1.7452985,1.9538189,-1.0141824,-0.047699682,-1.0069022,-1.8253529,-0.08253473,-1.1251752,-1.1559589,-1.2760159,0.4166455,-1.2049686,-0.53360295,-0.7537166,-1.2107502,-1.4152088,-1.333509,-1.5127381,-1.4817841,-0.83080804,-1.3007946,0.9823329,1.1193331,-0.945848,-1.5224487,-1.5703858,-1.6361103,-1.2139347,-0.5873137,-1.8018996,-0.6506377,-0.12368865,-0.32072836,-1.9164172,-0.8272085,-1.3404164,1.196349,-0.7440315,-0.5601182,1.0535821,1.4959232,1.5685645,-0.76709414,1.848399,-0.7814696,-0.46183336,-1.3073184,-0.9578459,-0.5715227,0.981758,-1.4640218,-1.5327454,-1.8004196,0.4876653,-1.2557788,1.22716,1.6338475,-0.68597275,-0.85343504,-1.0871145,-0.41199467,-0.43672672,1.5808425,-0.7981347,-1.0795476,-1.5483048,-1.5677158,-1.1110152,1.19835,-0.78834397,-0.83261466,-0.20384702,-1.2977154,-0.5642473,-1.0455698,-0.34528103,-1.3902664,0.9104394,-0.39927712,-0.54610276,-1.3580564,-0.7318731,-0.6779642,-1.505448,0.3329005,1.1371207,-1.1775724,-1.0350926,-0.4139771,-1.7444675,-0.71907973,-1.0953761,-1.3510793,-0.8825291,0.93109876,-1.5084589,-0.68153435,-0.7855329,-1.0452753,-1.0445913,-0.31642365,-0.123463884,1.1710069,0.24651164,1.8524611,-0.11673039,-0.13944745,-0.639395,-1.0396162,0.81114465,-0.9577739,-1.0106019,-0.28227583,-0.4527725,-0.32486534,-1.0951142,-0.67496574,-0.9792763,-0.8357891,1.3841685,-1.4271988,-1.0593233,-1.2416635,-1.4003224,-1.0650473,-0.99632967,-1.0142565,-0.500226,-1.6055493,-1.3127252,0.9370647,-0.4480756,-0.38510355,-0.3995343,-1.3714167,-0.5538341,-1.0712034,-1.745827,1.5238603,-1.6122452,-1.8472276,-0.5300421
0.834957,1.0420171,-0.30512577,0.9830269,-0.17160606,0.49998587,0.796113,0.3620561,1.148436,0.30171573,-0.30347303,0.99369407,0.13920885,0.25129357,0.16577543,-0.9029886,0.6542878,0.23726742,-0.12056799,-0.14175083,-0.7183986,0.6188265,0.7669714,0.68860453,-1.1077946,1.0550295,0.42320645,-0.119123295,-1.1482942,0.12408569,0.4439746,0.177367,-0.89299047,0.5575739,0.2715086,-0.35846147,-0.13959402,-0.50109875,0.30347323,0.1192632,0.104563326,-0.08311582,0.3950661,0.8279303,0.9607823,-0.39740786,-0.16148373,-0.558295,0.44080043,0.3291911,1.1051326,0.45504653,-0.58732295,0.5153102,-0.56323934,-0.21053004,0.22146408,0.73727536,0.29504925,-0.6446962,0.28865764,-0.1392378,0.19378535,0.14414869,0.9545305,0.844871,0.6293127,0.39277512,0.071146116,0.44270572,0.44817024,0.7826323,0.19096619,0.98399484,0.27338544,0.08000271,0.47977042,0.6884904,0.5898569,-0.5830077,0.3006915,-0.7680044,0.7583255,0.771404,0.8361286,0.26414067,-0.15421897,0.0700143,-0.11124921,0.719347,-0.12379749,0.0968595,0.5213883,0.43464178,-0.734084,-0.3419333,0.26780435,-0.861041,-0.41232717,-0.38248295,0.6245185,-0.49513435,0.3789358,-0.37817645,0.6806036,-0.34879735,0.56171656,-1.0920094,0.7338963,0.27233648,0.058623888,-0.7069562,0.24266611,-0.41453505,-0.95266676,-0.08563755,0.8243285,0.78987896,0.6841619,0.17078982,-0.7063896,-0.24246629,0.4170585,0.53176653,0.041956153,1.1765217,-1.0191646,0.7654566,0.63019663,0.21080223,0.8803799,0.6456007,0.68585527,-0.091496155,-0.14310926,-0.4154598,0.57413566,0.64380634,0.22465214,0.54045355,-0.38204098,0.3950879,-0.73727196,-1.2543495,0.62877375,0.2921302,0.20831855,0.86615586,0.40517908,0.012702122,0.20468698,-0.58459604,-1.1449219,0.3400877,0.75229335,0.78892064,0.021374432,-0.07629779,0.54559284,0.08529982,-0.9400206,-0.5826848,-0.7410222,0.8050553,0.7726532,0.43818972,0.65687335,-0.81812847,0.64792246,0.48767275,0.43942788,-0.06016074,0.22148678,0.26610547,0.28175527,0.55079496,0.9423495,-0.7934613,0.13657689,-0.19732639,-0.0021047008,0.39268944,0.5223979,-0.26052952,0.03944449,0.81941575,0.19521345,0.09737434,-0.5953497,0.19402139,0.82411003,0.8929339,0.49347427,-0.16062003,0.09502271,0.29140761,-0.92427677,-0.52751034,0.8177336,0.43863693
-0.09596278,0.6778431,-0.8502506,0.3432237,0.8520061,0.09684279,0.4859427,-0.37403122,0.29151496,0.51241463,-1.3848509,-0.18540959,1.0075251,0.7003627,0.02958712,-0.66760594,-0.8483092,0.27819794,-0.1310699,0.22662248,-1.5165763,0.6160674,-0.04676454,-0.059194453,-1.161752,0.60463464,1.071426,-0.7653733,-1.2894158,0.18412302,-0.05659439,-0.32862544,-1.0330935,-0.57808566,0.05273789,0.51553214,-0.21599615,0.04797017,0.009217176,-0.5214476,-0.78123057,-0.42505282,-0.18390882,-0.39652762,-0.11776464,-0.051741865,0.017694693,0.08713485,0.9013462,-0.38111913,0.605084,0.46041408,-0.848606,0.8170303,-0.1378688,-0.43878758,0.65811753,0.08153656,1.071001,-0.23999597,0.6777284,-0.34189034,0.81448245,0.75477487,-0.80791116,-0.115165755,0.27423584,-0.009227155,-0.47274706,0.12069675,-0.04315912,-0.6008217,-0.5709313,0.58176047,0.5379182,0.25085455,0.9369659,-0.2748572,0.055114556,-1.0064107,-1.1185828,-0.6233596,0.28144622,0.92312706,0.56635195,0.27684864,0.53421044,0.6243062,-0.9929574,-1.1142564,-0.3808142,0.5556228,-0.103726,0.067760326,-1.6471663,-0.606221,0.4584602,-0.8450004,-1.5234181,-1.268341,0.20777017,-1.5023261,-0.20640229,0.20060103,0.9314766,0.041303698,-0.71889186,-1.2048925,0.16545175,0.48066723,0.8575616,-1.0025643,0.3454069,-0.82097906,-0.85662043,-1.0240273,0.28783908,1.2420522,0.54481435,-0.38331434,-0.9234777,-0.24183051,0.11624648,0.64814436,0.33937386,-0.050548803,-1.0560583,-0.7636077,-0.016286587,-0.0382017,0.30115607,0.12695959,0.1699993,-0.69866276,0.38939613,-0.8486325,-0.05537946,0.37679973,0.589908,-0.07426385,0.30802578,0.9988251,-0.98852974,-1.5037847,0.5569756,0.4840384,-0.3967008,0.56663996,-0.4418217,-0.40630892,0.78874135,-0.25215065,-1.458572,-0.13791394,-0.12481592,0.18169065,0.46670777,0.03761589,-0.30756766,-0.57573915,-0.63684636,-0.7640739,-1.1857375,-0.4889703,-0.9743458,-0.59913987,0.13374358,-1.4686892,0.14583048,0.30467427,-0.81390095,-1.0029565,-0.027795983,0.34923434,-0.04610076,-0.26050758,0.32859492,-1.0182079,0.22409686,-0.5756108,0.036864735,0.025433432,-0.32822505,0.17548937,-0.7347903,-0.12926196,0.25044143,-0.0286941,-1.1882025,-0.6877164,-0.38801625,0.24853344,0.02065789,0.29397586,-0.2957853,-0.1525587,-1.3625637,0.481641,0.10329008,-0.81169385
-1.0975891,-0.5945237,-0.501631,-1.1611309,-0.9505041,-0.7143896,-0.71036905,-0.16815665,-1.3189043,-0.74630433,0.45198354,-0.15323336,-0.587406,-0.6662245,-0.45505226,-0.26116648,-1.0259627,-0.93923587,-0.77772355,-0.24395275,0.9983264,-0.22687174,-1.0225928,-1.1363358,0.60682714,-0.51795757,-0.33376017,0.32659706,0.71587056,-0.29850426,-0.15299687,0.11488207,1.0478886,-1.8345671,0.023591237,-0.3285858,-0.2783422,-0.42485666,-0.8302175,-0.23356101,0.14023934,0.06667787,-0.41373584,-1.1967268,-0.62872964,0.10714099,-0.8306157,-0.43444797,-1.1703902,-0.99786556,-0.8901892,-0.27634272,0.8431008,-1.2436687,-0.31144583,1.1358302,-0.06270662,-1.2965755,-0.9763902,1.2385921,-0.53331333,-0.5344247,0.04031201,-0.19235505,0.42129126,-1.0286162,-0.35674703,0.1982894,0.91942954,-0.5350396,-0.17684664,-1.2908195,-1.3249807,-0.6196704,-0.47076136,-0.72813183,0.03788199,-0.76699334,-0.40298325,1.2127838,0.9017268,-0.45453322,-1.5450866,-1.1289061,-1.1509881,-0.61886674,-0.6055795,-0.10699926,-0.4274794,-1.342094,-0.42424053,-0.90920347,-1.3299128,-0.85153806,0.70471746,-0.73768574,-0.5829623,1.3433113,0.7688627,0.7898341,-0.539721,0.8316827,-0.6559268,-1.0004843,-1.2901511,-0.787007,-0.8237981,1.2231847,-0.8949955,-1.075948,-1.1475139,1.1590682,-1.1629374,0.30743623,1.4464895,-0.12721777,-1.2672944,-1.35227,-0.22176665,-0.69616026,1.245287,-0.42114046,-0.7402305,-0.32367298,-0.37645826,-1.1704755,0.65485334,-0.18113184,-0.9476371,-0.09180854,-1.3071642,-1.2418616,-0.46089458,-0.76424205,-0.6827074,0.32747048,-0.94853336,-0.83969903,-0.9482574,-1.1656896,-0.24684405,-1.0843778,0.6511325,0.41533738,-0.5256766,-0.36793423,-0.41323942,-0.3772793,-0.35362595,-1.0320585,-0.49274576,0.05611133,0.89301723,-0.121236734,-1.3715672,-1.5880874,-0.8875423,0.24432656,-1.3624085,-0.9620308,0.9541549,0.47925115,1.3977714,-0.72632456,-1.0306298,-1.367079,-0.54081017,0.3446355,0.10035632,-0.090021364,-1.1966105,0.005406065,-0.09102052,-0.062552705,-0.15407668,-0.7517498,-1.7304633,0.5668107,-0.36507022,-0.70778304,-1.080957,0.124108925,0.09292507,0.15381934,0.01323951,-1.3692499,-1.027547,-0.1471707,1.2442757,-1.065987,-0.2578218,-0.65692586,-0.38806733,-0.41538826,-0.44583675,-0.9663503,1.0801252,0.16015434,-0.5145461,-1.4616722
-0.37526667,-0.6514466,0.85744506,-0.38903853,0.07126118,-0.567558,-0.09358369,-0.30449775,0.1232602,-0.059435602,0.43764395,-0.17114164,0.02190381,-0.15022159,-0.11078664,0.04081145,-0.2245165,-0.14799865,0.39999983,-0.7759715,0.9198244,-0.42979458,-0.18442121,0.05765623,0.44829735,-0.19194926,-0.64309084,0.121748805,0.6171513,-0.22480084,-0.7251535,0.3315882,0.8279833,0.32898417,-0.5918198,-0.286402,0.45515633,0.171644,0.016799886,0.5976817,-0.04223058,0.19948305,-0.20745742,-0.24418092,-0.690967,0.10894816,-0.4074475,-0.017817385,0.34466964,-0.19212286,-0.5748964,-0.5970012,0.11456396,0.020556813,0.046748858,-0.059833292,-0.49753466,-0.057149608,-0.5891689,-0.4006242,-0.6162465,0.21178643,-0.89229834,-0.013172733,-0.18655124,-0.20212792,-0.43837944,0.010122148,-0.29248813,0.37232193,-0.20197055,-0.06856203,0.64145786,-0.20445605,-0.31041855,-0.3581784,-0.20574465,-0.075826965,-0.3341993,0.10752457,0.37135512,-0.34755975,-0.297072,0.02633501,0.56618494,-0.55520713,-0.47815642,0.061782427,-0.16793391,0.3022609,0.20263004,-0.3447881,0.081219286,0.03876271,0.39986208,0.8619737,-0.7132605,0.19268581,0.2037323,0.53085613,-0.2603023,0.28401834,-0.4103403,0.3246247,-0.09565504,0.062512144,0.1642344,0.44557333,0.09831327,-0.03594102,-0.4644778,0.25311953,0.06450935,0.2075308,0.30183733,0.2700609,0.48317212,-0.7161679,-0.83775425,0.35805187,0.23203634,-0.12116978,-0.3702687,-0.585049,-0.40614533,0.17296402,0.6510767,0.62891465,-0.08427816,0.21562287,-0.12549073,-0.028577242,-0.14767748,1.2372588,-0.5111868,0.7765273,-0.52801883,-0.7143834,-0.35489017,-0.37378213,-0.23340097,-0.2886453,0.45114517,0.92744815,-0.07784089,-0.5734264,-0.33614084,-0.52345586,-0.39907414,-0.09804501,0.3300841,0.28028348,0.29068923,0.1602484,-0.67022675,0.25146362,-0.1956185,-0.13578099,0.06651391,0.16361472,-0.03493945,0.5709412,0.343244,-0.24389172,-0.004558418,0.33559644,-0.7102304,0.3378815,-0.17668775,-0.34181324,0.39097798,0.09126653,-0.43683812,-0.6783602,-0.35498244,-0.25981954,0.024774069,0.75066507,-0.0043981373,0.116799265,-0.11005131,0.08346298,-0.2553328,-0.23525514,0.3231384,-0.018877698,-0.6596236,0.012507118,0.2384448,0.6866842,0.05947326,-0.7219232,-0.27868372,-0.33808425,-0.06872808,0.102772005,0.3909413,-0.41844833,-0.44539624,0.11466523
0.35038966,0.89026725,0.93927705,0.21591029,0.8258682,0.6162992,-0.114313774,0.05753351,0.2761058,0.63518006,-1.3359131,1.3612933,0.6790946,0.58241713,0.8204855,-0.10562715,-0.07411055,0.41212648,0.2804827,0.6103182,-0.5632336,0.6044074,0.20475787,0.80673474,0.37595078,1.0978552,0.8445798,0.13814117,0.08295761,1.4186071,1.1724527,0.6731822,0.013260097,-0.22578657,1.3135803,0.951741,0.7097739,1.1254306,1.2651163,0.2266628,0.90613383,0.3664586,0.73840994,0.6421619,-0.01710066,-0.3824205,0.38169715,0.3269501,0.073813185,0.7632303,0.4925629,1.3291769,-0.5204504,0.12750475,0.98902845,0.115315825,0.36723024,0.51763135,0.839478,0.4738731,1.4027643,0.26456475,1.2850808,1.1932373,-0.49464154,0.4337191,0.9165735,1.2476791,-0.6679561,0.94905263,0.37000757,0.2263511,0.5485252,-0.14410825,0.8449795,0.80677927,1.1841514,0.48723355,0.36211374,0.55067784,-0.6644432,0.8426471,0.46492276,0.70096844,0.3100984,0.45236775,0.69348854,0.96835405,0.45909768,-0.25342128,-0.28927076,0.62710476,0.44099748,0.49093604,-0.022301976,0.16176425,0.8225129,0.46080095,-0.516921,-0.6145837,0.14092362,-0.09591131,0.7296728,0.71916646,0.52236795,0.53443587,0.12547982,-0.6029357,0.434821,0.6628787,0.89280665,-0.08211037,0.3160749,-0.19028233,-0.31024516,0.57750237,0.25659284,0.843905,0.36032277,0.79675007,-0.20984785,1.4614836,0.5627898,1.337966,0.85898113,0.31539345,-0.5125013,0.5755356,0.52177763,1.216932,0.20822507,-0.1771087,0.2514158,0.08743355,0.744072,-0.42045817,0.5753566,0.35341012,0.44568437,0.15791044,1.1357466,0.5454425,-0.23518182,-0.31264243,1.2387195,0.8303656,0.37831178,1.1134866,0.35278225,0.29340425,0.9210401,1.2310163,-0.095247135,1.2924943,0.42194214,0.07557123,-0.10319118,1.0136405,0.08690919,0.12438293,0.40074444,-0.7174485,-0.4257859,0.320607,0.053184804,-0.06970046,0.41227368,-0.53967595,1.0122474,0.6467042,0.24906847,-0.12090523,0.39083982,1.0177224,1.0183704,1.1574999,0.47867304,-0.45328394,1.3279904,0.5232053,0.38051724,0.8410866,0.7831453,0.9947969,0.36324334,0.18582757,0.80631995,1.6421095,-0.5792498,0.13215332,1.0022876,0.6326701,0.47335175,0.53577876,0.5628122,0.24919176,-0.22639568,1.1740327,0.7585663,0.0033523953
2.1792564,2.1811142,-0.8039619,2.078618,1.7519323,1.6628115,1.030607,-0.36643377,1.5679418,1.3747089,-0.2251135,0.24001072,0.84649426,1.6070313,1.2902305,0.35880467,1.5704851,2.002858,0.69499034,0.21093702,-0.4057164,0.96697885,1.6063913,2.1984432,0.14337948,1.3244704,0.98276615,0.56049037,0.14227617,0.7601785,1.6299852,-0.28951555,-0.53500754,2.191719,1.4177116,0.616231,0.42674685,0.3780365,1.335661,0.8494833,0.120290756,-0.6894073,1.228779,1.7357421,1.1521726,0.25642985,1.2425165,1.0914147,1.6342057,1.731132,1.3802813,1.3405944,-0.22040938,1.7674824,0.2207742,-0.2286283,1.1922065,2.0055158,1.6643889,-0.062658295,1.1274667,0.2733011,1.1857169,1.0389688,0.27576414,1.9607273,0.8918135,0.5218235,-0.30940294,1.1088241,0.66234314,1.5772882,1.321279,0.8820809,0.85597354,1.2044804,1.9154624,1.4243469,1.2654433,-0.51508737,0.21656573,0.23727071,1.8551028,1.1759186,1.2360487,0.8279317,0.49642596,0.5404702,0.94005436,1.1711926,-0.22307949,1.0096016,2.2736216,1.8787392,-0.5729687,0.4938467,0.7286865,-0.7936739,-0.4455331,-0.020222332,0.40789437,0.048075665,1.818549,1.3101915,1.8879437,1.1482177,1.0672492,-0.45905405,1.6075839,1.531295,1.7589289,-0.14936598,1.66336,-0.30586863,-0.9479503,0.2203328,1.3513966,2.0845,0.20298949,0.74134624,-0.84340006,0.45042554,1.3759406,0.95421493,1.1617185,1.0796913,-0.2514326,0.8466895,1.6255511,0.75342065,1.2253296,1.4243253,0.8001833,-0.4538522,0.9060334,0.10093229,0.74852693,0.62931377,1.7091806,1.3608261,0.4723161,1.2766474,-0.285892,0.13795684,1.1317756,0.7750168,1.1411774,0.9974924,0.79900235,1.671085,1.3601996,0.94103354,-0.17246427,0.87285423,1.3965931,1.7042254,1.2553111,0.92167825,1.7163842,0.4844177,-0.9225873,0.32649788,-0.50344443,1.819593,1.4023156,2.0335772,0.857167,-0.4792241,0.39972246,0.889194,1.1454571,0.24541159,1.0244203,0.71609926,0.8549284,1.8340242,2.0065522,-0.32910085,1.4860761,0.90260977,1.3307087,0.60062325,0.9072135,1.0673214,0.6624819,1.9951137,2.0553007,1.2627357,-0.812069,1.1209328,0.2718382,1.2291945,1.1166118,-0.10673317,1.7258344,2.5363264,-0.7726659,0.9852752,1.4680364,1.3752711
2.053299,1.5246943,0.19960853,1.6798596,1.4292789,1.0618951,0.78545606,-0.0067824945,1.7541847,1.3579955,-0.7264594,1.5301757,0.75829613,0.8709353,0.9921669,-1.132865,0.8453126,1.3541863,0.5357545,-0.33499268,-0.92531633,0.502132,1.4667463,1.5380152,-1.024293,1.7119497,0.7407969,0.31340346,-0.88629764,1.4648702,1.1588525,0.0045845583,-0.97885257,1.325998,1.1467911,0.2500978,0.7190512,0.79600143,1.4555265,0.700862,0.9884757,0.67119455,0.57909197,1.5763605,1.1253126,-1.2440492,1.1812989,0.09700553,1.5940932,1.7238477,1.7442191,1.6535375,-0.74011326,1.3581887,-0.15166244,-0.61829185,0.54587704,1.7006075,1.5454032,-0.8299984,1.4423239,0.5009936,1.1359135,1.2555847,0.9166757,1.6887133,1.3798127,1.2184874,-0.4144996,1.1750174,0.36613342,1.6238767,1.5363457,0.67525506,0.9610287,0.8650285,1.1994807,1.1040652,0.77044064,-1.0726889,-0.2995434,0.38356593,1.7280453,1.6294197,1.3109812,0.37763748,0.6722521,0.31658033,0.50184673,0.9776149,0.404643,0.13113068,1.8129433,1.396505,-1.1766462,0.3498119,0.72130364,-1.1864338,-0.35619518,-1.1153749,1.350554,-0.7904166,1.5301961,0.5113705,1.4559419,0.4810111,1.1613863,-1.1726754,1.5821422,0.88059145,0.8888598,-1.0947443,1.1734515,-0.7126767,-1.4450301,0.6156963,1.6525453,1.8508624,1.2926673,1.1833262,-1.3330805,1.4005779,1.7121153,1.3605548,0.63003975,1.6816528,-0.8765332,1.8315783,1.5306985,1.1642908,1.3634899,1.4673586,0.76600486,0.50423473,0.20471725,0.095692754,1.2313371,1.3012867,1.5176868,1.4958527,0.36119914,0.7621587,-0.86857706,-0.9185766,1.6486,1.1713744,1.3114856,1.4549994,0.84714115,1.1875813,1.3887315,0.63348407,-0.80597293,1.22559,1.6666586,1.7097464,0.37554064,0.59449804,1.7608854,1.2621986,-0.89298457,-0.5638892,-0.92617434,1.4975582,1.3055032,1.1615618,1.2005423,-0.85101104,0.9245167,1.1202339,1.333667,0.2708124,0.456298,1.1099591,1.0697198,1.9752884,1.8730758,-0.5032286,1.3228854,0.6113853,0.47940916,0.5897051,0.97201025,0.5559858,0.35395145,1.7487429,1.7845691,1.2754902,-0.79553884,1.4287851,1.43488,1.9904995,0.8396883,0.015145566,0.53408533,0.80469596,-1.1683472,0.47632313,1.5662205,1.130151
0.9078684,1.119065,0.3095748,0.6510362,-0.50239146,0.61870617,-0.032573394,0.6372353,0.7269231,-0.16446981,-1.1653359,0.9715869,0.051285002,-0.045280546,0.0834107,-0.8226752,0.5224725,0.0637386,-0.1861909,-0.51843387,0.076967455,0.38571438,0.55294734,1.2195435,-0.7866065,0.58125454,0.13045979,-0.4756758,-0.6252061,0.5076664,0.30562943,0.47686255,-1.1994238,0.5193863,0.23961012,0.18211752,-0.26771852,0.083577454,0.2882399,0.3235495,0.532959,0.4405046,0.7579384,0.8714884,1.0316774,-0.7688936,-0.08575417,-0.49589548,-0.41704166,0.83761245,0.60785925,0.28362757,-1.4283472,-0.28234217,-0.13360706,-0.11845173,-0.29663914,0.3604725,-0.2800656,-0.7329175,0.054872632,0.652906,0.04609174,-0.06028223,-0.37129134,0.7155324,0.6507381,0.30919605,-0.95364535,0.33655825,0.32989895,1.2396882,0.82014465,0.8475628,-0.24799165,-0.004848631,-0.58250886,0.5873796,0.3693974,-0.06580918,-0.13204077,0.49993217,0.37608197,-0.10786386,0.7088241,0.15744406,0.45228025,0.35316163,0.2257962,1.7341392,0.091834456,0.33404133,0.7486329,-0.20004345,-0.29390642,-0.047299165,-0.14302288,-0.32223353,-0.23028444,-0.6652239,-0.014654048,0.00114429,1.1226825,0.14298302,-0.08357838,-0.093219794,0.75974923,-0.8043226,0.27870423,0.65239424,-0.38612348,-0.34300494,0.59695846,0.41854465,-0.53009516,1.0215466,1.0886768,0.60953027,-0.30193463,1.1002414,-0.10276678,0.5488975,0.3647684,0.3270781,-0.5002445,1.4870255,-0.61691743,0.6662035,0.5144363,0.4842813,0.8076047,0.29369664,0.6479279,0.81294364,0.34658664,-0.33054328,0.34442762,0.35753164,-0.05549048,0.76271695,-0.11088087,-0.40708074,-0.5497846,-0.6195779,0.85928726,0.14166217,0.90759265,0.23752296,0.43357003,-0.015097037,0.079726994,-0.16109811,-0.7043295,0.1578925,0.823533,0.7988018,-0.15938838,0.14636609,0.46938586,0.9637973,-0.51992,-0.84362555,-0.42486712,0.8257756,1.0519572,0.5481917,0.50305927,-0.804857,0.95404863,-0.27668488,1.0149573,0.012929408,0.17578062,0.28479,0.67241573,0.29083246,1.0365402,-0.20525198,-0.17198321,0.33368927,0.04388442,-0.2459576,0.24437615,-0.721509,0.32629567,0.5794467,0.28370014,0.33352092,-0.4193708,0.8531423,1.0644642,1.0038302,-0.2059758,0.40709677,-0.6179144,-0.1222161,-0.0054411143,-0.38718462,0.63832897,0.46533394
0.10561224,0.31032205,0.068549715,-0.07856981,-0.32423982,-0.6400109,-0.041741338,-0.17077714,-0.4835932,-0.6218043,0.24052782,-0.49338573,-0.34382257,-0.30528304,-0.1928848,0.34159806,0.021687433,-0.60655725,-0.25776613,-0.45704994,0.68746835,-0.24041156,-0.28379324,-0.41656604,0.43585703,-0.4836291,-0.3776669,-0.53837025,0.88792604,-0.24048372,-0.29797444,-0.4568718,0.6068263,0.21974944,-0.8296782,-0.063253716,0.15215607,-0.32667625,-0.23794186,-0.34674582,-0.43938696,-0.025823578,-0.45298064,-0.22018892,-0.24985856,-0.020313485,-0.37998295,-0.80396044,-0.16274652,-0.20260568,-0.45445263,-0.4998492,0.12071809,-0.25848657,-0.29354668,0.10268633,-0.35808077,-0.64242405,-0.5609302,0.658533,-0.13196288,-0.17249124,-0.7303225,-0.1463512,-0.34420082,-0.46466303,-0.44500917,-0.5185156,-0.18894817,-0.043644484,-0.11740068,-0.15452126,-0.53469324,-0.26473477,-0.54306793,-0.3484246,-0.28414503,-0.48672983,-0.6424734,0.37810433,0.058917873,-0.4804036,-0.20326407,-0.34353483,-0.47436637,-0.57393426,-0.32343388,-0.6285892,-0.3022039,0.11981486,-0.5655661,-0.50040966,-0.23425427,-0.5657591,0.65348136,0.5349783,-0.23149052,0.3654656,0.3073428,0.17792886,-0.6302756,0.57834023,-0.19419222,-0.21250613,-0.57695997,0.096592784,-0.30246732,0.3557976,-0.28968683,-0.7707594,-0.48648518,0.3980087,-0.68830204,0.5952419,0.50493014,-0.37377414,-0.34167886,-0.28325793,-0.41693437,-0.007384373,0.49940765,-0.024486743,-0.63975847,-0.5137794,-0.41122296,-0.3055799,0.5276494,-0.39073464,-0.2297949,0.057675827,-0.1425901,0.33535093,-0.032046266,0.3334908,-0.15184137,0.4599855,0.20128028,-0.14292918,-0.5263172,0.079269096,-0.4371761,-0.36472052,0.12115712,0.89627826,-0.48197824,-0.34128985,-0.17711562,-0.6577867,-0.5133056,-0.2704965,0.16446193,-0.04432138,0.43114465,-0.23644567,-0.17134729,-0.24972846,-0.15803684,-0.6265639,-0.1751482,-0.1731677,0.47028148,0.45198137,0.53541076,-0.16592786,0.11825113,-0.15817621,-0.3941149,0.45441324,-0.31394628,-0.26352867,-0.22632164,-0.33625135,0.08700956,-0.33391765,-0.14461632,-0.23135929,-0.34284922,0.48265594,-0.2159243,-0.3061633,-0.24721198,-0.4451935,-0.67002964,-0.4894575,-0.46240002,0.1775908,-0.299871,-0.35197097,0.24465731,-0.32062998,-0.21328296,0.014599065,-0.0027110353,-0.41031745,-0.20805907,-0.57097924,0.575559,-0.59213215,-0.68723,-0.071265
0.017590515,-0.06735261,-0.17760178,0.13152283,1.3572431,-0.6233119,0.9163226,-0.45959523,0.030571463,-0.0015854947,-0.96760684,-0.016442515,1.0284452,-0.076387696,-0.06952302,-0.37243682,-0.96297795,0.02713197,0.18289292,0.04505367,-0.25078124,0.24020359,0.2602208,-1.2293501,-0.7024193,-0.039121605,0.5067653,-0.6501838,-0.13615297,0.59215236,-0.5112533,-0.40817475,-0.26554906,-0.28470019,-0.68161225,0.86583406,-0.057389807,0.25775477,0.1708247,-0.40747556,0.7353883,1.5046208,-1.0588385,-0.29834962,-0.67369294,-0.62635314,1.3257433,-0.07557283,1.0288575,-0.6138561,0.46022862,-0.07414925,-0.48406643,0.83442795,-0.38456526,-1.2453681,0.019215997,-0.044257183,0.6366751,-0.86905295,1.0640916,-1.5577822,0.5898386,1.3092539,0.049576405,-0.7479261,-0.1666908,0.2952843,-1.1899285,0.32131565,-0.30609456,-0.07327097,-0.81399417,0.09391242,-0.10544431,-0.11302906,0.4703398,-0.74651647,-5.1606447e-05,-0.8486002,-1.3103409,-0.024505623,0.4242479,1.0492376,0.40589625,0.5449148,1.3094074,0.62079257,-0.7574695,-0.7979797,0.22934948,0.35463652,-0.82766163,0.41638613,-0.7493685,1.2790347,0.944102,-0.5450246,-0.88811636,-1.361348,0.6374965,-0.2638023,-0.10487002,-0.027997283,0.5435641,0.64250576,-0.46809602,-0.31226295,0.16101861,-0.87338275,0.55938965,-0.66924626,-0.07169697,-0.57143456,-0.5141572,-0.76678133,-0.13119076,0.15575185,0.73356545,-0.2324979,-0.55257577,-0.08519715,0.7113434,0.57113236,0.963377,0.4255864,-0.4233393,-0.69441974,0.01095205,1.1076951,0.83896947,0.82336617,0.39420506,0.48913804,0.75663835,0.372203,0.3019587,1.2851051,0.52958816,0.59595996,-0.20191708,0.7443506,-0.7238237,0.08204116,-0.18217273,1.1206713,0.4300645,0.33483893,-0.21874589,-0.020764347,0.71624106,-0.16538389,-0.14750054,-0.0056883767,0.7193958,-0.011113672,0.86636394,-0.64021635,0.18514656,0.2760197,-0.11247519,0.56351376,-0.5773751,-0.81881547,-0.49950683,-0.98132086,0.5143784,-0.22969733,0.5435344,0.8918677,-0.992684,-0.33895373,0.708425,0.6426544,0.012771849,-0.39234623,-0.10799816,-0.50764513,0.56754315,-0.86116874,0.2019409,1.0252252,-0.61053145,-0.27089745,-0.48370773,0.24966767,0.047779642,-0.1108113,-0.28216872,-0.11216637,0.059580207,0.56179607,0.26365831,-0.56727266,0.29967573,-0.27287874,-0.55891544,-0.5672952,-0.29958475,0.017298859
-0.5033534,-0.22140707,-0.03422562,-0.51838213,-0.33932158,-0.19431898,-0.43031096,-0.055455618,-0.38266286,-0.36849743,0.65970683,-0.13469347,-0.35386196,-0.0056674387,-0.026211638,-0.0027650483,-0.25658375,-0.15290393,0.013973728,0.029780088,0.65930027,-0.20416693,-0.16321641,-0.47328654,0.4297774,-0.13482383,-0.26853967,0.07721011,0.78388804,-0.37340835,0.3027792,-0.15671156,0.70170516,-0.3540953,-0.082702175,-0.25595963,0.3983907,-0.36130434,-0.31942675,0.13248214,0.33882913,-0.2594201,0.03174712,-0.38489336,-0.3574448,0.37925118,-0.54868823,-0.2836526,-0.6789032,-0.43563676,-0.26396585,-0.33243677,0.57662153,-0.40587682,0.006431793,0.571799,0.20975949,-0.299853,-0.21826659,0.5730558,-0.13670997,-0.0035165977,0.0702434,-0.080977365,0.08367291,-0.29752257,-0.13225925,0.172017,0.7523986,-0.2404156,0.17077771,-0.42170182,-0.40671763,-0.18474512,-0.34407943,-0.06902322,0.07864773,-0.08394047,-0.082081914,0.7771636,0.4410435,-0.3162657,-0.5118537,-0.6010083,-0.5529243,-0.60914886,-0.31421074,-0.32996663,0.23654921,-0.39329556,-0.110363096,-0.42245063,-0.51933706,-0.33151227,0.71682614,-0.010296609,-0.3022795,0.79930884,0.89587134,0.5824515,-0.14739808,0.5798346,-0.19724098,-0.61166644,-0.48585966,-0.25488576,-0.06934095,0.86538094,-0.31952596,-0.56092894,-0.30899027,0.73301184,-0.48194712,0.022832125,0.9330398,0.3428666,-0.5790563,-0.6096935,0.072336435,-0.36161035,0.88025707,-0.39923093,-0.20150243,-0.10490081,-0.35655597,-0.42776164,0.58419186,0.034919463,-0.033036225,-0.2547312,-0.5377466,-0.4166713,-0.070838176,-0.5948714,-0.4426603,0.03048738,-0.11684702,-0.26263043,-0.058986075,-0.41942304,-0.13072127,-0.020507235,0.44906133,0.6188654,-0.17305508,-0.22560567,-0.3859427,-0.053475756,0.06770018,-0.17531884,-0.080161855,0.30476007,0.5962395,0.22182521,-0.46589643,-0.55699176,-0.090263754,0.2935102,-0.47320893,-0.23008697,0.47646013,0.4587469,0.8133564,-0.098780125,-0.23320994,-0.35685351,0.07099202,0.4436366,0.097156495,-0.13206142,-0.2693104,0.15240586,-0.1854336,-0.16944535,0.032175332,-0.20034152,-0.4437828,0.5646351,-0.3123216,0.12348236,-0.40662152,-0.16594197,0.35991767,0.4457428,0.19074188,-0.41713345,-0.5418299,0.052944794,0.4906434,-0.36867195,0.03704352,-0.16829275,0.078054875,-0.23432477,0.133378,-0.3720158,0.5741079,0.5407713,-0.098630995,-0.39607233
-0.79094404,-0.7721083,-0.73330265,-0.7133732,0.67166,-0.14423467,-0.28667286,-0.4709836,1.110463,0.5025422,0.118059345,1.3977151,-0.20986277,0.5080767,0.31990772,-0.24168405,-0.4833681,0.08080824,0.058534227,-0.5300559,-0.044820808,0.031216696,-0.33001947,-0.2768246,0.72196203,1.3583219,-0.24294755,0.31759477,0.15482405,0.6374664,0.058609735,-0.12496476,0.13012427,-0.48023677,0.74291044,-0.2541068,0.50106764,0.2707171,0.20746125,0.23401798,-0.012942035,-0.73540765,0.1752249,-0.122350976,-0.86645097,-0.9826835,-0.46174327,-0.37991425,0.5808655,-0.08157579,1.1571548,0.3738103,0.060316965,0.10866917,0.40270892,0.52087384,-0.44748336,0.4164878,0.6294001,-0.6675454,0.888858,0.2241682,0.7645165,0.56563956,-0.6255912,-0.16505358,0.6957604,1.3646832,0.7288481,0.46542796,-0.9340696,0.2781713,0.12313855,-1.5611116,-0.4196751,0.30902,1.2139792,0.27866694,0.017355733,0.19636776,0.7257293,-0.41619253,-0.3353752,0.8151459,0.2278323,-0.70054275,-0.21187198,-0.26344055,-0.5977205,-1.0196283,0.3754686,-0.6869464,0.7238511,0.070157126,0.034447547,-0.3258583,-0.06251596,0.19390813,0.3484417,0.21393412,0.30433252,-0.019442335,-0.51990795,-0.21054599,1.1680896,-0.073886216,0.13367653,-0.22932737,1.0597749,0.08843498,0.17021334,-0.53547966,-0.11112192,-0.55757046,-0.39704055,0.046186827,0.6910601,-0.0631445,1.3512986,-0.037280567,0.14006995,0.28370118,0.32043657,1.0766898,-0.118423715,0.62200814,-0.054871768,1.0105672,0.40707248,0.18531102,-0.54574364,-1.2531531,-1.1344677,0.11313817,-0.71532464,0.10059031,-0.17468078,0.06569342,0.3634184,-0.71071965,0.2980107,0.7562503,0.19108097,0.19777286,0.97047484,0.47788477,-1.2190621,1.1038316,0.36663938,-0.29810736,0.78515553,0.3350915,0.07555472,0.8646115,0.35156423,0.724823,-0.5724057,0.7529845,0.5642026,-0.2959969,0.1900263,-0.10891137,-0.058803394,-0.20631185,-0.31396464,-0.44785622,0.92934823,-0.5346129,0.70897806,0.81631666,0.0012643375,-0.3352811,-0.15007763,-0.19200894,0.66939425,0.40983066,0.48947182,0.18723781,0.6225905,0.6316181,-0.28964084,-0.034847315,0.6153124,0.42805034,0.2134009,-0.6137798,-0.40553093,1.1194714,-1.4687239,0.25305802,1.2822467,-0.2156209,-1.4755195,-0.22225364,-0.41762027,-0.38118246,-0.3892575,0.802095,0.6957647,-0.38070422
-0.7605064,-0.31363162,-0.0071379095,-0.049402267,0.10993682,0.06461528,0.94269395,-0.4636037,0.6510969,-0.0028762557,-0.8124254,1.4222362,1.01169,-0.037165895,-0.05426021,-0.39831647,-0.670351,-0.7970756,-0.020166509,-0.10679943,-0.4814827,0.7981267,-0.22927174,0.09733057,-0.60928607,0.69448745,0.6074398,0.70180297,-0.6675016,0.33538744,-0.88581413,1.193128,0.33019844,-0.5340887,0.0549746,0.05604747,0.37209567,0.22872388,0.2569721,0.015863042,0.43606797,0.97310984,0.5875505,0.027164698,0.1435164,-0.3979051,-0.6128118,-0.49460486,0.12942597,-0.25481564,0.68583024,0.3619396,-0.04230341,-0.8517235,-0.76086134,-0.04362298,0.5772398,-0.28473243,-0.12341521,0.24717902,0.7655162,-0.21077524,-0.3525563,0.1758082,1.2230712,0.040102065,0.7086327,0.6454921,0.40431786,0.92200524,-0.16118181,-0.26489538,0.11813843,0.9065027,0.92271376,-0.45121542,0.9822174,-0.1820238,0.15017895,-0.4083237,0.45670602,-1.220506,-0.0025134496,0.9469309,0.5440667,0.3477748,0.33325598,0.8682932,-1.3481613,-0.66246027,-0.5402374,-0.6162459,-0.33922175,-0.12645558,-0.5421429,-0.24996926,-0.17982122,-0.28344405,-0.76090145,-0.63566685,0.59819865,-0.25341147,-0.641439,0.5428802,-0.02451688,-1.3382895,-0.44198218,-0.75526905,0.6474498,-0.25079745,-0.4298138,-0.4626301,-0.5638239,-0.50358236,-0.6284006,-0.46620467,0.34064552,-0.14259945,0.21777752,0.23801123,-0.51403517,-0.049979426,-0.06584768,0.9000839,-0.4070225,0.7261012,-0.0895908,0.98428756,-0.046351977,0.16284476,0.62130296,-0.07383915,0.4108152,-0.5495506,0.42043498,0.9188155,0.049337316,-0.3217558,-0.7458574,-1.0948998,-0.3804147,-0.31720307,-0.33369103,-0.6183083,0.72800994,0.37035948,-0.2005675,1.1661682,-0.44303536,-1.1334022,0.6456341,0.5746185,-0.6837354,0.7811167,-0.5942347,0.020207679,-0.69155157,0.56266415,-0.3552538,-1.0468526,-0.6979468,0.14548232,-0.272432,-0.7075942,-0.46932834,-0.9278901,0.12750983,-0.84361255,1.1553301,0.33041802,-0.4698166,0.42948437,-0.2307474,-0.22770658,0.05940431,0.2372347,0.17665489,-0.099377826,0.89823824,-0.6008865,-0.7667112,0.51577145,-0.0954508,-0.23840584,0.101187654,-0.11656173,-0.59762454,0.88954157,-0.40061018,-0.4931524,1.154264,-0.41058415,0.18850982,-0.60801554,-0.6621184,-0.47510824,-0.5037407,-0.6491658,0.37540787,-0.91474086
-0.4382034,-0.61205924,-0.5272048,-0.77950305,-0.43921465,-1.171536,-0.30053544,-0.77689475,-0.39582458,-1.12831,-0.46929097,-1.0727881,0.28744864,-0.37831452,-0.9960067,-0.21867695,-0.513345,-0.481536,-0.54273695,-0.37155017,-0.14405125,-0.18192466,-0.5651827,-0.5064106,-0.10294619,-0.7525149,-0.047923673,-1.1665702,0.25996155,-0.6795646,-1.1243342,-0.10069063,0.051085085,-0.004199054,-1.3240677,0.035068788,-0.509054,-0.34782887,-1.0483869,-0.6472531,-0.78836316,0.008101717,-0.5987413,-0.5085628,-0.35656506,-0.270041,-0.07306832,-1.0863955,0.2020137,-1.1814809,-1.0151577,-1.4827647,-0.20894898,0.32926416,-0.44962057,-1.1619784,-0.07210681,-0.6706942,-0.40301514,-0.06910557,-0.9186691,-0.7063219,-1.0440887,-0.22711961,0.00880963,-0.43034425,-0.93186057,-1.3237814,-1.292003,-0.9154656,-0.8068696,-0.3731293,-0.43713832,-0.40241283,-0.7180793,-0.67959493,-0.27650553,-0.9073254,-0.3541239,-0.18346676,-1.0714939,-0.3706851,-0.15065435,0.0051511046,0.5007802,-0.26101407,-0.40164918,-0.15210854,-0.9008593,-0.21675794,-0.8549989,-0.27467385,-0.6006075,-0.44098943,-0.22667624,0.32333767,-0.44429582,-0.14751454,-1.285929,-0.9518203,-0.61030304,-0.28886318,-0.64022386,-0.06519601,0.12409052,0.08365457,-0.7865255,-0.24214964,-0.5635006,-0.23302533,0.118353374,-0.12643586,-0.24058945,0.19895893,-0.09506341,-0.72052515,-0.034889314,-0.11416455,-0.9249749,-0.6240823,-0.10880065,-0.70226884,-0.064027905,-1.0198106,-0.6707675,-0.33485976,-0.22571991,-0.58174336,-0.90386534,-0.5444873,-0.2846886,0.15921344,-0.43676364,0.20815605,-0.34506187,0.5323264,-0.6872296,-0.46827826,-0.4547347,-0.00686983,-0.4999323,0.19993927,-0.17737144,0.4144235,-1.103902,0.052927636,-0.74572587,-1.1328976,-0.8909531,-0.14274992,0.33598655,-0.7173969,-0.07270149,-0.7716198,-0.46838692,0.007183453,0.18948151,-1.0595871,-0.21487068,-0.28717548,-0.20922704,0.56135726,-0.30343837,-0.51690745,-0.52746904,-0.15320161,-1.2469058,-0.544599,-0.72198,-0.34071535,-0.38574728,-0.678856,-0.15035045,-0.67378366,-1.3449432,-0.55071217,-0.16901378,-0.117693245,-1.1408039,-0.675038,-0.33138508,-0.49054402,-1.1159806,-0.43767148,-0.84264815,-0.49408174,0.13408397,-1.0484726,-0.18357342,-0.46245694,-1.0988517,-0.69023967,-0.75079274,-0.10812105,-0.83476573,-0.290566,-0.40609422,-0.92636657,-0.9366398,-0.32318753
0.11753848,0.28721303,-0.82834363,1.0758545,0.2444236,0.7825045,1.2239604,0.43955943,1.257879,1.1212486,-0.7439054,0.012289241,0.9492493,0.6913638,0.96642625,-1.3837646,0.090822406,-0.34756473,0.12157988,-0.082778804,-1.7345574,0.6380644,0.3867746,0.33175066,-1.6761311,1.2762207,0.61030364,0.3976143,-1.4906651,0.62049943,-0.34384114,0.6681653,-1.3328902,1.011902,0.37069008,-0.19695382,0.79863054,0.5754169,0.9064231,0.6176564,0.31463665,0.6489424,0.9294002,0.8535388,1.0263764,-1.3929055,-0.4472802,0.039508414,0.84225637,0.603279,0.9796952,0.51055276,-0.8696652,0.54227114,-0.9311037,-0.7674266,0.75332415,0.36703843,0.13288586,-0.84805834,-0.10812391,1.4975977,-0.34749115,0.9079778,0.29765278,0.44832107,0.6689607,0.6985086,0.09177932,1.4071531,0.48615736,0.34088558,0.37744266,1.6841359,0.6826088,0.40511385,1.1033785,0.8066474,0.41039613,-1.0155334,0.23625563,-1.8079076,0.5477093,0.91208184,0.8498528,0.051617302,0.10930798,0.6513193,-0.15391168,0.89106435,-0.012996197,-0.47029015,0.55412257,0.10209091,-1.9419596,-0.72581285,0.358794,-1.5949211,-0.9184611,-0.5206402,0.48444057,-1.9983919,0.18451764,0.695179,0.6823112,0.0062678475,0.30690947,-1.4905989,1.0996346,0.9821207,0.36811125,-1.2769176,0.27935767,-1.4632211,-1.3267264,0.36223888,1.0939856,0.5711878,0.21403018,1.287872,-1.3641431,0.4482654,-0.04482909,0.832246,-0.17327623,0.6363429,-1.4681221,0.98699266,1.0561417,0.3290606,0.7499918,0.49397296,1.1689593,0.22206214,-0.02301079,-0.39888102,0.41425976,0.28870365,0.5380052,-0.12972829,-0.08226033,0.52537423,-1.0799725,-1.9130837,0.87161124,0.25664198,-0.24881409,0.79070556,0.5774653,-0.21285103,1.215012,0.43860808,-2.3488586,0.13884935,0.054935377,0.7148649,0.05964552,0.8152751,0.33540806,-0.2914301,-2.101403,-0.33029798,-1.1621623,0.08029792,0.7138361,0.5456429,1.063207,-2.0866323,1.1092627,0.2526154,0.38883772,1.063266,0.30579066,-0.85495794,0.5783051,0.3825016,0.758615,-1.0029527,0.44139832,0.50177306,0.4105368,0.015501816,0.6077107,0.15366714,0.21031304,1.031296,-0.17262569,0.5722001,-1.444398,-0.024308464,0.68804765,0.57433367,1.186675,-0.720827,-0.18081345,0.00828294,-2.0438735,-0.43065614,0.65016013,0.41802293
0.026137382,-0.42062148,0.45716313,-0.7221952,0.06406574,-0.31054622,-0.21316136,0.14734104,-0.96392745,-0.04219577,0.7487766,-0.65143067,-0.199509,-0.012972461,0.20173799,0.12509617,0.0047599827,0.4083884,0.6903594,0.08407862,0.8296472,-0.057756275,-0.09594374,-0.06701632,0.9017489,-0.55159026,-0.43756807,0.9030663,1.1565356,-0.21844012,-0.21441421,0.49204385,0.9651366,0.23683593,-0.10753972,-0.08138039,0.7414768,0.0199539,-0.14364426,0.97397965,0.24606498,-0.07514542,0.08281432,-0.6536774,-0.3419703,0.74982,-0.18622181,0.7265196,-0.5461937,0.024550175,-1.2411258,-0.6847775,-0.004193872,-0.19263387,0.53913397,0.19358003,0.15720311,-0.046566922,-1.0051793,0.18522327,-0.6221833,0.12200161,-0.617226,0.031216875,0.3679948,-0.09913622,-0.2456885,0.20250699,0.3013492,0.102462605,0.44049758,-0.43422183,0.60140514,-0.04266541,-0.2137073,0.14379202,-0.23653248,-0.13094543,-0.12678194,0.70070946,0.65506226,0.11865918,-0.24429306,-1.2474846,-0.12131728,-0.48700228,-0.46593216,0.25269395,0.40900373,0.3330961,0.24291222,-0.19597168,0.09467052,-0.052884884,0.99096256,0.5420087,-0.3070577,0.6190551,1.0687625,0.9344581,-0.37798837,0.45658392,-0.005859081,-0.008236593,-0.736027,0.36472315,0.7331658,1.2489232,-0.23325744,-0.5179955,-0.5943389,1.0874443,-0.4011013,0.27468228,1.1394433,1.1494982,-0.41674188,-1.1992487,-0.8440911,-0.18287504,0.91137797,0.06379341,-0.27632245,-0.9156213,-0.43524745,-0.31311953,0.9922329,0.14551723,-0.041422516,-0.12321533,-0.73987204,-0.28475195,0.47436133,0.64827126,0.026640445,-0.3653573,-0.6886384,-0.6041372,0.1916261,-0.03250341,0.13998246,-0.4584096,0.8827438,1.0013814,-0.20587759,-0.48943076,0.3584128,-1.0175904,0.005875714,0.63427126,0.18224867,0.7420524,0.7780594,0.24851283,-0.7575858,-0.2731605,-0.077048026,0.16456297,-0.16603437,-0.035990447,0.6018207,0.021222465,0.9991251,-0.13438538,0.32752392,0.6793493,-0.5997596,0.6492233,-0.09019009,0.20381084,0.6805675,0.31750506,0.21639195,-0.2824823,0.33175024,-0.02965127,-0.4117627,1.0659208,-0.10987487,0.7962446,0.28169832,0.40070987,0.2312303,0.8108987,1.095082,-0.24397188,-0.29224896,0.18604964,0.46080202,0.61736226,0.0028700847,-0.4815848,0.40261275,-0.569594,0.7648203,0.6227885,0.9059568,0.49042434,-0.29224357,0.14654005
0.36197615,-0.0060965344,0.14659733,-0.27069753,-0.22754613,-0.15851714,-0.44188258,0.4908763,-0.5486739,-0.66196746,0.84220695,-0.5446392,-0.67244667,-0.46268195,0.31441492,0.3859232,0.5189572,0.34059727,0.3458365,-0.26417336,0.85459065,-0.38929597,-0.053203512,-0.13299367,0.29214424,-0.6144536,-1.0498976,-0.15933946,0.58440506,-0.204169,0.052096587,-0.03517331,0.3746789,0.45174462,-0.14229001,-0.6005506,0.53433806,-0.10849366,0.082682386,0.83294755,0.24057905,-0.23284267,0.23674515,-0.39341807,-0.31455386,0.45543605,-0.18836266,0.24365969,-0.53117865,0.49165475,-0.08464386,-0.37657896,0.5653294,-0.5266236,-0.36110023,0.2079578,-0.8447204,-0.12562059,-0.7939476,0.7552494,0.063864924,0.1890605,-0.38302088,-0.09868027,0.2938239,0.31309548,-0.25510275,0.072760336,0.08990745,0.034323882,0.42824006,0.20807181,0.106957294,-0.6142261,-0.915404,-0.05464516,-0.7785724,0.1751812,-0.11346644,0.46070018,0.42411956,0.1424849,-0.117402345,-0.88401663,-0.20320085,-0.37266278,-0.17196989,-0.7650741,0.42045695,0.60163903,0.5677623,-0.6712446,0.1246371,-0.5236888,0.68147194,0.32281932,-0.44963092,0.48674178,1.1795863,0.5458785,0.06491766,0.54027635,0.29090405,-0.43651387,-0.80835843,0.09267885,0.8704304,0.7786567,-0.27407,-0.5380205,-0.76195395,0.16327326,-0.1954924,0.68100417,0.66462636,1.10608,-0.19992822,-0.4755513,-0.20589688,0.039509885,0.93736964,0.027167507,-0.1249633,-0.81000024,-0.8786581,0.104883134,0.79272914,0.5124008,0.24629606,0.008786757,-0.36885163,-0.3939721,-0.31843346,0.07497986,-0.23151085,0.29281455,-0.2954686,-0.006709775,0.20146644,0.5685628,-0.09136799,-0.7058947,0.37937278,0.4447474,0.17830516,-0.41923696,0.47036356,-0.623978,0.0019485205,0.4528166,0.069608435,0.18692937,0.6297264,-0.28998828,0.12937811,0.15219848,-0.45589194,-0.13263716,0.007192526,0.7936066,0.37211058,-0.111856684,0.6329087,0.5667783,0.6666056,0.85827494,-0.07382931,0.65751517,-0.21914276,-0.16829908,0.80680156,0.22644104,0.4065321,0.072319075,0.32127136,-0.013991326,0.08003991,1.0934013,-0.14353767,0.34826863,-0.30522943,-0.5330307,0.35651508,-0.22398403,0.57585883,0.006989816,-0.15143393,0.09069819,0.39429966,0.8766522,0.55273086,-0.11927683,-0.5761713,-0.41850162,0.12695819,0.074269764,0.5824326,-0.09730035,-0.21268249,0.47937667
-0.22863084,0.0020620339,0.5086521,-0.28892794,-0.16703986,-0.7774254,-0.11528532,-0.03167277,-0.78819805,-0.50122786,0.41731533,-0.80748016,-0.42296413,-0.19301097,0.21590441,0.8177034,-0.13239355,-0.7669622,-0.028971367,-0.6421179,0.9600258,-0.46601108,-0.52994716,-0.44238177,0.50624835,-0.72986996,-0.6500157,0.23778678,1.2955528,-0.2816447,-0.16057305,-0.419927,0.71269757,0.109060675,-0.8187272,-0.04900592,0.5598505,-0.4568583,-0.18557432,-0.15804051,-0.4955405,0.011408292,-0.4331993,-0.55207485,-0.430936,0.38423848,-0.58747596,-0.45638055,-0.080097735,-0.18771072,-0.6858768,-0.5210247,0.50876147,-0.36103174,0.16813484,0.21088405,-0.36760217,-0.68461114,-0.7407624,0.47360083,-0.4585605,0.20267847,-0.9129168,-0.077905715,-0.27538067,-0.6149772,-0.49189308,-0.48596498,-0.10971141,0.1922656,0.059565283,-0.6481912,-0.21283826,-0.75166833,-0.34860063,-0.13318183,-0.4849761,-0.65080655,-0.80187696,0.8536652,0.19168775,-0.33068138,-0.3358769,-0.4478039,-0.7637817,-0.7131499,-0.4828561,-0.7841271,-0.12312706,0.12639822,-0.11412685,-0.49791464,-0.22138338,-0.4568435,0.6704639,0.525812,-0.25547042,0.35523945,0.4684028,0.6178321,-0.8258561,0.83532274,-0.27743393,-0.2815382,-0.69275343,0.30623075,-0.17361265,0.660998,-0.3766294,-0.6704932,-0.30988455,0.6794648,-0.8713402,0.7132842,0.9076977,-0.2167084,-0.3632342,-0.6577109,-0.7085451,0.1962804,0.59766144,0.15527073,-0.9190835,-0.5630338,-0.31491002,-0.72485536,0.81602407,-0.52397543,-0.29431698,0.090485275,-0.5066987,0.063961454,-0.23835593,0.55397964,0.1403399,0.63634634,-0.15537739,-0.32154876,-0.60130036,-0.10195885,-0.3156713,-0.54580355,0.30955967,1.3058085,-0.6177101,-0.47080743,-0.06728253,-0.83388704,-0.59110105,-0.107629806,0.3841349,0.38289788,0.8280566,-0.44057086,-0.6907491,-0.46744967,-0.14058948,-0.49242738,-0.30170882,-0.29266095,0.6316745,0.7670255,1.0281161,-0.59301984,-0.034487244,-0.19350001,-0.5127605,0.94440544,-0.506494,-0.46615288,-0.16867387,0.0990445,0.30336124,-0.42957792,-0.057846975,-0.015104068,-0.6549774,0.8584529,-0.111002706,-0.07416347,0.052602597,-0.468214,-0.35895538,-0.345515,-0.08163367,0.11460833,-0.35673007,-0.39479908,0.42815825,-0.4192908,-0.47226897,-0.20200147,0.025042787,-0.6055714,0.2795134,-0.2198622,0.8872254,-0.5394706,-0.6841644,-0.21471
0.89493334,1.2217132,0.27704024,1.3922136,1.5210124,1.1201382,1.0305747,0.18287197,1.3648834,1.3925494,-1.1198733,0.9358005,1.6814935,1.5411822,0.9660697,-1.3683181,0.5093004,0.87085235,0.39241627,0.45391673,-1.5598207,1.1385921,0.864505,1.9546267,-1.2992729,1.7276686,1.3935728,0.6575429,-1.1711099,1.0290825,0.9518247,0.46279812,-1.6850685,1.075269,1.2134979,1.0822473,0.7067342,0.6235881,1.3131465,0.44918782,0.2890904,0.2112994,1.4010698,1.3458846,1.5423222,-0.44465184,0.4525699,0.7161477,1.6109409,1.374814,1.5697019,1.3302853,-1.2492039,1.4284958,0.33212638,-0.76560444,1.1756605,1.4379574,1.7935882,-0.6727931,0.79663396,1.0512635,1.1665863,1.1368333,0.079155415,1.1539177,1.0950584,0.6313331,-0.8920865,1.3402323,0.7786555,0.9650685,1.4182298,1.3568083,1.0073223,1.0534152,1.1763287,0.95444256,0.65247506,-1.1779032,-0.7440901,0.31941947,1.3898853,1.4968637,1.4151784,1.0616621,1.611653,0.9958265,0.34567687,0.9243855,0.37122566,0.92656404,1.4966298,0.8442756,-1.7142596,-0.082234874,0.7226352,-1.304905,-0.775823,-1.141733,0.7401366,-1.4299939,1.4112505,1.414574,1.7036612,0.84517187,0.75104606,-1.7235585,1.5812709,1.7457851,1.3538312,-1.110464,1.335984,-0.76941615,-1.1563911,0.4075967,1.5807981,1.9992403,0.7059083,1.3107541,-1.257201,1.335039,1.0393077,1.3162228,0.79322785,0.89810807,-0.9157958,1.2558362,1.1162921,0.77805513,0.96571994,0.8753615,1.0000092,0.70019406,0.67497146,-0.92376804,1.2706983,0.9545805,0.9729542,0.5817357,1.6018982,1.0886482,-1.0696486,-1.3827693,1.4103681,0.88252205,0.3599571,1.4291271,0.7595059,0.63650846,0.8542534,0.781092,-1.3956392,1.1738024,0.75961643,1.4687842,1.2822657,0.90905845,1.0171803,0.36086932,-1.3021071,-1.0365336,-1.468245,0.73122823,0.6601129,0.76170003,1.070526,-1.5772488,0.9921939,0.5810582,0.9532062,0.09954482,0.5604656,0.7557703,1.0389113,1.2686762,1.5688442,-1.1265824,1.0377849,0.76265174,0.9823292,0.19095118,0.6642146,0.41773194,0.022961289,1.0997465,1.4143602,1.0484699,-1.3908615,0.8327883,0.9681348,1.0848109,0.8779379,0.013859298,0.54340786,0.6956898,-1.5823773,0.95546734,1.1261952,0.7467548
0.77913177,0.3913767,0.04776331,0.45650512,0.2236575,0.12385112,0.31529415,-0.16227427,0.2681428,0.12697804,-0.05283101,0.40390408,0.124795996,-0.09400842,-0.061199844,-0.020723734,0.12601897,0.38560683,-0.07945989,0.2160177,0.26505312,0.46027026,0.4023659,-0.19445378,-0.16416505,0.07717463,0.16097212,-0.21445231,0.10141442,-0.0064527704,0.15525787,0.032484427,0.0555883,0.16734646,0.07269789,0.09376337,-0.37936285,-0.025493033,-0.32658142,-0.17282604,0.15902713,0.04115212,-0.31125835,0.24181071,0.32055995,0.11398121,0.7074946,-0.33790863,-0.08573353,0.19633128,0.32902938,0.03497067,0.03371358,0.1306102,-0.3795789,0.08275615,0.17378563,0.33951268,0.05688232,-0.07387913,0.46433145,-0.4572945,0.36213568,0.12499979,0.5605515,0.5636771,0.1214224,0.00595615,-0.1147554,-0.3019677,0.11584083,0.5712157,-0.14809084,0.30293775,0.20663664,-0.15681879,0.21829751,0.11662127,0.5883307,-0.13488556,-0.08727606,0.16857393,0.54528415,0.18279724,0.34296507,0.39259395,0.04277847,0.0868825,0.049612604,-0.06771366,0.033061378,0.16480714,0.15196913,0.28212386,0.072320685,0.2812345,0.16961336,-0.04110348,0.021117449,-0.2014798,0.43284506,0.17637435,0.2619608,-0.58444047,0.077018775,-0.13591231,0.20392981,-0.15530609,-0.042671815,-0.4038341,-0.030250676,-0.13617618,0.008313812,0.021262527,-0.096761085,-0.27244464,-0.07711005,0.1795263,0.37161016,-0.4522927,0.050722186,-0.40822878,0.5707101,0.047746707,0.12222041,0.57826585,-0.054560564,-0.039711803,0.18426709,0.14572631,0.21468224,0.2618432,0.30299026,-0.11645935,0.16838361,0.23013262,0.32489714,0.45546368,0.22914788,0.66697764,-0.20326474,0.014054965,-0.008190282,0.018481638,0.15108137,0.44594228,0.6263592,0.31468087,0.15449136,0.62252367,-0.101070404,-0.38333791,0.115934305,0.07079677,0.7165137,0.18400584,0.05591535,-0.20710361,0.3532137,0.25016138,0.08242513,-0.20202285,0.16716641,0.55132544,0.3810138,0.25742584,0.085806504,0.31350088,0.21728837,0.6050987,0.25910652,-0.11978162,0.40182176,0.78145254,0.026580894,0.2525153,0.22397102,0.011196809,0.19610435,-0.31273034,-0.023837717,0.5334369,-0.07477413,0.03380946,-0.09377796,0.42102224,0.5076389,0.09369306,0.14145412,0.099635705,0.27439684,0.39455482,0.13608289,-0.14702803,0.31061032,0.18775032,0.08534257,-0.40398198,0.46571457,0.3205522
-0.45776713,-0.679722,-0.45987117,-1.0064642,-0.6631007,-0.83920985,-1.3409431,-1.9899799,-0.50542843,-1.1149104,-0.042504482,0.66415495,-1.0001111,-1.3324829,-1.1520603,-0.49756923,-0.6851291,-0.079322085,-1.2413085,-1.2325058,1.0614502,-1.26067,-0.91843677,0.13016236,0.78172135,-0.43994215,-1.2602493,-0.16543807,-0.99156,-0.4291787,-1.4314852,-0.74990577,0.7714147,-0.5898336,0.5615671,-1.2652661,-1.0975354,-0.49124557,-1.5769743,-0.63704836,-0.62603164,-0.6769435,-0.54457206,-0.27674156,-0.6854671,0.22570504,-0.5077947,-1.2726417,-1.5347635,-0.24527408,-0.40982535,0.1173936,-0.7615072,-1.3618456,-0.8947786,0.94748116,-1.4290891,0.22675288,-0.9962781,-0.45399648,-0.3066122,-1.2276803,1.4092747,-0.50282764,-0.28081986,0.66822726,-0.049633987,-0.27588603,0.8922553,-1.2232513,-1.8255037,0.53374916,-0.022080056,-1.8288963,-1.0203762,-1.7446615,0.32726502,-0.3497559,-0.5870202,0.13284372,0.48896098,-0.18980755,-0.5192954,-1.2473503,-0.6813231,-1.0112976,-0.5954694,-0.9006852,-0.43820006,-0.57290566,-0.99283075,-0.7593789,-0.17684764,-0.0641405,0.058760565,-1.7726203,-1.9129983,1.5527142,-0.29640207,-0.4472145,-0.8678292,0.8668986,-0.6556043,-1.240852,-0.7616118,-1.904298,0.15023889,0.83237815,-1.2571155,-0.56293553,-1.7780478,0.8656627,-0.05298549,-0.19057046,0.93554574,-0.10564447,0.0711236,-0.8671041,-0.0709693,-1.5121396,1.4658158,-0.26609984,0.41929826,0.0197521,-0.46755022,0.5189031,0.35927212,0.7707321,-0.91519403,-0.8045098,-0.95516306,-2.1738677,-1.2010492,-0.67825216,-0.54053956,-0.026554532,-1.7854813,-1.7521508,-1.3983238,-0.629351,-0.7673378,-1.5819832,1.6613762,-0.882092,0.42486638,-1.0540354,-0.86475825,-0.13539574,-0.49299943,-0.4207519,-0.8901703,-0.41339484,1.2642077,-0.5826318,-0.29718605,0.17022805,-1.5400113,0.54443413,0.14251,-0.6245554,0.6468597,1.399019,0.6936213,0.6189968,-0.096758485,-0.14324704,-1.3896079,0.56715864,-0.77968466,-0.4853664,0.721972,-0.9548883,-1.7683753,0.5775877,-0.7272186,-0.10476525,-0.29029107,0.71382195,-0.93216133,-0.4981055,-2.0287478,0.015159417,-0.37953502,-0.11141853,-0.5307648,-0.9873246,-0.3922505,0.53888774,-0.06115622,0.20390883,0.061229013,-1.138152,-2.0695627,0.086128086,-1.4789772,-0.8307888,0.8033104,0.09034431,0.75474226,-0.5556672
1.1207312,0.52397984,0.26187184,0.7642041,0.3771304,0.7118653,0.2635871,0.065378256,0.77793956,0.4521265,-0.08362299,0.60046697,0.054047477,0.41079888,0.92994124,-0.16158345,0.76643854,0.79057074,0.40291327,0.08214622,0.036304407,0.39807037,0.96483177,0.8540154,0.01251201,0.8909473,0.08108125,0.15238172,0.08297406,0.99656224,0.6586076,0.21872275,-0.1121124,0.9406415,0.7461657,-0.02093489,0.5955782,0.6653792,0.8270881,0.8204841,0.70171964,0.27564478,0.6799687,0.9406104,0.13754646,-0.5090196,0.54484886,0.134331,0.28631598,1.0745627,0.7751892,0.8733817,-0.1459595,0.39189363,0.040236082,-0.04203775,-0.02734204,0.91463864,0.4969787,-0.032411486,1.0052183,0.15502788,0.7050575,0.8417614,0.14698428,1.0128384,0.78517175,0.99163485,0.04902658,0.9028594,0.46678042,1.0730007,0.8589024,-0.019025076,0.42265397,0.53948975,0.62587935,1.0111532,0.5892112,-0.31997216,0.17917298,0.33862013,0.8678092,0.52437633,0.51848376,0.08440635,0.21197,-0.0010686554,0.7069089,0.6355707,0.108093515,0.106577575,0.7824842,0.58928216,-0.06992917,0.2630543,0.24547045,-0.1830226,0.1132268,-0.21152106,0.4171733,0.11343604,0.91295564,-0.012889354,0.48823264,0.36591315,1.047155,-0.06175392,0.80585307,0.49479967,0.37814647,-0.29560298,0.59992343,-0.04103157,-0.50110364,0.88786733,0.8529159,0.6774807,0.29089728,0.76887596,-0.20280442,0.8193729,0.9917531,0.7887314,0.4063766,0.9584958,-0.21573986,1.0585594,1.0370947,0.733055,0.5127822,0.4444244,0.53133434,0.032785628,0.21785846,0.14689995,0.41749278,0.3773843,0.74638057,1.0667065,-0.14923003,0.30423677,-0.038294543,-0.18811685,1.162089,0.5857206,0.89170533,0.7681735,0.7102736,0.8661225,0.9975493,0.7573834,-0.121897,0.49794146,0.90757227,0.8671793,0.0025452655,0.7489033,0.81881344,0.88257784,0.031139564,0.005947605,-0.000624327,1.1841162,1.2568756,0.9751126,0.64234614,-0.03762763,0.7526773,0.79789925,1.0430541,0.6305887,0.4859212,0.46751407,0.86734915,1.0522602,0.95869195,0.23895451,0.82239306,0.77133286,0.3110436,0.40260383,0.9764075,0.6552057,0.7416599,0.83391654,0.7771445,0.9534367,0.21204206,0.7766724,0.93001163,0.9154083,0.5533022,-0.15794209,0.6021392,0.5486945,-0.18851958,0.4864642,1.0210346,0.87362534
-0.64475155,-0.39976504,-0.1867939,-0.3938726,-0.15977827,0.059125878,-0.004564207,-0.6286788,-0.076000124,-0.4149645,-0.35975337,0.6895391,0.16731332,-0.20946713,0.046573047,0.07503575,-0.47767654,-0.61244625,-0.37943494,-0.39009294,0.4199991,0.0874547,-0.26390132,-0.13864689,0.22760092,0.31767622,-0.22781292,0.33071497,0.04736379,0.30439496,-0.30177277,0.44523072,0.58275276,-0.39442122,0.45372006,-0.19362648,0.11234586,0.044219933,0.014282475,-0.02375995,0.06679335,-0.14396094,0.4123218,-0.17503041,-0.40757155,-0.029507516,-0.61421037,-0.5950506,-0.57806325,0.032777704,0.14682958,0.26549926,0.16164652,-0.95708287,-0.29009423,0.45187333,-0.20131671,-0.2682812,-0.35343075,0.40887734,0.2779591,-0.013896795,0.14191668,0.18374728,0.66525155,0.029311704,0.5204345,0.58021736,0.36412033,0.3342162,-0.39176524,-0.08956502,-0.19663206,-0.40031993,0.16911528,-0.29201868,0.39940298,-0.021205246,0.030237054,0.3165489,0.58556545,-0.5006567,-0.4765991,-0.12842229,-0.28610724,-0.20128228,-0.32997203,0.17635474,-0.39626577,-0.4811341,-0.47040683,-0.6171918,-0.22834241,-0.20607792,0.17054111,-0.4522124,-0.4282181,0.531709,0.04158839,0.10520798,0.010938976,0.6443247,-0.31501025,-0.26127326,-0.42104837,-0.7314676,-0.047995217,0.27162877,0.15809381,-0.4073326,-0.74386615,0.1259411,-0.51701534,0.17981638,0.53107053,-0.012826288,0.047408264,-0.7462983,-0.057844397,-0.05177147,0.54160106,0.25127026,0.07113302,0.5858192,-0.3324048,0.2195573,0.11091608,0.56976324,-0.19934887,0.098431855,-0.16942659,-0.90546477,0.018569432,-0.2162725,0.24179497,0.34676498,-0.4163516,-0.46756214,-0.63770676,-0.66038525,-0.07231987,-0.67383087,0.24133295,0.013549477,0.5092785,-0.0041136052,-0.44984347,0.4240888,-0.24448425,-0.6334889,0.2201765,0.34951913,0.30905014,0.22141218,-0.3680467,-0.07744771,-0.5460119,0.67868304,-0.2649498,-0.5362258,0.2921347,0.21517736,0.5709784,-0.22357208,-0.22221854,-0.3251328,0.06689693,-0.17881784,0.55093104,0.06485864,-0.1013188,0.31707782,-0.28890514,0.058790423,0.2669191,0.0440054,-0.26258656,0.349886,0.09073377,-0.15975924,-0.55117244,0.25951475,0.30781054,0.14163262,0.23548537,-0.45300382,-0.56698084,0.7621435,-0.092343666,-0.13539447,0.76533467,-0.4913729,-0.44275996,-0.43878046,-0.22782326,-0.25920412,0.39017177,0.022894945,0.2381983,-0.46768022
-1.0634991,-1.6191441,0.58162177,-1.4092894,-0.48714963,-1.9009326,-0.2580872,-0.6331427,-1.2333149,-0.8872575,0.024910579,-0.91321284,0.32186478,-0.36577776,-1.2608433,0.3945874,-0.68202823,-1.2755688,-0.6686767,-0.32868558,0.8174131,-0.056787357,-1.3150102,-1.1353275,0.62778986,-1.6804402,-0.36151132,0.14628498,1.4496402,-1.229868,-1.3214451,0.8035832,0.74163,-0.69061565,-1.9468744,0.32718387,-0.024709303,-0.5794955,-1.2073119,-0.48209804,-0.7022376,0.709317,-1.4571158,-1.6681554,-0.67536974,0.17315255,-0.4627732,-0.63452893,0.09092462,-1.6821456,-1.8065014,-1.7437884,0.2663771,-0.32083485,0.77870154,-0.8397314,-0.23230934,-1.2678652,-1.3154821,0.61249954,-1.4828892,-0.49870676,-1.6423072,-0.60974914,0.38221428,-1.1968341,-1.395155,-1.5328379,-1.4109781,-0.9505827,-0.16191792,-1.5283992,-0.13825607,-0.64939606,-0.58267623,-0.9861577,-0.6331219,-1.573122,-0.74564004,0.79598635,-0.74529374,-0.4488048,-1.1139569,-0.13468716,-0.13892026,0.021122506,-0.7891255,0.38282418,-1.5162368,-0.5767304,-0.04880075,0.124601,-1.4371213,-0.35280025,0.38476768,0.57497096,-0.6054343,0.19643487,-0.4643629,-0.3296598,-0.30293852,0.14215307,-1.2472558,0.32670766,-0.4319369,0.24361217,-1.2721316,0.35389715,-0.7485425,-0.5192228,-0.4298153,0.36099774,-0.8501714,0.4793437,0.38411295,-0.7832444,-0.16930938,-1.359192,-1.7200223,-0.08823121,0.04186032,-0.11224548,-0.97137964,-1.7239455,-0.5005061,-1.213313,0.4494165,-0.93128586,-1.8499006,-0.61848354,-0.93746614,-0.47508696,-0.90295506,1.1544567,-0.66884273,1.5690773,-0.8437115,-0.64619285,-1.296749,-0.94492656,0.02814006,-0.63204044,0.46737528,1.5633332,-1.9655739,0.084353365,-0.5570637,-1.2664967,-1.0927459,-0.71402526,0.075780034,-0.68044645,1.1453282,-0.37672785,-1.460556,-0.9287525,0.28472435,-1.0008796,-1.2272667,-0.550593,-0.2328981,1.1137458,0.77642554,-1.3419755,-1.3804293,-0.7057717,-2.127274,0.09556147,-0.675403,-0.5031329,-0.9420396,-0.16915782,-0.10326659,-1.1993667,-1.7346078,-1.163559,-0.9992936,0.41265333,-0.8253452,-0.5004582,-0.055168927,-0.47414318,-1.4339101,-0.9010739,-0.85772705,-1.4100224,-0.9742427,-1.4009463,0.9766899,-0.6300686,-1.4434853,-1.4647557,-1.2780915,-0.609963,-0.6763328,-0.526842,0.53255975,-0.7720214,-1.786648,-0.88730156
1.8233389,2.1863475,0.7761634,1.5238533,1.5139858,1.38148,0.7486867,0.622247,1.3066175,1.4459846,-0.99773073,0.92320377,1.3202597,1.5789474,1.1518579,-0.7065195,1.4829766,1.4534445,0.43472153,0.9460569,-0.9476819,0.905804,1.1939052,2.6123445,-0.39336345,1.321999,1.38066,0.7165943,-0.46849453,1.3493556,1.8102596,0.3516432,-1.5250953,1.4567657,1.6433171,1.1793422,0.45877254,0.9186739,1.6647205,0.42452842,0.54682803,0.4719541,1.7180891,1.7487221,2.0332487,-0.45658308,1.0627371,1.1724005,1.2647003,1.990685,1.4950645,1.698653,-1.1278712,1.2392424,1.3897716,-0.42602628,0.9076699,1.6552336,1.6680386,-0.6422323,0.7019224,1.0259647,1.3441757,0.9641481,-0.911996,1.3585413,1.1032729,0.5906749,-0.97602046,1.1192065,0.73936987,1.3086896,1.9012246,1.0672008,1.0920496,1.1699485,0.6450338,1.4015888,0.6677267,-0.34237114,-0.84679353,1.951011,1.5440594,0.84672093,1.0909758,1.1783413,1.505618,1.0827687,1.2037667,1.5949965,0.5374873,1.4391752,1.9668895,0.9063944,-0.6725657,0.02331676,0.9391553,-0.88138956,-0.39049104,-0.76059794,0.38052493,-0.43908286,2.1763582,1.3472675,1.5890627,1.2687196,0.9565476,-1.2061883,1.245293,1.9716035,1.5200586,-0.3429427,1.5835766,-0.3625173,-0.6666444,1.048019,1.6214936,2.2724109,0.450846,1.6388774,-0.83423615,1.917005,1.2445754,1.1552175,0.9704133,1.0933623,-0.56594396,1.0563427,1.4371095,1.0595431,1.0454303,1.181928,0.4976409,0.7608108,1.2683082,-1.0528368,1.2181889,1.0106444,1.2869022,1.0689186,1.7734214,0.89650655,-0.5553478,-0.63312453,1.4000734,0.7750637,1.3790033,0.97734207,1.2308714,1.134125,0.25921628,1.0466883,-0.5860808,1.1117167,1.2535255,1.59106,0.9158749,0.89790213,1.2448316,0.92253155,-0.50698763,-1.0168402,-0.9712058,1.3261521,1.2528541,1.2353585,0.95301557,-0.7790594,1.0561173,0.51159275,1.3593447,0.22325437,0.73442376,1.2308159,1.4119241,1.4947616,1.8805281,-0.89257425,1.1134862,1.471606,1.3475955,0.15641989,0.90015423,0.5824445,0.030310601,1.3438386,2.05956,1.1657926,-1.0498644,1.1609353,0.9315159,1.3979023,0.6352967,1.2175746,0.7944539,1.3716203,-0.6144358,1.2405101,1.2866224,1.080765
-0.00054521114,-0.054165933,0.13706005,0.65637153,0.11050215,-0.14372987,0.64969325,0.6852584,0.77326417,0.22592312,-0.6339038,-1.0382358,0.20441335,0.48993,0.6818426,-0.6384567,0.016209885,-0.46658677,-0.24671227,-0.68339765,-0.23366907,0.06901167,0.3491941,0.5444968,-0.9088964,-0.27428454,-0.45538455,-0.026624192,-0.4809537,-0.42087865,-0.60758394,-0.35288233,-0.6555105,1.1666225,-0.69580466,-0.07937672,0.057773117,-0.24601945,0.6863097,-0.115992144,-0.52829754,-0.19113615,-0.13019614,0.5081225,-0.36471188,-0.67430514,-0.20184118,0.041945968,1.2489862,0.018397823,0.25998026,-0.45870298,-0.21379606,0.56983465,-0.818522,-0.7300688,-0.35084158,0.19550821,0.14602594,-0.9325314,-0.47042698,1.0912527,-1.1036566,-0.23976608,-0.7828969,0.09192455,-0.48761883,-0.38847882,-0.8046787,0.5568642,-0.061824046,0.44823027,0.5058454,0.26127452,-0.24945754,0.45118997,-0.5911657,0.22148356,0.29799262,-0.74948466,0.0065796394,-0.6493055,0.3075879,0.7697438,0.60842395,-0.3173172,-0.51805127,0.020682957,-0.26279485,1.0269874,0.20670338,0.06106118,0.9046682,0.04286422,-0.88836676,-0.2531001,-0.20038211,-1.1922735,-0.954774,0.010340068,-0.46524066,-0.9634164,-0.14050938,0.47689185,0.7785995,0.41471165,0.11515242,-0.67133254,0.42337054,1.0089582,0.34492263,-1.2512124,0.9540865,-0.17250048,-0.93849725,0.09061264,1.4339887,0.31066895,-0.71540964,0.98836243,-1.2329302,0.0551401,-0.1939836,0.012722111,-0.46989807,0.23031308,-0.7369682,0.30566773,0.284218,0.09277415,0.22795944,0.6863097,0.090080656,1.412046,-0.47631773,1.1207144,-0.05090524,0.10314666,-0.5021563,0.37543952,-0.7395467,0.38073376,-0.90181184,-0.00597563,-0.2439874,-0.19319461,-0.2734758,-0.39598528,0.12703441,0.12058793,0.8488652,-0.33199397,-0.92422265,-1.1934416,0.13230956,0.9257455,0.17597282,-0.99310243,0.8131453,0.7703464,-1.0758829,1.1970252,-0.99167144,0.16447113,0.1959196,0.8693541,0.20015207,-0.5698348,-0.118697636,-0.13517778,0.4026161,0.029230123,0.15888077,-1.3105352,-0.65227383,-0.64865744,0.6865693,-0.7477298,-0.7071548,0.49857944,0.9603317,-0.53117967,-0.1929284,-0.93609536,-0.5437482,0.65869707,0.19493459,-0.32713053,-0.5674769,0.6825815,-0.512725,-0.4260709,-0.15864968,-0.3349577,-0.23757502,0.7188417,-1.1862559,-0.83830935,-0.12254858,0.7651558
2.0218482,1.2384125,0.9579051,1.1639109,1.7315867,1.7088523,0.35745418,0.46554285,0.5588765,1.7268525,-0.9782618,1.5899639,1.2105868,-0.16093256,1.1960298,-0.13881502,0.36936247,1.8529127,0.99649733,1.8018944,-1.1298122,0.9537725,1.3381588,0.23981579,0.105362594,1.3105807,1.2423239,0.68018526,-0.81181216,2.358957,1.7017709,0.40149385,-0.7347822,0.6036078,1.563214,1.632512,0.46145853,2.323813,1.7383763,0.6954946,2.5420432,1.9294331,0.69078404,1.4813552,1.1204238,-0.3031377,2.808214,1.645119,0.23983997,1.6021308,1.2975509,1.8822839,-0.6700552,0.9034815,0.6442063,-0.62546295,0.9484539,1.5839295,0.9484004,-0.75162995,2.080186,0.4513567,1.8852571,1.7779975,0.3809468,1.4324132,1.557101,2.2494707,-0.811802,0.83166295,0.85729146,1.363776,0.51603836,0.4370464,1.6735592,0.76015306,1.2005644,0.7070869,1.0730671,-0.61612445,-1.323872,1.7253728,1.7088078,0.96233094,0.08359544,1.5129681,1.778777,1.3340517,1.276891,-0.016111095,0.5687469,1.1411575,0.90778005,2.1199944,-0.7151453,1.2822305,2.3625047,-0.16422738,-0.45832625,-1.1117483,1.4470165,-0.14677885,1.8033704,0.33672246,0.57865655,0.9729203,1.0018098,-0.8897537,0.69018227,0.040860653,0.756712,-0.5337291,0.5449847,-0.58716923,-0.5689003,0.7084187,0.039715376,1.1472788,1.3580204,0.17846587,-0.8207412,1.7533857,2.5559201,1.7994941,2.0753472,1.4355491,-0.6837861,0.9553495,1.5901035,2.8264098,1.237328,1.114675,0.9396571,0.8309181,1.8134863,-0.5028258,1.6484978,1.6375632,2.0425792,1.9484053,1.9081188,0.6167304,-0.13273071,-0.90546995,1.6285669,1.5715342,2.2477312,1.2821236,0.9511261,1.8148841,0.5549299,1.4373844,-0.34997246,1.1508687,2.0876155,0.6614877,0.3826487,0.61869544,1.2019058,1.4656088,0.018906604,-0.9666393,-0.5696627,1.4430364,0.715134,0.6979735,1.2132719,-0.3965643,1.0750816,1.2918695,1.0145116,0.28722814,1.1730937,2.7562492,1.6717422,1.9454831,0.9925031,-0.47705007,1.8671372,0.44879928,0.63061416,2.8045027,1.0323161,1.6755623,0.99150944,1.215508,1.9467605,2.0302596,0.005855091,1.1285528,1.4032272,2.126054,1.2353207,1.5145173,1.3637278,0.81820583,-0.24565078,0.72257406,1.4643667,1.4734038
-0.1547827,0.25194,0.04985755,0.22213477,-1.1348338,0.28465608,-0.39147732,0.57068676,-0.5200245,-0.68132144,-0.5338783,0.2449468,-0.66939646,-0.16383183,-0.22626567,-0.051881764,0.013783887,-0.76972294,-0.763737,0.07150381,0.3822957,-0.22955011,-0.31718293,0.3288346,-0.08798489,-0.12852092,-0.4921137,0.016023207,-0.2500426,-0.3762207,0.2309036,0.13802926,-0.13735561,-0.34767252,0.4122413,-0.65495765,-0.7397771,-0.54834425,0.010425511,-0.23111658,-0.14153083,-0.23163988,0.5532058,0.3000182,0.29424024,0.13059528,-0.6870819,-0.5144903,-1.0085046,0.47108024,0.19892603,0.5370138,-0.048805088,-0.96319747,0.20116015,0.74599254,-1.0505846,-0.2098332,-0.8435231,0.78841704,-0.02671021,0.4244808,0.027266894,-0.90749747,-0.008895565,0.03735344,0.24889433,-0.021546608,0.10701513,-0.07764557,0.15969488,0.10270118,-0.1500889,0.48561072,-0.15184546,-0.27626893,-1.2665548,0.3014368,-0.2539536,0.18084425,0.6732517,0.13280785,-0.55670667,-0.725851,-0.7686001,-0.4310189,-0.67851835,-0.025265377,0.2289555,0.88028073,-0.21438493,-0.1708043,-0.19294322,-0.977402,0.3554188,-0.82722574,-0.4017461,0.46374458,0.38610062,0.3580454,-0.326992,0.4345854,-0.07394196,-0.46860808,-0.83265746,-0.7198387,0.035895236,0.29285353,-0.46902567,0.12896925,-0.91647744,-0.15502532,-0.5507971,0.87447035,0.8021161,0.50875723,-0.20969461,-0.30670798,-0.38642237,0.5877477,0.6695103,0.04362517,-0.3716842,0.15540127,-0.542975,0.13777457,0.18852016,-0.20959814,-0.24417052,-0.84811175,-0.058994006,-0.47322124,0.23072541,-0.0038480782,0.43833482,-0.55524164,-0.03070055,-0.1338784,-0.58405364,-0.48204744,-0.14671838,-0.9997624,0.37450796,-0.5465689,0.48599082,-0.48109382,0.13575321,0.37557605,-0.2229882,-0.7095041,-1.1391457,-0.7707883,0.15567105,-0.22968403,0.010253931,-0.38955197,-0.73704857,0.359387,-0.66265607,-0.31725007,0.6672333,-0.7267872,0.43804523,-0.07194729,0.19766149,-0.37437406,0.3370858,0.17486914,0.8164006,-0.99522126,-0.06818277,0.4982435,-0.07936176,0.26032776,0.40817603,-0.60986423,-0.22839305,0.31188345,-0.58551764,-0.24547088,-0.53399605,-0.8326795,0.14500548,-0.9506714,0.02971977,-0.043797635,-0.94542956,-0.23930213,0.09644936,-0.058134634,0.5141397,-0.027715195,-0.03918802,-0.22251923,-0.53448033,-0.66141796,0.7240318,-0.33158728,0.06268881,-0.5420923
-0.77185327,-0.29257149,0.9582513,-0.22165176,0.35397342,-0.68319285,0.25510186,-0.21190351,-1.0281625,-0.128614,-0.5537815,-0.8188043,-0.07574256,0.17616887,0.27933717,0.755522,-0.5045919,-0.84839326,-0.2278401,-0.47960818,-0.33769152,-0.18536356,-0.52372056,-0.66875213,-0.74079275,-0.884151,-0.1751543,-0.40091372,0.31710613,-0.35533425,0.23213674,-1.0623358,-0.30164284,-0.7330801,-0.829166,0.37474063,0.6960835,-0.7230632,-0.08246402,-1.0385008,-1.3576615,-0.5304658,-0.81137687,-1.2644103,-0.5544641,0.34583384,-0.70829517,0.2827876,0.29461506,-0.9422903,-0.6444458,-0.5238652,-0.46053976,-0.036768876,0.6715124,-0.114867315,0.53259873,-0.992688,-0.071291156,-0.008236693,-0.2913677,0.22778255,-0.44828838,0.26347408,-0.82708037,-1.1063759,-0.15890914,-0.47457856,-0.7246407,0.29578745,0.051591627,-1.5398889,-0.59771335,-0.10044272,0.55200785,0.5433134,0.17439133,-0.9203664,-0.62124544,0.4991274,-0.9128348,-0.041800853,-0.42267245,0.42893645,-0.23437175,0.2585104,-0.16292307,0.18306096,-0.40966094,-0.8605318,0.06627482,0.6042555,-0.60735565,-0.3128068,-0.42866245,-0.32494646,0.18877886,-0.56657135,-0.51294,0.053536925,-0.89224863,-0.24279718,-0.45532617,0.47296724,0.009097852,0.55594635,-1.5929915,-0.1848396,-0.2413715,-0.14537968,1.0135467,-0.01649088,-0.63840055,0.01713498,-0.026657302,-1.2759585,-0.7198297,-0.17222367,-0.5774988,0.4141718,-0.7318935,0.04465394,-1.0023044,-0.23700543,-0.05166621,-1.7601868,-0.89199114,-1.1243656,-0.4768597,-0.48003945,-0.6209065,-0.25619194,-0.49313426,0.14925708,0.46332714,0.33337536,-0.41555402,0.1368256,-0.40175477,-0.3435144,-0.111143164,0.38897172,-1.161782,0.56683195,-0.8061055,0.048576646,-0.11466849,-0.69553214,-0.85367024,-0.060009867,0.8513379,0.021288235,0.030484324,0.09851026,-1.2170447,-1.0334417,0.98295695,-0.06310028,-1.4469122,-0.7571184,-0.41759047,-0.22731453,-0.048651993,-1.5567794,-1.1450216,-0.6600636,-0.4520235,-0.04772468,-0.7471539,-0.7119764,-1.1688919,-0.21968083,0.53692466,-0.6822449,-0.32541102,-0.17839944,-0.7718999,-1.5475903,0.56478876,-0.7118924,0.6723841,-0.8017632,-0.042832684,-0.21085253,-0.371247,-1.0816209,0.32085472,-0.33709058,0.021007054,-1.2520245,-1.674772,-0.5816118,0.4396643,-0.4915227,0.7368985,0.24272226,0.026777927,0.18448827,-1.0563766,-1.2029935
-0.6043155,0.3156692,0.059188925,1.4483004,-0.19101958,0.9485559,1.6844641,0.5654703,0.9067816,1.3846452,0.74246264,-0.017601147,-0.054418918,2.1503198,0.8071674,-0.27038014,0.65280724,-0.5931971,-0.16368881,1.3920863,-0.51190853,0.9950938,0.90227336,0.724053,0.048981506,0.18102589,0.62054324,1.7813904,0.21112716,-1.0143914,1.2712361,0.021811798,-0.5465484,0.4523163,0.7516008,0.0887895,-0.89265597,-1.228345,0.72447884,-0.8967782,-1.0556272,-0.2513919,0.32835597,0.8721338,0.2768461,0.07337384,-1.0927316,0.7881361,0.6872783,0.33663374,1.09995,0.8771742,0.9587361,0.17763561,0.43729475,1.4878403,0.6053759,0.62958056,0.63018316,0.52370125,-0.3636273,-0.19235712,0.15594615,-1.3642361,-0.7273021,0.20103861,-0.5786731,-0.06582929,2.012448,0.17053206,1.3052443,0.5211844,0.30791873,0.422654,0.98806924,0.8990123,-0.038206704,0.8795001,1.2495828,0.20426027,1.4445418,-0.06274928,0.025835473,0.90902644,0.40126944,0.16281027,-0.4646299,0.52214736,0.9599587,0.5930035,0.204866,0.38740858,1.0257636,0.5252172,-0.20084435,-1.5359648,1.2531257,-0.18138386,1.0562184,1.8571416,0.49965614,0.44409728,0.13631812,1.133785,0.7583182,-0.00795926,0.1601498,0.046506226,0.78567123,1.5688232,0.79413533,0.4220068,0.25691134,0.41349477,-0.07015046,-0.437277,0.1992597,0.33373415,0.74769634,-0.40197226,0.014879718,-0.68307793,-0.67468333,1.131028,-0.32666203,-0.43899322,-0.5315365,-0.18586949,0.6445608,-1.379741,-0.08795818,0.04411349,-0.05094509,-0.9157359,-0.037693284,-1.6646707,0.68398213,0.16128926,0.011689797,-1.2923908,-0.14376312,0.8875459,0.17238683,0.5861151,0.28933412,0.065777004,-0.21813019,0.8411175,1.0480725,0.0017128587,-0.9741888,-0.3756784,-0.082258426,0.33600354,-0.3108909,-0.02790288,1.1043222,0.3357537,0.4814966,-0.8145834,0.55419767,-0.30801094,0.16465577,-0.109844476,0.2974938,-0.37529242,1.1296109,0.23853117,1.1305492,0.3986241,-0.5395895,1.7431123,-0.019385548,-1.0479467,0.4455201,-0.31564236,0.21813819,-1.1407937,-0.07349863,0.8550747,1.0711526,-0.33133003,0.9467294,-0.18762068,-0.477623,0.5011486,-0.480577,-0.711272,-0.082182914,-0.43667486,-0.17692956,-0.5663975,0.669404,-0.68135446,0.8673894,0.8459092,0.102756426,0.36789513,0.4855902,0.2361338
0.23999293,-1.3718203,0.6804916,-0.8355005,-0.006116732,2.2181687,0.04293275,1.633722,1.057746,0.48169082,1.1699303,0.4889891,0.43468764,2.2646775,2.3896973,-0.95455575,3.2767298,2.191353,4.0082684,2.6103454,-0.29209268,1.2274985,2.6034904,0.011216836,0.1274637,0.5397313,1.1478437,0.8478183,1.6943336,1.976044,2.4235773,1.799094,-1.3821903,1.378372,1.7796675,2.6408458,2.3466706,2.5975559,1.0638931,3.342052,2.8844073,-0.26513773,1.8581296,1.2051985,-0.62598777,-0.06755408,1.3884224,1.1594372,-0.49506083,0.47863388,-0.4308669,-0.17691198,0.74650216,1.3397051,2.2595344,-0.97811794,1.531811,1.8881726,1.817384,-0.8455891,-0.8075929,1.3607286,1.0197207,1.2796595,0.8607879,1.1200104,-0.3588693,0.78096586,0.47216073,1.0918158,1.3976582,1.1704788,1.5858197,4.5895576e-05,0.63593256,2.418531,-0.37586042,3.298961,2.6045887,-1.1647737,-1.2154115,1.5832126,2.1296532,0.3197221,0.30467886,1.1067863,1.3555623,-0.24576297,3.212733,0.7208841,1.0639815,2.6156878,-0.35292572,1.6560937,0.868491,2.7487862,1.2912762,-0.61342084,-0.12020998,-0.78542477,1.7694815,0.40592003,1.2591537,-1.6475638,0.6003506,2.7689598,2.162316,-0.011507407,0.9588786,1.9656936,2.3922853,0.37297666,2.6742303,-2.6231837,-0.10248131,3.2881763,0.121988684,-0.22597153,1.463071,1.3899117,-0.36755714,0.88052773,1.127982,0.838269,2.3672802,0.9214077,0.27184603,0.24127343,2.2420006,0.5130676,1.7562118,1.1419848,1.6674397,0.29688808,-0.33839783,-0.58747387,0.22302575,0.2940451,1.9693987,1.8859004,1.0845575,2.808539,-0.12157803,0.53464085,0.21490072,2.6100166,1.3468097,1.8199556,4.428432,1.9489437,-0.2633939,2.371754,0.23269475,0.3145278,1.2205306,-0.06353269,1.349113,2.9558399,1.2003204,2.7254934,-0.9213042,-0.4041331,0.37583897,1.1223963,2.2410512,1.6319369,1.3941675,1.6841253,1.0113255,2.738533,0.98585784,3.507487,1.1989895,0.3964702,1.2738602,-0.19711544,0.929699,0.93156207,1.2630446,3.4307559,2.0584226,0.7199223,2.4943006,3.2382526,3.658856,1.0751671,0.035161577,0.8217253,1.051359,0.7880443,0.9925925,1.5287058,0.53218454,3.7160876,2.7001398,1.7091318,-0.34666026,3.4839206,1.0666878,2.3677666
1.4601271,1.5311419,-0.3201102,1.2459319,0.4861475,0.25732026,1.4462413,-0.4782456,1.0288445,0.5279898,-1.5555619,0.0023269653,0.9559247,0.30551293,0.13174522,-1.3735259,-0.12572002,0.6924329,0.023971893,-0.16103138,-0.9858792,0.9424698,1.1856211,-0.115131244,-1.5770415,0.77577484,1.1478244,-1.5060937,-1.0299287,-0.30927116,0.3479956,0.050615177,-0.88366765,0.8008659,-0.3449875,0.5895186,-0.55926895,-0.24571213,-0.5050645,-0.4878906,-0.23374413,-0.50003237,-0.74639356,0.6837017,-0.081313245,-0.6517145,0.95117635,-0.6044531,1.0826007,-0.19152339,0.8930988,-0.21728739,-0.83191127,1.4801084,-1.0780103,-1.4700392,1.0361383,0.89622635,0.93399996,-0.47760865,-0.11270915,-0.42983502,0.42363408,0.52256864,1.0235728,0.7806731,0.04863528,-0.564723,-0.99627495,-0.63615394,-0.0135978535,0.6916011,-0.14990824,1.2584064,0.32531732,0.05331865,0.7567035,-0.08186209,1.1467702,-0.62658316,-1.1591209,-0.8035499,1.2486156,0.8507587,1.2522566,0.8784076,-0.38366425,0.81812966,-0.6125027,-0.20327233,-1.3529402,0.5128459,0.14475498,1.689233,-1.5332136,0.9070476,0.55483466,-0.9123691,-1.9078763,-1.488412,0.88051856,-1.0486827,0.495273,-0.72525764,1.1780213,0.12515081,0.17949182,-1.3285507,0.4578318,-0.1406425,1.0290695,-0.9712885,0.2981732,-1.3661702,-0.91389054,-1.3319201,0.47862625,0.7207978,0.63194954,-0.5715209,-1.0951025,-0.7522315,1.207814,0.2628414,0.33819726,1.1865554,-1.7519622,-0.46310613,0.67704976,0.9128862,1.4116445,1.7195898,1.4152473,-0.18692647,0.81605214,-0.27067798,0.3991935,1.0378022,1.2275913,1.3207685,-0.31165072,1.1760294,-1.3609084,-0.97360504,-0.057929195,0.9828345,0.065581426,0.147492,-0.18980402,0.9055027,0.54026943,-0.75180215,-1.3407934,-0.3348062,1.3038075,0.9604539,0.60283047,-0.45996717,0.76630867,0.24990907,-1.0518329,-0.30101615,-0.90291125,0.6097903,0.29403636,0.6589114,0.20983337,-1.5329444,0.09174525,0.71790165,0.18054473,-0.66134095,0.7118535,0.7354305,-0.3089109,0.308952,1.0163808,-1.7311004,-0.15156582,-0.81901264,0.29678783,1.1500318,-0.20679301,0.082797006,-0.44801313,1.0781158,0.97030544,-0.32465562,-1.2932088,0.23402743,0.064983,1.0854914,0.58828926,-0.4154351,0.65674365,0.9648044,-0.9781102,-0.8723615,0.7919908,0.5804933
-0.6611459,-0.60748214,-1.2403631,0.5724962,-0.8386187,0.0510152,0.9122087,-0.16698313,0.6112691,0.5518227,0.8885076,1.1537377,-1.1714766,-0.3090196,-0.55817056,0.056422725,0.20993155,-1.3575791,-1.5102782,-1.0944773,-0.028846331,-1.0126786,-0.0718604,-0.26715654,0.03071994,1.1325802,-0.9095491,0.49355227,-0.2793243,-0.73866254,0.120338015,-0.8229236,0.11657925,-0.81852454,-0.29715,-1.7469252,-1.2097412,-1.4025104,0.09402555,-1.5047207,-1.1393278,-1.2607868,-1.1193352,0.23119813,-0.44601813,0.71675783,-1.5780181,-1.0217133,-0.50578755,-0.21329658,1.1539377,0.020970523,0.23475058,-1.4762427,-1.2814369,1.4724157,-0.2816866,-0.16821238,-0.37534815,1.2237273,0.4018854,-0.09521184,-0.49466574,-1.2749349,-1.1438377,-0.9183646,0.394278,0.6234335,2.1753035,0.23508386,-0.87920636,-0.12124696,-0.69534653,-0.38379538,-0.41613075,-0.93972206,-1.1597862,0.03161291,-0.64591175,0.57009405,1.9742228,-1.2403486,-1.3906065,0.43560797,-1.0306476,-0.99876153,-0.5458983,-1.5534433,-0.11797285,-0.3874236,-0.3474841,-1.4593985,0.26808995,-0.84912926,0.27300164,-1.7381163,0.6415282,0.21169193,2.0047853,1.6073004,1.1868953,0.99897975,-1.3809878,-0.040928528,-0.017811287,-1.6172433,-0.48802578,0.019969463,0.35255224,-0.7307645,-1.4723077,-0.30691743,-1.0066112,0.28246933,-0.24321969,-0.8212217,0.19183555,0.032505196,2.1342826,-1.2434939,0.4364753,-1.0432273,-1.1488459,0.8091037,-1.0698124,-0.11511363,0.3318393,0.012858094,0.39909312,-0.97947896,0.46590748,-1.185437,-0.95694613,-0.9247273,-1.489036,-0.43333822,2.001523,1.1550834,0.24493441,-1.9321408,-0.59852546,-0.5696099,0.33415624,0.08852292,0.4526142,-0.821715,-1.3708787,1.3188202,0.06461294,-2.121325,-1.5521477,-2.0505097,-0.12735015,0.275571,0.7142612,-0.33166638,-0.014059352,-0.39391497,-0.23809972,-1.6317133,0.16661145,-1.101729,0.52140665,-0.72914195,-1.2798418,-1.1251434,1.4486793,-0.10300721,0.48969,-0.2810061,-0.5922247,0.24990176,-1.6719733,-0.9168155,0.67563146,-0.46321285,0.060637914,0.012909057,-0.698467,-0.7398619,-1.2959416,-1.1037798,-1.1740155,-1.8367101,-1.2391049,-0.2912961,-1.5683504,-0.43647042,-0.028069846,-0.6414717,0.9440815,0.06895237,-1.4017578,-0.8010521,-1.4508669,-1.1977661,0.43999654,-1.0268627,0.3640698,-0.8200054
-0.052828245,0.33200875,-0.9290835,0.11363077,0.39180562,-0.27282986,-1.0582931,-1.0102174,0.10708231,-0.2943632,-0.27072424,-0.70389926,-0.39339226,0.011333125,-0.20639792,0.6000477,-0.27091035,-0.20639306,-0.69748896,-1.0456411,0.054119132,-0.82197887,0.06870568,-0.021901188,-0.2960197,-0.307803,-0.40531883,-1.5017653,0.522066,-0.5778581,0.14147802,-1.1253586,-0.3242086,0.8189936,-0.69626194,-0.08163337,-0.423136,-0.73244256,-0.23535356,-0.6961735,-1.6457399,-0.6710714,-0.7873304,0.1248665,-0.079866365,-0.017214155,-0.3393515,-0.7666689,0.7197708,-0.17488687,-0.2767819,-0.45019555,-0.36589664,0.9126368,-0.370129,-0.78912175,-0.327704,-0.06581248,0.7533987,-0.62463087,-0.61698943,-0.31689656,-0.15354621,-0.23017715,-1.1305294,0.06732489,-0.67123014,-1.3440717,-0.81500113,-0.4038489,-0.8804045,0.44279656,-0.2720864,-0.78030306,-0.6697796,-0.15741812,-0.22025922,-0.25384748,-0.6115847,-0.4486044,-0.52454376,-0.16225208,0.3361091,0.46947846,0.5382965,-0.92888045,-0.44225115,-0.64914894,-0.46996623,-0.042574648,-1.1823204,-0.48829857,0.6308757,-0.048430458,0.011487797,0.0769517,-0.4888032,-0.6576521,-0.65768903,0.10086009,-1.2749186,0.2870819,-0.39163786,-0.24266683,0.63316715,0.3131282,-0.081275426,-0.27412468,-0.0556868,0.39327353,0.91363204,-0.22576965,0.08244859,0.67731,-0.42063898,-1.2426251,0.88083434,0.68276876,-0.91610765,-0.093128435,-0.47901434,-0.548013,-0.1072388,-0.7045594,-0.42896345,-0.13600348,-0.24483533,-0.77250034,-0.23489071,-0.7483022,-0.12851213,-0.055149827,-0.9923166,-0.5101495,-0.49970242,0.77217144,-0.6581488,-0.39804482,0.04733657,0.5448755,-0.85010135,0.5864539,-0.47460675,0.57806444,-0.8086171,-0.27582264,-0.17446937,-0.7370149,-0.5422472,0.48549527,0.3967572,-0.69907147,0.20930758,-0.2921478,-0.03429671,0.6256787,-0.31018373,-0.4168378,0.23069756,0.13187338,-0.09546292,0.825492,-0.046728835,-0.051779654,0.17407762,0.55424863,-0.90114546,-0.03585279,-0.58690715,-0.8663282,-0.12363056,-1.0372092,-0.43763542,-0.5889615,-1.1960863,-0.097288385,0.54678637,-0.34824568,-0.9499098,-0.40389845,0.07927053,-1.2298248,-0.6712955,-0.35077554,-1.2280786,0.023142518,0.600996,-0.8713429,-0.24381831,-0.17343187,-1.1242378,-0.41088226,-0.62983376,-0.22484848,-0.11628571,0.6976271,-0.17174116,-0.3402418,-0.156159,0.17422315
1.3552485,0.10774244,-0.0946776,0.6851965,1.1735992,0.57711524,-0.80596685,-0.98348725,-0.18411027,0.59818625,0.11687965,0.041317567,-0.2033378,-1.2509447,0.4941476,0.78860027,-0.54646915,1.0876288,-0.11351024,1.1082487,-0.09923095,0.24971262,0.5951027,-0.95154774,0.31185606,0.36809427,0.12664706,0.36869305,-0.29290217,1.0298889,0.7196774,-1.0409988,0.31251067,0.04836682,0.7985857,0.4017694,-0.17186254,0.59372634,0.015707836,-0.41971594,0.87656194,0.4773124,-0.4482558,0.21879263,-0.40656215,0.44428563,1.9254605,0.5090413,-0.44942296,0.43307912,0.47518006,0.55119646,0.11289959,-0.016923161,-0.26402345,0.4572737,-0.17841464,0.46740153,-0.081390336,0.94925904,1.3259974,-1.0743927,1.6169933,1.591641,0.09463623,0.86154073,0.7136303,0.7043363,0.05494748,-0.22562188,-0.13719298,0.54030925,-0.809288,-0.856449,0.7492277,0.062262245,0.9249401,-0.6395519,0.25628704,0.3963511,-0.65458214,0.8100766,0.81506425,-0.30369282,-0.6511542,0.32706627,1.0237477,0.21853095,0.8673158,-1.3098466,-0.5999112,0.56859463,0.51583636,1.491707,-0.2700666,0.31476358,1.5604331,0.80522317,0.27641228,-0.21737024,-0.055797257,0.7466202,0.76301056,-0.732693,-0.17707182,0.02565311,0.06431586,0.9847479,-0.7597504,-0.8346193,0.21661356,0.056961898,-0.52801687,0.7153642,0.6514002,-0.8636451,-0.9703542,0.022988062,0.7324572,-1.4480813,0.7309348,0.17828147,1.6761508,1.1309577,1.0706118,0.45169032,-0.21108888,-0.66035235,0.6300364,1.252599,9.821821e-05,-0.048137143,0.31334245,-1.5079043,0.91804737,-0.13698348,0.6133678,0.9572361,1.1079366,0.8408762,0.03605645,-0.07679777,0.711376,0.0245587,0.6272786,0.745099,1.2747022,0.50735366,-0.16257031,1.604451,0.122978196,0.60639334,0.49177504,-0.026046492,1.4853747,-0.12952657,-0.3561346,0.31845763,0.15140618,-0.1438682,0.51475155,-0.2116391,0.39846814,0.7540245,0.30897707,-0.15725479,0.4505044,0.64807427,0.35601664,0.89058924,-0.07552193,-1.130585,0.60652447,2.0805442,0.5974526,1.1001166,-0.26492372,0.314139,0.771984,-0.8830328,-0.2500857,2.0382257,0.15400939,1.2586819,0.2080523,0.5997792,1.2492257,1.2128922,0.3675613,-0.10623442,0.09139885,0.77604645,1.0873526,0.04492333,1.1896888,0.42258635,0.6957512,0.14188528,0.68323815,0.4561569
-0.5793178,-0.61974734,0.17186943,-1.1981306,-0.27695933,-1.0568073,0.11434126,-0.48372763,-0.76536167,-0.36819455,1.2612472,-1.0286194,-0.42780432,-0.0724567,-0.41366857,0.47170308,-0.71920186,-0.4999255,0.46986344,-0.68468326,1.354078,-0.6095036,-0.6295237,-0.76020104,1.0359969,-0.9621581,-0.8774091,0.67060775,1.8234518,-0.65564764,-0.8952135,0.06122335,1.19366,-0.46999645,-0.9838915,-0.5313759,0.5394742,-0.25637206,-0.7460183,0.11814824,-0.032203544,0.013643973,-0.72989494,-1.2832491,-0.88499606,0.6895583,-0.82976913,-0.38914576,-0.2685257,-0.8584863,-1.4269614,-1.3792675,0.47441643,-0.69692194,0.12878558,0.30618137,-0.22029988,-0.73873395,-1.2680252,0.022009453,-0.9769303,-0.2062529,-1.1197977,-0.28335962,0.33946544,-0.7542641,-0.94795,-0.33195367,0.44886646,-0.1639376,-0.18009382,-1.1044791,-0.21828634,-0.6200247,-0.6879242,-0.55872136,-0.37050346,-1.0654497,-0.60607594,1.0054922,0.6783758,-0.96241283,-0.8804528,-0.95703816,-0.53160316,-1.0831949,-0.7188352,-0.46893424,-0.3347555,-0.75949013,0.018089924,-0.95588684,-0.6678318,-0.2921018,1.25832,0.8345098,-0.5726903,0.6586906,1.0141858,1.1427811,-0.51923275,1.0647168,-0.9178278,-0.5670857,-0.7362529,-0.019230021,-0.3420896,1.3002988,-0.75314957,-1.2968152,-0.97970206,1.5492374,-1.0264456,0.32690856,1.3015887,-0.007833529,-0.59338665,-1.4118663,-0.74372673,-0.67195296,1.1066334,-0.40459812,-1.0179832,-1.1052152,-0.47955102,-0.8156584,1.6388719,0.067250654,-0.47799033,-0.0027548186,-0.9311548,-0.23643121,0.005165741,0.4686093,-0.27060458,0.52201164,-0.7561447,-0.93970877,-0.5621017,-0.72519594,-0.26908505,-0.6332736,1.1688117,1.7252796,-0.80697984,-0.8578485,-0.25363165,-1.0782452,-0.46958858,-0.31409392,-0.0040311366,0.4546155,1.282598,-0.3456599,-1.473768,-0.9260345,0.016402429,-0.72559947,-0.60154545,-0.9318208,0.7774411,1.3129729,1.418526,-0.48233154,-0.4983747,-0.502257,-1.1009989,1.146186,-0.8770896,0.03489171,-0.2289578,-0.108811036,-0.48275512,-0.7766876,-0.3653771,-0.28474405,-1.114956,1.4152819,-0.20731243,-0.01746948,-0.37201226,0.010456238,-0.5810493,0.026102677,0.27333328,-0.27549648,-0.8093561,-0.5327219,0.87079936,-0.37362695,-0.6934219,-0.7935057,-0.18618211,-0.51098794,0.07704124,-0.38899952,0.9953043,-0.34019318,-0.9771419,-0.5502017
-1.558191,-1.2480369,0.5649548,-1.0878575,-0.06523009,-1.557787,-0.7197051,-0.55031407,-0.5518785,-1.0914935,0.54653424,-0.25631046,-0.52585447,-0.49821204,-1.1257311,0.9855161,-1.2230773,-1.9692593,-0.90768677,-1.4721279,0.8481685,-0.9760441,-1.7056671,-1.1388608,0.031565953,-0.2699549,-0.83038557,-1.1548136,1.2806926,-0.8804631,-1.2937622,-1.4364855,0.94415736,-1.3012196,-1.979828,-0.24721307,0.22101633,-0.83183295,-0.64264226,-1.3579803,-1.1232371,-0.38755322,-1.3127779,-1.6664584,-0.70527726,0.09938122,-0.89191616,-0.8290752,0.121409714,-1.9078943,-0.2244758,-1.0418086,0.99801165,-0.21994215,-0.53722996,-0.04897928,-0.88422155,-1.9272048,-0.13758212,0.49333295,-0.44779056,0.01319748,-1.5841764,-0.44420558,-1.5115988,-2.2262368,-0.16230968,-1.056727,-0.7278633,-0.20817658,-0.5320684,-1.7086098,-1.3226099,-1.1380442,-1.0277648,-0.9339282,-0.23508886,-1.5140164,-1.7424319,0.8315135,-0.51768494,-1.2017312,-1.2988787,0.70012355,-0.7539831,-0.5425013,-0.45737556,-1.1307181,-1.5610926,-1.2591814,-0.24662934,-0.6703115,-1.2104208,-0.902092,0.35153517,-0.122352526,-0.8192909,0.10464445,-0.4455362,0.18897647,-1.2434231,0.32119048,-1.3411787,0.67011523,0.070753425,-0.12356016,-2.3285947,0.04757522,0.19353881,-0.56676596,0.2859956,-0.14256573,-0.9549901,0.275702,0.014772962,-1.6817474,-0.49906716,-0.15687312,-0.6710609,0.27426547,-0.20220736,-1.0116721,-1.1586351,-0.9498165,-0.68355095,-1.8071963,-0.092508316,-1.0994858,-1.491628,-0.68832207,-0.8896605,-0.3888129,-1.4318632,0.39060956,-1.4263161,1.8116758,-0.22701715,-0.2301356,-1.379746,-1.5024017,-0.85380495,-0.0057980977,-0.9046965,1.4320967,-1.6662458,-0.5131361,-1.3558888,-0.5003397,-1.7109867,-1.8436,0.3571863,-0.9257805,0.5068067,-0.110634126,-1.3326211,-1.0722873,0.036958978,-1.1946856,-1.7139715,-0.88202715,0.04991881,1.479024,0.8277595,-2.2178142,-2.2945251,-2.2609565,-0.4271628,0.3751257,-1.451716,-1.6065565,-2.2953303,-1.12885,-0.41628185,-1.5370114,-1.2161897,-0.9258804,-0.93612593,-0.23015793,-0.2604776,-1.5394118,-0.81354517,-1.1674771,-1.1701493,-1.4055476,-1.6593053,-1.7128118,-1.080153,-1.560308,0.16004604,-1.6901025,-1.2599597,-0.77703714,-0.68228334,-0.44261482,-0.9436694,-1.650626,0.45687938,-0.75578433,-1.4822038,-1.5671699
-0.57191014,-0.27492,-0.021401562,-0.43807387,0.37807208,-0.7572361,0.80863476,0.39674383,-0.40021482,-0.5535627,-1.9601378,-1.294668,1.0033052,-0.30054095,0.0025723493,-0.4329935,-0.97711706,-0.446189,-0.18371621,0.1814905,-0.6060102,-0.052392676,-0.13358653,-0.67089283,-1.0711421,-0.62027,0.22312167,-0.9324499,-0.6978621,0.4528205,-0.92752236,0.23502482,-0.93446225,-0.3685267,-1.192023,1.1164829,-0.25303018,0.1157737,0.18140751,-0.37415874,0.2511171,1.6386524,-0.8792014,-0.45603687,-0.3850924,-1.4441571,0.6396724,0.15544085,0.9998973,-0.99643946,0.041937076,-0.68841666,-1.04442,0.6377852,0.649446,-2.5678985,-0.5600903,-0.65650827,0.4812898,-0.059509255,-0.19577794,-0.21258403,-0.24407445,1.0646567,-0.817586,-1.2977726,-0.63442457,-0.15272331,-2.6036801,0.14367543,-0.18553215,-0.5157143,-0.29809332,0.019418295,-0.18018104,-0.1332114,-0.5201171,-0.79613155,-0.5459784,-0.9157056,-2.5356245,0.49256623,-0.37327605,0.826955,0.00934653,0.80484456,0.763015,0.39841586,-0.64889354,-0.6339576,0.06889947,0.55471385,-1.3718336,-0.45607293,-1.3185303,0.93492436,0.8535377,-1.4566238,-1.9775233,-2.5421576,0.021449514,-1.575908,-0.20851488,0.7133585,0.43324727,0.7973237,-1.1137418,-1.048874,-0.3533258,0.3838116,0.5576813,-1.2603298,0.13093545,-1.3761226,-0.76212734,0.10763345,0.20015514,0.60282695,-0.17327887,0.8900598,-1.3439901,0.38217172,-0.12724538,-0.114468336,0.5082177,-0.58021367,-1.3216016,-1.0490377,-0.6091866,0.9209123,0.4234051,1.1587678,-0.44640583,1.1328198,0.26284227,0.64608145,-0.026800316,1.0156657,0.19749326,0.031316824,0.47736514,0.19494566,-1.12024,-0.32034793,-0.83405685,0.7888263,-0.07760432,-0.16144764,-0.46520513,-0.57413244,0.64545447,-0.6068036,-0.65414286,-1.2338758,0.20290342,-0.3333167,0.8714781,-0.90268964,-0.42244625,0.8641644,-0.7499087,0.3275602,-1.1119528,-1.2263852,-1.1476383,-0.7929539,0.17175813,-1.701851,-0.16827247,-0.3369541,-0.9316653,0.471028,0.382977,-0.48374406,-0.5773788,-0.99541146,-0.042005986,-1.3362242,-0.5520317,-0.31544745,0.5345803,0.12391007,-0.58415663,-1.1662179,-0.85664934,-0.3348907,0.18636206,-0.8592301,-0.9652801,-0.5309164,-0.83634025,-0.033335947,-0.44522455,-0.40252054,-0.60235375,-0.59374285,-1.3298856,-0.6371752,-0.60676247,-0.28015256
0.63228106,2.0261557,0.6136819,0.8348367,0.85152644,1.2271266,0.68859404,1.4766041,-0.1301977,1.3920465,-0.037537865,0.6036152,1.0786718,0.33097944,0.6973781,-0.29831493,0.62487423,1.3499498,1.4793129,2.8279893,-1.6527219,0.69039506,0.66486365,0.119272165,0.16518818,-0.07419636,1.3383982,-0.49774566,-0.9980933,1.1392545,1.8850068,0.44105256,-1.844009,-0.22169346,1.5412267,1.2025052,0.043119904,1.2942476,1.5290498,0.073220685,1.615918,0.9273277,1.0250362,0.57630503,2.560742,-0.20251462,1.6425134,1.9826329,-0.57801104,1.7432495,0.113458954,0.86430615,-0.61697036,0.29454893,1.570361,-0.47820836,1.4654293,0.53904814,0.7785422,-1.003876,1.1696577,1.1665055,1.6564411,0.7308815,-0.29126143,0.6325552,1.0778347,1.3831197,-0.15364605,0.26556972,0.75958043,0.08094602,-0.3961869,1.2466124,2.6025283,1.1782486,0.33243686,0.34570864,0.4612616,0.18295616,-2.083025,2.999847,1.2362609,0.31944442,0.1265632,2.7173584,1.4732685,1.2507881,1.9287026,0.019230988,0.91628593,2.4515488,-0.3240741,1.0647733,-0.32487428,0.7020546,2.0020287,-0.12981582,-0.22290479,-0.85742474,1.9166018,-0.8871973,2.0312967,1.1724105,-0.11836776,0.9235083,-0.45415643,-1.1065568,0.1969852,-0.066322014,1.0593598,-0.3462988,-0.23027885,-0.5055413,-0.8677486,0.53416306,-1.5368884,0.94746506,1.166254,0.22599669,-0.6736203,1.4508673,1.3335472,1.188626,0.96960914,-0.40706158,-1.0860714,-0.1092838,1.0685376,2.2314496,0.98176515,0.7415342,-0.013201393,-0.071137294,2.6697955,-2.2677445,1.9197929,1.3210396,1.8452466,1.4439526,2.8425674,1.0366157,-0.7523705,-1.110717,1.1644619,0.85526186,0.88868654,0.4091014,0.92396474,1.4528433,-1.1663917,1.0639681,-0.8615926,0.6145414,1.015893,-0.314742,0.70966464,0.70007277,0.41517115,1.2443305,-0.15812121,-2.1541758,-1.6091692,0.6934365,-0.2245684,0.08082839,0.6823026,-0.13301094,0.059574105,-0.03843134,0.87106943,0.09657641,1.2379599,2.0492125,1.2228141,1.2617613,0.10344651,-1.4364233,2.244541,0.40943384,1.5515543,1.046383,0.9853027,1.6327933,0.8378332,0.5303302,1.8301924,1.2302974,-1.0318842,-0.36111435,0.39616722,1.3725297,1.0563613,4.2029643,1.1676921,0.8337272,-0.079566285,1.1295022,0.9092307,0.31123412
0.28058776,0.72785705,0.73699874,0.88696325,0.23923475,0.43584388,0.39872205,0.31829402,0.9052108,0.5300995,-0.33144334,0.8862,0.43812683,0.41641387,0.675648,-0.30691668,0.49833947,-0.006505033,0.2819586,-0.32534593,-0.054295428,0.24688028,0.4935749,1.0010746,-0.66112196,0.7666508,0.2699247,0.28607386,-0.23753747,0.7276211,0.34553763,0.39765483,-0.62638783,0.86434615,0.30400696,0.18807088,0.7221186,0.5320285,1.0244743,0.51923406,0.13903137,0.7134132,0.7094927,0.88323706,0.20726617,-1.0506136,-0.3006174,0.38987646,0.3834486,0.8457272,0.5873411,0.7288326,-0.34668338,0.22655895,-0.04024526,0.012147807,0.11524473,0.3286483,0.23973157,-0.3212426,0.44341624,0.9856227,-0.40724427,0.3306367,-0.3197923,0.42337647,0.76262623,0.3655964,-0.41014078,1.1146765,0.47711042,0.74548763,0.99525964,0.71672964,0.53237003,0.59629405,0.17857945,0.5787347,0.058915008,-0.4314049,0.28628743,-0.06508453,0.4288107,0.680222,0.4003318,0.00054619275,0.70806915,0.36386597,0.2708588,1.2606459,-0.06882258,0.18969549,0.8393104,0.12244293,-0.30164614,0.15184183,-0.08103052,-0.5193081,0.04868617,-0.14312756,0.28489232,-0.34883994,0.6404074,1.2242483,0.21058306,-0.118024655,0.5301371,-0.47022784,1.161476,0.74561155,0.2518711,-0.18694767,0.544998,0.04224451,-0.502932,0.48620397,0.8114332,0.32065368,-0.6868136,1.4096386,-0.5179098,0.9230219,-0.1820168,0.6119736,-0.2668927,0.6148678,-0.4002389,0.84955335,0.521258,0.29258215,0.58082956,0.34062517,0.73229355,0.46320686,0.2047264,0.28698638,0.4595207,0.096364304,-0.042969465,0.02416496,-0.22864097,0.04886343,-0.34765476,0.036238514,0.8970755,0.058645315,0.41455725,0.40813604,0.24495019,0.05579561,0.7480219,0.54327166,-0.4642854,0.9245088,0.20450838,0.75602585,0.075336695,0.6851923,0.50080305,0.28400156,-0.7675911,0.14614166,-0.19259939,0.38150635,0.8036104,0.68444324,0.55917764,-0.5432313,0.8011607,-0.014598539,0.7261895,0.41348213,0.31900528,-0.35097116,0.34831282,0.53671014,0.83798647,-0.1497573,0.7214716,0.45951742,0.346707,-0.20733693,0.2365759,-0.42864817,0.16136104,0.79816675,0.3661068,0.69099784,-0.16751581,0.5902655,0.9165651,0.44125775,0.72891855,-0.33216137,-0.052255586,0.17040996,-0.14687736,-0.2653588,0.28611648,0.45312276
0.77156866,-0.43139905,0.37648147,0.21364047,0.24762264,0.046582684,-0.9058713,-0.57857424,0.75265396,-0.13406254,1.0133216,-0.4252329,-0.5487945,-0.41542426,0.09461783,0.31285056,0.63571924,1.1495564,0.1470257,-0.7484681,1.0855103,-0.99049014,0.45837042,0.7967738,0.9017024,-0.020442387,-1.0916991,-0.4358689,0.7043481,-0.5898179,-0.5007129,-0.0787764,1.3860089,1.3626322,0.37832835,-1.0384595,0.022461955,-0.056317218,-0.02917258,0.99202865,-0.17592981,-0.10590298,0.2306454,0.6146156,-0.47383177,0.77788526,-0.068233475,-0.19950838,0.5631055,0.7139289,-0.0772206,-0.45375657,0.97257584,0.77139246,-0.5783314,0.33857417,-0.88658863,1.2317114,0.13897197,-0.37619188,-0.29875335,0.041776292,0.03667407,-0.28381494,-0.07609093,1.3995115,-0.46030858,-0.37906253,0.5397264,-0.20073697,-0.4396934,1.5018979,1.256007,-0.8635676,-1.0195,-0.79768074,-0.40661523,0.66796476,0.04051144,-0.13809195,1.1790216,-0.024590474,0.8377088,-0.39963093,1.0993804,-1.0357906,-0.6959577,-0.5173412,0.7378611,0.6787683,0.2989676,-1.0061759,1.4169555,0.5408455,0.74106175,0.3476727,-1.4004827,0.26149178,0.8230252,0.88133353,-0.44058746,0.6922994,-0.22910827,-0.20797516,0.43021664,-0.16374086,1.5402173,1.0728841,-0.013916963,0.5564492,-0.49290967,0.38227135,0.91803104,1.1731384,0.004349063,0.69645274,1.1592164,-0.058306035,-0.95958406,-0.58295065,0.5946232,-0.62598616,0.73553026,-0.5068103,-0.76438725,0.9672261,1.4093812,1.3416662,0.33577025,-0.036097478,-0.21325004,-0.2733287,-0.537267,0.1689662,-0.9270293,0.93223333,-1.1395197,-1.3091187,0.13604769,0.6628039,-0.685948,-0.22362922,0.96675533,0.76651955,0.60698026,-1.1398151,0.06387122,-0.5241225,0.13180403,0.98538494,0.10484998,0.029848784,0.9616418,-0.50757194,0.54838085,1.8049058,-1.0375655,0.28324562,1.4308478,1.1004974,0.081858754,1.0086654,0.44578376,1.4748474,1.3503186,1.8252566,-0.9009359,0.9666263,-0.87956715,-0.5092341,1.6994183,-0.48794317,-0.8780057,0.047402903,-0.5978745,0.43508512,1.1293516,1.6889565,-0.33260852,0.72948915,-0.35469037,0.083531946,0.18992695,0.40257168,0.13581306,0.4580211,0.3196576,0.17580181,1.2100345,1.8438213,0.3497392,-0.42145428,-0.9372542,-0.5562702,0.17380422,1.1930691,0.588017,-0.19058277,0.6736108,1.1185398
-0.75469255,-0.79367113,0.8904593,-0.6355346,-0.6232729,-1.9510612,0.08744122,0.09125494,-0.5942492,-1.6642603,0.24723698,-0.84031457,-0.46036088,-0.74960005,-0.9063336,0.53898096,-0.5550442,-1.9115374,-0.69621426,-1.2787876,1.0294288,-0.63475233,-1.4925823,-0.97965974,0.32431048,-1.0282921,-1.0274321,-0.9194296,1.3414905,-1.0504581,-1.3774064,-0.6512405,0.9443816,-0.054507937,-2.3643353,-0.26150903,0.10394126,-0.90037316,-0.71629804,-1.1753916,-0.97723186,0.0020455196,-1.2425218,-0.86015713,-0.71246713,-0.25757793,-0.76749736,-1.9000225,0.2620859,-1.2639828,-0.5756852,-1.2805142,0.68455535,-0.824816,-0.51616484,-0.60845333,-1.3227946,-1.4557133,-0.939048,0.05893483,-0.80313045,-0.043239392,-2.155038,-0.9096783,-0.8666932,-1.5436124,-1.2284819,-1.3305024,-1.1380374,-0.60049146,-0.18241854,-1.0969518,-0.6564731,-1.1800761,-1.2749441,-0.9245999,-1.130865,-1.4069691,-1.3559211,0.6270263,-0.6809589,-0.9773116,-1.0877103,0.33075148,-0.75467604,-0.6355577,-0.7011551,-1.0834653,-1.284339,0.16643998,-0.013052091,-0.57120866,-0.96093583,-0.9930586,0.6575186,0.70658803,-0.34384847,0.09504148,-0.58410645,-0.2183509,-0.8164895,0.44752115,-0.9715693,0.2162957,-0.46187398,0.15167409,-1.4837247,-0.036087915,-0.40797162,-0.9740253,-0.66106987,0.035356123,-0.84010184,0.39597982,0.25727063,-1.1044852,-0.031124506,-0.62450504,-0.935044,0.27105486,-0.16127789,-0.4215101,-0.98913634,-1.0176352,-0.76993513,-0.8313032,0.5694556,-0.93285686,-1.2056726,-0.03540684,-0.28162253,0.5900625,-0.60682416,1.3074462,-0.6373231,1.7919401,-0.034844857,-0.25384372,-1.6693344,-0.7278065,-0.79706943,-0.5992887,-0.046087872,1.8157135,-1.4507715,-0.6190876,-1.2440338,-1.1798897,-1.4612849,-1.1832279,-0.06922321,-0.698045,0.7040831,-1.2045975,-0.6686444,-0.42929658,0.035475925,-2.085964,-0.46587098,-0.3861796,-0.059258778,1.8009647,0.6512909,-1.6795889,-1.1927674,-1.1494133,-0.99047625,0.8190384,-1.2518075,-1.037347,-1.12817,-0.50267994,-0.15718469,-1.4089031,-1.3264856,-1.0103085,-0.5877692,0.46692097,-0.9320493,-1.1020156,-0.25026155,-0.9515016,-1.6410749,-1.798622,-1.2335709,-0.527423,-1.0725045,-1.5935396,0.50343835,-0.83123666,-0.9819638,-0.71275085,-0.9143829,-0.41493613,-0.93251103,-1.1213742,0.4138586,-1.8491925,-1.4960866,-0.7192284
0.108856626,-0.030902822,-0.54174745,-0.22063923,-0.66824913,-0.28070676,0.00491935,1.2534649,-0.45189077,-0.11388801,1.5842177,-0.50110143,-0.775418,-0.27020898,-0.2320616,0.7554469,0.6542576,0.61595076,0.28528783,0.2769616,0.38583314,0.12044899,0.056557953,-0.61412585,-0.018577304,-0.54978055,-0.612,0.05063385,0.40950277,-0.72676754,0.55407244,-0.45400447,0.1691081,-0.020230036,-0.38813707,-0.75213635,0.03771751,-0.7828688,-0.3440097,0.17536463,0.3818702,-0.47839123,-0.0079077445,-0.69285685,-0.1356661,0.14912017,0.07867789,0.37159598,-0.21229908,-0.11453858,-0.020235233,-0.46255833,1.1900969,-0.23263389,-0.41036227,0.3007201,0.048472475,-0.17332488,-0.43846387,0.10563401,0.15099363,-0.36055005,-0.49195507,-0.6633615,1.1965079,0.26527557,-0.853562,-0.5253948,0.78256524,-0.9282622,0.7740245,-0.3623036,-0.66181356,-0.01930724,-0.8208225,0.47936815,-0.7113401,-0.024215396,0.24986261,0.36812806,0.28608096,0.07656708,0.17347977,-0.36495623,-0.10942543,0.011731854,-0.44559544,-0.6676939,0.6777273,-0.08944534,0.97980464,-0.19122937,-0.06473265,-0.47752398,0.7686753,0.0256625,0.12161443,-0.17538719,1.4260157,0.6161483,0.5370621,-0.1671226,0.24785788,-0.80553865,-0.3365702,0.29337797,0.3788361,0.29151726,-0.63545233,-0.68911576,-0.2591592,-0.15035354,-0.1975178,0.44871998,-0.042588945,0.5100428,-0.68831265,-0.49212858,0.8411753,-0.4786028,0.25579143,-0.8108945,-0.404155,-1.1736048,-0.5586015,-0.3469978,-0.10673699,-0.26916537,0.2115208,-0.90282226,-0.6904024,-0.13250154,-0.74182415,-0.48564154,-0.25674227,-0.446302,0.4886948,0.79464513,0.4314815,0.58292127,-0.36135915,-0.02408548,0.37786353,0.062474765,-0.3862369,-0.43313166,0.52235824,-0.603776,0.37989497,0.93806386,-0.5891245,-0.76479244,0.10288562,-0.0490847,0.26483074,-0.2538667,0.32920104,-0.720585,-0.277993,0.28344616,0.19567844,-0.42629716,-0.15311961,0.5586971,0.5680541,0.4854714,0.4415887,0.8118323,-0.7245298,0.1455035,0.34529838,-0.00086007826,0.1295793,0.19799364,0.056883197,-0.33935916,-0.20747611,0.72227705,-0.2580124,0.19943616,0.41560575,-0.611471,0.3007921,-0.099560685,0.35962385,0.37854964,0.18928379,-0.5451418,0.048489757,0.26779306,-0.084502734,-0.117106594,0.06863606,-0.14888802,0.39032266,0.24725191,0.17335398,0.0012752898,-0.32023,0.52701217
0.45226848,1.0769867,0.60982734,0.37803355,0.93364066,0.7702683,0.78626025,1.2614995,-0.008149397,1.1735328,-0.3785587,0.057201594,1.3466122,0.9935454,0.9895579,0.74991864,1.0106173,0.84039384,1.3359265,1.3851295,-0.8547505,1.0631652,0.79227614,0.77731556,0.40487385,0.20419626,1.0838103,0.6632204,0.2398153,0.8130177,1.1913912,0.9561009,-0.661631,0.67018133,0.6366839,1.4767057,0.8610222,1.3964932,1.6445701,0.91177934,0.9428755,0.829018,1.158002,0.42926177,0.49245998,-0.17210323,1.0392498,1.5487115,0.24305555,1.0946182,-0.27672368,0.45439082,-0.23434465,0.60596246,1.1552944,-0.63979465,1.0731148,0.1798689,0.19482537,-0.052196585,0.7366137,0.7971021,0.4113527,0.9864879,-0.5289719,0.110819116,0.60934424,0.761627,-0.6940211,1.026883,1.3003896,0.019284854,0.61065674,0.81167436,1.5216079,1.2178926,0.54833335,0.5160724,0.560397,0.15672031,-0.9910405,1.3475711,0.5464219,0.3373393,0.5113506,1.4110262,1.6286751,1.2762672,1.0963597,0.85177976,1.066824,1.4170759,0.527811,0.57248306,-0.026578944,1.3919748,1.1606452,-0.6977298,-0.0057895016,-0.18331486,0.85418177,-0.3221668,1.3174369,1.8949374,0.31548533,1.3089573,0.2983639,-0.6058543,0.6256261,0.5355919,1.1465333,-0.16942601,0.28450155,0.11380841,-0.36100894,1.1356668,-0.17760503,0.251725,0.034937825,1.0575924,-0.4313357,1.4070019,0.31878996,0.65027094,1.1847054,-0.13118035,-0.49199384,0.26472297,1.0230641,1.1115611,0.7367422,0.8014916,0.75782216,1.0420159,1.2850587,-0.63160396,0.86073756,1.0065088,0.8981967,0.7466995,1.5798666,0.612175,-0.59184855,0.34399864,0.5130852,0.6766556,0.4967116,-0.015208844,0.76320344,0.9722388,0.5819945,1.1678579,-0.33670127,1.0615506,0.24757704,-0.050220795,1.4248682,0.5274969,0.5359431,0.92802703,-0.14258428,-1.0425516,-0.46108714,0.3703368,0.6487782,0.5995361,0.6595491,-0.25501746,0.5910689,0.5656537,0.63750374,0.5414257,1.0665269,0.33965096,0.99960315,1.3398061,0.24416459,-0.7351486,1.2437658,0.94817024,1.6564797,0.47549644,0.5856929,1.0582912,0.97638214,0.43421265,0.98101354,1.0231991,-0.5514842,0.3598753,0.6782741,0.70290565,0.84971964,1.1983527,1.377814,1.1099737,-0.020794686,0.8324073,0.02846332,0.7198715
0.21207426,0.064449325,0.37187752,0.51925087,0.43739712,0.62174815,0.6621758,0.69437116,0.25379315,0.55206543,-1.0313855,-0.75645095,0.94693094,1.1178102,1.3115816,-0.7328458,0.56237924,0.085630454,0.33361706,0.4261204,-0.52868485,0.8795722,0.8217682,0.7440404,-1.0575641,-0.014115071,0.60257095,0.3681137,-0.39515483,0.5182426,0.14964008,0.38352638,-0.9935209,1.1733333,0.09975037,1.1988024,0.9369515,0.4376702,0.9429915,0.5873015,-0.09681232,0.21495128,0.57652885,0.4852026,-0.37048593,-0.72698104,0.38096592,0.38850442,1.1653689,0.36433953,0.33420622,0.11832623,-0.5814531,0.85762095,0.3399733,-1.1784014,0.28554308,0.39013398,0.579429,-0.30184236,-0.030336237,1.3737653,-0.14266668,0.7552253,-0.48867363,0.14072318,0.011080332,0.1926541,-1.2038207,1.0185978,0.85445166,0.2682319,0.7593135,0.39661688,0.47857764,1.1147666,-0.060439996,0.6779859,0.75459796,-0.9953333,-0.8509739,0.32047445,0.5757378,0.7482528,0.58047456,0.3877727,0.32360318,0.87020427,0.46408814,0.7376876,0.27101213,0.8041075,0.5233164,0.17084642,-1.0692048,0.4039585,0.65243405,-1.3376887,-1.200767,-0.8462119,-0.036932923,-1.0753496,0.47605705,0.37897304,0.7435477,1.260383,0.39294165,-0.7540623,0.6891854,1.1503326,1.0613644,-1.1355014,1.0072824,-0.5907335,-0.7832526,0.57514066,1.1811187,0.5173462,-0.06412113,1.5199299,-1.0115678,0.8315929,0.102448046,0.26629314,0.7268915,0.13947396,-0.6891577,0.1340959,0.5710084,0.5027344,0.44203886,1.1500599,0.65766203,1.4544877,0.09910151,0.1991029,0.30384406,0.68364716,0.1250675,0.87473977,0.6477399,0.56555104,-1.117071,-0.26111814,0.1321192,0.8293633,0.40979117,0.19155553,0.67236936,0.559425,1.0193816,0.6779524,-0.87202346,-0.4802746,0.17481573,0.4782147,0.7696782,0.050918024,0.32422653,0.7866582,-0.83973926,0.19445479,-0.67958814,0.19121626,0.5315032,0.7985736,0.4471059,-0.6758586,0.8503946,0.6306047,0.39632148,0.9343155,1.0352073,-0.643136,0.42110428,-0.13374074,0.67075664,-1.061692,0.059921272,1.159843,1.3539643,-0.11194445,0.6031073,-0.058616318,0.24489707,0.70869297,0.646646,0.09252613,-0.3729497,0.2884951,-0.12290201,0.17412986,0.32986063,-0.32448828,0.80895287,1.1013927,-0.9487836,0.30211914,0.14250988,0.8361388
-0.35009074,0.43247268,-0.36589146,1.0092809,-0.36512536,0.24338987,1.1038984,-0.0679816,0.10194272,0.4609394,-0.3900336,1.1289444,0.04819561,0.26720312,-0.05976791,-0.20357421,-0.35361743,-0.90561914,-0.9999132,0.24701545,-0.683671,0.22294357,0.11982105,-0.11370005,-0.2086588,0.836042,0.6526389,0.48523593,-0.98884994,-0.11069995,0.064803265,0.7482887,-0.10081279,-0.6317586,0.17563593,-0.57381845,-0.6834748,-0.91406167,0.007331374,-1.0813551,-0.43970025,-0.26161748,-0.5607269,0.48113316,0.3603459,0.29507318,-0.68687725,-0.63525224,-0.25227737,-0.5107432,0.6646343,0.9043419,-0.07169829,-0.6326936,-0.67767,0.7303913,0.9107394,-0.15271272,-0.107101455,0.47924668,0.744592,-0.42203462,0.13609172,-0.3534197,0.2877075,-0.3220627,0.7786466,0.32880145,1.3291967,0.63230544,0.28101295,-0.5957052,-0.74814683,1.3451265,1.0975878,-0.079965614,0.21063793,-0.0035071531,0.12353279,-0.5206886,0.7466271,-1.1025727,-0.33220622,0.2939833,-0.50538635,0.017962994,-0.19576266,0.23376767,0.09654197,-0.35100394,-0.6118178,0.097316466,-0.40108824,-0.2751947,-0.41283676,-1.1218615,0.5015253,0.024420042,-0.052217767,0.25568533,0.7293048,-0.22208028,-0.8374564,0.23035888,0.11915764,-0.9715404,-0.4616742,-0.38739896,0.076678224,-0.31090647,-0.29147425,0.038308814,-0.92914885,-0.19088121,-0.310325,-0.8529775,-0.32807025,0.21688218,1.0982037,-0.2996259,-0.027981475,-0.47719014,-0.8892288,1.0530074,-0.025643248,-0.042155158,-0.5416049,-0.5721058,0.09488761,-0.9447262,0.8722949,0.32849243,0.7148919,-1.1020836,-0.116036974,-1.038847,1.1892115,0.4135772,-0.60990506,-0.90210646,-0.3747977,0.030822296,-0.11280949,-0.93453836,0.58174807,-0.42491803,-0.7646301,1.4172932,0.03448838,-0.75410867,-0.41622555,-0.797744,-0.7200366,0.67972153,-0.09105603,-1.0005649,0.17028557,0.009190198,-0.7806481,-1.5942754,0.379234,-0.48420954,-0.52621984,-0.5629758,-0.64707565,-1.201514,0.8691453,-0.09811865,1.1774917,-0.04599581,-0.9835743,0.42171925,-0.6887566,0.2810513,0.32280636,-0.51005405,-0.40105566,-0.86569434,-0.11037246,-0.8856473,-0.57903546,0.36679217,-0.18896732,-0.32393646,-0.4158714,0.39202204,-0.69677174,-0.2817492,-0.2269293,-1.1876377,0.3911369,0.23278676,0.8121623,-0.4928656,-0.23363152,-0.24442874,0.20124514,-0.003973674,0.8715942,-1.0799052
-1.0995027,-0.75941265,0.78364664,-0.25045413,-0.5066406,-0.81287795,0.022644406,0.06996572,-1.4245052,-0.44907016,-0.34383976,-0.70214117,-0.62215036,-0.517904,-0.20888034,1.1041707,-0.6374499,-1.2930515,-0.72813857,-0.2582559,0.72147566,-0.31060416,-1.1790926,-0.8665195,0.4006826,-1.1899669,-0.5212382,0.531972,0.75672626,-0.9794053,0.24233502,-0.31500506,0.7286535,-1.0908995,-0.7358703,0.052409016,-0.5173504,-1.0939891,-0.4635329,-0.8928828,-1.0773104,-0.2877925,-0.7411048,-1.0439305,-0.20916411,-0.06891866,-0.5244867,0.35864192,-0.4748261,-0.5403297,-0.7511078,0.14356872,0.5600583,-1.0045549,0.7239764,0.91460866,-0.17659153,-1.3305749,-1.2380391,0.7318221,-0.52772915,-0.2591253,-0.92504644,-0.9927661,0.032107774,-1.2026176,-0.48781803,-0.83496165,0.05170668,-0.29142728,-0.053075768,-1.6010364,-0.53651696,-0.5917301,0.23713733,0.030363506,-1.2929924,-1.1939871,-0.54400766,1.2220426,0.5425748,0.24906002,-1.023092,-0.41824102,-1.352061,0.13600264,-0.9709092,-0.18762915,-0.8576005,-0.06341377,-0.052399896,-0.005243196,-0.67733014,-0.7703938,0.56098634,-0.8567243,-0.3477836,0.14084856,0.39063892,1.0274382,-0.8010795,0.8276206,-0.91382265,-0.168761,-1.3830281,-0.27677664,-1.1010369,0.5223982,-0.6743138,-0.6053082,-0.5029579,0.5362052,-1.2684442,1.2112426,0.9422888,-0.92932224,-0.72451943,-0.94910103,-1.0613225,0.28221226,0.051827647,0.0059807366,-1.1640284,-0.5317439,-0.04793616,-1.4876685,0.4549698,-1.46096,-1.3036445,-0.78837496,-0.9566541,-0.8961942,-0.5889215,0.20784512,0.66891706,0.32080594,-0.49055728,-0.44470692,-1.261558,-1.0156126,-0.51322204,-1.0944505,0.021007752,1.0425751,-0.7954297,-0.42982906,0.07785505,-0.8715017,-1.053431,-1.0530516,-0.55717933,-0.3938538,0.97136974,-0.37499633,-1.3387598,-1.3038639,-0.05387099,-0.21667346,-1.3845674,-0.7241324,0.88588786,0.23614082,1.1416067,-1.5267433,-0.9583392,-1.0745381,-0.73499,0.85520536,-0.3774029,-0.55111665,-1.1921499,0.23215522,0.37545153,-0.25834432,-0.5519193,-0.5732581,-1.3751955,0.27719754,0.15422949,-0.62812334,0.24203,-0.28423038,-0.5013558,-0.7769751,-0.3118872,-1.0355629,-0.85009515,-0.62119436,1.1054666,-1.0937349,-0.88267606,-0.6739872,-0.026880853,-0.44406712,0.29252377,-0.49993137,0.9655854,-1.0082425,-1.2232196,-1.1305556
-0.8623024,-0.6083134,0.5179356,0.97236437,-0.08924071,-0.11974737,1.0112741,0.19387317,0.9620413,0.2357308,0.7538043,-0.8382676,-0.8879921,0.107858464,-0.7466799,0.23231032,-1.1713432,-0.7646351,-0.680683,-0.4123096,0.13250414,-1.1277266,0.087237686,0.46199122,0.27701977,-0.16976015,-0.75700784,0.3654427,-0.15834379,-1.6295666,-0.37385368,-1.4701251,-0.5434622,0.16200471,-0.95987767,-1.0323465,-2.2659223,-0.82463145,0.68821025,-1.7798768,-1.3023367,-0.6494122,-1.0232826,0.57993525,-0.57632,0.27682945,-1.0344611,0.9801674,0.01716536,0.51366657,0.33451176,0.32490462,0.84108776,-0.23376146,-0.54905295,0.97057205,-1.4127856,0.46834284,-0.6352438,-0.92825633,-1.5538108,0.33657992,-1.3066274,-2.8025165,-0.756022,-0.37554982,-0.54728585,-1.036603,1.668989,-0.9030152,-1.4234763,0.40802655,0.79698455,-0.80006146,-0.031296432,-0.7972603,-1.8821737,-0.072008334,-0.2780719,-0.048210256,1.4822353,0.61675954,-0.7866748,-0.08862004,-0.02584128,-0.49427736,-1.0840458,-0.53554267,-0.9145964,0.5554364,-0.9378892,-0.514254,1.162208,0.70055825,0.19939236,-1.3418812,-0.28244662,-0.7540223,1.0969106,2.3299322,-1.1754954,0.19927613,-0.47505218,1.7346419,-0.3330211,-1.1073647,-0.42518938,0.026787147,-0.06387737,0.58004487,-0.81541896,0.2723201,0.29568583,0.864074,0.16125503,-1.4791051,1.0246592,0.52249825,-1.43527,-1.0268754,-0.34030455,-1.62724,-1.1103116,-0.289348,-0.75264233,0.056169506,0.3128617,-0.9904967,-0.59521407,-1.0069193,-0.11288687,-0.83797604,-0.23057467,0.24231663,0.13508108,-0.89486116,-0.46735767,-1.4128606,-0.573467,-1.6753925,-0.8134865,-0.08218537,-0.34606504,0.43558028,-0.70080495,-1.2749616,-1.2445707,-0.74502486,-0.310965,-1.096274,-2.1516356,-1.2632984,-0.25646904,-0.76764786,-0.79895896,0.5383074,0.3940626,-1.0838444,0.45585167,-0.88141686,0.24571544,0.85169816,0.08412647,-0.6171612,-0.95752466,0.018900298,-0.05235232,0.080265716,-0.99462056,-0.1271586,-0.7592329,-0.5333584,-2.009697,-1.4361503,-1.4758816,-1.6028968,0.09385085,-0.4851365,-1.3792312,-0.019686848,0.04314521,-0.00034628436,-1.9886149,-1.6704243,-1.113518,0.7019831,-1.3793912,-1.230323,-0.13566229,1.1795026,-0.48880318,-1.1052525,-0.34991303,0.06931791,-1.0111719,-0.37453118,0.35211945,-1.4852672,-1.0114639,1.2465512
-1.6238629,-1.1121125,-0.65679604,-1.0541456,-0.6209218,-0.86917406,-0.13819595,-0.020404793,-0.29626283,-0.33448476,0.43904245,1.5243057,0.46821454,-0.31606135,-0.9415083,-0.17206094,-1.0308696,-1.5187585,-0.39626196,-0.5230828,-0.14773625,0.037987687,-1.4563293,-1.2714844,-0.07522762,0.56620157,0.29668924,-0.10676876,-0.19233167,-0.5243197,-1.1979897,0.9477585,0.42991006,-2.6054065,-0.7940025,-0.53195596,0.36298493,-0.2163406,-0.30047593,-0.089156404,0.36644524,0.060319588,-0.17080832,-1.8061821,-0.30350554,0.24554415,-1.0000304,-0.72450626,-0.17980176,-1.9166312,0.10453525,-0.6190648,-0.07229431,-0.7287855,-1.0611352,0.41727465,0.25810534,-1.800148,-0.18414624,0.30840233,0.29971823,-0.77374,-0.80463356,-0.14346163,-0.19888371,-2.0745044,0.25828964,-0.051691476,0.48204592,0.18382703,-0.080329366,-1.6630454,-1.2977936,0.041815173,-0.4512481,-0.32084247,0.6916444,-0.87891436,-0.849299,0.49310645,0.360134,-1.1132219,-1.6317858,0.6262742,0.008400276,-0.48018327,-0.2794498,0.5852004,-1.8710762,-1.5149784,0.26032424,-0.5819186,-2.0573254,-1.1189773,-0.13434343,-0.45792857,0.022682112,0.41691715,-0.021687059,-0.30510134,0.57921755,-0.22081752,-1.6854666,-0.021847216,0.11167087,-0.47433072,-1.579388,-0.13747557,0.28105715,-0.7826783,-0.5698942,-0.19490436,-1.3153586,-0.06353122,-0.8983096,-0.9412643,-0.43588084,-0.81960547,1.0690237,-0.09432703,-0.1210807,-0.4776712,-1.2799956,-0.15021531,-0.46493912,-0.29600784,0.5868952,0.29921895,-0.8088307,-0.32128438,-0.60440356,-0.9887943,-0.4517818,-0.42896882,-0.80984735,0.8292273,-0.52873814,0.49306935,-0.7652208,-1.6469754,-0.3949164,-0.18562078,-0.099526905,0.24598685,-0.41093794,-0.17551902,0.011066329,0.29957438,-0.8334549,-2.2523458,-0.006309904,-0.30743274,-0.64766455,0.8428098,-1.161294,-1.3959745,-0.7465127,-0.425872,-1.4663069,-1.6775533,0.24272011,-0.49162096,-0.39811885,-1.781799,-2.127797,-2.6674793,0.15424968,-0.81373376,0.18898231,-0.36389658,-2.5591683,-0.58237976,-0.23607287,-0.8297143,0.121675864,-0.73915297,-1.2419312,0.48960918,0.36469665,-1.0820918,-0.8105578,-1.0344514,-0.95642525,-1.0811647,-0.39256585,-2.367134,-1.4607264,-0.102257945,0.060539357,-1.5195478,0.0066926796,-0.916011,-0.98362386,-0.2850749,-1.3186057,-1.5125176,-0.5420695,-0.08551544,-0.66589165,-2.3456473
0.8591699,0.19210593,0.7325915,0.5407226,2.0050983,2.9977374,1.0009868,2.145892,2.0046492,2.3045266,0.7976072,2.268613,2.518302,4.3354516,3.4074233,-0.7379462,3.5780096,2.8971279,4.6194935,2.932288,-1.0992779,3.1210465,2.9278998,1.0927299,0.1705399,2.7458384,3.3050025,3.1831841,1.4866399,2.7570498,3.213521,2.8643134,-1.6033858,2.1094348,3.1128662,3.5011835,3.5507424,4.282066,2.5787091,4.008334,3.5388591,0.13795273,3.6893947,2.3410974,-0.16514379,-0.21875852,2.3785002,2.4554935,-0.14210272,2.3739798,0.2573353,1.5000582,-0.1374699,3.1665816,3.1631062,-0.7381711,3.0099962,1.8194048,2.4525237,-0.99101704,0.28750026,3.0824819,2.7525349,2.4717638,0.74280876,0.95499635,0.9699445,3.2800944,-0.67665684,2.2170324,3.6831372,1.6759182,2.3501692,1.5963246,1.7651188,3.8217115,2.3509443,4.211904,4.037828,-0.17422646,-0.4748515,1.6795468,1.892011,0.88905096,1.9737589,1.5617312,3.5276756,2.483071,3.1234014,2.9027135,3.2574174,3.3548367,0.98716515,2.6795344,0.51108396,3.774827,2.6491504,-1.1338353,-0.34473166,-0.42575613,2.4875734,-0.51199657,2.350245,1.4766393,2.6976619,3.5909045,3.8263185,-1.2867917,2.2789962,2.2905164,3.1137881,0.0044361725,3.4446619,-2.403879,-0.63066834,4.2521224,0.78817046,0.52032584,1.9792644,2.0404959,-1.0348647,2.4709897,1.9568331,1.9066392,2.9668777,2.2951415,-0.54516155,1.1086082,3.5902815,2.0762336,2.3502178,2.4622383,3.8629334,2.6945312,0.8832954,-1.0481033,2.4479733,1.7922924,3.6816537,2.3823063,3.1078565,3.9082382,-0.48170692,0.36273548,1.3555322,4.173641,0.98895645,2.0316002,4.2035565,2.814444,2.086557,2.9126835,-1.1480868,3.223839,1.635431,2.0074153,3.1296573,2.8209445,3.0391617,2.613041,-0.6139267,-1.9821192,0.20661417,2.5461192,2.7181604,2.0517285,2.722934,-0.47890776,3.0105047,4.567233,1.5819807,3.5068693,2.346384,0.72084963,3.1497824,1.8314477,2.326706,-0.76713157,1.4758265,4.1807013,3.0182512,1.1550323,2.8124053,4.595809,4.338074,1.2547611,1.0151682,1.9617311,0.488977,1.42213,2.484996,3.9578967,2.2414706,3.3181174,4.0151143,3.207259,-0.78849673,3.984116,1.5232683,2.6385157
0.71685207,0.49142903,-0.7117247,1.2849245,0.53622013,0.84181815,1.5448421,1.1454866,0.72070044,1.1883311,-1.7186143,-1.1530892,1.794033,1.4382416,1.2355158,-1.453107,0.55642086,0.862512,0.4590889,1.0153449,-1.3391826,1.569841,1.0508137,1.2623931,-1.6688279,0.6476946,1.2672783,0.43588337,-1.2144513,0.5459255,0.17105386,0.6933958,-1.5193831,1.3424174,0.29117456,1.5620795,0.45694932,0.5677821,1.0445927,0.52664423,0.35079336,0.08872189,0.7435863,0.8679692,0.096434735,-0.64790016,0.8970716,0.8938414,1.8966347,0.73423153,1.2421873,0.36509633,-0.933059,1.7896882,-0.02916206,-1.9229767,0.83965826,1.1259105,1.4554613,-0.25719967,0.24291627,0.9190319,0.55948615,1.0140145,0.898637,0.7727613,0.25898615,0.40346476,-1.6095256,0.7590006,1.0490085,0.62107843,0.9426845,1.212198,0.73654515,1.2542441,0.3534505,0.91895133,1.6508987,-1.6439296,-1.4157945,0.095385835,1.0374736,1.2196761,1.4135053,1.488819,0.15502349,1.5292126,0.35810715,0.55899847,0.45087004,0.98369116,0.7824336,0.7482692,-2.2954795,0.19731359,1.1191144,-1.8910271,-1.8524872,-1.5902563,0.72856694,-2.2244792,1.1373286,0.4741662,1.901586,1.338408,0.54572594,-1.6240273,0.84135824,1.4804238,1.4110214,-1.6785539,1.6486996,-1.3980944,-1.3380603,0.5050454,1.6583831,1.4181633,0.82464373,1.3323042,-1.5716918,0.61223257,0.83159745,0.49911427,1.3484384,0.67825186,-1.1822151,0.2118315,1.0940841,0.71430224,0.8467097,1.7555648,0.9480922,1.0977694,0.4615204,-0.5520701,0.7311797,1.439317,1.0053566,1.2584236,1.5926007,1.1775922,-1.7457263,-1.6587775,0.39368924,1.267735,-0.13666484,0.682535,1.0501248,0.89596975,0.90618205,0.3580769,-1.9819251,-0.66993344,0.8601571,0.9119265,1.2584965,0.044172738,0.6857257,1.0162958,-1.3998064,-0.4648499,-1.2364312,0.64390457,0.6371157,1.1722069,1.0000204,-1.8305687,0.75682783,0.93473625,0.5431882,1.0111777,1.1339062,-0.107916415,0.39516938,0.1889195,1.3449042,-1.6481565,0.054455496,1.0832913,1.5157924,0.62899005,0.86077803,0.26352698,0.2590822,1.2064506,1.2717934,0.27352533,-1.4971077,0.5981963,0.10002481,0.370827,0.3750494,-0.53739816,0.90456176,1.5809649,-1.9347086,0.31960827,0.84999335,1.3064786
0.6274916,0.42584234,0.5505437,-0.3763562,0.25850236,-0.30717912,-1.0968933,-0.2616889,-1.1607238,-0.65652335,0.11023066,-0.23331471,-0.32388026,-1.0903202,-0.12764794,0.31395176,-0.023882851,0.5581904,0.032145448,0.36629152,0.43435684,-0.40081096,-0.14424983,-0.21690841,0.70217,-0.81447345,-0.1836097,-0.5681631,-0.2182487,0.4483244,-0.15537947,-0.44187677,0.42295885,0.1628868,-0.100348786,0.06638604,0.35052064,0.22187936,-0.1559107,0.13214123,0.5827124,0.3655932,-0.08244577,-0.084962055,0.43564156,-0.10595759,0.38144606,-0.011247445,-0.9299586,0.46129352,-0.5229183,-0.014648981,-0.34918004,-0.17779885,0.42314374,0.24789132,-0.6193915,-0.2366954,-0.5465482,0.5752581,0.18687637,-0.53855777,0.48325372,0.43376902,0.068364665,0.22999991,0.19165832,0.18324542,-0.036928743,-0.27704847,-0.18511412,0.17368037,0.10423914,-0.42584175,-0.17381449,-0.29685146,-0.060636327,-0.33765566,-0.6928304,0.6986965,-0.4543035,0.95371807,0.0046450906,-1.2712928,-0.57400715,-0.2922429,0.4873428,-0.13735153,0.53928626,0.30240944,-0.27983934,0.17225662,0.06744657,-0.3150453,0.2849306,0.4437569,-0.17981984,0.9849927,0.4728762,-0.17761987,-0.7141497,0.1465472,0.55391383,-0.23138757,-1.118648,0.09734635,0.30228087,0.94059026,-0.8739935,-0.719167,-0.5218275,0.29865223,-0.7200319,0.39983058,0.68308777,0.53466916,-0.8916371,-0.28338167,-0.43821105,0.009942045,1.1082728,0.3980534,0.13422012,-0.57359755,-0.34873077,0.039658282,0.36604792,-0.17778198,-0.03652338,0.34482482,-0.2788812,0.0048393356,0.0484303,-0.13897234,0.47587982,-0.7335075,0.07882729,-0.10489799,0.3969369,0.96693534,0.02644968,-0.6876323,0.6110606,-0.028885596,-0.0021578465,-0.30755445,0.51275915,-0.8513681,-0.25585282,0.8293909,0.23952396,0.42553335,0.19968484,0.20512393,0.09296145,-0.39199635,-0.6580709,0.35307923,-0.35432065,0.45207873,0.8612519,-0.3436584,0.14951229,0.2704972,0.32427204,0.3531187,-0.46303788,0.444695,-0.07814678,-0.5746285,0.46331343,-0.35720396,0.4790113,0.87539256,0.27985942,0.19146687,-0.37897334,0.54055285,0.14008619,0.00918135,-0.3071338,0.11490062,-0.29022437,0.3625155,0.19690841,0.23301208,0.29477733,0.38557288,-0.28666297,0.45055875,0.14348915,0.35946286,0.04203313,0.17095473,-0.07655232,0.018088747,0.84255785,0.25939888,-0.34873033,0.17321438
-1.0745245,-0.39773485,-0.60602015,-0.06244693,0.323912,-0.0027833842,0.6669899,-0.13096246,0.23455855,0.5436478,-0.20807843,-0.18547983,0.23530748,0.49387613,-0.3982876,-0.3200539,-0.7547256,-1.0228977,-0.11221592,0.18666215,-1.9133825,0.32628506,-0.48176965,-0.556981,-1.5374482,0.29976672,0.73008025,-0.3300196,-1.4849908,-0.64653635,-0.8331295,-0.39459306,-0.71948373,-0.84182906,-0.88437414,-0.6211718,-0.23940742,-0.9450391,-0.022305604,-0.71744525,-1.2101724,-0.8534973,-0.6258759,-0.9804295,-0.028103752,0.2744365,-0.98183113,0.43169716,0.7891777,-0.8654571,0.5530991,-0.33045894,-0.53535086,0.3718331,-1.3577696,0.26795042,0.5818787,-0.89692086,0.7375766,-0.5670292,0.30916467,-0.46506694,-0.59861404,-0.27343398,-0.40135115,-0.7540406,0.21690527,-0.3585261,0.8987019,0.13810652,0.06661167,-1.0137392,-0.39981866,0.6171876,0.5256371,0.104666576,0.61894006,-0.82584834,-0.27455735,-1.2094799,0.15675466,-2.0043318,-0.17722344,1.1702648,0.49915206,-0.06847177,-0.1283913,-0.074489504,-1.6138005,-1.1630111,-0.17792095,-0.30841738,-0.2779994,-0.30938685,-1.7100261,-1.3196603,-0.030507345,-1.2981054,-1.052113,-0.007773471,0.3054812,-1.6138124,-1.2720767,0.613427,0.64512277,-1.0778735,-1.4035549,-1.4560143,0.6565642,0.03087531,0.42777723,-1.2267538,-0.31519106,-0.6591722,-1.5373027,-1.8973501,-0.29757735,0.46350148,0.25314772,-0.42379138,-1.5129983,-0.6035565,-0.8455057,0.36043867,-0.60493,-0.63278645,-1.1881784,-0.5260861,-0.19519636,-1.2092869,0.033300523,-0.3220967,-0.22286093,-1.1619564,-0.5833016,-0.01010204,-0.4421561,0.17369981,0.00053197145,-0.81327236,-0.8041792,0.8661283,-1.1727542,-1.276001,-0.14721873,-0.034973033,-0.31261697,0.19256997,-0.67680407,-1.3270104,0.5706198,-0.5382678,-1.9472444,-0.1823987,-0.9300946,-0.114279784,0.27069348,-0.23786554,-1.0093805,-1.3316232,-0.84820753,0.005940795,-1.4586256,-1.4907775,-1.2039944,-0.9342649,0.28006727,-1.3926426,-0.30635726,-0.34781763,-1.5643654,-0.8231021,-0.6393618,-1.0438309,-0.733513,-0.3995848,-0.31695655,-1.1007804,0.18268958,-1.2975652,-0.1693561,-0.742556,-0.46919847,-0.72656566,-0.9792614,-0.94911516,-0.10705882,-0.44664064,-1.2002789,-1.164735,-0.6195118,-0.38650692,0.21418881,-0.28270033,-0.67883307,-0.1159611,-1.7142378,-0.5535131,-0.56631106,-1.458086
-1.16441,-0.83400714,-0.6294341,-1.1444764,-0.35133296,-0.31973252,-0.45079237,-0.80813235,-0.5171064,-0.7822054,-0.054552406,0.44649518,-0.41665968,-0.34163967,0.0004913872,-0.5186715,-0.871439,-0.7887526,-0.6181366,-0.6305723,0.85698855,-0.27215937,-0.74816453,-0.63695717,0.64007604,0.17661797,-0.6978614,0.05053309,-0.21284528,0.46760654,-0.46575633,0.22448413,0.8188072,-1.1324416,0.6948336,-0.48745322,-0.009520207,0.055923976,-0.41449207,0.0059759207,0.49168986,-0.1923617,0.34629852,-0.48683834,-0.9357059,-0.09793593,-0.8682565,-0.7926727,-1.2066869,-0.3390473,-0.11946916,0.21022955,0.45621622,-1.4441874,-0.31809634,1.0266378,-0.53426373,-0.50773305,-0.60324603,0.21103127,0.2646809,-0.25180903,0.7466891,0.23850025,0.606035,-0.20859338,0.40910512,0.94273716,0.7924968,-0.03698093,-0.654568,-0.34362504,-0.45114988,-1.2500955,-0.4132749,-0.61305,0.5349751,-0.10547429,-0.3042992,0.7350745,0.8206348,-0.4516006,-1.054411,-0.80526066,-0.62211835,-0.45931238,-0.5144156,-0.2861155,-0.36870712,-0.92698276,-0.25542504,-0.8660901,-0.56680137,-0.3760776,0.2592231,-0.78911465,-0.7341133,1.2136197,0.30965862,0.1980589,-0.09923389,0.8724545,-0.40801328,-0.87113106,-0.7927567,-0.9414432,-0.15437913,0.6296623,-0.31167376,-0.78983516,-1.2242241,0.72029626,-0.7980469,0.043633733,1.2929919,0.23751985,-0.59644157,-1.3300008,0.30793387,-0.35806963,1.2925787,0.27617776,-0.012297835,0.62140375,-0.37468454,-0.1030976,0.27990445,0.98045325,-0.24031417,0.16124052,-0.60522044,-1.7312582,-0.62012357,-0.47012848,-0.1094402,0.1914643,-1.0410008,-0.8464317,-0.78455967,-0.70756763,0.032258138,-1.1205732,0.65134007,-0.11463965,0.52756816,-0.28482834,-0.6321753,0.22980215,-0.107037306,-0.8851619,-0.017275944,0.3976219,0.78725964,-0.028331466,-0.64701647,-0.6078761,-1.1729882,0.7863468,-0.3579283,-0.5131083,0.8553054,0.67211574,0.9410761,-0.20990509,-0.58580786,-0.7926152,0.051968727,0.12527563,0.36882544,-0.071799986,-0.2124339,0.3072775,-0.41342163,0.14996554,0.4341091,-0.09697233,-0.85950273,0.435499,-0.16922015,-0.17400083,-1.1655791,0.34499687,0.7056072,0.386258,0.45880777,-1.2634915,-0.76461077,0.9365669,-0.034032978,-0.1972857,0.9924069,-0.6036406,-1.2213045,-0.17817804,-0.47908118,-0.5827901,0.62974524,0.36748505,0.42502612,-0.9150877
-1.7931432,-1.1281127,-0.35356182,-1.8905237,-0.5985716,-1.7284892,-1.4537455,-1.1132478,-1.6242626,-1.2740357,0.84857714,0.08806876,-0.43895763,-0.77635574,-1.5156131,1.0166534,-1.4963692,-1.0683421,-0.68349534,-0.83560115,1.0789294,-0.9271923,-2.1238337,-1.3731407,1.1321368,-0.985142,-0.69888276,-0.44584256,1.1705998,-0.71281093,-1.2234591,-0.87020695,1.3479201,-2.220783,-1.0673755,-0.20719409,0.30512676,-0.2978759,-1.3763174,-0.56622297,-0.4991063,-0.17500378,-0.9736696,-2.434184,-0.78731537,0.19168456,-1.0429195,-0.18564072,-0.5735959,-1.962469,-1.5937798,-1.0342112,1.4636523,-0.5742561,-0.22577175,0.9357712,-0.60410523,-2.1676142,-1.0910177,0.736351,-0.8760794,-0.8220286,-0.49754524,-0.18910855,-0.5167747,-2.0476894,-0.6554581,-0.6882922,0.3154903,-0.6539442,-0.80433595,-2.2285807,-1.5549862,-1.0190117,-1.3516846,-1.3596228,0.044186734,-1.7256422,-1.8388698,1.5323291,0.16389658,-0.35151225,-1.8017939,-0.80714005,-0.83237964,-0.9067556,-0.48952055,-0.7755318,-1.1178559,-1.7176001,-0.16877519,-0.91946363,-1.7044331,-1.3616393,1.1180707,0.27397317,-1.1422577,1.3026426,0.42757276,0.8084655,-1.4645056,0.8804028,-1.1471295,0.12603247,-0.682173,-0.11578643,-2.0513778,1.5716128,-0.8149573,-1.0796101,-0.17805052,1.477459,-0.9300079,0.6301149,1.0980159,-0.9073483,-1.3860979,-1.1230708,-0.8205816,-0.83782816,1.1193368,-0.981031,-1.232005,-1.5935661,-0.49018332,-1.9673327,0.8458955,-0.70926785,-1.8279651,-0.33256269,-2.0148182,-1.0556835,-1.2961036,-0.5608337,-1.3489016,0.59343565,-1.2621491,-1.2602131,-1.2427865,-1.4524198,-0.85213214,-0.7452135,0.7745551,1.1001716,-1.7307318,-1.1852655,-1.1755526,-1.3994064,-1.5832794,-1.4771274,0.008374918,-0.31107903,0.98543596,0.40397984,-2.3595684,-2.0282543,-0.6152418,-0.29941848,-2.1868877,-1.4978868,1.0409824,0.8161719,0.98635924,-1.8276514,-2.2106307,-2.2323155,-1.5801919,0.61643386,-1.4229318,-0.84280664,-2.2098818,-1.2302309,-0.6413878,-0.8448185,-1.13361,-0.8677425,-1.9445963,0.5935116,-0.35234827,-1.0089846,-1.4665391,-0.48086333,-1.3611423,-0.27149886,-0.8842288,-1.9483459,-1.2462128,-1.0867025,0.90357804,-1.6095144,-1.6896214,-1.37465,-0.7962978,-0.29352698,-1.12179,-1.7748607,0.9424635,0.14541772,-1.9409366,-2.1676154
-0.38208878,-0.43616825,-0.5416867,-0.025888383,-0.22722745,-0.6434521,-0.40134573,-1.2343365,-1.234057,-0.36756164,-0.3802599,0.26799023,-1.2166662,-1.0914724,-1.1751143,1.2965404,-0.34085304,-1.0641869,-1.8887389,-0.68151575,-0.46938792,-1.359072,-1.0461123,-0.71055716,0.16050632,-0.34528548,-0.9402498,-0.08197413,-1.2117285,-0.8873241,-0.050402198,-1.5050949,0.16865648,-1.1259214,-0.1713548,-1.3667854,-2.252037,-1.8557314,-0.7900564,-1.6891629,-2.0065854,-1.1143671,-1.7070024,-0.71517515,0.22984418,1.2869648,-0.9840768,0.007195059,-1.1553619,-0.8678089,-0.067603655,0.11632702,0.19387625,-1.2262725,-0.78045356,1.5354477,-0.7690601,-0.6393841,-1.0868688,0.9291404,0.33969128,-1.3133043,0.50896466,-1.1231263,-1.0995435,-1.2229732,-0.24457291,-0.4217537,1.0319473,0.076566294,-1.6076592,-1.5039904,-1.2342834,-0.58345467,-0.21229196,-1.3034858,-1.137104,-0.9169914,-0.9430643,-0.7538125,1.0919244,-0.39024836,-1.1289734,-0.6587432,-2.0963724,-1.0162655,-0.4832624,-2.128749,-0.58101964,-0.69740415,-0.6907747,0.030635089,-0.878178,-0.84015936,-0.22823112,-2.4491954,-0.61256224,0.36996374,0.26996464,0.53062016,-0.47170258,0.38605237,-1.5950781,-0.50295395,-1.3471967,-1.5191821,-1.440554,0.68612933,-0.7762178,-1.0541555,-1.042897,-0.36873233,-1.5251502,0.52929175,0.6646805,-1.4671955,-0.91019833,-0.3001036,0.49800178,-1.3754086,0.76288605,-1.054885,-0.944066,0.5203188,-0.6103692,-0.9548654,-0.07857587,-1.9743195,-0.8164208,-1.6795676,-0.3081172,-1.4011698,-1.0361983,-1.1290536,-0.9201251,-0.8537702,0.5196571,0.20741887,-0.90189224,-1.4785076,-1.3899922,-0.85900694,0.6957987,-0.9775133,-0.21014246,-0.98681766,-0.6922684,0.13969393,-1.1273736,-1.2041553,-1.5166993,-1.8536729,-0.1123603,0.17049333,-0.50989234,-1.440794,-0.3174007,-0.14760095,-1.7231656,-1.5129007,0.98966724,-1.0006897,-0.08832803,-1.123093,-1.4738798,-1.7287068,-0.13328181,0.3702783,-0.6604384,-0.75702065,-1.3498886,-0.95723104,-2.1029582,0.1295477,-0.36167997,-1.3115958,-1.0804652,0.46650517,-1.0896503,-1.4100523,-1.499717,-0.6844411,-1.6038494,-1.2922753,-1.9281186,-0.71361226,-1.0273074,-1.0953305,0.34340978,-1.2354183,-0.8787583,-0.17718084,-1.0017738,-0.19704735,-1.4546585,-1.0666605,0.44468462,-0.14378344,-0.32469597,-1.5457966
-0.26134965,0.633156,0.6203994,-0.5449435,0.4125201,-0.66660863,-0.9880484,-0.768214,-1.3216971,-0.7265258,-0.11265052,-0.5640444,-0.34328368,-0.57623696,-0.22000483,1.1446207,-0.3749663,-0.07403458,-0.11045085,-0.11694964,0.5180592,-0.6555385,-0.44343644,-0.27412573,0.8318982,-1.124792,-0.3551339,-0.719188,0.30948126,0.47963047,0.2543976,-0.9776862,0.37137717,-0.12357882,-0.4684177,0.28751734,0.5805774,0.20375946,-0.037185665,-0.30093205,-0.5926712,0.109822765,-0.5315392,-0.7391816,0.3710324,-0.16892652,-0.013906065,0.35146427,-0.43462247,0.060004685,-1.0163343,0.11646667,-0.31327814,-0.040524177,1.1191115,0.20545961,-0.5862943,-0.82835823,-0.48680842,0.41486874,-0.034902498,-0.3210221,-0.06223714,0.31869856,-0.9558975,-0.67191875,-0.16197383,-0.41899216,-0.48277128,0.07720652,-0.5278498,-0.6883982,0.010312773,-0.67819273,-0.038221896,-0.023369106,-0.24256918,-0.8091811,-1.439038,0.7883434,-0.65826523,1.050292,-0.48540878,-0.94360936,-0.62893164,-0.3647044,0.38359913,-0.30783537,-0.028881012,0.012605425,-0.39234364,0.34466875,-0.13810286,-0.78571486,0.5323914,0.43361938,-0.56003433,0.63400054,0.37559435,0.17975168,-1.364494,-0.010701746,0.22123848,0.67998934,-1.0777006,0.42518306,-0.5934568,0.637761,-0.5177269,-0.52684766,0.31189054,0.9273992,-0.8668528,0.7010062,0.6877143,-0.15009876,-0.8548086,-0.18545625,-1.2760582,0.47108212,0.7655432,0.39602506,-0.60083336,-0.940522,-0.49359035,-1.0648391,0.15680064,-1.1555864,-0.65248585,0.1426189,-0.7217957,0.02137791,-0.83865345,0.29957148,0.48983803,-0.52179134,-0.19053315,-0.3702721,-0.05433901,0.33596513,-0.36645153,-0.7023789,0.03725949,0.38608027,-0.7546745,-0.6937458,0.030833747,-1.3889688,-1.005421,0.45521522,0.4851129,0.26447174,0.33524498,0.61826634,-0.85541254,-0.72537935,-0.44078365,0.38673782,-0.8744532,-0.11193779,0.83981586,-0.4555859,0.07166028,-0.6089381,-0.34597296,-0.2507306,-1.0898148,0.29881883,-0.6623212,-1.2522098,-0.029496856,-0.4916278,0.010565018,0.18585214,-0.27528787,-0.13894665,-0.9210684,-0.23168422,0.1507993,-0.06335838,-0.11607443,-0.339037,-0.534502,0.050638624,-0.24335456,-0.17608997,0.11849869,-0.1503833,-0.58339065,-0.20712334,-0.62069565,-0.19777562,-0.060536094,-0.17079718,0.05209726,-0.30521134,0.8951877,0.29735407,-1.175821,-0.49312302
-0.90207744,-0.92779756,0.76654667,-1.0406628,0.3679068,1.9068766,0.67403907,2.415806,2.186588,2.274298,0.93447286,1.529268,1.5658282,5.176727,2.9545147,-1.2581253,0.1223533,0.38523287,4.8709173,0.9422932,0.061530434,2.398004,1.9685361,-0.852253,0.09054619,1.5207534,2.44564,3.1377206,2.779489,0.41663465,1.0935187,3.0916007,-1.3780717,-0.45058104,1.2874936,2.2208877,4.718884,2.0399587,0.9271194,4.537168,1.6844116,-1.357024,2.8911924,-0.3420229,-0.9004925,0.27130994,0.19343953,2.2514746,-0.025118891,0.46424025,-1.1523206,-1.1148283,-0.93559015,3.4173806,3.0161734,0.2842065,2.3973649,-0.29254416,0.8845672,-1.610009,-2.1938121,2.5831296,0.75201404,1.3467077,-0.6304115,-1.1701069,0.03702555,2.123481,-0.033344075,2.4022167,3.0562208,-0.61317134,0.840229,1.3387518,0.051878296,3.7345335,2.4077618,3.5782106,2.991525,1.439705,1.1981772,-0.52543074,-1.2392772,1.1389205,2.3375409,-0.39084837,1.0132974,2.2036245,1.8411852,2.3268151,2.3953035,1.7166765,-0.036984205,0.45551908,0.9287788,3.0693483,2.014005,-1.3935407,0.3205631,1.8306308,1.512965,0.3368802,-0.80637234,1.7711451,2.5092468,3.6269758,2.3057866,0.18938698,2.7443237,1.9470223,2.8887382,-0.59006387,1.1807444,-2.151752,-0.46611878,2.5017672,1.2552513,-0.7399694,0.59977293,1.4393634,-1.334192,0.47349054,-0.7704956,0.007653012,1.540908,-0.18354519,0.5010201,0.6747926,2.9502387,0.86541307,1.3925716,2.1635804,3.6986668,1.4517543,-1.1480612,-0.7935467,0.99553734,0.8727593,2.873287,-0.14455664,1.627962,4.604306,-0.18743534,2.1983795,0.25261024,2.6366475,0.23885177,0.8978208,2.5610805,0.777105,1.8710951,3.2085693,-1.597531,4.324795,-1.2118267,0.9083168,4.03204,1.5403891,1.0507141,0.5597352,-1.3135967,-2.1725597,1.367842,0.57705534,0.590916,-0.017352201,1.437175,-0.9508351,2.4992464,4.348307,-0.6282755,2.582237,1.6199013,-3.00466,2.4186745,0.7503999,0.919338,-0.88157237,-0.465289,4.1002913,2.0007892,-0.16062121,1.8595623,3.578857,4.0480175,-1.3976882,-1.5720681,0.04953096,1.1524845,0.017167429,1.1599569,0.7389195,2.2331543,0.13574633,3.6624463,0.9419483,-1.1776613,3.6428113,-0.9669628,-0.6848656
-0.12950759,0.14469863,0.044895627,-0.09808466,0.17473842,-0.12609093,0.020831246,0.10167881,-0.6831582,-0.026693854,-0.23030017,-0.53630364,0.36109996,0.04867181,0.06934164,0.8266628,-0.0397168,0.118783705,0.06903521,0.4451566,0.011693027,0.33960992,-0.106885344,-0.03488341,0.3874121,-0.75556076,0.36383444,0.22692135,0.6726581,-0.16683649,0.33396885,0.23933797,0.04783353,0.15467735,-0.14995652,0.58665925,0.09015161,-0.106182836,0.02239744,-0.25302374,-0.43604565,0.14652736,-0.16691503,-0.33278263,0.39351773,0.3438069,0.11825442,0.21740411,-0.0070825554,0.13822483,-0.5601245,-0.26190302,0.14346422,-0.006422585,0.7563733,-0.29989946,0.4737254,-0.19507022,-0.1131553,0.38747594,-0.28124827,-0.058264382,0.052049655,0.15110783,-0.31411126,-0.12058441,-0.1692422,-0.45230383,-0.5597068,-0.2875037,0.1420224,-0.38701436,0.08071884,-0.0038498975,0.65164894,0.24931727,-0.29678378,-0.38063422,-0.20261288,0.6470911,-0.71995014,0.70527774,0.090008914,-0.29112458,-0.2263317,0.495244,0.028117798,0.4644272,0.057135813,-0.17077586,0.01671426,0.49373427,0.13764504,0.2500916,0.25940228,0.26133594,0.37593007,0.027302336,0.13422354,0.25323734,-0.33265954,0.18645127,0.3312497,0.4812332,-0.15170735,0.563763,-0.36854637,0.11235998,-0.43896902,-0.066312484,0.3199762,0.50266224,-0.23343758,0.34714377,0.28379142,-0.22546951,-0.31590888,-0.24996233,-0.47679144,0.2413668,0.14670797,0.15282191,-0.10488358,-0.36618954,0.27882347,-0.6763769,0.020625768,-0.8783211,-0.32837826,-0.11209798,-0.05673329,-0.039916866,-0.2813192,0.027498538,0.7380368,-0.19531864,0.12534863,0.1712913,-0.0071004108,0.04241799,0.27134234,-0.063124,0.03682958,0.65036637,-0.59860265,0.09141826,-0.005598206,-0.5433103,-0.06962699,0.625033,0.03855093,0.17644319,0.5225713,0.014170323,-0.30688155,-0.33601245,0.41787612,-0.2148113,-0.26261958,-0.054832622,0.31224102,-0.123151116,0.21092103,-0.30040583,-0.037823144,0.21712628,-0.40407896,0.3338974,-0.06497126,-0.1365939,0.014753848,0.12583755,0.42249024,0.10646852,-0.023794696,0.21140154,-0.44357285,-0.20447662,0.19620368,-0.085966036,0.59543216,-0.23734583,-0.26515076,0.18976644,-0.05468201,-0.18104945,0.31665993,-0.10788102,0.33831516,-0.1937953,-0.8601422,-0.25118157,0.14735189,0.05542579,0.6481589,0.536291,0.5185887,0.11212765,-0.47616243,0.062312998
-0.7359674,-1.3362458,1.6192458,-0.4857329,-0.6394891,3.8264713,-0.1854949,1.870232,1.2036316,1.6268722,0.61477953,1.3983028,0.884863,3.8847756,4.0988183,-1.4812464,3.7433944,1.2218168,5.2675405,3.3528678,-1.6773777,1.9928355,3.2690706,-0.25948367,-1.1700395,0.3288183,2.5209844,0.33273572,1.0708922,3.0136883,3.3724046,3.2641788,-2.6456351,1.1642807,2.6068974,3.558733,4.3226395,3.269498,2.0631645,4.713139,2.364365,-1.1621718,3.4030728,2.0568156,-0.78128034,-2.1742527,1.5556115,1.7982821,-1.0590422,0.79466766,-0.2902552,0.45962948,-0.88000935,1.6790301,3.9407368,-1.4308791,2.2242165,1.4382634,2.7927995,-1.5486352,-1.4230542,2.3899188,0.79629815,2.2852561,-0.5602789,0.46317825,-0.007489346,1.2453444,0.027733415,3.3170333,1.8172015,0.6534912,1.0353659,2.391029,1.1688251,4.5695024,-0.31543288,4.0357847,3.0673165,-1.7017378,-1.7757679,1.590672,1.353114,0.7392201,-0.11780681,1.2927413,2.6023734,0.44093472,4.009938,1.8674438,-0.2656452,3.6666238,-1.0527245,1.1523663,0.74838805,4.0549107,2.1341383,-1.1629287,-0.9286547,-1.6743448,1.6038792,-0.32407445,0.9219911,-1.3941537,-0.082970604,3.7394314,2.2516775,-0.93737143,2.1928473,3.5405183,4.0900598,-0.5696514,2.8233635,-3.3808138,-0.46191335,3.2834303,-0.23570225,-0.9402478,1.5440308,3.9265902,-1.1372435,3.3661005,-0.23780443,2.3362594,3.436178,-0.34873608,-1.2761893,-0.20011866,3.052878,0.9146756,3.4402654,2.5783644,3.7841508,0.8537582,-0.3250866,-1.54944,1.2038008,0.2034982,1.9046082,1.4873595,1.06252,4.097389,-0.92334884,0.4101627,0.6157584,3.5952706,0.8716675,2.7754369,4.969217,0.82179904,0.37576827,3.435345,-1.1317149,1.1338766,0.7176149,-1.4535244,2.572331,4.7217765,0.6727308,2.7725058,-1.8347049,-1.1528693,-0.61491454,0.46125606,1.6421176,0.81687856,2.2921762,1.0251062,2.7214117,3.592162,-0.2434696,4.594979,1.8247235,-0.60523,2.5864472,-0.6498954,0.26989293,-0.009860324,2.1645038,4.8085194,3.2586238,0.7286107,3.3824492,3.4048388,4.9754663,1.7545316,-0.42129597,0.8840199,0.50323486,-0.14548461,0.97868127,2.731748,2.8666093,5.0373363,3.5492265,2.0139875,-1.4161209,5.24046,0.32388628,1.1098566
-0.76868445,0.29102692,-0.13161093,0.5557391,-0.531339,-0.6081701,1.2842836,1.14834,-0.6740147,0.57784736,0.88964045,-0.02153258,-0.3185271,0.07069509,-0.5965012,0.7624037,0.5124766,-0.46804318,-0.0993988,0.5013696,-0.49711302,0.32957327,0.14287437,0.17357181,-0.78194785,-0.7908183,1.3016104,0.37237275,-0.2968827,-1.5745828,0.71106416,0.35799032,0.5110965,-0.50938755,-0.8089644,-0.41942012,-1.3071339,-1.9562023,-0.87012863,-2.501862,-1.2571088,-0.8056118,-0.9890324,-0.043162167,0.7535717,1.0519186,-0.49138832,-0.42214158,0.34214997,-1.0587701,-0.41196617,-0.1532081,0.675687,-0.46423432,-0.4799085,0.77134633,1.9741338,-0.34462848,0.44175613,0.8268965,-0.008614583,-1.6017685,0.5726792,-1.3157732,0.45139685,-0.41949394,-1.1293886,-0.93898803,1.0054815,-0.9959132,0.57560754,-1.0768245,-1.315532,0.4667215,1.0605226,0.37881014,-0.43966752,-0.69316393,0.17367245,0.4680551,0.010554584,-0.3503459,0.0025613569,0.108137146,-0.5372247,1.0016501,-0.688567,-0.3821513,0.5635249,-1.2243978,-0.2367435,0.49275517,-0.4816199,0.38622624,-0.1812434,-0.9153506,0.58275986,0.5353742,0.81922317,0.59044296,1.92204,0.828383,-0.27570623,-0.22867723,0.29381493,-0.45320255,-1.3433889,0.14829852,-0.46462572,-1.2351958,0.20405567,0.1983905,-0.4245304,0.0758675,-0.05053996,-1.6088293,-1.1992879,-0.50896144,1.47596,-1.3791316,-0.27044454,-0.975544,-0.47402632,-0.33182544,0.031165313,-1.3100748,-0.8980329,-1.383527,0.05761344,-1.797873,1.2080997,0.1264976,-0.83926135,-1.642771,-0.18928847,-0.90908957,2.6891067,1.6115017,0.054017164,-1.1143285,-0.1718896,-0.017821256,0.17881772,0.39688605,-0.83833253,-0.45702076,-1.1434729,-0.22273153,0.10751116,0.34613937,-1.5345923,-1.0178496,0.17124183,-0.17402315,0.08192315,-1.0598451,1.1474397,-1.8799516,-0.64805335,-1.2554678,0.30781138,-1.2978646,-0.40694657,-0.806406,-0.8859706,-1.1755412,0.42103148,0.6259574,-0.33745435,-0.04395654,-1.0383682,-0.16808279,-1.1037902,0.14494608,-0.2533967,0.52267593,-0.6300376,-0.9190718,-0.096769266,-1.7259501,0.82192147,-0.61459506,-0.4454984,0.03322901,-0.8138875,0.0050038043,-0.09787337,-1.2656615,9.3474984e-05,-1.006265,-1.5374187,-0.36051396,1.0456778,-0.25189865,1.1112618,0.7178701,0.30570075,-0.6466947,0.043441296,-1.1662959
0.8916743,0.4820581,0.59570366,0.6460271,1.6162097,0.53966516,-0.3755856,-0.6236062,0.12630388,0.88768417,-0.47873157,1.2512436,0.5499415,-0.8536483,0.28861505,-0.6956971,-0.59327817,0.7989877,-0.044590887,1.2365979,-0.5461131,0.024889635,0.4904084,-1.2355703,-0.450385,0.37424114,0.5745649,-0.18588391,-1.2179861,1.700759,0.8458292,-1.0998132,-0.69459796,-0.9470956,1.1360981,0.57887214,-0.6648684,1.1794184,0.53422225,-0.85779995,1.4139591,1.809331,-0.58981115,0.1937567,0.73942053,-0.29379067,2.3081732,0.62994653,-0.5325629,0.70362455,1.1024704,1.123054,-0.6720825,-0.1778826,0.112610735,0.051054094,0.6009459,0.47312263,0.6945949,-0.97631073,1.982971,-0.28231066,2.1177585,1.2200971,0.24681161,0.76432955,1.8580292,1.3883516,-0.18546292,0.17647023,-0.4402338,0.61836606,-1.0430446,0.15788364,1.2669852,-0.05410894,1.0014051,-0.3783116,0.41997758,-0.84548604,-1.174603,1.6394746,0.90857923,0.6959504,-0.6169115,1.1860368,1.9558996,0.74392986,0.41783634,-1.4098125,0.23358758,1.3261106,-0.21852581,1.0196123,-0.81688005,0.08955307,1.8951273,0.14335923,-0.6021679,-1.2656788,0.9555415,-0.14329207,0.70324844,-0.06809175,-0.13973153,-0.58287,-0.44930106,-0.6061391,-0.41825324,-1.0698857,0.33498752,-0.7665667,-0.5300889,-0.28076518,-0.15716402,-1.048241,-1.2908312,0.28023013,1.5765101,-1.0832549,-0.3361188,0.34823757,1.9696512,1.6759226,1.060406,0.5551424,-0.5568104,-0.5736931,0.42682856,2.38519,0.20729688,-0.040446103,0.085764416,-0.5048308,1.4233396,-0.087581776,0.920504,1.2653352,0.9070422,1.0544794,1.3669121,0.2707071,-0.25073096,-1.086962,1.1752347,1.3142791,1.4945939,0.99317694,-0.03307359,0.8779079,-0.44222617,0.22208697,-0.15609267,0.20554751,1.5827775,-0.00794662,-0.6756967,0.32132804,0.29633424,0.40960747,-0.010668654,-1.0708665,-0.11002728,0.5718944,-0.95721936,-0.91724706,0.8738797,-0.07253996,0.44889352,0.6587214,-0.19415739,-1.2081214,0.8196086,2.7877827,0.6845362,0.49893117,0.050052285,-0.66003996,1.4889302,-1.0455657,-0.5395088,2.4770775,-0.009127674,1.0103588,-0.27771786,0.08120567,1.5968206,1.2896328,-0.10398149,-0.7420541,0.7312585,1.3191705,0.6732112,1.8429334,0.41022143,-0.31532526,0.25714317,0.020927299,0.85785973,-0.12537019
-0.0022389293,0.4067073,-1.432921,0.32314983,0.12763585,-0.008991204,0.42367262,-0.28856665,0.36909255,0.26805502,-1.4495524,-1.1210432,0.5864325,0.16316193,-0.19293375,-1.0473753,-0.5880468,-0.333376,-0.6091121,-0.12984097,-2.0010781,0.4476254,0.027472444,0.0031119827,-2.1698067,0.5502308,0.90223765,-1.5001829,-1.577288,-0.659505,-0.58462256,-0.1589307,-1.3394955,-0.10157004,-0.96023667,-0.38919568,-0.9387038,-0.68484825,-0.8358532,-0.75059575,-1.3468659,-1.0731987,-0.48871237,-0.22504415,0.14167936,-0.19385935,-0.36863944,-0.808987,0.54280096,-0.85197234,0.52302486,-0.533404,-1.2454432,0.87950754,-1.3344568,-1.280461,0.73044133,-0.12610857,0.952089,-0.47061184,-0.41546124,-0.4380846,0.017289985,0.2998835,-0.6562363,-0.2135577,0.21883428,-0.7120447,-0.1390313,-0.39011854,-0.28410125,-0.20363875,-0.7881988,0.7429634,0.22279346,-0.36869246,0.72928447,-0.5034478,0.1970328,-1.0634959,-0.95671433,-2.0577505,0.3186317,0.52851045,0.5560079,0.033324055,-0.40209743,0.0017103218,-1.3800231,-1.0644827,-1.4004526,-0.09030493,-0.35758322,0.27021176,-2.0632951,-0.79170114,0.20856152,-1.6456513,-2.0493848,-1.375595,0.012984343,-1.8279405,-0.6333772,-0.5195347,0.7936555,-0.9048953,-0.430955,-1.7467724,0.08483986,-0.14311235,0.6343723,-1.3419062,-0.26010293,-1.1737684,-1.2430339,-1.3927352,0.13008304,0.76484066,0.16289252,-0.83523816,-1.4533124,-1.0564095,-0.085697815,0.073439196,-0.26303765,-0.29289925,-1.9521203,-1.0426768,0.026039878,-0.7321792,0.70661616,-0.09086281,0.27647668,-0.97033817,-0.15687975,-0.33476168,-0.6079866,0.42802972,0.6481671,-0.22668612,-0.7148558,0.89526534,-1.4342608,-2.0106432,-0.33698383,0.46059272,-0.51302385,-0.075141,-0.5279118,-0.53575075,0.5640371,-0.8847206,-2.4011908,-1.4597166,0.21068957,0.42396885,0.17041248,-0.38967383,-0.11376138,-0.99173397,-1.6241589,-0.4974159,-1.3220838,-0.4086126,-0.47359407,-0.19341543,0.14856185,-2.3071132,0.025529929,-0.11363255,-0.85843945,-1.0378208,-0.2432209,-0.54713666,-0.6984718,-0.21538605,0.40002593,-1.965048,-1.2587466,-1.2528843,-0.12886225,-0.25599685,-0.05026564,-0.19782376,-1.0729566,-0.27924243,0.13640524,-0.91262174,-1.5751294,-0.9470771,-0.67490804,0.19388033,-0.023020603,-0.21533263,-0.51444095,-0.11473752,-1.9609755,-0.7437675,0.26408148,-0.70139337
1.5069432,0.8429057,0.8534236,0.51680046,1.0245435,0.90197647,0.15084562,0.74742657,0.26799342,0.8308195,-0.36165497,0.81540745,0.81758374,-0.22223817,0.7192926,-0.33844715,0.82295674,1.5989889,0.79572767,0.8879765,-0.49887535,0.33740708,0.97325593,0.5213957,0.017312277,0.52802867,0.59408766,0.2346576,-0.5296539,1.5871786,0.9560817,0.25782657,-0.6882004,0.7303544,0.80069095,0.99306947,0.3758232,1.5909605,1.1913184,0.74428684,1.7918092,1.6762348,0.578859,0.859622,1.3298912,-0.590367,1.9488077,1.1946232,0.12937787,1.4239224,0.58001983,0.8629302,-0.44993138,0.5329092,0.7788746,-0.48314428,0.37847418,0.9316401,0.46512592,-0.700655,0.8285849,0.54062337,0.9253869,1.0366323,-0.060919013,0.9839464,1.1948519,1.2542919,-0.3758877,0.6270743,0.6907735,1.076729,1.0898087,0.25856033,0.9208313,0.5374746,0.2106004,0.9402772,0.5816792,-0.42853194,-0.967707,1.8905132,1.2186166,0.27658355,0.4040851,1.2683054,1.3326169,0.76881415,1.1451501,0.53450483,0.93604094,0.99653053,0.7467712,0.8830167,-0.36156684,1.0159413,1.001457,-0.25081098,-0.053127997,-0.67631155,1.1387259,-0.28060293,1.62652,0.26080602,0.18129292,0.89072526,0.8846955,-0.50651926,0.30171,0.4808697,0.31265944,-0.37625903,0.32245916,-0.33884293,-0.4412743,1.2699354,0.38416034,0.9535773,0.5361128,0.6125463,-0.24984816,1.258181,1.5118661,0.46390808,0.98720336,1.1675729,-0.39420724,0.8840354,1.0443312,1.8383226,0.6234579,0.85673916,0.1468566,1.0258551,1.0948613,-0.70405495,0.9255748,1.0886734,1.4377518,1.8531033,1.4779603,0.20588262,-0.093912356,-0.66109776,1.0703045,0.7354423,2.040216,0.35937816,0.95232296,1.4118651,0.49991375,0.91841424,-0.27630442,0.68097794,1.2773905,0.68954694,0.12268688,0.7452734,0.91695195,1.8310847,0.030728351,-0.9269307,-0.35264093,1.1445698,0.7745705,0.8847515,0.6339626,-0.24573307,0.57725453,0.61952966,1.4232153,0.5391463,1.0197586,1.518517,1.0467458,1.1305681,0.93978983,-0.11497925,0.944453,0.8363366,0.5811557,1.2156416,0.7025456,0.9418896,0.6845999,0.83903015,1.2443026,1.0460316,0.12120449,1.2216281,1.0364895,1.3758323,0.28937128,1.5874382,0.56304985,0.5721227,0.055178832,0.6139801,0.78878224,1.394462
0.7045702,0.761864,-0.7322318,1.084238,1.5851943,0.633342,1.0043764,-0.43426397,1.528016,1.4324611,-0.75474256,1.4503767,1.1537414,0.9655514,0.8474119,-1.547026,0.107760325,0.8559392,0.5139382,-0.14964128,-1.5978391,0.52863824,0.73684126,0.54027754,-1.3507649,1.9592967,1.1022455,0.6293982,-1.6353271,1.092282,0.19132532,0.09161125,-1.0678668,0.78702325,1.0256984,0.35870376,0.9101242,0.71994346,0.9064257,0.53999025,0.47339767,-0.027630702,0.59553933,1.0014408,0.73083144,-0.8955609,0.3683486,-0.19455172,1.7165627,0.9479182,2.040734,1.1613953,-0.5820783,1.5704944,-0.5398306,-0.76963323,0.7111763,1.5488844,1.7798085,-1.0803878,1.3256854,0.6381991,1.1054863,1.3686669,1.1082476,1.0399845,1.2891612,1.3644738,0.07088429,1.4698788,-0.075681396,0.7446881,0.75515354,0.69954324,0.8576777,0.89661586,1.9375391,0.8414593,0.5973134,-1.5305502,-0.15915889,-0.94497824,1.2939198,1.6094664,1.2887092,0.2676303,0.52678084,0.5421947,-0.38807714,-0.23702006,0.22680528,-0.14787263,1.2980512,1.3779212,-1.8492191,0.009868834,0.6277308,-1.5373311,-1.0714737,-1.1579757,1.0996222,-1.732089,0.43347093,0.45555803,1.6147513,0.4155178,0.46530777,-1.7614312,1.8528904,0.49013144,0.99727976,-1.7408329,0.6327184,-1.2664819,-1.5029651,-0.16835149,1.2106892,1.4274272,1.6984624,0.57742286,-1.3480303,0.7923871,1.2032167,1.5011388,0.7944518,1.2369661,-1.1096603,1.448238,1.2389573,0.6601982,1.3787453,0.7240891,0.7362448,0.5233482,0.06219951,-0.35095182,0.7463433,0.9429174,1.2598448,0.694581,0.5249138,1.1855086,-1.086341,-1.7242281,1.461099,1.2264981,-0.42762017,1.8983872,0.401088,0.56939733,1.6510608,0.6040165,-1.7497059,1.3095269,1.1138422,1.3587521,0.07231617,0.6634531,1.1040816,-0.14870863,-1.5144928,-0.90503633,-1.4963989,0.48814115,0.31518242,0.509373,1.4619877,-2.0165818,1.1305517,1.0429144,0.45085123,-0.057701305,0.4261357,0.86596525,1.1739941,0.9903014,1.3113407,-0.797872,1.2994,0.2332724,0.2849831,0.70948464,0.8241656,0.7168033,0.2918687,1.2375783,0.738655,1.374372,-1.8278872,0.80042523,1.1904875,1.5005538,0.4127257,-0.3294377,0.16748887,0.16978796,-1.961388,0.5204259,1.3740957,0.5409945
0.15666819,0.34074467,0.7223792,-0.06581985,0.7181846,-0.28806424,0.43182316,0.5218605,-0.88803047,0.07995385,0.20767261,-0.34484333,0.46051374,0.13910072,0.4877465,0.9804139,0.21976238,0.14996973,0.60683256,0.116453715,0.5786786,0.6506179,-0.057140816,-0.31606466,0.47717562,-0.4152692,0.2998388,0.3432006,1.0113192,0.18052404,0.20486172,0.38994235,0.53487027,0.4130187,-0.4169861,0.64471656,0.7948979,0.48986346,0.3701104,0.5581449,0.25582004,0.8619115,0.011093602,-0.10628019,0.29052126,0.62002367,0.33557594,0.4261512,-0.12808838,0.4165206,-0.774395,0.11238603,0.030475423,0.04895205,0.47929642,-0.21178791,0.24657834,-0.34613383,-0.54494363,0.40166253,0.2105378,0.026946029,-0.39004686,0.6837173,-0.14683843,-0.2777165,0.31922573,0.31042916,-0.49642316,0.4786092,0.91352344,-0.49165627,0.44452873,-0.14474978,0.61234844,0.71137726,0.1991185,-0.42529228,-0.040785875,0.8463012,-0.38180056,0.56431884,0.09095146,-0.21765037,-0.30125356,0.57495934,0.3088338,0.21970952,0.23546198,0.3029113,0.14629576,0.41552967,0.052498892,0.27180976,0.69209224,1.2588615,0.5173525,0.2954246,0.47093526,0.36663452,-0.026983611,0.26026642,0.48458654,0.9077729,-0.38481262,0.80370384,0.16178685,0.31588256,0.09653606,-0.50660145,0.12608361,0.49554485,-0.6043464,0.26019645,0.36861652,0.32534838,-0.4934756,-0.44446486,-0.6062937,0.6869632,-0.017489996,0.67754304,-0.11650455,-0.3504845,0.81396496,-0.5206228,0.3580806,-0.25703898,0.014361301,0.77276033,0.39984086,0.7120775,0.25396413,0.88885933,1.1002175,0.01602108,0.28421316,0.37784234,0.36085403,0.73287237,0.34461096,-0.11327599,0.050903995,1.2295711,-0.19791716,0.27232215,0.6528282,-0.65820056,-0.012979899,0.6793405,0.7428696,1.0068583,0.4876728,0.3888309,-0.33006182,-0.44186664,0.5339646,-0.08635889,-0.24047132,0.45188728,0.42670774,0.47617537,0.4700516,-0.34699103,0.3644299,0.31221923,-0.033937138,0.7273917,0.29468074,0.4139444,0.3402414,0.53243166,1.1841336,0.22134274,0.36933523,0.57842666,-0.46008828,0.29165164,0.81296444,0.32990068,0.8129973,0.17884485,-0.038940392,0.17795415,0.8167526,0.13844469,0.112900846,0.2889431,0.4661188,0.10414911,0.012867961,0.27333692,0.4878137,-0.3827017,0.97938406,0.53071815,0.6138432,-0.16013913,-0.29409543,0.35753098
1.0595138,1.0295444,0.38421965,0.7486482,0.9872813,0.7125867,0.41799277,0.44630077,0.34810418,0.89749855,-0.64721525,0.4503209,1.0070367,0.6150546,0.8850111,0.11435059,0.5895069,0.81409436,0.4674801,0.2261874,-0.39386705,0.6825961,0.82387835,0.7790813,-0.37030634,0.6919077,0.8038466,0.4449491,-0.2517128,1.0721594,0.78168,0.33457953,-0.573269,0.92189366,0.49895364,1.0087221,0.68371516,1.055863,1.1192338,0.5099713,0.8583541,0.98886603,0.62232244,0.76298463,0.41499192,-0.7149424,0.8750178,0.8143012,0.5285818,1.0467011,0.46563798,0.73798245,-0.50167036,0.6898964,0.3673093,-0.77746236,0.75733185,0.60811955,0.58138156,-0.13381927,0.727572,0.8107893,0.34480372,0.98330134,-0.12141241,0.54045117,0.7185482,0.7154665,-0.83045626,0.8806514,0.8038114,0.7186921,0.82597536,0.6082616,0.91395813,0.689304,0.54330486,0.47821996,0.422825,-0.6600014,-0.69872373,0.7255902,0.870343,0.57550746,0.38922334,0.58132726,1.0573049,0.8576899,0.4950056,0.69881,0.36108905,0.62895775,0.6948927,0.6364361,-0.32368138,0.96015126,0.7383531,-0.627587,-0.44255716,-0.6730617,0.5166037,-0.5038085,1.1696543,0.9507886,0.48686925,0.8033105,0.6621333,-0.5377798,0.88056177,0.33041912,0.74805945,-0.30015135,0.500648,-0.13761827,-0.51900107,0.6632383,0.6035614,0.6471389,0.05118731,1.0099506,-0.58748573,1.1887356,0.69666517,0.5222591,0.68951285,0.7129974,-0.45859888,0.56767946,0.67968404,1.0258815,0.61709404,0.95431834,0.6338277,0.8834843,0.58078617,-0.039315514,0.73249173,0.8810845,0.7935173,0.9767875,0.8914224,0.33251995,-0.42359722,-0.01680506,0.65713024,0.575911,0.9321768,0.26315704,0.49060535,0.8171772,0.85017306,0.786583,-0.33885196,0.6670215,0.77500856,0.5889282,0.59604394,0.31928015,0.6802645,0.89543825,-0.21086718,-0.3342184,-0.27108923,0.69141364,0.68777984,0.82839644,0.549976,-0.63365614,0.73962325,0.39529288,0.6621215,0.5078356,0.72064817,0.5212685,0.74170995,1.1191169,0.7757006,-0.55710477,0.7127527,0.5780613,0.8417553,0.486743,0.46975958,0.31364578,0.39716423,0.87769634,1.0780956,0.8010896,-0.01879149,0.72588485,0.7972912,0.95471686,0.56701326,0.12682122,0.6040605,0.66168666,-0.14339685,0.29831904,0.42307255,0.88946027
-0.4258609,-0.72176903,-0.39201576,-0.790603,-0.49443936,-0.76105535,-1.0911851,-1.5983659,-0.56275445,-0.92953444,-0.10375782,0.5979001,-0.92393476,-1.1530155,-0.8679897,-0.4281284,-0.54554886,-0.16576387,-1.2001492,-1.0725292,0.9991175,-1.1319387,-0.8737372,-0.044381358,0.6013267,-0.2209736,-1.1722347,0.036196206,-0.8586418,-0.18895346,-1.1857222,-0.579904,0.7882182,-0.57809913,0.5484312,-1.0673729,-0.9090681,-0.43844476,-1.2490867,-0.56408775,-0.5385475,-0.40177417,-0.43246448,-0.2528142,-0.6688289,0.33470187,-0.65837854,-1.1364805,-1.2739776,-0.18174295,-0.16827166,0.21063901,-0.37625432,-1.2289786,-0.7625393,0.9971188,-1.2751132,0.13917333,-0.7669771,-0.05038794,-0.038123906,-1.1225036,1.3936535,-0.30159143,-0.36181903,0.5709569,0.058780096,-0.042991456,0.6853757,-0.84150314,-1.5879837,0.40444568,0.0433855,-1.7840829,-0.8378411,-1.4427243,0.26310253,-0.32040146,-0.61651057,0.21429946,0.49490166,-0.21893723,-0.52775973,-0.9737471,-0.7652106,-0.8468731,-0.6003634,-0.92804784,-0.3000214,-0.71292245,-0.78552186,-0.7036192,-0.11563295,-0.0055807233,-0.11454515,-1.6208072,-1.6086421,1.3895184,-0.19144489,-0.38807642,-0.6660343,0.8148915,-0.6497521,-1.1768093,-0.6764511,-1.7044828,0.040190212,0.82317317,-1.0485687,-0.5512204,-1.5139815,0.5423645,-0.16878803,-0.03180614,0.8412167,-0.12367002,0.031026449,-0.83203095,0.0044543333,-1.1644087,1.3973222,-0.07122258,0.38380992,0.18761542,-0.35924798,0.3550443,0.39857513,0.6660544,-0.7211074,-0.53708684,-0.8208708,-2.0132747,-1.246339,-0.579368,-0.42601934,0.17262037,-1.5006847,-1.3308533,-1.2068868,-0.5776066,-0.7355603,-1.4848951,1.5001056,-0.7525375,0.5987443,-0.82242244,-0.6972884,-0.03040937,-0.4749552,-0.46557513,-0.6608465,-0.28191176,1.19705,-0.5949171,-0.1704287,0.052792452,-1.5561304,0.551517,0.060137812,-0.4657124,0.69924915,1.1658077,0.7474397,0.4920544,-0.13762657,-0.19627014,-0.9950707,0.52671856,-0.55262667,-0.40448728,0.5800705,-0.8133763,-1.4071599,0.64290845,-0.42071345,-0.08121614,-0.36544323,0.76710594,-0.7530261,-0.5062852,-1.8258834,-0.027815517,-0.1666827,-0.12905748,-0.41261226,-0.8420812,-0.43509957,0.6503431,0.1473493,0.17084096,0.13949016,-0.8350461,-1.9457656,-0.10185763,-1.1913421,-0.77898365,0.7797062,0.06839481,0.7816189,-0.6007643
-0.5515183,-0.38727957,-0.096287556,0.02144099,-0.26048273,-0.11495535,-0.0042682663,-0.65433806,-0.18419948,-0.3059848,-0.35605535,0.79351324,-0.39456862,-0.7425379,-0.31478876,0.30327734,-0.5662545,-0.9300151,-1.0028099,-0.8317948,0.3666797,-0.77580315,-0.5419679,-0.3659036,0.14794199,0.34794596,-0.6430819,0.3977928,-0.17249906,-0.16586109,-0.49827254,-0.35132527,0.6666853,-0.51044893,0.30116212,-0.7217953,-0.62034273,-0.55383307,0.02798206,-0.5902789,-0.7746569,-0.5501012,-0.39175966,-0.12393227,-0.28444225,0.66161186,-1.0432265,-0.67560464,-0.734388,-0.03759662,0.3320488,0.22069989,0.46623224,-1.0480789,-0.6999239,0.86206675,-0.53749585,-0.33453736,-0.67700857,0.86914605,0.34236604,-0.13960293,-0.10771884,-0.4474103,-0.18679786,-0.4219541,0.5672873,0.15962704,0.73646045,0.5244302,-0.99817264,-0.3796502,-0.24295124,-0.2533208,0.018874668,-0.7264257,-0.37139654,-0.15316628,-0.5603423,0.07027788,1.1523108,-0.65455097,-0.7570224,-0.12503646,-1.1574585,-0.5699107,-0.4339579,-0.7162947,-0.5117082,-0.40566078,-0.79598385,-0.84982604,-0.2826261,-0.6069961,0.15118372,-1.0838059,-0.51560473,0.43102744,0.5325948,0.5802322,-0.08467588,0.6389162,-1.0938648,-0.13636073,-0.7789662,-1.2936497,-0.5390877,0.56716526,-0.033293616,-0.609922,-1.1069114,-0.17157373,-0.8681981,0.41497505,0.62406355,-0.49408004,0.041357655,-0.39361757,-0.05400111,-0.2729168,0.6919624,-0.23745342,-0.45245484,0.78151035,-0.5302339,-0.14157672,0.6845763,-0.14917892,-0.48510993,-0.43720132,-0.07561367,-0.9851674,-0.056127243,-0.3011818,-0.043923102,0.36476502,-0.011675444,-0.25998437,-0.7774645,-1.4441648,-0.662698,-0.98223877,0.27041018,-0.10076817,0.47898293,-0.59386486,-0.69286776,0.63041025,-0.76499814,-1.3274482,-0.42045555,-0.34407553,0.30500346,0.07263983,-0.3630005,-0.37893447,-0.69732326,0.51463586,-0.80670077,-1.13061,0.7191799,-0.0797109,0.72451985,-0.6222106,-0.76720667,-0.89393365,0.09374879,-0.0035349727,0.25669932,-0.5656118,-0.56950486,-0.05106321,-1.0540416,-0.034649163,0.08524531,-0.59376043,-0.43813273,0.7502028,-0.26119292,-0.71897846,-1.0393908,-0.25750586,-0.5825846,-0.81292546,-0.38881522,-0.30096352,-0.9194368,0.31992465,0.15133733,-0.48398343,0.46788627,-0.28969154,-0.5816027,-0.6764703,-0.8032294,-0.90998447,0.65696317,-0.41809955,0.18456653,-0.93313795
-0.605624,-0.11301057,0.6749583,-0.7612584,-0.6374391,-0.7937301,-0.95369816,-0.07277197,-2.0639155,-1.2988372,-0.7543107,-0.5209585,-0.72445303,-1.5975097,-0.7718662,-0.19660538,-0.83436245,-0.6423188,-0.8574101,0.21270779,0.86324203,-0.17773822,-1.2321756,-0.73402494,0.972156,-1.3645148,-0.22233504,-0.10053846,0.14580402,0.08151723,-0.39546603,0.16967428,0.736402,-1.479548,0.09138425,-0.014650473,-0.4456649,-0.56713706,-1.0081881,-0.49536338,0.30233523,0.43216097,-0.2720786,-1.1129882,-0.0017079692,-1.2033226,-0.06879708,-0.30999634,-1.3845586,-0.3349098,-1.0009315,0.21215552,-0.36122358,-1.3251965,1.4793624,0.83976036,-0.87857926,-1.3742588,-1.3468955,0.84251165,-0.20754194,-1.0514041,0.2937239,-0.03302762,0.7598109,-0.6085061,-0.3652423,-0.017947705,-0.044684857,-0.70254964,-0.42064804,-1.080132,-0.75022286,-0.35383964,-0.21597317,-0.5045829,-0.8397796,-1.0651214,-0.78674763,1.3070555,0.2955337,0.85333705,-1.1370851,-1.780168,-1.5622298,-0.15171586,-0.26017255,0.29283485,-0.38373536,-0.12627345,-0.2782135,-0.13771124,-1.1955631,-1.2492512,0.48726428,-0.49879676,-0.6880478,1.1913273,0.44931594,-0.03168976,-1.2253395,0.48687333,-0.35986045,-0.7395588,-2.228304,-0.55809677,-0.62920713,1.1514497,-1.5989302,-0.9302596,-1.1103741,0.50229084,-1.5418558,0.6170827,1.3875912,0.16218002,-1.5722853,-1.0287219,-1.1583525,0.30250815,1.3163209,0.76298106,-0.7398056,-0.7583395,-0.3769075,-0.81188446,0.56764096,-1.2017238,-1.1998543,-0.17510863,-0.9648366,-0.8829368,-0.30298722,-0.18911834,0.9020981,-0.5427651,-0.31936893,-0.8692955,-0.9612679,-0.23338091,-0.02530159,-1.8635873,0.93495923,-0.07541058,-0.46122375,-0.2178503,0.12993997,-0.9726159,-0.7069406,-0.8149555,-0.33959925,-0.14064668,1.0104754,-0.20006907,-0.85817,-1.8416973,-1.0742698,0.5502993,-1.464183,-0.3087488,1.4482692,-0.24303225,0.8312918,-0.9386289,-0.53527653,-1.35552,-1.1109608,0.55794024,-0.01588656,-0.9170885,-0.7676635,0.46240073,0.5174281,0.8686621,-0.05035017,-0.9487698,-1.5405053,0.69557077,0.030000266,-0.65869033,-0.5195375,0.5027424,-0.5841668,-0.13277693,0.09013239,-0.5551026,-0.89722025,-0.008075215,0.19948232,-0.5603055,-0.33225802,-0.23526433,0.07736444,-0.13546023,-0.3898799,-1.2012005,1.3595346,-0.2107672,-0.9669392,-1.0410181
-0.6506551,-1.1256684,-0.65954477,-1.6787312,-0.7229919,-1.0000424,-1.1250573,-1.2732043,-1.1740829,-0.8501906,0.9989902,-0.15957576,-0.341063,-0.9146615,-1.2668377,0.10167013,-0.7921134,-0.0019865688,-0.32871962,0.002022421,0.9667158,-0.4604758,-0.9680949,-0.6845425,1.4979385,-1.4693081,-0.37693995,0.78577334,1.038012,-1.0012612,-1.0116551,0.5716683,1.1607845,-1.0157216,-0.281091,-0.31241807,-0.3855501,-0.08204126,-1.5825827,0.14635704,-0.050537948,0.1464299,-0.82245845,-1.3874369,-0.69411784,0.92207366,-0.40993154,-0.4106194,-1.2559861,-1.2888483,-1.8947501,-1.3990438,0.8918533,-0.91191703,-0.23308232,0.46967447,0.100369364,-0.65903074,-1.1395495,0.9413113,-0.8925195,-0.9637506,-0.011887353,-0.61462164,0.37707865,-0.10419156,-1.031627,-0.9432964,0.6983957,-1.5094888,-0.65298885,-0.66921204,-0.41956854,-0.9872365,-0.9375529,-1.1883141,-0.14415622,-0.87376475,-0.40933713,0.6668588,0.5984145,-0.26606488,-0.8842101,-1.4144398,-0.53076655,-0.5972454,-0.41055265,-0.25455016,-0.4255292,-1.7167623,-0.34491622,-0.77450156,-0.9843551,-0.077181265,1.3115929,-0.32951507,-1.1066458,1.5007526,0.58184856,0.45866385,-0.573073,0.83113396,-0.6413576,-1.0277922,-1.1722307,-0.62510014,-0.18298,1.2990593,-1.7267888,-0.8429025,-1.1945796,1.944496,-0.3117578,0.22760122,1.2249697,0.13047646,-0.7265434,-1.3984596,-0.7535436,-1.708619,1.6163187,-0.53870785,-0.2656567,-1.1871895,-0.34832805,-0.4788587,1.5450311,-0.09393102,-1.3293391,-0.50608885,-1.5409489,-1.2243503,-0.77522635,-1.0020337,-1.0463986,0.39811388,-1.5577759,-1.6376685,-1.0078707,-0.6655434,-0.2761228,-1.0997984,1.9071789,0.78547037,-1.003274,-0.6701437,-0.39959165,-1.0840912,-0.29997742,-0.11659819,-0.6973815,0.109322265,1.4922104,-0.3188443,-1.3277258,-0.87376565,-0.75384676,-0.32897636,-0.7026737,-0.6355452,0.935824,0.7767073,1.1696496,0.12313008,-0.6464494,-0.15242404,-1.9752996,0.75036347,-0.7501105,-0.037964903,-0.1177612,-0.8259585,-0.92396635,-0.043965697,-1.0278015,-0.40278238,-1.1440088,1.3245507,-0.64188176,-0.19570774,-1.3896222,-0.09165187,-0.8423276,0.47848165,0.08865908,-1.47551,-0.4584297,-0.5843077,1.7790984,-0.28459275,-1.0523213,-1.3141791,-1.350868,0.054186013,-0.6795774,-0.37740156,1.0415748,0.082796514,-0.41847724,-0.6594247
-0.21711707,-0.25022528,-0.11881331,-0.037024975,-0.3675021,-0.19021046,-0.5257864,-0.8683147,-0.35503605,-0.46377993,-0.31858793,0.47421765,-0.49839967,-0.6911762,-0.50358963,0.20515063,-0.3121865,-0.44787362,-1.0372467,-0.43675086,0.1747345,-0.6766974,-0.5538655,-0.0005527567,0.18766737,-0.010871796,-0.5390895,0.087107554,-0.58539814,-0.26943454,-0.32568565,-0.517437,0.2289744,-0.3797365,0.2646302,-0.5978967,-0.8228222,-0.62105286,-0.4448844,-0.44188058,-0.848755,-0.29869157,-0.30052933,-0.0729429,-0.02192471,0.51101243,-0.7447558,-0.50619924,-0.8861545,0.029639274,-0.027891822,0.21473895,-0.097325094,-0.6642385,-0.43349656,0.6882873,-0.7609533,-0.037365038,-0.5217352,0.3453529,-0.08497441,-0.5614803,0.4282378,-0.4494113,-0.60591686,0.02790568,0.11972711,-0.24237965,0.2688889,-0.095869765,-0.99031395,-0.0070938636,-0.15884838,-0.58501,-0.2012948,-0.82227457,-0.33249044,-0.15372124,-0.46680126,-0.13455586,0.5161573,0.014721513,-0.45110726,-0.39659506,-0.7396554,-0.5455,-0.53365904,-0.67345446,-0.22059724,-0.048162702,-0.7366931,-0.24309888,-0.17380175,-0.28845757,-0.07233797,-1.2877101,-0.7263934,0.48416156,-0.06854027,0.061264392,-0.4947865,0.50160676,-0.6486068,-0.44017282,-0.57838786,-1.0129031,-0.14187153,0.38304293,-0.3939122,-0.17979398,-0.7565317,-0.12417942,-0.436315,0.32284486,0.34323213,-0.41321063,0.15873912,-0.22062176,-0.29858157,-0.4823393,0.5455807,-0.3141577,-0.1540088,0.3036671,-0.36198297,-0.035809245,0.20173828,-0.24859785,-0.5052544,-0.6112415,-0.4094744,-1.0203657,-0.6319525,-0.4653572,-0.16222158,-0.09141747,-0.31485516,-0.5725851,-0.6520177,-0.7673975,-0.72445863,-0.71880764,0.4939687,-0.47304174,0.3374159,-0.47831792,-0.35740528,0.2595152,-0.4652009,-0.5526378,-0.6666851,-0.58301306,0.21650586,-0.026873939,-0.13951403,-0.0987454,-0.64950424,0.3339487,-0.4483076,-0.49428052,0.45698503,-0.099442735,0.27793938,-0.060219567,-0.30274382,-0.45130393,-0.45338756,0.12956454,0.03564072,-0.41498306,-0.03135924,-0.4271736,-1.0349137,0.21150546,-0.21973693,-0.4395083,-0.29314342,0.4527313,-0.5002388,-0.4997408,-0.9343297,-0.3834509,-0.51269376,-0.62110746,-0.6839989,-0.43646702,-0.6158688,-0.0030822232,0.26731154,-0.2709295,-0.10913085,-0.36631176,-0.8117566,-0.17748669,-0.86015856,-0.63272095,0.40272072,-0.074957594,0.08599183,-0.48756808
0.554772,0.22142918,0.36949566,0.2755853,0.23606814,-0.2825394,0.25566706,-0.34934926,0.13385154,-0.008258898,0.51269436,0.04884956,0.013097567,-0.24377449,-0.19885859,0.34081975,0.348137,0.37725157,0.04846789,-0.2175957,0.46280065,0.3056145,0.3137035,0.15344353,0.23263213,-0.05123157,-0.18579072,-0.38432246,0.54022187,-0.44143996,-0.5384384,0.29224253,0.7209727,0.55252045,-0.48273367,-0.21206601,-0.10118702,-0.16464919,-0.33719566,0.17885444,-0.08245899,0.070882045,-0.25928476,0.09051603,-0.13237153,0.6595008,0.12114619,-0.3305044,0.0070491694,-0.008768152,-0.13218412,-0.32857257,0.2744776,0.070532426,-0.5754807,0.07397421,0.09102008,0.2666739,-0.30773377,0.34662467,0.12569278,-0.5532211,-0.33383724,-0.025517898,0.3540251,0.5044733,-0.11331438,-0.1293589,0.28824702,-0.05004764,0.11023757,0.44154269,0.11141419,0.41581666,-0.14928651,-0.3424515,0.22433308,-0.053320933,0.17006153,0.19657919,0.5025283,-0.44289073,0.5326632,-0.12608303,0.3757419,-0.048967034,-0.19160914,-0.10430676,-0.048793733,-0.061452348,-0.3200264,-0.32940015,0.106272444,0.20015381,0.56354016,0.72987753,-0.16003075,0.3753328,0.45760664,0.3599177,0.03014855,0.4209931,-0.12209186,-0.08764691,-0.049482923,-0.16892165,0.28099763,0.3329801,0.025085164,-0.58372766,-0.44311947,0.416723,-0.06251025,0.39884776,0.15540588,-0.14593965,0.08888681,-0.102760285,-0.46018705,-0.5865283,0.34698492,-0.6353507,0.10520005,-0.34469697,-0.21615641,0.5746663,0.6554235,0.48265272,0.12790178,0.028189842,0.2773567,0.35816625,0.47178316,0.10897831,-0.15961674,0.48195085,0.14115873,-0.28346685,0.10743935,0.3549695,-0.620242,-0.17551796,0.39531302,0.6837713,0.18055503,-0.2446546,0.065705046,-0.19428065,-0.2821548,0.33742237,0.18461321,0.0900198,0.2082816,-0.13341045,0.24314578,0.3379911,-0.104496494,-0.46527585,0.41493747,-0.0059983414,0.2845437,0.5251158,0.1732146,0.49566838,0.48663706,0.5607266,-0.3258696,0.4596876,0.0022077449,0.31925046,0.47784668,-0.59365946,-0.11003291,0.19020942,-0.255972,0.31469542,0.13095686,0.69989204,0.19347936,-0.1305938,-0.15964976,0.36621287,-0.42430025,-0.07549169,-0.00015515089,0.5439342,0.16377918,0.041178964,0.5229681,0.4315792,0.22319752,0.09498675,0.08765229,-0.27885056,0.011885248,0.342721,0.2849233,-0.61139715,0.09448306,0.40056258
0.13174015,0.25843337,0.89338106,0.28967708,0.17123128,0.07103579,0.22042829,0.32391438,0.11756344,-0.06040296,0.5665951,-0.14892565,-0.20920858,-0.030735759,0.49385312,0.24687628,0.40038076,0.0024192203,0.48497072,-0.32214552,0.70410997,-0.22203222,0.13322508,0.2933293,0.29599473,0.16110538,-0.48167545,0.09950252,0.65666264,-0.04118469,-0.051434647,-0.12778327,0.5261367,0.5953639,-0.1249087,-0.3537423,0.67086565,0.31490433,0.50815696,0.6330253,0.0021200292,0.06306215,0.24189909,0.4454089,-0.22667928,0.110273436,-0.5019782,0.33325294,-0.039749656,0.46507764,0.10788975,0.14783973,0.28071576,-0.059487626,-0.094010025,0.3992703,-0.3262906,0.10382399,-0.48554343,0.22280227,0.108182974,0.6654308,-0.7093654,0.010238873,-0.11171961,0.099940196,0.12167963,0.50191605,0.20332058,0.7649759,0.3238727,0.26178834,0.71183074,0.10812597,-0.10501894,0.18124485,-0.099247985,0.3207582,-0.21760482,0.43387514,0.89559156,-0.12626305,0.033476543,-0.14156003,-0.059905633,-0.27599987,-0.21641144,-0.30895194,0.48576123,0.71668565,-0.005561158,-0.28136903,0.46221858,-0.2003312,0.6566394,0.5678064,-0.39975727,0.35541815,0.78535867,0.74279815,-0.06330546,0.395536,0.10567456,0.4153712,-0.4601771,-0.029150436,0.63982016,0.48410457,0.53453237,-0.17047127,-0.33235544,0.38352692,-0.0792156,0.1954154,0.4898932,0.6360457,0.0570184,-0.3387827,-0.6148268,0.44553334,0.34295112,0.18419878,-0.37815973,0.014802235,-0.3928288,0.18866517,0.67338824,0.55480134,0.5278318,0.2978011,0.23362242,0.34793317,0.58701783,0.49841642,0.2387462,0.23651452,0.05461927,-0.26679376,0.09113329,-0.0019093156,-0.27524838,-0.21756527,0.16694005,0.7737258,0.42447072,-0.5389671,0.13316327,-0.30667785,-0.04045946,0.11960718,0.41821092,0.66545534,0.2736563,0.20043012,-0.21535563,0.41893068,-0.17448683,0.14331518,0.25532576,0.28268275,0.30777302,0.49101144,0.5739461,0.10026358,0.5406323,0.57013583,0.19528084,0.52534455,0.02995646,0.054402478,0.6727591,0.33910245,0.19642012,-0.29795176,0.310606,0.023382664,0.38062462,0.81860155,0.42582154,0.48690128,0.1830143,0.09886059,0.16195506,0.01902084,0.47796,0.6525895,-0.22771803,0.3696828,0.032987595,0.69290036,0.6072771,0.06656574,0.43392506,-0.5417414,0.25776052,0.10142573,0.44565764,-0.12069766,-0.12247059,0.3899935
0.7444427,2.0262582,0.33509547,1.2602763,0.4338359,1.2168772,0.13528527,0.057586245,0.053918853,0.6369337,-0.9076779,0.679206,0.51579183,1.1005257,1.112418,0.61385053,0.36569256,0.016217152,-0.16006547,1.039858,-0.9143387,0.5735885,0.38957572,1.233528,-0.16543959,0.8081908,1.1352087,0.3932371,-0.6567386,0.7289707,1.4282705,0.08600691,-0.54125595,0.48883477,1.3488716,0.7238919,0.5173025,-0.007953264,0.99900067,-0.294272,-0.5960398,-0.7951763,0.9320625,0.88742524,1.1512526,0.35895577,-0.37029666,0.5441216,-0.09226738,0.91100085,0.4248869,1.8030539,-0.5864971,0.05405362,0.69635034,0.29477564,1.1775048,0.7776087,1.0078729,1.1749024,0.9968857,1.0175198,1.6797578,0.869516,-0.47633672,0.57517314,0.8373566,0.65603304,-0.60423255,0.682405,0.37960547,0.034936458,0.12422446,0.9272872,1.6188917,1.3022182,1.1938877,0.72700346,0.021314837,0.31158215,-0.7717281,0.6008096,0.6627381,0.41598716,-0.22264315,0.5656057,0.16598207,0.74524015,1.0358632,-0.016338814,-0.92016596,0.98751235,0.3894943,0.22635366,-0.51579416,-0.9283437,1.2004682,0.20834802,-0.50775397,-0.35173416,-0.33262414,-0.19680421,0.8787434,1.1892194,0.53017175,0.68642926,-0.24175587,-0.30996674,0.6379728,0.9276898,1.1385746,-0.098486945,0.2622472,0.09096736,-0.45643705,-0.21225514,-0.07563241,0.9037591,0.3152918,0.70485985,-0.31203827,0.91865605,0.3845342,1.560851,0.804235,-0.18839113,-1.0694301,-0.19873923,0.5560582,0.26735473,0.33505762,0.0771587,0.52805763,-0.86256546,0.8115318,-1.7007978,0.8992581,0.4998688,0.55336255,-0.15184152,0.5932735,0.64188594,-0.17443845,-0.36681333,0.99359536,0.2658911,-0.2883168,1.0732393,0.07339327,0.78702104,0.42963156,0.9586044,-0.53988814,1.1634424,0.24894163,0.022287449,0.4373813,1.0280545,-0.2985202,-0.68693817,0.16994897,-1.0189581,-0.5829582,0.3493956,0.34046152,0.41674557,0.7365553,-0.7852813,0.8661191,-0.19606903,0.16568115,0.20257233,0.18530865,0.87856233,1.0800151,1.0229824,0.239694,-1.2546918,0.9586649,0.12952024,0.85521704,-0.20599754,0.88554263,0.8346779,0.28002924,0.53623635,0.9853865,1.2507722,-0.55099916,-0.8503477,-0.019976566,0.3956801,1.1210233,0.12007478,0.9419822,1.0314664,-0.10686679,1.2560481,0.8747013,-0.37125364
