0.0,0.59482425,0.0,0.98697054,0.8183487,0.0,2.9659903,0.0,0.0,0.0,1.9223355,0.0,0.0,1.2757006,0.0,0.0,3.489665,0.63552725,0.0,0.0,0.072218925,1.3001379,0.621495,0.0,0.0,4.348359,0.0,0.0,0.0,0.0,0.0,3.4102027,0.0,2.2169278,0.0,0.17181906,0.0,0.0,0.0,0.0,2.3244903,1.354605,0.0,2.1379976,1.2518052,0.0,1.052705,0.0,2.4744375,0.0,0.0,0.0,0.0,0.0,0.0,4.2630463,0.0,2.0926793,1.7636241,2.5477045,0.016469529,0.0,1.1831303,0.0
0.0,0.0,0.0,0.0023276112,1.2260492,0.36999503,2.085058,0.0,1.2632012,0.0,0.0,0.0,2.1745973,4.63304,0.0,0.0,0.0,0.0,0.0,0.33172825,1.4517487,0.0,1.2787971,2.7240756,0.71268237,1.1697003,0.0,0.0,0.75590307,0.0,3.041962,3.0211852,0.23918138,0.0,0.0,0.0,0.57901716,0.0,0.0,2.4514282,0.64747286,0.7403349,0.0,1.0797186,0.0,0.0,0.0,0.11114446,0.0,0.022065066,0.0,0.8762629,0.0,0.0,0.0,2.139752,5.5425396,0.0,0.3238275,0.13186903,0.021370098,0.0,0.0,0.0
0.0,0.0,0.0,0.81322134,0.0,0.0,6.275806,0.0,0.533234,0.26026195,0.5047337,0.0,0.0,0.0,0.0,0.0,0.13530178,1.9929377,0.0,0.0,0.0,0.0,0.0,0.0,0.0,0.0,0.28312388,0.0,1.9400423,0.0,0.0,0.0,4.147485,2.8849862,0.0,0.0,0.0,0.0,0.0,0.0,1.1481708,0.0,0.0,0.068024844,0.3806008,0.0,0.50396633,4.909659,0.0,1.1640414,0.0,0.0,0.0,0.0,0.0,0.0,0.0,3.013031,1.525181,0.0,0.18275169,2.0520968,3.4021964,0.0
0.0,0.0,0.0,0.0,3.751228,0.14835295,0.73866093,0.0,0.15479666,0.0,1.2696595,0.0,0.0,4.813829,0.0,0.0,1.5170326,1.3487809,0.0,1.6485196,2.7336972,0.0,0.9473979,0.4541362,0.026776487,0.0,0.0,0.0,0.0,0.0,4.575236,0.0,0.0,0.0,0.0,0.0,0.017213583,0.25276756,0.0,0.0,1.6091439,1.8062496,0.0,0.5447735,0.0,0.0,0.0,0.0,0.0,3.537014,0.0,1.6912353,0.0,0.0,0.0,0.6602329,0.7140342,0.0,0.9141554,2.0033247,0.1362857,1.4833361,0.0,1.3871181
0.0,0.0,0.0,0.23056325,0.0,0.0,3.5548425,0.0,0.0,1.1551024,1.4966179,0.0,0.0,0.0,0.0,0.0,1.424504,1.0488439,0.0,0.28605992,0.0,0.0,0.5473002,0.0,0.0,2.3983479,2.584659,0.0,0.09903743,0.0,0.39870128,1.3528585,1.0258498,0.52453315,0.0,0.0,1.9240949,0.0,0.013120724,0.0,0.0,0.0,0.0,0.0,0.0,0.0,0.0,1.1519482,0.0,0.0,0.0,0.0,0.08121813,0.0,0.0,0.09127699,1.0686622,0.4034462,0.8212621,0.0,0.7591891,0.0,2.9028044,0.0
0.0,2.3369992,0.3466777,0.0,3.838336,0.0,0.0,0.63925,0.0,0.0,0.0,0.0,0.0,0.0,0.0,0.0,4.8746533,0.83924603,0.0,0.230175,0.0,0.38810587,1.266982,0.0,0.0,1.7752843,0.0,0.0,0.0,0.0,0.0,2.2500145,0.0,0.0,0.0,0.0,0.0,3.8817356,1.2225236,0.0,0.0,2.1007395,0.0,1.6995783,0.08531362,0.0,1.5727172,2.0979023,0.0,0.039639834,0.0,2.7605135,0.39977762,0.0,0.0,2.7962677,0.38165465,0.0,0.76979476,0.02757801,0.0,0.0,2.8103547,1.8178107
0.0,0.0,0.0,0.0,2.7271087,3.0371182,0.0,0.0,0.0,0.0,0.07891892,0.0,0.0,3.9670672,0.0,0.0,2.275929,1.3095942,0.0,0.3948173,0.264068,0.0,0.0,0.12878104,0.0,0.54297423,0.0,0.0,0.0,0.0,1.8648041,2.8604581,2.6562116,0.0,0.0,0.82463783,2.5927403,0.0,0.0,1.2973512,0.0,0.0,0.0,2.9964595,0.0,0.0,0.0,0.6651314,0.0,1.2533871,0.0,1.0925368,0.3231841,0.0,0.0,1.0733432,3.5495012,0.48270276,0.0,1.94074,0.0,1.5284421,0.0,4.4057155
0.0,2.7095141,1.0528183,0.0,0.61074615,0.0,0.0,2.6130698,0.0,0.0,0.0,0.0,4.330492,1.9262232,0.0,0.0,0.0,0.0,0.0,2.2987838,0.53788984,2.1030254,1.2575631,3.295894,3.110616,0.3125516,0.0,0.0,0.69729507,0.0,1.3847725,0.038771987,1.6968178,0.0,0.0,0.0,0.0,0.0,0.0,0.0,0.0,0.0,0.0,0.0,0.0,0.0,0.0,1.744424,0.0,0.26656365,4.1711125,0.41203094,0.0,0.0,0.0,0.0,1.337238,0.0,1.18884,1.6629853,2.829322,0.0,0.0,0.0
0.0,2.7073529,2.4200273,0.0,0.17204683,0.20973854,1.0665201,0.0,0.0,1.5650512,0.1649212,0.0,0.0,0.0,0.0,0.0,0.992197,0.0,0.0,0.0,0.0,1.0681131,1.3807319,1.4900348,0.0,2.6344264,0.0,0.0,0.0,0.0,1.1684703,2.615261,0.0,0.0,0.0,0.0,1.8022093,0.0,0.0,2.6253016,0.0,0.7371415,0.0,1.7869376,1.2351687,0.0,0.0,1.9109764,0.0,0.0,0.0,0.0,0.97585577,0.0,0.0,1.8071585,0.8739124,0.0,0.75411123,0.94012743,0.0,0.0,0.5299006,0.0
0.0,0.61253875,2.92748,0.0,4.490694,1.4048352,0.0,0.0,1.3467536,0.0,0.0,0.0,1.2341944,3.5708878,0.0,0.0,0.0,1.2772459,0.0,0.0,1.5671374,0.0,0.0,0.0,0.0,0.2928464,0.0,0.0,0.0,0.0,0.67747635,3.2223067,0.33457914,0.0,0.0,2.217526,0.19196752,1.1295186,0.0,3.8236444,2.5283976,1.00563,0.0,1.9717357,0.2568766,0.0,0.0,1.329668,0.0,0.83086354,0.12630269,0.06328526,2.6164584,0.0,0.0,1.3254343,2.9914105,0.110400036,0.39774963,1.2350026,0.0,0.9569444,0.0,1.2575749
0.0,0.0,0.0,1.7049171,0.0,0.0,3.8392425,0.0,0.0,0.22345345,0.024784591,0.046981644,0.0,2.3995235,0.0,0.0,1.7070192,0.0,0.0052860808,0.0,0.09944013,0.0,0.0,1.8150442,0.0,1.9674624,0.17461213,0.0,1.0202146,0.0,2.7949407,1.020521,3.7370863,0.0,0.0,0.18750434,3.2534795,0.0,0.0,0.8661534,0.0,0.0,0.0,1.3389843,0.0,0.0,0.0,0.0,0.0,0.6405677,0.0,1.09256,0.0,0.79304594,0.0,0.13003011,4.453868,0.0,2.1336515,0.0,0.0,0.0,0.98179406,0.0
0.0,0.0,0.46054354,0.0,1.9483563,1.5797073,0.8205255,0.0,0.122714125,0.058402587,0.43864685,1.1855445,0.0,0.0,0.0,0.0,1.936342,2.5456216,0.0,1.1069803,1.2119545,0.0,0.0,0.0,0.0,1.0936856,0.4474303,0.0,0.0,0.0,0.0,1.119102,0.0,0.3264292,0.0,0.61461604,0.08936657,1.1694292,0.0,0.0,2.409663,0.65615284,0.0,1.2020372,0.5836854,0.0,0.0,0.8153893,0.0,0.89455175,0.0,0.0,0.0,0.20879033,0.0,0.02438062,0.0,0.0,1.0789626,0.83456147,0.0,2.0260916,0.97369975,2.4562905
0.0,0.0,0.8449707,0.0,3.08538,1.3943121,0.0,0.0,0.0,0.0,0.8877332,0.0,0.3433186,8.600616,0.0,0.0,1.3953985,2.4857357,0.0,0.0,0.0,0.0,2.7301552,0.1270906,0.0,0.0,0.0,0.0,0.0,0.0,0.43403748,3.7205176,0.44971797,0.0,0.0,0.0,1.7050607,2.2707372,0.17011805,0.0,1.6586455,2.364207,0.0,5.191663,0.0,0.0,1.9344176,0.38832328,0.0,1.757168,0.0,1.7870467,0.15389979,0.0,0.0,3.0775487,0.2511551,0.2093499,0.0,1.0639532,0.0,1.1830838,0.0,2.964741
0.0,0.0,0.0,0.0,6.7138553,2.075223,3.112133,0.0,1.0171791,0.0,0.0,0.0,0.0,8.461221,0.0,0.0,2.4560165,0.52462655,0.0,2.5562444,0.26928192,0.0,0.0,0.0,0.0,0.0,0.0,0.0,0.0,0.0,0.4415458,0.0,0.0,0.0,0.0,0.0,0.0,0.0,0.0,0.44403946,1.9609252,1.9988985,0.0,2.3805633,0.0,0.0,0.0,0.0,0.0,2.8601847,0.0,0.1977903,0.0,0.0,0.0,0.0,0.2782015,1.5328434,1.0959187,0.4845634,0.0,2.6096532,1.5375787,2.0938222
0.0,1.0042907,0.0,0.0,0.0,0.0,0.0,2.8063543,0.0,0.10454866,0.4257876,0.0,4.5023203,2.121301,0.89245343,0.0,0.0,0.0,0.0,2.84703,0.0,1.0236567,2.129866,1.0490094,0.6714547,0.22323385,0.0,0.0,3.008147,0.0,0.47613287,1.6838943,1.0425562,1.4479213,0.0,0.0,0.0,0.0,0.0,0.0,0.0,0.0,0.0,0.0,0.0,0.0,0.55448717,1.7650719,0.0,0.50403494,4.143058,1.8664103,0.0,0.0,0.0,0.0,0.073164575,0.0,4.6878567,0.9668204,4.397939,0.0,0.0,0.0
0.0,2.0062299,0.38352126,0.0,2.5802796,0.0,0.0,1.4074788,0.0,0.31722227,0.0,0.0,2.04585,0.4382207,0.0,0.0,0.0,0.07749863,0.0,0.0,2.1885564,0.6020496,0.0,2.6326,0.7407229,1.0859454,0.0,0.0,1.3483834,0.0,1.5284057,0.0,2.8879068,0.0,0.0,1.160548,0.45257077,0.0,0.0,2.7005227,0.07827775,0.0,0.7105419,1.6043397,1.8322439,0.0,0.0,1.8147467,0.0,0.0,4.2653227,0.0,0.0,0.0,0.0,0.0,1.2626272,0.3268589,0.25215834,0.06712188,0.0,0.65157205,0.0,0.0
0.0,0.0,0.0,0.0,1.8873018,0.0,1.5640727,2.0547466,0.0,0.50988096,0.0,0.0,2.0886078,1.5414273,0.0,0.0,0.0,0.8522662,0.0,0.0,0.0,0.0,0.6983277,1.3499924,0.51251173,0.0,0.0,0.0,2.528612,0.0,0.0,0.0,3.4376304,1.3177288,0.0,0.0,0.0,0.0,0.0,0.0,0.0,0.0,1.0735092,3.2173142,0.5375646,0.0,0.0,4.9519734,0.0,0.0,3.8764377,0.0,0.0,0.0,0.0,0.0,0.0,1.7579683,2.2999341,0.0,1.9046674,0.9559152,0.00760694,0.0
0.0,0.0,0.0,1.471877,0.0,0.0,1.0434545,5.154192,0.0,0.44605172,1.1778182,0.0,0.0,0.20985734,0.5136137,0.0,0.0,0.3347988,0.0,0.2636927,0.0,1.8753736,1.3177073,0.97267836,0.0,0.8226217,0.0,0.0,2.9713538,0.0,0.0,0.0,0.0,1.8486166,0.0,0.0,0.0,0.0,0.0,0.0,0.0,0.0,0.0,2.2384095,3.3794508,0.0,3.618172,1.5102829,0.23403749,0.29178777,1.8860486,0.0,0.0,0.0,0.0,0.0,0.0,2.92096,3.4334476,0.0,1.1641908,2.498736,1.5072197,0.0
0.0,0.0,0.0,0.0,3.9147203,1.6772852,0.11074971,0.0,0.57796925,0.0,3.738687,0.0,0.0,3.8980153,0.0,0.0,0.795722,2.6469345,0.0,0.9113618,1.3962007,0.0,0.0,0.0,0.0,1.83897,0.0,0.0,0.0,0.0,1.2555866,2.2119632,0.0,0.0,0.0,1.9619505,1.3340908,1.6243696,0.27940017,0.0,3.6481102,2.4201143,0.0,2.1252303,0.0,0.0,0.0,0.0,0.20453945,0.0,0.0,0.119031765,0.5327404,1.401735,0.0,1.6070383,0.0,0.7893527,0.74928284,0.14182733,0.0,1.6502542,0.55054486,3.9509778
0.0,0.0,0.0,0.0,3.1547976,0.6491975,0.73318046,0.12135993,0.0,1.7936058,0.0,0.0,0.0,2.2303429,0.0,0.0,3.9359195,0.21125546,0.0,0.0,0.0,0.0,0.018091286,0.0,0.0,2.6022394,0.0,0.20005232,0.0,0.0,0.03974542,2.3201263,1.797517,0.0,0.0,1.2829686,3.315951,0.0,0.0,0.0,0.0,1.2459282,0.0,3.371013,0.0,0.0,0.0,0.0,0.0,0.16269104,0.0,0.0,0.0,0.0,0.0,0.88111776,2.9771655,1.5756439,0.0,4.121766,0.0,1.8586141,0.17481495,2.3294907
0.0,0.0,0.0,2.0688345,0.7106519,0.0,3.9049163,0.8330592,0.0,0.0,0.0,0.085956335,0.0,0.0,2.7206087,0.0,2.988468,1.3734293,2.5705886,1.2677358,2.6748905,0.0,0.0,0.054676227,0.0,4.1688743,2.3675537,0.0,2.225517,0.0,0.0,0.19867353,0.0,0.3451555,0.0,0.0,3.7043347,0.0,0.0,0.0,0.6002109,0.0,0.0,2.8645504,0.0,0.0,0.0,0.0,1.0992423,0.0,0.83065474,1.0785824,0.0,3.785587,0.0,0.0,0.9998032,0.7374274,1.4482527,0.0,0.0,0.0,5.126974,0.0
0.0,0.0,0.0,0.0,6.52296,2.0373597,0.9228467,0.0,1.9244217,0.0,2.3628092,0.0,0.3284072,6.0899606,0.0,0.0,1.6614258,1.7495991,0.0,2.3199923,0.99494994,0.0,0.0,0.0,0.0,0.8272551,0.0,0.0,0.0,0.0,1.1368828,3.343059,1.257323,0.0,0.0,3.3124368,0.0,0.8304074,0.0,0.0,3.440613,3.1422203,0.0,2.698498,0.0,0.0,0.0,0.8430058,0.0,1.6348826,0.0,0.21574631,0.0,0.0,0.0,0.20921543,0.0,0.0,0.0,2.2178504,0.0,3.2776606,0.0,5.430369
0.0,0.0,0.0,0.0,4.621319,2.2522585,5.0114317,0.0,1.3053379,0.0,0.0,0.0,0.0,6.4038415,0.0,0.0,3.3851554,0.0,0.0,0.85097337,2.2546742,0.0,0.0,0.12125644,0.0,0.0,0.0,0.0,0.0,0.0,1.1693811,2.0545957,1.2668989,0.0,0.0,3.683761,1.2040302,0.0,0.0,0.0,0.70683783,1.448673,0.0,0.0,0.0,0.0,0.0,0.0,0.0,2.2348404,0.0,0.7866775,0.5337606,0.0,0.0,0.0,6.637647,1.6227285,1.2908256,2.0858262,0.0,2.9762316,1.2956176,2.9100115
0.0,1.1223128,0.7753994,0.31064972,0.25361326,0.0,0.0,4.1531568,0.0,0.0,0.7293967,0.0,2.6206527,0.51483405,0.0,0.0,0.0,0.37207973,0.0,0.0,0.0,4.3224792,6.0156484,1.6649803,0.0,2.4311821,0.0,0.0,5.0186033,0.0,0.0,0.0023075407,0.0,1.7041451,0.0,0.0,0.0,0.0,0.0,0.0,0.0,0.0,0.0,0.68344676,2.5807188,0.0,2.0152311,0.0,0.0,0.0,4.0799847,0.30277845,0.0,0.0,0.0,0.0,0.0,1.0824034,4.065001,0.69253093,4.1352663,0.0,1.4617087,0.0
0.0,0.7526178,0.0,0.0,4.961329,4.200594,0.68295854,0.0,0.08873689,2.3979754,0.0,0.0,0.0,4.286109,0.0,0.0,0.2335039,1.7339643,0.0,0.0,4.202704,0.0,0.0,0.0,0.0,2.930924,0.0,0.0,0.0,0.0,5.8424034,2.2643068,2.0268173,0.0,0.0,5.6029625,4.9954777,0.0,0.0,4.8477774,0.7533095,0.21067531,0.0,3.949723,0.032963276,0.0,0.0,1.2015542,0.0,5.7068057,0.076057926,0.0,0.59872085,0.0,2.1605942,2.2749279,7.0381646,0.0,0.23746078,4.400462,0.0,2.8860197,0.0,5.7166214
0.0,0.0,0.0,1.7331508,0.0,0.0,4.729675,0.15583506,0.0,0.0,0.52386385,0.0,0.0,1.8898189,2.292466,0.0,2.5523016,0.81271476,0.49434873,1.2480471,0.0,0.0,0.0,1.9175135,0.0,2.8277874,0.95150226,0.017762229,1.8680451,0.0,0.0,0.0,0.0065927682,1.9063394,0.0,0.0,3.3574822,0.0,0.0,0.0,0.0,0.3394364,0.0,0.44201958,0.0,0.0,3.367272,0.5495635,1.4876372,0.0,0.2788686,0.671387,0.0,1.00241,0.0,0.0,1.7933048,2.6994562,3.6593235,0.0,0.0,1.272332,4.107329,2.2088754
0.0,0.0,0.0,0.0,0.0,0.5439571,2.2808046,0.0,0.0,1.0030419,0.0,0.0,0.0,1.4467882,0.0,0.0,2.6508582,1.1522876,0.0,2.48378,1.3563834,0.0,0.0,1.2373953,0.0,0.69919634,0.0,0.0,0.0,0.0,1.2451953,4.4875674,3.5909252,0.0,0.0,0.6837502,5.7302103,0.0,0.0,0.69288033,0.0,0.3611635,0.0,3.4268215,0.0,0.0,0.0,0.8295518,0.0,0.0,0.0,1.8845723,0.088022396,0.7018729,0.0,0.0,3.0822165,0.0,0.6411486,1.7374524,0.0,1.1353632,0.159075,1.6290281
0.0,0.0,0.0,2.0599422,2.674869,0.0,1.2640883,1.1075016,0.0,0.0,0.008921812,0.0,0.0,0.0,0.0,0.0,0.7038488,3.0919118,0.31980133,1.3608817,0.7438132,0.0,0.0,1.783508,0.0,4.5983644,0.0,0.0,0.72118574,0.0,0.0,0.0,0.0,0.0,0.0,0.0,2.2766843,0.0,0.0,0.0,0.91124165,2.4038205,0.0,5.5170174,2.3388848,0.0,0.0,0.0,3.8157508,0.89517283,0.0,0.0,0.0,0.0,1.3516375,1.0098629,1.0649145,2.4091272,0.0,0.0,0.0,3.319692,0.6627361,1.3200313
0.0,2.087549,2.2484076,0.0,0.6901978,0.0,0.0,0.0,0.0,0.0,0.0,0.0,1.2746927,0.9709045,0.0,0.0,0.0,0.0,0.0,1.3573948,1.2807287,2.0751078,0.16858004,3.243498,1.6763957,0.19000538,0.0,0.0,0.0,0.0,0.8583768,1.0571083,0.0,0.0,0.0,0.0,0.0,0.15600657,0.0,1.4927005,0.0,0.0,0.0,1.3830537,0.0,0.0,0.47514907,1.4306633,0.0,0.36639735,0.9029337,0.0,0.19650233,0.0,0.0,0.04387896,2.261208,0.5428723,0.0,0.2583288,0.0,0.0,0.0,0.0
0.0,0.13325684,2.3619738,0.0,1.7012595,0.0,0.0,3.2119823,0.0,0.0,0.07821478,0.0,2.1907442,0.8494829,0.0,0.0,0.0,0.0,0.0,0.8567844,0.0,2.0500805,0.45812422,3.1291273,0.9279261,0.0,0.0,0.0,0.0,0.0,0.0,0.0,0.3614072,0.0,0.0,0.0,0.0,0.0,0.0,0.0,0.0,0.0,0.0,2.251736,1.6644857,0.0,0.65121067,1.120476,0.0,0.0,3.052953,0.0,0.0,0.0,0.0,0.0,0.85669196,0.9591193,1.0975335,1.1625029,0.6108434,2.5208647,2.2025166,0.0
0.0,0.0,0.0,1.0869434,0.0,0.0,0.0,0.0,0.0,3.238564,0.0,0.0,2.112978,0.0,0.0,0.0,1.4248275,1.312501,0.0,0.0,1.5388182,0.0,0.0,0.0,0.5301127,2.9680042,0.0,0.0,0.9358926,0.0,2.2421994,0.323591,1.2125126,0.0,0.0,0.0,2.7567768,0.0,0.0,4.226912,0.657796,0.0,0.31014222,4.5430627,3.5857234,0.0,0.0,0.0,0.0,0.0,1.507548,0.0,0.79277927,2.742256,0.01629052,0.93435884,1.1815912,0.0,1.760426,0.0,0.013393161,0.52227265,0.034835,0.0
0.0,0.0,0.0,0.0,0.0,0.0,4.2988687,0.2166513,0.0,0.0,0.0,0.0,0.0,0.0,0.0,0.0,2.9017398,0.0,0.0,1.2775992,0.0,0.0,0.61259574,1.1435499,0.0,1.6163546,1.0306969,0.0,0.24437009,0.0,0.0,1.2955778,0.0,0.5842703,0.0,0.0,2.3523488,0.0,0.0,0.0,0.0,0.0,0.0,1.6853743,0.0,0.0,2.4937408,0.0,0.0,0.0,0.0,0.0,0.0,0.0,0.0,0.0,1.6862165,0.8535577,3.8739011,0.0,0.0,0.47772893,4.9668403,0.0
0.0,2.20444,0.22661518,0.0,1.120329,0.0,0.0,3.2662811,0.0,0.0,0.0,0.0,2.7539744,0.9532975,0.6322107,0.0,0.0,0.0,0.0,2.7418716,0.0,1.327835,0.0,3.316141,0.71406686,0.0,0.0,0.0,0.51019233,0.0,0.0,0.0,1.0511792,0.0,0.0,0.0,0.0,0.0,0.0,0.0,0.0,0.0,0.0,0.0,0.7904306,0.0,0.0,4.6532464,0.0,0.6330218,4.031291,0.3685457,0.0,0.0,0.0,0.0,0.0,0.9305227,1.9068923,2.5077708,1.2612344,1.1646684,0.6846115,0.0
0.0,0.0,0.0,2.8665617,0.2246503,0.0,2.4828384,1.549061,0.0,0.0,0.9903257,0.0,0.0,0.0,0.11470341,0.0,1.5773423,2.735235,0.30047905,0.3262187,0.0,0.0,0.14961529,0.0,0.0,4.3322515,1.8140978,1.2954304,0.25742766,0.0,0.0,1.2583978,1.8067584,3.3524337,0.0,0.0,2.6012871,0.0,0.0,0.0,0.0,0.13066487,0.0,0.95727825,0.0,0.0,0.2601394,1.20509,1.3171315,0.14034478,0.0,0.0,0.0,0.0,0.0,0.0,1.2700104,0.73206526,1.8972971,2.8771377,0.17502363,1.0350814,1.9524515,1.3643441
0.0,1.1285337,2.0789995,0.0,1.1549506,0.0,1.0756422,2.8212426,0.0,0.0,0.0,0.0,0.05023855,1.3564589,0.0,0.0,0.0,0.0,0.0,1.6969447,0.0,1.7542132,0.9758232,5.250909,1.2808993,0.0,0.0,0.0,0.0,0.0,0.0,0.0,0.58464783,0.0,0.0,0.0,0.0,0.0,0.28936812,0.0,0.0,0.0,0.0,0.19809502,0.0,0.0,0.6405511,3.1185138,0.0,1.4042761,0.364999,0.3445792,0.0,0.0,0.0,0.0,1.1099215,0.77292603,0.16216116,0.33854926,0.0,2.8783865,0.6473607,0.0
0.0,0.0,0.0,0.04023756,0.19084808,0.58640856,1.4513404,0.0,0.0,0.34824914,1.0789179,0.044079144,0.0,2.8554513,1.7305064,0.0,3.215211,3.8940423,0.0,0.5736202,3.222284,0.0,0.0,0.0,0.0,0.0,3.6212142,0.0,0.0,0.0,1.6899095,0.80648565,0.0,0.0,0.0,0.0,1.283356,0.0,0.0,0.0,1.3068506,0.18626471,0.0,0.12757884,0.0,0.0,0.0,0.0,0.0,0.0,3.470496,1.6201959,0.0,2.429895,0.0,0.0,0.5808899,2.9629056,5.5179496,1.7039157,0.58620495,0.7562941,1.029521,2.6045682
0.0,2.9670587,1.5517972,0.0,0.0,0.0,0.0,3.17531,0.0,0.0,0.108948275,0.0,3.2906873,0.0,0.0,0.0,0.0,0.0,0.0,0.25887403,0.0,2.6282997,2.2246463,4.4734435,2.4762206,0.28550807,0.0,0.0,2.7107637,0.0,0.0,0.36820585,0.0,0.0,0.0,0.0,0.0,0.0,0.0,0.0,0.0,0.0,0.0,0.0,1.7202346,0.0,0.925512,2.7267022,0.0,0.0,4.6539407,2.1323252,0.0,0.0,0.0,0.0,0.0,0.22696517,2.390296,0.10071123,2.8990824,0.0,1.798278,0.0
0.0,0.0,2.2819974,0.0,0.0,0.0,0.42539814,0.0,0.0,0.0,0.0,0.0,4.3012757,3.9796233,0.0,0.0,0.0,0.0,0.0,0.39810959,0.40067333,0.0,0.0,4.759014,0.0,0.0,0.0,0.0,0.0,0.0,1.9021069,1.2709279,0.2859934,0.0,0.0,0.0,0.0,0.0,0.0,0.0,0.0,0.0,0.0,0.0,0.0,0.0,0.0,3.225116,0.0,1.0481135,0.0,6.117092,0.0,0.0,0.0,0.0,3.282576,0.0,0.29042572,3.0607708,2.650935,0.0,0.0,0.9317329
0.0,0.0,0.0,0.0,2.6074252,2.1740696,2.5576668,0.0,0.28154656,0.34792435,0.0,0.0,2.1026053,4.0688033,0.0,0.0,0.0,0.0,0.0,0.17880395,4.254609,0.0,0.0,0.0,0.0,0.0,0.0,0.0,0.8411494,0.0,0.3550912,5.491214,0.66781914,0.0,0.0,2.9278064,2.6607404,0.0,0.0,2.9345922,0.40634602,0.48575354,0.0,1.0847738,0.0,0.0,0.0,0.0,0.0,0.0,1.0989528,0.98772043,0.52658683,1.2504953,0.0,0.0,3.9315815,0.0,0.0,1.4745215,0.0,1.0843809,0.6984254,2.3316147
0.0,0.8234728,1.2878164,0.0,1.7576579,0.0,0.0,2.0677798,0.0,0.18098846,1.7526118,0.0,2.1117978,1.4467002,0.0,0.0,0.0,1.0717574,0.0,2.0023024,2.2705154,0.17062458,0.0,2.1091013,1.5167915,0.0,0.0,0.0,0.0,0.0,1.8263443,0.0,1.1042576,0.0,0.0,0.9855415,1.0050188,0.0,0.0,0.0,0.3121136,0.0,0.39975992,0.0,0.8043268,0.0,0.0,0.0,0.0,0.0,4.339896,0.48232374,0.0,0.6898005,0.0,0.0,0.0,0.58005655,1.5335705,0.0,2.355265,0.5946136,0.36086234,0.0
0.0,0.0,1.7114129,1.4647359,0.0,0.0,0.0,2.8616872,0.0,0.0,3.8710258,0.0,0.0,0.03611116,0.46463075,0.0,1.1489022,4.8819337,0.654205,6.044762,3.0746946,0.0,0.22487314,0.0,0.0,3.1362667,0.0,0.0,3.855411,0.0,0.0,2.009232,0.0,0.016508128,0.0,0.0,2.8261988,0.0,0.0,0.0,2.8614037,0.48750016,0.0,3.4234617,0.0,0.0,4.4858794,0.0,3.190737,0.0,2.2140853,0.0,0.0,0.0,0.4478007,0.0,0.0,0.0,4.187634,0.0,3.2750702,0.0,4.584263,0.0
0.0,0.19548376,0.0,0.0,1.403189,0.0,4.47355,0.0,0.0,0.0,0.44701633,0.0,0.0,3.7931066,0.0,0.0,3.9028022,2.787126,0.0,0.0,0.0,0.0,0.0,0.0,0.0,1.1966431,0.53121936,0.0,0.0,0.0,1.8204036,4.278798,0.18950863,0.0,0.0,1.12399,1.3145292,0.3847543,0.0,0.0,0.6078805,1.662038,0.0,3.072444,0.0,1.7581187,0.0,1.0359873,0.0,1.3976866,0.0,0.34643295,0.0,0.0,0.0,0.0,1.0437698,0.0,0.5854773,4.481917,0.0,0.0,2.2018678,4.0310664
0.0,0.0,0.0,0.6112649,1.8306034,3.4071474,3.7720258,0.0,0.0,0.0,0.06926882,0.0,0.0,2.8462667,0.0,0.0,3.8554695,2.0914438,0.75744367,0.30426663,2.5892773,0.0,0.4528437,0.0,0.0,4.2354236,2.0579798,0.0,0.0,0.0,0.15975821,3.2620177,0.0,0.0182473,0.0,0.22652781,2.3943405,0.12477593,0.0,0.0,0.0,2.8440294,0.0,2.5870888,0.0,0.0,0.0,0.0,0.0,0.0,0.0,3.168694,0.0,1.1734581,0.0,0.0,2.3001208,0.0,0.39126563,0.56622195,0.0,0.88425964,1.9548678,5.4301167
0.0,0.0,0.594658,0.0,1.7894293,0.0,1.9442072,1.3399775,0.0,0.0,0.0,0.0,1.4700658,3.7155406,0.0,0.0,0.0,0.0,0.0,2.2384427,0.9968544,0.0,0.0,1.8288616,0.16720012,0.0,0.0,0.0,1.6409696,0.0,0.2456361,0.0,0.0,0.0,0.0,0.0,0.0,0.0,0.0,0.0,0.0,0.52034265,0.0,0.0,0.0,0.0,0.0,1.4374665,0.0,0.0,1.4940518,0.92574984,0.0,0.0,0.0,0.0,3.1733186,0.0,1.0364772,0.082019605,1.9620692,0.14828938,0.0,0.0
0.0,0.0,0.45893523,0.9408714,0.49320704,0.0,1.1585366,1.4844252,0.0,0.0,0.5749381,0.7315872,0.14979361,0.40828067,0.0,0.0,2.7838085,0.83864236,1.0658444,0.037769243,0.0,0.0506842,0.4679714,0.56011236,0.0,4.756718,1.1535289,0.43797925,1.0801079,0.0,0.0,0.0,0.0,1.6853993,0.0,0.0,1.0996926,0.0,0.0,0.0,0.5850371,2.4312663,0.0,0.5352422,1.6470652,0.0,1.8514851,0.0,0.23056301,0.14814253,0.0,0.0,0.0,0.0,0.0,0.0,2.201258,2.3274395,2.536824,1.9345044,1.7273827,1.3205394,0.77246976,0.0
0.0,0.0,0.0,0.0,4.6627016,0.9110836,2.8817992,0.48390746,1.3277419,0.0,0.0,0.0,1.9471753,4.477025,0.0,0.0,0.45826566,0.114206456,0.0,4.4468975,1.3286637,0.0,0.0,2.8109303,2.2167947,0.0,0.0,0.0,0.0,0.0,2.5094962,0.0,2.5670345,0.0,0.0,0.26832178,0.0,0.0,0.0,0.0,0.0,0.0,0.0,0.0,0.0,0.0,0.0,1.7298292,0.0,1.4985242,2.5166907,0.06402553,0.0,0.0,0.0,0.0,3.1032357,0.4287715,0.0,0.2631589,0.45543674,3.147966,0.27121866,1.3236904
0.0,2.4856088,0.02594841,0.0,1.1229236,0.0,0.0,1.7599883,0.0,0.07374267,0.0,0.0,0.6069072,0.13249522,0.0,0.0,0.0,0.03070763,0.0,0.0,0.0,1.527862,1.8532164,3.0538013,0.5609707,0.053085588,0.0,0.0,0.0033519287,0.0,0.1268147,0.0,1.7630434,0.089948066,0.0,0.0,0.075263776,0.0,0.0,1.5112791,0.0,0.0,0.0,2.481441,1.2298837,0.0,0.0,1.5285944,0.0,0.0,1.8995489,0.0,0.0,0.0,0.0,0.0,0.0,2.7740726,1.1238955,1.5788864,0.8612001,1.4460796,0.0,0.0
2.1070573,0.0,0.0,0.0,0.0,0.0,0.0,0.0,0.0,0.0,0.93748367,0.0,0.22177185,0.2690992,0.0,0.0,0.0,0.284679,0.0,1.2452515,2.022801,0.2090439,6.7274427,0.13425228,1.2359303,1.437225,0.0,0.0,1.0025569,0.0,0.0,6.250375,0.0,0.9303759,0.0,0.0,3.1428668,0.0,0.0,3.0770988,1.1131383,0.0,0.0,0.0,0.080120996,0.0,5.217362,0.0,0.0,0.0,0.0,1.7683492,0.0,0.0,0.0,0.0,0.0,0.0,1.3899578,0.0,0.46831974,0.0,0.0,1.5958674
0.0,0.0,0.091992244,0.0,0.0,0.0,0.85755605,1.0206878,0.0,3.2180886,2.791484,0.37707335,0.6684131,0.0,0.7800267,0.0,0.043512788,0.2958138,0.28454602,0.0,0.0,0.0,0.6035556,0.23441383,0.0,1.2070754,0.0,0.0,0.88871825,0.0,0.67633754,1.5143251,0.0,0.42838338,0.0,0.0,3.4682019,0.0,0.0,0.31592697,0.0,0.0,0.0,3.07451,2.2197397,0.0,0.40621638,0.0,0.0,0.0,2.029784,0.0,0.0,1.3020899,1.1797775,0.0,0.0,0.0,3.8414648,0.0,0.66222936,1.1830156,2.2025506,0.0
0.0,3.2678213,1.7608119,0.13715844,0.35739684,0.0,0.0,2.0802228,0.0,0.7700735,0.780495,0.0,0.0,0.0,0.0,0.0,1.7926408,3.3049898,0.0,0.71969396,0.5231626,0.3084022,0.0,0.3173564,0.0,0.9474696,0.0,0.0,0.23548286,0.0,1.8941458,2.3518887,0.0,0.0,0.0,0.0,1.6634103,0.0,0.0,0.0,0.0,0.0,0.0,0.0,0.0,0.0,0.0,1.9881836,0.0,4.1896734,0.44434267,1.9956784,0.0,0.0,0.0,0.22162503,2.6342273,0.0,0.28190574,0.31348667,3.117135,0.0,3.614039,0.0
0.0,0.762571,1.7651465,0.0,3.205309,0.0,0.0,2.9145906,0.0,0.0,0.0,0.0,0.13331969,0.8927917,0.0,0.0,0.0,1.2976502,0.0,0.66931397,0.0,2.4765568,2.3615458,3.2954144,0.76550716,0.0,0.0,0.0,0.0,0.0,0.0,0.0,0.0,0.0,0.0,0.0,0.0,1.828956,1.2526727,0.0,0.0,0.0,0.0,1.24308,1.3390356,0.0,1.5439104,0.68448234,0.0,0.0,0.0,0.6320681,0.0,0.0,0.0,0.68931806,0.0,1.1561671,1.0005217,0.0,2.39669,0.6344406,0.66163194,0.0
0.0,0.0,0.030126259,0.0,2.168055,0.0,0.0,0.0,0.0,0.77848905,0.7115225,0.0,0.648778,3.2350214,0.0,0.0,0.21062516,1.9816298,0.0,0.42652005,1.8942655,0.0,0.0,0.0,0.067273214,0.0,0.0,0.0,0.0,0.0,2.3214529,0.7471814,2.8734577,0.0,0.0,2.5199242,2.739495,0.0,0.0,1.3524425,2.8587306,0.0,0.0,1.9068925,0.0,0.0,0.0,0.5364678,0.0,2.937081,1.6097665,0.7420619,2.3098342,1.5952946,0.006054745,0.92777777,1.6170586,0.0,2.6410327,0.0,0.0,2.6070013,0.0,1.1048827
0.0,0.86939406,0.0,0.0,2.7200859,0.0,0.5008537,0.0,0.0,0.883891,3.8356326,0.0,0.0,3.0473707,0.0,0.0,4.5700116,0.11859809,0.0,0.0,1.1536875,0.0,1.3600829,0.0,0.0,0.0,0.0,0.0,0.0,0.0,5.5751386,1.2440706,0.29878196,0.0,0.0,0.0,3.480936,0.0,0.0,0.0,0.0063037947,0.0,0.0,0.43218786,0.0,0.0,0.0,0.5590977,0.0,4.1565714,0.0,2.6912408,0.52615315,0.0,0.0,3.3444438,2.5944083,0.0,1.3672332,0.3180179,1.4375874,0.0,0.5716241,3.283519
0.0,0.9309026,1.1428158,0.0,0.0,0.0,0.044735216,0.3841908,0.0,0.0,1.5433191,0.0,0.2995411,0.053536665,0.0,0.0,0.0,1.7456362,0.0,3.5437915,0.0,0.0,0.43453503,2.8196988,1.3939803,0.0,0.0,0.0,0.0,0.0,0.0,2.0938334,0.0,0.07737499,0.0,0.0,0.5403688,0.0,0.46285495,0.0,0.02520481,0.0,0.0,1.5778154,0.6507801,0.0,4.4346967,2.1253195,1.0471253,0.0,0.0,0.0,0.13350572,0.0,0.0,0.0,0.0,1.2012602,0.42621726,0.0,0.18717244,0.0,2.1070368,0.0
0.0,0.6965909,0.34754944,0.0,3.8762698,0.94172436,0.02363215,0.0,0.0,0.0,0.07998501,0.0,0.040266648,2.8586287,0.0,0.0,0.0,1.1830226,0.0,0.0,0.95724857,0.86597186,1.3534968,0.0,0.0,2.153722,0.0,0.0,0.13073893,0.0,1.7891486,6.8332005,0.0,0.0,0.0,0.021030158,2.1865542,1.2829715,0.0,4.1113462,1.627599,0.721781,0.0,3.5318344,0.095216066,0.0,0.0,1.7348628,0.0,0.019579899,0.0,0.0,0.37251335,0.0,0.0,2.276531,2.917761,0.0,0.0,1.0959796,0.0,0.0,0.0,2.2545679
0.0,2.6667244,3.1050897,0.0,0.0,0.0,0.0,2.2252135,0.0,0.07737666,0.29408532,0.0,2.778828,0.0,0.0,0.0,0.0,0.0,0.0,0.09580833,0.5003052,2.4951174,1.3845772,3.029383,0.50001585,2.2657712,0.0,0.0,1.5930383,0.0,1.22977,1.563041,0.0,0.0,0.0,0.0,0.89712244,0.0,0.0,0.0,0.0,0.0,0.0,0.0,0.21267305,0.0,0.0,0.87382364,0.0,0.37893337,2.9574282,1.8979576,0.0,0.0,0.0,0.0,0.36308298,0.0,2.1205895,0.99902946,4.5930567,0.0,2.8500934,0.0
0.0,0.0,0.0,0.0,1.4445602,0.0,0.4332844,2.3247552,0.0,0.0,0.0,0.0,1.078664,0.0,0.0,0.0,0.0,9.550895,0.0,1.3092232,0.72596806,2.3406343,3.7954636,0.0,0.11732203,0.0,2.7404492,0.0,0.0,0.0,1.90566,4.4530163,0.0,0.0,0.0,0.0,1.9740952,2.963463,0.5078953,0.0,0.0,0.05350049,0.0,0.0,0.0,0.0,0.085834816,0.7791733,0.0,1.7452102,0.0,1.2541304,0.0,0.0,0.0,0.0,0.0,0.0,1.8363624,1.7773633,6.5606313,0.0,0.0,0.0
0.0,0.0,0.9044305,0.22722355,0.0,0.0,0.7048414,5.021257,0.0,0.0,0.35254544,0.0,2.744713,1.3105755,2.1742036,0.0,0.0,0.0,0.0,2.115414,0.0,1.2505721,0.0,3.1118343,1.2089139,1.2346845,0.0,0.0,2.8939645,0.0,0.0,0.0,0.0,0.9836358,0.0,0.0,0.0,0.0,0.0,0.0,0.0,0.0,0.0,0.0,2.455586,0.0,1.8803424,3.2323248,0.0,0.0,4.819778,1.4925476,0.0,0.0,0.0,0.0,0.11818447,2.6102874,2.3775427,1.7204839,2.800572,0.6019277,0.83345634,0.0
0.0,0.40528378,0.272506,0.0,0.0,0.12638475,0.0,0.0,0.0,0.0,0.7017142,0.0,0.0,1.098297,0.0,0.0,1.1674008,1.1122273,0.0,0.4069966,0.0,0.0,1.4809176,1.4400164,0.0,1.4977818,0.0,0.0,0.0,0.0,0.8107841,1.2783464,0.0,0.0,0.0,0.0,1.9307789,0.3989547,0.0,0.20241702,0.0,1.3951373,0.0,0.38954607,0.0,0.0,0.9069449,0.0,0.0,0.70726824,0.0,0.29140103,0.0,0.09816159,0.0,0.49404722,1.06122,0.6777239,0.67173743,1.0589602,1.0669239,0.0,0.37048066,0.0
0.0,0.0,0.0,0.0,3.1486068,2.3684402,0.0,0.0,0.0,0.0,0.0,0.0,0.58969593,4.385154,0.0,0.0,0.0,0.81864655,0.0,0.0,2.245269,0.0,2.6129744,0.0,0.0,0.0,0.0,0.0,0.0,0.0,1.5331477,8.331191,0.78768563,0.0,0.0,0.0,3.22799,0.561594,0.0,3.4207702,2.457656,0.1746585,0.0,1.3939499,0.0,0.0,0.0,0.99253774,0.0,0.0,0.0,1.6756943,0.0,0.0,0.0,2.0727763,3.1104355,0.0,0.0,1.4506825,0.0,0.0,0.0,3.9592667
0.0,0.0,0.0,0.0,1.510375,1.731142,3.1152303,0.0,0.0,0.0,0.0,0.0,0.0,4.1148396,0.0,0.0,2.0370352,0.8722423,0.0,0.0,0.031712383,0.0,0.46601644,0.0,0.0,1.4153936,0.0,0.0,0.0,0.0,0.46237758,5.717232,2.4444528,0.0,0.0,2.0292435,4.0941377,0.0,0.0,1.6875476,2.069844,0.0,0.0,2.699962,0.0,0.0,0.0,0.7480558,0.0,1.3493745,0.0,0.3276549,0.0,0.18609424,0.0,2.136056,1.3283412,0.0,0.1705395,1.3630805,0.0,0.329069,0.04805979,6.274523
0.0,1.8641527,0.80050856,0.0,0.09394962,0.0,0.5078297,1.2022606,0.0,0.0,0.0,0.0,0.30756268,0.59385705,0.0,0.0,0.0,0.0,0.0,0.9588876,0.0,1.4529345,1.9412963,3.5713742,0.21502952,0.36167517,0.0,0.0,0.63026136,0.0,0.19608487,0.0,0.7261026,0.09115803,0.0,0.0,0.51108664,0.0,0.40077612,0.0,0.0,0.0,0.0,0.0,0.0,0.0,0.35358956,1.3830031,0.0,0.2557109,0.7620577,0.769622,0.0,0.0,0.0,0.0,0.55015105,0.085119404,0.0,0.0,3.135374,0.0,0.24141663,0.0
0.0,0.0,0.0,0.0,5.3804383,3.8488188,1.6486422,0.0,1.1848938,0.0,0.12323193,0.0,0.16623405,9.451807,0.0,0.0,1.0788623,0.0,0.0,0.03367108,3.487161,0.0,0.2899081,0.0,0.0,0.0,0.0,0.0,0.0,0.0,0.9653449,5.713192,0.857113,0.0,0.0,3.8186135,0.9006374,1.385379,0.0,0.0,2.9878528,3.8060055,0.0,2.9527493,0.0,0.0,0.0,0.0,0.0,0.0,0.0,3.07485,0.0,0.93083954,0.0,0.0040782206,2.7008688,0.57575434,0.4576513,1.0354477,0.0,3.2273083,0.0,6.5734596
0.0,0.0,0.0,0.0,0.0,0.9005362,2.5299435,0.0,0.0,0.0,0.3405973,0.0,0.0,5.3310747,0.0,0.0,3.861623,3.6114502,0.0,0.0,0.092596695,0.0,0.0,0.6637881,0.0,2.823986,0.34435424,0.0,0.645345,0.0,0.0,5.1092687,0.0,0.0,0.0,0.0,4.57468,0.0,0.0,0.0,0.4911346,0.0,0.0,2.1377156,0.0,0.0,0.0,1.9265202,1.0741795,0.9981709,0.0,3.5442114,0.0,1.491603,0.0,3.4717555,2.793113,0.0,0.0,0.0,0.0,0.0,3.785913,2.7075062
0.0,3.941732,1.0048994,0.0,0.0,0.0,0.0,0.0,0.0,0.0,0.0,0.0,3.10103,2.5237114,0.0,0.0,0.0,0.0,0.0,3.0283134,0.0,0.98215383,4.9499917,5.28881,4.187684,0.0,0.0,0.0,0.43520606,0.0,0.7494295,5.5676193,0.0,0.0,0.0,0.0,1.23576,0.26431164,0.0,1.2953744,0.0,0.0,0.0,0.0,0.0,0.0,3.3303742,0.0,0.0,0.0,0.0,3.4272132,0.0,0.0,0.0,0.27330646,0.0,0.0,0.21713836,0.0,3.1284149,0.0,0.15557705,0.0
0.0,0.0,0.0,0.0,0.0,0.0,0.04142798,1.6319834,0.0,0.0,1.0779485,0.0,0.0,0.0,0.0,0.0,4.2774377,0.0,0.0,0.42944905,0.08688083,0.0,2.5311546,0.0,0.0,0.66436535,0.0,0.9561878,1.2399242,0.0,0.104924634,1.6070479,0.0,0.896711,0.0,0.0,3.3881335,0.0,0.0,0.0,0.0,0.0,0.0,1.9098165,0.0,0.0,2.7664235,0.0,0.3184473,0.04624763,0.0,0.75307,0.0,0.0,0.0,1.997892,1.2411612,0.56454,3.3431327,0.0,1.465479,0.0,2.9943671,0.0
0.0,0.0,0.13361943,0.0,3.553975,3.2603512,1.1287162,0.0,1.2126027,0.0,1.2457182,0.0,0.0,7.2883325,0.0,0.0,2.1541796,1.2628961,0.0,1.5308411,0.017500792,0.0,0.0,0.52853376,0.0,0.0,0.0,0.0,0.0,0.0,0.77149326,1.7675964,0.7538151,0.0,0.0,0.4089781,1.2493384,0.0,0.0,0.0,1.6630497,1.2344216,0.0,3.5670636,0.0,0.0,0.0,0.86898196,0.0,0.67994493,0.0,2.6481504,0.027222196,0.24391532,0.0,1.4935511,0.396791,1.6404923,0.0,0.0,0.0,2.8952005,0.43861273,4.1493297
0.0,0.75899744,0.0,0.4071575,0.0,0.0,0.11089564,0.0,0.0,1.1687475,1.3933939,0.0,0.658151,0.5652631,0.0,0.0,1.9063356,1.7839069,0.0,0.0,0.85157746,0.0,1.3823553,0.0,0.0,0.16378447,0.042089824,0.0,0.9132883,0.0,1.5584376,1.3634676,0.89720345,0.0,0.0,0.0,3.4082344,0.0,0.0,1.575672,1.1101608,0.0,0.0,0.40913835,0.0,0.0,0.05452811,0.0,0.0,0.50846946,0.17456725,0.8679018,1.498137,1.1077619,0.0,0.0,1.5336664,0.0,1.695669,0.0,0.5326888,0.0,0.0,0.84058607
0.0,2.0566945,0.0,0.0,0.2537991,1.2983469,1.8998665,0.0,0.0,0.20846435,1.6337562,0.0,0.0,0.0,0.0,0.0,2.8762188,1.1965529,0.0,1.5135852,2.1256874,1.3416997,0.7811492,0.0,0.0,2.614878,0.5280515,0.0,0.0,0.0,1.9260144,2.7424679,0.0,0.0,0.0,0.0,0.49109438,0.096065134,0.0,0.0,0.27962554,0.41911474,0.0,2.0724332,0.0,0.0,0.28003168,0.0,0.0,0.0,0.0,0.16279036,0.0,0.008732431,0.0,2.9460776,0.16959956,0.0,0.26725698,0.85326904,0.0,0.0,2.1742165,0.8912751
0.0,0.0,1.1084211,0.0,5.8696423,0.0,0.0,0.0,0.0,0.0,0.08091438,0.0,0.8085768,5.0462003,0.0,0.0,1.71962,2.6228611,0.0,0.0,1.5662208,0.0,0.0,0.0,0.0,0.0,0.0,0.0,0.0,0.0,0.23748548,3.0909946,0.115544334,0.0,0.0,2.2057989,1.1613041,1.6344875,0.0,0.0,3.7979631,0.0,0.0,4.575496,0.0,0.0,0.0,0.44494575,0.0,0.045333695,0.0,2.3239486,3.1892762,3.4975288,0.0,2.3926232,1.3985399,1.5202057,0.045754015,0.0,0.0,1.3660778,0.0,2.0649822
0.0,0.0,0.0,0.0,0.27406037,0.0,3.460251,0.6739863,0.0,1.851946,0.0,0.22842897,0.6413253,0.0,1.2692345,0.0,3.9060967,0.0,2.6946814,2.4992886,4.2643886,0.0,0.0,0.0,0.0,2.4599152,4.6999,0.0,0.0,0.0,0.38146463,2.082138,0.0,0.0,0.0,0.0,2.096967,0.0,0.0,0.0,0.0,0.38803554,0.0,1.3075496,0.0,0.0,1.2465816,0.0,0.0,0.0,1.84042,1.9845175,0.0,0.09350255,0.0,0.0,1.2872152,0.67092544,5.6128726,0.3020591,0.46253037,0.8645644,2.1519127,0.0
0.0,0.0,0.11474456,0.06320756,0.98951834,0.44179407,2.0638897,0.0,0.0,0.0,1.6349525,0.0,0.0,2.889043,0.0,0.0,2.0880795,4.121817,0.69571215,0.0,0.0,0.0,0.0,0.0,0.0,2.0425642,0.0,0.0,0.0,0.0,0.0,1.8893912,0.9820425,0.0,0.0,0.0,1.243935,0.0,0.0,0.0,1.252234,0.45468575,0.0,6.3460126,0.0,0.0,1.82708,1.1582932,0.0,0.0,0.0,0.0,0.0,1.5759875,0.0,0.0,0.0,2.5204535,1.4740615,0.684466,0.0,4.260613,1.0636972,4.504007
0.0,0.0,0.0,0.0,0.0,0.0,0.29558864,1.424398,0.0,0.0,0.0,0.0,3.4363852,3.1207275,0.0,0.0,0.0,0.0,0.0,0.7781583,0.0,0.5670166,3.2408857,2.6654737,2.513001,0.0,0.0,0.0,1.6796812,0.0,0.0,0.0,0.7957249,0.35131574,0.0,0.0,0.0,0.0,0.0,0.0,0.0,0.0,0.0,0.50124514,0.0,0.0,2.9091322,0.0,0.0,0.0,1.7158366,1.5365463,0.0,0.0,0.0,0.0,0.7227316,0.46733433,0.7318377,0.0,2.2334685,0.0,0.0,0.0
0.0,0.0,0.0,0.005023088,1.5242854,0.0,1.5716782,2.2885773,0.0,1.4925679,0.42936465,0.0,0.0,2.3602445,0.0,0.0,2.3094923,0.0,0.0,0.11908488,0.0,0.0,0.0,0.0,0.0,0.41498327,0.020915201,1.1694916,0.91670495,0.0,0.0,0.0,0.96219426,0.3151194,0.0,0.0,1.7459474,0.0,0.0,0.0,0.077819034,0.37499243,0.22120667,1.1091202,0.44793183,0.0,0.7756468,0.19956341,0.0,0.09938664,1.9364827,0.0,0.0,0.0,0.0,0.0,0.067709655,3.2618039,1.6991088,0.2838514,0.0,1.6022388,1.4042408,0.036531076
0.0,0.0,0.0,0.13933267,3.1605482,5.7243977,4.9367776,0.0,0.0,0.0,1.3997462,0.0,0.0,6.6249366,0.5816733,0.0,1.6532143,3.0276031,0.0,0.6785429,2.5004022,0.0,0.0,0.0,0.0,0.0,0.0,0.0,0.0,0.0,0.0,0.0,0.0,0.0,0.0,0.40187982,2.9089606,0.1313535,0.0,0.0,0.33914304,2.9842322,0.0,2.2498348,0.0,0.0,0.0,0.0,0.0,0.0,0.76401603,1.9161651,0.0,2.4825852,0.0,0.0,0.92798305,0.15545483,2.0489833,0.0,0.0,4.036625,3.9187953,4.368903
0.22597821,0.0,0.0,0.0,0.9640223,0.08952601,0.0,0.0,0.0,0.0,0.0,0.0,0.0,0.86601776,0.0,0.0,0.67319345,0.0,0.0,0.4301767,0.5813088,0.019008784,2.6447127,0.52096575,0.0,0.0,0.0,0.0,0.0,0.0,0.0,2.6397586,0.0,0.0,0.0,0.0,0.9018821,1.0134467,1.8455601,1.1274921,0.08498421,0.0,0.0,0.8953815,0.6838421,0.0,1.5231792,0.0,0.0,0.0,0.0,2.153498,0.0,0.0,0.0,0.7663147,0.0,0.0,1.9027594,0.0,0.0,0.0,1.4060646,0.3942079
0.86354584,0.20127474,0.0,0.0,2.3790455,0.52150077,1.6855046,0.0,0.78762025,0.17722954,1.6141528,0.0,0.0,2.4780774,0.0,0.0,1.5276594,0.0,0.0,0.0,2.9003115,0.7215867,1.8471351,0.0,0.0,0.842483,0.0,0.0,0.0,0.0,2.0031624,2.8969357,0.0,0.0,0.0,1.4850736,0.94728833,0.0,0.0,0.90123814,3.040409,0.0,0.0,0.03136755,0.0,0.0,0.0,0.0,0.0,1.2872313,0.0,1.1962107,0.7083213,0.0,0.0,3.2791708,1.5124015,0.0,0.8141542,1.1496006,0.0,0.0,0.0,1.9673653
0.27435645,0.3307351,0.0,0.0,0.722085,4.676613,0.0,0.0,0.0,0.36626968,1.4569162,0.0,1.1314555,0.07379726,0.0,0.0,0.0,1.4947608,0.0,2.429046,4.8571434,0.3054348,2.1857252,0.13153353,0.97417974,2.7918694,0.0,0.0,0.0,0.0,3.0057404,5.426458,0.0,0.0,0.0,0.0,2.7664967,0.0,0.0,2.4009635,0.7564164,0.34623563,0.0,0.0,0.0,0.0,0.0,0.0,0.0,0.0,0.0,0.10068631,0.0,0.0,1.1690028,1.7384924,0.9759179,0.0,0.0,2.6237655,0.0,1.0337112,0.07353501,3.8941846
0.0,0.0,0.0,0.12377489,0.0,0.0,1.7040491,2.0661154,0.0,0.0,0.0,0.0,1.2417533,0.103368394,1.3999579,0.0,0.0,0.0,0.0,0.52020985,0.0,0.0,1.2980974,1.8125185,0.12668626,0.95433205,0.078483894,0.0,3.926507,0.0,0.0,0.34373486,0.0,1.3636657,0.0,0.0,1.1990362,0.0,0.0,0.0,0.0,0.0,0.0,0.0,0.059067503,0.0,0.43309754,3.2870028,0.0,0.0,1.3875228,0.71943736,0.0,0.0,0.0,0.0,1.6359819,0.35936183,1.6288631,0.0,2.177936,0.0,0.2603708,0.0
0.0,0.4481258,0.0,0.0,0.7276311,0.0,0.0,0.0,0.0,0.4013057,0.44558975,0.0,2.8003063,0.68208796,0.0,0.0,0.0,2.400712,0.0,0.63540834,0.9816407,0.0,2.8237607,0.0,0.0,0.609252,0.0,0.0,0.764892,0.0,0.0,6.7676187,0.0,0.0,0.0,0.0,2.7543197,0.6878158,0.0,2.9435122,2.402001,0.0,0.0,2.0090904,0.0,0.0,1.5968363,0.0,0.0,0.0,0.0,1.5481887,0.7916562,1.2051811,0.0,0.769836,1.0696479,0.0,1.3899235,0.9847459,0.47736448,0.0,0.0,0.0
0.26003787,0.0,0.13803513,0.0,4.5774674,4.891188,0.19924915,0.0,0.0,0.0,1.8757691,0.0,0.0,8.154291,0.0,0.0,1.3235217,0.14737977,0.0,0.08635305,0.80457443,0.0,3.7761395,0.0,0.0,0.0,0.0,0.0,0.0,0.0,0.0,2.3813689,0.0,0.0,0.0,0.2657364,0.9325968,1.0399504,0.30600664,0.0,2.4706533,4.9068165,0.0,2.202651,0.0,0.0,0.8380623,0.0,0.0,0.0,0.0,3.034737,0.0,0.0,0.0,1.1080847,2.4478154,0.3774656,1.4060131,0.0,0.0,1.5508794,0.2465691,3.1267376
0.0,0.5782857,1.9783075,1.797719,1.1090215,0.0,0.7788418,0.0,0.0,0.0,0.011758384,0.0,1.9005312,0.0,0.0,0.0,0.0,4.657688,0.0,1.0911427,4.710646,0.42782095,2.0626671,1.1097726,2.181449,4.0445347,1.4090956,0.0,0.45152837,0.0,0.8857472,3.9145374,0.14090203,0.0,0.0,0.0,0.039693028,0.01701101,0.0,0.0,1.0056789,0.0,0.0,0.0,0.0,0.0,0.0,0.44447374,0.6271458,1.3129554,0.027138831,0.8632684,0.0,0.0,0.0,0.0,3.7347412,1.5341603,0.0,3.2074914,4.3649316,0.0,0.0,0.0
0.0,0.0,0.0,0.0,0.0,0.0,3.4204588,2.5043242,0.0,0.0,0.0,0.060180143,0.23334605,1.7901247,0.66929436,0.0,3.5384667,0.0,0.0,2.503672,0.0,0.0,0.0,0.0,0.0,0.0,0.6888587,1.3518308,2.056069,0.0,0.0,0.11002235,0.0,2.486093,0.0,0.0,0.0,0.0,0.0,0.0,0.0,0.0,0.0,0.0,0.0,0.0,2.1443594,2.8814466,0.0,1.3126991,0.0,1.1689368,0.0,0.0,0.0,0.0,0.0,2.1919796,4.9836264,1.5941709,3.4157379,1.304355,3.9243622,0.0
0.0,0.0,0.0,0.62480783,0.0,1.8164105,3.063124,0.0,0.0,0.15056929,1.5968387,0.0,0.21993625,1.873069,0.0,0.0,1.6379037,1.8656398,0.0,0.49455932,2.708859,0.0,2.0903063,0.0,0.0,1.1886159,2.945873,0.0,0.0,0.0,1.8973277,3.2442508,0.71557724,0.0,0.0,2.2363179,2.3289976,0.032773823,0.0,0.0,0.069559105,1.1093706,0.0,0.0,0.0,0.0,0.0,0.4210895,0.0,2.2460003,0.0,2.5962398,0.3658681,0.0,0.0,1.4291706,3.4594116,0.0,1.5684514,1.0505388,0.029660858,0.0,0.0,1.9738783
0.0,0.0,0.045424063,0.0,0.0,1.704264,1.4684267,0.0,0.0,0.0,0.23835145,0.0,0.0,3.9944797,0.0,0.0,1.4324563,0.0,0.0,0.0,0.0,0.0,2.519556,1.9204036,0.0,2.5571108,0.0,0.0,0.0,0.0,0.12022915,4.030169,0.7582281,0.0,0.0,0.0,3.2762272,0.20291345,0.0,1.9334884,0.0,3.1743689,0.0,2.4338026,0.0,0.0,1.3430997,0.24040456,0.0,0.0,0.0,0.0,0.0,0.0,0.0,0.40161654,2.7621257,0.6160185,0.0,1.1618134,0.0,0.0,1.1594256,0.47444478
0.0,3.2574282,1.4026787,0.0,3.4259965,0.0,0.0,2.6960557,0.0,0.0,0.0,0.0,1.9550442,0.7019911,0.0,0.0,0.0,0.0,0.0,1.7337425,1.1180842,2.787117,1.0448283,2.280595,1.47984,0.0,0.0,0.0,0.0,0.0,1.3196822,0.0,1.9656817,0.0,0.0,0.0,0.0,0.0,0.0,1.5023801,0.0,0.0,0.0,0.026602793,0.8252345,0.0,0.0,1.3621681,0.0,0.68743145,3.1771834,0.0,0.027427964,0.0,0.0,0.0,0.9770621,0.47469574,0.03220918,0.8762087,1.1462176,1.151706,0.0,0.0
1.6105434,0.0,0.0,0.8953974,0.0,0.030713169,1.9989222,0.0,0.0,0.0,0.78864884,0.0,2.0984058,2.0567343,0.0,0.0,0.0,0.028419064,0.0,0.0,0.0,0.0,0.9818302,0.4116279,0.7043174,0.48847836,0.0,0.0,2.9986298,0.0,0.4518866,1.462126,0.0,0.8100815,0.0,0.0,1.5679736,0.0,0.0,0.7762779,1.2277912,0.0,0.27131337,0.025662884,0.29173777,0.0,0.44175267,0.6587183,0.0,0.0,2.7219334,1.0230949,0.0,0.0059996834,0.0,0.57714355,1.4445616,0.32735813,0.8855866,0.0,0.0,0.0,0.0,0.0
0.0,0.0,0.0,0.0,0.0,3.1587255,7.69586,0.0,0.0,0.47136122,1.7487935,0.0,0.0,2.3045957,0.0,0.0,3.9624932,2.2265778,0.0,0.099743985,2.9926355,0.0,0.0,0.0,0.0,3.0082963,3.0839186,0.0,0.0,0.0,1.1540397,5.157551,0.0,0.0,0.0,2.1273136,4.600549,0.0,0.0,0.0,0.8016943,0.3550609,0.0,3.9788244,0.0,0.12369123,0.0,0.0,0.0,0.0,0.0,0.8989355,0.0,0.94283056,0.0,1.3947744,3.1718469,0.0,0.9982062,1.2915288,0.0,0.5433382,2.9218488,5.9754305
0.11067332,1.3471123,0.0,0.0,3.7641752,0.295461,1.599692,0.0,1.3513486,0.0,0.5145246,0.0,0.0,0.7527364,0.0,0.0,0.0,1.4356905,0.0,0.0,0.90684325,2.1149757,2.361064,0.0,0.0,1.5375851,0.0,0.0,0.0,0.0,0.8429006,6.1456323,0.0,0.0,0.0,0.0,0.0,2.854031,0.0,3.4817998,4.888489,0.16403787,0.0,3.4695218,2.105237,0.0,0.0,0.5059078,0.0,0.0,0.0,0.0,0.0,0.0,0.0,1.3313745,0.0,0.0,0.0,0.0,0.0,0.0,0.0,1.4078428
0.0,0.28986302,1.5909944,2.5395947,0.4995515,0.0,0.20186114,0.0,0.0,2.045497,0.0,0.0,1.4179579,1.8300747,0.0,0.0,0.0,0.34760106,0.0,1.7877301,1.8883432,1.0116057,1.5971625,0.8703487,0.0,5.305545,0.007993359,0.0,1.1132318,0.0,1.1845442,1.0098616,1.4890997,0.0,0.0,2.0858696,2.3416374,0.0,0.0,3.8301725,0.0,1.347927,0.0,1.0495355,0.0,0.0,0.0,0.0,0.0,0.0,1.2668885,0.0,2.344803,2.5801258,0.0,0.04094036,4.6059346,0.0,3.6456292,2.3396518,0.0,0.0,0.0,0.0
0.0,0.0,1.0683337,0.36608753,0.85742015,0.0,1.2889193,0.7070961,0.0,1.4961774,0.0,0.0,0.86314046,0.0,0.0,0.0,0.0,0.6607692,0.0,1.1582193,0.0,0.0,0.0,2.9900305,0.0367117,0.0,0.13533509,0.0,0.19584343,0.0,1.5042186,0.0,3.1095085,0.0,0.0,0.0,1.7964085,0.0,0.0,0.0,0.0,0.0,0.0,1.1693486,0.0,0.0,0.0,4.3920307,0.0,0.15542327,0.11085944,0.0,0.0,0.0,0.0,0.0,0.8238285,0.0,1.3407164,0.0,0.0,2.3524666,1.9923228,0.0
0.0,2.5051446,0.13696428,0.0,1.3656797,0.0,0.0,0.0,0.28054276,0.0,0.0,0.0,1.5052612,0.0,0.0,0.0,0.0,0.0,0.0,2.9950979,2.2008853,1.8292712,0.0,4.8698196,2.3172452,1.0174739,0.0,0.0,0.0,0.0,1.9044989,0.0,0.26644346,0.0,0.0,0.032812916,0.0,0.0,0.0,1.6727959,0.0,0.2830816,0.0,0.72907615,0.18716326,0.0,0.0,1.4168075,0.0,1.0706973,0.975628,0.0,0.004651257,0.0,0.0,0.0,2.3497245,0.77604914,0.59768426,0.08925677,0.0,1.5095335,0.0,0.0
0.0,0.0,0.0,0.4886636,0.83956534,0.0,2.9567063,0.0,0.0,0.8177445,0.0,0.0,0.0,0.0,0.6040791,0.0,3.6497982,2.2659144,2.3408167,0.41524827,1.2376617,0.0,0.015955258,0.0,0.0,0.0,2.09166,0.0,0.0,0.0,0.06634274,1.7410426,0.0,0.0,0.0,0.0,4.7985854,0.0,1.1445386,0.0,0.0,0.51486087,0.0,0.48572922,0.0,0.516312,2.0013695,0.46639332,3.1656702,0.0,0.0,3.9292505,0.0,0.0,0.0,0.09656811,0.0,1.576939,3.4200153,0.39611438,0.0,1.2972121,0.0,3.0395074
0.0,0.23051073,1.3149512,0.0,0.0,0.0,0.25784037,4.64686,0.0,0.0,0.0,0.0,2.142777,2.524149,0.7098237,0.0,0.0,0.0,0.0,2.060706,0.0,3.576236,1.7912855,3.5107453,1.7286092,0.20509656,0.0,0.0,2.0555184,0.0,0.0,0.0,0.0,0.0,0.0,0.0,0.0,0.0,0.0,0.0,0.0,0.0,0.0,0.0,0.4930178,0.0,1.4682026,0.14139272,0.0,0.0,2.8391235,2.0972526,0.0,0.0,0.0,0.0,0.0,0.83987266,2.916272,0.65371096,2.1542997,0.2022828,1.1286707,0.0
0.0,2.7183964,0.84107596,0.0,2.4475183,0.0,0.0,1.1498877,0.0,0.0,0.0,0.0,0.0,0.08831828,0.0,0.0,0.0,0.3933831,0.0,1.3229375,0.0,2.6664858,2.9467797,2.7168207,1.9090223,1.3215055,0.0,0.0,0.0,0.0,0.0,0.0,0.0,0.0,0.0,0.0,0.0,0.7777373,0.056717455,1.2992742,0.0,0.0,0.0,2.3540983,1.1321731,0.0,1.187276,0.0,0.0,0.0,0.0,0.0,0.0,0.0,0.0,2.1115336,0.0,1.9352756,0.8965198,1.1787246,0.1363399,0.29062366,0.0,0.0
0.0,1.4951391,3.194077,0.0,2.398376,0.0,0.0,0.33414245,0.0,2.620894,0.6961835,0.0,0.0,0.85964817,0.0,0.0,0.020813653,1.6651562,0.0,0.0,0.0,1.7288219,0.24975215,2.2266667,0.36178124,4.089082,0.0,0.0,0.0,0.0,0.055818632,0.0,0.0,0.0,0.0,2.034483,0.15477993,0.0,0.0,2.832435,0.5722638,2.3543446,0.09460934,3.850796,1.9267302,0.0,0.0,0.9048721,0.0,0.0,1.9687517,0.0,0.0,0.0,0.20328245,1.6868893,0.60947794,3.2966807,2.0545385,5.4510226,0.57363063,1.1932342,1.3294126,0.0
0.0,0.0,0.0,0.0,1.6398293,2.5384586,3.1378007,0.0,0.0,0.0,0.0,0.0,0.0,4.274758,0.0,0.0,2.6432989,1.1611676,0.0,0.0,2.0785074,0.0,1.5961572,0.0,0.0,4.8373594,0.0,0.0,0.0,0.0,0.0,6.210609,0.0,0.0,0.0,1.5264438,3.8743787,0.0,0.0,0.57132286,0.77878046,1.2647277,0.0,2.1102417,0.0,0.0,0.0,0.0,0.0,0.0,0.0,1.600133,0.0,0.96022487,0.0,0.76135164,5.210474,0.0,0.9493361,4.6244674,0.0,0.0,0.0,3.9581494
0.030949866,0.0,0.0,0.0,0.26301977,0.73325163,0.0,0.0,0.0,0.13078061,0.0,0.0,2.0274725,1.4821908,0.0,0.0,1.1103587,0.63786125,0.355464,0.0,0.0,0.0,3.4216075,0.0,0.0,2.5456326,0.0,0.0,0.0,0.0,0.0,3.9671464,1.3107854,0.95845044,0.0,0.0,2.1709468,0.0,0.0,2.1727812,0.0,0.62128127,0.0,2.1049867,0.0,0.0,2.0987334,0.0,0.0,0.0,0.0,2.3743272,0.033961367,0.0,0.0,0.0,1.1013265,0.24095754,0.7091716,3.6089885,0.0,0.8916,0.0,2.7599654
0.0,3.5249126,2.1671216,0.0,0.46273467,0.0,0.0,1.7003324,0.0,0.0,0.0,0.0,3.5742447,0.8936998,0.0,0.0,0.0,0.6925183,0.0,0.7813631,0.42286453,2.8014576,2.7286916,2.1566088,2.1188996,1.5096751,0.0,0.0,2.183254,0.0,0.098060526,0.48666263,0.0,0.0,0.0,0.0,0.0,0.0,0.0,0.79793245,0.0,0.0,0.0,0.0,0.53770083,0.0,1.5040898,0.64786536,0.0,0.0,3.6319115,0.0,0.0,0.0,0.0,0.0,0.6153409,1.4500841,0.020187538,1.507576,2.6741915,0.0,0.0,0.0
0.0,0.0,0.0,0.0,0.0,4.5832314,1.0074859,0.0,0.0,0.2691795,0.0,0.0,0.0,0.992426,0.0,0.0,2.5966737,3.6921852,0.0,2.3631277,3.1955595,0.0,0.48219365,0.19436681,0.0,1.9611648,0.8423915,0.0,0.0,0.0,1.2889118,3.5225937,0.0,0.0,0.0,1.1417421,4.34849,0.31242877,0.0,0.0,0.2888162,1.3968904,0.0,2.2441187,0.0,0.0,0.0,0.039295286,0.0,0.0,0.0,2.1089246,0.0,3.1061614,0.0,0.7425217,1.1698196,0.0,0.32878625,1.2895489,0.0,0.14262177,0.47796908,3.2725158
0.0,0.0,0.2565919,0.0,0.98555565,0.80671954,0.0,0.0,0.0,0.0,1.3013414,0.0,0.0,1.9766141,0.0,0.0,0.0,2.5518262,0.0,1.9373688,1.7357768,0.0,1.4546174,0.041933835,0.0,0.23973884,0.0,0.0,0.0,0.0,1.1350223,3.8979628,0.0,0.0,0.0,0.35711488,4.988226,1.4032325,0.66484785,0.07387169,2.2885098,0.44441015,0.0,2.2148008,0.0,0.0,0.0,0.0,0.0,0.0,0.0,0.0,0.0,0.8991801,0.22486581,1.1580817,0.0,0.0,0.0,0.96277565,0.65338343,0.0,0.5009023,0.8468949
0.0,0.0,0.0,0.7864423,0.0,0.0,3.042706,0.0,0.0,0.0,0.0,0.0,0.0,0.0,0.6150463,0.0,3.4039133,5.0428753,0.0,1.8955011,0.0,0.0,0.0,0.9475239,0.0,0.739513,2.5186288,0.0,1.6100401,0.0,0.0,4.29242,0.0,0.0,0.0,0.0,5.8877883,0.0,0.0,0.0,0.0,0.0,0.0,2.5738688,0.0,1.8598157,0.0,1.3077279,0.5751401,0.0,0.0,2.962566,0.0,2.4375076,0.0,0.0,0.0,0.0,0.0,0.0,0.5881977,0.0,3.0101795,1.9921978
0.0,0.0,0.0,4.035024,1.5004332,0.0,0.93464077,1.1649206,0.0,3.247712,0.0,0.6247191,0.0,0.0,0.05819523,0.0,0.95663935,4.6602263,0.0,0.1535232,3.2772677,0.0,0.0,0.0,1.0795865,2.6231287,3.1331296,0.048840806,0.25262824,0.0,1.4179758,0.0,2.5023615,0.0,0.0,2.1901705,2.4260063,0.0,0.0,0.3435617,0.0,0.0,0.28745258,1.642463,0.4961666,0.0,0.0,1.24844,0.0,4.870414,3.5117095,0.0,0.0,0.0,4.30834,0.0,0.0,2.175931,0.91610515,4.200851,0.0,3.120301,2.8108425,0.27046603
0.0,0.0,1.073212,0.0,3.8119705,6.210317,3.1092806,0.082808614,3.3310502,0.40080857,0.2537206,0.5800132,0.0,1.2341168,0.0,0.0,4.0400467,0.8609409,0.0,0.0,0.0,0.0,0.0,0.0,0.0,0.0,1.9073012,0.0,0.0,0.0,1.397931,0.015466349,4.2255383,0.0,0.0,0.64867854,2.6653502,0.0,0.0,3.3772423,0.0,0.0,0.0,2.9119716,0.0,0.0,0.0,0.5471991,0.0,1.0415326,0.0,0.0,0.0,0.0,0.0,0.0,2.866268,0.0,0.0,1.2042377,0.0,3.7897158,2.9977853,3.3085241
0.0,2.1859822,0.0,0.0,0.0,0.0,1.2785486,0.0,0.80297816,0.0,0.0,0.0,0.0,0.54328823,0.0,0.0,0.52630985,3.7961109,0.0,0.39544272,0.0,0.0,0.011523911,0.0,0.0,1.359168,0.0,0.0,0.117274255,0.0,0.0,4.456445,0.08538281,0.11816341,0.0,0.0,0.0,1.1595123,0.0,1.9877293,2.07227,0.085335255,0.0,3.9642591,1.6984085,0.0,1.2140472,5.2566395,0.37621617,0.0,0.0,0.0,1.8496885,0.0,0.0,2.4893937,0.0,0.49136347,0.0,0.0,0.0,0.0,0.0,2.1999655
0.005619464,0.0,0.0,1.0185387,0.0,0.0,4.2117343,0.0,0.0,0.0,0.97422,0.0,1.3125176,4.0629034,2.815982,0.0,2.014988,0.0,0.0,1.8633072,0.1890552,0.0,0.0,0.54786104,0.0,4.190474,0.0,0.0,2.4490829,0.0,0.0,0.96028584,0.0,2.8704476,0.0,0.0,1.8514177,0.0,0.0,0.0,0.0,3.1236742,0.0,1.175093,0.0,0.0,3.5689373,0.0,0.13835719,0.0,0.0,2.7231152,0.0,2.5762675,0.0,0.0,0.17419986,1.1050673,4.2368226,0.0,0.0,1.2591747,3.7788167,2.5738852
0.0,0.30121943,0.18958457,0.0,1.5818021,0.0,0.0,4.499439,0.0,2.2664196,0.50214094,0.0,0.057404313,0.053136658,1.230474,0.0,0.0,1.1314187,0.0,0.0,0.0,1.644765,1.4876467,0.0,0.0,0.0,0.0,0.19586332,0.6075791,0.0,0.0,0.0,0.6356911,0.210005,0.0,0.0,0.0,0.0,0.0,0.0,0.0,0.0,0.00788548,0.12457964,2.3535688,0.0,0.2937512,2.163211,0.0,2.3358207,2.5173824,0.09323397,0.0,0.0,0.0,0.0,0.0,0.88734096,2.2601726,0.9286479,0.6673032,2.01612,0.4639653,0.0
0.0,0.0,0.46633106,0.52736336,0.0,0.0,1.1186109,3.1969454,0.0,0.116318494,1.4414732,0.0,1.5490315,0.0,0.92226124,0.0,0.0,0.0047089,0.0,0.0,0.0,0.0,0.0,4.766955,0.661658,1.5764254,0.0,0.0,3.218712,0.0,0.0,0.0,0.0,0.117498286,0.0,0.0,1.9021316,0.0,0.0,0.0,0.0,0.0,0.0,0.29485592,2.3934162,0.0,0.0,2.1716988,0.0,0.0,3.3829849,1.2303827,0.0,0.0,0.0,0.0,0.5583412,2.5558052,4.3855433,0.6882436,2.5360918,0.52349603,4.2635427,0.0
0.0,0.0,1.0772941,0.0,0.0,0.0,3.1367908,0.0,0.0,0.0,1.1258339,0.0,0.0,3.7867892,0.0,0.0,2.3699973,1.7478724,0.0,0.84975195,0.0,0.0,0.5308964,0.0,0.0,2.2306218,0.44299412,0.0,3.4825206,0.0,0.0,3.8364966,0.0,0.0,0.0,0.0,0.06742552,0.0,0.0,0.0,0.01323384,1.7727386,0.0,1.6054432,0.0,0.0,6.443827,1.9405447,0.0,0.0,0.0,3.7195926,0.0,0.032836087,0.0,0.0,1.2531542,2.834459,1.898157,0.0,3.6807103,0.0,2.594658,0.0
0.0,1.6043525,0.64152837,0.0,0.018799279,0.0,0.0,1.97992,0.0,1.5137981,0.20550181,0.0,4.0032206,1.3354211,0.0,0.0,0.0,0.07626359,0.0,0.92923516,0.4635117,1.1497048,2.2508667,0.31616604,0.9749272,0.49124268,0.0,0.0,1.3140138,0.0,1.3827604,0.071988694,0.54328436,0.0,0.0,0.0,0.0,0.0,0.0,0.31095982,0.0,0.0,0.3411108,0.74451065,0.0,0.0,0.0,0.0,0.0,0.016897654,3.7662346,0.047424708,0.0,0.0,0.0,0.0,0.42805818,0.0,2.8726885,3.4379551,3.442368,0.0,0.34336936,0.0
1.3161347,1.5448947,0.9415608,0.5165947,0.9325375,0.0,0.0,0.0,0.0,0.68802506,0.0,0.0,4.3783207,2.4795086,0.0,0.0,0.0,0.0,0.0,0.0,3.3183177,1.293925,2.4141831,0.0,1.4191184,2.3640935,0.0,0.0,3.743652,0.0,1.2324419,3.2661068,0.0,0.0,0.0,0.0,0.1867866,0.0,0.0,3.7553985,1.4851314,0.0,1.9606005,0.0,0.0,0.0,0.0,0.0,0.0,0.0,4.0594716,0.0,0.40376022,0.0,0.0,0.20624974,2.5965903,0.34421363,0.49403778,2.7206404,1.1426349,0.0,0.0,0.0
0.0,0.0,0.0,0.58554447,2.7360892,2.5784118,4.6272097,0.036035366,0.0,0.0,0.0,2.007118,0.0,2.8290448,0.0,0.0,5.6329618,2.3331537,1.1395576,3.723976,0.8001729,0.0,0.0,1.5176632,0.0,4.1148505,1.4126387,0.0,0.0,0.0,0.29234844,0.0,0.0,0.0,0.0,0.0,3.1586974,0.22577557,0.0,0.0,0.0,4.1470046,0.0,1.7843142,0.0,0.0,0.0,0.0,0.073302425,0.4199917,0.0,1.342443,0.0,1.8222836,0.0,0.5290737,3.6033442,0.53795606,0.94075125,0.0,0.0,1.4174024,6.8550124,2.0328856
0.0,0.4578819,1.3342743,0.26344433,2.4675114,0.0,0.0,3.0205393,0.0,0.7722972,0.17357348,0.06854789,0.3145018,0.0,0.0,0.0,0.0,1.3924282,0.0,0.1753889,0.33395025,1.6100731,0.5387802,0.760696,1.0734524,1.8168415,0.0,0.0,0.4195984,0.0,0.26928842,0.0,0.5934584,0.0,0.0,0.029238988,0.3295557,0.0,0.0,2.375173,0.09532029,0.0,0.0,3.800375,2.2801871,0.0,0.0,0.0,0.0,0.2368619,1.1053294,0.0,0.0,0.0,0.05821206,0.0,0.0,0.2157265,1.6417875,0.5799086,1.4618154,2.7830875,1.296711,0.0
0.0,0.0,0.0,0.7041759,0.0,0.0,1.5736686,4.4755425,0.0,0.0,2.767223,0.0,0.0,0.0,0.0,0.0,0.0,2.6592216,0.0,0.0,0.0,0.0,3.7258244,2.9405463,0.0,0.0,0.0,0.0,6.8827634,0.0,0.0,0.0,0.0,3.23637,0.0,0.0,0.3483368,0.0,0.0,0.0,0.0,0.0,0.0,1.4564407,0.13053751,0.0,1.5330471,6.453655,1.4872885,0.45118043,0.0,0.0,0.0,0.0,0.0,0.0,0.0,0.0,7.95676,0.0,7.404757,0.0,4.875631,0.0
0.0,0.4593843,1.17376,0.03957866,1.1954933,0.0,0.23805238,0.0,0.0,2.3103812,0.0,0.0,2.324317,0.7731947,0.0,0.0,0.0,0.0,0.0,0.0,0.10116869,0.5345541,1.320746,0.0,0.5694363,3.0495937,0.0,0.0,1.5927829,0.0,0.83293355,0.49530178,2.4242766,0.6120894,0.0,1.4980848,0.82204473,0.0,0.0,4.775309,1.3215843,0.0,3.4842772,1.89967,2.0069559,0.0,0.0,0.91656417,0.0,0.0,2.8346446,0.0,0.7800396,0.0,1.6347363,0.5313768,1.7270111,1.0150858,0.2911491,4.5951114,0.22750555,0.7253633,0.41982722,0.0
0.0,0.0,1.3161898,0.0,0.6264162,0.0,3.249694,0.0,0.0,0.0,2.4199548,0.0,0.0,4.4556227,0.0,0.0,1.4439323,0.4084952,0.0,0.99078083,0.51434284,0.0,0.07746161,0.48812747,0.0,1.674827,0.0,0.0,0.6203022,0.0,2.1528218,1.6174214,0.0,0.0,0.0,0.0,0.5013464,0.0,0.26167774,0.0,0.7506963,0.76350534,0.0,1.0278639,0.0,0.0,0.87489605,0.0,0.0,2.4693983,0.0,1.2164147,0.0,0.0,0.0,0.18498915,1.6591067,1.0183526,1.7719434,0.0,1.4241449,0.0,2.11356,0.0
0.0,0.0,0.0,0.0,0.0,0.0,1.0825354,0.0,0.0,0.3866335,0.0,0.0,0.0,1.2651817,0.92179614,0.0,1.533051,2.1419585,0.0,0.0,0.0,0.0,0.0,0.0,0.0,0.0,0.28403634,0.0,2.8094022,0.0,0.4864018,1.9983904,0.7369312,0.0,0.0,0.0,3.1157246,0.0,0.0,0.0,0.0,0.0,0.0,0.60045224,0.0,0.0,0.0,3.10359,0.0,0.0,0.0,1.7091234,1.0315796,2.8459964,0.0,0.0,1.0102512,0.0,2.0362074,0.0,0.0,0.0,0.67233455,1.7363402
0.0,2.3054311,0.0,0.0,1.956436,0.0,0.0,0.5670451,0.0,0.0,0.0,0.0,0.19928436,0.0,0.0,0.0,0.0,0.0,0.0,0.28335193,2.3303688,0.0,0.0,6.057481,2.1643083,0.0,0.0,0.0,0.0,0.0,4.0075154,0.0,1.2053255,0.0,0.0,0.0,2.310882,0.0,0.005245058,2.0397952,0.0,0.0,0.0,0.0,0.0,0.0,0.0,1.4755957,0.0,1.721645,3.059889,0.0,0.0,0.0,0.0,0.0,0.29800484,1.1560681,0.0,0.27991217,1.3247455,0.0,0.0,0.0
0.0,0.0,2.2701747,0.0,0.0,0.0,0.0,2.576374,0.0,0.0,0.0,0.0,3.3540647,2.0239482,0.0,0.0,0.0,0.48131913,0.0,2.442955,0.0,1.8092474,3.453383,1.6685975,0.0,0.42594433,0.0,0.0,1.0433084,0.0,0.0,1.2938321,0.0,1.3464634,0.0,0.0,0.0,0.0,0.0,0.0,0.0,0.0,0.0,0.0,0.0,0.0,3.8393419,0.0,0.0,0.0,1.328135,0.85615104,0.0,0.0,0.0,0.0,1.4326408,0.0,2.5669205,1.6259028,4.278029,0.0,0.3144786,0.0
0.0,0.8068605,0.4019259,0.0,4.7279577,2.4180284,0.0,0.0,0.6478867,2.0104952,0.0,0.0,0.0,0.687415,0.0,0.0,3.6724417,5.951149,0.0,0.0,0.92387086,0.33620012,0.0,0.0,0.0,3.547322,0.6342056,0.0,0.0,0.0,0.11194601,3.755336,2.452601,0.0,0.0,5.764424,0.7709078,1.1711255,0.0,3.2074642,4.8299046,0.0,0.0,4.0341945,2.2274706,0.0,0.0,1.9523264,0.0,3.195599,0.0,0.0,2.4052744,0.0,0.0,0.0,1.9529562,0.0,0.009229781,3.9307609,0.0,0.9395769,0.0,5.1815805
0.0,0.0,0.9925551,2.211749,0.0,0.0,0.93032545,1.6855319,0.0,0.41745222,1.3247955,0.0,0.0,2.0400984,0.0,0.0,3.5989637,0.595223,0.0,0.0,1.4946363,0.0,0.0,2.759597,0.26101193,4.1145687,1.7436572,0.05253814,3.86538,0.0,1.1978664,0.0,0.0,0.0,0.0,0.0,4.8012505,0.0,0.0,0.0,0.0,0.0,0.0,0.0,1.5044385,0.0,0.0,0.0,0.0,2.17515,3.7396705,1.8097434,0.0,0.3410595,0.0,0.0,3.823471,3.3076768,3.7194812,0.0,2.917043,0.0,3.2145963,0.0
2.4102545,0.0,0.0,0.0,2.0086632,3.358307,0.21333519,0.0,0.0,0.0,1.0447029,0.0,0.27801535,4.0186234,0.0,0.0,0.469609,2.8853276,0.0,1.4786574,1.699537,0.0,2.485518,0.0,0.0,0.0,1.2092125,0.0,0.0,0.0,0.82306945,1.9728899,0.0,0.0,0.0,0.0,0.5329351,1.4625732,2.5807402,0.0,0.9255814,3.012474,0.0,0.0,0.0,0.0,0.26697472,0.0,0.0,0.07338256,0.0,4.7742615,0.0,0.0,0.0,0.0,0.0,0.0,1.7292763,1.0635269,0.0,0.11306615,0.6591607,4.878667
2.5595398,0.0,0.0,0.0,4.130597,0.0,0.0,0.0,2.9031875,0.0,0.0,0.0,3.5868611,9.656338,0.0,0.0,0.0,0.0,0.0,0.0,2.5601404,0.0,2.7208595,0.0,0.10454747,0.0,0.0,0.0,0.0,0.0,0.78764504,2.8222642,2.3308496,0.0,0.0,2.7295969,1.2494172,2.2625377,0.0,3.1051168,3.7111778,0.3137003,0.0,2.2850916,0.0,0.0,0.0,0.0,0.0,0.558428,0.23644692,2.5260327,0.0,0.0,0.0,0.74109674,1.3699156,0.0,0.43453297,0.34159046,0.0,1.0113668,0.0,4.6694026
0.0,0.0,0.0,0.6784015,0.42179188,0.61718464,1.4808923,0.0,0.0,0.0,0.027810466,0.0,0.0,0.8178445,0.0,0.0,2.0138268,3.6915827,0.0,0.0,0.00392875,0.0005480964,2.7711442,0.0,0.0,3.9957767,0.0,0.0,0.398831,0.0,0.0,5.8251805,0.10354175,0.0,0.0,0.0,3.2637856,0.0,0.0,3.1823335,1.7572217,0.0,0.0,3.7987072,0.118263826,0.0,0.023419876,0.0,0.5958448,0.0,0.0,0.0,0.0,0.95929956,0.0,0.0,0.7315392,0.0,0.091328636,1.3699893,0.0,0.0,0.0,1.5015934
0.0,1.5268936,1.2925438,0.0,0.0,0.0,0.0,0.5965173,0.0,0.0,1.3936055,0.0,2.5293977,0.40074155,0.0,0.0,0.0,1.1300899,0.0,2.0164592,0.0,1.0015851,1.7293651,1.5194085,0.8500517,2.3635728,0.0,0.0,1.9309522,0.0,0.34861857,1.9156436,0.0,0.17644271,0.0,0.0,0.37161446,0.0,0.0,0.10017953,0.0,0.0,0.0,0.0,0.0,0.0,1.6125917,0.0,0.0,0.0,1.1032048,0.5364037,0.0,0.3466561,0.0,0.0,0.25362778,0.0,2.5883913,0.0,4.121959,0.0,1.642499,0.0
0.0,0.0,0.0,0.0,2.2858512,0.0,0.0,0.0,0.0,0.0,0.8332892,0.0,4.0214357,2.28607,0.0,0.0,0.0,2.7105558,0.0,0.0,0.081814796,1.7993736,6.9930797,0.0,0.0,0.0,0.0,0.0,0.0,0.0,0.0,4.9132223,0.0,0.7910816,0.0,0.0,0.0,0.56750554,2.4360712,1.3554114,4.711983,0.0,0.0,0.0,1.7719107,0.0,7.958362,0.0,0.0,0.0,0.0,0.12687683,2.7056797,0.0,0.0,0.0,0.0,0.8281714,0.13083991,0.11945482,1.9955984,0.03542032,0.0,1.4316705
0.0,2.9803092,1.303295,0.0,0.0,0.0,0.0,1.9359955,0.0,0.20614877,0.3410999,0.0,2.686651,0.36365187,0.0,0.0,0.0,0.9929531,0.0,2.0503836,0.0,1.7472574,3.1659334,1.7304991,0.28674716,0.0,0.0,0.0,0.10115459,0.0,0.0,0.21984994,0.0,0.10419942,0.0,0.0,0.0,0.02397195,0.0,0.0,0.0,0.0,0.0,0.0,2.187275,0.0,1.6432335,1.3200558,0.0,0.0,2.4851,0.0,0.0,0.0,0.0,0.0,0.0,0.0,1.405298,0.8834036,2.6170936,0.86065304,0.0,0.0
0.0,0.0,0.0,0.0,4.2341104,0.0,4.610427,0.7460196,0.0,1.3105121,1.0805205,2.876955,0.0,0.0,0.09271913,0.0,3.0707757,1.6435677,0.0,1.647631,0.5573702,0.0,0.0,0.0,0.0,0.76442564,2.0849488,0.0,0.0,0.0,0.0,0.0,0.0,1.8202341,0.0,0.0,0.18875302,0.0,0.0,0.0,1.8966315,0.0,0.0,0.0,0.0,0.0,0.0,0.63171715,0.0,1.5597719,0.52034235,0.0,0.0,0.0,0.0,0.0,0.0,2.0075703,2.4654696,0.0,0.42149723,3.1828423,4.081156,2.0682654
0.19057624,0.0,0.0,0.0,1.8279759,3.167891,2.266812,0.0,0.0,0.0,0.0,0.0,0.6205996,2.4217381,0.0,0.0,0.8165145,0.560353,0.0,0.79243183,1.9873083,0.0,0.773595,0.0,0.0,0.0,1.581386,0.0,0.0,0.0,0.6705146,2.4023726,1.2700297,0.0,0.0,1.3808718,2.3323276,0.0,0.0,2.4241328,0.38141945,0.7089214,0.0,0.0,0.0,0.0,0.0,0.42723647,0.0,1.3474462,0.0,1.4842578,0.0,0.0,0.0,0.0,4.7645345,0.0,0.6823959,1.3980782,0.0,2.080466,0.0,2.9419448
0.0,0.16970836,0.0,0.0,0.58176315,0.0067350287,1.5358462,0.0,0.0,0.35705218,0.2509613,0.0,0.5732733,2.3014245,0.0,0.0,0.0,0.0,0.0,0.0,1.6410092,0.0054408605,3.5082068,0.0,0.0,1.866869,0.0,0.0,0.0054265223,0.0,1.8843473,4.603935,0.9814206,0.0,0.0,0.0,3.098488,0.0,0.0,3.7016828,1.3298426,0.0,0.027697783,1.5286409,0.0,0.0,0.0,0.0,0.0,0.0,0.0,0.23340517,0.008198576,0.17464826,0.0,1.2894664,3.393441,0.0,0.9435841,1.4310329,0.86268616,0.0,0.0,0.057509795
0.0,1.5966145,0.0,0.0,0.0,0.0,0.70124227,0.0,0.0,0.82321054,0.47711232,0.0,2.5003545,0.23470023,0.0,0.0,0.0,0.0,0.0,1.477458,1.1390326,1.0064069,1.4752411,1.5851817,0.38920507,1.9672606,0.0,0.0,0.6908942,0.0,3.226531,2.679146,1.4864056,0.9936813,0.0,0.0,0.03265695,0.0,0.0,1.7724861,0.0,0.0,0.1573986,0.0,0.0,0.0,0.0,0.22580913,0.0,0.18201092,1.6341788,0.0,0.0,0.0,0.0,0.4519488,0.0,0.0,2.5032825,0.7742425,3.2671862,0.0,0.0,0.0
0.0,0.0,2.2533612,0.0,1.1651143,0.0,0.0,0.0,0.0,0.0,5.9796786,0.0,0.43285474,3.1733449,0.0,0.0,0.0,4.2470303,0.0,0.120168835,0.08681081,0.0,0.0,1.6741858,0.0,2.694621,0.0,0.0,0.0,0.0,0.0,1.6905732,0.0,2.124875,0.0,0.0,1.0632138,0.0,0.0,0.0,3.2150624,4.372804,0.0,1.4554867,1.6542172,0.0,2.920738,0.28509444,3.9778385,0.0,0.0,2.394182,0.0,0.39734644,0.0,0.40944433,0.0,2.3782375,3.320797,0.31916174,0.19462694,2.9613893,0.0,1.8378365
0.21370682,0.0,0.0,0.0,0.0,0.05639148,3.0069761,0.0,0.0,1.5917524,2.4165184,0.0,0.8962523,0.7027249,1.351934,0.0,0.0,3.0614536,0.6551942,0.848652,1.3548148,0.0,0.0,0.09621544,0.0,1.94947,0.39209569,0.0,2.3019683,0.0,0.861494,2.269106,0.60812,0.18064861,0.0,0.65605265,5.9669805,0.0,0.0,0.0,1.862585,1.0178379,0.0,0.8213242,0.0,0.0,0.0,0.31544307,0.0,0.0,3.0577018,0.5817037,0.0,2.7006757,1.8296981,0.0,2.1254177,0.0,2.7215939,0.0,1.5281006,0.0,0.515985,1.213731
0.0,0.0,0.21680096,0.0,0.0,0.0,0.0,3.420407,0.0,0.9956145,1.4475667,0.0,1.521229,0.0,0.0,0.0,0.0,1.9481602,0.0,1.2144674,0.3005026,1.0753903,4.812412,0.57940304,1.1828748,0.0106721595,0.0,0.0,3.0823002,0.0,0.0,0.0,0.0,0.0,0.0,0.0,0.11991878,0.0,0.0,1.2053003,0.0,0.0,0.0,1.9663973,2.2968745,0.0,5.8683567,0.0,0.0,0.0,1.2796613,0.0,0.0,0.0,0.0,0.0,0.0,0.080379836,2.2361436,0.0,2.3669822,0.0,0.0,0.0
0.0,1.5679328,0.8799889,0.0,0.043930255,0.0,0.0,2.0582144,0.0,0.0,0.0,0.0,1.3139405,0.0,0.0,0.0,0.0,2.3515851,0.0,3.0570633,1.3410069,1.7701634,2.342098,2.4475102,0.116629936,3.0539048,0.0,0.025595475,1.2733829,0.0,0.8294764,0.6976648,0.0,1.6133063,0.0,0.0,0.0,0.0,0.053033456,0.0,0.0,1.0243344,0.0,0.0,0.0,0.0,0.6494905,1.533132,0.0,0.3818179,0.1490719,0.0,0.0,0.0,0.0,0.0,0.0,0.0,2.632488,0.8854758,5.8850427,0.0,0.0,0.0
0.0,2.7583137,0.7534661,0.0,0.70193017,0.0,0.0,3.5177286,0.0,0.0,0.0,0.0,2.0760655,0.9235808,0.0,0.0,0.0,0.0,0.0,0.0,1.5356315,3.1557252,2.7374382,3.358115,0.0,0.5038785,0.0,0.0,0.44482094,0.0,0.28161013,1.8120588,0.0,0.0,0.0,0.0,0.9054307,0.0,0.29538205,1.88904,0.0,0.0,0.0,0.0,0.6280721,0.0,0.6990432,0.0,0.0,1.266558,2.7203264,1.0273327,0.0,0.0,0.0,0.0,0.0,0.17210989,0.0,1.1778914,1.9428649,0.0,0.0,0.0
0.0,0.13414599,0.28522968,0.0,0.0,0.0,0.0,1.3671806,0.0,0.0,1.3263716,0.0,0.0,0.0,0.0,0.0,0.0,0.0,0.0,0.0,0.0,0.4195465,2.2045984,3.377565,0.0,0.0,0.0,0.0,0.35927004,0.0,0.0,0.8105065,0.0,1.2466874,0.0,0.0,0.79472977,0.2616291,0.1875156,0.0,0.0,0.0,0.0,0.0,3.1418157,0.0,3.2906232,2.275839,1.3067151,0.0,0.0,2.0571086,0.0,0.0,0.0,0.08039591,0.0,0.20070273,2.5259025,0.0,0.0,0.0,3.7616763,0.0
0.0,0.0,0.26667184,2.2399328,1.8371563,0.0,3.1349497,0.8656894,0.0,0.0,0.0,0.0,0.0,2.6889372,3.8632958,0.0,1.5145646,2.7979224,0.0,4.9022307,0.52091104,0.0,0.0,2.1387475,0.0,0.0,0.0,0.0,0.0,0.0,0.0,0.0,0.32051653,0.0,0.0,0.0,1.7903305,0.0,0.0,0.0,0.0,1.08748,0.0,0.15872923,0.0,0.0,1.5039524,0.0,0.15564683,1.0820761,1.6496882,0.35002616,0.0,0.0,0.0,0.0,0.115664735,3.0763748,3.9663196,0.061588764,0.0,2.9687712,2.7888827,0.0
0.0,0.0,0.16841887,0.0,2.813975,2.9759305,0.51034915,0.0,0.113090806,0.20264173,0.0,0.0,0.0,3.131071,0.0,0.0,1.9083911,0.0,0.0,0.9746627,0.59876686,0.0,0.0,2.807187,0.0,1.3797636,0.0,0.0,0.0,0.0,1.4910388,2.8162298,2.7964823,0.0,0.0,2.1386414,2.8783755,0.0,0.0,1.9208708,0.0,3.0723586,0.0,2.4828792,0.0,0.0,0.0,0.36611453,0.0,1.6613827,0.0,0.0,0.0,0.0,0.0,0.0,4.265527,1.8567672,0.0,5.0380616,0.0,2.457742,0.11879893,1.6920648
0.0,0.0,0.0,0.0,3.4120378,0.0,3.938758,0.2596513,0.0,0.0,0.0,0.0,0.0,3.221092,0.0,0.0,4.461608,2.437869,0.0,2.567244,1.425658,0.0,0.28971267,0.0,0.0,0.0,2.0633323,0.0,0.0,0.0,1.1950395,1.3600844,0.0,0.0,0.0,0.0,3.2218528,0.0,0.33484307,0.0,1.5630895,0.09243621,0.0,0.0,0.0,1.164707,0.0,0.09450679,0.0,1.9159489,0.0,2.4192512,0.0,0.0,0.0,0.0,1.4411913,0.091869816,0.97342867,1.6260227,1.3770165,0.113747366,2.1183276,2.280842
0.0,0.097480975,0.6086296,0.0,0.0,0.0,0.0,0.46023184,0.0,0.0,0.29034325,0.0,3.9294837,2.5039601,0.0,0.0,0.0,0.0,0.0,1.0280768,0.0,1.5031842,3.8362017,1.2531598,0.0,0.9699187,0.0,0.0,1.9385847,0.0,0.0,2.2290413,0.0,1.6005152,0.0,0.0,0.0,0.0,0.0,0.0,0.24646294,0.0,0.0,0.0,0.38742197,0.0,4.727369,0.9887077,0.0,0.0,0.0,2.8057814,0.0,0.0,0.0,0.0,0.0,0.85805476,1.285884,0.0,3.8583798,0.0,0.0,0.0
0.0,2.9181843,2.6789365,0.0,0.11912446,0.0,0.0,0.6675618,0.0,0.0,0.0,0.0,0.32971397,0.55685115,0.0,0.0,0.0,0.6571167,0.0,1.4634978,1.9343119,3.530243,2.397945,3.6716588,2.5787535,2.5419853,0.0,0.0,1.2625709,0.0,0.46454167,1.1568186,0.0,0.0,0.0,0.0,0.3910847,0.0,1.5039558,1.1890136,0.0,0.0,0.0,0.0,0.0,0.0,1.0910327,0.0,0.0,0.0,1.2401067,0.0,0.0,0.03270262,0.0,0.14212467,1.2273588,1.0140198,0.0,0.0,3.045631,0.0,0.0,0.0
0.0,4.8771257,0.88322055,0.0,3.8240886,0.082498215,0.0,0.0,0.0,1.5805906,0.5594765,0.0,0.0,0.0,0.0,0.0,1.3738735,4.4738245,0.0,2.0828497,2.9840074,4.212993,0.05351588,0.0,0.0,1.528113,0.0,0.0,0.0,0.0,2.222678,6.8386545,0.0,0.0,0.0,0.0,0.0,2.217153,0.0,2.4465535,1.4999865,0.0,0.0,1.5224023,1.5010617,0.0,0.0,0.4487512,1.2228132,0.18508273,0.0,0.0,0.8929556,0.29664508,0.0,4.104258,0.0,0.0,1.3482174,1.572668,0.0,0.0,0.0,0.0
2.0778773,0.0,0.0,0.0,0.0,0.46961695,2.884733,0.0,0.0,0.0,0.0,0.0,1.8715272,1.1596308,0.26752466,0.0,0.0,0.0,0.87183696,0.0,0.13903227,0.0,2.7659044,0.0,0.0,1.1146863,0.5610226,0.0,3.0328372,0.0,0.44074395,2.91158,0.40873393,0.4792591,0.0,0.0,1.9484508,0.0,0.0,0.3451442,0.54080623,0.0,0.0,0.15179583,0.0,0.0,1.6680557,0.14004245,0.0,0.0,0.6811268,1.1196052,0.0,0.94347674,0.0,0.54805964,2.6051087,0.0,2.455117,0.1597823,0.13658231,0.0,0.0,0.7804312
0.0,0.24462093,0.0,0.0,0.0,0.0,0.0,1.4828451,0.0,0.28424445,0.22297181,0.0,2.1647363,0.0,0.0,0.0,0.0,0.0,0.0,0.13504584,0.0,1.8259294,3.823643,0.8291778,0.49219027,0.92460555,0.0,0.0,1.3506194,0.0,0.0,1.8676975,0.0,0.9717844,0.0,0.0,0.12457074,0.0,0.0,2.7150366,0.0,0.0,0.0,0.0,1.0554416,0.0,3.8793213,0.0,0.0,0.0,0.5526067,1.1609398,1.0079302,0.0,0.0,0.0,0.1544921,0.0,1.5053402,0.0,0.9682597,0.0,0.0,0.0
0.44199985,0.0,0.0,0.0,2.397068,1.539249,0.038907997,0.0,0.0,0.0,0.0,0.0,3.450398,2.634859,0.0,0.0,0.0,0.0,0.0,0.13637589,2.2934995,0.0,1.4821424,0.0,0.0,0.0,0.0,0.0,0.6045421,0.0,0.0,4.6971407,0.0,0.0,0.0,0.0,0.0,0.0,0.0,1.7738266,1.0575138,0.0,0.0,0.0,0.0,0.0,0.0,0.0,0.0,0.0,0.0,0.9269245,1.670094,0.0,0.0,0.020458752,3.3639975,0.40443897,0.0,1.4812013,0.0,1.1854916,0.0,1.2237942
0.0,0.0,1.2333664,0.0,3.0988743,0.0,0.0,4.709089,0.0,0.0,0.4239019,0.0,0.69054246,0.42772007,0.0,0.0,0.0,1.0318215,0.0,0.17460105,0.0,1.8034611,0.8095167,1.5852181,0.0,0.0,0.0,0.0,0.5158855,0.0,0.0,0.0,0.0164995,0.8642099,0.0,0.0,0.0,0.0,0.0,0.0,0.0,0.0,0.0,1.821581,1.6761045,0.0,0.43446547,2.916853,0.0,0.24979846,2.5675895,0.0,0.0,0.0,0.0,0.0,0.0,1.1200472,2.4787903,1.0788995,2.4615996,3.5698857,2.053632,0.0
0.0,2.0794723,0.44016525,0.0,0.5927744,0.0,0.0,4.466891,0.0,0.0,0.62165624,0.0,3.2317533,0.0,0.0,0.0,0.0,0.0,0.0,1.8537318,0.17470402,2.92922,4.023138,2.6385903,1.6387365,0.028312229,0.0,0.0,1.5187857,0.0,0.0,0.0,0.0,0.44177562,0.0,0.0,0.6156211,0.0,0.0,0.15312223,0.0,0.0,0.0,0.11768138,3.127056,0.0,3.2562594,0.0,0.0,0.0,2.749035,0.0,0.0,0.0,0.0,0.0,0.0,0.0,1.3559928,0.067740336,2.681743,0.89398265,0.0,0.0
0.0,0.47797853,1.7233095,0.0,0.69028044,0.0,0.0,0.20294414,0.0,0.0,0.12065676,0.0,0.0,0.0,0.0,0.0,0.5449099,2.3601382,0.0,0.75190985,0.0,0.53262806,1.8842541,1.9455303,0.0,0.5926008,0.0,0.0,0.0,0.0,0.0,1.3500494,0.0,0.0,0.0,0.0,1.2477108,1.0571483,0.89138854,0.0,0.0,0.010462878,0.0,0.0,0.3234524,0.0,1.644843,1.0108272,0.0,0.0,0.0,1.0940942,0.0,0.0,0.0,0.40222424,1.1383328,0.0,0.53813726,0.7331293,0.58388484,0.0,1.9434816,0.47480837
0.5996462,0.0,0.0,0.36099145,1.9649086,0.09871234,2.4087994,0.0,0.7536947,0.0,0.0,0.0,1.580123,3.3882914,0.0,0.0,0.0,0.0,0.0,1.7876387,3.7862053,0.0,0.0,0.0,0.42187285,1.6813666,0.09396658,0.0,0.7456013,0.0,0.9437944,2.7160642,0.37880504,0.0,0.0,0.98150676,1.8668535,0.0,0.0,0.0,0.7809066,0.14116965,0.0,0.0,0.0,0.0,0.0,0.0,0.0,0.62152565,0.11584249,1.3833216,0.0,0.0,0.0,0.47695187,3.2416804,0.0,0.0,1.1749479,0.0,0.24367416,0.7967626,0.9652138
0.0,4.561455,1.0751251,0.0,0.0,0.0,0.0,0.0,0.0,1.7353357,1.0983539,0.0,3.060784,0.0,0.0,0.0,0.0,0.835945,0.0,0.0,0.0,1.7558591,3.3123283,2.5337932,0.0,1.9041319,0.0,0.0,1.7350138,0.0,2.8862798,2.6268559,0.69815975,0.0,0.0,0.0,2.2358043,0.0,0.0,2.3814406,0.0,0.0,0.0,0.3639434,0.5819704,0.0,0.0,0.14618354,0.0,0.0,3.2890558,0.0,0.0,0.051784646,0.0,0.0,0.0,0.0,1.3609732,1.7057533,4.1432776,0.0,0.36903554,0.0
0.0,2.0749652,0.0,0.0,0.0,0.0,0.0,2.1029122,0.0,0.0,0.0,0.0,3.1915605,0.86371654,0.0,0.0,0.0,0.0,0.0,3.0505939,0.38393292,2.3247182,1.1148534,2.518637,1.8586638,1.2788602,0.0,0.0,1.2159475,0.0,0.004904134,1.4427834,0.68491423,0.0,0.0,0.0,0.0,0.0,0.0,3.1400952,0.0,0.0,0.0,1.2009283,0.8077184,0.0,2.372126,0.0,0.0,0.0,2.5156102,0.0,0.46869624,0.0,0.0,0.0,0.0,0.0,1.6501207,0.0,0.61840415,0.0,0.08774124,0.0
0.0,1.093441,0.23316571,0.0,2.160691,0.0,0.0,0.0,0.0,0.9772149,1.0354763,0.0,2.539369,1.6183188,0.0,0.0,0.0,0.732369,0.0,1.1214455,3.4589534,0.0,0.0,0.0,0.0,1.2672272,0.0,0.0,1.0170447,0.0,1.3404619,4.852065,0.57850397,0.0,0.0,2.1423948,1.6415769,0.04918498,0.0,1.7501073,3.2987692,0.0,0.0,0.32870787,0.0,0.0,0.0,1.1862592,0.0,0.0,1.2852818,0.009356249,2.8143344,1.508425,0.18469521,2.668281,1.335061,0.0,1.2836194,0.9746645,0.0,0.0,0.0,3.2284431
0.0,1.6188843,2.1043413,0.0,0.0,0.0,0.0,1.927515,0.0,0.0,0.5737003,0.0,2.1417446,0.0,0.0,0.0,0.0,0.0,0.0,0.24009785,0.0,2.1791344,4.567309,3.8582454,0.0,3.0269125,0.0,0.0,3.1403198,0.0,0.0,0.0,0.0,2.114957,0.0,0.0,1.6699389,0.0,0.0,0.0,0.0,0.0,0.0,0.0,3.1369581,0.0,2.8976972,0.6318096,0.0,0.0,2.6468003,1.9699386,0.0,0.0,0.0,0.0,0.0,0.0,1.4059554,0.0,4.062673,0.0,0.39875725,0.0
0.0,0.0,0.17280452,0.0,3.347304,2.6739805,2.4380312,0.0,0.0,0.0,1.6532656,0.0,0.0,4.4437833,0.0,0.0,1.9894973,2.1018653,0.6760338,1.3560879,0.6613672,0.0,0.0,0.0,0.0,2.0609004,0.0,0.0,0.0,0.0,0.0,2.5356033,0.0,0.0,0.0,0.6637627,0.0,0.6446988,0.0,0.0,1.0166012,4.92176,0.0,2.7579281,0.0,0.0,1.7595417,0.0,0.0,0.0,0.0,1.1558297,0.0,0.33000442,0.0,0.0,0.0,1.565137,1.366464,1.5927578,0.0,3.2921433,0.4310137,2.9903016
0.0,0.0,0.06901815,1.6023864,2.9487698,1.3361638,2.3761852,0.0,0.0,0.0,0.0,0.18163407,0.0,1.5153595,0.0,0.0,3.3152642,0.7768293,0.0,2.4430187,0.04169444,0.0,0.0,2.333379,0.0,4.248659,0.4472299,0.0,0.0,0.0,0.38609883,0.0,0.0,0.0,0.0,0.22983533,1.5208064,0.0,0.0,0.0,0.0,4.2066736,0.0,1.0199212,0.0,0.0,0.0,0.0,0.0,1.34842,0.0,0.0,0.0,0.0,0.0,0.8303777,4.4698534,0.666597,1.2160587,3.5515494,0.0,0.99418414,0.9552628,1.3902148
0.0,0.0,0.0,1.4998422,0.0,0.0,0.7336536,2.1923902,0.0,1.8550743,1.4321113,0.0,1.5320243,0.23683222,0.993409,0.0,0.0,0.0,0.0,0.0,0.0,0.0,1.5905266,1.7067457,0.0,0.47380012,0.0,0.0,3.7281685,0.0,0.0,0.0,0.4664374,2.593423,0.0,0.0,1.8691226,0.0,0.0,0.0,0.0,0.0,0.0,0.89536864,3.2162437,0.0,1.7132051,2.5183606,0.0,0.0,3.30726,0.14118654,0.0,0.0,0.0,0.0,0.0,0.48460054,4.5000777,0.0,1.2763286,0.06337994,2.0355294,0.0
0.0,0.39783293,1.5138973,2.8525112,0.0,0.21986899,4.1179414,0.0,0.0,0.22436808,0.0,0.0,0.0,0.0,0.0,0.0,1.6726459,6.3387394,0.0,2.6027308,2.39062,0.0,0.0,0.0,1.6601956,0.6444079,5.492036,0.0,0.0024546022,0.0,2.8451245,0.34498498,1.4395543,0.0,0.0,1.9724691,2.5556588,0.0,0.0,0.0,0.0,0.0,0.0,2.0587745,0.0,0.0,0.0,5.7731194,0.0,2.6939666,0.0,0.07405972,0.0,0.0,0.0,0.27216452,5.244801,0.0,2.1933486,1.2527095,0.0,1.1824367,1.0775148,1.7610997
0.0,0.0,0.0,0.0,0.40160704,0.0,2.491051,3.4992328,0.0,0.0,0.0,0.0,0.0,0.8192916,0.0,0.0,0.4899295,0.0,0.0,2.6232023,0.0,0.0,0.011766219,5.91654,0.16274005,0.0,0.0,0.0,1.7461958,0.0,0.5118373,0.0,0.0,0.0,0.0,0.0,0.0,0.0,0.0,0.0,0.0,0.0,0.0,0.66777986,0.0,0.0,0.6655199,3.0796235,0.007965125,0.0,0.0,0.1329742,0.0,0.0,0.0,0.0,0.46264648,1.2879657,2.875512,0.0,2.5408273,1.2158666,4.239894,0.0
0.0,0.0,0.0,0.0,3.7897108,1.6711403,5.845265,0.0,1.8652745,0.10012306,1.9461343,0.0,0.0,4.5777164,0.0,0.0,1.7472409,0.0,0.0,3.5276423,0.2737518,0.0,0.0,1.344401,0.0,0.3117315,0.0,0.0,0.0,0.0,0.0,0.5739851,2.2618477,0.0,0.0,2.3114555,0.0,0.0,0.0,0.0,0.0,3.7282069,0.0,4.5702696,0.0,0.0,0.77488375,0.27985987,0.0,0.0,0.0,0.0,0.0,0.14437056,0.0,0.0,1.0278072,3.2049606,0.3612123,0.015211464,0.0,6.591783,2.9326055,2.9412084
0.0,1.4049253,0.7481762,0.0,0.29603344,1.9602884,3.0067453,0.0,1.3721056,0.6266235,0.6961328,0.0,0.0,0.0,0.0,0.0,0.075508244,0.0,0.0,0.0,1.1591104,0.0,1.1478099,0.0,0.0,0.0,0.0,0.0,0.0,0.0,0.45247263,2.6175883,0.0,0.0,0.0,0.0,0.0,0.0,0.0,0.91653377,1.7899683,0.0,0.0,2.332798,0.81066793,0.0,0.0,1.1701962,0.0,0.0,0.0,0.0,1.0671018,0.0,0.0,0.5531079,0.8118092,0.0,0.23716722,0.0,0.0,1.8239421,0.0,1.313658
1.040949,0.38741735,0.0,0.0,1.62927,1.7932712,0.5714457,0.0,0.0,2.0708332,0.82398236,0.0,0.9011449,1.1173778,0.0,0.0,0.0,1.1854154,0.0,1.550825,3.5546806,1.7833331,1.0786631,0.0,0.0,1.5423278,0.74872327,0.0,0.0,0.0,2.4626389,4.84785,0.0,0.0,0.0,0.0,0.0,0.2745725,0.0,1.0990447,1.3686417,0.20526794,0.0,0.0,0.0,0.0,0.0,0.0,0.0,0.5630513,0.0,2.5736227,0.0,0.0,0.0,0.66079915,1.764405,0.0,2.8113618,1.1713569,0.0,0.5186213,0.0,2.3700871
0.0,3.5533369,0.0,0.030331384,0.0,0.0,0.0,0.7429501,0.0,0.11431089,0.5834868,0.0,5.1007833,1.1140487,0.0,0.0,0.0,0.0,0.0,1.4017856,0.0,0.47571048,1.8887768,2.6343722,1.7258517,0.9002365,0.0,0.0,3.4948924,0.0,0.72235316,1.5691823,0.060644485,0.83474135,0.0,0.0,0.41291803,0.0,0.0,0.4870172,0.0,0.0,0.0,0.2822287,1.9083378,0.0,1.4160068,1.1227212,0.0,0.0,5.0331035,0.0,0.0,0.0,0.0,0.108063504,0.0,0.2557158,1.3351552,0.32295576,2.992956,0.0,0.34602544,0.0
0.0,0.0,0.9467878,0.0,0.057799876,0.0,1.7566208,0.0,0.0,0.0,1.0185744,0.19022204,0.0,2.290849,0.0,0.0,2.142683,1.8548841,0.0,0.1389684,0.049615424,0.0,0.8556556,0.0,0.0,0.60714096,0.064644866,0.16945884,0.0,0.0,0.0,1.9721355,0.0,0.29509142,0.0,0.27835104,1.6347122,0.0,0.0,0.0,2.2190332,0.67672634,0.0,0.0,0.0,0.0,0.17488515,1.0003426,0.0,0.6802229,0.0,0.59412616,0.0,0.11564313,0.0,0.0,1.0830528,0.5449357,1.6379204,1.2564871,0.18729162,0.07553293,0.8541425,2.2530172
0.0,0.0,0.0,0.32587767,0.0,0.0,2.4692788,0.99498296,0.0,0.26735833,1.2133912,0.0,0.0,1.7343136,0.8724356,0.0,1.6515466,1.1619956,0.0,0.0,0.0,0.0,0.0,0.0,0.0,0.0,0.7169461,0.0,3.9657598,0.0,0.0,0.0,0.0,0.6291437,0.0,0.0,2.4184551,0.0,0.0,0.0,0.0,0.0,0.0,2.0194478,0.0,0.0,4.8482246,3.0448594,2.3566086,0.0,0.0,0.0,0.0,0.07676917,0.0,0.0,0.0,4.4294233,4.9913874,0.0,0.33376852,1.5045398,3.427937,0.05979236
0.0,0.4372151,0.07962656,0.0,1.2154412,0.0,0.0,1.7693485,0.0,0.0,0.0,0.0,2.180265,1.4856594,0.0,0.0,0.0,0.0,0.0,0.0,0.0,1.2213404,2.394615,1.971345,1.1054924,0.0,0.0,0.0,0.0,0.0,0.58288217,0.58619314,0.0,0.0,0.0,0.0,0.0,0.8204896,0.47705176,0.0,0.0,0.0,0.0,0.0,0.0,0.0,0.29900008,0.45037088,0.0,0.35375434,0.6187494,1.3815366,0.0,0.0,0.0,0.0,1.5266315,0.0,0.05763555,0.89574474,1.2746257,0.0,0.0,0.0
0.0,0.0,0.37418592,0.0,0.035212096,0.0983583,1.2165695,0.0,0.0,0.0,1.0165181,0.0,0.0,2.5056624,0.0,0.0,1.5334604,0.70359457,0.0,0.123417474,2.1789212,0.0,2.7026668,0.0,0.0,1.6398988,0.050396305,0.0,0.9652166,0.0,0.0,3.2306032,0.0,0.0,0.0,0.0,1.9612035,0.0,0.0,0.0,0.0,2.0395927,0.0,0.0,0.0,0.0,1.3656113,0.0,0.0,0.04183375,0.0,2.4390116,0.0,0.0,0.0,0.0,2.5322258,0.21518064,2.206815,0.43623528,2.2802615,0.0,1.69837,0.674812
0.0,0.0,0.0,0.0,1.0049388,0.8282959,1.7871948,0.0,0.20775428,0.0,0.10200961,0.0,0.0,1.7800806,0.0,0.0,1.6758676,1.6639714,0.0,0.18017468,2.1471474,0.0,1.0272382,0.0,0.0,0.0,0.046682425,0.0,0.0,0.0,1.2313895,2.073507,0.26191312,0.14458387,0.0,0.17717598,1.6983981,0.0,0.0,0.0,2.6986527,0.0,0.0,0.02722333,0.0,0.0,0.0,0.0,0.0,0.7723856,0.0,0.019265916,0.0,0.0,0.0,0.13358161,0.11919391,0.0,0.13176738,2.111041,0.0,0.301632,0.03179533,3.7288904
0.0,0.3089215,0.0,0.450873,0.0,0.9559681,3.9134839,0.0,0.7386189,2.0218825,4.884917,0.0,0.0,0.0,0.0,0.0,1.3596852,5.85452,0.0,1.4259678,3.5411975,0.0,0.0,0.0,1.4970552,0.6150807,5.918098,0.0,0.0,0.0,3.9855227,3.2307796,0.0,0.0,0.0,0.8720537,3.6580477,0.0,0.0,0.0,2.6665196,0.0,0.0,3.9831002,0.0,0.8576984,0.055925887,0.0,0.0,0.41254866,0.0,0.0,0.0,0.0,0.5384234,0.7176796,0.0,0.7643566,1.7038026,0.26387796,1.2300915,0.0,0.826141,0.47161058
0.0,0.0,0.0,0.47789875,1.1943847,0.54614705,3.4573658,0.0,0.9142819,0.23867539,0.27786267,0.0,0.46209356,0.0,1.8966036,0.0,0.35861886,1.0227356,0.0,0.35577863,0.0,0.0,0.0,0.097275846,0.0,0.71367484,0.0,0.1045265,0.0,0.0,0.0,0.9868569,1.5263667,1.760972,0.0,1.3669617,0.90654963,0.0,0.0,0.0,2.578042,0.20550294,0.0,0.05290693,1.2813199,0.0,0.0,2.234144,0.0,0.0,0.0,0.0,0.60509795,1.7189378,0.0,0.0,0.0,1.6969169,1.9377309,0.5399707,0.0,4.587875,0.0,3.0678544
0.0,0.0,0.5464871,0.0,4.4011493,3.1855137,0.41969568,0.0,0.03039848,0.0,2.0148878,0.0,0.0,6.1724772,0.0,0.0,1.4364645,1.0760963,0.0,1.5747668,0.0,0.0,0.0,0.30032623,0.0,0.0,0.0,0.0,0.0,0.0,0.3963033,2.0706747,0.34026662,0.0,0.0,0.0,0.0,0.0,0.0,0.0,0.643213,2.27488,0.0,3.235954,0.0,0.0,1.9406424,0.051559355,0.0,0.0,0.0,1.3647931,0.0,0.0,0.0,0.8690651,0.0,2.2999697,0.0,0.040966313,0.0,2.607496,0.8377402,2.4324348
0.0,0.0,0.05231757,0.0,1.5334111,0.0,0.608693,3.5926888,0.0,0.0,0.0,0.0,0.0,4.9179053,0.37867564,0.0,0.22232568,0.0,0.0,0.10244169,0.0,0.035074256,1.0549717,0.0,0.0,0.0,0.0,0.21802223,0.5396565,0.0,0.0,0.0,2.1975327,0.0,0.0,0.0,0.0,0.0,0.0,0.6426061,0.0,0.0,0.38392633,0.0,0.0,0.0,0.6550463,1.6402454,0.0,2.7701519,1.695393,0.7989098,0.0,0.0,0.0,0.0,1.2957445,0.48415628,1.3607566,0.8669673,0.0,1.0687466,1.1113596,1.2762952
0.0,0.0,1.493009,0.0,4.958906,1.538132,0.0,0.0,0.5295076,0.0,2.080331,0.0,0.74475586,7.7945204,0.0,0.0,1.8170836,4.0127754,0.0,0.2504427,0.24531077,0.0,0.6115132,0.0,0.0,1.2549404,0.0,0.0,0.0,0.0,1.361609,3.4066749,0.0,0.0,0.0,2.5307803,0.9755842,2.3986464,0.0,0.0,4.9069457,3.1394408,0.0,4.6153083,0.0,0.0,0.0,0.0,0.0,5.156615,0.0,1.3669212,0.09651248,0.0,0.0,0.05769865,1.6050676,0.0,1.1137525,4.848749,0.0,2.9293437,0.0,3.2765179
0.0,0.0,0.0,0.0,0.0,0.0,1.8734572,1.1465038,0.0,0.29046202,0.0,0.0,0.7458436,1.0328482,1.7843574,0.0,0.05096403,0.0,0.0,1.067737,0.0,0.0,1.1347488,0.0,0.0,0.30062208,0.0,0.0,1.4301618,0.0,0.0,0.9627271,0.0,1.8715769,0.0,0.0,1.0073481,0.0,0.0,0.0,0.0,0.0,0.0,0.75101817,0.50478524,0.0,4.225112,2.2434533,0.17329377,0.0,0.0,3.2155597,0.50983,0.0,0.0,0.0,1.3259968,0.52397615,1.5284594,0.0,0.0,0.73576206,0.0,0.9017743
0.0,0.0,0.17034209,0.09231158,0.0,0.0,0.053399287,0.96053094,0.0,0.0,0.6665548,0.0,3.8777442,1.6774424,0.0,0.0,0.0,0.0,0.0,0.32330725,0.0,0.25918576,0.73127323,1.720789,1.3715924,0.66830415,0.0,0.0,1.899955,0.0,0.0,0.21287493,1.2945915,1.107091,0.0,0.0,0.0,0.0,0.0,0.24200617,0.07086259,0.0,0.0,0.8494293,1.8278028,0.0,2.7732944,1.1918223,0.0,0.0,2.1355758,0.34144965,0.03257714,0.0,0.0,0.0,0.9486222,0.7145182,0.59675163,0.15988778,0.0,0.56691533,0.0,0.0
0.0,0.0,0.82486284,0.0,0.0,0.0,0.0,0.0,0.0,0.39259946,0.0,0.0,4.5138664,2.009147,0.0,0.0,0.0,0.0,0.0,2.0760427,0.9646435,0.0,2.5115654,1.7070205,0.41184294,2.1862252,0.0,0.0,1.969167,0.0,0.64623874,2.4527037,2.47867,0.379576,0.0,0.0,1.8606281,0.0,0.0,1.1424676,0.0,0.0,0.36836135,0.0,0.0,0.0,1.9873759,0.0,0.0,0.0,2.0641024,0.90329033,0.0,0.0,0.0,0.0,2.82305,0.0,0.2754309,0.8568362,2.7233946,0.0,0.13354917,0.0
0.0,2.334902,0.40588474,0.0,0.0,0.0,0.0,1.7928611,0.0,0.0,0.4121503,0.0,4.452958,1.8157945,0.0,0.0,0.0,0.0,0.0,0.65444696,0.0,0.50482756,3.9524782,2.1027179,0.08661885,0.0,0.0,0.0,2.3701465,0.0,0.0,1.1151788,0.0,0.7514091,0.0,0.0,0.46556818,0.0,0.0,0.0,0.0,0.0,0.0,0.092606656,1.8498658,0.0,3.0587146,0.0,0.0,0.0,2.3791246,0.09319726,0.0,0.0,0.0,0.0,0.0,0.0,0.7347961,0.020467715,3.6423466,0.0,0.0,0.0
0.0,0.918295,0.39365616,0.0,2.3742933,0.0,0.0,2.4450033,0.0,0.0,0.072280705,0.0,2.688124,1.8467447,0.0,0.0,0.0,0.0,0.0,1.8573099,2.0312831,1.2922082,0.49799797,3.7283416,2.039912,0.029846162,0.0,0.0,0.9060151,0.0,0.97613364,0.0,0.0,0.0,0.0,0.0,0.0,0.0,0.0,0.0,0.0,0.0,0.0,0.0,1.0257328,0.0,0.022599056,0.083824106,0.0,0.06753327,3.8462,0.0,0.0,0.0,0.0,0.0,0.0,0.68577355,0.32984617,0.0,2.7720325,0.20701061,0.0,0.0
0.0,0.17141975,0.5758078,0.0,1.735674,0.0,0.0,0.53513145,1.3157591,0.80539924,0.0,0.0,3.5648675,0.3192848,0.0,0.0,0.0,0.0,0.0,3.5213952,4.0161643,1.836039,1.4974961,1.2479659,0.39437598,2.3564353,0.4352182,0.0,0.0,0.0,0.7308766,0.0,0.7255578,0.0,0.0,0.74471176,0.0,0.0,1.614484,0.103993356,0.8708001,0.0,0.0,0.0,0.90270215,0.0,1.3914686,0.0,0.0,0.0,0.0,1.5525523,0.6403847,0.0,0.0,0.0,1.2121834,0.0,0.55299443,0.0,2.534825,0.97798365,0.0,0.058745414
0.0,0.0,0.0,0.0,0.0,0.0,1.6531138,1.581229,0.0,0.0,0.0,0.0,0.4825913,1.4226667,0.29101974,0.0,0.0,0.0,0.0,3.2843304,0.70809877,0.0,0.0,2.0863972,0.458928,1.2321584,0.0,0.0,1.6068438,0.0,0.0,0.06122083,0.0,0.0,0.0,0.0,0.3910811,0.0,0.059186548,0.0,0.0,0.466146,0.0,0.0,0.0,0.0,2.855967,1.2681098,0.81298,0.09658397,0.6782026,0.7805424,0.0,0.0,0.0,0.0,1.0365282,0.5147769,1.5494661,0.0,2.0003123,0.30431384,0.7609063,0.0
0.0,0.0,0.17413183,0.0,4.9534125,0.29560903,1.4683304,0.022997208,0.77857774,0.0,0.7409501,0.0,0.0,3.2403078,0.37937832,0.0,0.24290508,3.1952422,0.0,0.071734525,0.0,0.0,0.0,0.0,0.0,0.0,0.0,0.0,0.0,0.0,0.0,0.0,0.0,0.27989155,0.0,0.0,0.0,0.6239336,1.0421693,0.0,1.916678,0.59025884,0.0,3.6309507,0.0,0.0,1.6278356,0.0,0.0,0.0,0.0,1.1386032,0.0,1.6708267,0.0,0.0,0.0,1.9463485,2.2750535,0.0,0.0,4.1545243,3.1136835,3.0786793
0.0,0.0,0.063086614,0.5065981,0.8938125,0.0,1.1060663,2.0610738,0.0,1.267831,0.0,0.055136554,0.5435907,0.0,0.5743927,0.0,2.2009528,0.044391505,0.0,0.8490502,0.07999754,0.0,0.0,0.31236595,0.0,2.1641014,0.12767039,1.7542077,0.0,0.0,0.03199955,0.70456797,0.88855314,0.39318082,0.0,0.44855925,1.9305874,0.0,0.0,0.0,0.0,0.32934874,0.0,0.8014985,0.112039775,0.0,0.0,0.814028,0.07364105,1.3282079,0.0,0.08350631,0.24101537,0.020247571,0.0,0.0018139062,1.8449646,0.24763148,1.545238,2.557198,0.074522965,1.7626672,1.5263627,0.0
0.0,2.011506,0.32050556,0.0,0.0,0.0,0.0,2.2984874,0.0,0.39132595,0.0,0.0,0.25484753,0.0,0.0,0.0,0.0,0.0,0.0,0.0,0.0,2.2973897,1.28893,3.6309245,0.0,0.5027358,0.0,0.0,0.7349681,0.0,1.6253828,0.0,1.6316382,0.0,0.0,0.0,0.3608491,0.0,0.0,0.3230127,0.0,0.0,0.0,0.0,0.117956296,0.0,0.0,2.3209033,0.0,0.22046196,1.5607291,0.0,0.0,0.0,0.0,0.0,0.0,0.03532784,1.8826323,0.040160764,3.4614305,0.0,1.1507875,0.0
0.0,0.0,1.4824848,0.0,0.0,0.0,1.3448694,1.6177201,0.0,0.0,0.15071194,0.0,1.6163583,3.3653176,0.653088,0.0,0.0,0.0,0.0,2.8769891,0.0,0.0,2.0155516,3.1339614,0.0,0.2982214,0.0,0.0,1.9582138,0.0,0.0,0.0,0.0,0.7843152,0.0,0.0,0.0,0.0,0.0,0.0,0.0,0.0,0.0,0.0,0.0,0.0,2.6493616,0.0,0.0,0.0,1.5164593,2.6469026,0.0,0.0,0.0,0.0,0.2178091,0.08035105,3.715388,0.0,2.956912,0.0,2.7084966,0.0
0.0,0.0,0.0,0.0,7.5718307,5.330215,1.6930656,0.0,1.076093,0.0,0.0,0.0,0.0,7.315036,0.0,0.0,1.617174,0.0,0.0,0.0,3.2537344,0.0,0.73634833,0.0,0.0,0.07023718,0.0,0.0,0.0,0.0,0.8809606,4.607383,0.4528553,0.0,0.0,2.4777062,0.0,0.75306576,0.0,1.2386273,2.6082654,3.3852153,0.0,2.9386036,0.0,0.0,0.0,0.0,0.0,0.0,0.0,1.4529786,0.0,0.0,0.0,1.7549727,3.8185692,1.2509648,0.0,0.6889235,0.0,2.5931122,0.5034646,4.890054
0.0,0.0,0.96150166,0.0,0.0,0.0,0.0,2.7530057,0.0,0.0,0.8177503,0.0,2.2363863,0.64722496,0.85377514,0.0,0.0,0.0,0.0,0.90014625,0.0,0.4483561,2.1994908,2.4221833,0.08877608,0.0,0.0,0.0,4.776419,0.0,0.0,0.34370327,0.0,1.5860718,0.0,0.0,0.0,0.0,0.0,0.0,0.0,0.0,0.0,0.0,0.9937149,0.0,2.011362,2.7378442,0.0,0.0,1.7449895,2.2228925,0.0,0.0,0.0,0.0,0.0,0.0,3.7761946,0.0,5.226757,0.0,1.576964,0.0
0.0,3.6532037,0.0,0.0,0.0,0.0,0.0,1.9593168,0.0,0.9463521,0.9477169,0.0,6.6163683,0.0,0.0,0.0,0.0,0.459067,0.0,1.916127,0.2615397,3.0576026,6.395076,0.28917167,2.6827734,1.0319828,0.0,0.0,2.5263984,0.0,0.0,3.8748262,0.0,0.16204007,0.0,0.0,0.0,0.0,0.0,1.9233595,0.0,0.0,0.0,0.0,1.2916791,0.0,5.280274,0.0,0.0,0.0,1.2973049,0.0,0.26687217,0.0,0.0,0.0,0.08166383,0.0,2.0537763,0.0,3.9774003,0.0,0.0,0.0
0.0,0.0,0.0,4.688241,0.0,0.0,2.280317,0.0,0.0,0.0,0.0,0.0,0.0,0.9756542,2.7077248,0.0,0.012069259,1.9019719,0.0,0.0,0.0,0.0,0.0,2.0085104,0.6793684,0.5793329,0.0,0.0,1.8505032,0.0,0.0,0.0,1.537935,2.618528,0.0,0.0,3.217923,0.0,0.0,0.0,0.0,0.0,0.0,1.9571031,1.2095551,0.0,1.5057964,1.1958851,0.084603556,0.09154461,1.7950081,0.0,0.0,0.62555474,0.0,0.0,0.0,2.6855571,0.0,0.0,0.0,1.6127723,2.0336225,0.92243826
0.0,0.18834879,0.9985328,0.0,3.9335468,3.65409,0.8684049,0.0,0.0,0.0,0.0,0.0,0.0,1.9061763,0.0,0.0,2.8717144,3.315326,0.0,2.0712032,2.5616615,0.09859364,0.08885312,0.5076534,0.0,3.6806896,1.3646572,0.0,0.0,0.0,1.6386026,5.2330256,0.10100541,0.0,0.0,2.7897995,1.8429327,2.0325592,0.0,0.0,0.0,3.045598,0.0,2.3222709,0.0,0.0,0.0,1.259231,0.0,0.5764638,0.0,2.0313509,0.4114978,0.0,0.0,2.9422667,6.092064,0.0,1.3255866,2.5812612,0.0,1.1465913,0.46481094,3.7363024
0.0,0.0,0.0,0.0,0.79300106,0.0,1.565809,0.0,0.0,0.0,1.3851316,0.0,0.47744617,2.0281444,0.0,0.0,0.4430353,2.4320698,0.0,0.37434956,0.4786375,0.3222669,0.8705157,0.0,0.0,2.1866362,0.0,0.0,0.0,0.0,0.9265418,5.1037683,0.0,0.0,0.0,0.38442892,0.0,0.0,0.0,0.0,1.4845575,0.40312415,0.0,1.5296192,0.0,0.0,0.43213493,0.475879,0.0,0.0,0.0,0.6115136,0.0,0.0,0.0,0.54372895,0.59197295,0.0,0.046637803,2.7798436,0.0,0.0,0.77925104,2.4790063
0.0,0.0,0.0,1.7398949,1.3052417,3.1634681,0.25764605,0.0,0.0,0.0,2.2260377,0.0,0.0,1.9055239,0.0,0.0,3.823364,5.4402366,0.74860346,4.7809005,2.801183,0.0,0.0,2.7171185,0.0,4.799577,2.9586792,0.12840788,0.0,0.0,0.37449712,0.0074106166,0.0,0.0,0.0,0.0,8.907219,2.0864553,1.2033707,0.0,0.0,4.108229,0.0,2.4362988,0.0,0.0,0.0,0.0,3.996453,0.0,0.0,1.4433484,0.0,1.3142835,0.3456522,0.06595732,2.5566046,0.5115662,0.0,1.359679,0.0,0.59465104,2.9095764,4.662718
0.5561205,0.0,0.0,0.0,3.606771,1.5269703,0.0,0.0,0.0,0.0,0.14223365,0.0,0.0,3.1067154,0.0,0.0,0.0,0.0,0.0,0.06788638,1.7921679,0.16110213,2.4684157,0.0,0.0,0.80346155,0.0,0.0,0.0,0.0,1.163781,3.57765,0.0,0.0,0.0,0.0,0.89539385,0.64034843,0.0,2.114178,1.3761905,1.3313886,0.0,0.7908879,0.0,0.0,0.0,0.0,0.0,0.0,0.0,0.15766692,0.0,0.0,0.0,0.82049173,1.3734052,0.0,0.8518355,1.7172841,0.0,0.0,0.0,1.6230495
0.0,0.10824092,1.2970744,0.0,2.8610907,1.0268015,0.0,0.0,0.0,0.0,0.0,0.0,0.0,2.049505,0.0,0.0,1.9238325,0.8538134,0.0,0.0,0.0,0.0,2.310865,0.0,0.0,2.3357203,0.0,0.0,0.0,0.0,0.0,2.6716096,0.0,0.0,0.0,0.15903553,0.24866901,2.4005644,0.0,0.5054904,0.0,2.6221933,0.0,3.3155491,0.70986366,0.0,0.0,1.2329594,0.0,0.9970544,0.0,0.0,1.3728793,0.0,0.0,3.2404737,2.614858,0.0,1.7011645,2.0008633,0.0,0.26658204,0.72002864,0.89956313
0.0,0.0,0.0,0.0,1.4639802,0.0,5.6368637,0.0,0.0,0.0,1.0820395,0.0,0.29233322,6.7850075,0.5875582,0.0,0.016806725,0.0,0.3515264,0.08889893,0.0,0.0,0.0,0.0,0.0,0.0,0.0,0.0,0.0,0.0,0.0,2.3976014,2.3683295,0.7361923,0.0,1.4010229,2.278754,0.0,0.0,0.0,0.0,2.4540918,0.0,3.6043577,0.0,0.0,1.6426347,0.0,0.0,0.0,0.0,1.7385185,0.0,0.39466375,0.0,0.0,0.0,1.2890233,1.195202,0.228924,0.0,4.057135,2.5577662,3.672829
0.0,0.0,0.7457873,0.08486975,0.0,1.388036,1.5022271,0.0,0.0,0.38540998,3.0495257,0.11156209,0.0,0.6161172,0.0,0.0,0.0,1.2061375,0.27112767,0.7070336,0.0,0.0,0.72794676,1.7731922,0.0,1.7582601,0.0,0.0,0.0,0.0,0.0,0.2965886,0.0,0.16122453,0.0,0.0,3.2365885,0.0,0.0,0.43565476,0.73921746,2.4096973,0.0,1.3053049,1.8419371,0.0,0.7656174,0.0,1.5748892,0.0,0.9101523,0.0,0.0,0.0,0.70623624,0.34765744,0.7850622,0.5453808,1.5251981,0.0,0.0,1.301273,0.38468924,0.0
0.0,0.0,0.0,1.6920154,5.420639,0.006080012,4.763129,0.0,0.0,1.0639678,0.0005662851,0.0,0.0,0.0,0.0,0.0,6.20839,2.6252522,0.11064264,0.0,0.0,0.0,0.0,0.0,0.0,2.4035,5.080158,0.3734109,0.0,0.0,2.2800171,0.0,3.6785343,0.0,0.0,0.0,6.060437,0.0,0.0,0.0,0.12144493,0.0,0.0,0.4231508,0.0,0.0,0.0,0.61853105,0.0,0.0,0.66713804,0.0,0.0,0.0,0.0,0.0,2.858654,0.6442341,2.8189983,2.4477103,0.0,1.8776264,1.6799327,3.6275132
0.0,0.0,0.0,0.051411845,0.47148317,2.733292,3.9409773,0.0,0.0,0.0,0.0,0.2664022,0.0,3.3319483,0.0,0.0,3.3465865,0.7213072,0.08733055,0.0,0.0011992585,0.0,0.0,0.9251268,0.0,2.0965579,0.0,0.0,0.0,0.0,0.7018263,0.0,1.0152639,0.0,0.0,0.0,5.7263284,0.0,0.0,0.0,0.0,0.5633587,0.0,1.8003438,0.0,0.0,0.0,0.0,0.0,1.6070799,0.0,0.2956277,0.0,0.0,0.0,0.0,6.1160517,0.0,0.94167614,1.4673684,0.0,2.8929493,0.4703227,6.3177238
0.0,0.0,1.4863836,0.0,1.0706315,2.1132689,1.5067513,0.41448045,0.0,0.0,0.81682694,0.0,0.0,2.2443316,0.0,0.0,1.7718831,0.40919358,0.0,3.0585296,2.6634889,0.0,0.0,0.8150649,0.0,3.1433935,2.4241257,0.0,0.0,0.0,0.030639188,0.21923451,0.0,0.0,0.0,0.26312482,1.6846858,0.0,0.17196162,0.0,0.0,2.7297912,0.0,0.0,0.0,0.0,0.0,0.0,0.0,0.8211662,0.18211614,0.81669796,0.0,0.0,0.0,0.0,3.8365262,0.0,1.5712011,0.4865418,1.4484473,0.29755262,1.3879056,0.0
0.2136502,0.0,0.0,0.7428615,0.92298204,0.0,0.0,0.0,0.75494933,0.0,1.0047348,0.0,5.264031,2.9919333,0.0,0.0,0.0,1.2544351,0.0,0.0,0.0,0.0,0.7275745,1.4380511,3.1559641,0.0,0.0,0.0,2.0684242,0.0,1.4537611,2.0466213,2.7068367,0.30136707,0.0,0.0,0.5182118,0.0,0.0,1.1697708,1.288677,0.0,0.0,1.3639476,0.0,0.0,2.112409,0.028351042,0.0,0.0,1.83695,0.0,0.48759407,0.08565962,0.0,0.0,1.28186,0.2642971,0.0,0.050882503,0.59347796,0.0,0.0,0.0
0.4677168,0.0,0.0,0.27040103,0.0,0.0,1.2912842,0.0,0.0,0.0,2.2048328,0.0,0.0,0.0,0.0,0.0,1.7106693,2.4369967,0.0,0.0,0.6157351,0.0,5.185292,0.0,0.0,2.9154189,0.0,0.17659476,1.4404495,0.0,0.0,3.1967995,0.0,3.8304765,0.0,0.0,1.8317672,0.0,0.0,0.0,4.2051177,0.09126145,0.0,0.057878755,0.0,0.0,2.1804295,0.0,0.11919205,0.0,0.0,0.58352685,0.0,0.0,0.0,0.0,0.0,1.1573399,4.0354466,1.4453975,3.13096,0.0,0.35370272,0.57590497
0.0,0.76382786,0.0,0.0,5.114028,0.0,2.0957232,0.0,0.0,1.3885211,0.0,0.0,0.0,2.1493003,0.0,0.0,7.625802,0.0,0.0,1.1329501,4.1633887,0.0,0.5960898,0.0,0.0,2.5671053,0.0,0.0,0.0,0.0,2.188022,3.8015673,0.85184616,0.0,0.0,2.8598669,4.7775817,0.0,0.0,0.0,0.0,0.086962596,0.0,2.551707,0.0,0.0,0.0,0.0,0.0,1.2515924,0.0,2.3171113,1.5564977,0.0,0.0,3.8512967,5.247846,0.0,1.4359318,4.141896,0.0,0.79978454,0.23038596,2.4649265
0.0,0.0,0.0,0.4801027,2.4207547,1.8616372,2.8631625,0.0,0.0,0.8726232,0.0,0.0,0.5049888,0.073991284,1.1405331,0.0,0.44400772,0.007431773,0.0,2.9642649,2.4438682,0.0,0.0,0.0,0.0,1.6903844,1.620725,0.0,0.0,0.0,0.0,2.412334,1.5254903,0.0,0.0,1.7687525,1.8477792,0.0,0.0,0.42945445,0.0,0.0,0.0,0.3231748,0.29643977,0.0,0.0,0.0,0.0,0.0,0.0,0.21338859,0.0,0.0,0.51887566,0.0,0.81121695,0.0,2.791371,2.0860085,0.0,4.9025154,0.0,2.5049832
0.0,0.0,0.29812333,0.0,5.460521,4.601075,0.87832654,0.36154628,0.0,0.123275355,1.0489774,0.7803306,0.0,2.070994,0.0,0.0,4.285806,0.80077815,0.0,2.7554886,3.7720609,0.0,0.0,1.6834333,0.0,3.517888,0.0,0.0,0.0,0.0,2.8052773,0.0,0.0,0.0,0.0,2.3365383,2.4240775,0.0,0.0,0.0,0.0,4.3644056,0.0,0.0,0.0,0.0,0.0,0.0,0.0,3.071725,0.0,1.2600906,0.0,0.0,0.0,0.0,4.456018,0.7175853,1.1702136,1.5319254,0.0,2.8801749,2.9634225,2.5202808
0.0,1.6329869,3.0014708,0.0,3.4498494,0.0,0.0,1.8059878,0.04054829,2.557794,1.091276,0.0,1.9674745,2.437061,0.0,0.0,0.0,1.5535719,0.0,0.35311964,1.8044682,0.0,0.0,0.0,0.0,1.8331429,0.4704005,0.0,0.38950512,0.0,0.26499844,0.0,2.7753768,0.0,0.0,4.449572,0.0,0.0,0.0,1.6247934,2.21906,0.0,0.3353131,1.8359606,1.7914003,0.0,0.0,1.2478844,0.0,1.0383887,4.9093637,0.0,2.1718452,0.06823218,0.09072013,0.10136089,0.95781875,1.3151084,2.0410957,1.6440268,0.0,1.9096954,1.0384883,0.0
0.0,2.7925918,2.0272484,0.0,0.22560042,0.0,0.0,3.7684495,0.0,0.0,1.2343673,0.0,2.9206955,0.9078657,0.0,0.0,0.0,0.0,0.0,3.5088222,0.80386406,2.9610307,2.2860577,3.2823212,3.8332446,0.3682144,0.0,0.0,0.96430355,0.0,0.19848163,0.0,0.0,0.0,0.0,0.0,0.0,0.0,0.0,0.0,0.0,0.0,0.0,0.0,1.5140853,0.0,1.8031563,1.0178548,0.0,0.0,2.8048282,0.0725963,0.0,0.0,0.0,0.0,0.0,0.0,2.438931,0.30022317,2.8491216,0.0,0.0,0.0
0.19111036,0.0,0.0,0.0,0.880168,0.0,0.0,0.0,0.0,0.0,0.0,0.0,3.0070412,7.3481207,0.0,0.0,0.0,0.0,0.0,0.0,0.0,0.0,6.5226407,0.0,0.0,0.0,0.0,0.0,0.18442024,0.0,0.0,3.179337,0.745483,2.9264684,0.0,0.0,0.0,0.0,0.0,1.0980867,2.5074434,0.14536677,0.0,1.2803601,0.0,0.0,7.9983816,0.0,0.0,0.0,0.0,3.7877846,0.77656955,0.0,0.0,0.0,0.0,0.84312856,2.1225762,0.0,0.0,2.4662273,0.0,4.45196
0.042761963,1.6233197,0.5970731,0.0,2.3499465,0.0,0.0,0.0,0.0,0.14228006,0.0,0.0,1.2656544,2.181009,0.0,0.0,0.0,0.0,0.0,0.0,0.17012931,0.88284695,2.6550188,0.80538964,0.12988663,1.1484143,0.0,0.0,0.1625892,0.0,1.1625626,3.2707615,1.935372,0.0,0.0,0.0,1.4819239,0.0,0.0,5.8432617,1.1068528,0.0,0.07779103,2.355755,1.2041996,0.0,0.0,0.0,0.0,0.0,1.2745764,0.0,1.2020795,0.0,0.0,0.628342,0.55590594,0.51315075,0.15487508,0.9828024,0.0,0.0,0.0,0.0
0.0,0.0,0.0,0.0,1.1249025,1.3715994,4.195257,0.0,0.0,0.42104957,0.0,0.0,0.0,0.0,1.8175911,0.0,1.2267742,0.0,1.2221533,0.0,0.9125459,0.0,0.7963997,0.0,0.0,2.0472345,0.0,0.0,0.0,0.0,0.0,4.465902,0.32782707,2.1390295,0.0,1.704753,1.578578,0.31930745,0.0,0.0,1.8016434,0.70700026,0.0,2.6712368,0.8294307,0.0,0.0,0.8556197,0.0,0.0,0.0,0.7564938,0.0,0.0,0.0,1.1882505,0.0,0.0,0.60801214,0.93415236,0.0,2.7717874,0.0,4.9730544
0.0,0.0,0.0,0.0,0.0,0.0,3.038333,2.5060034,0.0,0.0,0.0,0.0,1.6033646,2.9046707,3.7846649,0.0,0.0,0.34684676,0.0,1.2621832,0.0,0.0,1.2970332,1.4685963,0.57723725,0.0,0.0,0.0,3.3369727,0.0,0.0,0.0,0.0,2.2041376,0.0,0.0,0.0,0.0,0.0,0.0,0.0,0.0,0.0,0.0,0.0,0.0,2.745778,3.3125224,0.0,0.0,0.12244095,4.218445,0.0,0.0,0.0,0.0,0.17932467,1.8007102,2.9911652,0.0,4.1410537,0.57787967,0.94929445,0.0
0.0,0.0,1.8199831,0.0,2.384751,1.7053003,0.0,0.0,1.7188419,0.0,0.0,0.0,1.9167305,3.219661,0.0,0.0,0.0,0.15992208,0.0,0.780833,0.9784757,0.0,0.0,1.3140349,0.10272397,0.0,0.0,0.0,0.46449992,0.0,0.55732715,1.3542995,1.4074032,0.0,0.0,0.32947123,0.18768495,0.0,0.0,1.5376778,0.25060302,0.3308648,0.0,0.3358518,0.0,0.0,0.0,1.653595,0.0,0.4089885,1.2004644,0.11076541,0.92662245,0.0,0.0,0.0,2.774234,0.0,0.0,0.56935257,0.0,0.95875293,0.0,2.0782464
0.0,0.56624186,0.6210381,0.0,1.7665553,0.0,0.0,2.973634,0.0,0.0,0.0,0.0,0.8831989,0.014918359,0.0,0.0,0.0,0.0,0.0,0.78933,0.009188035,1.0300133,0.438392,4.0031977,0.0,0.35954046,0.0,0.0,0.24632417,0.0,1.0519791,0.0,0.21335755,0.0,0.0,0.0,0.0,0.0,0.0,0.0,0.0,0.0,0.0,0.0,0.06832117,0.0,0.0,2.5886555,0.0,1.2842503,1.0185903,0.0,0.0,0.0,0.0,0.0,0.62245315,1.414008,0.8352947,1.6191586,2.6300962,1.6557374,0.0,0.0
0.0,1.004402,1.588576,0.0,0.0,0.0,0.26901922,1.4057492,0.0,0.0,0.0,0.0,1.0649889,2.6643598,0.0,0.0,0.0,0.0,0.0,0.17373468,0.29378068,0.41401708,2.301435,2.4994981,0.0,0.54084754,0.0,0.0,0.1606271,0.0,0.07439707,0.0,0.9994459,0.0,0.0,0.0,0.11916299,0.0,0.0,0.0,0.0,0.13816006,0.0,0.0,0.0,0.0,0.21458621,1.048491,0.0,0.65786165,1.3071572,1.7810694,0.0,0.0,0.0,0.0,1.7297876,0.0,0.043121,1.5102032,1.7102252,0.0,0.0,0.0
0.0,0.99449456,1.3090061,0.39608687,0.0,0.0,0.0,2.9867773,0.0,0.0,0.0,0.0,2.0634089,0.31108776,0.0,0.0,0.0,0.0,0.0,0.0,0.097691864,2.2752695,3.114058,2.0200784,0.0,3.5516412,0.0,0.0,3.4636848,0.0,0.0,0.41683844,0.0,0.5801422,0.0,0.0,0.084481835,0.0,0.0,0.0,0.0,0.0,0.0,0.0,0.4553756,0.0,0.8430912,0.15733169,0.0,0.0,2.7985203,0.64579463,0.0,0.0,0.0,0.0,1.8157367,1.7269647,2.8548048,2.2432098,3.8501232,0.0,0.45409235,0.0
0.0,0.0,1.9996986,0.05150096,0.0,0.0,1.9406433,0.63776594,0.0,0.0,0.8977064,0.0,1.3128887,1.4999399,1.1257434,0.0,0.0,2.7303157,0.0,4.5514226,1.177146,0.0,0.0,1.2810338,1.5845827,2.7392607,1.43575,0.0,2.5394332,0.0,0.33344018,0.052017406,0.0,0.0,0.0,0.0,2.2111456,0.0,0.0,0.0,0.0,0.21307492,0.0,0.0,0.63776815,0.0,2.8040965,2.4337647,0.3650896,0.0,1.345138,3.4393866,0.0,0.07217853,0.0,0.0,4.648984,0.0,3.7720437,0.0,3.783885,0.0,1.5363669,0.0
0.2371068,0.3066118,0.0,1.5019122,0.0,0.0,1.5768594,0.12610433,0.0,1.6087981,0.5325063,0.0,0.5555671,0.30957946,0.109680265,0.0,1.1527767,4.706206,0.0,5.1129208,4.6843963,1.6179047,0.56587726,0.0,0.0,1.172926,2.224225,0.0,0.0,0.0,2.3573,3.872284,0.0,0.0,0.0,0.0,0.46273607,1.7077395,0.0,1.3155136,0.0,0.0,0.0,0.0,0.0,0.0,0.0,0.0,0.0,3.6999044,0.0,2.57016,0.0,0.0,0.21441785,0.0,0.0,0.0,2.2966619,4.9820056,1.1223956,0.0,1.415794,0.0
0.0,0.0,0.0,0.028836057,1.3017459,1.1703095,1.3057686,0.0,0.0,0.0,0.3405708,0.0,0.39216813,3.934639,0.0,0.0,0.0,2.9723964,0.0,3.077591,0.94162625,0.0,0.40759218,2.2053142,1.0173719,2.8185294,0.15220483,0.0,0.0,0.0,2.597611,1.2965455,0.0038102996,0.0,0.0,0.0,2.0192304,0.07133456,0.0,0.0,0.0,2.6829967,0.0,0.0,0.0,0.0,0.0,0.46282935,0.0,2.5141475,0.0,0.63011336,0.0,0.0,0.197854,0.0,4.660855,0.0,0.5297436,2.4880536,0.022968095,0.0,0.0,3.1103632
0.0,1.0944678,0.0,0.0,0.9718804,0.0,0.0,2.1967251,0.0,0.0,0.0,0.0,2.36922,0.12365197,0.0,0.0,0.0,0.0,0.0,0.0,0.0,2.105625,1.7810061,1.3690827,1.9107859,0.0,0.0,0.0,1.904127,0.0,0.60457224,0.33245555,0.26794526,0.0,0.0,0.0,0.0,0.0,0.0,0.44776464,0.0,0.0,0.1011544,0.0,0.0,0.0,0.49255136,1.2860587,0.0,0.0,1.842001,0.30916542,0.0,0.0,0.0,0.0,0.5740939,0.21208379,0.4413916,0.81670487,1.2361153,0.0,0.0,0.0
0.741245,0.0,0.0,0.26811123,0.0,0.0,4.0677605,0.0,0.0,0.089346334,1.2877091,0.0,0.98617893,1.2716095,2.2936342,0.0,0.0,0.0,0.0,0.0,0.21068476,0.0,2.7219431,0.0,0.0,0.96859837,0.1363997,0.0,3.3938723,0.0,0.0,4.5995235,0.0,3.3260577,0.0,0.0,2.7162654,0.0,0.0,0.0,2.164393,0.0,0.6783162,0.3675952,0.0,0.0,0.6938831,0.0,0.0,0.0,0.84659815,1.3483069,0.0,0.35247558,0.0,0.25877336,0.0,0.2050522,4.516813,0.0,1.2002659,0.0,3.2209303,0.0
0.0,1.9393466,0.32738563,0.0,1.854591,0.0,0.0,6.0296416,0.0,0.0,0.0,0.0,4.139176,0.98323476,0.0,0.0,0.0,0.0,0.0,0.8152931,0.0,2.8846066,2.399323,3.2441504,0.6119476,1.1691072,0.0,0.0,4.650109,0.0,0.0,0.0,0.82476676,0.11622734,0.0,0.0,0.0,0.0,0.0,0.0,0.0,0.0,0.0,1.4823283,3.0321229,0.0,0.0,2.7912667,0.0,0.0,6.610991,0.0,0.0,0.0,0.0,0.0,0.0,1.1243042,3.2420704,2.1459236,3.2758036,0.28951594,1.3758672,0.0
0.0,0.0,0.0,0.0,2.7277527,0.0,6.3538203,0.0,0.0,0.0,1.4187908,0.19513088,0.0,3.7860186,0.0,0.0,4.704939,1.1171892,0.0,3.1284888,0.45091498,0.0,0.0,0.0,0.0,1.9322935,1.2593992,0.0,0.0,0.0,0.8867497,0.9945227,0.0,0.15256616,0.0,0.0,1.0922011,0.0,0.0,0.0,1.4589107,1.2597917,0.0,0.90644395,0.0,0.0,1.3007774,1.0013038,0.0,0.34103072,0.0,0.38569555,0.0,0.0,0.0,0.0,0.0,0.7285955,0.113629594,2.8237495,0.0,0.8553913,4.4040437,4.2273026
0.0,1.0818108,0.0,0.0,1.6429124,4.697349,4.5103035,0.0,0.0,0.7535535,0.0,0.0,0.0,0.0,0.0,0.0,3.4279191,0.86650795,0.0,0.46133366,1.1624144,0.0,0.0,0.0,0.0,2.010709,2.083656,0.0,0.0,0.0,0.61503756,6.5354886,1.2985152,0.0,0.0,0.086572,1.6255326,0.0,0.0,1.2529163,0.0,0.5806481,0.0,3.9302886,0.0,0.0,0.0,1.2378745,0.0,0.0,0.0,0.0,0.0,0.0,0.0,0.28319666,3.4171753,0.0,0.4030898,0.86599225,0.0,1.5938865,1.9822949,3.426973
0.0,1.4786369,0.69486535,0.0,0.0,0.0,0.01974276,0.0,0.0,0.7834918,0.2916982,0.0,0.20600118,0.9025533,0.0,0.0,0.54796284,1.774669,0.0,1.0003622,0.0,0.654475,0.0,0.8359422,0.0,1.9243169,0.0,0.0,0.0,0.0,0.0,2.362891,0.0,0.0,0.0,0.33739826,0.69792026,1.4997467,0.0,0.3945821,0.0,0.9119138,0.0,1.8167614,1.2974432,0.0,0.9170801,1.5782732,0.29477745,0.0,0.34908122,0.0,0.0,0.4065385,0.0,1.1892668,0.18540344,0.49942762,1.8346454,1.8764164,0.13442925,0.0,2.4849486,0.0
0.0,0.0,3.1315963,0.0,4.1452575,0.18904734,0.0,0.5204522,1.6064115,0.66558254,0.0,0.0,2.7394993,2.977276,0.0,0.0,0.0,0.0,0.0,0.0,1.1993722,0.69245684,0.046704464,0.0,0.0,1.2439259,0.0,0.0,0.077103496,0.0,0.02706188,0.0,1.7473322,0.0,0.0,2.7525127,0.0,0.0,0.0,3.6199753,3.6362865,0.0,0.0,1.8686943,1.7069473,0.0,0.0,0.36022952,0.0,0.07181607,1.4764829,0.0,1.6760669,0.118035376,0.0,1.1964743,2.4099717,0.34518227,1.5637103,1.6091489,0.0,2.1734993,0.0,0.0
0.0,2.8111236,5.0642967,0.0,2.9489808,1.4957318,0.0,0.0,0.0,0.0,0.0,0.0,0.1440109,0.0,0.0,0.0,0.6102461,2.612012,0.0,1.3263439,2.2491474,1.8469887,4.1765637,0.4871057,0.0,4.527669,0.0,0.0,0.16836102,0.0,0.0,4.571659,0.0,0.0,0.0,0.0,2.85186,0.0,0.0,2.0108685,0.20392318,0.15223823,0.0,0.0,0.0,0.0,0.0,1.6947068,0.0,0.0,0.0,0.0,1.4834908,0.7724959,0.0,1.006683,7.1296005,0.0,0.0,4.487588,0.586664,0.0,0.0,0.0
0.0,0.6325096,0.55641437,0.0,3.1014564,0.3223359,0.0,2.8568242,0.0,2.6854098,1.1077313,0.6433452,0.0,0.0,0.0,0.0,0.0,1.2531762,0.0,0.0,0.0,1.0512092,0.0,1.8130426,0.0,0.5916445,0.0,0.045342997,0.0,0.0,0.75825155,0.0,0.0,0.0,0.0,0.0,0.3137989,0.0,0.0,0.6124601,0.0,0.0,0.0,3.2250319,3.7847748,0.0,0.0,0.9882213,0.063666426,1.7383307,0.73480415,0.0,0.0,0.30987448,0.0,0.0,0.0,1.8172365,2.1368573,0.0,0.0,4.0344605,2.5730054,0.0
0.0,2.4735844,0.48626667,0.0,1.4827214,0.0,0.0,0.76433134,0.0,1.1370786,1.7236044,0.0,0.4108464,0.11812975,0.0,0.0,0.25009167,4.2647624,0.0,0.50916827,0.0,0.49907145,0.0,0.0,0.0,0.028900063,0.0,0.2760198,0.120542735,0.0,0.536165,2.0827787,0.0,0.0,0.0,1.0573673,1.0358139,0.19607002,0.0,0.10921495,1.2988268,0.0,0.0,2.0089436,0.0,0.0,0.345346,0.0,0.0,1.4998271,1.344642,0.0,1.4687389,0.95133346,0.0,0.3931609,0.0,0.8240876,1.7510026,1.843753,0.0,0.16424595,0.0,0.0
0.0,1.2754021,2.2815683,0.0,0.0,0.0,0.0,4.6372824,0.0,0.0,1.4442631,0.0,2.9358337,0.0,0.0,0.0,0.0,1.5290906,0.0,2.545206,0.10633834,3.2245317,2.6381621,2.221691,2.1231823,1.3049335,0.0,0.0,1.926842,0.0,0.0,0.42622536,0.0,0.024322052,0.0,0.0,0.6501593,0.0,0.0,0.0,0.0,0.0,0.0,0.2694407,1.6886714,0.0,2.9912162,0.0,0.0,0.0,2.7993462,0.51962805,0.0,0.0,0.0,0.0,0.0,0.0,2.2305477,0.13180791,3.1373286,0.0,1.4385906,0.0
0.0,2.923195,2.1577067,0.0,1.6556814,0.0,0.0,0.5626061,0.0,0.0,0.0,0.0,2.2278173,2.1020029,0.0,0.0,0.0,0.0,0.0,0.91101855,0.68780166,2.1589277,1.5083382,3.5570805,1.7108186,0.3079681,0.0,0.0,0.059778325,0.0,2.094396,0.46219718,1.5330669,0.0,0.0,0.0,0.29741883,0.0,0.0,2.8104937,0.0,0.0,0.0,0.26028404,0.0,0.0,0.0,0.6154524,0.0,0.0,3.040932,0.0,0.0,0.0,0.0,0.0,2.827269,0.0,0.0,2.2628615,0.2130116,0.0,0.0,0.0
0.0,0.0,0.91542834,0.0,0.0,0.0,0.0,1.3936167,0.0,0.0,1.0809793,0.0,3.0761693,1.1566213,0.0,0.0,0.0,0.0,0.0,0.0,0.0,1.25689,2.1712193,0.7703381,0.33260024,0.68175286,0.0,0.0,1.5660685,0.0,0.003396444,0.74199367,0.0,0.47991216,0.0,0.0,0.4026469,0.0,0.0,0.0,0.0,0.0,0.0,0.0,1.2258505,0.0,1.3021746,0.0,0.0,0.0,2.0352862,2.6754844,0.0,0.0,0.0,0.0,1.1878844,0.0,2.187737,0.1849597,0.69262624,0.0,1.3712374,0.0
0.0,0.0,0.0,0.0,5.8061037,3.6002114,1.1654793,0.0,0.0,0.0,0.0,0.0,0.0,3.1393592,0.0,0.0,2.850826,6.6227098,0.0,4.3677087,6.1315613,0.0,0.0,0.0,0.0,1.5506947,2.080761,0.0,0.0,0.0,2.8069348,4.8480277,1.9106448,0.0,0.0,4.6055846,7.5095806,2.169448,0.0,0.0,0.0,0.049230017,0.0,1.706647,0.0,0.0,0.0,0.0,0.0,2.6184416,0.0,2.1324677,0.0,0.6213247,0.0,3.4798584,2.134031,0.0,0.0,3.8410404,0.0,2.3649428,0.87196153,7.796727
1.5171725,0.0,0.0,0.0,0.0,6.2820826,7.0242677,0.0,0.0,0.0,2.677468,0.0,0.9584988,6.1721745,0.8121424,0.0,0.0,0.0,0.0,0.0,1.2343193,0.0,5.1080146,1.2133468,0.0,0.0,0.0,0.0,0.0,0.0,0.0,11.902221,0.0,0.0,0.0,0.0,4.130989,0.0,0.0,0.0,2.8482146,0.13164753,0.0,0.0,0.0,0.0,3.0893075,0.0,0.0,0.0,0.0,5.9253845,0.0,0.0,0.0,5.6680512,0.0,0.0,0.0,0.0,0.0,0.0,1.2407335,5.238875
0.0,0.0,0.0,0.0,0.0,0.0,2.579263,0.31209463,0.6599335,0.0,0.0,0.0,1.2950144,1.7391772,0.21475634,0.0,0.0,0.0,0.0,2.9698763,0.46832505,0.34576887,1.1449099,3.7089927,0.24328938,0.0,0.0,0.0,0.2052006,0.0,0.526501,0.0,0.38413492,0.0,0.0,0.0,0.0,0.0,1.4735254,0.0,0.0,0.0,0.0,0.0,0.0,0.0,1.1637117,1.0898778,0.0,0.0,0.0,2.6693106,0.0,0.0,0.0,0.0,0.009573047,0.0,0.21846358,0.0,1.6477884,0.30882776,0.95110285,0.02214444
0.0,0.24230923,0.0,0.0,8.457378,5.867141,4.299965,0.0,0.0,0.5781048,0.0,0.0,0.0,2.2772028,0.0,0.0,4.618803,6.78548,0.0,3.0673208,4.9829826,1.7722417,0.0,0.0,0.0,7.2457714,3.3193064,0.0,0.0,0.0,0.28978533,7.6809897,0.0,0.0,0.0,6.4180756,2.7096705,0.30973414,0.0,0.0,3.3681898,1.3164752,0.0,1.2776939,0.0,0.0,0.0,2.8700712,0.0,3.12098,0.0,0.32085675,0.0,0.0,0.0,0.45028758,5.89411,0.0,0.0,9.07403,0.0,2.0787544,0.0,9.313831
0.0,0.080686346,0.0,0.0,0.7143173,0.0,0.0,0.0,0.0,0.0,0.0,0.0,1.3126173,1.8953204,0.0,0.0,0.0,0.6917021,0.0,1.7978259,2.1208203,0.908766,2.3328924,3.8852735,1.8123574,0.15145135,0.0,0.0,0.0,0.0,2.507386,0.90288615,0.0,0.0,0.0,0.0,0.13492374,0.1663108,2.1608348,0.0,1.1357092,0.0,0.0,0.0,0.0,0.0,0.77889127,0.0,0.0,0.36900976,0.0,1.7451366,0.0,0.0,0.0,0.0,1.1112658,0.35241085,0.0,0.0,3.2826672,0.0,0.0,0.0
0.0,0.0,0.62659955,2.5277972,3.3576171,2.4807787,2.049884,1.3685446,0.54523766,1.0444258,0.5650823,1.9400196,0.0,0.0,0.0,0.0,3.8059034,4.729547,0.0,0.0,0.0,0.0,0.0,0.0,0.0,3.3444805,3.0595627,0.0,0.0,0.0,0.0,0.0,1.1391448,0.03384565,0.0,0.0,0.034451067,0.0,0.0,0.0,0.34251434,0.22986759,0.0,3.9997885,1.3770536,0.0,0.0,0.0155801205,0.0,3.835651,0.0,0.0,0.0,0.034982227,0.0,0.0,1.9395943,0.93810195,0.13320133,1.1945969,0.0,4.3702927,3.597262,1.6978687
0.0,0.0,0.0,0.28669146,1.1517628,0.0,3.4824822,0.0,0.0,1.4655119,2.0381987,0.05678794,0.25700518,1.0364603,0.7686081,0.0,0.0,2.8172233,0.0,1.0858822,0.18162006,0.0,1.5169017,0.0,0.0,0.0,0.0,0.0,0.0,0.0,1.9009256,0.0,0.80861855,0.81122476,0.0,0.0,0.8015627,0.0,0.0,0.0,0.0,0.0,0.0,0.0,0.0,0.0,0.0,0.073632956,0.0,3.195293,1.3993059,0.32024297,0.0,0.0,0.0,0.0,0.0,0.0,4.000968,0.0,1.9183545,1.2433313,1.1817695,0.0
0.0,0.0,1.8288242,0.0,0.0,0.0,0.5318011,2.4731865,0.0,0.057686005,0.789773,0.0,0.0,0.0,0.0,0.0,2.5290968,0.7673657,0.0,0.1064256,0.0,0.0,0.55056643,3.5908887,0.0,3.4687755,2.2109127,2.7263684,1.1147957,0.0,0.0,1.2609178,0.0,0.47163832,0.0,0.0,3.4399,0.0,0.0,0.0,0.0,0.0,0.0,0.0,0.5080132,0.0,0.6409094,3.3870564,1.7011786,0.43000478,0.0,0.68686956,0.0,0.0,0.0,0.0,2.7888386,0.0,2.4628417,0.19808157,3.8925853,0.0,4.296091,0.0
0.0,2.6113672,0.0,0.0,4.0141773,0.0,0.0,2.0609236,0.24436395,0.0,0.0,0.0,3.970054,5.7939467,0.0,0.0,0.0,0.0,0.0,1.2802997,0.27605468,3.443684,3.3887212,3.179388,3.4150863,0.0,0.0,0.0,0.0,0.0,0.0,0.0,2.088902,0.0,0.0,0.0,0.0,1.1173787,0.24091463,2.397617,0.32127672,0.0,0.0,1.9291286,0.092004284,0.0,0.8871983,1.0985938,0.0,1.155216,1.194929,0.0,0.0,0.0,0.0,0.82115734,0.02050547,2.1029263,0.0,0.6731908,0.0,1.2072093,0.0,0.0
0.0,0.0,0.28814766,0.8758782,2.4850779,0.0,0.0,3.1422908,0.0,0.9818318,1.7269111,0.35985565,1.5196825,0.0,0.30796194,0.0,2.0011811,3.361932,0.0,0.0,0.2906677,0.0,0.0,0.0,0.0,0.8405447,0.6513313,0.0,0.0,0.0,0.0,0.0,0.0,0.791231,0.0,0.0,1.8775933,0.0,0.0,0.0,1.0174509,0.0,0.0,3.1100032,1.8641618,0.0,0.12244196,0.0,0.0,0.051930625,4.604567,0.0,0.0,0.97600436,0.0,0.0,0.0,3.5644948,4.2954826,2.6252089,1.4984506,2.559929,1.7784604,0.0
0.0,0.6713178,0.0,0.0,0.17770863,0.014925379,2.3043318,0.0,0.0,0.0,2.7499447,0.0,0.4017623,3.7052274,0.41064382,0.0,3.0887964,1.5793276,0.0,0.38625568,3.94868,0.0,2.3611536,0.0,0.0,0.0,0.0,0.0,0.0,0.0,1.8969086,8.495984,0.0,0.22375299,0.0,1.8912275,1.5917698,0.0,0.0,0.0,6.1265254,0.0,0.0,1.480986,0.0,0.0,0.0,1.0357312,0.0,0.0,0.0,3.5492394,2.311491,1.7485476,0.0,2.7822738,0.0,0.0,1.640941,2.6493115,0.0,0.0,0.0,4.432157
0.0,0.29662114,0.1542017,0.14570339,2.8689265,0.0,0.2965238,2.3455496,0.0,0.6383214,1.1766987,0.0,0.0,0.0,0.39563042,0.0,1.8341289,5.15686,0.0,0.0,0.79344964,0.0,0.0,0.0,0.0,1.6540619,1.8731084,3.698375,0.0,0.0,0.49790668,0.0862596,0.0,1.3015712,0.0,1.9508048,2.7940576,0.0,0.0,0.0,3.4842553,0.0,0.0,0.0,0.49075773,0.0,0.0,1.4751649,0.16570789,3.2901697,0.9532786,0.0,0.0,0.030352253,0.669016,0.0,1.5242441,2.0210545,2.3570306,3.1788535,1.2688024,1.896514,0.7808816,2.002476
0.0,0.0,0.6575264,0.0,1.5963391,0.0,0.0,2.4887495,0.0,1.050478,0.0,0.0,0.4673717,0.5845789,0.0,0.0,0.0,0.0,0.0,1.9501842,2.4717987,0.20061368,0.10512473,0.10896043,0.0,1.2534741,0.0,0.0,0.2602616,0.0,1.1222059,0.0,1.7345743,0.0,0.0,0.5944286,1.8320651,0.0,0.0,0.0,0.0,0.0,0.3151162,0.051954776,0.0,0.0,0.0,0.35343933,0.0,0.75604314,2.0538402,0.000683669,0.0,0.0,0.0,0.0,1.4409741,0.0,0.36344737,0.0072726384,1.59607,0.6124812,1.6672457,0.0
0.0,0.0,0.934591,0.0,2.6166534,0.0,0.42448303,0.9991456,0.0,0.0,0.7164033,0.0,0.47599956,3.714015,0.21704215,0.0,0.0,3.2812943,0.0,4.5540595,3.7596033,0.8283663,0.0,0.0,0.0,0.42417243,0.0,0.0,0.26027086,0.0,0.729344,2.3680832,0.0,0.0,0.0,0.5249294,0.0,0.0,0.0,0.0,0.028810808,0.13517149,0.0,0.0,0.0,0.0,1.3805898,0.0,0.0,1.469175,1.0684109,1.1554114,0.0,0.15320274,0.0,0.0,0.0,1.0904728,2.244593,0.590174,0.78136843,0.13734573,2.4445252,0.0
0.0,0.22615835,1.2694538,0.12013009,0.8879837,0.054902226,0.0,1.0661333,0.0,0.035553347,0.14670615,0.20208503,0.2947016,0.48652327,0.0,0.0,1.9454824,3.0567331,0.0,1.9750606,0.1072931,0.26856223,0.0,1.520448,0.09879193,2.4309556,0.73770833,0.055209197,0.0,0.0,0.0,0.5713886,0.0,0.0,0.0,0.0,0.394858,0.0,0.0,0.0,0.0,1.1092778,0.0,1.4380703,0.0,0.0,0.9975815,0.0,0.0,0.4048482,0.0,0.0,0.0,1.1238707,0.0,0.0,1.4618503,1.972398,1.7793785,4.33662,0.50373316,1.8264685,1.0947857,0.1332276
0.0,0.0,0.58263046,0.23434258,3.1025243,0.7052074,1.8070679,0.20125127,0.0,0.0,0.0,0.0,0.4562189,2.625881,0.0,0.0,1.4150285,0.0,0.0,0.9622026,3.5545764,0.0,0.7368227,0.7458086,0.0,3.9783177,0.0,0.0,1.5883318,0.0,0.6186824,1.618709,0.556181,0.0,0.0,0.11325339,1.9303281,0.0,0.0,0.021012142,0.39214924,0.0,0.0,0.0,0.0,0.0,0.0,0.0,0.0,0.0,0.5864453,0.30558148,0.0,0.0,0.0,0.54055846,5.924781,1.0580605,0.19759077,2.1289513,1.2413937,0.0,1.3530443,0.0
