0.5893408,0.18320039,-1.0634655,0.5519775,0.4506748,0.14801607,0.74257493,1.1827344,0.3437127,0.81059176,0.5059857,2.1360831,0.10849262,-0.1585371,-0.7644257,0.48314717,0.17658082,0.5441691,-0.813654,0.8200924,-0.578826,1.348186,-0.89015925,0.44778457,0.28372002,-0.32117364,-0.096630625,1.0682741,0.58647263,1.4219626,0.22229338,0.5209065,0.58733416,0.14692363,0.4914068,0.29388767,-0.12693311,0.8134641,0.1725348,0.34175053,0.20507634,-0.15914355,0.056891836,0.5488913,0.034333646,-0.8042173,-0.057116196,-0.17720622,0.16451861,0.09401996,-0.013258518,0.30800465,0.27788988,0.55967224,0.615041,0.44032305,0.47193405,0.5270461,0.0580471,1.4749933,-0.0633263,0.1287593,0.14223287,0.5866212,0.35772097,0.76123565,0.9554642,1.1753312,-1.107711,0.8113902,0.0011707093,-0.25434458,0.277282,1.246308,-0.10033327,0.21561871,0.752292,-0.48382872,0.3221569,-0.08596878,0.78456974,-0.35345876,-0.47122672,-0.41124764,0.29885918,0.13798672,-0.42248636,1.5797559,0.38485053,0.7329061,0.9944751,1.9208565,0.003193011,-0.2644308,0.8735357,0.90973824,1.3876231,-0.5852021,0.52719676,0.25271708,-0.27958655,0.33730304,0.28958595,0.15834066,0.013963182,0.39178824,-0.34564948,0.051134586,0.81288904,-0.4344451,-0.040658005,0.11076846,-0.23778011,-0.24719046,0.7431071,0.38297886,0.31585327,-0.4594676,0.2823291,1.0586258,1.0310465,-0.35944057,0.9949262,-0.67842877,-0.010200074,-0.13394533,0.14602283,-0.46272704,-0.6327091,0.39216432,0.22062843,1.5903571,0.13014469,0.28328204,0.9457728,0.5143203,1.6413839,0.57067704,0.57189333,0.45658314,0.4181488,0.009159799,0.6728343,1.1555876,0.74324405,1.111347,0.92797035,0.029881317,0.04940897,0.7657519,0.74326473,0.12529813,0.8875971,0.32333574,0.11180577,0.82010955,0.33908704,0.047115173,0.77142406,0.019785834,0.89656377,0.5465294,0.11210467,0.06385575,0.56513333,0.11878365,0.6481058,0.9497263,-0.08458317,0.537568,0.18082066,0.75976366,0.43983865,0.20262896,-1.179139,0.07391204,0.74380636,1.0736222,0.16375853,-0.36588675,0.29004934,0.22986597,1.1435901,-0.30989155,-0.4808281,0.084829286,-0.102249205,0.12010791,-0.0726952,0.32935026,-0.899482,0.8480935,0.21506883,0.33347836,0.12270075,-0.43162447,0.17603365,-1.4107592,0.28867957,0.2196405
0.15280193,0.60215163,-0.17197415,-0.056404836,0.5600923,0.5688545,-0.7736746,-0.23374304,0.012735933,0.4768161,-0.51788026,-1.3783956,1.0346034,-0.7280599,-0.14793275,0.28378054,1.166468,0.7382643,1.3835807,0.001087646,0.39939103,0.009195613,0.8098382,1.1769154,0.26357806,0.23624429,0.3744788,-0.45052266,0.6464767,-0.4899982,0.5052274,0.262504,-0.531077,0.47162536,-0.20441997,1.0561655,0.8692994,-0.41769162,0.7457152,0.48161885,-0.2651088,0.4284089,-0.10871667,0.03299565,0.4452022,-0.10744615,0.17776449,0.74423045,0.26931095,0.25837696,1.0544467,1.0697587,0.37382662,0.9461921,-0.17893207,-0.1472472,0.20506161,0.23690648,-0.7421142,-0.2941797,0.8668606,-0.4141094,0.65909547,0.5074333,0.6539149,0.33604702,0.8794329,0.47323126,-0.26128602,-0.39643252,-0.11172755,1.318603,0.40714583,0.33406729,0.7404271,1.0261574,-0.42814642,-0.16937181,0.24634281,0.72921914,0.41124225,-0.1577307,-0.21556993,0.2861478,-0.51277095,0.48985225,-0.6034116,0.58390164,0.86153466,1.1254809,0.1478943,-0.85860664,0.4842061,0.048480354,0.14339516,1.0884604,0.5703485,0.20639075,0.569355,-0.06022938,-1.2260032,-0.5152719,0.07544106,-0.15991977,0.6184236,0.43607548,0.46504536,0.61152613,-0.7645967,0.85161465,0.5253629,0.7225291,0.7626509,0.47763515,0.74030405,0.47304153,-0.36232856,0.6887992,0.424061,0.46510366,0.29573724,-0.26029268,0.45626265,-0.3751763,-0.35962176,0.16113652,0.26095596,-0.58303136,-0.054070704,0.55546355,-0.6411715,-0.62952495,0.26488528,0.42982018,-0.32039145,0.39704496,0.65490437,0.3608664,-0.43162313,0.62955564,0.42849064,0.02377496,-0.1949317,-0.6149524,0.82556146,-1.2171206,0.813529,-0.36209,1.028491,0.16414857,0.4528991,-0.52719724,-0.8166735,-0.043378722,0.6472751,0.11197374,-0.02395307,-0.13254456,-0.3720832,0.7741099,0.051523913,0.20988557,0.39049274,0.5862071,2.3099196,-1.2657994,-0.036399808,1.1399759,0.30383834,0.01698237,0.34622917,-0.1836473,0.31420326,0.59667605,0.39827183,0.05702667,0.094118804,0.021193184,0.18167463,0.30896536,-0.2842792,0.86415714,0.29390723,-0.733247,-0.22543609,-0.08188704,0.10365917,0.5346156,0.5368016,-0.16469781,-0.40165448,1.0054865,-0.7305017,-0.03607486,-0.10410783,-0.06591615,0.7347964,0.22243078,-0.328903,0.10504582
1.0062711,-0.73842996,-0.6351359,0.55027527,-0.8774589,-0.052407376,1.9810041,0.43818834,-0.55699384,-0.91194016,-0.12657611,0.14699796,-1.239981,0.06474752,0.8714047,1.6607509,0.43994284,-0.58362365,-1.3331025,0.5084763,-0.56495154,-0.33052003,-1.0983919,-2.1611204,-1.8403395,0.5796976,0.47703972,0.25702184,-0.37082908,-0.33278865,0.575247,-1.3336326,-0.03803713,-0.26191103,0.72522676,-0.5340829,-0.61337674,1.7384131,-1.8027959,-0.66430855,1.3797015,-2.0694513,-1.0718373,0.7181629,-1.0938036,-0.043385893,-0.5278101,-0.18878438,-1.8539923,-0.003311731,-0.48413065,-0.7905902,0.10970522,0.22347358,1.2008488,1.925444,0.35982648,-0.20379528,-0.29211548,-0.13926107,1.2002901,0.5680359,-0.2862707,-0.98346215,-1.9309618,0.42228952,-0.98935395,-1.7595928,-0.63651997,1.6000444,0.1646197,-0.6971813,-0.18432853,-0.103190824,1.1361945,-0.6560328,1.0435547,0.7562723,-0.4436859,-2.0169873,-1.4990853,-0.4165898,-0.016894102,-0.2195744,0.93232393,-0.5809343,1.453269,0.75782347,1.8772908,0.08689543,0.3927666,0.5361026,-1.0462768,-0.4894458,0.33857453,-0.32027188,-0.9058022,0.4428031,-0.24459264,-0.41685066,0.5207133,1.3015802,-0.33080608,1.7349712,-1.4883988,-0.6064087,0.051406294,-0.71982545,1.32795,-1.0694541,-0.4476273,0.44911927,-1.3505955,-0.060774975,0.4244164,0.8627265,0.19710879,0.5002944,0.8215517,-1.0951223,-0.82825595,-0.63159555,0.9956887,0.21210757,1.0615966,-0.7769064,-0.287621,1.8409065,-0.34472188,-0.012402421,2.092418,0.4935734,-0.010479713,0.95251703,-0.4210069,-0.10289255,0.38392654,0.52854544,0.79721797,0.37361592,0.03470977,-0.25234133,-1.0088626,0.8527017,0.42772776,-0.33470154,-1.636759,1.2892225,-0.4983902,-0.84899646,-0.51807475,-0.26252866,-0.8915393,1.0611614,1.3298962,-0.11892575,-0.28989318,0.371149,0.58698916,0.5150259,-0.61086625,-0.9164182,-0.23969145,-0.33671728,-0.04479787,1.7297904,2.7665634,0.07065797,0.4350809,0.3722177,1.4130238,-0.993794,0.09831964,-0.42695028,-0.41925883,-0.22048527,-1.0261948,-0.31089008,-1.0010295,-1.1867615,1.2872521,-0.29937968,-1.3757274,1.0607611,-1.6267949,-0.12424314,1.248389,0.8636223,-1.0387379,-0.8676576,-1.206736,0.9389436,-1.0770748,0.74699336,0.6355167,-0.5105806,0.3750028,-2.3849797,1.1384082,-0.55289626
-0.24865644,0.32744983,0.08944539,-0.047788285,0.97875404,0.89607394,0.06471932,0.96747166,-0.107251644,-0.11337295,1.4246069,0.27693596,0.31672403,0.3548418,-0.018071907,-0.7828665,-0.07047363,0.7474433,-0.07003598,-0.41262478,1.0701059,0.1337093,1.2260414,0.79041773,0.41001105,-0.77040255,0.4536141,-0.55078197,0.892979,-0.22092034,0.066438146,1.3148794,0.22328225,0.10024904,-0.21667403,0.70850474,0.12495737,-0.8697472,0.9759334,0.74347275,-0.41000247,0.21810348,0.92851114,-0.05152581,0.58029366,-0.36641145,0.85483897,0.6211012,0.17784323,0.4479899,0.32908762,-0.0003778711,0.28715852,0.27981228,-0.5475293,0.1541974,0.5743365,0.48295516,-0.2940058,0.27121052,0.25695086,0.64491034,-0.7411255,0.63399106,0.13839951,0.93544865,0.6870654,-0.2053986,0.41630518,-0.6991148,0.2592249,1.1240164,0.68825287,0.51609355,0.89569193,1.232689,-0.81745785,0.31569526,0.6292501,-0.01601822,0.8453152,-0.101892285,0.34684575,-0.8281556,0.025540836,-0.4981148,-0.6178599,0.9309575,0.9310882,-0.36485192,0.4393979,-0.4669979,0.4992284,0.49447417,1.01588,-1.2688016,0.060494676,-0.39213115,1.033092,0.66448534,0.18907258,0.49039274,1.1276876,-0.856586,0.1078619,0.4477575,0.1582151,-0.008404279,-0.7086637,1.379732,-0.1319569,0.3825102,0.0197573,0.10062923,0.89281046,0.7458392,0.47413793,0.15007922,-0.7674311,0.9243124,0.14709951,0.49675006,-0.23208034,-0.8143723,1.3041693,0.5946835,-0.23915215,-0.14706352,0.49800926,0.21133952,-0.64672333,-0.7628063,-0.17022574,0.7475237,0.41452107,-0.10692854,-0.21647528,0.75441456,0.45759875,0.048069473,0.571163,0.08938623,0.9244249,0.13480422,0.6117235,-0.7130464,0.1512046,0.31673208,1.0498625,0.41770318,1.030263,-0.53099954,0.12606049,0.3806103,-0.06995264,0.35153154,0.7511527,-0.67662185,0.16205977,0.28320387,1.1307197,1.542425,-0.014345102,1.3051554,0.9115212,0.3697834,0.06747164,-0.19855382,0.17610729,1.0210491,-0.1960422,0.2682366,0.53473836,1.2212384,-0.4077965,0.7468639,0.47653204,-1.014756,0.815181,1.1825559,-0.1729095,0.7406855,1.1800148,-0.04294942,0.1783852,0.49563107,0.6695707,0.028914696,0.4359442,0.0618326,-0.11273611,2.0095825,0.69007164,0.21346922,-0.15024126,0.63491595,-0.65498036,0.64737135,0.33908993,0.73907703
0.25280964,0.2690759,-0.0013489795,0.53718615,-0.16657226,0.4578415,0.89434004,-0.13185804,0.43085432,0.15760644,-0.5575368,0.54204905,-0.049930636,-0.17606182,0.82953036,0.2971202,0.008085812,0.21303001,-0.31695253,0.53534657,0.12399137,0.281133,-0.1405353,-0.15439653,-0.06893031,0.29757032,0.19833669,0.6761752,-0.24080835,0.4206948,0.69368845,-0.423088,0.13321556,0.50586146,0.5272999,-0.29270324,0.24766928,0.5470601,-1.0220944,-0.25170237,0.36614725,0.017688552,0.1449694,0.5754177,-0.32783177,-0.42802095,-0.6492787,-0.30866727,-0.21979205,-0.19911924,-0.23496608,0.5400327,0.40050754,-0.05834668,1.2440686,0.32623935,0.51651084,0.02005421,0.1502032,0.32273868,0.27485725,0.32711884,0.2545624,-0.18969478,0.3177547,0.8249061,-0.28880903,0.4888908,0.19025397,1.0716547,0.38973394,0.014906831,0.07829138,-0.075219795,0.32680538,-0.08606353,0.45003167,0.9166107,-0.15413195,0.020051345,-0.045149572,-0.1791159,0.054469764,-0.2094467,0.50348806,0.35097963,0.34282857,0.22952385,0.10427208,-0.08903723,0.37536767,0.4506473,-0.089798115,0.020193232,-0.10416619,0.23158965,0.47893542,0.03517035,-0.29601148,-0.26704708,-0.15477595,0.8295946,-0.4065622,1.0271468,0.2130039,-0.6332099,0.079550266,0.700843,0.7607737,0.090522625,0.21151955,0.45436162,-0.029952118,-0.30947244,0.10986377,0.0629765,-0.0065406356,0.22003183,0.49180216,-0.46663666,0.49278516,-0.25039044,0.8531201,-0.3616846,-0.22190672,-0.025019264,0.5332551,0.24041398,0.08446739,-0.5092256,1.0798807,1.234596,-0.104112945,0.32682174,0.09838657,0.7358657,0.43352076,1.0600545,0.5781894,0.079897866,0.35014245,0.45258933,-0.2877258,0.26748246,-0.13896419,0.746384,-0.55888873,0.27969185,-0.4447362,-0.08879695,0.25534415,-0.3240109,0.2618228,0.169311,0.4736099,0.6090269,0.3513997,0.41173607,0.14478846,-0.23141952,-0.8958367,0.1624364,-0.16982152,0.33465272,0.585665,0.785884,0.7543011,0.40579307,0.13714051,-0.015846446,0.78208786,-0.03033114,-0.5030157,0.08256103,0.12068351,-0.007209854,-0.30847976,0.7481001,-0.3074134,-0.13280149,0.9529829,-0.139539,-0.5404962,0.029615331,-0.47355863,0.4392715,0.3010746,0.3129411,-0.7254013,-0.0037107843,0.37908974,0.03017088,-0.15811788,0.47690043,0.7047082,0.08646457,-0.11813028,-0.75065935,0.49896327,-0.34871006
0.22719105,0.29550233,0.9412567,0.18789588,0.52948356,-0.093487695,-0.34086397,1.2721924,1.0817664,0.37168434,-0.45916727,1.5835658,-0.5724728,0.6544864,-0.8448951,0.7077615,-1.1852978,1.4978111,-0.4684138,0.22219352,-0.63032585,0.61564183,-0.14099908,-0.026452845,1.736643,1.1926712,0.40998268,0.28151914,0.3135251,0.7542559,0.5281374,1.1632328,0.8768802,-0.50894475,-0.21419132,-0.07628385,0.47973397,0.71391845,0.5199878,0.14784399,0.50849235,0.9429617,-0.9111583,0.893915,0.27001494,1.3715403,0.37129223,-0.349584,-0.104492635,-0.6096556,-0.5195529,0.13600853,0.13780001,-0.44072765,-0.08336605,0.52957106,0.47239068,-0.028633762,0.37314093,1.9546182,-0.88861847,0.042944618,0.51336265,0.25376403,0.43495825,0.10172932,0.1631349,0.23556584,0.13503611,0.7093117,-0.3723995,0.07987861,1.0793997,1.1615703,-0.23058262,0.22314395,0.43941796,0.37305146,0.24127832,0.22433953,1.1456664,0.9857155,0.08542614,-0.18342614,0.18484204,0.3774026,0.37163657,-0.147086,-0.16683002,-1.2815237,0.82366717,0.3668614,0.5780124,-0.022957185,-0.11481805,1.8078238,1.1306581,-0.6207142,0.9256523,0.30787233,-0.50225276,1.446851,0.58317083,0.22177845,1.0910244,0.5262862,-0.4624774,0.3926509,1.1722537,0.8712825,1.4482365,0.12342058,-0.19825538,-0.6753928,0.10399276,0.21909271,-0.37379548,0.037753202,-0.016121414,0.62552965,1.289415,0.8421867,0.62795955,-0.17522475,-0.9608841,0.2046922,0.74679905,1.4866419,-0.8668905,0.7605362,0.08086239,0.6931414,-0.2616504,1.2167505,1.6175171,-0.9248497,-1.0001123,1.7958113,0.30462533,0.052814957,1.0435929,0.5838709,0.4908112,1.3584751,0.814094,0.2893183,0.71525025,0.08658321,0.37401307,1.2302653,0.13151899,0.64008343,0.527633,0.32494205,-0.34875956,0.79888994,0.29698706,0.94615364,0.88757575,0.54428566,0.5137494,0.95344996,0.80356306,0.44407347,-0.45198223,0.75990766,0.03535898,0.43698004,-0.5347788,1.0815791,-0.25424486,0.97320026,0.33882022,-0.50411487,0.5290139,0.17835191,0.31253904,1.1584191,0.3776865,1.2264029,0.35521266,0.40207702,1.5109013,0.19059172,-0.34838134,0.08218968,0.44544777,-0.3580112,0.883545,0.52398026,0.8540118,-0.3377201,-0.342573,-0.10264209,0.14324674,0.08811161,-0.09980559,-0.5358617,-0.10003256,-0.3259211
0.88700974,0.63525736,0.77596295,0.76874655,1.2511721,0.61935735,-0.9249116,0.9657791,-0.07659441,0.85147834,0.1391385,-0.17750418,1.2397537,0.37689734,0.09860256,0.37305635,0.7049946,1.0188215,0.29856306,0.4526114,0.7241874,0.8530285,0.11314162,0.8529368,0.9706783,0.92528075,0.24806225,-0.6006322,0.8192208,-0.4961277,1.3213223,1.1163129,0.6270157,0.3796709,0.25818455,0.985419,1.755976,0.23033024,1.3364747,1.1419406,0.34632975,1.2603754,0.41261703,0.5386742,1.0028687,-0.4598352,1.1450299,1.4328294,0.5187134,0.8391069,1.1221905,0.41880232,0.85189325,0.14110078,0.87855256,0.35479122,0.445847,1.018753,-0.49831763,-0.36704484,-0.74959457,0.48520878,0.34196377,1.0569997,0.7148482,-0.69930905,1.0812491,0.8889662,0.9020677,-0.2136984,0.0515869,0.14683795,1.1133893,1.2775338,1.1051548,0.86295104,0.6180593,0.37771422,0.83688974,1.1124698,0.59644514,0.5196534,0.8517114,-0.8627115,1.1401923,0.44427556,-0.11239612,0.31154704,-0.33128873,0.7397262,1.2120436,-0.43890977,0.70995283,0.38564652,0.9358949,0.84694356,1.1340647,0.038440436,0.60975826,1.1568186,-0.2813124,-0.5051081,0.99465156,0.29091722,1.4727503,0.90176916,1.0476654,0.16873214,-0.75759184,0.8580267,0.37176436,0.66331524,0.74239475,1.1610571,0.9236798,1.062931,0.025804264,0.7522623,-0.07046358,0.9379218,0.5224439,0.5828688,0.7591251,0.68379104,1.1579138,1.2905322,0.7291918,0.06748985,0.39066797,0.5225878,0.4730605,-0.8204354,1.492084,1.1487236,0.0068616234,0.51500446,0.8967904,0.90074396,0.771049,0.8521108,0.7600844,1.0753332,0.8662909,-0.4579373,1.1718413,-0.21374565,1.0597824,0.50209796,1.3277042,0.7900305,1.0263814,-0.059843723,-0.28584665,0.99573195,0.43268555,1.0680245,0.4163146,0.89081025,0.33546025,1.5342879,0.8861237,1.237074,0.32334828,0.6315331,0.5259262,0.13886948,0.6628208,0.48663837,0.01852163,0.9174962,0.6658644,0.122430004,1.1042594,1.2718246,0.817001,0.84173775,0.9078434,-0.53947157,1.1400247,0.5318793,0.35923588,0.924988,-0.21271597,1.0928601,0.27289376,0.9707262,1.0631224,0.18114889,-0.083978765,0.26634428,-0.28827697,-0.35337478,0.66537994,1.2285726,0.6596755,0.9253956,0.54964983,0.6084067,0.6320188,1.1531917
-1.559026,-0.8888051,-0.07271601,-1.3704823,-0.7947629,-0.22412564,-0.41597474,-0.8327915,-1.105108,-0.96348995,-0.7250417,-0.8951951,-0.54979056,-1.7259209,-0.47021976,-1.0964128,-0.44306928,-0.40155253,-0.17937468,-1.5178885,-0.72434527,-1.7947465,-0.31235304,-0.41237122,-0.3911644,-0.63818485,-0.70793813,-0.97803503,-0.4265765,-0.7710316,-0.28725332,-0.5095451,-1.3059571,-1.130406,-1.1538862,-0.81769073,-0.44775406,-1.9854851,-0.34505567,-0.4683487,-1.5170928,-0.010250872,-1.2677219,-1.1478194,-0.27055314,-0.30115157,-0.32327336,-0.44598955,-0.47489792,-0.33592033,-0.53278303,-0.73595554,-1.0237948,-0.029722346,-1.4181187,-1.6975446,-1.3665364,-0.90353554,0.10210906,-0.6982995,-0.10810457,0.053114638,-0.9088845,-0.75040984,-0.47552258,-0.51662636,-0.9122754,-0.824156,0.06451072,-1.2016128,-0.96948606,-0.9799122,-1.126915,-1.1451274,-0.75395757,-0.5225205,-1.3376621,-0.6677319,-1.4638089,-0.17151482,-0.9397005,-0.26101306,-1.1186152,0.34421164,-1.1243496,-0.45340264,0.4809962,0.24580719,-0.009724166,-0.8430255,-0.99761975,-0.6785662,-0.8793246,-1.3798504,-0.6775933,0.6486738,-0.12942053,0.6248304,-0.77670556,-1.3154007,-0.8819427,-1.2060068,-1.0411694,-0.77359986,-0.77468824,-0.1247818,-0.80947244,-0.74607825,-0.91683424,-0.57980955,-0.667,-1.0567353,-0.51007634,-1.0367143,-0.8646652,-0.9063769,-0.6056238,-0.47154602,-1.1122775,-0.8959341,-1.07401,-0.18458216,-0.37903306,-0.38271984,-0.9454316,-1.0308303,-1.3968874,-1.319839,-0.66704184,-1.1005448,-1.0867724,-1.1489365,-0.53301924,0.1584421,-1.1686848,0.037705958,-0.21266039,-0.7847657,-1.1676778,-1.0870764,-1.1350641,-1.6675597,-0.52527416,-1.0383989,-0.58951527,-0.16186534,-0.15684351,-1.3373792,0.33392844,-1.0917541,-0.7455576,-1.1329052,-0.8849548,-0.65043455,-1.035065,-1.1419489,-0.39845926,-1.165124,-1.3615854,-0.5464523,-0.5269398,-0.29250446,-0.9403023,-1.0972208,-0.39501008,-0.4068268,-1.0370424,-0.7603804,-0.5535307,-1.1362816,-1.0237118,-0.8993247,-0.059282277,-0.97707164,-0.65675235,-1.3696578,-1.0245519,-0.9541293,-0.82992417,-0.25306895,-1.4243768,-0.766167,-0.61300015,-0.7645547,-1.4253639,-1.3926984,-1.3077016,-0.28955323,-0.22894564,0.16553773,-0.86125124,-0.34578836,-1.3194757,-0.77549505,-0.63358796,-0.60216224,-0.819987,-0.3004255,-1.3448403,-0.7820304
-0.88696206,-0.22963777,-0.56240517,-0.10821084,-0.014494636,0.27516598,0.025932252,-0.80229145,-0.27406985,0.44385147,-0.4268342,-0.078953974,0.86681974,-0.084267534,-0.55730635,-0.14843535,0.54945856,0.10903562,-0.19710685,0.31139833,0.03453458,0.7472929,-0.6410699,0.47445753,0.20956796,0.8176344,-0.17807153,-0.17399985,-0.11627196,0.14520574,-0.3848313,0.1549162,-0.5030733,0.1969974,-0.45894456,0.07608917,0.13190624,-0.52917516,-0.27073294,0.17687137,-0.13857606,0.70524585,-1.0972965,0.4102707,0.5209539,-1.353676,-0.33585384,0.22396737,0.18618317,0.057676345,0.06741356,0.23410949,0.7531846,0.29154706,0.8758385,-0.02059608,-0.016157359,0.26447812,-0.6189336,0.9677887,-1.001171,-0.53287756,0.46056768,-0.14429118,0.6809705,0.3508692,-0.071716055,0.5595821,-0.138132,-0.16168045,-0.62412626,-0.9450543,0.023022383,0.98080194,0.33369407,-0.49901614,0.69850385,-0.1994247,0.04440108,1.2331243,0.028752215,-0.10832358,-0.45429683,-0.6308873,-0.30564594,-0.1342101,-0.032736417,-0.23558362,-0.9147735,0.29025912,0.6371168,-0.03973037,0.21328034,-0.4352913,-0.20915382,0.40418792,0.5508203,-0.68874574,0.17237459,-0.13382621,-0.88942194,-0.23561518,-0.21217135,-0.8034663,0.20340754,-0.6108595,-0.25644317,0.38346678,-0.22133754,-0.4977106,0.7175558,-0.011997521,-0.012484644,-0.41667482,-0.01234469,-0.1298376,-0.8439811,-0.23319595,-0.58665603,0.26271403,0.28107348,-0.2685633,0.7013274,-0.26143953,-0.5264486,0.45122236,0.9322743,-0.751458,-0.65565974,-0.14780168,0.086601846,0.5612011,0.10878671,0.037819907,-0.19093479,-0.6922167,-0.02579393,0.34519264,-0.06339121,0.019655365,-0.6647006,0.06537726,-0.42268714,0.19585527,0.15845697,0.4594685,0.11754854,-0.16377454,0.1749659,-0.032573123,0.35103953,0.009150561,0.027429976,-0.37919152,-0.006129291,0.848572,-0.2102722,0.72724366,-0.65176535,0.20151238,-0.57121384,0.21457559,0.032756314,0.16200088,0.18882743,-0.6687986,0.15835603,0.007998694,0.1852442,0.03506981,0.037858,-0.38921323,-0.5078168,-0.26152712,-0.29461336,-0.33825487,-0.03536896,-0.0116744405,-0.06970631,0.8025327,0.60549545,0.32040793,0.87261593,-0.7391515,-0.4482243,-0.1895647,-0.38582233,-0.3979895,-0.10537357,-0.61276066,-0.9010161,-1.1135854,-0.58872205,0.10198943,-0.1710336,0.3002954,-0.40071434,-1.1963239,-0.20360461,0.15704125
-0.40646887,0.59543604,0.9402388,0.7747413,1.3423626,0.077551834,-0.53347874,0.49346235,0.41573456,1.2924132,-0.03400897,-0.4781231,0.8305588,-0.063496016,-0.7782002,-0.83180356,1.2879817,0.35828415,-0.23371567,0.61149424,0.32510445,0.03257591,0.6710797,0.9009283,0.34415525,0.6616047,-0.29024735,-1.9121124,1.1335222,0.88061804,-0.08376574,0.93170214,0.506311,-0.23579417,-0.4078849,1.7850637,0.8055975,-0.96415037,0.9861358,1.0937189,-0.1400869,0.1269056,0.41948438,0.21421666,1.4814724,1.183368,1.2065686,0.75554585,-0.0882334,1.2659651,1.7228919,0.2137813,0.61943847,0.61347735,0.4417935,-0.054922424,0.32068136,1.1158837,0.06593856,-0.35865498,-0.81784666,-0.7434357,0.2857645,1.0490897,0.53916985,-0.42400396,1.3983179,0.59975106,-0.7114913,-0.6427621,-0.5901707,0.5552194,1.042739,0.51272637,1.1533911,0.6910452,0.533048,0.04492919,0.67314255,0.4741236,0.63638,-0.50240433,0.5498471,0.24234739,0.030383535,-0.22680098,-0.38363105,-0.20024556,-0.40819106,0.59644747,0.450779,-0.5783533,1.1730127,0.18746105,0.7172635,1.1231335,0.45208442,-0.6858969,1.4638479,0.9376816,-0.7272555,-0.37514645,1.0811375,-1.0473212,1.1440469,1.2787256,1.5710199,0.087085634,-1.3686217,0.37753326,0.5000433,0.70328873,0.5589921,0.46528524,1.0900149,0.9954286,-0.6293632,-0.1650037,-0.20262109,0.65951276,0.15438612,0.48248443,0.4815586,0.8350965,-0.5948461,1.4256424,0.052904457,-0.9583809,-0.5300189,0.57583165,0.24782719,-0.6910877,0.44020164,-0.21902394,0.14393118,-0.11449903,0.19699083,0.24896458,0.51859426,0.8621058,0.54938227,0.30398437,0.90958655,-1.9226463,1.2661452,-1.1315469,1.6257688,0.77057153,1.1450729,1.117407,0.934574,-0.6541613,-0.5482145,0.67673117,0.31392166,0.272695,-0.4164625,0.3363343,0.27477586,1.5421689,0.71163046,0.37972894,-0.06750389,1.4695796,0.3146557,-0.46696928,0.40011823,1.02316,0.077981584,1.2586501,0.2574037,-0.33382228,0.6916214,0.56796217,1.1627536,0.5760341,0.9694342,-0.9376901,1.2640158,0.7354989,0.21364552,1.0418965,0.7007912,-0.16070487,0.2995218,0.5279534,-0.08674746,-0.40365687,0.2398656,-0.45318872,-0.118984275,-0.65817153,-0.49976343,0.585184,-0.016344089,1.1673977,0.14184366,0.069162026,0.076673724,1.572147
0.76201653,0.052155636,-0.64333886,0.2611172,-0.3129209,0.5404735,-0.1454532,-0.16339564,-0.16011156,0.52215683,-0.94116074,-1.3609498,1.1326982,0.14188269,0.7202146,0.39106414,0.18331419,0.22244926,-0.021723997,0.015381246,0.14258847,0.1407204,0.33506948,0.6939089,0.61804384,0.567144,0.115425676,-0.15098053,-0.25041786,-0.25814274,0.9458356,-0.062710926,-0.119105026,0.7991847,0.38008392,-0.05853484,0.36113822,0.9455656,-0.6043605,0.051857058,0.12956075,0.60401773,0.42789665,0.32416356,0.8116667,-0.7592543,-0.58285695,0.40609705,0.038878366,-0.26506674,0.4437192,0.36766824,0.27350736,0.36375037,1.2014929,0.49265492,0.47794577,-0.24088563,-0.89421844,-0.3808767,0.32962626,-0.2616575,-0.0012354776,-0.13324845,0.8356447,0.33490607,0.079954006,0.84991395,-0.12048123,0.020850403,0.39982337,0.13101357,0.0099255135,0.63787407,0.08437311,0.101679355,0.7418017,0.55958974,-0.18467715,0.45992205,-0.036879398,0.18674307,0.35642096,1.4458935,0.68034786,0.20818485,-0.21523434,0.68642795,1.0711001,0.28390378,0.7653105,-0.86190045,0.43374407,0.4877186,0.10469651,0.45464197,0.9420567,-0.05612019,-0.16399682,-0.42178363,-0.30327904,-0.47239754,-0.20958799,0.6612548,0.26268786,-0.47449875,0.12909476,0.6328288,-0.01550954,0.25056848,-0.25680086,0.5432936,0.0672348,0.39595684,0.23905993,0.077754304,0.26628482,0.43845174,-0.09280695,-0.18529429,0.23885112,-0.37293872,0.9900406,1.0163935,0.6437889,0.21953346,0.21120502,-0.37978834,1.0616559,0.40424624,0.47634137,0.086938865,-0.4355597,1.6764863,-0.79360944,1.2516506,0.89173585,1.1247603,0.07425372,-0.08119646,-0.023129564,1.0330988,-0.02032271,0.16926757,0.40515962,-0.25113246,-0.70310533,-0.2504326,0.1457331,-0.037715446,-0.09681106,-0.3502108,-0.5847652,0.6449879,0.7614187,0.6333798,0.11429078,-0.099827886,0.080582485,0.19195068,-0.2715183,0.1949732,0.5427541,0.3904954,1.5024114,-0.18735889,0.37494898,0.6830648,0.4497975,-0.5889836,1.4752842,-0.26499972,0.09247474,-0.12731715,-0.62503016,0.29877865,-0.40693372,0.6216329,0.04243105,-0.5168396,0.6100254,0.086988606,-0.804934,0.013097893,0.26160222,0.6133443,0.5240322,1.3695606,-0.34827393,-0.14347811,-0.48547688,0.85348713,-0.035893455,0.56347066,0.78162855,0.31846514,1.1888987,-1.194215,0.43844044,-0.05361453
0.46296072,0.31615025,0.14110412,0.45971355,0.5715895,-0.109106466,-0.2584553,0.75099033,0.6794812,0.46849298,0.15741897,0.6131424,0.17247304,0.574607,0.063623674,-0.22739947,0.29257867,0.49166524,-0.24472575,0.8136493,0.08781158,0.38942498,0.41574097,0.22193435,0.42970553,-0.062826976,0.43236807,-0.3116269,0.37110358,0.34447148,-0.38075528,0.24803872,0.70477116,0.31050217,0.42355788,0.6105078,0.0071174856,0.31026593,0.5302097,0.4729936,0.6004661,0.39878538,0.58784795,0.23782626,-0.18178803,0.53949225,0.5486656,0.37701055,-0.08993805,0.5033443,0.55622834,0.2800279,0.20623066,0.10733819,0.5266522,0.5529193,0.46167353,0.6542125,-0.21614121,0.13710327,0.10859457,-0.22944534,-0.1253134,0.4331085,0.4667913,0.06747801,0.5902855,0.18738894,0.023109764,0.28564376,0.15610419,0.42823213,0.35740885,0.1442792,0.33539072,0.50111014,0.5853542,0.7154832,0.4196849,-0.07021624,0.35222518,0.20519905,0.58167636,-0.38137305,0.32679713,-0.28845996,0.27344522,-0.56440246,-0.2942791,-0.104905315,0.30619395,0.16706133,0.7405993,0.4011922,0.7423646,-0.644979,0.032734916,-0.6799593,0.3642395,0.73270535,-0.14440277,0.8935945,0.80482924,-0.16752435,0.4950084,0.43637514,0.54815114,-0.34366196,-0.0362875,0.40983024,0.46188182,0.33156306,0.3754942,0.5740419,0.2612014,0.65053314,0.09077035,0.23028626,0.13605568,0.16308437,-0.10264155,0.07884302,0.37901872,-0.12513342,-0.027874688,0.5822159,0.33149588,0.16444595,-0.18668476,0.06870121,0.19063382,0.16395998,0.119539954,-0.17827834,0.0076912083,-0.11417936,0.045502078,0.3005991,0.7555779,0.15939061,0.16862847,0.4546635,0.8589591,-0.13839714,0.5465982,-0.1270318,0.2913956,0.6931382,0.278233,0.29771686,0.29183683,0.06352395,0.42226353,0.7340875,0.4718779,0.07822443,-0.32606232,0.05012143,0.8115648,0.14256944,0.4845587,0.19218677,0.32944483,0.4584786,0.11938778,0.359116,0.38071537,0.6241268,-0.2577477,0.65706354,0.5781174,0.088071615,0.19708413,0.4293853,0.26926613,0.55462056,0.7638208,0.03929884,0.546382,0.17909504,0.5524839,0.35796088,0.3936296,0.63195074,0.21620241,0.74202394,0.68819416,-0.34525567,0.10947684,0.06357415,-0.051333185,-0.11460501,0.89713174,0.3141675,0.51576734,0.40063208,0.13101663,-0.16398689,0.569951,0.549943
0.028406335,0.57725364,1.1256925,0.022989446,1.446209,0.80747765,-1.0543098,1.3304826,0.08122188,0.9547885,1.7508029,0.27326342,0.679023,0.8691084,-0.5319806,1.3513565,1.1504908,0.20679235,-0.12488751,-0.5555931,-0.058954157,1.124986,0.8003542,1.2224047,0.13477284,0.99944514,0.99836844,-0.20652801,1.4882663,-0.6156798,0.12222279,1.6170801,1.2341361,-0.13799573,-0.7624241,0.75677586,0.6042841,0.5050177,1.7671142,0.56738293,0.3490008,-0.42927024,0.1556361,-0.25379047,1.2956287,0.33917594,2.0739975,0.3659425,0.8410633,0.7190672,0.29428658,0.1383067,0.9630831,0.77948594,-0.13755657,1.5290064,0.35391578,1.2591733,-0.8313629,0.45613638,-1.3054363,-0.086735375,0.748601,1.1896518,0.187293,-0.091528885,0.7894655,0.20154071,0.6038243,0.7206591,-0.17392465,0.1291588,1.2855978,0.487095,0.15189034,0.403576,0.11980614,-0.71906483,1.355755,-0.14430757,0.5578935,0.96550477,0.75920105,-1.2923005,0.44338167,0.05919504,-0.9079788,1.5420419,0.25108692,1.9106315,0.4759181,0.19963893,1.4313499,0.56261677,0.5909628,0.17020245,0.24428324,-0.713979,1.6006081,2.0783179,-1.3143176,-0.48776942,2.2990518,-0.61722326,0.663802,-0.53853786,1.2259463,-0.025353685,-1.3002253,0.076342046,0.17478935,0.39564377,0.13331996,-0.3511901,0.6981462,1.082183,1.1122535,0.16278392,0.8971357,1.8312782,0.45377314,1.5849937,-0.20918928,-0.31545046,1.299942,1.3815206,1.5482789,0.5049391,0.20255162,0.558425,-1.2709596,-1.3950713,1.4375749,0.72032267,2.0617168,-0.66556394,-0.060297575,0.17180651,0.7216751,1.1436199,1.3930006,0.40207064,1.2517016,-0.31272012,1.0122994,-0.3368685,0.4305241,0.9816434,0.4690375,1.0540391,0.48319384,1.8754505,0.19423741,1.1281334,0.46296206,-0.29224223,0.21897452,1.3636618,1.1770724,1.5829606,2.190436,0.5539032,0.4168244,1.4361563,1.3514577,0.6238634,0.16080461,0.33477673,-0.6771699,0.775377,-0.3025638,2.0925002,1.3365602,1.0764004,1.0533031,1.672659,1.9436045,-0.5300072,1.366142,0.5820809,-0.5334187,1.1651845,0.9455254,1.0617895,2.1797223,-0.19387372,0.48550957,0.27690187,1.1434262,-0.060430355,-0.16782372,0.782415,0.8470277,0.76484007,-0.60030246,0.5184333,-0.60907143,1.7221534,0.8070537,1.5401591
-0.014450027,-0.1061659,0.57566595,0.960439,1.7050158,1.4665661,-0.18132511,1.6735146,0.60883445,0.6398299,2.3826115,-0.42844236,0.15786633,0.7547634,-0.15538827,-0.01281511,0.315858,1.4050272,-0.07760027,-0.5010174,0.20595637,0.15566038,2.1865613,0.17369927,0.19715536,-0.3734635,0.28988668,-1.2059805,1.2560042,0.23322685,-0.5747778,0.82346815,0.703521,0.4326961,0.31421396,1.0638874,-0.73328847,0.06969966,1.7351055,1.0915043,1.4717437,0.12672527,1.5236354,0.461765,1.014703,0.88686323,1.969077,0.56889975,0.602689,0.8829968,0.9415959,0.28702575,0.18939607,0.24499759,0.24998647,1.2960273,0.63024175,1.0932899,0.29962337,-0.8497222,0.5895649,0.10477222,-0.9712409,1.4474102,-0.3379831,0.30007473,0.76496696,-0.49597538,0.71561617,0.689483,0.16148607,1.4888952,0.40765104,0.13417177,1.4675771,1.1030222,0.5606223,0.95802534,1.2570667,-0.65642285,0.3937126,0.4886906,1.3962018,-1.2512395,0.6349633,-1.3472712,-1.0646985,2.3736656,1.0589086,1.3112476,-0.05606214,-1.1442144,1.4578551,0.19828019,1.7877979,-0.53882825,0.200626,-1.1379379,1.0095034,1.6978964,0.5842205,-0.37218434,2.8077466,-0.76952344,-0.08543939,0.4961139,0.534227,-0.46761057,-0.5187245,0.96404976,-0.91648704,1.0592711,-0.37911704,-0.1111519,1.6322396,1.3708317,2.0379686,0.6010776,-0.11749077,0.6984346,-0.6797893,2.2473128,-0.14164878,-0.62135303,0.93236274,1.3410637,-0.05261931,0.07458864,0.7111028,0.35422227,-0.48342317,-1.2633703,1.3977115,-0.44446275,0.52718955,-0.58339894,-0.8656872,0.5874911,1.20088,0.2106527,1.346165,0.32311836,0.6908399,-0.32221782,1.1247603,-1.3881994,0.571004,0.9761074,0.7984367,1.418467,0.85342866,0.32423186,0.4575768,1.3340483,0.7627934,0.21063934,1.5031266,-0.33450127,1.5819082,1.358853,1.5083658,1.2613785,0.157781,2.0148852,0.9183032,0.35179234,0.37284827,0.3004316,-0.63344586,1.7643676,0.8167146,0.10721109,0.00972648,1.0361009,-0.089575805,1.6901677,1.437642,-1.8497968,1.5518191,-0.047835484,0.26191485,0.10068693,0.72648436,1.1574684,1.444981,0.75914997,1.17449,-0.5021115,1.2186339,-0.31193393,0.03784478,2.768678,1.3136685,1.0415841,0.44185284,0.15643956,-1.2109418,1.2027309,1.4394612,1.6781718
-0.93116766,-1.2312621,-0.7123577,-1.055085,-1.3229688,-0.56996405,0.6110001,-0.9084632,-0.85329354,-0.82749856,-0.9421657,-0.23158634,-1.1576041,-0.8505946,0.5690566,0.013333671,-0.76269376,-0.73812103,0.5046903,-1.4938006,-0.5707284,-1.3611984,-0.31641093,-0.9630943,-0.6615167,-0.08601742,-0.27990827,0.3317391,-1.0735699,-0.55365914,-0.43261096,-0.9835606,-1.0430962,-0.67473793,-1.1402696,-1.4427295,-0.6523978,-0.8080001,-0.85831183,-1.1253132,-1.4101732,-0.973597,-0.14586619,-0.90378386,-0.624261,-0.1352663,-0.9984954,-1.3619418,0.20508079,-1.1165116,-1.2316887,-1.1003232,-1.3357757,-0.82277274,-0.9450553,-0.95012957,-1.8700684,-1.437212,0.9234872,0.03250209,0.07914865,0.84945536,-0.35151765,-1.2066959,-1.6185424,-0.8897673,-1.0867662,-1.3644685,-0.11130125,-0.29111558,-0.5381533,-1.163435,-1.091517,-1.1666924,-1.1333966,-0.8975047,-1.8350416,-0.8706012,-1.4967527,-0.573279,-1.1932118,-0.5314284,-1.4325681,1.5424721,-0.9089641,-0.2501673,-0.030543175,0.20658393,-0.42927122,-0.6148998,-1.0371567,-0.028596492,-1.3677267,-0.9661357,-1.0488956,0.21214955,-1.1898805,1.3065442,-1.4328063,-1.3495024,0.6595677,-1.6121516,-1.0321856,-0.7847049,-0.7313551,-0.2684282,-1.3145026,-0.62442976,0.6125686,-0.66251904,-1.2532419,-1.0735259,-1.0646218,-1.1537185,-1.0440053,-1.3711872,-0.33640248,-0.12307488,-0.7115542,-1.0628365,-0.88137364,-0.63676304,-0.5765506,-0.9658394,-0.3285035,-1.4516962,-0.67363256,-0.6567518,0.5602755,-1.3166428,-0.36766404,-0.6434513,-0.65283865,-0.38770303,-0.5805926,0.801798,0.090326644,-0.9695913,-1.0146883,-1.2639899,-1.004055,-1.4483662,-0.9363791,-0.03619866,-1.0153437,0.056933004,-0.8465985,-1.0504481,-0.7351963,-1.052842,-1.2479635,-0.32377452,0.05073069,-0.96878576,-0.89160264,-1.1404983,-0.77101946,-0.85517514,-1.2278779,-1.01593,-1.2501724,-0.92950845,-1.2668656,-1.243195,-0.9904754,-1.3059727,-0.77569354,-1.3075783,0.85666376,-1.1150156,-0.9136852,-0.2509832,-0.3259561,-0.9862771,-0.46449277,-1.1975703,-1.3801678,0.008036383,-1.275767,-0.89445335,-1.1693558,-0.6150846,-0.8811295,-0.8907179,-1.3308637,-1.2551705,-0.67764974,-1.1458169,0.29081088,0.33691928,-0.07113991,0.78043294,-1.0003649,-1.2694248,-0.68393445,-1.6333454,-0.412701,0.08440689,-1.1715087,-1.1932894
-0.096009724,-0.35496494,-0.07717762,-0.3405062,-0.17004965,-0.33754107,-0.18852992,-0.13171569,-0.71318734,-0.46505752,-0.91866595,-1.3156629,-0.37063548,-0.6124828,-1.0981237,-1.0631349,0.05057847,0.08269655,-0.78964585,-0.69545174,-0.69526273,-1.2318617,-0.91124827,-1.2919209,-0.17494906,-0.2635887,-1.0545803,-0.9665236,-0.27385113,0.38358247,0.6415047,-0.94990313,-0.8823314,-0.22290643,-0.08409583,0.40736926,-0.6319348,-0.9747432,-0.2317733,0.034406785,-0.7416296,0.08051287,-0.017893998,-0.027798885,0.3875569,-0.10610792,0.1752378,0.22766992,-1.0948368,0.8237537,0.444199,-0.30267882,-0.34023142,-0.022027398,-0.42138028,-0.70225656,-0.74233794,0.14510718,0.56994504,-0.96961355,-0.14292742,-0.6152921,-1.1763129,-0.59452325,-0.44230512,-0.5247696,-0.44271943,-0.13195902,-0.7449233,-1.2956251,-0.0566601,-0.33197713,-0.7447938,0.0561852,0.11397233,-0.5541055,0.42259645,-0.35412383,-0.4117955,0.31367898,-1.0723255,-0.81800807,-0.38500178,0.016884148,-0.13352884,-1.0810679,-0.25998053,-1.2816931,-0.62244684,-0.0005579069,-0.3748146,-0.13461778,0.11311711,-1.0071394,-0.1715228,0.12721851,0.22078852,0.038756374,-0.48549095,-0.8493538,0.017513812,-0.46046343,-0.2049011,-0.72204626,-0.23910886,0.56754124,0.24719498,-1.1644439,-0.4533355,-0.9232618,-0.53219455,0.10372415,-0.025330957,0.0015656743,-0.032863416,-0.028126843,-1.0116425,-0.6922522,-1.3576012,-0.511871,-0.9296518,-1.1660978,-0.38888398,0.43753716,-0.1448552,-0.2587552,-1.3642637,-0.944985,-0.5393645,-0.36094922,-0.10560818,-0.92162186,-0.53819084,-0.57039165,-1.1172298,-0.6167847,-0.9236301,-0.07813015,-0.11662727,-0.6679798,-0.4327211,-0.13198401,0.032218486,-1.1785358,0.12255474,-1.0897771,0.3609001,-0.7433365,0.6981805,-0.20445272,0.0729304,-1.639849,-0.9192063,0.47365534,-0.32736984,-0.17466669,-0.0083981585,-1.0803221,-0.6638284,0.50703114,0.3437069,0.09516334,-0.15437265,-0.19093023,-0.9897935,-0.007024035,0.05382487,-0.43735832,-1.3627019,-0.41053095,0.3034968,-0.97350955,-0.29742748,-0.32997838,-0.6207595,-0.1854181,-0.2538492,-0.5908757,-0.012673384,-0.4144823,0.08005097,-0.19553232,-0.9176719,-0.15218012,-0.4889409,0.041745394,-0.62660134,-0.3842028,-0.869941,-0.24623223,-0.043485504,-0.50492,-0.109947175,-0.0065829866,-0.46824068,0.39795837,0.47919846,-1.3985059,0.18235931,0.18229747
-0.3639391,-1.3551102,0.45131364,-0.65858907,-0.7882306,0.102874234,0.74806285,-0.2906296,-0.80229765,-0.79847044,-0.784329,-1.4141495,-1.4953035,-0.8588041,-0.08409946,0.033543058,-0.7466058,-0.114055716,-0.428155,-1.299699,-1.063441,-1.3798412,-0.7446714,-2.8414023,-1.0669041,0.055628784,-0.51435935,-0.22246265,-0.7418788,-1.0441474,0.65942466,-1.917902,-0.71812856,-0.68517596,-0.052280568,-0.37791005,-0.94781977,-0.2758722,-0.7072646,-0.6061235,0.07573733,-1.5228927,-0.17287019,-0.5051774,-0.7931569,0.74488044,-0.5497928,-0.17610213,-0.8083082,-0.56700957,-0.6406045,-1.4772389,-0.8494291,-0.07711064,-0.5444137,-0.34274992,-0.5921207,-0.8225321,-0.2632591,-0.49984547,-0.19883633,-0.50812423,-1.0721643,-1.4225353,-1.5817158,-0.71044433,-1.0817908,-1.5417677,-0.045554586,0.06367074,0.15598916,-0.44207335,-1.6869063,-0.6324893,-0.32993683,-1.1784428,-0.15722767,0.0018825806,-0.97980607,-1.0936118,-1.694806,-0.028600281,-0.8669419,-0.5101233,-0.022617437,-1.1083661,0.045139033,-0.50555986,0.6424501,-0.15619236,-0.53568083,-0.1631784,-0.82985175,-1.4687899,-0.27528754,-0.22034645,-0.62136304,0.46044695,-1.3111877,-0.88596123,-0.6372988,-0.0742521,-0.70006335,-0.14016852,-1.2292893,-0.26356906,-1.0722349,-1.9277817,0.49108237,-0.85868496,-1.4411582,0.010733411,-0.7320619,-0.35248807,-0.6031761,-0.48117727,-0.36984506,-0.59487194,-0.1435447,-0.9302019,-1.2769603,-0.86531425,-0.24794273,0.24891293,-0.28690994,-1.1623205,-1.3320304,0.18044457,-0.66798574,-0.79262114,0.40409744,-0.93741065,-0.39680162,-1.0895327,-0.89202183,-0.29989976,-0.79025424,0.017783532,-0.028476914,-0.75846213,-0.6539592,-0.3012092,-0.8741791,-0.18400107,-0.45902058,-0.08256371,-0.5073908,-0.56290555,-0.40111583,-0.71990776,-0.6556153,-1.025808,-0.862104,0.29389352,-0.22559664,-0.40128922,0.038776066,-0.9379364,-0.123000875,0.4226738,-0.076322675,-0.7717143,-0.5308015,-0.75782317,-1.2274628,-0.20568554,0.28787804,-1.6300466,-0.87625855,-0.9451529,-0.056374293,-1.0896496,0.10689616,-0.6849555,-0.23187861,-0.35634586,-1.1435481,-0.8343288,-0.8404884,-1.211247,0.22220743,-0.73560745,-1.102549,-0.09312573,-0.86578816,-0.49742156,0.26769805,0.32122263,-0.07145264,-0.2466857,-0.36505005,1.023833,-0.7111864,-0.5663741,-0.5785414,-0.9109807,0.25405085,-0.80787057,-0.16392124,-0.5747503
-0.5769217,-1.165919,0.27202663,-0.48939434,-1.1415174,-0.21254687,0.13933669,-0.6014018,-0.06784356,-1.0933703,-0.12841648,0.5525733,-1.7758186,-0.80126333,-1.4304075,-0.36559585,-1.5012603,-0.48259795,-1.079046,-1.4482872,-0.4557925,-0.5570571,-1.2805804,-1.8143032,-1.6548889,-0.45661113,-0.66009694,0.50377125,-0.7358232,0.24267615,-0.64776564,-1.8933028,-0.97603405,-1.1701701,-0.14728597,-1.0443132,-1.1647186,0.6785873,-1.0408643,-1.4826111,0.32034615,-1.782321,-0.18670031,-0.2320758,-1.1516404,-0.020799017,-0.86706084,-0.4384282,-0.543277,-0.8598465,-1.1652281,-0.6195484,-1.0134904,0.07404486,-0.55469173,0.4213443,-0.36077538,-0.45813966,0.45377603,-0.5203989,0.5368681,-0.6644424,-0.91042244,-0.77314097,-1.5776672,0.24050042,-0.98947984,-1.2204523,-0.9691656,0.055851057,0.17830572,-0.3602828,-1.4846983,-0.7550054,-0.97395116,-1.2504705,-0.44419175,-0.680247,-1.0454215,-2.1642857,-1.4785191,-0.005040938,-0.9203179,-0.010167986,-0.61043936,-1.1027236,-0.084264874,-0.9115199,-0.07782729,0.26243672,-1.5009686,0.4504724,-0.87892634,-0.9425963,-0.9240225,-0.3480206,-1.403598,0.11021263,-1.1619143,-0.5930627,0.4723909,-1.2618589,-0.91670763,-0.15276155,-0.5047733,-0.27859887,-0.74059033,-0.91583526,1.4474031,-1.477213,-1.9612445,-0.6687804,-0.91990393,-0.5749557,-0.503723,-1.1063435,0.4993951,-1.5853845,-0.5403775,-1.2625009,-0.6938622,0.24927945,-1.4052639,0.084747866,-0.17468661,-1.0332376,-0.85066134,0.17248243,-0.17460226,0.39064345,-0.97777206,0.29026824,-0.5124832,-0.3887577,-0.58937925,-1.2735201,-0.93311346,-1.4455276,-0.4387019,-1.0469971,0.17791954,-0.016861428,-0.8922293,1.5048927,-1.0774902,0.26584315,-0.89067197,-0.7424567,-1.4563789,-0.44936058,-0.92277706,-0.5137446,1.3221294,-0.6208488,-0.45219946,-0.81907314,-0.23251572,-0.46743706,0.082037345,-0.35842738,-0.6983599,-1.5153466,-0.44535768,-0.9087978,-1.0428582,-0.5986838,-0.9396709,-1.4224362,0.2501545,-0.37607703,-0.39325744,-0.9864188,-1.1223701,-0.29805487,-1.5539947,-0.2965823,-0.989073,0.8389359,-1.2395517,-0.8204285,0.034237728,-1.1599168,-1.8918548,-0.23289512,-0.69799864,-0.25412685,0.09926516,-0.10790474,-0.2688847,-1.6699605,-0.7327254,-0.12323603,-0.5399948,-1.4357135,-0.34718034,-1.2479109,-0.47351357,-0.7426774,0.23901498,-1.0325149
0.31805244,0.750499,-0.036688555,0.7441647,1.4248435,0.42969856,-0.6560806,1.8359655,1.25877,1.0322354,0.86275333,-0.083172075,0.7771257,0.8594256,0.15241075,-0.4266499,0.47671077,0.593871,-0.014919501,0.9574712,0.46438283,0.9647148,1.7259642,0.49785635,0.9015319,-0.057860132,0.38962528,-0.88373655,1.6504916,0.38518244,-0.45420197,1.2479209,1.6157366,0.48320407,0.15594774,0.9186118,-0.50514394,0.48783,1.2608192,1.0024462,1.1442426,0.0015732441,1.9615831,0.0063765403,0.5082612,1.2376263,1.4507941,0.52889663,0.2735547,0.5706122,0.6535565,-0.065486304,0.43518525,0.33837646,0.5049403,0.74435055,0.8528961,1.3172631,-0.5941442,-0.09463598,-0.13678361,-0.3121822,-0.013106115,1.2867877,0.16981304,-0.2532848,1.169215,0.7266127,0.7711775,-0.017034369,-0.23116724,0.8871516,0.77662265,0.52490324,0.17071128,0.32873517,0.36423934,0.89699906,1.198152,-0.2932136,0.7544592,-0.6660108,0.8473865,-0.89095676,0.42271012,-0.32029074,-0.43494627,-0.13820493,-0.12350811,0.19794449,0.46332517,0.4227314,1.0403919,1.0016946,1.5019617,0.29176986,0.13539745,-1.2534102,1.2182107,1.494203,-0.64769375,0.95828176,1.6549884,-0.7036945,1.1548158,0.47286856,1.1087036,-0.23223187,-0.64667714,0.24745014,0.036574677,0.061539203,0.034623016,0.2169404,0.63155174,1.4013944,1.0093093,-0.54873455,-0.14012478,0.65466374,0.27504167,-0.28031722,0.646283,0.728847,0.99696875,1.1391739,0.8423862,-0.4866989,-0.39739975,-0.057429958,-0.09016113,-0.3719202,-0.057325475,-0.36656415,0.5287801,0.27332324,0.25195444,0.93054914,1.2455812,0.47854692,1.3520852,0.8984664,1.3930397,-0.86723334,1.1156783,-1.1947517,0.6701312,1.5263971,0.47211388,0.7044098,0.76923954,0.5980204,-0.76042384,1.5753257,0.25519198,0.045211323,-0.012038631,0.7687845,1.0809491,0.15334347,1.2096759,0.26217854,0.1267192,1.2007688,0.77186453,0.5488165,0.26651722,1.315095,-0.45961085,0.88256586,0.6073756,1.2110056,0.103032164,0.63588125,0.057063423,1.6143578,1.9708668,-0.3729495,1.1617721,0.4960544,0.32769126,0.65663236,0.8307763,1.218585,0.7427084,0.7779604,0.6537268,-0.016588325,1.4023271,0.051705442,0.40725058,0.9348899,1.512217,0.7533468,0.4958202,0.44615585,-0.94946545,0.7463038,0.7337264,1.0558975
0.111305445,0.5273826,0.113371834,0.71997726,0.83790016,-0.37763438,-0.73657227,1.2299972,0.19163898,0.31520274,0.32433137,0.88951635,1.1196811,0.4605526,0.114950754,0.30378073,-0.02129019,1.1281558,0.05109776,0.71540725,0.82745534,0.59000605,-0.23257491,0.9849126,1.4115207,1.0492232,-0.6569635,-1.0252987,0.8820143,0.21487595,0.8851277,0.8633264,0.5347059,0.6606772,0.9806718,0.82253593,0.9263128,0.3658003,0.936039,1.043269,0.30441588,1.4425249,0.47090673,0.91963917,1.4721663,0.009430686,1.2673606,0.9092357,0.053373605,0.78402555,0.780772,1.2207547,0.82571787,0.22304173,0.85755944,0.1894423,0.7690908,1.2159405,-0.73914343,0.55711657,-0.41485804,0.3021117,-0.47035524,0.9060822,1.0309057,-0.68025136,0.6604272,1.0415512,0.76752955,0.25343278,0.37135315,-0.2398834,0.9835906,1.5054779,1.0639007,0.43375105,1.0598533,0.1590444,0.7856039,0.9206212,0.68476564,0.09600503,1.0573928,-1.057317,1.3040726,-0.28205535,-0.12726885,-0.034300834,-0.8103006,0.99366117,0.82543254,0.79242295,0.3703735,0.29689157,0.645764,0.70162195,1.1857681,-0.20651342,0.7318377,1.0675317,0.51762396,-0.30143505,1.1839663,0.31517723,1.23707,1.0303631,0.5212593,-0.08554688,0.15234993,0.5691039,0.38088453,1.092252,0.16418697,0.24291119,1.2317142,0.8111727,-0.42825112,0.61175203,0.19236907,1.454174,-0.07464373,0.364873,1.0868136,0.6226655,0.12379211,0.9980682,-0.0557594,-0.08124252,-0.5944828,0.8508631,0.63479817,-0.036401473,1.5004082,0.7776708,-0.087727964,0.5743109,0.9969061,0.522808,0.9077529,0.5789048,0.006561253,0.91951424,0.97913635,0.217251,1.1903474,0.40339994,1.0684685,0.25655884,1.1363065,1.1501077,1.0348386,-0.4954856,0.57251614,1.2214838,0.29209343,1.2378889,1.2350765,0.5931021,0.6947447,1.3962784,1.1093651,1.0995411,0.19026484,0.42127708,-0.0471342,0.69244057,0.43737596,0.46127886,0.12613854,0.7403197,0.96337277,-0.40979668,1.2199582,0.92885184,1.3142422,0.7692414,0.86612386,-0.15274256,1.2178844,0.66534543,0.8225285,0.90718716,0.41482472,0.7391141,0.90168077,0.9563563,0.9261401,0.82461715,-0.3721306,0.6999385,-0.2193113,-0.13771836,0.97077984,1.2793218,0.78831756,0.5550438,-0.17008403,-0.061943255,0.86647344,0.9801329
0.47934127,0.41486746,-0.69046265,0.71808237,-0.08825368,0.14441054,1.422316,0.38892293,0.63836235,0.7567281,-1.3257815,0.2526482,-0.29378828,1.4472119,0.9869615,1.2906686,-0.32242182,1.372345,0.08769335,1.3380759,0.35180855,0.13256453,0.48141778,-0.8519725,0.4432382,0.11693326,0.19614077,1.4314162,-0.6632676,0.4274183,0.9763637,-0.97442347,0.45463762,0.99796027,1.2334476,-0.49448824,7.4667856e-05,1.1860967,-1.3345103,0.19409518,0.99538875,0.54071975,0.6019127,1.2875849,-0.25505015,1.2119478,-0.49719822,-1.1823461,-0.29713348,-0.9986496,0.12802877,0.2253224,0.17581412,-2.3263257,0.34178582,0.31670892,1.0007868,-0.03075898,1.5354434,0.37835315,-0.48156005,-0.33687449,-0.15546876,0.5650782,0.1504977,0.995414,-0.31115055,0.6364671,-0.85686356,0.10346989,1.006758,0.930624,-0.3971635,-0.33719122,0.2578738,0.16317718,0.8809049,1.4994833,-0.62587255,-0.10463433,-0.35239834,1.0373054,0.39554402,0.9114341,0.87286514,0.16548112,0.94877476,-0.6567727,-0.40503967,0.399785,0.19348112,0.49638945,0.015255364,-0.67377126,0.6318237,0.70537204,0.7988455,2.15546,-0.48565924,-0.5600003,0.274257,1.0401528,-0.7128285,1.452036,-0.13980548,-1.1703385,-0.49737623,0.67237824,1.7412839,0.12264159,-0.06849815,0.121377066,-0.41540182,-0.21447739,-0.6567751,0.55115646,-0.864222,-0.11731591,0.802352,-0.36066738,0.045950674,-0.8996081,1.14874,0.79887056,-1.2574397,-0.10544405,-0.1835505,1.1377792,-0.43319723,1.0162038,1.601895,1.6294165,-0.74966,-2.2429235,-0.052987944,0.34089798,-0.83037794,1.1815367,1.1765275,0.3233457,1.7982626,1.1797668,-0.70548487,0.36576813,-0.76053876,0.43866047,0.083222985,0.5583821,-0.9546456,0.38692904,0.5383273,-0.31910598,0.85974014,0.82900953,1.0296384,0.24074386,0.38070104,-0.21391362,0.842932,0.074451014,-0.82152665,-0.005663626,0.4236756,-0.3089997,-0.52104497,0.78041255,0.59839034,1.0928359,-0.30670923,-0.044771843,1.7261108,-0.25400499,0.82837224,-0.31389692,-0.7086284,1.3137347,0.6297663,1.2786738,-0.5334622,-0.13072859,1.1890606,-0.1065599,-0.6507228,0.82264644,0.37769705,1.3986698,0.92230725,0.5396479,-0.29685023,1.1365278,0.734771,0.7424989,0.51819843,0.5327042,2.382349,-0.36520895,0.6473754,0.009797012,1.6084237,-0.16612828
0.16783752,0.63377535,0.48752388,0.7665066,2.1869009,0.8428968,-0.32966876,2.213853,1.3962584,1.4853004,1.8704537,-0.10659925,0.6118766,0.46127576,-0.013676064,-0.35587296,1.0553298,1.2315937,-0.026371937,0.50709766,0.87607205,0.64610535,1.4335465,0.4493918,0.7450183,0.048953507,0.38686445,-1.8978711,1.7969985,0.19258036,-0.21522827,1.5758947,1.6160305,-0.058173973,0.41201764,1.4393413,0.34144518,-0.14432253,2.115238,1.5723901,1.0774242,0.35890442,2.1438189,-0.16145793,1.142123,1.3476902,2.3496861,1.4042785,0.48189238,1.2095534,1.3042833,0.26237664,0.7453906,0.69409317,0.49275523,1.0332105,1.0101718,1.3928925,-0.7823092,-0.2857245,-0.17149974,0.08052791,-0.05402919,1.6850137,0.16689046,0.03087949,1.5838889,0.3767938,1.1076608,0.14322285,-0.409072,1.0323434,1.2035578,0.9269345,0.9574601,0.53694236,0.6978859,1.0253563,1.5205548,0.07967124,1.1101047,-0.7380217,1.1277361,-1.5778725,0.5977091,-0.90196663,-0.7815406,0.6646939,-0.2738072,0.80038065,0.75454444,0.17459923,1.6371973,0.68768287,2.013863,-0.19616611,0.33315304,-1.6417596,1.4650195,1.8163146,-0.23958065,1.0958085,2.450273,-0.15658668,1.0902768,0.8857126,1.3666822,-0.33788413,-1.2425044,0.90138644,-0.16470012,0.99411577,0.5933159,0.6985876,0.87470573,1.6724467,1.588173,-0.10913687,-0.3324573,1.4635195,-0.0008145339,0.3641301,0.2806733,0.6679995,0.72196746,1.6686567,0.87993026,-0.22277117,-0.13890629,0.010914691,0.1832351,-1.1005106,1.063946,-0.26122406,0.8335336,0.23364118,0.57879406,0.5527174,1.4201924,0.4699732,1.3540943,0.8266873,1.3331918,-1.7200605,1.5975078,-1.5082142,1.2721317,1.757175,1.3904705,1.4566044,1.0750269,0.10801032,-0.49641287,1.7996098,0.9365934,0.63999707,0.9819957,0.5417832,1.3613962,1.2697142,1.8658742,0.78892255,0.4915192,1.9572783,1.4259694,0.503158,0.56618154,0.5322888,-0.37775487,2.1183696,0.8686474,0.7501135,1.2170875,1.0053402,0.56775147,1.8321087,1.9160806,-1.6546997,1.9644071,1.161017,0.33929092,1.269419,1.3204155,1.5669537,0.850839,1.1546817,1.0906554,0.063393064,0.69942325,-0.21278016,-0.11558265,1.5337592,1.42945,1.6851717,0.56874967,1.0818033,-1.0213006,0.7500275,1.0838528,1.6474781
0.62555736,0.39795417,1.1296315,1.2351307,1.4314845,0.57986593,-0.00045864657,0.81137294,0.05672303,0.58082604,0.6536299,0.5054868,0.43811664,0.34852865,0.23326261,-0.23053807,0.59985465,1.5341858,1.327522,0.6223264,1.0788983,0.08277026,1.5440639,1.0410547,0.9463895,0.6555375,0.5694638,-0.86477476,0.69597054,0.28338033,0.7163541,0.68413395,0.42451227,1.0304275,1.5831022,1.3220661,0.89869887,-0.056246243,1.0227352,1.0844833,0.8111789,1.125035,1.0728256,1.1686689,1.6264015,0.79665774,1.7343618,1.0596828,0.6443948,0.61067903,1.7048125,0.64725304,1.0775353,1.0585003,1.1546793,0.6907755,1.3945578,1.1274483,-0.6958182,-0.87928313,1.3596258,0.58509046,-0.16998857,0.72307885,0.72153777,0.38329726,1.4297092,0.705866,0.65082026,0.4195115,0.25366944,1.0773196,1.0347302,0.7402507,2.2246397,2.0074568,0.7151238,0.6520239,0.7827386,0.69273853,0.47132993,-0.01810419,1.6635094,-0.081323415,1.103666,-0.54392695,-0.786516,0.9065179,0.36146316,1.2757578,0.8540082,-0.028652476,0.8479374,0.60067004,1.0243077,0.6484156,0.6104773,-0.089089416,1.3252263,0.95002615,1.2602539,0.024083253,0.9593246,-0.21451089,1.468178,1.5450203,0.37429166,-0.07007274,-0.71987593,2.3123045,0.54662323,1.599958,0.5257413,0.05149088,2.3444808,0.8541885,-0.14379351,0.4474167,0.5182855,1.0966057,0.18690182,1.0271149,1.2217498,0.102038056,0.48957384,1.3694475,0.49062693,0.338977,0.42142552,1.4037946,0.9377595,-0.44879743,2.5491219,0.16728674,-0.110469595,0.9535914,0.5284247,0.76269245,1.0739145,0.8781591,1.1436127,0.9016498,0.5219641,-0.673121,1.1824505,-1.2726156,1.4268712,0.6503564,1.0876682,1.6492335,1.2863374,-0.554746,-0.21390787,0.8295872,1.416243,1.1423601,0.84544015,1.2720468,1.1477997,1.8168429,1.4077543,1.0364069,1.0196226,1.6981299,0.6412041,0.028528247,1.0308889,1.0156521,-0.8220426,1.1121436,0.92106825,-0.58164567,1.2842224,0.8778534,0.8358805,1.2143567,0.51276994,-1.0762322,1.2750516,0.76945317,1.0076102,0.9388885,0.2737599,0.6264906,-0.014164679,1.374369,1.193242,1.0237997,0.6153898,0.9140058,0.53109974,1.0212997,0.22307241,1.2493876,0.9472065,0.71999323,0.57655567,0.64349645,0.8976794,1.0812649
-1.5990196,-1.6230739,-0.8311618,-2.0286887,-1.5291826,-1.3802334,1.0110635,-1.52749,-1.2362173,-1.200322,-0.661556,-0.16664353,-0.422233,-1.4146111,-1.3361678,-1.1280749,-0.8630808,-1.9523004,-0.982475,-1.8378996,-1.4271022,-1.3335451,-0.80034846,-1.6172583,-0.8898213,0.87003756,-0.86362666,1.4650657,-0.81229687,-0.20989524,-0.38084763,-1.4392537,-1.9782363,-1.3424066,-1.3622785,-1.1618762,-1.3183373,-0.7891347,-0.65920615,-1.1334212,-2.2140102,-1.8835213,-0.8676392,-1.480158,-0.5148517,-0.908462,-1.4282477,-1.630049,-0.25970986,-0.7275319,-1.2404646,-0.85325265,-1.7667243,-0.6248549,-2.105682,-1.2397094,-1.9491204,-1.4299418,0.60357535,-0.25496745,-0.3992257,-0.58769464,-1.1154022,-1.1167402,-1.5301766,0.58830553,-1.3154384,-1.5480874,-0.843221,-1.1506385,-0.96993315,-1.231563,-1.2115467,-1.2762423,-1.4790659,-2.216265,-1.9454995,-1.7331474,-1.3515972,-0.9903361,-1.1155515,0.3770331,-2.116543,0.24683696,-1.5202975,-1.3814671,0.065366775,-0.49301684,-0.544913,-0.545117,-1.7854471,0.32717243,-1.3645604,-1.0267575,-1.5789797,0.2553468,-2.2551315,0.2666694,-1.0027086,-1.2108588,-0.804408,-1.8715358,-1.073895,-0.4864743,-1.4437263,-0.55769026,-1.0182492,-1.2169865,1.2648141,-2.6506016,-1.4563581,-1.9823236,-1.1271124,-0.54107076,-1.1520207,-1.7282593,-0.54538053,-1.1622872,-1.8048291,-1.0654699,-1.3891908,-0.9308928,-2.3411703,-0.49392805,0.24309717,-1.416541,-1.0660738,-0.6386018,0.5805438,-0.8586195,-1.6432316,-0.2471126,-1.5165462,-0.5546098,-0.6029089,0.06664106,-0.37148324,-2.128519,-1.8019233,-1.6745768,-1.5361295,-2.0981886,-0.6884383,0.21518256,-0.93899864,1.5209005,-1.7850674,-1.8430519,-0.740947,-1.2728816,-1.3013684,-1.1103835,-0.19297618,-1.5693411,-2.1023986,-1.5909443,-0.9073731,-1.1048908,-1.7943505,-1.9765552,-1.7297758,-1.9938806,-0.9503233,-1.1488477,-1.2944263,-1.3549007,-1.75013,-1.6836662,-0.3695471,-1.6657066,-1.7520936,-0.5449713,-1.541441,-1.6296724,-0.5875181,-2.1357827,-1.0540899,0.9894482,-1.3813531,-0.76591957,-1.6084399,-1.4302928,-1.1447786,-1.5366727,0.42425132,-1.7894393,-1.916686,-0.5833989,0.0075731203,-1.2213742,-0.88321126,0.06212409,-1.4295423,-2.3887224,-1.4429479,-1.4240367,0.060172986,0.023206396,-1.9801239,-1.6666745
0.83334047,1.5257696,0.26030588,1.2773066,1.973397,1.9779263,-0.2301306,0.8111652,-1.0791833,0.98442954,0.723007,-0.13565731,2.0174654,-0.07871387,-0.19611473,-1.9910418,0.65918344,1.0591171,-1.643426,-0.11432376,2.6369634,1.0996224,0.32592115,1.0274881,0.5386252,1.2402529,-0.9992859,-2.091012,1.6189079,0.56029755,1.9602686,1.5418695,0.5825491,-0.8650667,1.7634625,1.4046398,1.3327125,-1.7268709,1.659138,2.14908,-0.82230175,1.9517845,0.5424913,0.77465266,2.1618915,-0.7211807,3.0129142,2.1373668,0.5317771,2.4095469,2.3491309,-0.2874729,2.1976328,0.9129163,1.4270113,-0.3033527,1.550248,1.5948794,-0.07694627,-0.39134648,-1.5871212,-0.9962386,-0.57627654,2.597855,1.2818285,0.39728972,2.085852,2.167636,1.1551995,-2.261213,-0.38525525,1.2809505,1.821516,2.128422,1.9319783,1.9135612,1.0037446,1.3257415,1.1624893,2.2254648,1.2486757,-1.0033815,0.1908009,-0.95340866,2.005571,-0.6658709,-0.20491625,0.5393602,0.3916035,0.6383221,2.4159737,0.6388163,2.0576768,-0.12548232,1.5625451,0.2150309,1.3524616,0.8607473,1.8928761,1.3851577,0.2750755,-0.057889942,1.6247693,-0.75685656,2.2675083,1.7242998,1.8879265,0.5103549,-2.3676343,1.8404778,1.5364136,0.7353324,0.80731845,2.3365543,1.9554957,2.2268865,-0.74029803,1.3414057,-1.6665154,1.7458972,0.46674097,-0.6271065,2.1918526,0.16376905,1.4087704,1.953084,0.3287247,-1.0919836,0.8474015,1.0304874,1.4561343,-2.7136512,2.1851969,1.9227836,-0.6993997,0.17765349,2.162188,1.9996408,1.2273163,1.6596179,1.3460636,1.0471755,1.7711921,-1.2863839,0.827705,0.08162665,2.32042,0.8570119,3.5713065,0.88252527,2.4645925,-0.14769152,-0.74251145,1.0716898,1.2599725,1.679054,-1.2004732,0.9252541,-0.28953484,1.9248135,1.7175378,2.387113,0.7114234,0.69392335,0.65771234,0.24652988,1.4879518,0.36732614,-0.10549737,2.3994162,1.4249539,-0.6455904,1.7483472,2.762897,1.2985607,0.7573606,1.0246918,-0.74161655,1.8444536,1.0055991,1.2945244,1.7048365,-0.56608987,0.32005408,-1.0158894,1.7928207,1.0618593,0.6587908,-0.26771006,-0.24136245,0.2632379,0.3459239,0.2353687,0.8116836,-0.0033332445,2.695154,0.6748162,1.6210555,1.2842444,2.7334254
0.48567897,-0.8844783,-0.5616359,0.6200475,-0.3925179,0.19197193,2.102627,0.03735525,1.257648,-0.10662836,-0.2932575,0.31256083,-0.6289201,1.056932,1.1490123,1.5711429,-0.11950946,-0.25222504,-0.4986452,0.9634086,-0.5611436,-0.19508453,-0.07450117,-0.28025714,-0.58051664,0.93477863,0.34825006,1.2156452,-0.80366313,0.23030236,0.7293433,-1.2231141,-0.06274543,0.7335292,1.170388,-0.46871364,-0.4338192,2.046841,-1.4927621,-1.6479678,1.0886511,-0.49295866,0.47171456,1.1011001,-0.40764207,0.44043586,-0.7868106,-0.68844736,0.09256491,-1.0844874,-1.2221831,-0.56458706,-0.34805113,0.41447806,0.7523429,0.4438765,0.7245507,-0.29228652,-0.015780242,-0.0758713,0.58876854,-0.09271025,0.3237631,-0.8887107,-0.40344852,0.3737936,-1.0684913,-0.74779487,0.29089013,1.9661137,1.11894,0.103290774,-0.39501944,-0.43805063,-0.060009755,0.0035361326,1.0318346,1.0646923,-1.1974623,-0.7759041,-0.9163268,1.4222289,0.7904141,0.031452,1.6206326,-0.26196975,-0.10054088,0.034807622,0.42666167,0.69391966,-0.36047655,1.2182598,-0.13071556,-0.1379664,-0.27710685,0.16786562,-0.09669835,0.15356746,-0.7427382,-0.7819112,0.8645716,0.09780832,-0.8262608,1.5690994,-0.16081662,-0.010815872,-0.89092445,0.63781667,1.7393695,-0.0784736,-0.5458701,0.25431436,0.012221765,0.04440581,-0.39714345,-0.24473767,0.48403326,0.7857573,1.362669,-1.3016155,0.4775652,1.1256858,0.90498817,0.5422965,0.5171301,-0.7677697,0.41771,1.7251134,0.4066254,0.021980833,0.693145,1.1711161,-0.30943415,0.12894873,-0.19125837,1.1313918,0.35987136,-0.049418993,0.77074784,-0.4452312,0.7873717,0.61170936,-0.7936835,0.761481,-1.0605628,0.326265,-0.8082067,0.36672124,-1.7959781,0.13383317,-0.70707434,0.83770365,0.7843117,0.4672778,1.0813872,0.08609997,0.8391164,-0.030793037,0.9465636,-0.11126286,-0.37029946,-0.13797382,0.9494518,-0.35317704,0.13688043,0.40793926,0.747654,0.24922301,0.080339186,-0.8118678,1.5918275,-0.30436045,-0.57798415,-0.5781595,-1.4250479,0.5913972,-0.64487034,1.3328494,-1.0005637,-0.8676229,0.81371546,-0.5863122,-0.6613209,0.6777841,0.8507881,0.65431255,1.0554347,1.2922751,-0.060167156,0.45875877,-0.50694084,-0.28392977,0.062093057,0.6281256,1.025706,-0.6895473,1.0026592,-0.09951603,1.3737012,-1.0374037
0.7083186,1.4410642,-0.6473668,0.50452834,0.2806534,0.92024153,-1.5212938,0.40182832,0.6283757,0.8078753,-0.4133149,-0.6363807,1.641222,0.37244213,0.6944093,0.8159435,-0.153757,0.952709,0.2911557,0.7153152,1.0493591,1.1106657,-0.31647038,1.1751587,1.0152402,0.49634904,0.64417297,-0.64190584,-0.1081639,-0.6774192,1.2602563,0.789619,1.1743217,0.71945775,0.50478405,0.47236708,1.2022693,0.45929307,0.0685907,0.33180544,0.16922818,1.3607688,0.8302755,0.4206844,0.4581369,-0.20858622,-0.057100423,1.7929044,0.9822208,0.7745844,0.83535975,0.79603213,0.8929712,-0.6165281,1.2831093,-0.10768872,1.0542437,0.6687563,-1.1087036,-0.5006623,-0.11143686,0.497665,0.5895778,0.88684696,0.96097296,-2.2084594,0.8032479,1.0012182,0.46455392,-0.15154508,0.65006125,-0.25348297,0.7639952,1.41075,0.4762863,0.82551295,0.8829227,0.37859654,0.5441946,0.589537,0.6417591,0.3627528,0.7037995,0.2051757,1.3643353,1.920631,-0.23691177,0.25711316,-0.4965651,-0.3613285,1.0395997,-0.4669466,-0.22824994,1.0606776,0.11728737,0.4301292,1.4400865,0.122085504,-0.096451074,0.25334212,0.39217824,0.39741328,0.101019055,1.1289154,0.722394,0.9014567,0.5223125,1.1695482,-0.24398093,0.058762208,0.73474115,0.4692192,0.64200324,0.44536754,0.33914962,0.68634766,0.5540679,1.278834,0.354056,0.41814864,0.8112719,-0.23261762,1.6711177,0.70061004,0.17238612,0.532462,0.18244755,-0.19777012,0.7163122,0.3708245,0.64568776,-0.33759916,0.5279448,1.405431,-0.5947801,0.6289985,1.7345731,0.94864535,0.39819065,1.0279989,-0.07012714,0.954567,0.64854133,0.60131395,0.85157365,0.036872167,0.17394933,0.60202265,0.71739644,0.3028995,0.51258516,0.37913597,0.09794987,0.6309788,0.6642169,1.2950846,0.46293554,0.06916858,-0.016982205,0.79469377,0.80879533,0.55643004,0.4418578,-0.387634,0.4280317,0.79681927,0.6588982,0.5723874,1.1389755,0.41348746,0.9255232,0.16151205,0.36996526,1.00412,0.22842014,0.45125496,0.42518085,0.24818417,0.7655364,0.88117623,0.8294034,0.95318,0.13973996,0.86100876,0.10227654,0.91775745,0.777392,1.2753274,-0.420711,0.45734876,0.5103385,-0.3893308,1.1513212,0.92047316,1.4144187,1.0512816,0.82283676,-0.0958014,0.6774617,0.60322577
1.725914,0.5762076,-0.5014069,0.7951246,0.34447354,-0.09055112,-0.058780555,0.57990646,0.10720548,0.33428538,-0.2422338,-0.29416695,0.6313168,0.33804247,0.019450625,-0.19481295,-0.6982516,0.69296837,-0.68972975,0.13608736,0.18577214,0.5577726,0.1558121,-0.020495815,0.08535064,-0.40186825,-0.9298292,-0.33017552,0.44224676,0.40277418,-0.42908219,0.21015494,0.9930682,-0.28303322,1.6359928,0.58054537,-0.97405833,0.69105047,0.6934977,0.40917373,0.7754449,0.45445645,-0.12432273,0.08795134,-0.68780136,0.46726137,0.34942046,-0.1285635,-0.50683117,0.38193795,0.22416829,0.69451714,0.40171018,-1.7870741,0.6903571,0.47481862,-0.14710361,0.59709996,-0.08011326,-0.44742644,-0.6654232,-1.1773094,-0.5140071,2.8214312,0.97914994,-0.46514922,0.12663603,0.89626664,-1.9917365,-0.17219114,0.6215932,-0.42648414,0.33577335,0.63924897,0.36451593,0.27956888,1.3068389,0.7796047,0.561112,0.020353273,0.30384493,-0.4334705,0.22350775,-0.27536198,0.6647553,-0.14135228,-0.21830046,-0.47563738,1.3805015,2.1608858,-0.50178635,1.9717731,0.6488225,-0.37594682,0.8970137,-1.8983226,1.0980992,-0.30749732,0.58169097,0.82593966,-0.4270637,0.11231993,1.2948906,-0.28561878,0.19786009,-0.48895797,0.6999787,-0.6020957,1.2219157,0.14903346,-0.2995503,-0.5795452,-0.9157383,-0.005145861,0.42789537,1.4072239,-0.94226176,-0.033954784,1.1857738,0.01795382,-0.5344555,-1.5444648,0.9482132,0.5073873,-0.11053286,0.09271585,-0.16009426,-0.3185226,-0.7650146,0.8649404,0.7613161,-0.73897094,-0.9987489,-1.392374,-0.42405763,-0.43580875,1.0706024,-0.2016477,1.1389498,0.047331896,0.1825277,1.0980843,1.0852612,0.32848835,-0.4483405,-0.6518199,-0.22043346,0.6615861,0.4904052,0.15976574,0.63333386,0.1263299,-0.56537247,1.3900701,0.7607789,-0.28301522,0.5917257,-0.667071,0.89988935,-0.39195576,0.98493373,0.38629273,0.8512343,-0.10081263,0.26525512,0.79416704,0.022289343,0.3714679,-1.7802352,0.040806673,1.2169777,0.32438296,0.3259861,0.06257977,-0.8147553,1.2978956,1.0657207,0.6588294,0.24577282,-1.659064,0.6653298,-0.10589927,0.023878982,1.2006083,0.2907098,0.21606582,1.3084846,0.9873859,-0.45250094,-0.34082747,-0.76912296,0.46463835,1.0823511,0.2501538,0.33511224,0.007087406,-1.3831062,-0.612979,1.614028,0.38965794
-0.36988577,-0.24323544,0.49247703,-0.5779533,-0.13868015,-0.5644934,-0.31099093,-0.6943382,-0.5502039,-0.1351552,-0.37128812,-0.5689627,0.66761005,-0.29964146,-0.9270439,-0.4880099,0.68113667,0.15815814,0.16459702,-0.23482732,-0.3670465,-0.459498,-0.07369928,0.8221877,0.3838906,0.33762598,-0.49722078,-1.0097336,-0.16873492,-0.58579475,-0.6645381,0.08045136,-0.49018046,-0.42963716,-0.5262149,-0.19523726,-0.03588471,-1.1824632,0.12838931,-0.29422224,-0.4515087,0.6621495,-1.4599993,-0.61080325,0.5994962,-0.8465313,0.21876572,0.00028079934,0.9363149,0.25508532,-0.04162673,-0.025980085,-0.38333684,0.24236894,-0.19251803,-0.5783268,-0.3943435,-0.11854084,-0.5259083,-0.49326584,-0.6949024,-0.3993876,-0.06655979,-0.3806427,0.2766385,0.23727888,-0.13298388,0.18146677,-0.056472104,-0.8925405,-0.6553519,-0.48969424,-0.32301566,-0.13266481,-0.18430907,-0.38232237,-0.108872384,0.00953071,-0.61059386,0.47316274,-0.26491004,-0.37405565,-0.10287983,-1.0319932,-0.52135915,0.11306563,-0.09763715,-0.27129883,0.89484435,-0.01790104,-0.119128115,-0.9831688,-0.032372586,-0.9826635,-0.2550833,-0.07990551,0.72256315,0.06250397,-0.28682217,-0.38529924,-0.43782508,-0.93837184,-0.45066997,-0.34723443,0.38039592,-0.21893594,-0.11821226,-0.15611288,-0.9714432,-0.20396677,0.4505234,-0.17590772,0.117522076,0.2026238,-0.8480961,0.027908687,-0.49464267,-0.47761062,-0.38323325,-0.15435316,-0.98714125,0.29767594,0.06893873,-0.8134781,-1.5014418,-0.08254609,-0.6860841,-0.44672343,-0.6700833,0.35027537,-0.5762589,-0.6309662,-0.25459135,0.42037767,-0.854765,-0.6844004,-0.60339963,-0.65416706,-0.48237714,-0.06800176,-0.5632095,-0.5342389,-0.44081366,-0.62351626,-0.22948658,-0.320069,0.21400648,-0.5216441,0.5233428,-0.34802404,-0.09562342,-0.0893475,-0.46059406,-0.415605,-0.2506901,-0.44048646,-0.3842704,-0.65037894,-0.3608894,0.127996,-0.55499935,0.41698366,-0.010917194,-0.26268238,0.4458641,-0.30241203,-0.4509635,-0.12598386,0.36499542,-0.0014836937,-0.11675073,-0.6438952,0.2779072,-0.7347347,-0.21489152,-0.5024455,-0.03615725,-1.1904954,-0.035980765,0.40477538,-0.5629191,0.061354056,-0.17421909,0.06709415,-0.5159033,-0.7742386,-0.6126771,-0.8566026,-0.57978415,-1.1287011,-0.7040951,-0.87952614,-0.34798443,-0.034841847,-0.23601171,-0.32707304,0.25126252,-0.3813313,-0.57495284,-0.15789376
-0.9128593,-1.0422993,0.13135403,-0.81273705,-0.30967596,-0.3668646,-0.022403661,-0.529686,-0.38516632,-1.1216232,-0.13968712,-0.16058633,-0.9483727,-1.2001958,-0.8538714,-1.0655243,-0.7977357,-0.40501505,-0.9991507,-1.2093832,-0.77956337,-1.4270043,-0.35177994,-0.35666814,-0.27743995,-0.29214057,-1.2215424,-0.600933,-0.72685117,-0.5253766,-0.62227404,-0.599671,-0.8323971,-1.1659709,-0.46121362,-0.37587723,-0.4153596,-0.7982932,-0.13889448,-0.6538826,-0.13060933,-0.25182065,-1.15917,-0.5368547,0.08300516,-0.27255458,-0.29625914,-0.59287167,-0.5544856,-0.018402427,-0.4412319,-0.6701635,-1.1922044,0.44427526,-0.6352232,-0.82897806,-0.3134096,-0.6678924,-0.30889684,-0.9058532,-0.73047054,-0.8912929,-1.5389669,-0.54634726,-0.17108798,-0.636217,-0.96912545,-0.87092376,-0.43587276,-0.33502215,-0.21452467,-1.0372487,-1.2376516,-0.95517814,-0.2989655,-1.0156753,-1.2393041,-0.6109151,-1.1550585,-0.4635108,-1.1106682,0.0892952,-0.16342388,0.018115163,-0.49308968,-1.1739751,0.31101736,-0.05199652,-0.4385522,-0.24902761,-1.4249228,-0.3287691,-0.3056398,-1.2964795,-0.42752427,-0.24153435,-0.21752739,-0.45350865,-0.85776377,-0.5771756,-0.5017047,-0.84358186,-0.6809391,-0.5515191,-0.7226992,-0.05494009,-0.7363081,-0.86448103,-0.39053616,-0.91914964,-0.7948381,-0.59323144,-0.85854334,-0.63268757,-0.84926045,-0.95068175,-0.0781716,-0.7699392,-0.7134333,-0.96618223,-1.3275716,1.3203125,-0.8798362,-0.14682323,-0.6625765,-0.49716884,-1.1350118,-0.45423645,-1.0239122,0.025720503,-0.7896935,-0.15244389,-0.08934548,-0.13821258,-0.8340296,-1.2211496,-0.69693947,-0.8991575,-0.7195688,-1.409467,-0.4923214,-0.6632289,-0.5816946,-0.22541422,-0.65548223,-0.3544087,-0.2912404,-1.1168113,-0.027444646,-0.3654154,-0.9629033,-0.6864852,0.089673825,-0.5735649,-0.8079844,-0.20266111,0.15226087,-1.0414275,-0.19188456,-0.1842093,-0.32709137,0.39589056,-0.43862706,-0.3257391,-0.7689406,-0.6092907,-1.2129974,-0.83050513,-0.2566177,-0.7160177,-0.65092397,-1.0648613,0.15499131,-1.1558499,-0.826949,-0.51019084,-0.2743887,-0.54291844,-0.42268598,-0.5062835,-0.7463258,-1.2071904,-0.53016233,0.13174333,0.053517878,-0.42850056,-0.4936944,-0.843605,-0.6142375,-0.5260757,-0.34669077,-0.73713195,-0.4743806,-0.7524459,-0.10499908,-0.60147005,-0.22072914,-0.5935665,-0.47991168,-0.40581334
0.22817598,0.49758545,-0.46247974,-0.64643514,-0.091423556,0.094643846,-0.5254524,-0.30298683,-0.8169261,0.9353141,-1.6029805,-1.6002009,0.5979895,-0.50080293,-0.62693727,-0.57125455,-0.6832669,1.1968569,-1.2958326,0.031191837,-0.060831703,0.2352802,-0.58034456,-0.36319628,0.36232492,0.69963586,-0.31331754,-0.22391418,0.30295315,0.626251,-0.5671824,-0.037930757,-0.07238418,0.45025918,-0.7556832,-0.018510478,-1.1648364,0.68280286,0.4627973,0.33197007,-0.5641153,0.83758384,0.3105803,-0.010513185,-0.7914772,-1.3245096,0.018101057,1.4123547,-0.31007063,-0.047739357,0.49070573,0.42467532,0.93024975,-0.97294915,-0.40179667,-0.066316344,0.0065093115,0.6223797,0.15461032,0.74309045,-0.6590137,-4.3968816,-0.19657037,0.17020567,-0.1604826,-0.2975635,0.45868942,1.0054169,-0.8356899,-1.0330952,-0.31559443,-0.09474114,-0.46949762,0.19755818,0.032981426,-0.22418264,0.43997663,0.45856297,0.24886659,0.95126224,0.24045824,-0.9597183,0.26108056,2.0136228,0.029149376,-0.54287535,2.4698255,-0.6787535,0.254695,-0.4546424,0.5726855,1.0833701,0.07447139,-0.28134182,-0.1318269,-0.6469406,-0.3549298,1.2297665,-0.019350186,-0.28689787,-0.41311198,0.6637939,0.4315061,-0.015400954,-0.8255162,-0.0035358053,0.3082533,-0.12298572,0.5582196,-0.5938372,0.25596184,-0.32597935,-0.3968166,0.8064254,-0.28098536,0.21057041,-0.7971055,0.1245073,-0.46109658,-0.27603805,0.011886747,-1.4931362,0.4177305,1.819123,-0.8818585,0.012799701,-0.13218202,-0.84196645,-0.0035508187,0.53314924,-0.9626837,0.77495795,-0.89576256,0.0973299,-0.21878253,-0.6866207,-0.918512,0.37585533,-0.14625977,-0.21442233,0.21522833,0.7284829,0.64676154,-0.13518274,0.39946306,0.0062747626,0.4326973,-0.320538,0.25529063,0.3005615,0.44940534,-0.2602653,-0.48898727,0.26073167,0.6558694,0.6487362,-0.26622233,0.3012721,-0.69227654,0.8884912,0.55810714,-0.09586776,0.15575263,-0.5387469,-0.61126375,0.3676094,0.49460107,0.15385045,0.42839226,0.053440332,0.54721683,-0.5719133,0.0026446134,0.42116168,-0.38463783,-0.39947447,0.00945336,-0.015779816,0.17774549,-0.5083735,0.2825139,0.4752977,-0.4190362,0.15044369,-0.3152156,0.5720893,-0.076696016,0.38843086,-0.6112155,-0.69215655,-0.3846924,-0.96657395,0.0073634977,0.047602434,-0.54210985,0.112973034,1.2689104,0.28971583,0.32587597,0.45055693
-0.11294828,-0.38948727,-0.51920944,0.7337263,-0.35625696,0.5921249,1.2231292,-0.17507467,0.8179541,0.060996924,-0.8039189,0.6046318,-0.51181364,0.22971836,0.46401244,0.9278552,-0.9677614,0.39341018,-0.68609333,0.63444895,-0.70007616,0.68098354,0.42199665,-0.669807,-0.12484313,0.9677034,0.5529022,1.1252575,-1.5471873,0.2629514,0.8294717,-1.0216044,-0.17096673,0.94061744,0.7691024,-0.83074933,-0.17558075,1.3414695,-1.4829226,-1.2023234,0.55181015,0.1088471,0.1058416,0.7048938,-0.46975106,-0.16065179,-1.1553863,-0.67034847,-0.0015172828,-0.7823541,-0.8047511,0.49469966,0.11612192,0.4510257,0.9067167,0.2850127,0.6207825,-0.096650854,0.01463118,0.7237113,0.62141514,-0.3748616,0.6827744,-0.77291435,0.53873473,0.66375476,-0.5149287,-0.29455826,0.3031772,1.7541701,0.9226031,-0.18165061,-0.19803272,0.18357365,0.22067067,0.32134637,0.80499697,1.1742996,-0.7387022,-0.26959544,-0.6270597,0.22058828,0.12627007,0.24011545,1.0120715,-0.01570387,0.15523538,0.030807555,-0.10140267,0.18542191,0.2587488,0.8655564,-0.29193944,0.081442595,-0.34618333,0.36071545,0.17346115,-0.16604497,-0.9728028,-0.618492,0.57245654,0.66391957,-0.59738046,1.4022416,0.15413691,-0.96770906,-1.1650475,1.015856,1.670833,0.35675922,-0.083577886,0.5150791,-0.27155128,-0.55468434,-0.4560836,-0.72706926,-0.21852018,1.2123052,0.6387608,-0.7187453,0.82849425,1.4937099,1.0702505,-0.45506218,-0.36468434,-0.64530456,0.60840946,1.284148,-0.08442489,-0.7438487,1.0248126,1.7077186,0.1310972,-0.09972404,0.5178601,0.56841195,0.31660742,0.71550846,0.5573103,-0.8498236,0.39939907,0.5628213,-0.74842846,0.95111555,-0.49926972,1.5252657,-0.9558654,-0.14432798,-1.4049418,0.6262532,-0.3246666,0.18329775,0.6076272,0.10276003,1.0095274,0.56124485,1.2952571,0.20891613,0.7707975,-0.20928906,-1.0400314,0.37466425,0.6496973,-0.06204297,0.12717299,0.19509089,0.643826,-0.21427603,0.35407412,-0.38726655,1.0815986,-0.49049026,-0.5597274,-0.5742349,-0.32599154,-0.008127825,-0.34920728,1.1734346,-0.7084962,-0.35028157,0.93589246,-0.4463675,-0.72781587,0.41295937,0.27500874,0.8854382,0.82904285,0.5462816,-0.28049603,-0.21279104,0.7926228,-0.7656094,-0.5893149,0.25965562,1.546994,-0.55905604,-0.052965287,-0.6337691,1.0915482,-0.93321127
-1.1945233,-1.1112325,0.055443328,-1.2966864,-0.66111887,-0.16377111,0.48349607,-0.656321,-0.94596213,-1.4218773,-0.17386964,-0.2514244,-1.6162304,-0.9702988,-0.42289218,-0.75188285,-0.7961424,-0.20945124,-0.07807483,-1.943823,-0.6348771,-1.8443992,-0.770823,-1.2423233,-0.7535913,-0.6913086,-1.5623085,-0.8019601,-1.1314734,-1.2487475,-0.80135506,-1.285893,-0.91944313,-1.301504,-0.38488373,-0.7575564,-0.57083553,-1.4054565,-0.721335,-0.6777882,-0.8525511,-0.38200003,-0.9989208,-0.8487143,-0.5067958,0.19371746,-0.28266767,-0.8133478,-0.86865187,-0.2991688,-0.6833018,-2.1774209,-1.168976,0.12217554,-0.89674306,-1.1770058,-0.7403797,-1.2009714,0.26988772,-0.35201338,-0.860547,0.00967703,-1.5395188,-1.1138744,-0.849024,-1.122591,-1.3412422,-1.323665,-0.16241011,-0.74971944,-0.13620424,-1.5614164,-1.6694615,-1.2947272,-0.5499347,-0.8519263,-1.2330469,-0.50697494,-1.6553,-0.34765828,-1.6660966,-0.6852775,-0.820571,0.4319201,-0.4914363,-1.2020738,0.3247001,0.05058843,-0.8484282,-0.70193,-1.1803478,0.28045973,-0.60715026,-1.526233,-1.0971997,-0.38071737,-0.268483,0.24560559,-1.1982214,-1.0804986,0.20152502,-0.6848461,-1.1579027,-0.7694908,-0.8444588,0.11143713,-1.0097678,-1.1855406,-0.4477789,-0.8743096,-1.0105082,-0.6873737,-1.038187,-1.0706078,-1.0771551,-1.1044952,0.0026680008,-0.60219675,-1.1598728,-0.6174304,-1.1516292,-0.15918407,-0.55775344,-1.0284071,-0.79161847,-1.0497926,-1.4665799,-0.6061908,-0.8968174,-0.87179554,-0.2427065,-0.70364624,0.25254723,-0.11654192,-0.9678685,-0.6466646,-0.49651018,-0.7380898,-1.0468979,-1.3951867,-1.162788,-1.043692,-0.99651015,-0.38793975,-0.8177969,-0.7781438,-0.53502625,-1.1268468,0.06007112,-0.63895553,-0.812993,-1.1083511,-0.09167702,-0.8313778,-0.59944814,-0.36203533,0.43867442,-1.2492875,-0.43739724,-0.28050628,-0.28743997,-0.23811269,-1.2185456,-0.8578153,-0.93237275,-0.85975945,-1.1246539,-1.5364232,-0.14620909,-1.1095917,-0.91343474,-1.1612736,0.49225992,-1.1112684,-0.9121142,-0.7883775,-1.2368084,-1.3024199,-0.5970233,-0.5142702,-0.9175663,-0.94699794,-0.490716,-0.3956125,-1.5006588,-0.799375,-0.22680064,-0.47878286,0.05760642,0.1973352,-0.49959496,0.048670128,-0.15410493,-0.9771467,-0.7560364,-1.0824782,-0.3388011,-0.006716596,-0.68167955,-0.72405535
0.5692533,0.43066108,0.6707155,0.7240154,-0.117280245,0.2511467,1.108889,0.70092565,0.8259393,0.39196095,0.025954451,1.0304589,0.58422446,0.104926325,0.96976095,-0.24926928,-0.43916523,0.04696969,-0.959436,0.8067675,-0.27793938,-0.10187523,-0.9428994,-0.3801879,-0.023166459,-0.28844622,-0.4105937,0.6266827,-0.26312667,0.78469676,0.6147366,-0.5742268,0.24868305,-0.06241553,1.0931222,0.04651715,-0.684292,0.47603258,-0.7271158,-0.063463345,0.3146893,-0.017618425,0.6197734,0.50896275,0.030388325,0.44071823,-0.27186638,0.04484985,-0.81842536,-0.05696924,-0.17504211,0.12916216,0.15007716,0.88286006,0.7715255,0.02771135,0.27965403,0.18778014,0.17519131,0.0033304095,0.62759805,0.16189921,-0.8781791,-0.40851727,0.11504972,1.0759614,-0.07296988,0.36654204,-0.25653931,0.4043278,0.9817258,-0.032166578,0.23547554,0.6570975,0.13444188,-0.46613878,1.1807003,0.70877,-0.33161518,-0.49413466,0.1618756,0.5843374,0.0739438,-0.4690224,1.2154908,-0.40042385,0.58666193,-0.36139393,0.64878637,1.2445418,0.29397067,1.5738282,0.08114757,-0.0789211,-0.24655592,0.2591746,0.85410106,0.48277614,-0.17217949,0.10461662,0.10274078,-0.047262717,0.0530027,1.4658488,0.2996333,-0.36744183,0.54879856,-0.21236424,1.495068,-0.6935683,-0.61812603,-0.23955704,-0.4469815,0.57527834,0.0972265,0.6540656,-0.873187,0.42344362,-0.079669744,0.045880176,-0.3932057,-0.9546374,0.48027045,0.0005570203,0.6787132,0.010955667,-0.41987017,1.0235071,0.1444164,0.17452246,1.1518772,0.81612235,-0.3582609,0.73674977,0.22097811,1.028355,0.69695437,0.70091224,1.003884,0.20789751,-0.05652025,0.978834,0.3880123,0.55829483,0.1775143,1.1297297,-0.3140862,0.55599844,0.13017565,-0.042957455,0.31661153,-0.082196355,0.833426,0.68328345,0.6758887,0.7800041,-0.028436681,-0.49582934,0.802106,0.19462453,0.5466117,0.40866092,-0.2800454,0.21172221,0.38435993,0.67221963,0.493239,0.52432626,0.78126276,-0.16562298,1.108174,-0.6671831,-0.2677464,0.13748725,-0.6017396,0.45034736,-0.15596102,1.7098998,-0.116495356,-0.03957532,0.92021716,-0.11290853,-0.8265652,0.8652195,-0.6423559,0.4689132,0.9135367,0.49898988,-1.124258,0.40140674,0.25833318,-0.653042,0.36331892,0.501085,0.62859595,-0.28446013,-0.25817865,-1.169404,0.952293,0.044612493
-0.7796974,-1.1222011,1.1033213,-1.3645668,-0.4472975,-0.24805032,0.0027395897,-1.0372043,-1.3155077,-1.1314342,0.5124898,0.09208269,-0.32830644,-0.6733226,-0.96207136,-0.55997276,0.08130049,-0.5740817,-0.38224503,-1.3474653,-0.22163863,-1.1490762,-0.30173612,-0.22566949,1.0248268,0.3788936,-0.9527666,-0.7240406,-0.837204,-1.1624272,-0.3284448,-0.76327306,-1.0890316,-1.2091376,0.31280395,-0.5723379,-0.5076743,-0.9767309,-0.4289364,-0.9766856,-0.24284655,0.04838822,-1.7953055,-1.0794055,0.0222705,-0.51852584,-0.24807279,-0.6896568,0.15798368,-0.4046403,-0.7388224,-1.1360245,-1.3896943,0.105117746,-0.46197528,-0.5592899,-0.18183059,-0.92821443,-0.7929486,-1.0133235,-0.1595989,-0.6844996,-0.8946607,-0.4681514,0.10456577,-0.279171,-1.2649766,-0.41915715,-0.5853933,-0.24622871,-0.37434477,-1.2549863,-1.0547645,-0.76771563,-0.6952737,-0.4784278,-0.93809015,-0.39336422,-1.2897774,-0.46000206,-0.7936667,0.17215073,-0.63351935,-1.1423514,-0.45292303,-0.8326511,-0.4050881,0.4762327,0.49933323,-0.16349277,-0.8859315,-1.3801855,-0.1647621,-1.3586452,-0.63046926,-1.3700788,0.20936896,-0.40633094,-1.0549161,-0.7325072,0.02041407,-0.70814866,-0.8924725,-0.005540423,-0.93737316,-0.35515246,-0.650223,-0.765939,-0.9544218,-0.21797073,-0.5917254,-0.8103977,-0.64862794,-0.08820654,-1.1754267,-0.5989116,0.15929238,-0.39563924,-0.042478368,-0.60495895,-1.2587423,1.5338113,-0.3570811,-0.55043066,-0.23250002,-0.7150658,-1.1657557,-0.089262396,-1.0340506,0.39800042,-0.7490743,-0.8226592,-0.1320008,0.9021792,-1.0518583,-1.0618565,-0.26694122,-0.64525825,-0.82461524,-1.0628318,-0.52432287,-0.97973746,-0.78647256,-0.7580446,-0.88339484,-0.2972919,-0.51610154,-1.2981718,0.74594694,-0.7728922,-0.82075864,-0.425326,-0.33781692,-0.69267046,-0.58012617,-0.20297289,-0.5292252,-1.1726332,-0.08633952,-0.36906177,-0.36967653,0.8828352,-0.29455572,0.23921008,-0.18498531,-0.5533328,-0.91307974,-0.655171,-0.015961282,-0.5486712,-0.56359905,-0.8015333,-0.061018065,-1.5650402,-1.0249327,-0.61591166,-0.67317045,-1.7051767,-0.43672025,0.572084,-1.2558348,-0.9736566,-0.45210522,0.94433004,-0.11271123,-0.9769224,-0.23510002,-0.67712665,-0.26290146,-1.0810981,-0.2966679,-0.7583415,-0.4603318,-0.6953213,-0.76515377,-0.57761896,0.09105402,-0.3157793,-0.72304666,-0.48755527
0.186238,0.4950308,-0.9095307,0.056368984,-0.18055855,0.06157824,0.35033265,-0.099133916,1.5271232,0.20350227,-0.509456,1.2171078,-0.4077766,2.0532298,0.7095863,-0.4671255,-0.078764506,0.95551836,2.3001912,1.7183968,1.3189844,0.15760341,1.3039727,0.105595164,0.18481837,0.6011676,1.8504944,1.5442482,0.20126866,0.58868927,-0.32992497,-0.16252388,0.47610262,1.5888044,0.016270615,-0.1128279,-0.16269915,1.3226018,-0.51030844,-0.33831844,-0.19090351,-0.224986,1.1076622,0.5585846,-1.2056108,-0.3292742,0.11084389,-0.470908,1.3827065,-0.28238878,-0.29628035,-1.044375,0.8744563,0.42645365,-0.021786517,0.55035484,-0.31326312,0.5791956,-0.7117987,1.7530366,0.17637345,0.36292526,-0.65549743,0.08131949,0.38476995,0.2483986,-0.3205274,0.3813241,2.179096,0.8771668,0.47906065,1.4665892,-0.86997825,-1.1904688,0.34440157,1.4318377,-0.43282533,1.674125,-0.15950075,0.430925,-0.60926646,0.07575282,0.83194464,0.64668185,0.85674185,-0.8502999,-1.2629187,-1.0213075,0.063625604,-0.62094873,-0.20316806,0.17393547,-0.11913914,1.1710362,0.38503128,0.0115949,-0.27691856,0.060039956,0.16125293,0.44050267,1.075552,0.73287106,0.21543398,-0.039932664,0.91286963,-0.49724704,-0.35719287,-0.87665105,0.92953336,0.9779603,0.2447599,0.44085246,0.14402172,-0.49366093,0.65257436,-0.061841883,-0.029807843,-0.43033564,-0.1189716,-0.30299783,-0.8994737,0.0034660045,0.12577884,0.083656445,0.95056903,0.492695,-0.14863507,-0.06576742,1.0434331,-0.48060232,0.043562517,1.4705682,-0.18415187,1.0731288,-0.3762309,0.4973814,-1.0099984,1.1214341,1.180125,-0.08068079,0.5479646,-0.28625777,0.8853004,0.093292765,-0.2643416,1.070375,0.16290516,0.5729643,-0.3637147,0.45257097,0.3035069,0.64987475,2.6034565,0.5695807,-0.7569642,0.84644455,0.017816374,-0.32244626,0.6856308,-0.84063137,-0.7362632,0.35330924,0.124398224,0.88408464,-0.6525251,0.9126694,0.92602706,0.76776075,1.4653566,-0.19494715,0.9571469,-0.5883488,-0.6334687,0.31267118,-0.34776908,0.7883185,-0.03868385,0.7401661,0.3787848,-0.060696647,0.72021973,-0.3608813,-1.1724248,-0.5379705,-0.07249794,1.3406478,0.37038454,-1.0689616,0.32488263,1.7867174,0.85405767,0.593312,1.0803874,-0.27954882,0.5922563,0.4026702,0.16350408,1.690769,0.63434297,0.3469184
-1.6191821,-1.5112289,0.02716298,-2.1224816,-1.1070403,-0.9637325,1.1166877,-2.0802298,-1.5731475,-1.816665,-1.0160087,-0.61608034,-0.74174446,-1.5001893,-1.4745255,-0.7253537,-0.9360433,-1.4157631,-0.45691895,-1.9966402,-0.6153307,-1.624257,-1.0759035,-0.8132975,0.19641486,-0.35469833,-1.2273748,0.43587616,-1.0307988,-1.106757,-0.7688243,-1.0960654,-1.6164422,-1.0057347,-1.0600569,-1.5619583,-1.012327,-1.3597745,-1.2504158,-1.0100629,-1.2203702,-0.7065849,-1.6858063,-1.8905164,-0.68570554,-0.93942004,-0.9118605,-1.0372767,0.13853087,-1.2425169,-1.4591465,-1.7268431,-1.4041542,-0.72152233,-1.3502992,-1.853722,-1.4859277,-1.9748294,0.44303784,-0.86706954,-0.89691174,-0.8190068,-0.6465037,-1.5673183,-0.42484906,-0.3740676,-1.5578626,-1.3294212,-0.11426408,-1.0040427,-1.0892805,-1.5242246,-1.4996725,-1.5808157,-1.4260443,-1.6019782,-1.5769092,-1.3453088,-1.8758752,-0.6262274,-1.0700246,-0.11933457,-1.7655325,0.54058254,-1.9960414,-0.7889507,-0.15979351,0.10870884,-0.42931697,-1.1691335,-1.377116,-0.78254145,-1.6302352,-1.4024966,-1.633893,0.39218035,-0.98704445,0.31680384,-1.5316818,-1.9138032,-0.7809266,-1.1127787,-1.5390935,-0.74091566,-1.5103158,-0.30884162,-1.340816,-0.48629355,-0.4490759,-1.1564053,-1.0570543,-1.9128387,-1.3774035,-1.6962088,-1.5983742,-1.8164871,-0.022390462,-1.5794924,-1.1288358,-1.0708381,-1.023462,-0.34413502,-1.0687804,-0.21179569,-0.5581348,-1.1871408,-1.2472764,-1.1816211,0.19788608,-1.7033514,-1.5147921,-0.7929557,-1.021046,-0.38083228,-1.0999888,-0.020781428,-0.34055194,-1.1935296,-1.943778,-1.6983855,-1.3589514,-1.8618536,-1.3034765,-0.36474484,-1.1422174,0.12495074,-1.3869892,-2.0521584,-0.625326,-1.3502569,-1.7324383,-0.91582054,-0.6708012,-1.2870842,-1.5890493,-0.98489475,-0.015965542,-1.3776302,-1.7119066,-1.3812631,-1.3224558,-0.71843696,-1.3277313,-1.1119889,-0.778186,-1.1488105,-1.5391513,-1.5671656,-0.65484023,-1.7128323,-1.4722868,-0.6103444,-0.5882428,-1.891504,-1.0435853,-2.1092844,-1.7026035,-1.2609652,-1.0440527,-0.44297212,-1.357084,-1.5800799,-0.7061168,-0.9767932,-0.6237382,-2.0588074,-1.656559,0.032117806,-0.21107414,-0.36918744,-1.1163222,-0.8619435,-1.9513324,-1.5228779,-0.81887496,-1.3717012,-0.7972134,0.04850751,-1.7794799,-1.5359743
-0.39098302,-0.88751745,-0.27255332,-1.356601,0.1308118,1.0916103,0.07447089,0.38140705,0.46399975,-0.6593929,-0.19417407,0.01765456,-0.7030071,-0.9668898,-0.681675,-0.08779929,0.4711436,0.72813374,1.3969011,-0.032469086,-0.46931058,-0.4778358,0.1116853,1.1013572,0.046875227,0.17265917,-0.1577098,-0.22589722,-0.202276,-6.1889544,-0.21709688,-0.08910997,-0.5715937,1.1128006,-0.060577832,-0.07345938,0.28199813,-0.57498145,0.45329094,-0.43579483,-0.15770714,0.94140285,-1.3263326,-0.17053583,0.2913976,1.0476427,-0.46809855,-0.7040336,-0.33551604,-0.6161468,-0.6279577,-0.1449781,-0.66189694,1.1917762,0.121896245,-0.20305043,-0.09142033,-0.1714234,-0.9749143,-0.48924854,0.5473054,1.6041666,-0.19261286,-0.50201136,-0.15942451,-0.09388649,-0.47166696,-0.23379067,1.9507548,-0.22378421,-0.39393848,-0.12611967,-0.027702793,-0.18510076,0.25575003,0.008212868,-0.17625132,-0.26825005,-1.2349442,0.55846655,-0.22884649,0.7981103,-0.60429096,-0.9529554,-0.18001151,0.38506204,0.9558241,0.22468708,0.058453124,-0.38083345,-0.4704693,-0.41291243,0.43886432,-1.0687915,-0.19885644,-0.21030715,-0.17335768,-0.19125414,-0.16607594,-0.13406628,-0.36996,-0.31951886,-0.4160166,-0.3557606,-0.7025026,0.35113907,-0.6185913,0.27146143,-0.6115637,0.61133677,1.1622437,-0.9561944,-0.3442447,-0.12023042,-1.2444518,-0.5437006,-0.42987403,-0.04184749,1.0912802,0.205521,-0.80834436,0.08432222,0.14674175,-0.88076496,1.1194772,-0.39856243,-0.17756632,0.012877416,-0.4829988,0.3697257,-1.9933842,-0.104718424,0.2508878,2.3396337,-0.8473739,-0.022527456,-0.089045815,-0.8255017,-0.91769314,0.3011133,-0.11448369,-0.45718974,-0.5091336,0.4152339,-0.23963244,-0.60427374,0.52195644,-0.93745625,0.45726478,-0.6912735,-0.47712025,-0.60440856,-0.038412206,-0.9834907,-0.093634546,-0.2768155,-0.20116805,-0.71211374,-0.003789736,0.049938336,-0.25616455,0.3735208,0.1657733,0.29503277,1.5311483,-1.4186753,-1.2281262,0.21376306,0.33146182,-0.2898904,-0.029544514,-0.05487764,0.53152573,0.1176098,0.5091517,0.0102935415,0.11787042,-0.10417845,-0.81898665,0.93338263,-0.9598902,-0.19075659,0.6672376,-0.7903203,-0.09618006,-0.78991514,-0.3631139,-0.18376699,-0.32994786,0.24703135,-0.15596393,0.024924614,-0.65247554,-0.20520076,-0.7150178,-0.9985082,1.0434865,-0.24641378,-0.60505235,-0.049505953
0.64815056,0.8942959,0.6498886,0.68527424,1.3897465,0.41911817,-0.39091936,0.068024956,0.19811675,1.2056144,-0.4450958,-0.934443,0.88129437,0.004019987,-0.06854099,0.089594774,1.3379009,0.92771685,1.159262,0.88566184,0.9494131,0.314415,0.98646057,0.41392836,0.30017787,0.4030681,0.91388494,-0.9024239,0.8366395,0.5430461,0.70392644,0.74503475,0.67740095,0.80679154,0.34056154,1.2480607,1.2167348,-0.5299798,0.8983311,0.92035776,-0.4718187,0.6043784,0.8468188,0.3676508,0.65709704,1.411317,0.6473407,1.5161269,0.20471561,1.257155,1.8792522,0.5859041,1.7402242,0.24597596,0.76773113,0.5086518,0.32004997,1.3649681,0.73845947,-0.9192039,0.9703697,0.47706723,1.1414342,0.45226002,0.40931195,-0.56754935,1.768031,1.057641,-0.08672971,-0.63227826,0.13635875,1.5440642,1.5499239,0.8636428,1.5757228,1.5565747,0.7760277,-0.05968389,0.9925938,1.0850717,0.52557886,-0.9934954,0.5163757,0.9585907,0.40988916,0.93390924,-0.052940678,-0.30991983,-0.34622374,0.82600206,0.9244843,-0.63533,1.0360094,1.0290082,0.7319527,1.0737079,0.4469826,0.364938,1.0818706,0.5118688,0.8194186,0.04810795,0.566386,-0.07736977,1.1327853,1.4047337,1.317209,1.0847523,-1.1079564,1.2821368,0.90939325,0.80704516,1.5063293,1.0045549,1.5202751,1.1503353,-0.34686157,0.41263813,0.1337057,0.8386474,0.6191595,-0.0020662379,0.51121813,-0.09747246,-0.538183,1.0455526,0.22574781,-0.11523442,0.8578171,0.7391234,0.74445367,-0.71901363,1.4990556,0.08600005,0.37702447,0.5157345,0.4282017,0.3885543,0.17433228,1.4956353,0.4396976,0.53739995,0.30983496,-1.2340323,1.3353704,-0.9993468,1.6257836,0.9945987,1.209479,0.9634113,1.0241518,-0.44886208,-0.90408826,0.37522867,1.2548974,0.6625206,-0.31401852,0.72657,0.21893385,1.5676229,0.80673385,0.23340163,0.8205068,0.8051541,0.5525302,-0.72854203,0.9317497,1.2819011,0.43203035,0.9541083,0.6567241,0.11399355,1.3505819,0.84210825,1.6866366,0.4211506,0.3069058,-0.66761833,1.1116234,0.3202317,0.57462764,1.8982252,0.4286673,-0.2838819,-0.16390371,0.9190935,0.22731052,0.13795604,1.2283994,0.785043,1.6798707,-0.073086336,-0.24883789,0.86393344,0.73229766,0.9417813,0.8502713,0.82932603,0.6217768,1.5868063
-0.7440011,-0.40771225,-0.30321628,-0.6072094,-0.49447957,-0.54046285,-0.41391397,-0.57292527,-0.629297,-0.60432243,-0.6213405,-0.3381419,-0.3683886,-0.3288863,-0.56597185,-1.0483137,-0.79182243,0.11720993,-0.10673638,-0.3456213,-0.0027027782,-1.2128531,0.8380206,-0.023271902,-0.039161455,-0.88055927,-0.3915321,-0.6042949,-0.74687546,0.040706858,-0.31902966,-0.35768035,-0.5460526,0.11174977,-0.84025836,-0.5566314,-0.8713642,-0.7898857,-0.25930586,-0.58393395,-0.9795807,-0.2317187,0.5393562,-0.6613845,-0.09486335,-0.5679669,-0.5272791,-0.566097,-0.17336737,-0.29767776,-0.4186153,-0.40637782,-0.55817235,-0.48816434,-0.7065183,-0.9494481,-0.6367999,-0.35470897,0.3424219,-0.679467,-0.06263214,-0.5472101,-1.1537381,-0.61598307,-0.62107414,-0.11883258,-0.59793043,-0.26592898,0.01705036,-1.0498328,-0.3522488,0.18542606,-1.0573413,-0.9048846,-0.43462396,-0.4868688,-0.8016103,0.25021118,-0.76169926,-0.17146572,-0.70760846,-0.14460427,-0.19831936,0.25249422,-0.40551925,-0.756766,-0.038190212,-0.09661712,-0.4792649,-1.036785,-0.72756517,-0.1020672,-0.46162358,-0.59971875,0.057576112,0.16303793,-0.28028584,0.740955,-0.59914523,-0.83599675,0.15631993,-0.8556964,-0.30489174,-0.9810053,-0.37517342,-0.19708604,-0.67689896,-0.9111656,-0.8620429,-0.12357622,-0.6856418,-0.36142433,-0.7400933,-0.76372695,-0.51615405,-0.7066491,-0.53092194,-0.5313783,-0.7589341,-0.8718367,-1.0784148,-0.17915855,-0.35123911,0.38262722,0.1765342,-0.60385597,-1.1054779,-1.0613277,0.2908647,-1.0191215,-0.25365603,-0.7917842,-0.9556775,-0.4341365,-0.71057963,0.09637165,-0.51521444,-0.43051466,-0.26959372,-0.97699124,-0.22173363,-1.1472886,0.113212444,-0.9790905,-0.69887483,-0.8097022,-0.28992847,-0.62999594,-0.04654707,-1.0377945,-0.3686863,-0.74257696,-0.2873882,0.01830997,-1.0708054,-0.5530998,-0.49073875,-1.0163605,-0.76658654,-0.92451894,-0.2101894,0.0070030913,-0.5183045,-0.45993987,-0.96946716,0.5087305,-0.79887855,-0.24684466,-0.3056946,-0.5068597,-0.38733017,-0.6832697,-0.3209681,-0.54066914,-0.68676674,-0.45628566,-0.10593815,-0.14169912,-0.4156149,-0.35808933,-0.67780995,-0.8024965,-0.7170594,-0.39461204,-0.46529454,-0.552865,-0.8089264,-1.0312898,-0.2303747,0.31493655,0.21293929,0.59250057,0.121069744,-0.28149256,0.10687558,-0.37160128,-0.34851348,0.05577147,-0.33018565,-0.27675363
-0.751082,1.6532581,-1.2288095,0.7097092,-1.4413472,-0.057961926,-0.71520317,0.3779028,0.63447374,-0.17545405,-0.8183455,0.9337068,-0.97297907,0.61708146,-0.22208656,0.51518387,-2.3532557,-1.1224413,-0.21950926,0.42871505,-1.5960904,0.5677746,0.15358925,-0.53417045,-0.10255844,-0.25678,-0.24090916,0.55883694,-1.0861033,0.62249655,-0.017845923,-0.5813058,0.8078214,-0.7903986,-0.12512282,-0.8279787,-1.5135374,0.58063644,-1.0540689,-0.38973504,-0.57178724,-0.1797827,1.2938459,1.2628003,-1.7652098,-0.33601376,-1.7453028,-0.6527804,0.163258,-2.0491776,-0.6532851,0.27871028,0.14240439,-0.06771091,0.4615411,-1.1494584,0.45703974,-0.3331039,3.8866827,2.2579079,0.17675549,1.0374492,-0.5673908,-0.5444086,-0.79781586,1.234658,-0.12163304,0.42012072,-0.09437182,-0.26773533,0.6252639,1.3025444,-0.42137486,-1.2384933,-1.2194518,-0.67849183,0.48810798,-0.044036023,-0.015425988,-0.66247857,0.75240356,-0.5939106,-0.40133,0.1402967,0.6892361,0.5451757,0.12780797,0.88055646,-1.5877018,1.4814495,-0.30458856,0.8697488,-1.3400275,-0.12661105,-0.11767039,1.2226679,0.2523711,0.23805013,-0.8915183,0.28123,-1.1452591,0.35675305,-0.8907115,0.36903754,-0.54265076,-0.82868207,-0.24040799,1.7523073,1.6984142,1.2214853,-1.0118948,-1.5337417,-1.2075717,-1.7376261,-1.0212532,-0.69852084,-1.5435779,1.1675704,-0.88212377,-1.3737825,0.7017329,-1.8190818,-0.3568608,0.13279745,0.12609126,-0.116462514,0.1900971,-0.57396334,-1.2424556,-2.0767493,0.97515726,0.7633234,-1.9558846,-3.8524683,-0.07944514,0.836933,-0.406578,-0.17590633,0.5208458,0.49402767,1.3874544,0.43031698,-0.07168773,1.0766617,-1.7550501,-0.76311785,-1.642526,0.28810737,-1.6133614,-0.92336875,0.4501538,1.1744754,2.303818,0.374399,-0.46946695,-2.2391124,0.36737564,-0.63415825,0.76083916,-1.3884003,-0.99057984,-2.1457808,-0.10563432,-1.5881552,-0.72602296,1.5902189,-0.1733502,0.060664345,1.2957852,0.5687107,0.20629759,0.11578762,-1.4956214,-0.42812082,-0.74856603,-0.026178742,-0.73287517,2.0797791,-1.2906891,-0.86943805,0.15025356,-1.0229831,-1.44434,-0.80790424,0.27759588,0.16414493,-0.25010738,-2.293335,-0.535851,-0.89475846,1.4332536,0.0005567521,0.783371,-0.9215006,-0.07082167,-0.007509578,0.37000987,-0.035353765,-0.39966306,-0.5117315
0.865164,1.3789755,0.08122632,0.6851155,0.7343925,0.9779943,-0.08734773,0.9974374,0.59612364,1.2761741,0.05819736,1.0845933,0.6084235,0.8043545,0.45312634,0.20100638,1.1223507,1.3045479,0.10212088,0.8593788,0.90852195,0.70533794,-0.29734156,0.8264711,0.6360612,-0.093927436,0.7879017,0.16465446,0.10924949,0.52318853,0.49373823,0.3254824,0.89733684,0.91776806,0.93380094,0.52942187,0.83643574,0.52911186,0.9421467,0.99943274,0.19043401,0.9961733,0.5844022,0.7537157,0.6812339,0.3216503,1.2251806,0.7171829,0.73950785,0.36551845,0.3435779,1.5085433,0.7343722,0.5873632,0.84856784,0.45727846,0.55136144,0.57751745,-0.86829865,0.97275835,-0.008451941,0.7137591,0.067760564,0.6783843,0.59951293,0.28151315,0.2654415,0.83092403,1.30265,0.9996174,1.4578035,0.36300507,0.9281837,1.089279,0.76900643,0.95085645,0.540209,0.6560159,0.6841089,0.3528251,0.96453196,0.7138395,1.2058852,-0.9634051,1.076696,1.1005846,-1.272549,-0.007545732,-0.27840963,1.1171337,0.7211815,0.9722324,0.23859458,0.817524,0.7561438,-0.71362025,0.52471673,-1.4696244,1.1183529,1.2958729,0.069533154,1.0752764,1.0428619,1.6560131,0.28328687,0.19380173,0.76065946,0.42182338,0.48060742,0.5254833,0.6580437,1.3040679,0.78217334,0.4515218,0.8248523,1.0479351,0.12748547,1.2590657,1.3340328,0.9215954,0.32574642,0.56005245,0.6410913,-0.12898369,0.16398822,0.5842183,0.7792211,0.93865794,0.36856875,-0.1571229,0.7638019,0.9408459,0.82872087,0.43283117,-0.08189084,0.82213944,1.031225,0.5783076,1.1024944,0.7401666,0.62797815,0.7516548,0.6165315,0.27000841,0.66875446,0.0154066635,0.5541023,0.66679555,0.6656123,1.6513919,1.154569,0.09725706,0.99015963,0.38030696,0.70335674,1.3902537,0.6267127,1.2036296,0.73160005,0.93908,0.9371387,0.9327357,0.32113135,0.53422517,1.0899945,1.3591214,0.95525193,1.0576458,1.045983,1.0554699,0.55217814,-0.052536078,0.4018396,0.7759536,0.9678641,0.4610926,0.6936466,0.40936857,0.97211266,1.3019516,0.79910564,0.8190567,0.6331005,0.46228966,0.40815678,0.611321,1.1664445,-0.24214336,-0.10499834,0.36543798,0.062177088,0.0077602044,1.0306692,0.5024447,0.6598389,0.6760802,0.98354,-0.0050210897,0.51956743,0.5300131
1.6992663,1.3902668,1.0142835,0.7794935,0.8598233,0.6628627,-0.77458876,1.1346748,1.3030021,1.6019872,0.2825968,-0.31392336,1.1232427,1.0094533,1.3425013,1.0347828,1.5169497,1.5354842,0.58141166,1.9359127,0.49763438,0.923489,0.81485987,0.7889882,0.8658114,0.3138483,0.66099125,-0.059851103,0.91497856,1.1106914,-0.07208241,0.68387717,1.2324834,0.96451086,0.947321,0.69628674,0.73900557,1.1754038,0.8064144,0.82767075,1.3196474,1.0611662,0.9371146,1.3585593,1.077913,0.9066524,0.8111046,0.851284,0.6841813,0.552544,0.37934968,1.0268319,0.42542744,-0.14533806,1.1947029,1.1663063,0.6812285,1.0150626,-0.3965366,1.1430227,0.3148674,0.9569981,0.70684075,0.86331713,1.2123225,1.2153976,0.47131476,1.8476621,0.9036287,0.71653515,1.0193218,1.3376352,1.010098,0.26026636,0.5330625,1.5029082,1.1117157,1.4722265,0.84790295,0.92233413,1.3322583,1.253043,1.4612334,0.2282815,1.1399455,1.2549634,-0.0641678,0.043137386,-0.13849734,0.04803615,0.95683223,0.11817494,1.4489939,0.2754749,0.85338324,0.34968606,1.1436431,-1.0972241,1.2242923,1.1856372,0.09006049,1.6246133,0.8609053,0.9081782,0.85428023,0.86957586,1.1034876,1.0483292,0.3850064,1.2150549,1.475595,1.4303861,1.2525923,2.1043186,0.5085487,1.6307817,-0.0091633275,1.0510738,1.5984886,-0.08341799,0.7724846,0.02095926,1.0501556,1.2861681,0.17112179,1.0141568,1.2171175,1.1169474,0.16829257,1.0982875,1.2516623,0.75152194,0.54889727,-0.011991001,0.041555014,0.5329664,-0.25358078,1.0337254,1.4688823,1.5628939,0.28583977,1.5977862,0.65080404,0.9329441,0.8191277,0.048509587,0.7670312,1.0549946,0.62176144,1.0656092,0.98587996,1.0623344,0.2562491,0.887092,1.0105909,1.2758688,0.7040584,0.8608013,1.1114668,0.44966617,1.0467476,1.5501097,1.5236887,0.819138,0.47791448,1.5306529,0.8442023,1.2473392,-1.2348795,0.7642541,0.95624214,0.7684568,0.37208152,1.0215673,0.6921135,1.0046408,1.0839097,0.7387447,0.8940288,0.08543502,1.4769387,0.89886934,1.27041,0.6281028,0.6781684,0.70125824,1.4250622,0.5444487,1.5821549,0.95138156,0.71889836,0.5367134,1.7129021,1.2962352,1.0400801,0.9065834,0.5434478,0.3680623,0.89122856,1.0197505
-0.1835691,-0.6605006,0.25877756,-0.53334147,-0.24994755,0.26213178,-0.074520946,-0.31228262,-0.232697,-0.25298813,0.01685075,-0.51904845,-0.58994555,-0.33479032,0.5682594,-0.31776062,0.12058242,0.58995,0.8847632,-0.5500145,0.21842143,-0.9106134,0.9650668,0.14408065,0.15762663,0.081062526,-0.12736161,-0.40483806,-0.31152335,-0.5317821,-0.24840215,-0.76125383,-0.88573337,0.5894965,0.10905676,-0.19187276,0.026732428,-0.96827555,0.12086357,-0.377025,-0.26129746,0.14238466,0.344212,-0.28073686,0.5006184,0.18951273,-0.1882744,-0.35289288,0.06831606,-0.12865266,0.04991215,0.29594067,-0.5661364,0.33606902,-0.14669986,-0.44638467,-0.8447601,-0.24151812,-0.14611162,-0.5040751,0.9380032,0.44792402,-0.38596585,-0.21142533,-0.08842154,-0.3772537,-0.48638275,0.17367108,0.2071032,0.35205644,0.18404512,0.31387693,-0.78546345,-0.44545513,0.066658236,0.017570175,-0.22852367,0.05374294,-0.65412563,-0.26492053,-0.7990665,0.56902367,-0.042142637,-0.13074419,0.11643119,-0.4236771,-0.25577712,0.55624044,0.6890989,0.40109438,-0.24376169,-1.166784,0.13906479,-0.24590552,0.18940237,-0.51065886,0.13284628,-0.31288213,-0.26801836,-0.41135713,0.36073864,-0.38486385,-0.35192627,-0.20875946,-0.0030101938,0.4396395,-0.57958615,-0.32114583,-0.670056,0.20066106,-0.1709661,0.16340818,0.13791461,-0.35716408,-0.19666228,0.093734,0.0059364736,0.69757295,0.52553576,-0.72431,-0.9304216,0.27697593,0.028635133,-0.3562126,-0.6350688,-0.3009747,-0.8756592,-0.40714517,1.0336616,0.25348914,-0.38798726,-0.68875545,-0.22852157,-0.13494016,-0.44360888,0.5573986,-0.3939515,-0.3594165,-0.25052533,-0.63245374,0.1400627,-0.36584744,-0.12470247,-1.1068867,-0.35363895,-0.8540219,0.00017948076,-0.6843648,0.30901968,-0.38225046,-0.42651278,-0.33369404,-0.015146248,-0.07064834,-0.1698772,-0.27300137,-0.5996055,-1.0126077,0.18450014,-0.018110292,-0.19698912,0.05854754,-0.058608353,0.43280482,0.65488553,-0.17682013,-0.48074633,0.14738514,-0.14636597,-0.4194321,-0.07903592,-0.4976086,0.12728818,-0.4898018,-0.07478126,-0.23581739,-0.41638523,-0.84133035,-0.26593208,-0.36287075,-0.557814,-0.11352908,-0.26862124,-0.27123585,-0.15714258,-0.23358965,0.014007058,-0.15664761,0.32181603,0.47919768,1.0207872,0.8886765,-0.04340528,-0.23340291,0.014663484,-0.38324678,-0.15190935,0.28586045,-0.16343623,-0.44112656
0.44090545,-0.6737829,0.70915186,0.5764371,0.3419288,-0.08750986,0.9776826,0.065764956,0.4439509,0.072097674,0.27749783,1.205511,-0.39394024,-0.29631343,0.43975592,-0.8036652,-0.5940804,0.21683866,-0.7344715,0.61364204,-1.0658629,-0.2724325,-0.69874465,0.37385517,-0.40368357,0.64199597,-0.75715977,0.34385037,-0.07873413,0.6563571,-0.28931424,-0.62029725,-0.35283637,0.30460036,0.36178505,-0.119241476,0.08314891,0.84733456,-0.37016764,-0.13371728,0.6490277,0.12345817,-0.10754481,1.1698121,0.07359354,0.036637083,-0.26678225,-0.36236563,-0.4865978,-0.52661324,-0.27244234,0.87366676,-0.4851256,0.6767011,-0.22327864,0.0014112517,0.9549206,0.08732125,-0.3492782,0.4055609,-0.3620036,0.4685182,-0.60101396,-0.3127249,0.6361405,0.91286075,-0.08568658,0.5755566,-1.091693,0.9689842,1.0027057,0.45757547,-0.39517793,-0.682968,0.21628496,-0.49745905,0.46158263,-0.2108732,-0.41064888,-0.17469907,0.017141877,0.418033,0.6397543,0.12386891,0.400082,-0.6874413,0.56832856,0.00818418,-0.33833295,0.9002262,-0.29649565,1.1055012,0.3649553,-0.4128071,0.00055754837,-0.47112444,0.07474132,0.04027075,-0.22725672,0.32924005,-0.15393206,-0.8984793,-0.17356613,-0.18823726,0.40431643,-0.4525853,-0.17937592,-0.352229,1.5819744,0.05383131,-0.18465379,-0.00744538,-0.3001389,0.30421564,0.19800568,-0.15829538,-0.52411735,-0.18791203,-0.31792355,-0.10852331,-0.5166499,0.39585236,0.09780465,0.82994807,0.0057171565,-0.05153946,-0.5756497,-0.17328887,-0.5079836,1.0071326,0.011214253,1.3356034,-0.39030024,-0.21996225,0.45185125,0.30018193,0.63831985,-0.09321866,-0.061242245,-0.38519526,0.5408322,0.6033477,0.39669928,0.9096989,0.048970662,1.1706085,0.35959148,-0.18630283,-0.80174655,0.10796737,-0.3350214,-0.8456125,1.3527665,0.13187389,-0.22645606,0.033540767,0.76778245,-0.40507954,1.0306073,-0.18749706,0.024152022,-0.36753252,0.21175306,0.33777666,-0.28880444,-0.6193851,-0.85242367,-0.3671145,-0.34200352,-0.17126718,0.29219463,-0.60980856,-0.084427565,-0.14011122,-0.2527197,0.38589016,0.12813506,1.2503952,-0.034028724,-0.33585128,0.34796217,-0.68742114,0.16217428,-0.32943562,0.5243664,0.5229485,0.6228675,0.9984583,-0.5823805,0.31024948,-0.09159397,-0.42394453,0.91445345,0.19935732,-0.23177177,-0.15708758,-0.8210482,-0.63667744,0.2983161,-0.16778809
0.055189744,-0.69478756,-0.18777953,-0.36120892,0.5040197,0.09056498,-0.3791429,0.35778862,-0.37235174,-0.39477822,0.91675776,-1.1065558,-0.17738254,-0.5936869,1.2074468,-0.05057369,0.034077507,0.9029752,0.058351684,-0.399669,0.5798326,-1.1543375,2.3009713,-0.023458136,0.36294484,-0.5640266,-0.027281368,-1.2106823,-0.5222313,-0.63127387,0.19401743,-0.5938673,-0.48808172,0.4189628,0.74169564,0.07844022,-0.69632345,-0.766876,0.6054408,0.17250146,0.61925215,0.526093,0.59579134,0.020577727,1.0999371,-0.1595594,0.3697558,0.3663439,0.5812836,0.08536801,0.6413102,-0.039832078,-0.93310606,0.5090169,-0.2111736,-0.115287445,0.13621813,-0.18393184,-0.39524573,-1.878417,1.1763694,0.3161404,-1.029981,0.2121556,-0.73145646,-0.04112213,-0.22279394,-0.5567388,0.52039033,0.6058778,0.23578589,0.89863664,-0.7982885,-0.53733385,0.41597816,0.23234926,-0.19703878,1.0333173,-0.046020664,-0.5869831,-0.09611832,0.52241695,0.5850389,-1.1795628,0.6122226,-1.0485309,-0.5973282,0.62466073,1.4857961,-0.41284105,0.19360709,-2.3816016,0.6491192,-0.50743103,1.2941995,-0.8071076,0.64069206,-0.3088304,-0.7203048,-0.43328464,0.4214906,-0.53168225,0.25912791,0.21133325,0.51644194,0.57361436,-0.14418449,-0.7711205,-1.4518424,0.59901434,-0.8110204,0.4817474,-0.16875316,0.8032989,0.32750672,0.20747545,0.9091786,1.0980449,0.1399274,-0.5708651,-1.1087358,0.69292355,-0.055476833,0.40004927,-0.07290708,0.074031256,-0.8465726,-0.30381942,0.5271169,0.6467365,-0.11796319,-1.6684654,-0.060179822,0.1434238,-0.6383971,0.21555111,-0.5084171,0.36291212,0.28207466,-0.7645644,0.50279975,0.102930844,0.5230472,-1.8429998,0.2187211,-1.5170319,0.59443223,-0.5204165,1.0866522,0.23414735,-0.0742384,-0.069498345,-0.64908135,0.52028185,0.55997086,0.5189639,-0.018744474,-1.139723,0.6034465,0.29617238,0.64674115,1.2685767,0.06433892,0.93327385,1.2308768,0.49414772,0.029436782,0.07255386,-0.17051321,-0.15135026,0.5637842,-0.6101132,1.0432338,-0.08405577,0.1516731,0.13162726,-0.08980952,-1.7258502,0.21207991,-0.5413821,-0.2571461,0.020311214,-0.495719,0.8548546,0.21959236,-0.12417817,0.95983684,-0.091552,0.15007597,0.4891995,1.1823171,1.4351571,0.46699202,1.0112438,0.53695786,-0.109592736,-0.28813338,0.23840539,0.42288256,0.30850184
-0.9627391,-0.61023384,0.4374397,-1.1097895,-0.5461386,0.11558307,-0.25064752,-0.539961,-0.41500568,-0.94434935,-0.32587674,-0.08074475,-0.4919789,-0.36974177,-1.448241,-0.92907643,-0.2860817,-0.5593816,-0.42801404,-1.1399667,-0.5610645,-0.80093884,-1.3009604,-0.75203377,-0.5643791,0.65437484,-0.8801356,-0.23025236,-0.057004467,-0.36346325,0.50490916,-0.7485505,-0.65416795,-1.5952858,-0.43127188,-0.15050407,-0.3769525,-0.91716516,-0.0076331515,-0.4579713,-0.94715095,-0.79199415,-1.0001123,-0.75561327,-0.23509572,-0.030089615,0.15713935,0.06722849,-0.6946194,0.2971697,-0.16451907,-1.0250596,-0.46715,-0.14360222,-0.7719111,-0.40054956,-0.31538275,-0.21415979,-0.4431635,0.041424666,-0.6787282,-0.7356124,-1.004799,-0.29902202,-0.076683775,-0.74389994,-0.55727935,-0.52532315,-0.82216793,-0.7398181,-0.53115934,-1.1943096,-1.0428827,-0.32307482,-0.496171,-0.76392996,-0.10921383,-1.0408702,-0.7907118,0.01744254,-0.7677828,-0.115169235,-0.8758214,-0.7190545,-0.37186706,-0.71412355,-0.062381636,-0.720044,-0.34305623,0.5525029,-0.7144376,-0.10174457,-0.37121743,-0.9061907,-0.6936831,-0.72228706,-0.045543835,-0.1042159,-0.43621913,-0.37029776,-0.51331997,-0.7334817,-0.47474515,-0.340514,-1.0369289,-0.29107273,-0.09895989,-1.7845675,-0.42735812,-0.79840815,-0.9869962,-0.63906175,-0.07239348,0.209124,-0.22854844,-0.44918805,-0.25981417,-1.2753088,-0.644054,-0.035528995,-0.9825797,0.034888707,-0.79575455,-0.29812893,-0.073974594,-0.43727997,-1.0589929,-0.55317944,-0.94386464,-0.2633374,-0.69322526,-0.56537616,-0.058215536,0.3632944,-0.7026891,-1.1354123,-0.3460718,-0.75382984,-0.7491882,-0.6813267,-0.78120875,-0.7104015,0.085846454,-0.26259148,-0.47136033,0.44869402,-0.42602515,-0.856185,0.23689416,-0.39084122,-0.18294218,-1.0439874,-0.018881388,-0.34272766,-0.70021963,-0.44651115,0.7280008,-1.0877261,-0.27966994,0.016330762,-0.15946467,-0.2999444,-0.82782847,-0.5974654,-0.31838566,-0.23655668,-0.7865947,-0.89327794,-0.87160456,-0.35074502,-0.6430869,-0.8710596,0.11491929,-0.5724132,-0.9271301,-0.59377563,-0.58645576,-0.7766295,-0.4242764,-0.057596974,-0.6527955,-0.78166455,-0.7635819,-0.064531595,-0.3132918,-0.6956791,-0.7352005,-0.09441478,-0.57793593,-0.6456313,-1.1508946,-0.8741682,-0.5664204,-0.88272715,-0.9471245,-0.06538543,-0.10256688,-0.55791444,-0.3116249,-0.05763837
-0.20872548,0.30606997,0.30270216,-0.0683342,-0.8504582,-0.21564512,-0.10712743,-0.75215954,-0.4899078,0.25506154,0.93658006,-0.39813372,0.122366816,-0.9408878,1.4452146,1.3860948,0.40775546,-1.2425342,1.9990884,0.32623905,0.8062064,0.7755305,0.10405238,0.1454065,-0.18512526,1.2814192,1.290942,1.9709209,0.13982219,0.6740623,0.54182154,0.5499681,-0.28001893,-0.16625614,0.08233819,0.19864182,1.0373298,0.6093014,-0.28172615,0.24105823,-0.72807854,-0.12914442,0.8691584,-0.78072816,0.245496,-0.48883837,-0.28162253,0.361868,1.2844528,-0.5335157,0.2596627,-0.062493876,0.5615517,0.08602897,-0.41840884,0.60047114,-0.31744686,-0.38494277,-0.5070925,0.17855603,1.8183262,-0.1721977,2.779683,0.43386123,-0.16786082,0.5465768,0.7787135,-0.11042258,-0.23049629,-0.62310535,-0.7465415,0.80209273,1.7650665,0.76844156,-0.88059884,0.26294062,-1.029365,-1.1684513,1.2170225,0.014052526,1.6076733,0.17943726,-0.8526504,-0.18911435,-0.6867246,2.6011715,0.28964478,0.45818043,-0.30297405,-0.4216951,0.46078375,-0.2622188,-0.65005046,2.0356822,-0.7499565,0.13166797,-1.2171972,0.262879,-0.037317455,-0.49069288,1.8078569,0.5156757,-1.2423844,-0.24912733,-0.25290492,0.2882933,0.5255145,1.9681045,0.52387416,-0.15363291,0.75274307,-0.31277412,0.42549127,0.54010427,-0.1403257,-1.2078092,0.46078613,0.65516025,0.025895972,0.5961564,3.4294221,-1.0079325,-1.5036948,0.4374964,-0.31501302,-0.60752344,2.175141,1.948286,0.17869677,0.11070238,0.58312166,0.46689823,0.012720874,-0.24243538,2.4708247,0.11522968,-0.11347216,0.15250465,-1.2446896,0.58805305,0.20075338,-0.31751636,-0.71354115,2.036462,0.45514262,1.6591008,-0.041142356,0.44381982,-0.7505658,0.072110884,-0.25621447,0.44993353,-0.15779549,-2.1117074,-0.5672114,0.24751584,-0.2468939,1.6930106,-1.3630872,-0.5435945,-1.0123371,-1.4288367,0.0020069666,0.029209953,-0.9103759,-1.768025,-0.7618756,-0.5365637,0.12511984,-0.110525794,-1.057418,2.335265,-0.48323327,0.0966147,0.9284388,-1.0606514,-0.9304036,1.9616325,-0.38038772,0.23636903,-0.33489895,0.69031745,0.9055798,-2.1513927,0.4230528,-0.8087925,-1.6133456,-0.42903683,-0.4544107,-0.066585146,0.91392475,-0.06186369,-0.0051287864,-0.5167093,-1.3936957,-0.33271497,0.57905906,-0.14166695,-1.2826043,-0.49634227
-0.4361262,-0.051658362,-1.7279996,0.15863359,-0.57697207,0.15960245,-0.26380396,-0.34053713,0.21930775,-0.4926306,-1.5502942,-0.48564968,-0.4583495,-0.2762921,-0.93334156,-0.5755683,-1.2643769,0.5487784,-0.93333024,-0.4249576,0.08231697,0.70600146,0.110650696,-0.83581656,-0.011405087,0.039097123,-0.1711352,0.8480137,-1.3197833,-0.5134542,0.19452608,-0.6803196,-0.13168804,0.7883525,0.11432021,-0.759018,-1.4416496,0.3675156,-0.620877,-0.73492455,-0.08227474,-0.21854271,0.3905656,-0.045774296,-1.3502612,-0.7525471,-0.61919945,0.54161155,0.38909706,-0.7975943,-0.0041667605,-0.63730085,0.3308731,-0.52579373,-0.12571602,0.16821244,0.25370574,0.13710143,0.2769025,1.2865481,-0.4615889,-1.7346185,0.1167484,-0.508198,-0.18644466,0.27224916,0.032993075,-0.48597106,0.514919,-0.9298211,-0.16803753,0.1955849,-0.13117371,0.113878,-0.39153752,-0.14031559,-0.5596816,0.16285206,-0.29896355,-0.51758105,-0.5199828,-0.05553221,0.0034479292,0.30792958,0.02788303,-0.66177666,0.24751876,-1.4095409,-1.1883487,0.15297031,-0.39235643,0.56874454,-0.43538362,0.1127973,-0.3360823,0.47882178,-0.8022639,0.3242313,-0.9014154,-0.5318181,0.02558665,-0.03725902,-0.2998471,-0.31581157,-0.23219799,-0.75966024,-0.24332285,0.31202242,1.0278915,-0.35495862,-0.91699207,-0.55411404,-1.4527402,-0.9366359,-0.68688846,-0.5541563,0.017896272,-0.039819755,-0.410845,-0.8431357,0.2827034,-0.6907099,-0.020618204,-0.47259167,0.36488968,-0.32349935,0.5943252,-0.6264762,0.97096,-0.41048896,-0.6417982,0.7194624,-0.7607774,-0.3463937,-0.21501644,-0.41467458,0.29723465,0.4047953,0.4790772,-0.5879398,-0.17522441,0.42082345,-0.8254546,1.1298959,-0.3833853,0.58562475,-1.5476295,-0.16651821,-0.9788222,0.0832336,0.11907912,-0.24635503,0.35256815,0.17546637,0.24960873,0.43002468,0.5408151,0.7163888,-0.4440131,-0.35885188,-1.0086862,-0.7213582,0.20757818,-1.3350112,-0.99625206,-0.6986137,0.42147428,-0.29667976,0.40259275,-0.034954593,0.5911291,-0.16085683,-1.3069112,-0.61592984,-0.018582387,-0.1984883,-0.275162,0.9589537,-0.55514836,-0.74585426,0.5990099,-0.034288026,-1.0779306,-0.3898571,0.24852088,0.2555674,0.35174724,-0.9102593,-0.31138918,-0.49653777,-0.14081879,-0.76608884,-0.8850805,-0.36176607,0.038061146,-0.96178377,-0.12824196,0.50853455,0.5950877,-0.5204026
-0.21063022,0.35868272,-0.16042484,0.26283842,-0.14975904,-0.17984767,1.1242803,0.0142970905,-0.41712227,-0.7876564,-1.183702,1.7443461,0.27823767,0.46129897,-0.5968738,-0.31745425,-0.8231951,0.9000771,-0.3403766,0.1351602,0.4840794,0.077371895,-0.635546,0.5833395,0.4265242,-2.065863,-0.46265477,0.06909303,-1.0875907,-0.36745614,0.39194378,0.29611924,0.3165466,-0.25125864,0.12992063,-0.65655833,0.9737788,-0.50747633,-0.011916488,-0.3830006,-0.36162004,0.8452068,-0.9899769,0.018643407,-0.36836442,-1.626327,-0.17821096,-0.67947024,-0.1729592,-0.66841066,-0.7239022,0.14597213,-0.04867987,-1.0172672,0.04766702,-0.47292063,-0.22130859,-0.36458623,1.0237547,0.4289182,-0.7639874,0.09669077,-0.2396791,-0.27257475,0.67303586,1.7398309,-0.5919137,-0.1772336,0.29292995,0.43754685,0.2129004,0.10762731,0.34620187,0.21687976,0.123226315,-0.5112197,-0.49419403,0.79195595,-0.4638191,0.9795661,0.66083854,1.1247422,0.25260884,-0.4405657,-0.013836362,0.9892636,-0.29312298,-0.83891124,0.5159619,-0.9064936,0.21490508,0.4386524,-0.08483949,-0.387022,-0.85255545,-0.2421056,1.1880649,2.5994256,0.031662174,-0.11529583,-0.25228447,0.22237693,-0.7171423,0.27835095,-0.19781318,-0.5223099,-0.88495445,0.014406666,0.15167099,-0.4457319,0.2675121,-0.114074305,-0.35913828,-1.4087209,-0.32027346,-0.554364,-0.8793029,0.0028723571,-0.108507946,-0.23266156,0.54754305,0.52248853,0.3417932,-0.16597101,-0.46392024,0.18195884,0.22852911,-0.007197095,-0.35557252,-0.015658077,0.23030786,0.2600004,0.021475857,-0.45076215,0.20247678,0.053594917,-1.6655271,0.2744734,-0.042255364,-0.21120971,0.37337288,-0.059867,-0.0055834875,1.2511177,-0.40578526,-0.17866887,-0.24531384,0.26548016,0.08900673,-0.26324058,-0.014981214,-0.1116267,0.69040287,-0.4071607,-0.25701016,0.469306,-0.871027,0.01971281,-0.54351056,-0.41441837,0.14407128,-0.08416716,-0.60934514,-0.61140555,-0.36651772,0.3340056,0.091191076,-0.40491772,-0.7478354,0.20663169,-0.11409508,-0.31950897,-0.22689562,-0.19690795,-0.22475427,-0.26774764,-0.075370565,-0.049433187,0.36738384,0.64794177,0.47597188,0.30239892,0.38071078,0.53705895,-1.5938231,0.086238176,-0.23220973,0.12014553,-0.3849912,0.19512333,-0.31107938,-0.5418017,-0.5087525,-0.045407902,0.097941265,-0.06762676,0.08687487,0.3834198,-0.091641225,-0.5547647
-1.1237764,-1.0727072,0.84306395,-1.2022105,-0.42001918,-0.3531441,-0.54045886,-0.64367795,-0.53544587,-0.89326465,0.6261292,0.38972464,-0.82583475,-0.6383435,-1.0234705,-0.37126788,-0.958863,-0.4780687,-1.0741805,-0.7571934,-0.58012515,-0.7778309,0.2887076,-0.37503085,0.6585815,0.26756954,-0.28593868,0.2807676,-0.050757907,-0.38296726,-0.13281284,-0.5336978,-0.60858667,-1.3447948,-0.7626477,-0.94496435,-0.6863559,-0.4340332,0.019325567,-0.88787943,-0.2995116,-0.90582424,-1.0268862,-0.7907488,-0.10132557,0.22896999,-0.44963205,-0.42324814,-0.5802589,-0.4848847,-0.63327473,-0.41235438,-1.1137468,-1.2829536,-1.1667076,-0.22670051,-0.41706213,-0.81984544,-0.37058175,0.035653453,0.09151913,-0.5085993,-0.7915119,-0.14472252,0.382379,-0.2672459,-0.82742816,-0.25293422,-1.0372446,-0.21668576,-0.43643335,-0.76956666,-1.136231,-0.8366515,-0.7831578,-0.42391545,-0.61256284,-1.1222084,-0.89945793,-0.7382388,-0.8215719,0.64705473,-0.4657044,-0.0024019778,-0.7313413,-0.5767066,0.14150769,0.17272644,0.66186273,-0.4996232,-0.97311723,-1.2109181,-0.46119875,-0.9453182,-0.29550806,-0.93760884,-0.2962854,0.21716985,-0.6319228,-0.35681215,-0.4403757,0.045054633,-0.6078883,-0.05807168,-1.2464441,0.3905628,-0.43044594,-0.5678787,-0.514904,-0.26636407,-0.58807117,-0.8799284,-0.4871878,-0.19891173,-0.89187706,-0.7261752,0.0712615,-1.0439082,-0.3041384,-0.6234225,-1.1070886,1.1462363,-0.4728771,-0.48453102,-0.059159115,-0.78761184,-0.6914037,-0.28721178,-0.6991146,0.4914962,-1.2460694,0.012767538,-0.5802246,0.23046598,-0.6003353,-1.2543584,-1.2467651,-0.48144227,-0.60490155,-1.0130559,-0.13198614,-0.9311306,0.053948335,-0.28635377,-0.7428569,0.79994875,-0.44925368,-1.0886853,0.15835759,-0.44268534,-1.2484927,-0.3047098,0.09372092,-0.4807975,-1.3599857,-1.0078715,-0.4559152,-0.7531373,-0.07612598,-0.66723454,-0.21589026,0.00924892,-0.23352207,-0.06963642,-0.3146968,-0.18921381,-1.1630605,-0.25645655,-0.6211614,-0.48613194,-0.8501369,-0.7344459,-0.45878363,-0.910299,-0.58400583,-0.5226146,-0.29714206,-0.57337844,-0.4553771,0.15563233,-1.1691456,-1.0220965,-0.3061713,0.5911694,0.34548223,-0.5874202,-0.67065215,-0.6132303,0.2742527,-0.4745807,-0.14648652,-0.35519928,-0.8126076,-0.9270668,-0.9108407,-0.5083113,-0.85174036,-0.8520815,-0.6881834,-0.4254889
0.14762028,0.5409055,0.3249889,0.21238017,0.52105814,0.43486091,-0.23101728,0.087915346,-0.6999708,0.397038,-0.29167068,-0.036765166,0.40525752,-0.036642704,0.39609364,-0.9775492,-0.38506314,0.3338029,-0.36379847,-0.05464555,1.0203247,-0.1424773,0.881732,0.14814499,0.15156403,0.83649987,0.16337317,-0.36429974,0.5072706,0.55883783,-0.58640903,0.8393731,-0.05362813,0.43346038,-0.15948969,0.58590275,-0.13915536,-0.09793448,0.56071323,0.41136217,-0.12198833,-0.4173402,0.8250788,-0.24385384,0.43443507,-0.21737874,0.388059,0.23397887,0.32252643,0.5801072,0.6168874,-0.3595266,0.4395293,0.33554718,0.009259457,0.13140956,0.35586113,0.8950556,0.04000911,-0.4004136,-0.6814029,-0.26692483,-0.3106592,0.7842862,-0.14115028,-1.0497962,0.7111735,0.4845745,-0.27940872,-0.85305446,0.6278539,0.34374708,0.1267888,0.25940108,0.14368701,-0.03736504,-0.19907321,0.7199522,0.82555777,0.15771432,0.35912564,-0.8331379,0.6375285,0.5275036,0.23408662,-0.35485965,-0.5258616,-0.042901352,-0.04572035,-0.7752063,0.2894589,-0.13380165,0.7449289,0.6930695,0.4572699,0.1368699,-0.3335935,0.75029325,0.59905046,0.32183683,-0.37763608,-0.5527168,0.30212677,-0.88661927,0.5059085,-0.24386688,0.82093215,-0.7425537,-0.8234261,0.41309592,0.049002245,0.09045391,-0.48793748,0.53094965,0.50921774,0.5464007,-0.17583776,-0.29488733,-0.6145977,0.41859972,-0.027430966,-0.4651665,0.37206346,1.2348877,1.3781129,0.5191175,-0.42288157,-1.2377589,0.53530943,-0.011061218,0.3191722,-1.2103529,-0.24730211,0.40302488,0.49470434,0.10489925,0.18856315,0.39927414,0.7918971,0.3164022,0.1350931,-0.124130614,0.6950828,-0.6591647,0.7549957,-0.4748905,0.4654284,0.21429135,0.6473924,-0.18218298,0.9524313,0.062197253,0.4283569,0.4749539,-0.08128698,0.3843216,-0.5029261,-0.2363058,-0.012314973,0.064667955,0.4119792,-0.045244478,0.49712282,0.8397773,-0.14972106,0.24278682,0.7175703,-0.19477046,-0.06471879,0.6580291,0.71484464,-0.03459559,0.5589965,1.0454264,0.3235007,0.82876647,0.7554268,-0.7735017,1.196562,0.7118987,0.08847536,0.67990273,-0.012321765,0.39295217,-0.2668977,0.83279705,-0.02335595,-0.20838773,-0.2012693,-0.0014328698,0.026262853,0.2145509,-0.2651134,0.4148221,-0.31201923,0.4760504,0.95596415,0.5920665,0.6367759,0.65035146
0.83745205,0.499678,0.7844249,0.6060341,0.43436363,-0.22321127,-0.47825104,1.0871125,-0.7837711,-0.44316992,0.57037824,0.49750206,0.74957645,-0.5632845,0.0025313925,-0.038373806,-1.0086527,0.8187664,-0.10211694,-0.3357523,0.11379168,0.8866024,0.024145253,1.296542,1.0046284,-0.82256377,0.25516814,-0.5676796,-0.0774474,-1.4956247,1.6087878,2.0950718,0.3430871,1.6279558,1.0277479,0.71381325,1.4318812,-0.277538,0.73055667,0.18117759,-0.55757236,1.2251338,0.033881567,1.3060371,0.365022,-1.0473008,0.28587863,0.6651975,-0.076813,-0.53192663,0.61076015,0.3213925,0.6357758,0.06024287,0.7433907,-0.24932912,0.85438496,0.41601467,-0.13484325,2.4080994,-0.27532786,1.1227268,0.33397806,0.51640457,0.64552456,0.72205424,0.7520154,-0.5484951,1.0659107,0.6916159,0.91514516,0.9873947,1.5286543,1.5710783,-0.00086591206,1.3826138,-0.8856812,0.3684723,0.2869231,0.90523994,1.4889244,0.6295266,0.7387011,0.08409755,0.12523101,0.5804744,0.45448422,0.95422745,1.0670713,-1.7370373,1.9991251,0.3202433,-0.14033607,1.009493,0.47277623,1.1949301,0.6608301,0.7431035,1.2664173,0.28161833,-0.8641594,0.6802881,0.40721333,-0.63818526,1.1764122,0.18128516,-1.1193875,1.1660998,-1.3222562,0.709639,0.4934435,-0.38510978,-0.29555967,-0.6506087,0.80041635,0.25013685,-0.7445085,0.95900744,-0.90398234,0.30008247,1.2237949,1.314314,0.27818605,-0.5214646,1.6877265,1.0739789,0.5478983,1.0160034,0.9513698,-0.018079106,0.41465974,-0.5294308,-0.4434173,1.6312644,1.3882495,1.1095814,-0.53718764,1.3445535,0.182479,0.49423915,0.4835674,0.8759905,0.6940596,2.2814193,0.7047206,-0.6900279,0.086383834,-0.030161541,0.80669826,0.030515516,1.4032928,-0.12981208,-0.26058906,0.643635,-0.6953606,0.59115237,0.28225908,0.25098813,0.04389827,-0.009332584,0.012857709,1.4021744,-0.39148784,0.8574996,0.97333884,-0.29509577,1.1025449,-0.13719107,-0.78946453,0.5972091,0.23042192,0.8700393,0.34635323,0.7823546,-0.73593247,0.40640694,0.2740988,-0.120681606,0.057427414,1.8485767,0.8285851,0.79524046,0.8790625,-0.011604112,-0.25535378,0.7710015,0.42795515,0.60991496,-0.13037527,-0.93739915,0.6193582,1.6417369,-0.41492468,0.07914491,0.10882774,1.6932001,0.3521483,0.9477056,0.20818494,-0.038980547
-0.1358021,0.56992,-0.38264707,-0.19474804,-0.8815182,0.020051882,-0.29214174,-0.86870784,0.24481025,-1.1081184,-0.3687437,0.17711392,-0.50976086,0.23969391,-0.7058912,1.1254104,-0.6727366,-0.77851534,-0.7840089,0.09057758,-0.17949711,0.6278668,0.04908349,0.3952106,-0.13261999,-0.753773,-0.15991083,0.6485133,-0.88406384,-0.84272116,-0.8511732,0.027319325,0.6343302,-0.63728094,-0.20352,-1.1270809,-0.36250186,0.25719038,-0.73723,-0.6467191,-0.1568199,-0.15115368,-0.58366644,-1.0354844,-1.1261414,-0.9334449,-0.48412976,-0.60432076,-0.13572687,-1.0527239,-1.1813219,0.31122336,-0.38949102,0.21434963,0.2154837,-0.118310206,-0.34827444,-0.7521254,0.07909842,-0.6310266,-0.25983337,-0.20255801,0.56074643,-0.4179577,-0.5285231,-0.52933073,-0.6010944,0.31482852,-0.4538126,0.33496496,-0.3809233,-0.77912295,-0.2081977,-0.30517614,-0.90280735,-0.46364242,-0.22030963,0.09463347,-0.5617954,-0.4238562,-0.074711196,-0.96835333,-0.28024352,0.019922197,-0.2500901,1.2160097,0.4776109,0.55328035,-0.50252914,0.16917431,-0.17403865,-0.6831384,-0.7586657,0.31711143,-1.0723133,-0.96407217,-0.17639978,-0.7312415,-1.0611432,-0.098245606,-0.6562494,0.6513263,-0.774657,0.6148051,-0.59783745,-0.816276,-0.8237363,1.2473737,-0.2585236,-0.13965794,0.18467593,-0.62677395,-0.42349258,-1.1038357,-1.0527841,-0.71929264,-0.045703165,0.08799631,0.033080798,-0.33014888,0.5994282,0.12271515,0.51850986,-0.46466038,-0.70307964,-0.5895526,0.36884835,0.34087583,-0.782513,-0.5081768,-0.16975659,0.33270648,-0.03579729,-0.7839594,-0.23791875,-1.5340396,-0.20417373,-0.060403444,-0.5563342,0.011925627,-0.38775754,-0.12659475,-0.5414512,0.26532936,-1.5400354,-1.1969411,-1.1708739,0.2761427,-0.6801232,-0.4903278,-0.87271655,0.6344419,-0.5627763,-0.6375004,-0.27455625,-0.3383945,0.050512042,-0.08132613,-0.37630647,-1.1069548,-0.648036,-0.40717897,-0.13808537,-0.90877324,0.41939583,0.40490103,-0.57334244,-0.15658264,1.6639838,-0.19654557,-0.29540563,0.62171525,-1.0124791,-0.73869276,-0.79273576,-0.37797236,-0.1331798,-0.6290702,-0.78900844,-0.13848479,-0.28530458,-0.1415137,-0.33898613,-0.0020922981,-0.3162413,-0.81087077,-0.93315065,-0.8951313,-0.38013187,-1.4688368,-0.15086544,-0.5667507,-0.10733677,-0.52493906,-0.20633233,-0.24337535,-0.29161716,-0.33805802,-0.8958032,-0.83157337
0.5809486,1.1808864,0.22037743,0.16603434,0.741075,-0.32506877,-0.04398935,0.6371198,0.15083757,1.1632481,0.181722,-0.8932648,1.9137261,-0.14530323,-0.6761494,-0.1853444,1.7111894,0.2832516,0.45891,0.49037075,1.0741434,0.97873545,-0.11770622,1.0316567,1.0532649,0.60810834,0.19638997,-0.6246937,1.3659261,0.030531121,0.94111294,1.3734854,0.98367214,-0.1740338,-0.69432443,1.0933359,1.4860964,-0.68129396,1.3515322,1.7256196,-0.6210968,0.571752,-0.09640827,-0.18329848,0.73063713,-0.6914478,0.8769012,1.6938255,0.20796058,1.131701,1.5405545,0.6629026,1.4635184,-0.024843225,0.39113206,0.23443353,0.26422328,1.01618,0.40512946,0.25811777,-0.46423095,-1.1243843,1.2923855,0.60016817,0.67600864,0.4947625,1.3926278,0.3354789,-0.7950248,-1.0905486,-0.64383835,0.6526729,1.6458318,1.6940063,1.5366254,0.308001,0.3012051,-0.062622786,1.2005504,0.8843884,1.2343327,-0.55096394,0.080590434,-0.22881271,0.20780583,0.95452964,-0.46543908,-0.32480252,0.12499227,0.43965057,1.1554328,-0.36240393,0.632166,0.7095835,0.047417313,0.9081763,1.217961,0.6122903,1.2188966,0.7566267,-1.1986663,-0.010796722,0.84614414,-0.46497262,1.3548139,0.84150434,1.5509933,1.6076957,-1.3690166,0.20832968,0.89114,0.6484625,1.0140283,0.723571,1.1021839,1.1918827,-0.70169073,0.24925895,0.45515293,1.6030499,1.2263211,-0.6495658,0.35619825,-0.087632865,-0.4868508,1.0297635,1.5628201,-0.3790008,-0.65529376,-0.11388932,0.3597685,-0.3155901,0.6150841,0.28217956,0.18878439,0.05550913,-0.38612008,0.5975398,0.3861562,1.5540538,0.14024581,0.5567819,0.57519436,-1.2480023,1.1445993,-0.432624,0.9848926,0.6924783,1.362253,0.49859235,0.9809444,0.10594584,-1.3145638,0.86750156,0.6166642,0.58710575,0.12436659,1.8014314,0.17464985,1.270213,0.4604935,0.6398256,0.0859846,0.35761654,1.2709041,-0.5669821,0.8169499,1.1760584,0.36104888,1.0885518,-0.103821576,0.8426928,0.69409144,1.004202,1.1687746,0.1799942,0.7111531,0.018728785,1.0268781,0.6992984,0.40836358,2.0134494,0.97131646,-0.2703539,0.033644922,0.43696445,0.2930018,-0.11552603,0.08685274,-0.40149164,-0.7907809,-0.7837852,-0.012059256,0.68929815,0.14608952,0.9313156,-0.74012035,-0.45516363,0.026960049,1.3947757
-1.2021229,-0.9113541,-0.76918584,-1.2278279,-0.76375645,-0.7308427,0.84184366,-1.4404485,-0.59183055,-0.9250652,-1.3599536,-0.6182179,-0.16928166,-1.0333174,-1.1742041,-0.6731139,-0.54755837,-0.83767164,-0.34265038,-0.99017596,-0.56143576,-0.9773746,-1.1113856,-0.60461754,0.49458307,-0.37362453,-0.95154434,0.4936839,-0.98648185,-1.0471737,0.03671287,-0.9170328,-1.6051164,-0.30239543,-1.0920348,-1.0672855,-0.12972245,-1.302151,-0.98468417,-0.5651167,-1.0229362,0.4717521,-1.3473675,-1.0504198,-0.4432517,-1.2332966,-0.7978242,-1.1587759,-0.5673037,-0.54007375,-1.0813177,-0.23754886,-1.1100701,-0.7537681,-0.814062,-1.9065752,-0.91869867,-1.2330972,0.6153908,-0.13280866,-0.13084912,-0.025376037,-0.6210433,-1.4207056,0.40173596,0.9035957,-0.8098705,-0.8181178,0.644949,-0.60364133,-0.48477346,-1.4744294,-1.4171957,-0.67674977,-0.9462772,-1.3894082,-0.87773365,-1.1239312,-1.4428881,0.19913399,-0.8094134,0.48335785,-1.1502187,0.62641275,-1.6197252,-0.23573716,0.084130704,0.11670171,-0.79774225,-0.8048259,-0.8905956,0.2720906,-1.0477525,-1.0717646,-1.3042005,0.8220131,-0.3438427,0.20448022,-0.80731314,-1.0402749,-0.9328339,-0.49991423,-1.2653571,-0.6998917,-1.3183099,-0.49376827,-1.4501985,-0.51621383,-0.13936019,-0.83992213,-0.305064,-1.1837773,-0.47459558,-1.5517361,-1.5231178,-1.4220036,-0.6271225,-0.7979648,-0.76805335,-0.9926813,-1.0898341,-0.39127508,-0.44109777,0.16186266,-0.13014302,-0.80104566,-0.7643512,-1.1137279,-0.21025106,-1.1946601,-0.57119256,-0.44184753,-0.8521369,-0.21994132,-0.8194378,0.41398516,-0.14479764,-0.7618623,-1.4662247,-0.83121467,-0.75614834,-1.4732443,-0.20074463,-0.11556704,-0.21668027,0.52589947,-1.183054,-1.5404257,-0.26256594,-1.1452092,-1.2891959,-0.6492502,-0.6540133,-0.7525936,-1.3050128,-0.93649703,-0.031518478,-0.99671054,-1.4774835,-1.2044839,-1.0524827,-0.7196996,-1.3026487,-1.024415,-0.7049593,-0.5336507,-1.0010116,-0.37482277,-0.8810604,-1.0319287,-1.0450093,-0.80990714,-1.2874945,-1.5920026,-0.74860156,-1.5968997,-0.482262,0.18469577,-0.79579765,0.61368597,-0.86711097,-1.3155161,0.13205631,-0.6368159,-0.92256874,-1.5028533,-1.6646426,-0.60333484,-0.7829123,-0.16469775,-0.07515807,-0.8379388,-1.6081318,-0.88943565,-0.42275342,-0.7846855,-0.21154246,-0.40706736,-1.4608012,-1.2697382
-0.13803376,1.1476933,0.2547948,0.105162136,-0.4129789,-0.72502524,0.31213495,0.15403992,-0.3932148,-0.53910637,0.56764525,1.654607,-0.7588806,-0.25511515,1.5176291,-0.60468704,-0.3459497,-0.29656202,0.12612101,-0.09662389,0.05067622,0.40201408,-0.02682412,-0.36682653,0.4793954,-3.5837948,-0.39347845,0.45318088,0.006943181,0.81690294,0.09171541,0.43932733,-0.04801169,-0.74928623,-1.6814153,-1.402782,0.2733117,0.20571266,0.7513817,0.21296112,-0.8138699,-0.54152554,0.65093625,-0.98989385,-0.25156403,-0.6571238,-0.12910114,-0.6579572,-0.39098454,-0.17628226,-1.1166868,-0.16716024,-0.35630837,-2.875087,-0.73473805,0.4598301,-1.3430594,-0.5383946,1.5087588,-0.12624551,-0.44921225,0.36017364,-0.5501926,0.44066355,0.7273562,2.1613815,-0.41434556,-0.098943956,1.6363732,-0.18025617,0.9495209,1.4126135,-0.23249786,-0.987302,0.16416864,0.6786306,-0.6759483,0.43016517,0.30002025,0.5765294,1.5762908,1.0243096,-0.32937947,0.80500144,-0.52906513,0.4266985,-0.5144578,-1.7322823,0.60255694,-2.9046433,0.61929893,0.23415545,-1.1183975,-0.05072265,-0.4817845,-4.678157,-0.6957852,1.7336228,0.10217661,0.224009,1.1263283,1.3473752,-0.5797887,1.7672719,-0.70170677,0.20840739,0.69332397,-0.3113408,0.3233811,1.151091,-0.2879678,-0.01168102,0.80248255,0.13184685,-0.45273632,-0.25031656,-0.4550733,0.0858661,-0.21763869,-0.44352403,0.9659717,-0.9794959,-1.5335407,1.758088,0.12610121,-0.46964088,-0.01422593,0.87505645,0.15556663,-0.8190522,0.055818662,0.74659145,-1.1346247,-0.29500973,0.46464205,0.53301114,-2.5030217,0.70414376,-0.49887618,-0.61327887,-0.8937471,-0.11546216,-0.10181251,0.54329973,-0.0139802415,1.4551725,-0.18359931,-0.5256537,-0.64140755,0.8493161,-0.38391882,1.3334386,1.6756464,-1.2769238,-1.3872861,-0.09653804,-1.4756213,0.80889285,-0.4294242,-0.70575327,0.42989784,-0.7830581,0.15718685,-0.48140475,-0.38213202,1.2607402,0.011136219,-0.76280713,0.68346983,-0.79933655,-1.8857582,-0.2873329,0.491583,0.6726024,2.5967183,-0.36990798,-0.7569364,0.38270202,-0.15782592,-0.1084557,-1.4180131,-0.60623956,0.4906776,0.5315835,-0.87545896,-0.5920553,0.09176706,0.9189014,0.7249669,1.8435153,0.69733447,-0.4186229,0.19024421,-0.3879471,0.46841455,-0.74831975,-1.8985888,0.3422952,-1.1273452,-0.6887778
-1.4639066,-1.43656,0.2781979,-1.2109973,-0.9274824,-0.5254369,1.2462751,-1.2525803,-1.0286982,-1.5125197,-0.32923248,-0.045366175,-1.6993923,-1.118485,-0.49588385,-0.82193536,-1.4306414,-0.7916087,-0.28826246,-1.7979444,-0.48601052,-1.9204894,-0.9408485,-0.8927415,-1.2535868,-0.63586223,-1.30375,-0.35511604,-1.4573249,-0.7403559,-1.5021595,-1.6645731,-1.2859151,-1.225296,-0.59231967,-1.5670248,-0.46702132,-0.8592322,-1.0169016,-1.5701313,-0.25653368,-0.7193917,-0.573802,-0.8681416,-0.7705456,0.0118187945,-0.88683206,-1.2596729,-0.3102573,-1.0399306,-1.2718239,-1.4115732,-1.6326183,-0.23037738,-0.7269466,-1.1375333,-0.556517,-1.4566013,0.6996323,-0.5372928,-0.46294016,-0.041494805,-1.2833707,-1.3628366,-1.3760602,-0.8644252,-1.7022275,-1.3962986,-0.50237197,-0.26670903,-0.27717072,-1.2531304,-1.8797969,-1.9422307,-0.6926088,-1.4905726,-1.6299764,-0.7742829,-1.9139462,-1.1991394,-1.9851543,0.17686383,-1.0850964,0.6924977,-1.1865704,-1.3158509,0.2853669,0.5919676,-0.5594329,-0.7066564,-1.7029945,0.44188026,-1.0120533,-1.4451827,-1.227401,-0.20733838,-1.1727469,0.8145801,-1.6200192,-1.3529166,0.5064642,-1.2784426,-1.243752,-0.89503515,-1.1084789,0.005379306,-1.4690919,-0.6147162,0.47148824,-1.1657754,-1.0827273,-1.093272,-1.5257325,-1.4766097,-1.1390754,-1.5246134,0.6837632,-0.92890424,-0.9013269,-1.1654624,-1.3644396,0.13547222,-0.9787617,-0.15896928,-0.87746274,-1.2263402,-1.4129509,-0.7294658,0.08821107,-1.2861377,-0.6996887,-0.30267292,-0.20629853,-0.1120166,-1.0833617,-0.0033922642,-0.513657,-1.372774,-1.2394373,-1.7782855,-0.5662389,-1.3814932,-1.2860601,0.2319052,-1.633742,-0.5857355,-0.8332718,-1.4822174,-0.8932675,-0.9903124,-1.7371407,-0.7026863,0.5682129,-1.1259419,-0.8822005,-0.77805775,-0.13160467,-1.3129759,-0.55322284,-0.7594499,-1.1481498,-0.6354114,-1.6196092,-0.7860929,-0.9404278,-0.98077726,-1.7006637,-1.6592067,-0.06232799,-1.1318406,-0.5261543,-1.0518638,-0.22635318,-0.99698603,-1.3304546,-0.98621583,-1.5001954,-0.5379723,-1.3399143,-0.8463994,-0.97312224,-1.775524,-1.3400961,-0.8353852,-1.1092824,-0.9813345,-0.3943023,0.007139271,-0.2772349,-0.34559262,-0.9181421,0.7509703,-0.53385967,-1.80504,-0.34943238,-1.6274989,-0.45829087,0.28640988,-0.6318943,-1.29059
-0.20326507,0.17864773,-0.17932694,-0.07502401,-0.044670332,0.37000224,-0.10494207,-0.23701116,0.06569353,0.08716886,-0.097654164,0.28116244,0.21240677,-0.033123534,0.33392397,-0.094729856,-0.025450941,0.0031081531,0.059861045,0.27140042,-0.17836703,0.437324,-0.28694916,0.67447704,0.0085959,0.33048147,-0.15598895,0.23637494,0.04193403,0.2621565,-0.14334168,0.41060415,-0.015837613,0.21299508,-0.37028947,0.03811293,0.48848888,0.07227125,-0.14677328,0.17945899,-0.02210685,0.11730649,-0.3149329,0.12800063,0.27506566,-0.47768977,-0.25222763,-0.037012428,-0.006599771,-0.044770494,-0.21968067,0.3989271,0.15848668,0.0642836,0.12310209,-0.14477345,0.1706557,-0.08772306,-0.92706656,0.31790945,-0.4783519,0.13615471,0.07344657,-0.0694698,0.45722675,0.12147296,0.05021143,0.42352647,0.073579326,0.41566223,0.028954163,0.0775153,0.10599735,0.060326487,0.2155287,-0.0331743,0.03763442,0.06587789,0.071090005,0.5634713,0.34612682,0.3450073,-0.047626294,-0.48897702,0.01260866,0.21342628,0.057895217,0.19525011,-0.5347839,0.2377393,0.21722835,-0.22783646,0.05942701,0.020882875,-0.15890042,-0.04724197,0.17500395,-0.028877493,0.08139679,0.09028362,-0.49913228,0.040471528,-0.077295594,-0.23738796,0.1264971,-0.33568618,-0.12717746,0.18085374,0.18337336,0.038494222,0.33713803,0.01572632,-0.12333995,-0.21065986,0.10117149,-0.1988303,-0.2856036,0.07626837,-0.30655217,-0.023398126,0.207253,-0.20431139,0.30632082,-0.18406087,-0.080723815,0.08922684,0.38164267,-0.34900853,-0.2334359,0.3233298,-0.12419447,0.5644179,0.027457444,0.08505469,0.26742393,-0.0041546,0.14674713,0.2804013,-0.024520595,0.12848175,-0.057508487,0.17158175,0.091753356,0.81822664,0.109374575,0.23153496,0.12996551,-0.11324319,-0.048932467,0.057514146,0.13028052,0.13022514,0.46922892,-0.39796185,-0.4348136,0.21087825,0.55334395,0.4272563,-0.15969658,-0.17856506,-0.13115945,0.056931645,0.06087231,0.31760058,-0.047645006,0.11582783,-0.36715788,-0.15398492,-0.30434865,-0.007257208,-0.16464265,-0.086846314,-0.055516273,0.22888638,0.086678214,-0.09546264,-0.05980335,0.22812001,0.05803305,0.19040237,-0.09824964,-0.045257196,0.5159385,-0.40620986,0.05068385,-0.11754878,-0.0005682376,0.31070045,0.14706963,0.30628675,-0.024761591,-0.33093822,0.32124612,-0.018750682,-0.11854333,0.1296071,-0.19517042,-0.121263854,-0.15865156,0.044678506
0.7987019,1.1963757,0.9274687,0.39842534,1.3434397,-0.43304563,-0.40858465,0.27318522,0.2451616,0.94036824,0.6341088,-1.1004474,1.5243144,0.19300956,-0.13504638,0.23628113,2.024426,0.23030415,1.7592738,0.8230152,1.3534489,1.2343109,0.3826456,0.8959396,0.7912228,0.017671775,1.5957994,-0.5779879,1.9732324,0.22493984,1.2328304,1.6585488,0.9264785,0.19428627,-0.76406217,1.4537357,1.7678071,-0.50383395,1.3120528,1.8245187,-0.43884915,0.37082112,0.6196983,-0.2595634,0.464613,-0.4148044,1.0621246,2.1244378,0.6159435,1.2843298,1.9184549,0.86020184,1.8153545,-0.12412641,-0.2340591,0.5373131,-0.124972634,1.3025808,0.70259905,-0.16317366,0.6476411,0.63324314,1.6448946,0.7351628,0.503116,-0.83877057,2.1184676,0.3950075,-0.028729357,-1.5131328,-0.48394448,1.8304902,2.1814184,1.7684971,1.4615318,1.2758088,0.18771885,-0.5602053,1.6699272,1.2416089,1.3192644,-1.158023,0.19539727,0.37006322,-0.0108143175,1.8192916,-0.107244015,-0.07751085,0.18277468,1.021187,1.7450746,-1.0390244,0.46261773,1.6023756,-0.1271398,1.2261646,0.8648418,0.7825371,1.4968672,0.7670376,-0.053256165,-0.23820049,0.48121458,-0.13741234,1.5962763,1.7523882,1.5981414,1.7966975,-1.4529468,0.9223134,1.5430983,0.4544664,2.019062,1.0066218,1.2621211,1.2466707,-0.08882926,0.09434012,0.20743328,1.9616842,1.8158365,-0.7127219,-0.026388634,0.23420396,0.31641233,1.2833272,1.3932586,0.023801025,0.8785306,0.10005139,0.3352673,-0.5508976,1.2708826,0.8666321,0.8114126,0.27035603,-0.30682197,0.88925725,-0.17727591,1.9667797,0.50323755,0.5560338,0.43932566,-1.250517,1.5172046,-0.89863336,1.6037939,1.4049753,1.4364185,0.36747742,1.0217849,0.45384365,-0.99532664,0.043971825,0.7687659,1.0398446,0.081741236,1.9220912,-0.28083056,1.3308064,0.6467866,0.45105803,0.40226227,0.44639078,1.6808187,-0.8334441,1.0366533,1.2977066,0.64772946,0.98860157,-0.097100705,1.32878,1.4673157,1.8842306,1.7588292,0.2787335,0.32064864,-0.18980187,1.0881178,1.2009325,0.096014895,2.294507,0.9480316,-0.5190993,0.09040884,0.83568376,0.14907189,0.15519042,0.91910625,0.7177855,0.77206784,-0.23137568,-0.15412584,0.8825682,0.1459977,1.0568261,-0.29660708,0.79682493,-0.002260323,1.6651691
1.3623378,1.1124893,0.38876593,0.7463402,1.2802104,1.0748487,-0.89344174,0.5414264,0.6496174,1.5939016,0.05185915,-0.12338238,1.1817151,0.0050490834,1.0751338,0.6726966,1.6150975,0.6994225,1.3101382,0.79731786,1.4867921,0.75650436,-0.37754488,0.90129113,0.79489475,0.26241797,1.6112341,0.28283796,0.9647119,0.4210843,1.5621364,1.0772129,1.1545831,1.0896218,0.3171684,0.9589579,1.317155,0.5228037,0.71026653,1.2070537,0.19615,0.7283859,0.96843326,0.46836686,0.9396086,-0.3202465,0.6252511,2.0483837,1.8446052,0.88007855,1.4437652,1.305851,1.6802491,0.15899399,0.8708365,0.9161637,0.43832448,1.2062978,-0.94943106,0.20224965,-0.39113876,0.8608116,1.2634588,0.6555756,0.4705466,-1.1256229,1.3968966,1.0723308,0.12106281,-0.39398992,0.279999,0.492387,1.631024,1.3159034,0.8967111,0.58020234,0.8704972,0.13227777,1.0990583,1.2323005,0.45734036,0.25670892,1.030102,-0.5827087,0.87301487,1.5356692,-0.41288468,0.25831044,-0.26707122,0.37061265,1.4525124,-0.17372048,0.34455934,1.3632264,0.6491768,0.40609103,1.0522989,-0.10852697,1.0249207,0.7296769,0.85089236,0.40063065,0.78405756,1.0178959,1.0291373,0.82725525,1.4403745,0.7455027,-1.0244333,0.50874585,1.1874386,0.83250386,1.5900271,0.905201,1.0668638,1.1185598,0.63637966,0.7683886,1.0133915,1.0510316,1.4455382,-0.19664463,0.8217488,0.47848168,0.782093,0.9789618,1.5558299,0.6696275,2.053597,-0.12258943,1.0712348,-0.16985765,0.98393226,0.46258688,0.8756616,0.5622179,0.5725267,0.8476656,0.7653396,1.4598727,0.30637848,1.0841779,0.6293956,-0.51970357,1.1671304,-0.43280202,0.91304797,1.0895009,0.8541268,0.6148616,1.4054714,0.58997935,0.2827225,0.72144264,1.1343865,1.3753531,0.17691468,1.4321148,0.22416018,1.2918797,1.2687047,0.56074774,1.2237706,-0.19285832,0.8062507,0.63145435,1.2365412,1.1959743,-0.2957086,1.4144777,0.5953291,1.0445777,1.1798763,1.5059528,1.3149351,0.56639534,0.8405408,0.11151483,0.88921994,1.1260103,0.85649574,1.6058606,0.54851073,0.5184456,0.7808153,1.07952,0.5840091,0.78242165,0.17187807,0.39656633,-0.35204977,0.11075571,0.5111722,1.5202167,0.26853612,1.2277769,1.356659,0.2108594,0.48175722,1.1774068
-0.782513,-0.66081434,0.81300086,-1.413141,-0.5611875,-0.70587766,0.09435879,-1.0737762,-0.86013174,-0.6882405,-0.24475971,-0.24378264,0.008483148,-0.485759,-0.6899108,-0.40584338,0.0023974935,-0.7122687,0.3594973,-0.9430362,-0.25171018,-0.7157509,-0.85752004,-0.01726271,0.7595532,0.04372466,-0.45079765,0.09490403,-0.19617674,-0.817595,0.2027595,-0.53758276,-1.1213403,-0.37875676,-0.42093349,-0.76395506,-0.038503937,-0.851995,-0.43677294,-0.47746682,-0.6156616,-0.02926459,-0.97715306,-0.9383026,-0.40440375,-0.55754215,-0.35371593,-0.5279982,-0.31186253,-0.35415283,-0.7139634,-0.12791425,-0.8725615,-0.6299222,-0.56578535,-0.51797223,-0.4057843,-0.87920415,-0.14889316,-0.13542725,0.061953705,-0.030330371,-0.12416717,-0.5703758,0.18772225,0.21668729,-0.8450394,-0.11598813,-0.45704332,-0.255395,-0.7203482,-0.91320586,-0.96802235,-0.5092823,-0.84112555,-0.6997353,-0.4946238,-0.62450075,-0.9170136,-0.14938413,-0.6238724,0.2594015,-0.95249474,-0.36278462,-1.0209143,-0.16413668,0.08092867,0.43745798,0.2069542,-0.35069555,-0.30305174,-1.1769642,-0.68944454,-0.77197754,-0.7764912,-0.28301293,-0.22396754,0.22031811,-0.47327587,-0.89355636,-0.13796365,-0.3049688,-0.86376214,-0.20964271,-1.1519815,-0.13278995,-0.65030193,-0.36557162,-0.7054855,-0.47518298,-0.0053894892,-0.7943769,-0.406531,-0.3769511,-0.8614928,-0.75283796,-0.1395555,-0.67695296,-0.17804031,-0.33590937,-0.85448396,-0.004498331,-0.35629535,-0.07643308,-0.12448053,-0.770629,-0.65080774,-0.5459986,-0.011102727,-0.23918726,-0.4925955,-0.4879268,-0.5089103,0.46120438,-0.58301175,-0.16217563,-0.3618033,-0.33852607,-0.9961016,-0.6288134,-0.61535406,-1.0147798,-0.44367626,-0.32859272,-0.5296409,0.36580378,-0.42127526,-1.223695,0.16779216,-0.852081,-0.63954914,-0.39926487,-0.34328023,-0.51678884,-0.81758326,-0.69149494,-0.23909698,-0.7177893,-0.8548143,-0.47086132,-0.62482774,-0.19293877,-0.43574256,-0.3489167,-0.062169287,-0.07950489,-1.0139799,-0.4149727,-0.8501702,-0.5246372,-0.90353304,-0.39137164,-0.1862658,-1.0095319,-0.65242004,-0.84239835,-0.6410274,-0.86043936,-0.43663532,0.6509178,-1.1364527,-0.73096156,-0.13934962,-0.049206164,-0.42567945,-0.92828137,-0.8946632,0.047457367,-0.14314066,-0.042892076,-0.0926113,-0.317082,-0.97717434,-0.726755,-0.565097,-0.39159796,-0.38785315,-0.3035976,-1.04319,-0.6173448
0.8852047,0.95884883,1.2026005,0.834938,2.5232444,1.0983595,-1.4147753,2.4745288,1.0518327,2.1025567,2.1073608,-0.94268316,0.9548347,0.89199716,0.6514605,0.6050671,1.3856096,1.7771535,1.5583649,1.0505654,1.2288601,1.3493975,2.4003763,0.39081314,0.5270157,0.4037703,1.2341139,-1.6822692,2.1701543,0.020305423,0.2676564,1.9171505,2.201487,0.29467365,0.3633732,1.9278715,0.6645357,0.53097326,2.1263127,2.1680295,1.7022524,0.57346916,2.0785813,-0.10551015,1.7342042,2.7081835,2.6838398,1.3510504,1.0207132,1.776444,2.0133157,0.16957453,1.6212882,0.73448515,0.89443195,1.8061311,0.9718251,2.1129274,-0.9095203,-0.8306598,0.6128203,0.73762196,1.2835282,1.5988328,0.24061081,-0.85609895,1.9395683,0.84367484,0.9444892,-0.5165879,-0.53989816,1.3214045,2.064486,0.98737717,1.4833069,1.8746254,0.9363477,0.8063367,2.0194993,0.4407894,1.2486634,-0.98667866,1.8199182,-0.25422722,1.1809354,0.32454062,-1.0057081,0.9416238,0.024706442,1.2804707,1.0882832,-0.02939904,1.854994,1.4825528,2.289016,1.3984867,0.68207437,-0.98074496,2.1785893,2.3375618,0.7066343,1.2634484,2.6915534,0.28106,1.6904451,1.3631243,1.7055843,1.0800592,-1.683154,2.0785506,0.5281337,1.2078424,0.86418194,0.76443714,1.6721317,2.2758532,0.6701706,0.04568038,0.5816045,1.5084448,0.73092556,0.0853982,0.83010674,1.1489435,1.1862761,2.292872,1.5896608,0.4193975,0.43658084,1.5064503,0.11528139,-1.1698772,2.7918482,0.16314007,1.375435,0.617012,0.15579946,0.750666,1.7764238,1.4248155,1.6198896,1.1571044,1.4344368,-2.2682536,2.2786586,-2.3398168,1.8983746,2.4401822,1.3762507,1.9775871,1.2236797,0.5189706,-1.5477902,2.016379,1.6724035,0.81987965,0.79546183,1.826905,1.8248229,1.7584347,2.3307915,0.63718855,1.1319201,2.225599,1.5617393,0.1909869,1.1062319,1.3729461,-0.48711875,2.030399,0.89445585,1.5460924,1.4207537,1.1688931,1.103612,2.2051625,2.6975937,-1.609605,2.5899425,1.2097557,0.816244,2.151557,0.6885923,1.7926719,0.9177046,1.3585953,1.0836647,0.2909926,2.6842837,0.62723804,0.6633071,1.5503482,1.2295697,2.2109082,0.7981374,1.4024708,-0.66083634,1.824029,1.2669898,2.0971732
1.9101125,1.6669835,0.18933053,0.53919595,0.5208589,0.51469135,-0.6174809,0.44853517,1.4258804,1.9917763,-1.3074158,0.78368956,1.2756873,-0.12028748,-0.0018471051,1.3155276,1.0633072,0.82592225,0.46846136,1.1923563,0.32810202,1.3010164,-0.35361633,2.0352166,0.7534962,-1.0514681,1.1282449,0.37286863,0.33626562,-0.07041906,0.30900916,1.400174,2.1404068,0.7835534,-0.17685157,-0.22995593,0.8594654,1.1456131,0.057697818,-0.028359365,0.42272854,0.5447909,0.4473103,0.75013524,0.7607459,-0.82511777,0.011362856,0.62058246,2.7626145,-0.3340973,-0.7420995,1.3954757,0.72339517,-1.3560728,1.5848713,1.0432835,1.1213287,-0.016111065,-1.1920273,0.06934211,-0.42425787,0.3446941,0.47590116,0.6685861,0.4755848,-1.0191755,0.40449172,1.174726,-0.2349304,1.7785023,1.1137229,0.4938869,0.9658716,0.27584237,0.45384932,0.18870224,0.3189829,0.2572383,0.29621333,0.6145558,0.74402565,2.000118,0.8600007,-0.047085732,0.63214767,2.524804,-0.96911997,1.1166688,0.63871515,0.18319526,0.67363864,-0.49409604,0.7159466,0.3339442,-0.26917592,1.0749108,0.86035025,-0.053193685,0.75267035,0.7991116,-1.3800523,0.8414091,0.30428314,1.0138918,0.62241435,-0.4692798,0.51567817,1.523784,0.6796232,-0.003813466,1.8824219,0.24835554,0.5113627,-0.29678807,0.35498735,-0.16414945,1.3406639,-0.0038297381,1.9240369,0.08684967,1.421978,1.1781114,1.0691209,1.0955383,-0.6090857,0.6660693,1.3942658,0.7275434,-0.0751658,0.10750857,0.00995405,-0.07741671,0.39969942,1.1184292,0.41011965,0.64941365,0.25044808,1.4212068,1.062148,1.4965501,1.7833965,0.96516424,-0.25061998,0.9122894,0.18221183,-0.87671834,0.2980357,1.3233072,-0.6469144,0.5227125,0.42226356,1.470457,0.59832424,0.5069135,0.9707055,0.80155605,0.25539643,1.0070618,-0.17485578,0.32446614,0.78251755,0.52124625,0.0741503,0.09321244,0.8024013,1.435857,0.99549806,1.367719,-1.3376044,0.26508334,0.42442936,0.55268747,0.05393009,1.3983812,0.028681265,0.7888665,1.1348478,0.82552844,0.95116246,0.4351552,1.0796491,0.7261078,0.551098,0.36707315,0.83929324,-0.054871112,0.5315872,1.7598501,0.5972967,0.791162,-0.03829827,1.1945683,0.99678224,0.9746309,0.38346204,0.2670939,1.9016371,0.28801233,0.16334742,0.53020936
-0.519338,-0.5659596,-0.097594306,-2.2207515,-1.2916652,0.1804866,-0.8300723,-1.7977213,-0.58242375,-1.6007922,-0.9591595,-2.2002532,-0.52579963,-1.5158925,-0.8018661,1.8168658,0.94440264,-1.0469375,1.6503625,-0.22293241,-0.5679621,0.21739498,-0.56705225,-0.08446665,0.2449523,0.016127046,1.2648414,1.0562929,0.5761687,-1.000235,-0.1373303,0.47851667,-0.59594464,-0.7738662,-1.232903,-1.8342868,1.0389429,0.093974136,-1.1209102,-0.13602102,-0.25552222,-0.5380313,-1.5563496,-2.2005022,-0.7961181,-1.0436728,-0.7830679,-0.52858585,0.081279084,-1.3803065,-1.3253244,0.33452544,-0.639749,-1.12929,-1.11094,0.1193647,-1.3292658,-1.9655616,-0.48563987,-0.49172208,0.52464783,-0.59542143,2.1309185,-0.33687255,-0.21155992,-0.26393908,0.18480055,0.056306504,0.06755064,-0.045548484,-3.2493815,-0.13160637,-0.1666071,0.47956133,-1.8933417,-0.07947487,-0.9649561,-1.1824676,-0.26735723,-0.016069539,0.44009015,-0.8488911,-2.2373428,-0.31925842,-2.5579638,1.2931896,0.48230058,0.749933,-0.041391578,0.20470133,-0.21001491,-3.9086673,-1.688952,-0.75851744,-2.3433292,-0.7643412,-0.52936506,1.2561157,-1.0187548,-1.66945,0.42472315,-0.115559444,-1.3704078,-1.2534634,-0.7196864,-1.7058003,-0.60055053,0.15062732,-1.3161515,-0.12914771,0.77052563,-1.7438166,0.05018692,-0.7660558,-1.547401,-1.2810745,0.72556764,-0.8012063,-0.15726542,0.54393804,0.5945478,-0.8912982,-0.45723823,0.015147477,-0.5069599,-1.3230245,0.49483466,0.18273325,-0.8233377,-0.61561346,-1.8768618,-0.84061974,-0.18651739,0.08400248,-0.11222322,-2.460145,-0.36989054,1.0271592,-2.553,0.78465754,-0.95266515,-0.25492632,-1.6532333,0.34134036,-0.6780195,-0.040922116,1.3007034,-0.45380768,-1.1001949,-0.5833148,-1.5703844,0.7694274,-1.8992114,-2.0058343,-0.36253545,-1.1834716,-0.66093624,0.3860933,-2.3699758,-1.2257833,-1.2129866,-1.373469,0.14607014,-1.0530679,1.2389364,-1.5849203,-0.6986189,-0.31636542,0.19325987,-0.94675356,-1.5965267,1.0993026,0.33321494,-0.63510394,0.37775514,-1.2665982,-1.0567007,-0.12103351,-0.81222516,0.15036638,-1.2890266,0.2150963,0.09481614,-0.66190153,-0.6399015,-2.5718238,-1.8253514,-0.017866904,-0.16129544,0.59145534,-0.14827311,0.0761687,-2.1677654,-0.41757315,-0.8683188,-0.27724457,-0.9385695,-1.2687306,-2.2250648,-1.324719
0.158869,0.005678585,0.01745354,0.21772781,-0.4083216,-0.13989364,0.27801827,0.26701662,0.36953753,-0.5291731,-0.08900429,0.9119017,-0.6060312,-0.31639436,0.032037616,0.46871725,-2.0866365,-0.21682616,0.20699579,-0.35376415,-0.810091,0.3399492,-0.54249376,-0.24090584,0.05509835,0.3867522,0.21822235,1.0250283,-1.1814923,0.1347696,1.4509499,0.093733,0.049047075,0.3316013,0.45733815,-0.32050177,-0.15178172,0.7281695,-0.90475184,-0.8869183,-0.27828184,-0.07306463,0.0022294912,0.6804016,-0.22606987,-0.2648208,-0.8707506,-0.10531813,0.68769056,-1.1870024,-0.5251916,0.7711735,0.047560237,0.18846059,0.1055252,-0.026011534,0.338683,-0.6993924,0.20900461,1.1281974,0.11165082,-0.4244932,0.37063715,-0.5176936,-0.120456964,-0.018722765,-0.30341232,-0.51161814,0.050972737,0.62082374,0.3070088,-0.012876444,0.4359534,0.6614852,-0.7276597,-0.26528597,-0.05028732,-0.026993928,-0.21965325,-0.16136159,0.19908619,0.33780074,0.22283523,0.02070193,0.24095404,0.50965536,0.042086456,0.0096012615,-0.012746349,-0.33649936,0.40094197,1.0173006,-0.71103054,0.25156736,-0.9791922,1.4433427,0.4643063,0.68525743,-0.47055453,-0.67265964,-0.10597974,-0.19703667,-0.37929377,0.572137,0.357611,-0.6059117,-1.1733687,0.9278158,1.546084,-0.13854259,0.00822112,-1.0164022,-0.7578129,-0.72812337,-0.35112244,-0.8838672,-1.0240009,0.35373482,-0.099468544,-0.38583037,1.3874758,0.5416086,-0.10876192,-0.3111614,-0.52862287,-0.7840344,0.4736087,1.6089203,-0.119284295,-0.20054097,0.4345637,0.8100208,-0.5483382,0.049956396,1.4681169,0.24493848,-0.5477914,0.5422095,0.07382134,-0.75056815,1.0031235,0.49865857,-0.30476055,1.6303817,-0.20878913,1.2304369,-0.5017125,-0.13925721,-1.0277606,0.032773085,-0.19722363,-0.13706578,1.2232578,-0.45766392,-0.20360076,-0.100149155,0.9549632,0.8100163,0.031246798,-0.38115513,-0.646593,-0.16569144,-0.3486969,-0.49335173,-0.7865588,-0.4512887,0.18571688,-0.5821516,-0.37107924,-0.07279022,0.17216457,0.5729833,-0.8066102,-0.27400643,-0.41675732,-0.113046974,-0.4748649,1.3097713,-0.6263955,0.4470237,0.2749623,-0.26783153,-0.1953456,0.00842442,-0.2917319,0.31972617,0.16954288,0.20220815,-0.68406206,-0.08904884,1.5523604,-0.18395346,-0.6263568,0.06396954,0.18528384,-0.28725106,-0.027076308,0.35709533,0.11717646,-0.79170805
0.9401828,0.46682116,0.9245899,0.5826062,1.5686822,0.35137308,-1.0149266,1.7413797,0.5947491,0.85230464,1.3134822,-0.5699308,0.710657,0.5627446,-0.4977531,0.71280015,0.71113294,0.89703166,0.34300345,0.20071313,0.2640071,0.7540651,1.3785728,0.8259822,0.38633937,0.13875945,0.3958199,-0.9644287,1.2372996,-0.7030079,-0.1441004,1.1493257,1.2373996,0.74862254,-0.14922905,0.6562015,0.15342136,0.8516273,1.4155257,0.560896,1.4892539,0.2101522,1.0481098,0.06942517,0.5946693,0.59516066,1.882302,0.66787356,0.8083578,0.6378366,0.7569712,0.051691722,0.40453184,0.37600654,0.58715475,1.4249628,0.6789241,1.1632066,-0.45148984,-0.59873,-0.40497836,0.07050825,0.21363172,1.1528124,-0.20676365,-0.5577705,0.6971258,0.019067073,1.2846227,0.83084196,-0.060175672,0.44302994,0.63891226,0.36777264,0.5351666,0.6416507,0.6932823,0.54081845,1.150932,-0.47648934,0.36914355,0.39458162,1.1456409,-1.1780403,0.7806583,-0.15333307,-0.8479747,1.2345501,0.20467888,1.1412998,0.37108228,-0.5563336,1.0733929,0.43744367,1.31195,0.82506734,0.3373443,-1.06519,0.83427674,1.7732493,-0.09278438,-0.3781508,2.164974,-0.41039452,0.79690945,-0.16874558,0.72451663,0.12721263,-0.80836046,0.35797313,-0.40837228,0.6315348,-0.24026509,0.031893298,0.89373434,1.2334225,1.7499642,0.33732086,0.6203068,0.6378897,0.18012936,1.5352587,0.38502973,0.35256678,1.0554838,1.1644105,0.49020305,0.24130736,0.2849841,0.28741187,-0.33548343,-1.3015075,1.161116,0.06882991,0.866498,-0.21807367,-0.27891466,0.5629252,1.0864383,0.48803657,1.6479608,1.0086817,0.75680983,-0.7306671,1.0944895,-1.2606883,0.77474976,1.1432685,0.6492156,1.1401011,0.53958577,1.0396452,-0.29046935,1.5560638,1.0021496,0.15422104,0.78869843,0.46093115,1.2089181,1.3436106,1.4685916,0.7570189,0.09525472,1.4449298,1.1888452,0.5036175,0.47232318,0.7482558,-0.35316616,1.0490289,0.63933647,0.94593626,0.7575987,0.79253525,-0.04865689,1.7402643,1.7750527,-1.2534815,1.3918684,-0.18880592,0.23775217,0.52938265,0.07748043,1.5255406,1.294598,0.3835399,1.0298313,-0.10372267,1.1073782,-0.1519401,0.22041057,1.3718443,1.2467451,1.4023823,0.7932874,0.33632448,-0.96319616,1.5594945,1.3442955,1.3619326
0.18943183,0.4296852,-0.012005467,0.34859505,-0.05189021,-0.18137819,-0.21078184,-0.378255,-0.12000638,0.32622853,-0.2531842,-0.18012148,0.41675654,0.037434917,0.3556003,-0.10036758,-0.2685902,-0.10256649,0.22079422,0.3492608,0.1468215,0.20478703,0.0813239,0.57435244,0.01213098,0.35841355,0.21401516,0.0287719,-0.086077295,0.43640253,0.19965374,0.72378135,0.05485461,0.8179907,-0.27416834,0.22209533,-0.026059443,0.337089,-0.25974554,0.19460964,-0.3323675,0.079627104,0.6017496,0.3012298,-0.30991656,-0.73047525,-0.36354843,0.40187204,0.45759827,0.092098355,0.271693,0.37968814,0.19011715,-0.72083825,0.27676946,0.35149014,-0.052808873,0.1815372,-0.3902978,0.19143191,-0.26614404,0.04960742,0.2883123,0.30318722,0.2780945,-0.7782479,0.5678262,0.49147746,-0.12250074,-0.19090961,0.13524123,0.57355994,0.2817316,0.2502274,-0.15713862,0.24552625,0.078098655,0.14727621,0.32132268,0.48936135,0.51006746,0.03348781,0.30630264,0.6229947,0.218356,0.47124836,0.3246489,-0.3034482,-0.007897746,-0.70626533,0.5330022,-0.27486813,-0.095403545,0.92220855,0.09044786,0.40970513,-0.040108077,0.57859814,0.34520802,-0.19318986,-0.09468725,-0.29960904,0.18292506,-0.31936744,0.2723683,0.062312722,0.22806713,0.40238,-0.20845231,-0.049517356,0.38050622,-0.2487792,0.058647107,-0.09077553,0.07859382,-0.0333149,-0.073243655,0.10802855,-0.76641667,-0.080703154,0.4575117,-0.3301151,0.09400852,0.42974886,0.57666254,0.29358503,0.090362094,-0.18734354,0.9958859,0.06703595,0.057771415,0.241077,-0.43258193,0.5672078,0.13699062,0.57112074,0.35542247,0.13044778,0.053039253,0.051935803,-0.063817,0.059962254,0.21978368,0.31412262,0.30867484,0.27948838,-0.31009382,0.2943902,0.021970294,-0.26521644,0.28877282,-0.348593,0.6168127,0.07531001,-0.44434795,0.6287977,-0.33142847,0.26951674,-0.24469155,-0.40855262,-0.20083386,-0.23982406,0.28947705,0.26497397,-0.42097673,-0.22964773,0.35187042,-0.07559773,-0.097962804,0.24493581,0.13175572,0.35855085,-0.54929286,0.6023793,0.36152893,-0.08246143,-0.12153177,0.102536194,0.31162497,0.45485547,0.025527416,0.32236493,-0.071552224,-0.42199156,0.0103311315,0.3128075,-0.38291124,0.19492722,-0.41142076,-0.24135682,0.31231496,-0.13511765,0.15164149,0.07307096,0.057372052,0.23903556,0.8460055,0.5778309,0.025787298,-0.0006030542
0.5893515,0.770146,-0.6131973,0.5743205,0.37614548,-0.042713746,-0.38952377,0.17842972,-0.043694228,0.7123547,-0.09003064,0.5883988,0.46710053,0.12664127,-0.6110472,0.6690241,0.36931956,0.6801825,-0.10949595,0.88531977,0.2768446,1.1132162,-0.121121444,0.43502858,0.92720777,-0.6499296,0.357155,0.4991797,0.25475326,0.9339743,0.32267776,0.7115432,0.29190046,0.11566831,0.03785655,0.3328007,0.37103555,0.33518633,0.37642184,0.7260148,0.30910492,0.83835,0.3641129,0.6635243,-0.10316091,-0.5879318,0.015782295,0.55616945,0.57663995,0.03717029,0.3232891,0.4991905,0.6679324,0.09898805,0.7081062,0.19343707,0.4656653,0.69899416,0.9422293,1.589689,0.064332105,0.24216866,0.39344725,0.55075073,0.77305645,0.527343,0.47296116,0.77988696,-0.06807131,-0.003451215,-0.13365963,0.5597086,0.42950854,0.99343216,-0.09626734,0.5540699,0.19633098,0.5645839,0.61815315,0.33297768,0.98303217,-0.2328137,-0.08055455,-0.4865073,0.02892405,0.7924064,0.2891995,0.35589552,0.06839451,-0.519536,1.2044867,0.34559184,0.33870256,0.121642925,0.33089167,0.31227672,1.0854641,-0.45773536,0.54604304,0.18269764,-0.5958509,0.93103397,0.27100405,-0.029568214,0.39136416,0.5325299,-0.013812289,0.6990266,0.23175012,0.36907867,0.90174943,0.3499837,0.46483186,0.16111656,0.36077228,0.21379878,0.24246565,0.16085055,-0.024480695,0.32601488,0.8198393,0.18384156,0.61087835,-0.73055375,-0.3339468,0.4014795,0.61124533,0.07416512,-0.43697923,-0.09090145,0.47647548,1.1745234,-0.24703163,0.026021123,0.3394638,-0.025736868,0.117105566,1.2117583,0.49465004,0.69564945,0.3372852,0.5935611,0.093116015,0.9902673,0.5108028,0.50454515,0.6211278,0.3846547,0.20454913,0.41831058,0.73976684,0.51436293,0.36364764,0.024506468,0.06986205,0.7770631,0.3216124,0.3160693,-0.02081689,-0.14147681,0.16968156,0.7219697,0.6418729,-0.15543607,0.62677735,0.44466886,0.5053409,0.6354313,0.22477752,0.31565088,0.22377034,0.69608027,0.20669305,0.55038077,-0.26370472,-0.010015124,0.51455945,0.72473484,-0.057709336,0.3490444,0.95679986,0.43471366,0.8421428,-0.048035968,-0.49841282,0.09790473,0.011929441,-0.54194075,-0.20375535,0.12939088,0.5234529,0.37408006,0.1109834,0.32885584,0.40951866,0.42157882,0.21162659,-0.425871,0.1836316,0.059481736
0.4785418,0.9047083,1.0065242,0.091797136,1.5882602,-0.042770073,-1.6637379,1.6242127,0.63020086,1.3487477,0.5631396,-0.29202738,1.2255257,1.0120564,-0.45358714,0.19972053,0.48478797,0.11159666,-0.8077622,0.6335886,1.1662266,0.9036698,1.7465626,0.7495427,0.5425192,0.72933894,0.7040859,-0.9967752,1.5308951,-0.19302596,-0.11447992,1.6765693,1.6182868,0.033191305,-0.90755886,1.2525156,-0.06216255,0.36861214,1.4320835,0.93673885,0.87798893,-0.19710289,1.2449658,0.00503481,1.7590158,2.1853442,1.3836342,0.82552016,0.49506715,1.066606,0.8521811,0.010012902,0.4763803,-1.0982691,0.3097044,1.2383332,1.1537405,1.657997,0.34618205,-0.2252307,-0.62041146,-0.22864315,0.736243,1.7150503,-0.04621477,-2.5901601,1.1111977,0.7208031,-0.6304764,-0.35772595,0.44074017,0.04632748,1.2632947,0.9728143,0.7804844,0.09593268,0.20496301,-0.071015835,1.4984467,-0.6043908,0.9289841,-0.066819556,1.1697232,0.23876812,0.51636785,0.41867167,-0.51642174,-0.5137765,0.79044306,-0.16462758,-0.12671024,-0.24962327,1.019886,1.6041498,0.6795086,2.131537,0.7246786,-0.4430002,1.3316271,1.844293,-0.579581,0.35148865,1.7891086,-0.44720533,1.2293364,0.287324,1.5511864,0.0439796,-1.6844121,0.10480882,0.80934525,0.10216482,0.3385602,0.63666403,0.80640507,1.5145478,-0.123056345,-0.45073357,0.24904843,1.297788,0.4655104,0.6769279,0.28243065,1.8032022,0.109328285,1.5476032,0.88756144,-0.3995711,-0.84820545,1.7437135,-0.47984123,-1.3418369,1.0609126,0.69868,0.5907431,0.27663207,-1.1448668,0.035574183,1.0899024,1.0001339,1.5086925,0.20506597,1.5560251,-1.4659156,1.432323,-1.2245433,0.9264369,1.6518643,0.60500354,1.0043876,0.78624195,0.6892616,-1.1268034,1.9968613,0.63509685,-0.9481243,-0.2640691,1.0820222,1.07026,0.6994205,1.0726787,0.34435332,0.07475443,2.0434928,1.5108649,0.7356906,0.47495198,1.7425822,-0.27749074,1.6728927,0.89339304,1.369134,0.10328497,0.67798626,0.6692568,1.3482604,2.500552,-0.8811272,1.3768778,0.5038301,-0.1071052,1.2825962,0.27493727,1.2695683,1.2282889,0.44611007,0.41609657,-0.17386557,-0.20920277,-0.15290867,-0.24851093,0.34429622,0.8340371,0.729472,0.39389038,0.3725202,-0.9794739,-0.046458364,0.99449366,1.1500428
-0.52450085,0.81374425,-0.9212554,-0.09621241,-0.0106342295,0.80950886,0.9914335,0.07197697,-0.012504555,-0.44843286,-0.9858044,0.27599427,-1.2324314,1.0902419,0.6514864,1.2015109,-1.0975412,1.520652,-0.031087875,0.30009067,0.99889004,0.115200624,0.9349898,-0.9704775,-1.2277222,1.6690705,1.3389413,1.6900145,-1.1502277,-0.27074394,0.9077928,-1.7755626,-0.18566799,1.173041,0.59623706,-0.5735844,1.3094362,0.52717525,-1.2234876,-0.0007156404,0.4437567,0.2198845,-0.62833387,0.9678305,-0.6830312,1.3188999,-0.60102135,-0.036209673,1.1493726,-0.87059915,-0.4502317,-0.29859015,0.39156908,-0.667776,0.19409207,-0.10392753,0.44208702,0.30513516,1.442587,2.8132477,0.3719827,0.7158997,-0.02898296,-0.07209317,0.18369305,0.8739714,-0.1952776,0.14626485,1.1305287,0.5869555,0.9249777,0.0033005252,-0.67531955,-0.47224033,0.79717517,0.817515,0.07748863,0.68296266,-0.6911432,-0.5611047,-0.51065,0.41853672,0.40493032,2.5358102,1.0313212,0.007938208,-0.060339596,-1.6197693,-1.559266,-0.75497484,-0.18327233,0.6650809,-0.40033776,0.10696942,-0.23271452,0.8029493,0.060556203,1.4813472,-1.1063194,0.26594183,1.7693355,0.8697634,-0.5420892,0.6158805,0.5469193,-0.41354275,-0.74130213,0.6341561,2.7265282,0.98532474,-0.21995284,0.7189009,0.6143543,-0.7201447,-0.3735533,-0.22534601,-0.35208803,0.25439662,0.16681017,-0.5713667,-0.013120576,0.5948874,0.1169322,-0.87303054,-0.5133319,0.037869804,0.0944629,-0.18087144,0.11960656,-0.5742885,1.239322,2.2948058,-0.33988753,0.26110926,-0.13156466,-0.47784472,0.6018103,1.0010185,-0.17076908,-0.36801118,0.78882104,-0.26819485,-0.6948551,1.293121,-0.0360542,1.8228009,0.13743275,0.21639574,-0.8048975,0.6526453,0.616042,-1.202165,1.0083765,0.14453192,0.09419961,0.4531761,0.34281817,-0.29157335,1.0160085,-0.64904547,-1.1883157,1.0750103,1.006288,0.2686826,-0.63085985,0.1235048,0.4978283,0.4215703,2.022133,0.56371427,0.94346184,-0.17962688,0.13920952,-0.5176347,0.5619629,0.18684693,-0.47612396,1.5176882,-0.24208929,-0.049763754,0.45532322,-0.572379,-1.0372463,-1.1009818,-0.7512833,1.518936,1.2721113,-0.7260676,-0.60131586,1.4018694,2.4352016,0.008923754,0.30104265,-0.018993195,0.7324403,-0.2670605,-0.54292005,-0.042065337,1.8431703,-0.062902994
1.2921832,0.7561207,0.8535184,0.7073118,1.194252,-0.11398709,-0.5138215,1.3385674,0.61589485,0.9826533,0.58659697,-0.051417686,0.394191,0.75020355,-0.09745309,1.0856371,-0.19480063,0.31074488,-0.4753505,0.46016368,0.4081476,1.330922,0.8856697,-0.527003,0.21500222,0.44909105,0.7740982,0.35804284,0.3155664,-0.2023016,-0.26212105,0.514401,1.1042618,-0.0653608,1.2293421,0.33875415,-0.029800454,1.5507158,1.4764524,0.17513265,1.4404442,0.18781133,0.7726439,0.59449226,-0.31524655,0.61582404,0.90576893,-0.15417832,0.5014663,0.4762617,0.3764852,-0.013788581,0.5282871,0.019748693,1.0854565,1.9351053,0.57460374,1.2619395,-1.0054497,0.0063712187,-0.48721164,-0.44153023,0.6884781,1.084802,0.061402883,-0.5820121,0.51129806,0.617063,0.38749954,0.9151299,1.2042342,-0.47456115,0.48882306,0.7824115,-0.26224327,0.19100025,0.49393815,0.85665774,1.15016,-0.5859681,0.5623764,-0.10879504,0.4166191,-1.1523829,1.3925314,0.15030432,-0.83476853,-1.4322555,-0.124583244,1.0350066,0.058252342,1.2889739,1.0478663,0.948115,1.274519,-0.57564545,0.19749966,-1.262056,0.5717216,1.9044796,-0.5679345,0.3233125,2.0489748,0.18462601,1.0527874,-0.7859911,0.72234297,-0.8647445,0.79517627,-0.039544225,-0.60286474,0.7120835,-0.043623928,0.9102293,0.5106485,1.1611203,1.6197611,-0.25748286,0.74652225,1.0928253,0.39295626,0.2084776,0.40478346,0.15643162,1.1474057,1.081201,0.76664984,0.5082241,-0.8179215,-0.24227123,0.3167696,-0.07354467,0.464131,-0.73277223,0.95049745,-0.90599936,0.9510232,0.21426356,1.3060875,0.49253708,0.71601206,1.2459003,1.3908039,0.55749047,0.807606,-0.13258809,-0.027586255,1.2602465,0.0070703626,1.2852368,0.72857976,0.8864315,-0.3305076,2.176184,1.1274245,0.1297719,0.21676108,0.6755567,1.3448236,0.3351779,1.3998266,-0.2945667,0.9484028,0.96049863,0.22320296,0.7415791,0.6700443,-0.14917682,-0.13735363,0.30365205,1.4087209,1.6412584,0.4834562,0.7842938,0.16024108,1.7475028,2.0162318,0.16294922,1.0053545,-0.6676025,0.75492465,0.46809024,-0.067107536,2.6235197,0.7909781,0.2640913,1.6571605,0.17011656,-0.4183582,-1.173514,-0.09942167,-0.14322793,1.0835211,0.9255752,0.2702178,-0.44332522,0.2821041,0.6029611,1.264509,0.62734264
-1.0530269,-1.1993583,0.029225763,-1.0209911,-0.7077942,0.12537518,-0.7148386,-1.1058198,-0.76707435,-0.7061785,0.26743838,-0.85128546,-0.6697705,-0.73321897,-0.26826707,0.30977228,-0.039962754,-0.9292936,0.28400669,-0.72513616,-0.79100394,-0.70802015,-0.22129019,-0.4825233,-1.3732162,-0.51451737,0.20382778,0.5210617,-0.15603447,-0.4048697,-0.1775975,-0.5551037,-0.9800806,-0.6116355,-0.501432,-0.62885886,-0.29763424,-0.2039968,-0.12915559,-0.65740967,-0.72795796,-1.2396607,-0.87449694,-1.0054506,-0.46355665,0.122249335,-0.62892497,-0.72666925,-0.2774211,-0.8274741,-0.61595,-0.25526333,-0.9636608,-0.05754053,-1.3063016,-0.7061228,-1.0909685,-1.1143239,-0.06949702,-0.5269062,0.14532076,0.14928854,0.12614664,-0.4467563,-1.4838212,-0.30348006,-0.9893084,-0.665082,-0.8192937,-0.32622272,-1.1450917,-0.5159681,-0.5775853,-1.2000651,-1.1452228,-0.9206079,-1.2164392,-1.000253,-0.6508281,-1.1093175,-0.42261595,-0.21824275,-1.1319873,0.075858325,-1.1729047,-0.24671331,0.3128052,-0.02107656,0.6020196,-0.06040942,-1.285206,-1.0125581,-0.73351496,-0.93087506,-0.43562576,0.05104927,-1.2525506,0.27271613,-0.6107199,-1.0099918,-0.70270646,-0.9184536,-0.8103765,0.12655303,-1.2822798,-0.7801639,-0.24616748,-0.6022839,-0.40878788,-1.0947409,-1.1550454,-1.1690617,-0.19759326,0.04470422,-0.89251196,-0.82911783,-0.023859166,-0.55143523,-0.33891392,-0.43912038,-0.7589838,0.24013367,-1.2900604,0.31197658,0.12934075,-0.99704814,-0.55518454,-0.17826594,-0.02578686,-0.11525555,-1.1575592,-0.6998639,-0.44496378,-0.13404399,-0.25185487,-0.005420476,0.059642773,-0.87084377,-1.1550125,-0.73930734,-0.6296424,-1.2066771,-0.95770454,-0.5080642,-0.96501756,0.46631786,-0.109891355,-0.9204317,-0.5509278,-0.8823685,-1.002622,-0.2957321,-0.435781,-1.0615559,-0.76277655,-0.87024784,-0.7501745,-0.7559929,-1.0275934,-0.8484591,-0.8818679,-0.74643075,-0.28628343,-0.7149399,0.2189188,-0.66509795,-1.2879831,-0.5892525,0.043288715,-1.1188164,-1.2158357,0.300256,-0.4354598,-0.5224872,-0.17843649,-0.9838919,-0.9279917,-0.6046753,-1.0554489,-0.325565,-1.3409797,-0.57126606,-0.5561643,-0.8308185,0.4401816,-1.311133,-0.90352356,-0.26797262,0.13219053,0.12986872,-0.8348773,0.31567442,-0.89143676,-1.2921649,-0.90608335,-0.35765484,-0.055163536,-0.6606901,-1.1922609,-0.97643554
-0.25236166,-0.33316568,0.03601263,0.09401082,-0.060370535,-0.14869283,0.79645765,0.27573523,-0.11750378,-0.3740232,0.03914212,0.5653959,-0.6614976,0.2991898,-0.35257763,-0.16683713,-0.9630556,0.32995805,0.15733099,-0.26739374,0.24430299,-0.18575561,0.1084364,-0.79299253,-0.7768176,0.6791708,-0.47927383,0.30105555,-0.34326783,0.6562346,0.06346006,-0.70359284,-0.25617445,0.1334025,0.31727964,-0.32467613,-0.5956305,0.63588923,-0.17074478,-0.56585544,0.41059145,-0.8284161,0.3102831,0.82253855,-0.07643899,-0.020685835,0.10194875,-0.21078354,0.17230275,-0.1248484,-0.14766562,-0.53907764,0.17601955,0.19187483,0.15124764,0.56251955,0.712578,0.462604,-0.27990326,-0.15982291,-0.06946577,-0.25420007,-0.6137785,-0.21467975,-0.68252116,0.55880654,-0.4209384,-0.46140152,0.0824425,0.5428753,0.14805923,0.31798425,-0.41666543,-0.0029962957,0.2895819,-0.023933804,0.16577174,0.16976134,-0.17179444,-0.6492703,-0.3776691,-0.5257544,0.14754619,-0.38915044,0.42867547,-0.89072114,-0.49298143,-0.066921726,0.25906208,0.70394427,-0.22129431,0.60517234,-0.054350644,-0.06278142,-0.15691736,0.4160662,-0.02868125,-0.04066783,-0.13391139,-0.056729656,0.6532317,-0.75162756,0.12958267,0.048592336,0.33408448,0.17430593,-0.5305381,-0.85601664,0.8681683,-0.13271447,-0.81584257,0.17906882,-0.68924403,0.03718678,0.4921585,0.13511223,0.70536494,-0.40785316,-0.6211214,0.16544315,-0.519293,0.1110742,-0.2174678,-0.0033475794,-0.013761057,-0.040515617,-0.37578988,0.121675104,0.101947255,-0.00030032126,-0.1373001,0.17089438,0.26172227,0.1422386,-0.21192645,-0.34105876,-0.5289397,-0.15236467,0.26943764,-0.3331616,0.50013655,0.25478354,-0.22068343,0.7717075,-0.08640175,-0.33037657,0.01607686,-0.20377229,-0.07759872,0.46811137,0.118610136,-0.20223497,0.9162631,0.3516188,0.13838786,0.43862125,0.50998247,0.30665427,0.6556997,0.4789736,-0.04433235,-0.14457667,-0.11875601,0.30762473,-0.4074957,-0.023841491,0.20696586,-0.5201045,-0.3357674,0.18205607,0.44259322,-0.55555946,-0.28940052,0.0069264015,-0.563151,0.5733457,-0.15638304,0.31212094,-0.015736265,-0.14876723,0.157835,-0.37850267,-0.92773724,-0.17734803,-0.22515273,0.37647885,0.8346459,0.35119748,-0.28716546,-0.712049,-0.08780894,0.9936315,0.11867876,-0.107538134,0.06146315,-0.57795405,-0.05843774,0.34998468,0.5935136,-0.19810055
1.7006278,0.6196181,0.3947117,1.279263,0.9504011,0.27537358,-1.4738342,1.6788288,1.1645024,1.1244038,0.6115704,-0.7088227,0.13415982,1.0041564,-0.3230411,0.94563055,0.6264883,1.5428655,1.2305062,0.96101224,0.008293578,1.113638,1.8874434,0.23190878,0.5588057,-0.3396438,0.49565926,-0.539314,0.7284729,-0.051243663,-0.86580056,0.7873394,1.4534447,1.9565085,0.8607741,0.31003502,-0.9924368,1.7729104,0.6598422,0.2169806,2.3073165,0.23089759,1.3976735,0.8191965,-0.3604282,1.2009039,1.6502984,0.11379439,0.40844798,0.35619482,0.7376872,-0.91814536,0.92111295,0.37730542,0.8489304,1.3388526,1.4891461,1.4423141,-0.375498,-0.83893114,0.22252803,-0.54405594,0.12561402,0.7958236,-0.42458886,0.5245444,0.404037,0.30682397,2.264146,1.042719,0.60022,1.2874112,0.15711172,-0.8709808,0.90732545,1.2945505,1.6067901,1.7464112,0.8261104,-0.80864614,0.089323916,0.3124552,1.7009436,-0.15019453,1.1936569,0.04078585,-0.14489982,-0.022621498,0.24795355,0.60743684,-0.049003214,-0.5652951,1.1640568,0.28135478,1.5766715,1.1637676,-0.5562537,-0.8313729,0.644401,1.5085002,0.47587883,0.33171576,2.008366,0.21056965,0.99650526,-0.2723377,0.502933,0.32510588,0.12194686,1.4984154,-0.13672744,0.8583845,-0.59529674,0.440119,1.4668453,1.3597479,2.4215102,0.6070608,0.5139416,-0.09754024,-0.14484225,1.0544468,0.86813235,-0.2993495,1.3839287,1.2438899,0.7433051,0.8930302,0.9303593,0.2596674,0.42283487,0.017697819,1.4985921,-0.6952354,-0.18204139,0.051073775,-0.9918927,1.3201916,1.9005773,1.0383314,1.0405519,0.90591687,0.74839807,-0.484464,0.63297683,-1.0121037,0.6758394,1.4269717,-0.005854577,0.62209696,0.8487568,1.8284901,0.25525612,1.9931518,1.1150136,0.5154732,0.11675414,1.3421108,1.8900037,0.54924774,1.2268568,-0.08933241,0.84174246,0.6549602,-0.61576855,0.4927479,1.4494721,1.4688734,-0.016684942,0.12293056,0.8539052,0.8174037,0.19871862,0.3054918,-0.1694623,2.344673,1.925125,-0.79366374,1.3902051,-0.71883893,1.0021662,-0.023559727,-1.2080079,2.1096342,1.1874171,1.0743123,1.3210753,0.014312154,3.1660514,0.18535033,1.2218785,1.3335029,1.6349905,1.1065505,1.1644183,-0.2356383,-0.07607764,1.9140263,1.751806,1.3222634
-0.14319296,-0.1319659,-0.09901574,-0.35376266,-0.30048594,0.15544976,-0.33851528,-0.163811,0.21351373,-0.108198866,-0.02839047,0.050569706,-0.7195983,-0.16583592,-0.025061192,0.601602,-0.24478504,0.057806805,0.53666204,-0.10721977,0.038067006,0.47201145,0.39790115,-0.08865551,0.2974135,0.579831,0.60970926,0.82496136,-0.24677746,-0.0521217,0.20932734,0.43983352,0.090921514,-0.26511252,-0.7037044,-0.33045483,0.39711848,0.5276236,-0.19347584,-0.087112136,-0.12372823,-0.11661713,-0.024918025,-0.7775412,-0.027177885,-0.15419392,-0.13200146,-0.0061038416,0.5062122,-0.38858175,-0.4529259,-0.25814778,0.24615934,-0.24655065,-0.22229578,0.7188227,-0.34773332,-0.41004625,0.26804766,0.5169623,0.3481186,-0.48985162,1.0077251,0.24531245,0.32236567,-0.07087505,0.025220692,-0.1485087,0.55361575,0.026609467,-0.46909553,0.030955411,0.5127748,0.43144923,-0.10066144,0.21742724,-0.5049547,-0.063808076,0.22456962,-0.08169113,0.3003958,0.23634283,-0.29126954,0.46248516,-0.16931942,0.75421685,0.17019047,-0.06339258,-0.498547,-0.41509643,0.26390713,-0.56670785,0.060742237,0.6553284,-0.5459714,0.17093441,-0.08497403,0.06368868,-0.116356656,-0.22099166,0.39181644,0.08865602,0.0034539714,0.06184133,0.19650725,-0.07052314,-0.099651515,0.88862073,0.65841115,0.40114793,0.31816328,-0.012122482,-0.16240378,0.16161454,-0.12888779,-0.5305045,0.057469495,0.1992117,-0.18440737,0.13526213,1.1717726,0.57844293,-0.24531706,0.02593647,-0.25113654,-0.28893754,0.882101,0.8606544,0.40939626,0.2652132,-0.11882438,0.3984854,0.294816,0.7906367,0.57511693,-0.32964572,-0.4404141,0.67411387,-0.34650597,-0.024206925,0.516755,-0.08688699,-0.32073495,0.7627202,0.029881647,0.41439185,0.19741654,0.05842952,-0.26123768,0.41037327,-0.30942592,0.17374328,0.08841965,-0.58578646,-0.17859381,-0.25421315,0.1332837,1.0526186,-0.003301615,-0.2774831,-0.33676666,-0.11477525,0.29364932,0.43619254,-0.23502213,-0.72033095,-0.1521334,-0.2945465,0.17291093,0.18934208,-0.66081995,0.73322535,-0.10565615,-0.035439298,0.2976943,-0.047159895,-0.30603546,0.50429046,-0.13188227,0.20943664,-0.11941169,0.22746769,0.042051822,-0.34110126,0.025864802,-0.2423833,-0.21525489,-0.18796687,0.25308532,0.15141231,0.98116314,0.053415306,-0.27787146,-0.117263794,0.090401456,-0.48039848,-0.29356074,-0.061101332,-0.1472219,-0.14847285
0.15140049,0.4058729,0.06807943,0.43751633,0.64454836,0.06516864,-0.16500045,0.40726545,0.20264289,0.32123092,0.79605836,0.41369215,0.68399644,0.1464503,0.017737957,-0.15315774,0.30984128,0.238476,0.44458503,0.48992217,0.865201,0.3618695,0.57168734,0.7404048,0.40128368,-0.23328847,1.1652873,-0.021807872,0.80458355,0.78433853,0.48047224,0.8278076,0.29165918,0.46027118,0.0467766,1.063345,0.19744289,-0.5506261,0.57951325,0.89228064,-0.5149257,-0.032301866,0.8210787,0.22333631,0.52735615,-0.04293877,0.6545583,0.8541986,0.28439203,0.89501,1.0868126,0.49792472,0.8785723,0.4935331,0.009791659,0.03471624,0.42208713,0.787555,0.1174096,0.58057994,0.8158225,0.38289258,0.34960964,0.69314826,0.6835082,-0.29248762,0.99604255,0.13233222,-0.22088075,-0.58895403,0.19564547,1.0637326,0.9709099,0.8101696,0.5189486,0.9365103,-0.23950046,-0.06050191,0.9499103,0.51880985,0.6811406,-0.7013155,0.2924355,0.0035244524,-0.20211647,0.418495,0.11279681,0.41878933,0.4594898,0.0034910068,0.8003061,0.3234002,0.35565546,1.1496563,0.43485868,0.77799207,0.20548385,0.3326785,1.1220284,0.26644373,0.049105078,0.5479138,0.3106919,-0.34607434,0.7597815,1.0161732,0.20627654,0.38060218,-0.81197166,0.6207892,0.84248066,0.44491976,0.8905735,0.18419944,0.9966589,0.6853741,-0.087869525,0.2997086,-0.29763746,1.1650432,0.6807296,0.1235263,-0.025879312,-0.22037436,0.37519595,0.72727716,0.4235621,-0.123833165,0.55420184,0.35289666,0.24348094,0.04879851,0.25996724,0.47980845,0.39122683,0.5782555,-0.07090235,0.46857306,0.2876232,0.6075016,-0.097941436,-0.083519414,0.44109902,0.026321115,0.85605884,-0.47735336,0.7945607,0.47894803,0.7477848,0.22402443,0.9816657,-0.22703466,0.17187518,0.27798903,0.29131225,0.34215423,0.37279654,0.4051496,-0.10687479,0.18111116,0.47573233,0.73693126,0.52246195,0.79706556,0.8619049,-0.11966057,0.7327081,0.5473361,-0.31673503,0.901955,0.10994966,0.52650195,0.49923396,0.9374803,0.0031920243,0.35842693,0.35243917,-0.11591216,0.52655375,0.94614506,0.40562838,0.94790214,0.71830595,-0.6956892,-0.03575412,0.79544157,0.038234774,0.23624857,0.07961305,0.27904022,0.04472739,1.2262721,0.061241563,0.14735185,0.022288952,0.611408,0.32129174,0.19400185,0.06682185,0.4567705
0.3579666,1.422804,-0.46699354,1.1498204,0.8936898,0.007192836,-0.13146687,-0.023867823,-0.14879763,0.65495104,0.66573215,-0.52300864,1.3906684,0.47086018,0.19937728,0.046929263,1.2997389,-0.45273954,0.19884896,1.3476796,0.60961705,1.4063,0.008803178,0.6445074,1.3987223,-0.98380816,1.5680196,-0.3221326,1.5530258,0.93816465,0.5672275,1.2300528,1.102236,0.44108382,-0.027390204,1.1493284,0.3383277,-0.7290105,0.48294458,1.7082126,-0.6027414,0.9840439,1.1838915,0.5226285,-0.057884254,-0.65186554,0.96498173,2.2337675,0.76582307,1.1921722,1.5259345,0.45699975,1.5547402,0.45079523,0.21669829,-0.067676865,0.7788037,0.8880777,0.9338721,0.21974207,0.43980098,0.48754278,0.46120748,0.9237891,1.1925371,-0.592841,1.4647253,0.81003284,0.6265173,-1.660414,-0.33972806,2.203781,1.6560161,1.2352413,0.24495141,1.3030809,0.77050275,0.3557567,0.8391897,1.2731912,1.076145,-1.3772829,-0.45337692,-0.30458313,0.166685,1.3294877,1.8067741,-0.17747922,0.65275496,-0.028635956,2.12159,-0.16803846,0.5447116,1.326844,0.30536333,-0.61716074,0.4468654,0.5489502,0.68651706,0.25731555,0.5152677,1.0839725,-0.1965613,-0.9329208,1.6245419,1.6974969,0.7490567,0.8405779,-1.1817691,0.8192443,1.7854894,0.20525818,1.7482345,1.3030958,0.4559663,0.7451215,0.735029,0.37069878,-0.96645135,1.1464341,1.0968691,-0.9384756,0.45763764,-1.0496539,0.2318698,0.7517853,1.1338097,-0.42423457,0.28698194,0.20337315,0.22819224,0.38806418,-0.18934798,-0.14078486,-0.06687473,0.06423542,-0.13451764,1.4499452,-0.072911866,1.4278895,-0.19307487,0.826596,0.49366727,-0.556785,0.5035921,0.5240506,1.2880869,1.2191687,1.3875418,-0.035909817,1.2941916,1.8750523,-1.1282607,-0.36580622,0.43439895,0.9379031,0.19563057,0.88272727,-0.65456325,0.3114918,0.51320505,0.8482354,0.5025497,-0.57838994,0.44125095,0.27895185,0.82099885,0.88956773,0.06875142,0.50728655,-0.079206795,1.1069728,1.0915004,1.1982076,0.64656246,-0.3471786,-0.35015386,0.8724057,0.25942996,0.5186279,0.9413868,1.1695501,1.3393055,-0.2629598,-0.5644029,0.68276584,-0.49843502,-0.0100335125,-0.15542474,0.93822277,1.3420645,-0.476183,0.91978616,0.59323967,0.2262319,1.048681,-0.44400114,0.86894476,0.049483363,1.1067864
-0.04023921,-1.0804745,0.30325344,-0.5151112,-0.72697276,-0.525066,0.84644234,-0.79654336,-0.778335,-0.576227,-0.2952493,-0.10625718,-0.67571884,-0.1357655,0.39525935,0.23635027,-0.35083368,-0.65221167,0.35443375,-0.93872386,-0.02332834,-1.1030837,-0.62718457,-1.0438782,-0.36393082,-0.16354431,-0.45236704,0.4532314,-0.5982394,-0.6402316,-0.28699115,-1.2292535,-0.7046284,0.13486971,0.26426986,-0.7181512,-0.19116552,-0.04940269,-0.9619692,-0.9210697,0.046974644,-0.67456305,-0.09843478,-0.52340955,-0.5704419,0.1113143,-0.81734633,-0.88109887,-0.21230108,-0.96851563,-0.9461383,-0.623673,-1.013733,-0.17878857,-0.0068869274,-0.30038923,-0.1865468,-0.99373055,0.4663996,-0.2928673,0.15366924,0.6596182,-0.1038652,-1.0959027,-0.7969393,-0.30263528,-1.1278499,-0.8956403,-0.1841459,0.3426093,-0.07882522,-0.4813854,-0.64058733,-0.69414675,-0.57911736,-0.81884706,-0.45943683,-0.13677917,-0.9809842,-0.8002248,-1.0152048,0.5476538,-0.72428775,0.018933818,-0.30536938,-0.39020315,0.05347042,0.13444532,0.07396084,0.09032185,-0.51946807,-0.1147965,-0.5504426,-0.4750141,-0.8316732,-0.41986844,-0.45460308,0.11276523,-0.97689056,-1.2317637,0.4154135,-0.41361958,-0.83994114,-0.047752284,-0.45985827,-0.52425504,-0.9446213,-0.1876392,0.34848508,-0.51060003,-0.4869039,-0.5913007,-0.6368583,-0.1606928,-0.7203093,-0.409248,-0.0123392865,0.015287647,0.40223756,-0.7500865,-0.42563584,-0.54048574,-0.075770184,-0.21969134,-0.37709516,-0.81617695,-0.6029169,0.2799664,0.8032036,-0.35926446,0.39459896,-0.315892,-0.80517685,-0.3719513,-0.4815823,0.5466486,0.21610811,-0.6562464,-0.45833278,-0.5971738,-0.4240652,-0.5665559,-1.0388373,0.08168824,-1.1330872,-0.09000353,-0.8482821,-0.5544246,-0.6202511,-0.87937564,-1.0410732,-0.5320268,0.06105993,-0.309846,0.1367754,-0.39836362,-0.14280516,-0.6813691,-0.3514782,-0.5463425,-0.63769877,-0.6840227,-0.8332836,-0.57801586,-0.07474754,-0.8469551,-0.22186846,-0.7564085,-0.2831391,-0.8118721,-0.13043799,-0.052552193,-0.2081473,-0.76975834,-0.7249421,-0.5795578,-1.1203614,-0.33369538,-1.0632241,-0.2807466,-0.3203245,-0.71287394,-0.57681066,-0.20190465,-0.5433008,-0.4445325,0.18307312,0.33949122,-0.07672204,0.01428733,0.34844443,0.45233786,-0.79805547,-0.42143354,-0.34251064,-0.8863208,-0.14273101,-0.26290968,-0.38993183,-0.9637277
0.05301985,0.44005582,0.049664237,-0.37585136,0.19061722,-0.8417262,-0.16193296,-0.20296949,0.0078522265,0.5513476,0.116362825,-0.48019537,0.5130206,-0.19203362,0.6311807,0.4952202,0.5286442,-0.6008797,1.173975,0.62175333,0.054398708,0.8875077,0.17419492,0.6714944,-0.5612051,0.32658452,0.73276806,0.42348388,0.22425826,0.29092202,0.121407755,1.1277093,0.67329556,-0.11961463,-0.716966,0.42188197,0.6668252,-0.04476536,-0.03265632,0.9469232,-0.85895383,-0.2561597,0.8569459,-0.20079625,0.2754949,-0.200354,-0.048498884,0.79435706,0.7618148,0.24552459,0.48077586,0.20256376,0.78560513,-1.6232107,-0.16049771,0.43534946,-0.5634298,0.10817075,0.4866855,-0.1658417,0.28840536,-0.7072388,1.5040865,0.33530766,-0.15946557,-0.6580875,1.4287814,0.4213694,-0.5415837,-0.68531585,-0.86305654,0.8257255,1.1987128,0.67817205,0.050601088,0.20757861,-0.13246827,-1.1109613,1.0326291,0.5462172,1.234131,-0.4042687,-0.41426155,0.7877544,-0.28302777,1.4444846,-0.36542594,-0.9400424,-0.22754465,-0.55043596,0.6445779,-0.40512908,-0.7346941,1.580854,-0.82140595,-0.46424803,-0.15028377,0.88986284,0.21927942,-0.10405536,1.1024538,0.018263657,-0.01293212,-0.57942283,0.3783279,0.3874421,0.6514728,1.1265903,-0.47257245,0.23214227,0.6480271,-0.09170605,0.8987258,0.06390645,0.27744687,-0.21523622,-0.14446233,0.14653882,-0.08295952,0.71462786,1.6155319,-1.0289828,-0.6163267,0.075738534,-0.58158815,0.16418087,1.2392288,0.57179475,-0.22506236,-0.11796327,-0.24874406,0.115336925,0.07045712,-0.31325144,1.1356549,-0.14803363,-0.15932055,-0.35028285,-0.8976718,0.9276131,-0.021495413,-0.18458615,0.03319709,-0.075840846,0.78835034,0.3354914,0.06633064,0.8278208,-0.23491883,0.22515732,-0.23699051,0.12302552,-0.49788594,-0.77050304,-0.14458743,-0.0068149446,-0.19669533,1.1879895,-0.39598143,-0.43062663,-0.063518584,-0.7826141,-0.2518236,-0.041706014,0.015848722,-1.0805732,-0.20180707,0.22663514,0.43718398,0.086153865,-0.58356935,1.3235809,0.020767815,0.60084003,1.3235813,-0.5277071,-0.29467374,0.64141685,0.052237496,0.14548837,-0.45602125,0.8881869,0.7639734,-0.68699676,0.124140225,-0.3925008,-0.74278384,0.4034162,-0.39226273,0.02851455,-0.033938166,-1.0123322,0.021931052,0.15196915,-0.31162295,-0.16372734,0.4427553,0.17167865,-0.4876311,0.461742
0.040405944,0.06356694,1.0548133,0.67986137,1.6979978,0.7172451,-1.424463,1.9442564,1.1925967,1.163002,2.5362527,-0.47619697,0.5584131,1.1399169,0.52335566,0.68300426,1.132968,0.912274,1.0457628,0.14740285,-0.5297945,1.0066491,1.8761436,0.6280201,-0.06132735,0.26595715,0.912872,-0.8791215,1.7497287,0.069321476,-0.45013407,1.6222801,1.5027192,0.4214464,-0.3931192,1.0757977,-0.32505476,0.5373349,1.0789332,0.66474605,1.1193575,0.24730726,0.86352056,-0.26638675,1.3326644,1.1020324,2.2443266,0.67171186,0.61146474,0.8313433,0.6357419,-0.053515293,0.8562948,0.61584806,0.037611537,1.5709684,0.11073638,1.1975777,-1.0329788,0.16660145,-0.065001056,-0.28664178,0.7915826,1.2981089,0.42926627,0.5610513,1.11487,0.43867207,0.5498655,0.5362303,-1.1223061,1.1606991,1.1281136,0.025269583,0.411179,1.0309676,0.80011517,0.13413833,1.4161288,-0.10410608,0.6356689,0.56961036,1.1488929,-0.6476856,0.270769,0.037153304,-0.70519674,2.3338935,0.03823028,1.4994862,0.94539875,-0.6327899,1.5634508,0.50831443,1.1772033,0.88959634,-0.12582032,-0.75095457,1.7059331,1.8082998,0.40787828,-0.07709356,2.450523,-1.0471606,0.66395485,0.19339262,1.1569331,0.4668786,-0.52044785,1.1449217,0.55014,0.22626537,-0.08903246,-0.7521364,1.1978579,1.1934081,0.49472854,-0.121909656,0.34276712,1.187583,0.4546519,1.1823958,0.40509593,-0.22501269,1.6910423,1.6146201,1.1027311,0.22389,0.8415952,1.3989595,-0.8359175,-0.7507406,2.0612526,0.1274451,2.1247354,0.025168478,-0.10033683,0.5598399,1.2123907,0.9867602,0.85708874,0.48802355,1.102299,-0.21589793,1.1382766,-0.5348886,0.47103608,1.7011354,0.47867212,1.1110705,0.46497285,0.91206825,-0.45397604,1.194744,0.04589762,0.17413001,0.29908895,1.2104435,1.5694077,1.2098886,1.757126,0.49725214,0.07631974,1.8744246,0.508587,-0.107553676,0.07620475,0.5994707,-1.4748557,0.6820379,-0.10700698,1.8547446,0.5934767,0.8173932,0.53089637,1.6957417,1.8330301,-0.5535831,1.5437217,0.0010869224,0.16832517,0.9783578,1.1001354,0.996433,1.7246549,0.5827542,0.16793875,0.52836,3.0393312,0.77230704,0.4264715,1.5067664,1.0213004,1.0787584,-0.32938102,1.0200125,-1.2470357,2.100878,0.7124893,1.7440896
-0.061238185,0.4654936,-0.9207035,0.33246213,0.15063582,-0.42380196,0.5055606,0.35457852,0.5561483,0.10095267,-0.18573593,0.9582632,1.0007932,0.5164439,0.9230757,-0.7064176,0.08540738,-0.42275348,0.8609969,0.3038155,0.637984,0.23280653,-0.08586868,0.8989242,0.065630056,-1.8986484,0.8957537,-0.3185801,0.11299984,0.15136448,-1.6870522,0.42981675,0.6185792,-0.38341707,-1.6378045,0.24523757,0.7869195,-0.39422575,0.23788486,1.100065,-1.2493843,-0.32057282,0.28022712,-0.85232073,0.4843138,0.0031478722,0.4276783,0.059755944,-0.3736477,0.9969752,-0.2434402,1.53169,0.15636414,-1.1197555,-0.5672672,-0.7747013,-0.38503864,0.4286533,-0.060428172,-0.9427043,0.40046534,0.22219226,-0.551003,-0.12066312,1.1495326,2.0848284,0.15584159,0.37911242,0.6160527,-0.8541401,0.16478497,0.7152569,0.1372998,-0.067761585,-0.3878603,-0.4465239,-0.20683086,-0.37152895,0.7207971,1.4907591,0.25589067,0.08497011,-0.18528236,0.4807306,0.0850315,-0.1812793,1.0120864,-0.60816586,1.3681136,-1.2552776,0.3933748,0.14039816,0.0034036874,-0.21092786,0.5054449,-1.405622,0.8354814,2.0914145,0.07791172,0.09946314,0.42739034,1.4993615,0.088252805,-0.113155834,0.3847961,0.32670426,-0.19333039,-0.4815501,-0.00373842,-0.06575909,0.2689535,-0.33846796,0.8705276,-0.79909235,-0.31392288,0.07968509,-1.5197545,-0.5362376,-0.30775648,0.5984866,-0.8444323,-1.4049369,-0.23871534,0.73271716,-0.16080667,-0.37775132,-0.49165994,-0.07355894,-1.0019721,0.5754208,-0.77404135,0.005514711,-0.080894016,-0.75106317,-0.7878585,0.83893013,-0.99998593,-0.5247994,-0.094839044,0.35112137,-0.40602675,0.15974003,1.175617,-0.57125056,0.014268508,1.2847639,-0.26599544,-0.19666079,0.37087104,-0.49895212,-0.14668672,0.63097936,-0.76642925,-0.22886412,-0.3577537,-1.1791732,-0.637673,-0.3449766,-0.2591532,-0.60863954,0.79471767,-0.14554816,0.10492055,-0.2483988,0.10283602,0.5078571,-0.32676643,0.8925173,-0.41634852,-0.19012988,-0.82503355,-0.17320174,0.5137889,-0.30946404,0.95053923,-0.0020264108,0.02041198,1.0725476,0.45956746,0.077037394,-0.0267274,-0.13415304,-0.20059898,-0.59167194,-0.5759686,-0.033958614,-1.4643977,0.7269311,-0.7580235,1.5384473,0.17587006,-0.1969873,0.15660822,-0.22520444,-0.287688,0.70962805,-1.0892007,0.023875726,-0.99278283,-0.14062789
0.33450443,-1.0336677,-0.35809892,0.5155115,-1.1435573,-0.1920603,2.2529387,-0.06589164,0.19441426,-0.9260244,-0.69597834,1.9963081,-1.9034245,0.17738518,0.224011,0.937382,-1.1628224,-0.16051723,-0.14799964,0.101789504,-1.1305668,-1.2827874,-0.20517364,-1.1900754,-1.3327935,0.15178195,-0.1306512,1.4392496,-2.0081832,-0.657052,0.28735012,-1.649678,-0.187865,0.3766242,0.99137825,-1.2612343,-0.30395788,1.1869941,-1.4320189,-1.5774589,0.38874373,-1.8278617,-0.8147635,0.8770297,-1.395065,0.36750153,-0.9652576,-1.4535215,-0.09762506,-1.3957429,-1.6887983,-0.057418443,-0.9433562,0.81905746,0.3593431,0.1305488,0.65015155,-1.0217898,0.9339577,0.7123003,0.39486882,1.1097564,-0.27152386,-1.546319,-1.4128911,-0.059297495,-1.31138,-1.9256305,0.38534412,1.4644641,1.1656244,-0.32967708,-1.130285,-0.68207,0.045825347,-0.359992,-0.24166475,0.14275011,-1.4172235,-1.3654742,-1.649296,0.3361258,-0.0101327505,0.88340294,0.53951937,0.0027188975,0.11643489,0.34841645,0.7258087,-0.46669582,-0.5115279,0.9101028,-0.8865776,-0.32206425,-0.72478205,-0.36901048,-0.1684551,1.052103,-1.6346159,-0.6246404,1.7902094,0.29101795,-1.0249662,0.98611486,-0.6083941,-0.5836779,-1.5284607,-0.721742,1.9664363,-0.41283348,-0.6060564,-0.09959167,-0.99175817,-0.57556885,-0.8453065,-0.65476745,0.10906652,0.8194188,1.3662924,-1.1675915,-0.23489419,1.2147676,0.8510576,-1.055914,0.001510771,-1.0297083,-0.2720451,2.1410751,-0.28770697,-0.12601204,0.7527255,1.3830398,-0.47156173,0.49452597,0.34083527,0.48771256,0.035593223,0.09716102,0.14557736,-0.62513405,0.56929,-0.85543734,-0.2486205,1.2324145,-1.0194885,0.7836386,-0.83715296,0.07943785,-1.7752775,-0.1564954,-1.2963232,0.27156198,1.5532157,-0.13661166,0.28363177,-0.30090806,0.54123175,-0.41650605,0.561292,-0.7199821,-0.57034564,-0.19948351,-1.3760005,-0.7584092,-1.1021891,-0.25297,0.45872027,-0.7499025,1.9137491,-0.13842383,0.15656601,-0.529037,-0.17422427,-0.82654285,-0.5865561,0.0066784304,-0.7003897,0.81846666,-1.477478,-0.34674153,0.10411865,-1.0372361,-1.071521,0.52025443,-1.7724391,0.14875771,0.7793725,-0.017600084,-0.6549117,-0.27943423,1.1947694,0.4293378,-0.18322197,-0.20833777,-0.2605604,-0.9636277,0.630983,-0.35425106,0.46187493,-0.89767504
0.36642867,0.81627,0.2787668,0.55942965,0.071782455,0.59629065,-0.46091765,0.009322815,0.4373565,0.46491757,0.40483186,-0.037226744,0.28561345,-0.011579771,0.8054576,0.0064607635,0.44045195,0.34148708,1.1199331,0.3696582,0.9741904,0.418382,0.5239092,0.7589819,0.08565008,-0.46645105,0.8360376,-0.06572699,0.7003317,0.40246233,0.17840204,0.52558273,0.3382701,0.7193303,0.036248982,0.56950605,0.9335637,0.3135112,0.104982525,0.35236278,-0.082892165,0.6755628,0.42406106,0.29169288,0.19973783,0.14882867,0.32388964,0.5265561,0.44043234,0.59451437,0.3991467,0.1507214,0.89306337,0.5965262,0.57415044,0.16388592,0.3068223,0.35913283,-0.16766824,0.8100843,0.73452723,0.6820935,0.7199871,0.40681946,1.0168756,0.5882007,0.59269994,0.6776258,0.77618027,0.6581847,0.4483364,0.6830404,0.54321516,0.37369078,0.24939175,0.88200766,0.08908877,0.5272423,0.54100925,0.8227439,0.98007005,-0.01879797,0.29231277,1.0361071,0.13378197,0.76496357,-0.023162242,0.16554685,0.38142937,-0.71620023,0.75620437,-0.08022781,0.32607004,0.79180664,0.19273403,0.38854715,0.3678239,0.4482843,0.7617203,0.061623972,0.16378428,0.85689604,0.006640078,0.30040315,0.5431695,0.14357215,0.48520896,0.8248901,-0.1441107,1.0104207,0.8163478,0.46865332,1.0449753,0.05108223,0.48799032,0.5790738,-0.19214801,-0.051131845,0.41842592,0.31376556,0.74015445,-0.17565008,0.49152637,0.19900814,0.27784216,0.5620352,0.3362326,-0.20167115,0.99857,0.4633008,0.23865776,0.7201268,0.26773238,1.1656077,0.13944113,0.8900187,0.2709576,0.8055813,-0.06463485,0.75788397,-0.019499492,0.59266627,0.2677373,0.3594352,0.25371403,0.009181845,0.45014483,0.42701003,0.59594464,0.43219364,0.6530051,0.2699281,0.04377642,-0.18143944,0.28893602,0.43896157,-0.59510124,0.5197667,0.037411764,0.04929003,0.015677314,0.51475424,0.90994143,0.8279768,0.81383574,0.3604864,0.5503887,0.7489212,-0.028025664,0.15029648,0.21904738,0.7271107,0.349595,0.94549096,0.47588867,0.4654915,-0.090077564,0.24160217,0.11573903,0.22004233,0.6661191,0.6593326,0.64168847,-0.52223307,-0.122346975,0.34090635,0.04830614,0.42914012,0.0966107,0.74975,0.96696854,0.43400043,0.313244,0.38683793,0.0722453,1.0336554,0.47716516,0.21126522,0.16427697,0.26345634
-0.26061907,0.5197974,-0.3380022,0.1954914,0.3927572,0.42154697,-0.34435987,0.047545098,-0.04965648,0.4780137,-0.239975,-0.38610575,1.075031,-0.202853,0.47822633,0.87174934,0.9111457,0.47383457,1.4042699,0.053903397,-0.3030151,1.1487056,-0.39313662,1.3008239,0.46566805,1.3889452,0.21462435,0.3030917,0.44438288,0.12759699,0.73620445,0.8043758,0.2580966,0.4390227,-0.28081736,0.66305846,1.1331719,0.31814846,0.41318253,0.799794,0.1830298,0.66191435,-0.614606,0.25463182,1.2959999,-0.7555606,-0.008256363,0.32851526,0.6590225,-0.049017884,0.12944615,0.89226854,1.0522305,0.771425,0.21239473,0.14208668,0.40870726,0.4916473,-1.0834138,0.6941468,-0.5207197,0.12588857,0.912476,0.005805576,0.8852815,0.29086214,0.58013165,0.9207366,-0.19455487,0.57028294,-0.04029341,0.458151,0.80782235,0.6901145,0.9798688,0.2653848,0.39804685,-0.22655457,0.42126912,1.04312,0.32475877,0.12088106,0.17493562,-0.8629862,0.1668596,0.41431245,-0.44505087,0.93459725,-0.8534168,1.4772516,0.7073412,-0.43527305,0.30635688,0.07652523,-0.31861687,0.7061598,0.6532234,0.01987559,0.43827885,0.545094,-0.325912,-0.82018363,0.30484396,-0.20576689,0.806185,-0.34642375,0.4425681,0.84857476,0.13685997,0.25175318,0.8288848,0.8772709,-0.17127205,0.28889853,0.859995,-0.042949498,-0.033889815,0.61444336,0.09898795,0.6346529,1.0733387,-0.52477556,0.7797595,-0.7846153,-0.0057952087,0.7054065,1.4873564,-0.28323975,-0.453127,0.18507327,-0.18876846,0.4893891,0.9711807,-0.25644186,0.7819637,-0.32778916,1.0273421,0.53481597,0.077599145,0.98571414,-0.03975142,0.5279188,-0.006220877,1.0999172,0.68985105,0.09221647,0.5752833,0.071476,0.23889959,0.23943144,0.35279825,0.42590606,-0.12276039,-0.11717665,0.0817285,0.4864073,0.91370314,1.4989178,-0.20665185,0.6175571,0.009487849,0.36337775,0.27167833,0.44635758,0.25094205,-0.24093151,-0.44646358,0.17202832,-0.22508878,-0.126358,-0.36341625,0.68604255,0.9888459,1.072998,0.3731803,0.25375277,0.15236916,0.6645958,0.6039931,0.19807161,-0.14624411,0.69098306,0.82019734,-0.33448926,0.22852665,-0.16064598,0.005302466,0.91641885,0.7148458,0.02456522,-0.77805567,-0.35699362,0.39322484,0.5970753,-0.07763322,0.26388466,-0.051239345,0.22968183,-0.032584038,0.41462
-1.0716716,-0.61128384,0.3052484,-0.83652884,-0.54000205,-0.8266116,-0.5780613,-0.3405713,-0.8364182,-0.8738086,-0.17479734,-0.2058427,-0.06509534,-0.89476806,-0.8569613,-1.2015926,-0.4967379,-0.54479027,-0.94039303,-1.3955439,-0.23963553,-1.3965892,-0.4621883,-0.2775666,-0.11784475,-0.4455053,-0.84839636,-0.9958051,-0.40885094,-0.08091316,0.043534566,-0.34943905,-1.0042092,-1.5101007,-0.9263623,-0.10181336,-0.5057215,-1.6518182,-0.052491605,-0.24174334,-1.2589432,0.06869213,-1.1063735,-0.8582663,0.6019401,-0.3007095,0.01795063,-0.14529715,-0.41318455,0.5027609,-0.15593049,-0.6838955,-0.898256,-0.45767483,-1.1960855,-1.1106356,-0.83704597,-0.3305474,0.4493315,-1.1884398,0.08591564,0.052764155,-1.2207057,-0.10398474,0.10285188,-0.36351287,-0.638336,-0.5619524,-0.5250311,-1.3785903,-0.50114995,-0.88102376,-0.98721254,-0.3870796,-0.51541775,-0.39348245,-0.8316851,-0.87849176,-0.8523159,0.21962096,-0.7642949,-0.018749645,-0.6026321,-0.17913029,-0.48452577,-0.8214291,-0.22742921,-0.8078531,-0.07279882,-0.7956831,-0.8246597,-0.8533374,-0.41749805,-1.1008437,-0.23423897,0.15067773,0.473136,0.026779626,-0.4397705,-0.6633661,-0.28126442,-1.1683946,-0.5933799,-0.49023098,-0.53830224,0.61802864,-0.26477715,-0.74412316,-0.9411412,-0.5424369,-0.81889397,-0.728526,-0.11358598,-0.5635873,-0.37149262,-0.5054414,-0.6809307,-0.70403904,-1.2384783,-0.5905095,-1.1381124,0.3065149,-1.0303985,-0.32218975,-0.5271214,-0.55710095,-1.4453704,-0.92220026,-0.7625155,-0.27700394,-0.52240753,-1.1477484,-0.2683798,0.4603327,-0.9364388,-0.8628095,-0.70476854,-0.90257233,-0.736039,-0.9166747,-0.69887733,-1.3035597,-0.068863265,-1.1205434,-0.30261263,-0.40673935,0.020343948,-1.1978407,0.5349933,-0.41655836,-0.33972955,-1.1267065,-0.42497563,-0.23895524,-0.99063706,-0.88102645,-0.1501167,-0.8970772,-0.5341865,-0.36145088,0.024019439,0.52027524,-0.55395997,-0.50748295,-0.7456101,0.025193501,-0.696195,-0.5054162,-0.7361111,-0.52714145,-0.76459605,-0.8350093,-0.03666149,-0.8293848,-0.65690994,-0.8290984,-0.43796986,-1.1270097,-0.46633637,0.37036625,-1.0963514,-0.61485,-0.5782729,0.01742122,-0.56963795,-0.87548745,-1.1014073,-0.93002814,-0.8153799,-0.21104597,-0.2946012,-1.0299115,-1.0704737,-0.24467209,-0.5125391,-0.053396333,-0.72454643,-0.7216164,-0.58060414,-0.047797926
-0.022555226,-0.3571228,-0.3727682,0.0059686434,0.008684105,0.16907287,0.3037471,-0.6982852,0.07972218,0.1474134,-0.34533438,-0.99002504,0.21609715,-0.30147186,0.23931111,0.1272349,0.7226121,-0.2403053,0.3456633,0.06698146,0.11501253,-0.37268305,0.11709994,0.15298381,-0.81838834,0.12662238,0.48840457,0.2414583,0.12886098,0.50436974,-0.32112652,-0.2909606,-0.43050736,0.8152498,0.1886529,0.06314713,-0.16354392,-0.18833575,-0.15268151,-0.31305155,-0.14206792,-0.35142517,0.37268627,0.09557121,-0.07395293,0.2818641,-0.40227848,0.18397559,0.25984877,-0.040782914,0.33552772,0.023386411,0.0940854,0.2687896,0.24845146,-0.07240848,-0.23531997,-0.17389919,-0.31974924,-0.2729955,0.13572411,-0.06916743,0.5803393,-0.09745195,-0.10785088,-0.2265968,0.040183805,0.0047576223,-0.04999938,0.46128494,-0.39333743,0.6165143,0.2162825,-0.27449346,-0.107178695,-0.31068772,0.16695267,-0.33850127,0.08252146,0.08036016,-0.25049928,0.44141454,-0.2855041,-0.2825715,-0.48638055,0.013059946,-0.57234484,0.019578561,-0.010784697,0.6206622,-0.026604913,-0.2029526,-0.065175466,-0.041892685,-0.14077084,0.27110884,-0.45039278,-0.0028356495,-0.18955727,-0.48266533,-0.3455673,-0.4297039,-0.20819962,-0.3560244,0.073493056,-0.09253617,-0.042398494,0.24653643,0.13544098,-0.07218075,-0.2061688,-0.31374204,0.38243693,-0.3303942,0.09483165,-0.23553108,-0.17626587,-0.06751981,0.16540076,-0.40713036,0.19449425,-0.42007294,-0.018188488,0.18004152,-0.38556516,-0.29449528,0.0011737722,-0.3384103,1.765478,-0.4562136,0.016185686,-0.5653268,-0.15166804,0.058600508,0.12850375,0.7251984,0.3318406,-0.51894057,-0.37846315,0.01538993,0.041135926,-0.27411497,-0.6950972,-0.29544872,-0.12646295,-0.6633019,-0.005925093,-0.1752026,-0.24787112,-0.24676748,-0.12793632,-0.110157534,-0.21168923,-0.39211348,0.28048927,0.015355407,-0.66749084,-0.32479554,-0.40797058,0.14522782,-0.5299976,-0.6438607,0.30699563,-0.033376474,0.5303472,-1.0816922,-0.13078946,0.053880353,-0.19539848,-0.36185884,0.1734176,0.114664994,-0.43205208,-0.29342127,0.17189118,-0.3012603,-0.57355183,0.06234345,-0.16736804,-0.4189027,0.1482716,0.18866107,0.091240145,-0.9873185,0.16186091,0.07818693,-0.2730213,0.36579087,0.17102471,0.20196448,-0.28669208,0.5728469,-0.5725495,-0.07087426,-0.38791966,-0.19617419,0.578741,0.13782574,-0.16872616,-0.20900825
2.1016421,1.9977368,0.476324,1.4646823,0.79953974,1.8031806,-1.3846054,0.86690503,1.608635,1.9428756,0.040788572,0.2824261,1.1364697,0.8419835,1.6796525,0.9786341,1.9659145,1.1924682,0.9315067,1.7279305,1.432497,1.1537075,0.64188635,0.91667306,0.9888654,0.024971519,1.8187261,0.9975975,0.7291549,0.88734037,0.8965552,0.49596307,1.5859866,1.6941632,1.3250746,0.8212754,0.9532476,1.2777487,0.4356971,0.6783219,0.7179982,1.1935296,1.6238453,1.6323427,0.5900575,-0.13642007,0.596278,1.3613467,1.8065883,0.5570595,0.69171685,1.4976795,1.6901143,0.12857942,2.3794596,1.1578828,1.4191557,0.70650876,-0.47219315,1.2169567,0.6978619,1.3032717,1.031658,0.96784544,1.4786849,0.3019734,0.863477,2.0976393,1.3159765,0.77236974,1.9060413,1.2125814,1.1957896,0.67353994,0.58978933,1.627752,1.2265089,2.02228,1.1240579,0.9461519,1.0770049,0.59001267,1.287005,-0.59602433,1.3682171,2.5039315,-0.8553828,-0.22056317,0.3569711,-0.052849703,1.2287757,0.45704186,0.93472993,1.028753,1.1084372,0.12920159,1.7566024,-0.9790539,0.94755125,0.89064145,0.7844192,1.9334759,0.3781244,2.0514984,1.3018596,0.26559874,1.1025487,1.2859789,0.02191238,1.4091932,1.479706,1.5773065,1.6010122,1.2551516,1.0503864,1.4180381,0.39062953,0.76638544,2.1270704,0.26952565,1.690343,0.23378012,1.5063169,-0.19485396,0.10733776,0.8851182,1.7138488,1.064955,1.1470026,-0.4140607,2.1210752,1.3951566,0.70380986,-0.07362089,0.10507466,0.99382067,0.9873717,1.7109984,1.7550807,1.9846883,0.13020964,1.6703951,0.5100286,0.49253303,0.69078517,0.4911292,0.22624803,1.4195403,0.36598068,1.1916219,1.9835953,0.8943643,0.3481514,0.85996026,1.6027057,1.5066665,0.40262446,1.634328,0.7255788,0.1060894,0.43930256,1.2587949,1.4418814,-0.09120108,1.531162,1.7840712,2.0185409,1.7851315,-1.1750491,0.7782718,1.203633,1.056726,0.4160624,1.3557409,0.99536383,0.6579966,0.6962195,0.8753719,0.33370966,0.6981995,2.1524506,0.8550615,0.5645806,0.65493125,0.76678437,1.5480462,1.3986701,0.26017416,-0.5694399,1.0150626,1.4826216,0.43678665,1.3289267,1.192796,1.1791655,0.9076318,1.431756,0.18624857,1.3211919,0.8647981
1.0224526,0.36584002,-0.7263525,-0.54173964,0.9141328,-0.871812,0.001071211,1.1856445,0.11799042,0.8213113,0.5563746,-0.36937007,0.9658502,-0.29541516,-0.33226302,0.11900034,1.800334,-0.4740354,0.009798784,0.80791044,0.83111215,1.2256266,-0.19111204,0.37461087,-0.1073595,-0.29598483,0.63156646,-0.16290122,0.91639346,0.32928193,1.2416499,0.905279,1.0374931,-1.0489914,-0.9703041,1.0282617,0.70777124,-0.18371668,0.9963785,1.5730393,0.12864837,0.043855168,0.10240738,-0.4548506,0.5409519,-0.23741403,0.53776443,1.1638867,-0.054745957,1.1993854,1.3851701,0.63833326,1.1895871,-1.0923996,-0.28186017,0.5840461,-0.5477955,0.9179033,0.2681205,0.25023347,0.9900075,-0.9946114,1.4085598,0.99101156,0.56506115,0.88399935,1.6868817,-0.30618426,-1.5779222,-0.9855427,-1.2573558,0.4898706,1.1002679,0.97970057,1.3296326,0.19078872,0.6480989,-0.571718,1.0179957,0.22784989,1.105556,-0.8188481,-0.20620745,-0.15860045,-0.35314998,0.8138779,-0.96530753,-1.2980382,0.035586532,-0.5308636,1.0251772,-0.711798,0.41490304,1.0983279,0.07784426,-1.3075686,0.9953108,-0.12862563,1.2243688,1.114888,-0.3830124,1.0395802,0.9088168,-0.07438221,0.4706171,1.2397106,0.96337557,0.6155954,-0.3626038,0.07663998,0.025787279,0.71300596,1.132722,0.044284664,1.2973633,1.0926273,0.2541888,-0.14655149,0.17913415,0.7876666,1.0172044,-1.2526599,-0.10853112,-0.27382338,0.037715763,1.0820544,1.2853315,-0.40015844,-0.66125184,-0.7333582,0.13335027,-0.34970704,-0.458947,-0.05692444,0.38514248,-0.753054,-0.53758526,0.43770185,0.8371243,0.8036887,-0.93187636,0.18495515,0.3170463,-0.82366437,1.2505051,-0.29189447,0.38686854,0.9114981,0.9381925,0.48787385,0.6477615,-0.27784854,-1.1469991,0.77444917,0.5784682,-0.27056143,-0.08054324,1.1112559,0.6144721,0.36236748,-0.26744238,0.42184532,0.11198,0.1137891,1.6818804,-0.23416558,0.9558153,1.5195508,0.04165732,1.0040196,0.11068003,1.0588241,0.032478634,0.7623014,0.90726537,0.10952346,0.34587708,0.41720805,0.42037457,-0.41342828,0.851792,1.4880725,0.84432554,-0.23954523,0.19043651,0.6433879,-0.19715174,-1.0862416,-0.2770705,-1.376866,-1.9309384,-0.85010356,0.107357085,0.41335294,0.78190696,0.16053088,-0.4166175,-1.0603614,0.31618115,1.5539782
-0.9160525,0.28700182,-0.57781583,0.7975344,0.2552726,0.8638143,0.44060853,-0.39033204,-0.33326668,0.9853788,-0.8569343,-0.28456163,1.5662074,0.22530136,1.1972158,-1.1185342,0.054496266,-0.20483623,-1.0257142,0.1351727,-0.53463954,-0.0012609939,0.8386873,0.34903327,-0.25374588,1.7006942,-0.40312916,-0.52419287,0.03285761,1.2606452,-2.5196683,0.43627813,-0.12044496,0.34547898,-0.23447546,0.44344333,-0.9232296,-0.5339163,-0.21031159,0.39252028,-0.6305754,0.104464106,-0.8548941,0.17891338,1.2274073,-0.46753412,-0.5502657,0.15312125,-0.68281,0.41702867,0.16460744,0.22385693,0.08371669,1.1218605,0.21882807,-0.5459404,-0.48802707,0.49843073,-0.26231244,0.22737253,-1.4536525,-1.1124061,0.18798429,-0.68662405,-0.20692955,0.9585282,0.6092194,1.4767691,-0.40221325,-0.8861459,0.22790687,-0.6595439,-0.115566134,-0.1129183,-0.07764123,-0.23737249,0.5873338,-0.7169978,0.38741368,1.4254899,-0.19846785,-0.20928392,-0.0725782,2.656732,0.03988347,-1.1963013,1.1712983,0.15171422,-1.0452862,-0.010203503,0.52601945,0.54371625,0.12019148,-0.23217088,0.6657447,1.0449139,0.37056804,0.6526636,0.3637501,0.1572547,0.06066151,-0.6358813,0.07212983,-0.17823371,0.18624203,0.48569155,0.19817653,-0.050679117,0.34301075,-0.346895,0.4529002,-0.15406622,0.15039486,0.52291167,0.04675713,0.21762441,-0.088760726,0.6544568,-1.5096784,-0.03828492,-0.22910474,-1.2376653,0.81848073,0.7402891,-0.33723742,0.69980276,-0.051381305,-0.96555746,-0.017401686,0.49402782,-0.1166639,0.8098073,-0.12786777,-0.37438455,-0.2223671,-0.49991256,0.33485368,0.26782668,0.01463948,-0.025139693,-1.2983197,-0.4160732,0.461603,-0.2753101,0.57827115,0.20131227,0.3879364,-0.36168292,0.9940906,-0.22948621,0.990656,-0.6253387,0.013738073,-0.13563402,-0.050562356,1.2841883,-0.5888846,-0.5876316,-0.58339846,-0.20947628,0.48173928,0.47980967,0.9717299,-0.009607125,-0.42340738,-0.70791084,0.52173966,0.5261927,1.2029513,0.008372206,0.26344758,-0.5047912,-0.06431191,0.31501815,0.25421205,-0.43101177,-0.23222698,-0.06548909,0.55277723,0.5458116,-0.11332383,0.22577992,0.035077937,-1.0615425,0.5623276,0.20097816,-0.68788123,0.57468057,0.5038526,-0.25443876,-0.29948857,-0.6027925,0.029587328,0.3179696,-1.2470345,0.13002124,0.9750559,-0.16811292,-0.7841054,0.8981244
0.38506073,-0.5801621,-0.3474471,-0.24362704,-0.525906,-0.07606672,-0.29158792,-0.5327262,-0.9389691,-0.50381625,-0.61224896,-0.7579478,-0.23053588,-0.16743813,-0.35632133,0.7480707,-0.32250273,-0.11078311,-1.1812128,-0.502935,-0.36107594,-0.5459378,-0.3655973,-1.2717655,0.6513997,0.038152833,-0.780476,-0.38503012,-1.3238634,-1.4730343,-0.3207996,-0.9936458,-0.26073405,0.14654328,0.8585577,-0.5114054,-0.626197,0.36091992,-0.78665483,-0.66676074,0.44692957,-0.16309248,-0.5751221,-0.13625383,-0.8424772,-0.7655552,-0.36034426,-0.39842206,-0.80792785,-0.32934162,-0.44465736,-1.1450293,-0.7206899,0.6566861,0.8761621,0.33645973,0.041080423,-0.7332761,-0.8322507,-0.5452238,-0.57311565,-0.5065397,-0.114581026,-1.0401565,-0.5407459,-0.02624122,-1.2482995,-0.8668852,0.5749876,0.32171208,-0.021402493,-1.0227401,-0.34080765,0.058677062,-0.38917422,-0.59463954,0.18955475,0.5914128,-0.57892835,-0.8588477,-1.2375084,-0.25015402,-0.2756513,0.060944956,0.622213,-0.47699556,0.6010148,-0.2610495,0.095982894,-0.09291182,0.21638623,-0.09926039,-0.10228944,-0.6551101,-0.2301967,-1.0491015,-0.020980226,-1.5575874,-1.3541443,-0.91687846,-1.0906812,0.3281864,-0.33709142,0.9796704,-0.7429397,-1.3109541,-0.6700523,-0.4338627,-0.15330353,-0.027205892,-0.647665,0.13564901,-0.75139374,-0.08566678,-0.86915046,-0.077278,-0.34875205,0.9126946,0.6148145,-0.60389763,-0.41625047,0.28963757,0.7109302,0.045982987,0.031054871,-0.7147037,-0.37319443,0.67827505,-0.74927276,-0.29832584,0.9993972,-0.47144714,-0.212634,0.7941123,-0.6782144,-0.5839722,-0.025289258,0.47328338,0.31434053,-0.273127,-0.56455714,0.5578441,-1.0483938,-0.013884261,-0.32885525,-0.48399165,-1.2874435,-0.411832,0.10289758,-0.75250655,-0.8108004,-0.2179963,-1.1195021,0.21771598,0.40771282,0.52078766,-0.63649595,-0.73000765,-0.0028838646,-0.018053362,-0.12771481,0.58789,-0.33179379,-0.6130147,-0.44551095,-0.17251404,0.39405507,-0.95460314,0.8099639,-0.356854,0.4419891,-0.34289116,-0.58767784,-1.1852585,-0.21309231,-0.32387888,-0.544607,-1.0792817,-0.40250075,-0.32069045,0.3262053,-0.31198332,-0.46100044,0.9915352,0.1716573,-0.17552552,1.0027772,-0.09910444,-0.35994455,-0.8765651,-0.030358281,-0.61397636,-0.544228,0.6462718,0.08954084,-0.3875885,0.06368627,-1.0065439,0.30340523,-0.41816592
-0.10529733,-0.11161521,0.13561371,-0.9666476,-0.40746582,-1.1119384,-0.7095014,-0.75425047,-0.9548562,-0.62856436,-0.3886426,-0.7067946,0.85367614,-0.33177313,-0.63433295,-0.382005,0.36925775,0.09220325,-0.5110616,-0.5944711,-0.6062433,-0.5991275,0.009009723,0.48802856,0.7300549,0.022141073,-0.59059036,-1.4375085,-0.70096797,0.0045364406,-0.8376455,-0.09167876,-0.6014947,-0.77391917,-0.8615866,-0.63396615,-0.85402334,-1.3319427,-0.061583422,-0.47288272,-0.5954576,0.8643484,-1.2668563,-1.1466712,0.6566775,-0.8443493,0.41888395,0.014519634,1.2816733,-0.061691537,-0.19485681,-0.33930078,-1.1895486,-0.34265205,-0.5423727,-0.70808166,-0.6800084,-0.44305938,-0.21469784,-1.1834855,0.012743753,-1.10315,-0.41265574,-0.34078062,0.40436268,0.46301022,-0.21645848,0.55283743,-0.60041004,-1.3406606,-0.9690643,-0.12311577,-0.5982336,-0.24349882,-0.49315006,-0.034482572,-0.45797607,0.3382982,-0.82340485,0.33387363,-0.26702777,-0.5054082,-0.011467649,-0.46556357,-0.5817538,-0.3136706,-0.19121912,-0.8002631,1.0481058,-0.47157136,-0.23935452,-1.0321004,0.108811975,-1.1314887,-0.2592843,-0.892698,0.9404338,0.7444279,-0.6884579,-0.5995764,0.32473195,-0.89103407,-0.36242422,0.112947114,0.41525567,0.007999944,-0.13512361,-0.5031265,-1.1358533,-0.14832218,0.16741456,-0.014124252,0.07028787,0.9513999,-1.1361644,0.15001991,-0.17926319,-0.3819883,-0.7927627,-0.35959813,-0.91240114,-0.21477282,-0.20202832,-0.69481957,-1.4330581,-0.5436096,-1.0667714,-0.54360974,-0.6573832,0.6540057,-0.5557511,-0.9630659,-0.6594399,1.0153873,-0.9781061,-0.9888923,-0.29614034,-0.6864115,-0.5621346,-0.37823826,-0.7674642,-0.885989,-0.15557724,-0.63127524,-0.263791,-0.89776975,0.014912918,-0.78178835,0.8749624,-0.7690436,0.09388193,-0.45971632,-0.78700876,-0.09537764,-0.27223063,-0.7479965,-0.021977266,-1.058662,-0.2928198,-0.45327735,-0.4084462,0.9590105,0.0070041046,-0.28669515,0.32345802,-0.08087182,-0.7118716,-0.119501695,0.53742677,-0.16127875,0.018453319,-0.6367913,0.24646999,-0.6455054,-0.6471649,-0.49801463,-0.12113848,-1.7516854,-0.3240649,0.60031015,-0.79971635,-0.05148635,-0.70492375,0.6294515,-1.1773646,-0.91615176,-0.4910513,-0.7183007,-0.71554756,-1.0210788,-0.8156882,-0.900793,0.2551263,0.23213775,-0.4007048,-0.6731484,0.18926945,-0.60371035,-0.5717072,-0.19643164
-0.70481485,1.3328954,0.21530429,0.17760327,-0.22811152,0.6229735,0.56164765,0.7467228,1.6144238,0.09538597,0.18575726,0.3993964,-1.1333131,1.3311532,1.530863,1.0392271,-0.553769,0.7135691,0.6036308,0.66207075,1.3145695,0.4165208,-0.39844918,-0.72155887,-0.47892755,1.2624959,0.7631804,1.5582387,-0.56123847,0.4543647,1.0419824,-0.93900585,0.8689951,0.100896366,0.8047941,-0.07440551,0.3418226,1.1533892,-0.7112459,-0.79330844,0.79665446,-0.2244163,0.38419816,0.73768884,-0.9742818,0.71771413,0.051656045,-0.2923361,2.3005104,-0.107439965,-1.1158361,0.03734199,0.43699697,-0.2572221,0.25007877,0.89275396,0.16972703,-0.021351773,-0.5899258,1.6838496,0.4727736,1.1843222,0.48947132,1.8637531,0.15421318,0.3243856,-0.47763234,-0.13967228,1.6110562,1.0846214,1.0058185,0.029792525,-0.4462589,-0.5705058,0.097828545,0.6521374,1.1930542,1.4550465,-0.22064424,-0.30769843,0.5414837,1.4080014,0.35208595,0.7789309,1.6251714,0.6850708,-0.8409373,-0.10381633,-0.7120082,-1.1424087,0.53686756,0.9793537,-0.22838537,0.93200004,-0.46471614,0.124987654,-0.35091943,0.20786616,0.1253208,0.11936781,0.99425125,1.4493394,-0.6294308,2.445378,-0.41295138,0.082947806,0.17107327,1.0115454,2.4306436,0.03475319,0.2815835,0.12510283,0.82511324,-0.38905004,-0.28824383,0.75600415,-0.8591752,0.325824,1.3906262,-0.5942659,0.5983731,0.20410928,0.41926256,0.971403,0.30385768,-0.13542543,-0.12486848,0.969857,1.6998987,-0.109751716,1.8336139,0.9585965,-0.3894515,0.73552126,0.44146073,0.51350594,0.58569974,0.113615505,0.609781,0.45942143,1.0283161,0.48295143,-0.14803982,1.2440907,-0.8402308,1.3425689,-0.48141032,0.2318406,-1.1951909,0.41484296,0.5613086,0.71218085,1.0893778,0.07790916,-0.13765143,0.2610264,0.4400274,-0.23297438,0.8585568,0.06646614,-0.5344579,0.32821894,0.78562254,-0.19762595,-0.86194384,2.113381,0.5338546,0.7881698,0.50698864,0.74213994,0.99605733,0.07344646,-0.47982264,0.23780955,0.73096454,0.4558242,-0.48215222,1.0281669,-0.65106267,0.5582445,0.3370246,-0.3898647,-0.24001504,-0.7083783,-0.20889938,0.4736492,0.5949713,0.75805503,-0.57895696,1.6047401,0.9625069,0.0129884705,0.69966495,0.42980313,0.5446429,-0.061217118,-0.022120588,0.8777843,1.2455155,0.08852817
-1.3742082,-1.4164988,0.2799297,-1.4498453,-1.0575429,-0.9268192,0.30536515,-1.1356391,-0.8135261,-1.205657,-0.4344444,-0.1798796,-0.9250308,-1.1623061,-0.7440751,-0.73725235,-1.003646,-1.1301606,-0.4085791,-1.6817591,-0.49381265,-1.5091567,-0.3535105,-0.60899734,-0.0035744412,-0.052862074,-0.94678706,-0.16448325,-0.8764689,-0.3027673,-0.80741584,-0.9007291,-1.300742,-1.578363,-1.1583018,-1.256342,-0.39628634,-0.84397376,-0.3738626,-1.1422299,-0.8271612,-0.78697664,-1.0533371,-1.5830559,-0.053541303,-0.8347946,-0.8109219,-1.1042262,-0.16866417,-0.9388331,-1.2851309,-0.50073636,-1.4332031,-0.39587283,-1.2469754,-1.398341,-1.3681926,-1.582666,0.56596565,-1.0189211,-0.08061598,-0.48811015,-0.9958582,-0.93408364,-0.877446,-0.27032912,-1.3410915,-1.1704247,-0.43690154,-0.57295674,-0.7353623,-1.0526997,-1.3127271,-1.2092466,-0.89151007,-1.2480822,-2.0352507,-1.100878,-1.3976223,-1.079747,-1.0461591,0.21847351,-1.1947709,1.10906,-1.3926578,-0.6697318,0.08868338,0.32825822,-0.20569319,-0.6802668,-1.6705674,-0.4195768,-0.82446516,-1.1768191,-0.8817036,0.00028606597,-1.0802655,0.3959732,-1.0646756,-1.0412413,-0.13001429,-1.5732979,-0.9506838,-0.5737605,-1.343658,-0.2240562,-1.2204778,-0.34527907,-0.07998201,-0.88009894,-1.350159,-1.3541676,-1.1093972,-0.8607574,-1.2610798,-1.3635509,0.45103276,-1.0773474,-0.84392625,-0.9992357,-1.1960478,0.77378094,-1.1819168,0.16568172,-0.58345646,-1.087628,-0.96069914,-0.6878222,0.34734172,-0.8470893,-1.3510811,-0.27428707,-0.35214823,-0.21779989,-0.8577488,-0.2965377,-0.5264206,-1.26869,-1.4726422,-1.6894923,-0.7106164,-1.5611345,-0.7283428,-0.041250303,-1.2332804,-0.017437994,-0.86449075,-1.718801,-0.37409592,-0.88214,-1.6500844,-0.7019137,0.21118549,-1.216243,-1.3560617,-1.0166854,-0.5726927,-1.2220308,-1.092568,-1.1314592,-0.88131857,-0.10006832,-0.6497115,-0.51217824,-0.94657034,-0.6964499,-1.7157413,-1.0271237,-0.11562816,-1.1347866,-0.9675897,-0.69120157,-0.75087696,-1.2317078,-0.7928028,-1.2787302,-1.2073216,-0.4286885,-0.99446654,-0.7448923,-1.5465741,-1.4057821,-0.78951454,-0.64233094,0.20208243,-1.4440281,-1.1042184,-0.58282787,-0.13404056,-0.21556915,-0.6748399,0.060018733,-1.0306995,-1.4770224,-0.45192075,-1.2706922,-0.72338676,-0.51408046,-1.2280356,-0.8901394
-1.0905133,-0.63574505,0.77114505,-1.211168,-0.42550573,-0.431254,-0.4602143,-0.77235407,-0.6424817,-0.8615027,0.2987481,0.09430186,-0.27221075,-0.17543863,-0.8227493,-0.5105966,-0.11575608,-0.18016687,-0.6670925,-0.8602321,-0.4115165,-0.2191591,-0.33052224,-0.030222995,-0.14003599,1.0015777,-0.5316992,0.12610534,-0.13485344,0.23764955,-0.29308033,-0.23809649,-0.6355386,-1.7536469,-1.2945628,-0.6820181,-0.3441344,-0.6770439,-0.0104466695,-0.4288997,-0.7760066,-0.6566351,-1.3822155,-0.6296157,0.1344409,-0.35236925,-0.13234189,0.14640325,-0.315384,-0.305625,-0.3473918,-0.60331994,-0.6195103,-1.3774595,-1.16623,-0.15399998,-0.6910458,-0.36621082,-0.25364184,0.70142657,-0.8714571,-0.702096,-0.31545046,0.099283524,0.6733659,-0.21773377,-0.46797827,0.34601063,-1.2717425,-0.42896354,-0.99866605,-1.0166751,-0.6680251,-0.24296772,-0.38833526,-0.36204314,-0.34827012,-1.0581509,-0.5731582,0.07457,0.14692354,0.21233056,-0.4582474,-0.26453954,-1.0842621,-0.11173109,0.09672418,-0.30448085,0.575877,-0.07128016,-0.7322538,-0.8740811,-0.34297916,-0.75405645,-0.614803,-0.39989665,0.5108926,0.7625169,-0.25520256,-0.026766244,-0.47186738,-0.45773616,-0.12783629,-0.295727,-0.58788306,-0.096104026,0.11980426,-0.73110276,-0.19938856,-0.18191317,-0.6168471,-0.36716706,0.23967804,-0.00095558725,-0.47569558,-0.349303,0.13637634,-0.93276036,-0.67310536,-0.24504642,-0.49720475,0.44735926,-0.357166,-0.7232051,-0.6621247,-0.47888547,-0.56227136,-0.49398664,-0.7059433,0.23945116,-1.0650349,-0.06494602,-0.39980417,0.27870655,-0.5943218,-1.3618494,-0.7131177,-0.8991599,-0.931442,-0.38674924,-0.74446183,-0.94363475,0.02490032,-0.028024048,-0.44217354,1.0253115,-0.18062593,-0.8081952,-0.13106619,-0.05830522,-0.26427937,-0.18986326,0.24239606,-0.43420592,-1.0342274,-0.88151544,0.3521333,-0.6356367,-0.18139334,-0.56423146,-0.15663862,0.0835016,-0.320076,-0.22838576,-0.10521734,-0.08693448,-0.82039165,-0.5523031,-0.1512557,0.10547181,-0.7720731,-0.5824746,0.052655593,-0.5156764,-0.075132884,-0.58280605,-0.42071086,-0.3700999,-0.34651047,-0.04133384,-0.9085349,-0.3880432,-0.094322406,-0.29137197,0.020825155,-0.8102232,-0.6720825,-0.49513546,0.15134054,-0.7718889,-0.9662422,-0.6213695,-0.68466777,-0.7386821,-0.9008848,-0.51157475,-0.8597453,-0.65736574,-0.42193177,-0.22788312
-1.3322008,-0.25190005,-1.1023972,0.1534974,0.23245001,0.98349774,-0.39372665,0.18622747,-0.0778375,-0.16881013,-0.9586888,2.0472748,-0.1564071,0.23562154,-0.58613425,-2.3832924,-0.9572,1.4632199,-0.5896511,-0.30907202,-0.32387784,0.18003826,-0.80741966,0.39195034,0.02721453,0.88439435,-1.587116,-0.66749537,0.4246665,1.0583786,-0.5457026,0.17067668,-0.34771913,-0.2255586,-0.46603408,0.62537295,-0.54719114,-0.45482817,0.1667413,0.24990278,-0.49525762,0.8254439,-0.36657688,0.59433204,0.31236273,-1.1129844,0.2947252,-0.40977132,-0.4375784,0.57447886,-0.054356046,-0.31183058,0.7836525,0.0023550447,-0.038228907,-0.5273976,0.2828279,0.9999238,-1.2522277,1.9818833,-2.773984,-0.80165416,-1.3324912,0.3873927,-0.024146173,-0.15134495,0.47679996,0.23178273,-0.20156333,-0.6807409,-0.550346,-1.2651892,-0.33886814,0.51421046,0.914416,-0.20125069,0.19194616,-0.58519125,-0.105490424,0.9215275,-0.73737997,-0.910813,-0.12926613,-1.04563,0.22229494,-1.688893,-0.21506485,-0.6107017,-1.9824334,1.4296381,-0.40177098,1.445396,0.26695278,-0.019262606,0.62840325,-0.28245056,0.44844356,-1.1029042,0.9664055,-0.008086133,-0.43774593,-0.5991757,0.3158206,-1.5165167,0.1940276,-1.205502,-0.034723192,-1.0880634,0.038554907,0.017452432,0.055367023,0.1680855,-0.03604507,-0.13982719,1.2647811,0.036104932,-0.528927,-0.88392156,-1.4615883,0.8563232,-1.0681672,-0.16347528,-0.06970392,-0.7093524,-1.0418667,1.1643313,-0.23212482,-1.1873772,-0.9997625,-0.37982,-0.44178617,0.9121577,0.4903221,-0.44863,-0.12612309,-1.4343971,0.3765088,-0.21474877,0.21761335,-0.9132779,-0.55125594,0.20067841,0.69563115,-0.3026142,-0.050386764,0.4116801,0.11893378,-0.42867234,0.94183695,1.0057861,1.1969656,-1.0046487,1.0476209,0.0050082393,-0.5363059,1.1457428,0.7283677,-0.6066577,0.31453288,0.74014574,0.212922,0.31591293,-1.177862,-0.025779698,-0.29636553,0.17126933,-0.045019954,-0.37236694,-0.24807963,0.1349175,-0.33650813,-1.2875518,0.42552197,0.29778457,-0.7163055,-0.01923919,1.0591923,-0.004862181,0.42811555,-0.50652343,0.17812327,-0.16913268,-0.36371046,-0.88931906,0.9689597,0.54703337,-0.21351244,-0.12502348,0.56405157,-0.49979293,-1.2798989,-0.7846421,0.34975013,0.23795588,-0.45734802,-0.17768624,-0.6848154,-1.0587626,0.81873477,0.5902487
1.1568925,1.116818,-0.09035883,1.2169255,1.0661182,0.77506334,-0.31420416,0.811187,1.3962476,1.9197603,0.5210513,0.48650137,1.9161193,0.75816095,1.5102051,-0.029242314,1.6992341,0.8160734,1.2414734,1.4131026,1.6127497,0.8681552,0.19789177,1.6162779,1.1293564,0.53223014,1.0676279,0.099401735,1.3053445,0.74292564,0.33982885,1.0376872,1.2009523,0.7978981,0.8242417,1.1469387,1.1799777,0.15564813,0.8377332,1.4483874,0.042033665,1.0193659,0.8327597,0.6776287,1.6200112,0.019558879,0.899095,1.9015249,0.6097432,0.98604345,0.9737845,1.4405289,1.5175022,0.56496924,0.9203621,0.119900756,0.5997251,1.1244106,-0.3411578,0.9836894,0.5102052,0.92518795,0.44155112,0.47238433,1.078681,0.2730723,1.097233,2.0782943,0.6027159,0.14621232,1.2713398,0.7493958,1.3221612,1.1111412,1.1071873,0.84497887,0.7123327,0.2569554,1.1835905,1.36674,1.1891869,0.83745337,1.1654325,-0.05273798,0.9843848,0.99197644,-0.7158036,0.17593995,-0.4453427,0.99097663,1.533353,0.339411,0.7893934,0.9868132,0.663725,1.104486,1.5856494,-0.5322919,1.2044735,0.7418823,0.56346446,0.6294086,0.5663265,0.61294544,0.8415175,1.4078393,1.5831261,1.4559513,-0.15071766,0.7915461,1.9502462,0.975233,1.797081,1.1478099,1.1528572,1.2383671,-0.16864192,0.9521393,1.3268001,1.2440746,1.2394029,-0.2172857,1.2186579,0.6674541,0.38326538,0.8346336,1.1095308,0.2974115,0.1330619,1.205447,1.0313027,1.0091482,1.5076456,0.5834995,0.0031301342,1.7414472,0.6491686,0.84699506,0.98781824,1.785074,0.034781832,1.084329,1.156077,0.6365773,1.1135331,0.9337494,0.9047467,0.98499185,0.7628974,0.92747515,1.1695781,0.034489043,0.72747874,0.50744665,0.8347556,1.7640376,0.5287822,1.4416394,0.30458647,1.1619512,1.144142,1.1893848,0.92450047,0.27669278,0.5866725,0.2777529,1.0721118,1.4488714,-0.19972855,0.61407465,0.5754439,0.44785416,0.8478119,1.709507,0.98359144,0.39149335,0.8143144,0.57054245,0.9461874,1.1408327,0.8653668,1.6485207,1.4490138,-0.53414685,0.9466853,0.9434953,0.5546302,1.3977802,0.51601386,1.567407,0.5019511,-0.17896537,0.9895672,0.9804327,0.1359587,1.5791898,0.59913784,-0.09054313,-0.023873236,1.345231
-0.04154729,0.41472572,0.05697982,-0.04104913,0.59064823,-0.23612262,0.15899158,0.45292488,-0.014113493,0.39872044,0.6197598,-0.14761895,0.6861049,-0.0021711478,0.9730806,0.7501056,0.6043456,-0.35084012,0.72710115,0.5634489,0.05457417,0.85713655,-0.33529752,0.15031485,-0.462673,0.7092828,0.6187114,0.60463446,0.2515412,0.19063035,0.60350233,0.52914286,0.13614102,0.0022880845,-0.14459184,0.56172955,0.7132748,0.22999252,0.50115436,0.93026334,0.082707904,0.4702526,0.23516576,0.16328537,1.0299425,-0.03933904,0.24372153,0.72828263,0.67869693,0.4916652,0.59645355,0.4869983,0.7662607,0.15085593,-0.19083735,0.508147,-0.039313532,0.604603,-0.16706452,0.46880844,0.32961428,-0.06648799,1.184842,0.4547937,0.0558048,0.15729415,0.8265168,0.46067286,0.13386855,-0.351018,-0.17770696,0.1991823,1.1965239,0.6580752,0.24376313,-0.07196625,0.22167514,-0.84658015,0.76516324,0.76547754,0.9314936,0.5250405,0.002227416,-0.016594976,0.42027363,0.9639226,0.5328816,-0.32083458,-0.6643322,0.51774275,0.74464774,0.49466002,-0.16381246,0.91595805,-0.21448752,0.008695134,-0.13581364,0.057416078,0.3787617,0.42827576,1.0070279,-0.384487,-0.09325209,-0.11487698,0.15233646,0.6021253,0.8652226,0.53663373,0.39007333,-0.50600755,0.74531513,0.11171243,0.7394337,0.771447,0.36805367,-0.14028512,-0.14278492,0.7625298,0.51085705,1.0628377,1.4606944,-0.4231758,-0.6469537,-0.22722746,0.80461097,0.29385012,1.1638072,0.9198021,0.37467712,0.1964725,-0.06235576,0.49878442,0.55725867,0.14612825,1.4792099,0.026130833,0.14853156,0.037227444,-0.20056076,0.82499343,-0.05393816,0.14431892,0.25455767,1.3441857,0.83610326,1.4835693,0.41115844,0.1903254,0.16050123,0.5356474,0.23059647,0.46145248,0.06648592,-0.5689765,-0.095839456,0.6029325,0.09055961,0.80374694,-0.1877539,0.5679278,0.44193643,-0.015231125,0.1836,0.05859899,-0.4954063,-0.32474273,-0.35963124,-0.24526899,0.27516565,-0.007900737,-0.16053815,1.2502793,0.62253994,0.90925324,1.001775,-0.27499178,-0.061494995,1.238943,0.5133252,0.041543894,-0.34448713,0.7344424,0.77429557,-0.1361683,0.52318096,-0.057829127,-0.11898778,0.7779988,0.22440115,0.23450987,-0.4421305,-0.88117933,0.44502342,0.31152028,-0.26833108,0.15096541,0.60003203,0.48180714,0.08065174,0.57458085
-1.493185,-0.86773396,0.082110085,-1.3080295,-0.992981,-0.20901665,0.003724929,-1.2036092,-1.006453,-1.0414269,-0.70521146,-0.6169515,-0.13509764,-0.94885445,-0.7559921,-1.1742043,-0.20749988,-1.1987333,-0.42467391,-1.1306332,-0.8398828,-1.1039286,-0.7500624,-0.15136313,-0.76165277,-0.21261382,-0.25204086,0.061547868,-0.15964568,-0.0801257,-0.42770085,-0.29219785,-1.4780011,-0.97936463,-1.2680987,-0.7252292,-0.30615765,-1.6037378,-0.4461895,-0.395435,-1.5336576,-0.7203351,-1.6496575,-1.1615312,-0.4130825,-0.5376043,-0.49641642,-0.3555011,-0.41900182,-0.1338056,-0.45781645,-0.30916572,-0.8098922,-0.29072958,-1.5642443,-1.4756911,-1.115875,-0.8534768,-0.18937549,-0.25532958,-0.7873118,-0.023797132,-0.34701744,-0.6890187,-0.33012313,-0.18816486,-0.6399046,-0.66438603,-0.4754246,-1.0772947,-1.3542786,-1.1570019,-0.776576,-0.93220866,-1.3706844,-1.0846542,-0.8949664,-1.5558071,-0.8993875,-0.13218415,-0.681254,-0.4368215,-1.3200493,-0.2745938,-1.5420716,-0.2415286,0.11245532,0.08137755,0.0772568,-0.5160256,-0.9245976,-0.8803205,-1.3140979,-1.2666688,-0.69993246,0.38378134,-0.6280225,-0.012882885,-0.5423551,-1.0032182,-1.0683299,-0.9902442,-0.9624336,-1.0213087,-1.246329,-0.4957385,-0.4533312,-0.7954343,-0.47433862,-1.0873054,-0.53165066,-1.6049469,-0.107428536,-1.154387,-1.0479708,-0.89562523,-0.89777666,-1.1737422,-1.2054183,-0.5050983,-0.9182696,-0.316499,-0.9119481,-0.09584592,-0.45837653,-0.8492601,-1.2513887,-1.2918805,-0.52534485,-1.1240491,-1.6990016,-0.85813266,-0.78469205,-0.13590601,-0.8600009,-0.0054782033,-0.6524823,-1.052807,-1.6722164,-0.75294167,-1.4219109,-1.7597626,-0.31819114,-1.1005343,-0.45897987,0.6152403,-0.60181373,-1.4259005,-0.12841792,-1.2073177,-0.8049685,-0.31235528,-0.9474112,-0.932929,-1.6376604,-1.3533736,-0.52703047,-1.0169013,-1.5562565,-0.7944279,-0.6423245,-0.78378,-0.85090405,-1.1160429,-0.3145445,-0.3312413,-1.0421995,-0.8986267,-0.71042734,-0.789842,-1.4544889,-0.4880762,-0.317415,-1.0816109,-0.3609509,-1.8568585,-0.7918617,-0.47558695,-0.7879519,-0.28461388,-1.4445609,-0.95281667,-0.12729608,-1.0707388,-0.59643227,-1.7609831,-1.9341934,-0.123130284,-0.5757465,-0.5054706,-1.0592877,-0.7194295,-1.734326,-1.0801537,-1.2195343,-0.20134117,-0.6671694,-0.40865487,-1.5223969,-0.91148746
0.65079916,2.0524914,0.04144406,0.70373946,0.67652494,-0.10817132,-1.4070939,0.15648878,1.0686092,1.3723415,0.12930502,-0.30938265,1.0264183,1.0500256,0.6244791,0.35427803,1.0679936,0.7309014,0.5240062,1.9532913,0.7804172,1.0625495,0.601581,0.7638328,1.0261846,-0.38979596,0.8884141,-0.40554148,0.61931694,0.5581937,-0.7503659,1.1679437,1.6262689,0.82378626,-0.32867035,0.46444133,0.96930116,0.53554934,0.17803714,0.6477748,0.5050689,0.9853073,1.3823309,0.71797436,-0.29927683,-0.230052,0.20872167,1.3443608,0.6891869,0.65467906,0.3621116,0.50217766,1.143281,-1.3676891,0.84789795,0.46846607,0.92617464,0.69827837,0.29712626,0.8205495,-0.529382,0.43356988,0.30642012,0.87007314,1.0751295,-0.82977927,0.59609675,1.1720972,0.9366138,0.10179518,0.25901818,1.2751637,0.76175576,-0.060971558,0.4504595,1.357162,0.88690656,1.6716957,0.7357277,1.1144164,1.3022321,0.64565015,0.558698,0.08128241,0.6439876,1.8534021,0.63459843,-0.2481952,-0.74802285,-1.5577929,1.3600254,-0.70619243,0.9540534,0.6176513,0.20745513,0.016612194,0.664995,-0.5118673,0.5828104,0.72164917,-0.52633315,1.8217845,0.40612835,0.9261879,0.3497357,0.6539077,0.63263834,1.2565197,0.023141248,0.80051756,2.0568745,0.5157318,1.1820655,1.3524263,0.14946532,1.0849395,0.19637045,0.17701367,0.36708745,0.16961817,0.97164416,-0.30807444,0.98400134,0.98609483,0.00094665773,0.95800877,0.8073618,0.02983366,0.03901375,0.9238502,0.963505,1.0716357,0.15361252,0.23177269,-0.24822612,0.4417633,-0.24274696,1.1252478,0.7564268,1.7288,0.42787015,0.97072846,0.33906746,0.60182816,0.31992543,0.76344836,0.86355656,1.327595,0.506508,0.10530952,0.9460994,1.1734577,0.6851937,0.10323797,0.3009587,0.7205894,-0.22392939,0.5814773,0.31745395,0.07149677,0.1686855,0.63241696,0.6521117,0.03172983,-0.19760284,1.5911955,0.48201543,1.0975571,-0.09846378,0.5984083,0.5493896,0.7639162,0.55776376,1.2674925,0.5167692,0.42154685,0.5134132,0.35645565,0.24209057,0.4198758,1.1103684,0.83201414,1.3387738,0.2614609,0.27338988,1.0028073,0.54912275,0.9089481,0.5579728,1.5791646,1.1227583,0.0033750087,2.0526764,0.6428778,1.2361574,1.1451173,0.84077024,1.057365,0.4601805,0.9366899
-0.021769354,1.3002177,-0.30753544,0.3389939,0.4060154,-0.17041673,-0.74542654,0.19079834,0.19200823,0.45252934,0.052464847,0.056589775,0.5616363,0.516962,0.2560386,0.2855493,0.5039032,-0.37093082,0.59538466,0.6259033,0.5505239,1.0419475,0.5068641,0.9527079,0.76330537,-0.38860294,0.67649215,0.007909112,0.65370935,0.36444902,0.25085908,1.3541392,1.0902891,0.3006427,-0.9662913,0.22469588,0.49662402,-0.024586419,0.08197624,0.9912384,-0.37868565,-0.26338333,0.8160859,-0.35045677,-0.14304599,-0.5773235,0.20931157,0.8468095,0.35720897,0.36880305,0.2291134,0.47525558,0.91780895,-0.9692372,0.2308423,0.049280643,0.4561828,0.5631506,0.50878286,-0.14906426,-0.6858924,0.38842875,0.3841242,0.78774756,0.36937782,-1.1963568,0.90042704,0.39683473,0.67005396,-0.51225317,0.052174285,1.2075424,0.834684,0.49312526,0.19757861,0.66195816,0.3188071,-0.022929398,0.81092554,0.13316202,0.7656142,-0.16581379,-0.13803671,-0.49207312,0.1789835,1.3506739,0.28756925,-0.27573472,-0.39514306,0.2815491,0.758288,-0.5926909,-0.40078124,1.1356221,0.059229493,-0.19162086,0.41606212,0.14211877,0.19612117,0.5442158,0.04753442,0.47959495,0.27639025,0.16683453,0.7923709,0.15009277,0.554525,0.7078086,-0.7677122,0.5716174,0.7362448,-0.19391938,0.4769195,0.025085831,0.13644952,0.2744047,0.7806135,0.28986546,-0.7273013,0.7513892,0.97613806,-0.9693278,0.39095634,0.04547327,-0.07392903,0.6497983,0.6861588,-0.34575155,-0.100909404,-0.19088687,0.18770717,-0.17997077,-0.21508509,-0.37271458,-0.0039077885,0.40735948,0.17598903,0.8879658,0.20331033,0.9005238,0.6194066,-0.024292026,0.4833353,-0.35263336,-0.040829323,-0.27521592,0.045629088,0.8956086,0.15235241,-0.16627198,0.6818261,1.0591948,0.5563633,0.034256566,-0.15965831,0.23363994,0.48967496,0.90065837,-0.32645738,-0.47834408,0.27924916,-0.69883174,-0.15081166,-0.26669037,0.8896096,0.72028905,0.17966388,0.86294204,0.46938306,0.32800505,-0.24428011,0.961793,0.6173234,1.0828434,0.7613927,0.3563593,0.563435,-0.26282352,0.48506886,0.99459565,-0.03170625,0.7578764,0.40261525,-0.25024703,0.36592048,0.07726433,-0.0061878045,0.21409893,-0.09862803,0.35229445,0.73213184,0.17226742,0.5533173,0.24307625,0.32042095,0.13239892,-0.6357276,0.5094557,-0.034778867,0.4912281
0.3617157,2.2730298,-0.116068095,0.3821545,-0.086976126,-0.21437396,0.44260293,-0.08605582,2.1965044,1.5468413,0.0890992,-0.28487882,-0.104280345,1.0724406,0.78420573,0.8562752,0.5662637,0.13955945,0.7974395,1.4871632,1.2818412,0.8508607,-0.12685692,0.9570971,-0.44297284,-1.2032553,0.4000725,0.6498188,-0.49870375,0.5277461,0.2856091,0.9227429,2.3364346,0.3704227,0.15323153,-0.7880047,1.7344714,0.32950774,-0.6509926,-0.121293455,0.5451171,0.7375944,1.1125296,1.3426931,-1.2859684,-0.6451037,0.28402767,0.0026813764,1.0248893,0.040869683,-0.8397472,0.6607858,0.8111262,-3.3552432,1.2631552,1.3851963,0.85280615,-0.81459105,-0.2077441,0.24828494,-1.249649,-0.07249784,0.8166396,1.0808798,0.22970751,-1.057467,-0.24240187,0.65861285,-0.14658599,0.68671197,1.0262369,0.46641678,0.3685721,-0.10466063,0.12999916,0.915599,1.1343778,1.7982507,0.54957193,0.83235383,1.3387771,1.7715616,0.059886344,0.1682834,0.6647017,3.2800353,-1.0073307,0.4313708,-1.0507599,-2.0792625,0.5575283,-0.2890646,0.07457521,1.3655212,-1.0014168,-1.3232173,0.6279713,-0.16001078,0.34038877,0.30111215,-0.68465835,2.1615071,-0.48223972,3.1858966,-0.97783625,-1.0485077,-0.12773517,2.2856026,0.9769002,-0.30078253,1.5766617,-0.34033704,0.88915455,-0.12214675,-0.063434064,0.9919004,0.2784663,0.081546135,1.9022983,0.7428127,1.5755614,-0.036439747,0.9651776,0.7074305,-1.4877961,0.41997147,0.38259172,1.3973881,0.26903337,-0.30173212,1.7059417,1.1810696,0.13205671,-0.16289862,0.063240245,-0.19394708,-0.23029204,0.8233316,0.75885975,1.6706817,0.67029756,0.83169705,-0.8360996,1.6107725,-0.8139496,0.61537695,-0.28657806,1.7450979,-0.83979666,0.08656796,0.5173695,0.86592835,1.0342021,-0.029314231,0.36347106,1.2585605,-0.049678568,0.042285573,0.26394516,-0.080639526,-0.95082563,-0.34751338,-1.235946,0.036523398,-0.35358068,1.709611,-0.14297092,0.3212316,0.26290274,0.49260738,0.57209533,0.43445072,-0.37424505,0.7916903,0.5361818,0.3811075,0.13863967,0.5529211,0.10802458,0.46386796,1.4719219,0.835931,1.2454389,0.64014107,-0.075172745,0.5960631,0.9434886,1.8418666,-0.5884811,0.5113523,0.3823991,1.0240908,1.5456833,0.33471182,1.8729668,0.22725035,1.3724662,1.068344,0.23079503,0.4347912
-0.48121047,1.6983219,-0.4745092,0.3526815,-0.31912306,-0.016389176,-0.4624704,0.090028785,-1.0547657,-0.61232424,-0.7757606,0.6835461,-0.050622784,-0.44147584,-0.13556509,-1.2829881,-1.2819109,0.39583445,-0.076040715,0.32080537,-0.015676593,0.039595325,-0.6132841,-0.36749557,-1.1271646,-3.5841765,-0.23663421,-0.4288894,-0.18233268,0.87700105,0.26895404,-0.2785426,0.627592,-0.8022795,-0.45270914,1.0571219,-0.79077035,-0.24372424,0.115782544,0.38754976,-0.30063403,-1.0780952,0.10692891,-1.3790175,-0.3484315,-0.053358436,0.6884738,0.49012104,-0.82626647,1.4482787,0.2387727,-0.04503771,0.20046848,-0.3198099,0.91060495,-1.898576,0.10389242,0.38614416,-0.2728746,-0.066803336,-0.5074441,-1.435451,-2.3475058,-0.2138648,-1.1654043,0.7162385,0.75304204,-0.26082885,0.5168291,-0.64081657,0.28835094,-0.6955455,-0.19187333,0.31408072,-0.30722252,0.3808148,0.9178164,0.96190834,0.36588293,-0.93892896,-1.3556718,-0.5041347,0.50496215,-0.112588435,1.5435493,-1.7583846,0.9598863,-1.0457505,-1.1657337,-0.44188085,-0.25524095,1.1060619,0.048487015,-0.8828173,0.3774451,-0.99995,0.66720843,-0.75594735,0.3785891,-0.015392053,0.2332244,0.5172743,0.41528773,1.1004578,-0.6469137,-0.6301374,0.8616743,-1.1385214,1.0243288,0.5320227,-0.7184144,-0.27804613,-0.25913954,0.32233185,-0.091110155,1.2090002,-1.1002855,-0.10087632,-0.0898103,0.039599814,-2.121684,-2.1364884,-0.00058181956,-0.91586363,-0.48128906,0.4763637,-1.7776047,-0.052511323,0.5036233,-0.44585073,1.3983021,-0.15154597,0.801203,0.94373155,0.09994553,-0.13636284,-1.5095257,-0.1541388,1.3026652,0.07746303,-0.5899481,0.33542684,0.7547176,0.6612986,-0.11021515,-0.85051817,-0.051394805,0.0076108165,0.49043867,-0.027785873,1.5611061,-0.5861808,1.0170298,0.42170623,0.30433223,1.0352635,0.40529743,-1.6409273,0.48136622,0.8129587,0.3694896,0.6337871,-0.6793944,-0.8346498,-0.9687126,1.8942279,0.28679264,-0.23144382,-0.09360526,0.03475847,0.59743243,-1.9864787,-0.96808904,1.0130136,-0.46836528,-0.08289018,0.20063116,2.0668147,0.021909611,-1.07878,0.3053121,-0.7846186,-2.1551116,0.7145738,-0.8187305,0.695132,-0.11036892,0.31706724,-0.81194025,-0.28126812,-0.13798451,-0.12285562,1.0633059,0.60313743,0.46531692,1.2492912,-0.710821,-0.9495092,0.99169666,0.5330073
1.7887611,0.44083714,2.5288923,1.098882,1.2330054,-0.5263263,-0.9074894,1.1761912,-0.49388912,0.82230306,-0.27822933,-0.08396677,0.7285078,0.15799513,-0.7991461,0.58955055,1.4593583,1.5405865,0.03271233,0.8721453,-0.12066948,0.4283815,-0.005303766,0.66415584,0.7134597,0.8896042,0.2954862,-0.81890815,0.18778461,-0.09992358,1.4910136,0.20085318,-0.06248293,0.82272565,-0.11603941,1.0569835,1.9091365,1.1369517,0.9682877,0.21809402,0.61258054,1.1067894,0.7174363,1.959958,0.71685654,-0.5059339,0.58558214,0.56944835,-0.7263753,1.829333,1.79462,0.97440755,0.30807984,0.052981563,1.7532504,1.5913429,1.0910053,0.9710089,-0.34914795,-1.0470022,-0.74738103,0.3013517,-0.4237637,0.5015654,0.4106772,-0.36425135,1.0452772,0.6798437,0.5495586,0.4509656,0.35375476,0.81087565,0.51259893,0.40697604,1.0855559,1.1925592,2.1599834,0.7311325,0.4629559,0.9799989,-0.04090271,0.31794608,1.1446445,-0.92647856,1.3352268,-0.26486894,2.2373164,-0.029900298,-0.830479,0.59948623,0.69295585,-1.6850424,1.9110241,-0.291423,2.3363752,0.6316927,1.2762269,-1.3829813,0.11970994,0.8012506,-0.24563979,-0.7903125,1.016826,0.43800172,0.95966196,-0.33045936,1.5787153,-0.48784935,0.005456848,1.3921093,-0.058946908,1.1954986,0.81903917,2.1291044,1.9150395,1.2452557,0.06580151,0.27042636,-1.5740292,0.51464444,-0.45859408,1.829321,0.23006158,-0.40562728,0.66533136,1.3521384,0.01893118,0.70862275,1.2250984,0.5169074,1.0657853,-0.54694486,1.4376402,0.35974166,-1.315952,-0.27999687,0.63482225,1.5796968,0.82374823,0.7303458,0.024404038,2.0611646,0.050865084,-0.6776492,1.3720211,0.21916476,1.2753617,0.41321114,1.0858083,1.4760385,1.0400478,-0.33434063,-0.25431883,1.4693685,1.3750042,1.0766087,-0.11816516,0.44299686,1.1213485,2.1652634,0.73319834,1.4648937,-0.09520258,1.2199472,-0.639796,-0.23801339,1.8220762,-0.40971816,-0.7006351,1.0389265,1.143211,-0.5969013,0.94254786,1.4816083,0.4099272,0.712558,0.5295705,-0.49862334,1.1191753,-0.5970449,1.4994358,0.520789,-0.9357562,2.321261,-0.057988606,1.1157874,1.3272943,-0.7435911,-0.6487708,-0.8859683,0.27001312,-0.08856757,0.44792017,1.5300446,2.216858,1.1165116,0.9826109,-0.069486216,2.0777912,1.0694057
0.83449966,0.43119934,0.979517,-0.45783192,0.10485253,0.3616145,-0.21485627,0.63105243,0.49905974,1.1369351,-0.6511053,0.33248973,0.20196132,0.17604686,0.0020397808,0.63129973,1.2914293,-0.354352,-0.5531256,0.42199767,-0.28626624,0.63434345,-1.31473,-0.13941579,-0.17632578,0.08150817,0.7552312,0.7833889,0.9218943,-0.7370925,0.27916864,0.13860086,1.7317073,-0.35615054,-0.16174433,0.9015824,0.27908573,0.69355494,0.3297474,0.7462865,-0.25128445,-0.37876326,-0.30890438,-0.22335668,-0.7373464,-1.2588861,0.34696168,1.0546966,0.3994816,0.13714185,0.8007466,0.618985,0.7402622,0.36409667,0.22602221,1.4836696,-0.46457604,0.4052189,0.1540094,0.17912644,-0.16660619,-1.1873145,1.0559297,0.167416,-0.072946206,-0.8561206,0.7294458,0.17772642,-1.9098954,1.6153554,0.19430421,-0.93528706,0.27899635,0.095593795,0.5558786,-0.6136538,1.2253541,-0.16943555,0.7776835,0.24921304,0.3198763,0.47049296,0.12815572,0.08697811,0.059705652,0.88502514,-0.28838277,-0.835541,0.3664309,-0.07483444,0.7050792,-0.010748642,-0.40489063,0.46485856,-0.33315828,-1.4157593,0.1553698,0.09180274,0.62659943,0.68224216,-1.1001513,0.3760169,0.8391135,-1.0050004,-0.23936667,-0.60323346,0.07707301,0.4183803,-0.77966005,-0.584304,1.3171538,0.19379745,0.8549443,0.56052357,0.6688884,0.227639,-0.41413662,-1.3956525,1.070561,0.7843115,0.9874296,-1.1570896,0.34175885,-0.75597346,-1.3792982,0.5855441,1.5874716,0.29524258,-1.0157344,-0.05419137,0.28386623,0.5312679,-0.33710605,-0.8844008,0.627106,-2.3269005,-0.22010382,0.049740724,0.19309762,0.8031675,-0.35258594,0.2408117,0.07574603,-0.68171096,0.5140899,-0.5056233,0.75371236,1.179659,-0.28979266,0.9364713,0.3106425,0.012542918,0.017168965,0.49181402,0.76344573,-0.42786196,-1.0004243,0.80431974,0.41406298,0.2263717,1.4471744,-0.99800336,0.374865,-0.31851155,0.61825144,0.27204812,0.629453,-0.025265183,-0.29309946,0.6321596,0.29272622,0.16736291,0.5522911,0.39836544,0.5983926,0.2585053,0.57353693,-0.59305,0.15761615,-1.0127271,0.3894124,1.4579982,0.6829618,0.11455776,-0.25915623,-0.39622512,-0.10193358,-0.7624173,0.45802525,-0.6133692,-1.5762897,-1.6820176,0.6144086,0.026345726,-0.53924614,0.34664,1.217083,-0.8106589,-0.15858406,1.2466937
1.007275,-1.0064715,-0.9833694,0.8755787,-0.068083435,0.053090632,1.3242241,0.26483807,1.4538021,0.7148414,-0.5158618,-0.54977316,-0.3545655,0.51416653,0.82281715,2.0263329,-0.08967715,0.36891487,-0.116554484,0.992334,-1.315139,0.35709843,0.60416037,0.12766656,-0.2863871,0.5585937,0.42438728,0.22882819,-0.51954377,-0.43213853,-0.08337734,-0.6444957,0.17292017,1.5862194,0.7352328,-0.8002864,-0.94499636,1.9832749,-0.7186194,-0.9716804,2.0549393,0.505292,1.1155922,1.566879,0.139956,1.7662594,-1.0087506,-0.5679033,0.46857467,-1.3662746,-1.088919,-0.7337717,-0.8293713,-0.29139185,0.51031405,0.50287104,0.812328,-0.14829125,0.9604088,0.5460531,1.1415596,-0.4227654,1.0611986,-0.88455003,-0.50539666,0.6917013,-0.57769555,-0.44939363,0.17656016,1.3357127,1.2766331,-0.057463467,-0.43537328,-1.0209816,0.3451807,0.3937919,0.6347465,0.33422276,-0.5987099,-0.7462072,-0.68058985,1.8986442,0.5092308,0.82949585,1.1671813,0.47141004,-0.17324707,-0.35316348,0.7606023,0.32588008,-0.8826883,1.2425853,0.16354284,-0.084490195,-0.651529,0.30550244,-0.86347556,-0.11529563,-0.8510517,-0.4274594,0.658518,0.19452228,-0.34407246,0.9421239,-0.22727206,0.33017194,-0.49978808,1.3556025,1.866703,0.21445708,0.16185148,0.7065651,-0.2683314,1.0823755,-0.46616524,-0.547021,1.4573996,1.5418683,1.8112552,-1.3417624,0.51341873,1.4733576,0.2446619,0.6381993,0.50830615,-0.48452988,0.885996,1.6314709,0.17541175,0.40029076,0.43453336,0.99890095,-0.321868,0.036149606,0.57070625,1.4576367,0.25358975,-0.51408166,0.6458916,0.049013328,0.96340144,0.6232804,-0.07541109,1.0347283,-0.5501404,0.25982824,-0.3998455,0.6631252,-2.087524,-0.1637065,-1.0322121,1.2048522,0.4701202,0.8798983,1.3574958,-0.2939898,0.045821976,0.38886976,1.2086439,-0.28224728,-0.16218635,-0.0957413,0.8299306,0.19836476,-0.4152315,-0.14132069,0.06372169,0.09218219,0.36841676,-1.0998322,0.7881406,0.7108963,-0.46717745,-0.035195693,-0.7779933,0.6945293,0.11093725,2.0774412,-0.5263848,-1.105085,0.80055004,-0.21699852,-0.4610985,1.3522706,1.3980455,0.60967267,1.4330667,0.749977,1.7370658,0.39109486,-0.870903,0.24386613,0.81462747,0.5596455,0.73917437,-0.79217017,1.2214866,0.61728376,1.2808657,-0.56843895
-0.6748403,-0.74493957,0.07362066,-0.7258357,-0.7347806,-0.19648626,0.47654536,-0.25909278,-1.0524216,-1.2257391,-0.3222522,0.6816841,-1.1416252,-0.7705702,-1.0477586,-0.7535387,-1.7383137,-0.39411917,-1.254782,-1.7131796,0.35294044,-1.0217494,-1.1256381,-1.5637728,-0.64355886,-0.35724872,-1.2792759,0.21583828,-0.3198556,-0.11089368,-0.56792206,-1.0910516,-0.67889977,-1.2774941,-0.3191833,-0.6003131,-1.0972649,-0.4071395,-0.24290235,-0.709127,-0.46836394,-1.3099296,-0.4813662,-0.49127394,-0.46315336,-0.4433083,-0.19639543,-0.020344136,-0.3703769,-0.06590579,-0.64872056,-1.4198391,-0.717563,-0.3700971,-0.9294542,0.08220643,-0.5130467,-0.26941907,0.12546396,-0.49206486,-0.25031295,-0.38754162,-1.4522581,-0.32629544,-1.0868672,0.37032673,-0.7596085,-1.1935325,-0.21789339,-0.6076762,-0.41076112,-0.8410903,-0.73108345,-0.10922384,-0.59457153,-0.7216281,-0.97007924,-0.57957965,-1.0459315,-0.87103343,-1.1270115,-0.38731647,-0.8142575,-0.26260775,-0.22171855,-1.5199792,-0.23238733,-0.6622394,-0.41530767,-0.040533997,-0.7535145,0.34912893,-0.5526027,-0.71841574,-1.0125035,-0.6323537,-0.8714193,0.044874836,-0.49628386,-0.42118976,0.21903636,-1.4421905,-0.6769625,-0.94608366,-0.7326106,0.22368258,-0.67897975,-1.188609,0.6993545,-1.1307143,-1.1453966,-0.8098668,-1.0161834,-0.6479225,-0.36906543,-0.65198535,0.13239995,-0.9949582,-1.125736,-0.4714625,-0.9751655,-0.026583878,-1.340771,-1.0217158,0.121453896,-0.40190902,-0.77677983,-0.6160781,0.029319981,-0.049262915,-0.729608,-0.37153813,-0.0566381,0.12952523,-0.41827098,-1.7509382,-1.301697,-0.8354366,-0.34259066,-1.2196248,-0.34248537,-0.08996342,-0.70133233,0.9232407,-0.5242331,0.029232807,-0.4012826,-1.0608418,-0.22428983,-0.19349444,-0.5112946,-0.95722806,1.010256,-0.67595947,-0.75599873,-0.002611595,-0.90911037,0.069881365,-0.07367319,-0.42857033,0.0063481852,-0.44365665,-0.4395737,-0.6679141,-1.3594261,-0.36599544,-0.69601816,-1.490412,-0.21781135,-0.3417581,-0.6099167,-1.0144222,-0.25362378,-0.38286728,-1.1218392,-0.37554425,-0.76562434,0.2891806,-0.60249615,-0.472796,-0.5073952,-0.81292474,-1.2832611,-0.28937072,-0.9237997,-0.08386013,0.04352473,-0.48962608,0.22284493,-0.5321815,-0.070479974,-0.5581112,-0.63005924,-0.8602956,-0.6120229,-0.45128897,-0.80235046,-0.12183492,0.22860256,-0.5533162
-1.185386,-1.5583414,-1.0016187,-0.48462376,-0.80031973,-0.22054227,1.5743916,-1.5295945,-0.5994039,-1.4391773,-1.2602432,-0.068422996,-1.0159094,-0.00636209,-0.9559854,-0.23874032,-1.0755143,-0.6219346,-0.6941158,-0.61615616,-0.4865276,-1.4127506,-0.9350786,-1.536397,-0.73146874,-0.4459311,-1.3497608,0.4508534,-2.12637,-0.6174478,-0.45322362,-2.1254597,-1.1779315,0.121140525,0.17821246,-1.4996046,-0.92773074,0.2120385,-1.3870158,-2.0439532,0.17103466,-0.6942303,-0.47530746,-0.84428203,-1.221057,-0.94122785,-1.4167926,-1.5958848,-0.4666353,-1.6337547,-1.5984151,-1.497856,-1.6519712,-0.12209318,0.05237017,-0.98362315,0.09317038,-1.8798163,0.32883817,-0.8682827,-0.64819854,-1.006742,-0.93572235,-1.7906896,-0.5625081,0.42305288,-1.5481495,-1.180088,0.23871538,1.1989216,-0.039967164,-0.38646984,-1.5588083,-1.3774474,-0.9851629,-1.1899914,-0.62269485,0.04292418,-2.0547862,-0.6821377,-1.6411282,0.79004484,-0.85904866,0.6564999,-0.5730457,-0.94731075,-0.8865275,-0.10471149,-1.194059,0.22927284,-1.3446699,0.30214044,-0.6481014,-1.3216064,-1.245599,-0.22840752,-0.25354075,-0.4238323,-1.6539648,-1.6261632,-0.38555855,-0.47750401,-1.1920698,-0.025874697,-0.6413284,-1.3996819,-1.5376987,-1.4430015,0.5668236,-0.9835395,-1.374324,-0.9767721,-1.270936,-0.8905912,-1.6020916,-1.1245155,0.23928289,-0.61648047,0.16146405,-1.1911207,-1.3369793,-0.5070074,0.24404828,1.125326,-0.45591304,-1.5755928,-1.0293981,-0.038450543,0.37113783,-0.51763403,-0.2360337,0.21716774,-0.7289961,-0.14760245,-0.9747841,0.31234142,0.3302316,-0.79221046,-0.5288961,-1.8421121,-0.19631413,-0.8764084,-1.7909654,0.2325366,-1.8697864,-0.5090895,-1.8855649,-1.3890097,-1.1810207,-0.7851481,-1.9598827,-0.78482443,0.29438967,-0.3713948,-0.114850625,-0.14950715,1.2108788,-1.558614,-0.41620177,-1.0723836,-1.3613123,-0.7988916,-1.4265015,-1.1394827,-0.554823,-0.89076316,-0.98313093,-1.1002064,-0.20194256,-1.6935122,-0.05066211,-0.98069793,-1.4202514,-1.7243108,-1.94818,-0.61978483,-1.4367222,-0.0788232,-1.2752022,-0.80020547,-0.031999532,-1.935986,-1.0186937,-0.33533335,-0.30892882,-0.6191225,-0.17715281,0.038123555,-0.4636922,-0.7446002,-0.7553464,-0.08547237,-0.6890685,-0.7736562,0.49054226,-1.4267576,0.11101022,-0.64874715,-0.68835306,-1.5718635
1.5843818,-0.26733127,-0.28282976,-0.15366834,-0.5586967,0.59148884,0.5290589,0.10501649,0.2975977,-0.007319805,0.09431632,0.55657756,-1.3162615,0.36150557,-0.07876584,1.9292444,-0.1914971,-0.23282427,0.77580756,0.5710568,-0.6479055,0.36287788,-0.7713493,1.0090824,-1.0689645,0.85703564,0.5344686,1.3500743,-0.13378574,-0.29201788,0.07378542,0.25354412,0.20832416,1.0413064,-0.09037355,-1.2164106,0.93635184,1.4282498,-0.47405955,-0.58817416,0.8245454,0.23612343,0.24558437,0.6196872,-0.28456602,-0.6725727,-1.2023599,-1.3857976,0.28267464,-1.2085582,-1.2750633,1.4521768,0.09854203,-0.28804758,0.14439851,-0.01839555,0.30446276,-1.0981108,0.3752015,1.0657103,-0.016622785,0.42774552,1.237514,-0.12090338,-0.2593798,0.114707716,-0.5751339,0.2745776,-0.14359868,2.5189242,1.8193827,-0.3005803,-0.15971819,-1.0981215,0.44360024,-0.12899327,0.06331694,-0.25761095,-0.16738114,-0.57527596,-0.28063166,-0.27691498,0.5097759,-0.03322822,0.09942673,0.9595757,-1.3257079,0.42560023,0.4031032,0.08555495,-0.6171982,0.43692064,-0.5315775,0.34243664,-0.58791035,-0.3433769,-0.80164695,0.028279249,-0.48357534,-0.0066821603,0.15342505,0.005615864,-0.36665082,0.14700091,0.22756068,-1.1109902,-0.54829895,1.2774628,0.9746093,0.16244538,0.67334574,1.1051366,-0.5116684,-0.05816038,-0.67239225,-1.0724976,0.6278104,0.0027275123,1.339921,-0.48719442,0.82945746,1.0213581,-0.25308383,-0.86718535,-0.7591379,-0.5443412,0.6949212,0.50527054,-0.7628697,0.64564514,-0.3673883,1.019932,-0.06897993,-0.41551057,0.8493411,-0.30377448,-0.110361464,-0.28895196,-0.4381314,-0.1729555,1.6774995,-0.17885026,-0.9405502,1.0473324,-0.35461026,-0.6870339,-0.40727174,0.38865647,-1.6377125,-0.047521487,-1.3182515,0.619643,-0.45713055,-1.0673903,-0.10572976,-2.0234747,-0.44345832,0.6850058,-0.27529272,-1.1882492,-0.92199045,-0.5049134,0.12363824,0.4202374,0.65343857,0.24777341,-0.54898053,-0.8615664,0.06659328,-0.85234606,-0.66412807,1.0046772,-0.72497493,-0.2274611,0.6272804,-0.07127997,0.004544299,0.91817725,-0.49615616,-1.4775326,0.104583345,-0.11130799,0.49108756,-0.34301552,0.40858784,-0.28775635,0.2982785,-0.44485334,-0.68410003,-0.79907346,0.51343095,0.418378,0.7217793,-0.13458903,-0.2358937,-0.7538451,0.91124886,0.03565997,-0.09767838,-1.1624382
-1.4245673,-0.8738602,-1.3463616,-1.2195122,-0.8621189,0.40298328,-0.065660074,-0.45656714,-0.9829268,-0.58895195,-0.86769956,-0.19621435,-0.30339652,-0.55773777,-0.08435827,-0.97707,-0.7683992,-0.94188553,-0.56905556,-0.7812048,-0.90282553,-0.9508533,-0.21929938,-1.0340663,-0.8267672,-0.04800676,-0.20087302,0.17390513,-0.57561636,-0.18834299,-0.014333526,-0.56007963,-0.9988183,-0.7939298,-1.3727663,-0.69623417,-1.161453,-1.2307794,-0.2591251,-0.48984516,-1.8279723,-0.7085634,-0.38893008,-0.86380726,-0.48737478,0.042662166,-0.45905742,-1.0698496,-0.25250912,-0.17723234,-0.48480234,-0.90498257,-1.0546182,-0.5703274,-1.3033862,-1.2142575,-1.4082493,-0.53579754,-0.083968535,0.12509695,-0.43979916,-0.09488981,-0.64996797,-0.579091,-1.0486165,-0.3513332,-0.27396366,-0.7782102,-0.0331185,-1.2761856,-1.1096549,-0.96566194,-0.7649881,-0.73995435,-1.0417985,-0.8667476,-1.3695574,-1.0821766,-1.1488656,-0.16158466,-0.9517776,-0.41020408,-1.3629909,0.77740186,-0.6952843,-0.5469819,0.364889,0.11147477,-0.7026925,-0.13545161,-1.0646496,0.32744312,-1.1041774,-0.57383525,-0.5966683,0.13952929,-0.82592887,0.19524068,-0.84983355,-0.67080504,-0.11417954,-0.97046506,-0.5947278,-0.8349711,-0.5993695,-0.4907872,-0.90046823,-1.502065,0.67421424,-1.0080365,-0.9250352,-1.2111778,-0.33120915,-0.61879534,-1.0097215,-0.96290135,-0.61104363,-0.060826324,-1.4101202,-0.71790296,-1.0782644,-0.9645467,-0.45475593,-0.6260905,-0.0065246504,-1.0669171,-0.88854784,-1.3833638,-0.12026344,-1.3318106,-1.0916663,-0.45580372,-0.9763223,0.21867882,-0.4049786,0.5237142,-0.16757046,-1.1586338,-0.7174547,-0.9916002,-1.3358104,-1.9825598,-0.14600971,-0.50065774,-0.31073228,0.6528576,-0.92498606,-0.88229924,-0.06452027,-0.8137936,-0.4104317,-0.5219358,-0.21359506,-0.76550424,-1.505232,-0.69347185,-0.24975301,-0.82653993,-1.2689493,-0.8312604,-0.9993845,-1.0102155,-1.3338162,-1.1869655,-0.65747666,-0.42631298,-0.59625596,-1.0222771,0.19481745,-0.72984135,-0.86018264,-0.574129,-0.7421797,-0.97402686,-0.45547307,-1.579295,-0.51741016,0.63589835,-0.7532764,-0.26563907,-1.1960139,-0.63224906,-0.835792,-1.2171122,-0.5554781,-1.0929395,-1.3519087,-0.9079274,-0.15098348,-0.3406306,-0.8326091,0.31204665,-1.0167761,-0.9862612,-1.0733123,-1.1213835,-0.120359614,0.12910521,-1.1901743,-0.84160906
-1.4335325,-0.30015022,-1.436987,0.3205015,-0.13577484,0.3404538,0.19075811,-0.39723125,-0.24323568,0.60427487,-0.38166314,-0.96461344,0.5842685,-0.57451385,-0.5980498,-1.1742569,1.0488453,-0.67463344,-0.38773286,0.5589699,-0.33918542,-0.4742452,-0.12381715,0.16158174,-1.9054997,-0.53206545,0.2670214,-0.08895301,0.016301947,1.0554099,-0.03789739,-0.14168791,-0.4859845,0.14432879,-0.14929718,0.9754788,-0.52451414,-2.0903423,0.06452945,0.14487019,-2.3826149,-0.49297532,0.35731423,0.32783115,0.64115995,1.0430075,0.2904809,0.3997852,-0.111173406,1.0911185,1.0325035,0.30839518,0.4113314,0.6777528,-0.46892688,-1.2638097,-0.79447407,0.4110762,-0.4802136,-0.18132398,0.15890816,-0.33530334,0.30455646,-0.4315445,-0.3041307,0.47182098,0.8957556,-0.06483308,-0.30978087,-1.494757,-1.1529373,0.780568,0.8607229,0.2189369,0.054909877,-0.47412288,0.1429712,-2.0197089,0.15062079,0.676746,-0.16215374,-0.7734439,-1.1220078,0.13541967,-0.87360543,0.22455508,0.11906983,-0.23094158,0.31061336,0.62276286,0.1479674,0.5054781,-0.11325136,0.01484335,-0.36277276,0.22521912,-0.97151804,-0.6407619,0.6050081,-0.2526345,-0.30866313,-0.0592349,-0.51892555,-1.3522903,0.30333996,0.7879767,0.0810796,-0.29845116,0.08656608,-1.0603563,-0.04344392,-0.76002824,1.3691354,-0.73794967,-0.014607163,-0.031322867,-1.0001866,0.24834742,-0.71732354,0.1394298,-0.16283394,-1.0715309,-0.26009217,0.050699443,-1.2521895,-0.2586486,-0.1901088,-1.208446,0.53329384,-0.86614144,-0.6856887,-0.8987139,-0.57818484,-0.37438262,0.32004604,0.8083144,-0.6391019,-1.6067265,-0.75942653,0.4575739,-0.54096526,-1.5061182,-0.19698524,-1.3965442,0.5853156,0.21736957,-0.0056183226,-0.12628728,0.70971704,-0.33497778,0.111491434,-0.27874032,-1.4919695,-1.2457846,-0.4823507,-0.021037059,-0.92713547,-0.41013694,-1.7326788,0.54683733,-0.33668694,-0.36028856,-0.72430116,-0.19753172,-0.2526507,-1.258386,-0.093768075,0.07009022,0.36801827,0.12978587,-1.141094,0.093928374,-1.0935874,-0.3669501,0.42957234,-1.4265094,-0.28979933,1.0499141,-0.20059876,-0.37463656,-0.6168346,0.5456685,-0.1307013,-2.0817068,0.13488275,-0.52074087,-1.7250662,-0.540284,-0.14699006,-1.0551084,-0.78813076,0.07555477,-1.1448367,-0.6218244,-1.6818086,0.30442065,0.6120232,0.37311473,-0.7354096,0.07315939
1.5358053,0.4659123,0.2586933,1.2607725,0.59464425,0.5985666,-0.1882608,0.22467715,0.5610795,0.878565,-1.2641052,0.521584,0.5675935,0.8120105,0.5182628,0.11637875,-0.07644961,2.402336,-0.9732898,1.678895,-0.45930067,0.33998048,1.1246524,1.4786723,0.87317884,1.4014615,-1.0518984,-0.2695617,-0.25290427,1.2348131,-0.3437185,0.6433082,0.66506106,1.6705649,1.1868715,-0.5570041,0.5721616,1.1379747,0.0065327417,0.110822946,1.9535751,1.1727998,0.18268356,1.7758785,1.1169658,1.0636197,0.14467923,-0.381046,0.04243931,0.15226129,0.32614183,1.3114532,-0.5270778,-0.8432785,0.9517019,0.12455658,1.7824445,0.6004159,-0.76625544,-0.46197268,-0.61999094,0.54080915,-0.96086466,0.45893937,1.4419497,0.3469344,0.10470836,1.271312,0.4578944,1.3608233,1.3261051,1.102349,-0.2173173,-0.6259352,0.8966484,0.8004159,1.8961927,1.9477807,0.14256379,1.0634148,0.5639367,1.2243929,1.6890612,0.0406397,1.2585787,0.21402754,1.2998761,0.5621381,0.38408276,-0.39232847,0.39646253,0.09034808,0.9307193,-0.7679557,0.31227973,0.2688077,0.6362076,-0.4020233,0.34954888,0.80645025,-0.9282371,1.1645161,0.37267613,0.3781176,1.074499,0.030550526,0.4137477,0.77765274,1.0688629,0.91681844,0.7959975,2.547436,-0.43608597,0.4949178,0.8166859,0.3815413,0.2887979,1.9929117,0.88073105,-1.0404302,-0.351566,1.2303149,1.1996868,0.76621985,-0.9506223,1.1391965,0.5498499,1.3360338,-0.17186305,0.66508,1.788053,0.9783437,-0.4288218,-0.66985327,-0.50490505,-0.1164525,-0.6106062,1.9375335,1.1679778,0.39231178,1.0018033,1.4795562,0.3048345,0.9369112,0.42371708,-0.24088477,1.1505643,0.4033537,-0.23709442,0.8883082,0.6721927,1.1353797,0.6929003,0.6761059,0.35642025,1.2521914,1.6242181,0.27845162,1.0079855,0.48741034,0.40585482,1.3857011,0.6472655,1.1027812,-0.4282628,2.2409236,-0.055481806,1.3714645,-0.84213763,-0.020126648,1.0458142,-0.9723225,0.50004333,0.47445643,0.33426166,1.5386336,1.0270278,0.39993787,0.4590006,-0.24168187,1.2226257,-0.62500393,0.3107169,0.96418273,0.47217393,0.50598633,1.5164909,0.8302277,2.3983812,0.75744677,0.4866905,0.98419416,1.9087415,0.96747607,1.7136364,0.20131755,0.24376282,0.56182873,1.4291408,0.22012126
0.002651291,-0.32095152,0.035960842,-0.503947,-0.24941216,-0.34217218,-0.9353199,-0.20393777,-0.41581285,-0.3084995,-0.66224146,-0.21160468,-0.63879323,-0.85779446,-0.9438116,-1.0369545,-1.1237687,0.25961995,-1.1066409,-0.6830677,-0.113228045,-0.50104123,-0.45501804,-0.46424907,-0.14566909,-0.17942607,-0.6560564,-0.3986597,0.05670043,0.17830537,-0.43030754,-0.24753462,-0.38411114,-1.1477886,-0.6865866,-0.44056806,-0.7548954,0.40987924,0.109375775,-0.27470654,-0.0887422,-0.05385852,-0.12927575,-0.1424083,-0.055882186,-0.4312921,-0.31504732,0.30999392,-0.8020641,0.13072224,0.23230983,-0.021632634,-0.36765507,-0.76130915,-0.32865945,0.08329341,-0.42320475,0.46581376,0.3274826,-0.0067489035,-0.26443222,-1.6603001,-1.1150733,0.21207714,0.008958589,-0.26313913,-0.08253491,-0.19893152,-0.6809188,-0.6864925,-0.3767566,-0.76848304,-0.6093333,0.09039573,0.07223206,-0.4393898,-0.5392305,-0.08829261,-0.2207165,-0.2180774,-0.3866626,-0.07408444,0.056227133,0.36293322,-0.10924808,-0.90536445,0.92065984,-1.0224196,-0.5555406,0.057729386,-0.7682049,0.21789885,-0.0051501007,-0.49397665,-0.23044279,-0.68029624,-0.084274165,-0.37259093,-0.32930666,-0.07632461,-0.4626323,-0.83436924,0.12943655,-0.44505814,-0.531006,-0.19257282,0.4662742,-0.61222374,0.19687152,-0.64815485,-1.2098337,-0.40363997,-0.606518,0.36263815,-0.01612642,-0.33149123,-0.3879263,-0.36455065,-1.1377213,-0.7015307,-0.7115692,0.57462347,-1.1094594,0.091016695,-0.1430161,-0.011322835,-0.5095337,-0.5440535,-0.42197394,0.29696408,-0.73242515,0.252658,-0.5176532,-0.3193802,-0.51405865,-1.49478,-0.94932175,0.112168334,-0.07978945,-1.0480579,-0.4137158,0.2424955,0.20937166,0.3535136,-0.040260084,0.5729348,-0.10211943,-0.63298327,0.045839444,-0.08894544,-0.3109106,-1.0817479,0.22733593,-0.18386737,-0.31314963,-0.18236671,-0.29601383,-0.25587657,0.23857094,-0.09840344,-0.18427572,0.17380589,-0.31466746,-0.42432478,-0.7865768,-0.33372778,-0.12494673,-0.32001275,-0.053851113,-0.28474876,-0.23610573,-0.804879,-0.33546627,0.0877026,-0.64626163,0.121163934,-0.01980124,0.34283176,0.026594827,-0.7516931,0.06932417,-0.73757505,-1.1709299,0.4455496,-0.057346642,0.19646865,-0.015746977,-0.34904268,-0.81111264,-1.2532378,0.07881481,-1.296974,-0.50831777,-0.3195865,0.22539271,-0.09413937,-0.7525993,-1.019721,0.36601898,-0.11990335
-0.2381569,-2.37705,0.09950711,-0.5692867,-2.9397776,-1.2353616,0.8868519,-1.2772955,-1.2405059,-1.0818157,-1.9201293,1.0113033,-2.9905803,-0.68020445,-0.11632915,1.3079556,-2.1102052,-0.69519776,-0.8052797,-1.4242243,-2.692383,-2.3940036,-1.2551856,-3.8084426,0.43868008,-1.035668,-1.016147,2.440648,-2.1358507,-1.9168364,0.5857168,-3.2075334,-0.50800866,-0.6090865,1.0431583,-2.1917024,-2.913827,2.035275,-2.7658863,-3.340399,-0.7538521,-3.3459206,-0.29155642,-1.009783,-3.2073383,-0.75304264,-3.6142664,-2.7761564,-1.347024,-3.2320719,-3.4654717,-1.1241119,-2.9704163,0.42041197,0.64653134,0.15801471,-0.37656423,-3.029199,1.1243528,-1.2413718,0.9037774,1.7467557,-0.4996722,-3.0223331,-2.7587066,-0.03212014,-3.2497084,-3.6555116,0.47984526,1.3260789,1.2880212,-0.8063189,-2.2171206,-1.3591269,-2.6586487,-2.0082872,-0.008711137,0.5460306,-2.6737368,-1.5152937,-2.859118,0.94251776,-1.8732249,-0.2854616,0.15978216,-0.3101226,-0.14938754,0.8328998,1.3718426,-0.51746386,-0.79879665,0.78253967,-2.186902,-1.1832348,-1.9311378,-0.7505627,-1.9192933,0.70418274,-2.7492807,-3.150201,-0.74383986,0.656518,-2.0339293,1.5822011,-1.60911,-1.7492579,-2.9416146,-1.3146559,2.1845844,-1.1093047,-2.1087058,-1.8713477,-2.5247767,0.2625298,-1.629889,-1.4192241,-0.88887215,0.47269392,1.0071567,-2.8344905,-0.9654456,-2.4753442,0.44650763,-1.360108,0.19537117,-2.7320776,-0.49836788,3.069864,0.3111261,-1.1182829,1.3235947,-0.42562225,-2.2773097,-1.7945464,-0.2067043,0.6848609,-0.29463214,-0.7743342,0.083400704,-0.9675123,-0.45559403,-1.2190751,-1.9539424,1.7089572,-3.3935385,1.7717146,-2.6447818,0.047142286,-2.9986975,-1.0826093,-2.641715,-0.17583118,0.52535415,0.029359106,0.16862425,-1.6480771,-0.4928181,-0.95761234,-1.1598123,-1.8956354,-0.87550986,-2.340987,-2.2107189,-2.6983783,-1.708223,-1.1795771,1.0406358,-2.3523393,0.72559494,-2.3947499,-1.020635,-0.586893,-2.7923684,-1.8787653,-2.8471346,-0.793667,-2.4129913,0.8730626,-3.3536103,-0.8890084,0.17052215,-2.3561273,-0.96819043,1.8267839,-2.3160782,-1.5576972,0.25330293,-2.0371864,-0.15785849,-1.8061439,1.8032678,1.2725878,-2.3707278,-0.9334506,-1.1508207,-2.7928102,0.28439307,-1.1352547,-1.7484053,-2.967745
-1.1443079,0.0070421714,-0.64395565,0.10344037,0.21893387,0.9147794,-0.25243112,0.6699482,-0.581055,0.050891403,-0.7240613,-0.11935199,0.08174514,-0.7172287,-0.023017442,-2.309642,0.1153185,-0.27368546,-1.2720965,-0.10643133,-0.55806255,-0.5213887,-0.6683631,-0.030796839,-1.0326903,0.6228818,-0.9573601,-0.9207062,0.13429339,0.91489345,0.26391715,-0.34025076,-0.32853603,-0.054359887,0.3876043,1.6003089,-0.84287786,-1.3327832,-0.08411503,0.6566022,-0.92148936,0.15708439,0.1931319,1.080356,0.82683223,0.19453931,0.66573554,0.22978005,-1.2686504,1.3940933,1.4192966,0.16345474,0.69199646,1.3079098,-0.0655875,-0.6078755,0.2952955,1.4444965,-0.50511193,0.59597605,-1.1284988,-0.55200493,-0.78122485,-0.06774229,-0.35195097,0.2353011,0.64532536,-0.11056995,-0.5962842,-1.2633158,-0.80017495,-0.30216342,0.2987168,0.47429776,0.44825026,-0.26538205,0.5274041,-1.0798929,0.073675595,0.9522544,-0.3142258,0.0018308554,-0.6266397,-0.07370436,-0.13553847,-1.1738417,1.3996482,-0.20924391,-1.1411501,0.6448845,0.52756304,0.9116984,-0.16437969,-0.47398368,0.030743571,0.11157162,-0.30945742,-1.0899874,0.52628905,0.16567789,0.19740479,-0.6354704,0.44471848,-1.639731,0.5189274,0.5654547,0.061541468,-0.78794575,0.44066274,-0.85983425,0.2939827,-0.17266887,0.17822371,-0.058329023,1.2230878,0.06100911,-0.43875757,0.3750625,-1.1803277,0.235666,-0.4428673,-1.2796086,0.060655814,-0.8532438,-0.5965905,0.85183096,-0.52650404,-1.6200428,0.2840431,-1.2538179,-0.069547325,-0.35239667,-0.39782977,-0.28308195,-0.12126839,-0.5212529,-0.20907249,-0.4447081,0.3010791,-0.07066348,-0.7537904,-0.2445961,0.21188903,-0.62432015,0.6157061,0.615887,0.5674598,-0.09516969,1.0714433,0.74310523,0.9667364,-0.7912843,-0.3205248,0.06760274,-0.18271646,1.2001609,0.023587042,-0.56894004,-0.6684005,1.4449464,0.044516657,0.41924825,-0.8426431,-0.37986273,-0.53814715,-0.21043459,0.519662,-0.29527742,-0.12991033,0.64075303,0.1742274,-0.89517874,-0.5768507,0.40145224,0.21608226,-0.73760974,0.016439963,0.7642851,0.357875,-0.6913238,0.64316607,0.18873382,-0.8175697,-1.3954604,0.9504752,0.5893594,-0.8445079,-0.0812782,-0.34201986,-1.2262174,-1.1716938,-0.8957932,-0.7046884,-0.14200683,-1.289621,0.35349214,0.2829585,-0.61710936,0.33412415,0.94698113
0.26135555,0.16771975,-0.59416133,0.45200765,-0.045227423,0.66658777,0.43999586,0.28570658,-0.29531145,0.3859747,-0.6003342,0.45436603,0.23091309,0.14356434,-0.26685852,0.02575896,0.2527265,0.6635884,0.5045706,0.116741106,-0.15844846,0.6696924,0.46316633,0.9552762,0.09036825,0.14507578,0.2192936,0.12380642,-0.1908713,-0.18332155,0.47749832,0.22040853,-0.06837006,0.8928848,0.3051126,-0.15817115,0.39002967,0.17539974,-0.12506673,-0.0056479992,0.2489554,0.12424617,0.4182012,0.68743557,0.38204765,-0.5306234,-0.2538789,-0.11937131,0.33017555,-0.36370182,-0.11645645,0.7506335,0.057927225,0.46875077,0.5890572,-0.0069456575,0.7706292,0.031857967,-0.2474946,0.3640866,0.47684166,0.23765221,-0.007127531,-0.12579484,0.34325975,0.81579125,0.2748228,0.558436,-0.14503542,0.5275157,0.7049397,0.5475733,0.21760002,0.29337525,0.76749283,0.47550005,-0.41419542,0.34438872,0.0119265765,0.15229343,0.18960762,-0.28350344,0.288677,-0.08677237,0.4244941,0.20426224,-0.6654661,0.9838823,0.7343852,0.6553301,0.14649498,0.103862405,0.053614758,0.3652407,0.26059222,-0.062620975,-0.14621384,-0.048881438,0.41804862,0.29290304,-0.030071449,-0.039308444,0.27059138,-0.21936688,0.1857438,-0.13718121,-0.12876546,0.45818937,0.035302356,0.45823744,0.023931488,0.8307951,-0.6226631,-0.3744139,0.5010481,-0.2103618,0.3685796,0.61564523,0.5167311,0.05642394,0.3180058,0.49158075,0.375296,-0.7486707,0.5451362,0.044379793,0.38954416,-0.32244715,0.044937853,-0.15209708,0.043860212,0.4572671,-0.07576234,-0.27192926,-0.08732264,0.83916706,0.724792,0.5615451,0.38298488,0.14919621,0.8312412,0.13098887,-0.17261101,0.6519399,0.042376913,-0.88294846,-0.16812803,0.0045759566,-0.31551543,0.41774783,0.29108557,-0.120241605,-0.2542529,0.24811463,0.07041705,0.33585814,0.23700038,0.37209088,0.103367284,-0.07591462,-0.14753076,0.48512548,-0.4192363,0.66640884,0.8040363,0.3793912,0.34354085,0.23814707,0.0017907992,0.064192735,0.106913045,-0.23518908,-0.15830718,0.5413817,-0.08543133,0.3276868,0.25747985,0.6843792,0.06882343,-0.12264784,0.23839378,0.047684558,-0.04858566,-0.29877967,-0.09670926,0.25129384,0.40912426,0.1181288,0.010407727,-0.5584852,-0.028973881,0.8936854,0.19631621,-0.057593416,0.22311556,-0.06625013,0.308104,-0.043909498,0.064944476,-0.23055813
0.8804859,0.19974414,-0.051886946,0.22031866,-0.09493099,-0.13969117,-0.17604339,-0.205692,0.5771854,0.8554439,-0.5343651,0.072145395,-0.059217766,0.43073255,0.5725723,0.48776868,-0.045387685,-0.06622196,0.8397031,0.38531494,0.57046133,-0.25402305,-0.103881754,0.08277081,0.3293225,-0.16983688,0.37642792,0.17932701,-0.1810145,-0.5675915,-0.20404726,0.027640326,0.739872,1.0996871,0.41301912,-0.049469203,0.23604138,0.7109568,-0.7309652,-0.46310592,0.38583124,0.24623026,0.8476467,0.6210822,-1.2179571,-0.29975536,-0.6249784,-0.06360747,0.88195515,-0.7176471,-0.5267524,-0.096713066,0.18252674,-1.0232909,0.9420282,1.1838758,0.23442924,-0.24588276,-0.3216374,0.42583612,-0.5911136,0.32634157,0.4335442,-0.12496842,-0.4832068,-0.9513612,-0.22557488,-0.3144771,0.18557245,0.5847294,0.5447991,0.15734431,0.052192613,-0.40604788,-0.11550269,0.4073823,0.37115544,0.66072893,-0.19636759,0.14896567,0.058973026,0.83140355,0.4203306,0.5834872,0.48471376,0.8670597,-0.5568467,-0.3570025,-0.074818134,-1.3171259,0.28784475,-0.28312913,0.26613182,1.1042389,-0.6994589,0.23907048,-0.2409102,-0.09519925,-0.47474957,-0.38578084,-0.29331315,0.2987057,-0.17430934,0.4176651,-0.35805497,-0.47906888,-0.27254507,0.6660162,0.21842474,0.22791152,0.61105907,-0.043875664,-0.11804867,-0.051003672,0.17353179,-0.2761263,0.028823085,0.09131011,1.0128065,-0.22474976,0.7190828,0.02146288,0.5233215,0.6084547,-0.20419924,-0.058027208,0.34755337,0.86826515,0.8500552,-0.22564432,0.5271143,0.15398698,-0.19496709,0.67271787,0.11154531,0.5905745,0.21443476,0.041694365,0.08773877,0.3055735,0.37626162,0.14731047,-0.36512232,0.124704316,-0.384259,0.18105358,-0.6495043,0.7991124,-0.6406931,-0.6318868,-0.025881771,-0.01322259,0.53553617,0.47536582,0.21646059,0.38467225,-1.0049165,0.0870713,0.30028763,-0.2772961,-0.1447916,-0.4218183,-0.4931836,0.102612585,-0.4816573,-0.107349604,0.76377374,-0.29827988,0.054123543,0.380261,0.3802885,0.43383873,-1.0810748,0.2769192,0.030056851,0.07470897,-0.40134364,0.18108204,-0.003645955,0.38321826,0.6425088,0.48661244,-0.1367146,0.25990787,0.15077314,0.56219125,0.40379077,0.7273725,0.45497492,0.16565083,0.17881712,-0.03665945,0.293274,0.7323041,-0.06321895,0.057973187,1.4074013,0.9670963,0.47833636,-0.07128521
0.099251255,0.035027295,0.26537845,-1.0559059,-0.8523427,-0.9661407,-0.7464916,-0.99125093,-1.2091804,-1.1733962,-0.94651884,-1.0715563,0.6764996,-0.61837274,-1.2508453,-0.8302201,0.38522676,0.0065518413,-0.36073458,-0.6162646,-0.52571344,-1.1349953,-0.65636706,-0.45997474,0.8662704,-1.2430055,-0.9599847,-1.386569,-0.9022691,-0.3589823,0.153788,-0.38388202,-1.0773721,-0.0692952,-0.73671037,-0.6026451,-1.3891029,-1.3499081,-0.5007796,-0.72890264,-1.1111948,0.93579566,-0.5129007,-1.103666,-0.1334364,-1.2209253,0.088900544,-0.26437342,0.105522364,-0.021879226,-0.6352934,-0.5853047,-1.4801625,-0.8202541,-0.24114585,-1.1604208,-0.31495368,-0.75227964,0.71203256,-1.403077,0.30438316,-0.6544261,-0.9913658,-0.5415128,0.14503776,0.26764834,-0.86996406,0.09750094,-0.101948686,-1.3953983,-0.28615674,0.33822197,-1.024554,0.042410925,-0.8901935,-0.13054602,0.09407936,0.15699679,-0.8492678,-0.18047102,-0.5173171,-0.4867307,-0.18245989,-1.2343309,-0.7101339,-0.48943046,-1.0354766,-1.0471294,-0.14482515,-0.09765259,-0.19957879,-0.44953018,0.07482577,-0.9493727,-0.5396935,-0.8863318,0.78267497,0.26811892,-0.7349101,-1.3895688,-0.20739047,-0.9910588,-0.64249825,-0.23667863,-0.21284623,-0.3168854,-0.33632198,-0.9597852,-1.6651195,0.061952144,-0.03752394,-0.06888038,0.18694125,1.262928,-1.2031864,0.05533415,-0.6517866,-0.747934,-1.0702962,-0.27724996,-0.9436417,-1.4399815,-0.17334233,-0.16429582,-0.07031207,-0.53839475,-1.6163024,-0.9904532,-0.3230766,-0.07660337,0.07344298,-1.929234,-0.8705349,1.4349153,-1.3197138,-0.0941661,-0.10345813,-0.76397014,-0.591692,-0.53096384,-0.38317892,-0.92550045,0.14200538,-0.73373324,-0.60290414,-1.5067121,-0.69837964,-0.941924,1.3719778,-1.6572767,0.33291596,-1.4323534,-0.7759873,0.19976324,-0.38698378,-0.5027994,0.38613412,-1.5183704,-1.0198784,-0.6699027,-0.511416,0.39608705,-0.5570557,-0.5030425,0.34115,-0.24909928,-0.60717773,-0.18633421,-0.09723569,-0.3687438,-0.082204625,-0.8931266,-0.46100307,-0.23934768,-1.5219636,-0.34738162,-0.30059147,-2.0214114,-0.3958165,1.7633088,-0.6520723,-0.5739443,-0.79645526,0.6077687,-1.9093874,-0.80263865,-0.46648327,-0.8138767,-0.7946873,-0.90867156,-0.9840313,-0.5473805,0.2334398,0.28702453,-0.5202616,-0.24875085,0.08526714,-1.8315114,-0.7823591,-0.67705995
-0.8196287,-1.051522,-0.027530378,-0.8181874,-1.18232,-0.42262974,-0.36663488,-1.0970039,0.04617974,-0.64060134,0.008083362,-0.48355475,-0.87135375,-0.37713748,-0.13941066,-0.08090366,-0.24427287,-1.1888726,0.37117493,-0.7091592,-1.0811477,-0.94305295,-0.4891133,-0.40437308,-0.5258857,-0.22977035,-0.0038036276,0.5461926,-0.33065286,-0.011642555,-0.43283504,-0.589375,-1.154042,-0.3212035,-0.88503546,-1.1951253,0.16805668,-0.5217759,-0.36361945,-0.7606545,-1.0662038,-0.45354462,-0.44656807,-1.0069356,-0.562448,-0.37854803,-1.0907261,-0.877823,-0.1868486,-0.7476405,-0.83171886,0.13572145,-1.0761243,0.10628057,-1.1454504,-0.924075,-1.7037886,-1.123855,0.5391828,-0.16024733,0.35273653,0.29825282,-0.08120337,-0.6953593,-1.1784892,-0.3792972,-1.1937035,-0.48020548,-0.5042397,-0.5645281,-0.55192214,-0.8677449,-0.7201074,-1.1278623,-1.3702458,-1.3521794,-1.3161149,-1.2515662,-0.6385699,-0.8855564,-0.9490471,-0.24072944,-1.1717271,0.47018415,-0.9290101,0.26573026,0.626056,0.09801161,0.054359514,-0.0046418384,-1.4039906,-0.3742238,-1.0103998,-0.8922781,-0.7941516,-0.33845395,-1.4999086,0.22130051,-0.6755172,-0.90956247,0.34180486,-1.0120122,-0.9629594,-0.38464677,-1.3041079,-0.7461209,-0.6757381,-0.36016285,-0.023065282,-1.2085437,-0.79973644,-1.0398743,-0.19175349,-0.68111634,-1.538691,-1.354003,-1.0346887,-0.10507467,-0.600619,-0.97739035,-0.7229537,0.5081614,-1.2522391,-0.5901197,-0.088660024,-1.2633735,-0.55407697,-0.5275559,0.1640173,-0.21508741,-0.812388,-0.038973518,-0.8582355,-0.1679691,-0.51969016,0.24132615,-0.64128226,-1.2333869,-1.3418615,-1.039915,-0.55798405,-1.1136295,-0.61719036,-0.43019152,-1.0043805,0.45497423,-0.41106552,-1.1031405,-0.741335,-1.2385131,-1.1195246,0.05576746,-0.28827816,-1.2279401,-1.198396,-1.8179681,-1.2966069,-0.8774111,-1.4345093,-0.8554526,-0.68873644,-0.7974516,-0.8698304,-1.0935552,-0.3159491,-0.5555174,-1.4775127,-0.65374357,0.3521847,-0.8790153,-1.3397696,0.4445781,-0.37770116,-0.9186188,-0.04682807,-1.2946177,-0.7489029,0.32858154,-1.2863314,-0.6933523,-1.4808247,-0.70486665,-0.10608364,-0.7727656,0.2080462,-1.6135335,-1.3282071,-1.2938595,-0.27577853,0.18786485,0.4068759,0.081574425,-0.5368366,-1.3162906,-0.89618844,-1.0838141,-0.02651364,-0.2638816,-1.156547,-0.90978634
0.6394743,1.0572158,0.75689137,0.45955786,2.123487,1.2482591,0.18832402,1.4844335,0.8998369,1.4513193,-0.34768078,1.4367635,1.3973345,-0.060013536,0.026574565,-1.5957292,1.5814936,0.53624284,-1.3323143,1.774015,1.0143168,0.25205973,-0.3077334,0.30971205,1.0248173,0.4954519,-0.08086171,-1.761928,1.6968975,1.0017864,0.67814845,0.75710076,1.1862199,0.10438399,0.032241464,1.9855351,1.3645983,-0.73996794,1.7515639,1.811264,0.14832969,1.3843918,0.74761975,1.1032418,0.7522134,-0.6036119,1.467544,2.6344972,0.103956014,2.3103912,2.2205458,1.1682577,0.793608,-0.8792291,0.9848475,0.28302866,0.5498615,1.9450179,-0.38757712,0.38472936,-1.3730392,-0.78442115,-0.62657106,1.6145186,1.2967708,-1.0367234,2.1279259,1.8478078,-0.9934542,0.057100907,0.5817603,0.099570625,1.1969378,0.98893464,1.7543026,0.55291444,1.4218222,1.0398905,1.1400741,1.5160584,0.52548367,-0.8866948,1.5478067,-1.1967254,0.6564435,-0.5692139,0.34920353,-1.4432925,-0.749384,-1.052674,1.5946515,1.1944206,1.3462381,0.36109272,1.291986,-0.19471142,1.4049766,0.16680717,2.0150712,2.0684726,-0.29157114,0.34543014,1.8008498,-0.52903485,0.30223134,2.2281387,1.6267903,-1.0742141,-1.2154078,0.22101848,1.474682,1.5114686,2.1940207,2.508676,1.2086165,1.7238576,-0.63176596,-0.41336492,0.029212821,2.0560431,-0.08199668,-0.41132084,0.96396923,0.77385783,-0.49846557,2.377162,0.3238706,-1.0354289,-0.11422864,0.35069832,1.1125175,0.16886827,0.850501,-0.044348672,-0.6302054,-0.3894387,0.11043332,0.1373027,1.0150305,1.0459826,0.29162085,0.7165331,2.3073127,-1.5382909,1.8016807,-0.5834896,3.0995376,0.97853786,1.9871439,2.2350385,2.0696216,-0.89490056,1.2079681,1.5616444,0.7953712,0.8049346,-1.7715724,0.39206436,1.4062095,2.044986,2.0683365,1.029889,-0.071102425,1.4136527,0.08511025,1.1748922,1.62289,1.0443892,-0.106014885,2.1172795,1.0174476,-0.85755724,1.2654754,1.636677,1.83358,0.53975815,1.6331335,-0.39809304,1.3895102,0.40119117,0.7704167,1.3923475,0.91829336,1.2310966,0.26688403,1.8363458,0.8597689,0.27720097,-0.21350974,-0.18948491,-2.031593,-1.5109657,1.2134273,1.5181153,0.35767955,1.5870297,0.6610993,-1.0142946,1.0508474,2.4037018
0.01883435,-0.42020538,-0.98948413,0.045865133,0.15518819,-0.95228994,2.1525393,-0.6732864,-0.64930767,-0.21075282,-1.7781807,0.42552078,-0.18499152,0.25788137,-0.6897727,-1.0780976,-0.42283857,0.2263081,0.24318005,1.1301697,0.081080206,-0.8574758,-0.8391477,0.68486196,-0.8565437,0.19006716,-1.1662773,0.44886476,-0.89967906,0.30822304,0.30539426,-0.93693155,-0.64771694,1.5150918,0.46840113,-0.8580629,-0.22531228,0.5654161,-0.74323434,-0.76312953,0.37104517,0.20895068,-0.31926382,0.6017402,-0.6818633,-1.5774958,-0.9311778,-0.7145988,0.21392557,-1.7185931,-0.79622823,0.019063003,-0.72043097,-0.5269234,0.27896222,-0.7340591,1.3828137,-0.56052184,-0.27507734,-0.52605706,-0.82769626,-0.26136947,-0.95608115,-0.9837639,0.33675832,1.6110153,-0.6027436,0.6091015,0.18871051,1.6934918,0.6753502,0.6750917,-0.56457996,-1.0980736,0.14226505,-0.5931182,0.23291047,0.9187979,-1.0691551,0.57216454,0.041841872,0.6363788,0.73916286,0.6575244,0.32772648,-0.46338278,-1.4463987,0.04149223,-1.08309,0.060848914,-0.29349676,-0.01115218,-0.0030827583,-0.48005795,0.19863623,0.42393208,0.59665453,0.6757574,-0.61742634,-0.46507326,-0.14102916,-0.49683338,-0.3718339,-0.2783933,0.28399396,-1.1489668,-1.1461507,-0.27173847,0.8369908,0.05641003,-0.49905002,-0.61246186,-0.4026707,-0.40481246,-0.58197194,-0.56714624,-0.36882317,-0.34008506,-0.0969706,-0.19332339,-0.8144987,-0.9159106,1.1742921,1.5612372,-0.4850424,-0.19612919,-0.89584213,-0.9650795,0.34042352,0.7546842,-0.01112625,1.1190435,-0.65297747,-0.26764306,-0.6883267,0.7182902,-0.0066560707,0.09597658,0.08627123,-0.87816447,1.6462449,-0.04818136,-0.7218808,0.7871095,-0.7475596,-0.6790175,-0.64569664,-0.5081524,-0.92903954,-0.45217866,-0.8291002,-1.0932252,0.9848907,0.4984334,0.09672466,0.19539234,0.3166782,-0.7591877,0.31261444,-1.2625836,-0.509664,-0.5149722,-0.5380354,-0.27846667,-0.6438782,-0.021592375,-0.056670956,0.1350021,-0.7359267,-0.48933434,0.85274357,-1.0857042,-1.0027264,-0.48943096,-0.7780601,0.6454964,0.0033340864,0.36531755,-0.25538975,-0.14937124,0.27999574,-1.2355522,-0.7594453,-1.0358925,-0.38995016,0.47028208,0.27121532,1.6122872,-1.1405164,-0.954733,0.064890474,-0.04393531,0.6147074,0.45904097,0.63126653,-0.042181883,0.6321234,-0.07915267,0.019549195,-0.72720075
-0.15449585,0.37769043,0.77425545,-0.1277841,0.3794885,-0.34317696,-0.5561902,0.8568703,1.1329544,0.63373435,0.5724187,0.08696893,-0.25453544,0.38501868,0.5350176,0.13939258,0.98241776,0.5219972,1.7137084,0.74602723,0.12837332,0.6235797,0.6939597,0.21350192,0.3173177,-1.0724753,0.8727127,-0.26405334,1.2543265,0.344396,-1.1241674,0.6367378,1.1978341,0.42139903,-1.2570953,0.36009106,-0.13448139,0.6348703,0.8222576,0.5105665,0.70545393,-0.11352324,0.58016473,-0.88613445,-0.29113013,0.67650974,1.0602068,0.56845033,0.5466073,0.33761448,-0.24057142,-0.38602445,0.6972243,0.3075415,-0.2738343,1.1724873,-0.66255766,0.7556068,-0.76912105,0.6529138,0.9237268,0.18489009,0.9826587,0.5003459,0.5257231,0.82664526,0.11721493,0.4064063,1.973725,0.31577933,-0.88464296,1.0993323,0.60088384,-0.69622177,0.593065,1.4896063,0.08718455,0.80737406,0.45942092,0.45433116,1.0301437,0.59426254,0.70514965,0.17800242,-0.43892694,0.76223296,-0.0095518045,0.31121278,-0.46149,-0.21940288,0.80362916,-1.2724476,0.51438946,0.44239718,0.22235209,-0.0424845,-0.6976693,-0.49335644,0.8364892,1.5349112,0.8511019,1.302601,1.0059963,0.58636713,-0.50918996,0.75618625,0.7642087,0.1826019,0.3679984,1.5292875,0.49992508,-0.10314483,0.8668967,-0.11026328,0.4679691,0.6168795,0.59021014,-0.39249223,0.24579166,0.049950782,0.6230863,0.4333793,0.007890642,0.93330014,1.2778009,0.8721125,0.768428,0.2646493,1.5057634,0.44730914,-0.94976866,0.7124018,0.5480387,0.80515903,0.62170833,0.31770456,-0.7737857,1.1277906,0.35267428,0.6165396,0.47114,0.55352736,0.7143309,-0.08900743,0.31430697,0.05380548,0.60280293,0.9500914,0.264144,0.9525469,-0.09138123,1.4227612,1.0280033,0.10432081,-0.19292265,0.45851573,0.18632093,0.69478077,1.0574515,0.14750738,0.64233863,0.19742501,0.2901628,1.0467578,-0.11710498,0.7525203,0.24258862,0.7621761,0.24028721,0.50903165,-0.29154465,0.64894944,0.31756824,0.51526475,0.94286454,0.92582196,0.6077897,-0.8471668,0.7815412,0.11263481,0.21965256,0.6370105,0.49093664,0.060850244,-0.10503537,0.46950987,-0.26478347,0.0035623778,2.7634966,1.2016193,1.2649833,0.44480056,0.6154221,0.33054858,0.5660254,0.5350261,-0.23813695,1.1734135,0.20481762,0.9568513
-0.36118665,0.07603255,1.339421,-0.79638755,1.6974247,0.13118145,0.069934174,1.3071939,-0.23990911,0.3236599,1.3830864,-1.5097916,-0.21907903,-1.766837,0.40147752,0.304909,1.0070281,1.3079963,0.2905994,-0.42512867,1.0149759,-0.14004909,2.0266204,-0.33527502,-0.9898337,0.29334155,0.5434729,-0.9666473,1.1445998,0.19327615,-0.7347748,1.0536873,0.5701473,-0.016934175,-0.6907823,2.1792893,0.46879894,-0.55688924,2.087598,1.7085238,0.14314422,-0.36112115,0.45360056,-1.549455,1.3259548,1.6469371,1.5955127,1.1672716,-0.302415,1.6695117,1.5742655,-0.080574565,1.2805834,0.34820947,-1.663415,0.856509,-0.35592112,1.5207243,-0.19734083,-0.98078173,1.3298404,-0.21082228,1.4120475,0.8547879,-1.6497272,-0.49097604,1.0118095,-1.586914,0.20196602,-1.4594612,-0.7516217,0.6866337,1.8493215,0.78561795,1.5904847,1.0004181,-0.072096035,-0.13533689,1.3431584,-0.00823612,0.8616607,-0.60481685,0.2335947,0.535213,-1.0118945,0.88519937,-0.32016715,0.6714734,0.09653975,0.66996044,0.8698925,-0.521467,1.875478,1.1608839,0.42452142,1.1344861,-0.41410297,0.11765092,1.656261,1.2506639,-0.9010595,-0.18729642,1.1569151,1.1700658,0.09015503,1.1741178,1.1041145,0.5758241,-0.95718694,1.0911688,-0.19314618,0.95356673,1.4863076,0.69228727,1.4660721,1.3529737,0.80854243,0.14010906,0.20752566,1.3473755,0.625657,0.050524116,-0.643865,1.9506456,0.6945373,1.5403543,0.41326323,-0.20314321,1.8391789,0.19470283,-0.68229246,-1.7484567,1.9009364,1.2485149,3.0496356,0.5220442,-0.8553064,0.17111048,0.31220394,1.2579995,0.9850996,-0.22497886,0.4176472,-1.3508431,1.9301767,-1.5429531,1.4697787,1.0302848,1.7136493,0.41823012,1.1285404,0.40984458,-0.5028858,0.42306623,0.9729341,-0.29169783,-0.20869763,0.16284253,0.72605747,2.0864043,0.87699115,-0.12026838,0.75279284,1.5824528,1.4725486,-0.5333674,0.6474795,0.2929157,-0.21870941,1.8061094,0.29705292,0.8926522,1.2046237,1.3907583,2.0207326,0.9889963,1.0041069,-2.0718052,1.7042568,0.90877444,0.10530228,2.634749,0.67311335,-0.4811302,0.68867004,0.82423234,1.000975,0.08188028,2.6972811,0.14606372,-0.17468566,2.2760813,-0.6078853,0.933739,0.3247021,0.41473112,0.93281215,2.1770527,1.176833,1.6361436
0.6724772,1.3438162,0.09442964,0.15759179,0.56185097,-0.39951023,0.607825,0.45830306,0.7455433,1.4144155,0.16470462,0.06223806,1.0769708,0.039262082,1.1477708,0.3574648,1.14691,-0.3110197,1.3526598,1.1372932,0.87554055,1.4808204,-0.42447817,0.79701036,-0.06877986,-0.6362913,0.6940325,0.8638064,0.35387927,1.0144637,0.6880938,1.0378803,0.8913661,-0.2577483,0.07938848,0.44193357,1.2899079,-0.06212396,0.42146152,1.3355685,-0.4006673,0.5458192,0.56947064,0.7542142,0.5791058,-1.5567832,0.582809,1.2834862,0.7307537,0.82171357,0.81801754,0.9144633,1.4506305,-1.5584816,0.8027685,0.45206589,-0.15100726,0.7975911,0.22283813,0.55743074,-0.517857,-0.8150276,1.0728934,0.47117612,0.22482535,0.31986207,1.1297466,1.3840345,-0.99336994,-0.29684982,0.041564874,0.65869224,1.2899956,1.2167875,0.681682,0.12674734,0.5260956,-0.36663997,1.0781226,0.85730004,1.1762455,0.20477588,0.13763426,-0.4615388,0.5586578,1.3694471,-0.34290245,-0.78503877,-0.3220135,-0.15738729,1.4027756,0.47997183,0.08221353,1.1008673,0.06268647,-1.0042518,0.8298946,0.86735034,0.88219386,0.40708718,0.28735924,0.64377975,0.4989559,0.87467855,0.3853088,0.17164233,0.8053634,1.4499413,0.5125291,-0.32152453,1.2760125,0.44562626,1.3832511,1.3590512,0.31936628,0.8816867,0.18149535,0.45422742,0.97737634,1.5984508,1.561756,-1.6477922,0.44011256,-0.045053974,0.038196415,0.6949365,1.7013007,0.67529076,-0.38769764,0.038900908,0.66471237,1.2008495,0.31643677,-0.97732943,0.81098634,0.44541585,0.14911453,0.0082564745,0.3405755,1.3762901,-0.2962791,0.44810966,0.47381005,0.9278003,1.045765,1.0691546,-0.016628,0.7827907,0.38818675,0.49624953,0.91737264,0.26910603,0.5132152,0.15178834,0.15032822,1.1255729,-0.055200476,1.3627551,0.1549805,0.44715795,0.47608292,0.19965953,-0.226833,-0.09862356,-0.28326225,0.097662926,0.39985204,0.16378267,-0.35318416,0.4260042,-0.06465011,1.4659938,0.14615224,1.3059171,0.90455604,0.18877153,0.46229744,1.3611321,0.12877463,-0.25783944,0.63940907,0.91094166,1.5329245,-0.14617871,0.62611026,0.23308033,0.44361728,1.2248487,-0.79577464,-0.6924819,-1.2350829,-1.0090433,0.640353,0.6818363,-0.045009527,0.29745173,0.7376457,-0.12010306,-0.07008352,0.94811016
-0.16804744,-0.33421642,-0.5207515,-0.7354095,-0.99947923,-0.33675677,0.015555728,-1.0065073,-0.036563918,-0.4041713,-0.77284044,-0.62340605,-0.22035812,-0.50351286,0.032176822,0.2387704,-0.19294406,-0.81876934,0.16415364,-0.31887907,-0.80804765,-0.15346333,-0.47198218,-0.2782084,0.19937569,-0.16913718,-0.26296455,0.7070071,-0.27700618,0.16563039,-0.2610251,-0.38454378,-0.6372802,-0.034662325,-0.749159,-1.0288692,-0.048578396,-0.36013332,-0.7298911,-0.13404408,-0.7773464,-0.035899512,-0.25317922,-0.4008602,-0.72606254,-0.6406378,-0.96915156,-0.7042881,-0.16579606,-0.8541508,-0.7152348,0.36731553,-0.71899855,-0.20923662,-0.3924229,-1.0428563,-1.0972679,-1.2426623,0.66574794,0.4165372,-0.0007226048,0.048235975,0.21297312,-0.79090255,-0.011510704,0.21158382,-0.47180906,-0.10183341,-0.10488553,-0.024298297,-0.3779406,-0.43666744,-0.7122823,-0.61046517,-0.90115696,-0.52371836,-0.56943977,-0.59351385,-0.49351114,0.08241828,-0.4274559,-0.39477402,-0.7680069,0.4647381,-1.1974452,0.4636308,0.15846676,0.10759278,-0.5148552,-0.25047812,-0.47101787,-0.34286648,-1.0009072,-0.43759805,-0.96705437,-0.13718545,-0.7359786,0.16546385,-0.6979183,-0.7844298,-0.25630188,-0.07117562,-0.8343917,-0.39370102,-0.75057155,-0.90088254,-0.899274,0.056994416,0.015664985,-0.51878214,-0.17071266,-0.7333168,-0.30784103,-1.0633696,-0.90784097,-1.189738,-0.82411474,0.21920638,-0.2009197,-0.93339735,-0.17677672,-0.31964535,-0.36990663,0.09326604,-0.3585996,-0.8852516,-0.18308781,-0.4020706,-0.21069697,-0.6702537,-0.42750418,-0.094476216,-0.89930063,-0.8021579,-0.32008013,0.061337776,-0.10494789,-0.28814238,-1.0673301,-0.41366157,-0.5316811,-0.5417831,-0.43314365,0.1402496,-0.5587735,0.36032084,-0.74211925,-0.75449044,-0.80974257,-0.7672859,-0.7241497,0.4322238,-0.54415095,-0.6894453,-0.837501,-1.3021594,-0.26947996,-0.45547777,-1.0981126,-1.1041416,-0.9361313,-0.8888607,-0.89037275,-0.99949497,-0.27571377,-0.27750647,-0.69826734,-0.5123383,0.19928849,-0.7871119,-0.92958385,-0.05442273,-0.7725046,-0.89845586,0.07504072,-1.0003881,-0.6741368,0.6258118,-0.8500218,-0.20420761,-0.5357661,-0.5954041,0.27193797,-0.59211874,-0.3740241,-1.2548271,-0.9336667,-0.7137931,-0.32750505,0.15091427,0.21154875,-0.305584,-0.61532485,-0.8018778,-0.49179843,-0.48340052,-0.033319164,-0.08041112,-1.2481953,-0.9939452
-0.4816255,-0.58460206,-0.7742101,-0.69592017,0.4977415,-0.5171386,-1.812389,0.38438264,-0.013411656,-0.073687464,2.4128366,0.2206254,-0.11562013,0.08980989,0.52245754,1.5805084,-0.500532,-2.16825,0.66627854,-0.13544983,-1.1349249,1.3593961,-0.8720405,-0.31037197,-3.0571737,-1.8915683,0.9118972,2.1772358,0.9208343,0.16117509,0.18726379,1.0761188,0.3460794,-0.6337044,-1.1103963,1.1151036,0.118094236,0.83131975,0.25444564,1.3615911,0.052627742,-0.9478628,0.044589423,-1.5909976,-0.5090742,0.94272643,-0.086036004,0.009958712,0.6923694,-0.67867315,-0.1236339,-0.19778937,0.161341,-0.80121976,-1.7806098,0.22646126,-1.4413674,0.14922069,0.07647014,-0.44270203,1.3046491,-2.067166,2.027628,-0.040877096,-1.6296718,0.58841246,0.44117305,-1.126535,-1.9921132,-0.9423737,-1.0931758,-0.16801795,0.7731966,-1.03518,-0.51246005,-1.820728,-1.5277134,-2.0101724,1.714111,-0.63775235,1.6062838,-0.59519285,-0.6166689,1.3590913,-0.25172135,0.9011244,1.1094971,0.060954705,0.6850982,-1.4474846,-0.45332256,-0.0499101,-0.92238843,1.6344496,-0.2725263,-0.42576844,-2.0032854,0.2974117,-0.22385472,0.08072503,0.66840154,-0.31936848,-0.14562625,0.36230248,-1.1185364,-0.4735188,1.624206,1.0125581,0.08376938,-2.042909,-0.4759087,-0.10478057,0.58263654,1.3734753,-0.6670917,-0.9507311,-0.5376885,-0.7496557,-0.86363053,0.6107987,1.4906516,0.079135746,-3.8819513,0.40649387,1.6483172,-0.29643786,1.6866633,1.8700728,-0.78989375,1.2189682,-1.0101786,0.8744537,-0.80999017,-0.3796767,4.32882,-1.4197891,-0.7810957,-1.432087,-0.7741143,-0.6751834,-0.36795238,-1.5388653,0.29335392,0.7424832,0.38412365,1.2140049,0.0040770434,0.8386159,-1.0804169,-0.68983704,-0.74126744,0.1547962,-0.7331492,-1.4470092,-1.2420113,-0.43969882,0.41633722,0.8309564,-1.0833297,-1.783197,-0.7501741,-2.313527,-0.36061138,-0.15450065,1.1711617,-0.7169254,-0.81959295,-0.881592,0.54211277,0.0018455684,-1.9217517,2.056019,-0.20831801,-0.019203411,1.3894106,-0.9087993,0.7024591,0.67912644,-0.74953514,-0.3865391,-2.2843797,-0.22097597,1.0772856,-1.4693531,0.9455319,-0.8734276,-1.1230268,-0.6326863,-0.078400806,-0.20657502,-0.5137353,-0.35960448,0.10892904,-1.431417,-1.5936904,-0.34842598,0.94030726,-0.25012526,-0.35844114,0.5296705
-1.097422,-0.7309004,0.14341824,-1.3308794,-0.9280516,-0.6022834,-0.5814735,-1.0820854,-0.6387334,-1.196642,-0.32819122,-0.34653783,-0.6297519,-0.8816952,-0.6812882,-0.59985006,-0.57214475,-0.987029,-0.13052346,-1.0323448,-0.7374896,-0.88482916,-0.57874113,-0.4150509,-0.003340873,-0.63206345,-0.44888714,0.3712819,-0.05025451,-0.26662442,-0.62683386,-0.4123227,-0.85059667,-0.80924004,-0.96427315,-1.2386882,-0.77422106,-0.9846283,-0.5854358,-0.24341077,-1.0864733,-0.68028766,-1.0480053,-1.1444986,-0.87769705,-0.35088015,-0.6094293,-0.41117075,-0.23172958,-0.71713865,-0.65853924,-0.77551854,-0.8443411,-0.4529958,-1.5167124,-0.88848525,-1.1891145,-0.81682205,-0.11707558,-0.2684977,-0.31253162,-0.18977293,-0.28291923,-0.4441254,-0.4102565,-0.55941224,-0.8713723,-0.54863626,-0.67316014,-0.9565625,-1.1959926,-0.8971009,-0.854978,-0.89382327,-1.1748364,-0.9719055,-1.0563564,-1.2043823,-0.92500836,-0.37080616,-0.5042294,-0.7204787,-1.3455249,0.20040649,-1.1174303,-0.07831949,0.43608934,-0.2304572,-0.13085376,-0.8033661,-1.0928979,-0.47086442,-1.3241024,-1.05844,-1.1881267,-0.00012607034,-1.1357492,0.44282717,-0.78311145,-1.056658,-0.07639964,-0.707112,-0.9231452,-0.8201057,-1.1982751,0.010327445,-0.48196983,-0.71210974,-0.42068082,-1.073654,-0.7136665,-1.2663226,-0.5781165,-1.0308511,-1.090466,-1.2256199,-0.4055278,-0.6341813,-1.1259068,-0.8235661,-0.5439088,-0.19197083,-0.8935883,-0.58769214,-0.09154161,-1.0801395,-0.73518527,-0.83522785,-0.3302371,-0.92806244,-1.2624506,-0.27658924,-0.75284386,-0.43539792,-0.7388622,-0.68046904,-0.7138053,-0.6997206,-1.3564239,-0.9789569,-1.1948128,-1.2363666,-0.73479414,-0.6191333,-0.8988421,0.1781331,-0.3808527,-0.9354867,-0.52213895,-1.0582441,-0.7954943,-0.26682,-0.6189327,-0.87739474,-1.3650601,-1.2198874,-0.5896472,-0.74376607,-1.2888713,-1.1029743,-0.5365337,-0.81683606,-0.8953902,-1.166513,-0.4330524,-0.28025824,-1.2491251,-0.9077259,0.048050664,-1.0951136,-1.2997322,-0.34290022,-0.3788464,-1.1486751,-0.485363,-1.3433124,-0.6899163,-0.5203145,-0.98561114,-0.5245304,-1.2466578,-0.7207778,-0.1579312,-0.7227613,-0.5551645,-1.5804619,-1.5239996,-0.82420033,0.0735599,-0.12993242,-0.42076322,-0.5886706,-1.1600271,-1.2117839,-0.9509305,-0.6457854,-0.63682824,-0.13837735,-1.123844,-0.9603993
0.86698663,-0.326385,-0.3167159,0.9612389,-0.14149527,0.09382996,1.4210314,0.43785638,0.90645415,-0.04706889,-0.28511027,1.4086809,-0.9077202,0.41408536,0.13856915,-0.36430952,-0.7496256,0.9322785,-0.15207243,0.49846354,0.084806465,-0.12873876,0.7888399,-0.5508395,0.10668207,0.7674412,0.2921481,0.7576589,-1.0312474,0.5834276,0.10209621,-0.76959974,0.35959187,1.1481841,0.994324,-0.30363733,-0.28275388,0.96724904,-0.46614352,0.07137185,1.3022876,-0.66007406,0.016824255,1.3504145,-0.6715852,0.71725816,0.03741201,-0.3977557,-0.20355058,0.61772203,0.013565592,0.63063776,0.029466718,-0.038834043,0.7819502,1.0356731,0.89361435,0.43022525,0.46797884,-0.3183008,0.24133505,-0.11677741,-0.74101734,-0.064541854,-0.17318918,0.5002478,-0.37513515,-0.40611613,-0.12279349,1.2979094,0.7566937,0.06339697,-0.6017003,-0.6737612,1.232904,0.07014114,0.57620955,1.2538965,0.034972273,-0.4682174,-0.6188724,0.30139685,0.98087853,0.16633564,0.855316,-0.7579574,1.3271013,0.2150396,1.3065709,-0.9631471,-0.23421231,0.7042025,0.36730015,-0.31879234,0.6694272,-0.4284487,-0.53887856,0.642818,-0.104738,0.094281435,1.1154199,0.83664757,0.32331696,0.44459233,-0.09752843,0.07458851,-0.21266903,-0.56946766,1.166658,0.113933176,-0.2886699,0.7819006,-0.70040035,-0.248537,0.56859195,0.48190063,0.17124191,0.57885087,0.46518713,-0.8065566,-0.63568884,1.4426051,0.23202614,-1.0608442,0.37920064,0.19806659,-0.0696789,1.1224834,0.6294796,-0.38540244,0.836334,0.7674003,-0.21626016,-0.062567785,-0.3733785,-0.7735424,-0.57213765,0.902703,1.0917624,-0.34934473,-0.14829652,-0.29530853,0.51879203,0.8211591,-0.091731414,0.29476774,-0.025102597,0.6809668,-0.12669492,-0.27214846,0.36484727,-0.08432367,0.9375012,0.7152627,0.66228604,0.29902664,0.68788224,-0.44711867,1.1653975,-0.009218955,-0.43138403,0.9825021,-0.17569578,0.47903538,-0.6779313,0.8391359,1.3303963,0.41771153,-0.8003941,1.0123816,1.1057714,-0.7938221,-0.2615008,0.22127531,0.595325,1.0317403,0.0067874603,0.56710565,-0.11842034,-0.2776822,1.1517067,-0.47921723,-0.6491436,0.44627067,-0.5336314,0.7114987,1.1306853,-0.8440898,-0.25981507,-0.5017674,0.6141166,1.4597132,0.27463782,0.28684863,0.46790546,-0.2803615,0.068486884,-0.3476956,1.4139496,0.09627294
0.70275974,0.4743897,1.1662385,0.6725278,0.9425934,0.2939211,-0.23225069,0.14329526,-0.2443016,0.38583133,0.29064044,-0.18780562,0.7357491,0.16777964,0.5966124,0.18495873,0.7145177,0.8488842,0.6957474,0.3518955,0.8581827,-0.07796247,0.49232668,0.54892975,0.16134311,0.34496,0.5415693,-0.6138092,0.5499966,0.18834348,0.5166294,0.28760308,0.12541299,0.53936887,0.48774695,0.887472,1.1037595,0.029734625,0.46547315,0.47217864,0.37444568,0.91293573,0.45770416,0.53247184,0.6556339,0.34522417,0.76597375,0.8245252,0.23741452,0.64573,1.0882268,0.28991815,0.726376,0.45438898,0.62023544,0.29153794,0.36943787,0.8543574,0.078460716,-0.41802162,0.84105086,0.6396705,0.46506637,0.5155557,0.60544366,0.3129412,1.0857741,0.8427455,0.3748295,0.015820233,0.2920664,0.7198057,0.7423061,0.24456449,1.3005496,1.2852097,0.51680547,0.32879984,0.43605778,0.903011,0.4169579,0.23044115,0.5206305,0.8606614,0.6751589,0.3783667,-0.0016790666,-0.0042857826,-0.0976132,0.51818955,0.9920053,-0.8756102,0.6422014,0.38536543,0.53844416,0.3829266,0.5993091,0.05856474,0.35985562,0.49391136,0.8644168,-0.266334,0.042676315,0.11495937,0.80441296,0.91512823,0.7914163,0.41361997,-0.45442954,1.0766331,0.4857195,0.73252773,1.0322843,0.73536164,1.1073792,0.70190936,-0.12973428,0.3099039,0.2724463,0.3102101,0.30803645,0.30106825,0.5849278,-0.1426646,0.5861959,0.77974904,0.27182123,-0.08297321,0.7885851,0.7787735,0.5046245,-0.28822333,1.1588838,0.81573373,-0.11106573,0.5583329,0.9099485,0.7034942,0.35788846,0.79651326,0.048128042,0.809809,0.33079776,-0.5109648,0.7331421,0.1174742,0.8264884,0.42780805,0.94066864,0.7938787,0.7753009,-0.14756736,-0.28645158,0.23431443,0.62596154,0.7169102,-0.28862366,0.31103528,0.382757,1.074613,0.72055244,0.61206067,0.7790434,0.80801815,0.34035888,-0.36570317,0.6506554,0.63945633,0.0544646,0.6083945,0.5351799,0.10578709,1.0239335,0.90468717,0.79108095,0.3778643,0.10169439,-0.48837683,0.7803051,0.26311877,0.5532748,0.8226227,-0.077613264,0.2842587,-0.32887378,0.99947965,0.40521866,0.471198,0.5482464,0.7091999,0.8306465,-0.28747743,0.21319552,0.74287885,0.7110355,0.8666874,0.78827447,0.5419714,0.6235502,1.04825
-0.1474682,0.67878747,-0.2618344,0.20771666,0.23171398,0.32964328,0.039319303,-0.45092228,-0.20081681,0.25029773,0.5285581,-0.811941,1.2173549,-0.43057308,0.79315543,0.22326231,0.7046203,-0.005286237,0.7526616,-0.002964978,0.8098319,0.6008017,0.5592783,0.83381706,-0.022957038,0.59843403,0.9971183,0.44676027,0.5421342,0.35889518,0.66900027,0.67091763,-0.2865884,0.03126503,-0.4382326,0.8166197,0.61029035,-0.5796047,0.19436349,0.8946522,-1.0780164,0.22581823,0.39959306,0.072525024,0.5861425,-0.9576424,-0.07439756,1.2278895,0.1433525,0.9539356,1.0999384,1.0111215,1.085558,0.21033783,0.045574382,-0.31805032,0.6401975,0.5156276,-0.641312,0.22287485,0.8713996,-0.124992184,0.83924955,0.1841901,0.7701461,-0.020423733,1.2543002,0.54474884,0.030023031,-1.09578,0.6379334,0.75438744,0.96434987,1.1495116,0.5835461,0.41073728,-0.38011044,-0.8605833,0.7748252,1.0489812,0.79323405,-0.49440002,-0.59551823,0.06526258,-0.5043555,1.0146078,0.062557906,0.37646955,0.4793847,0.58000726,0.8446371,0.19398257,0.10782713,1.1695118,-0.09983221,0.8304538,0.39826328,0.7552797,0.67204815,-0.053151835,0.110576555,-0.3423637,-0.26551187,-0.30574954,0.5656263,0.7407749,0.32940218,0.8624327,-0.36841974,0.27620387,0.458062,0.54639715,1.0664171,0.32246664,1.0951084,-0.13523458,-0.15276246,0.5613513,-0.17932995,0.87928814,1.0299249,-0.38898784,-0.0389856,-0.47003886,0.36961418,0.2548584,1.1041771,-0.4818755,0.22472759,-0.74515355,-0.13449913,0.08725498,0.6925877,0.41369948,0.19163813,0.4536934,0.05304194,0.43669876,-0.45165995,0.92431194,-0.65423244,-0.021804143,0.083024316,0.12716413,0.92511714,0.5566964,0.26480588,-0.041983884,0.8303204,-0.08206823,0.87815917,-0.21477379,-0.5339794,-0.38532856,0.5312513,0.71048534,0.07826636,1.0672216,-0.5235121,0.4559133,-0.014539238,-0.045656536,-0.17588173,0.16728368,0.91331005,-1.5496391,0.3653018,0.43879867,0.022015534,-0.19296417,-0.2669403,0.5296085,-0.020401493,0.846729,0.5675378,-0.47148308,-0.2942081,0.8098847,0.34809232,0.64883703,0.14564273,0.9130652,0.54899055,-1.0248379,0.23778409,-0.08633132,-0.6372344,0.16300118,-0.29837433,-0.31390515,0.034703944,0.19560821,-0.7814037,-0.16936459,-0.32495847,0.05370837,0.15043944,0.42200068,-0.42488536,0.2947174
-0.5277791,-0.30583918,-1.5474907,-0.8345878,-0.48769978,0.01354465,0.06135938,-0.6464799,-0.5949552,-0.13445526,-0.8158228,-1.1797243,0.4599546,-0.94356287,0.31922364,-0.2223171,0.1461056,-0.61731374,-0.28329816,-0.5119369,-0.69755113,-0.02152607,-0.011035323,-0.59894943,0.54646194,-0.2970905,-0.036572576,0.2529388,-0.43654037,-0.010404633,0.36390725,-0.18175967,-0.7602313,-0.2204874,-0.8024272,-0.1511996,-0.67436916,-0.7412264,-0.42106214,0.07009108,-1.2432463,0.054828465,0.07205754,-0.40935647,-0.50688714,-0.35852617,-0.2680285,-0.08711606,-0.2133588,-0.06708825,-0.17525283,0.14929259,-0.5022595,-0.012497151,-0.41510376,-0.86013705,-0.6087407,-0.41310242,0.13660568,-0.06555256,0.70068556,-0.57294536,0.24599198,-0.6285241,0.15415761,0.20768714,0.31032744,-0.019604644,-0.25214177,-1.0440269,-0.279104,-0.5375935,-0.47288272,0.04820296,-0.6365893,-0.5397466,-0.7219878,-0.6053226,-0.40181807,0.6302651,-0.24760972,-0.9163673,-0.82488227,0.97021085,-0.90421784,0.12108672,0.7733677,-0.015439916,-0.34411162,-0.59575456,0.20660171,0.19035858,-0.19675055,-0.15838078,-0.53186536,-0.44015566,-0.13242432,0.557154,-0.4302926,-0.8674407,0.66540635,-0.15405469,-0.9223865,-0.6360494,-0.691523,-0.00929117,-0.65105045,-0.404906,0.008403696,-0.25865906,-0.2711857,-0.16904064,0.17306925,-0.65278375,-0.35321116,-0.5082065,-0.32664126,0.65495074,-0.5182539,-0.59501666,-0.19301622,-0.551674,0.3890769,-0.1435853,0.35404736,-0.7165916,-0.00030666566,-1.1954558,-0.01800566,-1.0949559,0.004395701,-0.3236305,-0.8326773,0.24962865,0.02664714,-0.055340372,0.40490884,0.24595445,-0.5366364,-0.24407876,-1.445262,-0.4593339,-0.1892507,-0.11558978,0.47561675,0.08769761,-0.50500995,-0.40951017,0.19520214,-0.8207541,-0.116470255,-0.25567806,-0.7112151,-0.35539275,-0.31232762,-0.117615506,0.22319646,-0.6097157,-1.1361315,-0.5137173,-0.6446736,-0.6788188,-0.6889297,-0.86202043,0.048903346,-0.61715055,-0.027438764,-0.03501327,0.19625676,-0.87052894,-0.22373316,-0.13030992,-0.61324006,-0.57298255,-0.073714755,-0.91849554,-0.5260877,0.88175476,-0.41280136,0.41438597,-0.26078597,0.098182164,-0.30541667,-0.5097131,-0.9641762,-0.73247886,-1.1458085,-0.5574473,0.10381671,0.32034105,-0.47643295,-0.19570209,-0.80910385,-0.47572023,-1.0084015,-0.46381316,0.21365802,-0.26759437,-1.019041,-0.26905188
-0.25772455,0.43657127,-0.5157199,0.65755427,0.20089382,0.6922604,1.5900587,1.376103,2.6437201,-0.40952703,0.4700118,0.3501393,-0.6214684,-0.0824228,-0.5587239,-0.8106918,0.14088579,1.0402675,-0.077619925,0.014413367,-0.96190673,1.6178674,1.1058284,0.98817486,-0.38546312,0.35054466,-0.6341752,-0.865175,0.9605569,-0.14653721,-0.8829097,1.2761039,1.2972802,-0.33947703,0.24554777,0.392903,-0.9825768,1.5227983,0.5549821,-0.6643786,0.6554518,-0.7779606,0.91964036,-0.07802575,0.060043335,0.36642075,-0.4673999,-0.4508796,1.0073234,-0.57416296,-1.0123087,-0.7912576,-0.08975851,0.39902276,0.08309217,0.34061673,0.1516552,0.28129384,-1.7055342,0.3877618,-0.23015614,-0.13042077,-0.525877,0.83356273,-0.47754526,-0.30663782,-0.06741445,0.106439196,-0.452614,0.025174094,-0.83598506,0.07831101,0.225661,1.1143099,-0.9397356,0.18525843,0.1308615,-0.23810495,0.6958838,-0.73808753,0.94922817,-0.8080725,0.18106142,-1.2150884,0.15207364,-0.119960964,-0.69089305,0.22762935,-0.7138501,0.8498648,-0.7369535,2.0850499,1.0979028,0.5153971,0.6344711,-0.9334067,-1.1867901,-0.50456005,1.6909833,0.7152707,-0.97406983,-0.7337999,0.6220497,-1.1499451,-0.73558766,-0.27454275,0.10498014,-0.69358397,0.6635355,0.5363761,0.30455938,-0.69602704,-1.3859681,-1.672667,0.3617919,0.15496944,0.08503688,-4.375396,-0.044021193,-0.19519125,0.3688793,-1.1521896,0.2582763,0.68799067,3.842064,-0.04399199,0.022909563,-0.8018161,-0.91787565,-0.37911856,-1.2993906,1.4680767,-0.21902078,-0.72638744,0.59529245,0.08856229,3.0258,0.110491574,1.1022327,-0.065562665,1.1851548,0.7673355,1.5812582,0.15143101,-0.36883444,-0.6407175,-1.036243,1.2817063,-0.7687115,-0.3600304,0.24221712,0.38201708,-1.5260322,1.2556149,-0.7323598,-0.23581809,0.10653535,0.5877422,1.1756579,-1.0117251,0.56797945,-0.49116912,0.29302335,0.27185735,-0.705629,0.965936,-0.46895063,0.29007596,-0.65170187,-0.92667127,0.47997123,1.4493887,-0.3825174,-0.2780731,-1.4683722,1.3055147,1.6663933,1.3042711,-0.22728248,-1.261494,0.020310564,-0.72870034,0.8529049,-0.1424943,0.7529609,-0.23217319,-0.53069913,0.38430643,1.4704745,1.1042325,0.41022274,-0.51690274,1.4803247,-0.0026315264,0.19376765,0.61861515,-0.77304256,2.022832,0.3863148,-0.21293066
0.62352884,1.0047638,-0.34103104,0.8309328,-0.37928024,0.35124585,-0.29250234,-0.4825016,0.8735574,0.5045573,-1.071506,-0.1410082,0.70257455,0.74159056,1.350703,-0.13918915,0.038268305,-0.35537013,-0.009781029,0.7642888,0.6696445,0.047518197,0.6321161,0.4064925,0.27022013,-0.061919894,0.34451163,0.41392708,-0.14383225,0.23289509,-0.043421414,-0.08537367,0.60605973,1.9775094,0.3991918,-0.0694522,-0.73919576,0.0006559696,-0.8336771,0.11573172,0.3203846,0.05240705,1.6836133,0.49605304,-0.8300741,-0.12328048,-0.73881596,0.29069015,0.5382883,-0.42281708,0.0788994,0.26725236,0.6073802,-1.0220848,0.9981568,0.30236384,0.41331145,0.13481367,0.085648894,0.90556836,-0.48546505,0.46286517,0.0022488981,0.18264017,0.88107985,-0.5452204,0.2360962,1.0063883,0.14885345,0.031349227,0.8601679,1.1978481,0.07120934,-0.68195355,-0.4365726,0.031748187,0.72796464,0.83935034,0.052255474,0.3115124,-0.30915576,0.8614482,0.18994027,0.35932672,0.6613414,0.27195856,-0.41194332,-0.85961103,-0.6042787,0.10289837,0.3790766,0.004691599,-0.058154985,1.0216327,0.16885993,0.5932984,-0.08778615,0.3977403,-0.008476049,-0.26922518,0.30928266,0.5869975,0.012902604,-0.042904086,-0.09900712,-0.3963396,0.39422175,0.6879214,-0.26418188,-0.10206574,0.7075657,-0.09860024,-0.4784986,-0.81074303,-0.37031835,-0.15933137,0.28307274,-0.15546782,0.05439775,-1.0660726,0.31972605,-1.32361,0.6258277,0.99120414,0.5815343,0.5228991,0.25634396,-0.88607466,2.536203,-0.28012788,1.1550598,0.033825267,-1.4417238,-0.498623,-0.3484635,1.2431027,1.0803027,0.35724685,0.8193723,0.22564709,0.11790558,0.3125281,-0.3522478,-0.49925816,-0.7168504,-0.19208916,-1.1777043,0.4686672,-0.3570931,-0.9540078,0.61624366,0.20387952,0.82396156,0.6691321,-0.25402185,0.65283084,-0.56160223,0.036388364,-0.58827317,-1.0486526,-0.7576945,-0.9877676,0.56119156,-0.44637075,-0.25400862,0.61743027,0.31408387,0.4656189,-0.8299062,0.6103845,0.83219063,0.10533776,-0.8616448,0.048932035,0.4154758,0.29594564,-0.06458308,0.7783881,0.04923457,0.35032582,1.109252,0.22773889,-0.7457969,-0.2808086,0.8727398,1.1516199,0.2568551,0.08645643,-0.27988932,0.9998648,0.2790299,-0.15313461,0.6633,0.3742927,0.084923044,-0.25446326,0.69235265,1.0837948,0.7103513,0.13878265
-0.8773786,-0.85963124,0.52731436,-1.0872203,-1.3813611,-0.36803275,-1.206008,-1.1927686,-0.78707665,-1.0122509,0.35524055,-0.10821629,-1.0034974,-0.9882245,-1.027589,0.015571825,-0.90246487,-1.7246675,-0.06529309,-0.89184165,-0.85780746,-0.47409394,-0.6537639,-1.0978959,-1.5945587,-0.53307396,0.08383534,0.7927945,0.20262821,-0.03369996,-0.84099346,-0.85993785,-1.30025,-1.1001368,-0.58813083,-1.0135455,-0.73457986,0.24972148,-0.55762315,-0.8586926,-1.0655649,-1.3570709,-0.54056823,-1.1449733,-0.92668927,-0.4565161,-1.4202927,-0.6294328,-0.12524731,-1.0670198,-0.82858586,-0.05974152,-0.7157242,-0.30047137,-1.4931598,-0.16196945,-1.3618736,-0.8598237,0.18016686,0.2698494,0.2915516,-0.31744406,0.13805535,-0.6668664,-1.8376027,0.34148294,-1.1179569,-0.66237867,-1.0972217,-0.906992,-0.57083344,-0.592296,-0.59034145,-1.1285197,-1.1980764,-1.4759043,-1.3943926,-1.332927,-0.2354821,-2.0273185,-0.094873816,-0.59398115,-0.9986202,-0.11025387,-0.7827305,-0.093247,0.0972313,-0.92867345,-0.23818101,-0.45355073,-1.7250487,-0.16772008,-1.3522627,-0.7226842,-0.79454046,-0.045342274,-2.574401,-0.10529272,-0.99500257,-0.56114256,-0.50552946,-0.88172245,-0.93835455,-0.16427937,-1.4553199,-0.714309,-0.20413037,-0.082562104,0.45675084,-1.5337265,-1.4570576,-0.9811118,-0.36665824,0.013290191,-1.2482784,-1.526542,-0.348256,-0.3497555,-0.99276096,-0.9581448,0.40632167,-0.14359522,-2.2365313,-0.12258984,-0.12667152,-1.1181895,-0.32349312,0.21549957,-0.18530029,-0.5196168,-1.036633,-0.025074176,-0.99538344,-1.1194226,-0.09443237,-0.818984,-1.0692034,-2.0466528,-1.5070708,-0.891054,-0.5722004,-1.2942541,-0.8862126,0.37892473,-1.344086,0.8746786,-0.9787599,-0.9036885,-1.6451359,-1.3296007,-1.0043001,-0.18472056,0.474474,-1.796811,-1.5576847,-1.5762337,-1.7380531,0.032051567,-1.2095811,-1.6325436,-1.2078313,-2.0204806,-0.19363515,-1.2282294,-0.49698877,-0.5948063,-1.5883945,-1.4967396,0.5964918,-0.7843598,-1.5553669,0.23955753,-1.2265072,-0.53180045,0.16113827,-1.0769125,-0.5431514,0.565386,-1.2665132,-0.617176,-0.9114888,-0.9028309,-1.1570733,-1.0471904,0.20860228,-1.1553429,-1.2389212,-0.7190321,-0.54836786,-1.5453773,0.03692052,-0.24030836,-0.39842135,-1.6303515,-1.555149,-0.8750312,-0.17095122,-0.84852225,-1.1831065,-1.3352907
-0.56229734,-0.4332982,0.45917752,-0.9247312,-0.9930094,-0.9496597,-0.173129,-0.7507287,-0.5989833,-0.54781884,-0.3192792,0.015279137,-0.41292486,-0.24300505,0.38350445,-0.4094704,-0.66979676,-0.7097157,-0.037147302,-0.7976109,-1.1736338,-0.81008154,-0.21616927,-0.82606006,1.0320309,-0.44768682,-0.5342266,0.46399352,-0.50225574,0.39761546,-0.6217153,-0.72039646,-0.8151732,-0.76846576,-0.88562816,-1.1168234,-0.7010335,-0.46760362,-0.6718628,-0.16991529,-0.751999,-0.5663012,-0.08854762,-1.1853456,-0.8594105,-0.21213557,-0.82897216,-0.9300512,-0.60116255,-0.7109629,-0.6277819,0.53379685,-1.1986597,-0.56182075,-0.97550404,-0.7537674,-1.2152984,-1.2707307,0.33369154,0.2598736,0.45786214,0.31847718,-0.6344671,-0.57362455,0.19818446,0.16335648,-1.0547117,-0.27927113,-0.85955787,-0.5497912,0.060470283,-0.5309756,-1.0701547,-1.0175341,-1.139938,-0.67814606,-0.66088,-0.54731673,-0.76801246,-0.14192344,-0.87669474,0.20052554,-0.9100119,1.058444,-0.9394308,-0.100281894,0.75616026,0.3375371,0.3550639,-0.7975343,-0.36889383,0.058694325,-0.9551704,-0.5126338,-0.68752104,-1.3860245,-0.6274568,0.828217,-0.8105185,-0.6394533,0.45200497,-0.053053956,-0.7584511,-0.5107811,-1.3795735,-0.20845576,-0.95423913,-0.6243116,0.17759687,-0.19322711,-0.24807392,-0.8540645,-0.33850667,-0.43104094,-1.0501424,-1.0285006,-0.82025605,0.08346615,-0.6470329,-1.2049205,-0.8635613,-0.3149571,-0.38539872,-0.1175154,-0.2124408,-1.01267,-0.87501425,-0.18162201,-0.48915765,-0.46022543,-0.4429623,0.34230477,-1.0459973,-0.29535094,-0.1847199,0.130678,-0.6351821,-0.20306152,-0.9620433,-0.7721512,-0.82354957,-0.8226188,0.04509498,-0.021961167,-0.70058,0.75659996,-0.95705295,-1.0204488,-0.56874925,-0.8698319,-0.8186679,0.19047138,-0.53652096,-0.37248653,-1.2072299,-1.3824707,-0.6065505,-1.006444,-1.0071553,-1.115086,-0.21893962,-1.0367515,-0.96468765,-1.1546175,-0.52373266,0.17031339,-1.0109638,-0.69109935,-0.04424823,-1.2058359,-1.1934354,-0.37523293,-0.41958588,-0.9222524,-0.47086158,-1.0095475,-0.5912633,0.11197622,-0.9391667,-0.23869166,-1.1742512,-0.92541903,0.042642437,-0.2562047,-1.0917374,-1.2033767,-0.91084886,-0.35177258,0.138399,0.82911474,0.83352196,0.05494845,-0.61199415,-1.0036922,-0.97432196,-0.8999916,-0.71026415,-0.058394477,-1.3042063,-0.82616186
-1.2912862,-0.5752863,0.044233184,-1.2501678,-0.98299414,-1.0779151,-0.15121663,-0.79371357,-0.73120445,-0.77012736,-0.7517776,-0.2078864,0.15035348,-0.9281325,-1.4596438,-0.9595481,-0.18124002,-1.0465951,-0.427167,-1.0394927,-0.46250936,-0.62533516,-1.4269696,-0.6068351,0.011735474,-0.32555652,-0.90053904,0.062327273,-0.20421703,-0.43412024,0.40656492,-0.5053196,-1.2523947,-1.2255876,-0.9566062,-0.26172155,-0.3638959,-1.3983487,0.044605598,-0.40963492,-1.6589036,-0.3440464,-1.2454903,-1.0066205,0.09182018,-0.72558755,-0.46793416,-0.23947705,-0.42690557,0.17488544,-0.54595035,-0.4642693,-0.6971927,-0.8139484,-1.4855602,-1.0384822,-1.1077193,-0.5280641,0.5067606,-0.7484615,0.45912886,0.02112215,-0.6720482,-0.49644554,-0.20337214,0.0814295,-0.4843605,-0.7174815,-0.45011273,-1.3499526,-1.1021111,-1.0263588,-0.59633094,-0.059410512,-0.9671413,-1.2311968,-1.0056933,-1.512823,-0.684429,-0.04577381,-0.11458453,-0.26976463,-1.6869273,0.34722167,-0.814228,-0.040158242,-0.031591844,-0.5905607,-0.50427544,-0.43043128,-0.680388,-0.4353379,-0.82091105,-0.8060749,-0.47133845,0.5080473,-0.32095337,-0.18920681,-0.18073449,-0.7284148,-0.06235376,-1.4273086,-0.80487204,-0.37199983,-1.145709,0.31990469,-0.5072301,-0.74515045,-0.71541655,-1.0241071,-0.86543626,-1.3273339,0.11768325,-0.6334757,-0.7979665,-0.79057825,-0.46658653,-1.2170314,-1.1742392,-0.2333414,-0.53101176,-0.39676562,-1.4009355,0.17667422,0.40609065,-0.50788707,-0.60695094,-1.0466344,-0.09215986,-0.54728615,-0.8147343,-0.380165,-0.0051858965,0.28542385,-0.46950233,-0.56712615,-0.6769776,-0.9861021,-1.3928626,-0.5180408,-0.8232688,-1.4355103,-0.30449286,-0.44345188,-0.18639407,0.09302163,-0.36222497,-1.2163842,0.10006711,-0.8447704,-0.5661496,-0.77823687,-0.26945114,-0.7746798,-1.282057,-0.9345054,-0.32869282,-0.48470855,-1.333648,-0.7236336,-0.35148823,-0.5636965,-0.1684293,-0.8172056,-0.6583961,-0.25091383,-0.7030761,-0.5157407,-0.80747247,-0.80576813,-1.3942682,-0.4149934,-0.5360968,-1.0035808,-0.33828524,-1.5508883,-0.5266679,-0.37752947,-0.7752152,0.44905308,-1.4451449,-0.55239195,-0.07785762,-0.75212485,-0.37291685,-1.5031626,-1.558414,-0.32892826,-0.6441551,-0.5327736,-0.23841038,-0.9712751,-1.4902375,-0.79079694,-0.48437878,-0.11595896,-0.74846715,-0.8019169,-1.088525,-0.44507462
-0.9601602,-0.98544925,-0.6895667,-0.22741398,-1.1909208,0.8718462,0.787152,-0.25766096,0.20384939,-1.7498755,0.022342857,0.6763998,-1.5398061,0.01248714,-1.1544566,1.0261303,-0.84341365,-1.179172,-0.93482774,-0.61538893,-0.36497852,0.2702864,-0.9605125,-0.57020146,-0.3801431,0.30044746,-0.17198741,1.4006131,-1.6017865,-0.9921816,-0.41869345,-0.8055951,-0.0701532,-0.36537528,0.4719109,-1.087859,-0.91137606,0.8061178,-1.6367112,-1.7390106,0.051730663,-0.8562201,-0.96046233,-0.89706,-0.54492813,-0.48226038,-1.562147,-1.2214392,-0.582308,-1.0985363,-1.8772793,-0.7186154,-0.78361356,0.42491832,-0.26889867,0.36403,-0.7722943,-1.4205565,-0.11452648,-0.4268936,0.5796783,-0.049706362,0.38605472,-0.75203156,-0.895073,0.24449438,-1.4275993,-1.0681949,-0.252731,0.5340698,-0.41259786,-0.98174274,-0.10423129,0.14778675,-1.2350944,-0.850389,-0.12426998,-0.3510693,-0.96013397,-1.1365349,-0.9966374,0.18673514,-0.6365831,-0.71214557,-0.31504312,0.0115202535,0.063556254,0.4100604,-0.83674014,0.01769992,-0.4263874,0.26199102,-0.7534449,0.3134452,-1.7237283,-0.30147845,-0.9572755,-1.0427479,-1.198909,-0.91122854,-0.35707223,0.27256355,-1.2111944,0.7124795,-0.6282079,-0.17686541,-0.9615073,0.54780364,1.2294959,-0.90141207,-0.4663093,-1.0000461,-1.1000841,-0.8945017,-1.1467301,-1.1368289,0.63912535,-0.2791724,0.43218583,-0.76979816,0.9833354,0.37817365,-0.48860294,-0.49871585,0.24918608,-0.9796108,0.44472215,1.0555758,0.70517236,-0.44527346,-0.42423123,0.6684626,0.22551438,0.3943068,0.08656202,-1.2293116,-0.4172272,-0.5946495,-0.7535218,-1.036816,0.19150601,0.06315037,-1.2420931,0.8618803,-1.4083639,-0.26166436,-1.4198471,-0.2692316,-1.27514,-0.38237226,-1.5862862,-0.55865407,-0.4100591,-1.2403733,-0.06595275,-0.24417655,0.36314276,0.43506575,-0.11107783,-1.0980741,-1.2544605,-0.27426895,-0.45624584,-0.2078016,-0.48551708,-0.45427293,-0.5139358,-0.5145781,0.46034467,-0.5964725,-0.5408822,0.42262036,-1.8009791,-1.236482,-1.6767024,-0.6073633,-1.1865038,0.19419973,-1.2005589,-0.1620533,-0.2680406,-1.0146406,-0.79303634,-0.14186983,0.23112312,-0.44919425,-0.5331272,-0.58291423,0.19735488,-1.0095669,0.046996202,-0.85875654,-0.618316,-0.4772601,-0.60405695,-0.72133803,-1.1388427,-0.37358436,-0.38645223,-1.4892961
-0.04726833,-0.29211673,-1.2453204,0.4948607,-0.38865975,-0.16797069,1.0178813,-0.35364553,1.0703008,0.1292175,-0.011999328,0.33765894,-0.98227835,0.66013116,0.05857791,-0.22672623,-1.5102072,-0.14002313,0.11476596,0.22954011,-0.38464966,-0.19705543,1.7543763,-0.00066101365,-0.12871699,0.22438264,-0.9020998,0.013697408,-1.1424195,0.3777055,0.042571697,-0.5876979,0.18131559,-0.6251993,0.93577904,-1.0326227,-0.81633925,0.7775754,-0.5437047,-0.8416675,1.212341,-0.54498297,0.3136279,0.80604905,-1.0727906,0.9753681,-0.4492481,-1.1667882,0.32687467,-0.847947,-0.5007072,-1.7695608,-0.5119488,0.48023036,0.65137255,0.19759452,1.0410129,-0.05067112,-0.09421314,-0.2178556,-0.7503321,-0.38120392,-0.98065054,0.13062079,-0.31280068,0.24554068,-0.32474908,-0.6233771,-0.087472714,1.064485,0.37842557,-0.34760997,-1.0163553,-1.0577874,-0.022504305,0.5587212,-0.02120366,1.0008875,-0.53414476,-0.3348575,-0.7640329,0.92128855,0.6689399,0.3368513,0.9170591,-1.0514351,-0.43286765,1.8514472,0.79082334,-0.50177705,-0.5394914,0.26279527,-0.15059945,-0.50366974,0.38150802,0.13920498,-0.044951573,0.21664268,-0.72351027,0.10417177,1.7260536,-0.7914037,-0.1043098,0.068544395,-0.9526117,-0.16555525,-0.59445417,0.008152813,0.5686052,-0.08785993,-0.7769377,-0.0059556067,-1.019604,-1.0445971,0.026970861,-0.2620541,1.7157086,1.5186266,0.71840733,-0.9293023,-1.2846984,0.8698889,0.8576524,-0.66788185,0.2240873,0.28952107,-0.6383939,0.6782165,-0.25633845,-0.04973452,0.5029991,-0.13549384,-0.4317875,-0.4926539,-0.4009755,0.22762616,-0.2900668,-0.081677854,0.7628033,-0.662001,0.20884909,-0.030583303,-0.18264392,0.70355874,-0.6750059,-0.004085296,0.02775396,0.570942,-1.0646749,0.023683602,-0.09749139,3.8961086,1.6501769,0.8786207,0.37903467,0.048550677,0.36747018,-1.2876395,0.851835,-0.3823328,0.2949067,0.25443053,0.76499784,-0.59011805,-1.0869921,0.44305384,0.7406447,0.24952228,1.582216,-0.3136491,1.1951492,-0.7380064,-0.2387709,-0.14319402,-0.4975152,0.90290827,-0.59771264,0.30810258,-0.12594199,-0.43407917,0.24325046,-0.3131687,-0.3746787,0.43019426,1.0994388,1.088882,0.81188864,0.67063344,1.1894668,0.8229064,0.011934555,0.50407946,0.36859167,-0.26949233,0.52637076,-0.6019202,0.7404026,0.41974023,0.7497078,-0.19700399
-0.5265718,0.48449448,-0.23966153,0.7221649,0.75620115,0.0174952,-0.71250045,0.6724844,-0.38576424,0.15674347,0.12604563,0.2588655,1.2791387,0.50703245,0.023568971,-0.39005423,0.42455244,1.0344067,0.22188626,0.18142483,0.5660872,0.80843645,-0.48755202,1.0637883,0.78962004,0.7228442,-1.0277731,-1.8491598,0.901319,-0.31322646,1.22555,0.9847097,0.45306244,0.03672714,0.9987015,0.76985747,0.9302965,-0.16404624,0.40618178,1.0550377,0.27798963,1.8388648,0.007917905,0.6097545,1.5811957,0.038463682,1.4596483,0.31615382,0.5636639,0.8361026,0.76958185,0.5116025,0.6764118,0.76277685,0.7697743,-0.23316264,0.45159808,0.78141403,-0.67818034,-0.10000627,-0.33184975,0.45362586,-0.6439711,0.79654974,1.0311855,-0.64463586,0.85665697,0.7901207,0.7748634,-0.23652308,-0.39840323,-0.09710731,0.9587804,1.3957294,1.5114511,1.0095156,0.9560589,0.64106387,0.55376685,1.1978757,0.35252878,0.09652436,0.37614596,-1.0789361,1.4682292,-0.79568785,-0.50683975,-0.002631735,-0.80451375,1.3965521,0.77564967,-0.2402324,0.48765463,-0.3986742,0.701978,-0.047997475,1.0844454,-0.4124351,0.38973987,0.8297292,0.8533388,-0.87297153,0.9867121,0.41643953,1.3250688,0.7787223,0.6406312,-0.19487676,-0.43594033,0.7005794,0.29818147,1.2401809,-0.26714966,0.67860335,1.2644191,0.7925215,-0.6074747,0.4761834,-0.81011933,1.3006517,-0.5078821,-0.07468963,1.2992116,-0.68543243,0.018535161,1.3232094,0.1315729,-0.5903276,-0.9213065,1.0823908,0.67261845,-0.5671181,1.6878183,0.7921229,-0.38972074,0.11457193,2.404492,0.60276455,0.8653828,0.48819822,-0.4036383,1.1481758,0.73682535,-0.10308002,1.2482961,0.2388493,1.2203492,0.45459267,1.4538552,0.8848435,1.0148367,-0.4418323,-0.21525443,0.6978492,0.43164855,1.1455148,1.2999749,0.6860117,0.063142724,1.4910682,0.5443602,1.0593388,0.2029105,0.5885196,-0.074754536,0.09130177,0.018165134,0.08858107,0.5244372,0.7311392,0.59051436,-0.6702662,2.1340206,1.2566403,0.92474544,0.60617954,0.52953833,-0.6056987,1.3440859,0.6857275,0.44137114,0.42813915,0.0994202,1.0412767,-0.24998486,0.9751558,0.6246433,1.0580251,0.2847514,0.17395683,-0.28023294,-0.50417835,1.1908906,1.068263,1.7572172,0.5053208,-0.01793246,0.38223472,0.8365607,1.0973805
0.911179,0.61215043,0.6975901,0.71797514,0.46936557,0.4055288,0.849471,0.4669113,0.9175566,0.27678236,0.2058348,0.639371,-0.6794548,0.5122978,0.75158924,0.119273536,0.15492216,1.4516543,0.8004038,0.7499748,0.7506737,-0.008252187,0.42986345,0.8574163,0.47746995,-0.19846235,0.7406513,0.16663572,-0.2427142,0.43301064,0.82028896,0.33344126,0.7775185,0.9756016,0.37020993,-0.059231147,1.2637868,0.2082236,0.22952203,0.6325438,0.41722974,0.24992932,0.49736428,0.79591936,-0.05879323,0.34298816,0.46876204,0.14450537,0.30904207,0.5482626,0.10072528,1.6034694,0.41386876,-0.39798355,0.30582243,0.5942753,0.42551455,0.118640155,0.05067248,0.16297708,0.34224162,1.1806589,-0.010710202,0.48788774,0.54014593,0.27335635,0.36392865,-0.045886137,1.2427541,1.0155457,1.1878775,1.2535149,-0.011442625,0.09023738,0.8190971,1.120526,0.61114955,0.6150013,0.33899736,0.2635366,0.52202785,1.2098655,1.0177321,-0.0258241,0.4531039,0.8123669,0.5514712,1.3169457,0.6128108,-0.5391589,0.73312795,-0.028652312,0.0683925,0.83247864,0.1573956,-1.0807911,0.10559109,0.27296183,0.5245916,0.46580544,0.7102339,0.93605584,0.36143336,1.3563182,-0.096071176,0.5214636,0.07273983,0.18561098,0.48552713,1.0110487,0.35449904,1.1134433,0.9850479,-0.13984965,0.5832285,0.6978437,0.32133004,0.84940666,1.0583875,0.18021537,0.24775574,1.1897134,0.3423788,0.23468992,-0.16334812,0.16721748,0.05460335,1.0332656,0.9881274,0.23341683,1.2819397,0.17701653,-0.12226998,0.23418164,-0.01836146,0.7380909,-0.37609455,1.1075069,0.5820137,0.5773751,0.9453074,0.6050969,0.69528496,0.1971335,0.055780046,0.06591682,0.69979036,0.3037746,0.20600085,0.60577583,0.52026933,0.13386302,1.143784,0.30012873,0.20997688,0.69485414,1.1294496,0.18147774,0.6744354,0.99890023,-0.015577452,0.6029645,0.052291825,0.7303633,0.9352328,1.2353286,0.8239309,0.99578065,0.73123187,0.5978479,0.19321391,-0.32205367,0.43708068,0.84252995,0.74639267,0.43876675,0.2491533,-0.57790387,0.5223985,0.95024186,0.36922035,0.37249643,0.6314882,0.016213369,0.08012099,0.42836,1.2238532,-0.06166867,0.4157085,0.39926812,1.0903671,1.8697913,0.48523647,0.33921596,1.1336418,0.69131976,0.06673989,0.53299373,0.67414653,0.45544267
-0.040784515,-1.0831822,-0.4088334,-1.0890952,-0.7609978,-0.14767925,-0.32949206,-0.8137169,-0.053079218,-0.69775695,0.30525017,-1.2142164,-0.90244484,-0.35653916,-0.31932786,1.2310416,0.009410909,-1.2724218,0.9498858,-0.50425637,-1.1246772,-0.1800637,-0.7980119,-0.5128154,-0.922023,0.07980051,0.36517325,1.3662121,0.08316831,-0.9120146,-0.028608644,-0.12547243,-0.5560558,0.36356527,-0.59811646,-0.78470033,0.5428389,0.53497577,-0.5775037,-0.49480948,-0.38682368,-0.44484332,-0.8396654,-1.1002357,-0.43959558,0.12741373,-1.0723134,-0.8872205,-0.44097167,-0.9273763,-0.7920711,0.14815573,-0.8289334,0.12153161,-0.9626388,-0.17624214,-1.1532779,-1.2186764,0.10266705,-0.29463616,0.35437748,0.073958375,1.2923725,-0.7247491,-1.4671978,-0.2755717,-0.8080605,-0.756911,-0.841966,0.103686325,-1.0042149,-0.91613996,-0.16073616,-0.6204298,-1.0475599,-1.4257041,-1.0053735,-1.4559208,-0.1591377,-0.5472877,-0.39477858,-0.5745223,-1.1261297,0.46006474,-1.379154,0.65865016,0.8325703,-0.1372937,0.31485403,-0.20577177,-1.2750341,-0.44188815,-0.98776245,-0.3862158,-1.2123547,-0.055822507,-1.5959378,0.10229969,-0.5942379,-1.0272793,0.40933746,-0.82663935,-0.6922462,-0.47157246,-1.04597,-1.2264873,-0.11038102,-0.04788655,0.07498891,-1.576161,-0.23518252,-0.9317351,-0.08466303,-0.076561056,-1.344646,-1.3682004,-0.3646746,-0.5028853,0.07644893,-0.043407194,0.08252145,0.23665765,-1.7061703,-0.57729673,0.12772556,-1.186777,0.07863251,0.6297989,-0.25235707,0.35972098,-0.88278425,0.019958057,-0.75191975,0.16968262,0.57219076,-0.799193,-0.26263073,-0.6377869,-1.4819896,-0.42880887,-0.124951,-0.75932807,-0.9708148,0.47798258,-0.71351093,0.60607535,0.18750146,-0.55727834,-1.0930911,-0.81168956,-1.1537837,0.033595562,-1.1891788,-1.3813739,-0.59164613,-1.7179514,-0.93552226,-0.3503084,-1.2796555,-0.9950079,-0.7232199,-1.1783823,-0.6566568,-0.7205011,0.27310374,-1.155269,-1.2866459,-0.66931033,0.35402924,-0.9989003,-1.3518711,1.4117528,-0.28678387,-0.6609075,0.31033573,-0.8459573,-0.37841958,0.5634143,-1.0320189,-0.6099516,-1.4193963,-0.28292534,0.29586333,-0.5487756,0.26226377,-1.4007672,-0.8713509,-0.4017107,-0.23902586,0.47165847,0.25439432,0.24486215,-0.69108254,-1.2190164,-1.3639317,-0.75347143,0.5297793,-0.53025776,-1.2962765,-0.82097393
-1.136615,-0.4229149,0.84795696,-1.3946393,-0.8616889,-1.21407,0.14321136,-1.342814,-0.76433194,-0.64168406,-0.6312977,-0.54660076,0.5865519,-0.7479183,-1.1515503,-0.7441523,0.20925339,-0.820687,0.12196024,-0.4881487,-0.2895405,-0.6116716,-0.6475848,0.4572508,0.5660205,0.23540954,-0.2721846,-0.38054034,-0.2609098,0.025917787,-0.6679296,-0.2540235,-1.1791534,-0.61977035,-1.6698897,-0.7655233,0.036351815,-1.1927724,-0.19116795,-0.5128055,-1.1087102,0.13842657,-1.274157,-1.1992368,0.10245696,-1.2198913,-0.33184585,-0.17180777,0.27895126,-0.1701643,-0.7693754,0.29319045,-0.71505517,-1.4325918,-1.1182745,-0.68854386,-0.7007946,-0.77576077,-0.35340208,-0.010972094,-0.19618744,-0.30682284,-0.16960213,-0.49597377,0.78739744,0.66574997,-0.5855324,0.20050146,-0.54225117,-0.95081216,-1.2127303,-0.8719752,-0.83028793,-0.4671169,-1.0362284,-0.98596644,-0.61043304,-0.8366474,-0.6167123,0.07648813,-0.6223323,-0.15295993,-0.7901106,-0.2738662,-1.421983,0.43463162,0.3104726,0.3836351,0.64133245,-0.8436971,-0.41099083,-1.630049,-0.7831998,-1.1350576,-0.57914627,0.09464172,0.3265527,0.5882175,-0.37616163,-0.6830332,-0.57468945,-0.3039397,-0.8793167,-0.73388183,-0.80942607,0.1687911,-0.77038884,-0.29440552,-0.97716236,-0.7481467,0.2221618,-0.7319984,0.14002202,-0.57547086,-1.1217197,-0.69932276,-0.5186889,-1.2792424,-0.69151735,-0.4314204,-1.0442228,-0.43516332,-0.10075511,-0.052290916,-1.186071,-0.63788885,-0.6411141,-1.2016952,-0.5481342,-0.066867635,-1.3638957,-0.22986224,-0.6552852,0.34078735,-1.0304983,-0.24369568,-0.9154124,-0.7889613,-1.4153774,-0.57925975,-0.88618594,-1.3718871,-0.07652508,-0.54587555,-0.13236593,0.59117573,-0.40414017,-1.3039576,-0.059606954,-1.2711504,-0.62154996,0.21097,-0.72001266,-0.53264916,-1.2965784,-1.6699945,-0.48932257,-0.49452287,-1.21346,-0.63674796,-0.577848,-0.16041934,0.1493884,-0.48040906,-0.4545324,0.22257045,-1.138435,-0.25255966,-1.0575765,-0.44541356,-1.1677463,-0.6389589,-0.20071012,-1.1011374,-0.5971611,-1.1496813,-0.30528387,-0.5266113,-0.5100602,0.50860786,-1.0537784,-0.6641129,-0.09862978,-0.29404023,-0.6403175,-1.3981463,-1.8888502,-0.22049339,-0.29379207,-0.74265707,-0.42516473,-0.73617494,-0.9788991,-0.7305973,-0.674199,-0.28397042,-0.8431309,-0.62003046,-1.3340553,-0.7012295
0.8994646,0.95829624,-1.4300213,0.39301866,0.26330197,-1.4540933,-0.32412368,-0.08843494,-0.3128416,0.65183145,-0.51086366,0.47555384,0.8003929,-0.3150609,-1.8933992,0.4908344,1.8874599,0.39903003,-1.3569573,1.3249007,0.51561964,1.0875466,-0.2960997,1.0414901,0.91290694,-2.4104762,-0.033316664,-0.089572646,0.088696,1.2092285,-0.16571285,0.92723936,0.6966655,-0.41434148,-1.9182789,-0.00053382025,-0.13763632,0.105273865,0.5616882,1.0392364,0.2599203,0.2859258,0.15324263,-0.9957412,-0.85906607,-0.75497586,0.33113697,2.0418615,1.0062715,-0.09058072,0.40919325,-0.3514339,1.1440299,-2.1955864,0.3203446,0.48096478,-1.4187319,0.82851815,3.3405478,1.2408581,0.15365376,-0.7004962,0.75070226,0.9092739,1.4711082,0.0826479,1.391707,0.8336961,-0.87677926,-0.46944445,-1.637149,0.1742515,0.9748557,1.3955541,-0.1036738,0.7063254,1.3309864,-0.5550326,0.6338138,0.32978803,1.8323337,-0.03918641,-0.2681119,1.2018173,-0.56630003,0.1653483,-0.6597124,-0.9581019,0.33527875,-1.7809496,1.3273687,-0.46744728,0.119821735,-0.0024938527,-0.6804915,-1.0504683,1.7738122,0.49595618,0.077717304,0.41188878,-0.979291,-0.09606126,0.5331838,-0.16347387,-0.26374358,2.4455607,1.2194309,0.51025933,-1.4103811,0.7400306,0.5368719,0.42356128,0.8313871,-0.020047052,-0.13736142,0.8331346,0.5351851,-0.6155413,-0.6210426,0.406481,1.1989496,-0.6011696,0.42222282,-0.5822097,-0.68323815,0.8679168,0.5591658,-1.7938111,-0.98912275,0.3857904,0.53826123,0.27790725,-0.5225054,0.22983365,0.026067277,-0.23127553,-0.0809241,1.0164422,-0.13650006,1.0150412,-0.46657473,0.67386204,0.38369316,-1.0537628,0.63530827,0.55091846,0.9906243,0.8274918,0.40538442,0.15881711,-0.07985585,0.18198489,-0.68950593,0.2285942,-0.08365619,0.73577875,-0.13195336,0.6986156,0.025186876,-0.3048502,0.5261785,0.3215704,0.94657797,-0.4771721,1.2142968,-0.23614398,1.0363101,1.6946657,2.539876,0.11018649,-0.16463174,0.2892761,1.5767202,0.520017,0.46473566,-1.2147741,-0.07564983,-0.33861426,0.8550535,-0.2662225,0.9091982,1.3394016,1.1647338,0.66764027,-1.2768782,-0.057038516,-0.6838089,-1.2918396,0.046243645,0.21794634,-0.18992886,-1.1834531,0.03719163,1.1139976,0.45647737,0.4984749,-0.46298814,-1.4620094,0.05486295,0.7159222
0.23451586,-0.37735218,-0.17492144,0.23357284,-0.014577472,0.26599163,0.2361661,-0.6397569,0.36654517,0.32551283,0.13776122,-0.8200536,0.2595366,0.10196454,1.0041043,0.94718796,0.81045455,-0.38999474,0.9204139,-0.24180101,0.56943643,-0.093193926,0.5560396,-0.11623214,-0.75619024,0.6139026,1.182614,1.0181688,0.15763734,0.5132124,0.08107738,-0.5204514,-0.5029837,0.8791146,0.27690706,0.031245617,0.3619728,0.22235577,-0.35160193,-0.4733803,-0.06691213,-0.037973396,0.41305077,0.1408351,0.12118223,0.47839236,-0.42288437,0.24068001,0.48303333,-0.36212412,0.2969425,0.23875576,0.14727183,0.3436138,0.21590748,0.3918653,-0.13090587,-0.31813702,-0.41825294,-0.09102209,0.3370412,-0.03463444,1.2956758,0.024427125,0.07295744,0.16714612,0.1887924,-0.10768844,-0.2339173,0.6283712,-0.037668653,0.49205577,0.66104436,-0.19050682,-0.080474295,-0.079462275,0.066971675,-0.4796902,0.41996628,0.20451142,-0.14726344,0.8970587,-0.27266693,0.5127095,-0.31829616,0.6231461,-0.3644265,-0.5528448,-0.016731877,0.5380462,0.07651605,0.06609213,-0.34467676,0.6703454,-0.3656055,0.18845683,-0.78065753,0.19539003,-0.37638,-0.57343185,0.55369157,-0.19872008,-0.44252765,0.22348186,0.2045006,-0.13852279,0.068595745,0.7589936,0.44789812,0.011879476,0.018896006,-0.050064936,0.6947952,0.2495653,0.37079898,-0.49898028,-0.20503393,0.26267025,0.46034017,-0.1251111,0.8465565,-0.20359845,-0.57457674,0.057874836,-0.44450125,-0.30645883,0.59311926,0.74102026,2.5374503,-0.27369094,0.42876303,0.24159133,0.123632036,0.26262772,0.62226385,0.8886974,0.37075928,-0.6904735,-0.6402637,-0.057196654,-0.28608766,-0.13087946,-0.8022109,0.34324408,-0.21712784,0.40040433,-0.070618495,0.05914702,-0.26551104,0.13678776,-0.074145295,-0.30486995,-0.10588663,-0.53359705,0.46229413,-0.07063164,-0.658551,0.34149596,-0.2792784,0.18784012,-0.4546489,-0.9993267,0.63013154,0.20972422,0.35752603,-1.4622396,-0.18806076,-0.056695778,-0.052481122,-0.18603143,0.14787781,0.7439301,-0.2837339,-0.1367296,0.63135374,-0.46814492,-0.96552545,0.51177317,-0.27659875,-0.38765097,0.01567622,0.47850582,0.23120154,-0.96158683,0.6035654,0.12937935,-0.12614015,0.46440822,0.3573285,0.7745902,0.3594924,0.3844704,-0.5872369,-0.033818204,-0.47819075,-0.50420856,0.7950644,0.22118212,-0.313946,-0.018283483
-0.42772913,-0.5894995,0.12609768,-0.9315384,-0.7759766,-0.6219178,-0.4296968,-1.002818,-0.800526,-0.21299359,0.25429103,-0.5017242,-0.21681163,-1.0745207,-0.07955076,0.49000528,-0.00018019322,-1.4623144,0.25381964,-0.23030992,-0.424556,-0.073671386,-0.8730212,-0.77148825,-1.1552119,-0.01632319,-0.12099723,1.1841336,0.024994047,-0.016388865,-0.11479837,-0.20571534,-0.87106895,-0.19295515,-0.48830435,-0.13457108,-0.057695113,0.29056334,-0.3071325,-0.45780605,-0.78692615,-0.60930914,-0.87972486,-0.6121924,-0.054836094,-0.32928258,-1.0193695,-0.22058195,0.035751894,-0.4848592,-0.3579052,-0.3096799,-0.5215135,-0.17888957,-0.8131244,0.09493536,-0.83640426,-0.7694213,-0.08162961,-0.17479259,0.42943668,-0.4226157,0.82741976,-0.26838666,-1.3348002,0.45623103,-0.3491491,-0.55200344,-1.015385,-0.3217522,-0.64800763,-0.5872093,0.068642944,-0.27079856,-0.7951134,-1.215569,-0.8675618,-1.3321099,0.21314338,-0.81974244,0.3795452,-0.73093736,-0.8894749,0.79326695,-0.9016946,0.4729714,0.50019777,-0.79961,-0.29338795,-0.42232737,-1.0245818,-0.17752206,-0.6319084,0.0065411534,-0.7549583,0.43035847,-1.6109345,-0.35804445,-0.44539934,-0.5793938,0.056580834,-0.87283665,-0.63639283,-0.18741143,-1.05466,-0.6534814,0.19640204,0.052309737,0.2547097,-1.4828113,-0.4681499,-0.53977686,0.19197279,0.42876065,-0.7314888,-1.077392,-0.2954571,-0.2347454,-0.3062898,-0.19924094,0.7448547,-0.19758272,-1.95009,-0.29509354,-0.2226214,-0.65660554,0.39963588,0.69632286,-0.04251484,0.1370427,-0.41026324,0.25019583,-0.5657725,-0.42951667,0.9248702,-0.8624073,-0.4051759,-1.2508124,-1.2455835,-0.34486234,-0.31290996,-0.60847723,-0.8118521,0.7687072,-0.6542289,0.8242321,-0.12637527,-0.6175977,-0.9499658,-0.46426365,-0.7333241,-0.17035224,-0.26253182,-1.4730129,-0.84097636,-0.732938,-1.078042,0.19745931,-0.99930507,-0.9837841,-0.8524699,-1.4359554,-0.09317372,-0.6087101,-0.4605213,-1.0657296,-1.1672641,-0.6595146,0.6051945,-0.6556736,-1.1049715,0.6310577,-0.67638737,-0.4469592,0.24310622,-1.0940546,-0.3581398,0.8030383,-0.70779955,-0.43983105,-1.0290534,-0.112542905,-0.14085577,-0.9105809,0.1828849,-1.1697794,-1.1531322,-0.04329806,-0.35497776,-0.49884838,-0.29697028,-0.48811674,-0.66920936,-1.0811422,-1.3014853,-0.06509353,0.45307255,-0.74120295,-1.100408,-0.6955072
-0.03850426,0.035889775,0.64538807,0.5954628,1.0372816,-0.98479027,-0.3138364,0.24905118,0.2610741,0.7316378,0.19402154,-0.40352824,0.77388203,0.6820634,-0.15459177,0.022510909,0.8491809,0.13261238,1.2169536,0.75672567,0.104970254,0.18437566,0.3632965,0.5549861,-0.27678388,-0.27295026,0.9688428,-0.7216065,0.7122266,1.0675092,0.38243696,0.5869954,0.2174992,0.19932334,-0.051715545,1.4676218,0.9442319,-0.95461655,0.767199,0.7370104,-0.29258844,-0.10313689,0.5582811,-0.14171346,0.35809913,1.4445677,0.55407745,0.7019488,0.0863678,1.0029052,1.271369,0.6911882,0.8789273,0.2798485,0.108836584,0.27779636,-0.55163085,0.8558339,0.79262394,-1.0163867,1.3606236,0.0401545,0.80670905,0.3092718,-0.00022120588,0.15830371,1.3326231,0.39433327,-0.60879636,-0.6393293,-0.57875264,1.1384864,1.2896588,0.23439144,1.0249029,0.72477114,0.012944501,-0.7285391,0.74775827,0.8225744,0.639457,-0.9225456,0.17399058,0.7528511,-0.044581927,0.2461611,-0.059343424,-0.8672561,0.46946844,1.0888174,0.5768255,-0.6148555,0.3880301,0.8922763,0.17449802,1.0573211,0.047356293,-0.002196669,0.9499827,0.49293402,0.8592991,-0.38600826,0.17231609,-0.57997584,0.9525457,0.9498446,0.85638964,0.4264342,-0.79829884,0.6013277,0.77536714,0.31642264,1.4446938,0.4451757,0.79472846,0.8009761,-0.83345664,-0.044223525,0.20351984,1.0033913,0.48187894,0.028271014,-0.43988407,0.00535886,-0.44446987,0.55470216,0.075521514,0.026998226,0.2580358,0.89817786,-0.17208494,-0.31627855,0.7249117,0.0025977949,0.8346988,0.85535073,-0.4004996,-0.5160624,-0.038165085,0.8559777,0.099147804,-0.333306,0.24802712,-1.0351683,1.3356091,-0.3780432,0.93623745,0.6662317,0.8269673,0.56877476,0.13686243,-0.363819,-1.0092504,-0.19505198,0.37467435,0.37561208,-0.27915698,0.15597552,-0.21727641,1.4229715,0.52172816,0.07568664,0.20472959,0.8382048,0.5367622,-0.8208719,0.26046443,0.8612334,0.22497007,0.68632746,0.15293454,0.48649293,0.8366185,0.4819726,1.4691435,-0.17948613,0.18252034,-0.044460207,0.7903965,-0.4103784,-0.17330372,1.1786894,0.67409796,-0.6531842,0.063518114,0.5026774,-0.18386315,0.011288187,0.47699204,0.75727606,0.79067355,-0.43010753,-0.38974392,0.28959796,0.1228323,0.55134535,0.6366882,0.5988971,-0.12824252,1.0906568
-0.60999745,-1.2477351,0.13517615,-0.7110479,-0.63100016,-0.58204794,-0.039002903,-0.38141575,-0.588249,-1.1340681,0.11958288,0.46420944,-1.4839756,-1.1995552,-0.8253017,-0.771495,-1.7089484,-0.29573518,-1.3938658,-1.418205,-0.56013936,-1.5701615,-0.4034631,-1.5397906,-0.24667354,-0.48420665,-0.99323934,0.0114366785,-0.8049683,-0.3594819,-0.6169136,-1.1674923,-0.7932319,-1.4709042,-0.18851918,-0.4875812,-0.8812621,-0.13986382,-0.29356998,-1.0738096,-0.19785263,-1.4940403,-0.36969838,-0.6149662,-0.40091628,0.30299723,-0.5602928,-0.65133125,-0.67497903,-0.46201465,-0.6777915,-1.1462026,-1.3391231,-0.014622549,-0.5549107,-0.2965905,-0.39490417,-0.73676014,-0.17079517,-0.8440296,-0.29377782,-0.7998043,-1.7019801,-0.50008535,-0.73878455,-0.55445385,-1.1702672,-1.3193623,-0.17740017,-0.24858294,-0.044883296,-0.82498705,-1.531683,-0.68321955,-0.7675455,-1.1708977,-0.98973733,-0.44831976,-1.2157923,-1.176893,-1.3951539,0.2383397,-0.34514093,0.21968102,-0.19753681,-1.5012242,0.0102675,-0.55992514,-0.28749132,-0.24958384,-1.2372782,0.44980204,-0.3927095,-1.1600913,-0.530822,-0.6649905,-0.7613604,-0.39518887,-1.0421004,-0.5849345,-0.13427049,-0.6671032,-0.7776901,-0.77497876,-0.82206815,-0.046306267,-0.8981886,-1.5790728,0.293453,-0.99674624,-1.3074659,-0.7169488,-1.0230709,-0.6728485,-0.76899123,-0.8633463,-0.42369843,-0.9229556,-0.97256106,-1.2549586,-1.5290548,1.0715058,-1.3013904,-0.70185137,-0.17538212,-0.9551187,-1.2446136,0.038126905,-1.0759804,0.1917369,-0.72567207,-0.3334675,-0.23809029,-0.3105024,-0.55267745,-1.5971543,-1.0981522,-0.65719587,-0.43209228,-1.4876951,-0.33347666,-0.37683845,-0.50353074,0.29890567,-1.1415957,0.16207772,-0.5218742,-1.0692546,-0.44100755,-0.6308033,-1.1498095,-0.91440606,0.48053357,-0.5708044,-1.0138366,-0.31538612,-0.5497723,-0.62395775,0.04923837,-0.3846928,-0.022632252,-0.045697957,-1.0461624,-0.5912193,-1.505087,-0.6850312,-0.7154889,-1.1562855,-0.2690564,-0.7637328,-0.49599096,-1.1786617,-0.21434076,-0.85754335,-1.2248358,-0.27661216,-0.47839886,-0.19267209,-0.79170066,-0.53283536,-0.4170449,-1.241239,-1.0185367,0.39996257,-0.67828125,-0.26707563,-0.16578431,-0.88694507,-0.50263655,-0.47144085,0.7077315,-0.10208537,-0.590267,-0.77903193,-0.23119232,-0.62680554,-0.6141029,-0.6383191,0.0035342618,-0.79230374
-1.544878,-1.2105196,0.38498148,-1.607228,-1.2818593,-1.2804762,-0.8781917,-1.4163419,-1.1761348,-1.4204247,-0.08242236,-0.15429956,-0.75700134,-1.4086732,-1.1552494,-0.9032831,-1.0503993,-1.6093676,-0.5989054,-1.4924953,-0.9114507,-1.131556,-0.5711686,-0.867841,-0.53557193,-1.0323156,-0.7497062,0.27473375,-0.107354045,-0.16407819,-0.82101697,-0.7433365,-1.4160001,-1.3407719,-1.1454067,-1.4334781,-1.1696323,-0.8354528,-0.5059932,-0.7677784,-1.3947111,-1.4133912,-1.21577,-1.4805044,-0.76971817,-0.60958904,-1.0268828,-0.6980938,-0.1380012,-1.2020582,-1.0596133,-0.8041614,-1.231382,-0.53126943,-2.203163,-0.9820492,-1.7670115,-0.9657264,0.053717785,-0.6639172,0.03345051,-0.579681,-0.5667087,-0.6718627,-1.1533532,-0.5798228,-1.1774905,-1.2445462,-1.2981367,-1.2875139,-1.3511765,-1.002326,-1.0782018,-1.4140286,-1.5777801,-1.5730125,-1.9901052,-1.7355328,-1.1613222,-1.3827543,-0.34486696,-0.6500668,-1.6734576,0.20959914,-1.5321572,-0.41308653,0.2920717,-0.70030826,-0.2266104,-1.0254347,-1.691969,-0.39130998,-1.6004761,-1.4365091,-1.272124,0.11240474,-2.018518,0.05245259,-1.0293322,-1.2787415,-0.51311255,-1.1273336,-1.2277585,-0.55282366,-1.5744479,0.043719187,-0.579779,-0.70614016,-0.14346944,-1.7277073,-1.3003017,-1.6450987,-0.6892608,-0.726509,-1.3134615,-1.6023376,-0.006208934,-1.0984396,-1.5151739,-1.1487099,-0.7048833,-0.12527904,-1.9444547,-0.23589127,-0.1901997,-1.3587915,-0.85458773,-0.9716955,-0.1482221,-0.9393815,-1.8369408,-0.09316618,-1.0367261,-0.7501598,-0.67058885,-0.9041239,-0.9488555,-1.70715,-1.9298332,-1.4601607,-1.1726029,-2.0263846,-1.1198108,-0.3818177,-1.3147732,0.33307028,-0.84161127,-1.4556519,-0.9869346,-1.4253627,-1.0827171,-0.7978496,-0.26442015,-1.3972198,-1.7733253,-1.2672707,-0.97230184,-0.85530955,-1.6826558,-1.7535207,-1.0300949,-1.0678018,-0.59145087,-1.0952522,-0.59995675,-0.38051632,-1.7035102,-1.3616934,-0.119251974,-1.1727184,-1.5205958,-0.43521035,-1.1186595,-1.093824,-0.5413503,-1.6949275,-0.73757344,-0.37415034,-1.408503,-0.71444833,-1.7259095,-1.2019249,-0.5491067,-0.95029354,0.08965429,-1.9628644,-1.8282952,-0.8450141,-0.0167211,-0.9230181,-0.29139242,-0.597646,-1.2300351,-1.5985458,-1.0120797,-1.0100936,-1.0260801,-0.79750216,-1.4073349,-1.3421651
-0.20749584,0.13816492,0.06928371,-0.13324845,-0.33960757,0.4037899,0.19816813,-0.31579024,0.4031508,-0.41209927,-0.06281838,1.0402876,-0.37606892,0.004994843,-0.23651345,0.21062064,-0.38516164,-0.031987794,-0.20504667,0.33586144,0.20630625,0.29756007,-0.12638287,0.3005304,0.31791764,-0.22706196,0.02962103,0.826498,-0.35631803,-0.31537762,-0.43106192,0.23610748,0.23861088,-0.2131661,-0.38532075,-0.63219476,0.25348526,0.31394288,-0.3311451,-0.27078897,0.0700497,0.1802566,-0.4240501,-0.45774508,-0.2263109,-0.5126272,-0.26121488,-0.3285802,-0.13117515,-0.3643737,-0.7432056,0.1536588,0.14897977,-0.30922815,0.0429847,0.11835671,-0.13573074,-0.25855094,-0.4071516,-0.028816804,-0.54997563,-0.056406222,0.20139521,-0.052092336,0.26423573,-0.23614854,-0.27090922,0.23183434,0.43510666,0.52217346,-0.18717216,-0.25756955,0.21777105,-0.12527674,-0.20684597,-0.11090647,-0.10692273,0.12575325,-0.137766,0.27808774,0.20461814,0.6166277,-0.117185004,-0.5755698,-0.08857837,0.55066174,0.20010224,0.021636672,-0.5497891,-0.2757869,0.0020835474,-0.52804583,0.004566753,0.042112976,-0.51524466,-0.28599864,-0.014181526,-0.34704006,-0.108363405,0.15549295,-0.4691698,0.66208994,-0.45815036,0.36009622,0.008326464,-0.18340139,-0.18541609,0.45706373,0.1151108,0.026501494,0.64413965,-0.18272005,0.07344258,-0.48224905,-0.38345683,-0.5049525,-0.024835281,-0.11421696,0.020516425,-0.10579773,0.50717014,0.47395948,0.30463734,-0.016343758,-0.40326107,-0.1724975,0.52561647,0.2748575,-0.48602444,0.20460363,-0.24236949,0.56444675,0.2053928,0.3727383,0.32550514,-0.3645468,-0.74128866,0.37889096,-0.17301892,-0.3592222,-0.10330746,-0.16666389,0.06904737,0.3079449,-0.460895,0.33662733,-0.29621315,-0.0489364,-0.15902242,0.082783625,-0.44352204,0.5544406,0.2649591,-0.76227266,-0.4634621,0.050205935,-0.036844213,0.6773643,-0.11191446,-0.40787107,-0.30139157,-0.07420039,0.08226712,0.27825338,-0.032980192,0.12802777,-0.13245086,-0.02080002,-0.29867387,0.108479746,-0.2999418,0.06337136,-0.3478223,-0.20492919,-0.033969343,-0.25687325,-0.09516175,0.03887876,-0.11833915,0.32447344,-0.05007509,-0.08344801,0.307778,-0.34164342,0.1430968,-0.17659926,-0.1944866,0.015962267,-0.1138268,0.315547,0.52231735,-0.6799091,-0.042540133,-0.09140232,0.018745136,-0.00049505755,-0.48097947,-0.25464532,-0.32978347,-0.42959127
0.40878153,0.4991937,0.041983563,0.4550038,0.65701044,0.22336413,-0.029217009,0.16128552,0.37243095,0.51135117,-0.19395621,-0.139344,0.55049086,0.10490527,0.1627318,0.12511638,0.5077916,0.7080526,1.0615586,0.35778338,0.8050675,0.093894124,0.84759045,0.7469605,0.37107992,-0.072725624,0.40521693,-0.33778077,0.30125132,0.48407915,0.55163175,0.19782841,0.3084121,0.5953726,0.2796321,0.7422322,0.92408997,-0.39371297,0.52021134,0.5397561,-0.34494177,0.13437401,0.5716195,0.064750455,0.4942258,0.93970495,0.29896733,0.87773836,0.2640073,0.6990993,0.898663,1.0333287,0.7872905,0.6882832,0.2372011,-0.26333994,0.34404522,0.65715337,0.43440986,-0.5660767,1.1826017,0.5171722,0.45743755,0.1662508,0.49891877,0.23266342,0.8802945,0.43326005,0.32043067,-0.117755234,0.6544031,1.2891526,0.4461665,0.29165614,0.9072288,0.8502584,0.25989422,-0.043126717,0.33898354,0.71308625,0.1291365,-0.028122293,0.44147626,0.4497696,0.20122176,0.660613,0.17546628,0.39771748,0.3836132,0.7157341,0.6957967,-0.13112862,0.4477222,0.56001574,0.6008863,0.576797,0.27980134,0.35972992,0.5243151,0.27785373,0.5447345,0.43781546,0.1125055,-0.038532875,0.80949426,0.9017873,0.20164034,0.45951164,-0.75918674,0.9370589,0.56435114,0.7321575,1.0006535,0.18026435,1.0053506,0.7047822,0.28636232,0.7144708,0.2925616,0.45862734,0.28845385,0.19277832,0.42675185,-0.4369848,-0.64444715,0.3819285,-0.13382894,-0.033934344,0.33297533,0.7058166,0.27515435,-0.6047403,0.50587785,-0.05378651,0.19698802,0.9036049,0.16500089,0.42549878,0.11712218,0.75041693,0.73947215,0.26391557,0.3824094,-0.4243536,0.4145477,-0.6529049,0.8582716,0.39863238,0.5977212,0.49647304,0.7839524,-0.21956442,-0.30606422,0.12407772,0.9473011,0.34327433,0.42746255,-0.08089335,0.16697252,0.920751,0.4647688,0.20370245,0.27971107,0.39863035,0.9900607,0.108569935,0.5735553,1.2070704,0.22662228,0.6267235,0.52748585,-0.14298975,1.1409552,0.51563543,0.6893828,0.2753262,0.056665014,-0.23894449,0.50188726,0.011728542,0.36616912,0.9830628,0.52637607,-0.6867588,-0.17684379,0.50523484,0.42487302,0.557154,0.5772066,0.80526274,1.2170097,0.82158357,-0.19035909,0.4308966,0.38400736,0.4767441,0.3345839,0.50362045,0.19744381,0.56503797
-1.0057192,-0.41519138,-1.5384637,-1.5191777,-1.0808429,0.13090304,0.18428195,-1.4610378,-0.8760176,-0.8619133,-1.3088744,-1.8120904,0.6188238,-1.2598845,-0.36640987,-0.7944585,0.2697201,-1.3555951,-0.5446389,-0.75343335,-0.6426829,-0.20949598,-0.75564116,-0.5000365,-0.16843088,-0.15318647,-0.5606293,0.3482409,-0.39930484,-0.5854831,0.4904565,-0.12435896,-1.4540601,-0.38041914,-1.5337123,-0.31582576,-0.7316286,-1.7780473,-0.7823207,0.14741373,-1.9231876,0.1005109,-0.95243657,-0.5797381,-0.98335207,-0.9248007,-0.37643966,-0.45369455,-0.42186394,0.037536234,-0.37364876,-0.009227924,-0.7544247,-0.8419942,-0.799876,-1.5703466,-0.7537584,-0.88012975,-0.090996355,-0.27240455,-0.29949477,-0.24774182,0.11491903,-1.0111371,0.46664658,0.6501662,0.12905678,-0.26700974,0.089502595,-1.1217552,-1.0153495,-1.1697476,-0.7058379,0.18010353,-1.2055954,-1.0594538,-0.21758331,-1.6337873,-0.7699781,0.9415463,-0.046784632,-0.49566358,-1.5574274,0.084266976,-1.54078,0.3356049,0.056942586,-0.030320495,-0.7604418,-0.74843115,-0.2240524,-0.20547833,-0.87887746,-0.41941136,-1.077981,0.02774512,-0.29835433,-0.35084653,-0.31829774,-1.0003175,-0.39168656,-0.6522323,-1.407111,-1.0464417,-1.4200085,-0.14057086,-1.1237873,-0.48674878,0.081717074,-0.9361804,-0.4577329,-1.2578762,0.24804033,-2.189103,-0.80518806,-1.0198718,-0.891087,-0.42027396,-1.0318877,-0.77577645,-0.16097747,-1.1616545,0.06493609,0.41416535,0.38217285,-0.6318618,-0.32993817,-1.7551173,-0.025159767,-1.8332032,-0.34024286,-1.2914124,-1.245322,0.19543166,-0.30093947,-0.03810385,-0.6914753,-0.52221024,-1.312748,-0.39952442,-2.1498363,-1.0776792,-0.24249642,-0.5114748,0.41602787,0.24817826,-1.260265,-0.820642,0.20146589,-1.353734,-0.5043098,-0.49330223,-0.95266235,-0.85291207,-1.4861605,-0.26971564,-0.1426992,-0.5012872,-2.1362996,-1.0660932,-1.3123071,-1.3618113,-1.2593861,-1.4474866,-0.44864812,-0.8487195,-0.47315896,-0.44166902,-0.6750314,-1.1563898,-0.7300411,-0.35427263,-1.7381774,-1.2408298,-0.06929166,-2.1303148,-0.8797417,0.50543064,-0.47578752,1.2094618,-0.4498174,-0.35480696,0.20170437,-1.0832069,-0.8887973,-1.2270911,-2.4011722,-0.38970488,-0.4889451,-0.5518211,-1.0003043,-1.0755141,-1.598037,-0.7026281,-1.3308856,-0.06742233,-0.058984403,-0.2893494,-1.4365994,-0.76767546
-0.7890544,-0.50699115,0.2782388,-1.1461619,-1.1673583,-0.4466401,-0.6572331,-1.1387918,-0.44534463,-0.59927565,-0.7729941,-0.698895,-0.22171833,-1.4703479,-0.6028176,-0.3397287,-0.23059277,-0.8057555,-0.24677269,-0.7680512,-0.4797968,-0.5880788,-1.2385418,-0.37794515,-1.0035057,0.013820072,-0.6847351,-0.48485917,-0.123339094,0.26414904,-0.45496395,-0.5495652,-1.0077697,-1.3519039,-1.0056522,-0.5650061,-0.17770965,-0.7244752,-0.26884985,-0.39769316,-1.1203552,-0.4322832,-1.1253507,-0.5752766,-0.1860145,-0.54403687,-0.64557356,-0.14727588,-0.6910652,-0.32232845,-0.32826158,-0.48689106,-0.60410964,-0.18973207,-1.0128596,-0.94869447,-1.5865021,-0.78247595,0.551082,-0.005062934,-0.16926558,-0.6095317,-0.24512741,-0.7101628,-1.0460691,-0.4577337,-0.5154174,-0.019559624,-1.0233973,-0.84934586,-1.2136346,-0.8781674,-0.65732527,-0.46695143,-0.7982097,-0.87315685,-0.9793914,-1.0110872,-0.4653532,-0.7543756,-0.18781365,-1.2551653,-0.89430773,1.4433417,-1.3715444,0.24378332,0.36140627,-0.5314353,-0.41656277,-0.39072132,-1.293727,-0.3190423,-0.83751714,-1.2793335,-0.65711963,0.6069797,-0.76187927,0.48910877,-0.79792535,-0.6796101,-0.4344424,-1.3118124,-0.43772677,-0.73997766,-0.81192124,-0.46824837,-0.111169025,-0.45480144,-0.8348874,-1.0159624,-0.81056035,-0.5427301,-0.010232644,-0.28928423,-0.8431351,-0.891976,0.079300076,-0.6166943,-0.7407991,-0.61470956,-0.2725204,-0.08055797,-1.0930889,0.11440252,-0.82707757,-0.69991374,-0.7250769,-0.5757357,-0.8346404,-0.8168651,-0.7505086,-0.3916135,-0.17608182,-0.68374467,-0.586888,-0.8854592,-0.21374042,-0.84147006,-1.2749952,-0.44848505,-0.99892515,-0.8145264,-0.74618185,-0.43002737,-0.7732129,-0.15804648,-0.11565305,-1.0466547,-0.59651166,-0.8380954,-0.6544248,-0.59949404,-0.1814631,-0.8969825,-0.824794,-0.8274411,-0.4288261,-0.6244273,-0.9353449,-0.4132919,-0.6654526,-0.900126,-0.4422502,-0.85398614,-0.56781065,-0.35026073,-0.74450195,-0.83102304,0.43655166,-0.49719462,-0.946447,-0.59343326,-0.56562644,-0.5243452,-0.11758343,-1.2443427,-0.51205814,-0.31713006,-0.76476246,-0.6842114,-0.9994415,-0.33953062,-0.3079245,-0.92433596,-0.7116037,-1.2704618,-1.2201972,-0.2852798,-0.693323,-1.0305251,-0.989167,-0.9802793,-0.8080445,-0.71744317,-0.518703,-0.23937534,-0.41439816,-1.1152973,-1.045482,-0.542059
0.038822904,0.96746904,-0.036033023,0.98365235,0.6717611,0.044835523,-0.77176106,0.376285,0.30279455,1.3447481,-0.25040686,-0.18105066,0.83507144,0.3578983,0.28559828,-0.58190066,0.7753026,-0.046197332,-0.0017585382,0.920893,0.66448045,0.21188773,0.7895583,0.48655376,0.5972412,0.21202777,0.80952054,-0.5613146,0.93403566,0.9279463,-0.10449359,0.9816393,1.167001,0.9474523,-0.17013288,1.404254,-0.45533392,-0.45057064,0.6085394,1.3362265,-0.8966217,0.07869501,1.4085331,0.42513013,0.15669912,0.74087167,0.51682717,1.0096744,0.5219383,1.0477186,1.3087914,0.5548037,1.0868127,0.48611277,0.55732656,0.12587786,-0.18255392,1.0480499,1.011188,0.12137629,0.0137367,0.24035773,0.7149681,0.54824775,0.39445657,-1.5446695,1.309683,0.4131881,-0.6118674,-0.74148685,0.18521746,1.161526,1.2534916,0.747123,0.19666062,0.48626906,0.3364953,0.25643516,1.0474093,0.89980304,0.69925064,-1.3144413,0.5933948,0.44160104,-0.23236857,0.75850284,0.45973063,-0.7143447,0.15201303,-0.23492017,1.039419,0.13704377,0.32611093,1.2561754,0.32384732,0.79812175,-0.0987214,0.19086027,1.292218,0.24752168,0.118378535,0.39217088,0.45013863,-0.8165884,1.3204197,1.336246,1.0821849,0.2373851,-1.7658249,0.3346662,1.0938148,0.5852439,1.1028183,0.18282422,0.79442704,0.8569944,-0.42234758,0.15398844,-0.2723699,0.65996915,0.75844437,-0.90224874,0.35115272,0.48483273,-0.5807554,1.1465979,0.53825825,-0.75127167,0.8116403,-0.29737192,0.64956504,-0.16591132,-0.62790585,-0.33932072,0.5761271,0.36517963,-0.12706476,-0.2037403,0.35513732,0.6765494,-0.069555946,0.10474517,0.91327155,-1.4975562,1.1911155,-1.1492361,1.1373751,1.3236994,0.8908972,0.3193932,1.0149329,0.091266364,-0.26363626,0.68435436,0.37774876,0.23287952,-0.23830579,0.30318537,-0.20772956,0.35400262,0.35249496,-0.07085502,0.15795745,0.38310298,0.27508968,0.32450038,0.6621281,0.9785956,-0.011487342,1.1356679,0.32177335,0.32970706,0.5508557,0.62532127,0.9457428,0.12984091,0.6014927,-0.43175083,0.6389026,0.9023714,0.5050897,1.6172472,0.9404311,-0.48384777,-0.3704827,0.7900159,-0.5057504,-0.6335775,0.1761285,0.35313404,0.6166148,-0.38089192,0.64324445,0.34972438,-0.2888307,0.8252946,0.739919,0.44284984,0.02958462,0.84583503
-1.0079778,-1.2007542,0.112609744,-1.7741851,-0.9665732,-1.5286292,0.8228779,-1.6178421,-1.0571651,-1.3575923,-0.6838217,-1.0220908,-0.43284023,-0.8483719,-1.0923789,-0.40812615,-0.1637168,-1.7526853,-0.24005158,-1.1729685,-0.94315416,-1.0636331,-1.1195029,-0.9596204,0.14787345,0.31623223,-0.7855897,1.4060379,-0.67135924,-0.62378794,-0.404201,-1.0445633,-1.5925153,-0.12357159,-0.7441902,-1.1652595,-0.5140132,-0.6739896,-0.9148751,-0.7879403,-1.2788544,-0.97678167,-1.0639412,-1.256885,-0.4442517,-0.81871724,-1.2933444,-1.2786701,-0.4046339,-1.166121,-1.1957886,-0.39458165,-1.5326272,-0.13859347,-1.5810201,-1.0792782,-1.4606396,-1.4957825,0.48773432,-0.71511555,-0.20829487,-0.3698984,-0.059188344,-1.3313328,-0.49454057,0.7099184,-1.3091315,-0.6276488,-0.91081244,-0.42537415,-0.84484005,-1.0063354,-1.086197,-1.1960766,-1.6181486,-2.0020313,-1.0709198,-1.4082384,-1.1126839,-0.41138554,-0.833349,0.7158247,-1.6072913,-0.07017702,-1.5306057,-0.5796265,0.56113803,-0.23338372,-0.3026661,-0.61301553,-1.1991062,-0.46244758,-1.0318185,-1.0924271,-1.5317321,-0.041112624,-1.7205704,-0.024266912,-0.8497848,-1.4302458,-0.20277748,-0.8142291,-1.2474526,-0.16879249,-1.7296178,-0.22008012,-0.99759054,-0.55237734,0.19986859,-2.0452921,-0.59745926,-1.7588366,-0.7906609,-1.0229397,-1.1855719,-1.5868783,-0.30327356,-0.6905065,-0.76326025,-0.8099131,-0.6870389,-0.72320926,-1.6152864,0.18592225,0.6423452,-1.3039329,-0.48804572,-0.6384749,0.96526766,-0.2846211,-0.85516256,-0.29907808,-1.4348075,-0.4657725,-0.40911067,-0.25829408,-0.24118905,-1.1165475,-1.7698865,-1.3123991,-0.91275424,-1.4286797,-1.052003,-0.05314617,-0.93947196,0.60677993,-1.1145116,-1.6716734,-0.7825051,-1.5868627,-1.4734405,-0.73758984,-0.8670756,-1.1194719,-1.7410831,-1.4620754,-0.20241122,-0.8427104,-1.7208971,-1.8679162,-1.5036691,-1.4074624,-0.52541196,-1.0712457,-0.5642038,-0.81917363,-1.9235815,-0.80796075,-1.2112225,-1.544315,-1.5913385,0.23834315,-0.95822024,-1.6034114,-0.8404242,-1.5030903,-1.1740822,0.075126074,-1.2983222,0.02635208,-1.3644426,-1.1618973,-0.43025634,-1.0212647,0.47078565,-1.6135994,-1.75106,0.0602651,-0.10821546,-0.34478506,-0.3366385,-0.39466608,-1.0855539,-1.5980119,-1.1953261,-0.72264516,-0.21611106,0.09363522,-1.6029924,-1.4574597
0.6220856,0.43943867,0.2984625,0.7471234,1.5436388,0.65504426,-0.56551576,1.4944686,0.8806869,0.5033458,2.0261033,-0.07560841,0.38024104,1.1888038,0.08438817,0.6754187,0.13968727,0.5527332,-0.03313943,0.47101504,0.022520388,0.92075104,1.6926011,0.2099231,0.3063907,0.06954985,0.10842215,-0.98844105,1.0436534,0.067074776,-0.4612762,0.94280857,1.0006747,-0.11671282,1.0787787,0.3768207,-0.5295065,0.8722014,1.1538329,0.5911877,1.5915821,0.2887561,1.0307375,0.3917797,0.7179749,1.1292338,1.4647776,-0.040828377,0.33024368,0.27244335,0.11576971,-0.017589353,0.37584946,0.14916709,0.7254667,1.0802159,0.6329401,1.0364676,-0.6611064,0.6131443,-0.29545993,0.26033676,0.057356257,0.97288567,0.5304344,0.48654515,0.60800433,0.72684103,0.66113347,0.84988356,0.27179188,0.42303193,0.72869754,0.12136911,0.19803555,0.66895586,0.662443,0.6766199,0.88902587,-0.20644139,1.0296317,-0.32476166,0.8057043,-0.5972498,0.90726936,-0.32250395,-0.852995,0.093410924,0.42460814,1.110081,0.16978994,1.0239849,1.404839,0.5376328,1.6235397,-0.1637911,0.32893106,-1.4391357,1.044682,1.705619,0.21513839,0.6714991,1.991602,-0.3142644,0.67151177,0.062796056,0.58326554,0.05990903,-0.017557727,0.93232566,-0.04681122,1.1080333,-0.3062282,-0.06170643,0.70047045,1.0496552,1.68652,-0.24360405,0.69296575,0.74104136,0.16531211,0.7108331,0.62875354,-0.39247563,1.0198544,0.88736296,0.9065375,0.38153484,-0.6785866,0.09516425,0.3761664,0.17132401,0.8150458,-0.924982,1.1253216,-0.18607858,0.8602067,0.2751204,1.1836457,0.4318404,0.9146771,0.8416037,1.3935753,0.25780407,0.79622835,-0.35326388,0.026758011,1.2229509,0.18484974,1.0336168,0.11552953,0.39348376,-0.89267886,1.5292854,0.41895086,0.32900244,0.43528786,0.88592154,1.5593866,0.06391487,1.6467048,0.25131303,0.747821,1.0973809,0.29566497,0.48602605,0.2612561,0.0924909,-0.46563336,0.25376686,0.8187178,1.5676857,0.57197815,0.27540386,0.13790765,1.4370384,1.8439187,-0.45858675,1.1039675,-0.30637968,0.45837379,0.100567766,0.9803715,2.0104802,1.476526,0.6496519,1.0529804,0.25292286,1.2991126,-0.008225642,0.18176387,0.63119626,1.467781,1.2067811,0.17031303,0.3169219,-1.1743109,1.3662093,1.0560478,0.8415567
-0.011992814,0.18194121,-0.42319068,0.99065524,0.3309312,0.50811267,0.18248254,0.5290226,0.38385803,0.38121337,0.53627986,0.6462998,1.0699477,0.7953432,0.93417996,-1.0133686,0.1054289,0.798104,-1.0690953,0.60891116,-0.6978714,0.15375856,0.4595606,1.3490984,0.6164325,1.0958798,-1.5188236,-0.68079644,0.33699042,0.745562,-0.425712,0.80194825,0.22554164,0.79305613,1.3885285,0.46857315,0.3498325,-0.2119933,0.21289884,0.5435342,0.64462566,1.4105291,-0.5600783,1.0974482,1.4948729,0.27363822,0.39413518,-0.2592568,-0.73158157,0.5872133,0.4853365,0.8080218,-0.03469282,0.9115164,0.539778,-0.1622963,0.65904325,0.46210498,-1.1723087,0.12208168,-0.49627766,0.70345163,-1.0388463,0.3086535,1.5781537,0.86709285,0.38746572,0.80088013,-0.2580115,0.14608525,0.92937124,0.39173236,0.42593184,0.3182512,0.8368297,0.53995526,1.4431847,0.81574345,0.40674043,1.1292584,0.6349504,0.79790473,0.6808129,-0.3434167,1.0124781,-0.58074844,-0.4057508,0.11080372,-0.47102,0.89244866,0.6307537,0.041999146,0.9384376,-0.4555451,0.51514995,0.04640422,1.1638736,-0.7435272,0.22056067,0.66530055,-0.3199457,-0.13315393,0.60312635,-0.09667407,0.8430944,0.5858318,0.50666356,0.2140841,0.46580768,0.56013095,0.6197795,1.0992776,-0.39338544,0.087934196,0.76124346,0.42492354,-0.43154564,1.2643784,-0.42821985,-0.07344722,-0.7517326,-0.31466746,1.3164539,-0.39649013,-0.80688465,0.9076854,-0.0343014,-0.37012577,-0.65318984,1.232987,0.96974325,0.37940204,0.27950662,0.0857773,-0.25754416,0.44633955,1.0616976,0.61106956,0.8630468,0.47315696,-0.5746029,1.0323355,0.45737854,1.1228412,0.8674102,0.24301912,0.66387105,0.23727314,0.61138237,0.98755103,0.66839147,-0.05130844,0.96887255,0.42558783,0.00880662,1.3311926,1.4158571,-0.05652741,0.3206296,0.42923126,0.7849114,0.94736254,0.6652546,0.99406,-0.2672472,0.4598694,-0.45741534,0.29376915,-0.3864136,0.33808908,0.64866275,-0.7896784,0.71176124,0.5221598,0.4459744,0.29322284,0.35322702,0.13143817,0.9363026,0.46306112,0.6357162,-0.08640801,1.0331801,0.35280594,0.17150554,0.7921848,0.76054645,1.0906256,0.8525613,1.0356718,-0.56300616,-0.13798408,1.4535143,0.9131908,0.30796152,0.4295445,-0.22617444,-0.32778195,0.61721057,0.64233416
-0.75642145,-1.2836026,-0.6031818,-0.3700455,-1.3502687,-0.24772955,1.0305938,-0.92545766,-0.3030116,-1.1704113,-1.1110871,-0.36794296,-1.4231274,-0.69197357,-0.9168872,-0.08656842,-1.2724508,-0.53614795,-0.8547496,-1.4273155,-0.49494955,-0.77256864,-1.4245493,-2.0580633,-1.1561104,-0.44231647,-0.8021567,0.8648839,-1.5130912,-0.636233,-0.41618767,-2.052853,-1.0596563,-0.18299724,0.116285734,-1.3006761,-1.6110127,0.34083587,-1.4025984,-1.686446,-0.08574325,-1.4310706,-0.13196142,-0.458182,-1.0203104,-0.23161666,-1.5071185,-0.8443799,0.11285941,-1.4106106,-1.1441942,-1.535445,-1.0883163,0.10635976,-0.24001437,-0.38249993,-0.44760722,-1.1408887,0.57641023,-0.3147414,-0.023583468,-0.4240899,-0.2279419,-1.6498041,-1.6908278,0.18984914,-1.3619791,-1.8362263,0.056709133,-0.114031196,-0.23825672,-0.33820322,-1.032384,-0.6881154,-1.012176,-1.1020856,-0.42040968,-0.3336326,-1.3152314,-1.2239697,-1.62425,0.43528372,-1.453339,-0.09536098,-0.30233544,-1.1130453,-0.42066175,-0.79880375,-0.44085553,0.27990815,-1.0063418,0.4270515,-1.1049582,-1.0706354,-1.2170864,0.15249538,-1.3187603,0.40210295,-1.6066711,-1.4426049,0.38504434,-1.0757257,-0.94622463,0.189372,-0.46317592,-0.79585385,-1.2017682,-0.536832,1.5776587,-1.1012994,-1.5056275,-0.8408712,-1.5328877,-0.9463071,-0.85721767,-1.1423361,0.19913726,-0.82990193,-0.30729604,-1.2941538,-0.58571815,-1.2144895,-0.7011515,-0.38983122,-0.05485835,-1.2747042,-0.5621956,0.09710683,1.3486727,-0.8451339,-0.20415841,0.10086616,-0.7428311,-0.520656,-0.7523515,-0.29541862,0.07562176,-1.0423834,-0.08458667,-1.0589234,0.09995415,-0.18956512,-1.9525319,1.1053184,-1.3441545,-0.26536858,-1.609145,-0.5353881,-1.6498818,-0.6496174,-1.1251303,-0.52262866,0.90684354,-0.22681278,-0.083342716,-0.66033506,0.15377204,-0.4397785,-0.55416006,-0.45210233,-1.111658,-1.4391755,-0.6449366,-1.4733509,-0.88898,-1.3450588,-0.32235897,-1.6060317,0.19525278,-1.1996723,-0.026512664,-0.49191016,-1.5894035,-1.1771314,-1.513466,-0.5541899,-1.2887502,0.45841,-1.4588457,-1.2770011,0.21735024,-1.1523329,-1.8020107,-0.63372403,-0.35810572,-0.44503805,0.064518034,-0.5792669,0.20198023,-1.0360717,-0.8023404,0.1009175,-1.0450768,-0.8954964,-0.4375036,-1.5810301,0.21727398,-0.059994675,0.03377295,-1.2943338
1.5860007,1.31838,1.0527035,0.4224936,0.34532997,0.6942096,0.438943,-0.16011557,-1.2300522,0.339142,0.2464665,-0.13913122,0.291437,0.5309035,0.6054797,0.63772833,-0.68461776,0.95732325,-0.57789916,0.27202526,1.2977664,-0.7209055,0.26273316,0.31831318,0.30324382,-0.91247845,-0.2412976,-0.96206045,-0.17830968,-0.163443,-1.5259671,-0.39898014,-0.021788785,0.664901,0.92883396,0.107636765,1.5967255,0.21530622,-0.4255989,-0.12973098,0.5235972,1.5553808,0.4955926,0.032569155,-1.0312175,-0.60370547,0.11434197,-0.37856856,-0.50252575,0.15496057,0.0028524017,-0.67145216,0.97623837,0.5121419,1.3026533,0.2950817,0.49104068,0.27549422,-0.21653843,-0.19400701,-1.0590582,0.005072959,-0.013725795,0.42264113,0.05650873,1.7683733,-0.43821716,0.27693412,0.72832793,1.1170766,1.2512733,-0.34152752,0.5007018,0.26421428,1.1853064,-0.13770345,0.8305679,1.7717496,0.41022372,-0.7875472,0.10273596,-0.2612469,1.2390754,1.1193798,1.2486169,0.30120695,-0.0022171699,-0.5692147,1.947878,-0.47602186,1.0747787,-0.09574239,0.9018725,0.44368994,-0.09918541,-1.3223469,1.1587737,0.09992536,-0.29953614,-0.5464564,-1.1737791,0.11171092,0.1446954,1.3365823,0.26110405,-1.8538387,0.32992306,0.80366755,-0.3328741,0.23410714,0.5202043,0.7539456,0.22210272,0.13075083,0.39581916,0.6799421,-1.1307174,0.60356647,0.43721747,0.031770267,-0.0387298,0.53930384,1.4885852,-0.56985855,-1.0965408,0.63424736,-0.99309105,-0.12727328,0.20070764,0.060460087,1.3028716,-0.03691285,-0.6121625,0.2989645,0.035306465,-0.027073115,-0.9275769,0.61356133,0.7681265,1.0290948,0.44416973,1.7226139,-0.07748386,0.38046223,0.2300456,0.48720232,-0.3514752,-0.07551901,0.6974811,-0.6762078,0.3589288,0.07231076,0.23593974,0.05509888,0.28787374,0.39032006,-5.7936573,-1.0779619,0.3954428,0.33593634,0.8825698,0.026772417,0.27391762,-0.27149993,1.4854552,1.2170558,0.2873568,-0.13456349,1.3809724,0.3322766,0.86263937,0.16807568,-0.45339137,0.6126091,0.8234682,0.29880357,0.2481337,-0.22128029,0.7773009,0.36561096,1.3402923,1.4089993,-0.65052867,1.3240702,-0.5131664,0.90332794,1.6079386,0.40136823,-0.87091887,0.56595314,1.3404982,-1.3872966,0.77186126,1.1215581,0.85380226,1.0482852,-0.21699944,0.033123955,1.6181071,0.129325
-0.52942985,-1.7698382,-0.040817995,-0.67731553,-1.1879736,-0.4078271,-0.11040723,-0.8217158,-0.74475616,-1.2178842,-0.34847745,0.20828614,-1.2951858,-0.1983654,-0.26116514,0.55870116,-1.1036313,-0.21722208,-1.26475,-0.6683981,-0.7491585,-0.7303781,0.19943112,-1.4298692,0.68896496,-0.043956872,-1.1362501,0.1598556,-2.0543232,-0.78310716,-0.25124857,-1.9011405,-0.7778425,-0.4003869,0.55106395,-1.5492742,-0.8808746,0.5793083,-1.6001369,-2.0156,0.27457395,-0.83838975,-0.824482,-0.62315196,-0.97041357,-0.21396387,-1.3784201,-1.6771064,-1.1314327,-1.1987998,-1.6772157,-0.6500976,-1.9474722,0.34306633,0.32336035,0.14038229,-0.10412284,-1.5165782,-0.2431348,-0.916579,0.17146237,-0.57900745,-0.5492986,-1.4442025,-0.31525582,-0.20822209,-1.6226522,-0.7908557,-0.23601866,1.5381986,-0.020663604,-0.6852062,-1.5067561,-0.6767538,-1.2168409,-0.6708952,-0.11776911,0.30366802,-1.7725168,-0.86568886,-1.5214598,0.5398756,-0.60735875,0.32250708,-0.15962322,-0.4633355,0.25899047,0.7194946,0.26321602,-0.089135684,-0.70749664,-0.5150963,-0.17409077,-1.007606,-0.8882058,-1.4574808,0.016742265,-0.81433153,-1.9011092,-1.2376016,0.2875746,0.7206124,-1.056633,0.5652031,-0.9120055,-0.91260695,-1.8876538,-0.873301,0.35816494,-0.44203815,-1.252414,-0.4218334,-1.1400533,-0.2796578,-1.3595068,-0.79734784,0.6704774,0.86160064,0.538954,-1.3009895,-1.0758034,0.99704444,0.6573193,0.30205196,-0.32218114,-1.4766029,-0.8443652,1.2808828,-0.5385139,-0.17358534,0.19381745,-0.21439588,-0.31689084,0.31368962,-0.77108955,-0.32278323,-0.27399838,-0.16921696,-0.42058,-1.4448358,-0.77050775,-0.4678114,-1.4729346,0.23990779,-1.7184285,0.04487719,-1.7904422,-0.9007389,-0.5851123,-0.44585928,-1.6643881,-0.102653146,-0.20843458,-0.21096139,-0.20542637,-0.1354828,0.90849614,-1.5208671,0.05874215,-0.9070097,-0.6600572,0.0839838,-0.48977286,-0.5292278,-0.77117836,-0.10608278,-0.45931262,-0.8278827,0.16726267,-1.1960838,-0.25334924,-0.855577,-1.4329762,-1.6193566,-1.9866992,-0.532328,-1.0987941,-0.9056011,-1.0886782,-0.32768106,-0.38818914,-1.5250496,-0.41799515,1.2897636,0.006556593,-0.618605,0.1171526,-0.23976526,0.4920694,-1.3064716,0.5321535,0.09235419,-0.74873894,-0.5662088,0.2588657,-1.2389524,-0.3743695,-1.4332243,-0.5907735,-1.5253037
1.2015948,0.03930591,-0.26693332,1.0797966,1.4423512,0.564901,-0.3895088,1.1743687,-0.3860109,0.60290176,1.6488429,-0.45412335,0.4480377,0.60156363,-0.9953739,1.152312,-0.4228329,1.0089202,-0.27138662,-0.014963542,0.4944497,1.224848,1.9416646,0.04352425,0.55213815,0.69102174,-0.382406,-1.2809402,0.04020618,-0.8415237,0.014425477,0.23978595,0.5207684,0.20227908,1.4386716,0.19661798,-0.9247862,1.190037,1.270466,0.12561643,2.6431897,0.68559074,0.9896695,1.2000188,0.48908693,1.1627653,1.1690212,0.32956418,0.011597855,0.4500615,0.707857,-0.26259872,0.2873977,0.6838404,1.2317058,1.2171329,2.1197567,0.8538905,-0.7438654,-1.37825,0.16362007,-0.11109879,-0.24507093,0.60822576,-0.36294198,-0.14944702,0.17400993,0.011850202,0.8053272,1.1660107,0.47869703,-0.136769,0.4381785,0.2469521,1.1369923,0.6612028,1.7957114,1.6324506,0.3544593,-0.957173,0.8656072,-1.5943398,1.6886656,-1.3466756,1.3181379,-0.7401915,-1.1439931,-0.055328503,2.090404,1.5710809,-0.5252,0.7807705,0.9009645,0.36720914,1.8482782,0.6709046,0.30153042,-0.9910721,0.13633704,1.4088517,0.28529,0.10985452,1.9058709,0.19003937,1.143928,0.100146785,0.21708214,-0.32963455,-0.69927216,1.1903156,-1.1437339,2.2750113,-0.5877036,0.57239443,1.4238262,0.97487384,3.2908363,0.6274251,0.40093744,0.212646,-0.19296995,2.1706219,1.3447809,-0.9540031,1.0201641,0.794886,0.7538891,0.63913924,-0.5847074,0.47328767,0.81916946,-0.3367588,1.1046107,-1.2351694,-0.47300014,-0.618658,0.7948521,0.6295161,1.4016101,0.019540366,0.99159473,1.3970916,0.4991826,-0.30154532,0.57570624,-1.1333687,0.8176382,1.1231735,0.56071854,1.0743548,0.8605381,1.4729029,-1.2344967,2.060053,2.1344855,0.9062697,1.5377095,1.3971435,2.178637,1.1612309,1.05551,0.5157343,1.4101539,0.49462017,0.77599573,0.76508206,0.873129,0.25635347,0.06619475,0.8785535,1.4121729,-0.011947362,0.54564655,0.17817393,-0.29365695,2.0024574,1.5015202,-1.4100158,1.2097821,-0.48920935,1.123606,-0.084036954,-0.9231213,3.2808166,1.1712712,0.64699864,2.0961108,-0.31195164,0.2894672,-1.0638292,0.39009053,0.5497035,1.0462098,1.6068271,1.6517053,-0.26024702,-1.2576871,0.19762935,1.8794461,0.17939389
0.5192692,0.13299137,0.2402835,0.12064082,0.28757003,-0.1266837,-0.40850556,0.21614271,-0.077874884,0.40363982,0.25390518,-0.32507363,0.22281481,7.496006e-05,0.17173102,0.30846277,0.6305621,-0.21403767,0.4359853,0.64593446,0.44029394,0.6689339,-0.051751595,-0.35558948,-0.12424318,0.17942668,0.66587764,0.003741473,0.42945287,-0.029961849,0.6459256,0.1179305,0.36984187,0.21761367,0.2292229,0.24180792,0.19561435,0.3455852,-0.024437863,0.28180635,0.47000515,0.31699735,0.44926006,0.22171803,-0.111003734,-0.1401524,-0.023549402,0.2583128,0.2495849,0.51432276,0.75570744,0.4948353,0.8514757,0.053849317,0.6501303,0.875286,0.12291328,0.5279993,-0.23090617,0.0629016,0.5523292,-0.05357861,0.7496239,0.5312588,0.5497007,0.023726486,0.61904305,0.11313477,-0.55566245,0.24777171,-0.3374338,0.19199073,0.29628444,0.085205436,0.2206741,0.4036839,0.86600477,0.1912341,0.76627475,0.2411526,0.26207027,-0.45151287,-0.097463265,-0.22801837,-0.023336107,0.25719258,-0.16976625,-0.6511461,0.052754704,0.15456086,0.5161716,-0.58020467,0.2107532,0.2381904,0.47001374,-0.45551908,0.17097872,-0.41996416,0.24860275,0.26024774,0.54017735,0.31608212,0.22635691,-0.6745455,0.51967454,-0.123654604,0.28834367,0.0797693,-0.36428657,0.2994822,0.16221951,0.36876738,0.47866455,-0.14385314,0.7589718,0.36080104,0.0120066255,0.12128991,0.18496932,0.2873621,0.5310163,-0.3950595,0.3802659,-0.63406885,-0.2853524,0.41266897,0.52165514,0.058832157,-0.0017070979,-0.17240444,0.43663853,0.060783915,-0.24663022,-0.5005925,0.16612568,-0.45643193,0.16365395,0.28250653,0.41109505,0.49507934,-0.68842024,0.34063357,-0.08620888,-0.32030618,0.4737879,-0.15337096,-0.09289415,0.45609435,0.034401506,-0.045423143,0.29234785,-0.077695504,-0.32053155,0.3008433,0.77917093,-0.4143849,-0.49287584,0.54861045,0.13962944,0.0109540485,-0.39152104,-0.20522672,0.75416,-0.11261238,0.51162857,-0.17230201,0.6983286,0.40332854,-0.66501695,0.3462872,0.63295555,0.44937903,0.25243348,0.17427363,0.24478622,0.036361113,0.074746236,-0.18107468,0.30356896,-0.04718382,0.94028187,0.63918805,-0.013355227,0.2415287,-0.02420672,0.4805303,-0.14635296,-0.22051379,-0.19728363,-0.54933643,-0.51798695,-0.4465109,-0.06683797,0.06619549,0.50083345,0.45682663,0.055875365,-0.23799907,0.3611478,0.42684048
0.004744051,0.44913086,-0.74450976,0.70494825,0.38747966,-0.19979626,0.08465463,-0.1333898,0.093122005,0.3344067,0.65085536,0.21417743,0.8100672,0.87733096,0.16363224,-0.009940334,0.6428937,-0.11276503,0.44703332,0.68255496,0.8343551,0.9504946,0.48724645,0.26142326,0.6325871,-1.3195211,1.2763487,0.08093609,0.9509601,0.31265908,0.38605154,0.41283217,0.3790751,0.27585536,-0.20529285,0.41431022,0.55864495,-0.32571992,0.40923297,0.827614,0.0035791118,0.486123,0.67287624,-0.2370953,-0.19974881,0.0058885086,0.6788672,1.2576665,1.4181906,0.5767857,0.60053724,-0.43199047,0.94798887,0.6119397,-0.011541156,0.22376516,-0.21610686,0.43040192,1.0022457,0.7175436,1.3558153,0.21406496,0.53008616,0.57643896,1.1268928,0.61414456,0.89245915,0.38376752,0.49376073,-0.76962274,0.02125036,1.1301678,0.7908125,0.7607568,0.3687148,1.0754669,-0.09410833,0.4505607,0.5613784,0.7721406,1.0717136,-0.8287104,0.1201373,0.9188494,0.08503411,0.340493,-0.015039977,-0.67123216,0.44074413,-0.28572872,1.0050857,-0.41189253,0.40483332,0.8732468,0.2820947,-0.53365445,0.24554528,0.7096645,0.7028238,0.28574988,0.44338757,0.945139,-0.18465793,-0.4191793,0.5308462,1.087069,0.47637036,0.41649523,-0.60117465,1.1318924,0.7222654,0.30395782,1.20593,0.54809374,0.50086987,0.761714,0.030366406,-0.06274583,-0.0740162,0.38763028,0.6183286,0.014310075,-0.12542033,-0.123954915,0.7655974,0.34039047,0.70775884,-0.52511567,0.53184813,0.6160929,-0.04087171,0.47014987,-0.2255071,0.4678715,-0.36383215,0.3498107,0.45740035,0.8213637,-0.035037525,0.6729954,-0.7398942,0.31780338,0.039591115,-0.19105665,0.4373492,0.4150283,0.49898404,0.5450891,1.0462582,0.24536291,0.45906332,0.63294685,-0.3980773,-0.1403894,0.3949423,0.8123875,0.32294548,0.4346501,-0.004726855,0.119745195,0.3089026,0.94264436,1.1149075,0.70545816,0.79888284,0.060185265,0.67419994,0.62174225,1.0962739,0.1533941,0.18000707,0.300287,0.87877804,0.617405,0.23984379,-0.11112276,-0.27741534,0.118310094,0.57744044,0.008752415,0.6012844,1.1074129,1.0207514,-0.27478743,-0.76213133,0.27893496,0.17532758,-0.831119,0.33365837,1.4473908,0.8993534,-0.17780058,0.58124924,0.3794569,0.22435912,0.45320475,-0.20069414,0.21233125,-0.038861718,0.71055275
-1.1671697,-1.0306038,-1.0863202,-1.307451,-1.034294,0.34805024,-0.039303333,-1.3713362,-1.0590839,-1.1372018,-0.89113694,-1.4184358,-0.40397397,-0.9210495,-0.33685267,-0.42446336,-0.18637343,-0.9557645,-0.38761327,-1.1609108,-0.88267016,-0.9211883,-0.903781,-0.92738026,-1.4279335,-0.6222208,-0.25287023,0.54631805,-0.45549712,-0.41361457,-0.43456885,-0.721745,-1.2340106,0.048340958,-0.8520361,-1.0767987,-1.0685563,-1.242642,-0.9645764,-0.6580541,-1.546017,-0.6936432,-1.082974,-0.6082191,-1.0729115,0.068698585,-0.8775311,-0.7434671,-0.17144074,-0.68407464,-0.40162686,-1.2442228,-0.88147527,-0.041846894,-1.2900852,-1.4605818,-1.323011,-1.1431237,0.18043497,-0.0012135766,-0.8397226,-0.3264185,0.1418427,-0.9170361,-0.7876038,-0.81779623,-0.6549282,-0.7820141,-0.6380689,-0.674224,-1.4759178,-0.7173095,-0.8092872,-0.99720937,-1.5707542,-1.024789,-0.5817545,-1.2732184,-1.0569099,-0.15309379,-0.74183106,-0.758274,-1.4944075,-0.18734482,-1.52807,-0.30154198,0.0085178055,-0.07227936,-0.34141198,-0.5318398,-1.076057,-0.4825482,-1.3941729,-1.4164888,-1.2022372,0.43359128,-0.9125144,0.22114223,-1.1519716,-1.4946936,-0.634456,-0.585335,-0.8823459,-0.9650042,-0.9552212,-0.7866235,-0.599833,-0.92342395,-0.096121185,-1.357345,-0.97756106,-1.4940158,-0.51538163,-1.5065172,-1.1294343,-1.3185744,-0.99457556,-0.9201931,-1.0897716,-1.0609958,-0.5063142,-1.2876518,-0.82682794,-0.3458586,-0.4459388,-1.1182934,-1.0674416,-1.2348156,-0.019736448,-1.6484407,-1.2361132,-1.2384712,-1.3002748,-0.48285514,-0.6991397,-0.03561142,-0.33722612,-0.9226831,-1.4165448,-0.9845108,-1.5315408,-1.3511664,-1.0785714,-0.928238,-0.70068693,-0.3843066,-0.5409669,-1.104877,-0.79436594,-1.3492409,-0.91038835,-0.4938749,-1.4450618,-0.89174426,-1.1653425,-1.3037966,-0.10459656,-0.97468454,-1.8438928,-1.0420581,-1.3474861,-1.375138,-1.5573982,-1.4447141,-0.31421146,-0.9346256,-1.0080888,-1.0371435,-0.32013196,-1.3226784,-1.2668664,-0.3139281,-0.54590845,-1.193445,-0.3909856,-1.785957,-1.1290405,-0.069603644,-1.0245918,-0.3914258,-1.007354,-0.6688422,-0.3525269,-1.4893217,-0.8663618,-1.5709678,-1.7510293,-0.32216513,-0.17624432,-0.14761262,-1.5143131,0.061542377,-1.2743587,-1.0296735,-1.233234,-0.53272516,-0.072268516,-0.20564562,-1.3765932,-1.2739474
0.30714843,0.10337655,0.25835457,0.32463166,0.1573803,0.49165627,0.23379676,0.32027477,0.74499685,0.51241714,0.11864291,0.8749486,-0.040140558,0.3323289,0.789396,-0.09977752,0.09948286,0.28802586,0.3296782,0.69568104,0.42665672,0.1014233,-0.051191963,0.6133644,-0.039764877,0.15991646,0.6986427,0.3652829,0.2554524,0.45476976,-0.055313516,0.31050652,0.38373524,0.5659128,0.28835267,0.26501292,-0.07763234,0.48333332,-0.15130931,0.21464905,0.11407633,-0.055896945,0.5925348,0.40309012,0.3580293,-0.1516924,0.26256987,0.2134046,0.7684209,0.021589436,-0.009306104,0.36560073,0.39308572,0.29785565,0.37938935,0.5591548,0.008769762,0.14318812,-0.8961766,0.4853733,0.2546561,0.53434116,0.0054267608,0.250721,0.24076685,-0.5019198,0.13425334,0.3458056,0.33607137,0.632827,0.36119154,0.36505577,0.29049772,0.075766504,0.010468407,0.36416724,0.0856276,0.2802637,0.20408022,0.099994674,0.27340865,0.5049497,0.551677,-0.29019746,0.43333113,0.16986158,-0.33290994,0.24172048,0.016081471,0.1968112,0.40634218,0.31984696,0.16674346,0.8969198,-0.050086826,-0.12407463,-0.10602228,-0.34317973,0.58709556,0.27425143,0.10145545,0.16247557,0.16251902,0.2557596,0.06666882,0.32213134,0.115333036,0.0963532,0.37211195,0.2916705,0.6757552,0.26773322,0.137278,0.018603178,0.4964662,0.14345221,-0.040449753,0.30315962,0.49563527,0.20405781,0.33381197,0.2300067,0.14437632,0.18915918,0.5380746,0.23315357,0.50984126,0.32072917,0.5133169,0.30892265,0.05014199,0.56026316,0.3401417,0.6114714,0.27533275,0.70518327,0.34578612,0.10436163,0.41890594,0.1467365,0.21194647,0.069971375,0.46914753,0.2100476,0.18587115,0.18668877,-0.12693404,0.42061228,-0.084536746,0.22706865,0.16471288,0.06658983,0.8038479,0.1509347,0.028750215,0.44918197,-0.045406338,0.6926558,0.37923342,0.064917326,0.08598569,0.0028625317,0.0832815,0.71732134,0.14037433,0.38500887,0.3283167,0.41914022,-0.24228382,0.18810672,0.09419492,0.039719224,-0.29668015,0.544143,-0.015709942,0.23872203,0.08255768,0.23376332,0.24031107,0.625556,0.2954982,0.06753828,0.09810207,-0.21980913,0.23941994,0.47080278,0.20334531,0.4835406,-0.11105595,0.46624994,0.021125883,0.0014718771,0.5755972,0.08387104,-0.0057430975,0.46162283,0.5626143,0.51888967,0.19655657,0.3171063
-0.13706742,-0.44907558,-0.7716285,0.76097083,-0.92610556,0.3968257,0.9877429,-0.081395514,0.31031477,-0.91008276,0.27923048,0.747883,-1.6384323,0.6980972,-0.11014666,1.7406656,-0.7744603,-0.1973503,-0.2199505,-0.0635902,-1.0899415,-0.1424121,-1.0023607,-1.828311,-1.6410787,0.23076528,0.28221932,1.6532093,-1.2470796,-0.1336696,0.5605872,-2.2035248,-0.09349873,0.0331601,1.2322382,-0.42593428,-0.6764222,2.0685554,-1.1980608,-2.2686555,0.5743123,-2.2856174,0.20979685,0.69503987,-1.3905671,-0.43097147,-0.6924065,-0.8987924,-0.026862303,-1.663452,-1.6070744,-1.2087502,-0.5188251,0.75792986,0.59762615,0.5167811,0.8098941,-0.62973434,-0.4541457,0.91697437,0.14586279,0.26321918,0.10968495,-0.9190271,-1.6961703,0.35498855,-1.6186867,-1.5776478,-0.110764205,1.7516997,0.74606997,0.5527427,-0.8515384,-0.23546381,-0.5166901,-0.49149394,0.4868601,0.4493013,-0.72404224,-2.4191206,-1.6983387,-0.08155372,0.27350673,0.062389955,1.2165444,-0.6484227,-0.7823024,0.067787215,0.29130948,0.50249434,-0.5093344,1.1857018,-0.62062526,-0.03928557,-0.0008766372,-0.33461526,-0.8097603,-0.0073867696,-0.9481256,-0.7148511,-0.10215728,0.21711157,-0.5957334,1.3021137,-0.20328708,-0.6860127,-1.2613976,-0.18131298,1.98646,-0.44771537,-1.4930937,-0.13105941,-1.0013255,-0.38687888,-0.24340677,-0.09583196,-0.26646736,-0.5603276,1.2133925,-1.2091924,0.02485326,0.21575767,0.44506776,-0.0054634213,-0.15496075,-1.3218229,-0.20594673,1.8775184,-0.58145267,0.064806744,0.5056829,0.7574665,0.45801952,-0.8739436,-0.3355892,-0.34805447,0.27949762,-1.4121104,0.81927514,-0.4405017,1.1061642,0.61060673,-1.7789788,1.3490773,-1.3127223,-0.27692223,-1.3871211,0.06364243,-1.9852433,0.4944022,-0.6004578,0.7268157,0.9596542,0.61120296,0.026667196,-1.0157868,0.8484264,-0.39094687,0.642533,0.08594879,-0.2697195,-1.0970007,-0.15917565,-1.299093,-1.1101761,0.28867912,0.80501467,-0.90652376,0.44314864,-0.37725675,0.78713375,-0.24638996,-1.5261688,-0.8334601,-1.3246847,0.048844658,-0.71641934,0.650327,-1.3843704,-1.1617447,0.47954047,-0.37049,-0.26084724,0.46947184,-0.0062774234,0.020380016,1.0179454,0.10824175,-0.71845686,-1.0076703,-0.070790485,0.28488237,-0.32409316,0.19337258,0.121789366,-1.3044059,0.64471763,0.21745862,1.0732316,-1.2543759
-0.9279721,-0.71003634,0.23048665,-0.7162242,-0.23812856,-0.19353938,-0.40136382,-0.39775687,-0.6030042,-0.5181274,0.030936223,-0.095399044,-0.2591977,-0.67482394,-0.34328273,-0.35798404,-0.053408746,-0.23476477,0.019698216,-0.5284845,-0.43682495,-0.59880066,-0.09276343,-0.16202235,-0.24919482,-0.32536268,0.0009882282,0.06750497,0.11849494,-0.69592935,0.14261428,-0.23482248,-0.59108883,-0.44787154,-0.5807547,-0.29557666,-0.13081537,-0.6559962,0.15563485,-0.28317404,-0.48281965,-0.36267874,-0.6446217,-0.6949948,-0.047924906,0.31445986,-0.011518831,-0.2368116,-0.088222116,-0.3550865,-0.37190202,-0.24815527,-0.56330127,-0.20762868,-0.8615795,-0.43180713,-0.5419419,-0.33614954,-0.14498575,-0.377676,0.3479967,0.16902047,-0.17271957,0.011139901,-0.3696044,-0.3096035,-0.34075114,-0.38605797,-0.13585529,-0.41707575,-0.67658997,-0.2729459,-0.34395486,-0.3728367,-0.3606469,-0.2513601,-0.60299534,-0.7179665,-0.41409063,-0.27412307,-0.16257015,0.34335288,-0.6750687,-0.057376757,-0.4915064,-0.22612087,0.26882178,-0.070317216,0.29110995,-0.06647993,-0.42275932,-0.77239245,-0.43734634,-0.54292953,-0.25667015,-0.09517555,-0.226474,0.09857402,-0.26445115,-0.5077609,-0.24640541,-0.71093106,-0.40696046,-0.11562679,-0.5703758,0.021624135,-0.056641676,-0.43572336,-0.42471164,-0.26950532,-0.17132685,-0.7086987,0.027073473,0.15628879,-0.44196105,-0.2468259,-0.3651468,-0.18445553,-0.34200874,0.05053354,-0.50821966,0.17054689,-0.40785947,-0.31867597,0.19673093,-0.29568392,-0.32767627,-0.42484015,-0.17378318,0.20599511,-0.8042593,-0.20717424,-0.027115116,0.3326328,-0.2626107,-0.06744844,-0.26108915,-0.49790978,-0.59263,-0.224163,-0.12633164,-0.72095406,-0.27502418,-0.40438062,-0.25849363,0.2912667,0.17740208,-0.64281964,0.21517168,-0.17975998,-0.3987216,-0.37092888,-0.14766735,-0.46043742,-0.50926733,-0.58764476,-0.35646543,-0.40579242,-0.46139944,-0.095161736,-0.109945565,-0.17227119,-0.020562649,-0.41624534,0.21810853,-0.44660607,-0.6618211,-0.20732528,-0.10921269,-0.38924363,-0.73939496,-0.21884507,0.1463525,-0.41354007,0.012846077,-0.67132723,-0.2966212,-0.61325586,-0.36149055,0.13088474,-1.0341194,-0.16886756,-0.111028835,-0.101299345,-0.07748911,-0.66587293,-0.5614706,-0.10332372,0.07983292,0.2618912,-0.057076205,-0.19939305,-0.79899263,-0.4417608,-0.5111001,-0.31330985,-0.43830794,-0.47877458,-0.72447145,-0.22457285
0.56381625,0.19714941,0.265815,0.39426494,-0.27355453,0.8226689,-0.25877467,-0.17796093,0.6787322,0.3373053,-0.026810799,0.73933125,-0.21485737,-0.27886575,0.8692675,0.30993417,-0.09118652,0.114707924,1.3332901,0.5063626,0.051977508,0.5367703,0.4085122,0.74177146,-0.018515822,0.5585045,0.69130445,0.7014136,-0.019440433,0.10105066,0.0053162477,0.51215726,0.16161321,0.5059086,-0.18193194,0.014538123,0.7645746,0.45543793,-0.32515648,0.22583467,-0.039960124,0.15611006,0.5379689,0.19145444,0.27645853,0.065083034,-0.6219048,0.23774806,0.4206674,-0.07144732,-0.07304088,0.95524824,0.48626643,-0.1388267,0.41384444,0.13446414,0.14910516,-0.21476094,-0.31986636,0.7354391,0.6761605,0.76794815,0.80790806,-0.16129449,0.70312893,-0.12772244,0.4399964,0.6457172,0.6003719,0.7476565,0.667001,0.6021995,0.47834563,-0.21985441,0.1797981,0.6528429,-0.26470026,-0.0776629,0.22510174,0.665901,0.43383133,0.49732202,0.141641,-0.14486255,-0.1658439,1.0404897,-0.10786459,0.42540538,-0.2645415,0.056840338,0.3733978,0.09287673,0.14870527,0.41873345,-0.15757194,0.5352395,-0.049446158,0.40291938,0.114754066,0.08594149,0.23808627,0.2941723,-0.20284624,-0.26368237,0.50940466,0.21798575,0.1484464,0.9277108,0.6864135,1.0769783,0.9386368,0.41006005,0.30860844,-0.12284065,0.410878,-0.62525773,-0.32899046,0.1783722,0.32116523,-0.11666478,0.9511673,0.12255126,-0.07631494,-0.1266049,-0.16754977,-0.0059656,1.0353658,0.23544924,0.1304618,0.53455025,-0.12749074,0.77436024,0.36644116,0.15383837,0.609369,0.7914252,-0.108247206,0.48238257,-0.2270572,0.25997442,0.5300148,-0.0052859234,0.05615382,0.8123332,0.14651038,0.32265174,0.14591348,0.30348992,-0.23266785,0.019604659,-0.045935404,0.030539922,0.42054194,-0.65531874,-0.11757836,-0.20208012,0.25248566,1.1625681,-0.059965387,-0.47025207,-0.51157326,-0.06332023,0.24139825,0.66828674,0.029203441,-0.26159212,-0.086318515,0.117653444,-0.48410922,-0.26358876,-0.068333626,0.6508804,-0.28032613,0.49865657,0.5629091,0.1978264,-0.38308632,0.89948565,-0.14711529,-0.12205076,0.32488602,0.018596224,0.39385965,-0.7689728,0.2955774,-0.032201067,0.022708017,0.00082447566,0.16989219,0.50784814,0.9564739,0.45691764,0.2974538,0.06338368,-0.27277276,0.14107288,0.28593463,0.16423008,-0.3428351,0.053461347
0.30194747,0.59026873,0.18225531,0.53392506,0.57326144,0.38773152,-0.36985275,0.5024332,0.47860926,0.48188442,0.68151057,0.47161168,0.019428924,0.7750023,0.8627263,0.058882855,0.50761914,0.16672707,0.93435645,0.8127119,0.87503374,0.24236204,0.12944934,0.560747,0.32592186,-0.46044827,1.4399148,0.3826934,0.7240718,0.7329279,0.44400173,0.64726096,0.5702289,0.8923458,0.26515996,0.9301252,0.14338458,0.14141394,0.33399072,1.0208951,-0.059749782,0.20548044,1.0860868,0.08902085,-0.0658721,-0.098075464,0.86934763,0.7906075,0.83274335,0.4978864,0.6413454,0.54224473,0.9630287,0.40552628,-0.0177747,0.4317512,0.02479098,0.47016966,-0.35358933,0.18313551,0.63645566,0.3679627,0.27479193,0.567281,0.55148095,-0.77074933,0.794663,0.087092824,0.6932413,-0.15633784,0.36917645,1.1139491,0.6304709,0.39969724,0.20056592,0.89940023,0.3438698,0.21076722,0.8242374,0.19283164,0.4291268,-0.12704287,0.4657603,-0.41286173,0.33387226,0.5545579,-0.02442697,-0.024817236,-0.017748129,0.37827575,0.54169214,0.032984063,0.09570692,1.454649,0.45360297,-0.5344329,-0.05809956,-0.34140003,0.72112936,0.40987977,0.76277846,0.5983367,0.31011575,0.6025727,0.5637626,0.881889,0.71270585,0.02859541,-0.35238126,0.6905226,0.657247,0.4041406,1.0834515,0.5462088,0.40484303,0.7211336,0.31934544,0.5107098,0.14018205,0.9010842,0.41216558,-0.1655097,-0.08143452,-0.104852445,0.5175282,0.58384943,0.67303306,0.28485966,0.8625215,0.0016623843,0.23602544,0.2203502,0.12095476,0.13648431,0.50855297,0.64880663,0.11112836,0.26424146,0.45345232,0.43088502,0.0689686,0.08899155,0.789353,-0.33509403,0.56398946,-0.0825402,0.5741234,0.8187701,0.4309464,0.06389095,0.573973,0.37624973,1.1038507,0.026807446,0.23770964,0.61230403,0.43175685,0.5450195,0.14208387,0.2718999,0.29912347,0.08241115,0.48131764,0.4493783,0.58316386,0.53586155,0.64339155,0.507418,0.42297798,0.569746,0.122761145,0.3489121,0.6095934,0.8967154,0.21679191,0.26575297,0.3966516,-0.36140317,0.5720847,1.0949724,0.2448501,0.53894925,0.41919184,-0.35602266,0.23950544,0.7035201,0.22798647,-0.39010742,-0.2711262,0.5715804,0.2877331,0.6129924,0.54485136,0.14744951,0.3537808,0.6700435,0.7103006,0.43835002,0.31178394,0.65003496
0.3672119,2.2275105,-1.1470565,1.3931693,0.58807415,0.1434371,-1.0114012,-0.042091966,-0.51951313,0.6590217,0.16556545,0.09984746,0.22946137,1.1724648,0.32133684,0.9089614,0.29652783,0.00078589655,0.8679554,1.1799276,1.78704,0.7280722,0.7285241,0.4398844,-0.24463911,-1.3327961,-0.06815817,0.54979086,0.74663633,0.7315375,0.50723946,0.4846616,0.20185904,0.91061187,-0.9246137,0.23397954,1.24449,0.8225278,0.44274935,0.5049229,-0.22098544,0.29917404,0.8062283,0.896589,-2.1911907,-0.5663832,-0.10623266,-0.17677513,0.010502679,-0.12896398,-0.40245155,-0.30992493,1.1596242,-1.3822392,1.1923,0.22381485,0.9790751,0.339648,0.39228153,1.0463369,-0.23355146,0.97997755,0.30471572,1.1777834,0.30470783,1.7161919,0.294916,0.607142,0.97609454,0.4403926,0.8740604,1.7704028,-0.11313917,0.04315658,-0.019882446,0.79128826,0.6336754,1.2890526,0.7108705,-0.19961311,1.4625498,-1.7495813,0.32378998,-0.055615634,0.4891196,1.0889503,-0.30082017,-0.5944636,0.41509587,-0.5979703,0.35908642,0.5683245,0.0711677,1.0222205,0.98917526,-0.9931317,0.40912735,-0.62107384,1.159303,0.5139804,-1.2215542,0.5051094,0.6731487,1.5005367,-0.048594493,-2.265218,0.6563213,0.11418569,-0.0932512,0.38749662,-0.77445793,0.8309315,0.69649714,-0.39535925,0.10753697,0.77753586,0.539553,-1.08532,-0.26547283,0.011504115,-0.055609897,-1.3293178,0.5637392,-1.0403492,0.56045073,0.80354744,0.20543712,-0.8443192,0.3048187,-0.8380838,1.5690279,1.0755582,-1.581387,-0.3765449,-1.1426986,0.2396892,0.8364047,0.8704998,1.2796702,1.3602577,0.84599566,0.8752355,0.9539082,-0.3307715,-0.71824205,0.6039579,-0.97566247,0.2482508,0.5058617,-0.6718331,1.0536128,0.28477228,0.1824494,0.53384167,-0.5124541,0.59511024,-0.71429414,0.5434913,-0.79072255,-0.8469561,-1.7423388,-0.5780722,-0.11542471,-1.009345,1.6998329,1.8851852,0.055805102,1.1828277,2.3079011,0.21840474,0.7522262,0.9051848,-0.5718687,1.297306,0.2588115,0.5956027,1.2066883,0.46490577,0.04155189,0.3816904,0.9149391,0.046259493,-0.9716245,-0.04098498,-0.087541014,0.23030452,0.2704073,-2.0353127,-2.1326833,-0.93930566,0.66373664,-0.0814733,0.6369913,-0.16142462,1.4972699,0.54397535,-1.2589352,-0.5144079,0.91057247,-0.24447024
0.585317,-0.07632461,0.17941533,0.55040276,0.14589871,-0.1697391,0.4233024,0.21778151,1.2130015,0.058308218,0.451146,0.39650425,-0.43546388,0.30111495,0.44720188,0.57951605,0.2682333,0.08260206,0.0143844,0.4041153,0.07454809,0.18906447,-0.37611055,-0.739369,-0.59379554,0.691144,0.018209254,-0.014135577,-0.11470044,-0.23598103,-0.074326724,-0.5588352,0.23037505,0.49503794,1.1871259,0.5084689,-0.4060487,0.58384866,-0.1037413,-0.05352434,1.8010234,-0.54554355,0.34343615,1.057536,-1.0276101,1.0282519,0.29776743,0.121981114,-0.18852141,0.2714599,0.58872074,-0.835363,0.66039234,0.19537333,0.9067488,1.4545475,1.1505538,0.72148347,-0.6701674,-0.041105513,1.0076628,-0.29769045,0.27886721,-0.17576873,-0.4558624,-0.4772812,0.11784335,-0.83129483,-0.5699522,0.4906599,-0.04345885,0.08679219,0.006074912,-0.21752194,0.442628,0.055152114,0.8386743,0.69979084,0.578785,-0.9366406,-0.33554992,0.47756773,0.43330547,-0.41942838,0.6094165,-0.094366014,0.4831322,-0.7160498,0.05143519,0.3595138,0.09027467,0.9024328,0.17103699,0.020827165,0.9985084,0.04850691,-0.5807183,-0.4085504,-0.008433461,0.18911664,0.63019973,0.63255346,0.3270802,0.2125698,-0.293603,0.13308926,0.550349,-0.7567814,0.1958056,-0.123873085,-0.46316004,0.48363125,0.09209941,-0.027088799,0.7161431,0.79556865,1.2821928,-0.10745899,0.4664858,-0.21957554,-0.07755381,-0.17716777,0.6830462,0.43532062,0.92424995,0.14631926,-0.21488777,0.12462534,-0.07355637,0.053729713,0.68223494,0.44048676,-0.38588846,0.46554273,-0.014331881,0.20664181,0.9503744,-0.123773366,0.64149666,0.61759484,-0.54473585,0.005755405,-0.020680398,0.12554553,0.21743083,-0.7059364,0.14224744,0.87575716,-0.05668281,-0.809612,0.16763955,0.21935736,0.7282416,1.3150779,1.2076678,0.0023149077,0.06880461,-0.18626893,0.7433407,-0.11547307,0.027602542,-0.38806158,0.39821434,-0.03171708,-0.43060002,0.08828449,1.1863544,0.6303062,-0.9128409,0.84366727,1.4244987,-0.10638959,0.37999398,0.32834634,-0.08841796,0.636078,0.2455581,-0.37412277,-0.2802939,0.059751198,1.2307638,0.274156,-0.5803231,1.1121191,0.16606066,0.64730984,1.0039364,0.6135666,-0.41101623,-0.385835,-1.231309,0.12594211,-0.21174051,0.4530895,0.19149055,-0.5370983,1.0722034,-0.90187436,1.4211807,0.58780646
0.7263942,0.54393494,0.630929,0.69722825,1.7094857,0.20208886,-0.94847655,1.6346973,0.57056147,0.7878446,1.8283218,-0.57864404,0.7092341,1.2127583,-0.624111,0.731781,0.4331851,0.50530064,0.28004047,-0.07125899,0.109979086,0.845123,1.5924683,0.6430367,0.5397752,0.25726286,0.35126176,-0.8954028,1.291134,-0.30877277,0.22390722,1.2293904,1.3138015,0.00444315,0.09463685,0.48794374,0.027895985,0.9439265,1.2656009,0.48458308,1.3609449,0.1951826,1.1660206,0.13012648,0.81573266,0.6841083,1.7294196,0.2926364,0.6443317,0.4108897,0.41898808,0.1703119,0.3223144,0.31747898,0.5017974,1.2393026,0.42902872,1.0540211,-0.2779395,-0.1830994,-0.5703202,-0.15254241,0.2673378,1.1477852,0.09675746,-0.18227652,0.7312444,0.43328086,0.7694852,0.89881885,-0.072815746,0.30604434,0.8473687,0.44457525,0.33412898,0.4112039,0.5085187,0.4813257,1.0890526,-0.21359009,0.7429549,-0.052564956,0.9460031,-1.2583599,0.89249986,-0.4208085,-1.0605322,1.3104368,0.4817184,1.3945212,0.20907265,-0.1100502,1.2557716,0.6286718,1.2709392,0.6188209,0.52862287,-1.0601991,0.9537763,1.7467253,-0.09677935,-0.29083464,2.1726265,-0.5803412,0.775569,-0.1440544,0.8168608,0.29588428,-0.8453379,0.38650265,-0.41297492,0.843602,-0.20952527,-0.105276145,0.70175636,1.1967461,1.6743261,-0.047829606,0.4150802,1.0386225,0.25913364,1.4867526,0.30963987,-0.13589059,1.1672059,1.028555,0.947265,0.1992459,-0.2707588,0.18620875,-0.30906767,-1.0479634,1.1026193,-0.48588032,1.0445614,-0.27033165,-0.06190232,0.13670611,1.0476584,0.4075688,2.0589917,1.0663621,1.1520225,-0.62982434,0.8330709,-0.79967666,0.5551447,1.1562332,0.51240474,1.1939985,0.3984061,0.9597099,-1.1633587,1.5981463,0.66412264,-0.0331855,0.78868425,0.78702044,1.2115145,0.9865659,1.6098773,0.8156965,0.24748598,1.4584962,0.81548065,0.3454616,0.21920408,0.43936032,-0.3811332,0.72711676,0.5287197,1.6364678,0.44928885,0.6020272,-0.110076465,1.4663079,1.9018162,-0.86175567,1.3189312,-0.50345993,-0.0144375,0.30854648,0.44302455,1.7369466,1.701651,0.37386402,0.8472438,0.05127249,0.804018,-0.2357902,0.32916358,0.9715558,1.4321452,1.2327452,0.3519945,0.13050386,-1.426568,1.7693176,1.2126197,1.0602378
-0.3271312,-0.50540864,0.65801555,-0.40568942,-0.16995053,0.4645711,0.6946667,0.12926179,-0.66952,-0.69788885,0.38176057,0.12347578,-0.87257314,-0.5124053,-0.30497664,-0.18633988,-0.57731205,0.34248772,0.93789893,-1.3430991,0.55926377,-0.44389454,0.071170636,-1.1411091,-0.3738974,0.37978128,-0.5536795,-0.029044673,0.21115725,-0.3341722,-0.16944683,-0.4450206,-0.56908244,-0.4909669,-0.37099263,0.099553585,0.13900992,-0.12908897,0.49894032,0.23016173,-0.24228314,-0.5881745,0.07787288,-0.384943,0.54286385,-0.33600587,0.019330582,-0.08083925,0.08716745,-0.2573679,0.17816073,-0.80978477,0.12729152,0.87527484,-0.65744066,0.14225438,-0.29768986,0.069566324,-0.07702973,-1.0019784,0.37953672,0.34190583,-0.3908771,-0.25897434,-1.1502877,0.077413835,-0.28946313,-0.86575615,-0.050320864,-0.039190724,-0.029406622,-0.3473157,0.1282574,0.4260794,0.58766204,0.007267704,-0.7620827,0.02777064,-0.02130606,-0.38600522,-0.27286816,-0.057028197,-0.32291478,-0.95713717,0.26167586,-0.444936,-0.61565197,1.7767626,0.42542237,0.31157374,-0.05208268,-0.72690314,0.2367329,-0.44913098,-0.27290294,0.2957642,-0.0957935,0.06575851,0.10457307,-0.21151681,0.19890352,-1.420136,0.12736844,-0.6508888,-0.12803875,-0.003205305,-0.3959324,-0.56867456,0.29999962,0.13900885,-0.9376712,-0.12059726,-0.58603126,0.0007613208,0.6173639,0.021808349,0.75821906,-0.07721575,-0.5522693,0.45341152,-0.08293174,-0.07035437,-0.6428416,-0.5178595,0.5811179,0.21474126,-0.32134506,-0.14829296,1.0143691,0.14991373,-0.512575,-0.85502785,1.0383909,0.43565416,0.5574524,-0.58476686,-1.2710109,-0.21465185,-0.27108994,-0.35051292,0.7243052,0.19151449,-0.28293207,-0.12675227,0.3388518,-0.72743684,0.42470598,-0.7363979,0.27461886,0.48913288,0.162512,0.038647488,0.70452815,-0.35946995,-0.202691,0.11725364,-0.7120635,0.506524,0.35204896,0.59211296,0.326674,0.2301977,0.18595822,0.72793293,-0.4597228,-0.25113305,0.09456529,-1.1290916,-0.29110324,-0.054449506,-0.5016745,-0.2209206,0.058803186,0.28016332,-0.52068484,0.34964287,-0.56177276,-0.7703327,0.36188686,0.098066404,-0.5951035,0.24530977,-0.418509,-0.08062409,-0.08756664,0.18321113,0.31623858,-0.096943,0.4153268,-0.24541916,0.576834,0.86406314,-0.3851633,-0.40206835,-0.11257002,-0.26711458,0.028736379,0.99984294,0.233465,0.09152367
-0.47609282,0.36182094,0.5697004,0.18213618,1.8474268,1.517888,0.01897639,1.8364292,1.3893731,1.0160931,1.1993841,0.6400399,0.54694057,0.3718077,-0.0011132378,-0.84416896,0.87616855,0.40327993,-1.2975878,-0.016648646,0.91498613,1.0173132,0.89673245,0.79791754,-0.28295076,0.4851468,-0.0509476,-1.4678106,2.1103761,0.216605,-0.096109234,1.7331609,1.5016396,-0.4992074,-0.3238301,1.3714073,0.64593685,-0.37823853,2.4106534,1.5596645,0.34188282,0.097392626,1.5357811,-0.077668466,1.7090639,0.5314708,2.7012105,1.1458206,0.39279613,0.9597174,0.32402578,0.04806763,0.52054125,0.7144422,0.052481502,0.8551363,0.97626376,1.1472688,-1.4120411,0.15948135,-1.1468039,0.2284855,-0.53057474,2.0977757,0.21080184,-0.15586042,1.5984975,0.3774768,1.1286302,0.09504618,-0.57696456,0.6520019,0.9668142,0.6875968,0.64099216,0.45401132,-0.17510466,0.23216777,1.4579831,-0.31778893,1.2249864,-0.16907811,0.6225854,-1.5167439,0.8630995,-0.88978165,-1.1366043,-0.1220821,-0.5231061,0.9530902,0.34830862,1.1644918,1.4656019,0.34158415,1.0766157,-1.0684224,0.12938796,-1.6882498,2.1348991,2.0244536,-0.93159443,0.16248709,2.1633406,-0.77306247,0.8330255,0.49490535,1.2027063,-0.8559418,-0.8968873,0.7494778,0.41028813,0.50545055,0.19913866,0.19107205,0.7095413,1.6763937,0.6469682,-0.041698568,-0.48693538,2.1935656,-0.34478733,0.1652481,0.11387147,0.596616,1.4089959,1.953565,1.0131251,-0.31646526,-0.28804985,0.37495732,-0.6339454,-1.1897224,1.4830058,0.92082065,0.8639952,0.13755192,1.213518,0.14812997,1.3648338,0.7073718,0.61839116,-0.027749002,1.848394,-0.7456688,1.4707282,-1.040115,0.7065213,1.8937784,1.1191322,0.643993,1.1548833,0.31525564,0.6920455,1.44412,0.30293277,0.43162468,-0.016950002,0.9160742,1.1637075,1.2168916,1.9150816,0.54316866,0.1080544,1.9619997,0.92980015,0.45731327,0.12330671,0.582574,-0.57861376,1.7157291,-0.10067581,0.56178254,1.2233213,1.3748908,0.7511933,1.8810878,1.9928008,-0.7819291,1.8496289,2.007227,-0.15081425,1.1426917,0.91709167,0.41909778,0.98764884,0.69830513,0.6035565,0.38568294,0.5157765,-0.4695482,-0.77784127,1.0618342,1.1872507,0.5605138,-0.5044753,1.3276234,-0.6234391,1.3034971,0.7658818,2.3261836
0.16450296,-0.54696757,-0.057525534,-0.26700634,-0.38075653,0.5760938,0.647049,0.008879587,0.260412,-0.85332173,0.2893735,-0.005472608,-0.8189453,0.29568145,0.5432403,1.1813666,0.05041199,-0.7641574,0.30675083,-0.41343826,0.39782807,-0.15193951,-0.55114734,-0.23521636,-0.92812467,0.7935577,0.0982462,0.82026106,-0.42351386,-0.65022385,-0.18631566,-0.733628,0.088377096,0.07444074,0.1614677,-0.39144695,0.12226488,0.5104621,-0.7292922,-0.8932974,0.8023493,-0.044120573,-0.5127651,-0.08731027,-0.016201407,0.48434854,-0.4703854,-0.20536649,0.31764767,-1.0580597,-0.76635796,-0.37346128,-0.28659683,0.2129994,-0.24277508,0.35863793,0.11706705,-0.49839747,0.0008154735,-0.031217467,0.72126377,0.50370514,1.0426141,-0.29459274,-0.79648226,-0.1382544,-0.84597605,-0.5739096,-0.1278224,0.539664,0.3980063,-0.7402165,-0.04074004,-0.21578576,-0.12545975,-0.6411325,-0.19364347,-0.62303555,-0.35401854,-1.2277958,-0.4965864,0.9001756,-0.08736318,0.22511044,-0.27209312,0.7037974,-0.25485897,-0.35672486,-0.09868847,0.01965063,-0.536817,-0.15869576,-0.4851823,0.084992826,-0.67254096,0.47526225,-0.5066328,0.29280356,-0.8145631,-0.5654724,1.2317959,-0.3080823,-0.7947416,0.28919035,-0.5309612,0.28757674,-0.14504583,0.67099845,0.8880983,-0.6908643,-0.2579481,-0.34230942,-0.10573088,-0.46384275,-0.35406715,-0.56912166,0.6904392,0.20854507,1.1849719,-0.45088214,0.8728208,0.50954545,-0.4004979,-0.47734663,0.35575122,-0.38813406,0.45369193,1.0257068,1.0063962,0.16932283,0.047114484,0.47810742,-0.29219633,0.15403496,0.22683962,0.10250411,0.03960573,-0.9213367,-0.5254932,-0.08780976,0.28973255,-0.13796619,-0.60964787,0.95113426,-0.5533236,-0.3186028,-0.2965256,0.19592576,-1.1583011,-0.22135925,-0.64295727,0.21904321,0.34820127,-0.6131201,0.2946072,-0.7312782,-0.64277136,0.39539966,-0.19491948,-0.36222363,-0.29800862,-0.7931661,0.23421536,-0.2730398,-0.27575317,-0.56087303,-0.53973085,-0.14045005,0.2720458,-0.09399562,-0.09690623,0.68413484,0.09177526,-0.31482834,-0.096706875,-0.3129771,-0.6651377,0.3703222,-0.68345565,-0.22686243,-0.17297345,-0.04180024,-0.6920309,-0.20354994,-0.019574143,-0.20196748,0.19900443,0.49786833,-0.062005468,0.21808076,-0.2414321,-0.24614781,-0.47743574,-0.28767636,-0.69026077,-0.7350477,0.5001485,-0.18368267,0.18656361,-0.510471
-0.6849066,-0.6651409,-0.025237907,-0.20030814,-0.3782703,0.24839842,-0.34884155,-0.8721867,-0.39741987,-0.51904416,0.115571946,-0.90097594,-0.7089633,-0.892783,-0.33785707,0.044005357,-0.15259781,-0.66359645,-0.12621826,-0.4092636,-0.74239534,-0.54200894,-0.7403114,-0.42228538,-1.953728,-0.54195243,-0.1139332,0.03892018,-0.29622334,-0.32758486,-0.5131474,-0.74319214,-0.7431927,-0.11349881,-0.003250517,-0.13634905,-0.3165955,-0.00679357,-0.1561334,-0.5602537,-0.06964806,-0.6671171,-0.55454195,0.09081737,-0.2747525,0.41101208,-0.5224351,-0.25153378,-0.20983085,-0.5473851,-0.13713801,-0.3383604,-0.4712616,0.5478886,-0.6189761,-0.44334695,-0.41710275,-0.50062835,0.08058674,-0.2676577,-0.13489923,-0.217599,0.07601636,-0.56152743,-1.3716989,-0.53611076,-0.5387922,-0.48563963,-0.8488095,0.054992713,-0.48482716,-0.4303266,-0.4236181,-0.9912113,-0.35753143,-0.9406426,-0.5819514,-0.5638386,-0.29416752,-0.76708615,-0.36078513,-0.5105832,-0.24389096,-0.06675473,-0.5209138,-0.38303632,0.16564016,-0.54999614,-0.0691573,-0.055594698,-1.1313536,-0.13225842,-0.42960522,-1.0246258,-0.27463627,0.29820636,-1.243945,-0.10242656,-0.8322146,-0.4257656,-0.91979414,-0.53020173,-0.6129368,-0.09022146,-0.61447984,-0.26986814,-0.02648975,-0.34498972,-0.06742519,-1.0222099,-0.60386354,-0.3593511,-0.1340276,-0.27709755,-0.5430242,-0.71299285,0.046024688,-0.36879584,-0.24546325,-0.52898663,-0.14611275,0.13642344,-1.1446866,0.55151,-0.32737523,-0.49053243,-0.2112853,-0.034299392,-0.53412014,-0.15903068,-0.5537417,-0.34021068,-0.14698255,-0.3917343,-0.2619524,-0.14416556,-0.0030716858,-1.1517206,-0.7156769,-0.5914164,-0.080251284,-0.44541007,-0.8392631,-0.3079735,-0.7260288,-0.32713598,0.019255508,-0.4431088,-1.0190755,-0.5747008,-0.7407649,-0.27861285,-0.2672419,-0.80052465,-0.40677595,-0.4917035,-0.16097826,-0.18921462,-0.35486913,-0.25130942,-0.85651696,-0.90794635,0.020247934,-0.41809645,-0.09397407,-0.7401258,-0.9493001,-0.71123284,-0.05659107,-0.5207657,-0.5728978,-0.13713394,-0.15880083,-0.15942457,-0.1271076,-0.50084597,-0.633057,0.019132622,-0.74902946,-0.6790293,-0.5789225,-0.45706692,-0.62417334,-0.8889676,-0.070413165,-0.6304424,-0.5597117,-0.111402504,-0.54584545,-0.50444543,-0.8400326,-0.057070524,-0.038511224,-0.8326407,-0.6035945,-0.26117843,0.5580093,-0.4047344,-0.36418474,-0.6628502
-0.5227263,-0.35294518,-0.73209643,-0.21359763,-0.34581146,0.28055665,-0.6683193,-0.8227137,-0.24231254,-0.018733438,-0.7314661,-1.7246017,0.2052073,-1.0364993,0.5409076,0.2728553,0.054904513,-0.68625426,0.3797094,0.10114795,-0.30399102,-0.59760714,-0.29463118,0.30757713,-0.83749247,0.25356922,0.28861007,-0.35766023,-0.30332914,-0.08929728,-0.0060605225,-0.17260519,-0.82343364,0.54181814,-0.05205431,-0.0045853863,0.63978547,-0.6305292,-0.11864601,-0.18104273,-0.83401525,-0.038127013,0.031678908,-0.086289145,-0.034563303,0.008363875,-0.71160924,0.28572908,-0.47488695,0.15389353,0.24264897,1.235345,-0.20815483,0.89939845,-0.09679856,-0.9308076,-0.8927463,-0.22605386,0.004734127,-0.49078777,0.4359817,0.18659464,0.45193055,-0.54135597,-0.40677878,-0.03140384,0.33150136,0.6808967,0.15218356,-0.37385103,-0.5927106,0.09363001,-0.018879304,-0.4319753,-0.44243404,-0.6286982,-0.17018113,-0.45265806,-0.21506017,0.22846407,-0.375435,-0.08846723,-0.6222696,0.45221782,-0.3612197,0.45011702,1.1187313,0.1967295,0.13291691,0.501261,-0.31011888,-0.5598245,-0.27741727,-0.41183996,-0.46992168,0.7518011,-0.5413296,-0.119464554,-0.38472283,-0.5002514,-0.07555579,-0.474679,-0.8159579,-0.14829957,-0.023780923,-0.25039095,-0.34632322,0.098151445,-0.59701866,-0.7779004,0.11189395,-0.28399944,0.31307945,-0.4305793,-0.3946477,-0.6568435,-0.90817106,0.9961299,0.08179836,-0.4271744,0.21306567,-0.008852152,-0.5047454,0.39415303,-0.79922736,-0.6959683,-0.025366478,-0.46291253,0.15825899,0.03249685,-0.2061483,-1.3034545,-0.48905522,0.069662854,-0.1031151,0.279433,-0.18852219,-0.37882257,-1.0171986,-0.17660105,-0.41156617,-0.36155406,-0.6137711,-0.3134824,0.095524065,0.07172601,0.23071325,-0.6852059,-0.13637702,-0.90540355,-0.59532464,0.13245894,-0.63931406,-0.86799955,-0.2950094,-0.22509031,-0.70722365,-0.34194297,-0.9118259,-0.044728592,-0.56196344,-0.78290856,-0.24427162,-0.77362853,0.54057187,-0.8137287,-0.8052993,0.30604666,-0.07117606,-0.16363916,-0.5336551,0.2074394,-0.36657757,-0.23632039,0.37251735,-0.89688945,-1.0630187,0.73023075,-0.61762965,-0.069084115,-0.6567861,0.012504764,-0.048369803,-1.1248827,-0.032310985,-0.7253257,-0.89113665,-0.21500623,-0.5908079,0.28158435,0.4656916,-0.40023005,-0.2010212,-0.4389634,-0.35463104,0.1363724,0.56385034,-0.2668682,-0.68417543,-0.5889073
-1.325661,-0.99819034,-0.621425,-1.3530117,-1.1595517,-0.46286288,-0.953126,-1.277957,-0.95851654,-1.0687665,-0.07978687,-1.0225511,-0.34476253,-0.54979366,-0.38076383,0.017558098,-0.21027033,-1.4213402,0.07813926,-0.9348279,-1.0854441,-0.44558525,-0.6077824,-0.81110233,-1.0807114,-0.89207155,0.14804454,0.9910524,0.2408921,-0.2426276,-0.06546637,-0.52423763,-1.0636499,-0.19421908,-0.82740873,-0.9372503,-0.69400746,-0.5968797,-0.37028214,-0.37378308,-1.4044896,-1.1191539,-1.0149764,-1.0145593,-1.0810366,0.009689866,-0.9093696,-0.86928463,-0.18306302,-0.8316748,-0.633872,-0.71737146,-1.0218074,-0.22588038,-1.6512349,-0.84643817,-1.5787741,-1.0295728,0.013136415,-0.3249792,-0.040099952,-0.110027306,0.44116527,-0.7274942,-1.4146233,-0.5521085,-0.87292486,-0.9185086,-1.2655534,-0.7751022,-1.6019613,-0.6471268,-0.57038516,-1.0267929,-1.8156291,-1.3364736,-0.99139977,-1.5298539,-0.61062783,-0.7902518,-0.23716402,-0.64025855,-1.5931349,0.015046895,-1.2528117,0.07350588,0.39552727,-0.20009826,-0.020321755,-0.34090355,-1.3598453,-0.6595918,-1.4605708,-0.8820353,-1.2487397,0.22984192,-1.7210524,-0.13233505,-0.6934453,-1.21912,-0.32209742,-0.8007569,-1.0434712,-0.10582182,-1.4361264,-0.699233,-0.2178813,-0.93110657,-0.121046305,-1.626151,-0.934948,-1.5291004,-0.2899382,-0.567436,-1.2348828,-1.3501819,-0.69969016,-0.6163978,-1.0389787,-0.75147647,-0.49228463,-0.7785038,-1.791997,-0.11016493,0.2606828,-1.2849866,-0.44538325,-0.616748,-0.049403396,-0.67749816,-1.3316606,-0.49903348,-1.2478532,-0.504521,-0.15933691,-0.3869525,-0.51794744,-1.2524472,-1.5387045,-0.99726826,-1.4376576,-1.4410237,-1.1592308,-0.5540672,-0.99261147,0.42458233,-0.33735284,-0.9198206,-0.79050606,-1.3332205,-1.0085235,-0.12962204,-0.9129679,-1.3205539,-1.4153427,-1.3350706,-0.70084107,-0.6361999,-2.0146859,-1.3282541,-1.2031298,-1.2688504,-0.95847946,-1.4678018,-0.10413222,-0.6822189,-1.3302118,-0.8162856,0.10539558,-1.3019419,-1.7331661,0.45279124,-0.80487466,-0.9638419,-0.16820627,-1.703355,-0.7339049,0.17199557,-1.25997,-0.35516444,-1.6250752,-0.55243915,0.04214271,-1.169184,0.15282455,-1.8224353,-1.9077322,-0.91316676,0.1857304,0.023276918,-0.6202352,0.061696395,-1.1929994,-1.4842123,-1.070083,-0.61228275,-0.02325635,-0.5219354,-1.6146332,-1.2929307
-1.3317523,-0.8741927,-0.108637765,-1.1346679,-0.60853416,-0.7995758,-0.81230676,-0.63828367,-0.92553,-0.8200834,-0.44547364,-0.59245086,-0.46110278,-1.3874869,-0.6836024,-1.1497846,-0.7991554,-0.05001148,-0.61240596,-1.1512294,-0.5122403,-1.503078,0.4068526,-0.37565708,-0.056815807,-0.9998495,-0.79045993,-0.92124575,-0.7204675,0.0717255,-0.2017884,-0.4154834,-0.8612857,-0.92104506,-1.1608586,-0.5036141,-1.2180586,-1.2763522,0.0035894886,-0.5186665,-1.1727275,-0.26958722,-0.22555812,-1.2010173,0.27148154,-0.114673376,-0.24482939,-0.5284387,0.15694045,-0.291788,-0.49238566,-0.051498123,-1.1525356,-0.51357883,-1.2656186,-1.2217443,-1.1092526,-0.77665,0.26204187,-0.9883861,0.6965008,-0.6667385,-1.1443689,-0.20613003,-0.474226,-0.25929445,-0.7909565,-0.62103075,-0.50672656,-1.1618017,-0.7892264,-0.3122111,-1.2057099,-1.1937503,-0.6964745,-0.6317101,-1.0280632,-0.392408,-0.89893156,-0.55534834,-0.8616203,0.13017733,-0.69943464,0.48734975,-0.74782676,-0.53672004,0.25867766,0.23816012,0.14100558,-0.95369345,-1.0894988,-0.52414596,-0.5316366,-1.0333067,-0.11731869,-0.1659012,-0.15311843,0.17574295,-0.6619598,-0.85686564,-0.2054091,-1.0378915,-0.52285,-0.41798,-0.8995911,0.54602927,-0.80472636,-0.78090155,-0.8722416,-0.5564562,-0.8734335,-0.68997544,-0.4069803,-0.13960359,-0.7362339,-0.71932447,-0.36352882,-0.36598843,-0.790582,-0.9268735,-1.4780227,0.12317665,-0.77299976,0.3559673,-0.7780293,-0.8243995,-1.409161,-1.1793879,0.0046359017,-0.6413412,-0.91713506,-0.8050831,-0.4009654,0.33529955,-0.67594105,-0.046408407,-0.55219793,-0.8876761,-0.7617998,-1.3431935,-0.5640507,-1.6994041,-0.019251153,-1.2522261,-0.61250114,-0.5894397,-0.36980462,-1.105562,0.35326284,-0.9058915,-0.66948706,-1.0408708,-0.4443565,-0.19226742,-1.1175256,-1.1573875,-0.030289045,-1.2749517,-0.872634,-0.8110384,-0.19196486,0.081201605,-0.37873095,-0.3843564,-0.53552854,0.29433388,-1.1983402,-0.4210585,-0.39695898,-0.9948205,-1.0711522,-1.0646263,-0.34621495,-0.69190556,-0.8679463,-0.99181724,-0.47423437,-1.0913968,-0.79188126,-0.071268424,-1.4618955,-1.0962367,-0.54050606,-0.35426375,-0.54702383,-1.1486311,-1.1750965,-0.6955329,-0.041623883,-0.04097975,-0.34156302,0.40859956,-0.60335076,-0.5766359,-0.24702504,-0.5473546,-0.82323015,-0.45844972,-0.8801842,-0.5581667
-0.0799562,-0.49164495,-0.6107993,-0.74323595,0.006846103,-1.0164988,-1.0854381,0.16535312,-0.06393902,-0.12675744,-0.52006483,-0.60465634,0.39629638,-0.809272,-0.032800227,0.23320654,-0.4552768,0.1812919,-0.5271862,-0.15428081,-0.109921254,-0.4486829,0.23144202,0.40013602,0.31544852,-0.6746185,-0.21996114,-0.8442648,-0.29872236,0.20723397,-0.4183008,-0.058155276,-0.07601423,-0.22023435,-1.585972,0.09204556,-0.23378463,-0.20662333,0.02445857,0.17966218,-0.2990839,-0.09675853,0.21860424,-1.4172142,0.255758,0.8803279,-0.01886517,0.13638106,-0.37449858,-0.028864741,-0.06120255,1.2243521,-0.32512766,-0.63817817,-1.1883068,-0.73170197,-0.74391556,0.08349472,0.79739326,-0.84045917,1.404088,-0.3486502,-0.26260236,-0.054722615,0.135311,0.24783072,0.026644522,0.13740107,-0.70348984,-1.1247913,-0.3885053,-0.15646431,-0.58051896,-0.2690233,-0.11820135,-0.54374,-0.52949125,-0.6243074,-0.20716625,-0.3753724,-0.4495236,0.2148841,-0.25996783,1.773911,-0.43876803,0.39171016,2.6849878,-0.25780183,0.7856974,-1.4651948,-0.5325057,-0.49739775,-0.01887641,-0.16335145,0.1846087,-0.1629919,-0.1174719,1.1053799,-0.5457292,-0.24782139,1.010533,0.095585525,0.35010076,-0.05159191,-0.5897213,0.15605287,-0.45293638,-0.18203837,-0.28559262,-0.5952777,-0.10266726,-0.011813015,-0.10928039,0.39022768,-0.3675087,-0.4098336,-0.56523216,0.14350519,-0.20760535,-0.42675757,-0.86647356,0.53123695,-0.29221797,-0.32676268,-0.44656155,-0.69129705,-0.78410685,-0.5089103,-0.5066471,0.74195963,-0.52774185,-0.28476498,-0.4995517,0.82268447,-0.48580858,-0.42138034,-0.374947,-0.32838473,-0.30047056,-0.0030133761,-0.11355718,-0.7973391,0.13291107,-0.5318064,-0.16204457,0.47451487,0.036050964,-0.2083632,-0.08160663,-0.92472327,-0.21629158,-0.66912824,-1.1486586,0.49019593,-0.30240992,-1.5744452,-0.33306503,-1.0179774,-0.19359504,-0.5337534,0.0062753,-0.2084882,-0.22653632,-0.58177215,0.044818174,0.67052627,-1.0217285,0.7059656,0.5170162,0.032253005,-0.29109076,-0.011326915,-0.16176482,-0.42102456,0.27595586,-0.6523773,0.41632035,-0.19977441,-0.5228512,-0.70005643,-0.71523684,-0.031459816,-0.31904328,-0.53519624,-0.075646475,-0.47627395,-0.764217,-0.33709514,-0.6552001,0.53654355,0.42659444,-0.006818421,-0.18529615,0.11675292,-0.28249475,-0.20935771,-0.6760666,-0.2719851,-0.06717772,-0.1476536
0.08924103,-0.66548693,0.24379073,-0.26109767,-0.7700266,-0.043838255,0.34280893,-0.6969889,-0.27390593,-0.6983798,-0.37373546,-0.07112132,-0.7104223,0.14538194,0.024078222,0.39515242,-0.44355637,-0.3248441,0.21434589,-0.31458277,-0.26352474,-0.54137856,0.060022715,-0.04094038,-0.2381527,0.051088173,-0.1417609,-0.05092194,-0.75422156,0.035197176,-0.6731232,-0.7163304,-0.6175765,0.17751893,-0.24242443,-0.94753796,0.03051324,-0.06739903,-0.80918306,-0.8725845,0.18223736,-0.21761365,0.11116468,-0.37598118,-0.3839227,-0.23225325,-0.8566837,-0.8959445,-0.14720686,-0.84305286,-0.8168196,0.27168056,-0.68441856,0.2072815,-0.11956284,-0.5515046,-0.4141013,-0.73603123,0.62070453,0.07649791,0.46122718,0.5191996,-0.03212302,-0.7093448,-0.39645922,-0.36253172,-0.81185234,-0.01161053,-0.45531458,0.4251151,0.15663606,-0.5764263,-0.7702756,-0.8652015,-0.35508516,-0.4313263,-0.34133133,-0.12913679,-0.7816023,-0.871348,-0.99918455,0.05538601,-0.31044713,0.36491865,-0.21022531,-0.12968723,0.025329206,0.3727712,-0.025102016,0.21236318,-0.68664175,-0.6312503,-0.46218365,-0.26811373,-0.5133416,-0.53096956,-0.22126214,-0.11589465,-0.9754719,-0.48933837,0.5100589,-0.08424927,-0.62415624,-0.18572772,-0.4159221,-0.53135484,-1.0025274,0.32110456,0.26992202,-0.091296874,-0.2720188,0.02931273,-0.6321716,-0.6184268,-0.8500094,-0.59923977,0.28122452,0.60086334,0.40194058,-0.86840326,-0.32468772,0.5295554,0.042301714,-0.134121,-0.2974366,-0.5543504,-0.47663635,-0.19453083,0.30540517,-0.20636885,0.08587673,-0.09734855,-0.6837216,-0.5152363,-0.48593506,0.39778194,-0.13676918,-0.33514327,-0.5585498,-0.5053479,-0.11520559,-0.39580834,-0.7137737,-0.24047817,-1.007262,-0.48109457,-0.73499316,-0.6636597,-0.7068804,-0.63274664,-0.7988782,0.23668127,0.36601573,-0.39104173,-0.28975636,-0.75724965,-0.2470506,-0.7512735,-0.059200503,-0.6371415,-0.6369919,-0.17606384,-0.09482099,-0.26368794,0.053758603,0.20194356,-0.6371492,-0.1611293,0.21177503,-0.3281652,-0.2957001,-0.056061797,-0.53903425,-0.53002495,-0.44154269,-0.5037143,-0.76920074,-0.13744748,-0.6685431,-0.5337403,-0.22670645,-0.69643277,-0.51591665,-0.11342667,-0.063641965,-0.34567878,0.01127151,-0.3239383,0.03172198,-0.3085281,0.4264122,0.3484797,0.042077072,-0.5474147,-0.04363956,-0.56483495,-0.20878804,-0.057432882,-0.07798519,-0.82989514
1.160504,-0.1620535,0.2235002,0.5955004,1.0920131,0.33458325,-0.74375767,1.5218362,1.3368578,0.5843542,1.1179394,0.32352054,0.37056658,0.894825,-0.7067072,0.5324568,-0.50177264,0.10251956,-0.41157112,0.08805655,-0.06473305,0.88058937,2.1651154,-0.6565701,0.8316014,0.31409013,0.33622968,0.37649226,0.59879535,-0.621154,-0.6205376,0.42567024,1.2626894,0.06854312,0.334442,-0.024528885,-0.9937343,1.6632068,1.5737355,0.07856852,2.093454,-0.62121075,0.95311236,0.4253082,-0.036137104,1.9830363,1.1269242,-0.2219885,-0.2535703,0.40954134,0.46478823,-0.8168194,0.06327102,0.12292706,0.6241889,1.3180346,0.99641764,1.176588,-0.19339997,-0.5574793,0.005344485,-0.6864967,-0.06072314,0.98448807,-0.4238148,-0.31843472,0.46149233,0.0027440283,0.6586785,0.29925835,0.47474945,-0.23668176,-0.02197231,0.30619597,0.050996564,0.08533549,0.57503194,0.9956567,0.9167192,-1.2154199,0.15136623,0.14770257,0.87865585,-0.914009,1.0679864,-0.25384712,-0.2189323,-0.009513378,0.7321585,0.31157002,-0.14259708,-0.15914042,0.8804662,0.79365724,1.7465928,0.24822637,-0.04658456,-0.36776,0.1342811,1.6901425,-0.24788254,0.64544046,1.9604115,-0.11053855,0.69617563,-0.44478878,0.6546589,-0.91195613,0.28866234,0.29059315,-0.9351075,-0.27763677,-0.7547209,0.21917473,0.68857384,1.2686367,1.7682401,-0.20458783,-0.0054658465,0.28486434,-0.5636109,1.4379694,0.68999314,-0.29209822,1.8301184,0.8729358,0.31782496,0.56017673,-0.1751864,0.5704277,-0.57948333,-0.5097669,1.0266472,0.020746574,0.19807488,-0.7729628,-0.8848724,0.76598865,1.339807,-0.1331497,1.1591399,0.794333,1.286579,-0.02651006,0.2820092,0.01904051,-0.14737897,1.0257137,0.26915783,0.91203403,0.38530865,1.4677209,-0.040845744,2.200651,0.7023718,-0.15423873,0.1052245,0.36431777,1.6249787,0.42899778,0.52895266,0.24007475,0.045170322,1.2331907,0.53919256,0.25229615,0.7013553,1.0757797,0.032987997,0.6560168,1.3542545,0.8115378,-0.27276772,0.38477206,-0.34126318,1.9628519,1.7565513,-0.5697684,0.9259456,-0.3848102,0.7756059,0.00027304143,-0.45448494,2.6322844,1.5653934,0.77783096,1.1993804,-0.8438319,0.22296897,-0.9869662,0.33297014,0.77574074,0.90277725,0.5524775,0.7774813,-1.1403197,-0.84209627,0.12138294,1.2357272,0.80700445
-0.2551723,-0.14346178,-0.15983574,0.3166873,-0.15664546,-0.3277222,0.2949676,0.3224918,0.039736055,-0.0010432126,-0.14342432,1.1347966,-0.108659886,-0.03342042,0.3822099,-0.47085682,-0.7436097,0.05685047,-0.9010433,0.121296786,0.14724508,-0.39006722,-0.5502197,-0.0903949,0.110626034,0.38807413,-0.85754365,-0.26894,-0.46665612,0.4124141,0.20109737,-0.123996414,0.015466733,0.09731391,0.7371234,-0.015354172,-0.24052979,-0.09420013,-0.3805693,-0.054726187,0.08731674,0.32784393,0.20024945,0.65951985,0.41533315,0.15615562,0.12512383,0.05303315,-0.17187722,-0.12760113,0.06373108,0.031190932,-0.12390997,0.5992478,0.35470003,-0.07467747,0.47084385,0.3954818,0.014158456,0.45301887,-0.23022515,-0.04500719,-0.818642,-0.40753323,0.28816646,-0.057289094,-0.07896168,0.07096297,-0.07504106,-0.03742803,0.35713965,-0.58590055,0.19788134,0.6416548,0.11011977,-0.32659757,0.5323459,0.01984335,0.017698273,-0.0954026,-0.047810324,0.22977108,0.4271367,0.38648093,0.64279336,-0.72865325,0.287223,-0.40524834,-0.3897995,0.23209637,0.30352417,1.0498315,0.13421358,0.17706405,-0.2779841,0.18449265,0.42195702,-0.13106218,-0.06255248,0.15836641,0.59203064,-0.3827688,0.02798927,-0.022071414,0.2395054,0.045525,-0.3458413,-0.2336245,0.7503402,-0.48197415,-0.044601765,0.2647885,-0.31079304,0.28012788,0.16306081,0.0073999316,-0.31999993,0.46255395,-0.31270412,0.31086135,-0.2809686,0.2671444,0.36704898,-0.4881055,-0.20935856,-0.031350024,-0.4349958,0.15625732,-0.42169333,0.4155615,0.49241263,0.33303958,0.08765871,0.8431589,0.027658198,-0.10365987,0.5970719,0.066263475,0.43966994,-0.48945448,-0.059078958,0.30885062,0.34960818,0.56497455,0.3016426,0.7858639,-0.13413246,-0.13335207,0.24297722,0.32374954,0.23009267,-0.2953552,0.738687,0.27736145,0.33455318,0.8055268,0.37388572,-0.11236288,0.49291968,0.29188144,0.21382722,0.4938126,-0.4212116,-0.20138846,-0.78173923,-0.0720834,0.24535225,-0.12106745,0.4448346,0.4708979,0.46400926,-0.7881158,0.19738637,-0.05780016,0.20237364,0.049161494,-0.046394188,0.48312932,0.08219786,0.52045983,0.6015393,0.17843437,0.046180055,0.173362,-0.26751494,0.6175448,0.65786386,0.43889672,-0.4224427,0.31558573,0.31365785,-0.7544514,0.054761432,0.4206784,0.27198252,-0.1563135,-0.1932998,-0.67761475,0.44933018,0.09552658
-0.7748827,-0.80359596,0.194236,-1.448642,-0.84875804,-0.728917,0.166796,-1.089425,-1.3794835,-0.6308353,-0.5566957,-0.16792506,0.10195306,-0.7561837,-0.989405,-0.41989627,-0.5630647,-0.8730171,-0.37529954,-1.2360268,-0.4767913,-1.042697,-1.1280553,-0.88014084,0.9730493,-0.070289984,-1.0611088,0.102656685,-0.6028277,-0.85848165,0.46490082,-1.0487019,-1.2354277,-0.7609458,-0.38427967,-0.7401807,-0.6244423,-0.87244433,-0.7149995,-0.8682106,-1.175824,-0.14013626,-0.846266,-1.0326856,-0.7955121,-0.8048381,-0.5546501,-0.78452754,-0.5303002,-0.45453614,-0.90604264,-0.99967396,-1.167884,-0.6781752,-0.46337464,-0.7776533,-0.40735927,-1.063033,0.10737783,-0.4179257,-0.06402463,-0.24270126,-0.76970726,-0.86246425,-0.004291404,0.2576934,-1.0665916,-0.6599817,-0.058597244,-0.4300785,-0.38849014,-1.2580014,-1.2403402,-0.39994866,-1.0851988,-0.89675856,-0.48625517,-0.742183,-1.3626248,-0.19623165,-1.0324204,0.05955898,-1.1943511,0.4336487,-0.67782795,-0.44644395,-0.18231961,-0.099449724,-0.36307344,-0.3853251,-0.29827642,-0.3172806,-0.70661646,-0.7053362,-1.1183703,-0.35576382,-0.21053869,-0.17012168,-0.85111636,-1.2187742,-0.4869334,-0.64833456,-1.2384615,-0.32643995,-1.3402857,-0.3164969,-0.8792697,-0.98558223,-0.51084894,-0.65133023,-0.49694264,-1.0379175,-0.5411481,-0.31935433,-0.9243655,-0.98735386,-0.48693132,-0.8799924,-0.70004755,-0.545979,-0.9750052,-0.47121146,-0.51424605,-0.06405343,0.040811777,-0.98890543,-1.0626073,-0.51722735,-0.63670963,-0.81982195,-0.08605086,-0.6864744,-0.7558941,0.41307,-0.8134971,-0.105580285,-0.18141325,-0.31178573,-0.919847,-0.93257225,-0.85307544,-0.9752224,-0.46305567,-0.23751812,-0.7652067,0.5487327,-1.08408,-1.324622,0.09620836,-1.032849,-0.8127346,-0.84970737,-0.3840536,-0.5418794,-0.83327144,-0.46055153,-0.05428673,-1.0219699,-0.9877106,-0.74364156,-0.5533865,-0.5403663,-1.0842546,-0.88890904,-0.4346108,-0.5048796,-0.6577399,-0.86840785,-0.7673551,-1.0742829,-0.72388107,-0.6977639,-0.69989336,-1.234096,-1.2437954,-1.1309922,-0.8238127,-0.822191,-0.6979585,0.819829,-0.92393124,-0.99118906,-0.5207878,0.17182899,-1.1922731,-1.0709609,-0.8850766,-0.16743164,-0.22621867,-0.16605179,-0.12035609,-0.86625147,-1.1137519,-0.82169396,-0.6295781,-0.48237884,-0.1839165,-0.769563,-1.1135665,-0.8076332
-0.36447605,-1.4016727,-0.61535376,-0.60865504,-1.2713126,-0.112630844,0.5795812,-0.8918734,0.3588546,-1.1279507,-0.5395525,-0.41720128,-1.227305,-0.06499592,-0.5868861,0.8909577,-0.37656927,-0.83452535,0.29966253,-0.6540351,-0.7316757,-0.7032901,0.09532183,-0.44257718,0.06022783,0.54972017,-0.1052252,0.8219342,-1.1905216,-0.47415665,-0.40882495,-0.96678954,-0.81915355,0.12859802,-0.46349275,-1.5139459,-0.18612264,-0.052560247,-0.92757976,-1.3294238,-0.17893085,-0.41345614,-0.2152167,-0.64773196,-0.64775336,-0.3772213,-1.3325502,-1.4966849,-0.34952307,-1.07642,-1.3556453,-0.0025064275,-1.0489382,0.25171497,-0.589959,-0.762343,-1.2802156,-1.405779,1.2214444,-0.16697721,0.68035066,0.21914339,0.211604,-1.1629608,-0.54785144,0.109352924,-1.2949742,-0.49736273,0.07836687,0.6947325,-0.19160093,-0.9376247,-1.0140196,-0.89463514,-0.92952317,-0.46923676,-0.922803,-0.5197272,-1.1572875,-0.906224,-1.5133553,0.5547837,-0.94669855,0.53587496,-0.7713858,-0.13182086,-0.030175727,0.30915856,0.09306604,-0.04130069,-1.2404426,-0.7115563,-0.394792,-0.63823825,-1.0635904,-0.44205675,-1.1858445,0.27181745,-1.3059592,-1.0195888,0.77576643,-0.8452469,-0.89325655,-0.15113583,-0.8419081,-0.7152971,-1.1043625,0.07555029,0.58665967,-0.33578163,-1.0874746,-0.38317072,-1.018782,-0.9718012,-1.3211246,-1.2050946,0.5897097,0.4995959,0.4129726,-1.030367,-0.6718594,1.0580994,-0.58665836,-0.3863138,0.38982135,-1.0795995,-0.17545035,-0.031440046,1.0357662,-0.72778267,-0.16741154,-0.15778956,-0.716692,-0.4938057,-0.75378627,0.43800163,-0.26322395,-0.75888985,-1.0768856,-1.0060282,-0.5058192,-0.7555865,-1.0069752,-0.059020236,-1.5135261,-0.2449557,-0.85707426,-0.9777709,-1.0704353,-0.65441835,-1.5327191,0.33994788,0.2575799,-0.7649204,-0.59337306,-1.3993846,-0.4224634,-1.153079,-0.6708467,-1.1551183,-1.1480678,0.016152643,-0.17044063,-0.43105748,-0.56390417,-0.6150433,-1.1582826,-0.33776063,0.40707392,-1.1437184,-0.7916948,0.21434534,-0.907234,-1.0884314,-0.5903599,-0.64243066,-1.0858542,0.23718122,-1.1459427,-0.702249,-0.68957174,-1.0680708,-0.73675394,-0.13809325,0.8369523,-0.88395774,-0.6208117,-1.2685032,0.45192096,-0.13414903,0.036265414,0.44759083,-0.57312566,-1.0264101,-0.22184907,-1.3549831,-0.22327799,-0.017061861,-0.5549561,-0.94744813
0.6145473,0.7534153,1.2427834,1.3907615,2.5684822,0.45982066,-1.4262184,2.37335,0.7183731,2.0215745,2.2778103,-1.0009855,1.5780385,1.2524412,-0.02275057,0.26459488,1.2450294,1.7254956,1.2764006,0.96406466,0.7352367,1.2265363,2.152146,0.5137595,0.9679819,0.616171,1.2269359,-1.7955979,1.9766077,0.34863916,0.6825708,1.7401927,1.9133548,0.16150449,0.4074518,2.2579508,0.66350013,-0.028772252,2.0225446,1.9206821,1.3096083,1.0067238,1.9032602,0.61245346,1.819402,2.5089176,2.662378,1.5249808,0.7260577,1.6698978,2.1619444,0.29526016,1.1956867,0.7172537,1.003458,1.2635404,0.95383114,1.9362371,-0.2895615,-0.77848506,0.4742858,-0.0069088265,0.72810304,1.4628931,0.55771905,0.02758979,1.9169437,0.8544833,0.15118751,-0.4662238,-0.5959915,1.5914683,1.9782717,0.83193326,1.92719,1.5968031,1.2675958,0.74015266,1.9470421,0.6717692,1.1744863,-0.7780133,1.7714467,-0.3561871,1.1097116,-0.23687905,-0.7921899,1.6045028,0.44157103,1.2175955,0.8847277,-0.6294534,1.7735986,1.1032659,2.3766897,1.6027575,0.8854156,-0.9189106,2.1231506,1.9881457,0.5787529,0.9712938,2.8416917,-0.6208955,1.9008098,1.3493292,1.6796062,0.8946612,-1.5075849,2.075255,0.7149475,1.1323768,1.0042661,0.62215716,1.9550908,2.2530763,-0.18452744,0.052666314,0.027781736,1.5778795,0.42095175,0.8065564,0.73691803,0.660604,0.76814663,2.2540183,1.2439264,0.0967599,-0.04493814,1.6372551,0.27631384,-1.3254763,2.736723,-0.016119167,0.76199883,0.55784744,-0.3616077,0.740796,1.7831943,1.1718037,1.3572409,1.0606997,1.1715777,-2.1225002,2.2536597,-1.8212482,1.5944782,2.0839105,1.5540686,1.8970903,1.4043331,0.007868305,-1.754867,2.0413487,1.272743,0.74973875,0.5607874,1.5459237,1.5340106,2.1176014,2.1159492,1.1720228,0.7467183,2.365206,1.1051716,-0.32887775,0.96281326,1.1996698,-1.2062143,2.2351854,0.9551665,1.2386935,0.8031406,1.1203004,1.2246171,1.7286198,2.39405,-1.2817036,2.3781059,0.5099417,0.6517147,1.6984085,1.0067688,1.5167556,1.2067988,1.2792536,0.9907193,-0.13220577,1.6801391,0.49884397,0.25940552,1.7233803,1.1889306,1.8465017,0.49520352,1.3091736,-0.79236263,1.1046414,1.1006364,2.048279
-0.5045364,-1.6238339,-0.0686916,-1.2251294,-1.4042877,-1.0126748,0.8005483,-1.2682356,-1.0262163,-1.2698395,-0.78455657,-0.21790889,-1.2473049,-0.3689063,-0.43999526,0.3014185,-0.7641063,-1.179852,0.3186037,-1.4405196,-0.70221955,-1.6205338,-0.7729356,-1.0921283,0.05055197,-0.2846806,-0.58838516,1.2069296,-0.99865115,-1.0298351,-0.31504717,-1.2806715,-1.0887953,-0.28780594,-0.46819592,-1.5717942,-0.5388134,-0.11940203,-1.4286077,-1.4984891,-0.8807687,-1.3141075,-0.37016064,-1.2292278,-0.9984933,-0.57245916,-1.5084367,-1.6429272,-0.15426426,-1.6675897,-1.626096,-0.48558667,-1.7462934,-0.3623228,-0.5972702,-0.7224765,-1.1818877,-1.9551625,1.0341613,-0.32556877,0.07413095,0.7449969,-0.17059591,-1.7271287,-1.5610466,-0.14352885,-1.8052193,-1.5641093,-0.23272982,0.14869975,-0.22237624,-1.1691723,-1.2885054,-1.2620949,-1.3464931,-1.4421682,-1.2882402,-0.68528783,-1.5609802,-0.9729588,-1.4726912,0.47792885,-1.2407712,0.5009745,-0.9162628,-0.4019764,-0.040564682,0.028157532,0.06735629,-0.43036446,-0.9134088,-0.2049608,-1.4622737,-0.7061716,-1.4469972,-0.30023047,-1.5592054,0.5426052,-1.4976583,-1.8022236,0.26845938,-0.64777404,-1.1104635,-0.033114944,-1.1173407,-0.76014435,-1.7705874,-0.24978536,0.66230726,-1.0624398,-1.0993339,-1.4263775,-1.1775261,-0.8366775,-1.2853229,-1.4287264,-0.08283483,-0.24850972,-0.032346275,-1.2268032,-0.7084752,-0.66967976,-0.75711066,-0.44587928,-0.035963356,-1.5977267,-0.43473765,0.25022972,1.1529957,-1.014557,-0.14340954,-0.20849717,-1.4177188,-0.631544,-0.61484903,0.62451386,-0.19875284,-1.3142782,-1.1250758,-1.0985081,-0.41568157,-1.2397488,-1.1964762,0.26466316,-1.7822368,0.27191755,-1.4716285,-0.97901887,-1.3556265,-0.92890996,-1.8113444,-0.7009877,0.10837997,-0.7899738,-0.9204782,-1.2217339,-0.41760018,-1.0574665,-1.2638199,-1.5995806,-1.3000922,-0.9896139,-1.35811,-1.216822,-0.642969,-1.2883791,-0.85541046,-1.1142466,0.1291332,-1.4760469,-1.1216416,0.14844058,-0.9689769,-1.2659881,-1.0971957,-1.0334015,-1.4677256,-0.10946248,-1.7008574,-0.35158235,-0.93597794,-1.2669271,-0.63877124,-0.26242572,-0.5460924,-1.3582603,-0.70530313,-0.865165,-0.014686599,-0.49898058,0.6042235,0.5996613,-1.4252272,-1.2154102,-0.6909783,-1.5969142,-0.37578,-0.08342004,-1.3332092,-1.6003078
-1.1018286,-1.0066224,-0.69450134,-2.0408103,-1.7733444,-0.9295382,-1.376531,-1.7487661,-1.530143,-0.88234407,-0.27982914,-1.3330325,-0.069381565,-1.5955305,0.26914507,0.82940584,-0.58868235,-2.293662,0.06494729,-0.8128898,-1.6563982,0.09507162,-1.0469924,-1.0802274,-1.9012152,-1.7280116,0.3154163,1.2141831,0.72029245,-0.08294225,-0.12595147,-0.14479785,-1.1556115,-0.5952271,-1.6140035,-1.3023392,-0.5985511,-0.5287868,-0.95688343,-0.3186014,-1.8093318,-1.0444432,-1.5433872,-1.376945,-1.2639228,-0.2591416,-0.93414176,-0.6171911,0.1456215,-1.0501907,-0.9230786,-0.72442764,-1.1176962,-1.2243302,-1.9265246,-0.63360083,-1.9684283,-1.7889311,-0.6225587,-0.31557822,0.12794976,-0.54685265,1.2646347,-0.5419178,-2.0843184,-0.25702468,-0.21698394,-1.1702731,-1.7186354,-1.0873951,-2.5663748,-0.90633863,-0.14615858,-0.5618506,-1.6818632,-1.2874855,-1.0990943,-2.8141563,-0.08898299,-1.2957242,0.2553555,-1.9430157,-2.1718032,1.5747623,-2.2224574,1.196574,0.8249941,-0.8891475,0.023744259,-0.8500268,-1.5183855,-0.9428397,-2.7087233,-0.34074232,-2.2574794,0.005203449,-2.2411654,-0.37734097,-1.0728943,-1.622107,-0.085200116,-1.1533691,-1.2660557,-0.98335195,-1.7712276,-1.2932074,-0.46459398,-0.35843608,-0.10790087,-2.1360385,-0.41266704,-1.9515207,0.0277511,-0.48235196,-1.9595327,-1.7872605,-1.3555862,-0.37317032,-1.0646968,-0.67675287,0.23251657,-0.92005205,-2.2575681,-0.51074564,-0.94603384,-1.4938271,-0.17633407,0.2595174,-1.4181916,-1.2282356,-1.8105395,-0.04255528,-1.6607263,-1.1352427,0.4568122,-1.7297775,-0.8783959,-1.4797205,-2.202812,-0.7855298,-1.756963,-1.4161384,-1.7504667,-0.06372751,-1.4276661,1.0878085,-0.15556923,-0.8748993,-1.6875348,-1.2000412,-1.4230304,0.62744546,-1.8973383,-2.0686998,-1.7642117,-1.8304075,-1.6974013,0.03994642,-2.4740193,-1.5685838,-1.2893608,-2.414859,-1.3618245,-2.8981333,0.03417423,-1.2785667,-1.6112541,-1.1597065,1.8951577,-1.6270417,-2.1810222,0.7860569,-0.9813259,-1.1814319,0.4448669,-2.6783998,-0.71119344,0.9889165,-1.802388,-1.4977062,-1.8167286,-0.2509719,0.05246239,-1.5340116,-0.88119805,-2.7335975,-2.4688325,-0.32613263,-0.7982623,0.10771748,-0.93967974,-0.9216137,-1.9503484,-1.6151593,-1.8343148,-0.09551658,-0.10303047,-1.2394854,-2.627913,-1.5199884
0.84740293,0.07391338,-0.20488708,0.6559754,-0.3055972,-0.45672604,0.88381445,-0.13252617,1.0444448,-0.35981113,-0.40531728,-0.39496765,0.09582154,0.6862654,0.028020065,0.5766475,0.18281819,-0.46641773,-0.4811219,0.734732,-0.60381335,-0.5337429,-0.7941441,0.09448269,-1.4536798,-1.1329547,-0.7234213,0.16628197,-0.31065983,0.22376446,0.5158104,-0.64972174,0.5529816,-0.29070622,0.5871409,-0.2756451,-0.41085795,1.1113527,-0.4452924,-0.58270735,0.9677155,-0.8657383,0.10070396,0.19218808,-1.0651629,1.0036821,-0.2843123,0.16542962,-0.88780195,-0.31932992,-0.06849071,-0.76354766,0.20162457,0.009295842,0.96585214,-0.40347424,0.6125942,-0.30834836,-0.76882195,-1.5606836,-0.38237417,-0.70728153,-0.41842136,-0.4496029,-0.46730173,-0.3531569,-0.39167985,-0.84375674,-1.1040021,0.8434071,0.2945162,0.20365793,-0.03376417,-0.18077765,-0.3871489,-0.48057383,1.2222707,0.9811064,-0.3505824,-1.3793402,-0.6246263,0.82436913,0.5497699,-1.1252604,0.8948006,-0.0076746624,0.30784383,-0.16952826,-0.26748666,0.916101,0.032866083,0.55037355,-0.06686118,-0.6472946,0.40367666,0.2228345,0.28733617,-0.46430588,-0.25205487,-0.44887406,0.075700894,-0.34450442,-0.39252213,1.3798882,-0.6422029,-0.51720935,0.4142677,-0.1288242,0.73706496,-0.72823435,-1.5569009,-0.38992596,0.31399623,-0.5911178,0.20764433,0.29715884,0.5744669,-0.07803389,0.9782638,-0.60195905,-0.24142158,-0.35119334,0.93450356,0.39779153,0.60381097,-0.3932494,-0.62926584,1.1115575,0.50091517,0.41098234,0.5578767,0.2675592,0.07599787,-0.10131486,-0.39980832,0.20464216,-0.21874768,-0.18713775,0.6861638,0.27169895,0.050785456,0.84166783,-0.6216972,0.52524155,-0.16823585,-1.4369338,-0.12910032,0.63189965,-0.38952613,-0.34991804,-0.08632358,0.8589201,0.60940015,0.82800215,1.3864568,0.40820947,0.11709459,-0.9771874,0.14166506,0.22281204,0.8608465,-0.079098515,0.2521005,-0.6641204,0.2078637,0.32106653,0.6083197,-0.01461051,-0.17835844,-0.8770488,1.595013,-0.34814554,0.27091736,0.50315356,-0.7788779,0.6812723,-0.23480384,0.08725124,-0.65508187,-0.8680689,0.5297922,0.122129805,-0.57673156,0.6812433,0.3369798,0.15744123,0.591835,1.525308,-0.7384459,-0.27137983,-1.1095924,-0.18338451,0.06913996,0.45466444,0.8672754,-0.47342256,1.5227914,-1.3187941,1.3681561,-0.09808837
0.5475101,1.2259389,0.041198757,1.3473248,0.96580595,-0.10588905,-0.93800867,1.1397008,1.0520835,1.2173823,0.69840616,0.42729846,1.6499106,1.226753,0.15581824,0.074492775,0.52105886,0.91814125,-0.39075258,1.2459342,0.4304622,0.912715,1.0280739,1.1017182,1.8519756,0.5353501,0.22953835,-1.8004152,0.98459613,0.41254294,-0.3180931,1.1905451,1.3026599,0.40745947,0.47501004,1.0915776,0.9863446,-0.36157924,1.226314,1.2632221,0.5397965,1.8056084,0.42222327,0.76768905,1.0026245,0.9351512,1.0154775,1.2832474,0.046524912,1.597261,1.3209734,0.40205926,0.81864357,0.5471126,1.1798719,0.35795033,0.78629446,1.2312043,0.7871914,0.7597807,-0.156673,-0.042560928,0.23004147,1.0141299,1.5299344,1.0823971,1.0454221,1.3851774,0.4383533,0.07199429,0.063357845,0.33821476,1.5607167,1.2739232,1.0965241,1.2383354,0.9041476,1.1983199,0.96937484,1.0903337,1.5846378,0.47425222,1.1602912,0.8308795,1.1452992,0.31474194,-0.09886938,-0.2796561,-0.13841419,-0.372378,1.2711562,0.1505523,1.3624942,0.5307997,0.60834014,1.3456823,1.3107738,-0.5983351,1.0971544,1.314511,-0.35910058,1.5526891,1.0892209,-0.2707736,1.6192244,1.3407929,0.99144924,1.1240247,-0.87287956,0.9352338,1.8330873,0.7037238,1.3037294,0.4452238,0.5747622,1.2858944,-0.7674957,0.82074624,0.5346763,0.7738173,0.61427903,0.22882976,1.3723459,1.4914882,-0.64731854,1.2408268,0.5465124,-0.5556513,-1.1752168,1.6921839,0.6509884,0.3587222,0.88780624,1.2432517,-0.097106695,1.107086,0.49754813,1.2039578,0.7725232,1.3566189,0.1582217,1.0815781,0.9221355,-0.3769158,1.097908,-0.026141118,1.3300886,1.3734326,1.2572491,1.4904411,0.6323026,-0.037001863,0.022891108,1.2441337,0.57366693,1.0718619,-0.2847229,1.0769141,0.7166443,0.9753862,1.2627618,0.8096105,1.2179929,1.1059517,0.73197037,0.7891613,1.0457209,1.5369766,-0.3815908,0.98547995,0.7064783,0.33424538,0.97752047,0.70178485,1.1778761,0.62277585,1.1489524,-0.16906796,1.4011497,0.8442396,1.113616,1.3985094,1.4538985,0.7636823,-0.18462718,1.0871645,0.867839,0.77795655,0.77827114,1.636338,0.71163964,-0.7874583,1.285596,0.96833295,0.7121215,1.597083,0.07176322,-0.59401447,0.21043828,1.0840192
0.4474299,0.7994411,-0.5351197,0.28937128,0.46869707,0.097348586,-0.023121398,0.71499,1.0705936,0.73663044,0.45182312,0.7683095,0.65091205,0.57649064,0.11503604,0.12482231,1.0247904,0.08194358,0.67563725,0.63904786,0.6881269,0.82447463,-0.07970794,0.5983886,0.50464106,-0.5352252,0.8681865,0.26972917,0.7204902,0.4807638,0.35278404,0.615303,0.8820858,0.10253753,0.14057687,0.4234059,0.4614337,-0.17086156,0.73847073,1.1511978,-0.13057432,0.09901766,0.6716163,0.10475161,0.17039314,-0.35625285,0.66906387,0.725858,0.6125373,0.5850501,0.4917377,0.8082628,0.806002,0.4592214,0.17756364,0.23428497,-0.22343591,0.4731921,0.3460212,0.71100116,0.34147912,0.032577462,0.65389466,0.34487358,0.27396294,0.23819178,0.59651524,0.52509797,0.05407483,0.10388907,0.1626125,0.7184526,0.9247414,0.7795708,0.19096506,0.24251837,-0.1719896,0.013606848,0.83908933,0.53771436,0.88922566,-0.47096226,0.32240444,-0.43055195,0.3191054,0.61228377,-0.7699726,-0.46595663,0.20645232,0.54000884,0.6350239,0.45869198,0.05948265,0.8476924,0.39657006,-0.30252925,0.42322442,-0.39689797,0.7424982,0.5883044,0.12139408,0.9328618,0.47305524,0.5627966,0.34654152,0.37443948,0.67144847,0.5892711,-0.34838274,0.075901344,0.881841,0.54588264,0.7138637,0.37995616,0.24086924,0.7273541,0.25534835,0.16598888,0.80710316,1.0668825,0.9462727,-0.6272339,0.043516558,-0.41626504,0.25934246,0.31936222,0.98805064,0.28969967,-0.22786774,-0.021403741,-0.028867632,0.815255,0.09015532,-0.050158832,0.5025584,0.68630815,0.37947413,0.3498789,0.349256,0.87316805,0.10589106,0.10780835,0.5811597,-0.09782559,0.5776385,0.08752328,0.38990152,0.74334085,0.5160827,0.513038,0.50803024,0.3877449,0.161674,-0.028218608,0.23560849,0.6595327,0.13303734,0.9607246,0.008523369,0.10144698,0.52821314,0.38499987,0.037701696,0.18028565,0.9262413,0.6521446,0.37007463,0.64277095,0.41157758,0.43745205,0.19138388,0.86450565,0.3292988,0.8185362,0.72477394,0.19796675,0.57246643,0.63956517,0.4085927,0.40022668,0.35496497,0.9489208,0.9328748,-0.23442368,0.22949809,0.105989635,0.09645745,-0.028668033,0.02278135,0.43433264,-0.24845907,-0.15003887,0.56805575,0.3660191,-0.13047206,0.2579859,0.44409463,-0.035752118,-0.27414796,0.51795995
0.7183956,3.374755,-0.95494187,1.3865137,0.52645576,0.43868563,-0.25976458,0.15733871,2.0815074,0.6458606,-1.260413,-0.2648676,1.1262406,1.1338781,0.8392043,-0.030414917,0.038072906,2.0139163,-0.16998,2.6252728,0.4630607,1.6099788,0.21700999,1.3297658,0.6763521,-0.21608838,-1.6530671,-0.77888376,0.7020271,0.72143614,-1.4855702,1.1371831,1.6309752,2.0290444,-0.1785146,0.21625282,0.49996388,0.75092125,0.091483936,0.88348454,1.5267885,0.6930463,0.5021234,0.5871915,-0.07828885,1.2212305,0.43115598,0.6313894,-0.5196502,0.62212515,-0.08378009,1.1880004,0.55519134,-1.7162367,0.9869939,-1.3881918,1.6424855,0.8862202,-1.433214,-1.2058243,-1.7231321,0.21791682,-0.15212935,1.7503847,1.5685506,-0.49782336,0.48673588,1.47548,1.3898286,0.9821759,0.38874367,1.3907981,0.13667476,-1.4245174,0.49146354,1.0562774,2.154147,1.888958,0.48474872,1.3997751,1.8000599,1.3705392,0.78019017,0.06883365,1.5667212,2.5656686,1.9892173,0.18659179,-1.5250587,-0.41841266,-0.25172332,-0.38209254,0.33016968,-1.1091012,-0.13495013,0.16578898,0.63238543,-0.6145355,0.16471532,1.0941142,-2.309958,2.174221,-0.13081661,1.981471,0.5349698,1.4676567,1.0367107,0.7785025,0.7666437,0.12505776,1.2972987,0.21419795,0.33359045,0.015682662,0.43422157,1.4967713,0.04410238,1.9450983,0.8304253,-1.309797,-0.06192801,-1.6149993,2.1108372,1.0870202,-0.874889,1.0786899,0.69429606,-0.46504214,-0.025987795,0.8320598,1.9735793,0.65892804,-1.2684231,-1.3156328,-0.33374906,0.8159708,0.40802082,1.4495393,1.4248149,1.6939973,0.56464297,1.5359524,1.5556308,1.2469217,-0.2967774,0.19809403,0.5912247,1.069779,-0.2326297,0.40321633,1.5501908,2.0286198,1.7024096,0.69747543,-0.7909868,1.3966085,1.7981248,-0.076759845,0.38934022,-0.23777576,0.6718759,1.2199101,0.88065636,0.22815542,-0.5124264,3.3704317,-1.0343542,2.2135131,0.60666215,-0.30324608,1.2558954,0.29630017,-0.23193784,1.1177452,0.43342295,1.0689913,1.1802596,-0.062967084,0.8096165,1.1699897,0.85896945,0.037956364,1.3793793,-0.06158189,0.4943099,0.83980155,0.71433264,2.027926,1.2978774,1.771352,1.3940935,-0.49931198,3.766383,0.5942802,1.2957487,1.8891802,-0.79385704,2.6163144,0.9631742,1.1377401
-0.10237978,0.25205103,0.09394781,0.39726153,0.91836643,0.073940985,-0.12937309,0.5757283,0.20417494,0.560746,0.856902,-0.26617977,0.8037422,0.29661334,0.016273787,-0.23549142,1.0096642,0.39287326,0.53467625,0.4221941,0.5712418,0.54756045,0.65704876,0.43337283,0.27838784,0.15593624,0.67539495,-0.33935192,1.0220306,0.4325276,0.36973467,0.7844942,0.51019716,-0.11311802,-0.2719094,1.03922,0.53126687,-0.6798677,0.88823867,1.068249,-0.22532953,0.13490109,0.48398152,-0.08121595,0.66869783,0.41325068,0.9524066,1.0083884,-0.012837069,0.76023734,1.0533496,0.11340992,1.0206815,0.2710226,-0.1975854,0.05557365,0.17575493,0.7984092,0.15685776,0.036949035,0.6433375,-0.14090905,0.6253056,0.559959,0.29436585,0.39306396,1.0125589,0.04849785,-0.07461608,-0.987215,-0.40977544,1.1119539,1.1907399,0.9547673,1.1289343,0.8245392,0.10119203,-0.1864496,1.0177957,0.55386543,0.7137879,-0.5148825,0.1759651,0.05703666,-0.064576186,0.2546898,-0.13691285,0.2931944,0.017832827,1.0491021,0.7724829,-0.21551302,0.49961364,0.73157656,0.24613471,0.7656446,0.2708428,-0.1593624,1.1722176,0.70835954,-0.17566445,0.052899193,0.5766384,-0.32311606,0.74833155,1.1074705,0.7074461,0.60238826,-0.46674708,0.53626406,0.6137592,0.34586042,0.82927036,0.31624046,1.0517527,0.8238697,-0.116441764,0.10723508,-0.15630601,1.155039,0.74497396,0.0018362049,-0.14603825,-0.14219856,0.38530022,0.9159401,0.7601802,-0.11414288,0.28089988,0.07008909,-0.12643205,-0.19115204,1.002012,0.14041156,0.49649248,0.2875163,-0.22119986,0.2869329,0.35391983,0.83680636,0.17254384,0.09200004,0.42882726,-0.42254585,0.8909117,-0.25206926,0.7170905,0.62557924,0.9227417,0.606431,0.73432034,0.048705712,-0.4279356,0.16551605,0.24495316,0.58494085,0.38955522,0.9821143,0.035058558,0.98595315,0.357674,0.49622482,0.035106957,0.7730851,0.60589254,-0.6990274,0.37894493,0.5174161,-0.043679602,0.73913157,-0.038208764,0.52370936,0.4245305,0.83459866,0.7735727,0.29677054,0.40398294,0.009995745,0.8840719,0.4629619,0.01769237,1.132998,0.6530416,-0.41626716,0.29948378,0.70250285,0.19406904,-0.14947304,0.8205358,0.35117328,0.15826517,0.2717055,0.025890753,0.2170417,-0.029877108,0.536819,-0.35239688,0.4650297,0.1760979,0.94420975
-0.26127726,0.037066877,0.042873356,0.3405065,0.60429364,0.28142172,-0.6131078,0.43229672,0.42825317,0.9813754,0.7060501,0.67047715,0.5322616,0.6113849,-0.37884018,0.06812367,0.260281,0.31012112,-0.8189239,-0.049938057,-0.41822547,0.5265563,0.002317701,0.88335216,0.94416106,1.4102858,-0.17522308,-0.035602756,0.8524993,0.48287222,0.12338514,0.9457888,0.59829736,-0.023389835,-0.24845344,0.9413274,0.55660295,-0.29324389,0.6784564,0.7311777,-0.24724513,0.30873087,-0.8133457,0.36449456,0.8306992,0.054427035,0.84268004,0.36239418,-0.37164032,0.37791482,0.49399748,0.081017874,0.52966624,0.78627896,0.106721714,0.36265326,0.39318493,0.3944311,-0.6346443,1.22907,-1.2715232,-0.93990576,0.055224143,0.32008067,1.0184734,0.44839644,0.6933312,0.5723437,-0.880986,0.12218878,-0.13700472,-0.36230168,0.78619826,0.68799055,0.56183076,0.25617054,0.63377386,-0.13868232,0.649503,0.5827162,0.6582442,0.62772673,0.27213457,-0.29185593,0.40417314,-0.39967716,-0.033857454,0.40973747,-0.35737798,0.7763891,0.8069042,0.4460833,0.71444345,0.2322792,0.17642283,0.9528975,0.75898933,-0.9715988,0.77270484,0.7629538,-1.5512965,0.12591773,0.8227783,-0.73914176,0.9864104,-0.08098513,0.6454004,0.40416,-0.29826328,0.17720152,0.9321752,0.30747336,-0.084448665,-0.40050435,0.60727346,0.2608056,-0.8957556,0.21111777,0.21302181,1.064629,0.5965281,0.57074565,0.44270706,-0.34361038,-0.5875867,0.7073997,0.72892547,-0.2359093,-0.96084565,0.9701371,-0.3225345,0.43202075,0.6941091,0.7293506,0.76561195,-0.25212717,0.059729945,0.46187213,0.24951957,0.5143338,0.091146454,0.5555604,0.72467935,0.1233141,0.725716,0.49181464,0.66877943,0.13268904,0.4465403,1.1139998,0.38506493,0.41873252,0.35108298,0.3224091,-0.30071983,0.7510814,0.50566065,1.1485715,0.7943945,1.0338932,1.0282016,0.43966827,0.126124,0.95474285,-0.20211214,0.018549073,0.22740112,0.4675229,-0.6981426,0.38542563,-0.5018362,0.2630061,0.93808943,0.24976932,0.77395254,0.24444383,0.47844726,0.07677234,0.7896069,0.3713102,-0.23701158,0.7431531,1.5564283,-0.12907414,0.28728843,0.21011026,0.14871716,0.12178745,0.71957064,0.7715205,-0.06443893,-0.65342814,0.33181286,0.07019243,-0.42329893,0.5276055,-0.43052495,-0.5593392,-0.030249234,0.8388207
1.8173277,0.23831472,-0.2370326,0.68949085,1.118853,1.2322742,0.371294,1.2093626,-0.29579687,0.7079694,0.98169523,-0.38837394,0.5773884,0.12749496,-0.3096912,2.0450144,0.023773365,0.75087047,0.19215989,-0.1596773,0.3878958,1.3600456,1.073442,0.0726006,-0.14681005,0.5281242,-4.4161454e-05,-0.049522407,0.045811996,-1.1595231,0.4024789,0.25434712,0.6124456,0.6389118,1.1271929,-0.07283059,-0.48507157,1.3105228,1.1415503,0.36389607,2.2795794,0.4429355,0.36102754,0.88224953,0.569085,1.5936563,0.7531246,0.12889014,0.6232423,-0.18389738,0.26822728,-0.42835313,1.2125881,0.9989506,0.6650106,1.499727,1.4117748,1.3193623,-1.0291957,-0.9410761,0.8101767,0.34485292,1.1849046,0.49898392,-0.41123128,-0.10045982,0.20075367,-0.10077339,1.1657375,0.83516246,0.27013636,-0.42210484,0.97266674,0.5225117,1.030011,0.7898196,1.2703875,0.63672423,0.7600269,-0.94492614,0.17988311,-0.3502743,1.3793502,-0.40069407,1.0005757,0.6008064,-1.1488478,0.06799664,1.7239758,1.451663,0.011840604,0.810095,1.0264039,0.6579421,0.96851903,1.1918952,0.0068173837,0.48129734,0.2122786,1.2107091,0.69218034,-0.34231463,1.045237,1.0590154,0.691586,0.23110767,0.34286696,0.58582604,-0.18257828,0.4699959,-0.96234226,1.6899265,-0.601112,0.0073277894,1.29428,0.82346606,3.3699017,0.37464765,1.452791,0.6319304,0.59884554,1.3576378,1.1226618,-0.61594975,2.4720514,0.7834307,1.265682,1.3262587,0.78937703,-0.027373035,0.41831404,-0.2464079,1.3865521,-0.9446556,1.2046227,0.13313112,0.70324373,-0.0944897,1.4247454,1.2240536,0.7982206,1.2401544,0.5608058,0.4733811,0.50834095,-1.4528468,0.6814295,0.7321269,-0.40399823,1.1314043,0.5720779,2.2324996,-0.7952379,1.6693343,2.245581,0.66359615,0.7474794,1.8711927,1.6102755,1.1945996,1.2811395,0.20353058,1.692081,0.4917514,0.57139075,0.37393478,1.0902297,0.2708523,0.51420164,0.05477076,1.1142355,0.7335309,1.3368556,0.19210304,0.26181638,2.120285,1.412646,-0.5710823,1.2965295,0.13237053,0.60647583,0.67858577,-1.2479227,2.1020012,1.041438,1.031155,1.4190536,-0.17437361,0.9388109,-0.46373123,0.33718696,0.034643456,0.07409935,1.4529423,0.97327083,-0.39097986,-0.019025508,0.55814993,1.8241211,0.2896474
-0.15510006,0.4653608,-0.5776106,0.37085593,-0.2121884,0.6673879,-0.1347552,0.008371599,0.85446745,-0.28641966,-0.4773978,-0.3431092,-0.1713341,-0.21644661,0.011307413,-0.52897686,-0.08027523,0.4195747,-0.134533,0.20825082,-0.18074164,0.7390261,0.0015448262,0.47017738,-0.2711683,0.52719283,-0.42087016,-0.09217569,-0.05077643,0.27484313,-0.3218136,0.40527403,0.28094447,0.68287754,0.011542201,-0.17399727,-0.17172301,0.53693515,0.00037574954,-0.36492836,0.3572418,-0.2499515,0.14888105,0.0850201,0.03464465,-0.42827165,-0.34908864,0.2564624,0.29003417,-0.07628585,-0.054539457,-0.2600125,0.33697507,0.101719745,0.38782412,-0.14152528,0.3859715,0.08050269,-1.1548741,0.11573222,-0.5576542,-0.2353423,-0.025336538,0.2975839,0.5368819,-0.11745972,0.0021790587,0.59835684,-0.14087763,0.24609497,-0.32739156,-0.024028443,-0.10604338,0.2834201,-0.13452426,-0.038446654,0.17937988,0.17647968,0.19886804,0.23432298,0.18885542,-0.34893772,-0.121104114,-0.56694126,0.38471827,0.082021594,0.19411947,0.09178047,-0.88524586,0.9421015,-0.25190666,0.35945833,0.16531539,-0.019888768,0.042987615,-0.21073891,-0.13056654,-0.056135554,0.07504913,-0.24026157,-0.11614491,-0.033873398,-0.067900226,-0.42148092,-0.33460018,-0.4781797,-0.1639567,-0.0066726804,-0.2331601,0.15391886,0.0808299,-0.44655943,-0.89137304,-0.8568302,0.10676692,0.016068429,0.01523599,-0.7077282,-0.12297553,-0.2913378,0.37810934,-1.041725,0.7341765,-0.007820323,0.9959433,0.111192904,0.28640997,-1.1683729,0.22009654,0.3695289,-0.13628441,0.7420555,-0.4704612,-0.9461032,-0.2510629,0.04744044,1.6616949,0.53877616,0.38895205,0.15758556,-0.13517614,0.359314,0.057275653,0.60334367,-0.38419354,-0.310155,-0.46388584,0.20494214,-0.3212795,-0.21660477,0.39454696,0.3655702,-0.004909031,0.28778404,-0.51151884,0.35871044,0.6698703,0.52535194,0.054093853,-0.47888473,0.00697954,-0.033473164,0.7187885,-0.24890055,-0.17698236,0.41048,-0.43236303,0.24207225,-0.66939354,-0.20621923,0.123052046,0.4239507,0.034647748,-0.06866363,-0.6941215,0.33458036,0.4787554,0.4854534,-0.08092184,-0.44607612,0.18508825,-0.37132517,-0.06279122,-0.35465133,0.39818576,0.09256098,-0.004521985,0.46015412,0.45560166,0.42527044,0.06305807,-0.3047349,0.58310556,0.021538649,0.2349386,0.31877142,-0.59688044,0.60782903,0.43998295,-0.084613286
0.9934447,1.075754,1.6257399,0.96523625,0.47290543,-0.38532013,1.4986262,0.90603775,1.3911409,0.25283167,0.07929142,0.39991695,-0.12849018,1.1647907,1.6955502,-0.19598639,-0.61849284,1.5703562,-1.1641227,0.9443884,0.12832111,-0.6632271,0.4489991,0.2493601,1.0426103,1.7149411,-0.55838966,0.6949062,-0.409246,1.6540437,1.917942,-0.46471033,0.4731144,1.4570779,2.043948,0.22165945,1.2535363,1.5685394,-0.22033392,0.62485516,0.9467553,0.49379236,0.8441677,2.38924,-0.0802404,0.23665452,0.3956692,-0.031560667,-0.5463045,0.91634667,0.36653167,1.287865,0.33207723,-0.06555388,1.6050719,1.363051,0.26580068,0.7248701,-1.5202565,0.235816,-0.4032185,0.97632897,-1.0991738,0.45917645,0.5734192,0.9439315,-0.13046628,1.0234842,1.6570183,1.7097242,1.273739,1.1883512,-0.054386303,0.68953776,0.5982011,-0.20824435,2.031548,2.063563,0.3755657,0.40339413,0.55567497,0.95753235,1.6981418,-0.083155245,2.653525,-0.6711913,0.3793989,-0.57783246,0.941719,0.1016747,2.1143813,1.255575,0.35205957,0.49839705,1.35232,0.5487521,1.3030375,-0.13813403,0.11099595,0.3445878,-0.5265025,0.22391851,0.5999104,2.9530444,1.1660441,-0.21288422,0.4984406,-0.074953735,0.6991257,1.3270061,-0.7376908,1.3846351,1.4004855,0.1389026,0.39093524,1.2180583,-0.13029292,0.65398663,-0.804668,-0.25926968,-0.6140613,0.4163553,0.8738098,1.179021,0.061698124,0.6829093,-0.749072,0.3672627,1.8101507,-0.020051766,1.8048551,0.934737,-0.3287012,1.6893497,-0.54468703,0.9931053,-0.11751614,2.1800897,0.8774022,-0.00822824,0.86578655,1.6941992,1.7779714,-0.15986341,0.28606787,1.4851607,0.19611225,0.21972106,0.64773655,-0.056117572,0.6677073,-0.84602153,1.1009822,1.62841,0.4223673,1.8531431,-0.20239604,-0.67110133,1.5279907,0.3266862,0.7308847,1.374334,0.07867585,0.48796305,-0.19462451,1.4237701,1.5129937,0.97995454,0.38388234,0.59703946,2.1233249,-0.6492887,0.14054473,0.84252095,1.9893738,0.63471425,-0.01441947,0.43638173,0.38660198,1.2156044,1.9430771,-0.2817359,-0.7790388,0.90102863,-0.6484724,1.6792535,1.4301652,0.4298747,-1.3759055,0.14186575,1.0073651,1.0245405,1.1312358,1.353466,1.4131051,-0.13195126,-0.74462426,-0.6515991,1.9932424,0.19981888
2.275713,0.39679572,1.5902995,1.2599919,0.806196,1.8651285,-0.59638685,1.2629339,0.26386508,0.5389879,0.3551261,0.95942116,1.364413,1.6167583,1.852645,0.43163458,0.7375994,1.581783,0.0016137846,1.1626198,0.6767712,0.41738367,0.49974328,2.1214051,0.74795246,1.3380197,-0.3112473,0.14754319,0.06277649,0.39304608,1.0483977,0.73965436,0.3338927,1.7980651,1.7378769,0.8570466,1.2990544,1.6001537,0.7552886,0.78200203,1.2665913,1.4296515,0.74146676,1.3645481,2.01764,-0.4069431,1.2536737,1.2151463,0.85306776,-0.08087686,0.7044888,0.67804784,0.79554415,0.42324197,1.3541037,0.9480027,1.0821587,0.91916496,-1.7707484,-0.8736964,0.06914336,1.1842074,-0.048794642,1.287824,1.1084836,-0.31688693,0.54236144,1.2980167,1.1531073,0.631612,0.9971266,0.6292561,0.8280132,0.21246994,0.79550767,1.0565577,2.2183855,1.1038947,-0.07964508,1.0370686,0.50617886,2.4965665,1.95035,-0.8532339,1.9335538,0.8804829,-0.517208,0.01551941,0.30514902,1.866675,1.1133951,-0.172986,0.9608999,-0.03949696,0.6056196,-0.23985681,1.7204211,-0.562009,0.509132,1.0497297,1.1640333,-0.61423486,0.48025838,1.2764403,1.6585573,1.4891107,0.7880366,-0.5974533,-0.24679191,1.3450153,0.5904397,1.4046466,0.87830645,1.316772,0.97047484,1.0141356,0.8372649,1.9556527,1.0829264,-0.295592,0.49605212,0.5069361,1.7248071,1.1628087,1.7111694,1.1042255,1.3621086,0.60320586,1.7592629,1.6527292,1.4369506,-0.5317145,0.6775507,1.0123613,-0.49213108,1.340594,1.1773324,1.3820823,1.6666061,0.8768473,0.14640512,1.3723334,0.82190156,0.6468883,0.39882106,0.54919076,0.16242212,0.7382871,0.4346124,-0.16070428,1.1023798,0.9101149,1.1559111,0.86322474,0.82561934,1.565662,0.97797316,0.92020905,0.8667098,0.78823483,0.85677975,1.4598788,1.4222969,0.26776892,1.0896245,1.3286313,-0.34657437,1.5086064,-1.0202658,0.5217296,1.1850483,0.06693908,0.5843279,1.2087573,-0.012694171,1.1317942,0.6544545,-0.08075222,0.7993937,0.45811278,1.6645824,0.13624975,-0.8436862,1.0721226,0.9693105,1.5305407,1.4638205,1.2586018,0.10707883,1.520907,-0.29692152,0.052188978,1.8568877,1.2086068,0.7385056,0.5555891,1.5352352,0.82804984,1.6370727,0.87885004
0.4513803,0.2836185,0.017794248,0.68037254,0.1782561,0.18211333,-0.22207661,0.1720868,-0.10799424,0.26806358,-0.7229293,0.20097852,0.28599688,0.3477377,0.6086999,-0.2680942,0.008259168,0.948771,0.068473056,0.84686744,0.2105771,0.050599817,0.8769521,0.99703133,0.01112269,0.47478297,-0.66936445,-0.50869745,0.044447854,0.4807521,-0.63075054,0.20795655,0.14796956,1.233256,-0.052930407,-0.018159376,0.5149271,0.05618845,-0.09511499,0.24701244,0.6120201,0.4086498,-0.039848134,0.37717104,0.9171605,0.09223072,-0.05985909,0.0031561498,-0.19138624,0.27503267,0.29002103,0.95012045,-0.089062,0.078282684,0.36843866,-0.5200269,0.21088403,0.36134052,-0.036468342,-0.07667306,0.16302732,0.53808486,-0.22377276,-0.13631631,1.0369735,0.7052367,0.4070095,1.0977215,0.31813613,0.5202181,0.5682155,0.5990844,-0.14307433,-0.4835288,0.68942267,0.4696294,0.5837262,0.74286354,0.1914149,0.9485343,0.1050225,0.3530458,0.80439925,0.5951848,0.76956457,0.10269323,0.2797095,-0.13371137,-0.44289774,-0.12910694,0.12929529,-0.4792987,0.40013808,-0.2274231,0.25048152,-0.27416638,0.5817185,-0.02012999,-0.18666288,0.3252786,0.35857135,0.27562353,0.31440234,-0.35447824,0.43496823,0.27687255,0.2878023,0.30272973,0.07230183,0.8061271,0.45110548,1.1298218,-0.06788231,-0.18530972,0.5171695,0.2237631,0.14455381,0.9078864,0.30083406,-0.50992936,-0.35446414,-0.03406252,0.8199948,-0.26878667,-0.5855632,0.6524732,0.069761574,-0.68394846,0.14122976,0.584204,0.5033103,0.81402165,-0.26609895,-0.64758545,-0.38137403,0.3504963,0.52007514,0.6939516,0.3915262,0.26153013,0.37660882,0.5276053,0.23063134,0.32151455,0.38429508,-0.32191923,0.16570742,0.07617769,0.06708962,0.25093472,0.34722146,-0.35473478,0.28774723,0.29683885,-0.34435824,0.40797767,0.39791098,-0.25945318,0.44950837,-0.48675963,0.3639874,0.6966894,0.36865646,0.64665794,-0.18012455,0.8087007,-0.21286726,0.74692744,0.06194386,0.08968806,0.07792695,-0.07850987,0.34810066,0.20921604,0.23199134,0.4914677,0.52465093,-0.14707384,0.69356245,-0.5067379,0.25695035,-0.33229315,0.05377712,-0.20377278,-0.25317723,0.42044112,0.38309893,0.57966745,0.9293848,0.54799426,0.9215758,0.13971393,1.106597,0.5745209,0.2665186,0.603764,-0.3128726,0.40394825,0.3341315,0.3588004
-0.71261406,-0.25349143,-0.07613854,0.0027478803,0.19970268,0.54397106,-0.76364267,-0.2485626,-0.6466758,0.08947699,-0.36470485,-1.6804247,-0.070250005,-1.1199063,0.17848754,0.11878856,0.39779866,-0.45374262,0.012847323,0.07501859,-1.0443125,-0.41542813,-0.1919848,-0.17600891,-2.0372577,-0.7132472,0.27104747,-0.47074693,0.0998478,-0.18544711,0.32762003,-0.13694713,-0.29547566,-0.21379478,0.18363583,0.83487743,0.054599367,0.0518666,0.5230746,-0.07907086,-0.18119597,-0.79314274,-0.05089306,0.23741907,-0.22142372,1.0982023,-0.15276471,0.19013867,-0.5390277,-0.0131851435,0.57677597,0.36470005,-0.18933588,0.5290008,-0.29877782,-0.45437828,-0.6043412,-0.0994769,-0.22597186,-1.0066833,-0.16019323,-0.45137107,0.40014723,-0.08858854,-1.5725949,0.03678084,0.36681893,0.036727883,-0.3581063,-0.11944072,-0.88567287,0.39732403,0.3080286,-0.8635509,-0.15786582,-0.3540261,-0.22415154,-0.25204164,0.23433512,-0.067304894,0.40113506,-0.3506017,0.075982876,0.06356569,-0.49476355,-0.023046969,-0.25812864,-0.5406094,0.58212197,0.12286607,-0.39185265,-0.6244814,-0.2829627,-1.0772624,0.15280107,0.4542362,-0.6879424,-0.055851426,-0.33922303,-0.064370185,-1.3796406,-0.5530414,-0.19985916,0.20274204,-0.11088578,-0.4954943,0.6505333,-0.56604797,-0.6030166,-0.19576024,-0.49823943,-0.2625605,0.97510105,0.44638503,-0.1729594,0.047362916,-0.5662435,-0.16968577,-0.09503581,0.096230485,0.11602327,-0.14541918,-0.82730913,1.3823875,-0.56883895,-0.41219023,-0.04878165,-0.07712625,-0.82134503,-0.23787361,-0.725115,-1.2411945,0.11938358,-0.41789034,0.16049035,-0.17206986,0.10598696,-0.83395517,-0.6449511,0.1218238,0.066371895,-0.2799626,-0.54804933,-1.1311033,-0.0024803071,-0.5518721,0.66462207,-0.35306615,-0.5122438,-0.3886396,-0.43933252,0.15998763,-0.86268187,-0.50738484,0.046102744,-0.044799466,-0.6116373,-0.248698,-0.5493599,0.284675,-0.6743119,-0.6701512,0.17561813,-0.6283634,0.70992434,-0.79144055,-0.41363454,0.19561358,-0.038701408,-0.40775067,-0.2820345,0.05769241,0.17329146,0.12779014,0.7375237,-0.053517282,-0.16024865,0.19560553,-0.35153386,-0.3056527,-0.5684766,0.06461782,-0.22969891,-0.75394475,-0.22154367,-0.4990685,-0.77444696,0.28844625,-0.5286283,-0.32713747,-0.91153055,0.17290677,-0.4572305,-0.07382564,-0.017538447,0.5473522,1.2497202,-0.543987,-0.58131254,-0.22612621
0.6473445,0.059388936,0.082003325,-0.025479233,-0.54450256,0.3266599,0.15889864,0.17724031,0.7488677,-0.07681051,0.4502029,1.1273793,-0.13761893,-0.18085343,1.6038516,-0.07366706,-0.7521253,-1.0638516,0.4565438,0.79115427,-0.7539964,0.23297456,-0.34279844,0.37923068,-0.6578644,0.30009848,0.8973997,2.1868207,-0.25976878,0.5033019,0.63828206,0.08717026,-0.1896999,0.18029575,0.120324485,0.4951333,-0.9550974,0.4891899,-1.1530418,0.19315064,-1.0313542,-1.3700937,1.0920496,-0.042905338,-0.37122536,-0.7364245,-0.9997321,0.36663854,0.39897957,-0.19514383,-0.30979076,0.45971215,0.40261304,0.29682988,0.06438606,0.30716214,-0.2438223,0.006593477,0.0099043455,1.0870168,1.2240844,0.65305626,0.20661649,-0.65402806,-0.0567214,0.22971565,-0.015129153,0.11975231,0.38396648,0.26312977,0.36378115,0.7273025,0.25122267,-0.67657775,-0.30319056,-0.5630328,-0.81232506,-0.5015411,-0.16728649,0.16858636,0.19792509,0.5772062,0.042018816,-0.9561184,0.021641187,0.21814513,0.19935691,0.6242536,0.6266895,-0.4529431,0.4410343,1.5512534,-0.8082063,1.0946898,-0.14773604,0.50865835,-1.0372444,1.4061271,0.008118987,-0.26136965,0.73137003,0.20753516,-0.54036885,-0.023348205,0.029153723,0.10742541,-0.03899882,0.23219061,1.527751,-0.40628836,0.48606503,-0.5770901,-0.54296595,0.39470097,0.1914581,-0.69099885,-0.8140468,0.10944257,-0.52628946,0.118816264,0.8760218,-0.5193955,-1.0029137,-0.6142161,1.3937446,-0.6486678,0.86921793,1.2034122,0.4537257,0.1635882,0.2091978,1.3950455,-0.28217438,0.06527812,2.1836548,1.3340496,0.08920262,0.10868401,-0.014333775,0.024966162,-0.019683462,-0.7751079,0.4923015,1.3938731,0.53252435,1.8150127,-0.7797692,0.56721634,-0.79328537,-0.9680243,-0.05123537,-0.38943875,1.2780749,-0.38103536,-0.36722955,0.0042069713,0.06207451,0.92107093,-0.21158868,-0.8872241,-1.4117004,-1.5871482,-0.6479426,0.37215278,-0.5390489,-0.8526665,-0.019029941,-0.17813006,-0.7691811,-0.6248187,-0.25517383,0.334307,-1.199921,-0.4613744,-0.024339369,0.035701394,-0.20050706,1.4840282,-0.69100773,-0.9916054,0.15747844,-0.89851063,-0.33421835,-1.1887004,0.056825034,0.1719636,-0.46518305,-0.24003536,-1.0273159,-0.14225027,0.22569138,0.60447794,0.42989147,-1.0767052,-0.46945962,-0.48258018,0.8682012,0.28745112,-0.67082065,-0.4238155
0.122182,1.1606338,0.13852283,1.0147859,0.86706376,-1.1299481,-0.15682496,1.5963439,0.7151635,0.5223457,0.7301632,1.0951631,0.80489385,0.80863494,-0.25410727,0.37480277,-1.5507419,1.6115699,-0.11789028,1.1068811,0.90705925,0.81672716,0.43356252,1.2216141,2.387738,1.1647321,0.32000455,-1.1979874,0.4327273,0.5552701,1.721072,1.7031661,1.0768757,0.5009957,1.7061082,1.2583219,0.630847,0.009451246,1.1618294,1.3371403,-0.1685401,2.0089,0.87751687,1.0304271,1.3778156,0.68779606,0.84240025,1.3347237,0.45949122,0.62135303,1.7901447,1.0100353,1.498266,0.097048506,1.0992903,-0.36950105,1.6876659,1.2373782,0.76824975,1.4607437,1.1646423,-0.20674738,0.000102870166,1.1052521,1.7928989,-0.7730081,1.0864967,0.780126,0.5709258,0.36029306,1.450217,-0.19764343,1.5575808,3.267444,0.16681051,0.75752807,1.1698117,-0.096388504,1.4950539,0.863287,2.0110912,0.38838613,1.211797,-0.24312699,1.4171563,0.7961501,0.29978636,0.6812405,0.25935882,-0.2575765,2.2506592,1.5146716,0.18813412,1.5125494,0.67324823,2.597887,2.1140373,0.9037056,1.9572167,0.37688562,0.91202736,1.1197212,1.2730328,0.21340677,1.4511794,1.6625853,-0.4874424,1.1515261,-0.32997385,0.5772527,1.7616786,0.093042195,1.7159767,-0.47240174,1.5264204,1.1493597,-1.2035867,1.2714819,-0.52056056,2.1405828,0.61032254,0.55169266,1.2139156,1.3814098,-0.8529183,0.85778475,-0.6828935,0.24797083,-0.58035064,1.5704634,1.2827746,-0.22877231,1.408345,1.3448989,0.37734208,1.4054708,0.1820743,1.2644454,0.58267164,0.8337272,0.6197284,1.1383289,1.1293294,1.3953369,1.4350997,0.18447544,1.7763566,0.22809438,1.4532998,1.5956413,1.7994994,-0.598945,1.3383409,1.4029268,0.629681,1.991918,1.1192819,0.19072005,1.0615071,1.5907172,1.3205724,1.5272895,0.50180876,0.1680145,0.39984077,0.44296294,2.1768527,1.0792464,-0.51177907,0.9310586,0.8590776,0.10539783,1.1057929,0.5386799,0.09099773,0.51898724,0.4824742,-0.25023052,1.0034763,1.8993032,1.6682552,1.4083201,1.3756613,-0.41735438,0.55071336,1.5042132,0.90838194,1.4243416,-0.6687801,1.6039224,1.9247108,1.466459,-0.089775234,0.70246506,0.70682156,1.9355986,0.5975151,-0.06635882,0.50668097,0.41794634
0.043225363,0.6419177,-0.52321255,0.8479605,0.14391157,-0.31112355,-0.31646252,0.26662874,0.24898964,0.115375996,0.6423692,0.10017031,-0.2237262,0.514191,0.42037746,0.281612,-0.30162844,0.28636315,-0.03693728,0.16730927,0.5268888,0.15489799,0.43648878,-0.16993804,0.13262188,0.8590178,0.3703386,-0.48064375,-0.14498487,0.3452448,0.32811227,-0.108843036,0.27691397,0.46937278,1.0649419,0.56414694,0.3976568,-5.5233017e-05,0.2707353,0.055909906,0.8580936,0.630384,0.23768358,0.9119186,-0.2975572,0.6064716,0.69468087,0.6598965,0.11960156,0.5918156,0.5524617,-0.69831455,0.7166975,0.55745935,0.56369245,0.7447262,1.2738937,0.8705095,0.62705135,0.20456576,0.4872749,-0.45609897,-0.059053153,0.21947971,0.26682284,0.41511893,0.7994922,-0.366858,0.57238203,0.5088932,0.38668603,0.28612497,0.116495654,-0.009977803,1.0253986,0.7724019,0.89884186,0.6719821,0.23590526,-0.037973505,0.3417965,0.03426604,0.78996986,1.3904154,1.0500249,-0.70363533,0.4899242,-0.67556745,-0.49586135,0.07343709,0.33093062,0.52506286,0.62377095,0.17487037,0.83258694,0.32012874,-0.087131046,0.0030761142,-0.41075507,0.5709914,1.1594318,0.68929344,0.22159629,0.7014435,0.58839154,0.79747593,0.6506088,0.11943865,-0.14769967,0.67586404,-0.0015204696,1.0987592,0.9375629,0.7110216,0.3500539,0.8260922,0.92332023,0.930998,-0.16441554,0.6027331,-0.274258,0.60692376,0.47281843,-0.5375671,0.35851303,0.36123464,0.06785286,-0.25241956,-0.2003024,0.254004,1.0866864,0.05676297,0.18717034,0.47464997,-0.1673626,0.24896647,1.2887034,0.5910448,0.51444757,0.35037065,-0.6630228,0.35291836,0.47629264,-0.03747206,0.15903556,0.8277821,0.4785127,0.4225497,0.58978254,0.0843457,0.5865158,0.6584476,0.19772314,0.61468977,0.8934787,0.41536322,0.7905189,-0.045886148,0.8259803,0.06695062,0.24347124,0.61676013,0.7729159,0.13057531,-0.4439853,0.29178232,1.125824,0.62474483,0.5962183,1.2432393,1.2370666,-0.23449108,0.9143454,0.39344066,0.8263042,0.542854,0.15702671,-0.18735357,0.4230445,0.19847052,0.78723055,0.38923046,-0.023143394,0.5373137,0.1802769,1.1592803,1.0440657,0.2890829,-0.37209895,0.6516621,0.8290493,-0.32573223,0.5674766,0.7506317,0.7320431,0.234286,0.20369074,-0.15271558,1.2450744,0.7963236
1.0173662,0.22066015,-0.05783442,1.4994302,1.0258522,-0.70785403,-0.68205893,1.2787962,-0.10278633,0.36209804,0.62365097,0.602804,1.019602,0.9760417,-0.021503733,-0.7097555,-0.09346844,1.4717484,-0.6874823,1.3422059,-0.051629074,0.55942184,1.5534637,1.3424414,1.154811,0.21842961,-0.79464066,-1.5024258,0.35217717,0.88416857,0.44578335,1.405586,0.68805194,0.52592844,1.261014,0.6389209,0.30652145,-0.24976246,0.5836627,1.1172738,0.8328208,1.7623527,0.96008456,1.3885297,1.764381,0.9392657,1.3187667,0.75683165,0.06271642,0.13180703,1.1579813,0.48236212,0.06919858,0.14071257,1.076278,0.15008238,1.2036762,0.7517733,0.18869556,-0.3072701,0.21357624,0.107097305,-0.88794625,0.7772384,1.618173,0.9531134,0.941389,1.3004823,0.2909855,-0.07723347,0.21553068,1.6631687,0.5925229,0.6528108,1.0549461,1.6395882,1.641659,1.6258919,0.5709252,1.4034549,1.2916962,1.0454181,1.4886805,-0.2947194,1.1300594,-0.6309181,-0.11945604,0.17575975,0.12630323,-0.7567886,1.1439232,0.34342378,1.4936702,-0.21316881,1.3752428,-0.5041835,0.9269055,-0.009155225,0.72778654,1.0367917,0.7763152,1.2489424,1.0682617,-1.1777674,1.0588214,1.2442567,0.51029456,0.25522655,-0.4963617,1.9071,0.9954906,1.3372455,0.15343301,0.8157595,1.17012,0.9067008,-0.25152007,1.1761593,-0.703025,0.003269718,-0.044587627,0.4817815,1.3195827,-0.066294625,0.0116511155,1.616452,0.15476736,0.12313436,-0.79203093,1.6145341,1.5756198,-0.4840139,0.59738743,-0.20097224,-0.5864913,0.49907887,0.16929702,1.6425194,1.106854,0.7225555,0.9487494,1.6746367,0.57884204,0.79315895,0.8619672,-0.18505919,1.2457699,0.7100394,1.0427141,1.0540054,1.1667715,-0.67939675,-0.23978585,1.0284454,0.67713946,0.8930904,0.93392825,0.20336121,0.770086,0.6481763,1.4359168,1.9992205,0.54308575,1.2406182,-0.76944494,0.89513946,0.1552654,0.524728,-1.1284341,0.88703674,0.63740844,-0.43579313,0.9543326,0.8988426,0.24937153,1.0256044,1.1611705,-0.1983905,1.2600961,0.2882008,1.1626793,0.16423473,1.0029931,1.4649978,-0.29416567,1.3211862,1.0581112,1.1793728,1.0489494,0.6484572,0.5890821,1.5037221,1.7908251,1.2870262,1.1165441,1.0180852,-0.040415224,0.640609,0.9498551,0.795262
-0.81379414,-0.014116721,0.2525834,0.27801573,0.11718036,0.28599247,-0.016524207,0.24298745,-0.47286397,-0.43054965,-1.2933679,0.39309868,-0.5257039,-0.41518795,-0.66062456,-2.495876,-0.31200048,0.61315453,-0.9521215,-0.7217771,-0.49399063,-0.8089993,-0.09519053,-0.16378693,-1.0641582,0.5177995,-1.1560841,-0.38253358,0.10705584,1.2820722,-0.3025176,-0.21356845,-0.6551065,-0.092768595,-0.86501867,0.8829592,-0.55260235,-0.5159064,-0.40690607,0.27477872,-0.69718814,-0.71129376,0.15347382,0.7150366,0.5310956,-0.1559655,-0.279615,-0.09079181,-1.1662726,0.94119453,0.64178854,-0.37666097,0.012336528,0.81780607,-0.40502244,-0.6534888,-0.082021855,0.9094753,0.128589,-0.0569206,-1.7476802,-0.20648327,-1.7858248,-0.44374028,-1.0256048,-0.46566796,0.11580145,0.5046791,-1.0132841,-0.7736229,0.39713553,-0.8648431,-0.57527286,-0.33165956,0.6074676,-0.5505756,-0.10615598,-0.41564348,-0.125738,0.7896564,-1.0548457,-1.5753797,0.49680552,0.18271735,-0.5288802,-1.9482809,-0.07071571,-0.6033255,-1.8229272,-0.07096989,-0.9082776,0.36594567,0.45866632,-0.35676888,-0.02890171,0.8399763,0.30860743,0.59211326,0.44514224,-0.08427654,0.37540686,-1.3678923,0.43707854,-2.0121229,0.1267536,-0.029793499,0.7305989,-1.3790926,-0.12056486,-0.3183824,-0.49504352,0.36673772,-0.9257023,-0.5136539,0.8873932,0.041391015,-0.7135487,-1.7321295,-1.6844022,-0.40117264,-1.2024934,-0.9103086,-0.14080688,0.48224834,0.12917803,1.0918444,-1.4621309,-1.2599163,-0.03029268,-0.41935393,0.07696947,-0.21431684,-0.24098273,-0.98278147,-0.5070145,-1.2274009,-0.7842856,-0.071098626,0.1878769,-0.9014955,-0.11704277,0.2036635,-0.037787497,-0.8772908,0.3599894,-1.1579678,0.8982655,-0.23146132,0.66339207,1.0926572,1.1287564,-2.0543401,0.86596555,0.03308629,-0.74238795,0.39083937,-0.13632247,-1.0288923,-0.11923285,0.7472148,0.88729346,-0.07711264,-0.5564886,0.38577345,-1.7645487,0.7543293,0.019101135,-0.6420615,-0.9932297,0.34803957,0.17439173,-1.5131537,-0.25510237,0.24552359,0.10202753,0.16861108,0.30215698,0.51420987,0.5748597,-1.1262152,-0.12912735,-0.15528366,-0.51196456,-0.99814963,0.63821393,0.55850375,-0.3880078,-0.9174482,-0.36649698,-0.037950993,0.19647342,-0.4356845,0.23612984,0.3032224,-0.57778716,0.0029324405,0.5355149,-0.59648955,0.620849,0.85954815
-1.4202726,-0.74270314,0.8319034,-1.6099534,-1.2829994,-1.2499549,-0.581905,-1.5979124,-1.223572,-1.3524009,-0.55323285,-0.13576165,-0.83833295,-1.4293504,-0.95573634,-0.95070773,-0.9470301,-1.0266047,-0.2723201,-1.6221038,-0.6494936,-1.5379444,-0.11871163,-0.21181436,0.38655582,-0.5905675,-0.6607963,-0.38570437,-0.3999614,-0.085755214,-1.2106484,-0.488188,-1.3193117,-1.6401805,-1.5047585,-1.5450218,-0.76796484,-1.3660821,-0.7711764,-0.6311833,-1.3151621,-0.6866402,-1.3874971,-1.7895544,-0.6856277,-1.1872072,-0.8544176,-0.6763268,-0.033451334,-1.0945694,-1.2324172,-0.66182816,-1.150647,-0.53818023,-1.759507,-1.5544261,-1.7140273,-1.3117995,0.09038372,-0.6188351,-0.29477364,-0.6370384,-0.7821671,-0.99144846,-0.4030235,-0.5262544,-1.2629681,-0.82093686,-0.71922576,-1.1481254,-1.0956398,-1.1200638,-1.3206859,-1.5357441,-1.1481289,-0.9271536,-1.848857,-1.036267,-1.4033222,-0.75911176,-0.6443428,-0.86935776,-1.2204736,0.8420299,-1.8939965,-0.23448643,0.27790585,0.23056297,-0.15019399,-1.4719977,-1.4508657,-0.66022545,-1.5914443,-1.5242112,-1.1007514,0.31379834,-1.1334674,0.6391299,-1.2890329,-1.2791325,-0.70000005,-1.0179688,-1.1864234,-0.9619521,-1.279951,-0.0173472,-0.9807596,-0.47381586,-0.733172,-0.72312224,-1.0021223,-1.2601731,-1.0251544,-1.2206875,-1.4226458,-1.5567522,-0.06778698,-1.0350329,-1.2285959,-1.1847273,-0.9953695,0.20042996,-0.91396046,-0.2610839,-0.82583326,-1.2265021,-1.2565702,-1.0633336,-0.5175281,-1.5135509,-1.8215352,-0.26414746,-0.8376004,-0.71558934,-1.1541138,-0.62938786,-0.4785631,-1.0736593,-1.7988511,-1.4595587,-1.3118598,-1.9632915,-0.8315326,-0.6623128,-1.0814288,0.13567095,-0.91797364,-1.581771,-0.358992,-1.5502741,-1.0874872,-0.6870237,-0.60806036,-0.9346225,-1.5651473,-1.3405054,-0.76692,-1.1906762,-1.6005063,-1.2884152,-0.6544279,-0.51661366,-0.8936586,-1.0059317,-0.8675523,-0.22443637,-1.5301266,-1.2743099,-0.070046626,-1.1378912,-1.4474995,-0.8008929,-0.93083733,-1.275684,-0.768743,-1.6354494,-1.0158386,-0.8532045,-1.1038427,-0.7973083,-1.6614226,-1.4294139,-0.37469438,-0.61335236,-0.82186246,-2.0239944,-1.6195657,-0.93550956,-0.023277655,-0.77983314,-0.6552944,-0.65448654,-1.1980401,-1.5081612,-0.8051406,-1.0998652,-1.0802503,-0.46893314,-1.532725,-1.2556444
0.045168743,-0.6900126,0.1286066,-0.15115568,0.18845747,0.29211617,-0.3140508,0.25930527,0.20429555,0.07416752,2.5467913,-0.18262097,-0.6461006,0.48839062,0.6324552,2.2928703,0.29378673,-0.8846974,1.2856932,-0.50713027,-0.88056475,0.5832259,0.8726492,-1.6099765,-1.9981833,1.1860565,1.8757348,2.3172996,0.44546327,-0.37157658,-0.21700573,0.41467372,-0.015545944,-0.15560763,0.6407699,0.6538822,0.2609965,1.5962741,1.1655126,0.09435661,0.13728577,-1.154371,-0.5981409,-0.7604431,0.4563831,1.0336864,-0.78034407,-0.90175724,0.38417736,-0.57038903,0.18942147,-0.6844624,0.41807008,0.5613136,-1.8105472,1.3068402,-0.549453,0.16530068,0.12927943,-0.3079597,1.7403188,-0.62039554,3.5029497,-0.3438741,-1.7097418,0.4672573,0.19909905,-0.86515754,-0.9776444,0.042496637,-0.15959056,0.2503512,1.5485339,-0.1610228,-0.30299804,-0.9154056,-0.612547,-1.7038422,1.24731,-0.16466235,0.70301867,0.5925943,-0.72067475,0.45883518,-0.9665268,1.8885971,-0.457013,0.96266377,0.52977395,0.16057873,-0.6471913,-0.4748459,0.4141518,0.58426714,0.26315066,0.60062003,-2.0257607,1.1845154,0.0933125,0.2455021,0.29335237,-0.61674315,-0.27384382,0.6276723,-0.73942935,-0.33463997,2.5191813,0.05466284,0.9625731,-1.3638431,-1.2539457,0.12204303,0.22740878,1.0772955,0.30348247,-0.54913336,1.4272898,-0.6485083,0.2507304,1.0205761,1.838528,0.17951787,-3.44343,-0.1423136,1.6909597,0.13792528,0.79703265,2.2507956,0.42949143,0.64552784,-1.2444605,-0.42076588,0.14030328,0.39634395,3.8258514,-1.0401195,-0.56404763,-0.748124,-0.65450865,0.7257483,1.0445191,-0.21140476,0.21468303,1.2039106,0.3811711,0.94582623,1.2662877,0.23670436,-0.4790603,0.12774228,-0.4599914,0.7216761,-0.025794052,-0.9075017,0.15790594,-1.0688057,-1.2974906,0.013938811,-0.45154884,0.0037076306,0.46549267,-1.3843055,-0.15080437,1.5833368,-0.31514642,-0.7735576,-0.6149678,-1.1458027,-0.3986997,-0.8120674,-0.9210461,3.6792727,-0.007786557,0.40271953,1.1335486,0.39043847,0.31991723,1.430771,0.123685956,-0.6604191,-1.938829,0.7749454,0.69488835,0.07508767,1.5557815,-0.28655294,-0.48964584,-0.53680456,1.60813,-0.2892494,-0.87496376,1.1012814,0.14306541,-0.6208207,-1.6470544,-0.65817106,2.9530675,1.0102314,-0.14667407,0.53686386
-0.7772559,0.24024713,0.03979427,-0.49102008,0.2633578,-0.66055185,-0.21942633,0.12429794,-0.5347542,0.21201745,0.21689202,-1.2567241,0.83218086,-0.636943,-0.7673635,-0.44158992,1.2036742,-0.37492996,-0.2714991,0.13997641,0.1809828,0.27468604,-0.70449865,0.3161185,-0.75797397,0.65700907,-0.25002593,-0.501767,0.3791342,0.85159194,0.5909769,0.20853303,-0.4812366,-1.0031532,-0.82878065,0.82206327,0.4046813,-1.1003486,0.53258616,0.7557691,-0.96293026,0.0151224565,-0.11404917,0.32358006,1.3140907,-0.38359958,0.15201382,0.83079606,-0.537163,1.3865814,1.3341546,0.32799456,0.8700406,-0.09572532,-0.47031873,-0.29792753,-0.12424075,0.83305275,0.17728534,0.111267045,0.056063544,-0.30635744,0.38186613,0.044069402,0.43199116,0.0067500994,0.75863844,0.056075327,-1.1103227,-1.5231994,-0.78623635,0.279029,0.72277427,1.3024932,0.71924573,-0.17360216,0.43380958,-1.1540383,0.5626882,1.3641436,0.5678337,-0.63283926,-0.71826136,-0.043028727,-0.6098034,0.13306867,-0.30728388,-0.6609533,-0.05714169,0.64926875,0.28459254,0.019338889,0.36928004,0.16793558,-0.35133258,0.47178245,0.32911247,-0.021805402,0.7950401,0.19894561,-0.16253807,-0.8759939,0.39385265,-0.397248,0.2812904,0.93721545,0.9601439,-0.22459903,-0.360561,-0.39877123,-0.34784457,0.5189798,1.0752399,0.31047332,1.0827818,0.42086238,-0.11395321,0.13041267,-0.75382453,0.78860855,0.23470126,-0.6176603,-0.45862693,0.072126165,0.52774966,0.61939615,0.39868683,-1.0038109,-0.004843226,-1.0156443,-0.16681121,-0.6864376,0.41409186,0.030901492,0.16652283,-0.8050097,-0.35938784,-0.24636249,-0.23389558,0.9104387,-0.79715186,-0.017083902,0.15784554,-0.41813678,0.8301532,0.30840003,0.66382253,-0.12891814,0.7558143,0.39416215,0.76817226,-0.27634203,-0.86194927,0.08630596,0.118062496,0.39095566,0.06799147,0.40959084,-0.53748333,0.7257113,-0.16816506,0.53721756,-0.33423853,-0.035283078,0.076042086,-0.920692,0.44948584,0.21941772,0.45286214,0.12773857,-0.177188,-0.024198994,-0.38257676,0.37659854,0.6078599,-0.29901707,-0.087839216,0.6416681,0.3543786,0.8288883,0.17229562,0.7291105,-0.06869782,-0.6446348,0.45545986,-0.09113595,-0.6510829,-0.40158817,-0.26429874,-1.6207777,-1.1345747,-0.82602596,-1.0037031,-0.055330243,-0.45948568,0.56935066,-0.03432787,-0.30557835,-0.054811116,0.6019721
0.5426923,0.8011727,0.36904,0.53238976,0.55128175,0.32262412,-0.17780453,0.7634918,0.8730773,0.61497056,0.84860253,0.3639073,0.52684456,0.4801292,1.22402,0.68846494,0.72789115,0.37523395,0.78325784,0.8833403,0.75265956,0.83799976,-0.24715184,-0.33910546,0.36402825,0.15468343,1.3578573,0.72250414,0.56339574,0.22951423,1.0533999,0.0045389812,1.0246289,1.1812577,1.5214442,0.4979432,-0.2862643,0.5368348,0.026573068,0.5914925,0.7720372,0.2914853,0.9070158,0.767945,-0.31883317,0.44778907,0.5168013,1.1049469,0.76387733,1.0146104,0.95017403,0.5499847,1.2798051,0.44778576,1.0754483,1.6016455,0.63355136,1.2723447,-0.2581391,1.0722203,0.7743754,-0.17186075,1.5031918,0.6298683,0.42557994,-0.028117307,0.8602327,0.6468049,-0.18436071,0.1866455,0.09963265,0.28197753,1.1625185,0.80163133,0.33845,0.54064596,1.3701435,0.57292545,1.0467867,0.38722038,0.3929678,0.0953122,0.2766278,-0.57631797,0.7748683,0.7054614,-0.10353388,-0.59436303,-0.050647985,0.42599335,0.85229623,0.8783825,0.095753156,0.8365461,0.7629853,0.016996734,0.4367484,-0.1839955,0.26647502,0.6643374,1.8394068,1.240699,0.57879764,0.50763404,0.45448732,0.43675658,0.587608,0.30003527,-0.426896,-0.11178593,0.5131048,0.4606864,0.96492,0.41258943,0.58143777,1.0711751,0.05026602,0.69216454,1.366632,0.7755543,1.3795618,-0.7621417,0.7314013,-0.56832445,0.28538513,0.6277274,1.0784408,0.57661504,0.9306045,-0.29368663,1.0491405,0.8221022,0.15157515,-0.9169639,0.9847301,0.24861224,0.7232772,-0.022529984,0.86350656,1.1281731,-0.80978817,0.39187488,0.5240524,0.00832838,0.671528,0.09552107,0.3300338,1.1141101,0.42768547,0.09022984,1.1455828,0.63587743,0.37548012,1.069764,1.2002459,0.3887249,0.3416137,0.5254078,0.5889338,0.01942311,0.8953331,0.13845932,1.0961812,-0.3107253,0.21491458,0.6528926,1.3821447,0.83629036,-1.2372904,1.2613016,1.1623951,1.0757934,0.84753543,0.6605841,0.6238655,0.4530242,0.54021287,0.55445474,0.26893064,0.30009484,1.3484952,1.1740419,0.70147,0.5309944,0.14060497,0.9495214,0.4116941,0.9211922,-0.013156109,0.29722586,-0.4869022,-0.12913825,0.6495971,1.2202398,0.44367152,0.31587037,0.50975925,-0.23452526,1.169059,0.8197759
0.64798564,-1.7696655,0.0075374767,-0.9027953,-0.9553723,-0.31607342,1.6427408,-0.377529,-0.2028505,-1.2672478,-0.15085801,0.32538357,-1.5652587,-0.04581817,0.5658364,1.3013856,-0.07427714,-0.9136323,0.89876044,-0.5562694,-0.4098831,-1.4212917,-0.6123597,-0.43646994,-0.7400442,0.11842657,-0.10908653,1.2965323,-1.0466737,-1.5158523,-0.21579102,-1.3455969,-0.31237036,0.004881192,-0.18863824,-1.5875381,0.10283744,0.48123977,-1.2672099,-1.6528211,0.69045955,-1.4394394,-0.62817866,-0.6350029,-0.8062917,1.0345576,-0.8994476,-1.0446215,-0.3828645,-1.7468122,-1.8251486,-0.78281313,-1.1985849,-0.575946,-0.02488195,0.0034950152,-0.24197951,-1.4266012,0.8135622,-0.09740403,0.5631202,1.5048606,0.25451192,-1.4132506,-1.6135387,-0.4374382,-1.9198273,-1.4804143,-0.021532394,0.56380016,0.1366872,-1.0171323,-1.0902265,-1.1197603,-0.5016778,-0.84405196,-0.97201985,-0.91779345,-1.6654612,-1.8851495,-1.5640452,0.984089,-0.51774216,0.48388717,-0.9180545,0.2738957,-0.11390023,0.16777529,0.8378915,-0.33339036,-0.79505366,-0.79899675,-0.9689585,-0.50582266,-0.949916,-0.29903066,-0.7619475,1.3493174,-1.1855152,-1.3747467,2.1775713,-0.42473263,-1.136034,-0.013318613,-1.1605644,-0.44940153,-1.1881301,-0.04555452,0.7974757,-0.7140173,-0.8793166,-1.1369414,-0.98720413,-0.7801067,-1.0443498,-0.8565946,1.1358389,-0.4203223,1.4515983,-1.0419604,-0.35802177,0.8328923,-0.068163514,-0.3442288,0.6622541,-1.1476344,-0.32301474,1.4260473,1.1242061,-0.109970406,-0.23202929,0.18728563,-0.7872017,0.09693585,0.117709026,0.5978253,-0.15285571,-0.946667,-0.9499036,-0.5664085,0.04654794,-1.0636302,-0.6822183,0.64067435,-1.3121017,-0.29067945,-0.994623,-0.16268668,-1.3954408,-0.72659993,-1.8991917,0.0572083,0.6242676,-0.43248433,0.3393058,-0.83909416,-0.6969732,-0.70392084,-0.2996578,-0.97184473,-0.8372593,-0.6717725,-1.0332462,-0.5923766,-0.13635367,-1.0851767,-0.4083236,-0.68167996,0.71089166,-0.9264153,-0.3362354,0.2672882,0.3076532,-0.81926197,-0.66977084,-0.5269251,-1.180045,-0.37041184,-1.3694954,-0.5307183,-0.45390433,-0.8100889,-0.88642824,0.1778365,-0.5771354,-0.71315056,0.29416853,0.6483905,0.1210494,0.37470222,0.3678521,0.73629785,-1.4478059,-0.91054416,-0.3343999,-1.4385049,-0.008211423,-0.3506955,-0.033899035,-1.1571842
-0.2606928,0.008843942,0.87145007,0.35494563,0.9176947,-0.30404925,-0.36111563,0.13031647,-0.32513893,0.3608241,-0.027260173,-0.89273894,0.32077125,-0.5007171,-0.23344131,-0.25448543,0.849979,0.69077444,0.57439876,0.16403869,-0.021509176,-0.4457776,0.51249045,0.36972168,0.044353846,0.13403729,-0.21222155,-1.356239,0.48933277,-0.051878884,0.22172347,0.06932643,-0.20601876,0.27999088,0.22597289,0.80873877,0.59783834,-0.9246276,0.687406,0.33058578,0.062989354,0.42906207,0.12211438,0.11788411,0.84614015,0.5257692,0.45879456,0.45901212,-0.070652865,0.72231054,1.0934002,0.21052489,-0.0051232525,0.7831715,0.08798545,-0.12410558,-0.06826834,0.38311607,-0.3985213,-0.9147323,0.16583537,0.38374537,-0.057241447,0.19934468,-0.0600054,-0.073176675,0.7328223,0.11722687,0.38446245,0.00243075,-0.51377183,0.4291305,0.47062078,0.057004362,0.8523308,0.6570635,0.23990564,0.18188344,-0.03236071,0.59932923,0.021614708,0.036578506,0.23293276,-0.57183707,0.1277017,-0.1779863,-0.17073125,0.053068526,-0.15978381,0.5767095,0.51905155,-1.3974566,0.60859376,-0.36315233,0.7213258,0.605933,0.15621416,-0.5670023,0.3396291,0.12605962,-0.32182246,-0.44598103,0.38210064,-0.34665424,0.80823565,1.0296041,0.41462383,-0.020042375,-0.86764073,0.56402725,0.22062661,0.3918848,0.4421129,0.2340607,0.69074184,0.41800016,-0.21854074,0.43828857,-0.17885233,-0.019887075,-0.40415382,0.24068749,0.24878937,0.0046889335,-0.35047317,0.58766353,-0.09137423,-0.32409006,0.13512893,0.32012194,0.059524342,-0.81464636,0.26592648,-0.029005513,0.07232836,0.20175749,0.23931201,0.13989294,0.071620815,0.3188231,0.43766662,0.32785043,0.16761974,-1.5022012,0.9681404,-0.81213534,1.124884,-0.023597162,0.7850217,0.4924154,0.4021789,-0.35558242,-0.6757586,0.18868701,-0.0115633905,0.22380167,-0.4693881,-0.2620059,0.051442444,1.0639542,0.43856436,0.054130927,0.22799076,0.5395655,0.36633086,-0.54646355,0.17418191,0.45750523,-0.23993734,0.4853417,0.10678758,-0.3609799,0.6840253,0.15065378,0.6500886,0.17357706,0.12264845,-0.8280994,0.59439856,0.19712695,-0.09899733,0.51533,-0.27908558,0.018236686,-0.1496053,0.26051995,-0.014388662,-0.012274722,0.4529824,0.13697097,0.3846831,-0.06993081,-0.3211957,0.61685675,0.21352126,0.5142872,0.61513174,0.7513475,0.060726825,0.7375024
-0.9040056,-0.9427031,0.60725933,-1.113132,-0.5981936,-0.47725853,-0.064897075,-0.8646038,-1.1501825,-0.82446194,0.41110197,0.46370476,-0.32884994,-0.5712445,-0.44270715,-0.8707342,-0.5446897,-0.6522293,-0.3219989,-1.1268736,-0.5812997,-1.4096376,-0.5913126,-0.6263197,0.53230065,-0.45419854,-1.1858169,-0.5924919,-0.6739315,-0.84260046,0.0142058935,-0.7970923,-1.1024332,-0.89956486,0.0873901,-0.44954947,-0.5098793,-0.92232317,-0.346318,-1.0575464,-0.61230314,0.09283722,-0.7624741,-0.6352462,-0.38022983,-0.16899614,-0.27104235,-0.7846262,-0.47600278,-0.29007068,-0.6421417,-1.0135611,-1.4476279,-0.09321722,-0.4851237,-0.8570535,-0.2659105,-0.82931674,-0.18111825,-0.5589446,-0.1704334,-0.09373308,-1.2829736,-0.338191,-0.09481868,-0.3970307,-0.9363137,-0.5112011,-0.46151155,-0.44275337,-0.18279304,-1.0556364,-1.2461689,-0.78368014,-0.70279723,-0.4975211,-0.52775735,-0.42418632,-1.2426541,-0.32897788,-1.2384307,0.23050958,-0.69741905,-0.1592835,-0.2979381,-0.9167182,-0.27512953,0.011927165,-0.2798259,-0.4023949,-0.5979199,-0.03121298,-0.30576223,-1.0776808,-0.58066845,-1.0689422,-0.091854736,-0.4323848,-0.7765055,-0.7385582,0.050597243,-0.6613688,-0.91979337,-0.33817175,-0.960691,0.0352432,-0.79666734,-1.1098485,-0.65454674,-0.47901934,-0.41065294,-0.88217086,-0.5516321,0.057573564,-1.0029984,-0.6368571,-0.56331265,-0.29228085,-0.53919274,-0.4411098,-1.2133373,0.41911164,-0.44161123,-0.44709405,-0.2451662,-0.93515706,-1.4916043,-0.26230127,-0.95561475,-0.0474829,-0.18829319,-0.642662,-0.2446123,0.8965331,-0.7777807,-0.5432918,-0.109688066,-0.7793119,-0.8159973,-1.0547316,-0.47386217,-1.056399,-0.1716424,-0.35694617,-0.89582723,-0.1765503,-0.60385764,-1.2441295,0.46415246,-0.685406,-0.63873,-0.6849313,0.09618182,-0.4757856,-0.6865716,-0.28033072,-0.088940784,-1.1220516,-0.23025209,-0.34517333,-0.111696705,0.3154019,-1.0590914,-0.39402956,-0.52704775,-0.5356334,-1.0160917,-0.71328455,-0.25576544,-0.79112303,-0.6198659,-0.8840092,0.1858017,-0.90744627,-0.8806777,-0.7276177,-0.5822566,-1.1819937,-0.76439124,0.7203113,-1.052551,-1.1132982,-0.21692517,0.5378889,-0.9425848,-0.8841003,-0.51706064,-0.37957683,-0.49844882,-0.21552204,-0.07311017,-0.5148258,-0.16993904,-0.54888695,-0.45642635,-0.58256453,-0.07246418,-0.52956957,-0.8027217,-0.6485969
-0.89687717,-0.78616583,0.4399855,-0.83984506,-0.27681956,-0.12756558,0.10012478,-0.49772716,-0.452475,-0.4909629,-0.19285671,-0.09867967,-0.31961358,-0.4977828,-0.55428344,-0.55810547,0.35655785,-0.36940715,0.5447368,-0.6312752,-0.22102225,-0.66396594,-0.43081185,-0.0117667,0.13190916,0.014997507,-0.2578696,-0.042139612,-0.13118927,-1.2527593,-0.088586666,-0.42452136,-0.9477515,-0.10981169,-0.28865993,-0.26082134,0.089707494,-0.9047474,-0.035646945,-0.41044927,-0.53380597,0.07615698,-0.741925,-0.5199142,0.19440214,-0.2804649,-0.45574236,-0.46607125,-0.43151507,-0.10761371,-0.41637778,-0.13067916,-0.6177827,0.42594305,-0.6189677,-0.58515704,-0.38095692,-0.49530894,-0.25910407,-0.3319321,0.24747773,0.63403416,-0.28894192,-0.55286807,-0.25628632,-0.013154037,-0.63426125,-0.13865237,0.20805046,-0.1626604,-0.26477984,-0.564528,-0.5439279,-0.22366859,-0.34273413,-0.62578654,-0.5354273,-0.61621666,-0.77546245,0.108836904,-0.600941,0.48008615,-0.7929946,-0.7539825,-0.492078,-0.33588743,0.18038854,0.4462719,-0.017369714,0.013506912,-0.4860598,-0.7718883,-0.06300024,-0.66520876,-0.3017185,0.102703884,-0.2436152,-0.11435435,-0.26103407,-0.49810156,-0.1555117,-0.68175834,-0.57053155,-0.24097687,-0.7874627,0.034746572,-0.26820534,-0.46422797,-0.43075493,-0.26834694,0.082996756,-0.61932737,-0.1479411,-0.38306072,-0.68063384,-0.49383956,-0.28669795,-0.18842524,-0.37566578,-0.03706503,-0.75282973,0.055697795,-0.33402202,-0.49375883,0.50152147,-0.5551057,-0.2842085,-0.55151194,0.27846682,-0.023542184,-0.6314276,-0.38572505,-0.048788764,0.43010694,-0.4328511,0.06755267,-0.25074068,-0.433293,-0.7133038,-0.43905273,-0.33667585,-0.65372366,-0.29316255,-0.35856605,-0.31769836,0.098730534,0.10559201,-0.9183148,0.33070326,-0.6011955,-0.4021891,-0.5378779,-0.07359346,-0.66472405,-0.5221759,-0.5435807,-0.57434803,-0.43077463,-0.5631491,-0.085085675,-0.24596623,-0.11797499,-0.10021804,-0.16621739,0.03752854,-0.3738898,-0.69063187,-0.13606916,-0.53809756,-0.42834455,-0.7349654,-0.3441306,0.005980747,-0.5905466,-0.38924062,-0.50766677,-0.6229324,-0.47502276,-0.46388304,0.39565244,-0.93397,-0.40238497,-0.12151317,-0.37781817,-0.098409474,-0.6056999,-0.68620145,-0.30968305,-0.19740108,0.12059617,0.008465623,-0.05456242,-0.62019646,-0.6098016,-0.4563033,-0.3891014,0.03763583,-0.20958953,-0.7356103,-0.25528583
-1.110286,-1.1286805,-0.34559253,-1.2375803,-0.8492958,-0.5826043,1.0210598,-1.1292772,-0.72899044,-0.6233931,-0.47613972,0.07592922,-0.14659762,-0.63058996,-0.3343754,-1.1713458,-0.3941047,-1.1737139,-0.4921682,-1.0132467,-1.0041971,-1.0999846,-0.8303497,-0.76841515,-0.62742794,0.7302204,-0.71222657,0.83475435,-0.7335727,0.03494206,-0.40714395,-1.0144979,-1.6412401,-0.69385964,-0.9930001,-0.6747593,-0.42647526,-0.84944373,-0.45662063,-0.7912111,-1.3849338,-0.5946557,-0.55217254,-0.88160366,-0.13845113,-0.552704,-0.8894958,-1.058149,-0.32252058,-0.33056155,-0.93147343,0.04049223,-1.4172286,0.030331222,-1.3209224,-1.2993208,-1.018748,-0.9397147,0.15052433,0.11130741,-0.50751084,0.11493646,-0.79934895,-0.8832744,-0.57737696,0.23861414,-0.6782191,-0.47301373,-0.33187047,-0.32488015,-0.26070404,-1.0405235,-1.0892687,-0.8632629,-1.0102473,-1.6870018,-0.94328445,-1.4367305,-1.1192194,-0.2035679,-0.9950048,0.49606654,-1.1032263,0.40747765,-1.0742723,-1.0310479,0.41324514,0.317931,-0.59658355,0.07232566,-1.0679499,0.44951674,-0.75873584,-0.6393365,-0.74455637,0.16403839,-0.9079025,0.037156243,-0.70388484,-0.6872693,-0.4051426,-0.9809207,-0.8144643,-0.5312522,-0.91644067,-0.65518564,-1.0730702,-0.9984404,0.80606496,-1.7788975,-0.57826483,-1.336582,-0.35512507,-0.47615954,-1.0467062,-1.1004256,-0.88626504,-0.18959346,-1.1786375,-0.7759828,-1.2806313,-0.4449681,-1.1016604,0.16299865,-0.15677671,-1.0683101,-1.0490791,-0.6635381,0.3249889,-0.18125157,-1.0223955,0.02573312,-0.99245274,-0.09353678,-0.34505588,0.6947706,-0.07966518,-1.3623186,-1.2328227,-1.30216,-0.9469137,-1.3651252,-0.21198402,-0.13263868,-0.60932136,1.4039932,-1.0717872,-1.5742558,-0.2211157,-0.7668184,-1.1226747,-0.71089333,-0.13956401,-1.0591711,-1.4624115,-1.100263,-0.4494118,-1.0595344,-1.1028914,-0.9368214,-1.011117,-1.154621,-1.0110261,-0.85217017,-0.6199222,-1.0209135,-1.1970104,-0.84625095,-0.4076747,-0.8966453,-1.1254679,-0.6845823,-0.865565,-1.3714361,-0.61760753,-1.6171002,-0.8048313,0.7354904,-0.86071604,-0.12779501,-1.0840336,-1.1465603,-0.29177958,-1.2272248,0.32440367,-1.1550854,-1.3115182,-0.039577357,-0.824154,-0.23089737,-0.2560578,-0.092194155,-0.872121,-1.6025672,-0.9577422,-1.1007152,-0.065870315,0.037785456,-1.4391171,-1.279926
1.1877993,-0.19596997,0.49831596,-0.33577114,-0.6535923,0.119081765,0.80265146,-0.9366736,-0.5208722,-0.64439243,-1.1891327,0.5069174,-0.42602688,0.3167959,0.45711568,0.047414616,-0.6014895,-0.11568902,0.3980786,0.18129656,0.038181446,-1.0760363,-0.29144344,0.8931055,-0.28598833,0.40205458,-0.11044877,0.14078465,-0.9571643,-0.47988406,-1.5589252,-0.68025595,-0.7145638,1.0616935,-0.69475865,-1.4925301,0.78897494,0.04848232,-0.94741696,-0.72736245,0.56000435,-0.0049543437,0.7932617,-0.51167136,-0.37279433,-0.66342175,-1.2386,-0.86183786,0.13544409,-1.4835713,-0.8618664,0.6953573,-0.33630562,0.1549189,0.074321784,-0.8217275,-0.45643833,-0.89782596,1.0202887,0.32823896,-0.4375522,0.47750688,-0.22724408,-0.84301233,0.3542667,-0.22363967,-0.871331,0.88172966,0.038823895,0.6371227,1.1369714,-0.64472103,-0.8317988,-2.1297476,0.048600823,-0.48250225,-0.2998887,0.29258558,-0.9302535,-0.51284164,-1.0931985,0.59229344,0.14279814,1.9263468,0.08731408,-0.14989819,-0.09401399,-0.5910604,-0.13278984,-0.025443751,-0.8565507,-1.1348994,-0.35977837,-0.14122322,-0.4526264,-0.90737337,0.13283469,0.42071217,-0.898124,-0.25175655,0.76745874,0.53820616,-0.7798128,-0.5631705,-0.06348818,-1.1719697,-0.97312963,0.71001893,0.38623244,0.48730615,0.31693572,0.31489432,-0.86392164,-1.5520785,-1.1883605,-0.80461925,-0.6127103,0.44741794,0.8945398,-1.6464297,-0.16438836,0.8160514,0.19112861,0.28011668,-0.3115799,-0.066843316,-0.7059631,-0.7527247,0.9599283,0.3003205,0.07209237,0.47535497,-1.2699363,-1.1288106,-0.3960887,0.5756862,-0.12197449,-0.072949655,-0.35946834,-0.6377553,0.122542344,-0.014645805,-1.1123557,0.06256656,-0.91235006,-0.37019625,-1.433551,-0.73091096,-1.2524164,-1.4628905,-1.0754374,0.49329454,0.7995954,-0.28948146,-0.70004785,-0.8270469,-1.3276391,-1.2036072,0.32494414,-1.3158735,-0.8853992,-0.23600563,-0.016899146,-0.28983548,0.64242965,0.40990242,-0.923977,-0.26339573,-0.027525507,0.056873016,-0.13841848,0.04216679,-0.7505235,-0.79077625,0.46387887,-0.12674627,-0.64601463,0.27275068,-0.09418405,-1.0946819,0.39116818,-0.34390128,-0.5772752,-0.5389611,-0.067968294,0.16785297,0.41036522,-0.206505,-0.6199902,0.5278195,1.137679,-0.28217596,0.65764934,-0.3863886,0.066170335,-0.45832145,-0.007603582,0.7221772,0.11061693,-0.9695452
-0.9745737,2.2723002,-1.7683166,0.5326876,0.39636225,0.44706768,0.88827384,0.5078742,-0.6824629,-0.388337,-0.52721626,1.3228775,0.041880235,1.3004513,0.12923856,0.32146215,-0.24493317,-0.005139759,-0.070598125,0.20803033,0.6975461,0.99589366,-0.0060205157,0.2751668,-0.19335465,-2.7347047,0.6906488,0.32761937,-0.28086045,0.17139547,-0.2185753,0.5459985,0.7149537,-1.0350941,-1.3847734,-0.29754263,1.7416875,-0.124141715,-0.059079126,0.97121054,-0.6383903,-0.18291712,-0.06576667,-1.1089327,-0.4553197,-0.09059598,0.2326205,0.2639281,0.40357038,0.29279476,-0.43840626,-0.21918634,0.887313,0.045262344,-0.28608668,-0.80294764,-0.9078383,0.26568693,3.0133584,1.0987389,0.2455662,-0.111786984,-0.090735845,0.31923294,-0.3669496,2.0735161,0.47888425,-0.22681463,1.2337164,-0.8578582,0.351676,0.650917,0.16310892,0.49585998,0.13448332,0.99791586,-0.86102283,0.15918641,0.44833028,0.19435869,1.3210579,0.37752894,0.0498484,1.018398,0.14163242,0.1587323,1.5714784,-0.18574388,-0.7172655,-1.4842062,0.32423022,0.47179547,-0.6886227,0.71439147,0.11796277,-1.931751,0.18729874,1.8660475,-0.4596479,0.5948647,0.8801901,1.7288952,0.23722571,1.793172,-0.6510748,0.20540072,0.5244703,0.3130611,1.5431741,0.80999964,0.043644354,0.5921485,0.45307097,0.22591044,-0.14970934,0.10605726,-0.3305674,0.35795,0.088470206,0.8293143,0.7476403,-0.26508468,-0.91562796,-0.8778783,0.8978296,-0.07261019,0.34600064,-0.1757598,0.26782545,0.23990886,1.1319275,1.1283879,0.154619,-0.6622163,0.12354794,0.3285256,0.5202418,0.038829528,0.03664542,1.1816581,0.843753,-0.34633458,-0.2513163,1.4665781,-0.4111467,0.97906476,0.16288738,0.4752529,0.26788676,0.120398335,0.6143258,0.33212924,0.4083772,-0.058635842,-0.08324519,0.75524026,0.5817258,-0.28732434,-0.18394615,0.97498554,0.12306133,0.9441929,-0.18629234,-0.024872873,1.2186341,1.5992962,0.05135922,0.29345432,4.5308294,0.19790593,-0.6360877,0.17775844,1.2110689,0.7075997,0.39686108,0.29599357,-0.04577725,0.23752421,0.28507742,0.30937326,-0.91110826,0.07786093,0.25372437,-0.2802959,-0.63248783,0.005074783,0.18915378,-1.3167547,0.23012969,1.8460096,1.0741369,0.42461032,0.6835058,0.36920705,-0.018719818,0.08486839,-0.44773602,0.012924911,0.2959344,0.38578564
0.3445974,0.80854255,-0.009321652,0.69444185,0.7727031,1.2856203,0.40748662,0.542723,0.25419545,0.36289275,0.40115055,0.2156218,1.0656562,0.59661657,1.0473055,-0.9328273,0.54286104,0.70547193,-0.04055501,0.34539562,0.5866242,0.1435515,0.7831678,1.4277632,0.48671952,-0.12266772,-0.40596035,-0.82936245,0.67311823,-0.093157485,-0.08370962,0.68940914,0.42284626,0.74696857,0.5669111,0.63656735,0.48837844,-0.49764207,0.54729867,0.7750538,0.082170784,0.78336364,0.25191593,0.022422893,1.2697229,-0.024483396,0.79160345,0.6770287,0.37528864,0.47849092,0.36334664,0.5563943,0.13062787,0.69291157,0.18530428,-0.512166,0.19507614,0.21558747,-0.85037494,-0.758437,-0.09625464,0.7175396,-0.67538047,0.78058887,1.229235,1.0025588,0.4647601,0.8988828,1.046197,0.004909847,0.81138927,1.0932516,0.15879583,0.070546925,0.80638343,1.1993377,0.32793677,1.0802433,0.074565455,0.90297127,0.47760296,0.6277913,0.6336786,-0.07260901,0.69686466,0.10083717,-0.79981154,0.0006450303,0.7809012,0.87571716,0.8139789,-0.8231203,0.50313836,-0.06962847,0.9352167,-0.6187812,0.7438097,0.016185254,0.5008319,0.44570953,-0.22032873,0.18833604,0.7149656,0.067805596,0.6520448,1.2501588,0.58410037,-0.068874314,-0.71667314,0.95596534,0.6117959,0.9118284,0.16351137,0.3022387,0.6468853,0.6387593,0.3343293,0.8417948,0.36478892,-0.0009006066,-0.095149495,-0.544694,1.0304315,0.04692378,0.119751856,1.0163594,0.21495968,-0.46013173,0.35227734,0.9040009,0.2537825,-0.038184427,-0.1775341,-0.06664756,-0.38824317,0.68785584,1.0802383,0.87378824,0.49908277,0.65062755,0.5563544,0.74780244,0.9308002,-0.20774941,0.5187042,-0.5521484,0.4673003,0.2721829,0.9213825,0.5109359,0.9029354,0.09918043,0.33319306,0.24798249,0.22915974,0.97551817,0.30367088,0.10665041,0.12539794,0.25918075,0.8945635,0.52700955,0.8188396,0.7187358,1.2396728,0.5778445,-0.25915986,1.077554,-0.12583283,0.0649036,-0.012755093,0.065898165,0.7462743,0.93387485,0.5894316,0.59505814,0.36959907,-0.35761067,1.1462897,0.8045484,0.046448752,0.49921167,0.31431532,0.11568545,-0.49610034,0.47187778,0.44549522,1.2751224,1.0004683,1.4150878,-0.097866856,0.03189896,1.1345649,0.64775836,0.14799905,0.7933743,-0.3355825,0.8409849,-0.12468698,0.7064892
-1.0201318,-0.7230214,0.049265474,-0.9664358,-0.66216785,-0.25648448,0.027990412,-0.7608919,-1.1128924,-0.6369137,-0.29589307,-0.29873288,-0.28561988,-1.0109423,-0.39527714,-0.73499775,-0.54230684,-0.77632093,-0.4243406,-1.0483861,-0.6434253,-0.95219547,-0.489801,-0.48311505,-0.6297575,-0.44581714,-0.44204947,-0.18439004,-0.23407336,-0.30799988,-0.023915255,-0.49527344,-0.85186684,-0.783442,-0.68839353,-0.50691384,-0.5094473,-0.9754071,-0.38273057,-0.5075669,-1.0439168,-0.61526716,-0.9645801,-0.8487515,-0.19738753,-0.04394637,-0.22628027,-0.37840515,-0.10014498,-0.27616167,-0.51543385,-0.5620167,-0.7930602,-0.32766524,-0.9239789,-0.83106935,-0.8163161,-0.6294237,-0.036584526,-0.39288557,-0.23924692,-0.1330173,-0.437762,-0.37989515,-0.7673381,-0.3874831,-0.43994668,-0.8241583,-0.2763572,-0.75553876,-0.77070963,-0.72457826,-0.50721693,-0.647663,-0.6850853,-0.68887734,-0.791858,-0.8067751,-0.7215548,-0.36996454,-0.5126157,-0.19657631,-0.9881812,0.13958594,-0.749846,-0.4026735,0.088786885,-0.20773856,-0.031094661,-0.40619195,-0.5765383,-0.45843813,-0.9215044,-0.8186091,-0.5835625,0.26639006,-0.47655365,-0.27760845,-0.6019158,-0.79634154,-0.63597536,-0.87717533,-0.63662755,-0.4091141,-0.66662735,-0.09967221,-0.5303955,-0.46252382,-0.00809283,-0.7209108,-0.56080264,-1.0546007,-0.25879273,-0.23394302,-0.6794884,-0.5341809,-0.5126691,-0.52755576,-0.830963,-0.3697794,-0.60687137,-0.1594349,-0.72034395,-0.38791248,-0.522688,-0.6116639,-0.8056733,-0.62463117,-0.37308624,-0.8037194,-0.79265225,-0.47180983,-0.5237064,-0.10742536,-0.53233004,0.07930443,-0.25834414,-0.92789495,-0.9721209,-0.6058079,-0.8320743,-1.2249321,-0.41794646,-0.42517483,-0.59023595,0.3991938,-0.47781354,-0.9179937,-0.04378679,-0.5169709,-0.5678252,-0.42634356,-0.37683877,-0.6407512,-0.87193507,-0.5170451,-0.27374724,-0.6233001,-0.70294154,-0.468406,-0.59682554,-0.45903692,-0.5806024,-0.81965023,-0.20942673,-0.5274036,-0.61199504,-0.74805117,-0.24254638,-0.6039015,-0.7895393,-0.33641648,-0.18646565,-0.7098275,-0.28621814,-1.1665642,-0.67046386,-0.44762436,-0.58483094,-0.4002111,-1.1400077,-0.6916629,-0.5245746,-0.6039266,-0.489919,-0.9651457,-0.91557896,0.16019316,-0.36540332,-0.20304756,-0.38827008,-0.41656464,-1.1863179,-0.73770756,-0.520041,-0.26152432,-0.58739597,-0.44806337,-1.0470449,-0.6315338
0.4428227,-0.8035136,-1.0470451,0.5156525,-0.78061056,0.16505608,1.6792938,-0.84952044,0.8715032,0.0027748672,-0.6006474,0.02433487,-0.3241431,-0.6230231,1.1422149,1.3108696,0.50633234,-0.80651784,0.7653595,0.067686096,-0.40337676,0.15966141,0.41916305,-0.18939428,-0.7634276,0.032257702,1.3155916,1.3459952,-0.36223525,0.5078019,0.9945287,-0.61139935,-0.09695124,1.3926094,0.5506883,-0.51154405,-0.5600217,0.5224378,-1.7830596,-0.8988107,-0.09221806,-0.4897875,0.9499134,0.4407079,-0.38293466,-0.16443892,-1.5041144,-0.28789416,0.7284785,-0.80152047,-0.47333267,-0.31415677,-0.086596906,-0.20031479,0.8601713,0.7356507,-0.23440519,-0.21729657,1.0277691,0.64131224,1.1181142,0.14260146,1.3723936,-0.89530575,-0.009011943,0.28576794,0.02491718,-0.8460745,0.42305207,0.66975003,0.12727073,0.6665013,0.40592152,-0.00973548,0.2734396,-0.14763972,-0.20373668,-0.2456922,-0.22101307,-0.20825714,-0.9246531,0.99033636,-0.41046306,-0.31121174,-0.49613535,0.76223725,-0.31584945,-0.015980586,-0.13017614,0.2866952,0.24612603,0.6802176,-0.8606225,0.7587453,-0.96039003,0.54931265,-0.6779551,1.2235655,-0.79283863,-1.3766054,1.4614671,-0.051314335,-0.7189634,0.020103492,0.5298229,-0.14509086,-0.70666564,1.0558774,1.2576929,-0.2275374,0.15654449,-0.38729942,-0.33755654,-0.3141076,0.22603144,-0.758972,0.025165193,0.54179144,0.89562446,-0.70941335,0.9889534,-0.22850102,0.010586839,-1.0119771,0.15839835,-0.76130193,1.3190204,1.1780478,2.5037017,-0.47342652,0.67382115,0.6519195,-0.22572502,-0.29713193,1.1465822,1.2804255,0.7872268,-0.2195097,0.09482408,0.0015322063,-0.089271046,-0.21442062,-1.0700797,0.57307196,-0.20061727,0.69436675,-1.1997268,0.7917436,-1.0751884,-0.7278882,-0.47214577,0.11110419,0.4999777,-0.2947691,1.513707,-0.38123652,0.039791834,0.77015513,-0.12658289,-0.43682954,-1.1925101,-1.2278012,-0.2336304,-0.32627597,0.19376394,-1.9118251,1.0353918,-0.2779624,0.067183666,-0.7585938,0.7114494,0.5823844,-0.8022075,-0.6409291,0.15596855,-0.33737212,-0.9917433,1.3730098,-0.83784217,-1.3631731,1.1722882,0.18347478,-0.25178438,-0.6202589,-0.022815581,0.27409837,0.26327157,0.1234879,0.32875958,-0.07649738,-0.2697842,1.0007458,-1.1124835,0.15247135,0.23127908,-1.5210087,0.7885607,0.22700624,0.015666816,-0.3843514
-2.308519,-1.5389508,-0.6950187,-2.1509504,-1.4957821,-0.3715057,0.7924908,-1.461237,-1.5563576,-1.6645336,-1.0396427,-0.26389194,-1.1511203,-1.7634004,-1.4020901,-1.7161858,-1.8792524,-1.0463743,-1.0381768,-2.870194,-1.3856497,-2.073627,-1.4021018,-2.3421364,-1.2153206,-0.08411481,-1.5531125,-0.19021517,-1.1427811,-0.3397879,-0.63201,-1.8563939,-1.8910697,-1.928199,-1.4403458,-1.1033336,-1.632932,-1.742458,-0.73979044,-1.455264,-1.9633386,-1.2217171,-0.9868674,-1.6920047,-0.8546457,-0.054026544,-0.96959645,-1.3555149,-0.7364267,-0.6274235,-1.2741668,-1.7232233,-1.7038549,-0.35806075,-2.0073822,-1.8259728,-1.9304336,-1.4615244,0.49516404,-0.24309286,-0.8809662,-1.1588082,-1.8381987,-1.3448101,-1.7061517,-0.8547665,-1.4142755,-1.8059763,-0.3252363,-1.2288204,-1.084646,-1.5979588,-1.8888406,-1.6714215,-1.2479385,-1.9817258,-1.597401,-1.2924775,-2.2806935,-0.7137886,-1.9232644,-0.131543,-2.119105,0.78064185,-1.0613394,-1.7718508,-0.04826204,0.018961534,-1.0644916,-0.516954,-1.9195782,0.37221417,-1.4503883,-1.9408005,-1.72142,0.4902184,-1.3921111,0.02252112,-1.8137486,-1.6027116,-0.9731486,-1.4706346,-1.35413,-0.77091885,-1.2883723,0.031222986,-1.5047548,-1.9048766,0.6176037,-2.2871463,-1.7194458,-1.542034,-1.1795808,-1.1108763,-1.459945,-1.6555737,-0.54606646,-1.2589024,-2.291317,-1.3657633,-1.6006756,-1.1520722,-1.7182281,-0.66187346,-1.1027879,-1.5770786,-2.0063093,-1.5142502,-0.42336592,-1.4223313,-1.4266386,-0.8158386,-0.9578635,-0.3684564,-1.206776,0.13737488,-0.8312087,-1.7708236,-1.4453988,-2.3090386,-1.8371843,-2.2832108,-0.7274076,-0.510426,-1.4818571,0.63600403,-1.4262341,-1.9761231,-0.5390668,-1.0629362,-1.342605,-1.711792,-0.01725427,-1.3472767,-1.8912772,-1.1282775,0.1827209,-1.4272292,-1.6734921,-0.92765975,-1.2878164,-1.3002716,-1.6809074,-1.1428475,-1.3593266,-0.79116553,-1.5492157,-2.3646414,-0.79089,-1.4715532,-1.7418665,-1.5294918,-0.6084623,-1.5843652,-1.4779134,-1.8919805,-1.6592215,-0.40878218,-1.3734075,-0.8175844,-1.7780185,-1.8790873,-1.5452342,-1.4250525,-1.0285516,-1.5141885,-1.4161602,-0.47492215,-0.45314255,-0.5853131,-0.72599864,0.3586672,-1.3440661,-2.0315955,-0.81031865,-1.4057989,-0.50990427,0.012028439,-1.5288972,-1.6648879
1.27354,0.47152707,0.34616563,1.1713955,0.60606396,0.94894946,0.7576691,1.1538142,0.97509617,0.6955226,0.20370452,0.9121938,-0.2449188,1.0930523,0.7100378,0.71108186,0.4273759,1.2783368,-0.36734062,1.2525953,0.3302264,0.16279963,0.55434453,0.5087856,0.4162379,0.34115964,0.69397634,0.24205276,-0.33921817,0.71390086,-0.14054048,-0.29407406,0.558208,1.3138787,1.6459854,0.38426977,0.37998027,1.1232436,0.18387327,0.6032112,0.94384027,0.4903015,0.46052384,1.0953789,0.06132793,0.9003988,0.69031805,0.37580687,-0.1919084,0.39019755,0.14194483,1.8960543,0.0035577132,0.8734418,0.81841743,0.7697594,0.88218474,0.40158376,-0.17228949,0.14646386,0.8096663,0.8111444,-0.1350984,0.37692353,0.29422894,0.61881447,-0.032404836,0.013302946,1.4663175,1.9893571,2.061166,0.8621628,-0.012034316,0.29381037,0.7353825,1.3931302,1.1180168,1.346137,-0.0334666,-0.25851437,0.4903158,0.6859164,1.3424258,-0.7874103,1.0981576,0.5606595,0.16679782,0.99674714,0.5250269,1.1412712,0.53580415,0.9219652,0.25944585,0.7230793,0.32834065,-0.9049724,0.013783297,-1.2263209,0.19343722,0.97292423,0.018473003,1.2176661,0.61807513,1.7277874,0.411111,0.9011301,0.2250081,0.18490405,0.8884034,1.0691214,0.04621406,1.877176,0.46818885,0.32810655,0.7054162,0.6624863,1.5337678,1.7783145,1.3585718,0.04085752,0.21365684,1.4262103,0.57948136,-0.21724384,-0.17165127,0.4418413,0.8856203,1.6410354,-0.04431086,-0.491964,1.1829107,0.5420005,0.06299768,-0.45274535,0.14180143,0.70022047,0.5214847,1.0850595,0.941045,0.330249,1.2177583,0.7331591,1.1159651,0.47968274,0.15912735,-0.036284495,0.5563284,0.76175576,0.0381649,1.3968472,0.50479233,0.44266313,0.8288657,0.96597266,1.0216808,1.1040053,1.7392681,0.7538148,1.3707972,0.41916266,0.40407622,0.942639,0.5168224,0.7932742,1.6662112,1.1933538,1.1362313,0.9284207,0.7570234,0.57429695,0.9961347,-0.4680188,0.23226453,0.4578052,0.22816683,0.79589045,0.29583532,0.21504955,0.5783827,1.0018101,1.0158911,0.08018147,0.06912701,0.87582225,0.34112412,0.9904932,1.9275157,-0.5164991,0.61624855,-0.05012495,0.7750777,0.86181426,1.1329658,0.5639026,1.3436816,0.5145748,0.057117518,-0.0006846208,1.0572526,-0.17826861
1.6556417,1.378002,0.16605993,0.9502695,0.81568784,0.13138264,-1.0840074,1.0191658,0.58287275,1.5940789,0.10900007,-0.24851558,1.5948942,0.62248653,0.15050946,0.87814975,1.5676258,0.8815901,0.74511963,1.5597026,0.85278744,1.2084274,-0.04988533,0.25628772,1.2740322,0.1994978,1.0989337,0.06771225,0.72528094,0.13823971,1.3168104,0.66017294,1.0508007,0.84696305,0.61603254,0.69413096,1.7928095,0.7738551,0.8795188,0.57733786,0.7897066,1.7499502,0.8372612,1.1475108,0.19122106,-0.7620322,0.24520893,1.6134475,0.5509028,1.1020484,1.31648,1.4318725,1.3169551,0.042885445,1.7952411,1.1870823,0.7967999,1.2480344,0.3468754,0.61241376,0.3234427,0.10431952,1.1068674,0.41593415,1.2252061,1.0250734,1.245448,1.5084015,-0.17990926,0.3826023,0.7224656,0.48880076,1.444653,1.0482265,1.2516893,0.96595436,1.2686342,1.4433773,1.2277325,1.1377473,0.8944258,-0.35980296,0.8284752,-0.72040766,1.1856475,1.0761383,-0.7009175,-0.7613602,-0.21217762,-0.26596668,1.1410553,-0.79504985,1.2683113,0.38095766,1.3242878,0.06395429,1.8921505,-0.883505,0.5165481,0.66749245,0.60954946,1.3065187,0.95249313,0.4345586,1.3543819,-0.26706433,1.2305048,1.2707275,-0.5074866,0.9665276,1.2131789,1.6393564,1.3034286,1.5454983,1.0072911,1.2730664,-0.3766002,0.606157,0.99422103,0.9821022,1.0658365,-0.25529778,1.306098,-0.55208254,-0.31104055,1.0435413,1.1518258,0.5427955,-0.1719022,-0.3949306,1.2782884,0.9049433,0.7727593,-0.31422165,-0.082766145,-0.09853777,0.46074072,1.33358,1.34967,1.614917,-0.98627573,1.4359821,0.21151529,-0.10334094,1.4284552,0.51692945,0.24482867,0.8605142,1.1906575,0.97009945,1.0842851,0.27965903,-0.49356025,1.0926071,1.4530222,1.1250747,0.09377063,0.9994441,0.68773824,0.56428903,0.6112746,0.8472005,1.0429857,0.13708517,0.6126797,0.5931479,1.5705111,0.43512267,-0.9022262,0.9479681,1.1600593,0.7885497,0.09468733,1.0646296,1.247789,0.63365704,0.7077182,0.48137507,0.8028844,-0.086529545,1.9521302,1.7967724,0.8808252,0.85676616,0.35719603,1.2265997,1.0714885,-0.25025573,-0.72175986,-0.09426705,0.084090956,-1.1227438,0.8665673,1.4553182,1.221381,1.0340403,0.8672422,-1.0053165,0.9024781,0.9682192
-0.03660558,0.21666934,-0.9197575,0.101143755,-0.05875628,0.49559596,0.12389493,-0.013620917,0.16444065,0.057831023,-0.6459875,1.2419249,-0.28404602,0.17965704,-0.7108403,0.06581639,-0.12829839,0.6004276,-0.92740375,0.28278834,-0.34945926,0.5447796,-0.36744136,0.18885683,0.22280654,-0.23756783,-0.4830474,0.5638905,-0.40193668,0.10441871,-0.69822216,0.06571144,0.43555886,-0.19996488,-0.34173986,-0.18254703,0.013666851,0.122029625,-0.083555944,0.28689578,-0.03118681,0.014637312,-0.44121265,0.063534,-0.4254187,-0.9313659,-0.194183,-0.0715689,-0.1305424,-0.4221631,-0.35557714,-0.57140493,0.3818171,-0.2117027,0.41019657,0.053746752,-0.12937263,0.1794706,0.15856639,0.9358745,-0.87762487,-0.41871098,-0.061421797,-0.3363198,0.10929623,-0.19081944,-0.08215093,0.1778778,-0.25211918,0.52047247,0.18244073,-0.38887557,0.097749144,0.14903416,0.37807733,-0.2635755,0.21751864,-0.0037736394,-0.06384112,0.259852,0.28666985,-0.02008901,0.13933623,-0.047071666,-0.08326974,0.18572621,-0.26429188,-0.2573921,-0.7154725,0.07292732,0.2627299,0.62693363,-0.08391379,0.027659973,-0.1161222,-0.22097223,0.44901633,-0.37608796,-0.13422874,0.25155357,-1.0765718,0.35277253,-0.010578005,-0.18726856,0.059885,-0.6389232,-0.31947267,0.18784729,0.065952756,-0.060196422,0.2657021,0.13240543,-0.14024347,-0.38286757,-0.16120091,-0.40075648,0.123672865,-0.5449478,-0.30885595,0.3265042,0.34020483,0.12964012,0.3984677,-0.46100342,-0.59526885,0.30135638,0.5026249,-0.34517863,-0.9361597,-0.11870675,-0.44266587,1.1354015,0.32538122,-0.11731209,0.32160783,-0.88047343,0.1385351,0.3482452,0.0040746797,-0.0114562325,0.19669949,0.17446035,-0.17892888,0.49654257,-0.22890013,0.10490295,-0.17363684,0.18213432,-0.25554192,0.66456634,-0.1665803,0.14996402,0.51700425,-0.30302408,0.08399749,0.6795201,0.35111007,0.17031585,0.10988964,-0.26278767,0.26220825,0.08225732,-0.28386885,-0.19767644,0.05267826,-0.0044124164,0.041858897,-0.21458526,0.7257576,0.050119296,-0.20833783,-0.29669064,0.038886044,-0.30040547,0.0071803033,-0.13815568,0.2146068,0.21413195,0.10290387,-0.5700744,0.12230756,0.066448145,0.31210595,-0.34079152,-0.15280202,0.26157475,-0.1369993,-0.7612634,0.35906237,0.074496426,-0.33330587,-0.97602665,0.2686888,0.022293147,0.038398966,-0.4203327,0.16598856,-0.9192819,-0.089526035,0.003592919
-0.8685142,0.18932828,0.74573207,0.30686736,0.78898495,-0.12451045,-0.5607583,0.35156664,0.03691855,-0.039093893,-0.6758453,0.12846188,-0.098524876,-0.54200476,-1.134453,-1.6946262,0.17289014,0.31754857,-0.40060478,-0.031828742,-0.41663134,-0.8204862,0.29908553,0.49789348,-0.3896204,0.68305707,-0.62718135,-1.2025483,0.74717605,1.0435934,-0.16027148,0.24124457,-0.51757044,-0.15070172,-0.768602,1.4652228,0.5985407,-0.82143825,0.39431378,0.5567218,-0.31800255,-0.7113245,0.26337728,0.6837255,1.5859858,0.77065974,0.2748055,-0.011707386,-0.9718067,1.0582775,1.4406077,0.17298913,0.08325039,0.7201005,-0.36370814,-0.45479488,-0.03014525,1.2163904,-0.22545406,-0.2769449,-1.0101347,-0.179977,-1.0634446,0.39780158,-0.26953247,-0.8660227,0.7608868,0.25057775,-1.1194991,-0.8580246,-0.43272793,-0.29763192,0.07659492,0.07301472,1.179736,0.1170353,-0.23819618,-0.4043977,0.46654588,0.37817776,-0.48989913,-0.645014,0.3872607,0.60455745,-0.36224288,-1.4862927,0.19051938,-0.11976382,-0.97204846,0.085041665,-0.62030303,-0.024313563,0.8595642,-0.22421557,0.57630354,0.89493376,-0.04320807,-0.058648076,0.9659492,0.38529894,-0.5007536,-0.7281341,0.7954135,-1.3586,0.40313548,0.5656903,0.68265796,-1.0770255,-0.41104898,-0.39110646,-0.20404933,0.5597542,-0.14120716,0.10106719,1.248559,0.48403895,-0.18061124,-0.77536505,-1.0346526,0.20120557,-0.860844,0.36516383,-0.38094574,0.2746736,-0.087559566,1.0931731,-1.2281739,-1.0993049,-0.2524593,0.35011715,-0.0629479,-0.18000045,-0.09695562,-0.69417894,-0.08121161,-0.91125494,-0.285097,-0.2869554,0.12273986,-0.26638773,-0.16616197,0.23907232,0.7557751,-0.9954609,0.9021234,-0.5593838,1.2062882,-0.19432837,0.9257247,0.92080414,0.7599795,-1.4713459,0.27831876,0.20624803,-0.5817566,0.016314222,0.14942525,-1.1273623,0.057094887,1.2159284,0.5873167,0.52329874,-0.50095356,1.1317439,-0.6086147,-0.06808263,0.14202805,-0.048941743,-0.21243793,0.9677353,0.53936577,-1.2972666,0.07502438,0.48488966,0.45999017,0.34330535,0.570383,-0.18219407,0.9234224,-0.2990139,0.27121812,0.17663103,0.10631087,-0.4122488,1.1973269,0.7775184,-0.3697491,-0.40730768,-0.2967141,-1.2030822,-0.109325744,-0.31690687,-0.8045512,0.33197954,0.04604604,0.14980496,0.50813675,0.10226337,0.46992573,1.0087022
-1.1845537,-0.029707672,0.55291754,2.4138634,0.19655469,-0.6025108,0.62920755,-0.90708417,1.2797205,1.5180231,0.7081938,0.49527356,2.2536328,0.8244128,1.1101296,-0.41537222,0.37584564,-0.3331673,-0.5658143,1.0896802,1.3289937,0.29307157,0.46702296,1.6879752,-0.30386212,-0.23389235,1.2027441,-1.4125285,0.625782,0.73228496,-3.5544195,0.96972126,0.3396926,0.4589189,-0.6594027,0.6507512,0.50699866,-1.2910154,0.11783327,0.38443896,-0.03174913,1.1576285,-1.4878426,0.9548171,1.8208739,-0.64667207,-0.2014431,0.39500266,-0.3795979,2.140639,0.4557981,1.6381098,0.44543952,0.456678,0.71063185,-1.0181268,-0.17547867,0.73220754,0.115779996,-0.024167266,-0.69415665,0.86408085,0.35632265,0.42124504,1.7936459,0.041689284,0.43460414,1.2726611,0.39615354,-0.2592187,0.47202018,-0.51450276,0.6595913,0.9577932,-0.3841012,-0.4810131,1.2645419,-1.04865,0.81861717,1.9929411,0.0687061,0.6708341,0.09499451,-0.20290078,0.43444175,-0.3718825,0.2767864,-0.8434222,-0.82582885,0.7770017,1.075674,-0.64377975,0.8818113,-0.47079968,0.30868444,1.9375798,1.7709063,-1.2566884,0.3700034,0.16194712,-0.87450516,-0.807975,-0.34524238,-0.3932816,1.1383231,1.160641,1.0613806,1.110995,0.12582202,-0.3616088,1.8934888,-0.24077795,1.5803444,-0.549563,-0.15211585,0.42104566,-2.060803,0.12419411,-0.44882432,0.7789285,-0.801135,0.120357886,1.0118747,0.9576262,-1.2428874,0.51471555,0.13405874,-1.283612,-1.5149907,1.206796,1.0015237,0.33340532,0.17382008,-0.6047838,-0.8947285,1.2771927,-0.4808127,-0.18451682,-0.02948611,0.8513747,-1.5175803,0.15155095,1.2016795,-1.5838649,0.70599306,2.2392743,0.8169952,-0.32690012,0.8059199,-0.66955036,0.45779872,0.1870567,-0.29696038,-0.12685765,-0.20697795,0.48512498,-1.255758,0.13039601,0.03363265,0.17932917,0.80488014,0.41200304,0.75432503,0.86522806,0.64993083,-1.8208138,0.6774968,1.0550325,0.9253576,-0.46670416,-1.0720524,-0.16278392,0.4816004,0.4299668,0.01433433,-0.9374869,0.4200589,-0.5116808,1.1195341,2.806082,0.6544961,1.0044887,1.8159934,-0.64142215,0.019153066,-0.29790053,-1.1528589,-0.44580337,-0.306516,0.96237576,0.61331165,-1.420502,-1.082351,0.37158525,-0.0447069,2.1573248,-0.82944053,-1.2680879,-1.231535,0.93936056
0.09649745,-0.3952019,-0.8469776,-0.5708662,-0.2812715,-0.27866402,-1.076511,-0.2889689,-0.61307204,-0.5802992,-0.31984183,0.43838838,-0.86175585,0.10149064,-1.670808,-0.9024205,-1.5732945,0.758448,-1.5164529,-0.912867,0.881576,-0.21012492,-0.46586797,-0.46962896,0.16699873,-0.20184444,-1.1997252,0.22803915,-0.18084592,-0.13659786,-0.5197046,-0.467171,-0.15421477,-0.88305783,-0.50417554,-0.5677269,-1.3486271,0.7830643,0.2415954,-0.32140014,0.367355,-0.64244205,-0.13756305,-0.35334536,-1.027314,-0.529625,0.2409118,0.8476404,-0.7101841,0.17863096,0.11715729,-0.8820726,-0.11044008,-0.86746037,0.07943102,0.8139181,0.116099514,0.33730227,-0.2500328,0.0060155205,-0.118015945,-2.5615332,-1.411116,0.30270395,0.027064737,-0.12304822,-0.34554672,-0.59172666,-0.6689874,-0.45952618,-0.3683731,-0.9889893,-0.40970036,0.16398275,0.039921217,-0.18271789,-0.23828904,0.16936938,-0.38760647,-0.56745404,-0.57077706,-0.46163088,0.30263332,-0.38875544,0.055431552,-1.3971853,0.36945328,-1.5563306,-0.31969187,0.21834573,-0.58810663,0.50814945,0.30873248,-0.2995986,-0.6499477,-1.6124294,0.066113256,-0.4902472,-0.60104275,0.39739862,-0.31186694,-0.80934477,0.15735647,-0.4207812,-0.64471334,-0.7565989,0.3005048,-1.1125344,-0.04653357,-0.51426166,-1.5479513,-0.45090032,-1.0607989,0.3927414,0.13328934,-0.10494806,-0.40895692,-0.82421243,-0.46253753,-0.5786827,-1.1176522,0.8530195,-0.97879505,-0.68074214,0.26326755,-0.02625549,0.32609656,-0.12795047,-0.6464253,0.87318707,-1.1042235,0.19068521,-0.047815412,0.45441803,-0.5965708,-2.1271443,-1.3191589,-0.2746789,-0.021513777,-0.9653676,0.06337514,0.81798136,-0.09227106,1.4081137,-0.044066653,0.03190099,-0.49164563,-0.3595421,0.24860252,0.22420982,-0.2140021,-1.0691358,0.18703115,-0.021382835,0.35625675,0.19664533,0.2936481,0.13433228,0.72341067,0.15001252,0.209196,0.44385818,-0.59764963,-0.3986157,-0.9665658,-0.68072677,-0.35439003,-0.5877092,-0.09287364,-0.13435048,-0.0036985697,-0.94212705,-0.39942473,0.03508652,-1.4103419,0.22779238,0.056125958,0.22526847,-0.05549723,-1.1457886,0.057033278,-0.80446714,-1.2602241,1.1289043,-0.6585854,0.38294464,0.6055555,-0.6725309,-0.44842383,-1.4855404,-0.12046998,-1.2267654,-0.126541,-0.5517847,0.2615413,-0.2660063,-0.93630815,-1.0338821,1.1478419,-0.21638277
-0.22115897,0.48474595,-0.4763899,0.24064195,0.043942675,0.25445673,-0.07757658,0.22883925,-0.3556438,0.08912992,-1.0308053,0.93607986,0.17392085,0.75007045,0.009252651,-1.0702118,0.03222204,-0.11227413,-0.41868058,0.22354116,0.35127628,0.20097409,-0.26368135,0.03549938,-0.21375874,-0.39971504,-0.15011922,0.34062657,-0.004848307,0.33033064,-0.38279906,0.37236845,0.3405949,-0.2967477,-0.6739356,-0.10021178,-0.43655497,-0.026049158,0.136601,0.40644976,-0.42885846,-0.53268254,-0.0032891314,-0.061184615,-0.73315763,-0.8386368,0.038319685,-0.37076172,-0.16737796,-0.08816245,-0.10366236,-0.7144447,0.26243955,-0.76093936,-0.07592156,0.029203426,-0.32825223,0.54450387,0.80049586,0.37789187,-1.2193282,-0.13870794,-0.19408515,0.26945916,-0.45540324,0.13481158,0.29193524,0.73931605,-0.32029137,-0.29401487,-0.19360463,-0.09017201,0.009812309,-0.1945381,-0.13251865,-0.074542984,-0.0925459,-0.020132957,0.247765,0.34211838,0.42752686,-0.49418074,-0.05084478,0.2645,-0.079571284,-0.30155,-0.3954478,-1.3154558,-0.62288314,-0.25588349,-0.23823369,0.32934976,-0.25547612,0.28137898,0.17157711,-0.37679696,-0.039237723,0.14084975,0.39203522,0.5666369,-0.12816396,-0.66655046,0.3823723,-0.5079462,-0.2753246,-0.3751001,0.057890385,-0.8159193,-0.22239058,-0.042980745,-0.13069905,-0.28513026,-0.017404974,-0.2493159,0.10942154,0.1619642,0.11163476,-0.70032066,-0.7547981,0.3140006,0.09580235,-0.8132329,0.28372166,-0.17868774,0.88196987,0.6497047,0.0568408,-0.8943911,-0.0045619668,-0.5095551,0.1774423,0.044267394,0.05546754,-0.47480905,-0.08592835,0.0964766,-0.17683266,-0.30599368,0.37845755,0.14351079,-0.00067460886,-0.39306325,0.838359,-0.37478822,-0.23172142,-0.15180276,-0.12160623,0.35598996,0.018208265,-0.040389717,0.55438036,-0.2938547,1.0597988,0.43438724,-0.5202548,0.46011025,-0.25319263,0.17523344,0.06246081,-0.63594043,0.0012654252,-0.5405908,-0.26242286,-0.3210679,-0.0061879377,0.48356748,0.11180802,0.1397736,0.5361659,0.6620016,0.15845412,-0.18765962,0.19963653,0.5276185,0.29081646,0.005366655,0.45559442,0.04694587,0.38662785,-0.15959464,-0.40615106,0.105659716,-0.35308954,-0.37880418,-0.084884025,0.26136926,-0.24608965,-0.5668383,-0.28075767,-0.37026933,-0.7388474,-0.8473947,0.14984651,-0.059967395,-0.43133608,-0.11739446,0.011499856,0.054368816,0.11464033,0.21394612
-1.3066752,-0.8463333,0.38445547,-1.2541417,-1.2283502,-1.3557236,-0.17060798,-1.4591103,-0.83650786,-1.1970183,-0.4939798,-0.17506212,-0.68959427,-1.2548947,-0.9067258,-0.8636816,-0.99243605,-1.5499613,-0.6535402,-1.2983211,-0.7861617,-1.2447928,-0.2262017,-0.5103892,-0.25231385,-0.46994153,-0.7592868,-0.011427768,-0.65138614,0.17955224,-1.157441,-0.6957998,-1.3034929,-1.3982774,-1.3484619,-1.5765324,-0.5775565,-0.946289,-0.6604429,-0.7633124,-1.0564176,-0.5531456,-1.0938026,-1.3652521,-0.4880236,-1.301017,-1.1223546,-0.9172539,0.03753735,-1.190611,-1.1556306,-0.31629544,-1.247807,-0.4817107,-1.59345,-1.5462862,-1.7178384,-1.3428981,0.5304905,-0.5684363,-0.18615896,-0.6704055,-0.6982753,-1.1183158,-0.69125444,-0.088577144,-1.1640551,-0.8582857,-0.6448128,-0.97427243,-0.64726037,-0.89369476,-1.1878345,-1.3945894,-1.2267721,-1.3765715,-1.9264661,-1.0912112,-1.0659186,-1.0061728,-0.47055316,-0.3752278,-1.2197722,0.751417,-1.6030278,-0.27578235,-0.088228285,-0.19996846,-0.5639617,-1.0066884,-1.5280086,-0.11786948,-1.493919,-1.4043851,-1.1407168,0.45291236,-1.5330746,0.41307586,-1.1715457,-1.0073711,-0.9113309,-1.0826483,-1.087932,-0.61274683,-1.3126432,-0.3217809,-1.0315963,-0.15664402,-0.22643174,-1.182167,-1.1692461,-1.3325182,-1.0433612,-1.2839769,-1.4443517,-1.6542333,-0.24490942,-0.937471,-1.177042,-1.3966919,-0.7292826,0.069144845,-1.499283,0.28817528,-0.5365388,-1.077366,-0.8975365,-0.902999,-0.09532984,-1.1972666,-1.4399014,-0.13076809,-0.89968526,-0.9891899,-0.8800919,-0.3382762,-0.7028439,-1.4523095,-1.7108936,-1.5231004,-0.8759125,-1.682272,-0.9368397,-0.115399495,-1.0994157,0.09795216,-1.2022048,-1.6466793,-0.8168945,-1.4403199,-1.2821351,-0.39030564,-0.26501036,-1.1389878,-1.7073998,-1.2748276,-0.8580809,-0.8428916,-1.4125044,-1.5192913,-1.0434324,-0.93263495,-0.7247234,-1.077944,-0.9963186,-0.26616034,-1.7099142,-1.1836407,-0.27102455,-0.96055424,-1.1786075,-0.5821261,-1.1389669,-1.2194402,-0.42776906,-1.5158384,-0.8296114,0.17289005,-1.1895549,-0.96199715,-1.303117,-1.4519671,-0.5259993,-0.6987733,-0.12048303,-1.5918378,-1.5401795,-0.81011975,-0.4958515,-0.8728011,-0.37471065,-0.5577281,-0.7917072,-1.3910367,-0.49661854,-1.3205602,-0.70679396,-0.3916848,-1.549842,-1.2914222
-1.0804092,-0.49412796,0.16314356,-0.59212524,-0.30331257,-0.31484935,-0.5286846,-0.5409619,-0.67004484,-0.3763553,-0.610897,-0.92131126,0.74120605,-0.63904893,-0.99392754,-1.059042,0.8860939,-0.16841291,-0.033872843,-0.6748378,-0.33781338,-0.7958429,-0.37591445,0.26093113,-0.00058670994,0.29266435,-0.6013488,-1.328096,-0.3042388,-0.23086314,-0.28749362,-0.15009998,-1.104532,-0.6766678,-0.54110426,-0.02961068,-0.14576487,-2.060993,0.18024819,-0.2367274,-1.1086196,0.7032165,-1.3855603,-0.2972787,0.8210891,-0.5005742,0.13207996,-0.09406313,-0.051940724,0.741797,0.20871161,-0.22201559,-0.55806667,0.49681723,-0.82708883,-1.1055018,-0.89724195,-0.13122785,-0.30778524,-0.73630494,-0.5026887,0.33937305,-0.42699453,-0.45247668,0.3304157,0.10653467,-0.33552563,0.014409417,-0.020795994,-1.2547058,-0.6437374,-0.5822565,-0.5817466,0.16678931,-0.27760035,-0.43684405,-0.2047016,-0.7528261,-0.7461345,0.78683215,-0.53001934,-0.09513398,-0.5515882,-1.491307,-0.5997084,-0.543514,-0.6367388,-0.48065728,0.1548498,0.46048912,-0.5431568,-1.1172812,0.10022203,-1.0762682,-0.21218789,0.542321,0.88560843,-0.39171654,-0.1765641,-0.6715173,-0.6011045,-1.3032444,-0.34476614,-0.50390905,0.04579665,0.17638566,0.1704598,-0.68094575,-1.0025303,-0.31166235,-0.039846152,-0.42243266,0.5871645,-0.24452944,-0.5479383,0.11940102,-0.7763324,-0.059006885,-1.1283405,-0.30394042,-1.1948396,-0.45611593,-0.45813152,-0.65384424,-0.68131137,-0.2068196,-1.036242,-1.2029864,-0.4057973,0.10387549,-0.30683404,-1.4686408,-0.40736082,0.42757973,-0.9595534,-0.6125328,-0.37532076,-0.7875955,-0.60600305,-0.2092974,-1.0451896,-0.8698965,-0.22009623,-1.1879832,0.08699506,-0.5177564,0.39228547,-1.0891056,0.8214449,-0.44484082,0.053428616,-0.74639344,-0.5711134,-0.53739774,-0.62049645,-0.5515899,-0.20504898,-0.9517026,-0.86485916,0.07804308,-0.46742952,0.5444865,-0.125244,-0.41352716,0.19800632,-0.30321503,-0.30204117,-0.18401548,-0.13681586,-0.35948777,-0.25350815,-0.8212624,-0.21070446,-0.770502,-0.4740578,-0.8201125,-0.3501387,-1.066023,-0.2612546,0.93643475,-0.7401547,-0.01713689,-0.4225698,-0.18219393,-0.53971213,-0.8868451,-0.9812143,-0.9647082,-0.5623224,-0.71318233,-0.67281365,-0.86954564,-0.9216429,-0.03399379,-0.4913865,-0.13914247,-0.06803338,-0.716073,-0.693962,-0.06982853
-0.5223919,-0.9214819,-0.5241175,-0.5807248,-0.44603285,-0.42230704,0.59736264,-0.8448102,-0.27730182,-0.6292606,-0.43235675,-0.3967164,-0.35485688,-0.61617255,-0.43197978,-0.06800259,-0.23660752,-0.93442035,-0.0870906,-0.46668017,-0.32530937,-0.72792935,-0.412276,-0.22094204,-0.7424157,0.2907254,-0.18831554,0.53433174,-0.73075426,-0.40629527,-0.40016982,-0.5071108,-0.837831,0.115924686,-0.5362647,-0.6523445,-0.24208845,-0.33468047,-0.3654583,-0.7673816,-0.4950446,-0.40158188,-0.55678,-0.55760705,-0.12077743,-0.4949928,-0.6841355,-0.58015716,0.13277319,-0.71060145,-0.58640885,-0.318506,-0.822156,0.040964402,-0.66632557,-0.6034375,-0.81093436,-0.81024784,0.35103148,-0.2558871,-0.05607399,-0.159525,0.08772452,-0.6441031,-0.73351413,0.39440766,-0.74793375,-0.6025482,0.17305315,-0.07368933,-0.338761,-0.52587813,-0.33815166,-0.63451636,-0.33209574,-0.8250643,-0.99300134,-0.5551126,-0.73192483,-0.42508808,-0.4662064,0.22621332,-0.592027,0.42158112,-0.7365894,-0.5118858,0.20370612,-0.5388432,-0.41932634,0.106845975,-0.94384396,0.06929494,-0.44090396,-0.39140826,-0.69914424,0.50417304,-1.1335741,0.18689834,-0.59150875,-0.523502,-0.20098029,-1.1387708,-0.5642129,-0.20503628,-0.3854073,-0.6260629,-0.51619935,-0.12739752,0.44939178,-0.8556291,-0.593064,-0.5688917,-0.6435228,-0.5767558,-0.62733287,-0.87376577,-0.30803046,-0.21483287,-0.35383943,-0.7393275,-0.17923597,0.18412042,-0.95924664,-0.5216255,0.18971366,-0.65883356,-0.0046916753,-0.2734189,0.8400944,-0.11875714,-0.57370627,-0.09964033,-0.4827196,-0.056962483,-0.33259407,0.20559752,0.009195665,-1.1141772,-0.8371506,-0.92292917,-0.18669873,-0.7088515,-0.80037117,0.3583001,-0.569578,0.036426473,-0.55708826,-0.8197406,-0.5854416,-0.6637855,-0.9760796,-0.40197778,-0.10668344,-0.9167392,-0.70294863,-0.7644809,-0.5633345,-0.21605858,-0.59039927,-0.69963795,-0.9566579,-0.42921916,-0.16823407,-0.49306294,-0.6202705,-1.02911,-0.8979954,-0.5087277,0.22473451,-0.5654445,-0.3556405,0.09981879,-0.6470286,-0.61339355,-0.12466162,-0.7256229,-0.74365664,0.369238,-0.7189898,-0.7387342,-0.7028285,-0.58946645,-0.5964279,-0.83039725,0.2508698,-0.7217139,-0.5280694,-0.55460167,-0.26035053,-0.23661803,-0.4985905,-0.31737942,-0.42377716,-0.7496554,-0.4829953,-0.7122361,0.067801565,0.17967997,-0.53680587,-0.6806058
1.1536267,2.8994322,0.7218901,1.5878768,1.1700124,-0.41280463,-1.5478486,1.1921283,0.55258656,1.5424851,0.6667957,0.12051243,1.7296097,1.3302077,0.1891741,0.55009353,0.8306177,1.3846016,0.6442457,1.2188847,1.3653643,0.80871373,0.7139753,1.5327809,2.5045369,-0.77664775,0.5740979,-1.9284033,1.383212,1.2205613,0.6497801,2.2050316,2.5458424,0.9210833,0.0120407455,1.7641389,1.7376959,-0.5424466,1.600575,1.6084931,0.08857785,2.2739131,1.8779248,0.5346981,0.11456752,0.8297191,2.0801098,1.8827285,0.5966323,2.1812103,1.4630256,0.33695045,2.094968,0.112446584,0.92991334,-0.3198147,1.8855466,1.403789,1.392302,-0.3982454,-1.0956665,0.79990506,0.37012783,2.0659509,1.2926738,-0.4680488,1.3643392,0.56384134,2.809406,-0.18910621,0.87272966,1.880043,1.2993989,0.4717248,1.3754159,2.3798196,1.7067434,0.9292268,1.3535634,1.0066053,1.4534059,0.5135665,2.0056026,-0.87504524,1.1285086,1.2809958,1.0348625,0.65810335,-0.5531141,-1.178768,1.9495966,0.087462395,0.8026171,1.5199194,0.9089486,0.8627057,1.1158761,-0.007411701,1.145736,1.6748809,-0.053648613,1.9001898,1.2226735,1.806707,1.7413856,1.3811135,1.7202828,0.78517336,-1.4361494,1.5184897,2.0444813,1.0720603,2.434619,1.6073732,0.8134135,2.4951074,0.23918918,1.0698146,0.22210902,1.3916,0.37677726,0.052513666,1.5875859,1.0013977,0.08594589,1.6492556,0.5156621,-0.09458299,-0.271258,1.1043857,1.8719635,-2.0455682,0.43414348,0.6003396,-0.30878606,1.2305734,0.15990996,1.846941,1.3982544,1.750618,1.1895013,1.5046427,1.3325849,-1.1625357,0.3685653,0.36418477,2.0246403,1.4789821,1.8944056,0.8043451,2.22874,1.798642,1.0261482,1.0389514,0.96637475,0.73519874,0.12225572,0.51641816,1.0579709,2.1944978,1.7286433,0.74578667,0.82220966,0.016755592,0.5009606,2.4231782,1.3407737,2.2079906,1.3233473,1.1551818,0.9142831,0.56923777,2.3082433,1.6618755,1.5136768,1.2984691,1.5168164,-1.2921722,1.3253952,1.3158494,1.3564713,1.948388,1.3353106,1.1414266,0.4650074,1.3216362,1.548626,0.20101705,0.20853531,2.2266958,1.8655922,0.9242147,2.2967012,1.5518578,1.5810015,2.181048,0.4091001,1.6261666,0.76426125,1.5491676
1.3216801,0.95539474,0.0001025165,0.8008625,1.1414996,0.20421638,-0.6034823,-0.8531942,2.5848482,1.2815727,1.1919179,-1.9763911,0.83957326,-0.33340946,0.8821744,3.8008664,2.9974,-0.64699006,3.3307974,1.2789321,1.1050673,2.3886726,1.1687626,0.6318293,0.6637884,-0.7308447,4.2162952,1.6636096,1.9194237,0.99126166,1.8941634,1.3275944,1.493883,1.9448357,0.6942908,-1.0556608,1.1508416,1.6895859,-0.8638666,-0.1422526,2.0129182,0.38722497,1.4587275,0.74819833,0.34527326,0.12575765,-0.22770165,1.7247798,3.080597,0.0069915354,0.20617457,1.4844973,2.338127,0.07580835,0.95907843,3.2491393,-0.48593995,0.81952465,1.0263371,0.9234404,2.0345051,0.9473692,4.8759084,1.343781,1.6821318,-0.28547448,1.9029874,1.7231487,0.7811527,2.219113,-2.2477887,2.6669476,1.8131517,1.2997514,-0.5674321,1.0256263,1.9262265,-1.0288945,2.1271696,2.0374389,-0.11589927,-0.4542938,-0.14327212,-0.14142899,-1.4586837,3.4383278,-1.2457725,2.7490876,1.2546282,0.6261603,1.7377583,-2.2995012,-0.08186848,1.6933931,-0.4522252,0.24276309,0.5299878,0.69693935,-0.060100943,-0.016899008,2.7335632,1.9131643,-0.28943723,-0.480718,0.9606414,0.99696136,0.73453486,3.3038564,-0.065204516,0.938194,2.3688533,0.113821104,1.5641108,-0.7017265,0.4219034,0.35400027,2.235547,0.13938786,2.212363,1.8483746,4.3851295,0.03686893,0.96748316,-0.6668714,0.45146406,0.63921726,2.361068,2.1280143,3.4102523,-0.459605,0.6908863,0.39656654,1.3963292,-0.26901475,3.720575,-0.67856014,-0.29926074,2.4750109,-0.8180399,2.6508694,1.200696,2.26567,-0.6872219,0.56255907,0.09222125,0.18500192,2.3802733,2.406148,-1.2305799,0.37432238,0.6720519,3.8980498,-1.7090827,-0.99736524,2.0091586,-0.57939345,-0.057113964,1.867598,-0.42426994,0.62389094,0.111037076,-0.89611393,2.5401208,-0.5542945,2.7336977,-0.81541693,1.5345227,2.1264858,-0.843291,-0.36989525,0.4936281,3.6896105,1.7448118,1.820473,2.303464,0.628412,-0.25750816,1.4660168,0.002406256,0.2758929,2.086745,2.5282807,2.5298119,0.20725791,0.86366594,6.124284e-05,-0.8389792,1.5398954,2.22797,2.346547,1.596217,2.8627357,-0.31237572,2.2535996,0.36918887,-0.14426328,0.43440667,1.0659001,-0.5164457,0.67351085
0.05577445,-0.9075266,-0.1308895,-1.1585038,-0.49440256,0.103374004,-0.08867428,-0.24576974,0.15556633,-0.6573946,-0.02976643,-0.40342438,-0.63553,-0.48315504,-0.06948382,0.99463356,0.1528629,-0.30331144,0.01242036,-0.16227953,-0.35593036,-0.3360936,0.3452788,0.0039698947,0.34839413,-0.17170057,0.16077901,0.30072033,-0.7053448,-1.0429829,-0.1997401,-0.43677363,-0.17827646,-0.12200652,-0.41382605,-1.1139681,-0.48116627,0.321556,-0.7453049,-0.714582,0.45336884,-0.42769873,-0.3707141,-0.99244493,-0.3401652,0.36734337,-0.61784106,-0.6941682,-0.5623216,-0.6582881,-0.9189355,0.37370995,-0.607791,-0.24672964,-0.44424978,0.18679196,-0.45432347,-0.7918096,0.1638934,-0.27243003,1.1928697,0.073655225,0.51860386,-0.2992712,-0.019826766,0.21513286,-0.7301965,-0.016208744,-0.059756406,0.36032128,-0.6058395,-0.8550668,-0.7695793,-0.4092304,-0.61932427,-0.13277304,-0.5609856,0.015965568,-1.0403821,-0.7393208,-0.8300022,0.30757853,-0.615944,0.2506918,-0.45627248,0.43199685,1.0811689,0.61135364,0.49464664,-0.5594769,-0.3161403,-1.6666607,0.008602375,-0.33770183,-0.47784314,-0.71946853,-0.19486196,0.20081554,-0.88109773,-0.61631787,1.0912501,0.30595964,-0.4109867,0.51905537,-0.9599362,-0.10336231,-0.696262,0.27324668,-0.19148609,-0.39862284,-0.16087407,-0.50215644,-0.54840696,-0.10893639,-0.9049028,-0.5756349,1.2674443,0.2971068,0.864256,-0.30563465,-0.40272224,1.0623157,0.16967498,0.04960242,0.24039786,-0.63954616,-0.060761824,0.44350496,0.44905233,0.11249779,-0.3332219,-0.012195066,0.06954204,0.9716701,-0.051619817,-0.18778826,-0.45377403,-0.087774344,-0.91997594,-0.20493619,-0.12225508,-0.6259138,-0.6260625,-0.156794,-0.93402,-0.21422409,-0.1830953,-0.23102976,-0.3281112,-0.4425626,-1.0067314,0.3158216,-0.081015654,-0.42814654,0.033222403,-0.5152097,0.018813336,-0.6853873,-0.32894325,-0.7494484,-0.78567755,0.0027664863,0.3040421,0.19765201,0.8628632,-0.02776802,-0.9172399,0.2035784,0.33115882,-0.575107,-0.43352208,0.07147779,-0.19413956,-0.5749494,-0.39559573,-0.4447366,-0.19732723,-0.5687935,-0.57843775,-0.07688219,-0.56493926,-0.4209111,-0.19953391,0.13222763,0.41807753,-0.8281459,-0.38101912,0.2116175,0.668249,-0.16821893,0.26844198,0.6977742,-0.60893744,-0.20266156,0.21119237,-0.61320245,-0.54928905,-0.333499,-0.21263194,-0.6206602
2.3065164,2.084987,1.0272467,2.516248,1.9925516,0.09671773,-0.11483517,2.4702032,2.5287528,2.3559985,1.5695809,1.9070506,2.8478887,1.8666162,0.766141,-0.9191568,2.5945969,1.4009047,-0.8293955,2.4628124,2.765964,-0.77041924,0.29441464,1.2709594,2.4903903,-0.088616855,0.5247175,-1.7934505,1.9098738,2.236822,-1.0617412,1.1469454,1.8125842,0.91637,1.5822728,2.1154666,2.0393877,-0.3671345,2.5130494,2.341822,0.16119385,2.6055853,2.1728945,1.8883747,1.2845161,0.7142083,2.6916823,3.0471003,-0.18441768,2.9735105,2.6164274,1.4686626,1.580469,0.025780728,1.3626307,1.2945895,1.3814567,2.1519701,1.67522,1.1387851,-0.1619815,0.43190497,-0.9574315,2.033282,2.0933895,1.9439588,2.0483391,2.4704208,1.3011407,1.1296359,1.7474537,2.3318949,1.8546045,1.3935,2.5065205,2.0523016,1.90793,2.2744591,1.8931271,2.1495106,2.0157125,-0.20906101,3.2692647,-0.8450387,1.6252129,-0.51276976,-0.7315952,-0.8897766,-0.7525148,-0.42457685,2.2799742,0.5084428,3.2386558,1.0544282,1.9371675,-0.35503313,2.2664971,-0.77181304,1.6112192,2.366773,0.44540107,2.3528514,2.0602577,0.9654627,1.8203684,2.5507774,3.2837152,0.025754422,-1.7624434,1.2105681,2.183556,2.8840423,3.3516421,3.1200964,1.3434565,3.3198302,-1.0016226,-0.09521166,1.6604722,2.764094,0.1860733,-0.03274843,1.6193848,1.5515231,-0.1007158,2.6119533,0.6974764,-0.0088043995,-0.84690124,1.705327,2.3202422,-0.6419944,1.5913198,0.27604023,-1.0070711,1.6408798,-0.10252931,0.80543935,2.0716558,2.4256084,0.78343385,2.5738604,3.3188303,-1.2374189,1.7134806,1.211806,2.7643254,1.8296643,2.8290656,2.7152638,2.3953197,-0.047289595,1.8754224,2.5989077,2.4600844,1.8443607,0.367528,0.5854212,2.119484,2.2887585,3.101747,2.4522789,1.6474158,1.5329374,1.085622,2.2444692,2.390831,1.6618648,0.40315807,2.8968701,2.0576022,-0.65538806,2.0557442,2.276822,3.217987,1.195459,1.3307903,-0.618931,2.3326983,1.8156762,2.717877,2.8622794,2.6717496,1.1116863,0.9489683,3.2148645,2.583513,0.3732628,-1.0222697,2.8779297,-0.023487296,-1.2345713,3.4535394,2.8174615,1.2396686,2.6414645,0.10746071,-1.5903141,1.2413926,2.5018327
-0.48782292,-0.2053621,-0.0022529222,-1.4687594,-0.23811679,-0.040320892,-1.0760257,-0.1811392,-0.40792543,-0.5429412,0.120008826,-0.29913083,0.29101452,-0.6352832,-0.073005356,0.18857023,0.12929729,-0.366577,-0.105007604,-0.2572546,-0.288753,-0.34367743,0.38779017,0.64680254,0.5497294,-0.78809744,0.58323973,-0.30862495,0.1446463,-0.7146886,-0.06462369,0.30613238,-0.16788371,-0.21214415,-1.2696061,-0.46715504,-0.45603445,0.003716847,0.15138103,-0.12651755,-0.5988325,-0.37846375,0.03996867,-1.9272426,-0.4528802,-0.045309156,0.011678802,0.25433064,-0.034202725,-0.39607945,-0.650307,0.7644115,-0.7161024,-0.7441588,-1.3042774,0.12879407,-0.42892253,-0.4801101,-0.2597788,-0.24561784,1.4113463,-0.2183679,-0.018630885,-0.2363085,-0.09564479,0.59400463,-0.33223942,0.22122464,-0.06417193,-1.1264416,-0.7120818,0.18466517,-0.3238618,-0.38164932,-0.38077572,-0.0008852058,-1.2050719,-0.3092101,-0.6483352,-0.5811745,-0.12757772,0.38198686,-0.5469676,0.7505979,-0.7122596,0.7628718,1.1913106,0.6162748,1.1485454,-0.97706527,-0.07298682,-1.7781662,-0.44063935,-0.4047018,0.14377975,-0.80539644,-0.18161024,0.9582791,-0.5277029,-0.1862111,0.5679103,0.025432516,-0.20446032,0.12643483,-0.49608845,0.08143612,-0.40744275,-0.13701752,-1.1053871,-0.3814995,0.082801424,-0.35744625,0.08552255,1.2713284,-0.6954954,-0.36041272,0.056023546,-0.12993617,0.15681006,-0.17947398,-0.7002762,0.36836705,-0.22871222,0.34338745,-0.030518485,-0.850059,-0.40643844,-0.1314512,-0.12641846,0.7510832,-1.1883909,-0.23485425,-0.34499344,1.3634403,-0.39359066,-0.43654117,-0.6691892,0.020665118,-0.75762427,0.14085773,-0.1252372,-0.922072,-0.17578152,-0.06037046,-0.13724406,0.27467123,0.4091038,-0.33546707,0.19874717,-0.58235157,-0.2816244,-0.0020840652,-0.62550646,-0.28518197,-0.12381385,-1.0013618,-0.10309943,-0.45061395,-0.7110114,-0.400967,-0.19435924,-0.061931334,0.10098943,0.048512172,1.2217937,0.22229326,-1.0768509,0.32705384,0.085234515,-0.09617398,-0.74714744,0.006002769,0.17006882,0.021868987,0.27950898,-0.43905938,0.17019056,-0.7971204,-0.35264242,0.1818751,-1.0645117,-0.19865778,0.18156344,0.0074593313,0.019221533,-0.9636116,-0.74084044,0.0010663923,0.22098869,0.10399043,0.12768327,0.4331723,-0.2228843,-0.2032684,-0.14294723,-0.6314016,-0.99444884,-0.77931947,-0.63531095,-0.31505376
2.105476,0.55079156,1.081541,0.9191846,0.8201787,-0.8026098,0.045589644,0.23977312,-0.37857503,0.35798916,-0.3375146,1.3876913,0.02593039,0.1991114,-0.6676214,-0.31245062,-0.16998504,0.88162255,-0.870726,0.78272337,0.10087105,-0.090900585,0.4371896,1.0775545,0.26175883,-0.34978294,0.012315547,0.007318303,-0.119602606,0.59383065,-0.58419263,0.49367318,0.21648581,0.081853464,0.7059389,0.45125496,0.6549722,1.1830982,0.8626464,0.07293564,1.3018743,0.60368043,-0.24905235,1.5370198,-0.3898847,0.3811751,0.39414316,0.16562408,-1.2317551,1.2476627,0.7438162,1.2939334,-0.26573324,-1.2867401,1.327844,0.48703855,0.66674393,0.44474173,-0.82003474,-0.8439553,-0.51358944,-0.6227658,-1.4232827,1.1772082,0.8377552,1.095607,0.68063045,1.0148951,-0.7253529,0.6492767,0.80082786,0.20829645,0.07698065,0.6148338,1.1613618,0.96599483,1.0433686,1.2432024,0.4669912,0.09777449,-0.30162656,0.033031322,1.388243,-0.40987486,0.9208351,-1.2483451,1.5816149,-1.2234994,0.657824,0.5919709,-0.121012084,0.3071171,1.5026326,-0.55580956,1.2584561,-1.3729272,0.9632628,-0.030750986,0.41744307,1.0708927,-1.7501405,-0.35250998,1.0966164,-0.16149178,0.5512607,-0.979074,1.2506508,-0.895797,1.1396538,0.5528128,-0.06725964,0.7967951,-0.94734097,0.77711445,0.66536945,1.0545173,-1.2182155,0.15613289,-0.34594715,0.13951217,-1.136226,0.6932577,-0.19207717,-0.757566,-0.07656075,1.0722347,-0.35652164,1.0166589,-0.24513273,0.60872126,0.50206566,0.11577127,-0.012022538,-0.7036254,-1.0702595,-1.7742544,-0.60764945,0.8638329,1.2308786,-0.15683371,-0.16824654,1.4143618,0.93715143,1.2329968,0.29800498,-0.32689145,0.91990155,0.3610165,1.1386786,0.6551215,0.5312304,-1.3432947,0.64529884,0.6857331,0.45871446,0.6810563,-0.9784972,-0.6951033,1.2463366,1.1398733,1.1728988,0.9967567,0.3176914,0.66246325,-0.5800479,0.27013016,0.5644971,0.278838,-1.1273367,0.32183585,0.9292169,-0.94069225,0.5541858,1.6112152,0.5760808,1.3735483,0.6039385,1.4250442,0.9244575,-1.2242072,1.0955734,-0.49404934,-0.6075436,1.7740927,-0.032148324,0.98445094,1.2706491,-0.52044487,-0.8537868,-0.9838794,-0.375423,-0.36948276,0.6123486,0.9305635,1.3908758,0.14432643,-0.2702133,-1.0138057,1.5706607,0.35740626
0.18778057,0.05540841,-0.5359944,0.4383472,-0.6515326,-0.07951282,0.85290766,-0.2562177,-0.5689644,-0.34522572,-1.1378117,0.5949496,-0.2685006,0.20103465,0.3904296,-0.36819553,-0.4931903,0.4957186,0.14284214,-0.22162296,-0.17229548,0.09751324,0.22294411,-0.5011714,0.28559586,-0.020408157,0.32771108,0.85292137,-0.38021776,0.27393588,0.23897667,-0.4999296,-0.08137801,0.57826304,0.15608567,-0.6575911,-0.67085594,0.20710532,-0.3378425,-0.03578579,0.038726203,-0.9642706,0.3721149,0.2070888,-0.98233545,-0.48581946,-0.6146426,-0.54787874,-0.2971056,-0.014366116,-0.31961372,-0.3112969,-0.06949761,0.21830848,0.17070785,0.46600994,0.073262945,0.053154174,0.5037986,0.16879088,-0.15830918,0.18512547,-0.5655806,-0.028842514,-0.0683665,1.1488097,-0.2136377,0.17268014,0.34008443,0.13770159,0.20671059,0.12910905,-0.5371483,-0.34705794,0.51559466,-0.32475325,-0.5912606,1.0810295,-0.10735891,-0.17492302,-0.9167597,-0.35743064,0.023977043,0.17765546,0.34224865,-0.9473731,0.33406967,0.3645845,1.0074054,-0.78612655,0.101332165,0.040226728,-0.124063335,0.1291744,0.28246617,-1.0039173,-1.0344225,1.4402877,0.11456022,-0.5298202,0.41333044,-0.12608661,-0.07800338,-0.0940241,-0.51795006,-0.6022575,0.13710485,-0.7214187,0.46296832,-0.26113948,-0.2840709,0.14780782,-1.2975087,-0.77459526,0.47814026,-0.1376396,0.07911016,0.3705211,0.17531829,-0.5209615,-0.40702948,0.038171932,-0.12550783,-1.1967789,1.1577005,-0.14461328,-0.2176089,-0.15245627,1.8878406,-0.5761647,0.7378778,0.33111945,-0.9011663,-0.48289943,0.062335223,-0.22905767,-0.13628148,0.6862886,0.7803542,-0.1221101,-0.5420078,0.09911335,0.15722215,0.82511425,-0.15005809,0.36902937,-0.5872764,-0.006337609,-0.60372394,-0.49467853,0.18550727,0.32661915,0.60193676,0.54282194,-0.28387162,0.19912583,-1.0066115,-0.18674095,-0.33850724,-0.54742616,-0.71401894,-0.28829852,0.08132928,-0.41147095,-0.688889,0.5104872,0.9573599,-0.23875593,0.12968603,-0.07387253,-0.16769685,-0.66839087,0.11319269,0.32731158,0.46582448,0.49569005,-0.3704058,0.931377,-0.26817614,-0.33221656,0.14524174,-0.4885686,-0.7548334,-0.087989226,-0.7677918,0.5062684,0.12188144,-0.45940888,-0.05924916,0.037402384,-0.1673253,0.57392573,-0.4032315,-0.29545835,0.24462491,-0.5106113,-0.32249027,-0.03186156,0.44377917,-0.15990907
-0.14255299,-0.2331708,0.3914239,0.33163625,-0.7653995,0.40535477,1.1062101,-1.1355636,-0.08692972,-0.46920243,-0.7636308,2.1504931,-0.42921355,-0.33727175,0.09733303,-0.49140036,-1.4189534,-0.21477164,-0.7484322,0.29182738,-0.2989716,-0.2851088,-1.7329592,-0.45595577,0.09415277,-0.45012155,-1.1501927,0.74819416,-1.6518347,-0.8678974,-0.063036166,-1.3291851,-0.4900881,0.91936153,0.9479293,-1.3003879,0.07438034,0.4088837,-1.8049417,-1.6339575,0.25547728,0.74928826,-0.8058473,0.14044252,-1.4102024,-1.0099105,-1.6917995,-0.8269607,-0.8707327,-1.3411677,-1.5003768,0.30703953,-0.5624849,-0.308849,0.21047476,-0.4332459,0.978502,-0.47527117,0.15916649,0.20584579,-0.528363,-0.2609803,-0.28555918,-1.4975902,-0.05429906,0.020823307,-1.4655215,0.13186535,-0.081028946,0.86577207,0.38237524,-0.6204262,-0.2519892,-0.72886646,-0.6491148,-0.6709466,0.6744221,0.5055806,-1.2982284,-0.20164977,0.045556974,1.3076499,0.08953572,-0.4474954,-0.12775768,0.8208905,-0.028393622,-0.0069069266,-1.4804399,-0.25536826,-0.550966,0.88474524,-0.50034195,-0.9798765,-1.2120025,0.35335207,0.92138237,-0.045144882,-1.1854639,-0.5253714,-1.0533496,0.57728386,-1.394359,0.9202679,-0.3785128,-0.6349984,-1.1907291,0.6632785,1.4327718,-0.6697914,0.12212649,-0.42628288,-0.35388732,-0.14775933,-1.098806,-0.5371039,-1.1560248,0.0024297629,0.8740098,-1.0872246,0.34065157,0.28902364,0.79337716,0.37106076,-0.6730348,-0.6742071,-0.40637875,0.6229351,-1.2419053,0.01942684,0.8314504,0.92076796,-0.7615031,0.24816088,0.12598798,0.49359915,-0.15696941,-0.15316117,0.07433773,-0.99563223,0.12455187,-0.4384791,-0.6560508,0.50463986,-1.0837692,1.4338348,-1.3712605,-0.1307355,-1.1899543,-1.2763233,-0.7615033,-0.7927693,1.2379949,-0.39819252,-0.11815369,0.2680679,0.5872649,-0.3565582,0.41663045,-0.62250286,-0.7975757,0.015971765,-1.6046956,0.12397875,-0.81273216,0.5038591,-0.03280088,-0.56428504,-0.22458357,-0.24884987,0.51062644,-1.1446234,-1.6807393,-0.70785975,-1.4618987,-0.25302947,-0.6738474,0.580398,-0.74525774,1.2266757,0.6970109,-0.99926704,0.77964514,0.0495431,-0.7271871,0.5388149,0.59738684,0.30292824,-1.138904,0.03374823,1.2409368,-1.6111407,0.061295003,0.4107752,0.2672196,0.43354774,-0.30979222,-0.8421421,-0.00800472,-1.1272297
-1.9054418,-1.0403856,1.6446463,-1.4085047,-0.0633353,0.019202337,-0.68777514,-0.050023176,-1.282546,-1.4050757,0.982081,-0.6673135,-0.69336355,-1.3375849,-1.5470588,-1.0834142,-0.17509206,-0.29765508,-1.1603683,-1.9631095,-0.49048963,-1.4872588,-0.37907526,-1.0601554,-1.7169557,0.022194836,-0.5197648,-0.9006142,0.5208806,-0.94905823,0.8033416,-0.6147669,-0.9372919,-2.9703317,-1.4036399,0.267682,0.06549592,-1.7145283,0.888846,0.035344664,-0.8530145,-1.440837,-1.5113974,-1.6064371,0.8014291,0.9695716,0.66385037,0.3889617,-0.6331403,0.09793189,0.06318935,-1.0258436,-0.64549094,-0.82067305,-2.4468296,-1.0675704,-1.185121,-0.056692738,0.70275635,-0.69408077,0.38236576,0.02364207,-1.1321061,0.34848976,-0.93713766,-1.295758,-0.418615,-1.0022637,-1.2225481,-1.5231072,-1.1775025,-1.4253199,-0.60664654,-0.37227935,0.03820786,-0.18955287,-0.9527828,-1.6928034,-0.2750635,-0.31215033,-0.27251133,0.12112243,-1.0953065,-0.5962376,-1.2780349,-0.51634806,-0.35939187,0.20347056,1.8951014,0.102973305,-1.6254363,-1.4627515,-0.19488217,-0.9344909,0.40212318,-0.33823428,0.88341916,0.63072056,-0.13049462,-0.2078692,-0.789124,-0.8285765,-0.09344128,0.46367857,-1.5915669,-0.2235697,0.43138105,-1.0973545,-1.0613216,-0.14710423,-1.4278194,-0.65640926,0.72284454,0.1716905,0.58604956,0.11767979,0.81439894,-1.7807418,-1.0004742,0.7758021,-1.0077909,0.98806083,-1.1342793,-0.29871106,-0.08736083,-0.104604416,-1.5693667,-1.0839767,-0.6407922,-0.08198561,-1.8718599,-1.4220898,1.102995,1.2170013,-0.095076755,-0.9433446,-0.40541306,-1.4192222,-0.8255635,-0.10993673,-0.57138973,-1.8447927,0.09650794,-1.5233296,-0.20651378,0.8677482,-0.033617247,-0.85102016,0.92545056,0.021241995,-0.021373812,-0.8820976,-0.021162316,-0.30549738,-0.70685494,-1.5916461,-0.15275036,-1.537334,-0.0055116843,0.2900866,0.5656251,-0.03751222,-0.1809131,-0.11404087,0.40197167,-0.26465142,-0.5121555,-1.0868121,-1.2194015,0.37065512,-1.0069556,-0.20257723,-0.059621766,-0.5499165,0.21327928,-0.64943266,-0.77230793,-1.8587544,-0.07765657,0.21117507,-1.644511,-0.14348811,-0.06948,-0.5107112,0.91789913,-0.6501412,-0.89517176,-0.04295113,-0.123094946,-0.69765556,-1.5290406,0.16360267,-1.3733723,-0.614948,-1.198751,0.48080418,-0.62915605,-0.48976353,-0.62777793,0.6048741
-0.71421015,-0.4666824,-0.29525363,-0.43092066,-0.2521282,-0.23038574,0.15724075,-0.049290948,0.39116725,-0.97808444,-1.187932,1.2380028,-1.0317465,0.41261566,-0.31459722,-1.3946527,-1.4438055,0.56798905,-0.03489619,0.0036610467,-0.6973944,-0.6910406,-0.12692584,-0.98917145,-1.2338402,-0.512389,-0.24731115,0.8321554,-0.9532592,0.62055886,0.022304108,-1.1624066,-0.28770137,-0.7623295,-0.5653712,-0.9459424,-0.9075759,0.8816723,-0.42054725,-0.8171606,-0.35190633,-1.1953527,0.7455633,0.3094204,-1.2080691,0.040303066,-0.57957673,-0.827242,-0.117387384,-0.389252,-0.49551308,-1.0982586,-0.5222893,-0.5979007,-0.1225783,-0.55569774,-0.006219022,0.11584273,-0.38423818,0.4728775,-1.686215,-1.6140004,-1.9349256,-0.42681623,-0.9432307,0.579156,-0.36356252,-0.24289572,0.34841862,-0.037258953,-0.15182465,0.48137915,-1.4611098,-1.1812047,-0.46839523,-0.7543751,-0.93112034,0.41883826,-0.73111993,-0.4687841,-1.1816872,-0.060346663,-0.010112753,0.06741127,0.16856988,-1.6308914,-0.2112816,-1.401174,-1.4063805,0.584855,-1.1999627,1.3934518,-0.27701592,-0.5332542,0.22952652,-0.0695787,-0.5210606,0.23184787,-0.55197173,-0.25187826,0.29112947,-0.55945295,-0.20412539,-0.52528596,0.08169898,-0.9087231,-0.54777265,-2.1882095,1.3923897,-0.38516614,-1.5620342,-0.2875089,-0.4707462,-0.413231,-0.46072942,-0.50617194,-0.13629988,-1.3641452,-1.3280101,-1.0087038,-1.7693223,0.020090776,-0.6216651,0.34365526,0.16983013,-0.28211406,-1.185554,-0.4575514,0.19595748,0.037555333,-0.5351058,0.41491625,-0.08123515,0.16591044,0.041726787,-0.50788873,-0.62527645,-0.34957573,0.47527727,-1.1640294,0.36372453,-0.16979468,0.62657654,0.9810019,-0.9558407,0.54867023,-0.5823506,-0.2517565,-0.87102354,-0.10992854,-0.5060268,-0.97349185,1.973586,0.3696178,-0.67591834,0.34602326,0.19461411,-0.73804367,0.198088,-0.5440182,-0.35902867,-0.6724677,-0.712594,-0.86531895,-1.3342019,0.013977092,-0.2935416,-0.35652575,0.061175518,0.17854571,0.4422674,-1.3746972,-0.077279866,-0.32147115,-0.95538557,0.3659785,0.017715018,1.368282,-0.5750642,-0.6598111,0.344572,-1.2379552,-1.8169793,-0.54403114,-0.53768307,0.47809765,0.36390692,-0.39892805,-0.74305797,-0.54168916,-0.45218372,0.55851644,0.22628091,-0.6573431,0.13255116,-0.959512,-0.23677449,0.3913712,0.32899702,-0.58444333
0.5150226,1.3143264,-0.3020331,0.5137754,0.6259976,-0.29279804,-0.86754435,0.5337537,1.5988715,1.3732822,1.2468601,0.48733026,0.44082335,1.3933084,1.5062866,0.6083691,0.75939643,-0.9198688,1.772095,1.4953392,1.6413236,1.3177212,0.8770597,1.1086394,0.58050114,-0.1567012,3.378697,0.53432494,1.3907105,1.2297299,0.5958435,1.835049,1.8959508,1.279849,0.033028267,1.271111,-0.48117015,0.19643918,0.40778264,1.8644011,-0.5421295,0.12777878,2.0187232,0.44655073,0.34758806,0.11103043,0.9026922,1.1083769,2.4070892,1.5212352,0.93664676,0.9349742,1.7769201,0.42743447,0.25099322,1.3853469,-0.7176691,0.7770388,0.25065568,1.2933288,1.5884081,1.3450292,1.6225973,1.4096063,1.1493739,-3.5976079,1.5532131,0.36864033,0.15343535,-0.6374677,0.18291326,1.8473355,1.5829531,1.502628,-1.0124246,1.5358934,-0.24382666,0.11374369,1.7799146,0.5518048,1.4898094,-2.1013792,0.5255264,-0.022629738,0.17550084,1.7348852,-0.32218435,-0.92989826,0.610034,-0.003529586,1.6118047,0.28093034,0.04245626,3.3450768,0.29195496,-0.3421413,-0.042284384,-0.22916666,1.3086827,0.2613695,1.770629,1.2566218,0.066385835,0.667872,1.2350999,1.8967052,1.1412635,0.91245514,-1.2298422,1.1277483,2.344124,0.1268732,1.7805122,0.036464892,0.7283403,0.89294875,-0.31443608,0.7839876,0.8639037,1.8332115,1.6703926,-1.0553092,0.024785321,0.18481818,0.43166798,0.86618173,1.3927127,0.15235955,1.6584603,0.70100087,0.32614136,1.1111479,-0.0969976,1.2758932,1.262165,1.1429728,0.7742566,0.19918124,0.18510409,1.3236021,-0.7123522,-0.14153448,1.1884644,-0.8329285,1.8827043,-1.1784883,0.83914816,2.3949342,0.33329615,0.20431525,0.632421,0.8855775,0.9551892,-0.035812806,0.45468405,0.5249231,0.4048532,1.4672494,-0.48688602,-0.46323416,0.53370893,-0.3293249,0.90451556,0.91703194,1.3395878,0.47016242,1.3932437,0.9005746,0.5668439,0.78759354,-0.050708484,1.8662571,1.1374402,1.790147,0.32106838,0.39555258,0.4788614,-0.077644356,0.751656,2.1998076,0.6798915,1.8221742,1.3143648,-0.34253117,-0.46837777,0.71159524,-0.66554785,-0.44196078,0.3101279,1.4851089,0.71656585,0.77115434,0.94577324,0.2908561,-0.49537805,0.6561961,1.3886595,0.8738678,-0.436132,1.2080067
0.24363218,-0.18349989,0.80929804,0.80683947,0.2534987,-0.05475685,0.83693767,0.8432087,0.6493643,0.54072875,-0.18403263,2.6551938,0.19718502,0.66580665,1.013943,-1.5014529,-0.81889707,0.091839515,-0.83468664,0.7332604,0.96660835,-0.8625524,-0.20171216,-0.18691312,0.16516319,-1.0151973,-0.3591163,0.21195924,-0.08173014,1.3042816,-0.18783809,0.12077759,0.3961037,0.014960628,0.09186054,-0.048152097,-0.14963193,-0.2780837,0.20006362,0.045498107,-0.27097327,-0.3582254,1.5093628,0.54293954,-0.08369914,-0.24484523,0.5900573,-0.53959,-0.32758787,-0.044525288,-0.02322052,-0.062022336,-0.15624613,-0.21504243,0.28566602,0.20035255,0.7090673,0.96006775,-0.12547761,-0.07807666,-0.7042247,0.42960447,-1.5102763,0.30835295,0.2504625,0.7297853,0.2182221,0.8876767,0.23106271,0.30424842,0.34899083,0.62880033,-0.3666946,-0.14289273,0.2248255,-0.2086814,0.41830835,0.67950255,0.4869572,-0.16560322,0.046962805,0.052179113,0.7909001,-0.7789455,0.83410376,-1.1725333,-0.3684357,-0.6405468,-0.30885926,-0.570727,0.13595158,1.7316217,0.09915935,0.7994745,0.43553683,-1.3769729,0.13819124,-0.27076843,0.9193562,0.08536382,0.48543382,-0.18478833,0.3062229,-0.5795672,0.17783193,0.049139366,-0.099586084,-1.6546911,0.98899186,-0.6413398,-0.07082516,-0.57082546,0.06848176,0.15797542,0.6398268,0.48010176,-0.23165663,-0.4490469,-0.28780997,0.76839113,-0.98139554,-0.10741487,0.2769894,-0.47459194,1.117329,0.22027071,-1.4526623,-0.3435214,0.43513745,0.2194523,0.05118555,-0.40133712,-0.29264107,0.8145822,-0.16588362,0.30222112,-0.47840682,-0.41419876,1.4785099,-0.41438046,0.32776543,-0.059406642,1.6422657,-0.2184888,-0.2088847,0.8178391,-0.4346238,0.24698927,0.2125111,-0.28712374,0.7656195,-0.64083385,2.0220492,0.9231107,0.07814556,0.82195234,-0.5733834,-0.8528197,0.7880138,-0.12943022,1.1292651,-0.19139236,-0.94976467,0.59761894,-0.96527797,0.7003449,0.49327385,0.42303288,-0.45919645,0.9398836,0.5441558,-0.8786362,-0.3506145,1.1917666,-0.033863015,0.5915449,0.4655751,0.6731091,0.3764447,1.4051013,0.5282111,0.21629813,-0.04358297,0.44689316,-0.6204287,1.1624128,0.7777491,0.3587731,-1.060194,-0.17436242,-0.29366586,-0.044777,0.7504906,0.5409223,-0.33654198,0.28066066,-0.8514953,-0.030477075,0.77616787,0.7512917
-0.2068796,-0.021729222,-0.3821348,-0.12049782,-0.21038613,-0.59781855,-0.042343292,-0.026928175,-0.6607965,-0.21330184,-0.5588988,-0.07419685,-0.06710652,-0.18589993,-0.23225798,-0.46419695,-0.4961112,-0.031287,-0.11965084,-0.19269201,0.34297237,-0.6361316,0.38457,-0.16946755,0.21479025,-0.43951902,-0.36675516,-0.3205439,-0.57871926,0.34310344,0.097970374,-0.26145816,-0.28027982,0.008742377,-0.072240554,0.022121014,-0.24623872,-0.8345941,-0.25048834,-0.010249122,-0.39972588,0.061596297,0.3031378,-0.2355217,0.5258576,-0.21745747,-0.075803846,-0.18515268,-0.33650106,0.038645983,0.15429789,0.36425462,-0.117166035,-0.002737997,-0.15247522,-0.83207023,-0.26116556,-0.09036669,0.7826474,-0.31687745,0.13049515,0.14073852,-0.5679304,-0.46480763,-0.08554442,0.061984353,-0.033282813,0.25056106,0.20935005,-0.83268607,0.22943754,0.25707006,-0.26065847,0.11165148,0.042931348,-0.37136036,-0.20680834,0.17808758,-0.2652807,0.03221628,-0.5812456,0.16411324,0.05423806,0.21887289,0.21207574,-0.38974285,0.38750774,0.021606028,-0.4459262,-0.20783147,0.17034361,-0.2549785,-0.08367597,-0.04611963,0.14609878,0.44124505,0.30426216,0.27089387,-0.16363326,-0.0844056,0.42656916,-0.2622327,-0.018743938,-0.5828852,0.091717474,0.08112581,-0.32596788,-0.13173588,-0.36377516,-0.074054405,-0.24091601,-0.117501274,-0.23955625,-0.58517724,-0.055824995,-0.02239879,-0.4716591,0.5065329,-0.84047073,-0.25870517,-0.3558173,-0.11178666,-0.26263127,-0.23351501,-0.5749187,-0.10971706,-0.7590477,-0.467078,0.35888702,-0.3115321,0.17571433,-0.7767622,-0.36796936,-0.46195206,-0.32204133,-0.21540034,-0.8486427,0.08721725,-0.00067365915,-0.3367373,0.21026115,-0.3138486,0.01049076,-0.066714674,-0.06087,-0.44395527,-0.034592222,-0.45046523,0.27926946,-0.343941,0.16069932,-0.550736,-0.1815196,0.040362198,-0.2564636,0.019524528,-0.40537283,-0.546237,-0.10583188,-0.34388107,0.0953597,0.13939124,-0.2517439,-0.29304203,-0.5998603,0.49565548,-0.16836317,-0.06213047,-0.3769973,0.10821738,0.12918098,-0.44628054,-0.15640955,-0.2724572,-0.16616124,-0.213648,-0.12063518,0.061138034,-0.13680458,-0.27548409,-0.13103771,-0.06130509,-0.52106154,-0.27584085,-0.49993807,0.10947118,-0.0916097,-0.12404073,-0.40603837,0.14566967,1.1182469,0.48989403,-0.04847619,0.32342255,0.21479158,0.034060773,-0.33297238,0.05878415,0.09103879,-0.10050786
-0.4723336,0.37191033,-0.90807694,0.28729486,-0.0128413,-0.37963003,0.57511514,0.2579703,0.003965527,0.27647272,-0.35350412,0.5323917,-0.4818322,0.5197864,-0.15639453,-0.20333731,-0.34391156,-0.12927324,1.0462372,0.019130599,0.3510429,0.18398179,1.3670913,0.18198483,0.97653466,-1.0557328,0.08982142,-0.044741698,-0.38037708,0.70393705,0.24777538,0.46723184,0.74138385,-0.15916586,-1.0951583,-0.3370586,0.355027,-0.5312274,0.18615012,0.4928171,-0.28003722,-0.23812501,0.71985567,-0.51677877,0.046706483,0.23658115,0.25844088,-0.66058135,1.0612197,-0.18500988,-0.3577361,-0.29619572,0.46947744,0.47299877,-0.013829654,-0.21238622,-1.0723143,0.27857625,2.5069668,-0.12864164,0.24084243,0.056204043,-0.3261794,0.21613866,-0.34875613,1.0375919,0.19695684,-0.15335798,0.25031698,-0.89377147,0.02362416,0.91496503,0.07813946,0.07453908,0.72572166,0.68259823,-0.40273786,-0.13651924,0.62872946,0.086070865,0.40917718,0.008828277,-0.22370805,0.045894854,0.4331862,0.25134525,-0.047941167,1.1448188,0.21342306,-0.0750737,-0.029522926,-0.54667354,0.013576763,0.30163574,0.42774314,-0.9254617,0.0052572433,0.44497073,-0.33863366,0.355963,1.5475444,-0.29018697,0.43340537,-0.33079934,-0.10349744,0.16163637,-0.014722317,0.07135709,-0.14694922,1.4539099,-0.2354382,0.3387959,-0.2011565,-0.43982857,0.26557627,-0.05271913,0.13823152,0.49838665,-0.46919417,0.35748804,0.2359135,0.3022243,-0.5649158,-0.9661814,0.025988253,0.34868816,0.3360125,-0.4089696,-0.07816617,0.1905533,-0.22585912,-0.40398,0.018333705,-1.3713844,-0.13760242,0.39849678,-0.65809107,0.129179,0.36751378,0.072231025,1.6369057,-0.38307378,0.07429485,-0.41564053,-0.62792325,-0.91903704,-0.017304469,0.31560043,0.15833907,-0.20899978,0.38518348,0.65338844,-0.04541684,0.34764943,-0.03026184,-0.6757609,-0.12814611,-0.28085175,-0.119413435,0.04533924,0.3666846,0.38611886,0.049971357,-0.24766807,-0.2736725,1.055549,-0.25762254,0.43298438,1.9615548,0.22125125,-0.29641303,0.5827019,0.76200396,0.3398399,0.5367973,0.26768184,0.0781575,-0.17435215,0.0967329,-0.99948424,-0.600438,0.21228632,0.2822832,-0.3550234,0.18387535,0.21001402,-0.22578777,-0.3747116,0.31713888,0.7543816,0.55141497,1.6375682,0.43738717,0.12962325,-0.2963014,-0.50117934,-0.18660833,-0.09496796,0.09006687,0.39922863
-0.18250886,0.25411636,-0.12758791,0.38190243,0.066329785,-0.1539192,-0.11732119,-0.111596964,0.44791433,0.15098357,0.11309774,1.3441352,-0.17894481,0.91211605,0.3335218,-0.7435113,-0.6665921,0.0420912,-0.7387787,0.44415927,-0.43004626,0.066652685,0.10661995,0.47984272,-0.09104155,-0.15724517,-0.47560933,-0.06192968,0.18791685,0.7002803,-1.303683,0.3708962,0.08988055,-0.5411644,0.023311771,-0.26919425,0.42732117,0.41311786,0.31484678,0.31235564,0.2538785,0.3593566,-0.04607945,0.5962789,-0.21260089,-0.3397098,-0.041791663,-0.41356608,-0.8061517,0.15011519,-0.3030593,0.13009971,-0.1809901,0.18043673,0.32320103,-0.40350038,0.12583178,0.15841539,-0.37243825,0.46902516,-1.0203305,-0.13406399,-0.8580526,0.04923003,0.5200552,0.1869199,-0.03877866,0.513095,-0.13481754,0.27891925,0.40679872,-0.19577539,-0.122254774,0.04342182,0.093933955,0.13840619,-0.19693646,0.1744373,0.20768782,0.06020716,0.20925307,-0.17375691,0.6310426,0.015883803,0.37438542,-0.676122,-0.060447227,-0.5690772,-0.5374252,0.6589013,-0.4564073,0.8398288,0.2926416,0.15019149,0.22487362,-0.8135224,0.2704943,-0.620073,-0.059712496,0.6800685,-1.0872145,0.04443619,0.21076572,0.11143475,0.08605591,-0.52250886,-0.10261062,-0.5656643,0.5668752,0.07002757,-0.118702605,0.10351795,0.23018248,0.037996136,-0.16410974,0.06813355,-0.36595958,-0.026066696,-0.4476176,0.56926197,-0.8119814,0.3358422,-0.030661061,0.11759122,-0.22051883,0.10945714,-0.5576836,-0.10758744,-1.2772539,0.20833637,-0.096229866,1.022246,0.11775028,-0.25225538,0.22597973,-0.36535582,0.41343558,-0.26861474,0.22857179,-0.29146305,0.15158443,0.24214986,0.8691286,0.68094224,-0.21367583,0.59401196,-0.108545214,0.08515884,-0.17967677,0.3886104,-0.1360656,0.113181695,0.9032557,-0.12539998,-0.5134906,0.47444606,0.51963603,-0.60859066,0.80767137,-0.06423231,0.33490068,0.14198747,-0.15593958,0.087357804,0.15521993,0.20816296,-0.2986732,-0.11670709,0.7716964,0.089427084,-0.11515502,-0.6566981,0.19847785,-0.03687863,0.28065696,0.22567302,0.24283542,0.45289126,0.3038451,-0.4114358,0.09344695,-0.20418414,0.3794796,0.14184694,0.15933567,0.5784511,0.3040785,-0.18046504,-0.16748405,0.6481607,0.113004796,-0.68535817,0.9766007,0.010190401,0.36860067,-0.055994038,-0.2583153,-0.20392354,-0.11093626,0.11040985
0.01911064,0.07036632,-0.13134855,1.0467662,0.48489854,-0.095105335,0.09188248,0.21034256,0.6679307,1.065529,-0.26215905,0.42184216,1.062908,0.41268012,0.21862043,-0.29724434,0.057524763,0.75997394,0.81379837,0.90477073,0.8212579,0.0035898443,0.573011,1.0449451,0.8361496,0.41717532,0.2094224,-0.16849986,0.17338027,0.80182344,0.165557,0.20315748,-0.040388443,0.7633306,0.31344014,0.92549276,0.61910766,-0.56374604,0.6016653,0.37604338,-0.3815727,0.6615464,0.4548254,0.6513831,0.88546205,0.2583965,-0.020743141,0.46479967,-0.27190045,0.9422864,0.7855546,1.6461564,0.5216469,0.71866107,0.40204343,-0.6388742,0.29969656,0.71741456,-0.061467133,-0.17229462,1.2114167,0.030081138,-0.08146932,0.34512034,1.329565,0.47807187,0.8318283,0.99477977,0.07185849,-0.18002689,1.0659045,0.9247098,0.16191691,0.4795789,0.6750322,0.3088243,0.70099896,-0.31796655,0.53820986,1.2265074,-0.16157036,0.40924686,0.36426833,0.115830496,0.5168405,0.20130667,0.18186665,0.8462385,0.2730019,0.8637567,0.7114684,0.26967096,0.74397254,0.18524782,0.79902726,1.5007243,0.8479911,0.12717171,0.79422295,0.19616954,0.35010552,0.5704428,0.21910045,-0.6252798,0.8840805,1.1985391,-0.08655925,0.30132693,-0.3381549,0.37648284,0.8906085,0.33445472,1.1536443,-0.47713116,1.0460035,0.50045216,-0.46553358,1.1015874,-0.05844296,0.6507881,-0.466307,0.42372167,0.88834834,0.13165899,-0.9949509,0.2245133,-0.55795014,-0.5850522,-0.30522364,0.7783792,0.13123018,-0.21803692,0.52784455,-0.12407121,-0.41396236,1.4099827,0.04425786,0.2483888,0.39920843,0.46225482,0.24480137,0.15889388,0.8126879,-0.28908134,0.59091485,-0.017396513,0.7194772,-0.077870175,0.6207164,0.49350604,0.50174344,-0.7316188,0.026063077,0.49725252,0.36907652,0.6708537,0.24972218,-0.3820666,0.0059877653,0.6115297,0.6929225,0.1522806,-0.09961672,0.7249003,0.57447255,-0.3672331,0.6762197,1.1574472,-0.83458024,0.28580782,0.5831416,-0.5587318,0.35075736,0.4313681,0.0012649242,-0.069737226,0.5372123,0.08086709,0.5049379,0.30332214,0.43509468,0.6456228,0.29931206,-0.9366419,-0.115837105,0.44707173,-0.14396527,0.9300478,-0.11509033,0.35915744,0.92704856,1.0974864,-0.26027277,0.1877526,0.11247185,0.84097695,0.5531486,0.08585309,-0.05926312,0.1734396
