0.5388371,0.0,0.0,0.96147126,0.5428533,3.0406651,0.0,0.0,0.0,1.1660362,1.5912132,0.0,1.6865675,0.6139539,0.0,0.5750287,0.0,0.23703681,0.0,0.0,0.0,0.0,0.059780046,1.6974387,0.0,0.9503951,0.0,0.0,1.3232017,0.45386544,0.63139004,1.2706815,0.0,0.0,0.06086033,1.2354305,1.2563564,1.4977599,0.61836237,1.6094886,0.6617706,3.1390977,1.27934,0.5442372,0.0,1.390001,1.106937,0.0,0.0,2.6806674,0.81069916,1.7548041,0.82122713,1.4644312,0.2604623,1.3853719,2.1463332,0.90630805,0.0,0.38996872,0.005225292,2.191,0.0,1.5350344
0.1440644,0.0,0.0,2.2333665,3.217827,3.8918772,0.0,0.0,0.0,1.706715,0.0,0.0,0.53681225,0.0,1.860412,0.0,0.0,3.3157115,0.9877259,0.463331,0.0,0.0,0.3974772,4.4196897,0.0,0.0,0.0,0.0,1.8962959,0.0,0.0,3.0456479,0.0,0.0,0.0,4.484843,0.0,2.5448296,2.5746477,4.2490716,1.8904275,8.397244,0.0,1.2776364,5.7534986,0.0,1.075798,0.0,0.0,2.8412614,0.0,5.380264,0.0,0.9482817,1.1559294,3.0702345,1.221155,0.53780574,0.0,0.0,1.9449651,5.4150066,0.0,2.596049
2.4519799,1.4410753,0.0,0.022304382,0.0,0.0,2.5138302,0.0,0.0,4.3078985,0.0,2.1949303,1.5997267,3.3753438,1.0198859,0.0,0.0,2.256577,1.0059636,0.0,0.0,0.0,1.6928095,0.0,0.0,3.641071,0.0,4.60927,3.906648,1.4510239,0.0,0.0,0.0,0.407298,0.13947582,0.0,0.045314685,3.6721442,0.0,0.49553314,1.9087999,0.0,0.0,3.871401,0.3550425,0.0,2.1327488,0.0,0.0,0.0,0.0,0.0,1.8116807,1.6966357,3.2691078,1.4820246,4.8264565,0.0,0.0,0.5695301,1.9514148,0.0,5.0796437,0.0
2.58993,0.14376958,0.0,1.1091837,1.2405264,0.7181278,0.8799434,0.0,0.0,1.5808266,0.0,1.1276895,3.001323,1.1524198,0.0,0.0,0.0,0.6784998,0.0,1.7568129,0.0,0.0,0.3201167,2.964851,0.6722858,3.2259295,0.0,3.157832,1.2074351,1.0674708,0.10863571,0.0,0.0,0.0,0.0,0.8058579,2.9917767,3.2671397,0.0,2.4534783,2.8668292,2.516829,2.6884737,3.7512238,1.9254832,0.0,0.33787245,0.0,0.9168882,0.0,0.0,0.0,0.0,1.4831054,5.265483,4.5269237,2.9234974,0.0,0.0,0.47997332,0.0,2.2306433,0.0,1.3233505
0.0,0.91744614,0.0,0.109881215,0.0,3.5909498,1.8590752,0.24615403,0.0,0.0,1.9545565,0.0,1.948293,0.42576945,0.0,3.1196775,0.0,1.9714448,0.0,0.1658827,0.0,0.0,0.0,0.0,0.0,0.0,0.0,0.0,0.0,0.0,1.0314386,0.12204334,0.0,0.0,2.853158,0.0,3.00415,1.4363173,5.330398,2.868663,4.2561946,0.9565425,4.1537666,4.703743,4.667745,4.3781667,0.027647598,0.0,0.0,0.3127918,0.0,0.0,0.1507291,0.0,2.165699,1.0535835,3.0728652,0.0,2.4427645,0.15343426,0.0,0.38528922,0.0,1.171927
3.8021624,1.3675482,0.0,3.8084834,0.23222952,0.0,0.0,0.0,0.0,3.2864745,0.0,0.2913878,0.0,0.6875881,0.0,0.0,0.0,0.0,0.0,0.0,0.17520837,0.0,0.40463158,0.0,0.6251635,0.0,0.0,3.685223,0.6176716,5.104011,0.0,0.0,0.0,3.4231842,1.403432,1.1683013,0.0,0.0,0.50509495,0.86340016,0.0,0.0,0.22547601,3.8850389,0.0,0.39874053,0.51364493,0.0,0.0,0.0,0.4685384,0.0,1.3914073,5.6318903,0.0,0.0,3.2617724,0.0,0.0,4.9679046,3.8983755,0.0,0.51566637,3.190622
3.383135,0.26534086,0.0,6.556276,0.76365757,4.861396,0.0,0.23479453,0.0,0.0,0.6095736,2.2562225,0.9471327,0.34620398,0.68446934,0.0,0.0,0.023762938,4.7835937,1.8804268,0.0,0.0,0.0,1.442662,1.9718163,0.24740542,0.0,0.0,4.585316,0.0,0.471883,2.3010828,0.0,4.5066776,0.16421989,0.0,0.0,6.0932198,1.1575994,5.6134014,2.2521434,1.7922405,0.0,0.0,4.6052127,0.0,0.40005246,0.28735167,1.8483504,0.77086794,0.0,2.6312158,0.0,2.945922,1.8035347,0.6089536,1.2589544,1.3467028,0.0,0.0,2.2487433,3.9039297,0.0,2.087916
0.0,0.0,0.0,0.035924423,2.8441486,2.033525,2.1404505,0.0,0.0,5.502098,4.0482454,0.0,0.0,0.0,0.0,0.0,0.0,0.0,0.48766887,0.0,0.0,0.0,0.24186572,0.574903,1.6716624,0.0,0.62527037,2.7603142,0.201452,2.8148074,0.0,6.8236885,0.0,1.872985,6.4534435,0.0,1.6964283,0.0,2.6950908,1.2335808,1.4878236,0.0,0.0,0.002356274,0.0,1.3750477,0.0,0.3761716,0.0,0.0,3.0539312,0.0,3.5023184,10.444232,0.74827826,2.7160842,1.3211627,4.127927,0.0,4.0851917,4.1093726,0.0,0.0,0.0
0.0,1.102145,0.0,0.32845253,0.0,5.385491,0.2827513,0.7459942,0.0,0.1793271,3.3324544,0.0,0.0798085,0.0,0.0,2.4492102,0.0,0.0,4.0919027,0.0,0.0,0.0,0.24753346,0.0,0.0,0.0,0.46827072,0.0,0.0,0.0,1.6302323,3.3940132,0.0,0.73647827,3.2722158,0.0,0.64144605,0.27810958,2.303239,2.9170976,5.694582,2.2319438,0.4883964,5.512998,4.013375,7.0156803,0.5152696,0.0,0.0,4.8747773,3.2925186,5.130989,1.352848,0.5018248,0.0,4.292607,0.0,0.2058901,1.7417587,1.9299083,1.0405027,1.1055527,1.0232811,6.426916
0.0,0.38972247,0.0,4.820721,2.7621338,1.5558693,0.043409858,0.0,0.0,3.8349345,1.0767752,0.0,0.37292242,0.12018782,0.0,3.5295954,1.1521902,1.2733903,0.0,0.0,0.0,0.0,0.0,4.050094,0.36209765,1.4301908,0.0,5.500692,2.3253422,1.3638452,2.4999456,2.734572,0.0,0.9128367,1.6258395,1.4414319,5.4874306,1.5693264,1.0563086,4.1317143,0.0,0.0,0.767842,0.0,0.0,0.0,0.0,0.0,0.0,1.6686319,0.0,0.0,3.7001524,6.452857,3.0954998,6.8742056,0.59724313,0.53498834,2.2682767,3.9577644,0.0,0.0,0.0,0.6564455
1.2761695,3.5241904,0.0,0.0,4.6398163,0.0,0.0,0.0,0.0,0.0,0.0,2.095433,0.0,0.0,0.9276513,0.0,0.0,0.28425384,2.063854,0.0,0.0,0.0,1.253734,2.2868161,0.0,0.40683252,0.27915952,2.934916,0.7616887,1.669697,0.0,0.0428336,0.0,1.8940601,1.8059208,0.0,0.0,0.0,0.54370546,0.0,1.894525,1.0878305,2.195091,3.5201445,3.3406188,0.0,1.9293528,0.0,0.0,0.0,2.4608588,0.67221886,4.2452207,3.027262,1.2000319,2.7662635,0.15740275,0.0,0.0,4.295969,0.0,3.8155806,1.3171446,0.7785964
1.8821403,0.0,0.0,1.8226749,0.0,5.6217103,0.43120492,0.0,0.0,0.0,0.24864762,0.044898666,0.0,0.0,0.0,0.0,0.0,0.19211264,0.5752595,3.054746,0.0,0.0,0.02104404,2.6796453,0.7535596,0.0,0.0,3.8809772,0.0,0.0,1.2807484,2.8034282,0.0,2.9174347,0.0,1.7685997,0.8683654,1.3751091,2.0034506,4.0936747,2.7685347,4.1982455,0.0,0.0,1.5132383,0.0,0.0,0.2236198,0.97881716,0.0,0.0,0.6342252,0.0,4.6715455,3.2014596,4.043954,0.019752048,0.0,0.0,0.8131191,4.2028313,0.0,0.04366623,2.3772156
0.0,7.656559,0.0,0.0,0.0,0.0,0.0,0.0,0.0,2.5963402,2.0571637,2.9873564,0.0,1.273562,1.285185,0.21400581,0.7469757,1.2791262,1.678805,0.0,0.0,0.0,0.0,0.0,0.0,0.0,0.38727224,7.4168043,1.6885933,0.036905974,0.0,0.0,0.0,1.867458,0.0,0.0,0.0,0.21012448,2.756276,0.053841457,0.0,0.0,0.1835067,5.9222164,0.0,3.9501123,0.06852211,0.0,0.0,0.0,0.8703751,0.27764907,5.142954,0.0,3.1473594,2.5090756,2.8485932,1.2390949,3.0287566,0.5491326,0.41679528,3.0015955,0.0,1.5888304
3.3068001,0.0,0.0,2.448054,1.6758742,5.7876186,0.0,0.0,0.0,1.6930243,3.8978703,0.0,2.0736036,0.14955118,0.0,0.12858252,0.0,1.056044,0.0,0.0,0.0,0.0,0.0,3.3890343,0.8908734,0.69891644,0.0,2.2911735,2.343089,1.1821489,1.1943619,0.0,0.0,0.0,2.332386,0.1336191,0.0,2.1515946,2.1890051,2.6685944,2.9972062,0.0,0.0,0.29258004,0.0,0.0,0.0,1.3514215,0.0,0.0,1.2392268,0.0,2.707457,1.8904973,6.1210694,1.0032475,3.007894,1.1019336,0.0,1.2926257,0.0,0.0,2.8234327,1.5985115
4.1262794,1.1060771,0.0,2.1769962,0.7791893,1.5034782,0.0,0.24779028,0.0,0.0,0.36931124,2.0286117,0.94306296,0.119463906,1.6442086,0.0,0.0,3.650259,1.1843977,0.49445206,0.0,0.0,0.72916484,2.5716646,1.2343899,1.1477292,0.0,2.8532226,0.29989874,1.339412,0.03853902,0.0,0.0,1.4877583,0.08412141,0.0,0.0,0.7466994,1.0833113,1.5037524,1.6463501,0.9749372,1.7020905,2.1658034,4.66465,0.0,1.0116231,0.0,0.0,0.0,1.4644592,0.055578783,0.35415503,0.0,2.6374595,0.0,2.6752603,0.0,0.0,0.61224633,1.1767589,1.0914273,0.15044023,0.0
3.9570465,0.83567446,0.0,2.3182974,1.8849511,4.9017262,0.56514823,0.0,0.0,0.0,0.0,0.0,0.0,3.2949376,0.0,0.0,0.0,0.75317395,5.1666236,0.0,0.0,0.0,2.4158895,0.0,3.5547836,3.5163672,0.0,0.0,0.8737279,1.0764337,1.643897,0.7281888,0.0,2.9546218,5.2400355,0.0,0.0,4.6914315,0.035145495,1.8272644,1.2758378,3.4331264,0.0,0.0,0.13540925,0.0,1.1026477,1.1265625,0.0,2.3680604,1.4792601,2.8331192,0.11729899,4.0789695,0.0063523264,2.435724,0.0,0.0,0.0,0.097198516,4.317908,3.1188135,0.13128302,0.0
0.17380299,0.7818665,0.0,2.4722435,0.0,3.0982237,0.0,0.0,0.0,1.6871119,4.062493,1.8680207,3.1715698,2.9155276,0.0,2.8020413,0.0,0.50661004,0.1432896,0.0,0.0,0.0,0.0,0.3035819,0.0,0.70100534,0.0,0.0,0.12238556,0.99709827,1.1327217,0.12902954,0.0,0.0,1.0893776,0.9664239,0.2786439,1.6090002,4.6347666,3.0931144,3.8169978,0.21300574,4.247757,0.60977286,2.808157,3.8689826,0.0,0.50242764,0.0,0.8165643,0.0,0.0,2.3849332,0.0,3.4416475,3.2930984,1.7481188,0.0,0.0,2.4857178,0.0,0.0,0.0,2.2161903
1.4324085,0.0,0.0,0.23080295,2.7954988,0.0,0.0,0.0,0.0,8.709995,1.7159835,0.0,0.0,0.29356146,0.0,0.0,0.0,0.0,0.0,0.0,0.0,0.0,1.2272528,0.0,0.26280648,0.0,0.0,7.0075407,3.8083909,0.0,0.0,3.8558896,0.0,0.0,6.003427,0.0,0.7334637,4.6601777,2.074132,0.0,0.0,1.8795153,0.0,1.9332204,0.0,5.2090645,0.0,0.13762939,0.0,4.090545,6.474191,0.0,2.6061592,3.8523004,5.2244477,0.0,7.4396257,1.9782039,0.0,0.74388206,5.2293673,0.0,2.2080574,0.0
2.9436326,0.08820599,0.0,2.547479,3.0359957,0.9047029,0.0,0.0,0.0,0.0,4.3096437,4.3598394,5.8320737,2.921861,0.0,0.6242474,0.0,0.0,0.64392185,0.0,0.0,0.0,1.6968988,3.6261168,4.18829,6.1989985,0.0,2.2594442,3.038856,1.1554388,0.7148345,3.8714333,0.0,0.0,0.0,0.0,3.8633113,3.066986,2.5688548,0.7971342,3.773769,4.7657824,3.7562892,0.0,2.4976552,0.0,0.72939676,0.0,0.0,1.4148253,2.2916474,0.0,0.8701966,5.1506066,3.857972,4.5020885,2.0684226,0.0,0.0,3.4136314,0.0,0.2455966,0.0,0.0
3.5082579,0.0,0.0,1.0294797,4.9135213,5.4395375,0.7834444,0.0,0.0,0.0,0.6849146,0.41313034,0.0,0.0,1.0728917,0.0,0.0,1.1031175,1.8128313,0.0,0.0,0.0,3.1851292,0.6822027,1.5863906,0.14933546,0.0,0.0,0.0,1.3867394,0.55994844,2.8377564,0.0,1.9506124,3.3567464,0.0,0.0,0.010608184,1.5690244,0.35325822,4.0122437,1.5720342,1.1579497,0.0,3.0252073,0.0,1.5952154,4.0531306,0.09604737,0.0,0.0,0.0,0.0,1.8509115,1.0567595,0.0,2.539874,0.0,0.0,0.23749265,0.0,1.4316279,0.0,0.0
0.87033236,0.76497227,0.0,0.0,0.17325898,1.2880001,0.0,0.0,0.0,0.0,2.3384278,0.017238118,0.0,0.090944365,0.6943322,0.0,0.0,0.50931716,2.8211768,0.0,0.0,0.0,0.4798757,0.0,1.6135459,0.0,0.31735983,1.4903582,0.26459065,0.0,1.1547331,0.35502964,0.0,0.9813646,2.0533538,1.4068282,0.50350744,2.3274884,1.3846768,2.974237,4.8194814,3.4438803,0.80492264,1.3184297,6.088416,1.5261809,0.30655873,0.0,0.20809188,0.19859773,0.6056085,0.0,0.94365805,0.0,0.97974443,2.507214,0.0,0.0,0.0,3.1436486,0.9799957,0.7249515,0.59826475,1.7716671
3.1102853,1.3664958,0.0,5.433977,1.4580377,1.9839021,0.0,0.0,0.0,1.8921571,0.0,1.6675296,2.3308966,0.55659395,3.3108528,0.0,0.0,3.7047827,1.6567986,0.0,0.0,0.0,3.7976947,0.18692039,1.7580836,2.2837713,0.0,0.5022235,0.17620485,2.8882377,0.0,0.0,0.0,4.7474136,0.0,0.0,0.45651335,3.6332242,2.5290163,3.0004065,2.1682665,3.030365,0.43326333,1.8015553,5.699526,0.0,1.2458993,0.0,0.0,2.6826937,0.14951426,4.3107204,0.041160896,0.0,0.5036627,0.0,3.7361703,0.0,0.0,0.0,1.2515584,3.526275,1.8993125,0.68765044
1.4873674,0.0,0.0,0.8644778,0.2933928,0.1916321,1.7489715,1.9557164,0.0,0.0,0.7116226,1.1190825,0.0,0.0,0.31821075,0.0,0.0,0.0,0.98950016,1.8921999,0.0,0.0,1.3721374,0.0,1.7764844,0.0,0.0,2.1736345,0.0,0.8509985,0.6384365,2.6566808,0.0,0.21509452,3.584356,0.0,2.3740795,0.0,4.5715365,2.206461,2.290584,0.0,0.0,0.0,4.6665277,0.0,0.07190568,0.33441257,0.0,0.0,0.0,0.76338106,0.7545035,0.0,2.9937744,0.5053942,0.9304614,0.0,0.0,0.970545,0.22655997,0.0,0.0,0.0
1.1178302,0.0,0.0,1.1039522,0.7643997,0.0,3.3647623,1.0123825,0.0,2.4645731,1.2633892,0.46392035,0.7590226,0.0,0.0,0.0,0.36734253,0.2672623,0.14396773,0.0,0.0,0.0,0.0,0.0,2.0536714,0.28931504,0.0,1.0742611,1.8184586,1.357128,0.069414586,2.0355387,0.0,0.0,0.59236205,0.0,3.6680567,0.2620945,0.9535127,0.0,0.0,2.7617545,0.0,3.9455836,1.8749866,0.0,2.2206328,0.0,0.0,2.7389455,5.751975,3.242582,0.87632257,2.6198182,2.482994,0.1426911,0.7871521,0.27725825,0.0,2.1349754,3.7496321,0.110634,0.9700677,0.0
3.5519874,0.6940534,0.0,0.0,0.0,0.0,0.095471844,0.0,0.0,0.0,0.0,2.2753572,0.46387836,0.9960909,0.0,0.0,3.1478918,1.5731906,0.0,3.111339,0.0,0.0,1.0873162,0.0,0.15166469,2.374789,0.0,3.4877138,2.658025,2.4761868,0.0,0.0,0.0,1.2425576,1.1689475,0.0,0.6443149,1.1036485,4.7513194,2.2835217,1.7921112,0.0,0.8692188,2.3675647,2.7075965,0.0,0.6429127,0.0,0.0,0.0,1.3868186,0.0,0.15970339,0.0,3.4731498,0.0,3.6467102,0.0,0.0655637,0.85168713,2.578261,0.35228,2.4309726,0.889761
1.3079461,0.0,0.0,0.0,2.4677794,2.6105506,1.0285206,0.0,0.0,0.5410335,3.5529945,1.4465913,0.16042519,2.269445,0.0,0.0,1.353989,0.0,1.509731,0.0,0.0,0.0,1.8299124,2.5738497,3.5873382,0.64959383,0.0,5.8679256,4.2761064,2.4218845,0.92624676,2.1650653,0.0,0.0,3.1128504,0.0,1.317804,2.514266,0.0,3.0058062,3.79887,0.0,0.0,0.0,0.0,0.0,1.1565416,0.0,0.0,3.8879023,4.8101363,0.8994586,0.042407546,8.826486,4.7636228,2.4552436,0.0,2.4289093,0.0,3.829115,4.91468,0.0,5.6679306,5.415139
0.0,0.37781754,0.0,2.74482,1.6463077,6.477132,0.0,0.0,0.0,3.7067978,2.6299934,0.0,3.313821,2.5208085,0.0,0.0,0.0,1.3518417,0.0,0.0,0.0,0.0,0.0,0.0,0.78454584,4.7226033,0.0,0.0,1.7347403,1.5047505,1.751486,0.9619889,0.0,0.0,4.1803584,0.0,2.379092,5.1982026,4.7942615,4.327095,1.1795555,1.4235145,4.209536,0.0,0.0,0.0,1.0480939,0.0,0.0,6.645195,3.809978,2.2561407,1.8514184,0.0,2.0414906,0.0,4.21542,0.0,0.0,0.0,5.217589,2.3721893,1.1631308,0.0
4.004085,2.5804,0.0,0.0,0.53661686,6.0297008,0.0,0.0,0.0,0.0,3.6886806,0.12164729,1.0693676,0.0,0.8975806,0.0,0.0,0.8878248,0.0,0.0,0.0,0.0,1.0654758,3.9283895,0.0,2.8534899,0.0,1.3203089,4.1513476,0.0,0.0,2.2806547,0.0,0.6520968,1.7051328,0.70351404,0.27175295,1.027392,0.0,0.0,0.0,1.0692532,0.0,2.7106755,3.22016,3.5586357,3.465878,0.0,0.0,0.63430977,2.04696,1.3229489,0.9980361,0.0,0.53770405,1.0013069,4.259755,4.6409345,3.1310039,0.0,1.3855131,2.1750011,0.0,2.1102352
0.0,5.296016,0.0,1.2480043,1.9401319,1.24697,0.15706593,0.0,0.0,3.4337537,3.4253027,0.7280504,0.0,0.0,0.0,1.8929144,0.0,1.2146776,5.9458146,0.0,0.0,0.0,4.1109385,0.0,0.0,0.0,5.0025535,0.40237355,0.0,0.36065888,0.0,2.647123,0.0,0.0,2.4766974,0.0,0.0,0.0,1.4818501,0.0,5.1190886,0.0,1.7889916,5.1018667,0.0,6.353935,0.0,0.0,0.0,1.7603856,4.072556,1.9458714,5.2013845,5.2862787,0.0,2.8431203,0.0,0.30500725,0.0,3.5151668,1.950705,0.0,0.0,3.911943
0.0,1.2959853,0.0,1.4230917,0.0,0.0,0.53224105,1.6792481,0.0,4.5122395,1.2471473,0.0,2.5472586,0.0,1.9786723,1.5460114,0.0,1.5357499,0.33338457,0.0,0.0,0.0,0.32000676,0.0,0.0,0.0,0.0,0.026803294,1.0547733,1.8416774,0.0,0.0,0.0,0.61989665,0.0,0.19575988,0.05603706,0.0,1.6194735,1.8286226,0.50263494,0.0,0.0,4.928129,0.0,2.8420105,0.904454,0.0,0.0,0.08633742,0.0,0.0,3.249614,0.0,1.7730377,0.0,4.1667714,0.8290266,0.0,0.0,0.0,0.0,0.37914872,2.1659992
2.089975,0.0,0.0,2.3760984,0.83776957,0.8356088,1.0856416,0.0,0.0,1.0749254,0.0,0.47765103,1.8799717,0.0,1.0814723,0.0,0.0,1.0568582,0.0,0.0,0.0,0.0,1.7567105,1.1653073,3.038594,0.17363274,0.0,4.361798,0.0,0.6280718,0.04604259,0.24273118,0.0,0.40861845,0.0,0.0,0.8494373,0.0,0.0,0.021168381,3.4670703,0.13442023,0.0,3.0524292,0.34503207,0.0,0.065542854,0.3120677,0.0,0.0,1.9971188,1.04658,0.0,2.0418723,6.0219793,1.2748582,1.9957978,0.0,0.0,0.90671074,2.2669795,0.0,2.6139567,1.545604
6.4767756,1.7760092,0.0,0.0,1.0646563,5.113302,0.0,0.0,0.0,0.21650271,0.0,0.0,0.0,0.0,0.0,0.0,3.647832,0.10877761,2.373678,0.5000813,0.0,0.0,0.0,0.0,0.007814222,0.17363805,0.0,0.0,0.0,0.0,5.3133497,2.1696603,0.0,2.5854084,8.706527,0.0,0.4394496,3.715354,2.7878668,2.4231408,0.9194824,7.1647468,0.0,0.0,3.3691063,0.0,0.65108293,0.0,0.0,4.2146354,2.6220026,4.2039466,0.0,4.0871964,0.0,0.0,0.0,1.4579865,0.4617784,0.0,10.635286,1.235306,0.2975694,0.0
0.0,1.2928333,0.0,0.0,3.0605297,0.0,0.0,0.0,0.0,2.318406,0.0,0.0,0.0,0.0,0.0,0.0,4.2188244,0.0,0.0,0.0,0.0,0.0,1.0548041,0.0,0.0,0.0,1.1376854,1.9585761,0.80570835,1.4724598,3.4475777,0.0,0.0,5.1138015,5.614913,0.0,0.0,0.0,5.0496545,1.5701251,0.38226756,0.0,1.3981391,0.0,0.0,0.0,0.0,0.0,0.0,1.0260609,0.8482438,0.0,3.4139395,3.767757,0.0,1.1729025,0.0,0.0,0.13452715,5.439601,6.0350966,1.0711795,4.5639715,2.2197957
0.0,0.039487626,0.0,1.1371009,0.32814464,2.3857946,1.135149,0.0,0.0,0.0,2.500408,0.35502297,1.4428563,0.20338404,0.39923912,2.1169858,0.0,0.61748207,1.3336904,0.0,0.0,0.0,0.17130202,0.008335254,0.0,0.0,0.0,0.0,0.0,0.0,0.1555741,1.2478861,0.0,0.0,1.9505622,0.0,2.3957293,1.0253588,3.9601507,0.30106285,3.6880744,0.49005425,1.4359155,1.7611339,2.9763796,1.777021,0.4123712,0.0,0.0,0.007930852,0.6319623,0.91934925,0.0,0.0,0.7889594,2.0817447,1.3710923,0.0,0.6324338,0.0,0.0,0.0,0.0,2.176408
4.86103,0.44754308,0.0,0.0,1.7641405,1.068888,0.0,0.2536315,0.0,0.0,2.439363,2.0003586,0.0,0.0,0.8102737,0.0,0.0,2.3827264,0.0,0.0,0.0,0.0,1.990309,0.0,0.0,0.0,0.0,3.473788,1.624151,0.0,1.085322,3.343428,0.0,0.32266188,4.29586,0.0,2.3846414,0.0,0.0,0.04358086,0.0,1.2818037,3.0319772,6.639708,3.9000218,1.1225119,1.3842717,0.0,0.0,0.0,6.898161,1.0614328,0.2948434,0.20855743,1.173224,2.461114,1.7181548,0.0,0.0,1.317546,5.2126164,5.086988,0.0,3.5482068
4.002738,2.515937,0.0,0.20088312,1.7290018,0.042291496,0.0,0.0,0.0,1.1202291,2.2579885,2.30213,2.0503824,0.24827679,0.27619988,0.0,1.2862875,2.030633,0.9184188,0.0,0.0,0.0,2.6631367,3.1562996,2.5734725,2.3018227,0.0,0.8635948,2.2153616,2.2658815,1.0878255,1.3635273,0.0,0.0,3.0055785,0.0,0.0,0.90324503,1.1751903,0.2159582,3.5591831,0.0,1.2865787,1.6761638,0.50496185,0.0,1.6986271,0.0,0.0,0.0,2.6723876,0.563856,1.0029286,4.0043864,3.716923,1.1362023,2.0990403,0.22106734,0.0,1.4160571,0.0,0.0,0.0,2.5775065
2.0808864,0.0,0.0,3.94446,1.4428374,6.7194786,0.0,5.9786153,0.0,5.9080787,0.0,0.0,0.0,1.1563638,2.1065052,0.0,0.0,1.7706276,3.7174358,0.0,0.0,0.0,3.5191433,0.0,2.9612663,0.37795234,0.0,0.0,0.0,2.3518271,0.0,0.0,0.0,4.492762,1.2581812,0.0,0.0,3.6453743,1.6293948,1.8725932,1.092542,2.9032981,0.0,0.0,0.0,2.631301,1.4621072,0.0,0.0,2.7307856,1.5283686,7.8868165,0.0,3.7897184,0.85686404,0.0,0.0,0.0,0.0,0.0,6.647896,3.858397,4.0160594,1.0548811
2.835704,0.61391425,0.0,2.9132261,0.2437663,0.0,1.4133362,0.0,0.0,3.2039263,0.0,3.2887015,0.89169604,1.4297999,0.0,0.078104734,2.207152,0.0,5.569541,0.0,0.0,0.0,5.8961344,2.990451,1.7445982,0.6269935,1.5889331,2.445282,0.0,2.694284,1.3018577,0.45099726,0.0,0.105457984,1.871323,0.0,0.0,0.77982485,0.0,4.5944586,3.7284007,2.3834019,0.36742884,0.0,0.17111975,0.0,0.0,0.0,0.0,3.5876877,0.0,1.3831251,2.4236557,9.097633,0.0,0.45504415,0.65572643,0.14691493,0.0,0.0,0.0,0.89414847,3.190755,3.48531
0.0,0.74957776,0.0,0.0,0.0,0.0,0.0,2.4042296,0.0,0.84526855,0.34760857,0.0,0.8806082,0.0,0.9836242,0.26415983,0.0,0.0,2.1343994,0.0,0.0,0.0,0.4932494,0.0,0.0,0.0,0.46417773,3.3577704,0.9126455,0.0,0.0,0.23872858,0.0,0.9124513,0.0,0.0,2.6863117,0.0,1.8836796,1.4763584,0.0,1.5917828,0.0,4.7673435,0.9644838,2.000838,0.096273795,0.0,0.0,1.1093841,1.2663538,3.2769804,2.1286204,0.0,0.27034587,1.7905372,0.99945813,1.6933459,0.0,0.80320436,0.8235231,1.1743097,1.4771224,2.8040903
2.043325,0.0,0.0,0.0,0.7572654,2.585803,1.8515148,0.0,0.0,2.7478065,4.493257,0.7199786,1.1506221,2.859187,0.0,0.0,2.3979416,0.0,0.055242356,0.0,0.0,0.0,0.761597,0.0,4.0025578,1.1794504,0.0,0.0,3.509442,1.4684293,1.5354961,2.9508572,0.0,0.0,4.3769937,0.0,0.33110178,3.073601,4.274934,2.153872,4.8772798,0.510756,0.89593136,0.0,0.0,0.0,0.69341135,0.0,0.0,1.7855986,5.0117493,1.1974413,0.11991727,6.974472,6.0342236,1.4850161,0.0,0.0,0.0,5.7196856,3.7750967,0.0,3.0525038,1.0008178
3.9991047,0.0,0.0,2.720015,0.0,3.0833287,0.0,0.0,0.0,3.848041,4.022729,0.45006996,2.8833358,3.9154646,0.0,1.3578413,1.573195,0.65292346,0.0,2.9808679,0.0,0.0,0.0,0.0,0.6471597,0.4859613,0.0,2.8150847,4.072239,2.2819448,1.2939934,0.24978307,0.0,2.3059928,1.1242851,0.49102852,0.0,4.9947133,1.8147147,5.1044464,2.7078528,0.33965,3.6157188,0.0,0.0,0.0,0.0,1.0343848,0.0,1.4659939,0.5061044,0.0,1.1894543,1.5708977,6.3169537,2.6925766,3.8738077,0.0,0.0,2.678956,0.73846716,0.0,2.897834,3.6324852
3.813458,3.9759002,0.0,2.5096166,0.0,1.3450841,0.0,0.0,0.0,0.0,0.9948578,0.0,0.0,1.0157292,2.5859916,0.0,2.6807384,2.3415625,1.4065498,2.5677729,0.0,0.0,0.0,0.748602,0.044467747,1.6739749,0.0,0.1628178,1.9344481,2.669617,0.0,0.0,0.0,1.5662303,3.1325326,0.0,1.3410676,5.382829,5.2347007,2.7391171,1.9768465,0.2427121,0.0,0.0,4.276647,0.0,1.7444326,0.0,0.0,0.13630018,0.42165044,0.7755329,1.3994726,0.0,4.962546,0.0,2.8910694,3.3564012,1.7203381,0.0,2.685976,0.0,1.3360617,0.0
0.0,0.9460866,0.0,0.0,0.0,1.1904411,0.0,0.0,0.0,0.0,3.6075292,0.0,0.0,0.0,0.39283213,0.0,0.0,0.0,3.0434694,0.0,0.0,0.0,0.8715402,0.0,0.0,0.0,2.3609033,2.6870854,0.0,0.0,0.514044,1.0797385,0.0,0.0,3.3682158,0.58190066,3.8618133,3.6285675,3.7588062,4.2778316,6.8389053,4.62812,1.847741,3.927506,6.444956,5.6667476,0.0,0.0,0.0,3.664028,3.1571617,2.3517272,2.0680704,0.0,0.0,3.1693857,0.0,0.0,1.929816,2.2296443,2.6999166,0.0,1.5465586,4.595554
1.2093052,2.918801,0.0,4.3693757,1.7365532,5.1095657,0.40383393,0.0,0.0,0.0,0.21387598,2.5811386,0.61473787,0.050429277,0.06284663,0.0,0.0,1.6965188,1.6778342,1.8289382,0.0,0.0,0.8406228,5.695316,3.2890866,0.0,0.0,3.151686,0.9443813,2.1677177,1.434464,0.0,0.0,2.3640616,0.0,2.3782136,0.0,2.241636,0.0,2.913338,3.542423,2.6099746,0.0,1.8807985,3.7563758,1.478507,0.0,0.53601134,1.0874645,0.0,0.0,0.09787379,0.0,2.4998875,4.7076383,5.8749638,0.38647598,1.6286108,0.0,0.3814448,0.0,1.6778792,1.3254434,4.173688
0.0,0.0,0.0,1.0409545,0.0,4.9955063,0.0,4.6143413,0.0,3.9537525,3.2699914,0.0,2.4844828,0.0,0.75430894,0.8875975,0.0,0.9291035,0.0,0.0,0.0,0.0,0.0,0.0,0.0,0.0,0.0,0.0,0.0,0.0,3.266593,2.0382147,0.0,0.0,3.495375,2.319034,7.596799,0.0,5.2517605,1.3296145,0.0,0.0,0.55704266,1.0865076,3.498261,6.665901,0.0,0.0,0.0,2.6955335,0.0077808313,3.4415982,2.5726032,0.0,0.517212,0.0,2.4450834,0.46454632,0.0,0.0,3.4109535,0.0,0.0,1.3763256
0.15735735,1.735254,0.0,0.13057889,3.317019,0.0,0.0,0.9676604,0.0,2.3876402,0.0,1.7668712,0.0,0.0,0.7011544,0.0,2.1792104,0.025404036,0.15801251,0.0,0.0,0.0,0.7993419,0.0,1.7072328,1.472172,0.0,0.15735412,0.0,2.8613617,0.053121664,0.030519947,0.0,2.007903,2.6851435,0.0,0.039514344,0.0,1.0941831,0.0,0.0,1.3251402,0.0,0.7824097,0.0,0.0,0.93527406,0.0,0.0,0.20621629,1.0162346,1.5553209,2.3533547,1.2266741,0.52350175,0.92377836,0.0,0.12721848,0.0,0.008098895,5.6405025,1.2451471,2.5052981,0.0
0.0,2.165902,0.0,4.553439,0.0,0.0,0.0,3.4223197,0.0,0.0,0.0,0.0,2.96942,0.0,5.36063,0.053936582,0.0,3.4343185,2.0026627,0.0,0.0,0.0,1.1490035,1.7534043,0.0,0.10674357,0.0,0.0,0.0,0.0,2.64371,1.0665373,0.0,2.3843877,0.0,0.0,3.4895241,0.0,3.6783454,3.2023408,0.108900666,4.725428,0.0,4.6479993,4.0261087,3.0462313,0.10900463,0.0,0.0,0.0,0.0,2.9631736,3.0534246,0.0,1.3871338,1.5862758,2.67762,0.0,0.0,0.0,0.0,2.020632,0.0,1.6687264
1.9857019,0.0,0.0,2.1827333,0.00049908645,0.0,2.2739687,1.2893822,0.0,4.045921,1.1359946,0.0,0.2536783,1.2573507,1.7905645,0.0,1.9448584,1.7729989,0.0,0.06954706,0.0,0.0,0.0,0.0,1.3074614,1.469388,0.0,1.983388,4.0163617,0.083334595,1.8608136,0.0,0.0,4.2583003,0.7246602,0.0,0.30087313,0.0,0.0,2.8181386,0.0,0.0,0.0,0.018842395,0.0,0.0,0.0,0.0,0.0,0.05248605,0.0,0.0,2.9715717,5.339286,1.6332153,1.4863627,2.2113497,0.0,0.0,1.8175972,4.283841,0.42356896,0.47115344,2.2298014
0.0,0.0,0.0,0.0,0.22835065,1.4933348,0.18480197,5.333602,0.0,1.8738186,0.0,0.0,0.0,0.0,3.6108758,0.0,2.484186,2.1449044,0.0,0.0,0.0,0.0,0.0,0.0,1.5085622,0.5144079,0.0,2.1011605,0.0,3.4728484,3.1279426,0.5284312,0.0,7.909351,4.7784677,0.0,0.0,0.0,0.10437751,5.975097,0.0,2.305197,0.0,0.0,0.0,0.0,1.5135312,0.0,0.0,0.0,0.0,0.0,4.3332887,1.723565,0.0,0.0,1.6734866,0.0,0.0,0.0,8.0689945,5.681254,0.0,0.0
1.904781,0.0,0.0,2.032015,1.8882233,0.028421639,0.6237572,0.0,0.0,3.148,1.7136241,1.1732644,2.1219652,0.0,1.1112419,0.0,0.0,1.4894964,0.6437123,0.0,0.0,0.0,0.0,0.84326535,0.5164775,0.81088984,0.0,1.6797777,4.226637,0.26992804,0.0,0.2411604,0.0,0.40516216,0.0,0.0,0.0,1.5274364,0.4840284,0.23549548,0.6678494,0.21971853,0.0,2.0845168,0.0,0.0,0.0,0.1644413,0.0,0.0,2.2837272,0.0,1.34782,2.1144075,3.147308,2.9403265,3.3256404,0.61694825,0.0,0.22105236,0.17268066,0.0,0.57410467,2.4851859
0.0,0.035496365,0.0,2.3966696,0.0,2.763227,0.86314493,2.6014624,0.0,1.3698149,1.931021,0.0,2.7698584,0.0,2.2008724,2.3252032,0.0,0.0,0.45737118,0.0,0.0,0.0,0.17769633,0.0,0.0,0.0,0.0,0.0,0.0,0.0,0.47454202,2.5672386,0.0,0.0,2.747762,0.9171999,3.261914,0.0058516404,4.267795,1.28215,2.7288373,0.6568866,0.6920073,3.3917887,3.577927,6.074252,0.2168482,0.0,0.0,1.7524114,0.0,3.221604,2.9309309,0.0,0.0,0.0,1.9239453,0.50980574,0.44172388,0.0,0.0,0.0,0.0,2.4544551
0.0,1.3575593,0.0,2.6772838,0.66890746,0.0,1.6042904,2.3881226,0.0,2.860283,2.6431756,0.23286352,0.0,0.0,0.0,1.4934667,0.0,2.1130695,0.6645866,0.0,0.0,0.0,0.0,0.0,0.0,0.0,0.3908141,2.199575,0.0,0.21587953,0.0,1.0385554,0.0,0.0,2.8031523,0.43276638,4.284587,0.0,2.1898196,0.11685103,0.0,0.83311665,0.0,2.933188,1.2777386,2.262923,0.42260212,0.0,0.0,0.0,1.0908059,2.0631359,1.8400654,1.1073847,0.44395974,4.8319435,0.497279,1.0055715,1.3022096,0.0,0.0,0.0,0.0,3.0029328
2.6425734,2.0341513,0.0,1.9365696,0.3491968,3.272564,0.0,0.0,0.0,2.2878096,0.31371686,1.0233978,1.9619845,3.469816,0.0,0.33975926,0.19320576,1.7192416,1.2260422,0.0,0.0,0.0,0.17500526,1.1396213,1.7118281,1.8944085,0.0,0.0,1.9409101,1.9745638,0.0,0.0,0.0,1.0317649,0.0,0.14418721,0.059863746,2.6194525,0.10185902,0.9093607,2.85396,1.3351856,0.8020497,0.65656185,0.36709407,0.09968736,0.6781224,0.0,0.6477097,3.105503,0.9239985,1.649579,0.93193233,3.6306894,2.0130737,1.2769574,2.4699664,0.0,0.0,1.1793244,0.2606678,0.57769394,1.3968577,0.27485168
1.7665001,0.0,0.0,0.0,0.04431353,0.9000143,0.30707693,0.0,0.0,0.3877131,0.0,0.0,0.0,0.0,0.053600173,0.0,1.1219217,0.0,0.92639214,0.7608009,0.0,0.0,1.5700318,0.0,1.721593,0.28330365,0.0,2.6804063,0.20570853,0.65230674,1.554841,1.1924133,0.0,0.5391438,2.8806973,0.8265874,1.2659559,1.9212217,0.76018804,0.014073164,1.3729147,4.4452524,0.0,0.3879603,0.0,0.97171736,1.3869799,0.0,0.0,0.5654105,1.5661553,0.371977,0.0,2.884869,1.8616351,1.4929265,1.7660253,2.700796,0.0,0.0,2.624771,0.3877001,0.5355232,1.2926527
3.019964,1.0074761,0.0,0.7846529,1.1291435,0.0,0.0,0.0,0.0,0.876234,0.0,2.7747364,0.0,2.4059098,0.0,0.0,4.097835,0.0,0.0,4.707592,0.0,0.0,0.25698954,2.4111693,2.1464033,2.4664211,0.0,5.3347125,2.9524875,3.92056,1.3176103,0.0,0.0,4.1113124,0.0,2.0264952,1.4363183,0.0,0.018384006,0.17774598,0.0,3.915043,0.0,1.4682956,0.0,0.0,0.0,0.0,0.0,2.4229069,0.38592932,1.0414017,0.9896223,2.836138,4.676492,3.8640645,2.4269907,0.0,0.0,0.93919736,2.06319,1.7117805,0.1422127,2.1273355
0.0,2.1784298,0.0,0.0,4.3523426,3.4815445,0.0,0.8168238,0.0,3.6701133,0.1274745,0.0,0.0,0.0,0.0,0.0,0.61505324,2.323909,0.0,0.0,2.686141,0.0,3.047033,0.0,5.9684143,0.5155039,3.064501,3.8119624,0.0,1.4648407,5.4755406,3.8949,0.0,0.0,6.2227354,2.4678745,1.610953,0.0,0.32537058,0.0,0.5986899,2.7971802,0.0,3.470425,0.0,0.0,0.0,0.0,0.0,0.6131322,0.46548238,0.75661355,0.4720372,4.3312783,0.5141339,5.445481,0.0,0.0,0.0,1.8495336,5.9896708,2.157863,0.0,0.0
3.599326,0.0,0.0,1.6891159,2.3309736,0.0,0.0,0.0,0.0,8.36182,1.8492568,0.0,0.0,1.0764167,0.0,0.0,4.00254,0.47220084,0.0,0.0,0.0,0.0,0.0,0.0,3.5217164,0.12053011,0.0,2.364877,1.6847049,3.0057938,1.8922677,0.88997924,0.0,1.651103,0.11097525,0.0,2.339768,0.0,0.0,2.2406433,0.41060185,0.0,0.0,0.0,0.0,0.0,0.0,0.0,0.0,6.491295,2.5785215,0.0,5.4034495,5.6543202,2.3591764,2.3742764,4.5009565,0.3189151,0.0,4.6603484,2.4226844,0.0,3.5446644,1.4492307
0.0,0.3022898,0.0,0.27692014,0.0,0.059197593,0.0,7.069354,0.47837064,0.0,1.0887798,0.0,3.727761,0.0,1.7166679,0.42536345,0.0,2.1455412,1.9022897,0.0,0.0,0.0,1.9781674,0.0,0.0,0.0,0.0,2.499758,0.15838826,2.478918,0.30660892,1.7667115,0.0,2.9583457,0.0,0.0,0.99811316,0.0,4.418332,1.5266896,0.0,0.0,0.0,1.707964,1.614337,4.1990595,2.0368536,0.0,0.0,0.0,0.0,2.3891559,2.6378686,0.0,0.0,0.0,2.8699691,1.6989565,0.0,0.2708483,0.0,0.8418679,0.0,2.3492203
3.60172,1.9832516,0.0,0.0,1.3029509,0.0,0.058415093,0.0,0.0,0.0,0.0,2.0302618,0.0,2.9980044,3.8855803,0.0,0.5804955,0.25583687,0.036632307,0.0,0.0,0.0,1.9946086,0.0,2.1063423,3.124034,0.0,5.042403,0.0,5.4145436,0.47099802,0.5613577,0.0,0.5498894,5.265051,0.0,0.0,0.014015254,0.0,3.693962,5.3750772,0.0,2.733091,1.1853584,2.9574974,0.0,0.5112981,0.29406637,0.0,0.0,0.0,0.0,4.2798643,0.0,6.791339,0.009132437,1.1926234,0.0,0.94659424,3.5807636,0.09829646,0.0,3.2392058,0.0
6.128332,1.8894116,0.0,0.86784846,0.0,0.0,1.76118,0.8244965,0.0,0.0,0.0,5.4636235,0.0,0.0,2.9596884,0.0,1.6626837,0.0,4.469849,7.3712406,0.0,0.0,0.8919096,0.0,2.2600245,0.0,0.0,5.654751,0.0,0.0,2.9559407,2.6120067,0.0,3.0324292,3.8295197,0.0,1.0745442,0.31538802,7.106286,0.0,3.8637285,1.8114448,0.0,0.5197321,7.2855062,0.0,3.1462617,0.0,0.0,0.0,0.0,0.0,0.0,0.0,2.1496203,0.0,0.23331851,1.8581693,0.0,0.0,2.360126,0.0,0.0,0.0
0.0,0.0,0.0,0.0,0.0,4.398217,0.0,0.0,0.0,4.586036,2.8973045,0.0,0.0,0.0,0.0,0.0,4.6527395,0.4681411,0.0,0.0,0.0,0.0,0.0,0.0,0.0,0.0,0.0,2.4874878,2.7039123,2.363491,0.485612,0.8746503,0.0,0.23695938,2.30058,2.4591126,0.8150975,2.9231007,6.4027014,1.9692086,1.2257196,1.9294127,0.0,0.0,0.0,3.2530525,0.0,0.0,0.0,2.1721327,0.0,0.58086103,0.0,2.6812172,3.8959315,4.28342,1.3979652,3.0461078,2.3487692,1.9313017,0.0,0.0,0.0,1.8277818
2.8468857,0.60970384,0.0,3.579459,1.1498289,3.5764878,0.6312392,0.0,0.0,0.0,3.1845994,1.8473914,3.857933,1.8766496,0.0,2.081726,0.0,0.0,0.9213248,0.97149044,0.0,0.0,0.0,1.5516763,1.0489172,1.845569,0.0,0.05913321,2.5196433,0.7458235,0.0,2.8834994,0.0,0.0,0.005810462,0.0,1.4438632,4.3627367,3.3034284,3.9331486,4.7859697,2.352078,4.022733,0.0,2.0111806,0.0,0.0,0.45841673,0.107369915,1.394666,1.7948021,0.0,1.2651498,0.0,2.5379345,2.1315784,3.7287815,0.0,0.0,1.0116636,0.0,0.677539,0.07233688,0.22115864
0.0,10.152615,0.0,0.0,5.53387,0.0,0.0,10.283511,0.0,11.54957,0.0,0.0,0.0,0.29323834,0.0,0.0,0.0,0.0,0.0,0.0,0.0,0.0,0.0,0.0,0.0,0.0,0.0,0.0,0.0,7.435491,0.0,0.0,0.0,6.521121,14.628915,0.0,2.422961,0.0,8.144347,1.4667141,0.0,0.0,1.1504993,0.0,0.0,0.0,0.0,0.0,0.0,0.0,0.542921,0.0,7.2645783,0.0,6.00223,0.0,0.0,0.0,0.0,5.436734,14.863962,0.0,2.30238,0.0
0.0,0.90258753,0.0,4.312572,1.2766124,1.5222735,0.0,0.0,0.0,2.540714,3.0435941,1.8873161,3.988812,1.3914367,0.0,2.8546712,0.0,1.488924,0.63004756,0.0,0.0,0.0,0.0,1.0883336,0.0,0.026646502,0.0,0.0,0.6584526,0.9847853,1.117724,0.8291471,0.0,0.0,0.8483176,0.22511509,2.1220682,0.09060349,3.9914439,0.0,1.3730122,0.0,2.2652533,2.5226889,0.9904193,2.6822379,1.614598,0.0,0.0,0.0,0.6445976,2.2430136,1.5969592,0.0,0.84544677,1.8602655,4.490103,0.04413456,0.0,1.7234136,0.0,0.0,0.0,2.1811392
0.0,0.0,0.0,0.0,0.31537366,0.171432,0.0,0.17257464,0.0,1.3330032,0.9330148,1.5666611,2.0931468,0.5942258,0.0,0.056189757,0.0,0.0,0.28211933,0.0,0.0,0.0,0.41253886,2.7271867,0.0,0.0,0.0,3.0491986,0.14709324,2.2826002,0.26189667,0.0,0.0,1.064956,0.0,0.0,0.0,0.0,1.442056,2.7165527,1.5408415,0.0,1.3896626,3.8733013,0.0,3.285816,2.2409742,0.0,0.0,0.25044322,1.1494917,2.3811977,2.746892,2.5882475,3.6618876,1.1652654,0.8698731,0.5790143,0.0,5.364723,0.10406551,4.233817,1.7301284,1.9744487
1.5409877,0.0,0.0,0.0,0.050527845,0.0,0.0,2.7066827,0.0,0.0,0.0,0.07461909,0.4393772,0.0,2.3412693,0.0,0.44957668,3.7756407,0.57619745,1.1096328,0.0,0.0,1.9522691,0.8853459,0.8400984,1.7852391,0.0,1.2166752,0.019257205,0.0,1.277178,1.024301,0.0,1.953977,0.24390298,0.4703006,2.048548,0.0,1.9066802,0.11332756,0.0,5.511901,0.0,3.5129912,3.20017,0.25093472,4.0633993,0.0,0.0,0.0,0.8705049,2.7435234,1.0873251,0.33016336,0.112283796,0.7660497,3.6784184,0.0,0.0,0.0,1.9438645,3.8375516,0.0,2.4289646
0.0,4.263893,0.0,1.153821,0.19338332,0.14036754,0.0,0.0,0.0,2.1151538,4.770985,0.0,0.0,0.0,1.8556304,0.75417864,0.18179661,0.0,9.817869,0.0,0.0,0.0,2.2707133,0.8295021,0.0,0.0,3.0917232,4.311559,0.48483396,0.0,4.053577,1.2632697,0.0,0.06889687,3.346316,0.0,0.0,0.0,3.9755137,2.3494794,2.0507233,2.5905445,0.0,3.2337341,0.0,3.8736014,0.0,0.0,0.0,6.4998484,0.0,2.6498961,2.8204327,7.035599,0.0,5.4723516,0.0,1.562186,0.0,1.6408741,0.07435988,0.0,6.14596,5.8176084
0.25439516,0.0,0.0,3.3564987,0.0051655397,6.0690727,0.0,0.0,0.0,0.906425,6.2072678,0.0,8.713358,0.0,0.0,1.4421972,0.0,2.1344366,3.590072,0.0,0.0,0.0,2.2009714,7.835925,0.0,0.0,0.0,0.0,0.14634715,0.0,0.2328751,0.2797609,0.0,0.0,1.6628935,1.7750175,3.195359,3.404432,6.526098,4.125914,10.042325,7.818722,2.9852757,7.917456,6.791769,9.327645,4.557137,0.0,0.0,0.0,1.5097752,4.5117383,0.06395409,0.0,1.432198,3.7900748,7.28969,3.7523098,0.0,1.9109087,0.0,0.24457577,0.0,9.529355
3.1994212,0.0,0.0,1.7550097,2.4009047,0.0,1.4223828,0.0,0.0,1.548281,0.0,2.5296242,0.0,2.548125,0.0,0.0,1.680337,0.16833763,0.779007,0.65329015,0.0,0.0,0.0,0.0,4.355755,0.58256006,0.0,4.279141,0.98898965,2.9157228,0.6528597,2.3772335,0.0,1.9734774,0.0,0.0,2.9293914,0.09090989,0.0,0.0,0.0,2.3690295,0.0,0.31794503,0.0,0.0,0.6735263,0.0,0.0,3.1027503,3.637915,0.0,2.353357,6.4402328,3.520947,2.2387538,0.93866885,0.0,0.0,2.7177618,6.0870676,0.0,0.0,0.0
1.2621467,6.7572193,0.0,0.20771983,1.9052234,0.0,0.0,0.0,0.0,3.800329,1.5163877,3.1453972,0.0,0.5913057,3.2176008,0.0,3.5994737,3.8266306,3.1536431,0.0,0.0,0.0,1.3694464,0.0,0.0,3.4491599,1.9707314,5.9863234,2.085589,0.76564646,1.3719038,0.0,0.0,3.9338758,0.0,0.62323844,4.4792733,0.0,0.0,0.5784293,0.04221067,0.27385572,0.0,4.0519176,0.21404715,0.0,0.0,0.0,0.0,3.5303864,0.0,1.1461135,2.5049007,0.1054275,0.5241159,4.8710747,0.5958396,0.0,0.6577129,0.0,6.169163,0.0,3.3748853,3.5273643
0.0,0.0,0.0,0.0,3.4991436,0.0,4.551797,1.285618,0.0,4.7401257,0.28510168,0.0,0.0,0.0,0.0,0.0,0.5014657,1.2356746,0.0,0.0,1.0529878,0.0,0.19790581,0.0,0.76144665,0.0,0.7301718,3.8458843,0.20914783,2.009473,0.0,3.923319,0.0,2.6574986,3.768058,0.6517153,2.9592273,0.0,0.0,0.0,0.0,2.8643668,0.0,2.1726742,0.0,0.21552642,0.0,0.0,0.0,0.0,4.9878387,1.816695,3.7684767,3.5101707,0.93628824,4.449366,2.118413,1.0057683,0.47780824,1.8575487,3.5670073,0.0,0.0,0.0
0.9569913,0.0,0.0,1.635751,0.93558484,1.7508665,0.0,0.42446628,0.0,0.2127978,0.56566167,0.48658043,1.0371548,0.0,0.5905953,0.32979354,0.0,0.95633936,0.09684931,0.34673816,0.0,0.0,0.027114363,0.0,0.0,0.058853343,0.0,0.2293741,0.74816316,0.0,0.7243779,2.1569185,0.0,0.25944135,0.69471866,0.11921524,3.3877666,0.8546663,2.1128426,0.39492434,0.0,2.6391137,0.88709235,0.9498719,2.3097618,0.18694408,0.2708028,0.0,0.0,1.23094,0.6518796,1.6422172,0.5511895,0.0,0.0,0.82594854,2.4564312,0.010345849,0.0,0.0,0.8778909,0.9397703,0.0,1.0306963
0.0,0.0,0.0,0.09152997,0.0,4.356821,0.0,4.1971765,0.0,0.16813566,1.2145102,0.0,0.15423176,0.0,1.235141,1.7086266,0.0,0.5062921,1.0714494,0.0,0.0,0.0,0.0,0.0,0.0,0.0,0.0,0.31419477,0.0,0.0,0.8473522,2.378885,0.0,1.1701071,1.2167805,0.0,3.7889087,0.0,4.4782553,2.2191877,0.0,1.8086421,0.0,0.39227268,2.8534498,3.0369713,0.4178908,0.0,0.0,4.87512,0.0,3.6442854,3.515197,0.0,0.0,0.0,3.463921,1.6603192,0.9543447,0.0,1.7681092,3.093412,0.0,1.2034749
0.0,2.7551548,0.0,0.66441596,0.0,3.426774,0.0,1.4659305,0.0,0.06818375,4.429619,0.0,3.461861,0.0,0.613102,3.2234662,0.0,4.548345,0.0,0.0,0.0,0.0,0.0,0.0,0.0,0.0,1.4834476,0.0,0.0,0.0,1.6443717,0.0,0.0,2.7621677,3.2792623,1.8750451,3.0516872,0.0,6.4531765,3.7542737,2.6340797,0.2915886,2.6359844,4.0796623,6.0064797,10.989385,0.0,0.0,0.0,0.0,0.0,2.6102936,5.9203153,0.0,0.0,3.6669612,1.9446608,0.0,2.8314977,1.3678243,0.0,1.5070074,0.0,5.0783687
0.0,0.0,0.0,0.51478326,0.1746307,5.5157804,0.27236095,3.6396384,0.0,4.984001,3.0377688,0.0,0.43542796,0.0,0.0,0.0,0.0,0.0,0.22531036,0.0,0.0,0.0,0.22508992,0.0,0.0,0.0,0.0,0.0,0.13407305,0.5179449,0.0,5.5888395,0.0,0.0,4.388403,0.0,1.997089,2.3615856,3.2610357,2.8366394,0.0,0.0,0.0,0.0,0.0,4.615918,0.41588536,0.03616749,0.0,1.9646988,0.5395671,3.0567205,0.8153563,2.030096,2.8071988,0.9698189,2.8805327,3.227506,0.0,0.36016715,2.5794485,0.95896775,0.0,1.0474901
3.8336923,0.0,0.0,3.7455013,2.5564299,6.1728935,2.2374742,1.691429,0.0,1.2506646,0.9392381,0.15797727,0.0,3.2030365,0.0,0.0,0.0,1.144012,1.2292992,0.64131254,0.0,0.0,0.0,0.009657795,0.4180317,0.0,0.0,3.9853654,2.4423459,0.0,1.0217117,1.9805031,0.0,4.193784,1.7446145,0.7086379,0.65086013,3.855502,0.0,2.3382092,0.0,0.16153777,0.0,0.0,2.4137142,0.0,0.0,0.18978006,0.0,0.9733156,0.0,1.625709,0.0,6.760887,0.0,4.3110924,0.0,0.0,0.0,2.0201623,2.8672683,0.0,0.0,1.4498782
0.0,1.8952355,0.0,0.0,0.0,1.9123583,0.37288162,0.0,0.0,0.0,3.281186,0.0,0.0,0.17496899,0.6908322,0.07184786,1.980057,0.0,0.49261975,0.0,0.0,0.0,0.0,1.9537241,0.0,0.0,0.0,4.116312,1.0309805,1.5631449,1.6089523,1.273144,0.0,0.0,1.8062559,1.2995212,0.0,2.4905968,5.785816,5.200599,5.001287,1.0364529,1.42074,1.8781949,1.7042725,3.2172308,0.0,0.0,0.0,1.0793628,1.2476411,0.0,2.098953,0.0,2.623902,3.9498754,0.0,0.116876945,1.9228737,2.9007952,1.2605805,0.0,2.8308322,3.230608
5.4574037,3.2820153,0.0,0.0,4.041091,2.7251558,2.977819,0.0,0.0,6.4145236,0.0,0.0,0.0,4.193587,0.0,0.0,4.520903,0.0,1.2678777,0.0,0.0,0.0,0.51120025,0.0,0.0,0.0,0.0,1.1274992,0.0,3.8103728,2.6501937,0.0,0.0,2.2210643,5.756577,0.59557587,0.0,4.3384914,3.1121194,0.26786944,1.9152902,0.0,1.034774,0.0,0.0,0.0,0.0,1.5927889,0.0,2.6600394,0.0,0.0,0.0,4.443726,0.41854534,2.5770833,0.0,0.0,1.7824117,2.761807,1.9546344,0.0,0.7770996,0.0
0.2094321,0.0,0.0,0.0,0.0,0.070491165,3.174968,0.0,0.0,0.0,0.027996287,0.0,0.0,0.0,2.3931437,0.0,0.0,0.0,0.78525645,0.0,0.0,0.0,0.11896373,0.0,0.0,0.0,0.0,0.4765342,0.24661435,0.0,0.19379216,1.6679003,0.0,0.9553432,7.4488654,0.0,1.3069154,1.9557666,2.4788487,5.3178606,2.2894652,0.0,0.0,5.712872,3.5013242,5.292107,1.2282145,0.0,0.0,0.97333044,0.0,1.0113463,1.0126883,0.0,0.0,2.247061,2.1360226,3.2866929,4.3218846,0.0,0.43145633,1.030355,0.0,4.221872
6.130176,0.0,0.0,3.2927508,2.392008,1.8104608,0.0,0.0,0.0,1.6760199,0.0,0.3438849,0.0,0.0,1.6472442,0.0,1.3591405,2.475989,2.9762578,0.29932633,0.0,0.0,2.401149,0.0,2.7388458,0.3053377,0.0,2.4914384,3.05303,1.4749962,2.2027593,1.1090738,0.0,4.3201046,1.8767674,0.0,0.0,2.7896135,0.0,1.4342722,0.0,1.8799658,0.0,0.0,0.8921566,0.0,0.46684945,0.0,0.0,0.27999496,0.0,0.3092243,0.63867384,6.1965528,0.0,1.1977497,3.4314668,1.2397896,0.0,0.0,0.0,2.313208,0.0,0.64016634
0.0,4.8089995,0.0,1.2411968,2.224292,1.05677,0.0,0.9791757,0.0,2.436905,0.0,0.24540858,0.0,0.0,1.0776691,0.0,1.093922,2.9561703,1.5560112,0.0,0.0,0.0,2.0693352,0.60240674,4.094097,2.8230128,1.8392272,5.577513,0.0,1.5319587,2.9976358,0.0,0.0,2.6105742,0.0,1.1025017,0.0,0.0,0.0,0.0,0.0,6.8661866,0.0,6.200639,1.8110046,0.10481159,0.0,0.0,0.0,0.95663637,2.1712549,5.474502,1.6654242,3.8841243,0.6061038,5.887122,0.0,0.0,0.0,0.0,5.856124,6.820051,0.0060534375,0.8410693
2.675856,2.3986983,0.0,1.5113748,0.50273883,0.4509993,0.0,0.0,0.0,0.0,0.0,2.2559736,0.0,0.0,3.4518604,0.0,2.2666204,1.6245017,0.0,3.3623202,0.0,0.0,2.4236996,0.0,0.0,1.192388,0.0,1.6069919,1.7304736,2.264031,0.0,0.0,0.0,4.1995196,0.32349727,0.0,2.1607983,2.3687184,6.5624146,1.1317818,2.2772882,3.466796,2.2267787,0.0,2.3597882,0.0,0.9233113,0.0,0.0,2.5204773,0.29967412,2.2969296,0.24002463,0.0,0.0,0.0,4.309214,0.0041486043,1.5405439,0.0,2.4513338,0.0,0.0,2.1830246
0.0,1.3930203,0.0,3.6252098,0.02533025,0.15599108,0.92661285,1.9891906,0.0,4.075688,0.0,0.0,0.0,0.0,0.8381027,0.0,0.0,2.3098469,2.2280114,0.0,0.0,0.0,2.3992007,0.12460402,1.5422375,0.39606464,0.0,2.212731,1.0421808,2.7874706,0.48434356,0.6111512,0.0,2.8331056,0.0,1.3817223,0.31628174,0.0,0.0,0.6118562,0.0,0.48334542,0.0,0.27896535,0.0,1.0475368,0.0,0.0,0.0,0.0,0.0,3.6633453,3.1515443,3.5579712,1.2896553,3.8181095,0.13812399,0.97767085,0.0,0.24783559,1.8052008,0.0,0.0,1.8807626
0.0,2.7065284,0.0,2.453568,2.4407098,1.2083154,0.0,3.2619128,0.0,3.857899,0.0,0.0,0.0,0.0,0.9921597,0.0,1.0553068,2.9612963,1.1201525,0.0,0.0,0.0,0.0,0.0,0.0,0.081723295,0.21556151,2.5583296,0.0,3.4900565,0.0,0.97938585,0.0,6.1993036,0.83177453,0.0,3.158675,0.0,0.0,1.9582031,0.0,2.2537727,0.0,0.0,0.0,1.5770975,0.0,0.0,0.0,0.12721981,0.22043268,2.3783672,1.909136,0.029273406,0.04665846,5.3022056,0.87215096,2.9832788,0.0,0.0,2.3226175,0.02305813,0.0,0.24525195
2.6239889,0.0,0.0,3.799691,1.082056,4.084473,1.8915265,2.1216323,0.0,2.7896974,2.4901912,1.1201985,0.71521044,1.8086362,0.43509036,0.0,0.0,3.0647016,0.5857396,0.0,0.0,0.0,0.0,0.0,1.1225653,1.5309488,0.0,0.0,0.0,1.4360282,0.387243,1.9124148,0.0,0.0,3.6404574,0.0,2.3813465,1.122558,0.3756118,0.34243903,0.0,0.0,1.2990643,1.9373915,2.390726,1.5000529,1.6299026,1.0974545,0.24984197,0.0,0.07478022,0.0,0.9345757,0.97897905,3.7268085,0.0,4.114902,0.0,0.0,0.72883594,0.73592097,0.81229335,0.0,0.0
0.0,0.0,0.0,0.0,0.0,3.741588,0.30548587,0.0,0.0,0.0,4.8984404,0.0,3.3755758,0.5379335,0.14353935,1.2908694,0.0,0.0,1.2055719,0.0,0.0,0.0,0.0,0.0,0.0,0.23658812,0.0,0.0,1.4179066,0.41396365,0.0,0.025366243,0.0,0.0,4.3544135,0.0,1.2083062,4.196987,3.3263075,5.7401967,3.832597,0.9670683,3.9181619,0.66887057,0.0,2.5186033,0.0,0.0,0.0,4.929421,4.671148,0.9408864,4.3691554,0.0,0.0,0.0,4.0879445,0.0,0.0,2.1728244,3.0006337,1.2587463,2.8194127,2.6439807
0.0,1.3295953,0.0,0.0,0.0,0.0,1.887763,0.0,0.0,2.5305643,2.6660507,7.270143,0.109916724,0.76626915,0.6244286,0.0,0.06952333,2.346825,0.0,0.0,0.0,0.0,0.0,1.2500484,1.9792987,3.6833518,0.0,4.4842978,0.89205754,3.5645576,0.12822849,1.6802789,0.0,0.0704085,0.34299293,0.18821687,3.0962324,0.0,0.0,0.0,0.65839916,0.9388384,2.069976,5.217091,0.66100323,0.0,1.4393232,0.0,0.0,0.0,2.103317,0.0,4.2145386,3.2331583,4.592984,5.112101,2.955818,0.0,0.0,4.379151,2.46728,0.0,0.0,0.0
4.5487604,3.3296869,0.0,2.8175666,0.0,3.462673,0.0,0.0,0.0,0.9895023,0.42543584,0.0,0.0,4.1894264,0.934303,0.0,0.03567964,0.0,5.022436,0.0,0.0,0.0,0.7357536,0.0,3.3599987,0.5398477,0.0,1.6838862,0.88317883,0.0,0.26745138,0.0,0.0,0.68240654,2.73586,0.0,0.0,6.7677226,1.1565932,0.86890244,5.5446815,3.5997574,0.0,0.0,2.3578215,0.0,0.56143147,0.0,0.0,2.1473668,2.340485,2.356577,0.0,6.7607656,2.5578856,4.108436,0.0,0.08810178,0.0,0.0,3.9054077,0.0,4.189987,1.356249
2.5515018,0.0,0.0,4.0912795,0.058426175,8.683648,0.79663044,1.1912867,0.0,1.6364448,0.23536755,0.29363754,2.544378,0.0,0.0,0.0,0.0,1.705075,0.0,0.0,0.0,0.0,0.8609307,4.0723825,0.07939984,0.0,0.0,0.0,0.0,0.849548,0.33765408,1.6531659,0.0,1.8704804,0.0,3.0814927,0.0,2.714712,3.192814,2.1886845,3.1251905,2.3748767,1.3143766,0.0,5.114571,3.8236241,0.0,0.0,3.1471772,0.0,0.0,2.5595021,0.0,0.0,3.993639,2.2001045,0.48640794,1.557028,0.0,0.0,0.0,1.239728,0.0,1.846229
0.049013026,0.0,0.0,1.2727087,0.72338545,3.525108,0.0,0.0,0.0,0.18966307,2.2983372,0.0,0.0,0.0,0.86470383,0.0,0.0,0.84679806,2.2328563,0.0,0.0,0.0,0.8237373,0.0,0.0,0.0,0.0,0.0,0.0,1.5633951,1.7030411,4.0882792,0.0,0.0,4.2487345,0.055070072,2.875641,0.0,2.07279,2.4653454,3.346147,0.67305523,4.0393033,1.1109121,0.0,2.6181157,0.0,0.18757635,0.0,3.1139307,0.86549765,0.0,1.3005137,0.13374044,0.16920283,0.0,5.0308943,0.0,0.0,0.9033792,0.82069194,0.0,0.0,0.0
0.0,0.0,0.0,2.058595,0.2589252,2.6852303,0.0,0.15753493,0.0,0.38967583,3.5586026,0.0,1.756829,0.34666106,0.0,0.0,1.4922149,2.2582183,0.0,0.0,0.0,0.0,0.0,0.1544831,0.0,0.0,0.0,0.58435494,1.8970064,4.6694174,2.5724947,1.4468713,0.0,3.6581357,0.4669465,0.6380693,1.0521462,0.0,5.338092,6.6675444,0.0,1.624139,0.7745226,0.0,0.0,0.0,0.0,0.0,0.0,3.2370124,1.7734154,0.87369454,5.0500436,0.12269233,0.0,0.110176034,6.1264186,0.0,0.0,1.8257703,2.8525314,2.5456285,0.0,2.6818233
0.0,0.0,0.0,4.09124,1.9252023,2.2871594,0.0,0.87451196,0.0,0.23179685,0.0,0.0,0.0,2.029116,0.0,0.0,0.950219,0.0,0.0,0.0,0.0,0.0,2.0203047,0.0,0.0,0.0,0.0,4.2368164,1.0017533,4.9569387,1.7497158,0.6701455,0.0,5.0888624,0.0,1.3915746,1.0211166,0.0,0.46885973,3.7488842,0.0,0.9803448,0.0,0.0,1.0521383,2.3848362,0.0,0.39838174,0.0,3.996916,0.0,4.059271,2.5848467,3.6546955,0.0,2.032156,0.0,2.9499023,0.45802003,2.889967,2.9394383,2.7972038,0.028173015,3.9924626
0.89023054,0.4508456,0.0,0.457033,1.9236981,1.6127644,1.8514185,0.0,0.0,0.0,2.53209,0.029677637,2.0494092,0.0,1.2529825,0.0,0.0,0.6833705,0.9624081,0.0,0.0,0.0,0.0,1.5357057,0.0,0.0,0.0,2.7829208,1.6408131,0.0,0.0,1.2979319,0.0,1.2293892,1.2422413,1.8867447,1.4410204,0.84061587,1.371829,1.8158412,2.3633323,4.312275,0.52043283,3.9515548,4.042579,3.3492286,1.2136985,0.0,0.0,0.0,1.5548146,0.878207,1.8937223,0.0,0.0,5.395471,1.7806915,0.46768162,0.06299602,1.2878816,0.0,1.2084045,0.0,1.7791852
0.0,0.06822881,0.0,0.6869841,0.0,1.1280336,2.8950374,0.0,0.0,4.215211,3.7289329,0.0,5.7585177,0.0,0.0,1.6769664,0.0,0.0,0.0,0.0,0.0,0.0,1.8291231,1.8038301,0.0,0.0,1.303348,1.7265272,2.7239497,0.0,0.9539187,2.1130373,0.0,0.0,1.54179,2.3573592,1.5691577,0.5309911,2.9321773,2.326659,0.0,0.0,1.2370181,4.3629966,0.51499796,7.9153414,1.0629557,0.0,0.0,0.0,0.31522447,2.6835887,4.7297144,2.6768787,1.3693497,3.529703,1.1865065,2.386758,0.0,3.7987072,0.0,0.77989906,0.0,3.8046296
0.0,0.0,0.0,1.6734445,0.0,2.818903,0.20826109,2.3647346,0.0,1.0300704,0.27677324,1.7876432,0.0,2.3504531,0.0,0.0,0.0,0.44559652,3.5216095,0.09149268,0.0,0.0,0.0,0.0,2.3304043,0.0,0.0,1.9655507,0.6519858,0.0,1.8768781,2.2998734,0.0,2.5159492,0.49392307,1.8594644,1.353806,0.0,0.0,0.0,0.0,1.2369714,0.0,0.52077985,0.15497848,0.0,0.0,0.0,0.9010843,0.0,0.0,1.2447687,0.0,4.6968603,1.1646153,3.9899485,0.0,0.0,0.0,1.0960143,2.7127447,0.7422055,0.0,1.2129413
0.0,0.0,0.0,1.3641057,0.0,2.8105578,0.0,2.462068,0.0,1.7350806,0.39689338,0.0,1.1710275,0.0,2.5407884,0.0,0.0,0.26573315,0.0,0.0,0.0,0.0,0.0,0.0,0.0,0.0,0.0,0.0,0.0,0.0,0.5259047,0.0399222,0.0,3.1034954,0.0,2.702819,4.3678746,0.20209797,1.5425351,1.3384811,0.0,2.9366617,0.0,0.9090142,1.9854252,3.984348,0.35851383,0.0,0.0,2.6039424,0.0,1.549839,3.7538328,0.0,0.0,0.13722758,3.969309,0.0,0.0,0.0,1.1128446,0.0,0.0,0.93271285
0.0,1.1461555,0.0,3.3860056,0.042802896,4.43934,1.6384897,0.0,0.0,1.3143442,2.4115388,0.13776398,4.300204,0.31482896,0.0,2.3909373,0.0,1.8489578,0.0,0.0,0.0,0.0,0.0,4.5021386,0.0,0.1937609,0.0,1.1475691,0.0,0.98483086,0.0,0.8869247,0.0,0.0,0.0,0.9120439,0.0,1.9600013,2.7470572,1.9409603,3.3791308,0.0,2.1179183,2.157732,1.9207804,3.8835697,0.10107579,0.0,0.0,0.0,0.12672518,1.8333951,1.3738034,0.0,3.662727,3.7836905,1.923744,1.1407436,0.0,0.32120085,0.0,0.37418357,0.0,1.6283821
0.4143491,2.0293868,0.0,0.91992015,1.9020671,0.0,1.6536,1.757314,0.0,5.362894,0.0,0.0,0.0,1.2999388,0.6218164,0.0,1.5723959,1.0388534,0.0,0.0,0.0,0.0,1.5351363,0.0,0.0,0.0,0.0,0.67616177,0.23397344,2.4573143,0.0,1.4615078,0.0,1.1426914,1.3944432,0.80184764,0.0,1.7879484,0.22102228,0.48786315,0.0,0.0,0.0,0.0,0.0,1.1499113,0.06083447,0.0,0.0,0.0,1.289078,0.06220351,2.6396136,0.5697979,3.9411342,0.0,1.6698005,1.2541659,0.0,2.2076745,2.080949,0.0,0.0,0.0
0.0,1.3961821,0.0,3.9111898,2.8252425,2.0317385,0.0,5.8734846,0.0,8.334829,0.0,0.0,0.0,0.0,0.0,0.0,0.0,3.694356,3.015088,0.0,0.0,0.0,5.2295523,0.0,1.4647648,0.0,0.0,0.0,1.8249596,4.6751933,2.3510654,0.0,0.0,5.6338058,0.0,0.0,0.0,0.0,1.645484,0.96160805,0.0,0.0,0.0,0.0,0.0,0.45465878,0.0,0.0,0.0,0.0,0.0,7.261316,2.044762,6.117532,0.18407817,0.0,0.0,0.0,0.0,1.3418069,6.1893396,0.0,2.3440592,2.225799
2.6131773,2.0978017,0.0,0.0,0.29822105,0.0,0.0,0.0,0.0,1.9297551,0.0,0.0,0.0,1.9293861,1.5035859,0.0,2.538815,3.201969,2.4024544,0.0,0.0,0.0,1.5863358,0.0,1.6542617,2.6773126,0.0,1.4784088,0.0,0.3768353,3.6250992,0.0,0.0,2.3213382,3.4259975,0.4029676,2.2739377,0.0,1.2727315,0.5493962,3.9365618,1.2506417,2.9651668,0.9163849,3.0697553,0.0,0.0,0.0,0.0,1.3462137,0.0,0.0,1.3480533,2.7082336,4.139109,4.8280497,3.1094484,0.0,0.0,0.66415364,1.4199152,0.0,0.0,0.0
0.074422985,0.0,0.0,1.6803987,0.31179816,4.013681,0.0,1.0517358,0.0,0.0,1.4948847,1.0395361,3.846586,0.0,0.957726,0.92839247,0.0,2.1457424,0.0,0.0,0.0,0.0,1.5608518,3.8913944,0.0,0.03541819,0.0,2.6170309,0.6142849,0.048968926,0.8713353,2.2370393,0.0,0.6051753,0.0,1.1531675,3.1197538,0.44409412,2.8506649,1.229352,0.58057743,3.1858807,1.2699622,4.2716556,1.9911742,3.8045473,0.41529277,0.0,0.0,0.0,0.0,2.155176,0.62444377,0.0,0.10894586,2.0506344,4.7215724,0.08147413,0.0,0.19556762,0.0,2.679501,0.0,2.7037096
3.6968608,3.4107025,0.0,2.4806619,0.0,0.0,0.0,2.3263762,0.0,3.0090294,0.0,0.40092778,0.0,0.8228694,0.0,0.0,1.4828352,3.753311,4.7376294,0.40542406,0.0,0.0,1.7863805,0.0,2.2042131,0.0,0.0,0.86563337,0.5708442,3.2747636,0.1193482,1.7232528,0.0,2.2044852,1.2443904,0.45946288,0.0,0.054795243,1.6416293,0.5620481,0.6308775,0.85893273,0.0,1.1923491,0.0,0.0,2.255635,0.0,0.0,0.0,0.0,2.3609447,0.0,7.9742126,2.3761292,0.13147223,0.6290529,0.0,0.0,0.7608814,2.6387007,0.0,0.2978328,0.0
3.2819831,1.6085368,0.0,2.5032597,1.3368808,2.3344438,0.0,1.9505838,0.0,0.0,0.0,2.366686,0.0,0.0,2.1449676,0.0,0.0,2.8995936,4.7646685,1.3414149,0.0,0.0,4.644631,2.0677927,1.9699979,0.0,0.0,2.372393,0.8242082,0.0,2.348687,2.3789208,0.0,5.386826,0.0,1.4472187,0.0,0.0,0.17693181,1.1004195,0.0,3.7384114,0.0,3.5922823,6.82526,0.0,1.736372,0.0,0.0,0.0,0.6359124,4.055875,0.0,1.1990589,0.057819653,4.219138,0.0,0.0,0.0,0.0,1.8511517,6.035729,0.0,3.8936062
0.0,4.7781096,0.0,2.727837,0.0,2.9225059,0.0,2.609128,0.0,0.370778,0.0,0.12959127,3.0781524,0.0,2.4651382,0.0,0.0,4.663116,3.4746618,0.0,0.0,0.0,1.8678489,3.288019,0.77818674,0.068790145,0.0,0.0,0.0,0.83290756,0.0,1.6551714,0.0,2.200693,0.0,1.696372,0.09088557,0.7663536,1.3849082,2.9980102,0.4324286,3.5158947,0.0,2.0508363,6.4299364,4.2406783,2.8633554,0.0,0.12259378,0.0,0.0,2.601957,0.0,0.0,2.3397517,3.0090804,0.5319801,0.0,0.0052008107,0.0,0.0,5.8063254,0.0,0.88463086
0.0,0.63614994,0.0,3.0013354,3.7976103,0.0,3.6605365,0.0,0.0,7.1815796,0.55859387,2.3058386,0.0,5.7577424,0.0,0.2679006,1.3794384,2.3220472,2.0016034,0.0,0.0,0.0,0.0,0.0,1.4612646,2.5168948,0.0,0.0,0.0,4.3450103,1.1249206,0.3802981,0.0,0.0,2.24683,2.813766,0.0,0.0,0.0,1.700232,1.696203,0.0,1.8417577,1.0509635,0.0,0.0,0.06397062,0.0,0.0,1.5641824,0.0,0.0,3.2530785,4.581097,4.0517564,3.3937447,0.0,0.0,0.0,1.8504313,3.6348624,0.0,4.8856783,0.0
2.5675955,0.07754729,0.0,0.7854766,1.3210387,4.2040887,0.0,0.0,0.0,0.47644448,0.35124958,0.87835747,0.05325392,0.0,0.0,0.0,0.0,2.2631922,0.0,1.8074304,0.0,0.0,0.016999261,0.0,0.14706889,1.7782106,0.0,0.0,0.0,0.0,0.98087156,1.0707057,0.0,0.1819628,1.504439,1.153764,2.8648748,0.7257093,3.4004197,0.0,0.0,1.7563162,2.1138783,0.025263507,4.450551,0.7812294,1.1493134,0.0,1.2103223,0.0,0.0,0.0,0.0,0.0,1.2885014,1.6134998,2.297981,1.7002398,0.4974087,0.0,0.078233376,0.87387735,0.0,0.0
0.0,0.0,0.0,0.0,0.0,4.489339,0.0,2.8003802,0.0,0.0,0.7019664,0.0,0.0,0.0,2.734107,0.0,0.0,0.3121369,0.0,0.0,0.0,0.0,1.4050212,0.62653136,0.0,0.0,0.0,1.1767662,0.0,0.0,1.7683941,3.4255545,0.0,0.0,2.9148893,0.4239618,3.122936,0.0,4.066825,1.3475331,0.0,3.688297,0.8670295,2.575818,4.9442387,5.49453,0.0,0.0,0.0,0.0,0.21136895,3.2087727,0.88726395,0.0,1.456298,2.4417553,0.26473168,0.70830244,1.1634514,0.0,1.2331132,3.758816,0.0,3.9917583
3.5512254,0.0,0.0,0.82603824,0.0,2.802045,0.19705611,0.0,0.0,3.9486177,0.0,0.0,3.098478,0.0,0.20544304,0.0,0.0,0.78207743,0.0,0.0,0.0,0.0,2.5922675,0.20396109,2.0967643,0.9194089,0.0,0.0,2.1934447,0.0,0.0,0.7799697,0.0,0.0,0.9071111,0.0,0.14299057,2.935812,1.023495,0.7349736,2.886501,3.4325674,3.456705,1.9361832,0.0,1.2323008,1.021093,0.0,0.0,1.8706003,5.149347,3.1199923,0.5842114,2.4453385,2.682002,0.31879666,5.6375813,0.0,0.0,0.0,2.3755403,0.92301077,0.1708286,4.6185265
0.0,0.49552903,0.0,2.616649,1.0794353,6.1828737,0.0,0.0,0.0,3.021177,2.2384982,0.0,2.214279,0.64479727,0.9479629,2.5575578,0.0,1.4195733,0.4369082,0.0,0.0,0.0,1.4072936,0.7516841,0.0,2.336217,0.0,0.0,0.0,0.35906062,0.36312065,0.48692805,0.0,0.23190692,1.455213,1.0391872,2.0684845,3.3889167,3.4943144,0.027776767,2.715966,1.7711911,3.5406759,0.0,0.3500239,5.7610097,0.16467199,0.0,0.0,3.4535706,0.0,2.617301,1.0238907,0.0,1.0206945,2.1092756,1.4761302,0.0,0.0,0.0,0.0,1.8199689,0.0,0.27881995
0.0,3.7363248,0.0,0.80193985,0.0,2.9061735,0.0,2.3919835,0.0,0.0,0.0,0.66493726,0.0,0.0,2.5943182,0.0,0.0,1.9112383,1.9727743,0.0,0.0,0.0,1.2531585,2.902067,0.0,0.0,0.0,3.9368036,0.0,0.0,2.8191628,2.7147171,0.0,3.0139945,0.0,2.2279603,0.4935702,0.0,0.33333668,3.2357745,0.0,4.0441294,0.0,5.6918406,5.544576,2.8681188,0.0,0.0,0.0,0.4792319,0.0,2.7579646,1.5450827,0.0,2.486821,4.1614666,0.0,0.0,1.1315305,0.0,1.5115411,6.9124956,0.0,3.864854
0.6521841,0.017969899,0.0,0.6837029,0.23662072,1.0908408,0.0,0.0,0.0,0.0,0.49540064,1.5037841,1.0331153,0.0,1.1684254,0.0,0.007423454,1.9633187,0.0,1.4963914,0.0,0.0,0.0,0.0,0.0,0.85119677,0.0,2.637128,0.0,0.0,0.9357466,0.0,0.0,0.53825337,1.0646397,0.0,2.886499,0.271514,3.9547331,1.1594812,0.0,1.9881283,2.4108953,1.4632384,2.4771903,0.55761415,0.0,0.0,0.0,0.87751293,0.0,0.0,0.552381,0.0,0.1320852,1.6270888,2.9102855,0.0,0.530001,0.0,0.0,0.5291069,0.0,1.6117532
5.0047708,0.20251317,0.0,2.736823,1.2991829,3.4674516,1.0575918,0.0,0.0,2.0837245,0.8722168,2.822955,0.0,0.3337867,0.0,0.0,0.53366506,0.51122904,0.0,2.6443746,0.0,0.0,0.0,0.29736534,1.9774508,1.2913605,0.0,3.933295,2.2677991,1.6505929,1.1058395,0.80212486,0.0,1.2338336,1.0948093,0.4046861,1.8968118,2.9147792,0.27690756,0.0,1.0745127,0.0,0.0,0.15205775,0.6710454,0.0,0.0,0.363233,0.7384013,0.0,0.65056646,0.0,0.0,2.706381,5.3288283,3.9092495,1.954243,1.9139367,0.0,0.28276762,0.0,0.0,0.0,0.5707033
5.116312,0.31129253,0.0,2.221318,0.085082576,0.39508227,0.0,2.3244793,0.0,0.8357607,0.9928603,0.0,0.0,0.8227794,0.5951203,0.0,0.0,2.4988382,4.5108347,0.0,0.0,0.0,1.4393617,0.0,0.90184313,0.0,0.0,0.0,2.1632402,0.0028280169,0.85474944,0.82252175,0.0,1.9879174,3.263808,0.0,0.0,2.7445612,1.1832682,1.0843792,0.007107601,0.0,0.0,0.0,0.0,0.0,0.6018082,0.0,0.0,0.0,0.24468713,0.0,2.4670289,4.6228147,0.0,0.0,3.8808327,0.0,0.0,0.0,2.863768,0.71249884,0.9576939,0.10944175
0.0,0.0,0.0,0.0,0.46893105,3.231211,0.78381115,0.0,0.0,0.030863002,2.6062984,0.0,1.1185151,0.0,0.0,0.742624,0.17752853,0.104179375,0.0,0.0,0.0,0.0,0.9537522,0.5244651,0.0,0.0,0.0,1.2141978,0.2880788,0.0,0.22117883,2.2335415,0.0,0.30050355,1.3034952,1.8303723,2.713076,2.7008638,3.6507425,1.1927924,2.332788,2.6561513,2.1349013,0.0,2.1067488,3.2391858,0.0,0.0,0.0,1.2651623,1.6538956,2.0050201,0.0,1.0975826,1.2435304,2.7931366,0.56069195,0.2460179,1.2024559,0.7922734,1.1327707,0.0,0.0,1.8149139
0.0,2.2199728,0.0,0.0,0.0,4.3046403,0.0,0.0,0.0,0.675403,0.0,0.0,0.0,4.950743,1.9662584,0.0,0.0,0.15254982,3.4387233,0.0,0.0,0.0,0.0,0.0,0.0,1.7821198,0.0,0.026399117,0.0,0.0,0.0,0.61687267,0.0,0.0,5.468316,0.0,5.1911674,2.014367,1.182995,0.055432037,2.37597,0.0,5.542877,1.5648836,0.20600355,4.284266,0.0,0.0,2.2186952,4.0464664,0.0,0.0,1.563531,0.0,4.0471416,3.6491964,2.2561686,0.0,2.0247815,0.38498956,4.4044967,0.0,0.0,0.0
0.7409717,0.40624252,0.0,0.53653604,0.23642384,0.16818354,0.4987327,0.0,0.0,0.0,0.02235813,0.36541542,0.109268926,0.0,0.58292145,0.0,0.0,0.6981683,0.9550764,0.321959,0.0,0.0,1.0485953,1.1891359,0.0,0.0,0.0,1.6644005,0.20136568,0.08716513,0.21493292,1.1431297,0.0,0.17563888,0.6923948,0.69784176,0.5298654,0.6103135,1.3710204,1.5421585,0.62296236,1.5088798,0.031045996,1.6675845,1.9057223,0.6936227,0.55485016,0.0,0.0,0.0,0.0,0.37767625,0.19557074,0.5619342,0.82374734,1.67163,1.1412983,0.53042656,0.28509378,0.0,0.0,0.4431717,0.0,1.1423916
1.5113761,0.8711949,0.0,2.253509,0.46993384,1.9047827,0.0,0.0,0.0,0.15020703,0.6509282,0.25094974,1.1381445,0.0,1.0563322,0.8016797,0.0,0.0,1.5139769,1.0898354,0.0,0.0,0.17191097,0.46863052,0.0,0.0,0.0,1.1318192,0.0,0.0,0.0,1.1719965,0.0,0.0,0.1895559,0.0,2.5227966,2.088264,3.762501,0.0,3.7746754,3.6867414,1.256664,1.0733404,3.0625505,1.8835144,0.0,0.0,0.117236555,1.1478424,0.40594217,0.3813129,0.0,0.0,1.5139132,2.0003848,2.9335873,0.89186,0.1289871,0.0,0.0,0.0,0.0,1.2233285
0.0,0.7211369,0.0,0.0,0.0,2.6186886,0.0,0.0,0.0,0.0,0.5925628,0.0,0.0,0.0,0.14027405,0.0,0.0,1.8453658,1.3366314,0.0,0.0,0.0,1.9705626,0.42230472,0.0,0.0,0.0,2.403583,0.0,0.0,2.076296,1.4102643,0.0,0.06351349,3.015712,1.3389498,4.1710424,0.27601865,3.4902122,2.6300266,1.4134055,1.2702636,0.0,3.7365415,2.0997005,4.148195,0.37221658,0.0,0.0,1.4676945,0.0,1.5017371,0.0,0.0,0.45593837,1.4133905,3.2584097,3.1982183,3.3985944,0.0,0.0,1.1206746,0.0,3.0922592
3.057564,0.0,0.0,1.5891396,5.720011,4.207366,0.8765209,0.0,0.0,3.2044072,1.7941682,1.1371133,0.33553988,4.1282864,0.0,0.31804317,0.0,1.9358352,5.616645,0.0,0.0,0.0,1.6928198,2.1497223,5.5506186,0.03748812,0.38552615,1.5483352,1.668968,0.27645302,0.0,2.114588,0.0,0.19286233,2.3726816,0.0,0.0,0.0,0.0,0.0,2.6194816,0.0,0.91374135,1.0554062,0.0,0.8582736,0.3006707,0.0,0.0,2.2065573,5.4520025,1.8132299,0.58764076,9.763201,2.4591813,4.899773,0.31066415,0.0,0.0,4.1770654,1.2297218,0.8569333,0.0,6.150362
1.514916,0.0,0.0,0.0,1.2290573,3.272941,0.0,0.0,0.0,0.0,1.2386228,0.0,0.0,1.3011607,0.0,0.0,0.5063025,0.0,3.5064635,0.4874515,0.0,0.0,2.8416727,0.67444444,0.0,0.0,0.0,3.860908,0.0,0.05070902,2.8909335,2.1639552,0.0,3.0115633,3.9162748,0.0,2.367948,2.5961401,1.997404,6.3141613,5.1229844,2.794429,1.6369023,0.0,3.8753853,0.16092415,0.0,0.35294756,0.0,2.7097557,0.0,0.26834974,0.0,4.3193245,0.0,3.3774369,0.0,0.0,1.7922888,3.9830906,1.4030105,3.0528462,2.095563,4.913636
0.0,0.038198154,0.0,0.3516462,1.5212415,1.4863234,0.0,5.1896977,0.0,0.0,0.0,1.582276,0.026050324,0.0,1.9031483,0.0,0.0,0.6808629,0.54612046,0.0,0.0,0.0,1.4500413,0.0,0.0,0.0,0.0,1.0640565,0.0,0.0,0.50690657,2.7733939,0.0,1.4709487,1.3565159,0.35785195,1.3326385,0.0,2.2134833,0.0,0.0,0.0,0.0,4.3570795,3.873428,4.078341,0.34951338,0.0,0.0,0.0,0.13971564,2.7429812,3.8930008,0.0,0.0,1.8884052,0.0,0.75106364,0.0,2.0511966,1.1553662,1.1090518,0.0,0.7212726
0.0,2.7408745,0.0,1.4766067,0.0,0.51285076,3.8292325,0.91001767,0.0,2.789949,1.8250325,0.0,0.055971596,0.0,0.0,2.9255795,0.0,0.719406,3.6140997,0.0,0.0,0.0,0.0,0.0,0.0,0.0,1.309669,0.0,0.0,0.05854113,1.4821284,0.9823231,0.0,0.51415724,3.2361095,0.8339349,2.5044281,0.1272539,4.39941,3.1911886,3.58191,2.8769927,0.81721836,3.0050318,0.11557431,4.7320876,0.0,0.0,0.0,2.8440108,0.5231304,3.281277,0.20567743,3.1002774,0.0,5.991574,0.0,0.0,1.5838567,0.9544641,1.3778847,0.0,0.0,1.8735292
0.113864444,0.24515162,0.0,1.1427556,2.6648211,1.382726,0.0,0.0,0.0,2.8543384,0.3764356,0.0,0.0,0.0,0.0,0.0,1.2741616,0.0,1.9940585,0.0,0.0,0.0,3.6686485,4.642294,0.19709793,0.9533289,0.0,4.591169,2.5365777,2.723663,1.674359,1.626088,0.0,0.22651513,2.243721,0.7377553,0.0,1.3963004,0.30308542,2.333319,0.96866864,0.83064485,0.14252526,0.5248214,0.0,1.8912253,0.0,0.0,0.0,1.3554513,0.0,0.73333824,2.224041,6.95042,2.4332252,3.7890933,0.7660565,3.0094886,0.6728345,2.5265841,0.0,0.896206,3.6438966,3.2895346
0.0,0.418479,0.0,2.5626636,0.0,3.0129757,1.251036,0.0,0.0,0.0,2.0326314,0.0,1.2625114,0.0,0.0,1.3409494,0.0,0.011808164,0.36308175,0.8287785,0.0,0.0,0.0,3.2176335,0.0,0.0,0.0,3.6153045,0.0,0.0,2.3824368,2.2954314,0.0,1.690477,0.16622148,1.8775187,1.705159,1.7871811,2.6354806,5.279749,3.8993633,2.2780032,1.2662959,1.7840793,2.9483082,4.211137,0.0,0.05117104,0.0,0.0,0.0,0.6711224,0.60287184,0.32594708,2.600708,6.5095587,0.3088008,0.57613117,1.1064255,0.88213885,0.0,0.0,0.0,3.4810576
1.2048473,0.52420986,0.0,0.0,0.0,2.0154588,2.0186722,1.641259,0.0,0.6301878,1.7596451,0.6621085,5.036453,0.2615807,2.398073,0.0,0.0,2.532171,0.0,0.0,0.0,0.0,0.43827635,3.3153348,0.0,0.0,0.0,4.9521503,0.7761174,2.4136357,0.0,0.0,0.0,0.753921,1.2008538,0.0,0.0,0.09486886,0.0,2.9458125,1.0843806,0.0,2.7723532,4.491585,0.47554418,3.6472101,0.16486795,0.0,0.0,0.0,2.1313267,0.0,4.0302753,0.16824847,3.488065,0.0,3.940193,0.0,0.0,2.0590284,0.0,0.304604,0.5467129,2.7404294
1.5947695,0.0,0.0,0.0,1.5013448,0.0,2.2407405,0.0,0.0,3.041352,0.0,0.0,0.0,0.7639166,0.0,0.0,2.5212038,0.0,1.279622,0.0,0.0,0.0,2.0087016,0.4376986,1.2901156,0.5724028,0.3568786,5.0463595,0.033090744,0.0,3.223812,1.9710952,0.0,0.0,5.5655766,0.0,0.21650583,2.5343797,1.8072709,1.7624325,3.6073527,3.276812,2.5104907,2.3149452,0.0,0.0,0.0,0.0,0.0,1.9203109,2.0304308,0.0,0.67930096,7.4674826,3.770771,5.6894464,0.0,0.0,0.0,4.0358295,2.5296342,0.6922759,1.5584706,4.6057076
0.08467719,4.953298,0.0,2.4717083,1.1935098,1.4892771,0.0,0.0,0.0,1.5885434,1.6881461,0.0,0.7804684,0.0,0.0,2.2927053,0.0,3.306923,5.9305987,0.0,0.0,0.0,1.4829811,0.37245333,0.0,0.0,1.8005744,0.0,0.0,0.0,2.1153293,1.2747402,0.0,0.0,1.1558951,2.0059729,1.6669691,0.0,2.7976372,0.066762425,3.6319578,5.1007376,1.4873884,4.680228,4.8905983,6.0730276,1.7292589,0.0,0.0,1.4389913,0.0,1.9626656,0.007821854,0.0,0.0,3.5420992,0.18119636,0.0,0.67238086,0.26649034,0.0,2.5807583,0.0,2.8851588
3.7988286,0.7280967,0.0,2.2457986,6.897787,1.9886016,0.0,0.0,0.0,6.427779,0.24233633,0.0,0.0,1.5991737,0.0,0.0,4.250563,0.29144916,0.061214045,0.0,0.0,0.0,0.0,0.41066146,2.8603387,1.5650265,0.0,3.6229784,2.405273,0.8813404,3.2245522,1.7963519,0.0,0.0,2.621246,2.9148326,0.8347736,1.2494633,0.52966565,0.0,0.0,1.0041734,0.0,0.0,0.0,0.0,0.0,0.0,0.0,2.9273643,2.4482377,0.0,2.1005096,4.790623,5.3248577,5.899166,0.09143687,1.4214811,0.6854815,3.8922,0.95951277,0.0,0.0,0.0
2.292579,0.0,0.0,2.3280673,2.7342174,0.0,0.07631261,0.0,0.0,3.4605377,0.3945021,1.3468368,0.0,0.3390582,0.10562347,0.0,0.5237082,2.2179885,0.0,0.0,0.0,0.0,0.0,0.08820028,1.202068,1.4815962,0.021058112,1.3285488,2.4574766,1.6555551,1.1576768,0.16804256,0.0,2.318006,0.0,2.3572416,0.3297107,0.0,0.0,0.0,0.0,1.4783304,0.1929428,2.1365716,0.0,0.0,0.0,0.0,0.0,0.0,1.6728,0.16401598,2.3033085,4.357352,2.140736,4.759787,2.2388477,0.6186805,0.0,1.5967214,1.549302,0.0,0.0,1.9509429
0.35389358,1.42908,0.0,2.3563874,0.0,0.1859229,0.0,0.25284785,0.0,0.0,0.0,1.9567602,0.0,0.0,2.2479086,0.0,0.3081583,2.491206,1.2518266,0.0,0.0,0.0,6.861429,0.70418715,1.2085869,3.1893082,0.0,1.7077507,0.19648618,6.191636,1.6823717,2.2929373,0.0,1.6473402,7.9801598,0.0,4.330937,0.0,2.8340669,0.17311595,0.0,3.2114732,0.0,1.7137514,1.3707525,0.0,3.0327137,0.0,0.0,0.0,0.0,6.8069854,3.1178532,6.449216,1.2631086,0.66703147,0.05206645,2.8742826,0.0,0.0,4.4390364,4.447323,0.0,0.91681045
1.0047666,0.0,0.0,2.5857077,2.8296678,0.48909172,0.0,0.0,0.0,4.698725,2.387617,0.82673025,3.4053142,1.4416513,0.66671515,2.3382528,0.0,1.8429123,2.769134,0.0,0.0,0.0,0.68147486,2.2345927,0.0,0.0,0.0,0.0,2.8667336,0.0,2.4939,4.764412,0.0,0.37786132,0.7170409,0.3343155,1.5361754,0.0,0.0,1.0998741,0.5218294,0.43262178,2.435924,2.7176225,0.0,3.7139654,0.8883757,0.0,0.0,0.0,1.9479711,1.7618439,3.3789754,4.203979,0.96823996,4.2309704,2.7638454,0.5380725,0.0,3.7547183,0.0,0.0,0.0,6.312248
1.473783,0.16970032,0.0,0.0,1.0802712,2.0205264,0.0,0.76480466,0.0,0.0,2.1882417,2.874508,0.6321217,0.0,3.2829545,0.0,0.0,2.8970957,0.0,0.0,0.0,0.0,0.0,2.1131656,0.0,4.504137,0.0,1.4012282,0.7062171,0.0,2.800116,0.0,0.0,0.0,3.079363,0.13936898,1.2532023,0.0,1.6971002,0.0,0.0,0.0,2.1738157,3.612017,2.8711188,3.2998233,2.5033934,0.0,0.0,0.0,0.6944049,0.0,3.6181297,0.0,2.9866269,0.7164931,3.8353648,0.831468,0.0,0.0,0.0,0.22283788,0.0,0.88404465
5.2380414,3.8550375,0.0,3.2304387,3.4230266,5.1191154,0.7794432,0.0,0.0,0.8518941,0.0,0.0,2.6277986,0.0,0.05906861,0.15117036,0.0,3.6219134,3.0980902,0.0,0.0,0.0,3.9419856,4.4955134,0.0,0.4665622,0.0,0.0,0.20255023,0.46597654,0.0,5.0825934,0.0,1.8810711,0.3693811,3.7029877,0.0,1.9244806,0.3994489,0.0,4.7937503,6.784306,2.8242755,3.6938093,3.6704416,5.3485036,3.0070376,0.0,0.0,0.0,2.1363602,0.0,0.0,1.1476905,0.0,3.1038873,5.0685935,0.0,0.0,0.0,0.0,0.8949957,0.0,0.057690322
0.7034327,2.3479822,0.0,0.0,3.1945536,0.0,0.56972617,0.0,0.0,10.294622,1.1402302,0.0,0.0,0.0,0.0,0.0,4.0406604,2.9607253,0.0,0.0,2.6619256,0.0,4.911847,0.0,2.2715213,1.2230848,0.094253056,1.2413759,3.7291365,1.9632117,3.0217276,0.2658087,0.0,2.380909,1.8261646,0.0,0.0,0.0,0.0,0.0,0.0,0.0,0.5278789,0.889,0.0,0.0,0.0,0.0,0.0,1.0782526,2.7561526,0.71197814,4.9148297,7.6650567,2.47109,0.93572956,1.3163803,0.0,0.0,3.18243,4.3861756,0.0,1.3686717,3.6820953
0.23778988,0.2130969,0.0,2.223104,0.0,2.473824,0.0,0.24572533,0.0,0.0,0.5213004,0.0,1.5369803,0.0,1.8656468,0.3319951,0.0,1.9697703,0.6561849,0.85988754,0.0,0.0,0.9674343,2.562797,0.0,0.0,0.0,0.301111,0.6766966,0.44884554,0.15826958,2.2784276,0.0,1.1945404,1.4740465,0.013879001,0.79647595,2.2349544,4.600986,3.39879,1.9095885,1.7710916,1.0451595,0.71269834,4.0934796,1.4287602,0.26236007,0.0,0.0,0.0,0.0,1.5888891,1.0458003,0.0,1.0504616,0.5258967,2.7202976,1.5197525,0.0,0.0,0.0,0.96891534,0.0,1.030572
0.01688118,4.639346,0.0,3.3469574,4.384766,0.0,0.0,0.724572,0.0,3.7232418,0.0,0.0,0.0,1.1860319,1.903976,1.1176639,0.27184427,3.5291312,5.635018,0.0,0.0,0.0,2.104355,0.0,2.6074634,0.046546675,2.2531059,4.04809,0.0,0.14203775,0.017607769,3.2998674,0.0,0.0,5.8878126,0.0,0.0,0.0,0.0,0.0,0.0,1.4930061,0.0,1.5970209,0.0,0.0,0.0,0.0,0.0,0.0,3.3158154,2.5168414,5.3940544,7.5324054,1.9774442,3.3493946,0.0,0.8116696,2.2932327,0.0,3.8496718,0.8395078,1.9065714,0.0
2.5952513,2.0876825,0.0,3.452406,1.0524272,1.656056,2.0446665,0.53689337,0.0,1.7454407,0.0,0.37724787,2.9213037,1.3304996,0.0,0.42337453,0.0,1.369221,1.4393288,0.0,0.0,0.0,0.10094582,0.0,0.0,0.6251247,0.0,0.0,0.0,0.2714304,0.2155516,2.5025783,0.0,0.0,2.5927725,0.3327427,2.3822598,2.240903,3.5809636,0.0,1.8290972,1.9009725,1.8258916,4.1240506,4.761892,2.292105,2.1892047,0.35709387,0.0,0.0,0.76758146,0.5695894,0.0,0.0,1.3884562,0.0,3.2791457,0.0,0.0,0.0,0.22227609,0.0,0.0,0.0
0.0,0.0,0.0,0.48061898,2.2322006,0.0,3.0480304,0.0,0.0,0.052269157,0.0,0.6126813,0.0,0.0,0.0,0.0,0.0,0.0,0.32800502,0.0,0.0,0.0,4.2449985,0.0,0.9050101,0.0,0.9034151,3.7865148,0.5924822,0.19369546,0.564628,0.9465278,0.0,2.6182992,1.2086432,0.6014515,0.4183364,0.0,0.0,1.6415802,2.8882883,1.4372137,0.0,2.0130963,2.043447,0.6525273,0.0,0.0,0.0,0.0,0.7201684,2.7687118,0.7833503,4.203131,0.44149786,4.145728,0.0,1.6147705,0.0,4.2480397,1.513504,1.1842061,0.673744,3.9750688
0.5562221,3.7133977,0.0,3.1557403,0.0,0.27128696,0.3886713,1.8899152,0.0,1.1220661,0.8659043,0.86294866,1.2837045,0.24151781,0.2661181,0.10536532,0.0,2.2784808,3.8566165,0.0,0.0,0.0,0.21798272,0.0,0.0,0.0,0.0,0.0,0.0,0.0,3.2048864,0.59114486,0.0,0.36367515,1.9673364,0.92659646,0.82276064,0.0,2.3446026,1.4934983,0.8221473,0.0,0.2741996,4.2080994,5.7677345,3.8488696,1.5125841,0.0,0.0,0.0,0.0,0.08501806,0.0,0.0,1.1971116,2.091243,0.0,0.0,0.54114366,0.0,0.0,1.8997685,0.0,1.424215
2.750474,0.0,0.0,5.390252,2.7858887,2.8769681,0.94647247,0.90444505,0.0,5.97744,0.0,1.8537753,3.2641299,0.0,0.0,0.0,0.0,4.07715,0.0,0.0,0.0,0.0,0.0,1.2137058,1.8993522,2.3872592,0.0,0.0,0.7351793,4.646433,0.0,2.2052197,0.0,1.7879885,0.0,1.0854907,0.0,0.07566924,1.6677415,1.5049716,0.0,0.0,0.0,0.9739821,0.0,0.0,1.6787676,0.80069435,0.0,0.0,0.0,2.7614872,0.49680305,2.8802388,4.7719655,0.49459144,3.596216,0.0,0.0,2.0987206,0.38131195,0.1770176,0.0,0.0
4.925245,0.75503784,0.0,2.0498092,1.6281116,7.1452365,0.7738032,0.0,0.0,0.15570879,0.0,3.466531,0.0,0.2267396,0.0,0.0,0.0,1.1792923,0.13281184,4.220663,0.0,0.0,0.0,0.044648148,0.6296947,0.6105175,0.0,0.0,0.0,0.04641582,2.1012573,1.9912956,0.0,2.4656107,1.4019108,0.16176435,0.6177729,1.9722267,2.4965565,0.10021503,0.51723486,2.0699317,4.0335045,0.0,4.408186,0.0,0.0,0.0,2.9377031,0.0,0.0,0.69391876,0.0,0.0,2.0883112,2.6415493,0.0,0.0,0.0,0.09506859,0.0,0.8257399,0.0,0.0
0.0,0.1336683,0.0,1.5895157,2.0096433,0.0,0.0,6.1310596,0.0,4.843977,0.0,0.0,0.0,0.0,3.2924972,0.0,2.9769819,1.1936145,0.049832534,0.0,6.6935086,0.0,5.811571,0.0,3.461003,0.0,0.20447342,2.5871289,0.0,3.5624547,5.221188,1.5613873,0.0,4.4727416,1.1105105,0.34488943,3.923539,0.0,4.8873005,0.0,0.0,2.6290927,0.0,2.0334668,0.0,0.0,0.029624466,0.0,0.0,0.0,0.0,6.0695753,3.1759021,5.2563076,0.0,0.8143942,0.0,0.0,0.0,0.0,5.893685,1.1286258,0.0,1.7711904
0.0,0.0,0.0,0.0,0.0,0.8913138,4.7442307,1.1803972,0.0,0.0014657388,0.0,0.0,5.231408,0.0,0.10775225,0.57188046,0.0,0.0,0.0,0.0,0.0,0.0,2.137071,0.0,0.0,0.0,0.0,2.1317885,1.413036,0.9105439,0.008314484,3.9037113,0.0,1.2229011,1.9461286,0.21585123,6.833829,0.7900732,4.6364746,3.7087357,0.06611192,3.9711976,2.849597,5.4706473,0.43537217,2.8119562,0.31813458,0.0,0.0,0.0,0.0,1.9501051,0.0,0.0,0.0,4.2702317,5.6442947,0.0,0.0,0.0,0.0,1.9533812,0.0,3.08577
1.6991382,1.0159906,0.0,2.7104583,0.87756234,0.9509812,0.0,0.0,0.0,0.0,0.3296573,2.2380114,1.312194,0.14038542,0.26422843,0.0,0.0,3.8949366,0.5348548,1.5145648,0.0,0.0,0.16030365,0.0,0.0,0.57148093,0.0,1.8192137,0.0,0.62548935,1.873232,0.0,0.0,1.4503444,0.95975447,0.0,3.2808888,1.2564703,4.849897,0.27734724,0.7763838,3.172419,2.146592,0.56905997,4.921075,0.45298272,0.18222588,0.0,0.0,0.0,0.0,0.22493283,0.0,0.0,0.5638825,2.7464926,2.776563,0.0,0.099097565,0.0,0.0,0.14901564,0.0,0.0
2.8300412,0.7300315,0.0,0.0,1.6390982,0.0,0.0,0.0,0.0,2.9817982,0.0,0.0,0.0,0.0,0.5745205,0.0,0.6248234,0.86618245,3.3315485,0.0,0.0,0.0,3.4496,0.0,1.1801178,0.0,3.2324321,4.390324,0.0,0.0,0.0,0.0,0.0,5.1453834,2.7617967,0.0,0.31095448,0.0,0.0,0.0,0.626939,5.5016575,0.0,3.6819463,0.0,0.37976947,0.0,0.0,0.0,1.0044665,4.5239244,5.4595165,4.270722,4.1661224,0.0,6.633983,0.0,1.801787,0.0,0.0,6.0674844,1.5448661,1.212442,5.3850684
0.5867536,0.0,0.0,2.096724,1.0378228,1.1901847,0.0,4.151055,0.0,5.6888013,0.0,0.0,0.0,0.0,0.0,0.0,7.2216086,2.108555,0.0,0.0,0.0,0.0,0.0,0.0,2.1545634,5.711132,0.0,5.204652,2.115374,6.3279004,0.0,0.0,0.0,7.4002366,0.0,0.0,2.250082,3.3214216,0.0,0.78414416,0.0,0.45848364,0.0,1.1008402,0.0,0.0,2.837277,0.0,0.0,0.0,0.0,0.0,1.1901696,4.432683,4.7602224,0.0,2.4509752,0.5493803,0.0,0.82971716,4.1137524,2.686212,2.7159944,0.0
1.5112742,0.0,0.0,1.4815309,0.0,2.5997965,0.0,0.915284,0.0,0.0,1.2029152,0.09242996,0.43591246,0.0,1.73448,0.0,0.0,3.0016654,0.0,0.62310433,0.0,0.0,0.0,0.9651786,0.0,0.05581141,0.0,1.9823232,0.0,0.0,1.3100113,0.0,0.0,1.4661952,0.97927487,0.0,1.6725643,0.09795389,3.2675989,2.3948827,0.0,1.5679843,1.7970037,1.4093621,3.6903205,1.0616648,0.13918082,0.0,0.0,0.301631,0.0,0.5665815,2.1576943,0.0,0.0,0.0,3.288456,0.0,0.19844054,0.0,1.1665562,0.81097686,0.0,0.69332576
2.2376184,2.5301344,0.0,0.655279,0.9606087,0.0,0.0,0.0,0.0,0.0,3.373021,0.63974243,1.4095103,0.7051886,0.0,0.0,0.0,1.5904067,0.14166903,0.0,0.0,0.0,0.62039435,0.45680803,0.8678818,0.946895,0.0,3.2446864,1.2423283,0.0,2.037447,0.6583092,0.0,0.0,1.8485392,1.0241822,0.67378575,2.3133314,3.6745465,0.0,4.138615,0.0,3.5402966,2.777733,4.894052,2.7014358,0.5902882,0.38652316,0.0,0.0,1.191773,0.0,0.0,0.0,4.6309032,6.111763,0.3147367,0.0,0.0,1.110978,0.0,0.0,0.04597184,2.047307
0.0,0.0,0.0,3.4296317,0.74275774,5.2249575,0.0,1.9178554,0.0,1.3969427,1.8560482,0.0,1.4312279,0.0,1.2846457,1.4671869,0.0,2.900002,1.9724649,0.0,0.0,0.0,0.0,1.2971228,0.0,0.0,0.0,0.0,0.0,0.0,2.4158998,1.9472765,0.0,0.53187996,0.80269617,0.49115798,1.2079786,0.0,1.8728385,1.015363,0.2885918,2.972233,0.6259978,4.3412027,1.5529854,4.7063966,0.0,0.0,0.0,3.5051987,0.0,1.334866,2.321252,0.0,0.0,0.84887725,2.9475923,0.0,0.0,0.0,0.20586435,1.4857337,0.0,2.0002167
0.0,1.5781239,0.0,0.0,0.0,0.4005021,0.0,1.755265,0.0,3.6512663,0.0,0.0,0.0,0.0,1.8812462,0.0,0.16500911,0.0,4.345134,0.0,0.0,0.0,1.8919969,0.0,0.0,0.0,0.0,0.33195147,0.0,0.0,4.472464,4.420016,0.0,0.0,4.245183,2.359949,3.5077672,0.0,4.6316013,1.1974808,2.9377239,1.1519612,0.0,0.14418897,1.8035507,4.39367,0.0,0.0,0.0,5.5351458,0.0,1.3611622,0.0,0.0,1.7603151,1.0044309,0.8721219,2.5456572,2.4142451,0.0,2.7357752,0.0,0.0,1.0798633
1.9442288,0.0,0.0,0.0,2.2399902,2.2581015,0.821518,0.0,0.0,0.0,0.9909637,0.80038226,0.0,0.0,0.0,0.0,2.0859632,0.0,1.290302,2.6535642,0.0,0.0,0.0,0.0,0.4970392,0.0,0.0,2.0911725,0.0,0.0,1.9481364,2.7817533,0.0,0.67338836,3.8560796,0.75563765,4.267595,0.46021155,3.1030827,0.6423388,2.9239085,4.8198614,2.4160736,0.0,5.3208714,0.0,0.0,0.0,0.25521487,3.824665,3.052655,0.0,0.0,0.0,1.3973546,3.6025598,0.0,0.0,2.0327878,0.67796063,5.729086,0.0,0.0,0.0
0.11322697,0.0,0.0,0.0,0.0,0.0,2.497601,0.37340105,0.0,2.306766,0.0,1.6031573,4.9400845,0.0,3.0670698,0.0,0.0,0.76485944,0.0,0.0,0.0,0.0,1.4463937,0.7935717,0.0,0.78880626,0.0,3.2043426,0.8893184,1.0295472,0.23313105,0.0,0.0,0.0,4.003449,0.09242432,0.0,0.0,3.031863,0.733068,0.20006765,0.0,1.839354,5.6387053,0.56083107,2.484722,3.2537594,0.0,0.0,0.0,0.2952313,0.0,0.047683947,1.6207823,3.4662633,0.082236,4.5516367,1.8991895,0.0,0.06896344,0.0,0.8702579,0.0,1.6959543
0.0,0.5643114,0.0,1.4382423,0.62705576,2.665299,1.1707968,0.0,0.0,0.0,1.7268881,0.2648294,2.0786495,0.0,0.001005782,0.51820916,0.0,0.8159462,0.6022482,0.9990425,0.0,0.0,0.9063074,1.8864902,0.21074826,0.0,0.0,1.0238558,0.0,0.2851249,1.0196694,1.37381,0.0,0.0,1.9091854,0.0,1.4466114,0.42403325,3.7338228,2.7064488,4.8494534,1.4316919,1.7938826,4.334079,3.4150581,2.138278,1.3581474,0.42860076,0.0,0.0,0.0,0.0,0.0,0.0,1.3432198,2.0740874,3.3593144,0.45355695,0.0,0.51381314,0.0,0.21938655,0.0,2.8472881
2.0669987,0.0,0.0,1.0041081,2.4241238,2.0003853,0.27831382,0.0,0.0,0.0,7.0740147,2.4662693,3.489403,0.0,0.0,0.007556267,0.0,0.0,1.7867572,0.0,0.0,0.0,1.339988,0.0,0.16398735,0.39612913,0.0,1.5016007,5.609515,0.0,2.2897444,0.4186038,0.0,0.0,1.9350375,0.0,3.0964553,4.139015,3.5383058,1.1284704,5.9114537,0.0,0.037296936,2.4287016,5.107265,0.0,0.8671131,0.6743461,0.0,0.0,0.38211638,0.085818164,2.0725935,0.0,2.852186,2.4215922,4.559622,0.7253907,0.0,1.7511413,0.0,1.8006579,3.2561908,3.106087
2.1498673,0.043384004,0.0,2.4210057,2.728638,2.5939348,1.660969,0.0,0.0,0.9234281,4.4605513,1.6914697,2.6314478,1.9166206,0.0,1.6278716,0.0,0.790977,0.7944217,0.0,0.0,0.0,0.22028013,2.1855264,2.8733602,0.07645636,0.16134019,0.80005854,1.814378,0.0,0.44256854,2.7057629,0.0,0.0,2.1189237,0.0,0.0,2.1518824,1.5094581,0.61655056,4.0504017,0.5065186,1.4237747,2.6089392,2.1870563,0.6753607,1.2726893,0.37479025,0.0,0.0,2.2467425,0.0,0.016424041,5.3583217,2.2361603,3.6297848,0.52383655,0.0,0.0,3.1434028,0.0,0.0,0.0,2.1285033
1.8964117,1.2777547,0.0,0.0,2.0018754,0.0,0.0,0.0,0.0,0.13429236,2.2542806,2.7298281,1.0705287,0.12056616,0.7629617,0.0,1.2349763,1.3081005,1.1782335,0.4320232,0.0,0.0,0.31992403,2.8426988,0.21059242,0.90080565,0.0,5.048731,2.4574025,0.7978247,0.5915478,0.0,0.0,0.642299,0.3246772,0.5237358,0.7342482,1.0913757,0.78819156,0.043668672,1.367852,1.4146844,0.49994868,2.6277568,1.6873628,1.1795353,0.3263424,0.0,0.0,0.42965806,2.5431056,0.0,0.6067038,1.9602095,1.3188914,3.887895,2.1839952,0.32930776,0.3710389,1.1021856,0.19377548,0.0,1.3928244,2.4489844
0.74299634,0.27523133,0.0,0.0,0.0,1.32556,1.6261151,0.0,0.0,2.4796588,2.4439657,1.1972401,0.0,0.0,0.0,0.0,0.2080073,1.0109129,1.8948743,0.0,0.0,0.0,0.0,0.0,0.0,0.06979708,0.0,0.0,2.5723622,0.0,0.0,1.677646,0.0,0.0,3.9848948,0.0,0.0,3.6002681,3.2242203,1.7972804,1.1523985,0.02348044,4.3657227,2.7578437,0.0,0.0,0.55302656,0.0,0.0,0.74801314,7.0285287,0.0,0.45298943,4.353373,4.0437284,4.01212,2.694409,0.0,0.0,1.0177773,6.74448,0.0,0.0,3.5629404
2.9911442,1.0286623,0.0,0.07870142,0.0,0.0,0.3078007,0.0,0.0,0.37563974,0.0,1.7208078,2.2031186,0.0,0.0,0.0,1.4477899,2.1664588,2.4781134,0.44058034,0.0,0.0,3.2518196,3.604622,1.2707065,0.0,0.0,4.3738866,4.109817,4.8165393,0.46595022,1.6983293,0.0,4.2113237,2.554596,0.0,0.0,0.0,0.0,3.951194,0.524233,0.0,0.06267393,0.22875027,0.0,0.0,0.0,0.0,0.0,0.0,1.3492795,0.0,1.7325197,6.2398586,4.306902,3.1614566,4.2944317,0.81133246,0.0,3.0061886,0.072081,0.81693196,1.6212717,6.476655
0.0,0.5970464,0.0,0.0,0.026789065,2.9403462,1.6920633,0.75249404,0.0,0.0,1.1576211,1.3683071,2.1035888,2.202762,0.9743834,1.7291265,0.0,1.1243201,0.0,0.0,0.0,0.0,0.0,0.0,0.0,0.30996498,0.0,0.0,0.0,0.0,0.25802818,0.24445528,0.0,0.0,4.385411,0.08641505,4.6713605,1.2870301,4.993276,0.0,1.0973859,0.0,3.639954,2.387272,4.9476113,2.8552446,0.0,0.0,0.23222552,0.08952303,0.0,0.0,0.30772048,0.0,2.178301,2.9396656,1.9658355,0.0,0.7811425,1.1651629,0.0,0.0,0.0,0.0
4.6465883,0.0,0.0,0.0,1.844169,6.0759373,0.0,0.0,0.0,0.58918643,0.0,1.4739163,0.0,1.8842336,0.0,0.0,4.7263746,0.0,0.0,4.6752205,0.0,0.0,1.3591061,1.9441179,3.4913409,4.7777123,0.0,2.067205,4.292908,3.001328,4.1381025,1.6757406,0.0,1.0600958,3.265138,0.35544065,1.993876,4.555926,3.0878828,1.3745741,1.8333027,2.1918094,3.4800434,0.0,0.0,0.0,0.47663847,0.0,0.0,3.3475935,1.9385232,0.0,0.0,4.922935,5.2733946,2.0537584,0.0,1.6513177,0.0,3.6189053,3.1637373,3.227185,0.0,0.0
0.43208218,1.2650635,0.0,2.2298605,0.0,2.0139601,0.2610842,0.0,0.0,0.8012163,0.0,0.0,2.7104995,0.28731155,0.3656236,1.8461263,0.0,1.6362439,0.2325556,0.27194327,0.0,0.0,1.8859866,0.0,0.0,0.5243318,0.0,0.0,0.0,0.88639146,0.51272917,1.8022047,0.0,0.0,1.6730309,0.5063581,1.9795705,1.2198807,4.3866425,1.8697127,3.3591738,1.4760361,4.110165,1.8977298,2.3739676,2.642348,1.1912556,0.0,0.0,0.29292896,0.10463523,0.753639,0.0,0.0,0.6100571,0.0,3.942326,0.0,0.09663748,0.0,0.0,0.0,0.0,1.6400656
0.0,0.0,0.0,0.0,0.0,2.422171,0.0,0.0,0.0,2.476877,3.417578,0.9105683,0.0,0.38760772,0.0,0.0,4.131525,0.0,3.1995294,0.0,0.0,0.0,0.0,0.0,0.0,0.0,0.0,0.0,0.0,0.0,3.427727,0.0,0.0,7.9840393,4.392535,0.0,0.29570097,0.0,3.5601273,3.6109607,0.0,0.0,0.0,0.0,0.0,0.0,0.0,0.0,0.0,4.4026046,0.066053025,2.3819716,3.0889637,1.1271403,0.0,5.272551,0.0,1.8246691,0.0,1.376979,8.955972,0.1676186,0.0,4.972052
0.6600969,3.7202437,0.0,0.0,2.5475008,0.11371289,0.0,0.0,0.0,1.6315211,3.6818974,0.80284005,0.0,1.7803621,0.0,0.0,4.195869,2.7605681,0.0,0.0,0.0,0.0,0.0,0.0,0.0,4.0154896,0.12861748,4.2033854,1.4916233,3.5879083,1.8945495,0.0,0.0,0.3468737,3.4088082,1.1147699,0.13834731,0.0,3.0907736,0.0,1.716712,0.0,4.5393033,0.9830977,0.0,2.9441898,1.0505149,0.0,0.0,1.7182791,0.77250075,0.0,2.7322364,1.0182788,4.012335,6.064335,0.98897964,1.5991778,0.33944845,3.7737353,0.0,0.0,0.0,0.14945157
0.2775001,0.14518414,0.0,2.6627297,0.017575942,4.7480044,0.064375766,3.9813304,0.0,0.16771244,1.6458752,2.1010423,3.846117,0.0,1.5504863,0.39023805,0.0,3.1425784,0.7967729,0.0,0.0,0.0,0.7011512,2.5431862,0.0,0.2864197,0.0,1.4150674,0.0,0.0,0.8769835,3.6378915,0.0,0.2154572,1.1887336,0.18777974,0.8507966,0.0,3.3684897,0.0,0.0,1.7015914,1.0403063,2.370605,4.4257226,3.4520154,1.8878679,0.0,0.0,0.0,0.0,2.0007606,0.64344436,0.0,1.0898039,1.9227679,2.4033985,0.0,0.0,0.0,0.0,2.812987,0.0,0.0
0.0,0.0,0.0,0.92127985,0.10306282,2.399071,0.0,0.38814244,0.0,0.0,0.0,0.0,0.0,0.0,0.56330585,0.0,0.0,0.5906477,0.9196068,0.17344859,0.0,0.0,1.1348392,1.0038718,0.0,0.0,0.0,0.5800449,0.0,0.0,1.225718,1.5160547,0.0,1.9700044,0.43038386,1.4539189,0.8174606,0.72336406,0.48356184,2.9172778,0.099876635,3.5461817,0.0,0.810986,2.8118186,1.6903695,0.0,0.0,0.0,0.71948946,0.0,1.5904256,0.35896155,0.6821194,0.0,2.562887,0.23061717,1.0470489,0.51946354,0.0,0.56183213,2.9829905,0.0,2.828293
2.2407265,0.7642128,0.0,0.56149614,1.0563428,4.7310805,3.0337136,0.0,0.0,0.0,2.602072,1.3369838,0.17690109,0.0,1.2195404,0.0,0.0,0.0,0.008729217,2.1344519,0.0,0.0,0.0,3.3198557,1.2219621,0.0,0.0,4.613142,0.0682562,2.8120954,0.0,1.9157606,0.0,0.0,2.4951258,0.22568417,0.092695184,1.3697668,1.9893527,2.6244204,6.1757045,0.0,0.0,0.52805066,2.4591784,0.0,0.0,1.1513475,0.42126918,0.0,0.0,0.0,0.13840222,0.024974946,4.484668,2.9372382,2.7686613,2.692325,0.06154591,0.0,0.0,0.0,0.0,0.0
3.6360915,0.28129748,0.0,2.9998004,4.261785,4.350628,0.056853686,0.0,0.0,0.0,1.659123,2.031559,0.0,1.6693302,0.0,0.0,0.0,1.7566302,0.0,2.1155567,0.0,0.0,0.0,4.775254,0.0,0.28329903,0.0,2.3761213,2.7845669,3.8156614,0.37569493,0.55486536,0.0,3.113732,0.0,3.3130684,0.0,2.699156,0.0,3.8102505,1.2647036,2.3125606,1.0832661,0.0,0.0,0.4082682,0.34408322,3.6195397,0.27507776,0.36394218,0.0,0.0,0.55323625,2.6202757,2.937886,1.5887791,2.1302888,0.13050085,0.0,1.4685469,0.0,1.3177321,0.0,0.0
0.13702108,0.0,0.0,3.9819224,5.0724173,2.0541167,0.24354985,1.7677473,0.0,5.8832207,0.0,0.7581856,0.0,4.030845,0.0,0.0,0.84359884,1.6335142,1.8782117,0.62744796,0.0,0.0,0.0,0.040130697,2.3735425,0.6568675,0.0,3.8460724,3.5697637,2.382989,0.0,0.39554483,0.0,5.1238713,0.0,0.4461255,0.0,0.7862827,0.0,2.5673287,0.0,0.0,0.0,0.0,0.0,0.0,0.0,2.0751088,0.0,0.67245156,0.0,1.0189608,0.0,3.9154043,4.061076,3.6159923,0.0,0.09000897,0.0,3.1992118,1.6877508,0.7870283,0.10625053,3.1515346
0.0,0.0,0.0,3.046099,0.0,4.2545485,1.4809202,4.099686,0.0,0.9486059,2.3499644,0.18833949,5.926289,0.0,2.2606406,1.9734674,0.0,2.5794783,0.0,0.0,0.0,0.0,1.186401,2.1707835,0.0,0.07297975,0.0,0.0,0.0,0.25790426,0.0,0.553266,0.0,0.57690537,1.9399879,0.0,0.9318344,0.0,3.8106897,1.7154021,0.627578,0.0,2.517353,3.6549244,2.177454,5.338547,0.8164237,0.0,0.0,0.0,0.33432278,2.5047076,3.7220662,0.0,0.9045409,0.012016969,3.770219,0.26359388,0.0,0.32104877,0.0,0.91071665,0.0,1.6256156
1.8878831,1.0491441,0.0,0.0,2.8611293,0.0,0.0,0.0,0.0,4.6892614,0.0,0.0,0.0,0.45036286,0.0,0.0,4.317855,0.0,0.0,2.5051317,0.0,0.0,0.0,0.0,1.1907338,0.39161345,0.0,6.0504184,0.0,0.0,4.9284954,1.7666391,0.0,0.0,4.6235094,0.882964,4.982439,0.7230945,0.56995183,1.2957399,4.9315934,3.3745818,0.71337533,0.36672074,0.92972213,0.0,0.0,0.0,0.0,4.4493804,0.74055845,0.0,0.0,1.0198755,5.1404557,5.3138638,0.27532378,1.4208977,3.2022817,0.0,4.4802203,0.0,2.837142,0.0
0.0,0.0,0.0,2.5543592,0.0,2.4768417,0.0,2.6817343,0.0,1.2203466,1.3121241,0.0,1.7316056,0.0,2.17303,1.1591356,0.0,3.6944113,0.0,0.0,0.0,0.0,0.14496604,0.0,0.0,0.5853499,0.0,0.0,0.0,0.0,2.3344326,0.21464902,0.0,0.4645261,4.859438,0.69105226,6.3645043,0.0,6.2862234,1.5093122,0.0,0.9660322,2.9067507,0.0,3.2780564,3.6323392,0.0,0.0,0.0,1.1642616,0.0,1.8068625,2.4882076,0.0,0.63154584,0.09965633,2.903332,0.0,0.0,0.0,1.8154812,0.0,0.0,0.0
0.0,3.7634292,0.0,0.0,1.3107595,4.7529936,0.0,0.0,0.0,2.141705,0.38258737,0.0,0.0,0.0,0.66756225,0.5018922,0.0,0.0,3.1996024,0.0,0.0,0.0,0.0,0.0,0.07095917,0.0,0.0,0.0,0.0,0.15266499,3.2719793,1.8343202,0.0,0.0,3.747743,0.090454504,0.2980707,0.026252197,3.0816681,0.0,3.4120028,2.3815036,2.383351,0.99620795,0.34028298,3.0329583,0.0,0.0,0.31274036,6.379933,1.768521,1.2535064,1.0345526,0.0,0.6019642,2.1221106,0.0,0.0,0.49718136,0.0,3.7451398,0.0,0.0,0.13868335
0.0,0.10952481,0.0,1.7940294,0.91192824,0.0,3.9475617,1.9259245,0.0,2.3440032,1.2492397,2.233197,4.5783763,0.7770105,0.0,1.6382239,0.0,1.2683915,0.30017,0.0,0.0,0.0,0.34306562,0.0,0.0,0.0,0.0,0.9280639,1.8171465,3.2430878,0.0,2.2700706,0.0,0.0,0.6010348,0.052760385,2.9123232,0.0,4.599723,0.3071774,0.0,0.0,0.7442614,6.745541,0.95586896,1.8922819,1.6111981,0.0,0.0,0.0,1.5035444,2.7558281,2.7151587,0.0,1.5156007,2.3382595,3.7794125,0.0,0.0,4.7137256,0.0,0.0,0.0,0.111316256
0.36247358,0.0,0.0,0.0,1.2728746,0.0,0.0,2.895153,0.0,0.0,2.2333312,2.362847,0.0,0.0,5.2574134,0.0,5.467939,2.1716187,1.7858766,0.0,0.0,0.0,2.426675,0.0,0.9218215,0.9058959,0.0,10.800491,2.0084078,2.3614874,0.0,0.0,0.0,4.3058476,3.9437487,0.0,4.7689633,0.8563164,0.8450216,0.0,0.0,0.0,0.0,0.26225734,4.320009,0.0,0.0,0.0,0.0,2.7442174,0.0,0.0,0.005323757,3.819301,0.0,0.30272144,3.1463194,0.0,0.0,1.6010768,4.655824,0.0,1.7545058,0.0
0.0,3.1014876,0.0,1.4796919,0.27683377,0.11635147,0.0,0.0,0.0,0.0,2.37797,1.1588199,3.5644171,0.0,2.0032125,1.5510578,0.28980732,2.8780494,0.9857963,0.0,0.0,0.0,0.0,5.076883,0.0,0.9203024,0.0,3.6562471,5.014838,2.8280172,0.69492364,0.8956079,0.0,2.137415,0.0,0.0,0.8276054,0.0,3.703607,1.3608354,0.0,0.8688841,0.0,1.8610612,0.7232783,0.70969975,0.03314079,0.0,0.0,0.0,0.0,4.607472,3.8529158,0.15219757,2.714029,4.2770147,2.7393825,2.305147,0.0,1.0717268,0.0,2.7173488,0.0,2.055596
1.3094097,0.0,0.0,1.7887228,0.0,2.3669727,0.12508997,0.0,0.0,0.0,0.0,0.0,0.42873597,0.0,1.496279,0.0,0.0,0.8368883,0.98122126,1.6242385,0.0,0.0,2.4102495,2.6915233,0.0,0.0,0.0,0.45506188,2.09717,0.19133654,0.0,3.792449,0.0,0.25611883,1.9191561,0.5116107,1.3140337,3.4932814,3.4584723,3.9981422,1.2176934,4.8835316,1.5132807,0.0,1.39699,0.17405643,0.35312408,0.0,0.0,0.28028846,1.8223088,4.27763,0.0,1.9602054,2.038958,2.2225826,3.2037218,0.2787634,0.0,0.0,1.10569,1.6125363,0.0,2.9193542
4.370335,0.57122844,0.0,0.0,0.6547145,0.0,0.0,3.0792458,0.0,3.6559122,0.0,0.0,0.0,9.356159,0.0,0.0,3.3772655,0.8769342,2.954028,0.0,0.0,0.0,0.0,0.0,0.49543297,2.3117335,0.0,2.325117,2.388749,2.2592392,0.6605814,0.0,0.0,2.9656167,3.7346098,0.0,0.29665634,4.0596128,0.8628505,1.5743489,0.0,0.0,0.26810807,0.0,0.0,0.0,1.0405767,0.0,0.0,1.4279957,0.0,0.0,0.5040884,5.163667,0.3759259,0.0,0.47792375,0.0,0.0,4.518596,7.9010534,0.0,5.158798,0.0
1.9193398,2.2300415,0.0,0.8247792,0.20942508,4.748643,0.0,0.0,0.0,0.0,1.671389,0.0,0.0,0.0,3.658562,0.0,3.8248436,0.3680867,0.0,1.2233435,0.0,0.0,0.0,3.6433291,0.0,2.5337217,0.0,4.619351,4.6964045,0.0,1.4378445,0.0,0.0,1.288056,0.0,0.0,0.0,1.0607471,2.5993733,2.5325172,1.5074594,6.3648767,0.0,3.2380788,0.6341207,1.9883578,0.0,0.7871042,0.0,2.8008044,0.8769409,0.03631773,4.1002355,1.8085737,1.8428327,0.0,2.8946652,1.1862044,0.0,0.5419924,4.999319,1.324545,2.6047041,1.6949128
0.0,5.9505167,0.0,0.0,1.6361496,0.0,0.0,3.3700716,0.0,6.3872232,0.10081611,2.4618685,0.0,1.6732577,0.0,0.0,4.024567,3.005766,3.2484393,0.0,0.0,0.0,0.6939523,0.0,1.2264588,0.36396053,0.0,1.8000212,0.0,3.2577705,0.0,0.0,0.0,0.036816128,1.1978185,0.0,1.8274679,0.32450497,2.7491307,0.0,0.0,1.7104616,0.0,3.8195097,2.492037,0.0,2.450817,0.0,0.0,0.94214517,5.0011377,5.744301,0.0,3.130331,2.4505372,1.6655568,0.0,0.0,0.19635126,0.0,6.4616823,2.3065102,1.4871625,0.0
2.0915809,0.28775442,0.0,1.9891182,1.1976782,5.0379663,0.0,0.0,0.0,0.0,1.5225703,0.0,0.0,3.5229783,0.0,0.0,0.0,0.0,3.7136006,0.0,0.0,0.0,0.15161073,3.6715994,2.5870023,0.17878987,0.0,1.6356288,0.646997,1.6170517,0.35501254,1.7884914,0.0,0.01626826,2.397752,0.54419285,0.0,3.3863144,0.0,1.7546065,2.6765618,4.333595,0.0,0.0,0.01162161,1.7985663,0.71079403,0.0,0.0,3.4711945,2.051273,2.8846622,0.0,6.4035215,0.94415325,3.1848285,0.0,2.1746871,0.0,0.2796996,1.8871127,0.86890864,1.6932806,1.1869484
0.0,0.0,0.0,4.0857177,0.0,1.1636804,2.7555323,4.108184,0.0,0.96570325,0.0,0.0,3.091732,0.0,0.8866488,1.1469783,0.0,0.8527112,2.4983997,0.0,0.0,0.0,3.7790089,0.0,0.03476707,0.0,0.0,0.0,0.16008796,0.0,0.89617234,4.440372,0.0,0.0,2.5563219,0.0,6.7450857,0.0,3.3627648,2.8351407,1.6811421,1.6088625,0.27069655,3.8864033,3.5081398,0.55105865,1.3411837,0.0,0.0,0.0,1.8488431,4.95878,0.0,0.0,0.7844665,0.0,3.2534132,0.0,0.0,0.0,2.8591797,0.0,0.368923,2.391127
7.661242,0.0,0.0,5.589207,6.687966,0.0,0.0,0.0,0.0,5.800902,0.0,1.6101353,0.0,3.24737,0.0,0.0,2.9513354,0.6915325,0.0,0.14651513,0.0,0.0,0.0,0.0,5.1161575,3.746367,0.0,2.4549377,2.945957,2.4757261,0.08975054,0.13092078,0.0,1.7441145,3.869222,0.0,0.40323952,2.9357998,0.0,1.6249448,0.49789965,1.0169288,0.0,0.7197453,0.5412748,0.0,0.3486899,0.0,0.0,2.0550785,4.1501737,0.0,0.0,5.2782707,7.7859316,0.0,0.17867446,0.0,0.0,0.9433819,7.1296663,0.0,4.7389393,0.0
0.0,0.0,0.0,0.0,0.0,0.0,0.65467036,0.0,0.0,2.2214668,0.0,0.0,0.0,0.0,0.0,0.0,2.3553271,0.0,0.0,0.0,0.0,0.0,7.9227457,0.98118687,0.5375073,2.5619283,1.3761134,5.4327774,1.5832634,2.2513683,0.9208559,1.1043833,0.0,0.866601,1.144724,0.0,2.636446,0.36318862,0.0,4.9283123,0.6182855,6.149965,0.18955562,0.0,0.0,0.0,0.0,0.0,0.0,1.6386048,0.0,3.4862108,4.447224,5.3863897,0.80113816,3.0729368,1.2467713,0.0,0.0,0.0,1.7482129,3.2698228,1.5838467,3.8876774
3.6661396,1.1488914,0.0,0.0,2.0459309,0.0,0.0,0.0,0.0,0.7054869,0.0,1.1781404,0.0,0.0,2.383714,0.0,2.9295785,0.8475473,0.0,0.3368907,0.0,0.0,0.0,0.06641034,0.1848297,2.6069205,0.0,3.634025,1.9690808,2.0246012,0.75665224,0.0,0.0,0.3426958,2.8027701,0.0,0.2624865,0.29136097,1.0404159,0.0,0.048187785,1.6206656,1.8071548,3.0222461,0.58206207,0.0,0.0,0.0,0.0,2.136708,3.3428357,0.0,1.7102809,0.5211877,3.685579,1.8467915,2.3466392,0.09765798,0.0,0.48426083,3.8583658,0.0,2.2845123,0.6051875
3.7465527,1.1402905,0.0,0.0,0.5253337,4.1717205,0.0,0.0,0.0,0.15711994,0.018396229,0.0,0.0,2.3029883,0.0,0.0,3.514456,0.3349308,0.17825067,3.574891,0.0,0.0,0.0,1.0093634,0.0,0.4820516,0.0,2.381485,0.0,5.263339,0.0,0.0,0.0,4.808281,3.5048337,0.0,0.7522025,2.2787776,1.383139,4.1424193,0.084355876,1.5992558,0.0,0.0,0.0,0.0,0.46407878,2.3099248,0.0,2.2035456,0.07287945,0.0,1.9811301,0.0,3.4522903,2.2032588,4.108407,1.6949705,1.7762876,0.43005186,1.008559,0.0,1.7977989,0.0
0.0,1.2688711,0.0,1.6113757,0.0,0.1541524,0.16905726,0.5111453,0.0,0.0,2.1931405,1.7012535,3.8158357,0.0,0.8647792,0.0,0.0,4.2377157,0.0,0.0,0.0,0.0,0.0,2.9613588,0.0,0.0,0.0,3.6807988,0.15977067,1.4702271,1.3852705,0.0,0.0,0.27671906,0.038850866,2.0506656,2.2131655,0.62042767,5.609088,2.074856,0.64933395,1.9757075,0.78922045,4.1377993,5.0127587,4.8117204,1.2180994,0.0,0.0,0.0,0.0,0.0,2.0418813,0.0,2.2282178,4.5206313,4.575769,1.101955,0.18312809,0.2291566,0.0,0.0,0.0,2.2027884
0.0,1.1593665,0.0,2.9991384,0.0,2.7902212,0.0,4.144707,0.0,0.0,0.8885739,1.0797855,2.9056625,0.0,0.82923174,0.087257095,0.0,4.3735733,0.0,0.0,0.0,0.0,0.0,0.0,0.0,0.0,0.32565415,3.0932198,0.0,0.0,3.628626,0.0,0.0,3.113913,1.172771,2.3235083,2.594595,0.0,3.5586777,0.0,0.0,2.3753896,0.0,3.2330368,5.355826,7.5843315,0.0,0.0,0.0,0.0,0.0,2.6106732,0.05801267,0.0,0.0,6.806491,0.4011606,0.106524125,0.0,0.0,0.0,1.0717051,0.0,2.6764014
0.0,2.1641622,0.0,1.0849825,0.0,1.4960763,0.0,4.396323,0.0,0.0,1.1726992,0.0,0.0829295,0.0,3.0423791,0.0,0.0,1.5214106,3.7681444,0.13434054,0.0,0.0,0.0,0.0,0.0,0.0,0.0,2.8600056,0.0,0.0,3.8128223,0.0,0.0,2.0833097,2.3107698,0.635664,3.7777708,0.0,5.192736,2.943374,1.2486457,0.0,0.0,2.2783499,8.458791,6.190543,0.98788697,0.0,0.0,0.10324727,0.0,2.7188678,0.2232168,0.0,0.70334303,1.877607,0.0,2.04534,2.8689668,0.0,0.0,0.0,0.0,1.5004348
0.8364773,4.5925617,0.0,0.6408817,1.3973752,1.0912448,0.0,0.0,0.0,0.2322937,0.0,0.29792386,0.0,0.0,1.4629203,0.0,0.0,0.0,1.9970019,0.0,0.0,0.0,0.0,0.0,0.0,0.0,1.9158096,0.0,0.0,0.0,0.8575368,0.20812999,0.0,3.658208,1.8215244,0.9822856,0.0,0.8911321,2.1585512,0.83952516,2.1432893,3.798154,1.405675,3.830251,2.7016656,0.8941134,0.0,0.0,0.0,2.5553045,3.1372848,1.5815945,1.1206983,0.0,0.0,0.9402418,0.0,0.0,0.0,0.26850265,6.636574,0.0,0.0,1.5286146
4.143133,0.0,0.0,0.0,1.0687652,0.0,0.0,0.0,0.0,1.4780614,0.0,0.0,0.0,0.0,0.0,0.0,4.6273193,0.0,0.0,1.6532743,0.0,0.0,2.5101035,0.0,0.17881736,2.5111449,0.0,5.162458,1.8855358,0.08335834,1.2317599,0.0,0.0,1.8706551,3.683574,0.0,0.092511564,0.2517478,1.6390892,0.085365534,1.3907392,1.9513977,0.0,1.212399,0.0,0.0,2.174739,0.0,0.0,0.0,0.43261585,0.0,1.8306388,5.59086,2.0667543,0.29456085,1.6046925,2.0048773,0.0,0.711104,5.6258535,0.24037799,6.325136,0.0
1.7189426,0.0,0.0,1.4513893,1.1761242,0.0,1.2831728,0.0,0.0,4.674535,1.7564456,3.3701482,2.690925,2.6402192,0.0,0.0,0.0,0.65405333,0.37968802,0.0,0.0,0.0,0.048559666,0.5231954,0.0,0.0,0.47663334,2.8242297,4.249188,1.7136487,0.011674078,0.0,0.0,0.0,1.3819143,0.0,0.08606253,0.034534775,0.0,0.55935496,0.7196818,0.0,0.34442922,6.3623114,0.0,0.7107581,0.0,0.0,0.0,0.21981151,0.022927998,0.0,2.5665047,1.6665809,0.8591829,2.0421345,6.544878,0.0,0.0,2.4867938,0.0,0.0,2.3316314,4.960091
1.9834509,4.7179503,0.0,2.5399668,0.6192427,4.8435564,1.2269766,0.0,0.0,0.0,2.2843263,0.34538323,1.9700197,2.3613515,0.26517582,2.8802183,0.0,1.4630332,3.3130856,0.0,0.0,0.0,0.0,0.0,0.0,0.0,0.0,0.0,0.0,0.0,0.0,1.1889005,0.0,0.0,1.0342183,0.0,0.35039124,2.5892396,2.7366154,0.0279148,5.767562,2.2331042,2.398832,3.4693842,3.1882238,4.2193127,0.9929258,0.22311237,0.76791227,1.4294983,0.92424506,1.0710354,0.82368386,0.0,1.2531738,2.5425227,1.8490868,0.0,0.0,0.0,0.0,0.0,0.0,0.0
0.0,3.234136,0.0,2.4872816,0.0,0.0,0.0,4.521202,0.0,0.33814436,0.21638682,0.0,0.0,0.0,3.5279045,0.0,0.6041183,4.694932,5.5846534,0.0,0.0,0.0,0.06805099,0.0,0.0,0.0,0.0,2.6211088,3.303067,0.49527863,1.1979194,0.02570635,0.0,7.0235105,0.0,0.0,0.7130651,0.0,0.0,3.1989796,0.0,3.1430929,0.0,3.601855,1.4435537,2.0764105,0.08677949,0.0,0.0,0.033151474,0.0,3.10238,2.9000642,3.8275354,0.0,4.3996425,0.76333857,0.0,0.0,0.0,0.9057405,5.5828032,0.0,5.1480064
0.0,6.072079,0.0,0.0,0.44174996,0.0,0.0,0.0,0.0,0.0,3.397112,0.0,0.0,0.0,0.0,0.0,4.4887013,0.0,1.6190989,0.0,0.0,0.0,0.0,0.0,0.0,0.0,0.0,3.470405,0.0,1.7540253,5.6923523,1.9285543,0.0,0.0,5.8707814,0.0,7.186833,0.0,5.17506,2.951089,0.99696493,2.6971085,0.0,1.382827,3.0699286,0.0,0.0,0.0,0.0,6.8391824,0.0,5.3604245,6.7211556,0.0,0.0,3.705388,0.0,2.138357,5.5771856,1.1770582,7.3464994,0.0,0.0,0.9487499
0.0,5.271056,0.0,2.8049603,1.5351804,2.1318543,0.0,2.2630122,0.0,4.851269,0.0,0.81459343,0.0,0.58975726,1.2730745,0.0,0.0,3.4361465,3.6203465,0.0,0.0,0.0,0.20902433,0.0,1.6244997,2.0695782,0.0,0.0,0.0,0.0,2.1780376,0.0,0.0,0.0,0.26092368,4.3887763,3.7208927,0.0,0.0,0.0,1.4532695,1.4144468,0.0,3.9332366,3.1755054,3.1007943,0.0,0.0,0.0,5.1622453,0.3077989,4.427695,2.533236,0.0,0.50296795,1.970934,0.0,0.0,0.0,0.0,5.4002986,0.0,0.0,0.0
2.4918716,3.6794312,0.0,4.9157863,0.0,0.8649084,0.0,0.012665985,0.0,0.0,0.0,0.6489919,0.0,0.0,2.3585618,0.0,0.0,4.1969833,3.84646,1.8686609,0.0,0.0,0.59565544,1.7896955,2.0643868,2.338084,0.0,0.0,0.6687312,0.0,3.6963477,0.0,0.0,2.464259,0.0,0.0,0.0,1.1295614,1.8760575,4.636144,1.2781044,2.6922376,0.08176344,1.6423368,5.651051,0.0,0.06319999,0.0,0.0,0.0,0.0,0.4138225,0.59682125,0.051288154,3.9043856,2.0486426,0.0,0.0,0.0,0.0,2.7923868,3.2372322,0.74099,1.9882851
3.0355341,2.025004,0.0,3.0031028,3.5426536,0.0,0.35067612,0.0,0.0,0.1485344,0.068472765,1.1534224,1.0268084,2.747283,0.0,0.45633215,0.0,0.87506926,1.1757259,0.0,0.0,0.0,2.4478908,0.055584542,0.51966125,2.6954284,0.0,2.645202,3.3391235,4.590809,0.9775435,2.5942662,0.0,0.070516996,4.5442996,1.1112853,4.3108487,4.4404273,3.4339027,1.1946708,2.3100169,0.0,1.4297707,0.0,0.0,0.0,1.8658974,0.009636886,0.0,0.20932545,0.81045705,0.0,2.0745533,2.9041047,1.6263943,2.8191464,4.4244485,0.0,0.0,3.3631775,0.0,0.18740715,0.0,0.0
2.7530344,0.0,0.0,3.004003,1.6950667,3.37782,3.7362099,0.0,0.0,1.4190732,0.0,1.5018674,2.7876744,0.0,1.1913604,0.0,0.0,1.2037675,0.0,0.23937958,0.0,0.0,0.5801521,3.097014,1.1387715,0.0,0.0,3.740734,1.1650125,0.314138,0.0,0.82883316,0.0,0.8090317,0.077523835,0.95645833,0.0,0.0,0.0,0.0,2.1210814,0.4285844,0.0,2.946644,0.6189614,0.44260663,0.0,0.0,0.0,0.0,2.026229,1.7706282,0.0,0.5353702,4.4979506,6.4745846,3.5932965,1.3508302,0.0,0.0,0.0,0.0,0.0,3.871548
2.6829543,0.0,0.0,1.3284904,0.5014059,4.6047606,0.0,3.2495887,0.0,0.0,0.0,0.0,0.0,0.0,2.5869374,0.0,0.0,3.155836,1.5086573,1.8918488,0.0,0.0,2.442706,0.0,0.0,0.0,0.0,0.0,0.0,0.0,2.1486757,2.281461,0.0,3.175711,4.793967,0.0,3.437872,0.81176907,5.83343,2.7167664,3.034667,3.3058417,3.2874935,0.0,7.392343,2.306944,1.137337,0.0,0.0,0.0,0.0,0.87534636,0.0,0.0,0.0,0.0,2.113395,0.0,0.0,0.0,1.309371,0.16587114,0.0,0.0
1.7465292,1.8704917,0.0,0.06818201,0.57174623,1.2866896,0.0,0.0,0.0,0.0,1.4066994,1.7093309,1.2406453,0.11018154,0.9663441,0.0,0.004718894,0.8168212,1.2456175,0.9007496,0.0,0.0,0.92448467,2.450831,0.17494768,1.1934627,0.0,2.9422383,1.3557988,0.5919749,0.13156998,0.93178916,0.0,0.39936718,0.0,0.0,0.76780206,0.92084557,1.4439803,0.0,1.7345551,1.1028177,1.1431918,1.7180398,1.2019937,0.0,0.4873431,0.0,0.0,0.0,0.93266296,0.32563287,0.2908502,0.0,0.8866648,1.7575535,2.2708654,0.19889788,0.01038255,0.0,0.0,0.24391274,0.0,0.4236315
0.0,0.7066712,0.0,1.6486605,0.7863076,4.833102,0.8836315,0.70957154,0.0,1.4356045,2.2479205,1.2294033,2.5819752,0.8910541,0.0,2.9713604,0.0,0.063147455,0.51934063,0.0,0.0,0.0,0.0,0.33390334,0.021236712,0.0,0.0,0.0,0.0,1.1060846,0.0,0.55946195,0.0,0.14437908,0.0,0.0,0.055866756,0.22817902,3.3608372,0.0,3.3862915,0.67033285,1.825099,0.26562378,0.0,1.9713225,0.16183434,0.36576918,0.0,1.4051818,0.31509146,1.8773812,0.4401902,0.0,0.73643905,0.94848245,1.8661984,0.0,0.0,0.0,0.0,0.95047003,0.0,1.3910913
5.1336637,0.0,0.0,0.44602215,2.9620726,3.943672,0.6734791,0.0,0.0,0.671344,2.2787366,1.9389379,1.9825407,0.0,0.0,0.0,0.47136396,0.42726994,0.0,1.9777216,0.0,0.0,0.0,0.18102016,2.004718,2.1466687,0.0,4.3012676,1.9893012,2.9684618,0.0,1.0591007,0.0,0.4457197,3.0142918,0.0,1.4220655,4.24144,2.7320018,1.3143145,0.0,1.0423847,0.0,0.0,1.5215842,0.0,0.20249248,0.40319613,0.0,0.18755242,1.5045513,0.0,0.0,0.55979306,2.9864912,1.1600347,5.086993,0.664193,0.0,0.31884524,0.0,0.67471105,0.0,0.0
0.0,0.0,0.0,0.8865965,0.0,2.1813672,1.7856832,3.502215,0.0,0.015644077,0.98344946,0.0,1.2581475,0.0,1.055309,0.12101852,0.0,0.93584657,0.20415369,0.0,0.0,0.0,0.42003334,0.0,0.0,0.0,0.0,0.0,0.11700638,1.3625432,0.0,3.5363035,0.0,0.33351675,3.447406,0.0,0.099937744,0.16508213,3.8901157,3.7253158,1.6789128,0.0,0.15677588,0.9813351,0.2843294,1.8960418,0.16472614,0.45463085,0.0,0.0,0.49844655,2.5774028,0.0,0.0,2.5793636,0.023491014,2.7918193,1.061177,0.0,0.0,0.77953666,0.70905447,0.0,1.0640419
0.08773008,0.21579489,0.0,0.97306335,0.07963819,2.5799522,0.0,0.11918285,0.0,0.0,1.1330903,0.0,0.9115549,0.0,0.3482965,0.0,0.0,0.8061477,0.90657955,0.059153497,0.0,0.0,0.12693721,1.1284709,0.0,0.0,0.0,0.7836186,0.0,0.0,0.0,0.105185546,0.0,0.7565348,0.0,0.09795641,0.5900004,0.9211304,1.2004372,1.8492703,2.150662,1.9381287,0.6009191,1.3962727,2.8157852,2.0271254,0.20271109,0.0,0.0,0.2533344,0.9366645,0.63692725,0.0,0.0,0.118522346,1.1289073,0.8207297,0.0,0.0,0.14870475,0.69010025,0.77327865,0.19313802,1.5244243
0.0,0.67995906,0.0,1.2881608,1.1745847,0.5567116,0.0,0.0,0.0,0.7928856,3.3323083,0.0,3.2973094,0.0,1.5676237,1.179891,0.07405198,3.3500986,0.0,0.0,0.0,0.0,0.0,3.80652,0.0,0.41535684,0.0,1.6781507,0.57116896,0.0,1.8044242,0.02912815,0.0,0.0,2.45863,0.263597,3.193063,0.0,5.217673,0.22146665,0.0,3.5018861,2.5453553,5.7312503,0.8923311,4.5144935,0.7102835,0.0,0.0,0.0,2.936568,2.6653926,2.9957106,0.0,0.027876256,5.131383,2.5644433,1.9073805,0.0,1.2789284,0.0,0.37948695,0.0,4.2857943
1.8157594,0.75077313,0.0,0.0,0.0,0.0,0.0,0.31846723,0.0,0.7162428,0.0,0.0,1.7026417,0.0,0.44745913,0.0,0.0,1.8788372,0.0,0.0,0.0,0.0,1.6801457,0.0,0.0,1.122675,0.20839156,1.1340512,1.1110666,2.7917125,0.0,0.0,0.0,2.1343324,2.1983213,0.74137706,2.6553922,0.0,0.0,0.86906874,0.0,0.60387695,0.9267829,3.3104506,0.0,4.069601,4.741199,0.0,0.0,0.5099961,2.1947112,5.9702168,3.6044164,1.977389,0.0,1.0012038,3.3933582,2.107101,0.011319917,0.07563322,2.1740918,1.7748281,0.0,4.645412
0.030688845,0.0,0.0,2.2634633,0.68609387,0.26556277,0.0,4.9296465,0.0,0.0,0.0,0.0,0.0,0.0,2.8490345,0.0,0.0,3.1253276,0.18541037,0.0,0.0,0.0,2.5743601,0.0,2.3562915,0.0,0.0,0.8618744,0.0,1.2615035,4.6230197,2.8783474,0.0,4.180567,1.6787547,0.42959338,1.9111241,0.0,3.1371279,1.2615771,0.0,5.175323,0.0,0.0,5.055626,0.0,0.0,0.0,0.0,0.0,0.0,5.10176,3.6149619,1.5914491,0.0,2.5215242,0.0,0.0,0.0,0.0,4.068729,2.750072,0.0,0.625437
4.552912,1.1497507,0.0,4.309298,0.001690737,2.729818,0.0,0.0,0.0,2.4169805,0.0,0.0,0.0,3.162683,1.3758905,0.0,0.5980631,1.471972,0.17014705,0.9414118,0.0,0.0,0.0,0.0,0.8403628,2.3032222,0.0,0.0,0.5514586,2.6073155,0.013105663,0.6069231,0.0,2.0624692,2.8558278,0.0,2.4150445,3.1999328,0.0,4.083905,0.4580943,5.2079005,0.0,0.0,0.0,0.0,0.0,0.0,0.0,3.069763,2.189528,2.0081685,1.0860233,3.6547093,2.4917293,0.98157275,0.6880268,0.0,0.0,0.0,6.3387785,0.0,0.6869589,0.0
2.414305,2.195599,0.0,0.0,1.1488179,3.9422417,0.0,0.0,0.0,2.8989296,1.3948995,1.9579844,0.7316544,1.7312047,1.4303161,0.06708363,0.80451256,3.55005,0.0,0.0,0.0,0.0,0.0,0.0,0.21170872,6.0978613,0.0,0.0,0.0,0.0,1.5860953,0.0,0.0,0.0,3.9789314,1.0920174,3.0212624,2.3493457,4.0412703,0.0,0.8432978,0.0,6.1913753,0.0,4.248691,3.1178434,1.2312593,0.0,0.0,2.3359528,0.0,0.0,0.0,0.0,4.243578,1.9607259,2.4212415,0.0,1.0498154,0.0,0.0,0.0,0.0,0.0
0.925635,0.0,0.0,4.48328,1.5903559,3.7899263,0.6636707,0.0,0.0,3.7317264,0.0,1.8153774,2.8251746,2.3237913,0.0,0.0,0.0,1.5780655,0.49578315,1.2303503,0.0,0.0,0.2755952,3.1858218,2.9481552,2.3311083,0.0,2.7296016,1.1922135,2.824044,2.4378881,1.580139,0.0,0.6292336,0.0,0.950614,1.4865906,1.2679954,0.0,3.1279314,3.7666135,1.3312087,0.6831372,0.0,0.0,0.0,0.0,1.6819866,2.0650163,0.0,0.0,0.0,0.0,2.1942515,4.43022,3.9689596,1.48969,0.0,0.0,2.2151365,0.0,0.0,0.0,2.6583076
0.0,0.0,0.0,0.0,0.0,4.4743066,0.21766427,3.2460256,0.0,0.68341196,3.744686,0.0,2.7244616,0.0,1.2957339,0.0,0.0,0.6167836,2.241445,0.0,0.0,0.0,1.4566402,0.0,0.0,0.0,0.0,0.0,0.0,0.0,2.7767422,1.7368265,0.0,0.0,3.6172924,0.0,0.0,0.0,2.7354376,1.2210741,2.9209857,0.0,1.5213875,4.0026727,2.431401,5.7129827,1.1306188,0.0,0.0,0.66249526,2.3843315,1.1905793,0.1592387,0.0,0.71470577,0.0,1.2206286,0.0,0.0,1.8265711,2.4775195,3.1174552,2.65922,2.6317434
3.1213737,2.0385368,0.0,1.2473435,0.2506135,0.0,0.0,0.0,0.0,3.218677,0.0,2.1438196,0.0,3.3290439,0.0,0.0,4.4656796,1.6129715,1.1073495,2.8795547,0.0,0.0,0.0,0.0,2.1946344,2.728982,0.0,0.0,0.21903619,4.4239497,0.0,0.0,0.0,3.122358,0.36588684,0.0,1.1659265,0.4836545,1.3095427,0.10640427,0.0541628,0.22508712,0.42325836,0.0,0.0,0.0,0.43689093,0.0,0.0,3.093665,2.121961,0.0,1.6942251,1.8485507,4.651506,6.902451e-05,1.9794127,0.0,0.0,1.3410747,5.4085445,0.0,0.6594007,0.0
0.0,0.44955027,0.0,4.5503745,0.0,0.44833913,0.25719577,2.9840317,0.0,3.82022,0.0,2.9389186,1.2597595,0.0,3.527509,0.0,0.0,2.7439606,0.0,0.0,0.0,0.0,0.0,0.0,2.6588657,2.377619,0.0,0.0,0.0,1.100408,2.5501845,0.29463103,0.0,0.0,0.0,0.0,5.586069,0.0,2.8985987,0.0,0.0,2.2154994,0.0,2.2268643,4.157139,0.0,0.43928877,0.0,0.0,0.51318145,0.0,5.342037,0.99116796,0.97129625,4.773397,0.40064314,0.0,0.0,0.0,0.0,3.5137882,0.0,0.0,0.0
2.1773694,0.06510327,0.0,1.8403119,3.1225243,6.4377403,1.5443186,0.0,0.0,4.8255825,2.9807298,0.0,1.6567805,4.0079703,0.0,0.0,0.24764198,0.0,0.0,0.0,0.0,0.0,0.6280841,0.06526577,1.041267,3.1399393,0.0,0.0,0.4335115,1.6905586,0.0,3.797034,0.0,0.0,5.7363973,0.0,0.0,7.6905656,3.4152513,2.079296,4.4180717,0.94252235,3.7470348,0.0,0.0,1.3128536,0.0,0.0,0.0,3.9648952,4.1931305,0.9460278,0.0,5.706458,4.748777,0.9887995,0.0,0.0,0.0,1.7852728,4.2120614,0.0,2.165123,0.0
2.961154,3.5056763,0.0,1.0590675,2.3272688,1.1578306,0.46375883,0.0,0.0,0.0,0.41653192,2.6464412,0.0,0.9087554,3.2422783,0.0,0.0,0.0,4.961246,0.0,0.0,0.0,1.2647735,0.37594312,0.0,0.0,0.4478077,3.88495,0.0,0.0,0.9874646,1.503877,0.0,1.4222368,2.3911502,0.0,0.24643743,2.0495756,1.238345,1.3066596,4.8106675,3.9585009,0.10398385,3.9426827,6.3604927,1.0036423,0.4564682,0.0,0.0,2.9388149,1.4329374,0.30228192,0.5142622,1.3782799,0.0,4.1316304,0.0,0.0,0.73826116,0.32127458,1.3892682,1.39194,0.3657391,0.7607057
2.0738037,1.7489569,0.0,0.06279119,3.5990953,0.33416694,0.0,0.0,0.0,3.8703544,4.4751973,1.6939563,1.0979496,1.2895763,0.0,0.0,3.179627,0.0,1.9271153,0.0,0.0,0.0,1.3432987,1.4660118,1.9061478,4.134683,0.0,4.4162297,6.0089436,0.17474064,1.530667,2.6968656,0.0,0.0,2.276834,0.6068879,2.4062214,3.5761578,1.3618261,0.0,2.6032732,2.7139652,0.3397715,0.0,0.0,0.2316548,1.6022997,0.0,0.0,4.622301,2.2166069,0.0,2.1099446,8.141492,2.0753744,5.493997,0.6448904,3.497954,0.0,1.3593339,1.2993163,0.0,2.180482,2.1279907
0.3225064,0.0,0.0,4.731184,2.2833607,1.877975,0.0,0.0,0.0,4.139505,2.329789,0.0,1.5541776,2.4706008,0.0,1.1114296,0.28445315,0.65235865,0.0,0.0,0.0,0.0,0.0,1.8645028,0.0,0.87150145,0.0,0.96628594,2.1732905,3.354116,2.088839,1.8300534,0.0,2.5118227,0.0,3.2049422,0.23376484,1.085305,0.7364868,4.239768,0.0,1.4118348,2.0937207,0.5036883,0.0,1.6789117,0.0,1.4170152,0.0,3.0899436,0.30657664,0.0,4.5508876,3.8007,0.81061786,2.9121418,1.9911257,0.021490421,0.0,5.3111744,0.76595134,0.0,0.0,1.5184007
5.4611287,0.0,0.0,3.9240944,2.6836329,0.0,0.0,4.670791,0.0,3.2384765,0.0,0.0,0.0,0.21803683,2.138538,0.0,0.051868476,3.0125852,4.0658903,0.0,0.0,0.0,0.72961324,0.0,6.1219215,1.196246,0.0,0.5919353,0.0,0.0,1.225323,0.32648116,0.0,3.264613,2.2779028,0.0,0.0,0.0,0.0,0.19846822,0.0,2.5831115,0.0,0.1924079,2.1824336,0.0,1.2273625,0.0,0.0,0.41460952,2.4810655,0.42023844,0.21409792,5.833709,0.1011288,0.0,0.0,0.0,0.0,0.0,9.479734,2.1611598,0.40146646,0.0
0.0,0.0,0.0,3.1737616,2.0662081,5.934828,0.0,0.0,0.0,5.1153502,1.5738469,0.0,0.0,0.0,0.0,0.7086918,0.0,0.0,0.0,0.0,0.0,0.0,0.0,3.3239927,0.0,0.0,0.0,0.0,1.6825951,0.4017025,4.438569,4.744902,0.0,1.6804063,0.65304554,4.790226,0.0,0.0,2.5145822,6.011746,0.0,1.0294487,0.0,0.22319534,0.0,6.0630455,0.0,0.0,0.0,6.27491,0.0,3.425709,2.9609044,1.9145985,2.62251,5.2716727,0.0,3.677901,0.0,2.3952637,3.6733372,0.35574755,0.0,5.7529817
2.3230114,0.39103517,0.0,0.79238284,1.4378124,0.62537116,0.0,0.0,0.0,0.32715112,0.0,1.2410069,0.0,0.26912314,0.0,0.0,0.93388325,1.743956,1.441205,0.8381491,0.0,0.0,1.8068621,2.8886359,1.6093723,1.339883,0.0,2.9661033,0.24386768,1.8051252,0.8867465,0.75113726,0.0,1.2058039,0.0,0.67212874,0.7438096,0.3314786,0.0,0.14351298,0.8138763,2.4624126,0.27659836,1.0363135,1.6901046,0.0,1.2593226,0.0,0.0,0.35954306,0.5744232,0.8907839,0.0,2.687171,2.2148776,1.9216976,1.4199718,0.35568383,0.0,0.0,0.04103299,1.1761596,0.30690768,0.34798673
6.266332,1.9756567,0.0,2.1823678,2.196849,5.316874,0.0,0.0,0.0,0.0,0.10403819,0.60591304,0.3435536,0.0,3.3823435,0.0,0.0,3.814276,2.1455033,0.25735435,0.0,0.0,0.0,1.0904499,0.0,2.8241801,0.0,0.0,1.183837,0.0,3.9697542,0.10235337,0.0,2.4933941,2.3312714,0.0,1.1625046,2.731452,0.7079241,2.2130916,1.0770632,6.1330705,3.1673865,1.1730096,5.2958293,0.5221128,2.1208963,0.0,0.0,4.8866315,0.0,0.0,1.1541841,0.0,0.0,0.3237893,3.7929175,0.0,0.4179523,0.0,0.44152966,5.90608,0.0,0.0
0.11232594,0.0,0.0,3.151357,0.0,3.7914116,2.0972228,1.0857248,0.0,1.9814909,1.2043236,0.0,3.8552086,0.0,0.0,0.6986368,0.0,0.6803007,0.26097566,0.0,0.0,0.0,0.18467224,1.2128232,0.0,0.0,0.0,0.0,0.0,0.0,0.58583355,1.022868,0.0,0.0,0.13962145,1.2627661,1.4241153,0.20301129,2.7789888,1.2053,2.9878407,2.024967,0.4425777,0.85266775,2.7302215,3.9851253,0.0,0.0,0.0,0.0,0.0,2.403299,0.0,0.0,2.152943,2.8396182,0.9222235,0.8731908,0.0,0.6179925,0.0,0.0,0.0,1.60848
0.0,0.0,0.0,0.0,0.0,7.2972155,0.0,2.1873732,0.0,0.0,3.6335604,0.0,0.0,0.0,0.3546916,0.0,1.0559282,1.7968645,1.5387641,2.5596073,0.0,0.0,1.3318967,0.0,1.3721503,0.0,0.0,0.0,0.6256628,0.81101316,4.122738,3.0079978,0.0,0.0,5.635685,0.0,0.0,0.05984869,6.8420553,2.9632628,0.0,0.08068639,0.0,0.0,2.577098,0.0,0.0,0.0,0.0,0.08731945,0.07755086,0.0,0.0,0.0,2.3788626,0.0,0.86557156,1.431424,0.0,0.0,3.3780856,3.3206916,0.53762233,1.2882832
0.20985995,3.559075,0.0,0.5944322,0.0,0.0,0.0,0.0,0.0,2.49563,0.6781519,1.7694689,2.8950229,0.0,2.6803021,0.0,0.09038273,6.0318503,0.32903987,0.0,0.0,0.0,0.32724422,0.681838,0.0,2.3496199,0.0,2.806401,0.55249316,1.2493666,4.3747807,0.0,0.0,5.1111717,0.0,1.4529892,1.8221859,0.0,0.19376433,0.0,0.0,3.2551088,0.8354658,6.7484546,0.0,3.7662024,0.6440776,0.0,0.0,0.0,0.0,1.3320647,1.1791846,0.0,1.6387849,5.488154,3.4999945,0.0,0.0,0.0,0.0,3.2477002,0.0,5.0991287
0.0,1.6283089,0.0,1.5388479,0.09249873,2.160527,0.0,0.0,0.0,0.0,1.3785659,0.97190654,2.2152522,0.0,1.1657913,0.0,0.0,2.0607216,0.71973723,0.0,0.0,0.0,1.3132188,3.1508844,0.0,0.0,0.11378063,1.6219147,0.5539677,0.0,1.2849182,0.0,0.0,0.0,0.39329478,0.0,0.14179671,0.0,3.509705,2.0615304,1.4264258,0.40209344,0.21055359,5.4724665,3.2444742,2.498629,1.3082857,0.0,0.0,0.0,0.24798015,2.2978091,0.740717,0.0,1.8343289,0.84520674,2.9548206,1.5941128,0.0,0.06364291,0.0,1.0952936,0.5210388,3.7320309
1.0663245,3.0502057,0.0,3.9556317,0.00904313,2.4715257,1.776203,6.5196605,0.0,5.4956074,0.0,0.0,0.0,0.83892316,9.4398,0.0,0.0,0.0,1.7080536,0.0,0.0,0.0,0.0,0.0,0.0,0.28063673,0.0,0.0,0.0,0.0,0.0,0.0,0.0,5.5393486,5.3779407,0.0,0.060818933,2.417411,0.0,2.1804447,0.52053225,0.0,0.0,0.0,0.0,2.252206,0.0,0.0,0.0,0.0,0.0,0.0,7.6144886,0.0,3.922192,0.0,3.0917923,0.0,0.0,0.0,9.125823,0.0,0.0,0.0
0.0,0.057956,0.0,3.1677668,0.047000527,3.3710341,0.0,6.5365176,0.0,1.3283993,0.0,0.0,0.0,0.0,5.47698,0.0,0.0,1.5790384,1.5925924,0.0,0.0,0.0,4.7418594,0.0,2.7792506,0.95656925,0.0,2.957673,0.0,1.1877422,1.1778295,1.3499373,0.0,7.4890237,0.0,0.0,0.0,0.0,1.0407329,0.0,0.0,4.671075,0.0,0.8874691,0.61385655,4.4147477,0.0,0.0,0.0,0.0,0.15806541,9.110371,0.0,2.062583,1.4842085,2.628273,0.044528875,0.5226685,0.0,0.0,7.1781154,6.7928905,0.0,0.23150845
0.0,1.068597,0.0,0.19895726,0.83467853,0.0,0.9388327,0.0,0.0,0.0,3.4401195,0.08891369,1.1146721,0.0,2.0468035,0.0,0.0,0.24208888,3.3374343,0.0,0.0,0.0,3.128269,1.5987839,0.0,0.0,1.4485623,3.272776,3.3246818,0.18858558,0.1995317,4.3964586,0.0,0.0,3.264147,0.0,0.0,1.5987822,1.0626204,4.6112204,1.1139944,0.018442195,0.0,4.8129883,2.630465,1.9089078,0.094343975,0.0,0.0,0.0,1.445607,0.0,3.8954206,1.8307489,0.0,1.9628432,2.1146972,0.0,0.0,0.18723612,0.0,3.046489,0.7676568,4.991913
0.0,0.385412,0.0,0.42874685,2.979152,1.246863,2.156734,0.0,0.0,2.8261735,3.4194453,0.0,0.0,0.0,0.0,3.1167164,0.085557684,0.0,1.3922685,0.0,0.0,0.0,2.0152225,0.0,0.0,0.0,0.0,0.7085938,2.5573661,2.0945868,0.0,4.393155,0.0,0.0,5.679273,0.0,0.64236087,1.9926938,5.403148,0.17170906,2.5201085,1.8536068,1.0299245,0.0,0.0,0.94064236,0.0,0.0,0.0,2.6570976,2.9907982,3.5703373,1.8033265,3.1478918,2.4417117,5.460089,0.0,1.2962892,3.8294559,0.55540645,0.0,0.0,0.0,0.06801041
0.0,2.9853735,0.0,6.2400084,0.66228366,1.2113593,0.0,2.1639762,0.0,4.1337934,0.0,0.0,0.0,0.0,1.8139408,0.0,0.0,1.7371063,2.979649,2.9958029,0.0,0.0,0.5528171,1.5171814,5.9114814,3.2578194,0.0,4.010696,0.0,0.0,4.0613613,0.0,0.0,4.2955203,0.0,0.38961506,1.6537999,0.0,2.185631,1.004787,0.072424084,10.755385,0.0,0.0,2.7801821,0.0,0.0,0.0,0.0,0.15752263,0.0,3.3540564,0.0,2.3551733,5.0774107,6.0985227,0.0,0.0,0.0,0.0,5.152787,1.9858501,0.8023884,0.0
2.408415,0.68694377,0.0,1.349861,2.3872178,0.0,0.0,2.3778207,0.0,0.3936071,0.0,1.444049,0.0,0.0,2.7669566,0.0,4.176022,5.0024467,0.0,0.20800078,0.0,0.0,0.63389087,0.0,0.0,0.0,0.0,5.541116,0.0,0.96015817,2.1405835,0.0,0.0,6.581147,0.0,0.1458112,0.46358648,0.0,3.0405102,0.0,0.0,5.7443266,0.0,1.0058085,4.335462,0.0,0.0,0.0,0.0,1.066392,0.0,2.8770034,4.216015,3.2900653,0.0,4.664979,0.87361366,0.0,0.42925853,0.0,2.7718096,3.7526166,0.0,3.9900413
3.6408653,4.5461974,0.0,2.7684438,1.3321211,2.8899734,0.0,0.0,0.0,3.9614875,0.2854547,0.7846378,3.7652996,4.145934,0.55589986,3.4295263,0.0,4.2883053,1.1634803,0.0,0.0,0.0,0.91006684,2.448689,1.4220254,4.457501,0.0,0.0,0.22254407,0.927402,0.0,0.0834688,0.0,0.0,0.0,1.182757,2.1111526,4.3153706,1.3536204,0.0,3.168864,0.91220963,4.241802,1.6975329,3.32344,2.3343132,2.103661,0.0,1.507343,1.5377799,0.7054515,0.38566992,0.25180525,0.57441026,3.8434634,0.8836872,3.3868244,0.0,0.0,0.0,0.0,1.4720846,0.0,0.0
0.0,1.2818692,0.0,1.1092104,3.7989192,1.3572774,3.017067,3.4721558,0.0,0.0,0.0,0.30742642,0.0,0.0,0.0,0.0,0.0,0.0,4.4455824,0.0,1.9930304,0.0,0.0,0.0,4.8976088,0.0,0.0,0.7344236,0.0,3.8957374,1.2972882,4.8916783,0.0,5.56503,4.9814143,0.0,1.7921344,0.0,0.0,4.0178647,0.65082806,0.0862253,0.0,0.0,0.12068394,0.0,0.0,0.0,0.0,0.7465011,5.1677017,0.51700807,2.1820538,0.48828548,0.0,2.0563662,0.0,0.0,0.0,2.5230439,10.126064,0.0,0.0,0.0
0.0,0.069708824,0.0,0.3769469,0.9333082,0.0,1.1480218,0.0,0.0,2.4184864,0.0,1.8071188,0.0,0.8949189,0.04771328,0.0,1.8205926,0.035940804,2.1292922,0.0,0.0,0.0,2.865692,0.52131814,2.2114842,3.4633274,0.0,3.9342358,1.6318936,2.601761,1.0496093,0.64037776,0.0,0.06739509,0.8271175,0.43445185,0.8127207,1.701519,0.43030712,0.06845325,0.37220466,2.1647246,0.0,0.7677351,0.0,0.0,0.81586885,0.0,0.0,0.54817766,0.0,0.58862656,0.0,5.243093,2.8127472,3.9089243,0.0,0.3077727,0.0,1.170473,1.6227481,1.476646,1.9135259,1.0588852
3.7482917,0.0,0.0,4.399235,3.3702796,1.7093081,0.0,0.0,0.0,1.2073487,0.0,0.0938071,1.1928846,0.5452754,1.0807631,0.0,0.0,0.92897666,0.2978416,0.0,0.0,0.0,0.0,0.6847448,2.7345452,1.4929267,0.0,2.5354004,1.9976584,1.6396106,1.4571054,0.48585153,0.0,3.7338889,0.0,0.0,0.0,0.11235141,1.7130806,1.0111557,1.4223804,0.12435329,0.0,0.0,0.46688065,0.0,0.0,3.6324594,0.0,0.0,0.0,0.0,0.0,0.0,5.5658317,1.8764776,2.0848062,0.0,0.0,2.17163,1.2208399,0.71628994,0.0,0.0
0.0,1.3258648,0.0,0.7659324,0.0,3.7531686,2.7722502,4.2475386,0.0,0.56381726,1.2900199,0.0,0.37638634,1.1465325,0.5905766,3.0021956,0.0,0.0058182376,2.7080588,0.0,0.0,0.0,0.41969767,0.0,0.0,0.0,0.0,0.0,0.0,0.21955794,0.13104114,2.3657534,0.0,0.5874597,5.349374,0.0,2.4102445,0.8879731,5.9886417,2.170444,4.5429773,0.0,2.589655,2.136773,0.015590031,6.1085396,0.0,0.027658522,0.0,2.2018728,0.0,1.9468248,1.011268,0.0,0.7620087,0.0,1.0229496,0.0,0.16333027,0.0,1.5430013,0.0,0.0,0.020294007
1.6852701,0.28103665,0.0,1.6878927,4.83676,2.163107,0.0,0.0,0.0,1.3854079,0.0,0.0,0.0,0.052520595,0.19566822,0.0,0.0,0.0,1.7711585,0.34550995,0.0,0.0,0.0,3.7630181,0.8499422,0.0,0.0,3.436635,1.5457867,2.0473135,0.0,2.66711,0.0,0.0,1.2649926,0.2475625,1.2060286,2.9683092,1.2633052,4.4920177,2.357736,5.6019096,0.0,0.09655585,0.0,0.080319636,0.0,0.0,0.0,4.9463143,2.970046,0.0,1.3057994,0.3770692,1.5555012,3.4646213,3.2823637,0.0,0.7268957,0.0,1.6592289,0.58939373,2.2082498,0.074906245
0.0,0.0,0.0,2.3929179,0.0,1.4117352,0.0,0.75418663,0.0,2.2638826,2.0991538,0.0,2.7919466,0.0,0.6358414,1.0665919,1.3824989,1.4043677,0.0,0.0,0.0,0.0,0.0,1.6875893,0.0,0.100475915,0.0,0.07500698,3.5505004,0.0,1.7348582,0.9976815,0.0,1.3866764,0.0,1.3555486,2.8585825,0.0,2.4009664,0.8295585,0.0,0.0,0.0,0.0,0.062421396,1.1457794,0.0,0.0,0.0,0.10183594,0.0,4.573784,1.694947,1.7001085,2.3636065,3.3994641,0.56,2.8480594,0.0,0.72201324,0.0,0.0,0.0,3.085542
0.0,2.3125682,0.0,1.0412594,0.0,0.0,0.0,2.6737902,0.0,1.489877,0.0,0.0,2.0673938,0.0,1.8165265,2.3058705,0.0,3.1375139,2.2953835,0.0,0.0,0.0,1.1131759,0.0,0.0,0.0,0.38870016,0.0,0.0,0.0,0.9746751,2.5353734,0.0,0.0,0.39098603,1.6948721,3.5991204,0.0,3.5418193,0.3697056,0.73963195,2.9447243,0.06937372,7.673975,0.8402564,3.6532965,0.10700676,0.0,0.0,0.8926029,0.4823021,4.5927157,2.3403845,0.0,0.0,2.8326244,1.2357109,0.0,0.0,0.338677,1.4104017,1.2129668,0.0,2.7492557
0.0,2.7305307,0.0,1.43951,0.14519359,0.0,3.4945505,2.131069,0.0,0.0,0.0,1.4310242,0.5181407,0.0,5.671561,0.0,0.0,3.9608078,0.7433471,0.0,0.0,0.0,0.0,0.0,0.0,0.022984982,0.0,3.3171027,0.9078813,0.9522207,1.5574459,1.0057355,0.0,0.0,3.1090047,0.8025463,1.8082992,0.0,0.94019604,1.7527955,0.0,4.9859295,0.6582465,8.100116,3.6014543,0.060345586,0.0,0.0,0.0,0.0,0.0,0.14405861,5.172624,0.0,1.950867,8.709908,0.0,0.34243575,0.0,0.0,0.0,2.6073306,0.0,2.1720152
0.0,2.6040244,0.0,0.79508424,0.35825005,0.0,2.1179683,0.0,0.0,5.387715,2.5402462,0.1210929,3.9064405,0.0,1.1678982,2.03452,0.38631546,2.6732538,0.13146651,0.0,0.0,0.0,1.7949176,2.8814237,0.0,1.4864429,0.0,2.706204,3.532841,1.7062066,0.0,1.8004549,0.0,0.0,0.0,1.4156028,0.22355703,0.39716035,0.0,2.1311085,0.0,0.0,0.9750039,3.0912848,0.0,1.3417757,0.0,0.0,0.0,0.0,0.17768739,0.0,4.079807,3.5855844,3.9942641,3.419775,2.6414587,0.72957987,0.0,0.77033824,0.0,0.4452806,0.0,2.396471
0.0,1.291859,0.0,0.0,0.36863664,1.3234118,0.0,1.9326696,0.0,0.0,6.86727,5.1150646,2.440541,0.17154138,2.1680572,0.45359194,0.0,3.2651525,1.4862193,0.0,0.0,0.0,0.41658893,0.0,0.0,0.0,0.0,3.0453472,3.0168786,1.3613354,0.0,0.0,0.0,0.11095166,4.0052767,0.0,0.20417485,0.0,0.11645831,0.17010163,0.0,0.0,2.3089266,2.937947,2.7473903,2.6203,0.5567743,0.0,0.0,0.0,0.5948545,0.8123801,5.020008,0.0,1.5961318,5.460828,0.048807405,0.679825,0.0,5.506573,0.0,2.8332987,1.0336379,3.5432491
0.0,1.7004544,0.0,0.0,0.0,0.0,2.209387,3.5803666,0.0,3.103066,0.0,0.0,0.0,0.0,0.0,0.12786587,2.322098,0.6692734,0.0,0.0,0.0,0.0,1.3580859,0.0,0.0,0.0,0.0,2.1075609,0.0,4.080128,2.901648,0.0,0.0,1.6144156,4.4103274,1.287877,2.5614927,0.0,5.8174114,0.38849014,0.0,0.0,0.0,1.1065506,0.0,0.0,0.0,0.0,0.0,0.0,0.0,4.1452675,4.2717905,5.6234455,3.6117647,4.390116,0.0,0.0,0.0,3.914356,3.46561,0.0,0.020215215,0.0
0.13449907,0.0,0.0,3.4923306,0.0,3.1004646,0.0,4.393269,0.0,0.0,0.19109267,1.1158003,2.6998482,0.0,2.1047637,0.0,0.0,3.4362469,0.88266295,0.025017574,0.0,0.0,1.3188032,2.4775028,0.4161836,0.0,0.0,0.0,0.0,0.7546753,1.6051416,2.7682374,0.0,2.081876,0.11924052,1.2525324,0.7173903,0.0,3.1967394,2.5685449,0.022307789,1.51916,0.0,0.09599164,6.251518,2.0762594,0.7805973,0.0,0.46034572,0.0,0.0,2.5006394,0.3225702,0.0,2.3603504,0.7046073,1.0256718,0.43851954,0.0,0.0,0.0,2.1709292,0.0,0.21394818
0.0,1.902576,0.0,1.8975253,0.12867826,2.319801,3.0451565,0.0,0.0,1.3281219,0.0,0.0,1.2341069,0.47022927,0.0,0.1212395,0.0,0.0,4.4928823,0.0,0.0,0.0,3.9775493,0.0,0.0,0.0,3.5707135,0.0,0.0,1.845432,0.8892655,4.5591836,0.0,3.0226247,2.4886043,2.7624648,3.9695423,0.34436294,2.7192063,5.692802,6.132468,4.209328,0.96741676,0.0,0.0,4.904084,0.0,0.0,0.0,0.27955085,0.0,2.369653,0.0,1.9876992,0.0,7.9142523,0.31738716,0.0,0.0,2.4680521,0.0,0.0,0.0,4.672535
