0.1449362,0.47513226,0.5836561,0.35968935,0.14531228,0.2603345,0.39190707,0.1422034,-0.2118999,0.123532556,0.67420065,0.18378533,-0.20909928,-0.1847291,0.0427777,0.43962815,0.09022154,0.038910158,0.23470567,0.008079039,0.07896951,0.22724935,-0.35426366,0.08455567,-0.10273673,0.30980343,-0.014239977,-0.35443598,-0.3802361,0.616263,-0.040566888,0.19732457,0.65709525,0.39154792,0.6072292,0.5127969,0.15659037,0.14702843,0.35886127,-0.013143765,0.5744058,0.20250173,-0.014811665,-0.018463274,0.5177704,0.2439482,-0.13378465,-0.39774457,-0.60375553,-0.54767084,-0.4654548,-0.1951387,0.104109004,0.35881096,0.3704507,0.30310717,0.19004977,0.098195106,0.71300817,0.672624,-0.82940024,0.25005198,0.6007026,0.24558191,0.33171508,0.24438307,-0.5019759,0.19977638,0.29678425,0.15721297,-0.11837525,-0.0076791123,0.25114724,0.08739029,-0.21269256,0.3178446,-0.29767212,0.15926924,0.37505257,0.38497376,0.43898538,0.30348435,-0.35469785,-0.57217926,0.24956791,0.028637594,0.060473815,0.10709092,0.06684336,0.24972995,-0.60305154,0.38822925,-0.07007086,-0.31107864,0.35196346,0.20326062,-0.36391032,0.27215254,0.050790794,0.020853853,-0.07868354,-0.1970464,0.25577813,0.004793048,-0.5103469,0.22521909,0.04230613,-0.005404696,0.42122924,-0.28065544,0.015057925,-0.30519485,-0.40738344,0.09310698,-0.12889992,0.0033323169,-0.21843487,0.16387828,-0.4945691,-0.25000894,-0.7046476,-0.28562635,0.21913287,-0.18224888,0.7020302,0.14662844,-0.29326624,-0.028577602,0.33771837,-0.1887077,0.32340088,0.43792233,-0.49923873,-0.45985818,0.50471425,-0.17271215,-0.09321412,-0.21881105,-0.09692681,0.75202763,0.043346945,-0.17472063,-0.6600714,0.5845921,0.03596524,0.036073167,0.29041678,0.3165625,-0.15305746,-0.24959648,-0.06894297,-0.080926485,0.09942389,0.22161841,-0.4185929,-0.21102832,0.12169689,-0.4731352,0.17485464,-0.51336026,-0.122180454,-0.3918634,-0.0016019344,-0.4680734,-0.30151677,0.43429804,-0.2462664,-0.06356453,0.091095515,-0.22233397,-0.08477055,0.23087248,0.079666905,-0.5276223,0.080617085,0.2588128,-0.21347994,0.13988048,-0.20141375,0.3248245,0.06836845,-0.702949,0.43266243,-0.61601114,-0.18424553,0.06492297,-0.10699096,-0.15892237,0.004037529,0.0798461,0.13816234,-0.24550201,-0.13364464,-0.49164623,-0.6121586,-0.14558807,-0.5945591,-0.49520475,-0.4427246,-0.055888213
1.3674126,1.0750495,1.9510545,0.9084146,1.2080413,1.7784132,0.22823912,1.3149319,0.21450947,0.0129819065,1.9356184,0.06337616,-1.2242752,0.976163,-1.2433108,0.5783357,1.2783054,0.3536603,1.4429266,1.8475732,0.17248267,1.0536646,1.2227223,0.50545454,-1.0041772,0.3657131,0.76517636,-2.1609128,-0.39448422,-0.57219046,-0.019637637,0.8008005,1.6412235,0.3634697,-0.11997629,1.5527954,-0.44103312,-1.9897395,0.5951962,-0.1754602,0.91983753,-0.6812957,0.71268564,-0.19288509,1.3120841,-0.14941098,0.6882127,-1.7326509,-1.2702582,1.5035431,-0.32039097,-1.6778384,-0.0121837,1.6002752,-0.74670196,-0.556198,-0.21843661,-0.4225221,0.56703746,2.2757185,-1.536137,0.9961079,1.2909927,-0.544737,-0.18664083,0.35160878,-1.4479188,-0.51832,1.1960248,-0.1320399,0.6175664,-1.5487446,0.21463633,2.3247764,0.11965165,1.5614411,-0.9029301,0.18191706,1.0256016,1.1706429,0.5607123,-0.7048375,0.9689029,-0.07207546,-1.3846408,0.31824017,-0.3885592,0.23894817,0.050560173,-0.35356408,-0.4879419,-1.1216534,-0.2540136,-1.820798,-0.7895069,0.46805075,0.36544287,-0.44005454,0.31404087,1.0156871,0.9703917,1.2857492,1.2830358,-0.23741758,0.5632022,-0.058713727,-0.6659728,0.7237682,0.65779126,0.73483485,0.9955881,0.08498947,-1.0434314,0.72610605,-0.2631318,-0.713461,1.2193143,-0.09936141,-0.5715231,-2.4008005,0.55320996,-0.91871226,0.5931815,-0.37025902,1.0469719,-0.45847872,-1.3679487,0.28981516,-1.4003341,-1.4684933,1.4327705,1.2963681,-1.0880408,0.016404718,0.39194402,-1.3991907,0.9337566,-0.2828059,-1.3351356,0.4464656,0.6561406,0.65215015,-1.8517895,0.8907578,-0.31597146,-0.948374,0.90757334,0.051994342,0.71089727,-0.46140376,-0.14982761,-0.085508816,0.35521752,0.9874908,-0.8092413,0.7810155,-0.6109762,-0.99768984,1.6196986,-0.86443496,0.026501473,-0.34931368,-1.7347381,0.9786336,-0.9743513,0.8027429,1.0067482,-1.0850229,0.0896306,-0.8889837,-0.056524247,-0.31524667,1.2512581,-1.6225727,0.2773602,1.0172898,-1.5889496,1.00144,-0.5694944,1.3606193,0.30807695,0.21861032,0.7499748,-0.5475049,1.3378886,1.5403419,-0.6152529,-0.40231347,0.048258856,-0.783953,-0.5379859,-0.011278573,-0.55848736,-0.5549142,-0.5043426,-1.3104755,-1.99387,-1.5147383,-0.26128298,0.023077527
-1.6382548,0.11392049,-1.1562322,0.70209795,-1.4739599,-0.99554724,1.027534,-0.8000562,0.37317944,0.37132442,0.41664273,-0.17218079,0.8885998,-0.7705539,-0.48393202,-0.8034765,-0.21105193,-0.24958985,1.5560806,-0.21703178,1.2596939,-0.15328173,-0.30894122,0.40965727,1.0195472,0.7440117,-1.6164405,-1.811623,0.602857,-0.013909303,-0.39414188,0.8599337,-0.60695434,0.21088383,0.40929943,-0.26805994,-0.8978812,0.4383823,-0.2370768,0.29437187,-0.21188995,0.9083894,-0.4539596,-1.2707763,-0.5202046,-0.94614434,-2.0832262,-0.66491896,-0.37591422,-1.2975099,-0.8968872,-1.5438586,-1.5706533,0.5292337,0.3648502,0.45248717,0.3589521,-0.20801981,0.038601007,0.7937449,-0.6293586,0.25084546,-0.81658477,-0.16004185,-0.046790823,-1.6643026,0.66286165,-0.50347525,-1.3163356,-0.28022474,-0.11439667,-0.76684827,0.30391654,-0.89456,1.8383205,-2.3311355,0.0163296,0.8212614,-1.9707255,-1.1590874,-0.79466385,0.3089372,-1.5557058,-0.50440615,0.42775837,0.543898,0.5288413,-0.34698835,-0.15490557,0.8851348,0.14833222,-0.25354198,-0.3288825,-0.12051021,-0.025078366,-0.32530516,1.0476211,1.9103032,0.45807785,1.2877934,-0.4753198,-1.5695205,-1.0657287,1.5075879,-0.7318678,-0.589826,0.008978363,-0.83158314,0.42067564,-0.17104176,1.1376022,0.3183963,1.301233,0.2150179,1.1527562,-0.13988444,-0.34179884,-0.3516798,0.20189837,0.0809785,-0.18909107,-0.30495518,0.7457378,0.4171048,0.3400743,-0.3562668,-0.44295615,-0.8331238,0.6494128,0.03843472,-0.790586,0.5228597,-0.7139877,-1.2207874,1.0164696,-0.2164936,0.28367287,0.4279524,0.88017046,-0.19032075,0.6756563,1.021849,0.73495096,-0.267346,-0.43857408,0.599037,1.5055063,0.34710655,0.21572027,0.3564122,0.48869124,0.2273162,-1.7245114,-1.0449911,0.1510585,0.32172894,0.5550482,-0.40673777,0.61691785,1.0467101,-0.39114863,-0.072820455,0.7211934,2.0145197,0.15057936,0.57615155,-1.005407,0.99829495,-0.2759478,-1.6962599,1.2616372,0.04344162,-0.38218352,0.8857826,1.3973734,0.827876,0.9258666,-0.80524665,1.280469,-2.6196294,0.22300875,-0.09942956,0.9372408,0.18047608,-0.712173,1.1279907,-0.42243254,-0.46578854,-1.195625,0.083837256,0.17093325,-0.05981792,0.9921158,0.13025425,0.05057187,1.263952,0.66740847,0.8678341,0.54110104,-0.06297502
0.0020988397,0.093223475,-0.13833363,0.8408596,0.73220474,0.6705149,1.2299932,-0.6750373,0.51974094,1.8557137,0.20661788,1.2802354,1.3347375,-0.04534912,0.73355407,0.06648908,0.44131178,0.44979858,1.3846521,-0.0047684964,1.2550591,0.89161247,0.39245814,0.57802874,-0.24175212,0.7604518,0.80062115,-0.25903645,-0.38053387,0.20327309,0.3717187,0.81324285,-0.13249901,1.0471215,0.7192132,0.4311317,-0.04478801,0.44316807,0.6060194,1.495052,0.014915727,1.0129826,0.9806236,-0.3158239,-1.0754125,0.61758214,0.06347238,0.5031429,0.3191958,-0.08645993,-0.5547112,0.61832654,-0.26160964,0.63813686,0.124678254,1.3010783,0.6023536,0.76176065,0.5940198,-0.025280938,-0.33284238,1.0098108,-0.16063346,0.7697865,0.29400626,0.7586934,0.5355055,-0.70130163,-1.351353,-0.28048933,0.6678808,-0.10432233,0.43773925,-0.9431387,1.0550416,-0.29222065,-0.030961351,1.3385985,-0.48402286,-0.4792645,0.3437074,0.102071844,-0.7268788,-0.62452054,-0.004855888,0.43747565,-0.24517803,-0.35169056,-0.080613,1.1077398,-0.8676227,1.2252798,0.37460002,1.5062515,-0.49314797,0.39396533,-0.5499048,0.8233586,0.7956236,0.16452391,-0.693733,0.02043689,-0.02389292,1.0332931,-0.19759153,-0.40578035,-1.0249096,-0.23220661,0.36501557,0.10237259,0.5163555,0.74414164,1.2117196,-0.21827735,0.4914723,0.45405927,-0.75075966,-0.47418308,-0.7576912,0.004403714,-0.89310116,0.12716627,0.4822084,0.019557575,0.1274127,-0.6750131,0.7349314,-0.005380592,-0.0676042,-0.54594135,-0.24498595,0.6906092,-0.56645024,0.2695464,0.48705474,-0.56578374,0.934168,-0.10939318,1.3565435,-0.8337631,0.014777336,0.29091766,-1.1755412,-0.9696675,0.4247101,-0.41790262,0.8465508,-0.5396988,-0.6161145,-0.6632309,0.79849267,-0.6517464,-0.056978628,-0.3714295,-0.74454814,0.13665882,0.08453351,0.6020078,0.8778017,-0.1359724,-0.39681175,-0.8621745,-0.8386728,0.9973669,0.4647201,-0.05048679,-0.4945642,-0.68390083,-0.2981559,-1.1016159,-0.31235158,0.029101,-0.37320203,0.16171505,0.3359173,-0.146685,0.0780989,-0.63620716,0.39368144,-0.796548,-0.44036704,-0.034328498,-0.269418,-0.47967136,-0.07697554,-0.32849467,0.60499233,0.41530287,-0.52250826,-0.12401213,-0.46364376,0.583366,-0.16375117,-0.38981137,-0.53852564,-0.43267018,-0.0008676653,-0.5791562,-0.4899234,-0.27279466
-0.44992796,1.1883676,0.36504182,-0.37603188,-1.7457616,-0.19742584,-1.151762,-0.335854,-0.4571846,-0.6725003,-0.70716166,0.74902207,0.5621526,0.22925133,0.41103572,-0.20045559,0.7814875,1.2286829,-1.0883641,-0.33387154,-0.9273999,1.4041176,0.66727096,0.9200734,1.3863524,0.031363618,0.38216898,0.30925587,0.8019046,-0.26306292,0.5470701,-1.3294613,1.2721976,-1.1485987,1.0140074,-0.48284766,0.6234111,1.6636034,0.93391764,-0.88664484,-0.13001733,-0.50992054,-0.89124525,1.7920997,0.9105389,0.2179453,0.05897169,0.830066,-0.7854478,0.15225258,-0.4282595,0.021008618,0.85830474,-0.21163137,0.84066117,-0.6131109,-0.8157597,1.7894585,1.4398854,-1.0285938,0.69120836,-0.5920941,0.61947054,0.5522793,0.95978844,0.8834727,1.1496891,0.37936556,0.5875317,1.7642957,1.7635072,0.17908916,0.28017133,-0.79929703,0.40859485,0.64657176,0.27966058,0.87062895,0.048934553,-0.18415976,0.6045585,-0.09623463,0.20313305,0.4550411,-1.2540143,-0.48590383,1.5264705,0.27303258,1.2909733,0.564749,0.036386117,1.3831882,0.31997925,-0.2873909,0.66173553,1.396432,1.364741,0.14113395,0.0611735,0.2794853,-0.11449227,0.93371725,1.254804,-0.21925619,-0.685027,0.08167965,1.7343472,0.71747,1.4259579,0.42633852,1.5143418,1.3978356,-0.5223081,-1.0544558,0.7310817,1.1052003,0.10956691,1.813114,0.41388044,0.09525202,0.08839627,0.7321626,-0.040911812,-1.6821887,-0.9718057,-0.94707745,0.26500338,0.32882372,1.2959819,0.3376071,1.5434533,1.1144468,0.16878657,0.63812536,0.76329005,0.7999721,1.9032191,0.16153531,0.4779127,0.12031296,-0.8927363,-0.6005426,-0.14364824,-0.2014923,0.13399254,-0.69490033,-1.0975614,0.3023358,-1.0798378,-0.22595948,-1.1856873,-0.5381448,-0.5468248,1.2790681,-0.91717076,0.65005285,0.58824646,-0.7525077,-1.454915,-2.2365787,-0.44977415,-1.1800413,-1.5862815,0.13126889,0.03629411,-0.4003542,0.91128254,-1.5603153,1.3497571,0.73223144,-0.3848345,0.16897815,0.963224,0.64569813,-0.3648066,-0.69443274,-0.8284352,-0.028397458,0.14795868,0.5012046,-0.8954936,-0.024812814,-0.24412121,-2.0542607,-0.51162547,-0.76034176,-0.5987378,-0.89327186,-0.054596677,-1.9000045,-1.5429927,-0.95054024,-0.50246483,-1.1645409,-0.5241321,0.15396768,-0.52576774,-1.2852302,-1.3136885,1.680813
-1.5100197,-1.2876048,-1.0855792,0.21026398,-0.23119889,-0.9045046,0.51198304,-0.853067,1.1211324,0.9268695,0.049044408,-0.4497718,0.6276532,-0.5770091,0.13835272,-0.455978,-1.2557247,0.04059954,0.3344096,-1.0740904,0.7639138,-0.044926014,0.057298202,0.2068827,0.52380335,0.37924019,-1.4311185,0.38760385,-0.33923638,-0.0026308373,-0.9004554,0.06309683,-0.48683414,0.3584932,-0.56958854,-0.394705,0.100529015,-0.42981967,-0.16561617,0.3608345,-0.846297,0.713043,0.58797866,-2.00086,-0.2724162,0.38470826,0.12336859,-1.7784686,1.3328214,-1.040624,1.174734,1.3111767,0.13665448,-1.3422999,0.8981911,0.49370024,0.724373,0.48234558,0.15781367,-0.17786945,0.46119764,0.53826743,-1.368565,0.0010882495,-0.6284399,-0.24355733,-0.7720696,0.99955386,-1.4521698,0.09242365,-0.021805577,-0.3683185,-0.21066216,-0.6655456,0.7196133,-1.2540561,-1.0396053,-0.21921541,-2.3978257,-1.257822,-0.80474496,1.2127821,-1.0327933,-0.16790235,0.8426338,-2.0727317,-0.91945505,-0.9193654,-0.33516553,0.18229628,1.549047,-2.5620055,-0.2786811,0.57323873,-0.3708055,-0.29227763,0.40758336,0.79735464,-0.63586175,0.10723067,-0.4016229,-0.12158313,-1.487102,0.5677888,0.4773052,-0.07476997,-0.40789953,-0.67764544,-0.7029126,-0.08128086,0.10629806,-0.7134309,1.0938237,-0.91626376,-1.8096253,-1.7396019,-0.05272923,-1.3166877,1.0018607,0.23573585,0.19161402,-1.703953,-0.7000464,1.1167098,-0.024759047,-0.31052166,0.2519133,-0.47021994,-0.20694101,-0.08892846,-1.0517735,-0.9835154,0.7516162,-1.6580108,0.53664345,-0.7109544,0.52701455,1.0043606,0.04717305,0.3395283,0.6636043,0.5664327,0.5176715,-0.042314753,-0.36797634,-0.4620998,-1.1702495,-0.4212673,1.0637952,0.8769691,0.07326292,0.72826886,0.124739036,-1.3092078,-1.4568235,0.63942975,1.0732741,0.47290304,0.038720667,0.67865163,0.25328326,0.83060694,0.42574066,0.15019777,0.5342768,-1.1531323,-0.0309587,0.21527411,-1.0082654,-0.71161264,0.53563225,-0.36516494,-1.2252437,0.28867847,-0.31245688,0.0910995,1.0133458,0.88890845,0.7985126,-1.4529443,1.2455724,0.0032603256,-0.719234,1.3383932,0.04633599,0.51902217,0.5632354,-0.15376888,0.34785944,1.1750412,0.67816925,-0.25818145,0.83907324,0.60643214,0.27143988,0.1298595,1.0684001,0.44225118,1.3535305,0.025351042
-0.22666842,-1.3273383,0.94688344,1.4740795,1.4709783,0.6684031,0.7151536,0.10127731,-0.021040065,1.4230179,1.1315525,-0.3116078,0.14632899,-0.8882534,-1.3787388,1.4899552,0.5201413,-0.49132457,1.3657357,2.0223098,0.9741963,-0.76657355,0.019263092,1.2771624,0.9193574,0.9298784,-0.23023847,-1.3668003,-0.7954042,-1.483885,0.8647622,1.6912055,1.6276149,1.3497618,-0.66808957,1.1415585,0.12290666,-0.7783451,-0.43100312,0.9288966,-0.78862774,0.051968325,1.3261046,0.6066407,1.8249152,-0.28357434,-1.6845613,-1.193641,-1.1411371,-0.83084637,-0.7268746,0.69998777,0.869211,0.54155076,-0.286807,-0.0025383092,-0.34094265,-1.3389728,-1.4566227,0.9730658,-0.97474235,2.1981728,1.67784,0.69356537,0.45754805,-0.7750122,-0.20317237,-1.1061991,-0.8400927,-1.1962668,-0.97066104,-0.6927696,-2.6423097,1.0947584,-0.057094242,1.5352395,0.9903875,-0.15755616,-0.36891308,1.0785449,-0.6418888,0.075400494,2.0982203,-1.189638,-1.3014525,0.31000516,0.88287,-0.31464592,-0.051663723,-0.0996307,-0.05865129,-0.3890389,1.1369897,-0.92518044,-0.50357985,0.32359672,-0.21886778,1.6815819,-1.3110045,0.51065916,0.066713884,0.680941,-0.75477535,-0.21367998,-0.15950911,1.1599239,-0.6734108,0.77765685,-0.18751293,0.008842422,-0.15407428,0.6506147,0.5474936,0.6630647,-0.7325472,0.3928431,0.09254945,-0.95052737,1.59904,-1.6157366,-0.17724328,-1.2427075,1.0349243,0.18712771,0.21592629,-1.1933634,0.68081135,1.1273183,-1.4525797,-0.569963,-0.13701074,-0.29588473,-1.1358392,-0.1319329,0.93824506,-1.2539346,-0.3940094,0.45264688,-0.055366594,2.172131,-0.030066893,0.18097311,0.3279898,-0.22621219,-0.4894244,-0.35010427,1.6326926,-1.2402354,-1.0790274,-0.11237791,-0.17626344,0.6309734,0.58959687,0.7287217,0.04532841,-0.750085,0.3652906,1.257179,0.8131944,-0.5763531,1.1266394,0.2932642,0.096407294,-0.14049387,-0.044076703,-2.5523481,1.1823777,-0.35467026,-0.7646033,-2.6133962,0.121923134,0.17045107,-0.6739177,1.11601,-1.8826323,0.2943855,-0.21824294,1.2088366,-1.0126723,1.3595673,-0.6374132,1.675973,-0.85921234,-0.91224,-0.42839265,0.19562115,0.051240657,0.49087617,1.4382001,-0.25626478,0.46841946,-0.36429268,0.11812271,-0.1535422,1.1657244,0.5540325,-0.34488863,-0.6490152,-0.5478962,0.51162285
-0.9255623,-0.65999067,-1.2825782,0.97130793,0.110583246,0.14886424,0.2334949,1.3673221,-1.7536664,-0.6005225,0.7195303,-0.17575088,-0.14565493,-1.282043,0.9797477,1.256669,-2.373136,-0.14295368,-0.6714507,-1.3620687,1.4479924,-1.6317941,-1.6058257,-1.9305599,-0.22231868,-0.19694008,0.27166304,1.6544455,-0.49659717,-0.31159577,-0.6898154,-1.3128088,0.56069416,-0.43554124,0.0013153339,0.33412966,-0.40561542,-0.22469254,0.391219,0.38082734,-1.4910378,0.6516136,-0.2015705,-0.6579438,-0.6568218,0.8976519,0.56515783,0.83022445,0.73121876,-0.42002702,0.18430905,1.5975372,-1.2721705,-2.114401,-0.004785914,0.5269126,1.2676978,-0.11962009,-1.3885591,-1.4488618,-0.0778624,0.042236242,0.967705,1.3387084,1.0842619,-0.62674916,-0.40959734,-1.743738,-0.12584843,0.6982488,-0.3677767,-0.42793617,1.1419622,-1.7788252,0.38775948,-1.5412025,-0.19735496,0.25635278,0.1748702,-1.226178,-2.7929912,1.375836,-2.7897928,-0.040404752,0.7338949,0.69174534,-0.7927107,0.80974376,0.66872084,0.38531885,0.7161647,-1.2849723,0.974071,-0.5709533,0.69955754,0.82507616,-2.7584717,0.7693413,-1.8368155,-0.9596601,0.20306268,-1.6055291,-1.5417627,-0.89472896,-0.35981342,-1.1058443,1.3263761,-2.8581202,-2.0418694,0.7992666,-1.2431247,-1.4368305,-0.6185111,0.15999277,-0.7491851,-1.0388607,-1.5604159,-1.3010896,-0.011656826,-0.5970628,0.9395663,-0.94019043,0.00017180666,1.3329005,0.558661,-0.64419353,-0.8306169,-1.0750402,-0.34241712,0.89327633,-1.0303578,-1.157083,0.68379414,-0.9710156,0.75378895,0.4163236,-0.43674088,-1.5798129,-1.410671,1.0487733,0.76484305,0.6097098,-0.032845307,0.75561816,-0.19467841,0.3205267,0.32525378,0.5953284,1.2237812,-0.09194517,0.9939123,0.8204795,0.73486054,0.28148133,1.4699186,1.5794694,1.3400285,-0.08061979,0.4071099,0.8553116,0.669726,1.1157793,1.3744773,-0.91834795,2.3666494,-0.14910892,-1.5088998,1.0825793,-0.46112317,-0.25137842,0.5778415,-2.1453574,-1.4815788,-0.17993398,0.528759,-0.47940165,0.87324756,-0.3586689,1.0244534,0.45087123,0.5913353,-1.2651124,0.49530053,0.69714713,0.12828763,0.28626573,-0.8612172,0.97681886,-0.3208027,1.1815311,0.82615936,0.47901356,0.71395373,-0.85008496,1.6069165,1.7458947,-0.1577451,0.15063287,1.2608645,0.70069295
0.87855154,1.4501559,0.49441782,-0.02237235,0.26344892,-1.9960898,-0.76874286,0.4030558,0.23974095,-1.1479486,-0.114137195,0.5217044,-1.6556469,1.3255193,1.5359174,-0.0616018,0.7791308,-0.33725706,-0.46544412,-1.0178441,-2.1564856,0.6844403,1.1079113,-1.0599301,1.0807623,0.76534986,0.58001566,-0.023874206,0.9335805,0.9242272,1.6949267,0.10334846,0.30667716,0.5166588,1.9727591,-0.11077848,-0.8811635,0.66214126,1.3954425,-1.1912652,1.7025955,0.44958335,-0.73959565,1.2081348,1.2714181,1.9501641,2.0275714,1.4739816,0.59556854,0.5954691,0.88799566,-1.1642718,0.91970456,1.3105569,0.6975001,-1.0275832,0.017678473,0.31095943,1.2983888,0.5513538,0.13164164,0.30838054,1.0095663,0.71572495,1.2859064,-0.17746545,-2.172018,0.6677757,1.9795216,0.93992203,0.3392446,1.0537182,0.98976016,1.3544028,-1.4382787,0.7643084,-0.5179933,-0.7194939,0.25439477,0.7842055,0.35558465,-0.92686325,-1.0068551,0.7398013,0.31629008,-1.3979298,1.2971065,0.6505849,-1.8493503,1.8494902,-0.29820576,0.96785325,0.41501775,-1.1902354,0.04356792,1.4600908,1.4544708,-1.7691839,-1.0342551,-1.6275609,0.7186185,1.5412714,1.3322841,-1.9462134,0.67183256,-2.2854252,1.2472411,-1.2255473,1.0330881,0.44095585,0.028440714,-0.6742345,-1.7664837,-0.10479168,0.9304884,0.3421463,0.9777147,1.9729699,0.3937038,0.38725498,0.7918165,1.7600303,-1.0107231,-0.824834,-1.6369463,-0.4878676,-0.02494646,1.2379632,1.4426222,0.6529359,1.9226422,-0.36412916,0.5137944,1.8855994,0.30612734,0.43526748,1.1710553,-0.23517969,1.9883678,-0.15918206,-0.0941287,-1.0332662,-0.70013297,-1.005414,-0.03186225,-0.43662274,1.1845165,0.9044737,-0.20407422,-0.48603022,-0.32925975,-1.0755069,-1.5323159,0.9880451,-1.3643492,-0.13311668,-0.68043405,-0.97117203,-2.3582733,-0.904089,-0.79044354,0.114161745,-1.0246295,-2.581395,-1.0858618,1.1757106,0.30948284,-0.19223289,1.88187,0.061267845,-0.3432611,0.39848304,1.836401,-0.8643813,-0.087871365,1.2913988,-1.1149832,-0.24079691,0.37752235,0.6419711,-0.5764599,-1.0086316,0.83030593,-1.021475,-0.5125149,-0.48721945,0.08985009,-0.23345207,-0.55434686,-0.763592,0.27312323,-0.39935464,0.027948868,-0.18908705,-0.2995861,-1.7238915,-0.59701043,-1.0528411,-0.08427244,0.65936714
-1.3600942,0.11598455,-0.85614246,1.3553315,1.0889367,0.7650972,0.88729036,0.5510472,-1.2600793,2.0701811,1.5633905,0.38036522,-0.025913876,-1.4465137,0.9851827,1.4979842,-1.3037206,-0.723471,0.9495654,-0.90104824,1.1083709,-0.27305254,-1.0286674,-1.0246304,0.0125627,0.96690726,0.55455637,0.42867976,-0.082196936,0.8618818,-1.1881319,0.5066067,-0.035455354,1.0553914,1.1616708,0.5936164,-1.3316058,0.57580054,0.54671746,0.24080841,0.060750924,1.2067724,1.5107474,-0.9627045,-1.1626105,1.30479,0.15389188,-0.3178866,0.7004426,1.6582012,0.92574257,1.0124698,-0.087573454,0.0654006,0.80338293,1.5303137,1.3719786,1.1371768,0.656101,-1.1255479,-1.686311,1.7460129,-0.36749873,-0.34702918,0.31677097,2.21104,-2.2789583,0.28887513,-1.3140959,-0.40806577,0.6808595,-0.40450332,-0.7883387,-1.0607804,-0.3392378,0.5023573,0.98338896,0.9548435,-0.0063273273,-0.80040634,0.1492331,0.79663354,-0.42660597,-1.0844413,0.46415225,0.60531765,0.19245894,-0.94386643,-0.9151964,0.5692848,0.01842753,0.4757177,-0.7976136,0.49864593,0.05273173,0.43492684,-1.2514871,1.3775138,-1.012463,-0.31721714,-0.82663864,-1.3931162,-0.833124,0.8155113,-1.2847807,-0.06609785,0.36618298,-1.0475132,-0.061533414,-0.77904737,-0.6404847,-0.952486,0.55264693,0.018699188,0.23598066,-0.19565228,-0.694759,-1.3487699,-0.545878,-0.89675844,-0.29183945,-0.49442345,0.48638192,0.68140095,1.0258873,-0.6039856,1.391978,-0.89002764,-0.018172137,-0.34746855,-0.7578182,0.30574173,-1.2362521,-0.012589946,0.93325317,-0.4115713,-0.2815411,-1.0855405,1.1334913,-0.1784781,-0.90994483,0.4161199,-0.7126905,0.08800788,0.61346436,0.8706374,0.27210847,-0.31513005,0.21110538,1.8985436,1.0736456,0.77376217,0.9718517,-0.35408363,-0.8895821,0.23278654,-0.34172708,1.6285152,0.20905253,-0.09500368,-1.3230067,1.1106858,-0.8118753,-0.4918323,-0.414055,0.46674728,-0.9000659,-0.60662854,-0.9544801,0.57255423,-0.986117,0.02013151,-1.2845795,0.18828277,0.007836986,-1.2372297,-0.5097021,-0.3231419,0.64660144,-0.4216466,-1.8395741,-0.120369375,-0.5759082,0.11662997,0.49031788,-0.48168376,0.3592585,1.0374749,-0.29602247,-0.17642926,-0.28088406,0.46264607,1.1879448,0.19938159,-1.710981,-0.18477464,0.9038327,0.15644668,0.8625735,-0.8194245
-0.032554906,0.051167727,-0.75180554,-0.8256187,-1.027219,-0.31069753,0.13842836,-0.72556734,0.1789314,-0.67526406,-0.18467636,0.51742,0.3233897,-0.95228964,0.018739145,0.023787279,-0.014069583,-1.0395501,1.2741613,-0.12721887,0.011918563,0.08123677,-0.028088812,0.39925024,0.2672733,0.9067811,0.6704961,-0.89221215,-0.059976876,0.14641815,0.640126,0.5541942,-1.2328286,0.42319375,0.529311,0.48693207,-1.0671135,-0.6507308,-0.75725764,-0.047770858,0.4054903,1.0220318,0.069190696,-0.03955891,-0.71417403,0.5621847,-0.28767616,0.6250591,0.25366345,0.8822484,0.7107478,-0.29259518,-0.0560135,0.12171107,0.27971932,1.0162868,0.7146401,-0.9018894,-0.98973006,0.45155218,-0.17716257,0.1785523,-0.6958862,-0.09025283,-0.62814796,-0.17067403,-1.5852298,1.4341372,-0.30563477,-0.7942263,0.12306204,-0.049889326,0.15322514,0.7431464,0.46967146,-0.04484014,0.52042544,-0.7780738,-0.02745622,-0.19275539,-0.28942496,-1.8940614,-0.0016233553,-0.8368009,0.24688007,0.052215226,0.17347322,0.41923416,0.54333365,-0.30692288,-0.40169758,0.9635076,0.108436875,0.28347483,-0.39663398,0.15039048,0.39080384,-0.48835564,-0.28981075,0.59061486,-0.90262765,0.15199643,-0.08152489,-0.62003696,-0.9328749,-0.7103938,-0.8539854,-0.022237502,-0.94849604,1.06626,0.5420907,0.107305646,0.0074667707,-1.2456532,0.90920544,0.09938328,-0.4580325,0.19375002,-0.13626787,-0.08773197,0.53005546,-0.12934831,-1.7491851,0.32716134,0.36034197,-0.36056405,0.33255506,-0.6718243,0.18674558,0.24030116,-0.10398485,0.32105824,-0.22633715,0.8096859,-0.5092069,-0.73306334,0.06869398,-0.5509355,0.7462289,-0.23494203,0.7688647,1.6109538,-1.576247,0.20380464,-0.18456562,0.2347201,0.47016466,-1.0566094,0.13608414,-0.05233343,-0.7256786,-0.6272045,0.9999093,-0.48557276,-1.0553294,0.80115074,0.3847809,0.74160075,0.45301816,0.80333716,-0.36238417,0.65915656,-0.6546542,0.9488546,-1.1412499,-0.24208935,0.36056235,-1.0169761,-0.89718586,-0.8086987,-0.006018771,-0.4052225,-0.2548446,-0.4601522,0.6816442,-1.0679326,0.021937244,0.093775675,0.4290879,0.052407216,0.018109273,-0.87430483,0.9775465,0.38490015,0.2527636,0.7162697,-1.230861,0.9172706,1.0638785,0.39308748,0.71144867,-0.5062261,0.56837267,0.8920673,0.16552894,-0.43378016,0.02692774,-0.4565931,0.33660552,0.33344537
0.85686326,-1.0396943,0.59991944,1.5360843,1.9539559,-0.06977235,1.142498,0.06852092,-0.58243287,1.8123461,1.2108008,0.9952322,0.098650545,0.8836224,0.88500476,1.1649472,0.02546246,0.5536032,0.79885525,-0.45595014,0.48042807,-0.14896351,0.8761573,-0.59860784,-0.15660736,-0.0044518597,-0.01306444,-1.0952275,-0.807021,0.5418269,0.32490525,0.9934772,0.6468006,1.8111705,0.29405946,1.8239969,0.13749474,-0.581026,0.76509064,0.6153583,-0.110281974,0.56098294,1.4325655,-0.6226874,-0.104126185,0.74878997,0.16179709,-1.0089296,0.5617594,0.3851098,-0.46271574,0.13411832,0.24753143,0.5714427,0.451502,0.42384073,0.18268761,0.82883805,0.071331136,0.41160893,0.06843923,1.4600321,0.5312748,0.46360987,0.813676,0.21250303,-0.36640665,-0.64819795,-0.17184037,-0.4464109,0.7799142,0.19368446,-0.2279395,0.5796137,-0.5449404,1.3561077,-0.16879402,0.5937322,-1.2024465,-0.6614805,-0.116100065,1.0084614,0.30707797,-0.71100634,-2.1601305,-0.8184161,-0.29328856,0.91359925,-0.67594486,1.0682374,0.3052106,-0.37841892,-0.57857174,-0.9324964,-0.1928335,1.0381742,0.3084729,-0.08494564,-0.092979014,0.18669435,-0.7351213,0.22995591,-0.35117805,0.9303043,0.16971861,-0.8046696,-0.6220595,-0.67932415,-0.44144014,0.4190948,-0.23270157,-1.2670112,-0.6700123,-0.48582008,-0.8186639,-0.1770375,-0.40955567,-0.56374687,-0.11747373,-1.4718419,0.24414377,-1.2524307,-0.3128511,0.8516828,0.92132694,-0.64193225,0.27762341,-0.4228911,-1.8990517,-0.2252913,-0.40430838,-0.17461593,-1.1054664,-0.29124486,-0.11265406,-0.6899312,0.34920484,0.6063106,-1.3606459,0.49748608,-0.3216273,-0.7639005,0.62135655,-0.078783974,0.3459954,0.48597085,0.45295286,-1.0618045,-0.489428,-1.3612189,0.6169367,0.28489715,0.71047235,0.059756517,0.5384378,0.06950996,-1.0823025,1.181071,0.75175667,-0.16184859,-0.85950613,-0.14242074,-1.7889845,-0.71937215,0.6248086,-1.0173562,0.5621448,0.017442048,-0.17338653,0.65135354,1.090217,0.39470905,-0.08469955,0.5040328,-0.70059794,0.68222463,-0.7428768,0.63739157,-0.739744,0.84537446,0.23783103,0.5925976,-0.88956594,-0.23916326,0.29830837,0.49570125,0.25396293,0.40489748,0.24969368,-0.23908885,0.4893526,0.37808496,0.22620626,-0.64682543,0.9696622,-0.32889107,0.27380508,-0.20678659,0.49014133,-0.8969012
-2.0613303,0.20038818,-0.54167193,-1.8348036,-2.3267043,-2.258209,-0.57391924,0.008473646,-0.33484644,-1.0822049,-1.0750191,0.5109214,0.0933886,-1.2256345,-1.4803355,-0.96496606,-0.32634884,0.24114321,0.61545116,-1.0025127,0.80203855,0.4450233,-0.22315003,-0.9693856,-0.15620735,2.1115544,-0.12974358,-0.94377023,-0.23034541,-0.393313,0.37258002,0.20940396,-1.3857726,-0.21702126,-0.44849285,-1.3636672,-2.7610414,-0.69518894,-1.1988401,0.46944502,0.81022143,0.8701825,-0.168198,0.31459522,-0.97536534,0.56109035,-0.34699804,-0.52453357,0.5369716,-0.64436924,0.4971644,-0.7978792,0.39183068,0.9583438,0.573383,1.3287868,0.18665701,0.86674696,0.26967767,1.6836575,1.3598876,0.013374207,-0.15000254,-0.5572371,-0.5603915,-0.4788176,1.0456128,0.2605899,-0.6698034,-1.8113316,-0.7295391,0.9106189,1.1094226,-0.65321785,-0.117012076,-0.7390981,-1.7075448,-1.5999954,0.9013335,-1.7759141,0.4145125,0.16348426,-0.3032798,0.22353117,0.09131242,-0.9664528,-0.32342732,-1.9925336,-0.5368453,0.5181125,0.8872884,0.96613735,1.0153229,0.14001565,-0.35553926,1.4587978,0.48227322,0.812471,-1.0653216,0.77092856,0.42909592,-0.47029307,0.8811185,-1.0188107,0.36406103,-0.5020948,0.40382108,-0.58282936,-1.1504116,-0.7717406,0.74061567,0.71582294,1.5311242,-0.9628892,1.4669468,-0.7806854,1.1060421,0.67317855,-0.88628,1.6074216,-0.917006,1.1018522,0.7352223,0.49810383,0.6079156,-1.8681722,-0.7978354,-2.1713457,2.0684478,-0.7391517,1.3587903,1.4427217,0.22802015,-0.37797883,0.4111549,2.1682522,0.3094814,-0.48039073,0.06857611,-1.9856807,-0.9403166,1.7613493,-0.43384516,0.24377295,-1.0985752,0.093309805,0.11591278,-1.8715703,1.025894,-0.55531776,-0.14599456,0.4603978,0.7709094,-2.7691922,-2.1812713,1.1786091,0.94111085,1.8410784,-0.27683687,0.28854948,-0.559052,0.31889874,1.2753761,1.0763123,0.31249365,0.38447154,0.49038446,-0.3134775,0.74941,-0.99638504,-2.4706752,1.8196359,0.58846056,-0.81034184,-0.84818727,0.24895436,0.95219064,-0.16409282,0.20651516,0.70919836,1.0326498,-1.1842793,0.75359803,0.23715034,-1.186579,0.27669197,1.1987594,0.76954454,1.1260351,-0.05649058,-0.8408488,-0.62814337,0.13880958,-1.2636484,0.8720994,-0.039433576,-0.10378915,-0.41943702,0.18248276,-0.09112828
-0.79282683,-0.4649479,-1.0723853,1.1987348,0.123183385,1.0275953,0.29004502,-0.5657411,-0.37288958,0.44442564,1.2958279,0.3976175,1.442675,-0.4799834,0.37150782,0.80353284,-0.4443378,-0.32390058,-0.0844788,-0.43175358,1.5574256,0.009203199,-0.8295009,0.48632696,0.040026434,0.7460501,0.7230257,0.062471166,0.10436584,-0.73055106,-0.88798815,0.63322663,0.6971935,0.61380816,0.64520466,0.9017959,-0.49894065,0.87978864,0.6957967,0.19221236,-0.8065403,0.51249236,-0.54715014,0.5861244,-0.8237951,0.5000209,-0.4698717,-0.37518808,0.012633663,-0.8410389,0.67650414,1.4334939,-0.4881344,0.105486825,0.50627184,0.6969251,-0.46538746,0.44019955,-0.4649777,-0.95716596,0.3833132,0.7823052,1.175509,1.4143481,1.7221316,1.2246637,1.06784,-0.15691768,-0.40062824,0.36200097,0.6577554,-0.33653325,0.079916835,-0.22615635,-0.95739025,0.1677206,0.93446416,0.9164629,-0.7310629,-0.90554374,0.26925844,0.7291462,-0.75619346,-0.88277704,-0.61741185,-0.10112115,-0.18109976,0.59419507,0.93331105,0.76576185,-0.07158568,0.7861783,1.0453963,1.3353872,0.006693935,0.71704185,-0.6594163,1.7353594,1.1767529,0.42562458,-1.2248486,-0.8377216,-0.6445442,0.51318216,-0.3010268,-0.14015053,0.10480298,-0.0037859455,-0.19108725,-0.7889866,0.16950954,0.05722089,1.0964212,0.07894228,-0.77253807,1.071956,-0.9997649,-0.17124602,-0.22532171,0.52272135,-0.20537119,-0.6730393,0.23289983,-1.2472107,0.13393584,0.5766827,-0.10396755,-0.6730578,-0.589321,0.5599364,-0.7371029,0.13685638,0.30339342,0.14145482,1.2225696,-0.08380341,0.6238487,0.0039185863,0.18988268,0.36694008,-0.35609543,-0.5439053,-0.76088977,0.39125293,-0.054400317,0.21289498,0.28080326,-0.79537535,-0.6037174,-0.23403573,0.49599963,0.8033475,0.07077667,-0.3976819,0.53281826,-0.09005699,-0.23214528,0.6399263,1.3579285,-1.1616464,-0.25351176,-0.5865779,-0.6794973,1.4244875,0.23307002,-1.1126256,-0.2162874,0.37663764,1.1012241,0.32137823,-0.03881107,1.2558017,-1.2592965,-0.8042137,-0.25362757,-0.72922015,-1.110722,0.22491823,-0.37994164,-0.18433443,0.47743785,-0.1599501,-0.46082866,-1.178631,0.32436618,0.819552,-0.74013126,-0.26760647,-0.16148536,-0.14230025,-1.1296738,-0.04940108,-0.87840825,0.22843866,0.010215896,-0.296725,-0.31234378,-0.985091,-1.0157797,0.029563388
0.3134783,-0.1431583,0.06290222,-0.07599886,-0.31504795,-0.4271823,0.61680365,-0.6853761,-0.20203544,0.5643939,0.0271563,0.46178514,1.1174066,0.22115523,-0.22090663,-0.01855151,0.70043164,0.28493014,0.6414469,0.9603848,0.706624,0.74196494,0.3274725,1.257462,-0.32647714,-0.15187031,-0.30021915,0.18880898,0.17854509,-0.2134015,0.044245563,0.36006597,-0.55128753,0.03262125,-0.44387725,0.026228253,0.17376123,0.4256297,-0.31941774,0.20804241,-0.3510998,-0.1822079,0.09474082,0.18723378,0.09051344,-0.2842772,-0.6554425,-0.27856794,-0.5326478,-0.48683393,-0.48611104,-0.08678811,0.24814181,0.20874853,0.36689198,0.087491065,-0.62600505,-0.18972816,-0.4300766,-0.72215,0.36871162,0.4484419,-0.27745274,0.04763751,0.42548758,-0.5950758,0.69670343,-0.055178314,0.3254918,-0.12761804,0.18861857,-0.28657502,-0.17717874,0.18287054,-0.32015014,0.5632308,0.029833596,0.21150982,-0.3156888,0.17294689,-0.70837593,-0.40913084,1.2035598,-0.043420985,-1.1984985,0.05381196,-0.032591544,0.35540518,1.2870849,-0.36442626,-0.42395204,-0.24854279,-0.31527135,1.0830377,0.02359905,-0.025241489,0.611038,0.6594489,0.16938804,1.5848093,-0.5035249,0.27745494,0.19337232,0.03972015,-0.3893828,0.8608117,0.07235044,0.94187635,0.81545115,0.27416483,0.88396686,1.0855169,1.2794635,-0.26076323,0.2637013,0.395754,0.42852134,0.020884179,0.96962446,0.028258089,0.11861301,-0.03986598,0.18123569,-0.5584726,0.16041432,-0.44971114,-0.46630463,0.056195676,0.022508077,-0.8410557,0.33273453,0.7402141,0.10483276,-0.21908277,0.2168318,-0.24212202,0.5099244,0.04352209,-0.17003587,-0.45752698,-0.02922782,0.5946097,0.4140665,-0.18529458,-0.23371923,0.29359388,0.045162253,-0.4993479,-0.60960394,-0.5738921,-0.9510228,-0.11509472,0.17572683,-0.1927574,0.22956245,0.65798575,0.26203847,-0.08100755,0.6362938,-0.25230765,0.19220841,-0.41169965,-0.3264224,0.8508415,-0.8269056,-0.14395979,0.6473795,-0.018708974,0.11899284,0.27115196,0.06522965,0.3319626,0.11873943,0.31006658,0.04061755,-0.30415732,-0.5127543,0.01694928,-0.2861319,0.83297,-0.27149305,0.9366377,-0.29276538,-0.2320296,0.34884998,0.07604246,-0.4681477,-0.5216376,0.03103976,-0.3303871,-0.21911359,0.26832077,-0.36693662,0.49319226,0.086728536,-0.6100876,-0.32090867,-0.1988552,-0.5761275,-0.13110997
0.8978016,-0.94039005,-0.25011846,0.95603,0.34965575,0.032675292,-0.019164037,0.316721,0.6072598,0.57553095,0.9828826,-0.14213757,-0.9134255,-0.40283448,-0.937974,1.6277466,0.17435376,-0.5739029,0.9448474,-0.112713166,-0.011632714,-1.2316846,-0.29560393,0.2730081,0.10807601,-0.8197161,-0.3538653,-1.1102655,-0.21376152,0.80067307,-0.04338684,0.7140276,-0.021960177,0.68476486,-0.21941581,1.1359167,-0.43486032,0.3862012,-0.46515217,0.91489017,-0.86730754,0.061510794,0.848807,-0.25761086,0.5623439,-0.47081783,-1.2678916,0.5471528,-1.5111995,-1.0828416,-1.3189031,-0.16988733,0.44620183,-0.25276142,0.81119996,0.31305587,0.0064376257,-1.645459,-1.1591963,0.65994596,-0.89360565,0.941816,0.17696224,-0.3554163,0.6218985,-0.69692224,-0.20559132,0.4019438,0.85253954,-0.17822559,-0.33915052,0.7914829,-1.0403572,0.71189725,0.7853035,0.67591417,0.37871206,-0.6073714,0.19325408,1.3275502,-1.168557,0.16124113,1.4319777,-0.4442503,0.5474371,0.041614734,-0.400917,1.1471883,0.11003411,-1.2354784,-0.3903362,-0.31312832,1.646555,-0.19750439,1.5501605,-0.4232612,-1.281093,0.53174436,0.8939217,-0.6260769,-0.34630752,0.54407585,-0.674887,0.32280993,-0.11419305,-0.507591,-0.48630092,0.12930724,-0.30455294,-1.0269176,-0.7271028,0.34094262,-0.98974854,-0.029860672,-0.78250825,0.13222985,-0.3967165,-0.07866068,0.9861513,-0.7243663,-0.69654554,-1.0859466,0.59781086,0.19777383,1.0886953,-0.07923475,0.10696438,0.30599806,-0.8632711,-0.40279114,-0.58906245,-1.3160075,0.3750425,-0.97401106,-0.0045890324,-0.07887467,-0.5282679,-0.8007246,-0.9664965,1.678506,0.4582746,0.26738936,0.27674887,0.60468405,0.43679935,-0.388062,0.49671,0.3485856,-0.32381222,0.0936447,0.72222495,0.15932253,-0.19289087,0.9410712,1.4887006,-1.5722296,0.5603032,-0.45887944,0.0149270445,0.11539771,1.0053941,0.32823923,1.0749605,-0.80422616,-0.18858038,0.24523,0.97879803,0.9532928,-0.45023152,-0.9971307,0.7611255,-1.4706898,-0.9394389,1.0708573,-0.3829639,0.5554657,1.630064,-0.67596656,-0.7876835,0.44678795,-1.4986339,0.46694046,0.66626346,0.08192746,-0.058514487,-0.051571816,-0.044752005,-0.17554641,0.39054704,0.9423346,-0.021509763,-0.2821773,-0.56876534,0.5985253,1.0108734,-0.11163307,1.4822744,1.1416667,0.46372724,0.26384655
-0.804743,0.88905454,-0.56018937,0.4616289,-0.72377723,0.26169378,-0.26413473,-0.2912587,0.7788975,0.16698898,-0.19582292,0.4040601,0.77356756,-0.49373436,0.75408214,-0.052617885,0.3029959,0.50857556,-0.04619763,-0.32336167,0.23439243,0.79863185,-0.32245,1.3119193,1.0818028,0.2625628,0.673612,0.39982197,0.10010235,0.086048074,0.08457679,-0.06963671,0.30077115,-0.73718727,0.8784739,-0.6005944,0.4511431,1.2928822,1.2524724,-0.027225012,-0.22941113,0.14386518,-0.21160863,0.82452744,0.11305188,0.46647877,0.0010191333,0.35573363,-0.8128866,0.65524906,-0.057737134,1.2304589,-0.03608228,-0.45052022,0.94447136,0.35201558,-0.77251464,0.88799953,1.2349217,-0.6154518,-0.21730629,0.8865395,0.7069266,0.5692347,0.61310345,0.7099114,1.2654737,-0.3436246,-0.048271928,1.2760776,1.0270461,0.4563031,0.4249792,-0.10748976,0.4347243,0.09059717,1.5596232,0.7672385,0.19120945,-0.0058558593,0.87103015,-0.09734112,-0.05592951,0.07034254,-1.1884902,-0.20548515,0.98939306,0.1422767,0.4308343,0.21372311,0.20231624,0.8823423,0.84857786,0.51169384,-0.16422409,1.0645792,0.7808666,0.38760847,0.7566515,-0.47353968,-0.1699383,-0.121487044,0.7498313,0.3250286,-0.39196455,-0.5543534,0.55880105,0.54513425,0.03080801,0.58653414,0.37883827,0.8421355,0.6799349,0.43060386,0.24294202,1.3399279,-0.6381015,0.7083086,0.37136328,0.84019923,-0.9889947,-0.073807985,0.22284487,-1.0740459,-0.36071,0.009413604,-0.74694186,-0.12654328,0.3883817,0.9048304,0.45900688,0.8225175,0.0583568,1.1798579,0.39269122,0.034054108,1.5343595,0.93781745,0.53506213,0.70418495,-0.90686864,-0.91704714,0.059088428,-0.39920577,0.7100505,-0.004329752,-0.45771974,-0.9791133,-0.82373595,-0.12989439,-0.8944558,0.41940188,0.1711366,0.42832008,-0.4383782,-0.34460446,-0.14019227,-0.34171215,-0.5514527,-1.8471537,-0.4438156,-0.70878994,-1.4565563,-0.25551835,-0.3001428,-0.8660734,0.46629027,-0.50924194,1.369054,0.6702424,-0.7966722,1.506316,0.2008466,-0.048007138,-0.5964237,-0.5274167,-0.45280582,-0.6198691,0.11655953,0.48085687,-0.042374376,-1.0722853,-1.1026862,-1.8839144,0.5228236,-1.2086045,-0.040801924,-0.42187387,-0.42907047,-0.80811733,-0.80174375,-0.44960812,-0.19806091,-0.90126485,-0.367171,-0.4823782,-0.30919746,-1.5540826,-1.3549341,0.35017985
-2.0213513,-0.04332345,-1.5216237,0.42018998,-0.983937,0.397406,-0.37755513,-0.5038446,0.5551901,-0.42927754,1.0816727,-0.7143255,0.32585025,-0.67579854,0.524563,0.8432245,-1.8076288,-0.81996155,-1.3811963,-1.6979963,0.9737187,-0.72939247,-1.4767795,-2.2262297,-1.4783816,0.30510417,-0.21704406,-1.0215306,0.32611158,0.60431176,0.60774034,-1.0929329,-0.31999916,-0.7864229,-0.54225737,-0.5326817,-0.47907516,0.42524368,0.44823587,1.0617158,-1.0094802,0.40705195,-1.1493765,-2.6738706,-0.26781514,-0.6190706,0.3516128,1.0873717,0.15092763,-1.5220195,-1.0042483,0.016102739,-0.68455714,-1.6653341,0.3276889,1.4529393,1.1333557,1.4581844,1.272852,-0.34257793,1.0980858,0.22511835,0.12328191,1.006503,1.1484329,-0.3180523,0.063725576,-0.56945944,-0.482133,0.037546184,-0.878639,-1.453625,1.941084,-1.6717077,1.0621774,-2.443558,-1.3742118,0.6350439,1.0130844,-1.2330366,-0.90711963,0.45311728,-1.2583761,-1.0824258,2.1135972,0.78256047,-1.0903975,-0.13113478,0.007136423,0.20856453,0.96126914,0.6308038,1.6226913,0.21994723,1.25914,0.6499483,0.5686538,1.6710435,0.2808736,-0.92242765,0.27407217,-1.2282213,-1.2314545,1.4097041,-0.46401426,-0.9932147,-0.77671164,-2.0932195,-1.2496556,0.39455038,-0.8447327,-1.7253935,-0.0043205544,1.7871321,-2.43087,-0.6970813,-0.9656615,-0.9100608,0.57155037,0.9378145,-0.3896709,-0.27949488,1.8315023,1.7297599,0.82562023,0.21283796,0.21462528,-1.7214433,1.0085044,0.94589204,-2.0758686,-0.6560774,-1.7788491,-1.0952398,1.352047,0.51232797,0.08814799,0.2587137,0.3185266,0.516058,0.47697198,-0.9119442,-0.77787983,0.7305932,-0.20476396,-0.036225777,0.69207996,1.582717,-0.5212712,0.103131145,2.1962676,0.7317058,-0.51634514,-0.84599936,-0.76192445,-0.024315633,1.4472874,0.121562354,-0.3242062,0.9355977,-0.43497312,0.48858172,1.3391433,0.17037708,2.0091696,-0.5660995,0.3304289,0.8674447,0.833828,-2.5632093,-1.8644524,-0.45845222,-0.59951323,-0.7654582,-1.6703422,-1.1383731,1.3333603,-0.23362158,0.05124057,-0.7333977,1.4709786,-1.1185079,1.957608,0.42647025,-1.7582154,0.022482047,0.95213664,-0.5225558,-1.646372,0.77072,0.44379225,1.4649482,-0.740817,1.9273844,0.9730016,1.6286479,-1.4935101,-0.2984902,0.8641689,0.68370086
0.5379094,0.65849227,0.010533319,1.4069369,0.83670473,1.6293297,0.7939326,-0.3521229,-0.5519691,2.0425732,0.3196158,1.0097334,1.1840119,0.34277365,-0.24705325,1.5079722,0.52641934,-1.4349649,2.1194606,-0.035587154,1.8963851,1.3006593,0.24908902,1.9106259,0.5896632,1.016298,1.4849054,-0.6321904,-0.7806891,1.2028207,0.012754239,0.34573537,-0.021379434,0.77786666,1.0924808,0.8580785,1.1847694,1.2903062,0.81060046,0.86499035,-0.44516134,0.9982941,0.76730156,-0.027376076,-0.90018934,0.17918299,-0.63853854,-0.75106597,-1.9841065,1.2423675,0.061067082,0.811105,0.024751347,0.37637275,-0.77460897,1.1948553,0.3868536,-0.6580796,0.44655734,-0.350572,-0.49832103,1.488963,0.45975867,1.1656739,1.4432064,-0.70484203,0.73053163,-1.9292585,0.24643284,0.60236937,0.16911565,0.7474104,0.9645515,-1.1314235,1.0993949,-0.19283606,0.7392718,1.2485498,0.24429414,-0.8610477,0.72127086,1.2851843,-0.4788416,-1.6430649,1.2099094,-0.20462945,-0.11059754,1.7297916,1.2896398,-0.95483536,-0.28982568,0.61726934,0.279474,1.2409395,0.24501635,0.5420014,-0.065447964,1.230283,0.017101211,0.93020445,-1.0926889,-1.164515,0.07069414,1.2889255,0.22450884,-0.05533784,-0.089662224,-0.20734072,-0.32375592,-0.95262545,1.0900738,1.4112984,1.3676984,-0.098914646,0.6604378,-0.3091808,-1.8319023,-0.38049322,0.58301187,-1.9548578,-1.0797063,-0.7063951,-0.05501582,0.17298163,0.3944171,-1.2721714,-1.3015829,-0.8181278,-0.44086957,0.5022288,-0.7897201,-0.17600888,-1.185126,-0.35471952,0.34047338,-0.9205965,0.5106688,0.60504806,0.0062435977,0.5556656,-0.061595436,0.9800208,-1.2158167,-0.9848674,0.91824013,0.08864756,0.5391773,-0.28895843,-0.74116045,0.19320747,0.23780599,-0.7123426,0.6842464,0.8512002,0.3116284,-0.5003369,1.3298244,0.7038117,0.65720844,-0.8959705,-0.40885857,0.48341793,-0.1284216,-0.19847916,-0.5448544,0.6482791,-0.071799494,-0.22609906,-0.23593558,-1.2023073,-0.9607977,-0.6853399,-0.871535,0.19258715,-0.1522407,-2.1230578,0.71214396,-0.28892305,0.7007304,-0.23925057,-0.9320234,-2.0015454,0.5375979,-0.7157924,0.4969926,-3.0571566,-1.2794964,-1.0402263,-0.7440798,1.1785764,-0.48442557,0.19380608,-0.42906657,-1.1660993,-0.6750439,-2.1948,-0.47321153,-0.9909309,0.10052483,-1.4034542
1.1083463,0.8684484,-0.0660525,0.7940194,-0.54928553,0.59403795,-0.34121034,0.89323664,0.4409724,-0.22363223,1.0311339,-0.1350144,0.53999,0.15387739,-0.5215453,1.1303806,1.0128766,0.30501962,0.8700175,1.266656,0.82000375,0.05530483,1.2613592,0.8002096,0.95560694,-0.21217495,0.921501,0.52779275,0.53452986,-0.28974977,0.9578328,-0.36269706,0.3499892,0.1384368,-0.09418955,1.0055516,0.9587575,0.40584338,0.015970718,1.5560969,-0.5703835,-0.19380204,-0.16940853,0.55557054,-0.3565669,-1.0109841,-1.042651,1.2939485,-1.684454,-1.1277195,-0.3548027,0.31061736,1.1561261,-0.37661976,-0.15258302,-0.7330422,-0.5972224,-0.41630676,-0.53855467,-2.1854954,-0.7464788,-0.46196777,0.43106028,0.45023996,1.2595757,1.042174,-0.87008566,0.042057194,-0.4865576,0.14827187,0.43594876,-1.477111,0.36554357,1.2116431,-0.40360525,0.45693818,0.5935842,0.6924191,-1.0246772,0.01805412,-0.45214793,-1.0470177,-0.020526834,-0.24797077,-2.112825,-0.5648149,0.063742,1.4306258,1.245326,-0.60617805,-0.2974353,1.1136764,-0.7001226,-0.040289395,0.4952447,-0.3087521,0.6358993,0.6216102,0.80417174,0.6355181,-0.068512544,0.40876704,0.09396369,-0.5580524,0.8242481,-0.027292259,0.22388957,0.9767144,0.4363155,0.6292714,0.021026257,1.0383914,-0.106627986,-0.14270993,-0.42658064,0.6029532,-0.28583217,0.45436457,0.055097036,-1.1707654,-0.6607178,-0.45545802,-1.1685733,-0.17610598,0.060452737,0.281569,-0.26466665,-0.22311658,-1.0326324,-0.06576148,-0.44863257,-0.66290116,0.45696267,-0.9440074,-0.2740965,-0.09917473,0.57130265,-0.47669214,-1.0298676,-0.031757798,0.53559995,0.7825441,-0.9101693,0.77807564,0.38059294,0.06812738,-0.08665721,-0.2280208,-0.56265306,0.8350363,0.6523075,0.19664353,0.25796473,1.1591324,1.5162166,0.6907653,0.4029614,0.49545124,1.3414605,-0.46188515,-0.23512375,-0.6952478,-0.5543103,0.6211595,0.81686115,0.4270807,-0.36484313,0.22805636,0.5571599,0.42029074,0.2311716,-1.0662625,-2.3439825,0.44983685,-0.18615928,-0.62147164,-0.6292167,0.28315642,-0.10325041,0.24074343,0.3947111,0.059212293,0.9082659,0.3193704,0.044771153,1.2016673,-1.9708154,-1.1821738,-0.6169141,-1.0535136,-0.06919401,-0.26724538,0.23461305,-0.8639349,0.6512671,-0.42028415,-0.5505223,-0.040613584,0.12993543,0.6356752
1.1123494,0.57476085,0.06477265,-0.13099883,-0.1173846,0.111348264,0.6033738,-0.7428512,-0.007279469,-0.2866332,-1.0114248,0.7745946,0.22788396,0.58092284,0.79915094,-0.34021977,1.1317633,0.057770044,0.62032545,0.20744605,-0.51426727,0.81194645,0.35136884,1.1129856,0.22601897,0.29674128,1.0725138,-0.2725463,0.4770587,0.5613588,0.86557853,0.29522994,-0.43305618,0.40050375,0.98420453,0.81134796,-0.821924,0.44237515,0.7996731,0.017754583,-0.060093723,0.45413044,0.2292998,0.51382923,0.4264149,0.5217357,0.4426682,0.31085572,-0.33886233,0.14962915,-0.8706101,0.1051897,0.3653071,0.14418739,0.75852513,-0.44067836,-0.5430696,0.4102211,0.46175674,-0.22245623,-0.25077686,0.082409635,0.3745775,0.3093897,0.5309805,-0.21140197,-0.44933173,-0.19357973,1.0363268,0.50878626,0.77665365,0.8390886,0.40817532,0.9922079,0.4144896,0.72797084,0.59747684,0.23646384,0.44414273,0.550988,0.34680125,-0.7742061,1.0671322,0.024430856,-0.25328115,-0.5499295,0.8309635,1.1290822,0.54642755,0.25501576,-0.23539422,0.25985557,-0.43901652,-0.2030237,0.82467544,0.7900543,0.40876466,-0.41780466,-0.5455377,-0.04891491,0.09801687,-0.06857537,0.4601505,-0.19654779,-0.7228619,-0.76491255,-0.08532967,0.034307808,0.92556316,0.6816081,0.15502459,0.66206175,-0.21583423,-0.13309135,0.4871998,0.6986623,-0.20521052,0.36825985,0.5423111,-0.7650902,0.88583595,0.22912829,-0.84160155,-0.93676776,-0.4157963,0.0761677,-1.3667946,0.23349452,0.5973899,-0.53580546,0.4041179,0.0025714822,0.1574258,0.8650111,-0.4121244,-0.77975285,0.67415065,0.28612974,0.64557064,0.49486783,-0.79457843,-0.17864306,0.06995866,-0.6962763,-0.5202519,-0.17789975,0.9458327,-0.068944074,-0.3438096,-0.4062071,-0.23839305,-0.40552825,-0.23452067,0.5211585,-0.62780637,-0.09654974,-0.28475025,-1.064356,-0.308842,-0.380682,-0.69869745,-0.40566632,-0.41433448,-0.68657637,-0.87466943,0.8214465,1.0383867,-0.2801335,1.0777899,-0.7721254,0.16927849,0.46408287,0.2879996,0.17631222,-0.20182604,-0.08851401,-0.33597216,-0.09881421,-0.2579524,1.5408727,-0.32538402,0.46565145,0.37614805,-0.088126674,-0.18918702,0.36557955,-0.41179296,0.39003795,0.31962812,-0.27472,-0.14517568,-0.03336541,-0.2831857,-0.36721396,0.18027498,-1.4706181,0.13585079,-0.7387979,-0.27366024,-0.10153548
0.7815544,0.6968736,0.64618915,0.3418045,-0.32726172,-0.08198482,-0.2595796,0.3060417,0.8914311,-0.14455293,-0.59717536,-0.95988476,-0.22747727,-0.35294682,-1.1279169,0.041371662,0.86588854,-0.3474599,0.95785946,1.6384254,0.7433252,0.9095889,0.18077715,1.3785241,0.5752421,-1.0804296,-1.6729779,-0.067417756,-0.023439718,-0.26280415,-0.37021926,1.2086135,0.2984782,0.12836015,-0.87769425,-0.86051786,0.72915035,0.58440447,-0.05497453,0.16806068,-0.10476486,-0.9796296,0.2906518,-0.22583999,1.3806663,-0.3464523,-0.82381,-0.3002787,-1.0970509,-0.7739296,-0.9963684,-0.55542094,0.97322375,1.2827944,0.31444636,-0.4898308,-0.69459075,-1.3189781,-0.52919513,0.018746227,-1.2875574,1.1112925,0.7166071,-0.4064204,-0.2651022,-1.2630895,-0.58209765,0.5919391,1.0070794,-0.48441288,-0.74611354,-0.8211657,-1.0227684,1.102532,-0.03178532,0.66826,0.28227383,-0.5896813,0.349345,1.0928909,-1.0501679,-0.31069696,1.0291194,0.96517754,0.124852635,-0.45450255,-0.48159686,-1.0190911,-0.13312717,-0.90007174,-0.03264197,-1.4977595,-0.10516632,0.11233259,0.920858,-0.5227183,0.6609282,1.2818241,-0.5256924,1.391947,0.55521935,0.6616464,0.75400454,-0.07478103,-0.4127107,1.56303,-0.5570022,1.010954,0.7870811,-0.32806402,0.7850029,1.5047503,0.43458635,-0.20781529,-0.30736297,-0.75903875,1.421317,-0.22278225,0.113737784,-0.020935755,0.0812835,-0.09863481,0.20219599,-0.33776823,0.21780607,0.2695045,-0.3457775,0.6265905,-0.45135874,-1.8374742,0.26543087,0.48116896,-0.49943268,-0.12070832,0.37946156,-0.4218797,0.7396444,0.8666343,0.018264424,0.2113564,0.71692985,0.9928048,-0.3565595,0.65320486,0.9219722,-0.03100596,-0.6437086,0.10356768,0.35131165,0.70762515,-0.9548159,0.5977281,-0.9948393,-0.4658176,0.1763663,0.78837496,0.8611787,0.20530298,1.0179763,0.07596229,1.1301322,-0.009332435,0.2617795,0.6634644,-1.3837792,0.83107203,0.92370003,0.03668581,-0.63388586,-0.09945352,-0.5494023,0.706627,0.5724943,0.9415545,-0.062264446,0.98631185,-0.9418405,0.60071033,-0.25418055,0.9098667,0.22743881,0.6690449,1.0253469,-0.21735416,0.41383398,-0.075787455,-0.2520487,-0.93678063,0.71555704,-1.1001245,-0.5128701,-0.024642128,-0.7246972,1.0160377,0.6390726,-0.3854871,-0.17573224,-0.022448443,-0.15831156,-0.71444184
0.12991446,-0.0508501,0.07104428,0.33405846,-0.47412527,-0.1387776,-0.060095727,0.4650147,-1.1418872,0.20691322,-0.6378391,0.7624367,0.88352275,-0.12736663,0.016650897,-0.7152959,0.7185048,0.40864035,0.0055093337,0.58127767,0.28410694,0.30375475,0.5657793,0.552792,0.38516936,-0.678367,0.8296312,0.27542052,1.1218868,-1.2088461,0.80636746,-0.4560113,-0.100216016,-0.5320871,-0.563345,0.24820268,0.1684334,0.49522963,-0.29352698,0.26320633,-1.249897,-0.86147183,0.1488591,0.75206757,0.40000206,-0.67870265,-0.36008734,0.8688552,-0.12795578,-0.54838574,-0.00933825,0.5116164,0.6571719,-0.904463,-0.56130284,-0.86477536,-0.94341767,1.4077263,-0.21458492,-1.7419802,0.3372409,-0.56039864,0.059294283,0.38216382,0.3085424,0.20566492,0.6279298,-0.18830629,-0.37728536,0.50069964,0.7987724,0.25222155,0.2812753,-0.43086666,0.2765259,0.62517655,-0.12064021,0.6286942,-0.22570151,-0.2288807,0.19109589,-0.19517241,0.76403767,0.29358113,-1.7444088,0.0019134041,0.9366462,0.045210425,0.41603693,0.33265924,-0.61717355,0.071554035,0.4362611,0.6530663,0.1915115,-0.03620296,-0.10314662,0.17942221,0.530234,-0.05971162,-1.2762053,0.99639714,-0.52843326,-0.17446043,-1.2661518,0.23994763,1.0149217,0.699151,0.49935153,0.2034667,0.93616813,0.71936905,0.3032214,-0.35889772,1.3009354,0.8780395,0.100599885,0.18212861,0.9567626,-0.07217994,0.9661771,-0.14272997,-0.62390697,-0.26420423,-0.7599199,0.19355,-0.6025766,-0.03509138,-0.25715372,0.33465603,0.38728225,0.4280304,1.0811208,0.3378269,-0.08496305,-0.021704562,0.89770573,0.081831574,0.18281098,0.71705055,-0.3472069,-0.7221853,0.85916156,-0.040475406,-0.99733835,0.30203402,-0.3479883,0.15445407,-0.66644835,0.8053853,-0.16001737,-0.4925177,-0.41208038,-0.3885703,0.28330874,0.5540146,0.8466591,-0.42048308,0.68911207,0.18264776,0.11324063,-0.46680278,-0.40725428,0.61143446,-0.26006708,0.19606468,0.8290933,0.20170398,0.86677027,0.65870106,0.5580683,-1.29941,-0.21055251,0.0019930666,0.1259252,-1.3639951,-0.0494959,0.56289804,-0.39467946,1.0734951,-0.008510057,0.816194,-0.57043004,-0.08316102,0.08734475,-0.09780638,-0.51613665,0.27368,0.26050264,-0.3037862,-0.5689008,-0.334667,-0.20564401,-0.1766162,-0.21296377,-0.5132056,0.1984466,-0.41251612,-0.47832713,-0.13209988
0.15149638,0.9810657,-0.3198909,-0.22525783,-0.07963703,0.8152897,-0.28864026,0.14171709,-1.8597462,0.16286655,0.15162803,0.0047044493,0.12103149,1.001507,0.12115739,-0.42452773,-0.54398143,-0.15667541,-0.66363734,-0.17598182,0.45433787,0.15695138,0.22758214,-0.30166486,-1.0524628,-0.4683424,-0.44008842,-1.163043,0.1714599,0.4200368,-0.819417,-0.6082356,0.67961764,-1.0629865,-0.6736432,-0.2749257,0.7662038,0.72370374,0.054880064,-0.6189994,0.091976136,-0.23553963,-0.20597841,-0.6410723,0.3260191,-0.18664871,0.5457684,-0.54027665,0.92417526,-0.48055023,0.004041383,-0.5772323,-0.08866206,-0.9911731,-1.1352075,-0.49866727,0.62934536,-0.14292629,-0.30927137,0.73503655,0.33526596,-0.1530164,-0.4026822,0.2994716,0.14469567,-0.5435246,-0.5582083,0.22370063,0.9231977,-0.027205437,-0.990988,0.21493381,0.6679645,-0.17747009,1.0614786,-0.30859256,-1.7348225,0.20520641,0.60778207,-0.2052938,-0.34614182,-0.834066,-0.573397,-0.5986099,0.90941054,-0.68938214,-0.52595323,1.0126076,0.3423949,0.14200765,-0.8090451,0.023810375,0.05376848,-0.3348007,0.03583605,-0.75932646,0.31840444,-0.10845157,-0.50245094,0.26054347,-0.12679784,0.22183746,-0.42008016,-0.48527914,0.24560244,0.83218414,0.3781715,-0.45517877,0.025139391,-0.31169343,-0.51313955,-0.12487361,-0.43237942,-0.056095462,0.34867615,-0.59282523,0.54671574,-0.16186339,-0.011091581,-0.98886335,0.018792478,0.17472325,-0.8253142,0.732732,-0.31430557,-0.55953914,-0.8437134,-0.2803348,0.75874674,0.29473186,0.11594528,0.39214638,0.76551133,-1.1349398,0.8107399,-0.096451215,-0.48903698,-0.29823375,0.37075177,0.2210175,0.37148607,-0.76432174,0.67349905,-0.49213034,-0.74841887,-0.35436055,-0.4005152,0.4916987,0.647911,-0.6034249,-0.03571198,-0.17363173,-1.2148377,-0.32087135,1.6329476,-0.12925111,1.6167127,-1.2258902,0.21030813,0.7339379,1.3522172,0.60824364,-0.184357,0.36400864,0.4046536,0.85243464,-0.18321286,-0.084538266,0.6256228,-1.0385653,-1.2328945,-1.0553572,-0.21678972,-0.48101267,-0.05920304,-0.71452105,0.83151686,-1.073582,0.7486931,-0.52898026,-0.5263905,-0.6006636,1.631074,0.4339161,0.8891077,-0.08182295,-0.021620704,1.1793722,-0.99263227,1.0064656,0.19337499,0.9963625,1.0541348,-0.55020773,0.44943044,-1.0073988,0.61806303,0.87256914,1.450657,-0.7142535
-0.30638573,-0.032845996,-0.7140931,0.4026782,-0.67991704,-0.5960078,0.6540386,-1.01566,-0.55841875,0.83193135,0.13918118,0.72582495,1.2520639,-0.1395297,-0.13281171,-0.36706734,0.3091895,0.49283692,0.6026271,-0.121451445,0.5868266,0.43152484,0.13205211,1.4022627,-0.047876187,0.19020252,-0.3497772,-0.12842765,0.15795368,-0.9154909,-0.69179165,0.1761024,-0.67807555,0.005720378,-0.4678328,0.03665437,-0.09098296,0.6249934,-0.5074141,0.20246676,-0.9717363,0.22417542,0.6124247,0.03189937,-1.0045286,-0.10476557,-0.7666165,-0.25809598,0.027578596,-1.1891038,-0.39147165,-0.09320942,-0.23782454,-0.08825493,0.773797,0.4805408,-0.64222205,0.86954117,-0.22616322,-0.38901842,1.4627188,-0.20854288,-0.8432502,0.18400018,-0.07187311,-0.6141448,1.5180502,-0.20658484,-0.37444726,-0.22663763,0.6285043,-0.468421,0.49948838,-1.8045961,0.91768044,0.1588137,0.049817137,0.78843987,-1.268482,-0.8726153,-0.21490255,-0.7706671,0.82924217,-0.73661155,-0.52211964,-0.14711007,-0.16027999,-0.21985972,0.6622238,0.25710073,0.18411054,-0.6097673,0.25352564,0.6614906,0.26380277,0.06791625,0.21924561,0.39476305,0.2115822,0.8410074,-1.6670654,0.26678538,-0.81293046,0.79554504,-0.52818125,-0.030608527,0.38362995,0.5263592,0.15175869,-1.0823056,1.1028901,1.0491257,0.95588315,0.16012384,1.0066978,0.80606115,-0.16528602,-0.3306546,0.55541027,0.17415269,-0.41454005,-0.6416411,-0.29906583,-0.6928088,0.006922215,0.33531633,-0.05006884,-0.92059743,-0.2172783,-0.33438468,-0.26750278,0.31452188,0.14979272,0.12020835,-0.0209302,0.13695163,1.1529962,0.7654293,-0.28306684,-0.4299114,-0.39365694,-0.19986004,0.9096777,-0.7692986,-0.3374271,1.193471,-0.42873275,-0.40400684,0.22019494,-0.48336232,-0.7822966,0.2679631,-0.28511837,-1.2318064,0.97825927,0.5260384,1.1023196,-0.45691958,0.16970904,0.53519857,0.6482527,-0.1300831,-0.21473067,1.050477,-0.75555414,-0.38465327,1.0449529,0.802531,-0.47830993,-1.0067533,0.39180255,-0.04408509,-0.72288716,0.4295427,0.4442649,-0.058786817,0.25485605,1.2016494,0.300831,0.84188664,-0.36039108,0.873469,0.046763487,-0.25551224,0.98302567,0.29979923,-0.4075894,-0.2547824,1.2497809,-0.27763045,-0.24866614,0.7649972,0.19662206,0.5492523,0.33337763,-0.4782156,0.095841885,-0.27681032,-0.3764161,-0.49584016
-0.5849524,-0.6046583,-1.8154405,1.6651901,0.90044296,0.58536977,0.79126287,-1.2396464,-0.9100333,0.9481015,1.3377819,0.40843987,0.3644211,0.048799478,1.7715849,1.5033793,-2.1160789,-1.9082228,0.34835315,-1.6580392,1.7426168,-0.76112825,-1.1003807,-1.4770744,0.6031567,0.40103483,0.6902468,-0.6797076,0.34487736,2.0438693,-1.5316337,0.46624172,-0.2053546,1.2134014,0.84286416,1.3925058,-0.77852046,0.37457895,1.0455632,0.3299781,0.011286847,1.8162522,0.5924257,-1.2976325,-1.6642253,1.2921187,0.9668273,-1.2614985,1.3203036,-0.78258955,0.98250926,1.4230605,-1.7497174,-1.1867577,1.3794354,1.1474036,1.6689217,-0.45536742,-0.77942926,-0.49979883,-0.5423951,1.5602282,0.50573564,1.6007469,1.617294,-1.2558432,-0.24810807,-0.6700653,1.0581645,-0.8361882,-1.5301952,-0.6121052,0.59679097,0.18081263,0.5351408,-0.6422377,0.5461644,0.303599,0.25333643,-1.4212921,-1.0148067,0.16885443,-0.61873066,-0.9652162,0.8480879,-0.10801549,-1.3600229,1.6547161,1.1883655,1.0913976,0.80098814,0.09079136,1.0267777,-1.014013,0.32589045,0.56932795,-1.1415498,1.0557938,-0.16389738,-0.1644531,-1.3456101,-0.48529428,-1.8825132,-0.21062504,0.41811815,-1.9366761,0.049197696,-1.8360959,-1.665654,-0.594533,-1.4657845,-1.8875334,0.255131,-0.3600558,-1.1775277,0.42733753,-1.3168111,-1.7223852,-0.54498476,0.062249977,-0.031293176,-0.5511514,0.75661,1.1866149,-0.061768882,-0.7701904,0.0795114,-1.8323387,0.39501736,-0.4318398,-1.2767051,-1.3849341,-1.2588738,-0.7384021,1.4288691,-0.2820289,-1.2891005,0.96320546,0.27139145,-1.017612,-0.66049963,-0.26068318,0.26015508,-0.9459584,-0.47092074,-1.465813,1.4233944,-2.1460607,0.14608562,-0.8949076,-0.14153564,2.3561718,0.090521075,-0.21313152,0.672406,-2.1127472,-0.3390345,0.085381664,0.33508992,0.84139925,0.566214,0.4685786,1.3292727,0.64108056,1.011127,0.2894091,-0.37136778,0.5516715,0.40560475,-1.9355752,-0.86627513,-0.4315312,-1.2250545,0.29842106,0.47424957,0.05072426,-0.39768213,0.49374512,0.7581553,-0.5446229,-0.17783454,-0.08599073,0.572695,-0.16597505,0.7293068,0.227344,0.41291273,-0.090424895,0.286992,0.5559662,0.026984215,-0.9916601,-0.08617836,-1.1334479,0.119094886,0.65934825,0.10271728,0.16543134,0.8346169,-1.0412875
-1.6711935,0.53265524,-0.8845589,0.39985585,-1.5843915,1.5633143,-1.0210752,-0.25874814,-0.5689392,-1.4794427,2.3244739,-0.6151886,0.020013701,-1.802222,-0.6843032,2.1512165,-1.0575981,-0.3483101,-0.83306724,1.1903654,0.42972136,0.014689896,-1.7514087,1.0720813,0.17217097,-0.28982782,-0.36697677,0.49175617,-0.9633244,-0.66770124,-0.21241373,-1.0400789,1.6810577,-0.86956805,1.1184733,-0.65657955,1.257227,1.2654493,0.8559979,-0.72115934,-0.34243542,-0.2924536,-1.4171275,1.0116888,1.0169921,-0.2871879,-1.7824355,-0.11810648,-2.050799,-0.8829405,-1.173741,0.9070186,-0.95034754,-0.909806,0.13568263,0.071145535,-0.14891917,0.025820421,0.5955248,0.47528958,-0.8663966,0.5820308,2.79286,1.1937307,1.3530698,-0.3094609,-0.46468508,0.21715319,1.6493933,1.1090082,-0.49142534,-0.40199888,0.4022078,-0.543302,1.0328866,0.98501086,0.21891448,0.42864355,1.7122772,-0.49441475,0.25131187,-0.16808228,0.45419565,-0.025659934,1.8866436,0.1955449,-0.046343848,-0.9779552,0.84966373,-0.8631917,0.6860945,1.6372476,1.3089502,-0.93353873,0.9710231,1.1535583,0.72454643,1.7864785,-0.74866706,-1.1432357,0.28990692,-0.05638861,0.106298715,-0.555314,-1.3552347,0.18393765,0.05815669,-0.9326861,-0.8960472,-1.8478206,0.57301635,-0.5978182,-0.1834012,-0.20088895,-1.7480499,-0.5099033,-1.68202,0.24440348,1.2014123,0.051493842,-2.2581103,-2.0924673,0.42678314,-2.1406014,0.67723095,1.1156527,1.5431541,-1.4251459,-0.03528308,0.26417333,-0.9533581,0.81483114,-0.7324639,-2.3251557,0.8378458,0.81215185,0.66522056,-0.08427298,-0.7134395,0.9796785,-0.35187727,-0.5728216,0.26667374,1.1568408,0.9964387,0.91274804,-0.50035936,1.7780555,1.28952,-0.38101605,-0.3995136,0.78374064,-1.688562,0.24163213,-0.16798632,-0.51546377,1.332414,-1.4533336,0.4652181,-0.7703199,-0.0013044407,-0.09103392,0.67414707,0.7143533,-1.2774869,0.83783025,0.9912517,-0.9419248,-0.12880588,-0.67061627,0.23073708,1.198409,-1.268032,-0.25755715,-0.04487997,-0.8307351,-0.617631,0.38082018,-1.4927182,1.1352869,-0.206151,0.6092593,2.0953116,-0.05330445,-0.4913006,-1.0575693,-0.00079449406,0.57450575,0.5220019,0.012648899,-1.033036,0.12955374,0.33797127,-0.15936585,-0.12960413,0.52812505,-0.16508919,0.18362264,-0.8955769,-0.23234816
0.07045743,4.955288e-05,-0.42911264,-0.68817216,1.1468763,-1.1302463,-0.20450099,-0.43460885,-1.2002614,-0.8312067,1.1988288,1.0883118,0.57179826,0.79983175,-0.12413278,1.0962653,-0.2198842,-0.52415985,-1.2752128,0.13869347,-0.39834702,-0.044195633,0.3397256,-0.19975862,-1.7762549,-0.2829453,-0.443018,0.60969263,-0.14712358,0.788491,0.55235493,-0.7782671,0.2699719,-1.3849982,0.527674,0.8926537,0.77221364,0.8122928,-0.84410536,-0.4182137,0.61380905,-0.7301788,-1.3759711,0.7409105,0.5786521,0.2058023,-0.8095127,0.42039484,0.11102694,-0.45428604,-0.05935032,-1.8013724,0.01853124,0.81162304,1.5318214,-0.11263214,-0.8060641,-0.5299779,-0.7640694,-0.17823748,-0.3571363,-0.04247089,0.22491825,1.0022697,1.9542977,0.62263936,0.025425486,-0.49364865,0.06868378,-0.20067173,0.38583353,-0.79466254,-0.6962518,-0.83187765,-0.9028419,0.3093241,0.53512126,0.22583793,-0.9578365,-0.10501714,0.1821304,-0.28718573,-0.608882,-3.321476,-0.7919983,1.1147912,-0.988049,0.8614807,1.449252,0.78522164,-1.5996342,0.45166525,-0.32522625,-0.7319183,0.32625437,0.32103375,0.50124866,0.6206638,0.5014375,0.1227758,-0.95617193,-1.0224164,0.046669926,-0.33918673,0.8219409,1.286837,0.7135562,0.35034308,1.2132167,0.10403481,1.5622627,1.3038037,0.2533585,0.51465285,0.67773104,1.323989,0.10846987,0.5767655,0.28204766,-0.3774063,-0.16710798,0.50378764,1.1454875,-0.4665648,1.6337942,0.55586565,-0.7378072,0.010364795,1.3054916,0.14795464,1.4328506,0.37018946,-0.42511582,-0.74234676,1.4649123,0.08252902,-0.13989982,-1.1490206,-0.39209744,-0.23034814,-0.69746774,-0.0020992365,-0.11404975,0.50750726,1.2902212,0.5541284,1.0942786,-0.5430836,-1.4962856,0.23272422,-0.86317766,0.11346889,-0.022224486,0.90761924,0.08120499,-0.75780183,0.117616296,-0.9691359,0.19548228,-0.37115866,0.09650936,-0.61699283,-0.270948,0.5899507,-0.033356674,0.3333891,-1.0657572,0.30235848,0.121438645,-0.48377585,-0.023207856,-0.653651,-0.12182574,0.96795225,-0.59111637,0.5276555,-0.5508326,1.032924,-1.2568679,-0.01634793,-0.09507497,-0.36454242,-0.6297775,-0.23020785,0.7175104,0.24241097,1.573523,-1.5299124,0.41503364,0.012958236,0.8644358,-0.033760864,-0.5813016,0.014280863,-1.3600458,0.54720247,-0.9710919,-0.55934143,-0.5932568,1.2914933
-0.31816912,1.2890631,-0.5568679,0.39610094,-0.22181404,-0.16916126,-0.76181906,0.019641917,0.5136797,-0.59841645,0.9646951,-0.19125947,-0.94055146,0.10363373,1.3678111,0.02491944,-0.53637785,-1.5250617,-0.25627607,-2.1559248,-1.1347985,-0.50750124,-0.1771691,-1.4342762,1.053545,0.77608705,0.05458903,1.1789563,0.16229393,1.0020833,-0.17301258,0.35916415,-0.017291702,0.41442436,1.4575952,-0.6871366,-0.9795944,-0.6162557,1.5803772,0.03973549,1.7796407,1.7292368,-1.2156101,0.07031776,-0.7632251,1.767494,1.6402942,0.1291283,0.5315939,0.69166577,0.47175393,0.79755956,-1.0640832,0.32198262,0.1564392,0.5633997,1.4894793,-1.7709,-0.19638897,0.86925197,0.18618855,-0.0205081,0.29549262,0.18376948,0.37430474,0.00045460276,-0.4619692,-1.8461868,0.14612815,-0.2833503,0.26852015,0.90946203,0.46070787,0.5536677,-1.7808001,-0.25901747,-0.14905939,-0.45889232,-0.5992093,0.08098836,-1.9083409,-1.0555639,-0.91960937,0.38919133,1.4273527,0.7877157,-0.2662736,-0.08153337,-1.6007966,0.8260025,0.74831736,-0.2553104,0.85171527,0.3722016,-1.2682314,0.5630618,1.3838584,0.22429316,-1.6811658,-1.8949808,0.9926427,0.72117096,0.8107088,-1.8999858,1.1921405,-1.267129,1.0126848,-2.280801,-0.5377256,0.49994949,-0.81287163,-1.2054791,1.0155263,-1.2718753,0.57430965,0.17348294,-0.9439349,0.6853925,-0.04201054,0.9104184,1.1585228,1.0932579,-2.144007,0.6711204,0.2570905,-1.5120382,0.07036292,-0.26362678,1.771644,1.641461,0.60498124,-1.4161412,2.0989256,0.8133795,0.96465147,5.082041e-05,-0.1411019,-0.6434404,1.4482663,-1.3217158,1.3704345,0.50198656,-0.4882312,0.019057496,0.4903527,-0.5905828,1.1489861,-0.12177003,1.313187,0.3619015,0.40917718,-0.106032155,-0.87397945,-1.442258,-0.6790119,-1.3243718,-1.3572495,0.105695255,-2.055868,0.7936802,0.7444003,0.571486,0.5392292,-0.9055952,-0.6345478,0.6039291,-0.51119053,1.2456571,1.1539695,-0.73481625,-0.46912843,1.5256135,0.76137346,-0.8532012,-0.52296776,1.2758236,0.082898,-1.3279502,0.8953775,-0.3415728,0.19853106,-1.4221045,-0.0366617,-0.19938083,-1.3039426,-1.1885376,-0.26420847,0.6812752,-2.3107262,1.3757215,0.11672497,-0.3422143,1.3965087,1.2935381,0.35315785,1.2441401,-0.31125167,-0.92743886,-0.2583107,0.5666792
-1.4287853,0.29821652,0.24350098,-0.34816456,-1.9115779,-0.1707954,-0.2189931,-0.09109324,0.14747341,-0.4109239,-0.6182448,-0.596489,-0.39405754,-0.20970884,-0.48141283,-1.0609415,-0.25300473,0.3027116,-0.7076409,-0.47070462,0.23569353,0.20660836,0.063537806,0.080170795,0.5028659,0.12234242,-0.7912147,0.31298918,-0.20791258,-0.74615675,-0.34566742,-0.4990781,0.3618268,-0.8721706,0.01308873,-1.2917866,-0.16552661,-0.05446692,0.32712314,-0.810215,0.28248835,0.16510217,-1.1598207,0.80463874,0.5403605,0.60112756,0.0321929,-0.75847775,0.63152725,-0.57334733,0.3208865,-0.25216272,0.38214138,0.020773485,-0.63955754,0.21214978,-0.619601,0.31691375,0.034187876,1.0255249,0.43546176,0.06442983,-0.52302563,-0.5525381,-0.3342966,-0.5090047,0.97627884,-1.1743071,-0.21224353,0.18520539,0.6044357,0.06330895,-0.37816706,-1.0182289,-0.060490545,-1.4912727,-0.21114424,-0.20581447,-0.39785904,-0.3867766,0.018860854,0.5474944,-1.2713046,0.5096105,-0.24934189,0.65002364,-0.053143352,-1.0021489,-0.36579272,1.0113032,0.9199697,-0.6835421,-0.096481554,-0.6908401,-0.69242805,0.4704565,1.2854129,0.7081986,-0.46788102,0.6472898,0.36557907,0.08198831,0.4656967,0.3853646,-0.28025338,0.95137715,1.1617088,-0.17737192,0.2076706,0.20293419,0.7320445,0.24507956,0.6757751,0.48973095,0.48754406,0.008333821,0.72560775,0.9195346,-0.95256275,1.052763,-0.5433617,1.0421511,-0.057016764,-0.47421655,-0.39464435,0.0724334,-0.124587394,0.15897764,1.4545107,-0.24715236,0.8466536,1.1583362,0.6370416,0.0034001619,0.90765226,0.56806606,-0.1814197,-0.46612117,0.4976769,0.18288387,-0.3043992,-0.2221535,-0.13791159,-0.5246531,0.08674959,-0.89261097,0.118438534,0.08296528,-0.37649763,-0.62114716,0.2004984,0.5795027,-0.7990556,-0.64338684,-0.6329376,0.6941461,0.2327913,0.1560019,0.16948572,-0.07044755,0.040051542,-0.6117803,0.1523716,1.246254,0.080553375,0.08387104,-0.69424605,-0.29618123,1.0309707,0.32947648,-0.80210465,0.8841121,0.44053695,-0.5238601,-0.34639892,0.13572639,0.07043264,-0.8293343,-0.3324456,-1.2560942,-0.707974,-0.28572577,0.31527823,0.25470036,0.03155424,0.47323278,1.086157,-0.23946437,-0.16692926,-0.806818,0.25926337,-0.5597204,-0.12256549,-0.12894388,-0.35370392,0.65420026,0.339989,0.620535,0.23487559,-0.007110914
0.041165147,0.35301864,-0.31207776,0.55746955,1.070644,0.5116792,0.8567303,-0.61827284,0.70894986,0.9905813,0.3187178,0.72766,1.5191149,0.6078712,1.0979301,-0.5820481,-0.111037955,-0.09095885,0.68806064,-0.60201436,1.1768025,0.41555056,0.2049212,-0.5841213,-0.088020705,-0.4859273,0.048181076,-0.49470028,-0.008825345,0.38923886,-0.4584491,0.71491903,-0.09181188,0.41605353,-0.344914,0.18550307,-0.676278,0.5927598,-0.052689586,0.49109858,0.39197603,0.4384228,0.7015977,-0.5626267,-0.9068309,0.22274567,0.6364637,-0.6282653,1.3378639,-0.82329977,0.3475369,0.4414273,-0.6817437,-0.022694476,-0.32009122,0.5090313,0.03645763,0.61455095,-0.25120255,-1.1784991,0.74300796,0.47810483,-1.2518275,0.267834,0.07301841,-0.24144706,0.6228237,-0.07850749,-0.27462915,-0.16998465,-0.55029494,0.28470483,-0.08352901,-0.3897906,-0.2751561,-1.0102648,0.4564435,0.5768019,-0.53730834,-0.7590892,-0.5718872,-0.70524937,-1.0059586,-0.15496542,0.06959739,-0.6693002,-0.3151598,0.5171483,0.26450595,0.7178936,-0.26177448,0.10659565,1.0323926,1.4310915,0.20692778,0.10020856,0.3772085,0.7231006,-0.21864201,0.7515281,-1.01655,-0.6353711,-0.8098007,0.88811606,-0.15093103,0.21085475,-0.80318916,0.21017513,0.2824204,-0.07581672,-0.049744446,-0.56282943,1.0095966,0.13312493,0.2826915,0.008723747,0.04688712,-0.38885522,0.08168026,0.33250538,0.012688076,-0.24089587,0.62015736,0.26039746,-0.7594555,-0.004604455,0.24063896,-0.9480071,0.22716588,-0.442909,-0.9319729,-0.3760218,0.11626359,-0.04990995,0.6852921,-0.55146426,0.18870312,-0.4714147,1.0474732,-0.560313,0.2972377,-0.5908033,0.063248724,-0.46294045,-0.059017964,-0.6918949,0.75512946,-1.0023799,-0.07123435,-0.34660935,-0.22279269,0.4800153,0.005181223,-0.4117902,0.62327373,0.064499535,-0.019397806,-0.33033434,1.4300425,0.82633644,0.080158435,-0.6737099,-0.4722283,0.7831817,0.9708758,-0.4257943,-0.38580927,0.6296603,0.25065887,-0.98645216,-0.032558464,0.513233,-0.14019872,-0.2657957,1.0333109,0.09605538,0.24146083,-0.68893856,-0.7859928,-1.3731269,0.44735047,0.32090726,-0.10443352,0.33917627,-0.44810048,0.1486988,0.20946546,0.29084542,-1.0083811,0.5575655,-0.45988402,0.47970742,0.236382,0.47979188,-0.84367275,0.4547253,-0.31404355,0.0947508,0.16681875,0.49359766
1.786318,-0.8416577,0.34997702,-0.46073145,-0.40706834,-1.1504978,-1.2614427,1.1697512,0.9615826,-0.15069248,0.4092231,0.78587383,-0.4820518,-0.21754912,-0.4460662,0.71759427,0.06702964,1.1265901,-0.9907021,0.07444369,-2.045483,-1.466215,0.7241517,-0.26012096,-1.1420951,-0.91317487,-0.014273573,-0.28570095,-1.1805083,1.1236459,1.8364469,-0.6486991,-0.8699751,0.91236067,0.25520515,2.4170008,0.03225725,0.41043025,-2.1083047,-1.2237923,-1.185463,-0.9142278,-1.5222434,-0.10880279,-0.5583923,-1.0468773,-2.2580993,-0.61798733,-2.3548994,-0.6327388,-1.0057044,-1.7277013,0.9275585,-1.0438739,1.1769505,0.28198734,0.01766539,-0.28447625,-0.50190806,2.9496262,-0.14319076,-0.33107662,-0.29795063,0.33257434,0.9501979,0.35523114,-2.1996064,2.0381768,1.6049522,0.004777725,-0.19067198,-0.52915394,0.18864122,1.7326204,1.4816015,1.3518072,-2.1048815,1.2295218,0.81959146,1.1335274,0.080140896,2.1958418,2.024702,-1.1274356,1.192651,0.726052,-0.4063692,1.6466923,0.89959276,-1.441764,0.34325352,0.4677291,1.0134783,-0.9888567,1.8464308,-1.220422,-1.4484485,-1.8000042,-0.47999093,-0.110846564,-1.3644071,0.4807179,-0.81410366,0.28687215,2.0897543,-1.7584366,-1.4821888,0.20745698,1.2187351,-1.4430605,-1.3615324,-0.9495782,-2.3306596,0.77016217,-1.8787657,-0.34486377,-0.59414643,0.35791388,1.1477776,-2.342283,0.33832237,-1.4491563,-1.2684097,0.7751848,0.47655115,-0.7479661,1.9076579,0.41130534,-0.9060728,-2.4555604,-0.8971096,-2.2669382,0.7934659,-0.7011883,-2.0060623,-1.1033098,0.6263389,0.6675254,-2.46616,1.6156473,0.39350662,-0.71027386,0.9195972,1.4576689,-0.39951226,0.38656855,-0.5255345,1.3337197,0.90971327,0.55658805,1.2518107,-1.3128185,-1.5052961,1.7476114,1.1971409,-1.0310314,2.1222582,-1.3873082,-2.0391033,0.53983015,1.7346411,0.1306785,-0.37938136,-2.7869666,0.014276324,0.41687727,2.08996,1.1716356,-0.43560204,-1.8296064,1.1737128,-0.674131,-1.3637385,1.0849707,0.4621885,0.4040568,1.1367904,0.5367837,-0.28745446,1.7832435,-1.9579697,0.29743338,1.2309296,0.8712858,0.15807368,2.0907807,0.0895413,-0.47451445,0.92226964,0.6847716,0.5565157,-0.24811065,1.489229,1.3330984,1.0691681,0.4152316,0.64691925,0.9962592,0.32083377,0.9466881
-0.60767746,-1.5423844,-2.345366,-1.5248046,-0.603615,-1.0092394,-0.6158563,0.29992276,0.9229893,-0.3922047,0.35099304,-0.3251474,0.18500467,-1.6210485,0.4688495,0.18114842,-1.5438596,-1.7471476,-0.5769736,-0.5538089,-1.1275258,-2.2135406,-0.9147789,-0.38112995,1.5282282,-0.21779792,-0.13059331,1.0981929,0.29069164,-0.3676276,0.20064235,-0.63385195,-1.8573785,-0.53370637,0.232524,-0.44459242,0.3798706,-0.1289674,-0.42843133,-0.37271905,-1.3368461,0.5277679,-0.1591927,0.062452562,-2.0239682,-0.3032866,-0.57661676,1.2318882,0.10870686,0.7859918,0.89093316,0.16445324,0.13983534,-1.4493047,0.014469456,0.043564364,1.0127898,-0.72384506,-1.2910436,-0.6010339,-0.053468823,-0.5490673,-0.6981585,0.9268285,-0.95628536,0.5070326,0.073734276,0.9345261,-1.4876281,-0.42415604,0.24592379,-0.90143543,0.4712423,-0.75474375,1.4638777,-1.0250397,0.56602395,-0.21157528,0.71670127,-1.1622378,0.24965864,0.101339094,0.23121884,0.110869415,0.9188389,0.46953562,0.70881623,0.18651925,-0.06865932,-0.9738349,1.5081375,0.17746775,-0.7208917,0.05481828,0.3670593,-0.073158555,0.4578599,-0.8488319,-1.9866813,-2.243389,0.243167,-0.032694094,-1.0841397,-0.44449395,0.56396115,-1.8058437,-0.48175284,-1.1555386,-0.51848793,0.039746076,-1.140913,-1.2198708,-1.6404065,0.9362145,-0.23916633,0.15033752,-1.4180915,-1.3308412,-0.069337465,0.08010705,-0.75908786,-0.798304,0.18354352,-0.31877613,-0.38439065,1.0183632,-0.06518266,-0.58632183,-0.35443637,0.79290193,-1.8853374,-0.84021056,0.52831376,0.50485396,-1.751801,-0.24406475,-1.158133,0.849171,-0.21056814,-0.27541137,0.51198804,0.6340884,1.1178284,0.32569024,-0.0038436558,0.9668835,-0.59810424,0.5942418,1.2442809,1.2342095,0.24230544,0.89711213,0.07092486,-0.37636942,0.27273983,-0.41472548,0.2931692,0.99003696,-1.2008379,0.91509813,0.6335279,0.81510437,0.48582202,-0.98600125,0.6960042,-0.1672748,0.011595385,-0.19665568,-1.2705581,-0.43204677,1.4871249,0.6361377,-1.3508217,0.89864606,1.4465213,-0.34897244,0.5306668,0.9688768,1.1080613,0.113506764,0.067847595,0.86935896,0.8126322,1.3389885,0.46549606,1.2534823,-0.6066,1.5158511,1.3295501,0.47023976,0.7645049,0.82557446,0.77673537,0.6647591,0.85169846,0.6441751,0.6695471,0.9198925,1.234931,0.05981771
-0.0042014085,0.6252484,0.33067116,0.15223184,-0.40569377,0.28116745,-0.20809782,0.35975984,-0.39268345,-0.105411515,-0.40320578,0.64829654,0.4729852,0.5963756,0.53100365,-0.24468298,0.6513639,0.20898403,-0.3554845,-0.2385223,-0.29141447,0.8812086,0.81967276,0.48118553,0.66365975,-0.26199216,0.58067673,-0.07667077,0.46606088,0.11955098,0.36604333,-0.1870248,0.9416435,-0.12710081,0.89747846,0.10162361,-0.15295225,1.2685074,0.5324436,-0.37355456,0.02921594,-0.032882623,-0.715044,1.1004909,0.6684905,0.39902297,0.52682096,0.290603,-0.3079697,0.1688185,-0.21879207,-0.087111674,0.3675919,-0.057417184,-0.02133933,-0.58066887,-0.7271105,1.1583973,0.7806633,-1.0043125,-0.2894873,-0.24997145,0.71448624,0.5766282,0.946851,0.14352526,0.3143859,-0.32434285,0.5770108,1.0827588,1.0453147,-0.11346615,-0.08543672,-0.17024261,0.08101267,0.1359115,0.1830583,0.80873036,-0.2961457,0.044564694,0.5294711,0.027272511,-0.084544115,0.2657088,-0.8095042,-0.81686187,0.8888137,0.35070404,0.6826569,0.49658698,-0.03325604,0.8153588,0.61843646,0.17858759,0.55840194,0.65953624,0.40102744,0.021453708,0.24919207,-0.079998985,-0.11149693,0.588879,0.25142848,-0.46850127,-0.43391988,-0.19610125,0.7355538,0.3730726,0.8289309,0.29200795,0.68643457,0.5082844,-0.14705354,-0.5229536,0.59962595,0.7058671,0.11148745,0.9181794,0.22500372,-0.15394168,0.030080387,0.55352354,-0.39970782,-0.6098695,-0.39630488,-0.27108824,-0.099947594,0.27571225,0.5779092,0.060404636,0.7303203,0.37216935,-0.10083521,0.6087637,0.41078997,0.69743645,1.3868984,-0.13613379,0.78464717,0.1634565,-0.2980336,-0.8082657,0.10857241,-0.021640675,-0.0739644,-0.27006024,-0.44656157,-0.015204983,-0.26018646,0.1337044,-0.61858875,-0.41328916,0.06006433,0.4930582,-0.31320792,0.3683253,0.76202106,-0.80941737,-0.05046708,-0.8144895,-0.48904273,-0.7264407,-1.0867095,-0.14982368,-0.03675901,0.028821267,0.1476644,-1.0248561,0.7453192,0.19909969,-0.29246596,0.16615134,0.26654288,0.14844678,-0.30538684,-0.86133504,-0.38015813,-0.19920303,0.06365627,0.33259606,-0.48375538,-0.044439804,-0.036769196,-0.5614187,-0.551247,-0.46336845,-0.3038937,-0.3134647,-0.24707395,-0.70161265,-1.0416805,-0.47293144,-0.6813192,-0.66490775,-0.5063949,-0.58839434,-0.40939245,-0.8005597,-0.3556067,0.64974993
0.87431973,-0.95435524,-0.1523731,-1.5334306,-0.42451933,-1.4783107,0.12804982,-1.2509208,-0.73951143,0.42805707,-1.3799131,0.58565307,1.3140247,1.7703638,0.8444699,-0.43932375,0.5334653,-0.009678887,-0.7204324,-0.2872069,-0.6064383,0.81195307,0.38353997,1.103646,-1.9042269,1.1816771,-0.12391326,-0.5878632,0.75145483,1.1604897,0.2687723,-1.0816894,-0.9759037,-0.36318997,-1.3949951,0.04730538,0.4490192,1.4570103,-1.1399593,-0.35705072,-0.5628633,-0.083957404,-0.334314,-0.17799087,-0.57751596,0.34766948,0.6214519,0.7335722,1.0085219,0.3418892,-0.6261071,-0.29970935,-0.23254068,0.19630499,1.2397703,-0.18961638,-0.22702204,0.17768106,-0.37202558,-0.90056664,0.3962731,-0.27051738,-1.8120732,0.2601554,0.39808124,-0.0335754,0.56431335,0.2780451,1.97199,-0.14250702,0.34891462,-1.696871,0.9931045,0.54599094,-0.4130816,0.36863458,0.17958312,-0.6946048,-0.43422478,-0.41409135,-1.0875976,-0.7449034,-0.4785188,0.083663955,0.09128091,-0.5335084,-0.24452974,2.1860507,1.9664769,-0.7567358,-1.2262744,1.2040687,-1.623391,0.7724096,0.48275334,0.2872828,0.010046102,-1.2069329,0.32737577,1.4680743,-0.5098823,0.2537273,0.023766574,-0.54010063,-0.7234324,0.61313105,0.11268301,0.7957715,0.33036745,0.38696876,0.85990816,0.5150604,0.05531644,-0.086490534,-0.7394799,-1.1335553,0.4891165,0.2251896,1.5051948,0.6429987,-0.18593948,0.6396777,0.5044353,0.3674029,-0.75315,-0.59961116,0.90274125,0.51008415,1.0856862,-0.467593,0.41672552,0.37994277,-0.6228362,0.25338334,-1.295128,-0.4577678,0.18178353,0.058288753,0.0035200529,-1.2825713,1.5453256,-1.2908562,-0.2907892,-1.6187594,-0.5203931,-0.3979248,-0.7749132,-0.21961723,-1.068334,0.14823198,-0.52542114,-1.3893596,1.1252253,0.9457276,1.1265123,-0.136027,0.06707892,-0.97938246,-0.010436453,0.2421614,-0.30260658,0.89240396,-1.1947875,-1.2635912,-0.5561534,-0.67721456,0.17210847,-1.2477688,0.73306495,0.0736238,-0.04922287,-1.5929294,-0.10524361,-0.5415665,1.1199194,-0.5012877,0.7561419,2.1029718,1.3905219,-0.116422415,-0.8976695,-0.49303013,0.25534338,-0.61197346,0.8518107,0.26043102,-0.20676199,-0.17204936,1.1096104,0.8795015,1.4752809,0.31846088,-0.24114761,-0.27336806,-0.16161981,-0.35865903,-0.516612,-0.42135838,-0.17129709,1.4904178
-0.065892085,0.521029,-0.8438965,0.68594956,0.49759752,0.5564741,0.38424936,0.14039941,-0.5117358,0.27797258,0.55075616,0.27625957,0.74648875,0.16849788,0.4852544,0.4183989,-0.26765236,-0.97078854,0.3684892,-0.20051777,0.8172251,0.041615494,-0.25650656,0.3932356,0.5767019,-0.06489354,0.9015032,0.361064,-0.6084256,0.40124092,-0.2941186,0.0767479,-0.28577408,0.104448676,0.024139889,0.73787904,0.08672536,0.7475249,-0.1402413,0.32229194,-0.13964054,0.6736024,0.16274111,0.17396098,-0.76410085,0.15110369,0.24902166,-0.07256466,-0.13444914,0.2962241,0.46844566,1.2050875,-1.5337731,-0.1922134,0.1448222,0.9599563,0.19952026,-0.70271575,-0.72027695,-0.60109055,-0.21862909,0.35283357,0.061571836,0.8883,0.94960713,-0.0010024924,0.537248,-0.7099241,0.2275612,-0.12712498,0.31737858,-0.1895617,-0.047846198,-0.3474925,0.11784559,-0.54216546,-0.16172709,0.30610615,-0.5278552,-1.3691707,-1.1147599,0.08398489,-0.1995295,-0.6362291,0.5202402,0.11556675,-0.79233676,1.0980903,1.0795615,0.13047671,0.12853815,0.23743929,0.7501165,0.5605023,-0.8239093,-0.49147627,0.06677161,0.62294245,0.66817117,0.5644112,-0.3914423,-0.13355139,-1.059858,-0.12079765,0.009914227,-0.34617293,-0.017867971,-0.29876745,0.08102808,-0.33629325,-0.13629512,0.16206993,0.9506623,0.6973392,0.41835365,0.10818264,-0.9406981,-0.14922854,-0.7586532,-0.016295757,0.07535369,-0.09004974,-0.27274677,-0.13239795,-0.39767998,0.7378823,-0.29844436,-0.88919044,0.16309324,0.2555456,-0.7903883,-0.69058716,0.06292098,-0.6653924,0.4178727,-0.10788094,-0.43992415,-0.5144208,0.14729054,-0.25440028,-0.8030485,0.53345585,-0.7481936,-1.0729194,-0.15201966,-0.15038253,0.401608,-1.0542073,0.14309089,-0.05834888,0.4038514,0.48098776,0.4861175,-1.0743033,-0.046817414,-0.8355951,0.55581665,0.2719497,0.6374295,0.1839651,0.2638473,-0.06916219,0.7100734,0.43721977,-0.4895213,-0.13558762,-0.5911555,0.22156881,-0.30884147,-0.25463474,0.07495867,-0.5336385,-1.0981643,0.54436266,0.41642296,-0.87053335,0.6610815,-0.8502084,-0.48853913,-0.18390864,-0.1969926,-0.4767071,0.3206131,0.6194616,-0.5151483,-0.5792888,-0.3400095,-0.83157754,-0.53467995,0.37126824,-1.1287948,0.3789677,0.26188076,-0.2595448,-0.16014682,0.56734204,0.06536636,-0.16376835,-0.29060838,-0.53577334
1.8815502,1.0485134,0.60538733,1.7818363,1.6254691,0.88369876,-2.312843,1.3282363,0.9856044,0.46284848,0.5816535,-3.0123796,-2.2804742,-0.3049433,-2.1865754,1.7839295,-0.84147555,-0.86094284,0.32384157,0.6488631,0.17680262,-1.8335435,-1.2540617,-1.4060287,-0.6938769,-1.2660787,-2.4517095,-0.90591013,0.20439981,0.13725615,-0.15332884,-1.0307293,1.8084878,-0.9092647,-1.8785343,-0.842033,0.3938877,0.040335868,-0.6723286,0.5476699,-1.1115651,-1.9751325,1.1369716,-0.84415364,1.0192434,-1.2659607,-0.9337805,0.32586998,0.7301278,-1.5578729,0.9554441,-0.98948467,0.93448275,0.48602957,-0.6593551,-0.39882296,-0.7534892,-2.014782,-1.1080326,0.4427991,0.5416264,1.3260761,-0.37625033,-0.8072203,-0.7176332,-0.99866694,-0.17625694,0.23249575,1.9173509,-0.011947428,-2.0079784,0.121784426,-0.8002388,1.5084335,-0.07177804,0.11404617,-0.12973243,-2.4286566,-0.058686893,1.4931993,-0.6467437,-0.31397635,0.09647033,0.9615498,0.67142826,0.4191737,-1.7193408,1.4340342,-0.9011483,-1.5880468,-0.11166014,-1.527474,-0.16667601,-1.2343178,1.72537,-1.1274704,-0.7183952,-1.2140086,0.09747814,-0.31519938,1.4891355,1.1177592,-0.5812212,-0.8187498,0.0862986,1.0356052,-0.9188315,-0.33519956,-1.9587893,-1.1690717,-1.2608933,-1.4483038,-2.435315,0.35294527,-1.8915336,-1.4773371,1.21209,-1.4209797,1.2642441,1.4319055,0.68210006,0.23312253,0.4901764,0.8428874,0.25851446,1.0908775,0.10681697,0.7886585,-2.0717552,0.6262452,-1.097892,-1.2527599,0.87759936,-0.4284166,0.56634307,0.87128556,-1.5457447,0.5480625,-1.7590969,0.4740435,1.039387,0.10720486,0.47532216,-0.31679088,1.735417,0.6988629,-2.3446546,0.34189618,0.7183912,-0.25368038,1.0433197,0.6660205,-1.1298412,1.0307695,1.0822845,-0.26479867,-1.4872038,-0.06049422,0.50312126,0.14596815,0.91073453,0.08784063,0.61079156,-1.05692,-1.2119299,-1.0366907,-1.1552949,1.2813807,-1.0995392,-0.6672508,0.9154984,-1.0989305,-0.10781108,0.41094092,0.28183421,1.9449568,0.17982368,0.26119953,0.026401723,-0.7565644,0.5965645,0.20475674,0.23102395,0.54293275,-1.1038936,-0.3225389,0.8236709,1.6256243,0.5786324,-0.12945642,1.0174911,-0.82163006,-0.09264958,1.220113,0.86364937,0.96879995,0.91370463,1.063569,0.57479006,-0.01418688
0.24192694,0.52238435,0.51121217,1.2561011,1.3757237,0.3611335,1.1812192,0.8935637,0.5975558,0.69263196,-0.084360085,-0.088024825,-0.3507982,-0.39432967,0.3396449,0.81489545,-0.7041598,-2.3206108,1.2948779,-0.31877297,0.41260365,-1.7398614,-0.6157751,-1.8237753,0.26931518,-0.11276282,0.52905524,-0.31008697,-1.2165214,1.1256264,-1.3449882,1.7199621,0.16566074,1.6501443,0.35638052,1.2728442,-1.717719,-1.131947,0.29613182,1.238469,0.1795449,1.7753897,0.8716676,-0.5006328,-0.5820161,0.9469818,0.18200319,-3.132157,-0.25097978,0.7434249,0.028649429,0.7871371,-0.6279914,0.32105732,1.2503633,1.3911223,1.7062423,-0.5054987,-0.70571697,0.6382276,-0.9997558,0.86622155,-1.0701828,0.7235507,-0.2896361,0.06549904,-0.96324253,-1.4705008,-1.48339,-1.4194908,-0.78659546,-1.1544545,-1.9909891,-0.7168855,-0.44886288,-1.7898738,-0.9503033,0.10029824,-1.3964064,0.09768833,-1.3344753,1.0941993,0.11957077,-0.8031363,0.40169126,0.65597796,-0.651725,0.08917929,-1.0298175,0.3790133,-1.9252784,0.5704747,1.0476278,0.8309729,-1.5905446,-1.3339815,-0.0007206686,0.6703337,-1.2157115,-0.89048284,-0.39807987,0.9411445,0.075425096,0.34679663,-2.0789642,-0.25180846,-0.37731308,-0.86930233,-1.6374265,-1.7859315,-1.6730978,-0.9218167,0.018680371,0.6502572,0.12061533,0.6430919,-0.37562397,-0.49783683,1.2348582,0.5645228,0.8149506,0.3828656,0.18908149,1.3256507,0.1513544,0.7798743,-0.91209847,0.7137017,1.0572839,1.3268317,0.124183595,-2.40245,0.99222773,-0.91704655,0.3042399,-0.3301585,-1.1406517,1.5383787,-0.18835853,0.5081359,1.4739949,1.0157353,-0.41393793,-0.43157634,1.0177,0.16829832,2.1703944,-0.054913115,0.38592994,1.0395015,1.2148347,-0.88928014,-0.20665595,-1.3218073,0.31682858,-2.196866,-1.1621826,1.3642701,-0.68835986,0.92284286,1.2148637,-0.7343272,1.8262826,1.1186583,-1.293837,-0.30774742,-2.201459,1.4066317,-0.18774952,-1.3351809,-1.5005279,0.018607017,-1.201662,0.8533528,0.85420114,0.32371783,1.4977564,-0.41501847,0.6664337,-0.65370643,-0.13653463,-0.010363374,0.49779397,0.9473503,-0.08681163,-0.006953204,-0.88563967,-0.9652188,-0.25200987,0.07453354,-0.023477733,0.02372938,0.081556424,0.5278762,0.1468604,1.3509187,0.030479014,0.4924353,0.9835455,-1.2675277
0.1980702,0.6466214,0.33108005,-0.7759071,-0.6073429,-1.047722,0.17199972,-0.5962541,-0.3370247,-0.572641,-0.61403686,-0.004479846,-0.5792372,0.4417368,0.63376737,-0.9087162,0.42872897,0.15453629,-0.094864085,-0.31926364,-0.47114626,0.32031733,0.3671677,-0.4243632,-0.013242703,0.46770695,-0.14172184,-0.1502388,-0.08285953,0.1892508,0.32087395,0.5457798,-0.31052616,0.052912526,0.24601842,-0.7585098,-0.4365743,-0.5884599,-0.105401546,-0.60297024,0.90020597,0.28980038,-0.091562346,0.018837163,0.3306471,0.83366024,0.8541245,0.18510011,0.8609933,-0.50590044,0.5115596,-0.74326414,0.25042212,0.85582054,-0.65018183,-0.30413374,0.11223936,0.10858641,0.35442573,0.7878756,-0.06760199,-0.7026264,-0.44519073,-0.6664008,-0.6642477,-0.7468489,-0.05979711,0.28907338,0.08905896,-0.5117731,-0.68051887,0.39445633,0.44990364,0.25671625,0.422952,-0.46490514,-0.07299829,-0.28509867,0.7068354,0.45636156,-0.07984053,-0.32759115,-1.0270227,0.42661387,0.7762083,-0.12524173,0.49447465,-0.5014008,-0.47021666,0.42018786,0.12303496,-0.49645957,-0.18542549,-0.043715097,-0.45479804,0.24164732,0.013723493,-0.59127814,-0.2932742,0.11550592,0.61234176,-0.39045206,0.67157227,6.8787485e-05,-0.15242724,0.08796905,0.51980186,0.066153705,0.55611944,-0.21048,0.34839377,0.2683755,0.14800036,-0.01558579,0.56183153,-0.7905139,0.9071043,0.2430358,-0.48979932,0.5408548,0.23891146,0.70754033,0.49397346,-0.6838345,-0.3542759,-0.7287385,0.13394685,0.27254996,1.3462986,0.07300507,0.855029,0.34475246,-0.59584796,-0.081435665,0.052217126,0.40265754,-0.2518006,-0.18647534,0.86337256,-0.8895481,0.26831836,-0.46921134,-0.063096315,-0.07320208,-1.2513428,-0.21602832,0.7119616,1.0006809,0.37887642,-0.08791995,0.10048791,-0.518545,-0.48413774,-0.27171347,-0.33786643,-0.17265235,0.2690817,-0.17950436,-0.5139245,0.17465742,-0.5693911,-0.016424345,0.35612804,0.29079133,-0.5028486,0.9418065,-0.25298947,0.21187778,0.3568787,0.23558235,-0.8447147,0.146851,0.95495284,-0.6219028,-0.13721898,0.26303637,-0.25947458,-0.28170282,-0.39144865,-0.43825063,0.24880356,-0.35281968,0.7462097,0.47025156,0.09033896,-0.002544148,0.27404773,0.2869498,-0.008111224,-0.07498479,0.73918355,-0.3724653,-0.21814634,0.2719218,-0.4089308,-0.6684999,0.31706634,0.60096097,0.51844513,0.27460316
-0.8727063,0.33493602,-1.6579305,1.0866349,-0.18551236,1.1485316,-0.37233734,-0.6616053,-1.0938637,0.42376012,1.3703611,0.032153655,0.2633526,0.18585965,0.9484946,1.9543798,-1.6014287,-1.2992194,-0.31361628,-1.1372591,0.9294759,-0.83255905,-1.052037,-0.11907552,1.2113527,1.0137869,0.31484678,-0.054894254,0.5574796,1.8279771,-0.74911356,-1.0114038,0.8146445,-0.24080902,0.31723878,0.7567666,-0.17754252,0.58163506,0.6802219,-1.0397619,-0.63312066,1.4315696,-0.08736141,-0.012003949,-1.6909188,0.5542029,0.6843099,-0.51244885,-0.0030739643,-0.13916036,0.344085,1.0893298,-1.6225926,-1.2390306,0.71120447,0.9976493,0.9663139,-0.5672392,-0.36116552,-1.0238416,1.123465,1.2955788,1.6648102,1.4206213,2.1125479,-0.85495746,0.4237977,-0.015281556,1.8955466,0.11023371,-0.5534822,-0.44726068,0.76978874,-0.6907441,0.46733552,-0.19619973,0.7959921,0.45139807,0.27972654,-1.5652361,-0.27155587,0.6090159,0.120940045,-0.78425676,0.44171125,-0.38084823,-1.3171897,2.213145,1.4811059,-0.3157129,-0.33755565,0.0720859,1.2556525,-0.86286795,0.38197488,0.50216246,-1.1403329,0.9201489,0.65588576,-0.5149147,-0.9028184,-0.34676617,-1.3698331,-0.2810059,-0.23060705,-1.6022056,-0.013313923,-2.0852733,-0.9123525,0.044849426,-0.96182567,-0.8872347,-0.27079466,-0.0076072617,-0.40867454,-0.6969624,-2.2533548,-0.6662721,-0.43166822,-0.8368626,-0.62393177,-0.8358898,0.12779452,0.50028414,-0.25825262,0.39220202,-1.7429541,-1.2156594,0.02219098,1.3706862,-1.5098578,-1.0528195,-1.092222,-0.5343002,0.68779075,-0.94549274,-0.5257468,1.6510932,-0.70298743,0.21313483,-0.47296032,-0.73450613,-0.08953263,-0.39997435,-0.09634294,0.53939533,-0.26137108,-0.71192294,1.1843247,-0.52112496,-0.8393442,1.5980226,-0.51149845,0.18743598,1.2279799,-0.7233448,0.031816427,0.19463989,0.58456707,-0.44637752,0.72402394,0.68301934,-0.57271236,0.3753464,0.5720353,-0.47322255,-0.21752542,-0.17437962,0.03174422,-1.3095855,-0.035002455,-1.7149034,-1.335145,-0.16557357,0.21934733,-1.5542196,-0.4464036,-1.1126944,0.9307314,0.056537285,-0.023254309,-0.45710248,0.67645,-0.22160842,0.85076565,-0.6394507,-1.4758375,0.099511534,0.15376931,0.78648615,-1.1262141,0.98311406,0.5427604,-1.838765,0.23710696,0.18047088,-0.008938968,-0.17559682,0.44492,-0.949091
-1.5031093,-0.84981734,-1.8056127,1.4640837,0.3598769,-0.27233472,0.586029,-0.47284955,0.27218232,1.9572111,0.992095,-0.091801494,1.4078838,-0.6465762,0.40744853,0.75299597,-0.8071673,0.2756501,0.0018815342,-0.35071355,1.7753059,-0.30049706,-1.372858,0.8083169,-0.77580184,1.6235406,-1.3555061,0.17080767,-0.25260496,0.16383135,-1.0583477,1.2801695,0.4038389,0.6840441,0.65211517,0.27167642,-0.31638926,0.9388026,0.5751962,-0.32812414,-1.6555237,1.2333364,0.388089,-0.25091285,-0.739606,0.54052335,-0.7906845,-0.17293906,0.3379395,-1.2462168,0.10264487,1.3051615,-1.2703017,0.14127101,1.6501646,1.5593438,0.5498234,0.52916497,0.8377712,-0.39194563,0.6152579,2.261771,1.4301729,1.3234951,0.8461571,0.93736,1.7603811,-0.20632969,-0.40853003,0.4343418,0.7779852,-1.371015,-0.47078437,-0.8974811,0.4350545,0.6042369,1.4064955,0.85783505,-0.72429585,-1.3522458,0.5613098,0.8754086,0.91559666,-0.5396995,-0.8555812,-0.12279576,-0.5760578,-0.09656264,0.84773296,1.1052277,-0.0050395336,0.22980507,0.38683623,0.70310706,0.17646824,1.1965941,-0.83372974,2.0359862,1.2553693,-0.07031649,-1.2801017,0.087545045,-0.37815192,1.3744482,-0.03473449,-1.1245718,-1.007569,-1.0249007,-1.017661,-0.19522557,0.2763523,0.34604186,0.9835215,-0.0062647266,-1.2698864,0.46352777,-1.4069138,-0.27681845,0.22120762,0.82159376,-1.1019411,-1.1814778,-0.24550106,-0.20957913,-0.35731104,0.5338138,0.1458941,-0.9990499,-0.23685026,0.12378829,-1.1197115,1.3394244,-0.48152453,-0.11096309,0.94818175,-1.562868,0.72521895,0.9302527,-0.38129163,-0.21799882,-0.48019844,-0.8287852,0.5443921,-1.6520202,0.24482055,0.97634184,-0.61246467,-1.2404828,1.0999734,-0.12403445,-0.014882753,1.6307899,-0.07362335,-0.2878436,0.1970019,-0.62580174,0.10125673,0.23177662,0.5552601,-1.3492272,0.6969728,0.010959698,-0.8926431,0.4166675,0.2676448,-1.3685328,0.83629555,-0.035120383,0.7673234,-0.23613912,-0.1539527,1.9262285,-1.0750995,-0.11239482,0.12004078,0.26307,-0.042118393,-0.8201709,0.22252575,0.757316,0.07230967,-0.38872668,-1.4026046,-1.2417126,1.0934428,0.014926257,0.56171554,0.09367947,0.24764024,-0.28446233,-1.3773668,-0.008456323,-0.049378056,-0.86663914,-0.18483475,0.0035830364,0.54971296,0.021464922,-0.37318686,-0.21126047
-0.052682724,-0.06583185,-0.68182254,0.37247652,-0.630844,-0.308228,-0.5031116,0.48858047,-0.34870017,-0.089201644,0.1778284,0.018665392,0.79611826,-0.891941,-1.2154862,0.16464926,-0.06676088,-0.32742062,-0.65659374,0.6418657,0.85455567,0.25755394,-0.43786132,1.1287379,-0.80405813,0.91628015,-0.16495618,-0.46332815,0.5954344,-1.4126574,-0.30487055,-0.74442494,0.8572823,-0.88478065,-0.47789124,-0.3572451,0.23009889,0.84982437,-0.33747575,-0.90812993,-0.8070444,-0.6654803,-0.8078163,0.84885925,-0.15008299,-0.7323776,-1.3433827,-0.21386379,-0.8022939,-1.135533,-1.15233,0.10874065,-1.0399051,0.021728054,-0.4600274,0.4402184,-0.62426144,-0.24216649,-1.0398339,-0.061984375,0.23756826,0.47637016,1.138269,0.53341776,0.9505508,0.76233596,1.3387679,0.16960168,-0.26618856,1.0302509,0.34246927,0.5709584,-0.6931615,-1.3040398,0.52622455,1.2649561,0.5877003,0.7212724,0.16989894,-1.0493549,0.9288971,0.9858543,1.563102,-1.1156936,-0.4165229,0.13451013,-0.3806211,-0.39700207,0.91370755,0.46987945,0.69648635,-1.2097561,0.5397979,0.30505928,0.48980024,0.3352957,0.5428847,1.0330008,0.31409994,0.60796684,-1.4907234,-0.016631909,-0.0912256,0.062706456,0.3213403,0.5488143,-0.86391115,0.004857689,1.0890093,0.69772685,1.063946,0.9038536,0.9433223,-0.3152684,0.92232645,-0.19155961,-0.46155384,-0.05713599,0.9638244,-1.9156134,0.106064,-0.3901435,-1.006528,-0.6160084,0.24528968,-0.4045583,0.058090813,-0.8835397,0.050222285,0.5816076,-0.38996303,0.581221,0.13571708,-0.08093873,1.1111438,-0.4065221,1.165237,0.8419078,-0.8694709,0.4137315,-0.77978855,-0.3909814,0.529612,0.65467215,-0.98808676,1.0089016,-0.5781339,-0.4491771,0.58023614,-0.86912656,-0.4484086,0.46007562,-0.4884211,-1.1231765,-0.83164626,0.021664634,1.2975292,0.13674566,0.46609408,-0.34023434,0.63188475,0.90424854,-0.11119102,1.0528607,-1.4270841,0.2680996,2.0875134,0.38983616,-1.3123738,-0.40597725,0.77697474,1.0602632,-1.0756029,1.1032721,-1.0664313,-0.42326152,-0.47189277,1.2885388,-0.09126646,1.4279715,-0.5486557,1.3574097,0.36646724,-0.03264773,0.42014045,-0.51834047,-0.91022563,-0.09035599,1.2187488,-0.3648746,-1.5120994,1.4248471,0.33428374,-0.051097162,1.2005463,0.3991098,-1.0073829,-0.13444163,-0.11800661,-0.63205427
1.0661008,1.3708136,-0.42720914,-0.49906963,-0.5136421,-1.2311612,-0.1870842,-1.2030971,-0.4693784,-1.1790687,-0.87425244,0.9050926,-0.4984606,0.77097106,1.8897609,-0.50548166,0.9627742,0.26936728,-0.070537604,-0.8147006,-1.9313854,0.80900055,0.62095726,0.39010242,0.49356425,0.58014476,1.4049013,-0.556244,0.38082504,0.8897999,1.663877,0.0204911,-0.39226595,0.18189467,2.174332,0.18065506,-1.059042,0.6482053,1.7595476,-1.0347421,0.79343677,0.8586535,-0.44298443,1.6883829,0.5996915,1.8044704,1.476647,0.8818219,0.22700608,0.5657459,-0.22761443,-0.7711061,0.59131134,0.5444842,1.7061069,-0.4405012,-0.1825437,1.0238305,1.3710532,0.41183916,0.24605055,-0.30471307,1.1350238,0.3114095,0.8581693,-0.27599666,-0.79999256,0.06761303,1.1564692,0.82237476,0.84703267,1.7670165,1.0530111,0.73730797,0.35123658,1.1116782,0.19261007,-0.0011791475,1.2472949,0.6204256,0.36081097,-0.4796225,0.6222576,0.2963354,0.34563118,-0.78387105,1.76833,1.1065799,-0.42850223,1.3877205,-0.38059855,0.4785561,-0.5774166,-0.871834,0.6547562,1.6502606,1.0590304,-1.3819389,-1.1711577,-1.4398324,0.20014374,0.2901296,1.4047444,-0.27221048,-0.6694645,-1.6987253,0.78650343,-0.9405362,1.3579929,0.58870775,0.22472233,0.44996205,-0.9464422,0.057210077,1.0198929,0.87879294,0.012084703,1.3333291,0.92293626,-0.7128372,1.3043022,1.1681982,-1.4670322,-1.2515532,-1.2707194,-0.74063915,-1.5976262,0.6162043,1.9756019,-0.45633364,1.275769,-0.38656548,-0.28361213,1.7750341,0.10386923,-0.7299262,1.0312338,0.20757872,1.644836,-0.052443232,-1.2574598,-0.6879838,-0.20902883,-0.99059516,-1.2450742,-0.8455712,1.5060438,1.1275868,0.035206154,0.04484105,-0.43060195,-0.35434645,-1.1119534,0.8648678,-1.3099095,-1.0149767,-0.5182423,-1.1720052,-2.1881437,-0.6981469,-0.50662684,-0.6237732,-0.59445137,-1.2599549,-1.5985378,1.4549215,1.182536,-0.06359245,1.7653319,-0.57426965,-0.38352984,0.8452661,0.98286873,-0.13457412,-0.117996804,0.048972122,-0.32890415,0.31373858,-0.84554106,1.7448878,-0.37096077,0.068498954,1.0052936,-0.47927046,0.19814509,-0.8826218,-0.49798846,0.15036783,0.2727152,-0.7433346,0.43187,-0.30591217,-0.67309105,0.0001447124,-0.2561728,-1.5788014,0.053605318,-1.1635387,-0.083049364,0.42218322
0.7444663,-0.5678761,0.6076455,1.3636926,2.2502844,0.82355195,1.8842411,-0.60601425,-1.2444556,1.2555662,1.0410621,0.8973562,0.026188025,0.8665194,0.9300651,0.55581754,0.5056899,0.5326457,1.7992998,-0.09613801,0.68527883,0.52114177,1.1347065,-0.09378071,0.52741486,0.40445796,0.83453256,0.27857807,0.66506386,-0.22839823,1.0699159,1.7929566,0.3988635,2.2303846,0.83097184,1.5916713,-0.15066461,-1.0788025,0.8764358,2.0977342,0.97397065,1.1351415,1.5238404,-0.41210854,-0.35426512,0.87241894,0.016640289,-1.0659972,0.7788832,0.9581446,0.31796113,0.7597121,-0.25626025,1.6056902,0.6272502,0.43397868,-0.11240414,-0.22452301,-1.4157244,-0.27368826,-0.1039362,2.1898189,0.37376165,0.49591786,0.532099,0.15331826,-0.57188225,-0.3695177,0.094697624,0.123857684,-0.44458288,0.18286934,-1.5773965,0.527118,-0.38539398,1.4161854,0.63957083,0.2489242,-1.9586875,-0.665265,-0.15410823,-0.2965438,-0.45879716,0.36484438,-1.4141409,-0.9291997,-0.8031692,0.62394905,-0.34274033,1.2413099,-0.021025678,0.4401839,0.6894062,0.25085637,-0.39944553,0.3586577,-0.24315894,0.303496,0.08570144,0.87642956,-0.2769724,-0.2550388,-0.5217639,0.5198254,0.62371135,-0.32077268,-0.8824682,-0.16509828,-0.9595985,0.13519998,-0.2663898,-0.42966056,1.1288891,-0.78013086,0.15191336,0.09575693,0.71279174,-0.7144419,-0.4667228,0.26101518,0.6602195,-0.21239962,0.97788167,-0.8556766,0.23902747,-0.098243296,0.48238736,0.28072977,-1.8811331,-0.09499961,-0.25866944,-0.17303185,0.23197947,0.6227437,0.8355886,0.2782069,0.37957907,-0.17188907,-0.1292149,-1.1637894,-1.6105624,0.62648594,-0.25790682,-0.12570362,1.1494805,-0.6645598,1.4694619,-3.1044316,-1.3936979,-1.2344555,0.19079141,0.26699808,1.6978389,-0.8039048,-0.5393885,0.57144356,-1.5016971,0.17781562,1.4709675,-1.0678567,-1.0348777,-0.9991274,-1.5425284,0.32545784,0.45302293,-0.382985,0.27303034,-0.7142781,0.462919,-0.12889045,0.12805063,1.0853623,-0.3025666,0.44734123,-1.2869949,1.8225666,-0.66811794,0.61124897,0.14009948,0.07091438,-0.26793432,-0.23925883,-1.767988,-1.2254453,0.5719335,0.2967588,0.20248055,-0.05288737,0.14861882,-1.0385902,-0.3552846,0.020594623,0.03844678,-0.5569716,0.23952405,0.022086479,0.48726213,-1.6757393,-0.8134054,-0.16605236
-1.1283551,0.7518585,0.59937406,-1.0534291,-1.1441913,-0.0224103,-1.0777593,0.643438,-0.33883464,-1.4516221,-1.2023375,-0.9579447,-1.2070714,-0.63481534,-0.13672094,-0.33892772,-0.6984422,1.441577,-2.343077,-0.057850696,-1.5672257,0.29071864,-0.70324284,-0.6770037,1.0173599,-1.1023989,0.87663996,-0.84713113,-0.46879196,-0.989712,0.04030759,-2.3361516,1.2910005,-2.8732653,0.53608054,-1.3608531,1.7700993,1.4459556,1.4779313,-0.85042596,-0.066429146,-2.328832,-1.2734224,1.9379228,1.4886049,-0.18406989,0.31902114,0.8174569,-0.1021674,0.4343437,0.99563015,-0.15405059,1.6411209,-1.4057311,0.26455924,-2.0872886,-1.3453053,1.4954705,2.0204403,0.08451817,-0.15439913,-1.42867,0.76215404,-0.1894524,0.38215187,0.8658931,-0.9077438,-0.11950276,0.34294927,1.3617413,0.39552844,1.190653,0.124641806,1.47211,0.32706913,0.15445977,-0.0006197565,-0.7278024,1.6434107,0.983414,1.2122173,-0.0526847,-0.47418404,-0.22469743,0.27306592,0.36099693,1.7486082,0.6249484,0.15405694,-0.86355686,0.6180981,1.2292168,-0.2871367,-1.1511307,-0.16450693,1.380204,1.0270048,-0.98699814,-1.3062974,-0.6712443,1.5525479,-0.27557456,0.9843119,-1.0246365,-1.474633,1.0564274,1.8973466,-0.0793859,0.22950685,0.11580652,-0.2816334,0.108968124,-1.4017175,0.037287522,-0.37383148,0.7433113,0.21422298,1.368311,0.6276902,0.30575773,-0.08147665,1.7283287,0.38793507,-0.56714755,-0.93738127,-0.41363198,0.51604146,0.7143473,1.0037775,1.2427138,1.483043,0.37142116,0.7485486,0.09158058,0.25225347,0.7043896,-0.06577315,0.4758367,0.15978874,1.4701405,-0.17313355,-0.62886125,-0.5912779,0.78473693,-0.4941526,-0.20819794,-0.9005873,1.7623844,-0.32510266,0.5421039,-0.6501081,0.06901985,-0.6373656,1.760748,-0.4361658,0.12704495,0.3394625,0.50537354,-2.0124066,-1.7080214,-0.87792796,-0.8329443,-0.71795756,-0.14283374,0.3054292,-0.9972596,-0.75065887,-0.76632106,1.3697814,0.71539104,-0.87181866,-0.012218182,0.34083158,-0.73852444,-0.8598557,-1.4813784,-0.91750073,0.013054563,-1.3579798,0.2158853,0.27698448,-1.0473158,-0.054623976,-0.04251393,0.7202246,-1.6177369,-0.25897655,0.2320121,-0.67943984,-1.7748907,1.4410069,0.8216137,-0.10606456,0.22698279,-0.624378,-0.92060196,-0.589355,-0.39770636,-0.5341613,1.400314
-0.027257945,-0.67845315,-0.8727418,-1.1322255,-0.15401332,0.13477552,-1.1655354,0.55996454,-0.22728918,-0.40451193,0.08581943,-0.7702458,-0.07304907,-0.48747778,-0.9634638,-0.1548128,-1.0975142,-1.1992496,-0.67337024,-0.32152298,-0.6463568,-1.2863134,-0.64090466,-0.61891425,-0.2270804,0.027707588,-0.75644875,0.8895648,-0.33201802,-0.5198949,-0.04142096,-0.67559063,-0.6724229,-0.745278,-0.93531024,-0.38601097,0.62317103,-0.12889084,-1.0392866,0.45299807,-1.073513,-0.6874196,-0.3574777,0.25942814,-1.0783353,-0.5316613,-0.45072597,0.11575172,-0.2254492,0.54359293,0.93811095,0.53168637,-0.0636953,-0.6369185,-0.97191054,-0.034708917,0.3466569,-0.8897758,-0.96576786,0.3567515,0.501215,-0.6731873,-0.47515947,0.037568223,-0.8101686,-0.11652519,0.39921924,0.7702524,-0.1494796,-0.18826835,-0.6287951,0.69460756,0.5080795,-0.33789837,1.0010176,-0.4681307,-0.032269526,-0.6478677,0.22053868,-0.532902,0.021604247,0.15763192,0.6190553,0.58344764,0.9682866,0.37736663,-0.47846606,0.15265241,0.18844005,-1.0787156,0.4590269,-0.33763036,-0.06468547,-0.14210474,0.31493038,-0.79403335,-0.34251383,-0.9147653,-0.22659063,-0.39764225,0.56342816,-0.17340428,-0.6366674,-0.2242676,1.0433409,0.042683378,-0.106964275,-0.36263853,-0.7080275,-0.54542655,-0.6456829,-0.26509267,-0.27321765,0.19150876,-0.3684836,-0.3274855,-0.09006658,-0.56324285,0.31542844,0.6498218,0.15052792,-0.72054726,0.58485544,0.34342006,0.19608372,0.3364927,0.9685804,-0.6073808,0.00833454,0.47274312,-0.91633075,-0.4226664,0.6438059,0.0877542,-0.94228315,0.41844767,-1.0974883,0.4778946,-0.9850953,-0.17221889,0.9710079,0.5511788,0.78175443,0.101304084,0.8119479,0.35639054,-0.108915135,0.4243353,0.68709534,0.7492796,0.776164,0.17075032,0.03259643,-0.81804204,0.83192915,-0.124756224,0.41030937,0.6214277,-0.1447025,0.8523249,1.1682602,0.50685114,0.6501733,-0.39719257,0.20118915,0.15339045,0.41188496,0.43558648,-0.14770322,0.35629284,-0.14746323,-0.53184885,-0.68210906,1.0095446,0.5840048,-0.3521762,0.61639655,-0.13001071,0.7516893,0.08913339,0.59320855,0.7465388,0.5620489,0.9659201,0.4887104,0.012185322,0.44977486,0.7729357,0.12096335,1.0850148,0.16532423,0.81709737,0.8269249,0.6593723,0.4286711,0.08465742,0.40967137,0.4186033,0.79660225,-0.0724216
0.6218376,0.055929773,1.2592963,-1.3489046,-0.044898923,-0.57540476,0.9245634,-0.23101626,0.9553264,-0.5335507,-1.5650585,-0.47387233,-0.49635667,-0.17470922,-0.73881924,-1.7687932,1.5466143,1.1744789,0.27078968,1.2903098,-0.47136626,1.046132,0.8158654,0.84168726,-0.6947173,-1.089241,-0.6057282,0.94519466,0.88265723,-0.42490494,-0.6012808,0.6822176,-0.74807227,0.1366207,-0.5501344,-2.3261244,-0.00820408,-0.5818862,0.08387624,0.3976191,0.39204168,-1.1517715,-0.6876234,0.28732994,1.5823606,0.3653555,1.0425276,-0.6210176,-0.6802715,0.3521725,-0.65164196,-0.6409773,0.95320654,0.8723192,-0.51459074,-1.5887223,-0.93788064,-0.06711162,0.2166501,-0.10258244,-0.6756503,-0.9487621,-0.5006911,-1.4461708,-1.8507792,-1.5400668,-0.42222252,-0.83732814,0.0032206522,-0.33306175,-0.5902611,0.23342535,0.06666186,1.1967314,0.2900636,0.08192471,0.1715389,-0.049833257,0.9316188,2.0390692,-0.1259946,-0.70390254,-0.051932506,1.6638275,0.23841344,0.95005757,1.0532256,-2.1521294,-0.86697626,-0.2672477,-1.1042261,-0.80587214,0.038656197,0.9691669,0.039691232,0.29951814,0.38256618,-0.34760958,0.59168,1.1474069,1.6391056,0.39784515,1.6903377,0.5498428,-0.28951773,1.0708299,0.7296306,1.5800412,1.3429894,-0.25473002,0.64739335,1.1208103,0.64378196,-0.3502117,0.44357875,-0.4924397,1.7349076,0.8140975,-0.83021045,1.1551034,0.67910737,1.5664887,0.30101946,-0.6799593,-0.9614749,0.7341661,0.52417463,1.6266099,1.1451664,-0.004898363,1.1375197,1.5347431,-0.105113216,0.007410124,-1.0493202,-0.35447934,0.7724846,0.26300472,0.53642607,0.12922941,0.12903166,-0.5079752,-0.85959727,0.5477206,-0.830561,-0.15286635,-0.01646731,1.2090282,-0.45550764,-0.08190562,-1.8275472,-0.34366333,0.044331964,-0.15387672,-0.034622587,1.295876,-0.24654692,-0.42665467,-0.018809289,-0.14187683,-0.13943687,-1.3744086,0.37510616,0.23994291,-0.7206912,-0.15774514,0.26106012,0.17094447,0.25929958,1.7228094,-0.62209624,0.78059477,1.8109334,-0.03785763,-0.5074418,0.90535384,-0.34354872,-0.6556085,-1.5495921,0.018346548,-0.42501265,0.13544063,-0.16231044,0.8687548,0.10387261,-0.4752631,-0.18738697,-1.3041114,-0.518991,-1.0301892,0.7018752,0.0757615,-0.14820547,0.63996106,-0.11118411,-0.25017822,0.63880867,-0.2093076,-0.529792,-0.20303766
-0.69818515,-1.2797685,-0.111855656,0.20587501,0.09686076,-0.51752716,0.6854106,0.5275701,0.06296824,0.9108774,-0.09136475,-0.7877481,-0.15826298,-1.2751019,-0.25593886,-0.033806246,-0.84556913,-0.4050391,-0.12985751,-0.5626587,0.41800573,-0.843572,-1.2902238,0.25493833,-0.73231983,0.2657092,-0.71321607,0.46001968,-0.1641348,-0.47714627,-1.0141904,-0.15788007,-0.23147422,0.09408975,-0.8599903,-0.727147,0.8839453,-1.2221731,-0.7016367,-0.72916627,-1.317313,0.53881353,0.72575325,-0.58786535,-0.22681327,-0.26847437,-0.50219977,-0.83407277,0.6050969,-0.63525534,0.3073662,0.8734823,-0.04276481,-1.0111006,-0.65544873,0.6137705,0.55033135,-0.16168068,-0.21076718,0.6620936,-0.6788477,0.17288412,-0.021483254,-0.3524046,-0.89863396,0.38429222,0.7514063,-1.005187,-1.0788531,-1.8693625,-0.1975703,-0.17484933,-1.5257095,-0.56708086,0.64316386,-1.1596354,-1.128406,-1.2356068,-0.60829014,-0.47741812,-0.42598745,0.30059177,0.1662192,-0.64287853,-0.0014679898,0.63922286,-0.5280629,-0.5366981,-0.780991,-0.11855596,0.49674323,-1.4366959,-0.7151186,-0.08179978,0.021276524,-0.46617487,-0.24740922,0.5902813,-0.5250864,-0.12511598,-0.016031489,-0.84566605,-0.8645951,-0.18670475,-1.0083144,0.02979866,-0.2945528,-0.5277062,-0.34306723,0.083263814,-0.63223416,-0.5165602,-0.014928861,0.4761539,-0.80129504,-1.3453761,-0.56444114,-1.0514606,-0.38828948,-0.016584562,0.4085807,-0.8596838,0.23639558,0.29814854,-0.44614986,0.601013,0.32257983,-0.02422992,0.03088788,0.10850656,-0.73638505,-0.057496347,-0.21865922,-0.48162553,0.015614927,-1.027544,-0.6744726,0.4393416,0.27140498,0.9358696,0.39330083,0.076468654,0.9036857,-0.9325112,0.17682084,1.1270287,0.4386053,-0.6614404,0.80805576,0.59876657,1.1484593,0.50910854,0.2323292,-0.883347,0.5103465,0.35154602,0.06648096,0.51045454,-0.3193096,0.71243006,0.32684338,1.0361205,0.7704472,0.075895995,-0.20210913,-1.773526,-0.92637277,0.08279443,-1.5275348,-0.0963786,0.5795242,-0.6561748,-1.0348114,0.9205539,-0.29780045,0.08958743,0.8473144,-0.042494155,0.6205006,-0.34277302,0.39528343,0.34149623,-0.81867236,1.0000709,-0.69539917,0.4509194,0.26313418,1.1858208,0.51616436,0.44644406,0.06929463,0.63247746,0.91201633,-0.009717353,0.6866769,0.40586507,0.7014606,1.0267568,0.7794516,-1.3041044
0.02155504,-2.097727,0.094742686,-1.6910927,-0.33134767,-1.4812814,-0.33687127,0.026081387,1.1045501,-0.37720823,-1.0588156,-1.3671746,0.13744508,-1.952207,-1.3418962,-0.023417305,-0.8191877,-1.7780032,-0.7799148,0.3401319,-0.14764056,-1.1721679,-1.9719576,-0.17459951,-1.6765292,-1.2147053,-0.92383647,1.1777332,-1.6614518,-1.2752455,-1.2105383,-2.165931,-0.7306123,-0.50108874,-1.9568535,-0.5240491,1.3468217,-0.82664335,-2.6406593,-0.7680726,-2.3801677,-1.2115626,-0.21111108,-0.6225494,-0.90893745,-1.3736562,-0.95677173,0.75396514,-0.12120271,-0.28563827,1.2017494,1.5150409,1.5775872,-1.459274,-3.679845,-0.84110487,0.74450487,-1.3383002,-1.2002594,2.3236167,1.2091043,-1.0054955,0.2853419,-1.4190981,-0.9801737,-0.35955748,0.6499932,0.75043917,-2.4421697,-0.8332472,-1.4633999,-0.19286802,0.46126863,1.4308707,0.5189601,-1.3725234,-1.5396409,-1.3701749,1.9176995,0.47248954,-0.57538885,0.7551954,1.7636459,0.2978273,0.083708815,1.6237806,-0.26556572,-0.6835534,-0.20980166,-2.4615486,1.5066564,-0.075438365,-2.1057541,-1.030896,0.2633235,-0.33393404,-0.8663097,-1.299839,1.0844886,-0.65559775,1.7916327,-2.0281584,-1.5747201,-2.3184714,-0.23695411,-0.1213307,-0.995206,-0.25044012,-0.34469146,-1.1142669,-0.6166877,0.14960271,-0.32355055,1.1652361,-1.976288,0.49320084,-0.6207975,-1.7590626,0.03608255,1.5412114,-0.057283007,-2.6171637,0.43935022,0.33641648,-0.2805184,0.7794055,0.50621766,-1.4243294,0.33202583,0.88099515,-1.8326576,0.011197537,0.42428833,-0.6641605,-2.0028102,0.1881361,-2.0245526,1.098409,-1.8182812,0.8976681,1.6064655,1.7051823,1.2368413,-0.99813646,0.69446963,0.74915373,0.6829805,0.5307192,1.3024427,0.34433722,2.3987315,0.95828724,-0.110627055,0.42786902,1.0148482,0.56082785,0.35787782,0.6349195,-0.21796834,0.69665945,-0.21834823,-0.37800097,1.5713716,-0.2535609,0.22454225,-0.44755375,0.3755406,1.68081,-0.6225662,0.25808996,1.2205503,-1.6055192,-1.4031973,0.9096184,-0.86757046,-1.6532474,-0.71962845,1.3099223,1.0268592,1.5817007,1.5845916,1.3088752,-0.26545328,1.5560533,1.7022178,1.5035179,-0.32329348,0.67123514,1.8356868,0.58687264,0.6654178,0.6264002,0.9690456,1.1115108,1.8615535,1.6839164,-0.18036342,1.5383136,1.9684719,-0.7867107
-0.5424234,0.11600331,-0.067303136,0.8335831,0.300641,0.6810661,0.8833077,-0.35775083,0.22539331,0.9391321,0.09625187,0.45205912,0.96147954,0.1183659,0.52956563,-0.17390577,-0.28560013,-0.22496264,0.33425874,-0.30554146,0.9655847,0.107035115,-0.13509251,0.18511654,-0.22463232,0.54115134,0.65382224,-0.19558217,-0.058480836,0.24212503,-0.16324732,0.53695416,0.1154075,0.63744676,0.23911496,0.6009371,-0.07323865,0.17281815,-0.06643812,-0.078155935,-0.23194528,0.7322943,0.16681731,-0.2739558,-0.35756528,-0.14222969,0.0013247095,-0.2831062,0.6648015,-0.5156485,0.19442993,0.6117595,-0.6695579,-0.22687435,-0.7763852,0.9541701,0.37883008,0.08319148,-0.39659202,0.054109797,-0.17454012,0.47199827,-0.32037002,0.55259687,0.25761753,-0.091440305,0.534948,-1.2131304,-0.29643568,-0.34492153,-0.0922805,-0.7822415,-0.51006967,-0.9905273,0.34577867,-1.4367259,-0.45707387,0.5062564,-0.08795339,-0.90197605,-0.3718054,0.12319537,-0.44427568,0.106189445,0.1557474,0.31500912,-0.20678158,0.27421775,0.22960141,0.6148267,0.0058177803,-0.35815006,0.15685713,0.8084974,-1.0088956,-0.21742216,-0.034606464,1.1426554,0.8838795,0.3627705,-0.042813867,-0.23578048,-0.6857749,0.39730248,0.2132766,-0.15960775,-0.54608446,-0.2838376,-0.26304975,0.40073845,0.10320148,-0.12678795,0.64680296,0.41132167,-0.022027312,-0.41214457,-0.47844648,-0.19301486,-0.615211,0.1409605,-0.4305016,-0.052943464,-0.10826032,0.137105,-0.24536267,0.3776925,0.029775595,-0.2612303,0.44179028,-0.18618041,-0.55706376,0.33733082,-0.42470554,-0.33220932,0.435995,-0.19701746,0.19413331,-0.7657053,0.82836306,0.13838565,-0.14280026,-0.41070837,-0.037632708,-0.5877875,-0.8432985,-0.034818716,0.49378616,-0.42471564,0.43797767,-0.14511645,0.2938208,0.36034134,0.68220866,-1.0456039,-0.092637174,-0.13146207,0.29308024,-0.20773816,0.82432514,0.47601277,-0.5240308,-0.024763258,0.17619078,0.80886674,0.1441992,-0.38042462,-0.5873927,-0.60220516,-0.12173479,-1.0060958,-0.34867817,0.48464358,-0.39589426,-0.5075832,-0.12267616,-0.115277894,0.33384904,-0.67973197,0.23945138,-0.96096253,-0.118633434,-0.42791992,-0.23816018,0.4236975,-1.1273035,-0.084175706,0.66298366,-0.08205111,-0.22878967,0.35828558,-0.4985142,0.21153156,-0.022775587,0.35030878,-0.16237266,0.5131743,-0.041935563,0.16871925,0.21928142,-0.17563121
-0.78540933,1.1060247,0.8292234,-0.5245283,-1.339597,-0.52676374,-0.8623627,0.38129175,-0.08916283,-1.0569407,-0.8236482,-0.26195297,-0.92055094,-0.12842688,-0.008643616,-0.52952605,0.063763306,0.6673135,-1.3482797,-0.30338648,-1.2518355,0.38772896,0.14781721,-0.08913916,0.6692272,-0.5432775,0.29597422,0.31277046,-0.3144047,-0.47971106,0.326078,-1.1854956,1.1988269,-1.2878,0.56914264,-1.0821358,0.41560847,0.9104394,1.0098652,-0.61620766,0.15166953,-1.2039187,-1.1606144,1.5604922,1.5073683,0.53345996,0.4538181,0.80988413,-0.16169873,0.22830427,0.3686605,-0.3601363,1.4447231,-0.34210724,-0.14808275,-1.4184098,-0.91706944,1.0065782,1.0001912,0.16387486,-0.09529501,-0.872086,0.6934585,-0.115951195,0.19693428,0.3461571,-0.2938428,0.07865902,0.33914408,0.9563758,0.5505684,0.5830801,-0.19566715,0.54528266,0.11583413,0.11190036,-0.0064411336,-0.21824707,0.5728979,0.8803893,0.50203264,-0.25365496,-0.3633163,0.22403489,-0.18721117,-0.031305663,1.4936675,-0.22933915,-0.02333698,0.2575145,-0.17261584,0.41455334,-0.010808453,-0.78355944,0.051911287,1.3126656,0.88055474,-0.33801162,0.097175,-0.3849036,0.7081503,0.578292,1.1879507,-0.45863974,-0.61260116,0.82691437,1.7770094,0.1728937,0.83755827,0.21115969,0.7505022,0.63153636,-0.78073716,-0.032078993,0.42263505,0.6678287,0.6680697,1.5061365,0.11997079,0.47942528,0.18976012,1.6112831,0.019198623,-0.60063314,-1.0412278,-0.5553204,0.12873332,0.7624315,1.8153082,0.7894688,1.6121223,0.5497867,0.42145622,0.30227795,0.634632,0.47453997,0.91324216,-0.3749177,0.6130382,0.9243492,0.070558906,-0.79655594,-0.4933964,0.013920618,-0.050626867,-0.30029416,0.01815711,1.2165952,-0.5601279,0.019714417,-0.87991196,0.015555659,-0.626791,1.1787401,-0.5849664,0.45916602,0.9905629,-1.0261637,-1.1295735,-1.4029796,0.02631812,-1.0273442,-1.0768199,0.079582214,0.013472168,-0.36787325,-0.031705327,-0.2640676,1.1466291,0.9314672,-0.5509273,0.009348626,0.8847083,-0.07574754,-0.94984955,-0.23927811,-0.44985285,-0.23612638,-0.98033106,-0.14162596,0.08229002,-0.58010495,0.05695033,-0.45356393,-0.2166583,-0.89770746,-0.538279,-0.3537724,-0.6090361,-1.1848968,-0.0555941,0.027055543,-0.6107162,0.18267845,-0.7334909,-0.30963138,0.080482185,-0.9534741,-0.85253704,1.1820642
-0.33170965,0.680405,0.72136754,-0.5516024,-0.5445246,0.23181714,-0.018388093,0.46587485,-0.14501917,-0.63496006,-1.0619241,-0.08634879,0.10772392,0.5489364,0.5804262,-1.0480986,0.3586597,0.5848143,-0.741713,-0.98631245,-0.55915296,0.3986513,0.13441022,-0.24305098,-0.35610235,-0.5575365,0.64791054,-0.50719494,-0.067705065,-0.059811972,0.19709209,-0.30106968,0.22301766,-0.5812326,-0.017116658,-0.59782386,-0.54398024,0.12859456,0.24925046,-0.80934197,0.78330314,-0.22611468,-0.25184503,0.4751192,0.20863394,0.8904959,1.0276773,0.7357579,0.7423581,0.60086876,0.3038775,0.50546175,0.407491,-0.29219002,-0.658437,-0.53749734,-0.05971793,0.43932533,0.08841494,-0.10072413,-0.53625566,-0.7706943,-0.5995412,-1.2628899,-0.33925426,0.5340722,0.25567827,-0.4293804,0.30251473,-0.056463066,0.10660314,-0.11601827,-0.20453139,0.39051712,0.49994725,-0.2716273,-0.7554634,-0.7147398,0.5466195,0.18860552,-0.09324574,0.3890812,-1.5376775,1.2033176,-0.02705702,0.57719743,0.40600368,0.31382105,0.45283154,-0.041434005,0.4084294,0.3245407,-0.3081461,0.23209527,-0.00858424,0.27614978,-0.9397265,-0.95778054,-0.023573203,0.40400895,-0.017112836,0.25139517,0.47825518,-0.15322755,0.17023958,0.7824269,1.1014212,0.31428936,0.021345504,0.86704326,-0.05857728,0.10557547,0.18273878,-0.93429035,0.5205115,-0.05995327,1.1016898,0.9581106,-0.6035675,-0.46550658,-0.22078368,1.1291066,0.09626007,0.28182092,0.000570707,-0.24748245,-0.0063795242,0.49547485,1.0410804,0.5318444,0.7840837,0.45835763,0.07294776,0.86678237,-0.09667474,0.8972511,0.08031168,-0.6823967,0.52734447,-0.71329343,-0.39489657,-0.46869084,0.057047393,0.34000608,-0.32379708,-0.81362766,-0.4921832,0.40157485,0.5751792,0.05115901,0.32750976,-0.08584974,0.5004015,0.18111712,-0.5782363,0.02456627,-0.12681052,-0.70305955,-0.31317455,-0.04214817,-0.16143386,-0.02233486,0.08313827,0.35634825,-0.27615958,0.28631377,-0.76001406,0.20955452,0.118778236,0.8180584,-1.4658177,0.034109134,0.26617426,-0.76244944,-0.55812764,-0.17956644,0.57509995,0.31288293,0.46654,-0.6828264,-0.01539145,-0.7172927,-0.13029642,0.25388527,0.47012484,-1.0187676,-0.1091157,-0.066377856,-0.12434376,-0.39248243,0.30842462,-0.9158349,-0.85339576,-0.40728623,-1.5429788,0.023620956,0.59128577,0.38527477,-0.051274024,0.5238571
-0.44224256,0.363309,0.18220328,0.96868163,0.088959895,0.2752553,0.42988944,0.46413025,-0.1487466,0.5014402,0.7783823,-0.0925549,0.44745436,-0.17112528,-0.080560625,0.9472866,0.20757791,-0.51208395,0.8298978,0.07248034,0.7729615,-0.08515288,-0.88187784,0.33050415,0.2880889,0.32699677,-0.2175902,-0.7881255,-0.1303787,0.63354474,-0.7084409,0.90301234,0.5994625,0.4462802,0.32572788,0.4118263,0.24963482,0.40069506,0.07652795,0.096412085,0.2656096,0.69818336,-0.032453824,-0.09361743,0.0076858904,-0.24525,-0.98717445,-0.39803886,-0.7604342,-0.6587836,-0.98623973,0.04249371,-0.8902899,0.92795855,0.17691663,0.93342537,0.14896151,-0.92140275,-0.57020867,0.5413418,-0.07407715,0.8645619,0.95964587,0.19510786,0.55739087,-0.58182913,0.26317003,-0.46682408,0.16475497,0.07578995,0.020115547,-0.48868203,-0.25401136,-0.08491207,-0.19549522,0.32263488,0.46654475,-0.007916581,-0.37677425,-0.2969045,0.050157003,0.34613296,0.027008511,-0.5397949,0.15145034,-0.41079384,-0.354797,0.12864466,0.3250652,-0.0734866,-0.5416314,-0.088679135,-0.20116064,0.07004518,0.09357518,-0.53687453,-0.5340062,1.1744615,-0.28384742,0.52616507,-0.27318776,-0.62136316,0.012018616,0.10127063,-0.5469055,0.2700358,-0.33520433,-0.22557017,0.28726792,-0.5441846,0.19665061,0.28708786,0.44771898,-0.28944957,0.03213629,-0.2889654,-0.23619881,-0.1199931,-0.3444367,-0.690468,-1.368605,-0.42304325,0.1771365,0.061204385,0.8448852,-0.23864359,-0.31520835,-0.052780017,-0.144236,0.065171026,-0.329204,-0.22044912,0.23937567,-0.5531538,0.72644925,-0.030760162,-0.38322762,0.53317904,-0.38441062,0.30194467,-0.001630269,0.8561611,-0.110662505,0.508578,0.64347833,0.2577986,0.31305826,-0.29304746,0.12431279,-0.9188827,0.0726892,0.33738518,-0.749416,-0.34817454,-0.37736404,-0.6724841,0.11205745,0.27826342,0.3202838,-0.17612381,0.4431226,-0.21282455,0.45240355,0.5232935,-0.71932703,0.03537807,-0.22353248,0.54666114,-0.025939861,-0.7031268,0.70046794,0.62137634,-0.40905076,0.05862855,-0.052211594,0.0145459715,0.3070208,-0.6844262,0.35290056,0.42685294,0.33031797,0.012277778,0.22232904,-0.78615177,0.03577015,-0.36862028,0.16371958,0.019239444,-0.43959814,0.3330698,-0.9851706,0.19714344,0.37818304,-0.035341956,0.18687665,0.079548456,0.16835484,0.100125365,-0.031171193,-0.7026573
0.6768636,-0.14061345,0.00060874317,0.15508556,0.54687965,0.29883343,0.5281095,-0.10964063,0.16395083,0.32432872,0.1528681,0.47569117,0.23574893,0.23984228,0.40144747,0.17841475,-0.0056582205,0.12493579,-0.011663482,-0.19198324,0.15748948,-0.080345124,-0.0359493,-0.50213253,-0.51519716,-0.30135953,0.19470564,-0.17032881,-0.6103594,0.71773374,-0.081165604,0.27121916,-0.21826231,0.42252052,-0.13465022,0.9833227,-0.3282427,-0.36702794,-0.03432395,0.53114617,0.22748253,0.2880364,0.2389212,-1.0473045,-0.35157666,0.20093389,0.2875713,0.043297656,0.3079812,-0.3899269,-0.1788159,-0.6606117,-0.045686867,-0.099517964,0.26345804,0.3917631,0.37613907,0.15694766,0.19989818,0.7530383,0.042799458,-0.25841084,-0.1476379,-0.045411807,0.11668635,-0.23755021,0.26079598,0.4841062,0.06506565,-0.24947265,-0.38507363,0.09123807,0.21884027,-0.25825545,0.23785709,0.05780801,-0.69943064,0.39528313,0.17611888,0.014743491,-0.46357343,0.080110304,0.34023798,-0.7031,0.21945557,-0.13461775,-0.6507029,0.622592,0.38759086,0.16471459,-0.2887181,-0.3884107,0.10324248,-0.027115557,0.3502197,-0.054297633,-0.40403733,0.020579562,0.05947513,-0.12658587,-0.6352644,-0.59119856,-0.27693865,0.35316506,0.12555507,-0.11045288,-0.844449,-0.20300117,0.08526002,-0.41485402,-0.10041393,-0.30755278,0.13762212,-0.014284055,-0.103733525,0.45349982,-0.2422403,-0.08525475,-0.40302253,-0.42698154,0.17661004,-0.015785988,-0.0930974,0.32001755,0.48582807,0.15253384,0.30369285,-0.3008295,0.006150905,-0.31716895,-0.31776747,-0.6499165,-0.20387453,-0.9692303,0.07990977,-0.5714824,0.07593949,0.1839426,-0.3887992,0.3925884,0.22401707,-0.54366857,0.061421584,0.009804206,-0.23210658,-0.2940486,0.24698512,0.078743175,0.048183203,-0.54871124,0.84415823,-0.021577042,-0.12012212,0.1479638,0.4841985,-0.6342333,0.2547094,-0.11225683,0.08565372,0.23121999,0.15872487,0.2861123,0.049073666,-0.4338656,1.0385361,0.23408212,-0.036221392,0.01817859,-0.6827658,-0.7329567,-0.30202085,-0.45830625,-0.38708004,0.12061507,-0.022085134,0.28245384,0.29832065,0.46999407,-0.34570578,0.41002882,-0.095376,-0.01663554,0.7368745,0.2482998,-0.10974833,0.30585814,0.2530713,-0.63120574,0.09047759,0.2594364,-0.10045441,-0.2833347,-0.19583096,0.20044269,0.11616104,0.50120556,-0.1687462,0.16437437,0.27245104,-0.097013704
-0.24565476,-1.3589094,0.21371873,0.8072878,0.89360476,-0.587331,2.0185404,-1.0991356,0.5237042,1.9506439,0.02909825,0.88551646,0.61108106,0.26513112,0.46127725,-0.10084307,-0.11686166,-0.09377332,1.3237607,-0.62131846,0.8763452,0.06285368,0.005971658,0.48576838,0.5290579,0.65971303,-0.27972367,0.38510412,0.53807056,-0.036807917,-0.52085793,1.7029878,-0.6316603,1.6259807,-0.041970126,0.7671264,0.2876468,-1.124014,-0.3713806,0.38127312,-0.36507806,0.858982,1.9658788,-1.207486,-0.8769763,1.0177139,0.31570235,-0.9530842,0.2145558,-0.7402859,-1.6380764,-0.7475828,-0.43916926,-0.10707103,0.9822859,1.4384564,1.0206722,-0.21512656,-0.6247461,0.23526393,0.9244379,0.5906566,-0.44451538,-0.46072963,-0.81845295,0.17507848,-0.108724944,0.10801291,-1.3960195,-1.1623869,0.19217879,-1.9429772,0.23682266,-1.2973915,-0.11622954,-0.58415425,-0.8702722,-0.2511026,-1.5582572,-0.8834319,-0.34148723,-1.2974926,0.5582158,-1.8808616,0.34268332,-1.9680955,-1.0301336,-0.6207255,-0.69984823,0.37187663,-0.8499354,-0.339982,0.33528492,1.3763236,-0.033863686,-0.0091019515,-0.88776964,0.13238391,-0.0044386853,0.30639338,-1.557608,-0.75000745,-0.33573428,0.8135203,0.27238098,0.12170193,-0.83732843,-0.53041685,-0.53509974,-1.993785,-0.03602345,0.4474929,0.7669722,-0.1576527,-0.19349502,0.64728385,-0.426871,-1.2853161,-0.5591131,-0.31457353,0.46027026,-0.31513074,-0.0810463,1.8662108,1.7709383,0.08800113,-0.007437626,-0.34780315,-0.6232482,-1.7804731,-0.69208705,0.011362504,-0.64863783,-1.0016109,-0.58550596,0.6778319,-0.07841908,0.30426985,0.26009345,-1.0331227,0.2998693,1.115363,0.8388973,-0.2717896,0.9056973,1.8167425,1.0782607,-0.5123153,0.9440433,-2.3794956,1.3365772,-0.6617681,1.18859,-2.5975914,-0.20230216,1.070049,0.33113906,0.97866774,1.4356401,1.3105195,0.46487767,0.4593103,0.1242173,0.8477241,0.8425879,-0.018557385,-0.5275706,-0.5979371,-1.7313753,-0.35426277,0.38441414,1.4922127,-0.74992186,-0.14342874,0.457567,0.8505478,1.3055081,0.15451346,0.594489,0.3639551,1.3708421,-0.104687974,0.120453835,0.19970857,1.1944247,0.6271996,1.2278917,0.94427466,0.20256199,0.37098476,-0.1922503,1.570992,0.8331897,-0.011928029,0.202884,-2.0759234,0.59514856,0.15924005,0.47635818,-1.5631628
0.8863828,-0.30805352,-0.85464436,0.44792646,0.8471299,0.6228363,0.4855085,0.0153086595,0.6389751,-0.027418092,-0.2771866,0.120848164,-0.56103903,-0.013248978,0.71033496,0.13839746,-0.65783644,0.98334986,0.29580596,-0.35370237,-0.80668324,-0.3990378,-0.6289604,0.80475235,-0.84828365,-0.3159189,0.6211271,1.4527798,-0.46545786,0.2411263,-1.1430615,-0.3373456,-0.55342096,0.27554217,-0.80664873,0.22683835,0.5445671,-0.97615653,-0.113760054,0.638322,-0.55201113,0.2782657,1.152174,-0.8034974,-0.8961917,0.46134192,1.1196226,-0.6064745,0.35471112,1.2930772,0.62382567,0.84937006,-1.4081953,-0.9819308,0.21853967,-0.49880612,0.7065264,0.270274,-0.446356,-0.8649063,-0.48374537,-0.84886974,-0.33612823,0.92991483,-0.55930066,-0.003880227,-0.879928,1.5546837,1.0313735,-1.0750936,-0.15324405,0.35203707,0.827342,-1.1797196,0.8635967,0.531074,0.7477424,-0.621571,-0.07603836,0.15084782,0.02778963,-0.17803618,-1.0907443,0.115412384,-0.731585,-1.067989,-1.9858743,1.6624793,1.2182597,-0.7812148,0.2697347,-1.1253693,-1.8874031,0.20491385,0.25344706,-0.907488,-0.7324822,-0.82856494,-1.94706,-0.407537,-1.2403104,-1.3891578,0.018961098,-0.75522,1.3706993,-0.6428864,1.3330644,-0.26978794,-0.58555716,0.9935274,-0.40509304,-0.850292,-0.6196307,1.1085712,0.44308102,-0.035295393,-0.45000425,-1.1391561,-2.7460294,-0.16372402,0.673184,0.3858956,0.74659127,-0.57297945,0.27821022,-0.9316055,1.4830376,-0.33757415,-0.53869313,-0.42854503,-0.8399992,-0.92912674,1.2627296,0.5499041,-0.36398876,-0.16440266,-1.2046019,-1.4314051,-0.5972846,0.14145136,1.110686,0.06500773,-1.2129244,-0.89753103,0.8086286,-0.25412452,-0.1155415,0.6351244,-0.14485057,0.094203174,0.73177004,-2.0292194,1.5863312,0.7000032,1.645052,-0.61606264,-0.7559028,0.2920103,-0.27545762,0.020907,0.118662305,-0.15066363,0.07135542,-2.000652,1.363618,0.80686265,-0.05751712,-0.19448195,0.17901252,-0.39353308,1.3846345,-0.9524474,-1.0386614,0.37979797,1.6243095,0.8595038,0.17988364,-0.6120189,-0.6635958,0.17231733,-0.45155123,0.09500992,1.1488321,-0.1807291,-0.611259,1.1464888,0.4061421,0.70793504,-0.68833625,-0.17098959,1.5580771,-1.2369515,1.6315042,-0.7268989,1.1275418,-0.09347469,-0.66437,0.66256773,-0.124899425,-0.016374847
-1.1878785,0.1426221,-1.0714755,1.044941,0.26229662,-0.016235344,1.2077456,0.90182596,-0.88642937,0.8523388,1.1908046,-0.7387578,0.28759146,-2.0838614,0.736441,1.5154479,-1.7008281,-0.7401728,-0.38607565,-1.5430539,0.6877101,-0.798615,-2.1798797,-0.38630742,-0.9926194,1.0182153,-1.5677344,1.943641,-0.22228803,0.5133169,-2.2116156,0.1406008,-0.13989186,0.65424144,0.16665863,-0.50319743,0.8576944,-0.43760583,0.44837818,-1.2748021,-0.42159826,1.2722099,0.7232653,-1.527572,-0.40157726,0.8272765,0.27237454,-0.51984066,0.85929406,-0.73135465,0.8458887,1.1529689,-1.0140706,-0.6741486,0.55791533,1.8997743,1.3969973,0.032891378,1.3687844,0.93905586,0.005145015,0.99833065,-0.505764,0.4551217,-0.430474,-0.1814816,-0.5142713,-0.51807433,-0.62997043,-1.4631525,-0.08556502,-0.8534882,-1.0196196,-0.48036045,-1.4092621,-0.9984807,0.19467033,-0.4236582,-0.8594549,-1.61303,1.158969,-0.19012819,0.73053384,-1.9892324,1.4878132,-1.4580305,-1.6049505,-0.8155898,-1.5721892,0.5639291,0.24089362,-2.5965967,0.8060616,0.8495959,-0.080894165,-0.9371978,0.749919,1.118103,-0.059216514,-0.56771755,-0.94556457,-2.1108844,-0.043660518,0.32975718,-1.9319832,0.42098826,0.29515418,-1.3223505,-1.4278694,-1.1658884,-1.615428,-1.3231547,0.22719559,0.38752022,-1.6971956,-1.9383312,-0.7196402,-1.5442401,0.28846902,1.5929726,0.7463467,-0.33461118,-0.6822108,0.22317412,0.7407024,-0.38844496,0.4494736,-0.46278325,0.27542835,0.49413484,-1.4858156,-0.2616754,0.12571354,-1.3888009,1.2363503,0.92944807,-0.83969027,1.3288704,0.5552005,0.7011454,0.35760963,-0.4525443,0.87468505,0.008573247,0.78162783,0.82489836,-0.23319016,0.3023912,-0.046744287,0.3206544,1.7245148,1.4372265,-0.99070907,-1.6353644,-1.018,-0.831971,0.15944171,0.8731032,0.20698142,0.7457909,0.9739122,1.5649683,1.524147,-0.81639504,-0.6799927,0.17159526,-2.2615666,-0.06023629,-1.1906711,0.20724732,0.17582113,0.9117006,-0.790036,0.17468639,0.20999718,-0.2187528,0.5997013,-1.2927479,1.69404,-0.24731529,1.4372442,0.6236311,0.5265886,0.11159097,0.84810126,0.16563211,0.7174124,1.6461157,-1.1844958,0.46322402,-1.1661221,1.1281283,1.4299244,0.18599415,0.94687694,0.07969018,0.34419554,1.2034423,0.95084685,-2.793083
-0.23676789,0.2957539,1.6913941,-0.9434878,-0.72249633,-1.4344438,-0.08818127,-0.20767803,0.64881915,-1.4198505,-1.5652959,-0.9472124,-1.1018358,0.032884717,-0.99716055,-1.4449086,0.79654974,0.8863615,-0.9885443,1.366665,-0.9359066,0.3793067,0.42183852,0.6220212,-0.49862605,0.36167294,-1.0256844,0.3358153,0.37572592,-1.7524661,1.1221653,-0.07925474,0.28404945,-0.68987745,-0.17738979,-1.5899059,0.4741618,-0.20671634,-0.50127804,-0.09253932,0.56940925,-1.7815448,-1.1757145,0.9460716,1.5701029,-0.11426554,0.45541394,-0.23156217,0.75546885,-0.223921,1.1646464,-1.1453382,1.4891164,-0.00036892295,-1.2846351,-1.1922728,-1.3390948,0.24057388,-0.06989034,0.80435073,0.67983234,-0.62908536,0.098511204,-0.2157886,-1.2138991,-0.12770845,0.031248294,0.59640896,-0.5371516,0.41495728,-1.0110984,0.40506816,0.6721208,0.892408,-0.6972907,0.73165786,0.36542505,-0.102555856,-0.2356579,0.9430087,0.22680193,-0.13818903,0.100031324,0.28621817,-0.09231389,2.232946,0.7688681,-2.0015614,-0.88486266,0.8909218,1.5638006,-1.1156573,-1.0340765,-0.9355202,-1.6139376,-0.36683565,0.6605742,-0.71404344,0.98628384,0.62834984,0.67961013,0.02561029,0.7831717,-1.1022544,-1.203955,1.5151852,0.36324587,1.0096352,0.2527769,-1.396152,1.2123318,0.68995446,0.4099706,0.44497105,0.87674147,0.45175028,1.836931,0.2831691,0.101978235,1.0539094,0.4664223,1.1436703,-1.1440705,-0.44523934,-0.34161857,-0.31790218,-0.2920801,1.1608622,1.4879843,0.50948197,1.3282082,0.7304907,0.691391,0.35048476,0.43544194,-0.35045764,-0.60890496,-1.3868847,0.9744841,-0.20293394,-0.6891274,0.0040864144,-0.50959116,0.850895,-1.0829,-0.33494824,0.0710441,-0.0011281478,-0.4919566,0.32694873,-0.38974845,1.0732225,0.18545377,-0.4164269,-0.013620472,0.9588508,-0.25875106,0.23377779,-0.008960694,-0.3191883,-1.0688385,-0.9996213,-0.30460775,0.7936684,-0.9658095,0.7856741,0.736781,0.51702285,-0.25396726,-0.07966272,0.30878833,-0.017423239,1.1750705,-1.3474642,-0.6044205,-1.0411254,-1.1956979,-0.78553617,-1.1391541,-0.94295573,0.034464385,-0.23243362,-0.67133945,-0.31742534,0.36149186,-0.14411812,-0.5290497,0.67359364,0.051503107,-0.78532267,0.5966431,-2.307561,-0.9901038,0.44372356,0.39271644,0.34905273,0.32584953,-0.36971098,-0.06086024,0.17672978
-0.5168635,1.0396037,-1.5335227,-0.48679453,-0.8768637,-0.73105973,-0.6389671,-0.90269315,2.0932076,0.69130397,-0.11418722,0.22236912,1.072025,-1.2927852,-0.36831403,-0.15871064,-0.69862497,-0.3798268,0.7437436,0.8438906,1.9783903,-0.4694263,-0.8705804,0.31465757,-1.5502789,0.3588911,0.86871123,0.2948432,-2.1079562,-0.76735157,-0.19287589,-0.3458588,-2.248509,-0.6315204,0.4477741,0.841205,-1.8479829,-0.42576048,-1.6918991,-0.93189764,-1.2821472,0.48399752,0.70124495,1.1637205,-1.6530547,-0.2277232,-0.90039927,-1.3252935,-0.8654249,0.34695432,0.15808178,0.7159565,0.25326014,-1.5933942,0.51884633,0.76709074,-0.4613933,0.27631462,-0.25813895,-1.5667564,0.5586978,-0.57943463,-0.53857404,0.5099386,0.5465486,-0.5333769,0.6856946,0.9400086,-1.0229131,-1.1134146,0.9170104,2.3078573,1.2357208,-0.7082289,-0.9389714,-0.78892857,0.71124095,0.7937745,-1.4745849,-0.96462005,-0.37051663,-2.4118237,1.2528441,-0.49009323,-0.43856144,-0.33073452,0.42653045,-0.14406976,0.64298785,0.20937918,-1.2345119,0.8855345,1.6065828,1.103489,0.8364466,-0.24610272,0.99321604,0.9125685,-0.55323595,0.40376073,-1.9147075,-1.617877,-1.1640474,1.8389627,-1.4489789,-0.64437246,1.3472439,-0.13955694,-0.6544835,0.38948855,1.2740096,1.2306232,0.57735044,0.56272954,1.4195358,0.8232176,-1.017976,-1.5611678,0.60745436,1.7357969,0.91560006,-2.313367,-0.8482933,0.08209297,-1.2798082,-1.0177627,1.5409939,-2.0810194,0.0463906,-0.59022087,-0.5860377,0.8194078,1.1298326,0.9271928,0.10379043,-0.22282484,-0.18464446,0.6755618,-0.19358559,1.4889259,-1.3822671,0.83247125,-1.2030132,-1.6291248,1.1065686,1.244707,1.5419805,-1.5210744,-1.6118116,1.5544393,-0.78159714,-0.610868,-1.2929556,-1.5158974,0.5628422,1.1062305,0.5416915,-0.054176815,-0.17195699,1.4198558,0.35854793,-1.7029517,0.5438849,1.2192484,0.39795506,-0.177338,1.33725,1.1415927,-0.15359573,-0.30746758,-0.18155007,1.3102896,-1.8336945,1.3082378,2.3657591,-0.86320513,1.018263,-0.64178425,0.4589943,0.41614923,0.64008397,-1.2511564,1.4372473,-0.242907,0.6548972,-1.180634,-0.9859567,-0.031003173,-0.33399475,0.05456244,-1.2650747,0.37240276,1.7064471,-0.1435343,-3.31629,-0.31636405,0.87408406,-0.35580605,-0.15849282,-0.61527
0.5334327,-1.4289353,2.017582,-0.49632943,-0.69174916,-0.38916805,-0.3855675,0.5198797,-1.9475774,0.24706943,-0.49581742,1.5251517,1.8031057,1.1826918,-0.07784955,-1.5496819,2.1123471,1.0546287,0.75785583,1.5654752,-0.122143015,-0.9783829,1.8427262,-0.6606565,-0.044297256,-1.5239502,1.3226216,0.085442595,-0.7365826,-1.3566548,2.5001595,0.9838353,-1.4411534,1.0459337,-1.0505359,0.94914436,-1.8830287,-0.9467081,-2.3871984,1.0115812,-0.9267067,-1.3847866,0.37433183,0.81887037,-0.76782537,-1.2286627,-1.0982913,0.59130484,0.21940517,-0.27440223,-0.21341164,-1.7956284,0.95647895,0.80449593,-1.5924447,-0.84931326,-1.486538,1.8578873,-1.040577,-1.7092717,1.320417,-1.4747051,-1.2318937,-0.22226925,-0.2870821,-0.4438105,0.865415,-0.55535203,-1.5627462,-1.4164681,1.5193447,-1.7439917,-0.1669689,-1.2080632,-0.95017374,0.59536636,-1.0133228,1.2414544,-1.3585463,-0.27496994,-0.41716895,-0.53308636,1.6162033,0.371283,-2.020408,0.045016192,1.3872807,-1.2639498,-0.6645012,0.79595935,-0.7330291,-1.8249054,0.099121965,0.18247849,-1.6715605,-0.70586824,-0.70442384,-0.23978819,-1.2405179,1.1467195,-1.5297151,2.0973525,-1.0080127,-0.4866191,1.2903332,0.9012712,-0.686781,1.8791652,1.2573355,-0.35747495,1.5993813,2.1121454,1.0327398,0.11804738,2.3174858,1.4276578,1.162284,0.8150514,1.2714609,-0.35773644,-1.0434301,-0.6566862,-1.7133092,1.0108992,-0.8536931,-0.33991554,1.184268,-0.23654698,-1.0184729,-0.7221297,-0.18061468,-1.4002608,1.707231,1.2713939,-2.301414,-0.7736443,0.4727827,1.5154808,-0.123427674,0.23100731,-0.8999806,0.7404419,1.2442045,-0.61793715,-1.1174383,2.211117,-0.5384742,-0.38242412,-1.1684189,0.2982226,-1.0658408,-1.0409683,-2.4552531,0.47314924,1.3576959,1.1909251,1.5758208,0.95173013,0.5309552,1.6040477,1.6681564,0.84835434,-1.0052472,0.47434682,0.8817102,-0.10378541,1.6749482,0.53994226,-0.15866108,-0.36385643,1.0468843,-1.2644595,0.258121,0.6585042,-1.275691,-0.95673776,0.30908144,2.022994,-1.2019527,1.8092498,0.20895737,2.156734,-1.0675862,-0.35891902,-0.3593474,0.7282994,-0.53418875,0.016133044,1.7834092,-1.4783107,-1.9390907,0.74215055,1.4645374,1.0012715,1.4604508,0.6740351,0.23509662,-1.5312464,-0.6330334,0.9926482
-0.024258759,0.5031916,-0.061343834,0.4036699,-0.7711783,0.60284114,-0.6836391,-1.3247206,-0.33289072,-0.35684597,1.2940042,0.8970132,0.18726304,0.31862277,0.4315699,1.5539961,-0.27634272,0.25387865,-0.63894004,-0.0803364,0.09877148,-0.09209728,-0.38902017,-0.23653652,0.4680036,0.33788472,0.3513284,-2.2424028,0.17935114,0.45263666,-0.0053002387,-0.37740907,0.53879917,-0.39323053,0.6798353,0.61692894,-1.280151,0.79247737,0.47884998,-0.81940734,0.48287544,0.7805305,-0.04363476,0.66887236,-0.76653796,-0.04765434,0.5345099,0.08250833,0.12963827,-0.6304392,0.8410095,-0.8134584,-1.3575267,-0.5656314,-0.3020583,0.6830008,0.5125447,0.90818125,1.706134,-0.0025847098,1.2599007,0.038605828,1.2429627,1.1118859,1.2671827,0.6426374,0.17235719,0.7068938,-0.7577405,0.3634561,-0.01571206,-0.82581705,0.70356935,-1.5260887,-1.2104176,-0.30509496,0.850431,1.0720986,0.16728702,-0.62594974,1.530469,1.752534,-0.9145341,0.8915045,0.5441498,-0.385112,0.03997638,0.025400255,-0.5494391,0.6202156,0.93745166,0.27679327,0.7651625,-2.2454238,1.6281708,-0.2851,-2.8539557,0.37359542,0.9009104,-1.0979548,-1.6097555,-1.684355,-0.2090395,0.86425143,0.18810417,-0.6632984,-0.67466974,-0.7935488,-0.0064063817,-0.03792739,-0.30337998,-0.5875961,-0.38046092,1.2112563,-0.2083486,0.5862258,-1.4537516,-0.31777036,-1.9448901,0.13140078,-0.07509007,-0.42037266,-1.3572698,-0.5313501,2.2103508,1.5547849,-1.9757046,-0.39212307,-0.5622096,-0.79020655,-0.2026468,-1.1079855,0.11096754,0.583054,0.42904797,0.11769832,-0.49297565,0.051840067,-0.31727397,-0.68108284,-0.8430834,-0.0021186676,0.09922607,2.0987294,-0.4428525,-0.37889344,-0.4855398,-0.55160695,-0.41144395,-0.5898107,-0.39384258,0.6806429,-1.0620112,0.24365109,0.25666648,-0.08764862,-1.0560956,0.42587116,-0.30700618,0.0696667,-1.2136717,-0.27015725,-0.8897727,-0.007896157,1.7589988,0.018027842,-1.2571694,-0.07828572,-0.3204537,0.42405492,-0.57082194,-0.45648092,-0.055767834,-0.9556434,0.7880861,0.25564837,-0.5816188,0.05679427,0.39062595,-0.33958772,-0.18846776,-0.3853501,-0.2272001,-1.1660082,0.10185051,-0.38217083,-1.5085825,-0.26355773,0.89647704,0.2854906,0.056649655,-0.36078024,0.005386185,-0.81765544,-0.3773478,1.2532643,-2.1386552,-0.48129714,0.21662019,-0.13779238
-0.603164,0.16766693,-0.03200105,1.5181578,-0.14592601,1.0861698,0.6802657,-0.33317736,-0.7247274,1.5383438,1.0430326,1.0254884,1.1721417,-0.75086546,-0.047817755,0.99062204,0.46286196,-0.22301258,0.8878834,0.7272589,1.2644969,0.7653635,-0.19816066,1.9378082,0.65318626,0.5166875,0.8974253,0.19919412,-0.8151332,-0.13118947,-0.25255752,0.7561619,1.0947905,0.5924556,1.0404795,0.42649406,0.935533,1.4496791,1.0846828,0.69829255,-0.53806293,0.35508245,-0.10628353,0.7791893,0.36684778,-0.25983888,-1.486116,0.25173137,-2.1755326,0.04090803,-0.7868017,0.67892927,0.22942482,0.33407605,0.27949393,0.49147615,-0.6195231,0.491561,0.8158574,-0.5163117,0.11928196,1.3113838,1.4964585,1.4624476,1.5292655,-0.11952508,0.958611,-0.7070275,-0.28819123,0.82704264,0.7768847,0.67392015,-0.070262596,-0.99697137,0.4760811,0.6339427,0.6985294,1.5041572,0.12924582,-0.43923706,0.6319761,0.07973199,0.5921585,-0.81807226,-0.34266612,-0.34602067,0.55359924,-0.5296039,0.4860758,0.2726103,-0.74043584,0.3554875,0.6720305,0.7555891,-0.15504698,0.9653758,0.469261,1.5325478,0.43878424,0.12341919,-0.60294545,0.2813633,-0.16809851,0.18284518,-0.5017649,0.10785539,0.014294963,-0.07320983,0.2653117,-0.40119776,1.4097528,0.8756115,1.022046,0.29051146,-0.29510194,0.39260107,-1.4631538,0.40030408,1.1354836,-0.31910262,-1.2926354,-1.0955464,-0.093661144,-0.78478444,-0.008258931,-0.824245,0.45694867,-0.7516347,0.06601501,0.09342132,-0.32508546,0.81358993,-0.8118992,-0.22968498,0.74411273,-0.47989473,1.2939361,0.35141584,-0.08917026,1.2614186,-0.0098837875,-0.58117825,-0.20457639,-0.38673016,0.20837212,-0.054228675,-0.20576566,-0.23126552,-0.6169643,0.22018242,-0.6962631,0.095942825,0.48886505,0.4119474,-0.24079552,-0.058748804,0.8914479,0.047495708,0.705269,-1.7718797,-0.17501602,-0.30314702,-0.9697419,0.59885633,-0.76896185,-0.36712998,1.0476712,-0.3129137,0.3610782,-1.0374298,-0.6730103,1.1703424,-0.49314186,0.083732225,-1.3093363,-0.8422932,-0.6272806,0.024176164,-0.4292843,1.036744,-0.60074437,0.28282908,0.076387584,-1.2735997,0.02010509,-0.8443288,-0.35276866,-0.40808862,-0.31363863,0.038730133,-0.9243015,-0.16907752,-0.28077805,-0.79598606,-0.43155667,-0.92891896,-0.7189743,-1.4390459,-0.7721908,-0.054012887
-4.067886,-3.1957877,-3.700713,-4.999347,-4.0004,0.5068108,-6.9108357,2.6750023,1.3250128,-4.188201,-0.59618914,-4.464941,-2.6080394,-4.156455,-4.862714,-0.7887822,-4.6988873,-0.30375877,-6.1856527,-2.3510294,-4.98936,-5.9670987,-3.3387434,-3.0144248,1.854867,2.244561,-2.8235233,2.7265444,2.215227,-4.1888094,1.3181576,-3.6340094,-0.8617532,-5.2921696,-3.4040775,-3.598566,2.1994882,1.0058814,-4.177877,0.5094144,-5.0527234,-4.7367897,-5.0305758,-1.7810156,-3.6841562,-3.7356427,-3.438997,2.5198998,-2.193417,1.5409935,2.4902198,2.3158069,-0.16105787,-4.3636823,-0.20006533,-0.44517732,2.0474765,-1.7557538,-3.3629353,-0.13217904,2.0532265,-2.8717024,-1.5435494,1.2209318,-2.7351506,2.5307004,1.0019342,2.3312626,-2.4075174,1.9997002,-0.62162393,1.7456672,3.021828,-1.283801,2.9325638,-1.9641793,0.5098936,-1.8320409,2.6450565,-2.0415852,2.0666897,2.7688234,0.026184417,0.121678725,2.5822608,2.184146,-2.053754,-2.2406075,-1.9701414,-3.9487119,2.8528855,1.0606761,1.7686716,1.2254976,2.8619561,-2.8746867,1.4572867,-0.9617511,1.7658874,-2.9510348,0.18586685,0.7741649,-3.3692431,1.7083234,2.5044436,-1.269693,0.20847562,-1.4066539,-3.3329375,2.3552253,-3.3505275,-3.5027626,-2.7894986,2.7532225,-3.0403533,0.46330124,-1.9611058,-2.1112144,1.2379652,1.9036517,-0.19060518,-2.7826755,2.5709677,2.2467096,-3.433989,1.8844328,2.2934246,-1.4332175,-0.60524404,1.6424874,-3.932868,-0.8641437,1.5928475,0.26529613,-3.518669,2.687672,-3.624909,2.0983214,-1.9654979,2.2168677,2.4270191,1.649298,2.4397368,1.840656,2.3800974,2.4359968,-1.7809111,2.6167274,2.445083,2.8531363,2.9566662,1.4125313,1.8843266,-0.20968738,1.6013665,0.039609544,3.0611193,2.7041237,-1.0812056,2.170096,2.1546834,2.3464985,2.6095824,-1.2221045,2.491455,3.741255,2.7397468,2.6166403,0.92133814,0.76875347,1.8697392,-0.20153147,-3.7540648,1.8404484,2.0603685,-1.348662,2.1429212,1.0277878,2.7204158,-2.415517,2.7408202,1.7927324,3.0031781,2.5677242,2.0192003,1.5740368,2.2979145,2.7052472,1.560851,2.3179104,0.06573579,2.769618,2.5119834,2.9219813,2.8845088,2.3936324,1.6556587,2.4781675,2.7427304,1.29927
-0.83596957,0.89809096,0.4676988,0.20034768,-0.7453987,0.750516,-0.050356507,-0.34512907,-0.1966653,-0.09029075,-0.05671876,0.020395298,0.055420455,-0.10467088,0.13445985,-0.2905467,0.20108443,0.36094463,-0.075404994,-0.014643049,0.23633797,0.8473567,0.32389075,0.6160986,1.1021433,-0.7721311,0.6430121,0.7074923,-0.4468339,-0.049607255,0.040344603,-0.2709787,0.81695807,-0.24376446,0.33211344,-0.6530186,0.6154921,1.1392878,0.6042278,-0.10305414,0.666582,-0.06532121,-0.71664894,0.6145903,0.6817766,0.572915,0.49565214,0.27506468,-0.44545627,0.026580371,-0.03901308,0.54401463,0.101577714,-0.528742,-0.25471956,-0.5436873,-0.4100813,0.52246416,0.4747611,-0.8063717,-0.50012785,0.08358733,0.22807708,0.19958639,0.09645588,0.09215583,0.16027896,-0.59190315,-0.16959383,0.6815528,0.5557963,-0.4084015,0.012137441,-0.34675264,0.09372746,-0.24790762,0.6095763,0.6009369,0.5055567,-0.08602995,0.45829037,0.7313972,-0.64294434,0.745916,-0.3070773,-0.093930595,1.0109149,-0.021522816,0.85003024,0.0036490988,0.22797765,0.27439958,0.14643043,0.33258453,-1.0884229,0.4030499,0.38843557,0.29779112,-0.3605079,0.34194675,-0.049062192,0.03982147,0.30561695,-0.29283914,-0.24885379,1.104022,0.68684715,0.86972237,-0.0941835,0.78717184,0.52213,0.48717344,0.43505627,-0.30171013,0.1632095,0.046037037,0.08183977,1.088513,-0.39306927,0.99810636,-1.3247739,0.70815414,-0.16036882,-0.45377418,-0.16687569,0.116689295,0.20616938,0.36648312,0.5328359,0.32850075,0.713546,1.2896312,-0.2590307,0.6097941,0.6585531,0.66655713,0.95423335,-0.8877013,0.29285762,0.31005132,-0.8488652,-0.7845148,0.12688851,0.04281141,0.3799858,-0.13959928,-0.47769117,0.40967333,-0.3819389,-0.123556316,-1.3836244,0.0068230443,0.59206927,-0.09267521,-0.79730916,-0.19978352,0.77385217,-0.43633988,0.63047683,-0.6698002,-0.11075305,-0.6585045,-0.71501195,0.0402676,-0.6926183,0.23824276,-0.49714983,-1.0324279,0.46741638,1.088503,-0.6694607,0.7837022,0.352762,-0.63262045,-0.08522204,-0.97423315,-0.48037034,-0.5835485,-0.3308966,-0.19041465,-0.12784114,-1.3161929,-0.41808385,-0.28401783,-0.198948,-1.1329722,0.13416217,-0.44737306,-0.3266061,-0.36689097,0.2801846,-1.0064029,-0.56850225,0.24238436,-0.8575849,-0.026435293,-0.6332943,-0.40555382,-0.7898029,0.51436335
-0.5584851,0.8938255,-0.9863053,-0.15645264,-0.04898152,-0.38019255,0.2243962,-1.3430173,0.62448114,-0.5734811,0.39381453,0.09528677,-0.49402374,-0.55936766,0.8722234,-0.5310415,-0.33049297,-0.8184751,0.48605675,-0.7120796,0.07567239,0.622535,-0.040810283,0.007772755,0.74776894,0.0448821,0.07673466,-0.104274064,-0.37138754,-0.24606234,-0.7487964,-0.17045617,-0.5682303,-0.08232219,0.2391937,-0.5857264,-0.7228608,-0.13402404,0.55385906,0.5792031,0.5203527,0.7884516,0.70588577,0.10103179,-0.7083196,1.4153938,0.6390568,-0.36894834,1.4624081,-0.20065588,0.6098393,0.52510244,0.119025916,-0.24724393,1.0389584,1.1282296,0.0815554,0.21301469,0.18614031,0.4928336,0.16738042,0.40926167,-0.8238317,0.34805325,0.15797657,0.79357356,-0.7509557,1.4537038,-0.8190881,0.1714617,-0.71797764,0.8078647,0.54828763,-0.47457823,0.80942756,-0.74770063,0.21400662,-0.45267305,0.3449541,-0.07828403,0.24277353,-0.18135454,-1.2245525,-0.1050491,0.63135237,0.1095672,0.19052519,-0.12374312,-0.0035300888,0.55130446,-0.33276224,0.10725413,-0.03733111,-0.57846564,0.32334414,0.41894436,0.24661988,-0.24509113,-0.58508694,-0.00022106059,0.035496436,-0.19940561,-0.3001792,-0.046124574,-1.2748846,-0.22572842,0.42207932,-0.75559783,0.09977227,0.1588351,0.3105456,-0.13506196,0.3147242,-0.09432892,-0.20782672,0.33497623,-0.35566607,-0.33583856,-0.47000903,1.317371,-0.19018252,0.14677675,0.006358836,-0.26736304,0.040755875,-0.28057253,0.07755775,-0.792353,0.3817945,-0.13186306,0.39528638,0.24497546,0.34157485,0.5074079,0.7273451,-0.108693466,-0.10110881,-0.6813886,0.906519,-0.59025896,-0.27573234,0.4147673,-1.2292938,-0.48041677,0.60621846,0.28425896,0.69672716,-0.24402793,0.07679288,-0.20742877,0.027942678,0.24996865,0.6160815,-0.91784924,-1.0266418,0.33568704,-0.1409649,0.41133457,0.8475239,-0.030110434,-0.43818006,-0.63026416,0.027123943,0.8533468,-0.86248815,-0.33101678,-0.62882906,-0.4937853,-0.112756185,-0.1390216,-0.33336833,0.0089996895,-0.30916718,-0.77605784,0.8203439,-0.2787004,-0.44843203,-0.14622034,0.2622271,-1.1959907,-0.11038509,-1.3338653,-0.148478,-0.29842874,0.4367352,0.45041877,-0.16552821,0.4168581,-0.587603,-0.13144544,0.5488092,-0.20453468,0.24114768,0.4585508,-0.53022486,-1.2404491,-0.1900971,0.35445783,-0.8520919,0.00082199834
0.49187613,-0.0716322,0.90099406,-1.9333844,-0.25636393,-0.37524015,0.42177412,-0.16472144,0.22316946,-0.5494595,-1.0780458,-0.14248158,-0.10275301,0.8464637,-0.12899591,-1.0494778,1.2951468,1.3307722,0.24489677,1.2657083,-0.7827041,0.8265679,1.0027126,0.99847096,-1.5062783,-0.9312602,-1.1200348,0.4215912,-0.24670626,0.14710295,0.35217807,0.30024818,-1.0266838,-0.047342762,-0.7771297,-1.1105278,0.85316247,-0.6597247,-0.5224723,0.25978667,0.69157076,-0.98011214,-0.10815047,-0.45475292,1.2094557,0.2280534,0.72501975,-0.54723483,0.47898933,0.30564857,-0.015902644,-0.8365149,0.4588788,0.5936511,-0.11727084,-0.4160328,0.08433151,0.045120105,0.28772372,0.80153376,-0.5462017,-0.25403437,-0.96191597,-1.3400005,-1.7822946,-1.4021056,-0.8681249,0.5642585,0.472775,-1.4195031,-0.24902424,-0.49371576,0.75394136,1.2234682,0.3264016,0.8322979,-0.81196016,-0.85193753,1.1863997,1.5671726,-0.51251227,-1.241074,0.43126997,0.44544715,-0.23868436,1.1796042,0.27059942,-0.80411816,0.32452995,-0.55804634,-0.97904855,-0.045133512,-1.2646667,1.0195278,-0.4910492,-0.5992468,-0.52674633,-1.1747925,0.34358418,1.7378349,0.31150198,0.475963,1.1139218,-0.26108927,-0.38900694,1.0971464,-0.26228163,1.7691267,1.3597949,-0.48776218,0.27942204,1.2582123,0.62004197,-0.8147042,-0.09846787,-0.38547552,1.8043349,0.09069005,-0.6057074,0.28268316,0.7097686,0.96431035,-0.78292376,0.027958835,-0.022460245,1.0018547,-0.4304123,1.4748368,0.39890167,-0.4984669,1.0518262,0.9773458,0.26472354,-0.41563523,-0.9110837,-0.21580851,0.071295716,-0.22506496,0.20152001,-0.79390424,0.73539144,0.06066513,-0.96840066,0.33793178,-0.29903924,0.17646953,0.22464167,0.63511926,-1.1264647,-1.0129812,-0.8038594,-0.858217,-0.34153512,0.5281774,0.80860233,1.0068312,0.19036856,-0.17310268,0.25022274,-0.0535004,-0.3898901,-0.83505917,0.24764414,0.10218839,-0.09328203,0.37479585,-0.26798058,-0.5198405,-0.061399408,0.7735686,-0.9132913,-0.2700439,0.92573434,-0.392207,0.5219734,0.062520765,-0.16067348,-0.25143847,-0.7278342,0.13335826,-0.02954382,-0.11834854,0.8976257,0.52006316,0.7857406,-0.031248031,-0.52855253,-1.282252,0.41371065,0.16346805,0.81262565,0.36294818,0.046307843,-0.08566812,-0.7796389,-0.1615077,0.4807597,-0.5799693,-0.643322,0.52419716
1.0887071,1.2174373,-1.3180912,-0.20974971,-0.77603817,-1.2578036,-2.0951285,0.15826248,-1.4652843,-1.4768329,1.449564,1.5956849,-0.6131037,0.20173496,1.4286515,-0.71997535,-0.26814833,-2.2717907,0.55217755,-2.095218,-1.1480042,-0.7462605,1.3155962,-3.18015,0.8635908,0.22461925,0.13944766,0.14667542,0.99859345,0.8166049,0.04741565,0.8846618,-1.4054745,2.1143734,1.8424245,1.322336,-1.3564087,-2.184414,1.20695,-1.0124019,1.5931542,2.2329252,-0.21239485,-0.14632605,-1.1869038,2.46275,2.0268416,-0.5465241,0.476374,0.044418775,-0.46180785,-0.54629165,-0.45023432,1.6024061,-0.09022476,-0.46126074,1.619563,-0.39898756,1.026446,1.7078125,-2.6870017,-0.009534123,0.5529425,0.54022634,0.26730326,0.70798266,-1.1383228,0.14722262,0.373072,-1.0416368,-0.70549566,-0.56874794,-1.6809009,-0.41539556,-0.60449094,-0.30896148,-0.021980295,0.08131178,0.43905205,-0.6730274,-0.1382812,1.0581963,-1.50178,0.2458501,0.30481666,0.8991801,0.6405917,0.39870557,-2.8585315,2.7099369,-0.55866677,0.6712063,0.15625343,-0.9695077,0.093201764,0.86290956,0.8127439,-0.83884317,-1.3182778,-1.8484526,0.53092444,1.8778569,0.7818292,-2.7120378,-0.6245636,-2.6473339,-0.16857192,-2.2052228,-0.42620316,-0.39121735,-0.72940594,-1.2216454,-0.53783125,-1.5170236,1.0074152,-0.15908284,-0.030826598,0.6687043,-1.5583138,0.72996265,1.2833495,0.701621,-2.576102,-0.53414,-0.16883904,0.5178491,0.23218523,-1.1182762,1.280654,1.1259371,0.32750607,-1.3987584,-0.2283944,1.6500841,-0.30639836,1.3318624,-0.2395846,1.1108626,1.0163307,-0.7647176,1.0568919,0.15694477,0.98911643,-0.9989941,0.60661215,0.30614793,2.6113436,-0.44762278,-0.19609642,1.9377279,1.676831,-2.473058,-1.3218552,-1.0341644,-0.1489457,-0.53150195,-0.6729293,1.3411735,-2.1051104,1.2420623,0.62924373,0.58801603,1.3318329,-0.13135633,-2.1238353,2.1375005,-1.1474878,1.2341595,1.9085528,0.20038188,-1.2791171,1.3073971,0.53333503,0.040970705,-0.3574897,1.3775016,-0.9831203,-0.8112356,0.9388575,-0.8482379,-0.15998152,-1.2956241,-0.32137138,1.5072675,-0.6281184,1.4684935,-0.98974085,0.0073655583,-0.62536365,0.45381892,1.358521,-0.8531024,0.84301084,0.80469537,0.019901078,0.26054478,-2.0264618,0.96086335,1.3317534,-0.77777296
0.7752818,3.0195444,0.6026652,-0.008341625,-1.4045378,0.44411165,1.5915601,-1.2683316,-1.27718,-2.3189251,-0.46690607,2.1131308,-0.33438873,1.7613572,2.5897007,0.23596427,2.4304733,0.25914702,-0.018416679,0.20193589,0.30831775,2.7695448,2.2404644,1.129376,0.9402413,0.085990354,1.9906566,-0.4433271,-0.917173,2.210213,1.0177329,0.21569774,1.8136896,0.7670782,2.7226698,0.40078488,-0.7321717,2.5250897,2.9497101,-0.32454327,2.8381279,1.9043875,-1.9766896,1.5614607,2.7633262,1.8634748,2.1791055,-1.2140054,0.2673776,1.023643,-0.117798544,-1.1901951,-1.1151687,1.5056281,1.3812753,-0.33466387,-0.51552975,1.5997703,2.3172386,-0.18490405,-0.75429124,-0.47672075,2.5728524,1.964249,2.5026822,-0.123536676,0.06358426,-0.90233684,1.1412703,1.3122736,0.78749233,-0.21313187,-0.14580457,1.3111356,-1.3245332,-0.24616368,1.0569563,2.2775962,1.2230766,1.5111816,-0.31838956,-0.018807095,0.049869515,0.15025748,0.14707576,-2.1176276,1.1674196,-0.48920015,0.7860506,2.1317596,-0.7179241,0.4865469,1.5416585,-0.5496149,0.7048981,2.311655,0.074262865,0.71768945,-0.007773904,-0.17701794,0.02910266,-0.29859644,2.781994,0.04189514,-1.1329088,0.9001293,0.42218798,0.23307458,1.6563461,0.70071703,1.4544051,2.1210575,0.97556716,-0.7587776,1.7943591,1.7308782,1.1045606,1.3125862,-1.1280087,0.30439836,1.3870456,2.241463,-1.9374545,-2.3101425,-0.9851893,-0.1707465,-1.0210782,1.5894895,2.8230743,-0.11342216,2.6209397,1.1446999,-0.10920406,1.1953949,2.312491,-0.0074572787,2.4469147,-2.1907556,1.9652977,0.89980316,-1.8470644,-0.64429855,-2.0428588,0.4210592,-1.3437561,-1.1238947,0.8219919,0.49510378,-2.725233,-2.1993985,-2.891579,-0.112869315,0.51933634,1.3800248,-2.13364,-0.19877298,-1.4462397,-2.202052,-0.38764146,-2.7043087,-1.7275403,-2.2027364,-1.3915517,0.17873952,0.41480845,2.1331143,-0.42499617,-3.1298254,0.53183377,-2.0679095,-1.9331628,0.7936486,1.7099447,-1.4391533,-0.10458373,-0.86868435,-2.5399563,-0.70948267,-2.3379953,0.95811486,-1.5363888,-1.5302724,2.3245902,-2.8390026,-1.1053541,-1.4879298,-1.7753494,-1.9192784,-1.0653049,-1.7133337,-0.5955589,-1.3098493,-1.9591438,-2.1552887,-0.9679912,0.47482923,-1.9277688,-1.6630474,-2.3905375,0.23100494
-0.027638521,-0.62442976,-0.4344303,0.64618003,0.80752146,0.35447976,1.1471951,-0.030591566,-0.5810074,1.7175409,0.6754273,0.40362075,0.5538066,0.141938,0.34879264,-0.044438105,-0.7097374,-0.6649276,0.6008164,-0.47538558,1.0517153,0.015019599,-0.56183845,-0.49389437,-0.37479767,0.11945042,0.23493016,0.14516829,-0.058501594,0.9169017,-0.9576917,0.3372149,-0.41810688,0.65185255,-0.6016783,0.5814142,0.5710111,-0.8809398,-0.29913205,-0.3373749,-0.46491906,0.6298451,0.54833657,-1.2398584,-0.51200354,0.062275104,0.14468199,-1.336901,0.420788,-1.1468273,-0.5945468,-0.09566944,0.18034594,-0.9197855,-0.07445824,0.97746456,1.4245566,-0.2976692,-0.29908493,0.35181698,0.85890126,0.022470053,-0.83377004,0.055054504,0.36437783,-0.7845961,-0.0241796,0.39788562,-0.20338522,-0.5357395,-1.0449882,-0.16005057,0.6571,-0.6408203,-0.60459554,-0.2023843,-1.7690403,-0.17300676,-0.5604791,-0.521486,-0.5285746,-0.46907592,0.2140401,-2.3333848,1.0116854,-1.8127893,-1.5598894,0.87902015,0.020074453,0.23363611,-0.24265255,-1.4811943,0.89219713,0.34626797,0.36361966,-0.10855866,-0.7809443,0.6405466,0.36022592,0.54533976,-0.72480667,-0.7920908,-0.5803574,-0.18321833,0.19578764,-0.42179602,-0.41455865,-0.7079047,-0.9724371,-0.4792823,-0.4494668,-0.31403032,0.6952656,-1.3536066,-0.26408157,-0.31149507,-0.39122662,-1.0881416,-0.31095445,-1.1234857,0.1378145,-0.8279034,-1.0044078,1.3213383,0.53927594,-1.6882623,0.18077795,-0.8338732,-0.44445288,-0.4540981,-0.8189827,-0.37652734,-0.12243936,-1.4948918,-0.15314004,-0.56381977,-0.72953755,-0.04021129,0.28413123,0.1604588,0.7662949,0.478978,0.5062267,-0.64505243,0.6832537,0.23459126,0.28237253,-0.5064674,0.9334396,-0.6361352,1.3270675,0.18791017,0.03776253,-0.7056862,0.947971,-0.37095815,1.1013035,0.12678915,0.5073203,1.0913253,1.1332548,1.3079014,0.37697548,0.12383419,1.1675493,-0.073724136,-0.041923597,-0.043693975,-0.92908645,-0.8829532,0.28688142,-0.8849695,-0.8093699,0.84717304,0.18335712,-0.10096956,1.3704531,-0.46479183,0.5562686,0.07875644,1.280601,-0.11406621,0.41700494,0.24120884,0.73810947,0.3360871,0.9647902,1.049316,-0.8423051,1.2719959,-0.11885621,-0.056142572,0.96312493,-1.1622317,0.46033356,-1.521834,-0.31923676,0.6519441,1.6128631,-1.3537176
-0.12798707,0.30245066,-1.2420177,-1.4867728,-1.2285191,-1.7078674,-0.025745153,0.10433598,-1.2512028,-0.9845654,-1.2008388,-0.8297506,-1.2216367,-0.37947202,-0.50516504,-0.6198916,0.17061867,0.3199597,0.1186771,-0.98977786,-0.2964826,0.16678388,-0.0116439285,0.16632251,-0.18764609,1.4801776,-1.7682002,1.1434332,0.5525828,0.3019865,-0.040671073,1.1204213,-2.2704024,0.37879217,0.5609749,-0.92910224,1.0661129,-0.29511058,-0.56903875,-0.50640184,0.6257496,0.5640307,-0.031997282,0.13508658,-1.136391,-0.1364923,-0.67476255,-0.2422367,-0.1891454,0.7403239,0.04519988,-0.4470045,-0.71942246,1.5506496,0.52688247,0.53057003,0.43130177,-1.295845,0.18920973,0.6535628,-0.289048,-0.15485129,-0.91942894,-0.45790747,-1.023753,-1.7574894,1.0598208,-0.9759342,0.7894501,-1.4192406,-0.7310958,0.83295494,-0.9392171,-0.24873894,0.058712978,-0.75370926,0.79174,-1.0784954,-0.3273958,-0.054291278,0.6636091,1.1410534,0.03545378,0.36784315,1.2202595,-1.2288803,-1.0155282,-0.9552671,-1.1852525,-0.4572216,0.3196425,-0.47643134,-0.028253026,1.1195025,-0.45167157,0.12619168,0.3572187,0.16333699,-1.2823309,0.97052646,-0.0623725,-0.093860276,0.46784946,0.5472235,0.107522145,0.21622784,0.50167567,-0.109778844,-0.60743827,0.093569465,-0.98726374,0.2873899,0.78846765,1.4132125,0.5659304,-0.8315047,0.03798051,0.13789451,1.369968,-0.03479549,-0.1744392,-0.22134073,0.6933141,0.20150062,-0.6603234,-0.34313762,1.0506197,-0.69928086,0.4017741,-1.3512772,0.22471066,0.46924025,-1.4844781,-0.8546329,-1.0116761,1.5386975,-0.10632741,-0.7801503,-0.6502766,-2.7009277,0.65030575,-0.15675952,1.173621,-1.691175,0.32330728,0.8344581,0.29556698,-0.4951394,1.4883173,0.86928606,0.9238353,0.3511349,0.95487154,-1.6465617,0.2592815,-0.14816426,-1.0748407,0.18167567,-0.17598224,1.4964783,0.85626197,0.8303704,1.2143497,-0.9329285,-0.5042071,0.8636032,0.45267928,0.22095582,-0.9649418,0.69895333,-1.2364225,1.0140913,0.17143045,0.20947574,1.8794916,0.6936809,1.1163372,-0.9856041,1.237299,0.74808,1.8862698,1.7765344,1.3590174,1.2935085,-0.41044962,-1.5102347,0.59913343,0.31922263,-0.23111789,-0.16585685,-0.5216329,1.5181158,0.027135234,1.0004404,0.83322316,-0.28239375,-0.059797913,1.0282177,0.5282292,-0.75153047
-0.5653688,0.07153579,-0.35768136,0.35927713,0.30475095,0.93038213,0.7034949,1.0200784,-0.36345786,-0.22858833,-1.0353435,-1.116795,0.352794,-0.081080675,0.27463862,-0.31226322,-0.77144986,0.16923292,-0.6905164,-0.7819069,0.48078704,-0.080763996,-0.9001368,-0.07764386,-1.787034,0.35314694,-0.16869015,-0.19087012,-0.9493054,-0.15785477,-1.070261,-0.13535076,0.21689469,-0.5672919,-0.45434156,-0.3901498,-0.09987039,-0.086365215,-0.07248238,-0.45277187,-0.28791308,0.4930643,0.040011015,-0.97785735,-0.39928004,0.22026676,0.75788444,0.79748446,0.97770774,-0.08852,0.18642984,0.21984649,0.1758352,-1.1444663,-0.6718585,0.32175547,1.2191375,-0.032712407,-0.5162694,0.151547,0.58704084,-0.30125397,-0.6668192,0.21193539,-0.37589666,0.5684342,-0.9243076,0.15503272,-0.02290928,0.5430698,-0.5130917,0.24134085,1.1319269,-0.7207383,1.199162,-0.656695,-1.0357888,-0.36121154,0.08653629,-0.25549212,-1.3925292,-0.76986337,-0.85059434,0.03596048,0.6401865,-0.09218628,-1.1032671,0.4307979,0.2897825,-0.29490408,0.85648286,-0.19032763,-0.747653,-0.0658501,0.06612085,-0.29478416,-0.8192914,0.19645672,0.42898932,0.3521581,0.2039261,-0.76690805,-0.7471686,0.25450674,0.20450819,-0.65736043,0.66387224,-1.3926306,-1.232881,0.8607637,-0.53003854,-0.7370232,0.39250845,0.7333897,-0.010126753,-0.052925985,0.3079969,-0.5214808,0.13234623,-1.1901084,0.41811895,-0.40235144,-0.85994446,0.7300094,-0.16722739,-1.0575423,-0.36643118,-0.76479536,0.3393191,0.33272272,-0.7307183,0.13432944,0.12391292,-0.7940634,0.22910981,-0.3222598,-1.1232915,-2.467461,0.3535679,-0.44332463,0.6477135,-0.4122553,0.19357394,0.0314333,-1.0675954,0.23672178,-0.18823059,0.56809676,1.2823831,-0.048066467,1.040692,0.55523705,1.3074795,-0.28741974,1.0772928,0.70013344,0.8688213,-1.0698755,0.5436258,1.1744215,1.1643453,0.98248374,0.48636717,0.15211742,1.5965806,-0.18048218,-0.4131195,0.6373936,-0.5050332,-0.5570656,-0.43391263,-1.0283344,-0.65998966,-1.5350075,0.20882873,-0.24738139,1.404186,-0.63091034,0.7685635,0.081223816,0.96351504,-0.0057181157,1.076943,0.7051251,0.058122013,-0.009965679,-0.5666545,1.1099395,-0.7371922,0.8847952,0.6475177,0.6292955,-0.782517,-0.23086669,0.95451534,0.10520836,0.35626394,0.974946,1.026158,-0.674619
0.049071804,0.07518349,0.5224627,-0.1311954,-0.15984386,0.35472342,0.009082433,0.19625649,-0.21502183,0.17997406,0.13189879,0.28671488,0.2853918,0.07383932,-0.19590016,-0.11649012,0.4411877,0.7649622,-0.111863084,0.63662523,0.026449107,0.5652129,0.3337611,0.5981488,-0.14746001,-0.69251347,0.2242728,-0.15603726,0.07121275,-0.24468586,0.11965171,0.13634703,0.37532696,-0.21274456,0.050612465,-0.102341525,0.34841865,0.58687395,0.0007918291,-0.34927455,0.06416492,-0.73679775,-0.27317762,0.37754637,0.70309234,-0.30381125,-0.1570869,-0.031721614,-0.35398954,0.193735,-0.30240405,-0.448387,0.5983153,-0.1189017,-0.16671063,-0.6098343,-0.40391165,0.7526606,0.556925,0.048685536,-0.6749688,-0.13440907,0.1926096,-0.034369018,0.3051201,-0.011897581,-0.33932662,-0.01545299,0.2675341,0.17557837,0.42619088,-0.105836414,0.10354303,0.3111055,0.23822865,0.6744056,-0.10792781,0.23046581,0.33047324,0.39591175,0.297507,-0.2048008,0.2321907,0.18126957,-0.15971063,-0.3452774,0.6516401,0.0017622598,0.7183783,-0.2621042,-0.6127428,0.37362537,-0.04487628,0.07316882,0.25350267,0.17561713,0.106902145,0.03728465,-0.065188594,0.3712225,0.2146898,0.19902334,0.23911753,-0.12804827,-0.12766588,0.5783334,0.52909905,0.67755157,0.71122724,-0.09882003,0.47147384,0.5197658,-0.03612741,-0.25719768,0.016134473,0.0565884,0.41672626,0.6743868,0.30570364,-0.43831912,-0.45358524,0.06492664,-0.46100357,-0.18418917,0.43436298,-0.16354136,-0.123848595,0.2210663,0.119790964,-0.6832678,0.33786297,0.54067636,-0.24115789,-0.18673694,0.023538023,-0.0055963323,0.7726988,-0.2928632,-0.15737472,0.2001608,0.0032070614,-0.22438255,-0.2552368,0.5651568,-0.29751652,-0.32427692,-0.66423696,0.7509007,-0.05519615,0.40814054,-0.55036616,-0.37961826,-0.23535624,0.5523332,-0.059616975,0.060155153,0.8961445,-0.61346173,0.10137108,-0.29070765,-0.17880447,0.032739103,-0.64487374,-0.17289723,0.17827335,0.09801379,0.32618493,-0.71204174,0.050500102,0.23568618,-0.21288288,0.1318674,0.11862753,-0.29868945,-0.36576056,-0.54163325,-0.14161085,0.31591305,-0.28320393,0.47334912,-0.017929187,-0.0551929,-0.0008039139,-0.018202765,-0.039486412,-0.3352267,-0.25247097,-0.4123728,0.06989068,-0.40587708,0.15634571,-0.1993804,-0.35199186,-0.15781204,-0.24655543,-0.40640107,-0.30792326,-0.49119788,-0.20189714,0.4252787
-0.3234553,0.05971334,0.83679086,-0.78258157,-0.4824024,-0.9834332,-0.66965795,0.39169937,0.084188476,-1.3239613,-0.26229775,-0.15919234,-1.0717155,-0.97780263,-0.62484485,-0.4195108,0.16903508,0.914158,-1.1449342,0.29804215,-1.3052276,-0.05969047,-0.24800451,0.17094785,0.24313623,-0.72242063,0.2678564,-0.4097904,0.045659646,-1.8155912,0.6242992,-0.6659021,0.65571725,-1.0574301,0.10529663,-1.160722,1.0263678,0.4044894,0.90219593,-0.66731876,0.18149489,-1.8576823,-0.93157065,1.1068751,1.4483119,0.18674861,0.2874666,0.31736898,-0.033383314,-0.15111792,0.7657914,-1.0466241,1.9111005,-0.18198533,-0.49037287,-1.6627108,-0.9796561,0.83351594,1.0829711,1.1696218,-0.34792382,-1.3730506,0.6107202,-0.031573456,-0.7585383,0.49885902,-1.1307052,0.17059232,-0.7621711,0.5519146,-0.45359188,0.30347133,0.44507137,0.71198887,0.3961407,1.0336208,-0.8095522,-0.3570189,1.55837,0.77720755,1.5229086,-0.08027401,-0.12838084,-0.15386164,0.14973454,0.11770915,1.3298639,-0.8553007,-0.40520707,0.2759497,-0.15035397,0.35532817,-0.6333839,-0.9135712,-0.1517383,0.9236258,0.42818725,-0.7380652,-0.6974725,-0.6701772,0.76206696,-0.22758779,0.85788906,-1.2168432,-1.6320671,0.50903594,1.0558124,0.47921833,0.5026125,-0.32227233,0.3957341,0.3485382,-1.268703,0.24415348,0.26339006,0.39115193,0.8112812,0.741347,0.27628008,0.42164013,0.6717435,1.0423368,0.0859876,-0.22943965,0.36479828,0.21668503,-0.49161762,1.0670074,0.67825,0.7012977,1.3659695,0.19699727,0.31109333,-0.09117542,0.105591014,0.5382011,0.33413967,0.037188858,0.44149962,0.8066166,0.07166198,-0.374242,-0.51549476,1.8208936,0.57973856,0.07206179,-0.31685668,1.4818327,-0.38550493,0.37603572,-0.14480142,-0.083011635,-0.8511373,0.7638886,-0.47773173,0.07004301,1.0164528,0.03724911,-1.5341939,-1.2117031,-0.9704482,-0.5901989,-0.31913835,-0.28290942,-0.7612211,-0.48886323,0.14119679,-0.5458951,0.6861413,0.20973688,-0.058737263,0.108105764,0.8592623,-0.15567903,-0.4385578,-0.27768707,-1.3054196,0.77052647,-0.9437569,0.32990712,0.7791643,-0.25013,0.24280624,-0.067017235,0.473334,0.18538675,0.2178229,0.16905618,1.0723435,-0.93136877,0.5697986,-0.23712668,-0.66403675,-0.013969548,-0.20894638,-0.7522057,-0.8897875,-1.0334632,-0.38698545,1.0946208
-0.97319853,1.4206998,-0.12659647,-2.1340222,-2.0232491,-2.0571525,-0.88101125,-0.6665898,1.1448375,-2.4699657,-2.4882896,-0.5398194,-0.6174713,-0.25098863,1.029125,-1.5551765,0.4996463,0.8671162,-1.3122653,-0.8791559,-2.804825,1.4151369,-0.66680425,0.8563022,1.3822334,0.06118993,0.45437917,-0.63557583,0.4474371,-0.24951398,0.40409148,-1.5539508,-0.2346007,-2.0149899,1.6765887,-2.2196429,0.51699495,0.97931993,1.6850672,-0.6542054,1.1588836,-0.7835896,-1.1376629,1.6862774,1.5737987,1.678632,1.5336735,1.0767477,0.007310424,0.9526181,-0.09492048,0.8360122,2.0118358,-0.35409665,1.1147273,-1.4639382,-0.9616601,0.27458858,0.8388934,0.88183117,0.2234261,-1.2130133,0.27416155,-1.4761438,-0.92762053,1.3088233,1.3100142,-0.29810637,0.7404663,0.9728003,0.9002086,1.0645386,-0.22923674,2.177431,0.6141763,0.479024,0.84949476,-1.7764484,1.2612376,1.760809,0.81928146,0.3220556,-0.6047837,0.6588697,-0.73412865,1.1313224,2.3115714,0.061305527,-0.046087626,0.42458302,1.4530598,0.95493954,-1.0496397,-0.54757184,-0.3664323,2.2747633,1.7062618,-1.4284561,-0.804764,-0.19354595,1.4574103,0.5375737,2.0879474,-1.7238772,-0.09418635,0.028114088,2.291453,0.22588542,0.89568216,1.1496173,1.0584701,1.1998119,-0.6767196,-0.5160084,0.43851104,1.2844632,0.50102574,2.534542,-0.7742489,-0.11471748,0.9017462,2.0943346,0.24839775,-1.505685,-1.4464986,-0.68732506,-0.69818896,1.2994655,2.4067173,1.4291486,2.578978,1.2841324,1.1115869,2.0163178,0.17864448,0.45574412,1.1866534,-0.011763254,1.1489071,0.6759891,-1.3392828,-0.40604445,-0.28275475,-0.3250571,-0.14663894,-1.8487333,-0.581231,-0.18834263,-0.47219816,-0.59289265,-0.25523132,0.5856286,0.8272401,1.7019619,-1.5588447,0.6155195,-1.0420673,-0.3249988,-2.5756104,-2.205265,-0.6444708,-1.0930914,-1.2076001,0.12695685,-0.7385502,-0.49264604,0.41253754,-1.0217676,1.7849627,1.5705773,-1.3598793,1.3516817,2.111895,-0.6851772,-1.1869154,-0.061300464,-0.7094682,0.28074613,-0.031885155,0.012651376,0.34618422,-1.4016598,-0.1897825,-1.9143345,0.39031306,-1.5522301,-1.4776595,-0.6784929,0.14040165,-1.1865458,-0.0015396476,-0.8674423,-1.5004516,-0.54041654,-0.53229976,0.55491686,0.32845348,-0.9432094,-1.8994874,1.7643217
-0.7728651,0.50054026,0.3352867,0.9888919,0.11427548,0.69478446,-1.2122037,0.92382234,0.043232687,-1.2981906,1.046844,-0.56596124,-1.9916872,-0.7894844,-0.61331964,1.0849235,-1.4857482,0.5728859,-2.0162525,0.06330278,0.2776677,-1.4392824,-1.3963194,-1.4827683,-0.35200346,-0.79973423,0.35108188,-1.1236482,0.38808727,-1.2479895,0.4869338,-2.3914957,2.010242,-1.8994532,-0.36952615,-0.25281778,0.15496628,0.5156713,0.45398498,-0.44573852,-0.7276509,-0.86523753,-1.5678582,0.4816892,0.87573195,-0.24301384,0.13527508,1.5525315,0.53268635,-0.7671461,0.8103125,0.123262875,-0.2443815,-1.1775028,-0.33661687,-0.6329273,-0.8491765,0.67776376,-0.080051705,-0.032138675,0.07923783,-0.06497017,1.9114723,0.79494405,1.5115696,0.22863147,-0.27609655,-0.51181704,-0.19954969,1.4876217,-0.54715186,-0.22746274,0.9802124,-0.04616729,-0.9320954,-0.3996841,-0.41504067,0.073056325,0.71940166,-0.32404473,0.571302,-0.1463317,-1.3994763,-0.7886153,-0.14365052,0.45846933,-0.17383038,0.16268197,0.043098252,0.5100679,-0.31662613,-0.16133855,1.2114002,-2.450203,1.1949703,0.62178874,-1.1412992,-0.025360301,-0.23109502,-1.2169199,-0.20162304,-0.46407032,-0.35741955,-1.0124387,-0.7992719,0.8258651,0.60910296,-1.0460391,-1.0145922,0.6889815,-1.6305237,-1.3417093,-1.7346172,0.84229255,-0.31752875,-0.15323369,-0.4566627,-0.018748455,0.53351456,0.02957784,0.3235617,0.19747457,0.55259514,1.1988456,0.7578261,0.58557385,0.99704033,0.4666251,0.098918565,0.68707323,0.11629079,-0.5752665,0.1069951,-0.24987713,1.2426587,1.2874036,-1.1362768,-0.28370667,-0.5288269,1.7541649,0.6863921,-0.54477423,-0.22510593,1.5911196,-1.0451081,-0.08242063,-0.49553645,0.8542681,-0.08971161,-0.75890815,0.5019136,0.61907303,-0.57524824,0.7834331,-0.68478674,0.55731434,0.08475533,-0.58683586,0.38085094,-0.06010659,-0.88455397,-0.15303543,0.20321429,-0.0182893,1.1861931,-0.72353244,-0.8631928,0.71591896,0.044999085,0.09733493,-0.095090136,-0.96712977,-0.46655053,-0.80377203,-0.40245348,-0.33487472,-0.3815066,0.74641514,-0.04150171,-0.1544622,0.56132776,-0.77189744,-0.12372534,-0.14727952,-0.32673317,0.16239324,0.5312088,0.4063259,-0.089187,-0.37477994,1.2062305,-0.6007624,-0.1667004,-0.21872373,-0.5074479,1.707683,-1.5587106,-1.2224585,-0.60135156,0.92587715
0.18264183,-1.207087,0.2403589,1.4169724,1.0672863,0.50892234,0.28723544,0.8955304,0.18443008,1.9301084,0.74732494,-0.30957446,0.35614693,-0.15515566,0.130013,1.6377332,-0.64572066,0.061500266,0.32730374,0.4894579,0.62593526,-1.02822,-0.6187564,-0.004053239,-0.55056477,0.7946186,-0.49510992,-1.7123283,-0.10509495,0.29415765,0.72359455,0.24034631,0.74092007,0.7206814,-0.26096877,0.9931476,-0.8963564,-0.4157032,-0.6010011,-0.39712527,-0.54288256,0.21300997,1.4201186,-0.8603206,0.18785585,-0.15832002,-0.64033794,-0.69242746,0.36145836,0.38141894,-0.23372231,0.14779162,0.35382548,-0.22255705,0.55280805,1.2417512,0.1971658,-0.41198808,-0.77106494,0.3004133,-0.42489877,1.7714621,0.3929879,-0.47679943,0.39242592,-0.17767057,-0.8700218,0.06251418,-0.4961434,0.2208744,0.05862298,-1.3806858,-1.3020071,1.325844,-0.8460212,0.837603,0.87450904,-0.32529113,-1.5046749,0.7143736,-0.4561642,1.6137036,0.01214198,-0.32845527,-1.4836736,-0.36487678,-0.3763357,1.0465277,-0.3028503,-0.35736233,0.76120174,0.06017003,0.08417522,-0.76199293,-0.39575988,-0.5566542,-1.1456937,0.5414979,-0.022242619,0.48578864,-0.7073868,-0.03923952,-0.6993709,0.9641933,-0.14303617,-0.35659808,-0.19443654,-0.2720449,-0.21564814,0.21791732,-1.0169464,-0.1672876,0.043168403,0.08897296,-0.64995456,0.009200532,0.517269,-0.6680349,-0.14632797,-1.2773035,0.17021136,-1.6838021,1.2082653,0.6970286,1.2882227,-1.033778,0.0061908495,0.53629637,-1.1058489,-0.7636707,-0.99363846,-1.0545245,-0.98839563,0.12547688,0.15430813,-1.7458538,-0.747055,-0.48289672,-0.86540854,0.96820366,0.17120193,0.12315179,0.8978984,1.0801828,-1.0789576,-0.1928668,0.19274746,-0.3375724,0.61605144,-0.21764812,0.6315251,1.0571598,-0.16867669,0.94453657,1.4102317,-0.4666385,-0.012113567,0.84675896,0.024690859,-0.048016295,0.46232986,0.622687,-0.055536337,-0.70558566,0.3753484,-1.4843401,0.22091037,0.35328874,-0.19598208,-0.6257919,0.7989015,-1.2469794,-0.25167146,0.9905807,-1.6638814,0.5687043,0.7485405,0.025604082,-0.010577029,0.6308241,-0.12039581,0.20357007,-1.769975,0.14539592,0.26881087,0.19735444,-0.13902159,0.4425652,-0.17110302,0.29151604,0.78186095,0.3366893,0.18949534,0.116622366,0.30666974,-0.06631527,1.1207837,0.35574782,0.7734705,0.2088259
0.32805288,0.23469515,-1.6406388,0.12872915,-0.25104764,-0.457109,0.1098173,-1.8626952,-0.25513303,-0.20272107,0.2691203,1.0057498,0.75123507,-0.18638952,1.432277,0.027830519,-0.16999376,0.010121001,-0.54744834,-0.9052391,-0.51987326,0.40121084,-0.4573695,0.48265442,0.55989105,0.3380274,0.5617083,-0.39453855,-0.007967037,-0.26532114,-0.17406026,-0.09702378,-0.5470597,-0.18858916,1.0545837,-0.59411883,-1.0652453,0.73021746,1.4820638,-0.6821892,-0.407087,1.0193335,0.7851854,0.96907383,-0.8690027,0.92312485,1.0779725,0.5492454,0.7587979,0.017433606,0.11725309,-0.0083138235,0.13592683,0.059553772,1.1220635,0.6087162,-0.25684965,1.2481687,0.7689813,-0.04696785,0.9244554,0.0406312,0.8536738,0.8336331,0.5898782,0.58644754,0.6014837,0.56695443,-0.33148557,0.8491269,0.57955056,0.68842286,0.7647583,-0.84220946,0.3333049,0.9896282,0.99877584,0.26955387,0.23839736,-0.59568894,0.42332488,0.14323966,0.49428034,-0.15744157,0.0091501605,-0.46000677,0.5574445,-0.03254312,-0.5305456,1.4305543,-0.3036256,0.70856506,0.32008126,-0.42922965,1.2373233,1.2077137,0.07889837,-0.193812,-0.047797546,-0.92354655,-0.64981085,-0.50912994,0.11385397,0.31787407,-0.8608111,-1.2074728,0.15372643,-0.8103163,0.35093752,-0.020301433,0.32540777,-0.10711594,-0.30212122,0.64709324,0.070111275,0.85705394,-0.8492999,0.04272992,-0.8288049,0.5649979,0.754916,-0.05261975,-0.21579798,-1.5812261,0.05986032,0.20664904,-1.0033846,-0.94123584,0.34148633,-0.15802866,0.34874573,-0.037620462,0.20525827,1.6267989,0.3213772,-0.44489774,0.4604476,0.8353905,0.49273908,-0.6260112,-1.1685705,-0.49515653,0.43111888,-0.44565713,0.26334086,0.13704301,0.7791884,-0.7587536,-0.7340061,-0.31813118,-1.0823334,1.2149966,0.15091029,-0.8896248,0.116875894,-0.8127286,-0.8990746,-0.6028598,-0.2979738,-0.7029847,-0.610053,-1.1992977,-0.62468934,-0.4092798,-0.3821224,-0.73189884,0.93814206,0.53403664,1.437414,0.26827872,-0.13946597,1.2632966,0.712466,0.016483348,-0.19884188,0.147493,-0.69677836,0.88094646,-0.8346138,1.2738098,-0.20119555,0.101591244,-0.30021662,-1.0797368,1.0244604,0.2425175,-0.89704376,0.11915101,0.7155338,-0.0045557134,0.38780475,-0.28310844,-0.19956945,-0.5738134,-0.064219795,-0.13614514,-0.35715207,-1.569944,-0.3176774,0.009271363
-1.1443015,0.064807035,-1.1226288,0.64584357,-0.21514085,1.3140686,-0.62048674,1.7033097,1.5401418,0.01890488,-0.12602206,-0.914362,0.3113943,-1.367022,0.045190644,1.4180436,-1.1585066,-0.1961198,-0.27126458,0.052701585,0.15242264,-1.8703493,-0.83847934,-0.8464326,0.2163865,1.3224969,0.37266093,0.5693528,-1.6027962,0.5809545,-0.051748298,-0.26485038,-0.57194227,-0.5393377,1.0072535,1.0403029,-0.50673383,-1.022298,0.04851676,-0.20994624,-0.8827549,0.61863,0.10497911,-0.40318727,-1.0605147,-0.51181006,-0.7921173,1.9201462,-1.4036695,1.2799474,-1.1522071,-1.786552,-0.8786936,-1.5702944,0.27828202,1.0551329,2.2037952,-0.6208554,-0.28088653,-0.11088842,0.79223543,0.271512,-0.12143237,0.5446486,-0.1092483,1.009399,-1.0342283,0.9647081,-0.9260308,0.70448864,-0.09250582,-1.6925279,-0.46813926,-0.8048802,0.96704066,-0.51047444,1.0127873,0.12008603,-2.2208169,-1.3069918,1.5022345,0.6694061,-0.19653746,-0.88245875,-0.22063397,-1.4818969,-0.87679553,0.5236977,-0.13066943,-0.7373549,1.078961,-0.46329108,1.1847404,0.02708063,-0.45922476,-1.5528572,-0.23199916,0.5139794,0.8042858,-1.6563834,-1.8162854,-0.06960398,-0.40670416,0.53491396,0.19038208,-2.0466678,-2.2711873,-1.3767593,-1.9729512,0.51156247,-1.5753416,-0.718872,-0.7284404,0.5825188,-0.24684198,-0.53873634,-1.5879081,0.5574105,-0.5289672,0.1174012,-0.99211377,-1.1694328,0.7928703,0.50734067,-0.2696956,0.9187299,0.72839224,-1.1912315,-0.118302025,0.39570552,-1.8788004,-1.2021259,-0.15119608,0.33880255,-0.4154669,-2.5968027,-0.9060377,-0.39228022,-0.53253454,0.31969437,0.1986712,1.2049806,1.365761,1.0085506,-0.31310356,0.58792955,-0.15679716,0.2641124,1.0323424,1.0410609,0.74483204,0.52092415,-0.86908925,-0.14204746,0.30987686,-1.3887253,0.47255307,0.95581096,-0.9626068,1.0097042,1.5335253,0.33492994,1.0690169,-0.68319947,-0.0922006,-1.0653818,-0.07973791,1.0058988,-0.37855285,0.7301194,0.6271935,-0.5335793,-1.0521529,0.5538708,0.14449523,-1.7642287,2.1567988,-2.3923123,-0.20392242,-0.35915366,-0.0018046349,1.3458279,-0.23293956,1.4346058,1.6262892,0.12047027,-1.3095388,0.2382819,0.007246241,0.98566914,-0.540905,-0.069841325,0.9774419,1.6617695,1.0006651,0.46802858,1.1500714,1.7507184,1.3660069,1.4355091
0.609865,0.58373445,0.29777223,-0.7183919,-1.2164947,-1.1758372,-1.0760194,1.164708,-0.7192398,-1.1476332,-0.9870688,0.5536537,-0.7332323,0.08896132,0.72914654,-1.2201846,0.685378,0.9082487,-1.7332298,-1.1994678,-1.0563751,-0.21917346,-0.769369,-0.66658175,1.0812459,0.7665525,0.2515662,0.6791037,0.4838766,-1.3008267,0.99283195,-0.63653964,-0.14905807,-0.22644694,0.4283969,0.24903327,-1.3838919,-0.4217725,0.12870722,-1.8577919,-0.16530922,-0.11486541,-0.95936465,1.2007325,0.63876474,-0.2614462,0.522195,1.3293325,0.81831926,-0.79168844,1.2469716,0.50649244,0.065962434,0.7040357,-0.16235931,-0.49894503,0.23307297,0.95587176,-0.10520431,1.1839095,0.3848112,-1.0347565,-0.009798683,0.13391276,0.17714807,1.2432803,0.3280139,1.5877987,0.4454459,0.26172087,0.5469282,-0.31861243,-0.92931694,-0.3882487,-0.18727209,0.2510306,-1.15339,-0.5551032,0.85818744,-0.18509117,-0.30969384,1.1697973,0.12507913,0.58461803,-0.27558914,0.7132877,0.73662704,0.12857309,0.17598782,0.96203506,-0.76752114,-1.1482055,0.11094224,-0.40746477,0.91652703,1.7517335,0.06271674,-0.6996607,0.05424902,0.03244777,-1.1737692,0.4971038,1.2770315,-0.057533346,0.19161521,0.5617858,0.963272,0.022058032,0.6266798,-0.19464195,0.7186609,0.6494494,-0.4619328,0.76228696,0.37176278,0.7781955,0.61395985,1.5987036,0.52949727,-0.27815866,1.5961257,0.75522935,0.5590639,-0.3849943,-1.8230118,-1.0898055,0.43160167,1.0149529,1.0189996,0.27099925,1.7350229,-0.6014925,0.029998016,0.8254993,0.48618364,0.3142643,0.3246655,-0.15610461,-0.07942252,0.26654533,0.45993134,-1.3560969,-0.53680736,-0.5768109,-0.7253847,-1.6453339,0.32790583,0.96223897,0.18440661,0.14524136,-0.63473785,-0.48926815,-1.0323794,0.86026573,-1.4107418,0.37266955,0.4461829,-1.8667479,-0.9006119,-0.23769848,0.72525823,0.2842006,-0.1304908,0.0956299,0.45735377,0.20138407,0.58515817,-1.0805124,-0.18928133,0.79684204,-1.0596584,-0.11739258,1.1089196,0.06933195,0.07072786,1.0181077,0.63007474,1.63873,0.73104393,0.38443986,-0.91620004,0.64196527,-0.38708586,-0.7834676,-0.17686585,0.655676,-0.936175,-0.99576914,1.0689764,-1.9492987,-0.6170652,-0.7095775,-1.0627241,-1.5942502,-1.6559417,1.7140414,0.97274905,-0.9028985,-1.3425041,1.5976987
-0.10539228,-0.6012626,0.4306016,1.1611918,1.0150661,0.47618368,0.51126313,-0.0098632425,0.061629668,1.4204979,0.17014283,-0.18951611,0.5185038,-0.44214755,-0.553318,1.1548715,-0.20300753,-0.27754846,0.6978424,0.38182902,0.6728774,-0.42588976,-0.14236869,-0.1486821,-0.7885382,-0.1890623,-0.66234946,0.21817905,-0.22099279,-0.028926156,-0.21398744,1.0373611,0.5233492,0.7349826,-0.75599307,0.650166,-0.22555959,-1.1173356,-1.3217729,0.8340512,-0.748118,0.3234357,1.0374652,-0.74816865,0.36140174,-0.5623331,-0.53287745,-0.7163286,-0.16027889,-0.39603558,-0.3044398,0.24529406,-0.2621648,-0.20497067,0.23550679,1.317711,0.9070365,-1.0270392,-0.8490475,0.3352723,-0.80359674,0.60330254,-0.15842378,0.030898225,-0.05486112,0.08805071,-0.1637691,0.544347,-0.6151814,-1.083393,-0.2654241,-1.7755862,-1.6013874,-0.330249,-0.5421805,-0.3739018,-0.100303516,-0.34086406,-0.7933973,0.2936625,-1.5592144,0.36265376,-0.23388031,-1.5615101,-0.9279263,0.2818942,-0.9130841,0.04720429,-0.63115776,-0.107574895,0.7066522,-0.45904997,0.00025161356,-0.14808795,-0.33306104,-0.74395096,-0.7754934,0.8284187,0.15686588,0.43358117,-0.25673077,-0.6779508,-0.21074952,0.6067576,-0.63961285,0.40768087,-1.2468964,0.019075029,0.3717179,-0.3461356,-0.7489331,0.057435736,0.27730522,0.45970866,-0.6734265,0.1511835,-0.2519408,-0.6870608,-0.42086938,-0.18101795,-0.09395363,-0.70953673,-0.1792018,0.043876886,0.5157811,0.5362228,-0.4851563,0.5126529,-0.969119,-1.1598244,-0.8702677,-0.85858345,-0.2838258,-0.83304965,0.28484094,-1.5722044,-0.48483783,-1.4681839,-0.36251885,1.2803384,0.40545353,0.8935859,0.35814598,0.38368592,0.51107997,0.0048762187,0.49597275,-0.7238049,-0.035503924,0.5325915,1.0128106,0.63661593,-0.0011625737,-0.010298654,0.9406801,-0.24138373,1.4671173,0.9152835,0.2228595,0.4539464,0.76579237,1.3867432,0.76364946,-0.58434457,0.3038562,-1.4399915,-0.5725523,-0.07666612,-1.6783773,-0.60721225,0.072366655,-1.3725437,-0.93079215,0.9976901,-0.96024525,0.7877744,0.8258239,0.10513227,-0.6246873,-0.2826671,-0.15016758,0.18702316,-0.20052662,1.1115932,-0.22603382,0.4524992,0.61520994,-1.2483057,0.8181303,0.1078396,0.33394414,-0.1687691,0.60648084,1.1153109,0.8892111,0.9153846,-0.2764507,0.3371066,1.2476807,0.8548518
2.0521584,0.6087602,-0.235943,-1.883887,1.008572,-0.19706371,0.5467329,-1.0634921,-0.5561332,-0.094898984,0.10550023,-0.579662,-0.8569852,1.0935687,0.36039472,-0.2862695,0.8319754,0.13818364,1.9177791,1.0384666,-0.5502008,0.3022841,0.98528,0.19132827,-0.85665613,-0.009216804,-0.81664973,0.75640005,-0.7471848,1.1456585,-0.4711621,0.7804571,-1.7530986,0.47869587,-1.6179088,-0.9858602,0.7289554,-1.5050751,-0.18417884,1.6924149,1.1784362,0.39979646,2.0042915,-2.1347933,-0.53785795,0.03404995,1.0875708,0.27764267,0.38991827,0.39809364,0.120515,-0.7067153,0.16234173,0.64179593,-0.20177655,0.046255022,0.62716144,-1.0701758,-0.8129653,1.1914055,0.7953715,-0.16093361,-1.290627,-1.9288883,-1.9072222,-0.2735701,-0.579688,1.9800692,1.1478833,-1.6349059,-2.3300414,-0.6629484,-0.21322913,0.41205674,1.4033153,0.13729163,-0.7897337,-2.140638,0.8020837,0.77478415,-0.38132852,-0.5202215,0.6027376,0.9299884,0.77105325,-0.18520212,-2.33241,0.20702183,0.120677486,-1.5332811,-1.2875226,0.24309258,-2.6674497,0.10142357,-0.08732719,-1.149854,-0.90675616,-1.6139889,-1.8234882,0.79486495,0.31044215,-0.84446204,1.5196763,-0.34033176,1.2674813,0.96925044,-0.5897923,0.6285803,-0.23167741,1.2802097,-0.093817264,0.46479073,-0.42255217,-0.6716956,-0.63642496,-1.9957575,1.3059143,-0.6579563,-1.3809333,-0.009914439,1.0675417,0.71922654,0.7141723,0.43632177,0.8456659,0.43795162,0.100369506,0.63468564,-0.938397,0.25631452,-0.1361639,0.85635626,-0.39002213,-1.0701475,-1.3814338,0.95002955,-0.8596914,-0.3866843,-1.0852002,-2.1644948,0.6632435,1.532178,0.08545144,-0.42101657,1.0488161,0.24238323,0.37609702,-0.12921442,0.4145001,-1.8924603,0.02919375,-2.063357,0.9686376,0.1852242,-0.0342639,-0.497757,-1.3317606,0.88031983,0.03850752,0.17092992,-0.27159965,0.057318904,1.0399928,-0.7911429,-0.24444513,1.9608929,0.025627429,0.5250858,-0.14705937,-0.16010109,-0.2847502,-0.37066203,0.61172867,0.429557,1.6271,1.5389059,0.02485571,-0.7605476,-0.364763,0.51827925,0.796291,-0.03652424,1.4745326,0.47788593,-0.4750004,0.48769382,0.5462037,-0.06696382,0.20763403,1.8296195,0.4298539,1.2781786,0.8667099,0.8615904,-0.081990324,-0.015809841,0.44088888,0.5882007,0.8342175,0.04712484
0.26691526,0.15853588,-0.07726689,0.008726567,-0.5156423,-0.058166143,-0.11568309,0.23530765,0.8714403,0.27868783,-0.3517179,0.2200704,0.34138346,-0.23850441,-0.6663301,-0.6276383,0.3757304,0.58889353,-0.08553975,1.3127052,-0.12642999,0.63029903,-0.050251644,1.3900375,0.21054524,-0.22617985,0.07314214,0.52469784,-1.6533182,-1.4847156,1.0438551,0.21432325,-0.10347722,-0.41152284,0.44436997,-0.7936208,0.3437427,0.72379625,-0.56118846,-0.5998603,-0.37514466,-0.8848229,-0.39297774,0.8494491,0.3592721,-0.08995246,-0.5230092,0.20704013,-0.043974254,0.22148818,-0.6176734,-0.46882683,0.38153625,0.5147433,0.258176,0.088530645,-0.608791,0.078340806,-0.3949576,0.189718,0.2103313,0.032082316,-0.04011689,-0.6713691,-0.8513902,-1.2112933,1.1303853,-0.66540045,0.32002962,0.3084711,0.75839514,-0.1510852,-1.7252127,-1.0133127,-0.0969984,0.94552803,0.34119856,0.042092156,-0.59722936,-0.21038355,-0.4541713,-1.0879347,1.560204,0.83561176,-0.026383536,0.10003462,-0.11118675,-1.5371137,-0.3416569,-0.23333746,0.8765594,-1.2723676,-0.6007686,-0.39309224,0.63151366,-0.4492524,-0.40110186,-0.23942651,-0.19061932,0.42133328,-0.29380262,-0.084067985,0.0032944635,0.49368513,0.6681783,0.41501448,0.39006403,1.2418225,0.19735813,-2.018639,1.2182299,1.3073379,1.0843562,0.5705921,0.4019868,-0.47328168,0.601687,-0.52811724,-0.16836807,-0.5356869,-1.1616986,-0.76053303,-2.122495,-0.017519211,1.1213909,0.23827204,0.4836558,-0.01972116,-0.12309723,-1.4555856,0.051921155,-1.0050784,0.14287192,0.21626645,-0.22377825,1.4836565,0.76114476,0.23812306,-0.83641857,-0.6846034,-1.2590706,0.5548621,0.29723006,0.22602971,-0.83560485,0.58623046,-0.5831981,-0.46121445,0.26938534,0.40303427,-1.47254,0.1418519,-0.24071893,-0.5558579,0.033015676,-0.21124278,1.5053592,-0.2866237,0.11905557,0.74371994,0.93271667,-0.06349224,0.18856709,0.39511928,-0.1450894,-1.0583525,1.2100778,-0.4060837,-0.4328305,-0.36625934,-0.12496936,1.446613,0.30102056,0.98959345,-1.7321676,0.3586233,-0.06338235,1.7237535,-0.6379677,1.5258054,0.16043863,1.7648385,0.9269004,0.17677106,-0.13994059,-0.6552756,-0.59424984,-1.2544793,1.9105552,-0.020183679,0.016360402,1.4677029,-0.14424579,0.85939735,1.2003568,-0.31396356,0.4300686,-0.7290387,-0.006699538,0.08163028
-0.35890585,-0.1363482,0.4428361,0.7383905,0.91581243,0.16032283,0.16625066,0.47221166,-0.22053427,0.5075207,-0.3301243,-1.1467859,-0.9131593,0.04841906,-0.46318808,0.07466794,-0.16070402,-0.34390983,0.14604022,-0.55651414,-0.1368678,-0.31209043,-0.5079703,-0.66314304,-0.46278003,-0.11543955,-1.1073402,-0.12883791,0.23546688,0.11465032,-1.1428415,0.11866651,0.25047877,0.15395065,-0.8196353,-0.18644033,-0.40443957,-1.0818071,-0.87153214,-0.18769595,0.26471514,-0.06754616,1.111248,-0.9887425,0.06850257,-0.38077286,0.035636917,-0.76891166,0.91106987,0.28854105,0.03644351,0.59443897,-0.64448994,0.4047107,-0.13113731,-0.13374588,-0.03925446,-0.5376881,-0.4322761,0.082013056,-0.014349606,0.3851497,-1.0115796,-1.8803682,-0.7985379,-0.041235723,-1.0654205,0.27730367,-0.04249954,-0.65101445,-0.44295603,0.2733478,-0.38304245,-0.026733525,-0.087355666,-0.47344905,-0.32537803,-1.0509831,-1.319861,0.19605386,-1.3979499,-0.13081641,-0.4702871,0.030934874,0.5456157,0.7511182,-1.2623798,-0.210461,-1.141456,-0.3302839,0.71023166,-0.6495142,-0.9431778,-0.46086612,-0.051795922,-0.99945664,-0.33089536,-0.274552,0.308402,0.052600816,0.3979349,-0.6043556,-0.4141465,-0.18316893,-0.17492037,0.70817184,0.15161549,0.014071323,-0.71521187,-1.0653541,-0.81656104,-0.5715843,-0.29093158,0.070583895,-0.022945223,-0.38124806,0.7594691,-0.8085263,-0.1629235,-0.010174762,0.42641574,-0.78193855,-0.45191312,0.32428503,0.21469006,0.83773834,-0.18508144,0.52181476,-0.64589125,0.42971498,-0.36278975,-1.0897579,0.4132444,-0.9495125,0.11651914,0.44198644,-1.2234274,-0.30502725,0.04563866,-0.18511322,0.37122086,-0.06960533,0.9241282,0.17072634,0.428123,0.5306355,-0.50947416,-0.8765314,0.4966901,0.77363575,0.71988183,0.08790832,0.4164547,-1.0493277,0.7676558,0.19243188,-1.2316393,0.71739936,-0.1576097,0.5429564,0.59555304,0.81299067,0.8856911,-0.026142204,-0.26318055,-0.22792593,-1.0281688,0.9111242,-0.69250154,0.5671411,0.015403645,-0.455912,-0.09205338,0.45017362,-0.7437937,1.0150802,0.81755304,-0.14099944,0.008693242,-1.317634,0.12649515,0.08863664,-0.7263331,0.7986116,0.04111092,-0.054124683,0.46663266,0.21409073,0.14989337,0.44351766,0.6389358,0.25840184,0.25948203,0.2295654,0.6218701,0.7198931,0.88591665,0.87372124,0.82917166,-0.28512144
0.22850616,-0.44979808,0.22550009,-0.2785052,0.617183,-0.08939831,-0.18870592,1.1360307,-0.09733749,-0.6741248,-0.49928594,-0.8772858,-1.0978853,0.27819687,-0.402681,0.28920707,0.11441566,0.09838386,-0.008327356,-0.26669133,-0.14519615,0.2115758,-0.5409945,-0.12925978,-1.3130662,-0.52516806,-1.2787733,0.22587825,-0.2121881,-0.41820025,0.0009551123,0.24242339,-0.054673575,-0.09597698,-1.0939864,-0.7215786,0.6691914,-0.68435174,-0.98539436,-0.2756618,0.19659752,-0.54361856,0.15588023,-0.03520962,0.20843051,-0.15623799,0.24100037,1.0667264,0.62992,0.40344602,0.61563474,-0.24807552,0.019047987,0.9716552,-0.82857424,-0.18123183,0.2634318,-0.91861653,-0.34087628,0.16148537,0.32095447,0.068662435,-0.2426946,-1.2545321,-0.4236205,-0.20385915,-0.79779184,0.15517646,-0.04759757,-0.6038814,-0.93367463,0.17824134,0.19882022,-0.3013491,-0.6628574,0.21157534,0.41245028,-1.0287017,-0.01922648,0.63195777,0.009454794,-0.0745777,0.003392788,0.7928808,0.7263852,0.6172153,-1.1029847,-1.1138867,-1.0664914,-0.4454635,0.76227176,-0.94668376,-1.2486154,-0.059980996,-1.0545784,-0.9407921,-1.1916467,-0.6623285,0.5696043,0.59449166,0.39919943,-0.96467066,0.42372993,-0.24405418,0.46981975,1.1162981,-0.0037129,0.19631788,-0.69213754,0.049894467,-0.32904032,0.48823962,-0.08692883,0.055334717,0.5148948,-0.015242558,0.7126716,0.49938983,0.9575433,-0.31857297,-0.1639937,-0.7336904,-0.5454904,-0.17529067,1.0350534,0.109600246,0.052059576,0.4791145,-0.23195875,0.09893463,0.016993629,-0.15244061,-0.42932677,0.06983638,0.071338505,-0.5284799,-0.7115112,-0.7232445,-0.2357326,-1.1311918,-0.30481178,0.47924775,1.1340263,0.22622757,0.35301223,-0.18961003,-0.5093233,0.579832,0.66292024,0.60806924,0.294666,0.7564542,0.8506261,-0.7018808,0.2259444,0.5151049,-0.91213524,0.4334552,-0.050183386,0.3255409,0.52058583,0.69659567,0.46490234,-0.8718563,-0.5199214,0.10584542,-0.1106135,0.7519642,-0.88553226,0.7796324,0.07208109,-0.8326309,0.44598347,0.2671804,-0.62840426,0.20983626,0.27887955,-0.22673605,0.39808092,0.102909654,0.98483765,0.5010414,-0.6046588,0.7058859,0.91941786,-0.60733795,0.6264646,-0.40984997,-0.016722694,-0.11160515,0.14231646,0.65552735,-0.43890306,0.53770614,0.70686454,0.82616436,0.26596892,0.42175418,0.7013714,-0.5876341
-0.89459574,0.25425476,0.76891124,0.3288892,-0.7099071,1.5530709,-0.8621375,0.38321924,-0.29174715,-0.078085974,0.6568543,-0.14618002,0.49359515,-0.06630698,-0.48967057,0.33169582,-0.2749801,0.7996499,-0.5012347,1.1698856,0.8890421,0.14671773,-0.17481804,0.4148177,0.13341358,-0.7681824,0.6443608,-0.36204973,0.45163646,-0.5022808,0.76963586,-1.3343872,1.3675431,-1.5641251,-0.50955176,-0.3017136,1.1920077,0.91065884,-0.13447864,0.3143851,-0.72148836,-0.89960194,-0.12940167,0.9087299,0.5097972,-1.141163,-0.7790887,-0.03324332,-0.5505242,0.110952176,-1.1683478,0.4535151,0.34654185,-1.29433,-0.30424702,0.24413142,-0.43315792,0.45318598,-0.18102469,-1.4303935,-0.02829541,-0.30966133,0.21624309,0.3557518,0.6095179,0.13840204,0.3949421,-0.30709893,0.11409765,0.75968117,0.14010826,-0.50338465,0.06799179,-0.09230878,-0.5936406,-0.10399115,-0.7556954,-0.5959209,0.1433884,-0.7502914,-0.07608249,0.16117027,-0.23195525,0.444107,-0.7366833,-0.26976243,0.5011727,0.62258554,1.0977273,-0.70939386,-0.03130894,0.5385639,0.7924107,0.1811232,0.20331149,-0.5050796,0.31566608,0.5413888,0.21693435,0.53026813,-0.08762623,-0.24898458,-0.053595055,-0.06477539,-1.2425926,1.5281644,0.8924322,0.8456064,-0.027383216,0.35548916,-0.11209628,0.9030378,0.22197565,-0.65755785,0.3444023,-0.15399899,0.30165496,0.33596396,-0.041577347,0.32566747,-0.6065539,0.67952156,-0.029215831,0.017197842,0.21798366,-0.0430057,-0.3527989,-0.008077478,0.104857944,0.0518156,0.36592668,1.045617,0.84085613,-0.04330772,0.64005375,-0.88271755,-0.17045826,-1.0043567,-0.24160181,0.6097859,0.14721519,0.5562112,0.40894073,0.9953423,0.26984385,-0.54131305,-0.56019294,0.3197842,-0.98255444,0.2979012,-0.8412631,-0.35914534,-0.37165758,0.40458983,0.6508945,0.14049332,1.4335291,-0.85448,0.20275277,-0.70000464,0.40017554,-0.34245571,0.3444419,0.9720644,0.11657464,-0.4165367,-0.03964913,-0.90080553,-0.4059819,0.6277506,-0.5111795,-0.9417362,-0.6380806,0.22437383,0.42373642,-0.8468166,0.3047602,-0.49046996,-0.058894776,-0.37747368,0.21350986,-0.59907067,-0.8945061,-0.4580849,-0.040115904,-0.9345629,0.09560886,-0.28580907,-0.5383269,-0.58178824,-0.2278708,-0.027050346,0.08646974,-0.11615335,-1.2239575,-0.33821234,0.3930067,0.12339838,-0.6450834,0.3272771
-1.4624186,0.39075866,-1.9092221,0.6872308,-1.1539235,-0.27810806,-0.44794223,-2.2369628,-1.1942606,-1.0263909,0.68757033,-0.02418783,0.17360607,-1.701324,0.82500017,1.0578401,-1.2060696,-1.1164563,-1.2509611,-0.8159908,-0.26558533,-0.08128199,-1.4806144,1.2513101,1.2686511,0.25622573,-0.41061926,0.28942806,-1.0788107,-0.36612117,-0.8613092,-0.84855086,0.5191543,-0.5686351,1.5752288,-1.2082089,0.49950534,1.2866502,2.624832,-1.5701126,-0.772254,0.6012482,-1.3368143,0.8390778,0.4778559,1.2121034,0.3030049,0.61707795,-0.35087258,-0.75142556,0.027412066,1.1880494,-0.012447972,-0.67085177,2.2712681,-0.27482444,0.26082513,0.4337656,0.99122703,0.28445393,0.5374188,0.17005984,1.8798572,0.8575418,0.90326107,0.76693976,0.320255,0.20281544,0.34125197,0.8095344,0.8035088,0.47333997,0.21722144,-0.44762665,0.3640612,0.8505721,0.9796354,0.052319776,1.5282116,-0.62440944,-0.02434408,-0.44359297,0.369708,-0.66502404,0.979067,-0.15744442,0.3495676,-0.15816087,0.40462226,0.51557976,-0.30742797,1.4269004,0.49874374,-0.6437775,0.76700187,2.5732965,0.7639503,0.97504747,-0.21354656,-1.8678629,-0.2972811,-0.43149287,0.5731293,-0.79697937,-1.9180064,-0.78935015,0.5472868,-1.0793164,-0.6989014,-1.1931148,0.75391483,-0.23403321,-0.36832616,0.47337136,-1.724598,0.4982229,-2.1214573,0.06052696,0.23600194,0.2905139,-0.6283665,-0.5915026,-0.02233914,-2.2594566,-0.594173,0.5116653,0.14589895,-1.0984272,0.6054415,1.1156567,0.12169865,0.20207313,-0.82074773,0.49991798,1.0043309,-0.021383606,0.93657845,-0.18648139,-0.04928728,0.57663417,0.33016503,-1.6114061,0.6885285,-1.3180263,0.9265474,0.6350244,0.48403758,1.1067442,0.3968436,-0.15805998,-0.4347052,2.1118088,-0.5805657,0.8718603,0.30245477,-1.5122983,-0.3183376,-1.631087,-0.15981287,-1.8114067,0.37858647,-0.08355553,-0.027601764,0.3965335,-1.1266948,-0.6677053,0.5557283,-0.29572222,2.2066696,-0.23100638,0.1861272,1.5852358,-0.3237436,0.59676504,-0.74674135,-0.41294265,-0.6014792,0.90133196,-0.51483977,0.88800275,-0.046732817,0.10131313,1.0321863,-1.8997728,1.0268037,-0.4804322,-0.108398385,-0.18691044,-0.38564682,0.0030444115,-0.111621544,-0.58980274,-0.038793135,0.36720586,0.3328043,0.27699426,0.3525151,-1.5934465,-1.1084569,0.45256832
-0.42488953,0.19552647,-0.3593565,-0.14452203,0.062375512,0.5453079,0.78122854,-1.508709,-1.2159202,0.8322831,0.09369729,0.6909903,1.0107385,-0.44121474,0.74139273,-1.5095165,-0.51504844,0.29890433,1.1750185,-0.07533013,1.6062622,0.35698244,-0.19590236,0.7142257,0.6601886,0.95027745,1.3042288,0.22725686,0.1348942,0.03707952,0.15855142,-0.018959038,-0.953145,0.067335725,-0.028320096,-0.3136697,1.274114,-0.033984285,0.33908966,0.54132277,0.44390404,0.5361831,0.654409,-0.9701351,-1.5420766,0.0049427664,0.43834078,-0.5516639,0.43874156,0.40447864,0.26350874,0.31506392,-0.3236494,-0.8135837,-0.6845185,0.5906462,0.8370741,0.44782284,-0.0002719788,-0.37309992,0.5461724,-0.754368,-2.1519015,0.014591384,-0.5284061,1.2120454,-0.09172542,-1.4843353,-0.9804707,-1.0082031,-0.030794896,0.3385686,0.92103654,-0.65399957,0.2438805,-1.88873,-0.58247185,0.09447573,-0.4321314,-1.037661,-1.9710052,0.20671068,-0.2942703,-1.2894067,1.1604104,-0.28441745,-1.124033,0.104655236,0.6243355,-0.31346774,-1.9725528,-0.45232978,0.0941921,1.0992142,-0.65336907,0.17278859,-1.0019048,0.21990506,-0.5295727,1.096902,-0.007074073,-1.1947255,0.12154993,0.061641593,0.024028007,0.37308675,0.41849372,-0.08083635,-0.90719366,1.3381715,0.7130002,1.0095176,1.8918717,-0.39721915,0.7609452,0.69113964,-0.28639162,-0.59584016,-0.98120046,-0.6849632,0.0187443,0.2241206,-1.9409568,1.1339087,0.45496765,-0.2552132,-0.17127368,-0.98692036,0.4379227,0.33434036,-0.21564822,0.58137643,1.0447414,0.59122247,-0.21834251,-0.3600563,-0.5147881,-0.4822889,0.2643467,-0.2988042,0.6391591,1.4322525,0.33113742,-0.64381766,0.97881347,1.192614,0.30398345,0.16285516,-0.343974,-0.21929014,0.90232843,0.31184173,1.233889,-0.24144438,-0.4686963,0.95907146,0.28566387,0.23957181,0.5220537,0.22194214,-0.2968802,-0.21316133,0.5778232,1.1921651,0.5978875,0.7507969,-1.003124,-1.9397618,-1.3416713,-1.9629496,-0.30631217,-0.20671137,0.029425366,0.5661769,1.7153629,-0.61395234,0.24061677,-1.4579148,0.46498033,-1.063534,0.821807,-0.8380164,-1.1622157,-0.71606696,0.86436856,-1.0432768,0.6763037,0.74528867,-1.6622411,-0.21016492,0.5054548,0.009843733,0.6779466,-0.55165696,-0.87944365,-0.13465986,0.4232385,1.084059,0.12576298,-1.6153697
0.9143456,-0.672248,-0.557256,1.4145788,1.2474188,0.72114027,0.40035415,0.31271875,0.54985213,0.8330623,1.4146013,-0.15995167,0.55661666,0.5878981,0.7331985,1.5285002,-0.07313916,-0.66334665,0.8672618,-0.6304191,0.52634627,-0.8650921,-0.795471,-0.8997184,-0.7143921,0.49656436,0.4079843,-2.8212566,-0.16647823,1.8483082,-0.48024273,1.2172545,0.34569,0.8974817,-0.087156616,1.5483364,-1.4575487,0.4529306,0.34622258,0.4561853,-0.115163065,1.3844881,0.65601593,-1.0862789,-0.99815905,0.4788421,0.17699686,-0.29483074,-1.1186041,0.35891667,-1.1960808,0.17108545,-0.792163,1.0513953,0.7025707,1.427252,0.3103433,-0.89775264,-1.0865532,0.37240577,1.2208261,1.9345857,0.6121126,0.12443274,0.93469113,-2.2806802,0.90032494,-0.5559298,1.0468779,-0.0006177025,-0.09377275,0.38737342,-0.33802083,0.675996,-0.4266952,0.9302712,0.8249578,-0.110382035,-0.32257628,-0.19440019,0.017891586,0.7675563,1.1805797,-0.7141699,-0.2791439,0.14958489,-0.7593879,2.008723,1.672699,-0.40235704,-0.034837805,-0.70439047,0.3543507,-0.5733017,0.88701296,-0.41320592,0.021365382,0.6777036,-0.64885634,0.12222351,-1.1226867,-0.9345472,-1.0893121,-0.30490097,0.005146656,-1.2120428,-0.87861276,-1.2940292,0.19454417,0.16138142,-0.9210228,-0.634041,0.8648495,-0.13115275,-0.22237234,-0.55868626,-0.04260618,-0.40855154,0.21808319,-1.0365088,-1.0573988,-0.5112434,0.26231217,0.7871232,0.9236019,-0.5423121,-0.8068724,-0.80787414,-0.59770566,0.56625545,-0.90570635,-1.6795543,-0.49778938,-0.5461477,0.48178974,-0.14763996,-0.56359565,1.1408751,-0.3205419,-0.17641917,-0.708443,0.01596112,1.3213212,0.24757136,0.3366071,-0.41728896,1.5279208,-1.3129376,0.6953885,-1.2364898,1.0014663,0.24935272,-1.259039,0.44594473,-0.08550612,-1.6335535,-0.69193095,-0.1388031,-0.3266462,-0.34501815,1.2195045,0.39379072,0.60948277,-0.11148906,-0.267932,-0.21900074,1.051923,1.4231529,0.3173574,-2.3091824,1.2807685,0.55093473,-0.57418644,1.607677,-0.25940242,0.4942654,0.65099406,-1.1993845,-0.7596816,1.7058972,-0.424264,0.98121065,0.31307197,0.41642666,-0.026797425,0.14342558,-0.16003163,0.23357464,-0.32025218,1.2458593,-1.2253692,0.13675234,-0.3293044,0.6670063,1.2520158,1.2202839,1.0663115,0.22488685,0.53286886,-0.2799891
0.2818648,0.8078089,1.5177069,1.1788017,0.33497408,1.4331253,-0.111010626,1.3985537,-0.49090302,0.16036437,1.2576573,-0.3994643,-0.3934366,0.95119536,-0.21177174,1.3102998,0.6976263,1.2456775,0.41228402,0.8259323,0.46732098,0.4508818,1.0478703,0.3385693,0.7487741,0.50346327,0.3973125,-1.4969087,0.4665764,-0.3966943,0.895741,0.29383007,2.2114651,0.19180393,0.1592883,1.392723,0.09442661,0.4614469,0.51071274,0.38985237,1.0372427,-0.2549488,0.68638825,0.86237663,0.893661,0.059190683,-0.92067367,-0.2888232,-0.551666,0.3196255,0.4563641,-0.18496025,-0.029799301,1.2055397,0.23677497,-0.045849815,-1.7323059,0.09364196,-0.10074424,-0.16989423,0.15848343,1.1715417,1.3446262,0.670274,2.0387137,0.20727775,-0.0077174166,0.7794929,0.965735,0.89674836,0.49481925,0.90816224,-0.9037784,1.6721206,-1.6910452,1.5402194,0.51752084,0.75789344,-1.2576836,1.148492,0.16693994,0.325611,-0.27859524,0.6206926,-2.4967995,-0.4746092,-0.30428627,1.02507,0.3757834,-0.28787094,0.62317854,0.33152828,0.7792428,-1.7362204,-0.1868618,0.15449342,0.45630708,0.76406777,1.2991922,0.70428187,0.80435044,0.6805807,0.43196672,0.00513551,0.63291395,0.7709198,-0.15074772,0.6915995,0.54276466,0.8208281,0.6042426,0.42798007,0.4307344,0.34244287,0.19699927,0.37127435,1.1300578,0.28313535,0.36293715,-0.4196088,-0.26818588,-0.46928495,0.55534947,-1.404729,0.4505674,-1.086477,-0.46686715,1.0365169,-1.5017456,0.12447492,0.37666455,-0.37395266,-0.090269364,1.0602399,1.6935956,0.18962619,0.35748965,0.1712684,-0.9034443,0.46582976,-1.1309314,0.5714248,-1.1238809,1.0797937,0.4968546,-0.72889477,-0.8670646,-1.5911417,-1.541971,-0.93909323,-0.51866925,0.09708107,0.17932245,0.8694652,0.037487455,0.92114806,-1.4897395,-0.015962549,0.5425925,-2.8022122,-0.38042468,-1.1616689,-2.1328838,0.28366408,0.041837834,-1.2329416,-0.03728462,0.13628498,0.38721472,-0.13318145,-0.22593206,-0.25492236,0.2860385,-0.34005994,-0.8641279,0.80907774,-1.796829,0.5365257,-0.42023993,0.16159725,-0.02476484,-0.2498774,-1.0286168,-1.6775138,0.70056677,0.6142446,-0.8436522,-0.70498544,-0.43910795,-1.7838687,-0.006944239,0.2651295,-0.773722,-0.54452133,-0.4484822,0.22599876,-1.2451622,-1.8635906,-1.6799508,0.7210732
-0.33925933,0.74065375,-0.2724991,0.3392945,-0.43254414,0.1266938,-0.32092494,-0.05783004,-0.25038156,-0.91908425,0.46955398,0.04557449,-0.111302346,-0.4262925,0.3104474,0.82103926,0.060040902,0.5569139,-0.6418219,0.47462475,0.023045186,0.23836376,0.002455783,0.70631504,0.6273643,-1.2027237,0.25996593,0.5311188,-0.08077432,-0.44144666,0.03705284,-0.7634451,0.6216132,-0.47898966,0.5444893,-0.44025147,0.714493,1.3762337,1.0774615,-0.41875538,-0.5594824,-0.27948162,-0.8414122,0.73794556,0.8479445,-0.22688656,0.091925725,0.80919707,-0.583933,0.12355111,-0.9589758,0.7422531,0.36519322,-0.516758,1.1696663,-0.7286611,-0.10986988,1.4213204,1.6150651,-1.0037704,0.052117847,-0.27802205,1.224463,0.92505753,1.214497,0.95410305,-0.39513817,-0.6023769,-0.21074148,1.4033656,1.1358111,0.37069172,1.5013162,-0.86507225,-1.4314861,0.6346014,-0.15777539,0.5784637,0.6615796,-0.21423219,0.2704297,-0.98035395,0.38423583,-0.11374916,0.5046941,-0.90369624,0.7364004,-0.31149718,0.2744381,0.28151384,-0.5006312,1.0263338,0.42263955,-0.31645384,0.9218498,1.3292979,0.390317,0.75457984,-0.5084328,-0.72918886,-0.10673869,-0.4393604,0.2817585,-1.219278,-1.4407175,-0.11194276,0.91908395,-0.017282076,0.5543423,-0.07893625,0.5799403,0.29672927,-0.74632376,0.41309214,-0.17306888,0.69919527,-0.9295003,0.5229843,0.47281927,0.10824148,-0.22947936,0.1203018,-0.5229141,-0.25832608,-0.11334207,-0.35330817,0.6665807,-0.26641318,0.10545427,0.49105215,0.06634432,0.2055517,0.37751362,0.023972042,0.3258269,0.33811638,0.7281949,-0.8486707,-0.6743043,0.99755,0.52651083,-0.1004061,0.07877049,-0.22859366,0.66212493,-0.4044736,-0.70931077,0.8342698,-0.8642659,0.9286033,0.08136205,0.32928362,0.0009007901,0.21512064,-0.7990957,-0.09177808,0.5926479,-0.08017192,-0.383444,-1.0740359,-0.59296906,0.05517959,0.22135548,-0.7081562,0.75957465,0.059311926,0.33004588,-0.6872458,1.0925738,-0.2633068,0.39316207,0.42821637,-0.20722325,0.23238797,-0.44210762,0.050164632,-0.5036099,0.3047445,-0.45074984,0.9363725,-0.3002682,0.1603282,1.1899792,-0.73378915,-0.18880156,0.17649212,-0.2006083,-1.4849013,-0.6477613,-0.54101044,0.17212605,-0.4116431,0.15802594,0.15215029,-0.54430944,0.53222305,-0.21763486,-0.87435114,-0.3634273,0.32391548
-0.78497076,-1.1739937,-0.6195055,-0.21498014,-0.4691889,-0.7296446,0.7237071,-1.5400727,0.13057612,-0.13136223,-1.7159219,-1.0411762,0.039938364,-1.8398701,0.42279077,-0.32915026,-0.6440843,-0.8025118,-0.6634018,-0.18695019,-0.33904088,0.6408375,-1.4392594,1.6214311,0.13843852,-1.2104714,-1.2631453,0.33461902,-0.94122076,-2.0907323,-1.9039172,-0.49986953,0.5399558,-0.013885452,0.14625081,-1.4299043,0.7674031,0.8494402,0.78008837,-1.6388046,-1.4584154,-0.5223753,0.18284936,-0.53927565,0.7468249,0.6608547,0.3614502,0.34929347,0.43508443,-0.9177612,-0.91704655,0.5138369,1.6762313,-0.8981743,0.90532154,-1.0366217,-0.38188854,-0.72688395,0.17742485,0.010986508,0.8467874,-0.372199,0.32520223,-0.60609263,-1.0089165,0.14004967,0.39360932,0.13115197,-2.0703628,0.9380358,0.35891074,-2.4617345,0.70408344,0.31850493,-0.013941477,0.7611419,0.988716,-0.054995406,1.1034609,0.33071852,-0.35763368,0.97438323,1.0545678,-0.22534703,1.0958359,-0.7565894,-0.10272548,-1.9422146,-0.5265005,-0.39718738,0.80863863,-0.008555587,-0.9576263,-0.12820974,0.66483545,1.7859037,-1.0636927,0.8202609,-0.22395973,-1.1983209,0.9510798,-1.0422666,-0.3382403,-2.5078828,-1.6104856,0.88164973,0.6143354,0.021067224,0.10626838,-0.82866687,0.72054964,0.14165093,-0.06365254,0.00040761102,-1.9487909,-0.32843536,-0.34553027,-0.5863161,-0.76236373,0.96443844,-0.06271785,-1.1406591,-0.029664803,-2.1268957,0.16531828,0.8271196,-0.9550211,-0.43298528,-0.32992458,0.07437969,0.29320264,1.2134484,0.037522957,-0.15677103,0.6288873,0.051639147,1.0197074,-0.075857185,-1.713546,1.7082028,-0.69164133,0.29837766,0.26697272,0.3351364,0.16510491,0.1380916,0.13948204,1.596034,0.76618814,-0.27046314,0.27218902,2.2966437,0.81063235,-0.6597454,-0.27868682,0.50097823,1.7374179,-0.74556893,0.30059582,-1.3506677,-0.6036784,0.2855808,0.8071359,-0.5282398,-0.29623872,-0.6229565,-0.25152823,0.18232982,0.30979162,0.16126597,0.89581215,1.4242369,-0.39036003,-0.68779016,-0.17144832,0.07521521,-0.8016242,2.0696757,0.82583565,1.8269377,1.5802723,0.30310613,0.98960286,-0.08580847,2.2241447,2.4708338,-0.24069373,-1.7730592,2.8040497,1.0362695,0.92053854,-0.5510588,-1.103856,0.6299865,1.1992097,0.40526643,0.4427568,0.058944248,0.9203807,-1.3895732
-0.079422876,-1.1299751,0.019911513,0.03906947,0.8871804,-1.3244022,0.2854527,-0.27214807,1.1353307,-0.20604682,-0.047320805,-1.03636,-1.2500478,-0.3020089,0.34040213,0.60657966,-0.617454,-0.6716324,0.47168407,-0.06679318,-0.65271115,-0.53488845,-0.6995277,-0.24832709,-0.36317953,1.3637786,-1.1541302,-0.27086845,0.28725505,-0.42764464,0.311079,0.51092285,-0.15751523,0.49993503,0.15153505,-0.8784265,-0.11662754,-0.23025624,-0.17649768,-0.17696546,0.11121095,-0.1625749,1.2737464,-0.78621,0.73243314,0.9850769,0.69107455,-0.4216617,0.8536483,-0.48553687,1.1075586,0.17626134,1.62406,-0.34471768,1.1859384,0.17784692,0.34660092,-0.22601655,0.23247877,0.52567476,-0.50482565,0.27655673,-1.2800983,-1.0430858,-1.3344201,-0.79173887,-2.7570515,1.4132109,-1.1147523,-0.4348816,-1.2344346,-1.2061707,-0.54693025,0.15249488,0.15346394,0.14291218,0.5046864,-1.3534039,-0.6294043,0.43445605,0.10232449,1.5439771,-0.44217828,-0.256337,1.7969929,-1.1881301,0.38656834,-1.2277138,-1.1261775,-0.8020379,1.3802918,-1.3759899,-0.6295802,-1.0424496,-0.22438808,0.03440503,-0.6204078,-0.55463034,-0.38436857,-1.070461,0.44492579,-0.841121,-0.9478551,-0.11910282,0.11808123,0.72126454,0.18606433,-0.35924387,0.052577056,-2.2139513,-0.24476603,-0.38021803,-1.3803385,0.22358316,-1.264316,0.16442592,0.22258846,0.06852142,-0.4367657,0.57772624,0.08162526,-1.6166079,-0.4822522,0.2723738,0.48705193,-0.5217302,-0.06999982,1.1692581,-0.7425817,-0.14623359,0.44836336,-1.4692972,-1.0543921,-1.5380274,0.42454597,-1.8424414,0.48325336,-0.07280654,0.016294535,0.10813604,-0.7489819,0.20706217,-0.07696386,0.45043176,0.07603916,0.1721042,0.10964947,0.35664275,0.3317032,1.2728237,0.35736078,0.6593607,0.4565641,-0.79758805,0.6814093,-0.8547302,1.0319071,0.029969387,-0.62930965,-0.08717771,1.0579978,0.4170317,1.1234545,-1.0541596,0.3055988,-0.53871363,-1.0938662,-0.24795838,-0.6993188,0.35636473,0.19668539,-0.08721245,-0.11488645,0.40077692,0.2070992,1.0783548,0.15876873,1.6788025,-0.13123551,-0.5954987,0.5515487,-1.300923,0.4089415,-0.15377977,1.6817402,1.9937348,0.3680985,0.19486536,1.1807488,0.9690386,1.9054401,0.9517668,0.35813636,-0.55950654,0.47716233,-0.24535689,0.7835204,0.3240918,0.665262,-0.7682984
0.61709905,0.32375,0.896389,-0.23753913,-0.012800234,-0.12925279,0.9226977,-0.63673604,0.13644104,-0.30761814,-1.2204531,0.8404394,0.43256438,0.9876015,0.3983767,-0.8054429,0.9754834,-0.09457853,0.20234498,0.045154378,-0.2852968,0.9921574,0.5920232,0.8427454,-0.4444888,0.19079599,0.65949225,-0.41555342,-0.08014046,0.32181415,0.29470757,0.7081824,-0.34707126,0.30667984,0.7446713,0.2344043,-0.96020055,-0.101117246,0.4499431,0.07229435,0.4954848,0.5704805,-0.09695904,0.33343235,0.6660329,0.3663222,0.5619501,0.8639099,0.18882658,0.36817014,-0.5670798,0.13444984,0.286286,0.63905215,-0.187619,-0.23408109,-0.023930233,0.36885947,0.5191814,0.25527355,-0.026737439,-0.6515525,-0.21233116,-0.15367775,0.0887743,0.1887171,-0.44281018,0.0031992737,0.025845986,0.47779775,0.5551861,-0.12851295,0.02777469,0.7772662,-0.21779746,0.13277599,0.56265444,0.38804668,0.1332337,1.0194063,-0.22169685,-0.38109758,-0.35529023,-0.19148006,-0.2696729,-0.33592093,0.51348966,0.0067704357,0.3179451,0.53067887,-0.40710533,0.4527167,-0.45088872,0.32735446,0.33435282,0.6065434,-0.30417204,-0.6576763,0.5724534,0.1660348,0.40318823,0.29606235,0.6967617,-0.22711535,0.47973964,-0.29172063,0.1527387,0.30057582,0.7231737,0.22032413,0.8338636,0.67140585,0.49592698,-0.4291662,0.56792367,0.74001694,0.18128966,0.50313044,-0.20725045,-1.1324747,0.48511305,0.5027797,-0.10055292,-0.5675856,0.045273352,-0.5387948,-1.3276963,0.6557485,0.58227044,-0.14248522,0.59342843,0.057545923,-0.3958078,0.4095493,-0.30006233,-0.28644523,0.44198167,-0.6240651,0.98559487,0.27019584,0.09984048,-0.20449354,-0.5061043,0.023506029,-0.33831716,-0.7825909,0.6072157,0.12736772,-0.11757013,0.28203127,-0.6351825,-0.7065618,0.5397686,0.5587938,-0.22296998,0.7547546,-0.23445392,-1.6514627,0.27352706,-0.37189513,-0.5523238,0.033869132,-0.50320625,0.21073487,0.25487095,0.5643494,0.20064811,-0.32507548,0.51659137,-0.26191205,0.39200324,-0.00995255,0.9608925,-0.898275,-0.79802305,0.45868036,7.4424315e-05,0.4168745,-0.16571675,0.2553196,-0.32484192,-0.047915567,-0.14168638,-0.33816296,0.29293472,-0.52654374,-0.4226404,-0.111268744,-0.3086869,-0.28235415,0.33370572,-0.16389397,-1.0877647,-0.51210403,-0.22584467,-0.432598,0.6661932,-0.5536648,-0.5851632,-0.07796988
-1.2480618,1.2512255,-0.4559203,-0.1830088,-0.41411158,-0.18964684,0.10074428,-0.2552636,0.22161372,-0.36177087,-0.6300334,-0.14478062,-0.80925626,0.29134387,1.1008337,-0.3246484,-0.6202753,-0.31913665,-1.0584981,-2.0785723,-0.6256961,0.7072474,-0.21598613,-0.52870196,0.688208,-0.045265097,-0.043901876,0.43605965,-0.74670386,0.34211442,-0.89809096,-1.2336121,0.44750226,-0.9882041,0.45784926,-0.64751387,-1.0572864,0.84909886,1.7505691,-0.5666565,1.4001625,0.9830871,-0.33974248,0.5041978,0.08007075,1.2075064,1.1436707,0.7181537,1.1063809,0.047851384,0.99684644,1.7511462,0.18525502,-0.19275083,0.96277595,0.51158446,-0.22631195,0.9075007,1.1713253,1.0700084,-0.49332407,0.31081924,-0.42736855,-0.6604094,0.27578786,0.9854657,0.7180054,0.16979578,0.17454365,0.96407,0.21651334,1.0517727,-0.7999624,-0.4641902,0.9507591,-1.6483632,0.9347457,-0.5488848,0.16904855,0.018525422,0.47583714,1.2263824,-1.8864886,-0.56158745,0.098637655,0.5893083,0.33022395,0.36772862,-0.04570232,0.8178985,0.34562495,4.6584755e-05,-0.3559048,-0.57415783,0.3061945,1.3500465,0.49850833,-0.24803351,-0.6251919,-0.35319856,0.076584324,0.25490686,0.5957909,0.0649499,0.9441296,0.53707874,1.2090656,-1.197261,0.29803407,-0.07210261,-0.17792337,-0.54590255,0.519253,0.7447253,0.10642366,0.6577731,0.081533276,0.8275495,-1.3369228,0.67474985,-0.5386283,1.1432827,1.0064334,-0.6906327,-0.14038578,-0.64950025,0.04719942,-0.043539144,1.3634901,0.7569442,0.87187845,0.43949214,-0.32925922,0.28871778,1.4247311,0.48074028,0.35009933,-0.6021624,1.3977208,0.9827299,-0.06288648,-1.718942,-1.5940306,-1.2987342,0.069969796,-0.66636103,-0.2969417,0.5567637,0.85134494,-0.54741895,-0.23553978,0.44978648,0.7765566,0.31242445,-0.9659532,0.15176608,-0.7120811,-1.2817967,0.40284517,-0.53759223,-0.52599645,-0.39637652,-0.80869013,0.1285547,0.91487527,-0.14172544,-1.1070173,-0.5676896,1.2878016,0.9309856,-0.9984707,0.64623886,0.34534696,-0.82575935,-1.3891103,-0.1747452,0.04318709,0.36282852,-0.2992717,-1.2383593,-0.8214488,-1.4329953,-0.51927054,-0.24812548,-0.08556265,-0.9365954,-1.1784718,0.32241368,-0.47431594,-0.14309208,1.2817769,-0.5087394,-1.4658058,-0.38550687,-0.8501423,0.23165599,-0.4026869,-0.7977911,-1.575298,0.6395151
0.42785066,-0.9722863,0.46582887,0.42604136,0.9494468,0.04180153,0.49221495,0.32060143,-0.17304642,0.6607697,0.35546687,-0.16469215,-0.62450665,0.27163064,0.012725346,0.4058251,0.19449681,0.5331269,0.5547656,-0.16797473,0.116565034,-0.44314083,0.032287735,-0.4549792,0.32397944,-0.29475242,-0.3383165,-0.16560309,0.27472588,0.5973052,-0.23426905,0.54172134,0.10577973,0.7594428,-0.7290363,0.75252646,-0.06812612,-0.7060931,-0.5831241,0.3718704,0.03900986,0.10479593,0.80742425,-1.0919608,0.18964653,-0.24361263,-0.48573226,-0.789823,0.09258276,-0.47671458,-0.54048485,0.07366493,-0.21590625,0.27760792,0.097350314,-0.14619967,0.08905396,-0.44514167,-0.24882805,-0.29231113,0.119322546,0.23260587,-0.36826697,-0.32862836,-0.04457604,-1.3255234,-0.16861911,-0.16436274,-0.14624105,-0.5173322,-0.24814016,0.43871582,0.033461135,-0.03062541,-0.29441,0.42123514,0.08127938,-0.3088264,-1.1149635,0.42310077,0.009485759,0.5492872,-0.12080962,-0.37231368,-0.6003829,-0.018467234,-0.24439932,0.9736754,-0.47575173,-0.120601624,-0.1091587,0.29953086,-0.4389243,-0.79507446,-0.62380445,-0.44876596,-0.37705427,-0.20992671,0.011427866,0.18720473,-0.04692314,-0.25553322,-0.35599202,0.082319066,0.12676845,-0.22606282,0.32201073,-0.08657475,-0.4818959,0.30556712,-0.8255115,-0.23103754,-0.45724297,-0.61075574,-0.084773466,0.17997953,0.06669545,-0.48307854,-0.37852997,-0.6216475,-0.417706,-0.35987896,0.45656815,0.9013934,0.4197895,0.21789962,-0.040780775,0.33588144,-1.3934655,0.14732179,-0.34283677,-0.29923028,-0.45544076,-0.59433424,-0.44110382,0.06944043,-0.7203756,-0.04622227,-0.56741875,0.46549997,0.23867023,0.21587335,0.39596742,-0.033947423,0.5644092,0.32223794,0.070978515,-0.4916977,0.092459366,-0.24670768,0.5786153,-0.38548875,0.3468127,0.5929888,1.0082325,-0.6276178,-0.44294584,0.6297236,-0.04323384,0.40984952,-0.112765275,0.6492597,0.16074719,-1.2227621,0.693815,-0.62831074,-0.24183214,0.15367332,-0.13553348,0.26151922,0.8526215,-0.5370658,-0.036255866,0.6776538,0.09533406,0.5143028,0.30620348,-0.3556157,0.42760146,0.15154286,0.47718245,-0.2891969,-1.0102787,0.18382986,-0.83549714,0.40039873,0.66380364,0.9404751,0.07543226,0.47423533,0.38770518,-0.41717398,0.2126616,-0.5415213,0.9904118,-0.41039565,0.646828,0.28290528,0.44824168,-0.05749669
-0.07630855,0.32947293,1.0127786,-0.9303031,-0.8613531,-0.5856013,-0.17083889,0.24165894,-0.1272341,-0.5987809,-1.011722,-1.0473409,-0.6101369,-0.53597987,-0.6757994,-0.7064949,0.4196996,1.1024743,-0.4371426,0.42693055,-0.50991625,0.5614918,0.05588827,0.3272228,-0.12469157,-0.23247723,-0.31855255,-0.04876843,-0.55090344,-0.75152177,0.14259747,-0.2518877,-0.042589687,-0.85307765,0.36616394,-1.1635617,0.89377266,0.28411826,0.8583685,0.16155206,0.40742555,-1.0989196,-0.9098632,1.0616373,1.423855,-0.0838288,-0.07863648,0.15051413,-0.40147486,-0.046156198,0.44390216,-0.1260545,1.4391834,0.4775558,-0.16980124,-1.1947275,-0.443135,-0.020675106,1.5551631,1.1180543,-0.3194586,-1.0834883,0.26494163,-0.612712,-0.5553438,0.34182924,-0.6832959,-0.10255844,-0.84060293,0.42508984,0.17912665,0.6675045,-0.6249645,0.9988264,0.038768794,-0.11732449,-0.24168758,-0.4028487,1.5319631,1.4093518,0.9396082,-0.8303403,0.18214187,-0.16273521,0.29149964,0.28836182,0.74814117,-0.9540328,-0.35177377,-0.14879313,0.34527072,-0.0789983,-1.014685,-0.08096714,0.032107197,0.99127746,0.1575652,-0.46880776,-0.33483726,-0.12588276,1.4623096,-0.4354713,1.3123358,-0.33362618,-0.7241767,0.56712085,0.40793005,0.51692253,0.6493397,-0.43591088,0.37472102,0.6702495,0.11630366,0.057881165,-0.01496073,0.20640627,0.60513484,0.5439834,0.14546227,-0.36719546,-0.06400239,1.0005947,0.0044635944,-0.009876109,-0.18857488,-0.061568353,-0.3857258,0.66789186,0.31349736,0.712417,0.8561043,0.2891644,-0.0008201087,-0.5842472,0.2838549,-0.28198653,-0.32732147,0.08964418,-0.121499255,0.2956159,0.7740254,-0.07418743,-0.5804012,1.1216857,-0.10227322,0.10395138,0.03671526,1.2866899,-0.236646,0.5570287,0.4048087,0.586627,-0.8008807,0.9192785,0.012735462,0.6305537,-0.15623845,-0.07799939,-0.97890127,-1.1108446,-0.41022962,-0.5558045,0.19499363,-0.20190683,0.10839572,-0.54443705,-0.2523469,-0.58489037,0.66456294,-0.10262436,-0.032665104,0.105342664,0.44816506,-0.6764668,-1.2374444,0.11453008,-0.41685918,-0.30913797,-0.9168829,-0.17461799,0.75125825,-0.16739647,-0.10182306,0.19301353,-0.044967443,-0.7858697,-0.08285153,0.024630938,-0.5023267,-1.3333808,0.49631006,1.0857649,-0.71405065,0.33548868,0.07745261,-0.8661746,0.73233545,-0.15945096,-0.0241025,0.33173424
-0.45179158,0.71463406,0.24968174,0.821575,0.17219466,0.59007686,0.2400657,0.42573768,-0.11915435,0.25603098,0.6942791,0.5485936,0.31725708,0.489186,0.67804456,0.3430898,0.41514117,0.099715054,0.24051145,-0.059656657,0.7016479,0.85617536,0.45176232,0.3408353,0.41171807,0.3754628,0.4917775,-0.12724374,-0.1712151,-0.04951992,0.13135096,0.16181731,1.1753684,-0.030550316,0.49834114,0.29814592,-0.6150246,0.93706053,0.83694553,0.21324085,0.88022375,0.53438145,-0.32119238,0.69565505,0.22579293,0.75273645,0.45270053,0.17256519,0.29529774,0.4780556,0.23262726,0.5726646,-0.27932638,0.7069873,0.24973048,0.62166965,-0.6481938,0.5272574,0.37339413,-0.4154358,0.17209019,0.9578143,0.7569022,0.9309041,1.3958446,0.87342054,0.57670987,-0.403915,0.025155637,0.9970041,0.63523686,0.6624767,-0.8807671,-0.1526713,-0.60669583,0.04306003,0.5774554,1.0496198,-0.4019175,0.0062395027,0.5031875,0.75842553,-1.253229,0.34759122,-1.1096702,-0.45680058,0.30970266,-0.19499499,0.13874568,1.0218512,-0.07414424,0.73098475,0.78886294,0.17325766,0.010209238,0.5671591,0.028540798,0.8643561,0.51150125,0.48550144,-0.08692677,0.22243568,0.3394969,-0.20378113,0.21650736,0.4487548,-0.10808776,0.42837498,0.31246468,0.03828311,0.7294517,0.44519264,1.2561399,0.4155814,0.57138306,0.7142156,0.3107075,0.40465012,-0.3466734,0.52375734,-0.4448705,0.20510972,0.4425337,-0.81068957,0.14607361,-0.65788835,0.15537937,0.62662154,0.3482893,0.5520195,0.54809666,0.5616772,-0.3591261,0.69372904,1.2371216,0.18858793,0.8436584,-0.74744725,0.81619614,0.36242995,-1.2686149,-0.011801435,-0.9606097,0.11938809,0.49469364,-0.4504522,0.10171254,-1.5094812,-1.074093,-0.2730572,-0.90641946,-0.21568418,0.18143104,0.08567542,-0.36087668,0.48271757,-0.6482281,0.15136972,0.561494,-1.5804944,-0.1131532,-0.91174954,-1.167783,0.79634714,-0.60833275,-0.78275466,-0.35969856,-0.46565416,0.8537572,0.41889557,-0.6698285,0.9031484,0.3037,-0.49901578,-0.6587414,-0.039410718,-0.99920595,-0.6680711,-0.4228066,-0.60616815,-0.5820694,-0.6767734,-1.0152844,-1.4000008,-0.24081992,-0.66372424,-0.34901378,-0.36315605,-1.3625699,-0.55675334,-0.687574,-0.05928569,-0.82616454,-0.31213886,-0.826541,-0.09167383,-0.63286966,-1.4522426,-1.3591248,0.4352303
-1.2074741,-0.2988695,-0.38174322,0.30695528,-0.3255314,0.6287093,-0.9030497,0.9645052,0.59848803,-0.28491032,-0.3042383,-1.242666,-0.5732519,-0.89335954,-0.8013429,0.055350523,-1.1782655,-0.15574941,-0.7959265,-0.2202776,0.0030374415,-0.7061412,-0.82712156,-0.48728648,-0.4984921,0.31568897,-0.66110116,0.17060255,-0.47462288,-0.61555016,-0.14966035,-0.87288976,0.22213632,-0.8632307,-0.852516,-0.67409825,0.22235395,-0.18702316,-0.32706788,-0.0011735503,-0.85254216,-0.21452315,-0.4128156,-0.6049333,-0.32922912,-0.68666244,-0.4175473,0.45889145,-0.036260236,-0.1867806,-0.7244197,-0.14704481,-0.44038478,-1.0517784,-0.17032693,0.35460946,0.24551764,-0.19964463,-0.43014207,-0.07174243,0.36109424,0.28632557,-0.06252346,-0.45500925,-0.13097215,0.6504353,0.037539203,-0.04341329,-0.5587699,0.012620765,-0.14273867,0.08651503,0.25635272,-0.12832123,-0.28624547,-0.6653396,-0.85864323,-0.43804264,-0.49624816,-0.72010356,-0.11489218,0.31407237,0.04167303,-0.1557509,0.48734903,0.554151,-0.9941407,-0.7418634,-0.748863,-0.35629207,0.49750462,0.12215252,0.37531888,0.08625031,-0.16576909,-0.6710738,0.6348316,0.4618399,0.4022059,-0.32522178,-0.007911114,-0.15542552,-0.80401045,0.7015131,0.21578126,0.2066151,-0.64149797,-0.4891049,-0.76733255,0.5445235,-0.57336766,-0.8948132,-0.32439822,0.59426254,-0.94332355,-1.0541652,-0.13559161,-0.27393255,0.0954883,-0.29552102,0.0069431607,-0.52238894,0.010808114,0.5975311,-0.5353285,0.50798744,0.08789573,-0.46561873,-0.18554774,0.05358375,-0.7751084,-0.24484882,0.21328814,-0.5283032,0.6496303,-0.08539569,-1.0433756,0.16243923,0.109322,-0.010556024,-0.041962903,0.51679325,0.2649433,0.34846008,0.44564146,0.053704794,0.23372304,-0.20799975,-0.06181044,0.28898624,0.7737639,1.0929053,0.027992181,-0.37692434,-0.26759022,-0.016285338,0.50758797,-0.11325044,0.3356728,0.20618269,0.338776,-0.09543863,0.7442784,0.029709069,0.2962501,-0.2755924,-0.26429322,1.137949,-0.2676429,0.35123226,0.0886756,-0.03297237,-0.7236948,0.14423455,-0.14728253,-0.35902816,1.034225,-0.24244119,0.32228756,-0.82967126,0.33497834,0.06070118,0.03360223,0.23759356,-0.023682948,0.15881991,0.87987113,0.7054412,-0.015448719,0.25370517,-0.16178294,0.66847277,0.3204992,0.82417,0.85463446,0.5106886,0.7011614,0.17455177,0.7999374,-0.18505524
-0.7257838,0.0980769,-0.58056736,2.2560709,1.4122064,0.5920265,-2.5992155,1.1596669,1.4466882,1.6724043,0.11496533,-3.7858589,-3.017009,-1.554746,-2.7044187,2.1774905,-2.2579718,-1.2320011,-0.86293703,-0.6895953,-0.3289555,-1.8531042,-1.6930554,-1.633611,-0.4890977,0.31019935,-2.720661,0.4840763,0.7074623,-0.7032955,-2.0780294,-2.2812233,1.3272374,-1.7730883,-2.0723794,-1.1596979,0.8491483,-1.211076,-1.2303275,-1.1954492,-1.2145547,-2.3365486,1.5440965,-1.5471553,-0.42136356,-1.3914019,-0.86859185,-1.7014003,1.2533374,0.68240494,2.0028946,0.4764279,-0.57419235,-0.40978914,-1.2174541,0.07737941,-0.21159633,-2.1237988,-1.6811064,-0.64480674,0.50812054,1.598646,-2.476334,-2.600556,-2.0809898,-1.6176071,-1.0345802,-0.5428547,1.1095291,-0.2973199,-1.4449946,0.32684943,0.041494608,0.91424835,0.538753,-0.63590205,-0.18250436,-3.260181,-2.809541,0.7506196,-2.5075052,-0.07821736,0.17462265,1.4721777,1.3323224,1.5904136,-2.0863867,0.52678573,-2.284977,-2.1842356,1.9146613,-0.6522793,-2.2404802,-1.6174175,-0.28399426,-2.23203,0.84100646,-0.96748334,-0.65304637,-0.37125176,0.96593136,0.56214166,-1.4606395,-0.6709515,-0.116072595,0.5490689,1.2010454,-0.29038802,-2.6502326,-1.4156058,-2.1924345,-2.841827,-1.9079251,0.3831317,-2.2803984,-2.3579278,1.5530547,-2.4485266,0.42798954,1.4336197,0.51402444,-0.7025802,-0.5965919,1.047246,0.2954544,1.4707284,-0.29283246,1.1820565,-2.8809228,0.21263319,-1.5357819,-3.2444086,2.2622561,-0.6492569,-0.38504905,2.2066905,-2.415338,0.38614088,-2.1270063,-0.3485845,1.6981611,0.11514077,1.5978914,0.34812516,1.2966659,1.7960769,-2.8945937,-0.32961416,1.486695,1.74929,1.0022534,1.2436469,-0.55839396,-0.39344653,1.1565436,-1.2254126,-2.1602676,1.6155821,-1.1284413,0.8315694,0.43591633,0.62145424,1.576992,-1.6199561,-1.050419,-1.5810864,-1.5844566,1.4979684,-0.6525466,1.3618469,0.54981893,-1.4983552,-0.95276123,1.0278368,-0.35790282,1.1624432,0.77131814,-0.32686052,0.93807197,-2.197243,1.1033182,0.5221997,-0.69802785,1.0499696,-0.186002,-0.22976786,0.46206492,1.6934917,1.6464406,1.1603884,1.0156512,0.55100876,1.2291335,0.9899452,1.8324437,0.5576246,0.67050767,1.6966411,1.4786352,0.026291767
0.3412559,-0.0720183,-0.49593994,-0.32808423,-0.12136867,0.46006522,0.21198456,0.3171268,0.7399216,0.13126348,-0.23484637,0.38798335,0.767103,0.35156068,0.20199066,-0.057288032,0.39238343,0.63683116,0.3174934,0.08707891,-0.076948255,0.52155167,0.28082293,1.1043497,0.59661573,-0.46009067,0.31323805,0.30040723,-0.25495794,0.7063956,-0.3583902,0.08960497,-1.1671606,0.54266113,0.41331264,0.51630634,-0.17791942,-0.64976406,0.24880229,-1.1420395,-0.0651863,0.46128917,0.32919645,-0.13306357,-1.0378189,-0.6438728,-0.36113805,0.24967358,-1.0904663,0.44709277,-0.42146096,0.85936344,-0.94106317,-0.013533797,0.7891777,0.45073014,0.22262514,0.41024885,0.63025874,0.07007159,-0.3209038,-0.22624052,-0.33305594,-0.6342351,-0.23555288,0.29465753,0.6452172,-0.066432185,0.059668753,-0.5042094,0.87982047,0.7967171,0.41355017,0.008550189,-0.16816373,0.083832726,0.03937274,0.28099844,0.050093908,-0.34883544,-1.1730423,-0.20776099,0.4899525,-0.8428302,0.44993705,0.025146151,-0.509417,0.523442,0.19955638,-0.58473593,0.16902143,0.02374567,-0.65631926,0.5492387,0.36504948,0.20445767,0.39485115,-0.352444,0.75649256,0.7685633,-0.8714685,-1.0270535,0.10441782,0.20579544,-0.6301242,-1.3132908,-0.95604146,0.49995348,0.7144439,0.12938158,-0.029309962,0.32799786,0.3521736,0.2830128,0.8935584,0.15970677,-0.58482647,0.41898075,-0.42827123,-0.22093673,-0.016396305,0.17668715,-0.21232654,0.06961535,-0.47829238,0.1322602,-0.016085753,-0.427133,-0.7016969,-0.17680658,-0.5622746,-0.5929551,-0.1636834,0.16436231,-0.91523993,0.5306163,-0.08918857,0.40625063,0.4750264,0.25445494,0.1249477,0.7666093,-0.03184625,-0.82778686,0.87370884,0.6015056,-0.21399273,-0.51094,-0.77659035,0.11778815,0.29328716,-0.33543172,0.04945207,-0.18552816,0.31593043,-0.15757072,-0.0023475774,0.2913352,-0.119760275,0.24975373,0.32075042,0.33463585,0.47527695,0.0041179936,-0.40087837,-0.0054971427,-0.59241414,-0.45172605,-0.8493987,0.14614585,0.64929277,0.25240576,-0.26550284,0.75884193,0.62238663,0.15528174,0.200157,-1.3141352,0.29310697,0.42843512,-0.34896836,0.46228,0.07462224,0.9444858,-0.28562528,0.28367227,-0.51707965,-0.44259635,-0.31641322,-0.087845,-0.7258619,0.24993464,0.5735253,-0.3291775,-0.104045816,0.11763119,0.4300552,0.71890306,-0.039470553,-1.4800667
0.118079424,0.40588683,0.9931679,-0.65371776,-0.14044377,-0.43135425,0.50634956,-0.72774357,-0.27763623,-0.30270374,-0.027051846,0.6308191,0.2811681,0.7758217,0.34775853,-0.38353214,0.9775408,0.8824614,0.36428985,1.0607318,0.30382824,1.0230498,0.9412549,0.7444172,-0.16624385,-0.6234405,0.36481497,0.2971,-0.40792233,0.2056216,0.44960326,0.610268,0.15626124,0.1932359,-0.16246197,-0.56847125,-0.13637899,0.3953565,0.3342861,0.43056366,1.121154,0.25347644,-0.2390606,0.41002643,0.9758619,0.8951502,1.0123885,-0.5448691,0.53408515,-0.017575376,-0.22136697,-0.22529766,0.4311725,0.68404895,0.56628954,-0.48812026,-0.16604835,0.6118918,0.4557882,-0.015645027,-0.46137756,-0.34989047,0.053238705,0.20099173,0.4851674,0.23038407,0.08762578,-0.43197414,-0.074662454,-0.21666679,0.6813985,0.24867284,-0.24029693,0.33313257,-0.92008114,-0.21508358,0.48654097,0.5694942,0.41704503,0.7676206,-0.00513687,-0.019971889,-0.7615108,0.4115637,-0.77109057,-0.18067065,0.5629874,-0.33907187,1.0756518,0.5664694,-0.6420535,0.72230977,-0.45207423,0.41743273,-0.38586715,0.5646024,0.30682427,-0.28761464,-0.32259306,0.704067,0.48340672,0.5191083,0.7740992,-0.35883188,0.09896438,0.939962,0.41377556,1.2401222,0.780603,-0.042459935,1.0634968,1.2282963,0.7128805,-0.21949612,0.3535429,0.16231507,0.8914616,0.30657065,-0.39079672,0.12594311,-0.124102004,0.9250296,0.24887024,-0.53834194,0.28638312,0.07203147,-0.66966134,0.7750498,0.5901005,-0.73409235,0.789505,1.3008444,-0.35075173,0.5483584,0.34822914,-0.12638476,0.6456978,-0.98380923,0.5256818,-0.7143328,-0.7762595,-0.12137184,-0.6288948,0.29514885,0.09009694,-1.0888312,0.28989047,-0.23935686,-1.4485884,-0.13809189,-1.1591469,-0.686361,1.0195675,0.797092,-0.14180726,0.59402776,-0.13910232,-0.1873,0.7927181,-1.0019484,-0.57107437,-1.1258218,-0.8673323,0.464663,0.25970846,0.6850232,-0.63709676,-1.2007653,0.7308813,0.30590254,-0.4394813,0.381217,0.96890706,-0.8357682,0.4122427,-0.5261756,-1.0881671,0.1361015,-1.4124861,-0.67393374,-0.6301165,-0.9942468,-0.39630705,-0.2609583,-0.1094387,-0.3860504,-0.253505,-0.59415686,-0.16780348,-0.47825512,0.8456428,-0.85020286,-1.4032815,-0.14406459,-0.5583168,0.44286478,-0.39550477,-0.55604327,-1.2249337,0.8223536
-0.53453135,-1.0882556,0.3515046,0.9219123,0.3970616,0.065573364,0.2421047,1.0791371,-0.66508526,0.87058187,0.24541129,-1.433291,-0.9777741,-0.47558767,-1.3659214,0.5817276,-0.584787,0.011741186,0.107487135,-0.07206232,0.194051,-1.5642005,-0.37168062,-1.0445297,-1.1377933,-0.8663032,-1.4189324,-0.83315986,-0.33153376,-0.11723941,-1.5912443,0.04232277,0.2614079,-0.2201429,-1.756764,-0.058261927,-1.1083935,-0.5842557,-1.0488527,0.63695,-0.7607237,-0.13098875,0.4922623,-0.7422097,0.1835543,-0.387864,-0.51557577,-1.4327971,0.25309435,-0.18541336,-0.48478603,0.4146969,-1.5168189,-0.36055452,0.21027316,0.7069483,0.9434462,-1.0569583,-1.3740556,0.055122733,-0.3102487,0.18460737,-0.907495,-0.124055155,-0.5588783,-0.6818295,-0.52399886,0.07889703,-1.0381652,-0.74887997,-0.32789743,-0.42935985,0.3151956,-0.14262843,0.23587918,-0.05054641,-0.8467691,-0.7282239,-1.6402866,0.650274,-2.3463347,0.8793971,0.06743141,-1.0722551,-0.38140315,1.359869,-1.0765296,0.124527514,-0.53354126,-0.12296316,-0.39847663,-0.6268492,-0.49963176,-0.58487713,-0.43647128,-1.3388447,-0.11986128,-0.08883571,-0.4976978,-0.1655534,0.124888375,-0.38597152,-0.5456582,0.059328202,-0.55857885,0.48978618,0.25427213,0.041280057,0.110586025,-0.3894743,-0.9163808,-0.531068,-0.34613562,-0.9913392,-0.7023035,-0.8174037,0.27877858,-1.5766715,-0.03304828,0.35601914,0.6526074,-0.19397742,-1.7235026,1.1565907,-0.6076005,1.0670625,-1.4928683,0.28401017,-0.67622346,0.4425216,-0.7890534,-1.0425252,1.3740458,-1.0904375,0.119464755,0.42099327,-2.0069175,-0.072339326,-0.30704483,0.45144144,1.2536048,1.4296685,0.76257175,0.32745814,0.35251123,0.7251937,0.038896203,-0.8445151,0.93126035,-0.56187886,0.70063037,-0.4442522,-0.5699992,-0.6552106,1.052004,0.20129819,-0.39670312,0.89618045,-0.5171713,1.2238853,1.3247018,1.6542462,0.8691156,-0.5115061,-0.17248423,-1.5023319,-1.3270735,1.2472247,-1.4193165,0.85767275,0.89530104,-1.3660069,-0.84746736,1.4359531,-0.007726487,-0.08690974,1.555041,-1.0970407,0.6722564,-0.62495315,0.82414156,0.7273127,-0.8954899,1.2795221,-0.6490003,-0.38666356,0.6667723,0.72966725,0.5430854,1.2809769,0.24809116,-0.12041724,1.3465644,-0.5772598,1.5046009,0.65844285,1.0636601,1.0541002,1.2857202,0.33289525
2.1331663,-0.7731418,1.578589,-1.2220789,0.88612014,-0.4810919,0.9597324,0.20333001,0.15204428,0.29198182,-0.59851474,0.027097765,-0.6978027,2.2395198,-0.47813225,-1.0446013,2.2610755,0.0658499,1.7768519,1.8307012,-0.58224237,0.61751807,1.8029244,-0.034919593,-0.22513539,-1.2220945,-1.0976197,0.9728342,0.2226743,0.78403926,1.2587941,1.4919416,-1.7252878,1.2254056,-1.3945757,0.067816064,-0.9611146,-1.6827894,-1.3328239,0.5860444,0.330559,-0.6852238,1.2134234,-0.84207976,0.7858427,-0.45338702,0.07536949,-0.07674927,0.27736115,-0.20123568,0.1734549,-0.7228915,0.6721882,1.8546864,0.039139953,-1.0532961,-0.9096667,-0.88996714,-0.45280007,-0.21642084,-0.9392902,-0.1795345,-0.7305728,-1.3358604,-0.59960395,-0.82759476,-1.2331887,0.5161884,1.1542605,-2.1785016,-0.3216725,0.041049473,-1.4085449,1.9613467,-0.6862486,0.5691732,-0.6614372,-0.73872405,-0.6979885,2.021909,-1.1113464,-1.2305268,0.71037966,1.6718093,-1.5877743,0.6714896,-0.39196926,0.5406232,-0.3475633,-0.829539,-0.7285362,0.26259446,-0.36529413,0.3436661,-0.9165312,-1.1811423,0.19691777,-0.28104585,-1.0848972,1.7447852,1.0466999,1.4439371,1.216025,-0.98510766,1.0893892,0.9188899,0.17516455,1.3409624,1.4103682,0.584905,-0.13559331,1.3424021,-0.3876854,-0.75091106,0.068714395,-0.7611828,1.9173015,0.057830997,0.14977857,-0.48357517,0.52749413,0.5033645,1.0117133,0.57549286,-0.5759787,-0.0517389,-0.65472484,1.3133096,-1.5736605,-1.5724406,1.0804969,0.32539353,0.24277748,0.48112726,-1.8475406,-0.1409432,0.02200573,-0.40123358,-0.06688233,-1.2468281,0.1512549,0.9749751,0.74422365,-0.76305646,0.64574224,0.021419276,0.5312297,-0.7817136,0.0010874709,0.6854402,-1.20802,-1.6915178,0.15933597,0.6102981,0.6152267,0.43190143,-0.56378,0.47101042,1.4237645,0.6295088,0.5354149,0.3378511,-0.8040262,-0.5958934,0.16537528,-0.44735062,-0.5458658,-0.61811537,-0.021400342,1.0436612,-1.1093779,-0.5093837,1.1682651,-0.13796602,-0.1649299,1.3607101,-0.94200593,0.87254643,-0.24431062,0.81296146,0.16959491,0.3305787,-0.06595035,1.199697,0.68888986,0.79659885,0.15632476,-0.3581129,1.1389824,0.6062369,0.008652888,0.4160478,-0.49596223,-0.37535614,-0.08065964,-0.9046087,-0.27350998,-0.2949765,-0.78273535,0.92627376
0.5781383,0.17545371,1.5299617,-0.8827039,0.13815832,0.27286866,0.54139453,0.7029566,-0.49646267,-0.70821947,-0.54166925,-0.3822632,-1.3069899,1.1887454,-1.1393375,-0.7627437,1.4326692,0.13428913,1.4971857,1.732318,-0.28621724,0.8575155,1.4252368,0.5627288,-0.07343284,-1.1197224,-0.5974014,0.30178937,1.0241631,0.036241494,0.3550838,0.63933784,-0.7469238,0.0006344775,-0.9094314,-0.35940522,-0.5431777,-0.8520004,0.07466005,0.90973383,0.8633361,-0.64983577,0.16527861,-0.35566866,1.1704249,-0.4597972,-0.1388648,0.041422643,-0.6527238,0.6964273,-0.08640387,-1.0493348,0.576346,1.5085884,-0.19616468,-1.2266039,-1.3760217,-1.012086,-0.5096029,0.12967665,-0.70390207,-0.09648293,-0.016137064,-1.0391217,-0.5851958,-0.24041346,0.43192908,0.19447987,0.96253854,-0.2311472,-0.18842265,1.124319,-0.51207143,1.4755375,0.21499147,1.4101174,-0.36757946,-0.35090065,-0.34784618,1.4559848,-0.15154499,-0.2505904,0.80826277,2.0440712,-0.92946386,0.94479334,0.011456108,0.25316018,0.20748232,-0.6525651,-0.39905056,-0.40464696,0.22525933,-0.0132266525,-0.18014918,-0.31974015,0.3229304,-0.0835703,0.1815824,1.4345827,1.5275751,0.7467967,1.4461693,-0.81725633,0.30901155,1.3512573,0.34986794,1.3114909,0.71857274,1.1230017,0.35732922,1.126215,0.03595776,-1.0952914,0.6855865,-0.411848,1.9026878,0.36698827,-0.122627854,0.26159933,0.78177637,1.0502331,0.20294338,-0.18996498,-0.6914432,-0.733743,-1.7320548,0.9337318,-0.39499354,0.04172658,1.3316981,1.1463555,0.64757353,0.98687804,-0.09105882,0.65741444,-0.19640088,0.13784935,-0.25870705,-0.44981197,-0.70899254,1.9013393,-0.36515313,-0.47125584,0.10022538,-0.52120167,0.087283164,-0.496836,-0.6900643,-1.0863645,-0.4676751,-0.8743979,0.36136723,0.83678806,-0.07522567,1.10437,-0.97783494,0.10258726,1.0085461,-0.7741384,-0.06496609,-0.60933924,-0.40111685,0.9152374,-0.46195254,0.26625234,0.10531353,-0.67596465,-0.3552177,0.21497387,-0.66486603,0.113526225,1.2173156,-0.06200205,0.36026752,1.3908074,-0.90986484,0.27837977,-0.09485451,0.37476864,-0.8126927,0.5721436,-0.24841669,-0.46832553,0.5633376,0.76198375,0.071835205,-0.50860876,0.44378245,-0.13215785,-0.25983658,-0.32200098,-0.97641045,-0.9368464,-0.6980974,-0.1058305,-0.9001985,-0.35441893,-1.5939127,0.77558106
-1.1607646,0.08209826,-0.7485845,0.10741113,-0.5794875,1.295868,-0.11648351,1.1814109,0.7213436,-0.196007,0.59627306,-1.2473811,-0.07573418,-1.3013669,-0.5901516,0.78646386,-1.2446674,-2.4501781,-0.46808943,-0.58173937,0.838151,-0.68955976,-2.0955462,-0.9425831,1.4233776,-0.116874024,0.4378784,1.3550975,-1.8031788,0.38678288,-0.9312061,-0.23594981,0.2982494,-0.31812358,0.65353703,0.80948913,0.85096985,-1.1488894,0.13312726,-1.3810736,-0.19816002,0.765545,-0.41618478,0.07864977,-0.8459953,-1.7133043,-1.8223466,-2.4042494,-1.2911992,2.5041661,-0.24259531,-2.0374491,0.13517587,-1.1195351,-1.9013176,0.50399363,0.3992679,-0.8784603,-0.4372993,0.15717708,0.22592624,0.2915498,0.7492168,0.34754026,0.317024,-0.8163285,0.033109024,-0.22918293,0.36685494,-0.012439434,-0.6833122,-0.065613754,-1.0359004,0.2258636,0.5532274,-1.4754114,0.44366795,-0.34865895,-0.028604928,-1.171537,0.69335026,1.2470367,0.88785523,-1.1267959,1.286909,0.57298803,-0.80499536,0.27829397,-0.17680778,-0.7780186,-0.2541155,-0.40757662,0.23503056,-0.83649015,-1.9734595,-0.9050976,-1.0563004,0.9798395,0.5750254,0.034512088,-0.0998857,-1.1423398,-0.35206324,1.1418167,-0.21138828,-0.49358755,0.34973988,-1.1481799,-1.459777,0.13163355,-0.74328756,-1.2277166,-0.88897735,-1.7072105,-0.4338793,-0.7547966,-0.5134094,-0.41356903,-1.5785366,0.026223335,-0.47436285,-0.40572602,1.005106,0.21897176,-0.39453512,0.77913976,0.8742727,-1.0474172,0.30733776,0.19599538,-0.5137465,0.51284534,0.8196891,0.78468704,0.32165796,-0.26365852,-1.4634066,0.15229182,-0.24189077,-0.26352298,0.07544154,1.2203394,1.2479494,-0.6853636,1.226798,0.70424366,1.3692248,-0.11154367,-0.43227792,0.19626898,-0.1606282,0.7007679,-0.7655674,-0.263617,0.86767,-0.45620236,0.33551747,-0.09384737,-0.7073776,0.6065281,1.531256,1.532842,1.5134737,1.5718971,0.65686285,0.0047262143,-0.7446573,-0.29153326,-0.6558033,-0.3133459,0.96404594,0.41780502,-0.64562976,1.4803305,1.3840195,-0.69058824,0.7553812,-2.0200236,1.0478928,0.11560327,0.97724605,1.1252,0.9658131,0.7733879,0.18932916,-0.68439674,0.53834563,0.072636455,-0.58055824,1.0616051,-0.44500795,-0.39353234,0.32071152,1.4695233,-1.856868,-0.45830098,1.5309929,1.8092521,1.348377,-3.3540998
0.013838265,0.47248015,0.59538335,-0.29504806,-0.82339126,0.8847733,-0.22610736,0.8384782,-0.21525244,0.22430465,0.3016955,0.6695742,1.2066723,0.46113083,-0.44080162,0.28618604,0.60785156,1.3491082,0.100503944,1.4095126,0.23194501,0.856082,0.8424471,0.8752042,-0.035437964,-0.18492277,0.93048584,-0.23033924,0.80049264,-0.22356668,0.6766335,-0.5020522,0.39540994,-0.64696336,-0.02567549,0.6769283,0.96290237,1.1493665,-0.5049118,0.12630303,0.24906263,-1.1952448,-0.0053201653,0.62061834,0.3480136,-1.3143344,-1.27239,0.26821738,-1.4564171,0.59168184,-0.50580233,-0.24477243,0.013031624,-0.4554866,-0.24646266,-0.25386554,-1.0394628,0.8428743,0.39230776,-0.62733555,-0.6150659,-0.16212973,0.20433255,0.25943285,0.8985654,0.53544915,0.35533264,0.53309125,0.31944513,0.22621787,0.8650261,-0.3415518,0.2577022,0.6922956,0.116415784,0.7156775,0.4675063,0.56538296,-0.10160865,0.28259683,0.3347242,-0.14404036,0.646931,-0.113430664,-0.77781826,-0.014620161,0.41850498,0.81357455,1.6715939,-1.0538785,-0.11441096,0.65851265,-0.3152503,0.49063215,-0.074260496,-0.47463572,0.038097158,0.047142,0.30840245,0.99690026,0.26762336,0.0005666092,0.20667641,0.7741404,0.3286964,0.620849,0.07064037,1.2505654,1.079405,0.2696867,0.5714958,0.98461455,0.43447226,-0.15983933,0.29107788,0.4922187,0.4249571,0.82849383,0.48703623,-0.8468233,-1.193819,-0.1237503,-0.543318,-0.60077214,0.9095523,-0.37195012,-0.3512531,-0.09017002,-0.71909285,-0.5603485,0.18653615,0.37639877,0.45047382,-0.061871577,-0.09625602,0.34501588,0.7727823,-0.17988,-1.094817,-0.08169906,-0.62199885,0.20709796,-0.00894678,1.3060273,-0.25479725,-0.28225362,-1.4613925,0.26439497,-0.91792285,-0.37635478,-0.5198638,-0.48648608,-0.19630474,1.0743891,0.10289288,0.3995002,0.45700693,-0.08154918,0.15209985,-1.1554554,-0.49297762,-0.332611,-0.900654,0.22813147,0.46451515,0.094220065,0.51929903,-1.3824508,-0.5714343,0.22583306,-0.42196053,-0.40188643,-0.17218712,-0.22380587,-0.3100369,-1.1472995,-0.3555609,0.4383963,-0.33703375,0.5008857,-0.11642885,0.370261,-0.2210331,-0.82794183,0.53073347,-0.31552848,-0.6357616,-0.76532644,-0.14237438,-0.8970284,-0.19424371,0.10114153,-0.56955665,-0.5800672,-0.15489905,-0.5124043,-1.0804932,-0.2569573,-0.5981026,0.85006684
0.5367466,-0.054168396,0.97786486,-1.0534291,-0.022951886,-0.81242424,-0.15903442,0.45529288,0.7035225,-1.015019,-0.8551541,0.7505796,-0.25566924,0.94067615,0.29474092,-0.7837205,0.7388147,1.0959678,-0.2982555,0.4295203,-1.212911,0.35200974,0.4290871,-0.28640088,-0.4159133,-0.9050849,1.0822773,-0.2745552,0.84568703,-0.37536556,0.9375762,-0.51992387,-0.22716263,-0.8046844,-0.1335366,-0.17082173,0.099124536,0.16200216,-0.059649456,-0.326358,0.3976663,-1.2871146,-0.024154443,0.96032083,0.88439816,0.21673568,0.43787414,0.16874868,0.3716924,0.54823124,0.21396784,-0.5613736,0.7176061,0.44074327,0.76014686,-1.533383,-1.3590933,1.3856709,0.8616346,0.1936508,-0.49531552,-0.9501249,0.12360297,-0.1271695,-0.034278832,0.23862395,-0.7184788,0.31701276,0.5370504,-0.24256401,0.93721247,1.4240552,0.4776322,1.5930796,-0.14731301,0.8197004,-0.24125804,-0.24423777,0.7949721,1.0237839,0.74269557,-0.8882393,-0.32693493,0.712642,-0.6898007,0.15898702,1.6428093,0.4744146,0.766963,0.19951263,-1.3765689,0.39110646,-0.56838065,-0.26780996,0.32247454,0.73819715,0.22920874,-1.8933958,0.073852465,-0.10166636,0.9134399,0.29021394,0.6112012,-0.15250365,-0.09560176,-0.00089158025,1.0905442,0.7073164,1.0611572,-0.81157756,0.30211827,0.80336225,-1.0644587,0.04676919,0.3501059,0.033096734,1.2108238,0.99114734,-0.041402407,-0.07471146,1.044909,1.0872498,0.6207027,-0.9647321,0.20947105,0.1711298,-0.1764776,1.1834717,0.31854963,0.370301,1.3042855,0.70764863,0.5139027,0.4476983,-1.0435225,0.3563855,0.3891986,0.50695026,0.6785928,0.3163061,-0.7762475,-0.53838867,-0.5833246,0.7936054,0.018523993,-0.1210898,-0.15979056,0.6456683,-1.0982606,0.18034029,-0.517689,-1.1665679,-0.28184965,0.7565379,-0.096558,0.83938044,-0.122914284,0.0901014,-0.7617914,-0.82158095,-0.95229435,-0.764956,-1.0957274,-0.6431205,0.32194644,-0.29244763,-0.13134925,-0.108671546,0.6017814,0.79552263,-0.71004,-0.019309327,0.90155935,-0.9207114,0.6965544,-0.13313411,-0.72765404,1.3908968,-1.3497896,0.62387216,-0.48902503,-0.04176866,-0.48090076,-0.027619084,-0.273171,0.013464274,0.026000502,-0.07929698,0.47615618,-1.2129842,1.578988,-0.5106305,-1.1458974,-1.1812383,-0.5715326,-0.47905198,-0.10218471,-1.1845052,-1.130898,0.90852284
0.25339836,1.3162941,-0.36656985,1.1073552,0.39584693,0.3217338,0.46954113,0.017218754,0.47207844,0.1714669,0.82951134,0.0054131337,0.35559654,0.4167085,0.34344295,1.1872098,-0.35707912,-0.1454265,-0.3058946,-0.26830173,0.74689573,-0.022932883,-0.42494467,0.56401706,-1.3765751,0.32284865,-0.6424377,-0.56810987,-0.7663083,1.3737472,-0.051462386,0.38794506,0.60112166,-0.22199377,0.10672865,0.6743891,0.30924797,1.1313008,0.2904624,0.52191573,0.046730153,0.58131486,-0.20896761,-0.6922712,0.15327404,0.4022872,-0.06701775,0.25043213,0.8031194,-1.807919,0.14745641,0.38306257,-0.99217975,0.06981216,0.13728781,0.7493928,-0.0038917027,0.2380447,-0.14419219,0.26717475,0.44184792,0.49460658,1.0617664,0.9439534,1.298151,-0.21523197,0.46664858,-0.25802922,0.6648842,-0.040169854,-1.0308557,-1.2392377,0.40041068,-0.13034406,0.5782337,-0.52050185,-0.9770314,0.8080741,-0.06540969,-0.39842114,-1.2368512,-0.9094768,0.22387946,-0.22344746,0.3786611,-0.4315671,-0.9595318,1.1543416,1.024398,0.68924725,-1.1437187,0.4714995,-0.14807308,0.39144197,-0.26391187,-0.3996556,0.16404909,1.2789167,0.89710057,0.024923636,-0.21659602,0.4407886,-0.052663792,0.12607895,0.09843673,0.012538382,-0.5745027,-0.044215627,-0.43563768,-0.24141625,-0.20998585,-0.3570117,-0.13012323,1.1541414,-1.4168504,0.103490606,-0.3367148,0.36655208,0.28331596,0.16538452,-0.8189567,-0.12267141,0.20192707,0.67358464,0.029053308,0.2045273,0.45018852,0.18901151,1.0504999,0.6308366,-0.86235267,-0.9091257,-0.60254735,-2.1867852,1.511062,-0.21084628,-0.07275849,0.4603676,0.47040126,0.48986813,-0.18276396,-1.0999793,-0.19418342,-0.6037429,0.19324253,0.42345303,-0.34595263,0.15758121,0.27603182,-0.40963775,0.10022321,0.99858904,-0.9749776,-0.31558597,0.68263394,-1.2593966,0.43972716,-0.8470326,0.94888026,0.11066915,0.4540654,-0.79538816,0.2967885,0.62987447,0.140663,-0.19946179,0.08179097,-0.6324858,0.023818305,-1.5553732,-1.7731717,0.45065394,-0.09350172,-0.8743464,0.06846533,0.045761757,-0.1768259,-0.03478782,-0.24846642,-0.1466094,0.9821048,0.41148686,1.2083026,-0.34879267,-1.2957369,-0.925532,1.0903344,-0.3192473,-0.37433904,0.14374453,-0.73727596,0.93195707,-0.034739744,0.4655791,0.19926935,1.362374,-0.25709957,-0.85670155,-0.6987151,-0.02129229
-0.65829813,1.3641974,0.48660246,0.39971215,-0.70972055,0.45713493,-0.94958967,0.76093876,0.49924105,-0.7199466,0.74295574,-0.14258605,-0.9743276,-0.3816802,-0.11194043,0.9526454,0.12279591,0.31667903,0.23608062,0.5903707,-0.16676219,0.5056673,0.0217717,0.27640182,0.75109434,-0.01190256,0.08855863,-0.9467574,0.40981746,0.50910085,-0.06726588,-0.42130646,1.0244805,-0.69937885,1.1377163,-0.6653432,0.4872314,1.2160462,1.0685731,0.3671146,0.69648457,-0.18941514,-0.3564837,1.1259626,0.7741648,0.29166448,-0.287101,0.5114835,-1.5482169,0.70724565,-0.7410033,0.17801285,0.20726389,0.3037296,0.6992796,0.077684954,-0.5616223,0.6320436,1.6990316,-0.2714589,-0.84319544,0.2911671,0.99514127,0.54987717,1.0836607,0.39225927,-0.31887943,-0.0429594,0.27629167,0.9013158,0.3282755,1.3053669,0.24037382,-0.2647571,-0.5690105,0.43440804,0.3989777,0.13179542,0.35505158,0.93049943,0.86508936,-0.68116295,-0.59358996,0.24476169,0.32690534,-0.53903437,0.8026661,-0.21780199,0.19947304,-0.30790046,0.6147537,1.115227,0.896763,-0.825716,0.9820741,0.2906139,0.313803,0.15216886,0.32524943,-0.23527338,0.18029584,0.19969743,0.8463087,-0.4045974,0.103245184,-0.026508078,0.25631896,0.1217139,-0.033223532,-0.3100809,0.36262462,0.15789181,-0.014049642,0.3003194,0.1537587,0.5335304,-0.26282316,0.8112535,-0.107589506,0.6077164,-1.45233,-0.09237154,-0.093522534,-0.93171954,0.953357,0.034255695,-0.0645606,0.25194895,0.28684962,0.5074469,0.47819304,0.09058701,-0.20467687,0.44018817,0.7476325,0.26915094,0.505429,-0.2502263,0.23499115,0.6794284,-0.40229794,0.108868025,-0.5983344,1.2787145,1.1376171,-0.61608905,-0.48842108,0.05430262,-0.8725964,0.12962049,-0.46226373,-0.10413512,-0.79983056,0.3269191,0.30436915,0.13994516,-0.6456229,0.711666,-0.5580634,-1.552747,-0.49588174,-0.60665697,-0.53407806,-0.276746,-0.8868437,-0.3066827,-0.42466518,0.33492333,0.5798853,0.1166619,-0.78151405,0.7673499,0.28461483,-0.18331893,-0.070422515,0.08207535,-0.4408724,-0.37361118,-1.0641671,0.34431085,-0.11506155,-1.0712214,0.07575999,-1.2509935,-0.8171241,-1.0399041,-0.14782713,-0.24244583,-1.0171468,-0.68798864,-0.1010952,-0.49663246,-0.4383062,0.039067797,-1.2341577,0.1714294,-0.7206131,-1.4994454,-1.1378483,0.77675587
1.5219065,-0.33625183,1.3073634,-1.6257308,0.79651093,-1.107102,0.76142,-0.4910054,0.11627014,-0.22753568,-0.8812183,0.7373483,-0.75695723,1.4300869,-0.35590357,-1.5590713,1.4785058,0.7945991,1.087819,0.9975917,-0.91109556,1.0297285,1.0999854,-0.28614894,-0.88079345,-0.21278411,0.2608186,0.62698585,0.99601924,-0.053542696,1.4177974,0.7934948,-1.2101175,0.7007741,-0.6351367,-0.1798132,-1.1544491,-1.9632889,-0.06829901,0.89939964,0.8627011,-0.11814855,0.977886,-0.5865865,0.17843871,0.8485779,0.7517243,-0.34420484,0.35098785,1.0431874,-0.21490954,0.1967946,0.073840424,2.1265552,-0.19912569,-1.0581468,-0.4311364,0.39242682,0.30122223,1.1365784,-0.12037267,-0.85280466,-0.6342851,-0.62904614,-1.2034531,-0.2107287,-0.8272153,0.80309266,0.107183464,-1.6317669,0.019113801,0.8765472,-0.29180774,1.607586,-0.6726233,0.97379166,-1.3931894,-0.5664942,0.1990331,1.3871565,0.0071756616,-0.81184953,-0.032209508,1.5592772,-0.9961259,-0.308329,0.41351148,-0.5566231,-0.5970368,0.17190042,-1.5811594,0.63730764,-0.46369666,-0.29921418,-0.14380907,-0.24419945,0.48581582,-1.263112,-0.699045,0.9235292,1.2759042,0.036350995,1.1595875,-1.4536211,0.57360727,0.42541695,-0.08160037,1.023963,0.7960995,0.51249367,0.6432262,0.79456145,-0.2906921,-0.24879716,0.35198426,-0.97205245,1.9241006,0.17995098,-1.1437533,0.8802316,1.1247752,0.72241706,0.7666253,-0.38775387,-0.3404922,-0.22122867,-0.33395505,1.059074,-0.124606244,-0.0877157,1.4221337,0.8728591,-0.2997253,0.81190187,-1.2248158,0.46052548,0.055451103,0.5758121,0.58035684,-0.97906333,-0.7501892,1.1858126,-0.10805446,-0.42654592,1.2351202,-0.27036512,0.92346996,-0.6576474,-1.2170035,-0.53673947,-0.8634587,-1.9695784,0.6023134,0.06409917,-0.5031874,0.84641993,-0.97630024,0.47634974,-0.11300653,-0.6720019,-0.9282,-0.5713685,-0.55653054,-0.22726157,-0.2996207,0.06635106,-0.08854196,-0.87038386,0.6601339,0.8557413,-0.975601,0.44615388,1.4312055,-0.47411814,0.4086124,2.0239415,-1.4479275,1.0738013,-0.5564741,-0.0033845007,-0.4067902,0.09204212,-0.5631805,0.32900357,0.6335171,1.5160052,0.5526909,-0.0156033,1.3782288,0.16089854,1.2296565,-0.017662589,-0.35384572,-1.3969553,-0.68112963,-0.6242833,-0.571618,-1.0449752,-0.6847162,0.28176293
-0.021146204,0.017780088,0.21421681,-0.39651322,-0.42350882,-0.03907133,0.085189596,-0.3119942,0.11149577,0.20986708,-0.5051254,0.5525766,1.0604811,0.15526523,0.28491545,-0.3218504,0.576618,1.1010104,-0.022959469,0.8010041,-0.09550254,0.82824296,0.36609465,1.0865283,-0.03761325,-0.8056316,0.4059296,0.17350025,-0.014598327,-0.45191073,0.33508936,-0.027497672,-0.44323805,-0.33001873,0.15417783,-0.45887333,0.41483787,0.5721602,-0.12065427,-0.27956793,0.03845374,-0.5771445,0.07053405,0.2121564,0.42217565,-0.27059034,0.08869005,0.35375714,-0.12489383,0.12817994,-0.18574177,0.06540937,0.6333813,-0.038755946,-0.018515546,-0.19825882,-0.33250013,1.0225003,0.6333114,-0.33699137,0.050881453,-0.29248193,-0.45111203,-0.5393444,-0.29555008,0.033608943,0.71992564,0.053013615,-0.24203172,0.2389538,0.7588612,-0.1272282,0.3047297,-0.03551713,0.31396627,0.555682,0.4104386,0.22809863,0.27875572,0.24811548,0.124080606,-0.2435555,0.44024238,0.42283863,-0.26950386,-0.10815805,0.73877835,-0.12422077,0.89088404,-0.2888987,0.032029554,0.25739226,-0.53143793,0.8255669,-0.075705476,0.10428541,0.06047021,-0.49004143,-0.05671002,0.5976834,0.12754683,0.13657111,0.32175618,0.4168242,0.08647406,0.13340206,0.45584357,1.2241445,0.73291093,-0.28115243,0.90747404,0.85929525,0.5795091,-0.37829214,0.12974018,0.19391866,0.19280426,0.5458775,0.4296633,-0.27435404,-0.6833855,0.09416957,-0.6098434,-0.79882693,0.40528598,-0.26028344,0.13082218,0.116510786,-0.22015852,-0.85098577,0.27264622,0.47600272,-0.035111092,0.4527014,-0.52196014,0.52995753,0.77542514,0.10395382,-0.22485004,-0.32314712,-0.6516857,0.0032059308,-0.017665375,0.39298373,-0.3797729,-0.2433877,-0.94629735,0.63246125,-0.6943859,0.111249566,-0.25377065,-0.44190997,0.09341854,0.61739814,-0.55207986,0.06360258,0.57710177,-0.16770881,-0.22903413,-0.61751366,-0.69025207,-0.47406667,-0.525854,0.05342342,0.04035882,-0.17021632,0.40611702,-0.9032051,0.13339421,0.6295484,-0.108707465,0.4419257,0.54200566,-0.2659435,-0.27785096,-0.6909474,-0.32636443,0.5286983,-0.34611964,0.5971658,-0.181106,0.20770863,-0.39125752,-0.4222318,-0.13747309,-0.4064687,-0.17538677,-0.807676,0.3686996,-0.41895136,-0.072935574,-0.3791334,-0.92593044,-0.108627774,-0.045619283,0.04532943,-0.13969001,-0.43835688,-0.84859496,0.41900292
0.0150049515,-0.5245497,0.012138174,1.4063786,0.8423002,1.0572563,0.84628177,-0.13791673,0.009196656,2.1211612,0.529885,1.2796593,1.5587251,-0.37849742,0.41902065,0.76979995,-0.3942414,0.5827997,0.7130824,0.0483694,1.3682786,-0.09160037,-0.27832055,-0.06103753,-0.086307585,0.6628381,0.96959686,-0.53830147,0.34188777,0.08616621,0.282583,0.7617885,0.21394783,0.8797754,-0.041689955,1.1379915,-0.4678113,0.29269972,-0.3887113,1.3688407,-0.7321439,0.54363585,1.2021416,-0.86790967,-1.0415039,0.2166477,-0.22830643,-0.2722512,0.07972878,0.36579782,-1.1441164,0.6882684,-1.0950572,-0.18121794,0.19689503,1.6128508,0.3359401,0.47684714,-0.6791347,-1.0172927,-0.21119715,0.8718654,0.07914384,0.90365976,0.7215158,0.49500158,0.69969547,-0.31998542,-1.3065046,-0.13271339,0.14087781,-0.88191384,-0.19280854,-0.7683796,-0.6646501,-0.57650995,-0.06970258,0.69094694,-1.4587274,-0.9620545,-0.018143706,-0.26766762,-0.69573927,-0.44413275,-0.9391926,-1.1659063,-0.58621913,0.78576267,0.3662215,0.40352303,0.5443972,0.11670871,0.9596295,1.0587035,-0.5249083,-0.37297267,-1.3456563,1.0019243,0.35475236,0.32906023,-1.6368439,-0.7275926,-0.8283252,0.9557168,0.17096452,0.026012547,-0.75778115,-0.023220472,-0.12942845,0.11815798,-0.29741654,0.6272215,1.4266915,0.6549683,0.25849727,0.44048804,-0.6285666,-0.7526709,-0.99861807,0.09010069,-0.52774054,-0.7496886,0.22313757,0.3037835,1.3402847,-0.16062763,0.27572304,-0.34148818,-0.8698787,-0.96845746,-1.307544,-0.4542902,-0.035798766,-0.12611575,0.57135785,-1.6684139,0.3756736,-0.816151,0.27699846,-0.4279202,-0.3300377,0.34484687,0.72020954,0.7171914,-0.20680682,-0.6049307,0.39009148,-0.9045568,0.46624574,-0.119485214,0.7082286,-0.2551582,0.69255304,-0.567101,0.84380543,0.6598684,0.19328155,0.38477805,0.73097575,0.12560247,0.16472438,0.002139194,-0.43054807,0.5220032,1.7595112,-1.0746106,-0.5045639,-0.57967913,-1.0419487,-1.3563516,-0.12339709,-0.29630962,-1.0921942,0.40900937,-0.49082002,0.1424479,0.95061886,-0.2526718,0.31949562,-0.102511495,0.016389322,0.1304984,-1.6563373,0.018717216,0.176656,-0.41936368,0.98476565,0.30107915,0.08956954,-0.27168253,-0.39600724,0.69904107,0.49500456,-0.11786414,-0.064527415,-0.4234434,0.2866912,-0.49008203,0.39395759,0.42285082
-0.52586436,-1.7191913,0.31442997,0.54528815,0.15046136,0.15292308,-0.1467444,0.6829402,-0.27732578,0.917992,0.22645974,-0.87890494,0.05409159,-0.6910981,-1.4128623,0.37936416,-0.6023667,-0.2632028,-0.3777339,0.1277512,0.0031301845,-1.2087433,-1.354287,-0.38108993,-0.7097755,-0.39928994,-0.8105475,-0.18760563,0.6767439,-0.72694296,-0.33302563,0.57092243,1.0258366,0.12464775,-0.9573204,0.24006307,-0.47962362,-1.0293268,-1.0681361,0.03590644,-1.3793795,-0.04114033,-0.010858703,-0.28069204,-0.3496561,-1.0408226,-1.1690717,-0.13537514,-0.35110563,-0.30888146,0.12407491,0.37796712,0.29108864,-0.5809182,-0.18601252,0.17727149,0.62776345,-1.1276047,-0.60998803,0.73986465,-0.12015188,0.43936935,0.31267178,0.512895,0.0043261126,-0.3523322,0.4896249,0.5729291,-0.3956432,-0.2617475,0.058318608,-1.3932964,-1.1184806,-0.4318549,0.08094811,-0.047853556,-0.7438269,-0.37768254,0.30634367,0.12496865,-0.6310256,-0.30026227,0.68107164,-1.2442049,-1.1256379,0.7202287,-0.16191928,0.120945245,-0.3570218,0.13157472,0.6182713,-0.6010932,-0.2453348,0.36185154,0.49693102,-0.61778384,0.78997743,0.40149283,0.3965735,-0.18869664,0.063105986,0.39111954,-0.60233045,-0.19818026,-1.3854812,0.21980838,-1.2421385,-0.47358736,0.19800112,-0.10550624,-0.36691284,-0.56476957,-0.19582474,-0.48264158,-0.8377552,-0.7133447,-0.44986495,-0.47294682,-0.1906994,0.35614914,-0.04480008,-0.6704791,-0.5230379,0.23514026,-0.27575406,0.75194514,-0.13879023,0.31276673,-0.67551774,0.54016125,-0.46429753,-0.76183355,-0.37623972,-1.3482219,-0.05937113,-0.85060877,-0.7378543,-0.47694284,-0.2539612,1.4808825,1.4166566,0.014547726,0.95649165,-0.12589373,0.1230359,0.54129547,0.08221494,0.13970125,0.68623674,0.64609075,0.45067805,0.29781473,-0.28177825,-0.8388536,0.64674526,-0.54872984,0.27515617,0.12898806,0.34517875,0.7950953,-0.045906,1.2686688,0.6322474,-0.3828775,-0.9341116,-1.7230468,0.13058484,0.60535467,-1.2896979,0.15202615,0.75336224,-0.6924869,-0.73532635,0.26730743,-0.8426309,0.18309343,1.357605,0.43836975,0.06321362,-0.27042425,0.4634422,0.94904965,-0.85848916,0.61650974,-0.7699226,0.8030276,0.0048390054,-0.12474929,0.69478697,0.46019986,0.8672888,-0.6702004,0.41916332,0.5561221,0.5117065,0.41078988,0.2015577,0.008933439,0.7438693,0.86160403
0.0062645655,0.45446664,0.14023073,0.21039225,0.013166887,0.23839419,-0.2003808,-0.22104834,-0.46062565,-0.24591832,0.20911463,0.4964573,-0.331918,0.52111804,0.8242201,0.45735034,0.12641996,0.18841666,-0.55173844,-0.2675587,-0.45374173,0.4513831,0.412054,0.21260943,0.27087876,0.15626758,0.47321823,-0.9127241,0.018227296,0.48881125,0.11290279,-0.2601677,0.8669789,-0.23977423,0.7059315,0.47462648,0.08619582,0.97924006,1.0497231,-0.5187403,0.32870197,0.14791061,-0.13820958,0.82063323,0.37670714,0.5978358,0.6318223,0.041932233,0.11428103,0.3864818,0.049876787,-0.4577694,0.041436564,-0.078959346,0.6420954,0.07323603,-0.21533689,0.88235027,1.0382203,0.03172172,0.06551692,0.25979146,0.9130511,0.6292685,1.0662553,-0.11462182,-0.50015545,0.479909,0.7363746,0.68371886,0.1879982,0.91098267,0.47631654,0.07101147,-0.066385664,0.5504849,-0.100242466,0.47931236,0.20093395,0.3379783,0.43974766,0.3948662,0.018227845,-0.017054752,-0.3593577,-0.7472513,0.37308463,0.4190265,0.024028707,0.4339796,0.18033586,0.7185187,-0.03031478,-0.85815185,0.64530796,0.77962476,0.07197455,-0.1368795,0.33793783,-0.7715096,-0.05244296,0.27787918,0.14330173,-0.024957348,-0.19923083,-0.5311379,0.2439574,-0.5359434,0.60642546,0.0039973836,-0.021958586,-0.16644658,-0.5837039,0.2783314,0.26476374,0.4511066,-0.24837305,0.4655732,0.2654262,-0.38843015,-0.15012597,0.15004665,-0.61919844,-0.10413704,0.37893206,-0.42315733,-0.9687802,0.22753003,0.2949611,-0.14311296,0.52667844,-0.19840226,-0.26119184,0.29676992,0.4107487,-0.06726479,0.7833715,0.20565952,0.27095944,0.2542225,-0.5201073,-0.7353971,-0.10159795,0.6654435,-0.38129175,-0.30812544,-0.20643042,-0.12240947,-0.5282054,-0.094039105,-0.42333013,0.1697413,-0.26879066,0.48052818,0.08332578,-0.20071955,-0.26488173,-0.13190886,-0.3144527,-0.7757543,-0.6758859,-0.4823897,-1.0684896,-0.23063406,-0.16820452,-0.07926078,-0.025287664,-0.3709053,0.6575854,0.10123742,-0.66310525,0.018748596,0.29476985,-0.3601385,0.101734154,-0.4679355,-0.39635745,0.14977771,-0.5946723,0.6744046,-0.7965584,-0.010648474,0.14442158,-0.55780417,-0.15190582,-0.6391278,-0.4893633,-0.35255432,0.058076635,-0.09119195,0.0045907646,0.053354222,-0.6614337,-0.727228,-0.12915842,-0.6763824,-0.4175531,-0.7385937,-0.25566313,0.20292291
-1.0908668,-0.09997052,-0.3091776,-0.83648103,-0.9605355,0.49502766,-1.1415218,-0.010213781,0.71716505,-1.0221192,1.2649726,0.007036004,0.32649052,-0.81933445,-0.125695,0.3238586,-0.455047,1.1744267,-0.6159699,0.14138454,-0.48199442,-0.19239707,-0.75670516,-0.20951499,1.2604845,-0.2466032,0.5779766,-1.5299228,1.1649231,-0.27303615,0.0072542205,-0.55398184,0.11142167,-0.336322,0.5887196,-0.7040219,-0.029410943,0.77936053,0.80487865,-0.49877307,0.5464485,0.0728738,-0.70843136,0.8580926,-0.20810492,-0.9529776,0.28560057,0.29733515,-0.87652504,0.29749253,-0.6197939,0.7410986,-1.6767079,-0.38571805,1.1561747,-0.16528124,0.4206778,1.1232895,1.1761731,-1.0313182,-0.61038333,-0.8465901,0.77035177,-0.70868343,0.10927529,0.04939232,0.269919,-0.6681245,-0.8991428,1.3732054,1.716207,1.7520065,0.36045492,-0.7713123,-1.0419711,0.67041916,0.0494409,0.3138436,1.0078008,-0.6330749,1.1376104,-1.3277112,0.62596095,0.65036863,0.71669745,-1.4925225,0.6717134,-0.74565125,0.29829973,0.0968145,0.99173343,1.0889182,1.2269875,-0.42118272,1.38389,1.3397099,0.6812366,-0.9341412,-0.09396026,-0.7426296,-1.5255632,-0.03387814,0.38179466,-0.7572245,-0.5570638,-1.1612946,-0.92527217,0.47789046,-0.35621646,0.62507004,-0.8096181,0.3566321,-0.05091379,-0.5204391,0.35724935,0.085329995,-1.0546994,0.5241321,0.48865646,0.038737316,-2.251622,0.3781328,1.0597514,0.6581401,1.4421431,-2.2261837,1.2885222,-0.5683285,-0.903893,0.9099883,0.6184698,-0.12705623,0.29595047,0.89982903,-0.8732699,1.636837,-0.14238301,0.6002303,0.7970187,0.05194122,0.9344955,1.0295346,0.74598205,1.5089549,1.2746842,1.1400675,-1.2766302,0.79570717,-1.089797,-0.3029493,-0.65196997,0.01721843,-0.9942366,0.1670245,-0.49388462,-1.5931911,0.3340742,0.86686933,-1.4420917,-0.834509,0.9407588,-1.2121493,1.1948066,-0.55431163,-0.51343167,0.09507571,0.4035705,-1.5100064,-0.98565453,-1.2175808,0.8531073,0.6797311,0.083781615,1.6494783,0.98717487,0.6373632,1.25446,-0.9950552,0.53489965,0.83891714,-0.17107558,1.1904761,0.6396825,-0.084335655,-0.6097827,0.019152777,1.7897732,1.2600414,-1.2105207,0.07891141,-0.31348896,-0.108092144,-0.19579019,-0.80977947,-1.9778278,1.0774163,0.22967023,-0.5880674,-0.54668534,0.99098283
0.33751547,0.01506634,0.1763551,-0.03918224,0.05268142,-0.24045923,0.44208425,-0.336278,-0.12162616,0.08436549,-0.2673007,0.5021395,0.31544483,0.3836138,0.19526784,-0.41449395,0.46416384,0.13471565,0.22672346,0.2554822,0.047066923,0.2778788,0.3572728,0.16243815,-0.14877316,-0.1161142,0.24733704,0.042556837,0.028029947,-0.13582256,0.42512622,0.43043786,-0.19491306,0.33819774,0.10814141,0.0878474,-0.48088145,-0.33411455,0.15006642,0.22473381,0.10127499,0.16102609,0.1508426,0.11233416,0.16606186,0.1769998,0.21133018,0.05714535,0.19766319,-0.024268178,-0.15827219,0.036895588,0.091764525,0.3667261,-0.05688367,-0.18045768,-0.15513588,0.29563156,-0.020387556,0.048217244,-0.060120836,-0.23051563,-0.12199397,-0.044237647,-0.0651535,-0.0022887606,-0.037939638,-0.061075576,-0.1417554,-0.10446932,0.38839477,0.17873001,-0.0834159,0.113348,-0.081954315,0.120610446,-0.10558139,0.36974028,0.02312607,0.21068828,-0.31962308,-0.046811067,0.0814954,0.099678114,-0.36536092,0.06764785,0.24643432,-0.17440842,0.15829296,0.32394198,-0.14682311,-0.059230383,-0.14200065,0.18050653,0.014960287,0.26890635,0.05122292,-0.13633277,0.045655973,0.23493536,-0.070087716,0.3050589,0.19411725,-0.06292275,0.07505961,-0.01720452,-0.020299356,0.26089346,0.42955396,-0.027142005,0.40201023,0.23367348,0.2743157,-0.04490264,0.35236168,0.115851566,0.2343668,0.08438705,-0.043081835,-0.32839683,0.34728447,0.22350536,-0.11573513,-0.16762726,-0.055742867,-0.04371411,-0.30474797,0.19514462,0.07967345,-0.2646234,0.25823477,0.07492728,0.06493152,0.13668844,-0.07487477,0.03653571,0.34842837,-0.1247228,0.15062238,-0.14164777,-0.2157279,0.03692413,-0.17146434,-0.111630656,-0.078684956,-0.30254778,0.35103327,-0.14638051,-0.41112113,-0.039151505,-0.21498455,-0.36216992,0.22114295,-0.14088222,-0.18824106,0.3328252,0.03702799,-0.23404187,0.38770646,-0.05589506,-0.2314753,-0.117591694,-0.25018483,0.22738428,0.16407761,0.06109798,-0.05776271,-0.06576082,0.020771986,0.031203598,-0.12443589,0.047445517,0.3299022,-0.3930674,-0.042789284,0.17827557,-0.032664288,0.37533906,-0.3840995,0.11731636,-0.4126909,0.0060909875,-0.07590429,0.081240594,0.036297005,0.13049367,-0.0915398,-0.2592161,0.20671587,-0.2616803,0.21289943,-0.0977584,-0.44438586,-0.1373447,-0.3100032,0.19768637,0.072382055,-0.39165068,-0.25618216,-0.09024214
0.31646484,0.67258024,0.5997163,0.082286,-0.33282086,0.17409864,0.20035309,-0.22848497,-0.42533475,0.17926033,-0.0755355,0.8449082,0.45037344,0.3987571,0.18876114,0.21817476,0.9530135,0.62105215,0.2542974,0.45699435,-0.031492617,0.7444579,0.77194124,0.7724446,0.26243192,-0.38908845,0.7093829,-0.15494332,-0.36741003,0.40318614,0.42015338,0.3780213,0.5332277,0.24839011,0.7843757,0.24610367,0.12923975,1.1106762,0.54040843,0.36972734,0.37826562,0.045614246,-0.39669615,0.6870835,0.5738104,0.019465737,-0.17189269,0.31199893,-0.7297764,0.15223336,-0.5196496,-0.6055995,0.28364557,0.53923714,-0.022787418,-0.1555444,-0.5548817,0.9773676,1.0628568,-0.3381379,-0.409698,-0.14527553,0.6023966,0.49136594,0.543661,0.113604754,0.17668344,-0.2687006,-0.0383969,0.56658226,0.85207224,0.22202,-0.07752783,-0.032922573,-0.26959926,0.4276783,0.4297935,1.1374769,0.19489512,0.40320352,0.3383294,-0.30330023,0.30653077,-0.02915001,-0.53886884,-0.74643886,0.85879934,-0.09397283,0.55798596,0.38814878,-0.26100627,0.22012955,0.11146506,0.09019502,0.25947824,0.50570214,0.2587523,0.19159538,0.2214043,0.22969677,0.050748244,-0.06902595,0.591656,0.25162792,0.12198368,0.22427897,0.19881958,0.5833838,1.1548333,0.2534754,0.89446884,0.6117144,0.46302694,0.030316465,0.5053252,0.51808465,0.05709051,0.9589655,-0.109169796,-0.39336875,-0.4753597,0.29686123,-1.1096187,-0.39976737,0.24623251,-0.5794917,-0.41140032,0.2816542,0.29448438,-0.42425707,0.4691205,-0.031525828,-0.08501745,0.3219174,0.3253282,0.43191013,1.1170306,-0.111381754,0.20325966,0.14100794,-0.47602952,-0.182238,-0.22958721,0.27789852,-0.3557597,-0.395501,-0.33321476,-0.01708273,-0.7053925,-0.0598502,-0.71156687,-0.29329124,-0.11610368,0.5536932,-0.5014399,0.2599033,0.3128057,-0.4931598,-0.047307268,-0.9752406,-0.42615747,-0.43697768,-1.0001167,-0.040326536,0.6261755,0.26827836,0.5971972,-0.8228959,0.2952628,-0.38588488,-0.22781175,0.6035401,0.53731865,0.17182223,-0.6414374,-0.21226099,-0.5211785,-0.109316394,-0.5408618,0.582232,-0.10421027,0.20889822,0.21879955,-0.6599781,-0.62195367,-0.61547476,-0.21539667,-0.53453124,-0.43530905,-0.7789158,-0.80889463,-0.21808963,-0.5087632,-0.16104428,-0.35482806,-0.3436104,-0.92925006,-1.0828097,-0.4379507,0.32672343
0.58791786,0.6765941,0.24564429,-0.74314386,-0.7222872,-1.4888798,-0.5557283,-0.486091,-1.2088604,-1.023984,-0.53531945,0.68312216,-0.045194592,0.55350137,0.73347926,-0.45003235,0.5557086,0.89004743,-0.95102626,-0.43271244,-0.9398088,0.14753601,0.11533977,-0.5764588,0.37711325,0.18271904,0.6542567,0.13443525,0.21814905,-0.010177471,1.1856999,-0.5384225,0.15270919,-0.51474595,0.31599435,-0.45893776,0.22720489,-0.05360767,0.7440276,-0.6860255,0.54212713,-0.15505111,-0.45294744,0.824319,0.43697634,-0.10846952,0.4591754,0.15949082,0.56352556,-0.16848493,0.11187134,-1.0373431,0.06542061,1.086985,0.9575705,-0.70611525,0.1745021,1.1434495,1.1946765,0.17319705,-0.46344802,-0.96618545,0.3171342,0.24011128,0.5745646,0.7072315,0.03319127,0.58599204,-0.04066172,0.075049706,0.5875582,0.8278717,0.38392952,-0.11658146,-0.37625766,0.42802584,-0.29581907,0.17673288,0.94847614,0.18705331,0.21787879,0.26721218,-0.35983858,-0.01251249,0.39320067,-0.047370322,0.9190721,-0.28015724,0.26715666,0.98388696,-0.90840316,-0.25059444,-0.08681164,-0.71393853,0.20259617,1.2207222,0.5972323,-0.60924006,-0.5001952,-0.4046842,-0.26086897,-0.70233303,0.9694946,-0.22187738,-0.13547787,0.12413923,0.5536066,0.14768422,0.7418631,-0.35329428,0.65716565,0.9995436,-0.3566897,0.25857842,0.5338564,0.20583759,0.65467817,1.0336037,-0.12773156,-0.25617015,1.2144412,0.60502744,-0.011320796,-0.79846376,-0.36683825,-0.57722,0.56736726,0.54752547,1.1564544,-0.28648555,1.2683078,0.1167291,0.22155116,0.3126217,0.3431147,0.27753893,0.5773389,0.7117157,0.1712602,-0.25920057,-1.1634156,-0.5622842,-0.2307061,-0.019869851,-0.5449922,-1.0816275,-0.1415654,0.88023764,-0.5774733,-0.1214398,-0.1456515,-0.47329298,-0.5998075,0.40916312,-1.3072574,-0.3095127,-0.066585034,0.50229716,-1.5170016,-0.46297574,-0.80686915,0.030742003,0.091474175,-0.39358696,0.10649133,0.18143952,-0.04855583,-0.525524,0.2929136,0.40030897,-1.1337376,0.3517344,1.0613413,-0.041811742,0.3696109,-0.10492144,-0.52433324,1.8834326,-0.62380975,0.20600826,-0.63028103,-0.016042132,0.57889396,-0.5422119,0.36056688,0.10942143,0.20153715,-0.5919356,1.1074215,-1.0222117,0.6575103,-0.7590862,-0.5767138,-0.9330431,-0.98959583,1.072658,-0.7308332,-0.56914127,-0.4732344,1.185859
0.42918557,0.038148336,-0.096459515,2.3698592,1.9194067,1.2693734,1.8161423,1.1555856,-0.5045813,1.0376155,1.1939864,0.12353788,-0.12970555,0.6684129,1.4383675,1.5091577,-0.7117176,-1.3255864,1.4650247,-0.50076014,1.3956562,-0.3078046,-1.2966993,-0.78900427,0.96668464,0.7651459,0.36744067,0.1525587,-0.1249416,2.779911,-0.14023325,1.2433982,0.35530916,1.4571506,0.25013304,1.5279342,-0.54265976,-0.72104615,0.87269914,-0.20063482,0.8224051,2.286197,0.9304627,-0.96980983,-0.8450403,1.0512525,1.4118837,-1.2654439,1.0514015,0.04717981,-0.5928716,1.1344259,-2.104844,-0.9168425,1.3296764,1.4832953,2.2830834,-2.140785,-0.7789957,-1.1605941,0.7380802,2.3769188,0.39465627,1.114371,1.8070323,-1.5001063,-0.17228432,-0.917593,1.5714312,-0.67186683,-1.3896186,-1.6537393,0.2511868,1.0970469,-1.4630497,-0.35055006,0.034801062,-0.6180364,-0.7532356,-0.33266962,-1.3886144,-1.3419654,-1.6885632,-1.8925782,0.11463928,-0.70030284,-1.1510285,2.4242077,0.6388486,0.26983666,0.7319081,-0.19270632,1.6550918,0.41052085,-2.0630963,-0.9071137,-0.75212747,0.59400386,0.7838687,0.3289757,-0.9432604,-0.2887813,-1.0617088,-0.28644904,-0.06302735,-0.80347484,-0.26625368,-0.80903757,-1.803292,-0.71342933,-3.1370974,-2.0178962,-0.18025678,-0.70181155,-0.4704874,0.04317336,-1.0439868,-1.4500593,0.45073378,0.2653109,0.5695178,0.0728156,0.895722,1.0854279,-0.5379578,-0.41386002,-0.4416221,-0.069328465,0.15867403,0.17893073,-1.2633269,-0.39898643,0.36352804,-0.7879176,0.6839695,-0.4536167,-1.538076,-0.52466065,1.7373441,0.41404244,-0.7902725,0.36584678,-0.53345305,-0.3298353,0.9299714,-1.563045,1.8159447,-1.7058455,-0.39940304,-2.0626755,0.2575792,0.934123,0.8851297,-0.056268334,1.2817441,-2.0339499,-0.52262336,0.093167506,0.8069261,1.5017334,0.6007435,2.0968494,1.1187693,-0.5707387,-0.9816556,0.38030905,-1.9072939,0.548934,-0.31536907,-0.7480275,-0.46645775,-1.3007203,-0.34689724,0.29795218,-0.15777005,0.23538804,0.717333,-1.28743,1.0326056,-0.2817776,-0.31129864,-1.5133432,0.049587876,0.63176775,-0.66451097,-0.45179337,1.2544599,1.3074622,-1.0090756,1.3907183,-0.49036866,-0.7979124,0.71266013,-0.72341055,0.93528026,-0.19643003,0.3959466,-0.19675435,0.5675391,-0.38115174
1.3817486,-0.0031041289,-0.51746523,0.3989029,0.6214463,-0.17800643,-0.09592542,0.66726565,0.7101532,0.070571795,0.27769434,1.0397832,-0.5240888,0.11312773,0.9746287,0.8988011,0.5729439,-0.18939166,0.71632034,-0.18413004,-0.27433202,-0.069163114,0.29060683,-0.10795055,0.57072526,0.025826525,1.2483287,-0.5418622,0.4231537,0.655729,1.0180925,0.36999944,-0.6300857,1.0508132,1.0780668,0.98201394,-1.1354288,-0.34726277,0.7566989,-0.15137382,-0.26139635,0.69266576,0.9980477,0.19969015,-0.2406017,0.6512593,0.68134356,-0.09112602,-0.32095405,0.012324996,0.028685683,0.3391023,0.39015985,-0.025642127,1.6128002,0.10651545,0.79244906,0.44081143,0.41191787,-0.12110545,-0.3797903,0.74547917,0.32489905,0.20523828,0.63793135,-0.02192861,-1.2553545,0.07697319,0.60923415,-0.16317002,0.48838496,-0.13104233,-0.04025954,0.073036715,0.7428826,0.8088704,0.43327945,0.35928458,0.6843666,-0.22491401,0.51891017,0.226903,0.87590337,0.4842031,-0.092567906,-0.67816406,0.62974983,1.0828364,-0.4192786,0.41642907,0.15895046,0.23613496,-0.97237164,-0.9115935,0.02533733,0.8007916,0.36296389,-0.70837766,-1.2566849,-0.9433354,-0.6554908,0.5269801,-0.04792324,-0.6964716,-1.1488903,-1.5931717,0.22073254,-0.87708926,-0.2225118,-0.74610233,-0.37066236,-0.2663501,-1.7966086,0.6399788,-0.1579457,0.43441024,-0.9126576,0.1273981,0.14702934,-0.57197237,-0.13211103,-0.6932896,-0.3629673,0.1003842,0.12455347,0.5377749,-0.43851542,-0.07784791,-0.18383959,-1.0055727,0.08232011,-0.45646164,-1.7529389,1.1527706,-1.1125615,-1.9379106,0.5143899,0.90798855,-0.4741947,-0.2761128,-0.97013193,0.29156464,0.121793255,-0.6191215,0.54311526,-0.77379405,0.6735816,-0.27421516,-0.18140309,0.73162985,-0.078314796,0.33000746,-0.32160553,-0.26614508,-0.7321946,-1.6451308,-0.0010708608,1.0253546,-0.6968723,0.66949254,-0.2688541,-0.50403106,0.23674391,-0.5569761,-1.1138889,0.60187393,0.24324079,-0.04293637,0.53232676,-0.14307433,-0.71069473,0.4414744,0.05472085,0.54241437,0.4935606,-0.15311939,-0.9909432,1.6075199,0.19631834,1.5784554,-0.014061842,0.158736,0.3746292,0.6566436,1.757057,1.3020006,-0.886227,-0.39548212,1.9408175,-0.0014216639,0.30894107,-1.136856,0.24952628,-0.2646374,-0.14240326,-0.96599174,-0.24647483,0.16808785,0.10839587,-0.4241211
-0.28280264,-0.1865352,1.1795852,-1.3153145,-0.76835823,-0.4948286,-0.07998948,-0.2786981,0.06517613,-0.9601012,-0.91338944,0.110123426,-0.9906041,0.6201592,0.04088629,-1.2698493,0.63963,0.13245222,-0.26179314,0.6952098,-1.0056981,0.12828557,-0.030627381,-0.0010312982,-0.0977928,-0.51461905,0.1463899,0.1615685,1.0857116,-0.6429665,0.51850533,-0.22127065,-0.39735308,-0.79705966,-0.61442864,-0.5564709,-0.14393798,-0.6545912,-0.84529155,0.32348326,0.3175258,-1.3786473,-0.01866699,0.59260714,0.6123778,-0.1575448,0.32263285,0.31995016,0.65523714,0.52847415,0.7445085,-0.20361108,0.70345455,-0.108865365,-0.044251014,-1.5822221,-0.9291743,0.4305954,-0.06461334,0.10465555,0.28476435,-1.5155487,-0.93905,-0.20397605,-0.90977556,-0.5557589,-0.8391156,0.5246186,0.0004451098,-0.080064334,-0.3948398,0.69989365,0.16614665,0.96066177,-0.906604,-0.0033417158,0.3469488,-0.23571216,0.31288028,0.9759645,0.7105288,-0.9899575,-0.5620428,0.4753952,-0.6694661,0.4122689,0.8438409,-0.2872235,0.054965455,-0.12192178,-0.3495737,-0.547549,-0.7077348,-0.25227204,-0.90187585,-0.59112644,0.21699232,-1.4440033,0.27754116,0.30104727,1.0077881,0.61899793,0.60275036,-0.58372694,-0.1883697,0.9533068,1.5138562,0.80632484,0.51376015,-0.39046818,0.7877888,1.2112398,-0.070003144,0.12890755,1.1349176,0.16439413,1.5741818,0.4058968,0.5166651,1.2525517,-0.17648566,1.6400945,0.8398189,-0.40650716,0.04523696,-0.6123636,-0.48935017,1.0196563,1.0509349,0.48134458,1.291918,0.7797204,0.8764229,0.15374994,-0.5680357,-0.20375592,-0.5742146,-0.6501684,0.686127,0.29731888,0.38077503,0.022200877,-0.29402083,0.8541388,-0.45790267,0.210321,-0.06835572,0.71936375,-0.5725867,0.5760529,-1.0964811,-0.77946013,0.25678802,0.1773271,0.12818034,0.82694846,-0.04461195,-0.033342294,-0.022735536,-0.12314364,-0.039969638,-0.04474555,-0.562586,-0.22836617,-0.45399177,0.57963234,0.2057485,0.10842373,0.11900348,0.6896022,-0.37276304,-0.63242936,0.91800714,-0.9510554,-0.22717586,-0.33039725,-0.47847667,-0.57789713,-0.85811687,-0.701226,0.16773985,-0.2776341,-0.99844235,0.09531199,-0.2583243,0.2984788,0.037719462,0.6617727,-0.40134275,-0.22759484,1.1500592,-0.30629542,-0.45071837,0.2309419,0.31941527,-0.7261117,0.88176197,-0.23458584,-0.42054528,0.4983439
0.30319938,1.2965002,0.16529095,-0.08815648,-0.3447493,-0.08071473,-0.8689239,0.1252127,-1.3847492,-1.141291,-0.511573,0.010577325,-0.5534881,0.15439641,0.6890272,-0.28316495,0.46257207,-0.035003856,-0.79238254,-1.6290559,-1.442007,0.3668823,0.701991,-0.64089847,1.2271897,-0.06269136,0.27083334,-0.43164775,-0.6974813,0.5689967,0.11168001,-0.289766,0.21277118,-0.051225737,1.0897822,-0.62969315,0.78386885,-0.4009879,1.1678214,-1.0528072,1.2187955,0.4115636,-0.023150045,0.9865876,0.37222803,1.2692773,1.3017006,0.90910727,0.3707329,0.70265114,0.020124877,-0.098905526,0.11690466,0.43263924,-0.42693642,-0.46783945,0.37799373,-0.009254428,1.0351433,0.5933007,0.70526934,-0.38146356,0.8116659,-0.12306824,-0.21753028,0.6569929,-0.12557372,0.40544045,0.019385919,0.32442558,0.16853786,0.21295926,-0.3311534,-0.02564066,0.216311,0.04924305,-0.026949229,-0.13459805,0.7142811,0.58743083,0.24649641,0.74571556,-0.5935853,0.9864788,0.0032847356,0.027238844,0.6465323,-0.40936166,-1.7342579,0.35493618,0.17646946,0.26271012,-0.13362902,-0.7267067,-0.033536978,0.79404974,0.26031443,-0.7829879,-0.42373374,-1.1981909,0.30511063,1.2230003,0.985926,-0.524074,0.8474646,-1.2039565,0.36347952,-1.2059826,-0.03724111,1.5305026,-0.6444344,-0.7507089,-1.0374796,-0.34820372,-0.18471049,0.47570053,-0.4632995,1.5544391,-0.13761508,-0.24564023,0.040522702,0.9428352,-1.1095923,0.21287778,-0.701353,-0.3975268,-0.3729855,0.26811466,0.8784743,0.46728045,0.5719556,-0.8615953,-0.030359454,1.1505849,-0.23273608,0.042203672,0.79852206,0.47045988,0.9635406,0.010991577,0.088144064,-0.12869406,0.13560386,-0.33447164,-0.9333232,-0.8852354,0.055773303,0.46765047,0.8637221,0.23598944,0.25374365,0.03591548,-0.4100625,1.0262067,-0.5445664,-0.2167224,-0.8419647,-0.3625973,-1.6019759,-0.48801023,0.6648683,0.24294142,-0.25858325,-0.35135457,-0.7621459,0.092233375,0.061793096,0.068888605,0.46391815,0.5451242,-0.14569159,-0.49552184,0.7848966,-0.10710061,-0.3824366,0.5111263,0.074479856,-0.23832616,0.74323577,-0.3469526,-0.14117269,0.066599,-0.3936792,-0.046789363,0.56954205,-1.8334317,-0.6017153,-0.58817464,-0.94464475,-0.5834009,-0.70626986,-0.21507697,-0.07984124,0.030881725,-0.15110415,0.111367755,0.1841844,-0.03719548,-0.05160529,0.013426209
-0.920771,0.06509482,-0.77465403,1.3989297,1.2416204,0.983273,0.8344441,0.1712379,-0.43316343,0.0979092,1.0657508,0.21896191,0.0002806671,-0.86653876,1.0274332,1.1928554,-1.2085283,-1.661899,1.1596954,-1.3714108,0.94876397,-0.9880908,-0.34581745,-1.9084852,0.5235631,-0.3185808,0.8298384,0.041702017,-0.09386684,0.8071826,-0.66261226,0.85308725,-0.15161675,1.5107888,1.2245798,1.4779092,-1.1243635,-0.2997635,0.7427892,1.6297764,0.6258658,1.3873782,1.0207376,-0.65783656,-0.82083905,1.3782369,0.3995307,-0.080157086,0.37767977,0.6277547,0.5983309,1.1348889,-1.0835574,0.07502107,0.9077658,0.66930306,1.1017197,-0.2186989,-0.3086579,-0.22609858,-1.3598696,1.2085727,0.2641809,0.29771918,0.6318809,0.68005353,-1.5161515,-0.33699745,-0.927386,-0.9659819,-0.23604077,-0.46627304,0.025098858,-0.42644098,0.19685109,-0.7520339,0.34770286,0.6307107,-0.26326948,-1.1880797,-0.49412593,0.21287122,-1.6577935,-0.99688023,1.110502,0.7850932,-0.492955,-0.32083228,-0.56409097,1.0384402,-0.14531542,-0.066890046,0.12765157,-0.5461483,0.59805214,-0.26883873,-1.3352282,0.8707643,-0.6208683,-0.9493165,-0.19583853,-0.18604946,-1.9339763,0.35926402,-0.5618202,0.00025902037,-0.5609653,-1.4233358,-0.7357074,-1.2906574,-0.92193395,-1.4477053,-0.6277614,-0.15146841,-0.3792947,0.6437523,-0.7040142,-1.0529007,-0.8854503,0.47966716,0.06333671,-0.058281694,0.6458938,0.71889776,0.7154815,0.81327695,0.95544213,-0.62615794,-0.09331887,0.10442514,-0.7205902,-1.0213537,-0.90478206,-0.2978137,1.2000152,-0.08043643,-0.82041943,-0.34479472,0.43391687,-0.8209694,-0.5572672,0.7940787,-0.78738797,0.34147406,1.6125914,0.22541104,1.7390447,-0.921183,-0.9821197,0.24544919,1.3529496,0.6356076,0.31265876,-1.308892,-0.9461459,-0.8154451,-0.4310193,1.2169132,0.029535122,0.5252759,-0.4104031,0.45911992,1.1190174,0.27262616,0.60713935,0.21351643,-1.2521389,0.867283,-0.069493644,-0.94410354,-0.86852926,-0.4621346,-1.0914444,0.04753309,0.52213573,0.42411175,-0.46760118,0.8027347,-0.13975464,-1.3020557,-0.7438271,-0.7098551,0.21058585,0.12447858,0.3483575,1.2249489,0.5139481,-0.5816335,-0.2127604,0.36613268,0.6525843,-0.5171111,-0.048790473,1.2254375,-0.41348848,1.1727787,0.40496367,-0.38088697,0.12444509,-0.5134025
0.49413046,0.24981917,0.07151313,0.5982939,1.1377465,0.089932084,0.74321854,-0.110180885,-0.3609088,0.638751,0.13576345,1.0263383,0.10262632,0.80328625,1.3319808,-0.13863231,0.62108386,0.7498508,-0.007796211,-0.6929791,-0.3079788,0.9092796,0.66689533,-0.08692242,0.26579908,0.2383209,0.5497973,-0.18244945,0.21522532,0.14371535,0.39794675,0.5890316,0.46759173,1.0783967,1.0772917,0.79556394,-0.25057274,0.009910389,1.1806431,0.40467075,0.69414616,0.90945405,0.64864314,0.54536283,0.32073766,1.0541781,1.0396264,0.2733043,0.69532675,0.7219894,-0.18865485,0.49926475,0.10195987,1.1081018,0.6671339,0.31106967,-0.36658314,1.3798864,0.90443885,0.090249166,0.2991039,0.5401389,0.8582481,0.7202685,0.7127593,1.1075742,-0.39239103,0.29141563,0.03699966,0.9221993,0.51421446,0.70704746,-0.63366127,0.18365395,-0.44536415,0.91363645,0.5799583,1.0004342,-0.24862261,0.26885223,0.7336716,0.7048126,-0.17848143,0.050011747,-1.1964487,-1.0184202,0.6070105,-0.2309058,-1.2157453,1.5186604,0.16767791,0.5542877,0.15436217,-0.24544033,0.8587654,1.1183144,0.21379742,-0.20300452,0.3634181,-0.35292345,-0.041551374,0.53999734,0.34718263,0.12266867,0.30067474,-0.81609625,-0.38704133,-0.2223784,0.51607686,0.5329142,0.026310597,-0.21920095,0.30189252,-0.062456455,0.23777069,0.45345134,-0.13081887,0.18536085,-0.12839411,-0.16575482,0.6169895,-0.12445903,-0.25617012,-0.6079889,0.055603974,-0.5804849,-0.14253996,0.18212226,0.0068679824,0.11734668,0.24879831,0.08789809,-0.5198543,1.0293254,0.32371733,-0.18071127,1.1572431,0.414681,0.934954,0.2135453,-0.8726614,-0.8153373,-0.18284169,0.0311857,-0.45420074,-0.55864465,0.21605232,-1.4547634,-1.1345277,-0.025480187,-0.55597097,-0.13406432,0.9454135,-0.13186991,-0.5631884,0.7809907,-0.92967176,-0.10383221,0.09589691,-1.3491194,-1.1031984,-0.24643247,-1.4015968,-0.31622496,-0.2416678,-0.3425876,0.27188027,-0.7916714,0.89426064,0.5561182,-0.14882298,0.94281113,0.5981614,-0.40326282,-1.0464165,0.48728755,-0.795311,0.1831915,-0.42713013,0.47202647,-0.50966865,0.18934795,-1.1614501,-1.073695,0.4394125,-0.5007096,-0.19097342,-0.12612946,-0.5926026,-0.81365365,-0.04080826,0.0656082,-0.6042517,-0.63100195,-0.3153081,-0.4230571,0.077714354,-1.07334,-0.559062,-0.22876507
-1.4147636,-0.2258063,-1.0486993,-0.011451066,-0.13161331,-0.5017998,0.72107565,-1.4571126,0.7310128,-0.034956113,-0.03915555,-0.20557864,1.2390275,-0.0916599,0.49899757,-0.9178172,-0.69723994,0.26298997,-0.5716411,-0.04587064,1.0231125,0.58181053,-0.61425745,0.13365452,-0.6784424,0.8310323,-0.19815448,-0.14369723,-1.0369064,-1.0817313,-0.43584383,-0.4467465,-0.07812348,-0.890127,-0.67623466,-0.7660331,-1.1320838,0.48879263,0.424898,-0.29246372,-0.014526822,0.7124807,-0.48001933,0.25692335,-0.23485415,0.6444703,0.63399917,-0.46498442,1.909877,-0.7045449,0.63166547,1.3369843,0.2968026,-0.16442108,1.390207,1.3685241,-0.14791647,0.25146878,-0.7846688,0.06920083,1.0729805,0.74002355,-0.80579334,0.0076853745,0.32161847,0.33904418,1.5008402,-0.5569181,-0.64117026,0.4278236,0.48797506,1.2742358,-0.7088822,-1.0019101,-0.56817615,-1.6441312,0.26690578,-0.13167952,-0.55160314,-0.43071958,-0.16741762,0.32968745,-0.6402616,-0.18428828,-0.2536378,-0.093835026,-0.30705243,0.12920232,0.8597978,0.9190879,0.13106224,0.9119164,0.14946237,1.2522585,-0.45153987,1.1142331,1.0344726,0.40277243,0.23229936,1.0301025,0.19364838,0.01776091,0.044075113,0.42290276,-1.0818806,0.22064258,0.5759987,0.019142158,-0.38060224,-0.17551002,1.0410681,0.76006943,1.6368662,0.860114,0.40197664,1.1380352,0.02167781,-0.3026985,0.016374731,0.88074124,0.19369006,0.19877088,0.6676241,-0.32978204,-0.63794774,-1.0307848,-1.1686395,-0.21190706,0.6909966,0.16566956,0.38292974,1.351808,0.5304995,0.725159,0.69868934,-0.77614105,0.15579255,-1.1301452,0.40928063,-0.6461942,-0.99146456,-0.0887219,-0.7736538,-1.3837795,0.12270712,-0.9127817,0.62718904,-1.2813103,-1.2248484,-0.44044864,0.06733996,0.8916626,0.76456404,-0.081655115,0.1637122,-0.10144188,-0.5184909,0.51716626,0.5696763,-0.23118104,-0.04172603,-1.3416212,0.2791584,1.4478941,-0.63125706,-1.5840356,-0.62529516,0.33259523,1.115639,-0.88034123,-0.10136263,1.1002845,0.07434471,-1.0146995,0.10639758,-0.83119076,-0.116087906,-0.36717132,-0.5047771,-1.357077,-0.2884458,-0.84481424,-1.1211088,-0.7242439,0.36801618,0.35635215,0.1503823,-0.070565656,-0.15091683,-0.49904153,0.5279852,0.06889331,-1.601465,0.4346202,-0.6741701,0.27566698,0.5064582,0.08336349,-1.0203775,0.057670303
-0.07640737,-0.38063404,-1.5467651,0.6344114,0.87459546,0.61331004,0.37096483,0.3834179,0.2539311,0.5297471,0.082885094,0.34008405,0.694452,0.7129731,1.7251743,0.52614045,-0.83756286,-0.504809,-0.024529746,-1.0917729,0.2875843,-0.53408104,-0.6234608,-0.69378746,0.2823221,-0.7242165,0.6188639,-0.24736422,-0.124019265,2.1975875,-0.092125274,-0.22398677,-0.9691042,0.34627005,0.23612352,0.9728136,-1.6133609,-0.4076825,0.63864684,0.12067822,-0.5743155,1.2776327,1.359581,-1.4449981,-2.2041752,0.69614285,0.8636082,0.4812051,0.61287534,0.6772988,0.8636279,0.4926243,-1.0166286,-0.77480793,1.0108845,1.2872243,1.5596715,1.1297455,1.3207916,0.3292482,0.7923295,0.098597206,0.01932402,0.601063,0.39140087,0.9526761,0.25567055,0.604809,0.8385803,-0.43648437,0.0573427,-0.7601335,0.7859097,-0.19978637,1.4570037,-0.01936094,-0.19158976,0.5746821,0.02779958,-1.2114406,-0.7647097,0.61101264,-0.04815256,-1.0005068,0.4093203,0.6437172,-1.158993,1.8707439,0.5770128,0.18224663,-0.2806312,0.117741406,-0.08356356,0.5384779,-0.011912728,-0.41088107,-0.44839305,-0.16143309,0.71103245,-1.0088528,-0.4451971,-0.6787034,-1.1293848,-0.17182662,-0.5411848,-1.9948977,-0.5271776,-1.7978362,-0.9456554,0.5927299,-0.59299976,-1.2040756,-0.45963508,0.5042013,0.21005768,0.54734486,-0.95053923,-0.36077103,-1.0968035,0.13167013,-0.35708028,0.518873,0.6343583,1.07411,-0.3964288,0.43901446,0.20591722,-1.4732276,0.43302456,0.15104991,-1.0150368,-1.1173927,-1.892348,-0.16804579,0.08340077,-1.3375627,-0.43165594,0.77217984,0.8813023,-0.16237527,0.36144185,0.11370494,-0.8855477,-1.7953591,-0.13112107,-0.2182448,0.5116014,-0.40214884,1.0819033,-0.3205676,0.8394045,0.07636009,0.25822157,-0.23514172,0.38181138,-1.1574435,-0.023672935,0.12667832,-0.42834857,0.2825504,0.100532524,1.0551496,0.120385095,0.7009151,0.43249512,-0.16518596,-0.12169353,-0.19061552,-1.0052458,-1.2947084,-0.68413955,-0.48123536,-0.634896,0.6128903,0.09666915,-0.2687949,-0.42216694,0.081876114,0.29537237,0.2570445,0.100298375,0.22167507,0.37604254,0.39888877,0.036343012,0.07610729,-0.50018656,-0.45906606,0.40305418,-0.16790468,-0.44188097,-0.6256755,-0.16355689,0.15744852,0.10174415,-0.18257686,0.48867366,0.45638317,0.24418373,-0.757269
1.5294614,1.7252271,1.0251771,-1.1688795,-0.9442555,-0.61246234,-0.38187373,0.18500882,-0.6138777,-1.6653699,-1.0509902,0.6290821,-0.86267686,1.7083939,0.002699446,-1.0271742,1.8870003,-0.43937653,0.93962044,-0.24470407,-1.4356819,0.4524879,1.4772892,-0.17359124,0.7327103,-0.19535026,0.7060051,0.23739703,0.66589844,1.8006443,1.6592528,0.83237994,-0.8404162,0.39543322,1.3867389,-0.1580428,-0.1575829,-0.19906645,0.6050134,1.1227382,1.5993514,0.41180274,-1.1410187,0.98768,0.6777518,0.4397126,0.30640578,0.075645395,-1.2600735,0.983397,-0.36383727,-1.2242585,0.16273339,1.95024,0.57918364,-1.5917554,0.21917668,0.19910228,1.1915267,0.007310913,-0.8095986,-1.0127681,0.24821375,-0.13745947,-0.07777863,0.41241908,-0.24097824,-1.0615385,1.1639805,0.22550657,0.6211748,0.5631513,0.5586273,1.508488,-0.5592304,0.34754226,-0.60955524,0.21103655,0.39496905,0.88509876,0.44943875,-0.59641325,0.13027741,1.1441814,-0.09645068,0.35618016,1.2928991,0.26757985,-0.145495,0.43791857,-0.5850805,0.071904466,-0.10045064,-0.38729268,-0.087913446,0.5811258,0.8385775,-0.82254183,-0.621184,-0.25259638,1.5465136,0.98021233,1.993517,-0.87039,0.7899784,-0.71878016,0.26384348,0.43977916,1.1783767,1.6580226,-0.19787315,0.71991915,-0.7543792,-1.2280079,1.2279309,0.2935532,0.6869125,1.6165394,-0.77452934,-0.3170314,1.0230769,1.818578,-1.0404165,-0.432261,-1.3552004,-0.6762252,-0.77962476,0.94938225,1.3470521,0.03665886,1.5027912,0.1316994,1.1069704,1.1610538,-0.5826963,0.20686188,1.0764291,0.3272836,0.86520636,-0.61176497,-0.9007573,1.393557,-0.3533378,-1.5226145,-0.32533777,-1.219582,0.38082105,-0.53941935,-0.31007728,-0.5213528,0.17983304,-1.7582622,0.30149952,1.0027267,-0.5427034,0.30451456,-0.79693377,-0.24590671,-1.6236553,-0.057097673,-0.30574906,0.51464427,0.6922929,-0.5437467,-0.057033107,1.3750724,0.3245146,0.1596673,0.6208469,-0.14627114,-0.8611024,0.5428915,1.700207,-0.19115297,0.20761439,1.1583955,-0.6274433,0.31422418,0.6924577,0.70550966,-0.8093903,-0.621803,1.137331,-0.0014456045,-0.4951689,-0.91554564,0.26206934,-0.7752531,-0.5441271,-0.21217637,-0.7176267,-0.7996431,-0.0324799,-0.44903144,-0.94262075,-0.29925707,-1.1361573,-0.44219732,-0.60428125,0.7821615
-0.0606562,-0.07388628,-0.95219946,1.0342584,0.8560234,2.455737,0.99356616,1.2352619,-0.41398862,1.601668,1.2003464,0.26839688,0.39556175,-0.4844041,0.55875564,1.7212455,-0.9530253,-0.2255748,0.28002053,-0.92753047,1.099358,-0.34677628,-1.5847559,-0.23285584,0.48344964,1.164236,1.2480428,0.5853986,-0.9518358,1.3128573,-1.0871836,-0.069045,-0.25911775,0.56999797,0.4659845,1.8040076,-0.7656864,0.005847524,-0.15843196,0.25573134,-0.3405239,1.4399011,1.6416445,-0.8742883,-1.4244741,-0.2839052,-0.3056035,-0.54216117,-0.5212382,1.2758694,-0.0034148004,0.28129962,-1.2928177,-1.1612593,0.56843394,1.605645,1.214962,0.4163857,1.2802025,-1.1743106,-0.11128712,1.2404404,-0.34049913,0.23789147,0.69458807,1.011252,-0.41552722,1.0599232,0.05161247,-0.21410054,-0.13201639,-1.5519748,-0.4849023,0.034385286,-0.82639444,-0.555189,0.78612185,-0.06915335,-0.90517604,-0.9765515,1.0986927,-0.32068822,-0.117809154,-1.3917148,0.33653164,0.37153146,-1.024865,1.054174,-0.18660165,-1.0258425,0.46230486,0.11117722,0.5425047,0.8838612,-1.344724,-1.0715456,-1.1581117,1.3904419,0.5650278,-0.3540084,-0.9085702,-1.9199401,-0.81632787,1.3016794,-0.7325469,-0.57373774,-0.1775535,-0.56397647,-0.4871455,-0.8532162,-1.7818503,-1.1138418,-0.0008465871,0.17579816,-0.14974947,-0.5557759,-1.0534208,-0.85589355,-1.4446427,0.40973988,-0.69550323,-0.79917914,1.3073566,-0.22702459,0.79240614,0.5795168,0.23639435,-1.1962152,-0.4706629,-0.71589375,-1.3031175,-0.68595076,-0.7309463,-0.53306156,0.4388363,-1.0217366,-1.1000202,-1.3475794,0.7299643,-0.08306515,-0.7579706,0.4866356,-0.8471478,0.74699515,-0.13874364,0.19960727,1.1309961,-0.53662544,-0.016834438,0.5726007,0.5849214,0.2203246,1.1754004,-0.024473906,0.5623258,-0.3262161,0.036421735,-0.27131465,0.36184812,0.2575336,-0.012708537,0.9943096,0.4803381,-0.34398088,0.64160305,-0.34402412,-0.818503,0.37034944,-0.82660466,-0.29109412,-0.3088361,-1.120052,-1.5616369,-0.26064217,0.9518111,-0.5543894,-0.08947306,-1.7065346,-0.009041524,0.33574733,0.5094782,-0.20469712,0.36281133,0.89996636,-0.93389845,0.44999465,0.20621108,0.8563686,-0.6214097,0.95369285,-1.9407179,1.066562,0.67536753,0.9966457,0.38877577,-0.63556397,-0.571197,0.7046436,0.55616677,-1.1000261
-0.29217368,-0.20070732,0.14772217,0.6102037,0.58791363,0.79380625,1.2327454,-0.103595465,0.09983759,1.169357,0.34391955,0.15399744,0.48085925,0.21389836,0.32403436,0.15149191,-0.31173342,-0.27276424,0.78163,-0.6301793,0.61543113,0.36704847,-0.53538525,0.35414097,0.11387167,0.5043078,0.22002457,0.53747195,-0.28301984,0.3281715,-0.60772014,0.2822401,-0.24695918,0.6335408,-0.021766178,0.4706682,0.32613787,-0.630659,-0.44093496,0.41399238,-0.0005680397,1.0897969,1.1103537,-0.8662985,-0.501856,-0.079767205,-0.17962116,-0.44930103,0.56679034,0.24291372,-0.37568417,0.65283793,-0.22367074,-0.47132015,-0.66771775,1.0953255,0.79567564,-0.37546644,-0.456204,0.31909513,-0.35105953,0.5271425,-0.7077682,-0.57303786,-0.63987625,0.5515232,-0.26117155,-0.033544257,-0.19642955,-0.79728925,-0.282871,-0.4483953,-0.26936945,-0.4415111,0.10759299,-0.7776637,-0.54220194,-0.58129966,-0.74049175,-0.41769862,-0.69231004,-0.7707302,-0.18300903,-0.6796385,0.2032572,0.32434523,-0.9288318,0.17432442,-0.26490894,-0.34158224,0.123161785,-1.2278359,-0.4477501,0.6119149,-0.9985868,-0.3539461,-0.5140747,0.5085976,0.12351522,0.50374675,-0.0058213025,-0.8688476,-0.5948482,0.4244491,0.31390318,0.27998057,-0.6386105,0.09720463,-0.19156507,-0.04404117,-0.033860084,-0.09632594,0.30483004,-0.27747813,0.09341234,-0.3595683,-0.32891092,-0.6237173,-0.66106904,-0.49952373,-0.25213766,-0.45112476,-0.034975007,-0.08412655,0.73918194,0.96245885,0.24008535,-0.06562436,-0.20290548,-0.3973624,-0.6573451,0.2914475,0.19872998,-0.65149146,-0.08543591,-0.41892317,-0.5190808,-1.0850687,0.7583377,0.12041049,0.1898905,-0.14840776,0.48073912,-0.23270583,-0.34047297,0.42403877,0.419917,-0.72570986,0.72898304,-0.26198614,0.6402408,0.092902415,1.347365,-1.4823583,0.09748606,0.6339492,0.16835442,-0.24482888,0.43362665,0.46252966,-0.12632248,0.81948954,0.062324822,0.27905357,0.6517381,-0.21704164,-0.91187334,-0.9280983,-0.58761364,-0.4657993,-0.20150131,-0.2323995,-0.54005736,0.19198503,-0.2396317,0.1729987,0.48619774,-0.58943015,0.24092558,-0.27098104,0.5718737,-0.73187274,-0.5696178,0.761666,-0.7031633,-0.2433016,0.63313603,0.099466234,-0.16096742,0.64456135,-0.21317802,0.30805996,0.8316661,0.5014323,0.108526364,0.19110799,0.36007327,0.4163946,0.5639826,-0.86765045
1.654847,-0.8588293,-0.8257549,-1.3814371,0.7522678,1.4401693,-0.45437378,0.46919215,-0.8874143,-0.51012427,0.62643707,-1.2300396,0.120525554,-0.46634716,-0.35356587,-0.06908893,-0.7413509,-1.3578995,-0.8339674,0.5865022,0.054463018,-1.5030298,-1.0126756,-1.3669741,-0.5977692,-0.4184312,0.32105115,0.8815889,-1.0687977,-0.49560687,-1.8389043,-0.914294,-1.6582924,-1.210154,-1.7399005,-0.31432882,-1.2003868,-1.360689,-1.8747145,0.7800378,-1.3118839,-1.0285203,0.17343123,-0.57666045,-0.37105134,-1.194068,0.7410986,-1.1461798,-0.18082118,0.8845131,0.9244534,0.95867693,-1.8002841,0.056622386,0.7669861,-0.24880357,0.6778236,-1.6716461,-1.9533285,-0.1759998,-0.74400395,-1.0498064,-1.0273864,-0.636476,-0.6432823,-0.93716305,-0.0066659236,0.8556026,-0.35712504,-1.2189864,-0.5790005,0.11076329,1.2137256,0.86440295,0.25119588,0.6157942,-0.21508764,-1.3617281,0.018129308,0.20923609,-3.0311706,0.28372326,1.5565513,0.66668326,0.20039551,1.3640546,-0.20789061,0.5965048,0.113719165,-1.4389606,-0.7212874,0.102892235,0.6332817,0.6614476,-0.5356711,-1.1965631,-0.3529672,-0.86832595,0.34141427,-0.0030149985,1.1734648,-1.0649952,0.5003608,-0.33532092,-0.19058341,2.046296,0.70663565,0.5006005,-0.7151205,-2.0597868,-0.6776648,0.6978436,0.5679983,-0.036772635,1.1771117,0.099629685,0.912168,-1.1623019,-0.34152055,0.21830021,1.9639603,-0.07357809,-0.47399536,1.4129019,0.59173596,0.41581577,0.08640919,0.22817202,-0.19343767,2.0123167,0.24206902,-0.9450586,1.9356949,-0.7657183,-0.8424505,0.47516808,-1.3159772,0.82010084,-2.6185486,0.23048732,1.6004708,-0.02314066,-1.4833059,0.28134316,-2.4693398,-0.78889364,0.017547682,0.5142528,0.2334997,0.80219996,1.3427635,1.5719309,0.2917048,-0.6419539,1.878651,-2.134575,-1.1776237,0.9492238,0.6098429,0.82915646,1.1993237,0.69243914,1.2922251,-0.66300786,0.6742173,0.31540793,-0.5817457,0.48203465,-1.5226914,1.3723716,0.018551843,-1.0785549,-1.1044741,1.0970962,0.8135967,-0.21106513,1.7645154,0.5298442,-1.2285528,0.23253182,-0.39706945,0.87018025,0.17586587,1.6900109,1.9458936,1.074169,-0.9717354,-1.8216915,-0.57375985,1.817558,1.2581949,0.44328108,0.5847773,-2.2146988,1.0007292,0.60663754,0.23088479,0.76278937,-0.15781398,-0.031316005
-0.5310832,0.38214287,0.047981568,0.88272625,1.0560776,0.23336942,1.1579363,0.11527915,0.41941416,0.81572735,0.45739308,0.20607789,-0.6605064,-0.24413773,0.8896922,0.54865074,-0.5787298,-0.32334244,0.58544916,-1.0778029,0.5941461,0.18235433,0.0024806214,-0.65986,-0.36998644,0.20476036,0.3031708,1.1758232,-0.6508449,0.71665114,-0.2372219,0.17645493,0.59831744,0.73495007,0.9850288,0.8622585,-0.060130753,0.27090737,0.92269355,0.26805124,0.8559835,1.144967,0.1186991,-0.17757846,-0.013018878,1.0054346,0.83160037,0.3460771,0.58043474,0.27562928,0.13812013,1.2775826,-0.72212327,-0.020112686,0.7401018,0.65643704,0.75561494,-0.4744227,0.5779903,-0.04550226,-1.9951712,1.1017076,-0.22295333,0.8844003,0.25343677,-0.31214312,-0.4360978,-1.1289539,0.213151,0.12101751,0.16759956,-0.03370014,0.02089647,-0.68372947,-0.025360923,-1.0513439,0.46025848,0.4635665,-0.25316262,-0.31532353,0.35911894,0.19734286,-0.7337601,-0.5041429,0.77491885,0.7414155,0.028562983,0.3651069,0.17100924,1.0007696,-0.5988269,-0.30007133,-0.21853659,0.49050096,-0.7047017,0.19132592,0.14822668,0.26176113,0.51420057,-0.19842713,0.30169153,0.7630073,-0.5963994,0.35011405,0.28335124,0.07713794,-0.1491733,-0.6597482,-0.10808655,0.26758483,-1.3496788,-0.65489703,-0.017693333,-0.59375864,-0.06568463,-0.34585756,-0.8719176,-0.3681162,0.025833437,0.59557384,-0.36741522,0.48919022,-0.14273599,-0.49114788,-0.36578012,0.1950843,1.0352422,-0.52435565,0.16053969,0.23457426,0.06597772,0.8462143,0.0461647,0.18819152,0.46758237,-0.122882724,0.20194644,-0.9538544,1.3502324,1.0118302,0.24400641,-1.1526412,-0.595939,-1.2890427,0.14444645,0.019330878,0.35410005,-0.08343058,0.107937545,0.11118112,0.052289,0.1550878,0.8921001,-0.9837059,-0.97322106,-0.6023684,0.25782144,-0.451594,0.7387244,0.42881715,0.086912744,0.21947385,0.18280123,-1.4015942,-0.38868177,0.30873865,-2.0880082,-1.1388239,0.153585,0.34341174,-0.3892776,1.0821195,-0.3767372,-0.11714781,0.1154184,-0.18889675,0.39003134,-0.80754966,0.535682,-0.36784387,-0.7176959,-1.9441062,-0.8495231,0.22349645,-1.2243208,-0.28145844,0.68234265,0.68780386,-0.5991068,0.7017995,0.52199936,-1.0489367,-0.34983376,-0.1417541,-0.47027704,0.36000982,-0.35693896,-0.27578667,-0.57917494,0.20003541
-0.6488527,0.29288328,0.07344124,-1.1939234,-1.0713544,0.36347684,-0.28227204,-0.40162268,0.34042215,-0.6219665,-0.43307188,0.20517752,1.3185617,0.864903,0.20501421,-0.46925637,0.13813165,0.71085405,-0.28638005,1.2132475,0.40731776,0.51654667,0.1945366,0.9428187,0.42303753,-0.14137903,1.3904345,1.1991884,0.60858727,-0.73578113,0.3845344,-0.7488608,-1.120603,-1.7404367,0.19196375,-0.24810952,0.87474686,0.80919224,-0.5136581,-0.2029918,0.5923398,-0.79882294,-0.73546976,0.4152676,-0.2053241,-0.9352354,-0.35914356,-0.24187231,0.11181322,1.6409017,0.1784939,0.8604913,-0.21584551,-0.53751004,0.5698477,-0.010913924,-0.88513,0.64800316,0.09555173,-0.5637343,-0.7120994,-1.235793,-0.92210793,0.07361491,-0.35176945,0.64006096,0.76424783,-0.48373824,-0.05772746,0.08723757,0.67984736,0.67908394,0.08347124,0.38232866,-1.0687467,-0.8688195,0.74167246,-0.03546932,0.39469403,-0.23684737,-0.29957813,-0.58136874,-0.27482548,-0.5786205,-0.09812007,0.97739494,0.48739058,0.61419624,1.8509958,-0.91586137,-0.49930522,0.32916793,-0.45444033,0.9595133,-0.33505833,-0.31777582,0.24579695,-0.5548091,-0.22133788,1.4708846,0.069786966,-0.97774714,0.11183109,0.4807229,-0.9345,0.51296574,0.9068489,1.3144438,0.73196256,-0.2362884,0.44566,1.6588032,1.7675602,0.9828703,1.1770715,0.65411276,0.4138908,0.4201755,0.5092263,0.48595306,-0.5825617,0.7165102,-0.21685027,-1.0106978,0.5601696,0.91498363,-0.48158115,-0.07953591,0.3986988,0.43111858,0.5114378,0.78495395,1.5887997,-0.2965525,-0.23205295,-0.24362195,-0.049027793,-1.159762,-0.068544075,-0.27994728,-1.1741887,0.2734177,-0.16387354,0.6100937,0.074939646,0.47267538,0.041969284,-0.003048765,-1.3183383,0.7094137,0.21421744,-0.16316614,0.70604515,0.5396806,0.5721125,0.21185398,0.03777634,0.13144615,-0.0017735437,-0.5436363,-0.6334938,-0.6593453,0.20812814,0.37844437,0.50652224,-0.079767264,-0.6036294,-1.8751566,-0.15726523,0.3487577,-0.54677665,0.4178325,0.28529754,-0.02082498,0.53447646,-1.1237293,-0.9262334,-0.7742,-1.2624598,-0.36596432,-0.63842803,-0.4039264,-1.5695461,-0.46347997,-0.7206801,-0.2874865,-0.14347611,-1.4936172,-0.9498109,-0.8447805,0.6223494,-0.06269087,-0.21954075,0.2920122,-0.43343356,0.36962482,-0.3457721,0.7399454,-1.4183301,0.67276174
1.2180053,1.6998891,1.6430498,0.041570634,-0.28953716,0.24122779,0.22475106,-0.9933319,-1.0899569,-0.2,0.561465,0.5760027,-1.0016507,1.962965,-0.72477317,1.2303405,1.5943629,0.09692526,1.6854974,0.8582136,0.31722227,0.50683975,1.3520457,0.6470926,-0.57399654,-0.70698285,0.5850983,-0.16498618,0.6207453,1.9353781,0.46871468,1.5988004,0.23894584,0.5174595,1.0892793,1.1800438,-0.5073561,0.798918,0.59543747,1.8886226,1.7099032,0.63589746,-0.9379011,-0.06089914,0.8719787,-1.0346005,-1.8045936,0.4591569,-1.5365081,-0.33062798,-0.54723126,-0.9324234,0.010532748,1.3348494,1.3988233,-0.3559261,0.5964657,-1.1123078,0.0027705105,0.29735708,-1.3993938,-0.3520717,-0.25470567,-0.105602816,1.1819955,0.31382224,-0.6287099,-1.1630901,1.2612408,0.96424913,0.76395965,0.24368128,-2.1025615,0.7026197,-1.1063404,-0.008738559,0.69089055,1.0473669,-0.40457556,1.2300615,-0.072148494,-0.5253644,-0.30822808,-1.980799,-1.4180598,-0.010252187,-0.9504101,1.327906,1.4689167,-0.9106293,-1.8438137,-0.86514413,-2.0468788,-0.71901023,1.4365429,1.314612,1.678559,0.12099132,1.2100831,0.72314334,1.2036159,1.3731757,1.3800691,0.42097855,1.0764635,0.546142,-0.40122986,0.52828455,1.7075851,0.630912,1.2259688,1.4074523,0.5084723,-1.4240443,0.89822525,-0.14482053,0.22509675,1.3946035,-0.21495864,-2.639111,-0.49714282,0.35849184,-0.8416841,-0.30631706,-0.43589517,-0.912329,-2.094724,0.43624213,0.014392026,-1.3525368,0.7462344,-0.20058766,1.3057847,-0.6046355,0.536018,0.10363392,0.49605072,-1.4872168,-0.66679496,-0.16879049,0.85881513,2.0230224,-1.7502273,-1.8435363,1.1488469,-1.2426997,-0.18728441,-1.0979309,-0.3490649,-0.63284624,-0.17332314,-0.5490528,-0.10690445,0.9559765,-0.057773672,1.0577583,-0.24818167,-0.8913182,0.6217505,-0.44175243,-0.49849164,0.093733534,-0.74688107,-0.4394203,1.4697608,1.4427027,-1.2158426,0.07644074,0.4788589,-0.26147488,0.2863825,0.45395434,1.0301208,-0.07900683,-0.7456498,1.4068332,-0.085459135,-0.094334655,0.02013881,-0.13437268,-0.58696777,-0.7397799,0.9965027,-0.41622496,0.033027608,0.35760754,-0.4525137,-1.8936498,-0.8099161,0.14502089,0.26542503,-0.19146568,-0.47656634,-0.15366139,-0.9363391,0.9798088,-0.49611402,-1.3866184,-0.8766583,0.73655957
-2.2803159,-0.6715198,-1.9431444,0.30940956,-0.2543665,0.024996731,0.0642952,1.5793321,1.521518,1.1475873,0.10015199,-2.2569225,-0.75647086,-2.1837208,-0.86305887,1.081165,-2.7470064,-1.3210646,-1.0864,-1.7711546,0.33410966,-1.9923638,-2.3940554,-0.20423551,-0.80590373,0.850245,-1.6133667,2.1796088,-0.8228184,0.8394319,-2.5973995,-0.62581563,-0.69313556,-1.1486297,-0.6832225,0.19319248,1.5619763,-0.86843956,-0.1866187,-1.0507163,-1.7227345,1.1849688,1.0251076,-1.6064454,-1.6081933,-0.18443462,-0.94394517,-0.35671824,0.38895068,0.27616102,1.3732972,1.4297547,-1.8431596,-1.9689411,-0.3687327,1.8545414,1.3228432,-1.025128,-0.5899588,0.18938677,-2.0219402,0.45241427,-1.046206,-0.30297977,-1.1216145,-0.09369987,0.12914215,-0.8292962,-0.32973298,-2.4543548,-0.46153522,-0.75589454,-0.36857858,-1.2039827,1.0891743,-2.0152943,-1.8816538,-1.4842353,-1.3341367,-1.3460375,-1.2502142,-0.0794214,-0.3962879,0.4811954,1.4951226,2.043017,-1.84661,0.12037453,-1.5727966,-0.84149796,1.6363026,-1.3985249,-0.8623139,0.73088145,-1.2056974,-2.2458968,1.2160268,0.73441595,-0.44215718,-0.94277257,1.084339,-0.45685846,-1.097711,0.19190343,-0.18854715,-1.1332681,0.35223493,-1.7748314,-2.6221306,0.35789874,-2.524751,-2.4468741,-0.5113139,1.4331491,-1.6663077,-3.1745968,-1.575446,-2.070711,-0.070752636,0.9694488,0.16143833,-0.80850697,-0.98414624,0.54864514,-0.05894246,1.9474106,0.62064654,-0.6838227,0.49997988,0.62394667,-2.0690045,-1.8140205,1.5558623,-1.7025145,0.6477556,1.0714915,-2.395029,0.2952568,0.38636142,-0.07697001,0.11357191,-0.15970615,0.45580202,-0.8113495,-0.19699602,0.87964964,-0.28147686,-0.4342574,1.2560002,1.7812166,1.5638293,1.1699268,0.033117585,-1.6889485,0.27516937,-1.4777486,-0.8243537,1.1133857,-1.1407068,1.5146772,0.44319433,0.87014776,2.16529,0.13957897,-0.09448088,-1.2027955,-1.5320339,0.4703036,-2.154826,0.2400279,-0.4170541,-0.12186036,-2.5823164,1.3115343,0.9759676,-0.3315545,1.6839838,-1.8387154,1.1509542,-1.3359703,1.5832236,0.69042736,0.6376229,1.867867,-1.5217234,0.52994484,-0.5043545,1.5068709,0.8037465,1.1897775,-0.025229871,1.2657139,1.1638293,0.78874373,1.9229656,0.7340652,0.23359126,1.611682,1.2997156,-1.9058341
0.08800262,0.4109624,0.22055085,0.24479999,-0.27676335,0.11586075,0.06640951,0.15873359,0.044999823,-0.14292099,0.38084435,0.14401978,0.14488487,-0.30029064,-0.31343737,-0.266646,0.7167835,0.451443,0.14771669,1.327108,0.27422607,0.54854375,0.5376131,0.9202621,-0.049815223,-0.43621552,-0.09921661,-0.06541577,-0.2082669,-1.0935848,0.331021,0.18673784,0.8489372,-0.18203866,-0.04259646,-0.28171146,0.08901403,0.18558273,0.17230111,-0.010485837,-0.029289857,-0.9770664,-0.33589342,0.81471145,1.1739756,-0.0036792094,-0.2594374,0.25581342,-0.44096875,-0.14611933,-0.19990127,-0.2082308,0.53017473,0.3235504,-0.4379252,-0.8852825,-1.1112734,0.09836578,-0.20081827,-0.32174897,-0.33772272,0.23796482,0.83156365,0.42205384,0.5130128,-0.07083847,0.27080238,-0.04616163,-0.08318008,0.46984914,0.5878267,0.18335128,0.043807603,0.56885767,-0.1311417,1.2908459,0.29983371,0.43227798,0.23904204,0.51816314,-0.37082818,0.109232314,1.0263616,0.59130347,-0.58720416,0.45404214,0.5692846,-0.56527644,0.483971,0.32971585,-0.115148194,-0.5992583,0.12884828,-0.088859744,0.09302222,0.5604047,0.08488524,0.4268592,0.24407336,0.5973287,0.069090076,0.46792424,0.42955446,-0.1854949,-0.2776812,0.7131419,0.32030872,0.8560952,0.66826946,0.34140512,1.0327921,0.7178633,0.5334266,0.13864018,0.43141848,0.014008965,0.6756777,0.2373127,0.9083996,-0.3107804,0.4820288,0.11903553,-0.5416727,-0.64086497,0.071918905,-0.31312895,-0.26787335,0.21835017,0.020270713,0.054990984,0.6289296,0.6682203,-0.08115659,0.36955535,0.60578525,0.49673626,0.85993165,-0.107388005,-0.2487816,0.6166478,-0.67144173,-0.3772792,-0.4055717,0.69642645,-0.38242498,-0.4289783,-0.08212203,0.15322752,-0.9811003,0.25015825,-0.72769916,-0.13991618,0.105509736,0.06292808,-0.9512077,0.66694635,0.22281918,-0.25978717,0.7686563,-0.9888461,-0.10409912,-0.5628564,-0.7875486,0.5943769,-0.31134966,0.022972528,0.84373164,-0.4847642,0.0788839,0.20632231,-0.16591938,0.23868921,0.38653734,-0.45709196,-0.58558565,-0.1949449,-0.62979805,0.542619,-0.9329678,0.91482663,-0.5273795,0.46808642,-0.052257754,-0.5354773,-0.15017095,-0.06669988,-0.83640665,-0.49050954,0.35894865,-0.62786376,-0.049871176,-0.036965374,-0.8393582,-0.35470927,-0.15024567,0.25905922,-0.83915055,-0.92415464,-0.81911445,0.24973701
-0.63630676,-0.9873252,-0.9083999,-0.2486337,-0.056172203,0.74539727,-0.16446458,2.6112642,0.15247786,0.18755206,-0.060355566,-0.8232697,-0.88815594,-0.8491404,-0.6170599,-0.1504867,-1.2045178,-0.47122753,0.20662373,0.31805038,0.23012772,-1.5155387,-1.0095437,-1.4207878,-1.4833459,-1.4668041,0.61084867,-0.04848808,-1.3875679,0.0059883967,-0.87615716,-0.12592888,-0.7183474,-0.5649402,-0.6886833,0.5301751,-2.027962,-0.3439526,-0.7429856,0.041895762,-0.73373044,0.61641777,-0.07323003,-0.20483033,-0.44299483,-1.3889134,-0.16990708,-0.80669093,-0.876039,0.79305494,-0.66470206,0.018803664,-0.35988072,-0.36971325,0.40755972,0.89265895,1.5628794,-0.7171207,-0.98604226,-1.476531,-0.9485703,-0.3595632,-0.62618685,-0.2840954,0.18911502,-0.98364854,-1.0121545,0.47601336,-0.12778243,-1.4710568,-0.72671115,0.089284346,0.4938654,-0.38581917,-0.579662,-0.45266077,-0.120229326,-1.2633706,0.02252525,-0.21182391,-1.4188539,-0.3093424,0.11333672,-0.88197017,1.2890353,2.3410044,-0.42813814,0.875193,0.12730898,-0.35936332,0.042363025,-0.48301736,-0.37928945,0.8463973,0.4014023,-1.1577615,-0.59590155,0.14662589,-1.3722945,-0.36411205,0.9152492,-0.6982732,-0.9537321,0.041533384,0.36682984,-0.6167587,1.2245744,-0.82116365,-0.7306388,0.15293938,-0.3782157,-0.58937657,0.25680506,-1.9507341,1.2054701,-0.49763244,-0.1476598,-1.3388535,-0.2641985,-1.101123,1.4991624,0.35062718,-1.8693371,1.3338405,0.028500624,0.37834978,0.25061935,-1.0806152,0.1016571,1.3402876,-0.10905957,-0.8456687,0.9357024,0.033194542,0.12831196,0.77254117,-2.0543358,-3.0284772,0.34245312,-0.9043845,0.5705065,1.4297138,-0.8694231,0.28663397,0.7447208,1.0077392,1.1558626,-0.2971986,0.6111992,1.0742128,1.030908,-0.5978163,0.046096608,-0.2383635,0.08761004,-0.43451628,-0.6352409,0.54176354,-0.0677937,2.019674,0.44726712,2.009246,2.3091424,0.28015324,-0.14905281,-0.5746237,-0.45910427,1.5314701,-1.944683,-0.5032463,0.9434596,0.06117412,-0.7981441,1.4166445,0.84314877,0.45500687,1.313102,-1.1198763,-0.8070059,0.12329912,0.8813183,0.57310176,0.6211556,1.6306592,-2.1063344,0.59890544,1.0058742,0.6750933,-0.77044636,1.8347927,-0.20508382,0.5346593,0.28357345,0.85539216,0.52595526,0.9665834,-0.0620121,1.398885,0.6756736,0.09387902
-0.25088543,0.7039345,0.5546032,-0.2938006,-1.1131434,0.7081459,-0.5616119,0.01378591,-0.5912363,-0.34563833,-0.41900203,0.1114095,0.55006695,0.39736858,-0.749455,-0.006136342,0.6282396,0.6918726,-0.47410297,0.66676354,0.20258321,0.61979896,0.50040877,0.81324035,0.042763233,-0.6015627,0.49763784,0.4883134,0.54251575,-0.030366167,0.27421573,-0.3120152,0.6180277,-0.7033435,0.07307135,-0.11887227,0.31719485,1.4433558,-0.18472137,0.15048681,-0.13190413,-1.007769,-0.9814751,0.85582954,0.8054644,-0.8548547,-0.818195,0.7277294,-1.3805381,0.04366351,-0.6590115,-0.13956508,0.67239153,-0.49498725,-0.20783031,-0.5673266,-0.5880436,0.6244501,0.5018191,-0.761894,-0.026997691,-0.6073608,0.42299634,0.36185095,0.67603654,0.059329495,0.7219969,-0.4711913,0.24699569,1.0894736,0.9041304,0.015597604,-0.115070865,-0.5541171,0.49387962,0.42207873,0.0746077,0.7035389,0.15534076,-0.16877903,0.25749812,0.17419071,0.28151986,-0.2698738,-0.6112103,-0.2863923,1.2071133,0.23961791,1.1612027,-0.37908548,-0.70650625,0.20578118,0.102504455,-0.10704463,0.22745053,0.09179354,1.1032919,0.61145043,0.71038026,0.3888284,0.12206952,0.5503607,0.7471946,0.2140369,0.17677528,1.2839205,0.9613731,1.0278342,1.2725488,0.7062646,0.90983814,0.8507277,0.15062487,-1.4061781,0.9092531,0.21764205,0.35928857,1.0551051,0.032919973,-0.05629885,-0.80365825,0.75056666,-0.29534787,-0.08380682,-1.2513036,-0.75991654,-0.011930162,0.2882124,0.8671487,-0.15065768,0.8661399,0.9785682,0.3044967,-0.21159133,0.65213466,0.06746129,1.005369,-0.44846332,-0.12575041,0.41066313,0.06372097,-0.012974316,0.06993808,-0.7108714,-0.5266537,-0.5721902,-0.4346736,0.8913681,-0.7168864,-0.39479375,-0.8900245,-0.7236202,-0.6037097,0.6267633,0.11409966,0.39400074,1.7008178,-0.93903744,0.30433154,-0.50144714,0.16771582,-0.054925457,-0.22785796,0.3901334,0.36926335,0.8711477,0.82095534,-0.2677897,0.14766665,0.67505234,-0.06730695,-0.24998704,0.34364903,0.5115097,-0.43381774,-0.81120217,0.15385161,-0.21594286,-0.06420949,0.070259556,-0.5698547,0.08192611,-0.14266077,-0.49048054,-0.3813786,-0.52296174,-0.16949685,-0.44598213,-0.79648584,-0.7281643,-0.515149,-0.4487083,-0.25874844,0.10564944,-0.63128537,-0.16579416,-0.20551741,-0.3533891,-0.50207996,0.550107
0.49654445,0.3466782,-0.12134887,0.27415112,1.131495,0.49783432,0.77188355,-0.19668023,0.8204878,0.08246417,-0.43024373,0.14709586,-0.339876,0.89316237,0.71070516,-0.07654912,0.066961244,-0.6293109,0.6480134,-0.15607023,0.111422226,0.54691,0.45741722,-0.40265584,0.50575954,0.34683537,0.25873223,-0.29801255,-0.17273338,0.8554494,0.13610479,0.74592555,-0.43022487,0.8196672,0.1679387,0.43500063,-0.75117165,-0.9987265,0.448885,-0.2515913,0.79979813,0.46303615,0.9497184,-0.7448324,-0.78341806,0.61080384,1.0387461,-0.23112696,0.81499416,0.102122955,1.1951035,0.07882191,-0.39196745,-0.14940223,0.70682126,-0.10155393,0.7904933,-0.036582895,-0.20569141,0.01681073,-0.22658768,0.03803062,-0.65722215,-0.48594016,-0.34688434,-0.06357245,-1.0015142,0.5601565,0.5433776,-0.6269298,-0.6484969,0.59302336,-0.4406201,0.5596833,0.7864698,-0.59370565,0.13279197,0.17547114,0.067656785,-0.24419835,-0.96276766,-0.37380046,-0.53894323,0.83203334,0.59723896,-0.59153974,-0.3055812,0.36019748,-0.29972336,0.107934356,0.8689212,-0.575368,0.06098836,-0.30234602,-0.30183628,-0.15751354,0.09947137,-0.004129812,-0.9199616,-0.11395058,-0.7458831,-0.9569752,-0.30264732,-0.091685735,0.3173587,-0.3850706,-0.12804323,-0.61360085,-0.5950878,-0.45096636,-0.6549465,-0.40747535,-0.47414374,0.77434397,0.6029845,-0.040653404,-0.030529764,-0.3416223,-0.747414,-0.5173957,0.10836796,-0.11483817,0.24998398,0.84958893,-0.4359301,-1.0502542,0.19336979,-0.36073992,0.014872558,-0.4966476,-0.048249647,-0.5829693,-0.38967898,-0.024802238,-0.111459255,-1.4034091,-0.07833966,-0.20021148,0.6715817,-0.5722734,0.31580642,-0.1682296,-0.41561574,-0.41563976,-0.4924748,-0.40581617,0.9344171,-0.59598255,0.36770046,1.0223413,-0.4658084,0.4119676,0.12459427,0.05908861,0.39554673,-1.0967395,-0.081900194,0.156145,0.39638594,0.875835,0.76916444,-0.10636489,0.038053572,-0.07787368,0.62687624,0.32582176,-0.73197865,-0.07639177,-0.121175274,-0.61566013,-1.066307,-0.3922503,0.123426825,-0.01039637,0.61150223,0.265232,-0.11672861,0.55535364,-0.07157015,-0.583266,0.19398727,-0.6396639,0.49527323,0.5350823,0.6543195,0.29391477,-0.44980678,0.09259662,0.23036195,0.43446591,0.37077647,-0.6533786,0.13375455,0.022620432,-0.1640798,-0.6408401,-0.06366396,0.22449295,0.5895022,-0.041849308
0.47134992,0.35941344,0.60880244,-1.3894016,-1.2315183,-0.7091877,-0.24225941,-0.23693606,-0.607144,-0.9308325,-1.1631429,-0.04980601,-0.2043909,0.8183187,-0.24800675,-1.5720792,1.4024495,0.4792361,0.07322101,0.3428004,-0.98777944,0.47067717,0.56387025,-0.06823802,0.40027177,-0.48105103,0.4495053,0.39741609,1.2523243,0.26683685,0.6409838,-0.12958923,-0.78614235,-0.3178846,0.055167682,-0.25929105,-0.23775518,-0.13539547,-0.25834647,0.9736475,0.27207378,-0.42441222,-0.37833172,0.44252247,0.24056275,-0.2364607,-0.37480977,0.20898929,-0.64009225,0.3038725,-0.030916812,0.20383018,0.97343636,0.48608643,-0.025961092,-1.3155179,-1.3489488,0.5360643,0.82256806,-0.23046301,0.14975262,-1.3580173,-0.4484291,-0.13633652,-0.5524448,0.7080107,0.3402265,-0.30695605,0.36352244,0.13230516,0.6918577,0.3015718,-0.07185975,1.045508,0.29351217,0.43557036,-0.7031372,0.045239847,-0.23885861,0.91889507,0.559892,0.7218223,0.07939694,0.5834754,-0.6316167,1.0050834,1.3634461,0.3697928,0.31968114,-0.20516983,0.21424688,0.22078569,-0.26194996,-0.33813012,-0.62572765,-0.017059425,0.53546524,-0.22909759,-0.37116808,0.82966673,0.62035406,0.5801224,1.0592903,-0.49169534,-0.14125538,0.7340895,1.3073412,0.9420132,1.2323158,1.0983437,0.22092003,0.6411239,-0.27886862,-1.037777,0.93063325,0.63723075,0.76393175,1.0580572,-0.4958317,0.9004158,0.29045978,1.1695044,0.13208197,-0.9759915,-2.3876357,-0.12398665,0.20014773,1.1931394,1.0184639,0.19723004,1.1946447,0.39564195,1.1378177,0.9752234,-0.4406304,0.09126095,0.61723775,0.6200521,0.52333796,-0.29720572,-0.44421595,0.43554062,0.7862282,-1.3152975,-0.07592628,-0.61248636,-0.5087251,-0.060241092,-0.3922676,-0.38562167,-0.12168256,-1.5645937,0.123746395,0.7479473,-0.00793487,0.6967227,-0.32185245,0.05117183,-1.0526345,-0.10953139,0.2897882,0.30329952,0.178569,0.68584514,-0.5915133,0.41857195,0.26801136,-0.38542634,0.49137008,0.6454789,-0.16076526,0.053615924,1.0392348,0.5697996,-0.2707765,0.9633685,-0.7048306,0.42445335,0.48084345,0.1256451,-1.271306,0.14619887,-0.558027,-0.53145206,0.23751442,-0.27371466,0.16424291,0.2392081,0.20624298,-0.9780429,-0.5772816,-0.6333537,0.1792499,-0.75118166,-0.7449997,-0.3418931,-0.20381814,0.56467414,-0.8876399,0.6260836
-1.3175849,0.59136266,0.5972925,1.5302145,-0.22805777,1.4212132,0.14039908,-0.013870884,-0.11213453,0.57957226,1.2016119,-0.75760525,0.02138767,-1.1972271,-0.4802341,1.3390652,-0.92873174,0.19003966,0.90328956,0.5181709,1.7603992,0.21146794,0.14822951,-0.022716064,0.586023,-0.5971907,-0.45321876,0.19376515,-0.49668565,-0.63581437,-0.27231094,-0.8232427,2.203268,-0.06829518,-1.3412584,0.1311445,0.8538157,0.10573399,-0.54665595,0.82402575,-0.37797344,0.053892825,0.98353326,-0.21865366,0.69847363,-0.7338626,-0.51277465,-0.37400305,-0.42515546,-0.7201107,-2.246261,0.6234222,-0.586488,-0.8755303,-1.3764532,0.65956557,0.0051714964,-0.6470044,-0.9524514,-1.1065949,-0.2744385,1.5121847,0.050953865,0.016341869,-0.11617067,-0.92296034,-0.43556926,0.56170744,-0.82436633,-0.5591114,-0.66059697,-0.70623046,1.0911009,-0.41296464,-0.16647552,-0.7893995,-0.93011963,-0.3962703,-0.94144547,-0.12255245,-1.3942819,0.4012641,-0.5552135,0.3930785,-0.25369775,-0.046818756,-0.49879107,-0.26968056,0.2966687,-0.46484712,0.57857513,0.4677708,0.32586572,0.37679732,-0.73373914,-0.3953124,-0.13642755,1.3003895,0.39973134,0.81928045,0.09668335,-1.094632,-0.6295025,0.31416854,-0.22556101,1.6450459,0.15624776,1.0448291,-0.13020185,0.028997807,-0.98875445,-0.21622364,0.43021998,0.47004998,-0.72321475,-1.5143758,0.2189623,-0.44545498,-1.3211387,-0.13840985,-1.0975742,-0.18837836,-0.7117747,-1.3434392,0.6042229,1.0218598,-1.3761928,-0.6966814,-1.6212027,-0.9892082,-1.1873714,0.09852892,0.67828125,-0.7189678,1.2534527,-0.18873006,-0.42847526,-0.01731688,-0.13401775,0.44739938,0.39066967,0.9150333,-0.5069061,0.7081416,0.1009353,-0.32697153,-0.33220726,0.39624268,-0.1764626,0.523866,-0.2621783,0.69312924,-0.16855362,-0.14560725,0.5733589,1.1906323,0.97648954,-1.4054962,1.2267102,-0.23659374,0.9675941,-0.70248544,0.05928728,0.6178255,0.364675,-0.18419747,-1.4260784,0.24825983,-0.049426056,0.9103913,0.84349406,-1.4512799,-0.930022,-1.0764115,1.1825323,-0.7458786,0.36918905,-1.1447618,0.5068043,-0.76109564,0.04650205,-0.22061005,-0.055316016,0.45815396,-0.9238843,-0.43083847,0.40192303,-0.0914242,0.3014124,-0.100903645,-0.21847457,0.26675496,0.6758764,0.19403534,-0.6942595,-0.65600026,0.2506195,0.7054033,-0.15188734,-0.8596101
0.10120177,-0.2048605,1.3732768,0.37355077,-0.75008076,1.2077593,0.15837517,1.7825849,0.0771554,1.3291111,1.1492609,1.0908407,1.707143,0.38422963,-0.5347056,0.78773725,0.80640197,1.1548513,0.61617297,1.6036038,0.36430606,0.089700684,0.79177713,0.89365494,0.5097463,0.783528,1.480278,-1.1369302,0.33306995,0.3044722,1.5747675,0.64606065,0.6048622,0.045137405,0.10278575,1.3677353,0.86463094,0.88160133,-1.0103812,0.2680151,0.39353806,-0.73676485,0.80586886,0.34654284,0.18970996,-1.81235,-2.4825635,0.73081565,-2.4394772,0.73370755,-1.1766416,-0.33947697,0.15281504,0.25696135,-0.8728091,0.82621634,-1.2403533,0.20169413,-0.6838753,-0.546849,-0.4690455,0.14534101,0.2413993,0.83800334,1.0814472,-1.0965518,-0.3304862,0.73317915,-0.14853226,-0.19203573,0.5692059,-0.02380598,-0.18101914,0.6095868,-0.48494208,0.6990457,0.7901842,1.0023533,-1.3769336,0.8458991,-0.27295443,-0.6016427,0.86449164,1.2853311,-1.4889414,-1.112095,0.6855973,0.99348974,1.1603959,-1.6551065,-0.6675368,1.2848511,0.39353082,-0.109622516,-1.6795188,-1.1605674,0.12624145,0.560402,0.17109032,0.71124405,0.3932743,0.8300911,-0.39777276,0.8524881,0.6047404,0.016847856,0.059008535,0.8682382,1.0412794,0.4636516,0.7216891,1.306372,0.3640652,0.52045685,0.15292712,0.36098808,0.32298252,0.81920815,0.60456884,-0.033866387,-2.1541915,-1.2674654,0.61175716,-1.0084828,1.4593545,-0.98969537,0.78325284,0.13198948,-1.8433849,-1.1445035,-0.43282062,-0.3107002,0.029149272,0.497634,-0.9754863,0.017820276,0.49091315,-0.18444891,-1.1932515,0.76724124,-0.23028661,0.45574707,0.0047596805,1.8482459,0.14986557,-0.015301231,-1.3580269,-0.8309321,-0.82742655,-0.81952524,-0.5269858,-0.6430952,-0.16971949,0.99779904,0.61952496,0.8859932,-0.0031108186,0.6105983,-0.20737019,-1.4941684,0.52351296,-0.7812905,-1.7059053,0.006332688,0.46890378,-0.9314808,0.6202307,-0.58088255,-0.85374224,-0.2113271,0.24590237,-0.5239308,-0.60937375,-0.13314693,-0.9584782,-0.8699134,-0.6121671,0.095004216,0.3260106,1.0425739,-0.17053632,1.2006909,-1.4705064,-1.1655675,1.5641931,-0.24077135,-1.6016579,0.38776687,0.36003405,-0.5235182,-0.32397097,0.33865628,0.30949116,-0.92937475,-0.037411246,-1.190494,-0.4340596,-0.23744683,-0.5454711,1.1551132
0.40950117,-0.20019086,-0.049039073,-0.95067614,0.80561966,1.0157696,-1.6000224,1.3458569,1.5324309,-0.24888279,-0.6721766,-3.2221794,-1.1483289,-0.1860492,-2.2518826,-0.5228239,-0.5412174,0.20105515,-1.4916223,0.30486712,0.24688396,-1.2007343,-1.5668013,-0.8991358,0.8616206,0.7690522,-1.6586018,1.5065917,-1.244311,0.009705044,-2.0785139,-1.4841783,-1.1491587,-2.1716383,-2.831995,-1.2575635,1.7012063,-1.5258044,-1.148528,-1.9424824,-0.70725286,-1.7350838,0.5651894,-4.0502725,-0.30340984,-1.543829,-0.1301262,-0.6695046,0.98524284,0.7196883,2.3266475,-0.586305,-0.9785539,-0.50600666,-2.2654583,-1.3209122,0.049237285,-2.1216533,-1.7422696,1.2867373,0.7447979,0.01007047,-1.571907,-2.4555755,-2.2324615,-2.4785068,-0.76361555,1.2526276,1.2680773,-1.2309078,-1.814856,-0.38672537,-0.031874597,0.36433104,-0.22276966,-0.4190994,-1.9867244,-1.6862301,1.1675372,1.0220594,-0.489043,-0.9091458,0.9666855,1.4823483,-0.10060619,0.31095484,-1.4719496,0.34247085,-1.5210581,-2.2952793,2.3300707,-1.478797,-2.348286,-1.1148924,-1.8892299,-3.3184254,1.0300567,-1.0419444,-1.4181215,0.38435885,2.1568422,0.6441598,-0.8401677,-0.9576014,0.29874492,1.2698873,-0.19080064,-0.32533336,-1.186023,-0.9357761,-1.3621635,-0.7492667,0.13172716,1.1268256,-0.27019274,-2.661588,1.6944093,-1.4563704,-2.2359612,1.9286817,1.6955019,0.5550653,-0.44246042,0.83733714,0.8282676,0.78267306,1.3583587,1.8279543,-2.523794,0.8593185,-0.7839321,-2.0150852,2.489308,-2.31321,-0.946105,0.29194644,-3.5138555,0.08259699,-1.6625733,-1.562355,1.165822,-1.9989617,1.6681154,0.6868187,-1.6040986,-1.0053246,-1.0752226,0.1839176,0.37517148,1.7531047,1.1433827,0.5817507,-0.8975377,-0.6538757,1.1045737,-1.5831121,-0.10040423,2.0772102,-0.57481337,1.546243,-1.3721092,1.6620703,0.9800016,-0.9886961,1.6824416,-0.33056074,-0.6117511,0.24243294,-0.87449485,2.3360145,1.2214341,0.43224022,-0.04838614,-1.7637053,-0.15662396,-0.4197778,1.5402043,-1.0649092,-0.7070234,-0.17664649,0.48109317,0.7347876,1.5002731,1.9691842,-0.7034031,1.506935,-1.484694,0.8175603,1.5902512,0.29628834,1.2624264,1.4321169,2.072277,1.7885132,1.5150667,-0.08819956,0.8594169,1.9697297,2.2917166,0.42078134
0.5344827,0.9366439,0.99935377,-0.473041,0.07225001,-0.22419272,0.13523252,-0.2821049,-0.38954976,-0.03336677,-1.3158201,0.93239564,0.04169025,0.4608928,-0.13328083,-0.54865825,0.8839646,0.9578531,-0.52000505,0.013261879,0.030248154,1.2382547,1.2264441,0.89036894,-0.56301874,-1.2839433,-0.47002944,0.54343444,-0.48686653,0.077482976,-0.839087,0.034368433,0.2853097,-0.47689143,-0.25247225,-0.5635626,-0.3727886,1.1339533,-0.09072952,-0.5012643,0.49128404,-0.6392011,-0.06590542,0.023842463,0.8561148,-0.41288537,0.3504177,1.0453953,0.55167663,-1.1941586,0.8948681,0.16732946,0.37036166,0.52985644,-0.5162575,-0.19103448,-0.19250871,1.6906925,1.7249779,0.4365357,0.15750359,-0.9442986,-1.0413322,-0.38361406,-0.42527074,0.28486893,0.8051417,1.5334355,-0.8099504,1.2608134,0.50847495,0.7431176,0.5370668,-1.596253,1.4927291,-1.2645984,0.2574994,1.137335,0.29012585,0.55663043,0.49072823,-0.5598306,-1.1962922,-0.094206944,0.07596865,0.37760198,0.91048384,-0.7835033,0.52280563,0.60639894,-0.06935128,1.0807369,-1.4279207,0.062544,0.25835997,0.86773723,0.25848064,-0.52251303,0.9082913,0.09371801,0.63519675,1.148508,0.45137072,0.12325491,1.0000827,0.47419214,0.6364261,0.87896544,1.6133397,-1.7073934,1.0117654,0.41424006,0.3868917,-0.5746346,-0.06770985,1.0961792,0.26663524,0.95289534,-0.63979846,-0.21558021,-1.6507076,0.68464315,0.8041349,-0.5881229,-0.944579,-0.70152813,0.41164878,0.2227166,-0.11865056,-0.3944433,0.6002268,0.93380296,-1.9430044,0.12999077,0.21070856,0.9547556,1.1100339,-0.65874916,1.3060648,-0.26221856,0.40830916,-1.8110474,-1.3133496,-1.3635297,0.2061759,-0.93211204,-0.81399465,1.8055847,0.23002674,0.51520497,0.005875429,-0.50938445,-1.2129353,0.9577927,-0.22949925,-0.443847,1.4132926,-0.8258316,1.0432615,0.15050922,-0.9912279,-0.7393687,-1.0479736,0.11352718,1.7020515,0.93269634,-0.5001629,-0.46803007,0.32444084,0.4874829,-0.49039423,-1.3139343,1.1618063,-1.0074358,0.45009488,-0.78849024,-0.51569825,0.40723854,-0.26661506,-0.996951,-1.0837723,-0.04256628,0.17982596,0.9070647,0.2581188,-0.3800354,0.42117012,-0.5528554,0.32220477,-1.6984862,0.417437,-1.880743,-2.7299528,-0.79310715,-0.94203585,1.3909273,0.3254689,-0.43087897,-0.055073194,0.61723286
0.23716673,-0.009751865,0.57429975,-0.48412228,-0.5063002,0.40523234,0.3091154,0.0876808,-0.022454185,0.6193928,-0.6083902,0.46390277,1.176826,0.34389967,0.06861988,-0.6364691,1.1294228,1.4741172,0.5913264,1.5060278,-0.011633288,1.0787914,0.74066913,1.608603,0.08970284,-0.7630843,0.28776792,0.16019024,0.49670297,-0.11382472,0.60015535,0.44795728,-0.54653174,0.09940863,-0.107447796,-0.15327221,0.6393909,0.6123761,-0.54699343,0.3254295,-0.056734227,-1.0205,0.1385318,-0.07534852,0.6577177,-0.55312884,-0.45649314,0.53024346,-0.9579666,0.2848931,-0.63708127,-0.049242668,0.5403346,-0.008740541,-0.28944156,-0.47352612,-0.73384154,0.85773736,0.70570207,-0.7005727,-0.17629544,0.20535634,-0.28806156,-0.71100444,-0.35835695,-0.40490356,0.79821324,-0.07282171,-0.01584991,0.10650658,0.66270375,-0.45459038,0.11429455,0.30598623,0.23745894,0.9065957,0.7213122,0.4833947,0.1126795,0.8303326,-0.14116654,-0.3366055,1.4398667,0.717683,-0.73178816,-0.1400866,0.81417084,-0.18490662,1.1228316,-1.0288272,-0.042479023,-0.29707783,-0.59121317,1.1400425,-0.22081903,-0.5730137,0.10585389,-0.14512667,0.21503855,0.9815567,0.31684875,0.44094315,0.5048772,0.7601895,0.6412699,0.5311223,0.10871485,1.6818316,1.0335692,0.2779002,1.1068681,1.128276,0.9000109,-1.1620342,0.5093269,0.35706258,0.5537135,0.57401407,0.6213912,-0.61787665,-0.95567167,0.02580833,-1.163512,-0.78525054,0.35521308,-0.2387528,-0.25937843,0.3824721,-0.39159858,-1.1849644,0.17725663,0.41922045,0.43593794,0.4590019,-0.5786853,0.38717335,1.0281775,0.25768113,-0.6454914,-0.42102155,-0.80003804,0.037940383,0.40497625,0.59101605,-0.92358786,-0.42395562,-1.656205,0.35175648,-0.41777274,-0.25345713,-0.7231556,-0.5350896,0.41036457,0.5133598,-0.48696962,0.5667248,0.5666233,-0.57296604,0.07543494,-0.8315393,-0.5500432,-0.33297968,-0.82871616,0.0454455,-0.03183935,0.26505685,0.9178399,-0.80252373,-0.09384573,0.8378039,-0.21403551,0.39556172,0.6128605,-0.050053768,-0.81710136,-0.8228253,-0.019538425,0.24727224,-0.34174263,1.042966,-0.17257832,0.49925548,-0.5874364,-0.5305386,0.100513324,-0.95723,-0.6933064,-1.2969992,0.21100925,-0.4166912,-0.49678293,-0.1823975,-0.8740612,0.01902388,0.113877214,-0.45396712,-0.1650696,-0.24432252,-0.8330066,0.31655347
0.71989995,-0.16879286,-0.25435278,-0.94223064,0.90263116,-0.07437147,0.6397147,-0.5839726,0.8123928,-0.3878731,-0.06625267,-0.3640191,-0.45948935,1.6287066,1.3128976,-0.74979115,0.45843375,0.044919774,0.40896758,-0.9993329,-0.65501744,-0.058293786,-0.26626575,-0.63007635,-0.6937293,-0.39448753,-0.6494201,0.2524039,-1.3433965,1.4521238,0.34832454,1.5655252,-1.3005117,0.8746944,-0.1413275,0.44837794,0.087287664,-1.8383981,-0.62256014,-0.21691947,0.77083594,0.8093756,0.82716095,-1.0199345,-0.52576274,0.935706,1.256194,0.96859294,1.0330327,-1.5482415,0.5360445,-0.841376,0.4549999,0.62118167,0.3068897,0.3763427,0.52631754,-1.4907204,-0.82644445,0.88490605,0.5925915,-0.057153735,-1.4870036,-2.7200227,-1.1091071,-1.5295899,0.004869378,0.82907057,1.6973892,-1.4116443,-1.1160061,0.50571007,-0.21727878,0.031001098,0.46925592,0.44204795,-0.29220754,-1.7202584,-0.43788,0.9197034,-1.5023153,-0.4547015,-0.39528736,0.20632245,0.9390023,-0.30081847,-1.2465824,0.7409469,-0.50696826,-0.45780027,0.22662152,-1.9726865,-0.38225386,0.937593,-0.5444649,-0.47292015,-1.0998701,-1.4480923,0.16093895,0.61146843,-0.12329464,-0.3307258,0.49516058,0.24705474,0.4211429,-0.5237865,-0.5337479,-0.54455113,-0.38193053,0.13266934,-0.73957235,0.1385759,0.2348294,-1.2639732,0.5420645,-0.62378776,0.63259554,-0.15127155,0.5467903,-1.0329437,1.3102907,0.14742565,0.34132642,0.15268824,0.88667846,0.40759936,0.8138697,0.51156235,0.40837312,0.397349,0.29145458,-0.54075265,-0.0070282826,-0.82953346,-0.9856473,-0.3529895,-0.9557136,-0.6695714,0.24889232,-1.2523651,1.4257501,-1.622017,1.4124153,-0.09998413,-0.33200464,0.7128734,0.74078786,0.021716958,0.66513264,0.57065386,0.63146526,-1.7210666,0.071618974,-0.59237355,0.503559,-1.2604003,-0.24989331,-0.80512077,-0.6455636,1.0488092,1.188732,0.69616985,0.3175764,-0.9954356,-0.554096,1.1089383,-0.2932782,1.1625034,-0.698571,0.25702035,0.028044598,-0.23899788,0.5686714,0.3397099,0.31633052,1.7655799,1.5484096,-0.27703124,-0.85204315,0.5856321,0.8945892,-0.4480913,0.18113074,0.7338741,-0.556642,-0.349424,0.5675343,-0.5976003,-0.2490374,1.4554389,0.39414892,0.30569595,-0.43156794,1.2846409,-0.64315844,0.9811419,2.005301,0.7747309,0.3410882,-0.3761991
-1.4076468,-1.7292285,-1.3708375,-0.17707823,-0.64906996,-0.5079821,-1.3796767,0.4577256,0.7054067,0.9680719,0.9478923,-1.9245975,-0.6322929,-2.6538417,-2.2449112,0.7024664,-1.569258,-0.8648284,0.21753667,0.9284243,0.96516794,-0.8989351,-1.50349,0.5178203,-1.0920963,-0.37973252,-1.6065683,1.5755236,-0.63567686,-1.3868163,-0.52690476,-1.964843,0.40567884,-0.86647266,-2.4981842,-0.9162778,0.4355594,-0.21063982,-1.8899033,0.2189417,-0.9647942,-0.2669551,-0.90144,-0.35625315,0.47437868,0.4245005,-0.6988685,0.10194928,0.46546265,-0.6988511,-0.9237245,-0.06037917,-0.3607045,-1.6531795,-1.5301895,1.5150783,1.650025,-1.8246117,-1.9822892,0.50553626,-1.0268395,1.4569533,-0.50081885,0.21946424,-1.0718036,0.07226744,1.1444176,0.17032212,-2.803985,-1.7577989,-1.7041621,0.8075699,0.6262137,-1.7368536,-0.49305576,-1.556098,-1.5597563,-1.1910143,-0.7217462,-0.029574275,-0.559727,0.0897158,0.3659559,-0.43382525,1.5977356,0.47794846,-1.0785611,-2.1230829,-0.26130575,-0.19427909,-1.1549681,-1.1021549,-0.3056052,-1.4973447,0.56737894,-1.6801525,-2.0130525,0.97655123,-2.911708,-0.46845135,-0.09879959,-1.0379493,-0.62211615,0.67121136,0.34559128,1.5568871,-1.8765801,0.44136345,-0.75387853,0.07929304,0.3080722,0.099319145,1.1473302,-0.50464,-0.47776642,-0.0047027282,-1.6867025,-1.1870438,0.20853767,0.006772969,0.6628055,0.3373966,-0.06616466,0.7966532,1.7970828,1.7942076,-0.7667162,0.33018214,0.11212111,-1.1080469,-1.4795324,0.34155786,-3.1456895,0.23655495,0.5065588,-1.3874298,-1.417343,0.19813015,-0.7431373,-2.850316,0.65411633,2.0836265,0.75945747,0.7027069,2.3391266,1.4069421,0.6063285,1.7112017,1.0246798,-1.0413686,2.3434148,1.2331724,-0.3643795,-0.06630337,0.4440443,0.5446567,1.8487327,1.47748,-0.33940357,1.6431775,-0.80893713,2.3303757,1.3444328,-0.52866435,0.75473976,0.5643465,-1.5728927,1.0023946,-1.2107741,0.61116576,1.4214718,-1.481203,-2.0661,0.733134,1.0513594,-1.8652066,0.9150971,-0.40368196,1.3553104,-1.7390009,1.0965033,-1.4680345,-0.07545509,1.882876,1.4615846,0.5978701,0.42242312,1.139032,0.56875515,-0.5486608,0.09697294,1.2649913,1.5807164,0.9142622,0.10321902,0.37112388,0.9643756,1.5419947,1.8803409,-1.0020252
-0.079503134,-0.107896335,0.12857029,-0.6196866,-0.7051487,-0.5637734,0.09423778,-0.79242533,0.40076825,-0.05182039,-0.38692316,0.2135337,0.90433764,-0.28614065,-0.059754338,-0.39429453,0.5553082,0.9789901,-0.17001708,1.4569126,-0.09126879,0.8743109,0.022069532,1.3468351,0.047020808,-0.57656676,0.049802054,0.4002466,0.16905378,-0.84907186,0.08844436,-0.46141046,-0.3714908,-0.5178822,0.023081027,-0.8478167,0.39157283,0.462225,0.06002189,-0.58836424,-0.4259337,-0.9705042,-0.35974,0.5354444,0.63770103,-0.286413,-0.09631861,0.11626326,-0.2728202,-0.024354324,-0.44328085,0.18158108,1.2517946,-0.33555984,0.42698333,-0.9215154,-0.7275745,0.51272994,0.068859324,-0.49855304,-0.1705917,-0.3050185,-0.015995756,-0.36862218,-0.28339472,0.29050156,0.2401131,-0.025110295,-0.22386737,0.5179881,0.8110901,-0.04711393,0.07794261,0.77551913,-0.14191382,0.96173346,0.7830745,-0.18200707,0.47711694,0.8182556,-0.24065503,0.18525098,1.1465571,0.54427177,-0.587943,0.06258424,0.8795189,-0.03380033,1.0081387,-0.44454718,-0.04600679,0.12100597,-0.65851927,0.7734512,0.08635018,0.5270726,0.036068596,-0.39255416,0.038860902,0.8785451,0.24645017,-0.16118428,0.59501934,-0.13144298,-0.43396935,0.5133529,0.74495566,1.227556,0.96365637,-0.12079173,0.99255,1.168046,0.71213335,-0.36458713,-0.08424421,0.3011428,0.44475332,0.40606514,0.86533564,-0.13644034,0.2481388,0.19405921,-0.40687916,-1.0937598,0.3175295,-0.24004984,-0.34602743,0.5081501,0.012759782,-0.55364275,0.53906024,0.719494,0.4943803,0.36165887,-0.47143987,-0.13384065,0.8069744,-0.12813045,-0.4723884,0.031365875,-0.43436772,0.056323573,-0.012779687,1.0309348,-0.51342285,-0.0011949502,-0.6709678,0.8207333,-0.7989603,0.20911956,-0.80996674,-0.1853633,0.020117149,0.6724608,-0.5306033,0.5572592,0.18894282,0.050488465,-0.20219842,-0.86396056,-0.50631666,-0.68313265,-0.45630348,0.21308666,-0.41552335,-0.5453072,0.5289991,-0.7039356,0.32672,0.8896463,0.28867757,0.7861129,0.53456086,0.032173626,-0.6763901,-0.3909539,-0.73798835,0.35253012,-0.9545844,0.97076035,0.0043805055,0.4633029,-0.7972575,-0.40511948,0.1082685,0.039113835,-0.8469777,-1.0112828,0.3536241,-0.5198346,0.3966628,-0.014719505,-0.85057336,0.17533512,0.21525349,0.016440053,0.23257875,-0.41665518,-0.9795922,0.5609637
0.34821042,0.032038532,-0.8602388,0.25876895,0.24013785,0.54559666,0.4119692,-0.16355689,0.5527321,0.54694074,-0.6004063,0.7373442,1.9799814,1.1404052,1.3931121,-0.4109464,0.44514245,-0.28197056,0.05526474,-0.2610652,0.11214712,1.0867602,0.27997184,1.3352218,0.32682747,0.5690805,1.6596243,0.21908063,1.2668908,0.51315385,-0.026052304,0.43635285,-0.74169767,0.004925737,0.5809236,0.62001723,-0.5371622,1.3675313,0.6245649,0.76180214,0.05917091,0.68863624,0.29720575,0.3685113,-1.2334911,0.61063933,0.55025244,0.8506902,-0.037028875,0.7234885,0.3617264,1.2862564,-0.3545507,0.18289526,0.41119072,0.61304754,-0.68511045,0.9466474,0.64729065,-1.1611013,-0.76398396,-0.01860236,0.2101604,0.39936474,0.74073505,0.9909919,1.4850202,-0.6003575,0.51345754,1.3292104,0.9632907,0.0521007,-0.051053874,0.2608559,0.64150786,0.36236566,1.0917654,1.0531663,-0.65061665,-0.55071276,0.27906546,0.26111224,-0.3793566,-0.6062902,-0.5074584,0.110172324,0.62995905,1.3107407,0.8549716,0.33322868,0.3288203,1.0684725,0.4569085,1.2148845,0.32618985,0.3257207,0.59574753,0.25077695,1.1814138,0.08696476,-0.597243,0.076547086,-0.30931425,0.251506,0.23883204,-1.5510869,-0.27455887,0.4590888,0.52401406,1.1301688,0.60676444,0.55097175,1.5535532,-0.09985272,1.0434225,0.6431267,-0.5942459,0.3614704,0.18475719,0.1520781,0.14058562,0.12426975,-0.061678383,-0.35088083,-0.9321023,-0.3738083,-0.0961956,0.27044323,0.53971106,0.7587167,-0.14116947,0.09343378,0.29521433,0.7724673,-0.35845456,0.726779,1.0985376,0.27146104,1.471253,-0.06503761,-0.7198385,-1.1682328,-0.26723236,-0.8537684,-0.40199977,-0.32100183,-0.09159012,-1.5816417,-0.18338276,0.024038913,0.19592565,-0.68794465,0.55825853,-0.25750262,-0.28536788,-0.06912523,-0.119994074,-0.61048186,0.3489782,-0.7524593,-1.3677907,-0.23995392,-0.8426581,0.066051565,0.0605701,-0.016239151,0.220962,-0.3774624,0.79639596,0.2815346,-0.6497423,0.890265,-0.16938673,-0.17441088,-0.48519424,-0.5751542,0.03081112,-0.3240136,0.5329089,-0.013713673,-0.67977905,-0.9222689,-1.2419908,-1.0045583,-0.4752021,-0.43566236,-0.31530967,0.11812799,-0.8695515,-0.2704723,-0.6361393,0.02556659,-0.20481943,-1.5817306,-0.7410716,-0.3564555,0.106969535,-0.94755054,-0.69116545,-0.01756991
-0.14647336,0.05461245,0.7073618,-0.68394965,-0.053163607,-1.0255352,-0.5610163,-0.041494045,0.113698736,-0.44939858,0.31919926,0.077650085,-0.5812417,0.5311789,-0.05711298,0.047785833,0.49079332,0.86804837,-0.1659075,0.48503333,-0.5210204,0.4422111,0.24934445,0.05565899,-0.1969136,-0.30392563,-0.07068412,0.29632226,0.63945425,0.44236958,0.0920035,-0.16829965,0.32459128,-0.38756466,0.6753086,-0.7165146,0.18211049,0.40553543,0.61183053,-0.31182998,0.31572682,-0.79247063,-0.6007718,0.52129936,1.4255953,0.4684347,0.227565,-0.575924,-0.27383035,0.28369892,-0.06600269,-0.6846321,1.1952544,0.3165574,0.5417179,-0.80011016,-0.64326435,0.7956714,1.7326053,0.32825357,-0.53362286,-0.4528435,0.05110188,-0.110032365,0.34223044,0.86929065,-1.0387036,-0.5669532,0.68007773,0.117903896,0.6566523,-0.038389005,-0.4135104,0.65167046,-0.9471056,-0.06754093,0.25862563,-0.10164541,0.53134245,0.97320044,0.4161638,0.05796345,-0.47531098,0.27681404,-0.15810062,-0.09716632,1.3799255,0.17375721,0.39753038,0.30113676,-1.087699,0.5889544,-0.2596671,-0.174982,0.08584192,0.85271347,0.9749304,-0.5001318,-0.14432706,0.08772741,1.0486548,0.2769816,1.2612201,-0.72348446,-0.3012026,-0.075904,1.1421033,0.602637,0.49724165,0.26029372,0.71048063,0.62781537,-0.42885414,-0.7935855,0.25582922,-0.13653168,0.79908335,1.1548263,-0.54683965,0.47460338,0.03930623,0.90470797,0.27220863,-0.5477681,0.2195664,0.115057915,0.054637007,0.7038452,0.96624386,-0.020340785,1.328155,0.84484553,0.34929118,0.26434398,0.280003,-0.5615121,0.38587457,-0.68205553,0.14667358,0.18989398,0.57958597,0.2937633,-1.1707019,0.352538,0.87641686,-0.2700977,-0.4976325,0.5954415,-0.66544086,0.6139513,-0.46152803,-0.6743568,0.08764957,0.84214705,-0.094670124,0.38375202,0.044279326,-0.09189194,-1.1463783,-1.5162292,-0.45632833,-0.48561338,-0.30676448,-0.44632858,-0.60766125,0.11370483,-0.30284008,-0.5372668,1.0854927,0.5020967,-0.0026583653,0.8704847,1.1999098,-0.2001434,-0.07227827,0.29672456,-1.225718,-0.15022714,-0.9577457,-0.2928183,0.3749695,-1.0605508,-0.6565619,-0.31798032,-0.09519225,-0.22671008,0.1485853,-0.5933615,-0.47734576,-0.7517869,0.95655596,-0.60796183,-0.20603277,0.37956005,-0.56707084,-0.41305432,-0.024485327,-0.4921912,-0.8411225,0.6333534
0.9046525,0.91193336,0.12037033,-0.41826528,-0.46013483,-0.3741757,-1.5407577,0.35170716,-0.6137075,-1.7854185,0.29813248,0.13815746,-1.1647567,-0.012438146,0.5685419,-0.29089266,0.40549392,0.85381484,-0.89777356,-0.17652196,-1.5274554,-1.1742383,0.23618637,-1.587809,0.8754069,-0.22556643,0.82350886,0.57751554,0.03453108,-0.043875255,0.8746449,-0.71989435,0.17316353,-0.32550812,0.49673265,-0.1423198,1.2696635,-0.88607174,0.41841778,-0.24088453,0.6233792,0.07042864,-1.0632108,1.056674,0.31666562,-1.1040286,0.037548497,0.62912685,-0.35426986,0.58294106,-0.1061722,-1.9437748,0.6788457,0.72297794,-0.17102708,-1.0956645,0.03665072,1.7181053,2.1272235,0.033374682,0.62702733,-1.3048573,0.99000376,0.41144672,0.62456536,1.0050312,-0.25466624,0.13026454,-0.5031032,0.7032278,-0.09601847,0.06277928,0.69067067,-0.19356799,-1.3453926,0.36098737,-1.2553699,0.09051497,-0.23527026,0.21618162,0.89529747,0.187669,-0.030848734,-0.1988478,0.15039763,-0.25241482,0.87431383,-0.9709463,-1.9385618,0.8541084,-0.8633525,-0.19364075,0.7943345,-1.6775507,0.015223643,-0.015979225,0.090227075,-0.4046803,-0.0476097,-1.891962,0.5022483,0.21373433,1.1030009,-0.6116821,-0.06484555,-0.1195794,0.6720573,-0.53574395,0.768616,0.32968524,-0.51265603,-0.53198653,-1.9060441,1.2807714,0.3064569,1.1664158,-0.20391275,1.0017982,-0.26796445,0.7292378,0.22307809,0.7056588,-1.6576266,-0.23138791,-1.4963669,0.5635906,0.80626696,0.6149307,1.0159937,-0.024558,0.6893024,-0.7847879,0.35897303,-0.44679135,-0.48848143,0.67997956,-0.30538386,1.5455862,0.42391992,0.85718596,0.05006894,-0.3274168,0.56040806,0.25357533,-1.4995403,-0.39192107,-0.29311907,0.91377133,-1.0506699,0.8711655,0.6974544,-1.1393158,-0.5709121,0.80570525,-0.9366861,-0.42585957,-0.5505692,0.6152965,-1.5694255,0.39077848,-0.63898593,-0.038830474,0.6089643,-0.25468543,0.42717788,0.49557817,0.35666507,-0.22924061,1.4966785,0.0039032325,-0.46199635,-0.42062494,0.96383166,0.6809143,0.59733945,0.13278605,-0.16200279,0.44726303,-0.512538,0.452017,-1.0507728,0.8565225,1.0559773,0.2011923,-0.091465965,0.054088183,0.92085963,0.055568043,-0.8424236,-1.5925866,0.32677338,0.6079864,0.30109617,0.61081326,-0.023759294,0.69835967,-2.8398077,-0.80153036,0.43096805,0.16064788
0.96612173,-0.60537356,0.5302737,-0.07090299,0.33756727,0.38232398,-0.1119695,-0.124705106,-1.4207103,0.55386376,-0.40961635,1.1338043,0.6346429,1.0294583,0.9856771,-0.12540676,0.61791265,1.0301036,-0.44793922,0.06744092,-0.8184067,0.3154454,0.7302661,0.34078732,-0.16825274,0.2459725,1.4091123,-0.31358793,0.31786895,0.65021807,1.2437774,-0.25785196,0.018536426,0.07559525,0.43186224,1.0451883,0.8081544,0.3137723,-0.30167568,-0.9377724,-0.46248534,-0.41816634,0.06837283,0.34498966,-0.037125707,-0.609137,-0.47450268,-0.1652734,-0.38444155,0.62084204,-0.9037849,-1.2305537,0.27711895,-0.2141912,0.57237417,0.0011374496,-0.3900134,1.6437063,1.2482053,-0.25570062,0.4818684,-0.10845803,-0.32934737,-0.06666829,0.47071904,-0.0936923,-1.2340956,0.816737,0.5689752,0.21993327,0.9171281,-0.2083537,0.6969889,0.12946776,0.3200279,1.0875992,-1.1122043,0.9488447,0.017914582,0.26431277,0.48565212,-0.7781692,1.1485664,-0.496131,-0.43737015,-1.6127232,0.58184963,0.81894827,0.86897016,-0.15430635,-1.007812,0.40894806,-0.26618093,-0.17201442,0.16008289,0.1540932,-0.2744807,-1.3974447,-0.14878523,0.2360499,-0.5351111,0.021129668,-0.17364265,0.10509162,0.46992782,-1.0128251,-0.2946624,0.1383341,0.6682213,0.6481397,0.15427132,-0.4340605,-0.9402977,0.4049611,0.031138765,0.4843968,-0.47979322,0.6524566,1.3284584,-1.9692266,-0.26322815,-0.12540473,-1.5679896,0.5031354,0.46496603,-1.6055117,-0.007306246,-0.12671731,-0.6095789,-1.5854036,-0.013762528,-0.72331774,-0.25028342,-0.030462056,-1.3991665,-0.36436376,0.7799577,0.82940245,-0.30545074,-0.12591648,-0.2820688,-0.14168878,0.27075946,0.02251072,-0.65944654,0.30569035,-0.73164165,0.34263122,0.087060004,0.07439519,0.04777041,-0.6194141,-0.11126913,0.9880862,0.66520685,0.11217334,0.9820155,-0.6258776,-0.9016568,0.4451785,0.3345764,0.4334754,-1.4548602,-1.1944683,-0.094326116,-0.080057405,1.4712394,-0.22665502,-0.43100944,-0.85420555,0.9719507,-0.18422031,0.11841075,-0.33872935,0.4629855,-1.0916349,0.18033324,0.7496431,0.7984549,1.5729789,-0.7520244,1.3490976,0.8099811,-0.43104625,0.14124493,0.978513,0.36549187,-0.4960712,0.49855626,-0.3136585,-0.38289326,0.596024,0.62500805,-0.30946985,0.66218656,-1.3717946,-0.19222096,-0.40600038,0.98410195,-0.04075741
-1.0908804,0.29245704,0.45977396,-0.32515252,-0.7606351,0.8154151,-0.23137435,-0.8174844,-0.17696472,-0.40959722,-0.58042365,-0.19541278,0.59346944,0.32765213,0.41154477,-1.0584071,-0.24746148,0.42736736,-0.96072674,0.22914982,0.47787064,0.33604285,0.34866622,0.18566327,0.8125488,-0.32482567,0.58938956,0.28039166,-0.6848217,-1.1827035,-0.5054114,-1.0370618,-0.19366479,-1.0900956,-0.51065105,0.020459,-0.89034003,-0.027609184,-0.6517329,-0.7637769,0.26455864,-0.42647964,-0.65412885,0.60240066,0.014762146,0.12810923,0.41572568,0.0648439,1.6229606,-0.32910284,1.8558273,0.6619952,-0.6690584,-0.20078078,-0.8310269,0.8819828,-0.7661502,0.783283,0.02319714,0.5565895,1.1164387,-0.30159482,-1.6736367,-0.4169733,-0.3900166,-0.65442246,0.8100243,0.35294577,-0.5243941,0.6661626,0.37882847,-0.25853795,-0.44488567,-1.5598427,0.6631009,-1.4926553,-0.39380544,0.54506695,-0.058702227,-0.77987075,-0.036600493,0.72005904,-1.1739079,0.6799248,0.22503176,0.8214773,0.24328181,0.008377586,1.0931174,0.39627555,1.1429039,-0.7163554,0.17694983,0.055923812,-1.2360743,-0.32408094,0.5570227,0.01157172,-0.10819043,1.4399246,0.32460785,-0.31872424,-0.22851752,0.60718924,-0.9645574,0.5362804,0.83189607,0.52983177,0.11479901,-0.70761263,1.2746817,1.1111126,1.5049601,1.2102323,1.5108339,0.6046479,0.1656247,0.36728323,-0.34543514,1.0802771,-0.51777595,0.5016877,0.6409999,-0.43605098,-0.62295544,-0.34757322,0.07712547,-0.14827764,0.48132354,0.21168983,0.4079287,0.010083377,0.103831105,-0.34305426,0.7607633,0.45961428,-0.101316206,-0.514641,-0.51689106,-0.6831324,-0.6972545,0.08064701,-1.427033,-0.31849134,-0.30450788,-0.987717,0.13194215,0.56302595,-0.23226714,0.5110177,0.49614197,0.30494207,-0.34470934,0.65127724,-0.55370176,0.56321484,0.5569112,-0.11749499,0.6544819,-0.06668161,0.23079929,-1.0738559,-0.21635689,1.5734504,1.3155257,-0.18216129,-0.515857,-0.9332771,-0.6228225,-0.41488248,0.113378,-0.7453815,-0.2015647,-0.16263889,0.39671665,-0.46941146,-0.3046281,-0.5555127,-0.12733255,-1.7729775,-1.5440807,-0.50547737,-0.15150191,0.43169242,-0.5572111,1.2470264,-0.4250666,-1.6148025,-0.48539484,-1.1132271,-0.5148176,-0.2076306,-0.3450169,-0.55142194,-0.7596639,1.2371403,-0.40120333,0.30672616,-0.5647201,0.7946489
0.57209265,0.94898844,0.22455789,0.162754,-0.44701943,-0.0587052,0.30023962,-0.38826597,-0.29208013,-0.2006219,-0.3331367,1.0184497,0.63031816,0.59115124,0.7643605,-0.3585923,0.92378336,0.44605923,0.06776689,0.11674123,0.11495653,1.0542275,1.1141875,0.7477485,0.6191984,-0.12236865,0.5754906,0.37675828,0.29138172,0.10962979,0.7502203,-0.16042516,0.664183,0.14829841,0.75532925,0.033015285,-0.1269251,1.3741448,0.7097731,0.23442252,0.24800304,0.36868304,-0.579453,0.96633345,0.60570544,0.41545975,0.70355904,0.27263135,-0.054211516,-0.23740035,0.006750671,0.10408635,0.2502607,0.30724686,-0.045047246,-0.2084991,-0.52625674,1.1178186,0.84985447,-0.9747863,-0.15625331,-0.3849073,0.7005321,1.0000429,0.8631996,0.27476558,0.53731,-0.3889786,0.31222475,1.1341933,1.159761,-0.47773355,-0.14090565,-0.22427878,-0.011828485,0.13889673,0.41959214,1.0919822,-0.2301217,-0.0072931657,0.18271968,-0.1871411,-0.03674124,0.33237773,-0.5796899,-0.6260755,0.8153452,0.0007732101,0.8256448,0.9446516,-0.31367597,0.6027722,0.4614412,0.35272855,0.46786526,0.7618427,0.31901082,0.27681667,-0.029699279,0.3349009,-0.23852484,0.77025723,0.5116488,-0.4422987,-0.40936032,0.18650712,0.55958104,0.47006494,0.86960095,0.17732726,1.0076584,0.9025008,0.12803674,-0.42220056,0.7310116,0.68089086,0.22556727,0.650797,0.0788816,0.093035325,0.43262225,0.50835264,-0.6105262,-0.930667,-0.7433599,0.020986754,0.0862098,0.22792116,0.62940896,-0.022860713,0.6976042,0.544948,0.252793,0.47896808,0.685907,0.5145506,1.4285527,-0.5624328,0.5641139,-0.0037753545,-0.5564037,-0.65624344,-0.42374057,-0.39738485,-0.04499816,-0.6245358,-0.17027064,-0.03955696,-0.8719492,-0.12537186,-0.8948454,-0.3038632,0.30417964,0.25790262,-0.763292,0.40206313,0.37741536,-0.6935339,0.51551914,-0.91183686,-0.89598167,-0.91999644,-0.90011483,0.06484817,0.338067,0.5091626,0.43958366,-1.3367977,0.8207777,-0.18813202,-0.21232738,0.07273733,0.41725108,-0.18979481,-0.29875225,-0.40846008,-0.805425,-0.31680092,-0.36655465,0.40677962,-0.86519784,-0.0807714,0.209409,-0.9409568,-0.6801001,-0.18994224,-0.53982925,-0.3524219,-0.17813255,-1.0695218,-0.6826056,-0.74698514,-0.52878016,-1.2551234,-0.41502467,0.13581032,-0.5730782,-0.7441229,-0.75453943,0.71490306
-0.15082726,0.34669518,-0.4371769,0.88503456,0.056872215,0.6872616,0.8141285,-0.55421543,-1.1473329,1.0158784,-0.14296153,1.4107215,1.45077,0.2043488,1.1535226,-0.28415337,-0.008690108,-0.7889362,0.18290564,0.4211384,0.87873095,1.4351301,0.90945524,1.6469607,1.0836062,0.42537585,2.0261135,1.3879218,1.4162474,-0.5436266,-1.0147413,1.0260015,0.34957775,0.37259585,1.3953593,0.79898965,0.091399424,1.094747,1.6557456,0.35544655,-0.8577382,0.6976752,-1.6777916,0.63149273,-0.16328911,0.6146909,0.294402,0.7467015,-0.28433016,0.5160221,0.53019756,0.58515596,0.6017128,-0.28459835,0.83156055,-0.79971206,-0.25690508,0.5791901,-0.020870771,-1.9309932,-2.4940677,-0.2888106,0.68105066,1.7411036,1.1496015,0.5776088,2.112302,-0.8312381,0.042054806,1.1125538,0.7757577,-0.9654487,0.14808561,-0.31935832,0.954162,-0.6212733,1.1782997,1.7548935,-0.6480502,-1.1166148,1.0134299,-0.69221187,0.02738329,-1.4624761,-0.6401588,-0.35571697,0.5245326,1.039644,1.9707439,1.3264478,0.26373437,0.7248776,1.440935,1.2260455,0.5726868,1.0482466,0.17737472,1.5401919,1.0630645,-0.13963537,-1.8968959,-0.5047389,-0.8957365,0.1953415,-1.1294103,-1.2086283,-0.07835114,0.041655086,-0.06160508,0.31033805,0.470206,0.8456357,1.6160592,-1.305659,0.72877973,1.0711269,-1.3004947,0.1335021,-0.92494905,0.7791243,0.5674644,-0.31558597,-0.5817267,-1.8818144,-1.295544,0.923505,0.18676968,-0.5284701,1.2788103,0.0334268,0.35132346,0.6387733,0.25044638,0.5679437,0.810539,-0.4384602,1.7877951,-0.6972753,1.3723537,0.809925,0.60581553,-2.2563398,0.75489074,-0.3604715,-1.9750171,-0.69278413,0.8031305,0.25173306,-0.1283676,0.99541545,-0.48459315,0.5149413,0.77524245,-0.10860993,0.30678368,-0.99495834,0.891212,-1.7333672,1.2497736,-0.61919266,-1.6978713,-0.16240917,-1.4344113,0.38480353,0.17143178,0.44099486,-0.81457865,-1.1403561,1.9326466,-0.5215549,-0.26062116,0.97093165,-0.5977231,1.042708,-0.7917728,-1.0764291,0.095508896,1.2241442,0.37024605,0.46974328,0.26583,-1.7155231,-0.20161729,-0.30315366,-0.30531245,0.607653,0.35912588,0.5001539,-0.6263898,0.1077614,-0.41437337,-2.2207313,-0.42078993,-0.8564663,-0.4034538,-1.4192618,-1.9984418,-0.8098675,-0.071265824,1.05424
0.058983896,0.55175877,-0.23447779,1.215966,0.48516843,0.8400788,0.6812222,0.35701016,-0.5095549,0.7435831,0.5164785,0.85825855,0.9876664,0.7668022,0.97709465,0.4199089,0.15189348,-0.7689163,0.46170247,-0.55763423,1.0200769,0.5627563,0.19824003,0.4818642,1.2888505,0.64455336,1.1232953,-0.115888625,0.33758855,0.85535985,0.48804867,0.030956246,0.6740273,0.5758817,0.6310641,0.8479078,-0.27024648,1.0644184,0.96041846,-0.49165404,-0.030684747,1.03035,-0.21269785,0.37987474,-0.753589,0.45085034,0.38106823,-0.2605635,-0.4395403,0.37623408,0.2875974,0.97330767,-0.7985178,-0.32765645,0.16353358,0.44432905,0.30793267,-0.3671386,-0.28594768,-0.8389708,-0.07441917,0.7832277,0.66274726,1.0122275,1.6920937,-0.451688,0.52777356,-1.1269441,1.3876909,0.71530724,0.6158455,-0.45011014,-0.048386633,-0.15714073,0.28517246,-0.4287867,0.58345705,0.8529627,-0.33818355,-0.6735485,0.12277133,1.0962687,-0.9988832,-0.3543746,-0.22783959,-0.48054963,0.021924233,1.7455543,1.3547795,0.27716628,-0.016849196,0.19097498,0.73255116,0.57993007,0.006490862,0.32581076,-0.13017592,0.774332,0.26107815,0.4552641,-0.70882887,0.14548084,-0.6194346,-0.58760375,0.1687151,-0.4044703,0.46999702,-0.41539106,-0.4233829,0.29859644,-0.12104282,0.41603726,0.58528876,-0.655089,0.5309707,0.109091416,-0.8128594,-0.099712856,-0.62561375,-0.76427394,-0.20637818,0.12620965,0.45090008,0.065562926,-0.32778797,-0.51481813,-0.112441316,-0.5014303,0.09853431,0.3019793,-0.29267076,-0.22280273,-0.21176125,0.24221551,0.63464105,-0.26298094,0.40026063,-0.37254888,0.15540262,0.30781713,0.03949413,-0.34400433,-0.6823543,-0.4496884,0.21347871,-0.68374455,0.21398696,-0.74175435,0.20597348,-0.49538016,-0.37444332,-0.37479627,0.6299633,0.6221031,0.32013005,-0.26548558,0.46303332,0.10195125,1.0381861,-0.6814541,-0.32376745,0.12967862,-0.52972513,0.2865573,-0.619506,-0.13358769,-0.42007673,-0.38946304,0.35674164,-0.47785622,-0.12185,-0.49753225,-0.6356161,0.048109226,-0.6086836,-1.1197113,0.43503425,-0.6010879,0.5818862,0.013365954,-0.6965935,-1.1014061,-0.52953756,-0.5712156,-0.1314676,-0.9260211,-0.82714516,0.48554274,-0.75055605,0.2394437,-0.3945237,-0.21578681,-0.2590703,-1.1748915,-0.7466034,-0.61121154,-0.069245964,-0.7419013,-0.23124988,0.4481931
0.1429347,-0.13281979,-0.3595787,0.35125297,0.15407498,-0.190536,0.84916496,-1.0212296,-0.5751091,0.5019216,0.13004185,0.7081499,0.88714653,0.4680844,0.63810337,-0.06888703,0.08176309,-0.52441216,0.6058457,-0.2818748,0.53216505,0.31810433,0.048655752,0.4387252,0.18953562,0.36110812,0.5515003,-0.21267737,0.00133867,0.0042496175,0.029080607,0.6544945,-0.5775552,0.6581114,0.3550283,0.3593068,-0.500768,0.059660006,0.3166003,0.5320159,0.15611228,0.78539044,0.37539098,-0.38893217,-0.56385297,0.5622407,0.067533955,-0.08653306,0.93640465,-0.19748887,-0.010686154,-0.20354679,-0.5423544,0.062499903,0.39837262,0.65221167,0.32453087,0.24370503,-0.3101,0.05931595,-0.07813726,0.32936165,-0.42852482,0.5039517,0.32962736,0.2462934,0.10600043,-0.22416368,-0.15733664,-0.3572938,0.26438498,-0.6872871,0.1510426,-0.08606787,-0.16943517,-0.3751299,0.27953336,0.45028707,-0.29789472,-0.75693244,-0.6060708,-0.1483737,-0.324996,-0.56254077,-0.05378303,-0.12899661,-0.36323693,0.37801155,0.43401754,0.8013891,0.17108652,0.33428034,0.019432947,0.87281805,-0.26346105,0.3174786,0.16674924,0.2001139,0.21838455,0.62429446,-0.5857425,0.042478837,-0.3788538,0.49154794,0.12874831,-0.79730266,-0.46376956,-0.05380427,-0.06259998,0.019698111,0.44622794,0.24208972,0.8356482,0.11435307,0.28396875,0.028025854,-0.25236607,-0.32024702,-0.13061017,-0.1936876,0.33755782,0.24036539,0.0038316362,-0.094236456,0.44361612,0.06498337,-0.40579993,-0.62954205,0.05407452,-0.70653695,-0.25361106,0.21069503,-0.1985812,0.3076334,0.09859869,0.29214334,0.21809816,-0.6264318,0.7725551,-0.9290161,-0.42214262,0.41655904,-0.25164342,-0.8819714,-0.39020464,-0.084083706,0.8615892,-1.0453584,0.12510704,-0.54835397,-0.20511375,0.1332629,1.0351167,-0.87822753,-0.11058854,0.002610058,0.14430048,-0.34184968,0.49642175,0.33309138,-0.49960184,-0.11367385,-0.053460695,0.6923292,-0.383069,-0.004486114,-0.20306966,-0.23683491,-0.077389,-0.6652668,-0.11183441,0.4601779,-0.056766957,-0.3992203,0.2538752,0.048413053,0.22525787,0.21931103,0.019981498,-0.08514614,0.21741885,-0.7578127,-0.29888833,-0.010264708,-0.19497187,-0.29592243,-0.08003524,-0.0095258,-0.23896916,0.35387516,0.10107489,-0.41380423,-0.13199602,0.46717742,0.027611535,0.013445087,0.38756752,-0.23311603,-0.27209848,-0.24508207
-0.8459598,-0.93491906,-1.4537402,0.37482828,0.0611885,-0.12513313,0.16865659,-1.1563259,-1.0239928,0.638317,0.7813673,0.5100668,1.0438966,0.1512993,1.0335318,1.2044083,-1.3391923,-0.7249582,-1.0352726,-0.8210246,0.054543156,-0.8652144,-0.68424004,1.0421653,-0.35498494,0.7284516,0.18129615,-1.1078223,0.7715966,1.3365955,-0.4579796,-0.83695537,0.31961402,-0.4692377,0.29213893,0.87419087,0.33268565,0.9759645,0.33391836,-1.1313752,-1.0810527,0.66943485,-0.09806113,-0.31542325,-1.2679676,1.2153182,1.0128478,-0.7255716,0.6038624,0.028307386,0.44459066,0.8239911,-2.1923454,-1.4113588,-1.0606049,1.4764864,0.9113659,0.30947286,-0.193335,-0.29040384,0.49162725,0.15271634,0.8295239,-0.02486239,1.1395397,-0.24673717,0.70609117,-0.9374361,0.9006583,0.0777312,0.6974298,-0.80167377,-0.9269955,-0.74387556,0.7358275,-0.52136314,-1.1270149,0.58601975,1.1435544,-0.9802701,-2.3296568,-1.0185829,-0.28736874,0.32730258,0.17773631,1.1100234,-0.2009357,1.6285025,1.2900448,0.16587749,-0.9253928,0.6830705,-0.015301205,-0.47411197,0.12294959,0.73330534,-0.2432107,0.10032876,1.1708717,-1.2119291,-0.4071272,0.003379479,-1.2042123,-1.6279565,-0.34151548,-1.5850769,-1.2009603,-1.5361767,-1.413839,1.4410923,0.0046502184,-1.525575,-0.12876844,0.12470048,-1.7930117,-0.633645,-1.5435668,-0.15324065,0.5984118,-0.9070736,-0.8396786,0.09580755,0.42992303,0.96831423,0.4097698,0.3552709,-0.10233804,-0.5413191,0.81651914,-0.267459,-0.92032325,-0.54131174,-2.0489988,-0.8654342,-0.18863313,-0.024504654,-0.60882044,0.38340998,0.7226065,-0.08848485,1.0639746,0.0318122,0.18082161,-0.5343405,-0.680538,1.5864538,-0.21769635,0.26930755,1.043861,-1.1999688,0.25471097,1.0367006,0.820513,0.110005796,0.41048157,-0.866535,0.6509861,-0.6688553,0.13721213,0.10198729,-0.41408098,-0.04481575,0.037901416,0.9995967,-0.9637574,-1.0237823,0.655239,-1.4865571,-1.1743965,-1.045514,-0.7890569,-0.87859446,-1.2836318,0.2483678,0.92951053,-1.1085082,-0.8356254,-0.08826177,1.0344758,0.22286132,0.6364884,0.63276476,0.6105248,0.9292519,-1.0402266,0.0043303836,1.0449449,0.47653565,0.69493777,0.53308934,-0.3517012,0.906051,-0.38542643,-0.2522542,0.89547616,1.2355096,0.29801792,-0.05036787,0.38833997,-0.12207631
-1.3466758,-1.2672178,-0.63862824,1.186105,1.3283787,-0.6978763,1.9310107,-0.8722787,-0.9401563,0.79225206,0.100923836,-0.12171048,0.75705403,-0.336382,0.9513711,-0.14678456,-1.7004534,-0.83803666,1.0431468,-0.8312419,1.7642215,-0.71991557,0.29243794,-0.9213028,0.06612561,-0.19730164,-1.2350476,0.20108847,-0.6872989,-0.1374821,-0.77028286,1.9465852,-0.025316976,2.2330532,-0.00994005,0.43123758,-0.84444016,-0.696985,0.23889028,0.63683176,-0.3574393,0.9424871,0.7200375,-1.0884595,-0.5381045,1.2256341,0.0858634,-1.0264271,1.5789798,-1.1039926,1.1943077,1.588993,-1.7362492,-0.6719749,1.5932679,0.4808863,1.4198679,-0.8398756,-1.8018446,-0.18101342,0.0110540185,1.6177325,-0.3748785,0.8015674,0.5178653,0.86652654,-0.62782764,-0.41266745,-1.8027197,-1.1954411,-0.4007246,-0.51030356,-0.63339716,-0.7969141,-0.19108124,-0.981418,-1.6198692,0.8283409,-0.38039476,-0.9923421,-3.3138707,0.16864865,-1.1854519,0.114697486,0.44465864,-0.43480587,-1.6583103,-0.27023134,0.13354932,1.586091,0.9481851,0.37695414,0.8559854,0.45344797,-0.828741,-0.072008274,-0.9895562,1.4988862,0.09204467,0.11696398,0.19531585,0.12187228,-1.6435823,-0.4587517,-0.20632882,-0.62023735,-0.80540395,-1.3631392,-0.83121103,-0.45604122,-0.50697386,-1.4192398,0.83754015,0.5601725,-0.77530146,-0.4554639,-0.6915667,-1.1434742,-0.049488552,0.16557015,0.7094056,-0.87821484,-0.5935584,1.3208311,-1.0821881,0.20123088,-1.2581277,-1.1117231,-0.7830358,-0.20150912,-1.34971,-0.49691227,0.30973795,-0.6480535,0.59972715,0.49497858,-0.29311442,-0.10477026,-0.69617504,0.2465491,-0.31579268,1.3168244,-0.5187195,-1.4692912,1.1046319,0.03618138,0.6709837,-2.0472722,-0.1652357,-1.0385077,0.7814433,2.0297115,1.4210836,-1.9903904,-0.42461985,-0.16442434,0.094610125,1.486727,1.0709758,0.75577843,0.43035674,-0.020450639,0.90127283,0.8994946,0.134299,-0.97462684,-1.0908855,0.8627604,-1.3094388,-0.99698704,-1.2126429,0.222248,-1.8418,-0.5927077,0.16193444,0.859962,0.55674386,1.6740432,0.9942577,-1.4899822,0.19593205,-1.1972125,-0.5404256,0.5822931,1.0746281,1.3570917,0.18422326,-0.9910384,1.8505841,0.18685684,0.6236204,-1.028984,0.12006283,-0.27481335,-0.3463003,1.5894827,0.44460467,0.16845052,1.1132375,-0.18181728
-0.7207307,0.5206553,0.5693675,-0.45070928,-1.4735103,1.0504788,-1.0892147,-0.025420252,-0.68102735,-0.18918811,-0.4875622,0.34838128,1.2179053,0.28629172,-0.026530344,-0.25379875,0.34643558,1.240851,-0.6015793,0.36085308,-0.29783973,1.0564076,0.44888297,0.8135194,1.1641223,-0.1311111,1.4259024,-0.20870751,1.1259744,-0.42541385,0.19401303,-0.73335797,0.3771535,-1.478532,0.6706107,-0.08982682,0.22757621,1.2708441,0.059098344,-0.7323795,-0.29055598,-1.3610964,-0.062879145,1.1805142,0.34466827,-0.67338425,-0.501335,0.87493247,-0.86054,0.3934909,-0.35021207,0.50515825,0.31865168,-1.553255,-0.05795167,-0.4228832,-0.9106054,1.3676949,0.68478876,-1.0281782,0.26361892,-0.65942436,0.092879064,-0.23155157,0.60893345,0.8170882,1.197597,0.42393905,-0.011762614,1.5924965,1.5843174,0.4793887,0.23270701,-0.34100622,1.0590363,0.32695508,0.72698545,0.7698194,0.22243285,-0.16774866,0.72751486,-0.23128058,0.2879258,0.18264242,-1.1131836,-0.7587896,1.4406337,0.81956637,1.4611436,-0.7316581,0.14936833,1.2559326,0.20589831,0.5517582,0.20966251,0.48455977,0.9644273,-0.5386601,0.5585601,0.040377393,-0.08551024,0.42171913,0.70812315,0.73657095,-0.3194549,0.24637751,1.4156035,1.5204973,1.0598342,0.91281277,0.88934666,1.042841,0.17460617,-1.3574352,0.6699203,0.922524,-0.44251454,1.1330928,0.67101556,-0.93562293,-1.3273127,0.7261806,0.59142494,-0.5906447,-0.66777533,-0.92191213,-0.38127464,-0.08906885,-0.17372006,0.32936704,0.8510074,0.72126424,0.14847015,0.7466343,-0.1383726,0.8576238,0.8808921,0.5650502,0.077119395,0.2705421,-0.30789387,0.034013532,-0.05746985,0.099720016,0.062811814,0.08904521,-1.1359388,0.5635082,-0.9068507,0.09732473,-0.62317634,-0.9116913,-0.55819464,1.1981832,-0.42860138,-0.054634713,1.3786854,-0.8262166,-0.82858145,-1.5702595,-0.15632859,-1.010674,-1.0996064,0.4947584,-0.15284841,-0.16513579,0.5832623,-1.1628611,0.45767516,0.7684689,-0.11461289,-0.046641115,0.48838454,0.1949925,-0.14931735,-1.6117254,0.10973639,0.19874777,0.29793397,0.03816978,-0.3816237,-0.08654985,-1.0341336,-1.0036162,-0.14266136,-0.95965624,0.094363704,-0.53421694,-0.7546907,-1.1428248,-1.1873926,-0.052124236,-0.74380666,0.06100855,-0.7469876,-0.7573644,0.048252374,-0.48426402,-0.88150525,1.141093
0.38379106,-0.3610906,-0.7559869,1.116232,-0.12476903,1.510455,0.46610242,0.06368923,-0.42824244,1.3681948,1.3543248,0.998606,1.3873616,-0.4408286,-0.34920675,1.7493973,-0.6470587,-0.16941978,1.0939815,-0.20440431,0.9605276,-0.4183995,-0.513831,1.2123775,0.93177205,0.8584149,1.4204557,0.3606978,0.17943391,1.6076236,0.28429326,0.4664904,0.35416892,0.59199375,0.45782995,1.8771089,0.5574633,0.8662933,-0.45248127,0.81263465,-0.51418227,0.8347547,1.1092908,-0.3503069,-1.8140426,-0.5705647,-1.4129578,-0.4107853,-2.1925511,0.45743516,-1.6533035,0.40426207,-0.90474594,-0.68446445,1.3959179,1.1441523,1.2816634,-0.17602697,0.12871245,-0.41574496,-0.026671497,0.31295606,0.5887871,1.1886005,1.4066294,0.36892912,0.121186085,-0.50712353,-0.12114914,-0.27217674,-0.0140703395,-0.8479034,0.86632556,-0.45440722,0.38267934,0.47242975,0.48167592,0.9864956,-0.83257496,-0.9023114,0.26540944,-0.37909958,0.5449433,-1.0994033,0.70121115,0.21361485,-1.1258094,1.2038537,0.81164867,-2.0244915,0.15602097,1.0942577,0.8188041,-0.6547488,0.6100575,-0.5936965,-1.4035325,1.0272472,0.2426803,-0.34556934,-1.0858136,-0.23543143,-1.3875173,2.1732574,-0.33184373,-0.77296686,-0.8954582,-0.9621092,-0.45867738,-1.3457776,-0.292861,-0.29486632,-0.29638374,1.0797005,-0.4538122,0.07584004,-2.2644317,-0.95167494,-0.31171298,-0.6869185,-2.221447,-1.9585704,-0.02493048,-0.030531025,1.7462336,0.2881303,0.15151905,-1.2675756,-1.5469229,-0.5490818,-1.7326994,-0.8998189,-1.2520782,-0.67967117,-0.59329116,-1.7499721,0.15695167,0.41666245,-1.5915207,0.7424264,-1.4064692,0.15806548,0.21506767,1.1987299,1.1332842,0.5456446,-0.58211327,-0.47574833,-0.40940237,-0.50561714,0.386032,0.28008384,0.69225,-0.09286556,1.3965749,-1.5970346,0.15026712,1.0174289,0.1969395,0.33630347,0.48552674,0.75676334,-0.44502997,0.2970007,0.44930857,-0.85635275,0.32102895,-0.69799656,-2.0679295,-1.9162344,-0.35435566,-1.3367509,-1.8457643,0.06573099,0.23578292,-0.5944791,-0.012835197,1.2588284,0.31866488,0.5935137,-1.2946604,0.2943327,0.6569555,-0.66640633,1.9141768,0.62725693,-1.0508577,0.08208153,1.9346632,0.98494554,-0.09949516,1.4149079,0.7962164,-1.8382914,0.32445088,-0.3045707,-0.271945,-0.21272305,0.24509417,0.090454854
-0.27256203,1.4170735,0.32146153,0.20153128,-1.041182,0.51879627,-0.45612285,-0.19422436,0.1080416,-0.33748376,-0.0027879188,0.233151,0.11146796,0.0022629667,-0.22866724,0.027394239,0.86084026,0.93449104,-0.17176801,0.73857534,0.04462688,0.85376257,0.67550606,1.0626278,0.36954767,-0.6317582,0.025628772,0.5509048,-0.02161862,-0.09236008,0.55492294,-0.15941927,1.1377918,-0.5699406,0.46624243,-0.45945328,0.87425363,1.727939,0.5728891,-0.00812755,0.2684026,-0.5951472,-0.8140701,1.0453123,1.0607569,-0.54165596,-0.36362833,0.59987575,-0.92546964,-0.11196454,-0.27663848,-0.13391384,0.56523347,0.20148684,0.20068458,-0.63438797,-0.4328626,1.0144913,1.1351709,-0.6907332,-0.30468583,-0.17240618,0.65594155,0.6448768,0.7703748,0.1745912,0.7016573,-0.32295695,0.18124522,1.1436092,1.2895908,0.5136827,0.28754014,-0.3370421,-0.037072863,0.9506155,0.31673384,0.80783784,0.097156435,0.014228283,-0.07268993,-0.23534703,0.41711172,0.4744615,-0.2592579,-0.13844518,0.87393856,-0.30504197,0.8532547,0.07408543,-0.24303706,0.3903775,0.047024943,-0.39889815,0.2943168,0.8306011,0.8709354,0.71472687,0.110086456,0.35321727,0.33222044,0.7360722,1.0227038,0.123502746,-0.06824766,0.59434694,0.5841515,0.7172127,0.9728679,0.5059525,1.1894591,0.66962,-0.08358186,-0.4480642,0.35300046,0.54745966,0.018532086,1.104195,0.55316335,0.15121584,-0.55875933,0.33588332,-0.9065471,-0.7209052,-0.88956475,-0.642524,0.2155297,0.18394944,0.56733614,-0.10669847,0.523544,0.63724744,-0.122005664,0.22770089,0.7896993,0.3722833,1.2955459,-0.2470391,-0.09490512,0.32595217,-0.60394055,-0.3109958,-0.3689534,-0.41244248,0.17989103,-0.30371863,-0.850317,0.4438808,-1.029276,-0.18412873,-0.9790227,-0.044508852,-0.51602113,0.40178177,-0.9103242,0.09079606,0.82469845,-0.30788285,0.026280206,-1.0350066,-0.36211464,-0.81852627,-0.82549566,-0.055498935,0.3216328,0.36277694,0.788671,-1.0750568,0.4223389,0.32332742,-0.26132327,0.3912849,0.7121257,-0.07769417,-0.06359794,-0.18895032,-0.5425208,-0.169891,-0.55282795,0.3551329,-0.45299566,-0.08217941,0.5023596,-0.9915087,-0.7645085,-0.79398906,-0.31135646,-0.86081296,-0.27334338,-0.8185834,-0.3625678,-0.63412446,-0.4947987,-0.53363067,-0.64618856,0.7284085,-0.8115185,-0.8821045,-1.1206785,0.66031575
0.73110926,-2.0450947,-0.79061073,-1.1857986,0.72630125,-1.849633,-0.19785856,0.1853551,0.66717464,-1.0357208,-1.4327937,-0.86018443,-1.1625638,-1.6700311,0.34709248,0.0761705,-0.49840367,-0.13889791,-0.5441713,-0.7388641,-2.5135775,-1.9165709,-0.95610535,-2.0450156,1.4639416,-0.023076419,-1.0838538,1.6897113,0.29061443,-1.4064883,0.8011481,0.30240715,-1.1867541,0.7153567,1.1355554,-0.5024382,1.2825421,-1.3381914,-1.2394739,-1.0784212,-1.2711005,-0.26639262,0.43177086,1.0613803,-1.2342839,0.3965919,-0.2651032,0.24773997,0.4661421,-0.7677677,1.2965916,-0.27085006,1.0010912,0.31407982,-1.6261564,-1.3717299,-0.5132292,-1.2798408,-0.9285203,-0.24445528,0.5934489,-0.9788073,0.8710059,0.258264,-1.2909927,-0.6242227,1.1381532,-1.1511284,-0.7741487,-1.4573542,0.8437214,-1.3435906,-0.72160804,0.72936106,0.63191295,0.7309598,-0.05410466,-0.8906232,0.8030356,0.17908353,-0.2030712,1.3932855,0.90907985,0.11518665,1.3187864,0.59141153,1.120453,-0.8554327,-1.9659088,-0.24593678,0.7193143,0.7383335,-0.78396916,-0.062163763,0.08754524,-0.37496573,-1.5511664,-1.8474014,-1.5921644,-2.39309,1.2659781,0.50512826,-0.7215982,-1.5599362,-0.085936174,-0.9133327,-0.013855193,-1.1586034,-1.0158105,-0.22576977,-2.640786,-0.3540399,-2.7333012,1.4836226,-0.67200196,0.033905376,-0.7053406,-0.051963143,0.12775683,-1.317819,-2.0340745,-0.9971032,-0.5900364,0.14473848,-0.70155156,1.0572132,0.72331005,0.095499,-2.2026134,-1.3384801,-0.8415676,0.11129388,-0.49698824,0.62809134,-2.1449888,0.4793522,-0.81762296,0.19061022,-1.7988775,0.20698345,0.48452187,0.27009094,1.7848034,-0.34518975,0.57272416,1.1180863,-0.11900823,1.0976552,0.74406916,0.6463935,1.2004762,1.5813088,1.0183886,0.8356366,0.4980318,-0.97464305,-0.6519897,-0.46712783,-1.7801853,0.7164642,1.0815697,0.25673288,0.6360083,-2.8401983,0.16658129,-2.0274556,0.717288,-0.43807444,-1.3288517,1.0241718,1.3574541,0.5841418,-1.0695662,1.1553342,1.9150777,0.753313,1.3661214,1.9450598,1.9482081,1.7198793,1.3658981,0.19909453,-0.54681027,0.7652126,-0.7736821,-0.09779845,1.3693206,1.0242789,1.4008874,-0.092708886,0.41072226,1.3963317,-0.47872236,1.1195818,1.5611932,0.30802003,0.34546536,0.72863746,1.16794,-1.710059
-0.45357454,0.5877531,-1.6579553,0.3956092,0.1367971,0.19699553,-0.28205028,-0.45031592,1.1900885,-0.37986147,0.017783321,-0.19118477,1.4351356,0.1912426,0.43382257,0.10126347,-0.62017655,-0.9277401,0.2405355,-0.3868152,0.8343751,0.4818468,-0.5014619,1.3760676,0.23416972,0.6942971,1.318516,0.21602087,-0.8590267,1.0877501,-0.08971543,0.08304752,-1.5638717,-0.91928923,-0.50599104,-0.4900586,-0.71780545,1.1392457,0.57060444,-0.6829848,0.13994831,1.1470115,0.42223772,-0.49621022,-2.0354915,0.22559409,0.34444392,0.47767267,-0.31299242,1.6187526,0.060381107,-0.11301138,-2.173319,-0.7592893,0.55824137,1.8579724,0.16069071,0.096433274,0.4943775,-0.6591859,-0.4015825,0.33749628,0.12016696,-0.045471225,0.24862692,1.5975387,1.3981947,0.19568634,-0.23234561,0.8104281,0.4420476,-0.3005807,0.94261676,-0.08192346,-0.043450247,-0.030818354,1.172414,0.3351842,-0.07944891,-1.737833,-0.1780136,-0.6853651,-0.014593206,-0.7069304,0.63561594,0.116285585,-0.06614453,0.21164611,1.0688329,-0.3756676,0.18569674,0.69620717,0.7072112,0.6771719,-0.2495882,-0.666303,0.003501527,0.94835407,0.41437286,-0.041432947,-1.2150558,-2.7480943,-0.2615983,0.9473074,0.79442644,-0.8738865,-1.1032099,0.14996213,-0.552727,0.40077138,-0.009518649,1.2590659,1.3214339,1.7301322,0.714919,0.77771354,-1.0224338,0.35711765,-0.38249034,0.3003132,0.031937577,0.14804041,-0.2286603,0.8836005,1.1339085,0.6888396,-0.6273318,-0.97451395,0.37439173,0.71056604,-0.60972315,-0.019817293,0.27050513,0.77057564,-0.46893504,0.13159841,-0.5150598,-0.4337895,0.27269265,-0.2789654,-2.1966722,-0.061077528,-0.13316825,-0.75714463,-0.15422536,0.73974323,0.42268407,-1.58725,-0.18651846,-0.19443887,0.4697168,0.90448564,1.3611223,-1.2710786,0.20586485,-1.3072348,0.28181416,0.21579167,-0.93637073,0.59244806,-0.60613406,0.75981283,1.1220784,-0.5607836,0.117890574,-0.20684999,0.23523366,0.71304816,-0.92258286,0.06522847,-0.98003393,1.0052557,-0.46398482,-0.7302082,0.3622051,-0.19332314,0.38391474,-1.0587465,0.6251835,-0.029965658,-0.116702184,-2.313358,-0.49011314,-0.9645821,0.95728207,-1.0773549,-0.48381087,-0.4805372,-1.1969699,1.0158621,-0.09099161,-0.7675347,0.91038203,-0.7272378,-0.89310724,0.72840303,0.357352,-0.40295032,-0.7130493,-1.1826763
-0.40767914,-0.3940091,1.1810302,-0.72126704,-0.2610161,0.19719455,-0.08756754,0.42621157,-0.0004618899,-0.49518043,-0.014100789,0.26145577,0.24994652,0.8637623,-0.19432345,-0.34129548,0.7922908,0.7068987,-0.020853018,1.7319214,0.024870802,0.5804297,0.8031419,0.6461824,0.042314865,-1.6651576,0.014622491,0.17296107,0.6142254,-0.8264387,0.6100812,-0.056333527,0.27663726,-0.5955105,-0.64526767,-0.43827933,0.084640555,0.18276963,-0.49587944,0.070589565,0.2800039,-1.2719946,-0.08752377,0.70563155,1.3442521,-0.05274616,-0.13797031,0.053201374,-0.09437466,0.60159326,0.1626457,-0.4973627,1.2167612,-0.2002154,0.0068560056,-0.9944898,-1.3094995,0.38755625,-0.1633296,-0.64578784,-0.16180256,-0.38088667,0.011335567,0.25179303,0.62783945,-0.47272423,-0.023257807,0.2256805,0.12923671,0.37504116,0.27391094,0.47604585,0.27648667,1.1068368,-0.83201045,0.5171943,0.1954179,0.2167452,-0.47553706,1.077608,-0.03291335,0.27242014,-0.1720537,1.181527,-1.5422869,0.43096945,1.0037298,0.36428356,1.306817,-0.40209258,-0.80482936,0.27711585,0.4108885,0.48762807,-0.7711896,-0.26794812,0.43824694,-0.2744667,0.35884807,0.8837508,1.0792074,0.5801308,0.7239756,-0.5914878,-0.46471947,1.3846437,1.2165202,1.836871,0.7143686,-0.086309135,1.1511937,1.7270305,0.8040695,-0.3336652,0.96518314,0.630997,1.4610742,0.52539104,0.68176043,0.66137767,-0.11293839,0.86678934,0.5239958,-0.10477639,0.7500895,-0.13011031,-1.2634399,1.0755913,0.27522594,0.42912364,1.1094863,1.1068906,0.9098221,0.4698308,0.2512795,0.03826853,0.16212234,-0.960611,-0.2875475,0.30102074,-0.47477502,0.47128057,-0.3752663,1.206255,0.45064622,-0.6506815,-0.29891062,0.050249662,-1.4756109,0.5044177,-1.1679388,-1.2169249,0.63399076,1.2514906,0.3056332,1.3958061,0.043421943,-0.31298727,0.36172408,-1.4258245,0.1213854,-1.1693199,-1.1316233,0.78318703,0.073956184,-0.2441292,-0.18700156,-0.7884162,0.3446486,0.7202478,-0.34095985,-0.66728127,0.85558194,-0.46983573,-0.020901348,-0.44075093,-0.7465381,0.026739134,-1.1735489,-0.37764457,-0.4163709,-0.5979088,-1.8112311,-0.7270433,-0.25661334,-0.12137917,-0.52578115,-0.8142841,-1.0958267,-0.39402303,0.7605809,-0.6843241,-1.3152633,-0.15454622,-0.42023176,-0.65304995,-0.35130763,-0.5329105,-1.2955804,1.0267652
0.86979103,-0.013768398,0.8213686,-0.18632956,0.5571634,-0.14076494,0.53747594,-0.022759397,0.4147556,-0.25289142,-0.075009435,0.42244455,-0.61664367,0.8180237,0.07263589,-0.40335864,0.8309541,0.70941013,0.56868744,0.44252977,-0.54015106,0.5850702,0.55737764,0.039340388,-0.5380834,-0.025575535,0.22311033,-0.33197668,0.24776714,0.019379832,0.7910297,0.58901227,-0.056992047,0.5532038,0.12303502,0.3557071,-0.25349107,-0.9079798,0.1605425,0.120142266,0.5558404,-0.110664375,0.56164074,-0.11424445,0.6414836,0.19018577,0.41185504,-0.30577752,0.17365271,0.14468709,-0.30378404,-0.30980384,0.3131215,0.8286417,0.3762517,-0.54181135,-0.41551733,0.3547848,0.6037942,0.8345754,-0.49059457,-0.02184612,0.0865861,-0.5093833,-0.30607396,-0.034576297,-0.89590794,0.4290365,0.3036144,-0.685831,0.24495447,0.26531258,-0.29908028,1.0300343,-0.0683929,0.76379275,-0.47298595,-0.10818952,0.24601668,0.95073044,0.04319895,-0.38389215,0.030020334,0.42332864,-0.52010894,-0.21349758,0.51546615,-0.048001137,-0.49561152,0.09541869,-0.3830361,-0.09712821,-0.40303886,-0.7229787,0.04099629,0.22973584,-0.0012653917,-0.57011503,0.012576891,0.080590054,0.6082503,0.13308108,0.5414585,-0.40327203,0.2651814,-0.23825173,-0.17398378,0.26323834,0.56236047,0.20653462,0.11926097,0.18363889,-0.6471687,0.017418202,0.039618388,0.09885043,0.41915736,0.17108092,-0.3892235,-0.64832634,0.6387302,-0.05318619,0.119331524,-0.20132564,0.2069383,0.027833212,-0.37729734,0.6746125,-0.33256364,-0.5322261,0.79416114,0.21048805,-0.5673298,0.12697989,-0.4650592,-0.48547646,0.28686506,0.037456505,-0.017278865,-0.028630089,-0.2663138,0.0070125703,-0.21562758,0.15729061,0.10782378,-0.27743414,0.38223797,-0.08089124,-0.2706136,0.1587331,-0.43134737,-0.385062,0.25679454,0.39776295,-0.41958776,0.18019716,-0.46953797,-0.3124288,0.15857384,-0.3525386,-0.5754403,-0.2407629,-0.4349103,-0.48637548,-0.19876547,-0.017971113,0.029593805,-0.4344559,0.15560213,0.20725346,-0.4010656,-0.024660934,0.7016857,-0.526275,0.022663314,0.8232185,-0.56232715,0.74265367,-0.36606342,0.3354604,-0.10299216,-0.14188708,-0.25749338,0.090245984,0.61919403,0.65923536,0.08979438,-0.29023474,0.6544242,-0.30460182,0.84774697,-0.11557886,-0.61210746,-0.679294,-0.5170025,-0.4812087,-0.16028556,-0.55929416,-0.47128466,0.007831434
0.36657065,0.2779563,-0.01876387,1.2567616,0.9094804,0.25553453,0.42904496,-0.20292088,-1.0997143,1.0478296,0.9113348,1.9843435,1.6875998,-0.083292216,0.6383795,0.39666894,-0.25827366,0.57253283,0.6374447,0.5751232,1.207201,0.26686218,0.53114575,0.33568218,0.20361269,1.0463909,1.439746,-0.09790784,0.2491091,-1.2693721,0.9476701,0.08131621,0.4752029,0.64874846,0.888428,1.4329551,-0.5373762,0.23934233,0.6424673,1.0810096,-0.28086898,0.2214181,0.18383668,0.6346608,-0.86408,0.14313416,-0.27112517,0.649841,0.59674054,-0.33781928,0.5990958,0.42056724,-0.11793913,0.10716306,-0.46668866,0.90778863,-0.50588274,1.0671458,-0.77393794,-0.91092896,0.8083176,-0.24527378,0.8515061,1.0808649,1.0877031,1.0949097,0.74085546,0.079618745,-1.0176299,0.8621954,0.9946145,0.1368872,-0.64237726,-0.59399855,-1.1095155,0.09527351,0.12234314,1.5247179,-1.4596496,-1.1686499,0.6196736,-0.17568032,-0.45980796,-1.0377612,-1.7736611,-0.8149623,-0.37239555,0.44319308,0.62009776,1.6737534,-0.010194531,0.49353364,0.9525688,1.0615634,0.15021524,0.7158474,0.050104365,0.28685802,0.6951021,-0.053977698,-2.3131535,-0.30084193,-0.64108485,0.46156687,-0.32555965,-0.77994275,-0.32844007,0.28313732,0.2610437,-0.3650973,0.9995158,0.54001445,1.1066633,1.1004466,0.7670122,1.8784618,-0.8218792,-0.2049925,-0.33487505,-0.41750863,0.842534,-1.0287963,0.21293731,-0.8400636,0.4592204,-0.35253942,0.0716021,-0.9125232,-0.69300824,-0.3683141,-0.39771008,0.07783014,0.81304264,0.976336,0.5637002,-0.26389644,1.1419579,-0.5064042,0.12908357,0.44437066,-0.47450522,0.12340931,-0.30155003,0.44030637,-0.55421853,-0.8993941,0.81108457,-1.469009,-0.91930157,-0.18965557,0.46081528,0.17116565,0.12974527,-0.528529,0.19211964,1.0290297,-0.6082281,-0.039730906,1.2576039,-0.5980078,-0.19212222,-1.777607,-1.3943815,1.2823346,0.3919629,-0.20435749,0.47497183,0.02431032,0.45657074,-0.5563499,0.5387903,0.3785408,-0.79037935,0.4443931,-0.60519636,-0.5303881,-0.6246303,-0.17609762,-0.22154872,0.053676203,-0.1773809,0.22569863,-1.1073549,-0.796029,0.52424866,0.58220744,-0.5163554,0.5425785,-0.96086156,-1.5974015,-1.3196733,-0.42778024,-0.06313838,-0.36704063,-0.573888,-0.65511,-0.43992022,-0.9972749,0.040567227,0.32027683
-0.6242398,-1.0018588,-0.24366207,1.5343513,0.28916577,0.45810595,1.2273647,-1.001898,-0.23269667,1.9817339,1.75084,1.0144906,1.1878785,-0.14373067,0.6025185,1.8298614,-0.20048507,-0.19950832,1.8116522,0.3223966,1.6577023,-0.026506837,-0.5179613,0.89190346,-0.0235799,1.347251,0.05331571,0.18763934,-0.19613677,0.1571151,0.33073005,1.4328505,0.06265358,2.0481007,1.6518608,1.8353925,-0.019443803,-0.63347757,0.44272238,2.196546,-0.23575613,1.3211945,1.5422477,0.16792862,-0.46956974,0.7101284,-1.0625823,-0.30729005,-0.2380284,-0.4543696,-0.7420528,0.88971347,0.8601256,-0.5894186,0.5404061,1.5674821,0.5020104,-0.38772947,-0.83812034,-0.57734287,-1.7305689,2.1175494,1.0931174,0.12560965,0.47030216,0.9961688,-0.887389,-0.49629152,-1.8735601,-0.53612244,0.22974122,-0.75197124,0.26913634,0.56075513,0.64186585,0.5313339,-0.05112793,-0.6083306,-1.6171467,-0.00508687,-0.018585937,0.7464947,0.44047236,-1.2058736,-0.79497236,-0.0431552,-0.57653683,0.54021657,-0.22938107,0.48964706,0.21095571,0.20362465,-0.082622856,0.37621096,-0.6593518,0.24112144,-1.1113496,1.4248463,0.46273538,0.73224837,-0.798587,0.59075713,-0.49261338,1.4130448,-0.27946508,-0.2630474,-1.0337918,-0.45107266,-0.2681546,0.19913504,-0.0054424815,0.08544405,0.82581794,-1.4285648,-1.3010405,0.2254767,-1.4351575,-0.8574214,0.369085,-0.71333086,-0.28773496,-1.2299706,0.5233602,-0.33727816,1.2363046,-0.10420966,-0.7683075,-0.08084693,-0.71320045,-1.7825638,-0.29093128,0.21077755,0.31424308,0.4590636,-0.014371812,-1.1262933,0.059937127,-1.1014714,-1.5938613,-0.39351717,0.80149204,1.5451934,-0.1270975,0.45561853,-0.20790176,0.15926857,1.0189371,-1.2598678,-0.53840256,-1.2950845,0.42705196,0.8243765,1.8272265,-1.0944909,-1.1095356,0.72454554,-0.18286584,0.6166515,0.70665777,-0.044354737,-0.98660713,-0.85563976,-0.57582057,1.0483953,1.049649,-0.8560596,0.08279828,0.13926579,-0.0128577445,-0.6744813,0.7746079,1.1007324,-1.413263,0.016518757,-1.1047697,0.39262754,0.5591472,-0.019721793,0.2453405,0.5094762,0.6440362,0.40371987,-0.5228016,-0.8042438,0.69380707,0.24049115,-1.0107604,-0.36157292,0.6160409,0.33327484,-0.3522326,1.1704445,0.12215115,-0.29933643,-0.8295137,-0.13469562,-0.29956943,-0.93193185,-0.6881202,-0.19045119
-1.0763769,-1.0931686,-0.07452007,1.1143905,0.6292988,0.4950082,0.3679625,0.8744185,0.7632229,1.0419623,0.6535775,-0.791553,-0.72854644,-0.8361235,-0.7199552,1.2555223,-0.81012243,-0.60084456,0.6115069,0.03523957,0.8867957,-0.7246731,-0.98073804,-0.97234595,-1.1571573,0.8534405,-0.8736775,0.090093374,-0.075895295,0.5057595,-0.2704668,0.7732865,0.3539422,0.822158,-0.2749302,0.34965992,0.010536216,-1.099963,-0.20996858,0.33423764,-0.4836065,1.0311978,0.766195,-1.2273132,0.00400695,0.019103225,-1.0219008,-1.947902,0.14270215,-0.21481383,-0.271232,0.31765994,-0.8439313,-0.32427555,-0.4807828,0.881541,0.82808083,-0.7691668,-0.2456456,-1.2315996,-0.8463814,1.6302193,-0.023831546,-0.4459078,-0.04290773,-0.7677662,-1.1948943,-0.22956318,-0.9127465,-1.7964628,-1.8406144,-1.014517,0.01154924,0.28976485,-0.0852778,-0.26123562,-0.122990474,-1.2578372,-1.411777,0.5814896,0.33793122,1.1674811,-0.39540315,-0.3684054,0.17229159,0.11888889,-0.7608771,-0.5474335,-1.4247634,-0.33377028,1.3801371,0.18606858,-0.30467942,-0.008667091,-1.7908572,-0.74437165,-2.3748996,1.2267933,0.10880898,0.12220292,-1.1040772,0.24160397,-0.28694403,0.7088105,-0.06093627,-0.39686996,-0.5591466,-0.13886258,-1.473355,0.055177778,-1.3516461,-1.0754702,-0.084449045,-0.64548504,-0.703884,-0.79308265,-0.37340766,-1.0282522,0.60956204,-0.4263889,-0.0055963006,-1.16043,1.1388404,0.84351027,0.23886248,0.35138547,0.34577963,0.23209593,-1.0074226,-2.2822418,-0.98761827,-0.3665886,-0.7437021,0.14334923,0.61891854,-1.3572555,-0.5223485,0.016795209,0.43605906,-0.85369587,0.54234076,0.97549176,0.2824667,0.5817441,0.72061783,0.54630834,0.8606777,-0.7333278,0.51220644,0.6728936,0.6178295,0.9020048,0.9593661,-0.49321002,0.89749116,-0.06076964,0.18571475,1.0714066,0.17814416,1.0450346,0.92221344,1.0349166,0.75032175,-0.03160934,1.279658,-0.4734413,-1.4106693,0.68542796,0.4269668,0.102157064,0.15480855,-0.40209264,-0.38327494,-0.3877078,0.40993506,0.37746,0.44299334,-0.7285157,0.9874996,-0.32915208,0.7911874,-0.5887766,-0.9582409,0.7921115,-0.7568775,-0.09398562,1.2959876,1.0501915,0.016984344,0.9830063,-0.5309466,0.74181324,0.49397537,0.0046030805,0.35888425,-0.7043692,0.917096,1.0636125,0.8033418,-0.6755703
-1.1255891,0.44998908,1.0426368,-0.5058898,-0.63582116,-0.3395128,-0.7142098,-0.050084043,0.17009945,-1.1866405,-0.42662886,-0.73766,-0.13660018,0.2810137,-0.37035707,-0.6893181,0.15195616,0.6678597,-1.2188842,0.9838132,-0.1963105,0.5466371,0.1391016,0.6687961,0.3505842,-0.6073829,-0.35460702,0.49466267,-0.22434951,-0.98363376,-0.048537396,-1.1282673,1.2172469,-1.6379547,-0.08321642,-1.6539509,-0.1088373,1.042535,0.8727406,-0.65112305,-0.20315927,-1.36238,-1.2754666,1.2229908,1.6374055,0.26746023,0.47060305,0.34423783,0.47616774,0.25297934,0.77262044,0.05493886,0.807858,-0.56946737,-0.012901861,-1.0365179,-1.0782588,0.23139834,0.07672387,-0.31547034,0.49718705,-0.5907422,0.42860305,-0.24881162,0.26633608,0.37061208,0.20035213,0.009525353,0.6012194,0.8960586,0.26652676,0.217614,-0.66623276,0.77989,-0.35745358,0.15436411,0.9536083,-0.06997959,0.13581768,0.6609668,-0.29832348,-0.2455525,-1.172126,1.1526397,-0.65372705,0.48681584,1.0660559,-0.04245996,0.9898523,0.46793503,0.22221191,-0.08039227,-0.3585094,-0.117325954,-1.0638125,1.1043419,1.1685895,-0.50501466,0.17713886,0.63323706,1.2129915,0.5043507,1.0350467,-0.8910664,-0.63709617,1.5762539,1.218484,0.9645947,0.1373528,-0.6232572,1.4917877,1.2776763,0.5418187,0.18573031,0.4354677,0.74231666,1.1108805,1.118586,0.51120096,1.0903544,-0.23574987,1.5451616,0.012044106,-0.74274474,-0.113446794,-0.6468739,-0.03784073,0.9155711,1.6010214,0.81263554,1.4252176,1.3941255,0.5276637,0.5801075,1.1994499,-0.73870975,0.12114779,-1.2342364,0.51925987,0.7329401,-0.23235053,-0.27689138,-0.46367985,0.4733865,1.0283115,-0.28612697,-0.1707126,0.37645432,-0.8536704,0.3147529,-1.469834,0.31944585,-0.32625458,0.94501436,0.2916211,0.7594544,0.09502275,-0.5419725,0.20727018,-1.6375184,0.6129708,-2.0049644,-1.1382923,1.0336707,-1.4017318,-1.1384523,-0.4154755,-0.6121079,0.6495965,0.92463404,-0.103729255,0.608883,1.1366359,-0.73539674,-0.6978453,-0.69798195,-1.3843501,-0.41612014,-1.3017112,-1.232736,-0.093232244,-0.8657952,-1.6462784,-1.0650676,-0.12701215,-0.5245984,-0.5993528,-0.3517888,-0.81177413,-0.9572531,0.49491274,-0.79890877,-0.89737165,0.16137724,-0.4292194,0.33273834,0.56173414,-0.97549355,-1.4524688,1.1315328
0.71228856,0.083715595,-0.4446531,-0.041260377,0.3565534,0.25458837,0.2108702,0.50394917,-0.96270806,0.94646597,0.52712876,0.8891397,0.6120085,0.44740418,1.3976177,0.12571889,-0.28268433,0.6681982,-0.9981002,-1.3518571,-0.31338608,-0.21720633,-0.4645362,-1.0294726,-0.33389294,0.17912312,0.6071775,-0.37021244,-0.0030536782,1.4739786,-0.32554045,-0.63165194,-0.5285854,0.47314906,0.33929592,0.9571201,-0.117103755,-0.4286479,0.0148889385,-0.5926073,-0.15737078,0.82547504,0.74402016,-1.205988,-1.3054813,0.19295762,0.34125036,0.08284759,-0.50211906,0.92593926,-1.1865855,-0.9737702,-0.5597771,-0.25909072,1.3700076,0.82294226,1.0912477,2.3909965,2.9161942,-0.7251936,0.0005341042,-0.051073547,-0.7541773,-0.12794922,0.1538037,1.257288,0.21151264,1.1228993,-0.04298628,0.2400547,0.07085969,-0.8456947,0.14811915,-1.7874445,-0.4027307,0.3012446,-0.11163029,0.8479445,-0.6713707,-1.030134,2.0039065,0.55347365,0.36264324,-1.0554073,-0.13731577,-1.5225737,-0.14979239,0.17244874,-0.09506397,0.42452556,-0.46202865,-0.17337729,0.84879315,0.6903963,0.7147939,0.024168706,-0.33484742,-0.2214845,-0.47866398,-0.62556356,-2.0040376,-1.3731282,-0.31831005,0.7746308,0.20284094,-1.1680745,-0.4006165,-1.0979669,0.0702525,-0.23572567,-0.8062308,-1.4360734,-0.5783797,0.30784062,-0.21509027,0.061730523,-0.40881833,-0.26999807,-0.7815388,-0.06636898,0.5956436,-0.040350426,0.55214053,-0.025773732,0.25394347,-0.31886202,1.8631171,-2.7466133,0.05721488,-1.4139441,-0.3574731,-0.43650547,-1.4807785,-0.75487137,-0.16066027,-0.31343374,0.33687335,0.79996914,0.8395999,-1.3424156,0.023652408,-0.3250478,1.0504827,-0.65047723,0.59185034,-0.31781548,0.03562309,0.13555561,0.69943553,0.8997941,0.6010303,-0.8035802,1.1861138,0.2261656,0.056809373,-0.095723815,0.3769322,0.06875532,-0.8375919,0.25431496,-0.24055365,-0.11251634,0.21536519,-0.60273147,1.0445441,0.112548634,0.45736194,-0.12637761,-0.24427097,-0.16215572,0.41542298,0.74807435,-0.03147264,0.9524512,1.526154,0.056169055,0.9553464,-0.15359534,0.29342008,0.9836618,0.41553825,1.4471918,0.9236168,-0.046175137,0.7425014,0.49484584,0.068663985,-0.059369054,-0.21984927,0.23327474,-2.081687,0.02425016,0.39353725,-0.96899354,-0.48610902,-0.2693153,-1.1566099,0.6783661,0.9516135,-0.27228343
-1.214443,0.66411746,0.9647941,-0.83844775,-1.4970613,1.0173204,-1.1025374,0.3221937,0.14840019,-0.9823984,-0.8707044,-1.0201877,0.07503766,-0.49011898,-0.5324335,-0.735875,-0.022914875,1.7743526,-1.4462929,0.9681092,-0.5479308,0.5785256,-0.05613574,0.83170915,0.9801753,-0.84026873,0.79319096,-0.20790999,0.11220524,-1.6345102,0.10521359,-1.7731806,0.80549586,-2.4211519,0.28014663,-1.5489928,1.4157662,1.2414857,0.582206,-1.2282561,-0.38029224,-2.6704483,-1.0007652,1.6528739,1.86909,-1.1076713,0.061289147,0.27438888,-0.7842844,0.7927446,-0.036503248,0.41086397,0.8382904,-1.741336,-0.08177662,-1.8034999,-1.1147829,1.0913951,0.63285685,-1.2423345,-0.57157755,-0.8031407,0.47318062,-0.5453986,-0.28791377,0.94971514,-0.071777694,-0.21235216,-0.00020206254,1.3100965,0.7987386,0.3095926,0.11285869,1.1436602,0.46177247,0.9866569,0.74028224,-0.48623347,1.5334926,0.85269624,0.5290679,-0.29981607,0.5880669,0.9413195,0.11230531,0.7219788,1.7220377,0.0047905184,1.1571074,-1.4358168,0.32994014,0.6486426,-0.42741466,0.58914185,0.33989066,0.8290082,0.24721736,-0.69014657,-0.49113885,-0.05166641,1.328625,-0.23137704,0.8884832,0.025951605,-0.7562438,0.6970499,1.0776278,1.5726495,0.7141459,0.18043515,0.4731355,0.16347189,-0.34607938,-0.6408599,-0.44099572,0.5257038,0.30816385,1.1789001,0.8058844,-0.46792603,-0.51752526,0.826252,-0.3030384,-0.66360235,-0.5156166,-0.49339667,0.23081672,0.3894122,-0.15859753,0.6884814,0.76670134,0.87465453,0.90738755,0.5821379,-0.110064745,0.4904633,0.64285743,0.20467116,-0.43513814,0.7618105,-0.7106256,0.04681252,-0.5582561,1.3772883,-0.28759515,0.41340023,-1.4325315,1.7413256,-0.59452343,0.8659755,-0.49600738,-0.19248545,-0.6733792,1.3651797,-0.9181655,0.0968245,0.5689672,0.40595227,-0.917918,-1.468992,-0.691146,-0.86359525,-0.6937947,0.2814489,-0.038541287,-0.9244723,0.26031896,-1.3585887,0.6977426,1.3468856,-0.0987833,0.63671553,0.63764167,-0.49107632,-0.68394166,-1.2049447,-0.6199095,0.34194016,-1.2402297,0.42973876,-0.08281183,-0.5062447,-0.46889442,-0.15540491,0.34150335,-1.1191268,-0.63574815,-1.3687811,-0.1631404,-1.5578438,0.09710157,0.16850382,-0.17139593,0.113145806,-0.6455169,0.23700991,0.033195436,-0.3540727,-0.80331653,1.3834468
0.2970738,0.63505197,0.10899119,-0.2021143,-0.7458835,-0.0034480812,-1.3895907,0.15255076,0.033708736,-1.3349632,0.40411714,0.028381426,-0.51753813,0.14370632,0.15127246,0.5943637,0.24091244,0.29201362,-0.84482116,-0.6382925,-1.7985655,-0.3094574,0.56069744,-0.70136976,1.0587226,-0.11556272,0.19669357,0.42775396,0.36723018,0.1138229,0.38441938,-0.50274116,0.25575942,0.040536106,1.268855,-0.02088261,0.9851226,0.3166465,0.6630156,0.14517571,0.97040504,-0.14489149,-0.59478545,0.9349557,0.3291608,0.11581146,0.06541689,1.1671083,-1.2236671,0.80564463,-0.21224387,-0.49937928,0.38122472,0.72455233,0.56670564,-0.519058,0.052806024,0.30356383,0.99966156,0.19824319,0.2405452,-0.42548877,0.87696624,0.63352925,0.6705092,0.5142409,-1.4436375,0.6484002,0.7942477,0.78473896,0.57513773,0.77492434,0.5845958,0.44568512,-1.1500411,1.0593284,-0.79704624,-0.21575469,0.04258943,0.30007198,0.38982096,-0.8378489,0.2739047,0.1816111,0.67563903,-1.1236193,0.6464117,0.17354877,-1.0065475,0.26009092,0.16192965,0.67889744,0.78445846,-0.6836992,0.22869062,0.2167606,0.7109927,-0.52715224,-0.33238158,-1.1850672,0.15107992,1.1559625,0.54943967,-1.4102386,0.86833084,-1.7106076,-0.048462566,-0.1755313,0.38226217,0.84211487,-0.4122794,-0.424221,-0.99411196,0.9713979,-0.14243819,0.87012017,-0.12398411,1.2853049,0.23996753,0.33595732,-0.56248057,0.42698035,-0.9401394,-0.42058703,0.17847851,-0.62490654,1.068825,0.1451225,-0.200593,0.63827026,0.41214052,-1.042021,0.2585104,-0.044008713,-0.7396246,0.97653997,-0.09809225,0.076514125,-0.1280383,0.4666616,0.15625691,-0.046109967,0.15769424,0.4018913,0.73376745,0.31946707,-0.5404327,0.49462077,-0.3179595,0.07357499,0.35014606,-0.49104172,-0.422517,0.7765787,0.020625746,-0.2373515,-0.44694135,0.46266297,-2.129866,-0.8442336,0.3048941,0.37474394,0.14920089,-1.3926574,-0.09850583,0.43775886,1.1089841,0.42696306,1.0174047,-0.45164,0.68848133,0.13289383,0.29302546,0.6040809,0.17871523,1.178519,-0.075299256,-1.1587279,0.16187589,0.86694574,-0.72291565,0.78888047,0.9040281,-0.7433827,-1.0022818,0.36339024,0.66718143,-0.4638978,-1.7420266,-0.71324116,-0.29854938,0.34469375,0.4365221,0.30052444,0.3235614,-0.023645937,-1.707949,-0.46743658,0.34902218,0.9577697
-0.76362383,1.4933386,0.5384928,-0.08436249,-1.0063467,0.7196751,-0.26747906,-1.4625262,-1.6255324,-0.52607536,-0.39066413,-0.07319301,0.18340422,0.14388874,0.40029597,-1.3423929,0.2644347,0.41480088,-0.48880762,0.2133981,0.55722857,0.95243055,0.85724634,0.70243454,0.8945367,-0.9346022,-0.14247426,0.44008854,-0.068067476,-0.24173534,-1.2302518,-0.72579086,0.6554988,-1.0918038,-0.82601905,-1.4109913,0.2896508,0.6235007,0.051414188,-0.13518511,0.5188748,-0.23908494,0.15119503,0.59581316,0.5275343,1.054561,0.9833279,0.04813564,1.2303883,-0.7629504,-0.2229102,0.1734173,0.6505704,-1.058249,-1.4596562,-0.23472722,-0.6057289,1.0202309,0.14218074,-0.08091031,0.74422777,-0.5846264,-1.0054425,0.04415347,-0.59577227,0.41427228,0.14350383,0.22366562,-0.9466577,1.5152127,0.0301257,-0.3099211,0.37451893,-1.616743,0.9970414,-1.6053573,0.46689653,0.43977618,-0.072111815,-0.12044847,-0.08155873,0.3847992,-1.5636281,0.16361482,-0.74297065,-0.28007972,0.8218972,-0.9986948,0.018506307,0.9921291,-0.1579761,0.396575,0.4949722,-0.39220747,-1.4987028,0.37187982,0.70847213,-0.3261422,0.14942214,0.4017107,0.29696816,1.1116751,0.088627644,0.14833777,-0.22929613,1.6679571,1.6780268,0.41815028,0.47166172,0.42818055,0.8327446,0.5412225,0.7617705,0.033232335,0.42201346,0.2752793,1.0024194,1.0090111,-0.44918472,0.8638526,-1.8653892,1.5446703,-0.19786605,0.060982157,-0.6232774,0.2373986,-0.8220646,0.3508229,1.0547521,-0.08087977,0.7714179,1.6061126,0.5733956,0.50733936,0.92514694,0.60262096,0.4565361,-1.9154931,1.1138422,-0.010819491,-0.3097318,-1.0510665,-0.24112435,-1.0920933,-0.45902386,-0.5265299,-0.20064262,1.3745486,-0.006600202,-0.512467,-1.11512,0.52949405,-0.50881326,-0.51418746,-0.069562115,0.21013851,1.711006,-1.7423904,1.3894928,0.34465218,0.11651937,-0.66776913,-0.59441787,1.3203741,0.13831957,0.94563633,-0.15791318,-0.36358574,0.6881442,0.9024514,-0.5183718,-1.0429008,0.9728429,-0.95377445,0.36736923,-0.6735792,0.022949375,-1.4748867,0.2616674,-1.4674668,-1.0237682,-0.7720826,-0.6221077,0.6439862,0.52279663,-1.2076503,0.6070695,0.3274742,-1.5406628,-0.67112166,0.9543154,-1.032511,-0.69582516,0.0382249,-0.26917598,0.19836906,0.41193834,0.746935,0.41903466,0.11629256
-0.023807306,-1.0228202,-0.6825149,-0.6845024,-0.2414462,-0.9505159,-1.1156337,-0.80019945,-1.1510708,0.23149611,-0.2818973,-1.0739206,0.5338513,-0.8504873,-0.56811124,0.21690433,-0.77806795,0.7772193,-0.4518131,1.5229112,1.1145104,-0.2164363,-0.01433405,0.5302877,0.32340848,0.96200156,0.38125968,0.3818697,-0.0989833,-0.049428493,0.20342311,-1.7187626,-0.0767033,-1.030622,-1.0137706,0.084256954,-1.0573326,-0.07887111,-1.4602618,-1.5888575,-0.19688371,-0.60477656,-0.48046017,-0.3693272,-0.33280742,0.037086584,0.1726756,-2.2288072,-0.16086495,0.30138114,0.8482044,-0.6674185,0.75767446,-0.15735374,-0.1315999,0.7333184,0.9375959,0.42197996,-0.14476827,-0.60024226,0.72189116,-0.7610499,-1.1797528,-0.8633595,-0.20939758,0.16013159,1.6307648,-0.48770517,-0.32302323,-0.6503255,-1.240596,0.03634929,-0.8956985,-0.54606766,-2.562186,-1.2302711,-0.044373367,-0.60191107,0.25479233,-0.56889987,0.031573042,1.8476373,0.88574404,-0.4921103,-0.48657188,-1.9873111,-1.9777123,0.35009843,0.20469575,-0.89307934,0.8759519,-0.114965305,-0.9104652,-0.2912838,1.6751173,-1.1106986,0.31581116,0.79571813,-1.4853233,0.860565,-0.7699724,-0.8236432,0.012084688,1.1682779,0.026502747,0.39934754,0.44588456,1.0331653,-1.0217013,-0.4348238,0.78558695,0.4197498,1.6363171,1.966901,1.15775,-0.46211094,-0.082323894,-2.7345014,1.6764969,-0.7289503,1.3480332,0.5918376,0.41656905,-0.008932895,1.0158693,-0.45138976,-1.7695774,-1.4422829,-0.84363896,-2.711424,0.23355605,-0.2861593,-1.6988521,1.0192846,-1.1005931,0.82825696,-0.64552844,-0.5473456,-1.5350922,-1.4762766,0.48502094,0.9508015,-0.49373293,-1.1152987,-1.7669505,1.094972,-0.46181858,-0.51942974,0.07337554,1.3901379,1.1992407,0.52805233,0.896091,1.3829409,0.62312454,-2.2059317,-0.04372899,0.37993237,-1.3665087,1.3527862,-1.7388024,0.50545144,1.1382846,0.87166864,-0.37594545,1.1132534,-0.430398,0.242211,-2.531772,0.91981363,0.5497579,-0.8485341,-1.5485595,-0.0089098,1.2716993,-1.7107732,-1.2566938,0.13782005,-0.43457845,0.65869486,1.540906,0.9847272,0.7229712,1.3452294,-0.58803,0.72097737,-2.6281922,0.06257787,0.82578546,0.9845162,-0.32025707,0.09713709,0.9886659,1.6900721,0.9333175,0.06442327,0.17547345,1.5916799,1.5307363,-1.4783071
-0.7428107,0.04623925,0.016613431,0.120146915,-0.07267085,-0.84811157,0.60828286,-0.6131277,-0.5424549,0.21196127,0.33741584,0.26092708,-0.11180219,-0.27575347,0.04861078,-0.4572899,0.27632034,-0.8492877,0.93954504,0.20339963,0.48940977,1.3270675,0.22611617,1.2902536,0.3293344,0.47019383,-0.5753978,0.2789952,-0.036304012,-0.8299286,-0.37635064,0.9965487,-0.512135,0.7197319,-0.043490432,-0.7352922,-0.3697405,-0.13405298,-1.0309885,-0.2682754,0.7499489,0.14396708,0.019547623,0.50598717,0.26475075,1.0548804,0.7885224,0.48540646,0.79934955,-0.1206869,0.07582025,0.43624672,0.13129665,1.032693,-0.29502195,0.5411441,-0.27344358,-0.13745677,-1.1666235,0.28640795,-0.66787994,0.69212586,0.60845137,0.06863929,-0.44755766,-0.02042702,0.16562311,0.37741193,-1.2225538,-0.15380764,-0.82648766,0.61777437,0.94379294,-0.2155804,-0.052731875,-0.23981892,0.5507744,-0.13987102,0.31857255,-0.1241073,-0.0113416985,0.6210937,-0.08059854,-0.017976597,0.16840604,0.6304334,0.3422563,-2.005544,0.12860858,0.6348883,0.61293703,0.4468188,0.1632182,1.3125135,-0.48053694,0.1999565,0.44984442,0.19367208,0.3584413,0.96887535,-0.26581496,-0.31689364,-0.044016633,-0.7977348,0.3074992,0.699343,0.018247943,1.219634,0.00802853,-0.37200373,0.9522385,0.42507696,1.4942924,0.734554,0.10965168,0.17025137,-0.11657433,-0.41946766,-0.28722405,0.51026326,0.38706473,-0.33728743,-0.0017535277,-0.44652507,1.2068504,-0.22045904,0.21640985,-0.5086984,0.5704707,0.4863251,-0.09487772,1.5368012,-1.7545689,-0.023701295,0.05939457,1.7540352,0.64366776,-0.13197823,0.7274269,-0.2570138,-1.4467746,-0.12538113,-0.42112273,0.632918,-1.8764312,0.34959042,0.9466117,-1.7458724,0.3518722,-0.1782646,-0.6299807,-0.24591017,2.1541672,-2.4655342,-1.1254926,1.1970036,-0.001923915,0.7211611,1.3411896,-0.21133234,-0.12094393,0.1132207,0.14894874,1.129386,-1.4796202,0.6980116,0.09948217,0.10175352,0.32637823,0.46161726,-0.41868523,1.1457653,0.3143584,-0.104843594,-1.2403524,-0.58568054,0.082125016,-0.09796207,-0.72794336,-0.3211942,0.71232307,-0.395201,-0.17152561,0.3411902,0.014053438,-0.025963036,-0.1617874,-1.0267696,-0.5083649,0.3848004,0.82103145,0.17211735,-0.5504325,0.28606585,0.46063992,-0.3852919,-1.285393,-0.6402002,-1.1060146,-0.42872798
0.63104147,0.8351143,0.37208214,1.1152878,0.7115354,0.7005461,0.059268802,0.6805688,-0.037475243,0.6909267,1.5589093,0.31907055,0.10663016,-0.08998645,-0.48079473,0.8415162,0.22179852,-0.02848767,0.6017549,1.2645837,0.67954874,0.11730328,0.48115337,0.47271344,-0.87300617,0.09174825,0.12543115,-1.424875,-0.6066489,-0.42185315,0.26137143,0.46685836,1.3566314,0.33694333,0.008680039,1.0745865,-0.39565915,0.0069486527,0.17766863,-0.008238414,0.0190114,-0.26782778,0.3083601,0.36371943,0.81520355,0.18465196,-0.15078954,-0.3268633,-0.4079294,0.2277861,-0.21873009,-0.4683693,0.08653498,0.22404867,-0.20164059,0.17721221,-0.4989259,-0.033489786,-0.13607061,0.40588182,-0.9462542,0.57157356,0.8782839,-0.026145574,1.1009951,0.1859653,-0.30842087,-0.2138941,0.19797021,0.17427427,0.5966303,0.40667772,0.2984751,0.80154586,-0.10860819,1.1095709,-0.13982429,0.49494815,0.5326484,0.44118595,-0.72126174,0.026798833,0.82068187,-0.05907832,-0.770148,0.68671155,0.2356606,0.25929862,0.37731674,0.3732097,-0.32706666,-0.36098328,0.024355166,-0.83234155,-0.41372997,0.8627967,-0.053987846,0.6544967,0.65877956,0.15071128,-0.095786676,0.854344,-0.14510646,0.42891628,-0.007737782,-0.02923762,-0.19916126,0.076170206,0.60346025,-0.08231208,0.2861878,-0.5646042,0.13312203,0.6574895,-0.17095637,-0.103842095,-0.02726227,-0.016181938,0.787659,-1.0982106,0.2671031,-0.30795383,-0.3454496,0.3490467,0.96476555,-0.20930552,0.091853924,-0.06965535,-0.6763131,-0.030167453,-0.113447025,-0.03659729,-0.85203433,-0.19060989,0.9026185,0.28979766,0.5163017,-0.036917068,-0.69135946,1.1656348,0.20959753,-0.9538359,-0.44043314,0.6361321,-0.7084978,-0.14845875,0.097414635,-0.0791788,-0.4298408,0.13381998,0.15659694,-0.02282194,0.15327252,0.15809165,-0.4208134,0.12641566,-0.10054165,0.17078337,1.280662,-0.427419,-0.5965253,-0.00551063,-0.85401756,0.76240957,-0.003631601,-0.22966664,0.6383894,-0.5915331,-0.3689915,-0.61433643,-0.19545469,0.54817784,0.084700376,-0.74145925,-0.59838635,0.5166254,-0.59653413,0.62991184,-1.1487167,0.96655977,-0.42003208,0.6472357,0.31920958,0.24513067,-0.44268787,-0.66807103,-0.17906651,-0.5396855,-0.054817244,0.14794798,-0.34239015,0.21115914,-0.65862423,-0.6743947,-0.5243699,0.94239885,-1.2433281,-0.57064164,-0.13175899,0.09112323
-0.60331035,-2.1378324,-1.2323254,0.25939745,-0.7400901,-0.41500273,-0.2491431,1.6608679,0.38730124,0.33424377,1.2059314,-0.77835184,-0.45294398,-1.1055737,-0.99528694,0.89689934,-1.4901505,0.2245998,-0.32055652,-0.6394744,0.071548626,-2.2493026,-1.4419117,-0.65605485,1.2108189,0.12295835,-1.114001,-1.1728653,1.3173074,0.86643815,0.12595046,-0.080087535,-0.6506723,0.37146622,-0.6375492,0.2792465,-0.498404,-1.3124131,-1.6023741,-1.2317296,-1.3735268,0.036756385,-0.42994237,-1.2583086,-1.0790116,-3.1283052,-2.6980796,-0.23293096,-1.3539255,-1.2925475,-2.1041615,-1.4446349,0.5263931,-1.7458754,0.11954433,0.10361624,2.0602944,-1.4347847,-1.4029698,-0.09945913,1.1327971,-0.057853978,-0.027480587,-0.39893496,-0.17604682,-2.8234143,0.5197141,-0.6377321,0.0019455301,-0.050467853,-0.88847023,-0.1439352,1.0289267,-0.19565517,2.1553218,-0.9283689,-0.115498886,-0.79301953,-0.47438383,-1.1932687,1.2221726,-0.020397794,0.59517616,-0.46738446,0.14659776,0.7336132,-0.43567124,1.3023742,0.14356314,-1.0082787,1.6330298,-0.16702251,0.83827186,-0.5605346,1.4452915,-1.8318727,1.2923914,0.28896004,-0.022777004,-0.56369257,-0.51447165,-1.1660066,-2.6377687,0.51814395,-0.9313583,-2.198447,-0.54581106,-0.9728353,-1.4366349,-1.5349628,-0.8236609,-1.4218432,-1.0931851,0.43480626,-1.6647202,-1.973415,-1.4338851,-1.1961547,0.041841976,0.28368858,-1.5433344,-1.2885876,1.844954,2.0357077,0.556978,1.7606697,-1.0996114,-0.72740734,-1.1226287,0.89347005,-2.087195,-1.5162276,-1.3222001,0.067319036,-1.3399856,-2.1112459,-1.2271847,0.7147026,-0.9263364,-0.19517967,0.7402672,1.281438,1.6268953,0.43392438,0.7360683,0.95760226,0.22901554,0.63953847,0.5692811,1.391552,1.4265298,0.102662414,-0.88032985,-0.41419995,0.71385604,-2.1431952,0.67321664,-0.17036289,-0.67783856,1.7476051,-0.42519847,1.7737615,1.6906849,-0.04819867,-0.16607113,-0.7999353,1.2311811,0.91666454,-1.5493857,0.3174614,1.4917728,-1.8689196,-1.0426595,1.6765044,-0.27369672,-1.1289825,2.2692797,-0.6555851,1.6197841,-0.6232984,1.7032354,1.7849354,0.5998922,1.4853221,1.3363878,1.1495845,-1.2672471,1.2115091,1.5768274,1.6883577,-0.16963264,-0.6266028,0.68214417,1.4780837,-0.22511448,-0.3022239,1.6102719,1.795852,0.7557173,-0.062495254
0.25300905,-1.1346867,-0.70601606,-0.22699632,-0.42197028,-1.4409325,0.5473126,-2.5263636,-0.026366336,0.30165422,0.6638442,1.1143157,1.2082022,-0.71889246,-0.40599126,0.2735528,-0.5680689,-0.029024767,0.6740904,0.028585317,-0.15116116,0.74455655,-0.64182466,0.9089972,-0.051860474,0.1448109,0.11391871,-0.5725861,-1.0264801,-0.32205725,-0.77899134,-0.26987803,-1.2746994,0.32288277,0.91989356,-0.4831425,0.6152238,0.15931168,0.80308515,0.16612126,-0.34633198,0.516562,-0.082544,0.31069404,-0.21167071,0.38751152,-0.07898472,-0.79389507,0.24850316,-1.136384,-1.1003788,0.5395016,0.5555641,0.95605797,0.90659064,0.44741803,-0.63470924,-0.3274678,0.35638866,0.87698877,0.0027487297,-0.8388191,-0.09864862,-0.33047074,-0.7234966,0.6167149,0.6775743,-2.1392026,-1.5829731,-0.48245034,0.62917966,0.08764946,-0.29662636,0.24217123,-0.29531395,-1.002307,0.8208877,-0.26867026,0.5278572,-0.37423113,0.097707696,0.21716633,0.4024863,-1.2180606,0.33557025,0.25873688,0.3410198,0.11077346,0.013652522,0.14972243,-0.15722807,0.96792465,-0.1326909,0.12365655,0.7712291,1.1632671,0.64266133,-0.48924983,-1.906542,0.9751311,-0.025197089,-1.416516,0.83674765,1.0684716,0.68963385,0.016068332,0.6232268,0.24928007,0.5028886,-1.4433452,0.6338037,0.11987579,0.40696394,0.9597077,-1.3988563,0.5986846,-1.0415373,-0.07538029,-0.72633475,-0.49107438,0.6668538,-0.5425286,0.559207,-1.0995866,1.1894386,0.72902703,-0.48635408,0.04397444,0.23291591,-0.62476933,-0.010457275,0.2199362,0.068103425,-0.5798615,-1.3526089,-0.7637948,0.7856315,1.4512666,-1.2602255,-0.7813629,0.19356385,0.24941577,0.105714396,0.17185907,0.015759097,1.5834266,0.9092948,0.42644766,-0.11060871,-1.2422473,0.28772926,-0.07587393,0.7215371,0.3306198,1.2456495,0.5675944,-0.77187407,0.5339934,-0.09597519,-0.31294376,-0.44928598,-1.1608176,0.19039088,-0.17766643,0.33643174,-0.98787653,-0.38664252,1.0989798,0.18503697,-0.7318686,0.83149165,1.849646,-0.17292301,-0.09607575,-0.37266254,0.548332,-1.8713397,1.1169459,-1.7111278,-0.09092996,0.29835412,-0.061908614,-0.36611986,-0.64947295,-0.09119135,1.4685858,0.028677346,0.2191364,0.46208477,0.28701928,1.6008387,1.0567827,0.3631116,0.41387886,0.79635185,-0.6581888,0.38349733,-0.8055657,-0.8244508,0.07695431
0.52613276,0.56931573,-0.73897153,-1.1695659,-0.6792134,0.0008918522,-2.3591652,-0.5952406,-2.9019344,-0.46630752,-0.32148042,-1.6368026,-1.3657876,-0.058983684,-1.4986688,-0.42652485,-0.67061543,0.26642153,-0.43700558,-0.42213258,-0.7637491,-1.5506083,1.0271714,-0.08761869,-1.9850774,-0.59236187,-1.4112357,-0.047466084,-1.0507067,-0.12379608,-2.3348575,-0.8531383,-0.44359538,-1.8220726,-1.9646968,-1.6815685,-0.072782606,-0.643584,-0.6593535,1.0850645,-0.4768942,-1.1545563,0.46422213,-0.040247254,-0.47359735,-0.10649989,0.41219598,-0.6551063,0.2909173,0.12224721,0.3973899,-0.9473427,-1.681691,0.054940477,-0.29971147,-0.75480384,0.43884704,-0.9219237,-0.16077964,-0.12066008,1.2382066,-1.0295748,-1.0631402,-1.703498,-1.250738,-0.23338774,0.46046796,0.7207075,0.5480922,-0.09037306,0.11693929,0.9257654,0.5034649,-0.01943452,2.6001704,0.39677438,-1.3212138,-1.0585915,-0.28616303,-0.45836332,0.28015435,-0.8080278,0.27436894,0.12316838,0.6872268,0.82668364,-0.9993077,0.79533046,0.5639724,-0.7391749,-0.79561394,-0.24586593,-1.9652137,-1.2298914,-0.7864518,-2.207032,-0.74272203,-2.0400202,-0.9112115,0.13155909,0.7345336,0.5142863,-0.4021405,-1.671282,1.2581999,0.5808377,1.7817705,-0.5603496,-1.225474,0.16487515,-0.75548863,0.27419013,-0.12248873,-0.2967532,-0.62855685,-2.1831045,1.0935054,-0.1630845,0.351822,0.08336797,0.42600617,1.0745063,0.27581295,1.0416874,-0.19727877,0.5422668,-1.206842,0.095867716,0.33798543,-0.08094057,0.08218511,0.57413983,0.24790622,0.45390373,-0.1577305,0.0048215315,-1.9241873,1.4846267,-0.87370485,-2.403817,0.93468666,1.6151242,0.26793474,-0.6843615,0.8506984,-0.16912721,-0.2218044,0.8255071,1.1366247,-0.80732536,0.89779335,-1.0364887,-1.3591157,-0.51707435,0.70696753,0.16464703,0.5934983,1.7889478,-0.95045745,0.8674968,1.6026727,1.0143718,0.7482366,0.5231503,-2.1922445,-0.14185105,0.24652559,1.6585321,-0.94132316,0.45021307,-2.010019,-1.6546967,-1.1181314,1.3272271,1.6785352,-0.60000116,0.74269664,-0.40161392,1.2820871,0.144458,0.73932433,0.4901802,1.7671103,1.0898379,1.7142557,-0.17056231,1.2844532,1.7174563,0.32608074,2.0304766,-0.7595639,1.9946599,0.77563006,1.1051406,1.5355737,-0.17119032,0.7660253,-0.103124805,1.1601833,-0.082567014
1.0067828,-0.12329782,0.14468159,1.5093826,1.1617606,0.46099314,0.78418386,-0.14334324,-0.38607097,0.7239774,1.8511169,0.5042265,-0.19532596,0.15579934,0.5626753,1.6812516,0.009972185,-0.47545004,0.89505106,-0.8177029,0.4637577,-0.87981945,-0.6485298,-1.0357304,0.23109603,0.33940777,0.43430427,-1.3130816,-0.049732372,1.8008553,0.052012198,0.65112823,0.8853006,1.0780535,0.5020958,1.9036089,-0.730135,-0.32002705,0.55430204,1.2629099,0.65991217,1.200953,0.77442944,-0.65350163,-0.17779174,0.7674857,0.10333969,-0.4190319,-0.65421885,-0.5192544,-1.4191749,-0.55706936,-0.069065526,0.55612767,0.7340905,1.0826046,0.9979264,-1.2264895,-0.78760624,0.7655261,-0.05176042,1.6786336,0.6509884,0.58646744,1.2203602,-1.2373159,-0.4259951,0.096262954,0.8988155,0.47601634,-0.7442165,0.53713256,0.24912196,0.17669031,-0.62556344,0.8752137,0.27734497,-0.41915268,-0.364804,0.469701,-0.097294144,0.97972023,-0.007121273,-1.4726764,0.15701292,-0.023809437,-0.29299116,1.7538537,0.5145248,0.081935644,-0.20015721,-0.09674297,0.9074911,-0.6910847,0.66806316,0.030322341,-0.65157634,-0.03841102,0.10217168,-0.45817003,-0.8824057,-0.27220252,-0.94485044,0.05156852,-0.2476554,-0.5351536,-0.41875744,-0.5847076,-0.31166103,-0.89696884,-1.0037038,-0.7437602,-0.30332458,-0.5361846,-0.0971273,-0.3219975,-0.3160854,0.049199827,0.30186886,-0.83512086,-0.78427225,-0.3337679,0.30597746,0.21903414,1.44792,-0.6547658,-0.28767005,-0.0084582325,-0.50249255,0.11649545,-0.25968915,-1.4142858,0.018680982,-0.64884514,0.48637757,-0.1032755,-0.83039016,0.049014747,-0.4704902,0.6505712,-0.2586802,-0.030490166,-0.27211457,0.7327505,0.42729896,-1.2130007,1.4778695,-0.6935578,-0.7958836,-1.2516005,0.5187573,-0.0063452944,-0.07137555,0.14119023,0.28127795,-1.4399538,-0.3468186,-0.26766983,-0.25163472,-0.035171017,0.7547861,0.3789628,0.16842747,-0.885831,-0.19640325,0.35865057,0.1878666,1.3095367,0.34135285,-1.3087375,0.80508554,-0.043697696,-0.35990185,0.15597753,-0.4192515,1.0104876,0.49966785,-0.6141045,-0.17418563,0.8985206,-0.42972177,-0.777093,-0.20483227,-0.36922538,-0.02275708,0.21978724,-0.13360657,-0.1912138,-0.05382953,1.1351445,-0.09422208,-0.6745493,-0.14641578,-0.069001205,0.5637825,0.25632024,0.3976219,-0.16979845,0.114461415,-0.4824156
-0.06472564,1.5332735,0.8154807,0.13996889,-0.055721957,0.7506631,-1.0383536,0.54081625,-0.050446384,-0.3806618,-0.21264596,-0.7602653,-0.6933227,0.26110977,-0.7061454,-0.38176444,0.06952357,1.1923044,-1.355179,0.49690837,-0.084136635,0.15083566,1.0345616,-0.42503175,-0.47896194,-1.9959571,-0.4093286,-0.27299857,0.1361948,-0.49750745,0.060154773,-0.8059564,2.1514351,-1.125898,-1.2136517,-1.0944487,0.65747124,0.9795797,-0.1523103,-1.7180966,-0.24528524,-1.6429367,-1.0916315,0.92324305,1.7868052,-0.53621525,0.48671067,-0.9253081,0.6272813,-0.72541153,0.7905704,-1.1620021,0.26919326,-0.70516753,-0.6140472,-2.1352112,-0.45324656,1.0490844,0.027661916,-0.3726736,-0.8564505,-0.5919253,0.0121833235,0.03515761,0.7197497,-0.5017848,-0.48671398,-0.51697254,0.71293026,0.82734746,-0.40078226,0.5609336,-0.16958284,0.56477696,0.88573354,0.7683443,-0.19134387,0.7883102,0.26306707,0.53823715,0.17846847,-0.5701385,-0.823752,0.72299695,-0.17588703,0.27273554,1.061282,-0.09817529,0.048122842,0.052929536,-1.2984374,0.2652328,0.19183323,-0.6797897,0.6229147,0.19529217,1.326698,0.24380618,0.2623904,-0.37628958,0.25146824,0.8629416,0.25913,-1.1935203,-0.04891331,1.8626145,1.0209723,0.5275781,1.2102836,-1.0084374,0.22520474,-0.07492371,-0.7943686,-0.14328702,0.41212022,0.08325057,1.4093245,1.0936016,0.42003062,0.75429434,0.40004456,1.0852191,-0.34710476,-0.35613537,-1.9671475,-0.23056996,0.11651186,0.3489038,1.0551045,-0.48105043,0.88348514,1.0692753,0.43374026,-0.28523022,1.2148861,-0.056401692,0.8517359,-0.40615454,0.54791874,1.0356674,0.08876273,-1.4471573,0.37426215,-0.6266153,-0.49973223,-0.45294338,-1.4107858,1.3765504,0.57387054,1.0476882,-1.9325446,-0.41704118,-2.3867931,0.5026539,0.32585248,-0.6808662,1.2378051,-1.4168272,0.45833686,1.0966874,0.63983953,0.06914164,-0.95181996,-0.013069512,0.03718879,0.45878673,-0.1039338,-0.3008686,0.6631278,0.5380901,-0.45209867,-0.30215326,0.28238747,-0.6884049,-0.002006944,-0.59959865,-0.18418778,-0.94013923,-0.22309482,-0.6897948,-0.9281621,-0.093334794,0.79553884,1.430536,0.72140676,-0.39249268,0.106902495,0.2326743,0.106450826,-0.46213356,0.53526366,-0.34924614,0.42707065,-0.37685585,-1.5663284,0.89079875,0.19077533,0.62058115,0.39694738,0.4089906
-0.5907934,-1.8894914,-1.9404272,0.8903441,0.09408495,1.6905744,0.33794585,0.8971715,1.2650183,1.7886107,1.5245771,-0.066056296,1.070549,0.13173291,-0.6560072,1.3132474,-1.3448457,-1.8505492,0.2994936,-0.07846213,1.3115404,-0.9306938,-1.458745,-0.06585698,-0.43376982,0.43167517,0.40778586,-0.22154646,-2.0375342,0.4882267,-0.3314703,-0.9911844,0.1809724,-0.07365236,-0.46794415,1.9011067,-0.93749183,0.12291962,-0.8153671,0.46065903,-1.305106,0.7836017,0.50943756,0.48974344,-0.6975217,-1.2011781,-0.8389259,-1.4674971,-0.48806953,-0.7032342,-0.8241087,0.66615397,-0.22693281,-2.0113885,-1.7853649,1.8166202,1.8557214,-0.8132275,-0.8314971,-1.5139278,-0.10886344,1.7418338,0.3738281,0.18446226,0.71098775,-1.9660854,1.1183684,0.40776712,1.0696743,-0.6127407,-1.5386443,-1.5356919,0.5798457,-0.38142172,0.3156976,-0.39950982,-1.3683033,-0.73701894,-0.68377435,-1.6771972,-0.43707702,0.93502045,0.7371429,-0.034963056,1.5387504,-1.0097667,-0.60558605,1.429587,1.132461,-0.74719864,-0.17269614,-1.6213064,1.4196304,1.2693208,0.117619745,-1.0279328,-1.3808445,1.6338313,-0.873029,-0.00607674,-1.1907567,0.19811314,-1.6535279,1.198039,0.6246056,-0.007960311,-1.6995984,-0.47533637,-1.5669569,-1.0720867,-0.13213867,-0.73756796,-0.045581136,-2.2668538,-1.1598569,-1.7983268,-0.8819748,-1.3487126,0.22860205,-0.7699671,-0.25887942,-0.91057694,0.7540827,0.4432768,0.8606254,-0.057035502,1.2677282,-1.5556525,-0.80528855,-2.0316193,-1.5998031,-1.2899855,-1.180547,-1.1586695,0.41762146,-2.038942,-1.1436256,0.31819886,-0.73811704,-1.8798211,0.32031232,1.709326,0.10526352,0.02661012,0.81737286,-0.688128,-0.5160951,-0.047407042,0.4882276,0.03910543,-0.13471879,0.47498974,-0.1950066,-0.69542426,0.7211717,-0.5703042,1.3411076,-1.2475394,0.20116682,1.0961679,0.13191521,1.0617945,1.4847527,1.648639,0.3426154,-0.8848811,0.923341,0.5607609,0.118964486,0.5366079,1.6868123,-1.141585,-1.5961206,-0.615007,0.7557804,-2.143289,1.1610829,-0.7858066,0.12149263,-0.35391,1.4658003,1.5938952,0.746755,1.3855163,-1.2974257,-0.7591874,1.3792007,-0.09332554,-0.33172846,1.8200927,-3.1513715,2.54351,0.9194833,0.8949505,-0.2887781,-1.5991527,0.8749433,1.2386767,1.2064961,-1.0957491
0.21135896,1.0097907,0.20200793,0.34011132,1.0002608,0.22589687,1.2883005,0.2701337,1.0073038,0.7974117,-0.84206283,-0.26161763,-0.70052725,-0.53407586,-0.06891756,-0.39692575,-0.4028541,-1.6959913,1.0361104,-1.0275358,0.4225294,-0.6946346,-0.20889756,-0.37892896,0.2788054,0.8808036,-0.008940179,-1.5612141,0.20223834,1.0803794,-0.5497024,0.9122319,-0.6744657,1.6028987,0.8419264,0.47165135,-1.0627779,-1.555978,0.054686327,-0.28570184,1.3141912,1.0787234,1.1220491,-1.4221424,-0.22628863,0.9361129,0.46153376,-1.754179,-0.23356616,-0.47257587,0.5233044,-0.3114105,-0.66925377,0.35476607,0.80492187,0.2823135,1.6286211,-0.8203949,0.16359547,0.80879796,-1.9761585,-0.27752694,-0.9158071,-2.6846159,-1.3671035,0.33785322,-0.094025664,-0.7588392,-0.6759562,-1.9072849,-0.92905676,0.8467863,-0.8144323,-0.1679951,0.8120822,-1.193167,-0.9309813,-0.19765328,-0.45102,-0.08141124,-1.0708363,-0.4202006,-0.4022,-0.1002678,1.0792754,0.07119987,0.10685166,-0.29035705,-1.8751097,-0.52272046,-1.1032696,-0.095431075,1.3454314,-0.3704306,0.39730155,-0.26278582,0.47864473,0.6292986,-0.23908152,-2.495818,0.23434676,-1.0598572,0.31137338,0.7655453,0.65172625,-0.25627446,-0.93593216,-1.0170453,-2.024352,-1.6807013,-0.8735056,-1.450629,-0.042630367,0.6385511,0.7892591,0.43421996,-0.047302227,-0.92905766,-0.056282185,-0.4331436,2.114367,0.7950133,0.6138867,1.9258595,-0.109971724,0.7984936,-0.053987928,0.76967156,1.1478446,0.24080554,-0.053367287,-1.1258818,-0.5259666,-1.7271696,0.44580624,0.10207719,0.08092744,1.1134864,-1.3740318,-0.58500135,1.9001997,-0.2788774,-0.58487326,-0.6271397,-0.2239741,0.7794951,1.260448,0.8426806,0.3222865,0.37803584,1.3336786,-0.09410939,0.7099333,-0.70695,0.31762233,-2.31278,-1.0241312,1.57162,0.15495342,0.73920494,-1.2349002,-0.989686,2.1255372,1.3415309,0.032390207,1.9606109,-1.0818237,1.467372,-1.3779395,0.8806167,-1.8659487,0.13705933,-0.18482693,-1.1692084,1.6229839,0.44165796,1.4808818,1.1809099,-0.8711777,-1.2430906,-0.7208926,-0.11607325,1.0510094,0.6055862,1.5127217,0.38803175,-1.6672952,-0.78472596,0.9476033,0.88527685,0.8823025,0.23211294,-1.2733874,-1.2347605,-1.324642,0.10160931,0.5316091,0.6276864,0.80797195,-1.3132607
-0.40974286,-0.43915188,-0.9492481,-0.383049,-0.4264066,-0.21342203,0.43293297,-0.62326247,-0.0994523,0.44823354,-0.22289322,0.21910769,0.88556033,0.09508741,0.54278344,-0.3855022,-0.48269367,-0.028985756,-0.14937569,-0.042027302,0.27212492,0.17670698,-0.28098708,0.7649288,-0.6341165,0.5755564,-0.009589378,-0.4009782,-0.15214212,-0.12263243,-0.80187863,-0.38319513,-0.83823884,-0.18067217,-0.48961344,0.12301514,-0.27718443,0.4136779,-0.6656318,-0.26222095,-0.45728588,0.47933823,0.38176775,-0.23808222,-0.90894747,-0.021335922,0.13593876,-0.13819864,0.36093092,-0.34622258,-0.13835008,0.11429206,-0.3394836,-0.57106894,0.35233936,0.9721163,0.2889323,0.40099043,0.10463235,-0.14886008,1.2222724,-0.15441762,-0.8591391,-0.23450328,-0.15128183,-0.16732325,0.7222831,0.17072669,0.123030186,-0.37271875,-0.0017271638,-0.7190933,0.5225265,-0.83951396,-0.0709122,-0.33549434,-0.15533426,0.08202158,-0.32209784,-0.76219535,-0.45446026,-0.57203305,0.6314675,-0.59542996,0.51809514,-0.63619673,-0.56086665,0.47626373,1.0901453,-0.5663855,-0.440132,0.005759675,0.17512473,0.8278176,0.18331097,-0.38747603,-0.33189094,0.037765384,0.16146843,0.7660753,-0.7183724,-0.340029,-0.60371816,0.75764585,-0.0026947334,-0.03119994,-0.119910926,0.19680846,-0.016786806,-0.6626377,0.71359354,0.35434917,0.652806,0.8270132,0.28937343,-0.11982727,-0.08765504,-0.72160023,0.74309486,0.17499962,0.11495269,-0.28426123,0.13303164,-0.29946226,0.39154947,0.025006179,0.44707617,-0.7049052,0.048623554,-0.33023795,-0.26381356,-0.10647547,-0.5131135,-0.19736479,-0.6849772,0.15182367,-0.04866586,0.23899499,0.010843586,-0.9756735,0.41080928,0.00095886923,0.12533003,-0.49163425,-0.13267726,0.7742887,-0.092075706,-0.23556927,0.37191027,-0.28703904,-0.042099826,-0.124938436,0.48897612,-0.87187964,0.7941043,0.38572887,0.34618637,-0.46126443,-0.12249969,0.7338733,0.30545682,0.43863165,0.13217053,0.76492465,-0.01015895,-0.39582568,0.37516913,0.2795681,-0.4746327,-0.33574525,0.30192572,0.19439194,-0.5864574,-0.21173792,0.6276435,-0.56119686,0.024435975,-0.00960003,0.56882536,0.5139868,0.28597844,0.8071787,0.42549497,0.28905034,-0.24600883,0.3701564,0.22034943,-0.39785984,-0.4054466,0.7801501,-0.4365587,1.208972,0.26190922,0.79749346,0.3634304,-0.13158247,0.34541804,0.2966947,0.24236785,-0.36557332
-0.3934496,-1.051794,-0.84753466,0.54757303,-0.53594697,-0.90353554,0.26193368,0.3473636,0.05633764,0.5746449,-0.089762084,0.50132465,0.75146496,-0.9830537,-0.038166683,0.093401305,-0.23609914,-0.44816634,-0.27656597,-0.43307874,0.7623384,-0.5331795,-1.195755,-0.24858133,-1.153444,0.46049985,-0.9070108,-0.59281224,0.7785491,-0.735897,-1.0185539,0.07437717,0.3812194,0.69745094,0.19260971,0.66330415,-0.44596195,0.07644824,0.027715039,-0.1799166,-1.0896007,0.2747433,0.34597582,0.14784954,-0.637806,-0.6893605,-0.7109629,0.06714601,-0.20046467,-2.2466683,-1.2836683,-0.69557995,-1.004157,0.42206937,0.51582116,0.2645869,0.28562632,-0.1409036,-1.5033559,-0.657581,0.6512262,0.1961669,0.7329415,-0.19730027,0.3127625,1.3623106,1.1787838,0.526211,-1.723087,1.2853339,0.80378556,-0.39687404,1.1375873,-0.90760326,-0.09811655,0.5348642,0.60709924,0.38647407,-0.23398629,-0.7149883,0.22365144,-0.31588352,0.93208605,-1.0037912,0.30716398,-0.33193633,-0.7537721,0.21881828,-0.2894384,0.7724354,0.9226046,-0.70911413,-0.080456235,1.1129404,0.88826656,0.0712489,-1.207543,1.4412475,0.5579508,-0.101662114,-0.78989,-1.1705556,0.24061158,-0.66611725,-1.0565683,0.4596573,-0.8026793,-0.7499521,0.09446085,-1.1284986,0.75200564,0.58952457,-0.14501339,-0.28147805,1.0576469,0.3599401,-0.2673961,-0.54582787,0.77454615,-0.4524029,-1.1431859,-0.7024151,0.10175769,-0.5550241,1.3087231,-1.0426506,-0.40374148,-0.8466066,0.2727942,0.39181703,0.019678207,0.794883,0.93606174,1.0019376,0.024443656,0.021667756,-0.4301745,0.66077155,-2.549588,-0.6021259,-0.40519822,0.56430835,0.8175941,0.58606446,-0.3807096,1.1905434,-0.75614786,-0.11503152,-0.31905553,-2.6248436,0.60437006,0.8890147,0.3618723,-0.903875,-0.49005008,0.825684,-0.46042728,1.2052896,0.069012895,0.12547077,-0.39849067,-0.56195855,0.44775993,1.3740029,0.95872164,-0.4118322,0.5417064,0.9141562,-1.0173713,-0.32243073,1.3364583,0.63961565,-1.0730455,-0.9560312,0.055504438,0.5703614,0.4250016,0.87673676,1.2820045,1.721128,0.33648553,1.0669883,-0.0725788,-0.693818,1.3265942,0.7767109,-0.49172026,0.15483592,0.76814777,0.16668363,-1.1473148,0.7359808,-0.46581173,0.71190226,-1.0045109,0.48925808,0.08612192,0.9520427,0.19113754,-1.3899168
-0.105035245,0.33512336,0.4604052,-1.1161926,-1.0138891,-0.58824086,0.8793949,-1.042938,0.32861122,-0.9120981,-1.419923,0.6127879,0.9095288,1.0334963,0.8616514,-1.5136789,1.0204706,0.9134489,0.13494767,0.7917905,-0.0964137,1.2352935,0.7186944,1.3566947,0.14567599,-0.4248038,0.72875476,0.13543518,0.29066914,-0.5000257,0.837137,0.32783702,-0.9271455,-0.047955662,0.19424687,-0.82791233,-0.21302828,0.20215061,0.35228762,0.50672156,1.1491169,0.46512613,-0.34746268,0.7385216,0.55311227,0.54162073,0.8424757,-0.029100351,0.6660816,0.090716176,0.1120039,1.032742,0.7772135,0.30936283,0.17084257,-0.3171671,-0.62413794,0.86772496,0.46251234,0.15381047,-0.476283,-0.70924866,-0.36435768,-0.45853582,-0.32466197,0.42937484,0.985416,-0.5994014,-0.42654255,0.56919557,0.11901004,0.3299645,0.02400112,0.3416053,-0.48631126,-0.41962326,0.40828064,0.39699236,0.6495416,0.78152585,0.23132575,0.8480863,-0.57266676,0.8916792,-0.41492718,1.0818567,0.9633313,-0.6753281,1.0790452,0.43367082,0.85062313,0.30566993,-0.45013598,0.96090555,-0.72122943,0.45219278,0.35396102,-0.19284381,-0.100077376,0.9770623,0.005595848,0.6211013,0.9483624,0.32993144,0.54493463,0.82724893,0.56131095,1.3221571,0.8153413,0.6392719,1.1878368,1.3308916,1.0791956,-1.4097152,1.046469,0.6459852,0.65327513,0.77503294,-0.47924465,0.0009613335,0.15504365,1.1845167,-0.52574605,-1.1001536,-0.4893631,0.21425164,-0.9798855,1.0124959,0.83663577,0.0048216647,0.98338085,1.5813017,1.0398897,0.71786463,0.16536006,0.97200227,1.0132613,-0.28613174,0.76200354,-0.50343657,-2.2397363,-0.6789969,-0.22296385,0.5376013,-0.951292,-1.5352312,-0.18812068,-0.5669116,-1.1636763,-1.3121626,-0.56896824,-0.6650493,0.8248284,0.009823978,-1.1327828,0.8840305,-0.5956024,-0.49506798,0.035615936,-1.1978625,-1.6057737,-0.94590676,-0.40152043,1.1222596,0.53777355,0.5900731,-0.59476364,-1.1430475,0.6647928,0.24994263,-0.2309056,0.7483655,1.1682436,-1.5455565,-0.09023285,-0.37226412,-0.57508296,0.47214535,-1.1690266,-0.8632598,-1.0056733,-1.012327,-0.6276596,-0.74070597,-0.17504315,-1.1355178,-0.26656932,-0.63433105,-0.22790052,-0.93819076,0.5727433,-0.9150371,-1.6248981,-0.7781966,-0.6557235,1.0591023,0.14206517,0.10508702,-2.087652,0.52237654
0.77211607,0.033181068,1.9286314,-1.9946356,0.12010752,-0.7973433,0.4247358,-0.31596884,0.36571425,-1.253086,-1.401767,-0.17576349,-0.3255886,2.202475,0.6470554,-1.930032,1.7195653,1.6770067,0.10811929,0.94266754,-1.518015,1.2009662,1.1435907,1.1705105,0.07569369,-0.3364319,0.2605413,-0.22636719,1.4278941,0.7803802,0.81661016,0.14331692,-1.2508863,0.07983032,0.19309466,-0.43703556,0.23710921,-0.68495494,-0.6224699,0.8546104,1.572886,-0.54026616,0.2837748,0.30987936,1.0071787,0.16899808,0.78862876,0.7770646,0.73737234,0.46460944,0.2840735,0.17421725,1.0758003,0.93298864,-0.023592968,-1.4144644,-1.4278878,0.9713284,1.6377158,0.72488993,0.82365817,-0.9893644,-0.49734786,-1.8204417,-1.1013799,0.8011938,-0.20092566,0.16034949,0.5018143,-0.3151974,-0.52060634,0.7012138,-0.38314766,2.0757358,-0.85242796,0.12993236,-0.2999835,-0.4259708,0.08155616,2.258625,0.9223441,-0.25404233,-0.5537843,1.2099816,-0.99649584,0.72834146,0.8375332,0.4184723,0.015496898,-0.5850292,0.78111804,0.006954659,-1.4587427,0.45771194,-0.82754195,-0.640635,0.5361984,-1.8229371,0.23196703,1.3094294,1.6908072,0.7313834,1.5937389,-0.27114508,1.4321852,0.7005378,0.78368044,2.0298395,1.2981449,0.1003471,0.8238445,1.6520951,-0.016350426,-1.4111526,1.080859,0.5076705,1.3909171,0.8819726,-0.34060416,0.2818049,0.06996452,1.2187154,-0.099519044,-1.2536887,-1.1606791,0.44849977,-0.31264335,2.0988703,0.5845775,0.026770808,1.3499782,0.30874225,0.94657826,0.8383318,-1.623724,0.4535477,0.27733824,0.0034467857,0.7886005,-0.6770604,-1.1149671,-0.77385825,0.6190681,-0.4227491,-0.6846071,-1.2493081,-2.161296,-1.2208824,-0.34664446,0.16712192,0.14808266,-1.2082329,1.5374438,1.3249379,0.07937969,1.8263564,-2.39721,-0.24721259,-0.64560485,-0.9110382,-0.9269554,-0.17761944,-0.5374451,0.4051127,0.26333278,0.31190485,-0.8411083,-0.6997648,0.5131205,1.1101707,0.2927263,0.5333847,1.811485,-1.2344387,-0.6941706,1.0725999,-1.0787792,-0.23402978,-0.27290744,-1.1990618,-0.5315904,-0.7318384,-1.7134278,-0.5549019,0.43638548,-1.469538,-0.8374938,-1.029535,-1.0254053,-1.064425,0.4761637,-1.2544659,0.0048653297,-0.59311855,-0.6368054,-0.1044661,0.8804275,0.35062045,-1.8194655,0.8022273
1.04933,0.4908503,0.9771032,-1.442214,-1.1383721,-2.2540357,-0.6317894,-0.27920824,-0.49901116,-1.9480971,-1.3362877,0.06756215,-0.83338195,0.8645416,0.16947573,-1.9705071,1.5119678,1.2862878,-0.37759554,1.0989732,-1.7988522,0.36645767,0.9706408,-0.8840843,-0.3768372,-0.39309636,1.0842757,0.70818764,0.5666284,-0.16842651,1.4107065,-0.76022273,-1.299749,-0.48842072,0.12327362,-0.72273284,-0.50555795,-0.7474966,-0.77162755,0.46615863,0.7328407,-1.4169363,-0.96192956,1.5088835,1.2334625,-0.08541844,0.2495832,0.036931016,-0.10936007,-0.08795397,0.06437398,-0.443121,1.4164128,0.8934935,-0.06449664,-2.0550683,-2.2201953,1.3145908,1.3380003,0.095450215,0.78085357,-1.5000325,0.029172488,-0.5677238,-0.83175164,0.79746735,-1.2236336,0.23335606,-0.4148096,0.13917637,0.44707364,1.3512701,-0.40134022,1.2642971,0.109817855,1.2024314,-0.21555106,-0.0645604,0.8193265,2.1945913,1.4122894,0.03992588,1.0742143,0.053188697,-0.8001426,1.3502526,2.0568826,-0.73703146,-0.44459876,0.25365585,0.32179996,-0.32597336,-0.9043559,-0.44422182,-0.5383659,-0.3720757,0.46567112,-1.1605271,-0.23100637,0.3767276,0.9637445,0.2888947,1.5867496,-0.21575253,-0.16487163,0.23672403,1.3346523,0.8652208,1.7313211,-0.06996974,0.9127299,1.4821262,-0.46127465,-0.281153,1.5940801,1.0205933,1.5449697,1.0069859,0.6316103,0.25353813,1.4234598,1.5901678,-0.4877606,-1.2516797,-2.13126,0.08644809,-0.3523359,1.7437935,1.6434358,-0.042285614,1.9324352,-0.4940326,1.7608662,1.0250715,-1.3480827,0.22985551,0.5960042,0.48064768,0.6996268,0.31855664,-1.1654079,-0.5543824,0.8777951,-0.16420631,-1.5649208,0.17328136,-0.3487422,0.7965147,-0.70516956,0.4302238,-0.7715012,-1.0672611,-0.5102103,1.3277736,-1.1611893,1.0102715,-0.6835676,0.4706392,-2.1512153,-0.4159959,-0.4398026,-0.5899286,0.14152487,0.2394237,-1.7250364,0.6091302,1.1319607,0.37015864,0.3992909,1.3244462,-0.1280267,0.06935447,1.5885017,-0.10987174,-1.227852,0.57489985,-1.1040221,0.15581644,-1.8076556,0.61878467,-1.3471259,-0.09226078,-1.0373154,-0.1824994,0.50729054,-1.2630224,-0.60691446,0.6692061,0.15909626,-1.5338453,-0.56789374,0.5752047,0.46906978,0.083972864,-0.78236526,-1.1188124,0.443002,0.50178087,-0.6786138,0.3236492
0.7438957,-0.36581844,-0.024013631,-1.2428995,-0.4172732,-0.42440656,-0.53841865,-1.4075495,-0.116432294,-0.8669284,-1.0536911,-0.46280116,-0.26225516,0.37869254,0.21340992,-0.33635935,0.37056202,0.07671479,-0.42062247,0.05168324,-1.5128404,-0.38002378,0.83047444,0.54576206,0.10606424,0.3980129,-0.0324017,-0.37182656,-1.6995078,0.10180626,1.08698,0.34410894,-1.1849533,0.28384548,0.5852847,-0.20245722,0.8642879,0.033821482,-0.03372178,0.3341931,-0.08946747,-0.317703,-0.53349286,0.5669876,-0.15479596,0.4465626,0.010702504,0.7838299,-0.021939386,0.4415711,0.335425,-0.13332929,0.4690085,0.423729,0.31931263,-0.36304516,-0.45475745,-0.79166347,-0.15047924,0.76133966,0.80969054,-0.8810347,-0.19434859,-0.44419968,-0.81182927,-0.46775517,-1.2895921,-0.12736484,0.42696753,-0.28872406,0.22620589,0.40903157,-0.26507294,1.1660715,0.6574081,0.543718,-0.57662547,-0.111625075,1.212098,0.66011155,-0.9893185,-0.1526378,1.112273,0.853097,1.0360366,0.013820808,0.3826972,0.5278447,0.29813388,-0.4982425,-0.49903372,-0.5162681,-1.3727098,-0.22172084,0.2800326,0.16424003,-0.71939474,-1.703196,-0.61019903,0.06644382,0.82668537,0.24748215,0.2351929,-0.49131662,1.3875403,-0.5158872,-0.7550436,0.20337471,0.32488295,0.70272,-0.3398553,0.07132679,-0.3209802,0.8178275,-0.8591709,-0.13693614,0.27562508,0.67369175,0.99562925,-0.58774865,-0.029064676,-0.011029396,-0.90429866,0.5252922,-0.4391383,-0.9612847,0.3593871,0.5749455,-0.34872758,-0.17321585,-0.22222455,-0.93260336,0.08867749,-0.19709137,-1.3627636,-0.11306869,0.069506384,0.16382131,-0.36842173,-0.7751975,0.695484,0.48023757,0.44553635,-0.19452463,0.10430051,0.7563624,0.13314827,0.62312037,0.7731058,0.5392068,0.30980563,-0.5019809,-0.25997514,0.44998884,0.30139256,0.1983695,-0.15983796,-0.3471226,-1.1774346,-0.27831775,1.1798526,0.18499315,-0.4321134,-0.99054384,-0.26017871,-0.45309126,1.4236932,0.3134335,0.48250788,-0.7519178,1.0895461,-0.032660075,-0.2666798,0.8357396,0.005704496,0.25577375,0.036218055,-0.06986853,0.6125565,1.4264379,-0.054507457,1.225916,0.706505,0.64074093,-0.9273213,0.27683562,0.5171293,-0.101895496,0.46870422,-0.16949143,0.33756992,1.3786979,0.7141715,0.9996001,1.029909,-0.31023288,1.0754014,-0.3605983,0.61867607,0.9417339
-0.39442217,0.030804269,-1.3026907,-0.5649417,-0.25734624,0.015230897,0.49977946,-0.10458438,0.6583915,0.28628445,1.2519629,0.61804533,1.2719358,-0.9052339,0.18787642,-0.1905199,-1.028318,-1.0979822,-0.27460942,-0.54942465,-0.051932644,-0.9795522,-0.15728433,-0.7868693,0.3486718,-1.0417632,0.5602337,-0.3070799,-0.7859001,-0.51743674,-0.79801786,-0.5230867,-1.3698567,-0.03392522,-0.356833,0.5404972,-0.8756419,-0.48298225,-0.91439086,1.1037611,-0.27160862,0.7262108,-0.011196915,-0.4613791,-1.1242689,-0.41593492,-0.29113603,0.43300813,-0.21568242,-0.30557624,-1.0572603,-0.07790593,0.3429637,-0.4831496,0.26499614,0.9827039,1.2049227,0.1947023,-0.18067387,0.2768529,0.068411306,-1.2143233,-2.1206133,-0.24299623,-0.7765788,-0.48739657,0.266436,-0.30860308,-1.4800776,-0.9124643,-0.7872628,-0.2607539,0.7638571,-1.0276991,0.462089,-1.34352,0.2904104,0.07510287,-1.7450104,-1.3140074,-0.14912766,-0.5377355,-0.7812024,-1.4261314,1.1622566,-0.16506466,0.07882207,0.617383,0.42847544,-0.20078334,0.2203462,-0.77158797,1.4110966,-0.11137114,1.6832496,0.17755193,0.7057616,-0.04371173,-1.6089343,-0.0426016,-1.0858154,-0.81521916,-1.6884897,1.087813,0.7392825,-0.5897349,-0.5587993,-0.50692475,0.11542529,-2.3612342,-0.065466255,-0.26446512,0.3328449,-0.39048636,0.48749653,0.5282211,-0.8563198,-1.359161,-0.26416,-0.18539487,0.5338883,-0.22051717,0.7331068,0.6541289,1.1484785,1.4271308,0.5662719,-1.5471184,-0.17115128,0.9287467,-1.1676517,-1.6043526,-0.21886738,-0.81728536,-1.0109553,-0.3449926,0.33598986,1.2779542,-0.06113634,-1.214903,0.729273,-0.69337296,1.146349,0.19703464,0.027415628,1.1823634,0.7074768,0.33502883,1.1772492,0.70059973,1.1361516,-0.11104128,-0.5160153,-0.31065157,1.7034032,-0.3562768,0.66521066,0.375217,-0.14263827,1.1281871,0.43872616,0.51801467,0.93247676,0.019887922,1.4681673,-0.9741661,-0.6405486,0.7518318,-1.6015354,-0.62674534,1.393063,-1.5247313,-1.4393219,1.1826206,0.7468168,-0.49324,0.9371269,0.2794369,-0.4760063,-1.1051762,0.64565,0.9705769,0.5885125,1.2444637,0.6194382,1.2186813,-0.87413025,1.0502477,0.040956028,1.0606042,0.26043576,0.7257849,0.8041654,0.78908145,0.38356754,0.63654613,0.6121482,0.6247407,-0.30010307,0.9425597
-1.9286197,-0.42561355,-0.6167769,0.37579477,-1.5446283,-0.5021498,0.68885136,-1.5922372,0.85239553,0.46445012,-0.16144325,0.07322402,0.75008446,0.0005766172,0.30128628,-1.238466,-0.52588755,1.0776992,0.45204574,-1.2296188,0.801843,0.48071882,0.16338356,0.36309806,1.4301224,0.94144565,-0.28458074,-0.1621726,1.2605625,-0.13046166,-0.28150162,0.5971863,0.16078672,0.5153495,0.16044648,0.2774144,0.002406858,0.46509743,0.35221103,-0.79435074,0.20591798,0.918424,-0.7078089,-0.75927484,-0.36016577,0.2299354,-0.40103316,-1.1761714,1.0124377,-2.1043465,0.8510883,0.52752525,-0.70305616,-0.88617164,0.60618085,-0.09525648,0.7749006,0.3632708,-0.26229098,0.78519547,-0.74226904,-0.014735791,-1.1773471,0.7434166,-0.11566173,-0.55887985,-0.23849522,-0.9654444,-0.49344832,-0.312508,0.8251615,-0.23783848,-0.31797618,-0.84086883,0.66637063,-2.7628899,-0.46011886,0.8366368,-1.4576157,-1.3743234,-0.50738615,0.9377021,-1.4371179,0.5884536,0.24297921,-0.65725434,-0.2204874,0.119380906,0.30932626,1.0192652,0.7251858,-0.7534405,0.19505692,0.6282731,-0.20508583,0.19064412,0.96926,1.4714873,0.4844726,0.9567144,0.3223313,0.39365423,-0.7903566,0.67339224,-0.1026711,-0.76087326,0.30855426,-0.638307,-0.8375017,0.7205651,0.66174644,-0.13044016,1.452931,0.33234984,0.19102743,-0.26844203,-0.3132617,-0.4520664,0.54197687,0.30453727,-0.9350321,-0.03286237,-0.012397293,0.7070005,-0.42950752,-0.27656305,-0.43580237,-0.42823154,0.71485215,-0.401149,-0.2604286,0.65722597,0.1782624,0.28913242,0.76275957,0.5505308,0.30340627,-0.28663468,0.7133054,0.2547429,0.06959003,-0.2231387,0.38430262,-0.90829057,-0.33366206,-0.51584667,-0.25731915,-0.16931137,-0.2605179,-0.21400967,-0.4722743,0.22938564,0.6577016,-0.7550124,-0.9344235,-0.042949297,0.3960449,-0.19301897,0.42028305,0.6289979,-0.9481277,-0.48165712,0.27865726,1.3971033,0.2994147,0.34991646,-1.2891601,-0.22537391,0.8855936,-1.6827942,0.35539612,0.9589442,-0.26728752,-0.8095789,0.58202195,0.562784,0.40771475,-0.31601417,1.1895995,-2.5462859,0.18440688,-1.1532518,-0.9001387,0.7084029,-0.5852647,1.1114745,0.8788359,0.029968861,-0.7478357,-0.05147023,0.9639741,-1.2063969,-0.2888489,0.182577,-0.5793186,1.1576314,0.4927513,1.2932023,0.86127126,0.69255966
-0.20795181,1.3079588,0.685843,0.3403021,-1.1223264,-0.29104134,-0.5512291,0.7093407,-0.5715211,-0.44176453,0.21301232,0.56963605,-0.12442377,0.17475538,-0.28204587,0.5857676,0.8188434,-0.056689218,0.27024388,-0.05739268,-0.33255187,0.6413842,0.6222461,0.23716994,0.7427088,0.30417493,0.5599532,-0.42569497,0.42139006,1.0818216,0.3205793,0.5457055,0.87493134,0.20433515,1.372424,0.09926509,-0.269839,1.2149246,1.1643717,0.7209873,0.998047,0.35112488,-1.1659989,0.76353616,0.65004504,0.08739673,-0.7661604,0.9179192,-1.8251066,-0.10739642,-1.0353985,-0.8661821,0.3597501,1.0909165,0.3629779,-0.28974712,-0.6965124,0.29400212,0.44836327,-0.76657236,0.34323448,-0.10787135,1.1833882,1.1553195,0.8788594,-0.24808724,-0.2015057,-1.166547,0.5307855,1.3329499,0.98040307,0.43962157,-0.043559656,-0.18585348,-0.80798995,0.60317767,0.5720871,0.94374084,-0.3132919,0.2933123,0.5812115,-0.75916976,-0.16251726,-0.17815998,-0.7127127,-0.6219868,1.1913173,-0.023717117,0.15189089,0.8719779,-0.4480935,0.5166896,0.30132467,-0.33358437,0.30571955,0.5881167,1.1133544,1.025064,0.20288755,-0.03493686,0.2388586,0.67118454,1.0954287,-0.7327506,0.9970186,-0.59952676,0.9682159,0.49196574,1.0925121,0.5524522,1.2057235,0.6586628,0.69198865,-0.80447,1.3354787,0.4247344,0.61600465,1.469664,-0.24864861,-0.60600156,-0.96603805,0.7365562,-0.04697858,-0.22329047,-0.0067545697,-1.1977456,0.47254255,0.31772977,1.119493,0.61079824,1.1218874,0.30814677,0.28247848,0.43248302,0.9575139,0.942643,0.93989915,-0.5995275,0.5020788,0.31946343,-0.48093027,0.2872402,-0.67083085,-0.058582827,0.08306907,-0.40041628,0.085966304,-0.4198244,-0.049029276,-0.82835925,-0.8594065,-0.60234475,-0.9656625,0.69896376,-0.40776587,0.60159856,-0.31075966,-0.20041093,-1.0555353,-1.3492341,0.24866693,-0.31955498,-0.4186064,0.1996957,-0.14543971,0.5949746,1.1605004,0.6607891,0.81087184,-0.62001944,0.2540802,1.0670083,0.6653262,0.7813424,-0.71402186,0.6059922,-0.52090174,-1.3933477,0.21674103,0.54004776,-0.3820474,0.24107812,0.1400073,-1.7279426,-1.0834037,-0.5528891,-0.0033999472,-0.0065295883,-1.3516015,-0.29716954,-1.5252125,-1.2307248,0.17963769,0.2593939,-0.21332765,-0.35972336,-0.3519652,-1.44302,-0.40632346,0.8425677
0.4937957,-1.3119218,1.8595654,-1.6978813,1.0896964,-1.3111578,1.551201,0.1773241,-0.7453122,-1.3339754,-0.29067662,-0.94201064,-1.260016,0.48974615,0.35721326,-1.8476622,1.5336348,0.74039304,0.9576201,0.7865341,-1.0126697,0.57609564,1.2582395,-0.02645247,-1.9103665,0.28950927,-1.550834,-1.1725457,0.82676834,0.34534448,-0.16019699,1.1345794,-1.4162158,0.9498259,-1.2462347,-0.7417387,-0.96133035,-1.8902553,-1.7507316,0.27157715,1.0077221,-0.5927107,1.5167094,-1.492865,0.75568765,-0.23965003,0.33926886,-0.5358591,1.0107749,0.28581917,-0.81218636,0.38164228,0.91280055,1.0240278,-0.6126715,-0.6979817,-1.2589343,-0.528191,1.0827854,1.6454493,0.49788442,-1.1811453,-1.1509353,-2.0392256,-2.5261283,-0.01430166,-0.50954884,1.6924971,0.47932467,-2.304756,-2.2133489,-1.5112041,-0.15653396,0.609823,-0.1387078,-0.4523728,-1.5735188,-2.3918889,0.19434741,2.1963315,0.00040260702,0.36282834,0.39110795,0.4687881,0.47114527,1.5720932,0.11147843,-1.6629295,-2.2699132,-0.09933293,0.7472192,0.8853706,-1.2592157,1.0038214,-0.9799633,-1.7548808,-0.2813998,-1.0783713,0.47520208,0.8232923,1.5003442,-1.1172924,1.3878242,-1.5487288,-1.6581045,0.9372984,0.86882764,1.4839778,0.7803052,-0.77067006,-1.7304138,0.6082428,-0.65136236,-0.12708147,0.6382724,-1.882924,1.6864535,-1.6991311,-0.7042638,0.641325,0.5470169,-0.31984496,-1.5968823,0.8942362,-1.336864,1.7191336,-0.1044284,1.2577552,0.6163797,-0.61684966,0.88316655,-0.09251776,-1.9090891,0.45579943,-1.9989114,0.5442091,-1.0544317,-1.4159167,1.1101987,-0.033181574,1.2893323,1.1813691,1.2254196,-1.4342761,0.27414674,-0.1801245,-0.10238634,-0.14471166,0.9507145,0.21567598,-0.21070278,-0.9465358,0.8208593,-0.78440505,-0.17593533,1.2928965,-1.1166406,1.3568219,-0.84405327,0.2330155,-0.6226092,1.0991876,1.3690453,0.53851897,-1.9833537,0.08874683,-1.2637838,-0.7068764,-1.0356225,0.32316267,-0.0927778,1.1921729,0.47529092,0.7885083,-1.6285396,1.1144538,0.46216103,-0.32387322,0.9656497,-0.9612191,1.0560908,0.7514147,-1.0030689,0.2912979,1.0101305,0.4616951,0.2660519,0.0362519,0.9784103,0.04163714,1.06691,-0.7775983,-0.15949269,-0.701422,0.59002286,0.46923414,0.6738858,1.2344391,0.6445042,0.3478928
1.127743,0.067433506,-0.47071055,-1.8792963,-1.1838627,-1.8117944,-0.74538195,-0.43509918,-0.010740532,-1.7667959,-2.2074132,0.08908273,-0.7800691,-1.9308398,-0.46413153,-1.1276059,0.41187412,0.342948,-1.6139214,-0.64194804,-2.3118272,-0.90335613,0.38582963,-0.525657,0.55791783,-0.7172785,0.6609485,0.52067024,-0.86655164,-1.2602232,1.0348907,-0.470697,-1.408277,-0.2356815,0.7249068,-1.0044341,-0.4240887,-1.0992775,-0.4231284,-2.4591513,0.13706431,-0.6890049,-1.0067801,0.63377523,0.19396116,0.16699615,0.84491575,-0.21420422,0.28581288,0.53117234,0.64880073,0.03127499,1.4647545,0.25344282,1.7020085,-0.5339471,0.9975572,0.5315017,0.20619285,1.4451239,0.31955236,-1.5869657,-0.4548099,-1.04178,-1.2861763,-1.6400459,-1.7048248,1.1082557,-1.6513367,0.39284542,0.242966,0.6779726,1.1694934,-0.6005568,0.3399371,0.51833916,-2.4701023,-0.4919485,2.2690148,0.24983397,1.0221606,0.02201857,0.58561134,0.2295057,1.7852631,-3.1790743,0.6631338,-1.2492932,-0.16814895,0.30271843,0.43732908,-0.7304271,-0.45201164,0.89906454,0.20335533,0.09584878,0.92348295,-2.406778,-1.9632422,-1.2835312,0.24931781,-0.21520889,0.006271119,-1.0316021,0.11088915,-1.0644282,1.3342632,-0.5235804,-0.07749095,-0.7390801,0.58499277,0.83255225,-1.0522577,0.57311213,0.5731322,-0.7463682,0.43604067,1.0634321,-1.514054,0.035927404,2.2906892,1.233728,-0.16937979,-0.3768874,0.08336509,-2.2211125,0.28284302,0.62316453,0.31249818,0.19175959,0.52494746,-1.9618717,-0.40061602,-0.3394039,-1.9291333,0.9644803,0.635658,1.0278147,0.26165718,-0.05533449,-2.198478,-1.5040094,0.4173022,0.49569297,0.3321608,-0.26772007,-0.60756844,2.3233995,1.8118614,1.7402802,1.4741877,-0.88470596,-0.45041728,-0.76178455,-0.55384946,-0.81031924,1.5180678,0.881631,-2.4555387,1.2201087,1.1858606,1.053497,1.1753292,-2.008819,-0.21376424,0.20084108,1.55086,-0.4768625,-0.59872115,0.94960666,-0.6062817,0.91758657,-0.02798559,1.2390593,-0.2566812,-0.8018062,1.552739,0.54070693,1.3635315,1.751866,-0.054640308,1.528169,2.6200924,1.678515,2.087252,1.7174432,0.4217251,0.2352287,1.4340677,0.9848975,-1.0183535,1.3331461,1.6385608,-0.8305885,0.42590508,-2.998489,-1.0322464,1.2151318,1.479781,0.6173139
1.0279516,0.83713025,0.2802728,-1.1870698,-0.30502132,0.46638545,-0.95601845,-0.08744769,-2.5321162,-0.38154173,-0.4778728,-1.8210015,-1.1963087,1.1040909,-1.3820218,-0.53054345,0.92952746,0.8230134,0.9036383,0.06976539,-0.92872965,0.13962272,0.80226964,0.25909108,1.0547669,0.46478006,-1.3583356,0.26799533,0.8536783,0.8590867,-1.319781,0.45582458,0.14276516,-0.9136251,0.1930816,-0.9579554,1.4172623,-0.6443631,-0.35874483,1.2013179,1.0218899,-1.0252974,-0.3399435,0.060061596,-0.04688947,-1.2227226,-1.133454,-0.2357521,-1.4589112,1.3261862,0.06682397,-0.5051056,0.7066317,1.4944888,0.34041998,-1.5865781,-0.3221989,-1.8482865,1.14471,1.1864969,0.5535281,-0.9135329,0.44679695,-1.6443207,-1.1032315,0.46396106,-0.09187592,-1.6174992,1.0456038,-0.3203178,0.30441818,0.9674564,-0.6719864,0.81454855,-0.3515489,0.03854909,-0.25051847,-1.3382782,0.072003335,0.7023265,0.46513775,-0.09922287,0.3963177,0.23367621,1.4205321,0.6259556,-0.52384156,0.40774977,-0.41330782,-1.1969944,-0.14665118,-0.98645085,-1.0575072,-0.3102046,-0.87470376,-0.13350384,0.9722527,-0.63852066,0.14655206,0.35620007,1.603926,-0.3680406,0.874968,0.18885602,1.2632897,0.28354108,1.2516549,0.75291705,-0.6763432,1.2677277,-0.598174,0.7128599,-1.1988181,0.6251219,-0.30587414,0.481789,0.66997486,1.0932087,-1.2444264,0.6561888,-0.057865188,1.1221415,0.95066905,-0.13816549,-0.6917444,0.120569825,0.36819786,1.0374377,-0.37310606,0.7785592,0.89529586,0.9784231,0.39584342,-1.9158076,-0.86584044,-0.44155183,-1.6487547,0.2409795,-0.8249306,-0.29060638,0.7689502,0.69985354,-0.007115055,-0.78545696,0.5186244,-0.91498536,-0.118651256,0.14006783,1.3008779,0.06181246,0.89767784,-0.84630007,-0.13134146,0.49774033,1.4254719,-1.0433601,-1.4351609,-0.21961963,-0.27032,-0.26578987,0.9765279,1.0486797,1.1965873,-0.14887008,-1.224557,0.9112847,0.9212686,0.11365761,1.3319463,0.11852073,-0.4179598,-0.52497375,0.24629356,1.3681643,0.8789049,1.5040736,0.40664425,-1.6947782,0.3548273,0.2278796,0.73732215,0.8304903,0.40938467,0.3418669,0.64459425,-0.9296397,1.3954594,1.4387037,-1.4164611,-0.68482,0.12550306,1.5524603,1.45875,0.54896903,-0.32790047,-2.2558591,0.029200763,0.59110177,0.5222803,0.13888456
0.84918916,-0.74923444,0.37670547,-0.3436945,0.77268434,0.07369214,1.2296386,0.12071125,0.0647368,0.5895016,-0.3823342,-0.033118244,0.021938976,0.14294401,-1.1192204,-0.8094075,1.4355518,-0.026432993,1.647372,0.74677354,-0.16802554,1.0409677,0.8528034,1.0193043,0.0060778484,-0.27039385,-0.44141224,-0.0022969078,0.78141564,-0.34605938,-0.21797958,0.9913021,-0.65218794,0.71186435,-0.30404177,0.17362991,0.4011342,-1.0138689,0.29547474,1.008337,-0.23215654,-0.18527605,1.1478777,-0.35806346,-0.09430598,-1.3064158,-1.3662324,-0.93761003,-1.8602724,1.1485847,-0.9653758,-0.14145014,0.928056,1.4166955,0.0025134198,-0.8479962,-1.2029551,-0.7591662,0.08242601,-0.53450346,-0.29629794,-0.056005035,-0.15356198,-0.79802334,-0.89460087,0.036080897,-0.12977138,-0.38425025,0.6883393,-1.0501634,-0.013145633,0.20288107,-0.45617768,1.036446,0.8003557,1.3982368,-0.38809675,-0.2068421,-0.1001966,0.84597373,-0.4249498,-0.5461117,1.968759,1.3882523,0.13486743,0.81402916,0.3513092,-0.12663518,-0.22934888,-0.44078946,-0.5834461,0.31346515,0.024099074,0.8431615,-0.3958868,0.24119815,0.56418884,0.6871658,0.111427605,1.7108326,0.6602985,0.23365718,0.70051485,-0.05338895,0.065151736,0.49896392,-0.50513154,1.0485262,0.6007529,1.1925168,-0.029912021,-0.009756731,0.44159603,-0.26504183,-0.06121798,0.48026747,0.9143225,0.44205278,0.22435471,0.052408453,0.90423495,-0.25665176,-0.2257142,-0.8615652,-1.2638036,0.3373163,0.67593086,0.07810312,-0.57385606,0.58077395,0.26506898,0.7503748,0.27469248,-0.643958,-0.64459705,-0.65339124,0.69716185,0.8238815,-0.37533504,0.521794,-0.55364925,0.86301315,0.7238346,-0.87408024,0.006813528,0.40535188,0.1263005,-0.68710345,0.47201362,-0.3552921,-0.38602394,-0.3419469,0.48555288,-0.5820366,0.46779713,0.6709535,-1.0500113,0.69232863,1.0742792,-0.23882188,0.07557049,0.3568164,0.28198355,0.75773513,-1.2145932,-0.31934768,0.96868527,-0.26835582,-0.42543352,0.19454175,0.13286443,1.0216563,0.27130777,1.4969354,-0.4027328,1.5449436,-0.7612252,0.30122948,-0.29978278,1.6542215,-0.34360212,1.9976088,0.0542935,-0.12572902,0.29708987,0.29688278,-0.34344357,-0.62767833,0.8906479,-0.79923946,-0.3067818,-0.020595882,0.3465912,-0.3817024,0.52080625,-0.40468645,-0.9640453,-0.109828725,-0.5998477,-0.3220469
-0.76427066,0.6920066,-0.52222097,1.3514314,-0.10268387,1.4850225,0.22358076,-0.31088954,0.05907999,0.9796635,-0.11945658,-0.5488202,0.54402506,-1.1795626,-0.9281724,1.0959632,-0.456032,-0.42315128,1.314872,0.5257712,0.9892828,-0.27513698,-0.7726208,1.0413377,1.1222112,0.06586714,1.198446,0.77860165,0.28935876,0.4062487,0.37181395,0.64611053,-0.26565072,0.3006764,0.4302987,0.4552089,-1.3720645,1.0489665,-0.5253176,0.8311241,-0.6270189,0.7202311,-0.46174437,-1.0310172,-1.2593851,-0.8793397,-0.29762375,1.0221653,-1.4386392,0.61868274,-0.97635263,0.91662776,-1.1504196,-1.1556147,0.6949299,0.62632596,0.8871956,-0.35338384,-0.19345963,-1.4822233,-0.45255807,0.6124322,0.7145472,0.10657412,0.40144032,0.33947763,1.2754611,0.13471746,-0.87191397,0.8517143,1.2361766,-0.111887254,0.85752827,-1.3200186,1.1632637,0.22768246,0.66426706,0.63427484,-0.046330553,-1.3685343,0.037547767,-0.4677699,0.560006,-0.5341343,0.60247916,-0.4293817,0.41565993,-0.9112179,0.22032346,-0.43044895,1.0245842,-0.2374524,0.04218746,0.5269685,-0.20363848,-0.79398865,0.79932165,1.8448608,0.5450312,-0.13555633,-1.0712429,-0.63972217,-1.0505956,1.2615521,-0.6401251,-0.092190124,-0.5123287,-0.28781036,-0.4492688,-0.7781524,0.20634413,0.091320604,0.53541636,-0.2665285,0.5692031,0.2853114,-1.8476905,0.27525154,-0.7781765,-0.7221211,-0.08099844,-0.38849968,-0.76204365,0.8144963,-0.39428473,0.07338655,0.108856864,-1.131722,0.011544861,-0.10162174,-0.9872715,0.050556913,-0.9399381,-0.72065806,-0.55949163,-1.0318228,0.06772084,-1.6661253,-0.133673,0.81245935,-0.5271302,0.29290122,0.20373727,-0.7980196,-1.259635,-0.95492136,0.5250717,0.13936652,-0.057102263,0.8200013,0.4297008,1.0125499,1.4424435,-1.7366508,-0.7261272,-0.8490538,1.3234481,-0.044526674,0.8176192,1.101201,-1.346381,0.7307703,0.733471,-1.0214897,0.15081368,0.90053874,1.0385054,0.46508715,-0.88922656,-0.4991281,-0.6375583,0.8144152,-0.6512833,-0.5505706,-0.57148904,-0.9362141,1.4483457,-0.024626957,-0.44991368,-0.11598165,-0.99725777,-0.12424147,1.0662497,0.7089331,-0.08866674,-0.5766983,-0.2698364,-1.231073,0.066600814,1.6416202,0.034052018,-0.64286196,0.6336982,-0.4257937,-0.9371517,0.028669246,-0.091527715,-1.3116364,-0.37397346,-0.40050638
0.43704748,0.28344196,1.1139367,1.1042235,1.7272313,0.7959707,1.209073,0.29821008,-0.17132421,1.2187885,0.34026554,0.8489116,1.3568321,1.2533593,1.1654035,-0.39676479,0.5509591,0.6169687,0.8830977,0.32903588,1.3388145,0.8594234,0.9098721,-0.42737323,0.2897963,0.31694457,0.8894566,0.024024481,0.044311143,-0.16398662,0.5619565,1.3003006,0.6842313,0.9254137,-0.19518505,0.7515343,-0.93122953,0.0025880383,-0.10383396,0.5006462,0.77003837,0.45375177,0.62064165,-0.5267786,-0.23073503,0.1387072,0.6851007,0.17901534,1.6658998,-0.64036345,0.5603158,0.27135828,-0.84527516,0.80847585,-0.84281427,0.31254467,0.17532088,0.54287547,-1.0827821,-0.78684175,0.8485144,0.5372998,-0.40204626,0.2598759,0.6695936,0.87609273,0.2686664,-0.30085036,-0.52194357,0.2206222,-0.08158792,-0.3940968,-1.5354487,-0.24535197,-1.0916651,-0.7158194,0.15311854,1.024501,-0.7271626,-0.5741702,-0.21969372,-0.6954622,-1.6993284,0.53137624,-1.2367764,-1.3397515,-0.8727821,0.62497264,-0.12996855,1.1462929,0.14884275,0.16628338,0.43246937,1.5408827,-1.4863468,-0.039407305,-0.49812642,0.6598123,0.86695546,1.1997209,-0.36081046,0.17105171,-0.15028213,0.1068275,1.0332773,0.47932395,-0.73922384,0.74411416,0.08428394,0.015958859,0.34968215,0.02637477,1.2635854,1.129748,0.57736385,0.28725696,0.33328044,-0.1245875,-0.53262985,-0.4455705,-0.56638706,-0.023759264,0.9339042,0.1648463,0.031307973,-0.074184954,-0.3940218,0.13014063,-0.42484355,-0.55987024,-0.8395946,0.17563339,-0.32711235,0.5186622,0.6098101,-0.6086588,0.6510746,-1.7426606,0.8503193,-0.58167,-0.61111075,-0.39153177,-0.36234787,-0.28737357,-0.01028659,-0.9444619,0.75283945,-1.511747,-0.0076441476,-0.26979485,0.07529289,-0.085083716,0.91693425,-0.6096789,0.47322652,0.51392215,-0.6873568,-0.62562627,1.6012685,0.074892744,-0.38315856,-1.2124776,-1.0935702,1.2777063,0.8388617,-0.5142882,-1.1155294,-0.5500986,0.41832715,-0.6616326,-0.09232491,0.45560604,0.34870344,-1.1100607,-0.23340452,0.7790029,-0.5720686,-0.4241217,-0.24948664,-1.5445675,0.0983115,-0.08002904,-1.5373836,0.18486704,-0.52563286,0.09426643,0.58020794,-0.3173464,-1.4452288,-0.2798179,-0.3001708,0.19672212,-0.3052502,0.52432513,-0.44795662,0.19848308,-0.03884866,-0.44129086,0.21545295,0.17871432
0.6878754,0.6016292,1.2021707,-0.61683834,-1.494698,-0.36406732,-0.8202795,0.6526673,0.6765159,-0.6922909,-0.4936703,0.13530305,0.529126,0.07288052,-0.6810448,-0.75397515,1.4943008,1.8626251,0.032994196,2.1645505,-0.5440313,0.9678075,1.2088115,1.1570516,-0.07878565,-0.52634627,-0.0130498,0.700283,0.921327,-1.4480585,1.4056458,-1.0416346,0.2776694,-0.5993165,-0.15286021,-0.58046436,1.0695196,1.1934775,-0.42666686,-0.4364334,-0.38296494,-2.4009473,-1.257915,1.3491479,1.5956482,-2.110312,-1.7988968,1.7561651,-1.3287064,-0.14243138,-0.5422759,-0.117992066,1.3990048,-0.28210974,-0.47010672,-2.1970367,-1.9051325,0.93263143,0.42013928,-1.3167858,-0.4457269,-0.329169,0.85870713,0.07668185,0.69227946,0.21594885,-0.5346986,-0.2004118,-0.15162678,0.94066674,1.4560609,0.18633011,0.123788014,1.4857279,0.23663856,2.2389193,0.7435712,0.38083798,0.04410011,1.4854238,-0.58050627,-1.2568834,2.3867931,1.7230027,-1.5429468,0.64878845,1.7910389,-0.24384978,1.007179,-0.7514251,-1.0498656,0.09662852,-0.68428105,0.06630582,0.8229813,-0.029907787,-0.033276536,-0.077041656,0.6606199,0.6624248,1.3461055,1.5153139,0.9270106,-0.15120633,0.43415722,0.4892664,0.43968895,1.7048788,2.3018281,-0.32697114,1.1962557,1.4786527,-0.28107354,-0.70206255,0.1706369,0.81566674,0.9715686,1.1875602,1.9177004,-0.58146983,0.2420318,-0.12113598,-2.2357907,-0.69540215,-0.2759421,-0.3345174,-0.56900287,0.79049456,-0.644682,-0.08754061,0.70298344,0.11929834,1.2620453,0.32537675,-0.87819386,-0.035481505,1.334711,0.18995692,-1.494661,0.25826383,-0.23288795,0.12821789,0.18999577,1.0083866,-0.89719754,0.9436221,-1.8052926,1.4057794,-1.2191026,0.8426446,-1.0592393,-0.38826796,-0.5998889,1.2938322,-0.708646,1.1782222,0.09571436,0.14082944,-0.07233629,-1.0988115,-0.8658701,-1.1249036,-0.83016205,-0.4192719,-0.014647702,0.26368248,2.0363412,-0.2698615,0.89411324,1.2472893,1.1896179,-0.78499174,0.646028,-0.1327018,-1.2798628,-0.19400863,-0.306829,0.32157668,-1.1474193,1.4549469,-0.30014294,1.2580869,-0.36085367,-1.0283921,-0.20496742,-0.23918954,-1.9199679,-1.2539521,0.033495948,-1.2720317,0.37934813,0.67564255,-0.24419363,-0.5963488,0.5985447,0.15733755,0.18277642,-1.047205,-0.97313243,1.3402082
0.16350555,0.12500396,0.010259346,0.3110608,0.006994349,-0.1284526,0.4758342,-0.58028865,-0.5574492,0.4327035,0.34694937,0.762145,0.78421557,0.37996754,0.26212382,0.12735729,0.32270956,-0.105915435,0.52873254,0.19422269,0.48391792,0.35207975,0.3996449,0.5482991,-0.06640874,0.21315534,0.39234522,0.060305513,-0.28318852,-0.09201569,0.22663784,0.54970556,-0.19546312,0.4222596,0.28199127,0.24194802,-0.31789553,0.27156955,0.019257803,0.36928937,0.1195363,0.27221873,0.003523063,0.102503024,-0.15135361,0.23180796,-0.07200164,0.088533655,0.17250568,-0.29156843,-0.17151132,-0.36845073,-0.2173015,0.47710168,0.1364461,0.5189966,-0.26520687,0.19625334,-0.2522765,-0.33231908,0.23483746,0.054880496,-0.10458913,0.3880365,0.5012954,-0.1589554,0.4553785,-0.3999946,-0.3060393,-0.055363346,0.50167495,-0.26875177,-0.021315785,-0.2660898,-0.31215918,0.098692045,0.201943,0.54897255,-0.46928173,-0.33888653,-0.26373044,-0.2572206,0.114054166,-0.58517647,-0.50025755,-0.01914342,0.03157808,0.012386475,0.44669816,0.5451166,-0.08048525,0.21918967,-0.05131155,0.58769107,-0.4196394,0.2123265,0.20269907,0.30613118,-0.06583254,0.6130909,-0.49293363,0.07204064,-0.053534884,0.13876583,0.25879517,-0.19246049,0.023517417,0.29221538,0.37492037,-0.16821991,0.75063336,0.60391206,0.90169555,0.3905354,0.32564914,0.41167682,-0.019785482,0.012997501,0.28010297,-0.16474721,-0.053647064,0.012448901,0.10008623,-0.16285427,0.5944563,-0.42574456,-0.3049609,-0.11319892,0.06134317,-0.4720192,0.029936232,0.21744758,-0.12824605,0.06104847,0.11491123,0.31684676,0.47952926,-0.45171788,0.2827355,-0.5946559,-0.34127954,0.32147872,-0.118750796,-0.25417554,-0.24452046,0.05711003,0.47805578,-0.5564652,-0.41627324,-0.4025667,-0.3499433,-0.03164497,0.3140685,-0.28802004,-0.04190363,0.21523595,0.16453783,-0.14177048,0.47392273,0.0468601,-0.10388242,-0.2837835,-0.33713818,0.6411911,-0.15676694,0.14581326,0.18836062,0.043540314,0.052520998,-0.45097616,0.007440904,0.42861637,0.10655008,-0.051594455,-0.2812919,-0.035101034,-0.035044797,-0.11082846,-0.09031502,0.24475703,-0.053085152,-0.018289693,-0.10477986,-0.1902742,-0.06219009,-0.19268799,-0.16485389,-0.23133108,-0.31547785,-0.060992513,-0.27989116,-0.055282075,-0.11464639,0.16775244,-0.040933,-0.2406306,-0.12327689,-0.44693422,-0.25153497,-0.030435642
-0.42204696,0.9326913,0.7097107,0.6360607,-0.63272446,0.008651889,-0.54432803,0.7529509,-0.12818189,-0.30158687,0.2169014,0.12863722,-0.6358078,-0.37447554,-0.17253315,0.33513787,0.2615421,-0.14280142,0.09304558,0.12274576,-0.17221412,0.17649893,0.43297687,0.11931068,0.87386364,-0.17030276,-0.0011473782,-0.15051515,-0.14445539,-0.04889251,0.34978032,-0.10034739,1.0888644,-0.14702651,0.7291871,-0.27518517,0.6192444,0.94538796,0.6728256,0.1267465,0.5574322,-0.10701486,-0.7507376,0.6893525,0.54698074,0.13876794,-0.3992977,0.7522802,-0.93371844,0.047538556,-0.3062944,-0.39863178,0.75785565,0.43346405,-0.3247375,-0.31940523,-0.7213784,0.42665118,0.54892904,-0.7102891,0.035031185,0.121601716,0.96758115,0.8852867,0.58927083,-0.24290083,-0.13186623,0.017503137,0.012257566,0.87009674,0.4929009,0.30296463,0.2745774,-0.4285099,-0.38274658,0.40899855,0.14337829,0.52187616,-0.31608236,0.39520243,0.3441921,-0.32033804,-0.57279944,0.5674074,-0.5731614,-0.5610816,0.7431874,-0.14590451,-0.037575256,0.41850576,0.13022704,0.58418804,0.68864864,-0.41336557,-0.02375088,0.21992758,0.24568611,0.48712683,0.30468372,-0.18588337,-0.13439733,0.5093907,0.301846,-0.7892973,-0.08063474,0.088423006,0.78585273,0.15802959,-0.0032246336,-0.003513867,0.61978036,0.3108391,-0.17760792,0.38567904,0.1079076,0.7921913,0.18997954,0.8709596,-0.06778157,0.9190427,-1.0696746,-0.060551975,-0.14335638,-0.62567866,0.27177814,-0.1380075,0.045282997,0.3379168,0.43287137,0.3927943,0.5273292,-0.06942758,-0.03078353,0.4452443,0.58529794,0.60260254,0.7834485,-0.6496552,0.3315161,0.3659951,-0.33996817,-0.13035275,0.075314686,0.5404688,0.78456676,-0.23148094,-0.23578574,-0.008923078,-0.2901131,-0.34245536,-0.5934212,0.13689306,-0.24408928,0.064504124,0.4064381,0.7705926,0.18012062,-0.07054712,-0.082461655,-1.0276337,0.08590319,-0.922999,-0.87448454,0.11044377,-0.28673244,-0.5228554,-0.15720949,0.18282942,0.669021,0.29549378,-0.18423104,0.29750675,0.28843814,0.096973516,-0.18154182,0.21719664,-0.6209477,-0.42646262,-0.16282812,0.1482259,0.21250278,-0.2882037,-0.07859911,-1.1417965,-0.26589176,-0.6789048,-0.13794546,-0.33239797,-0.47740692,-0.5112863,-0.74051976,-0.88450277,-0.40733722,0.13258292,-0.50421244,-0.33521968,-0.6445625,-1.0274458,-0.69614977,0.8035886
-0.22320333,0.077899866,-0.8979962,1.258629,-0.2984959,0.833521,0.31687626,-0.14470075,-0.68501323,1.1154634,0.77387905,1.1167256,1.6820648,-0.87617546,0.010450613,1.764866,-0.30594832,0.2959803,0.56732315,0.7121203,1.7444886,0.42842653,-0.19823301,1.2515018,-0.5296071,0.048852023,0.79041415,-0.35954708,-0.055473216,-0.5728827,0.69726133,0.15409651,0.42598552,0.3238219,0.3837239,1.3559675,-0.3943144,0.600863,-0.37647334,1.3250129,-0.9314886,0.17276426,0.37793836,-0.50300866,-1.0729383,-0.19600727,-1.3591937,0.38084802,-0.72604215,-0.4096273,-0.58188725,0.45730737,0.1291211,-0.7166459,0.36425754,1.5184076,-0.15882033,0.39806765,-0.43765905,-0.83358574,0.6337084,0.6284234,0.7998655,1.2819923,1.5579659,0.00042077713,1.0343977,0.2857717,-0.9673721,0.4651522,-0.20504296,-1.2141465,0.6300233,-1.0958241,0.3879589,-0.3076254,-0.0895479,0.8789753,-0.74017566,-1.3655553,0.428458,-0.038677465,0.13259663,-1.0878403,-0.5973376,-0.7342267,-0.72500795,0.92223376,1.0424764,0.18507826,0.93800426,0.41294423,0.7727379,0.82939106,0.07314547,-0.22696835,-0.20680103,1.6934848,0.98512286,0.2356821,-1.1754737,-0.20266393,-0.7639201,1.2859927,-1.0030447,0.11560937,-0.1035718,-0.36818355,-0.24049872,-0.3331107,0.6067025,1.3272617,1.3941447,0.68962014,0.051643685,1.1042261,-1.371238,-1.1895012,0.53954715,0.50206625,-0.35159543,-1.1530714,0.604268,-0.60949516,1.1104163,-0.09001997,-0.14109622,-0.9797329,-0.9305424,-0.9194238,-1.3240563,0.31722555,-0.355679,0.14907822,0.8963697,-0.981183,0.9593217,-0.8244337,-1.0378404,-0.085102156,-0.4315908,0.30411887,0.49104744,0.628262,-0.5089078,-0.41266695,-0.064213514,-0.021740742,-0.16293788,-0.706614,0.9361159,0.2485402,0.3054029,0.36996236,0.33153898,0.4484443,0.71707076,-0.54095244,1.1504347,0.25340185,-0.67919755,-0.0961784,-0.13652548,1.3598528,0.6247214,0.06310685,0.6800332,0.42125836,-1.1190898,-1.2724698,0.037370384,-1.0470629,-1.3052928,-0.013422796,-1.1473598,-1.2161078,0.7273515,0.93026745,0.5983261,0.60661244,0.05083805,0.41104612,-0.027633786,-0.24755861,0.1221824,-0.80127436,-0.5788035,-0.68040556,0.5868054,-0.08100766,-0.79959464,0.12169324,-0.3209388,0.8473027,-0.5111796,-0.8521601,-0.7178121,-0.72797453,-0.26080438,-0.035122894
-0.39869544,0.6251063,0.56921506,0.62292236,-0.23096281,0.5804406,-0.80478615,0.79420954,-0.4039127,-1.1322352,0.1099424,-0.4234997,-0.77680147,-0.4003315,-0.8421659,0.003840019,-0.18190973,0.40733454,-1.4967052,0.45742023,0.17826723,-0.12242383,0.23647945,0.2672391,0.34594753,-0.98112595,-0.33931562,0.045621917,0.2900343,-1.7574357,0.38412425,-1.1767392,1.5990366,-1.1729933,-0.54035443,-0.48288143,0.36199725,0.42413887,0.2751339,-1.1151719,-0.6578738,-1.1755449,-1.0326618,1.0241473,1.1230217,-0.39649913,0.13340886,1.1064755,0.6567021,-0.87302226,0.43740505,0.10241204,0.3336086,-0.6631794,-0.7798461,-1.1630096,-1.0230739,0.4476936,-0.5981589,-0.380164,0.6088081,-0.027627874,1.0626818,0.68647826,0.30264598,0.43776527,0.20457794,-0.13945912,-0.43855485,1.1122382,-0.0022918805,0.22289166,0.77555174,-0.32871425,-0.32742292,0.25218627,-0.4093012,0.2076843,0.27453056,-0.4993788,-0.07938286,0.05070623,-0.3834283,0.73925006,-0.5073874,0.3089286,0.33552268,-0.70972025,-0.12129761,0.85667384,-0.24849696,-0.4266752,0.7759649,-1.1267339,0.5999698,0.8388272,0.18184653,0.27075207,0.32042518,-0.18298401,-0.40101212,0.69668186,0.092355885,-0.8386874,-0.9283177,0.95183754,0.90099967,0.33180794,0.045836233,0.22130476,0.119469166,0.01561564,-0.71907014,0.5896493,0.28085074,-0.16200022,0.20056918,0.4334876,0.34355935,0.5273478,0.99996406,0.56855845,-0.033662003,0.03382366,-0.6141725,0.31337264,-0.0013725553,0.426243,0.3994053,0.75932395,0.79721147,0.3564346,0.7087535,0.013259273,0.8241261,0.46695063,-0.020529762,-0.66040355,-0.063276544,1.0762204,0.17218867,-0.7290885,-0.29950887,0.5792014,-0.5372488,-0.22916114,-0.0741411,0.2689939,-0.58596355,0.47977486,-0.43143025,0.18732011,-0.3008414,-0.05424203,-0.6248693,0.81906956,0.49254277,-0.81159765,0.81100816,-0.42667657,0.353385,-0.7880797,-0.21998242,0.5776132,0.5776737,-0.38899308,0.14444844,-0.08291869,0.2684611,0.7137698,0.2334852,-0.73198986,0.2687231,-0.6507459,0.03787786,-0.36784917,-0.82069504,0.3198132,-0.027055508,-0.14582099,-0.46809953,0.37024093,-0.39830393,-0.076766506,-0.23274079,0.39821285,-0.3920929,-0.5072737,0.11608131,-0.48328838,0.2160377,-1.1905134,-0.07900688,-0.94265115,-0.5539198,1.1605854,-0.5195592,-0.7752822,-0.64532,0.62942636
0.4572258,0.34603778,0.25453347,-0.08398636,-0.022451844,-0.047553137,0.37648055,-0.40360388,-0.1422382,-0.3392529,-0.13761948,0.47775254,0.06974733,0.58315754,0.39163402,-0.0028633494,0.6019419,0.20436503,0.11381098,0.16701967,-0.14506803,0.58645636,0.3924231,0.45209497,0.11343663,0.00900441,0.45588818,-0.22297648,-0.040639102,0.21992996,0.29671612,0.20794526,0.19941118,0.15610649,0.58414406,0.16590974,-0.19155948,0.30357242,0.61020863,-0.030784005,0.36229724,0.22929858,-0.15836672,0.36280918,0.5247692,0.36635798,0.30485466,-0.19478607,-0.0064590983,0.22024554,-0.2685267,-0.23315617,0.10634665,0.40189362,0.28226638,-0.23681428,-0.40498796,0.34605962,0.41561344,0.020456761,-0.10222681,0.032819808,0.5140512,0.2773509,0.51169515,-0.023219692,-0.16713764,-0.17315276,0.39893737,0.29170173,0.47173387,0.18329191,-0.076059446,0.5150126,-0.29907012,0.41773647,0.21616451,0.31579503,0.25001833,0.45786625,0.002454929,-0.14315796,0.33492944,0.08998381,-0.34348512,-0.40534127,0.39795798,0.3619142,0.34575707,0.44549382,-0.17830808,0.19570433,0.05293732,-0.12353164,0.27033094,0.55067235,0.16536006,-0.05583492,-0.08949885,0.16221613,0.15413438,-0.12366717,0.5430399,-0.21250437,-0.21101396,-0.03771295,0.140462,0.18522552,0.58318484,0.16455689,0.46142775,0.5626553,0.078913815,-0.11394708,0.36976504,0.28384173,0.2678934,0.33559656,-0.10118393,-0.22128405,0.40393195,0.29073793,-0.1702319,-0.71094966,0.022678005,-0.12040496,-0.5764027,0.43167058,0.33923113,-0.19350012,0.55581367,0.18552476,-0.03871379,0.36903435,0.21046776,-0.16629347,0.34967393,-0.22816643,0.2622461,-0.019368794,-0.4910112,-0.016041314,-0.10444693,0.023525162,-0.17245014,-0.22980182,0.33591205,-0.16829912,-0.55365443,-0.31826,-0.59485286,-0.13335674,0.16840146,0.36642665,-0.36243108,0.15585954,-0.34615335,-0.4437336,-0.10407242,-0.7418231,-0.49653202,-0.40025216,-0.4596138,-0.03986896,-0.122120485,0.21540825,0.27787125,-0.3930141,0.4462468,-0.31968868,-0.14157303,0.32960376,0.4378982,-0.10537127,-0.16511835,0.111998014,-0.555514,-0.006846847,-0.510931,0.6417563,-0.26997125,0.07971774,0.10889605,-0.48313576,-0.14960198,-0.12199742,-0.29252195,-0.29217222,0.035424203,-0.37173438,0.05861885,-0.20600723,-0.3660808,-0.27218306,-0.13545793,-0.31173864,-0.13393115,-0.442943,-0.4701681,0.12695232
0.10989341,0.5943349,0.6665861,-0.91054374,-0.505885,-0.27286765,0.1287727,-0.33693326,0.4329198,-0.96886235,-0.84676933,0.35756466,0.8898971,1.3517866,1.2660272,-1.1577506,0.7993335,0.32597575,-0.6387025,-0.8273178,-0.32864323,1.1398923,0.5091151,0.40725544,0.13507417,-0.3429314,0.89765406,0.31540772,-0.3897414,0.35340226,0.1769064,-0.70990306,-0.41020784,-0.6355848,0.0667089,-1.0902035,-0.35395318,0.41793522,0.8629546,-0.8259699,1.4663582,0.4710514,-0.40318388,0.5853315,0.3618007,1.7101526,1.6171297,0.8625187,1.0088459,0.91568494,-0.08584244,0.4955952,-0.17788914,0.21939075,-0.6554777,-0.19636275,-0.1804363,0.5956273,0.29660818,-0.097470224,-0.81271,-0.62432677,-0.23159999,-1.3144367,-0.48695377,0.68260306,0.8112974,-0.6982547,0.4372594,0.15980828,-0.28650463,-0.21776679,0.26952904,0.5254574,-0.09220176,-0.5435554,0.40164194,-0.48043156,1.3487533,0.65592414,-0.4141055,0.49926418,-1.7701914,1.0079871,0.20041375,0.5245101,0.6593656,-0.08515799,0.8598573,0.34379622,-0.24118288,0.34669393,-0.32063645,0.9043164,0.0054989364,0.6390095,-0.2355091,-1.308382,0.04340969,0.49331605,0.27390623,0.8937539,0.66056395,0.18887503,0.9328409,0.40550235,0.26891935,0.9480236,0.7060172,1.0353609,0.71215767,0.48611796,0.95699304,-0.06771571,0.32359886,-0.5368711,0.91038597,1.2629018,-0.7419972,-0.67543715,-0.04230178,1.5957887,-0.15557654,-0.74744713,0.5142872,-0.20111623,0.38914466,0.48166585,1.0619085,0.78573936,0.7545027,1.2991368,0.32807106,0.5394716,-0.42120636,0.9580635,0.7752869,-0.55431473,0.95062983,-0.6210856,-0.93833584,-1.1336815,-1.1177351,0.16574846,-1.0996816,-0.5039201,-0.40109456,0.13636878,0.22744304,-0.3611016,-0.43757403,-0.70884717,1.6572425,-0.011145949,-1.1163567,0.17806551,-0.07149267,-0.99783146,0.12149581,-0.7593369,-0.65722287,-0.6895679,-0.24505438,0.3915842,0.21170795,0.23798378,-0.5555237,-0.5787178,-0.032986343,1.3782907,-0.87397474,0.80392873,0.8817695,-1.3459294,-0.27996162,-0.60678494,-0.110906206,0.08905052,-1.0441926,-0.32475007,-0.16989924,-1.5153246,-0.21915926,-0.46959645,-0.46032917,-1.2659996,-1.3267789,-1.173296,-0.53129405,0.022469912,0.74379694,-1.1511474,-1.2205651,-0.38023317,-0.69361985,0.84485185,0.422485,-0.49042273,-1.4898478,0.7220945
0.25879022,0.4945416,-0.1469693,-0.92833036,-0.98121256,-1.1943638,0.26990587,0.39895526,-0.1128362,-0.3338012,-1.1682534,-1.408586,-1.1324309,-0.099487364,0.118212625,-0.48314378,-0.13266818,-0.7718311,-1.2146826,-1.2756367,-0.9071774,-0.46251604,-0.8124409,0.27203497,0.45699042,0.6722412,-2.0209367,1.2488034,-1.4049408,0.006726809,-1.0636398,-0.053469047,-0.63420546,-0.39443243,0.163846,-0.26475453,0.01562335,-0.3926653,-0.6098283,-1.0219758,0.8345296,-0.23786293,0.11903818,-0.61219656,0.69610095,0.52275896,0.70406526,0.053841658,1.6301851,-1.0797288,1.1787118,0.7977225,-0.95573866,0.627898,0.63555217,-0.021524772,0.7930917,-1.1481297,-0.21666564,1.3640105,-0.41497448,-0.19183853,-1.0854679,-1.2708356,-1.1995058,-1.1519756,0.028730355,1.9205304,0.25415182,0.59240615,-0.71603626,0.13098863,1.0305812,0.9436411,0.016236413,-0.014211994,-0.5520598,-0.9142854,0.13202855,1.4140322,-1.1573197,-1.135485,-0.3359732,-0.50504696,1.4927204,0.58734787,-0.34995452,-0.067467496,0.15976182,-0.098550335,1.2844361,-0.68429726,-1.6177195,0.9767672,-0.6138487,-0.3004816,-0.4604341,-0.5792604,0.45101845,0.97405183,0.7791147,-0.8049529,0.50784135,-0.27033174,-0.25612733,1.2933067,0.13914195,0.06055498,0.91636676,-1.4453813,0.41284704,-0.26123008,0.7064622,0.13160153,-0.022520734,-0.2538141,1.4062132,-0.23974806,0.6673874,0.7280213,0.76592463,0.09638581,0.49179992,0.17675473,0.11355547,-0.6642111,0.2923571,0.64733636,1.2604842,1.1062864,0.7521904,-0.8179009,0.64987355,-1.1664568,0.9896666,1.022105,-1.405318,-0.54650515,-0.00023426488,-0.7525439,0.56767493,-2.0475252,-0.443056,0.44401467,-2.166477,-0.47705626,0.026737794,0.67231786,0.62464756,-0.049959928,0.114016436,0.5845939,-0.42882204,-1.134683,-0.30745468,-0.91503257,-0.49438643,0.16411754,-0.851788,0.07595517,0.2652341,0.99018466,1.0928212,0.2915062,-0.31221405,0.99796623,-1.1087666,-0.60916066,0.107251905,0.26435602,-0.5071877,0.17123288,0.43710968,0.15217035,0.05756392,0.3703425,0.88348895,0.6392129,0.4788629,-0.110465616,0.5711323,0.42430806,0.8324685,0.60031,0.8739493,-0.050110728,0.18429874,-1.8099592,-0.44946396,1.184589,0.97191334,-0.017237902,-0.0125842,-1.4083042,-0.592429,0.15703806,0.90128326,0.90725815,-0.244268,0.72759765
1.1813831,-1.1802437,0.71154344,-0.8117355,0.938932,-0.19063757,0.10656753,0.9879508,1.219123,-0.30580467,-1.0492203,-1.1396279,-1.010238,0.61356604,-0.9333223,-0.56916547,0.8321623,1.3236891,0.10394802,1.588839,-0.45447814,0.44639018,0.26122394,0.43788236,-1.197966,-0.7799392,-1.0774522,0.66634077,0.54068387,-0.71418816,0.2674357,0.042864986,-1.4288558,-0.011651657,-1.3486503,-0.49336493,0.3249064,-1.3670696,-1.2585025,-0.47089034,-0.12716162,-2.2461774,0.35028663,-1.0714926,0.81434196,-1.0824172,0.095786646,-0.67667085,-0.08444452,0.734928,0.8026345,-0.28944463,1.1899009,0.79724485,-0.4198815,-1.288769,-1.0805713,0.0008432809,-0.07706034,0.2228943,-0.2813461,-0.002937491,-0.8503394,-1.855053,-1.7300457,-1.4312445,-2.7457047,0.55294853,0.22747381,-1.5221488,-0.9864327,0.5786146,0.46333238,1.6637114,0.00423747,1.1486669,-1.3248488,-1.1603168,0.3553902,2.0550468,-0.02496808,-0.996154,1.4258771,1.1045345,-0.09184675,0.9469826,-0.28759667,-1.4051129,-0.65075356,-1.5999235,-0.77526563,-1.0322864,-1.511931,0.1381378,-0.20608412,-2.0006163,0.11631977,-1.0317918,0.36470282,0.9727362,1.2984385,0.79785043,0.17242351,-0.21986346,0.74474823,0.7946073,0.075879686,0.8633486,0.38932085,-0.27881846,0.1582576,0.5676985,-0.27823228,-0.50948006,-0.3761435,-0.31492567,1.8722248,-0.10007886,0.583983,0.25714394,1.1163517,0.56282496,-0.6793987,0.61579007,-0.23758072,0.6447224,0.70815504,1.9103028,-1.226286,-0.0913144,0.2910068,-0.5779121,1.5786082,-0.73857594,-1.702614,0.18223661,-0.15210497,-0.0051679853,-1.2018763,0.32381174,0.30422023,-0.732068,-0.47944373,0.831593,0.13950822,0.47359383,-1.2101028,0.9495418,-0.15642768,1.2118309,-0.5118049,-0.17416784,-0.35580972,0.7723518,-0.2298592,0.6909297,-0.8280476,0.97031903,0.24830404,0.17907967,0.03633938,-0.8671677,0.4356454,-1.6504843,-0.4855575,-0.24178877,0.75954795,-0.1478775,-0.5733346,0.7861161,-0.0071480405,-0.4766567,0.5317754,-0.0010263408,-0.20795721,0.36952063,-0.45682564,0.1617034,-1.1467423,0.38165486,-0.31274456,0.13785133,0.15241642,0.90015566,0.3485125,0.64550173,-0.8239622,-1.1370083,0.91596186,-0.18860726,0.70789504,0.93979573,0.20813541,0.19331224,0.7213309,-0.5533492,0.28056324,0.059957735,-0.023208117,-0.45608243
-0.17242384,-0.6113362,-0.3355746,0.874152,0.21757096,0.057004113,0.39483282,0.95567846,0.88659203,1.046946,0.7064972,-0.37993637,-0.05286063,-0.30066168,-0.5438267,0.8522949,-0.1948764,-0.0041505564,0.1615093,0.32225809,0.5667699,-0.47905716,-0.688741,-0.15226345,-1.5872047,-0.46704543,-0.61709523,-1.7107699,-0.79370594,0.2504123,-0.18360269,-0.04607909,0.79423714,0.43782905,0.11208703,0.25098476,0.11134919,0.061009146,-0.5390238,-0.0072260294,-0.95159507,0.20664065,0.40003765,0.36276606,0.21841158,-0.6097876,-0.7749732,-0.29813507,-0.73632634,-0.77395433,-1.6853217,0.55468935,0.4225094,-0.52690613,0.15711747,0.6940098,0.3350643,-0.90224457,-0.94737613,0.4645536,-0.7152841,1.3186337,1.1343682,-0.77408326,0.071672775,-0.94450086,0.19324039,-0.07687571,0.6661152,0.18624859,-0.03607654,-0.035633408,0.15095827,0.3193083,0.7818946,0.9501441,-1.0527186,-0.326829,0.43661803,0.454472,-0.15006632,0.22287011,1.2142313,0.32518017,0.8067396,-0.35119572,-0.036334373,-0.0048410557,0.34869334,-0.6311328,0.08353361,-0.373362,0.9590607,0.25686586,1.191546,-0.2569278,-1.1098405,0.32266265,-0.2274607,-0.1899652,-0.23486367,-0.11132208,-0.6605265,0.4622414,-0.93738276,-0.19321175,-0.8791131,-0.30573726,-0.022642247,-0.5409612,-0.37452495,-0.30059123,-0.4450653,-1.0592569,-0.52619743,-0.7449664,-0.17235653,-0.48943734,0.6334853,-1.288672,-0.2435184,-1.342263,-0.38090017,0.7488544,0.7532238,-0.07757965,1.053994,-0.39364162,0.06993712,-0.30041817,-0.7408616,-0.62408364,0.48509005,-1.0328283,-0.05274953,-0.46181688,-0.21893805,0.5685353,-1.2378474,0.3972722,0.31965,0.4772514,0.5269026,0.34280697,-0.20069079,0.5461183,-0.28449333,0.5746383,0.96892905,-0.5654721,0.39158455,-0.0037858114,-0.34937426,-0.37255216,0.58904594,-0.63549024,0.9236336,-1.1221753,-0.21606705,0.5898325,0.7135234,0.2761433,0.9873217,-0.08382163,-0.34875458,-0.68820685,1.0017623,0.5105035,-0.5144656,-0.41617316,1.0050081,0.28515252,-0.6975835,0.6047743,-0.44612318,0.20585728,1.3477889,-0.31224015,-0.26771274,0.94344795,0.049652223,0.89291483,0.5315682,0.2973447,-0.8702066,-0.7763991,0.2412769,0.40920758,-0.3823499,0.7456563,-0.8535476,0.85124046,0.7268602,-0.3774284,0.34451327,-0.47604832,0.84453595,1.1607766,0.67077106,-1.1611171
-1.2060655,1.2081876,0.2807979,-0.7717404,-1.6065322,1.8082672,-1.6389617,1.1717396,1.1391228,-0.6919653,0.3467128,0.0109321065,1.6967629,0.7090654,-0.7852967,0.72580147,0.29072827,2.0043294,-0.008943753,1.8308846,0.55026543,1.3614901,0.3024755,1.5444577,1.1271522,-0.16567233,2.1814747,0.15798588,0.30158442,0.3615687,0.5773507,-1.0835377,-0.22640064,-2.1396391,0.54596615,-0.03164011,1.1281044,1.6401422,0.05087934,-0.09682451,0.5193975,-1.4072639,-0.38394222,0.70504415,-0.29230797,-2.2268093,-1.4629271,0.42048937,-2.2657456,1.7969456,-0.711916,0.44368708,-0.76125246,-1.2449056,0.11968672,0.68739635,-0.10758388,0.7030578,0.68028957,-0.37149566,-1.1623808,-0.80843514,0.17522006,-0.030000549,0.69315535,1.1086545,1.5239462,-0.18340124,0.24211572,0.98925024,0.93539894,0.606807,0.745195,-0.25191665,-0.053385373,0.21083558,0.9115476,0.41049653,0.5873805,-1.1497087,0.86130065,-0.51468056,0.13796942,-0.30496866,0.49715132,-0.24106807,0.48386744,0.7926025,2.159889,-1.9681911,0.32257572,1.2290934,0.5418419,0.33638027,0.18901788,-0.5430463,1.2479593,0.061501846,-0.15579337,1.3119181,-0.14697023,-0.8956534,0.46785384,1.6761562,0.21957956,-0.18169667,-0.91976,1.7616887,0.8696449,0.51149553,0.042138282,1.5904598,0.98317415,0.18435086,0.9208082,0.39993066,-0.8281007,1.1530586,0.471703,-1.0976702,-2.3490975,0.3044882,0.45952323,-1.0647366,0.8896742,-0.107655644,-0.3034845,-0.23644263,-0.7720217,0.23398352,0.023288785,0.54128075,0.40827215,0.24692756,-0.79094243,0.043139376,0.47836864,0.3730176,-0.17435528,0.6253334,-1.8949986,1.2360818,-0.010941524,1.4468604,1.094896,0.3258504,-1.8612082,-0.36590272,-1.5905217,0.4297635,-0.44075543,-0.9685354,-1.2704865,0.84452933,-0.055931024,-1.492299,0.6828821,0.6758668,-0.5763196,-1.324404,-0.28417447,0.017887903,-0.42831796,-0.103484586,-0.55608445,0.15218838,0.24072435,-1.9429724,-0.9010643,0.34719962,-0.90806264,0.3021112,0.15182321,0.22603716,0.46064258,-2.3268666,0.2078708,-0.5472506,-0.66423273,-0.25777945,-0.3058174,-0.3842972,-0.71845424,-0.9804697,-0.100608766,-1.0520606,-0.12364361,-0.7806423,-0.8513203,-0.64837086,-0.853884,0.45483592,0.27676016,-0.24206212,-1.1274928,0.36541313,-1.1308005,-0.6922277,-1.298653,1.0072536
-0.67447054,-0.15928425,0.20430341,1.6371675,1.4022582,0.91356605,1.5988379,0.13324483,-0.025065674,1.5171379,0.9807703,0.5094243,0.292526,-0.38148397,0.7732407,1.3184291,-0.17608844,0.3510379,1.6397305,-0.2235263,1.6271337,0.22607113,-0.19637443,-0.13623355,0.5186273,0.62759435,0.2992385,0.011466922,-0.028237237,0.4739526,0.018779196,1.1202933,0.46909162,1.7801224,0.9101236,1.1226014,0.17059968,0.3900989,0.71431947,1.9153415,0.32785216,1.21064,1.0601554,-0.53602874,-0.63743514,0.6552295,-0.068305574,-1.3315781,-0.15289351,0.17715189,-0.18237951,1.1944131,-0.703748,0.5765889,0.6288935,0.8462236,0.2791519,0.16140625,0.23771049,-0.91191787,-0.20895822,1.6523739,0.54421973,0.9952842,0.6453427,0.19608325,-0.5660245,-1.2710484,-0.84190416,-0.41916913,0.3309692,-0.28285676,-0.22210038,-0.7008139,0.24683441,0.29836017,0.4547203,0.97169673,-1.7066627,-0.3809347,0.5750211,1.1002122,-0.590327,0.33061016,-0.48659343,-0.6691644,-0.64553165,-0.17213805,-0.3637247,0.48475978,0.309166,0.8082253,0.47952965,0.6830393,-0.91755164,0.36045042,-0.9037323,1.1255586,0.62670946,0.117870405,-0.78823936,-0.007401483,-0.26996285,0.99901944,0.09603801,-0.1959436,-0.17265919,-0.1446867,-0.8108113,-0.28017217,-0.59749836,-0.7362202,0.50690687,-0.022474658,-0.64272964,0.25781685,-0.732806,-0.5714854,-0.38651568,0.14448978,-0.9510389,-0.7368569,0.5834567,-0.1998338,0.14302546,-0.04429328,0.68304497,0.041140057,-1.1026753,-0.55367607,-0.85223144,0.033143893,-0.07720182,-0.12425092,0.5878383,-0.6789813,0.4150131,-0.03014152,0.14850534,0.1049151,0.14458975,0.5997472,-0.9519598,-0.4814623,0.8546021,-0.06124727,0.5063364,-0.88103145,-0.5791467,0.12003294,0.22899264,0.31191486,0.5720173,-0.71621513,-0.44716474,-0.0832325,-0.16640958,0.7519409,0.82130384,-0.5640197,0.032535918,-0.9782779,-0.71484184,0.05126832,0.6973717,-0.061010912,-0.7742741,-0.12120265,0.59409827,-0.5896558,0.17751537,0.70462996,-0.9006628,-0.034819514,0.27611417,0.40657145,-0.03087964,-0.80225503,0.47147176,-0.31430575,-0.46679345,-0.18153061,-1.0614921,-0.95163167,-0.008090537,-0.13886222,0.38472563,0.3524464,-0.15169849,-0.6111698,-0.44407266,-0.12426932,-0.09853621,-0.6331099,0.16797538,-0.29170033,0.6032001,-0.34184933,-0.46826038,-0.17195804
0.13022655,0.60467523,-0.02595739,-0.22907282,-0.84601766,-0.7393077,-0.8867489,0.10399979,-0.062192842,-1.2499264,-0.48356223,0.07078341,-0.4942093,0.83804905,0.27838814,-0.020809371,0.1650678,-0.4957699,-0.99351543,-0.4237911,-0.86249834,0.31497663,0.23116978,-0.28052375,0.6305238,-0.7241135,0.11789024,0.2866898,0.8649994,0.3390026,0.15848681,-1.6221359,0.41358733,-1.0202931,0.5267515,-0.48066416,0.2646618,1.0329643,0.6799417,-0.43159667,-0.07749209,-0.23457395,-1.1888754,1.0111631,0.3040898,0.3438929,0.62002516,0.989968,-0.09347457,0.38569963,-0.009739166,-0.03920298,0.8963104,0.2555905,0.63249624,-0.8474666,-1.1227921,0.23877263,0.4493092,-0.39592093,0.52955747,-0.56895727,0.64131385,0.65468824,1.0570356,0.83436465,0.25375026,-0.33995408,1.3581506,0.6779696,0.61405563,0.34621012,0.6953945,0.5329101,-0.2038818,-0.16106494,0.4256895,-0.4537665,0.5973598,-0.12895614,0.14684334,-0.6736639,-0.88188106,-0.18827008,0.22151025,0.30930862,0.72151023,1.2534999,0.71825033,0.5910368,-0.2685329,0.70253813,0.20219114,-1.021733,0.6880431,1.279266,1.1459618,-0.34254158,-0.8537107,0.103126705,0.4621045,0.76665664,0.6520274,-1.0787226,-0.95337427,-0.15847407,1.2438658,-0.25732777,0.6697528,-0.019894632,0.37007907,-0.02574681,-0.6906968,-0.39291337,0.12452593,-0.013631854,0.08313519,0.6934597,-0.0521001,0.7592964,0.5900079,0.97544336,0.49005374,-1.2352937,-1.2261953,0.17803705,0.86126655,-0.026197648,1.0910857,1.0205524,1.0840216,0.27737167,0.791583,0.58618283,0.24228618,0.0926558,0.30634117,-0.44902265,0.38003534,0.40343022,-0.28150904,-0.729577,-0.71172506,-0.90727466,0.61646676,0.0780534,0.23039201,0.6738676,-0.5722972,-0.066204384,-0.15081061,-0.62294984,-0.050411724,1.093038,0.24115248,0.7310668,-0.22429782,-0.563777,0.098228306,-0.7313513,-0.5992725,-0.25928172,-0.76584774,-0.2333205,-0.16947831,-0.10353199,0.16897535,-0.16769327,1.0856386,0.08174509,-0.089716285,-0.5567065,0.51731503,-0.11286921,-0.4734706,-0.23354799,-1.1308885,0.4278808,-0.3316553,0.3176673,-0.63864017,-0.5085164,0.37343538,-1.045871,-1.0973486,-0.068207875,-0.8306504,0.0645712,-0.30346316,-0.58467895,0.6026826,-0.8749017,0.37977538,-0.24579914,0.45599738,-0.1479766,-0.82523197,-0.42240807,-1.0020559,1.155567
-1.3368913,-0.7335544,-0.51803035,0.111954905,-0.43609545,-0.36790067,0.06667811,1.027034,0.21889262,0.44159168,0.14554273,-0.6019751,-0.4631233,-1.0347525,-0.893507,-0.5689655,-0.7616077,-0.6425812,-0.24138,-0.23125148,0.41944316,-0.6086274,-0.73740786,0.14906806,-0.12601411,0.36584675,-0.92484665,0.21414308,0.06488733,-0.96014386,-1.3547708,0.27465793,-0.14784399,-0.345962,-0.8842281,-0.046512447,1.0578294,-0.55872166,-0.6303307,-0.5356021,-1.2441325,0.13572447,-0.028971452,0.32149777,-0.6299871,-0.4127085,-0.6595811,-0.7011487,-0.6381794,-0.6814788,-1.2066334,0.017954357,-0.96051323,-0.8387075,0.19042769,0.73925877,0.642039,-0.7305075,-0.632734,0.2949769,1.1126089,-0.27670264,0.34968135,0.066270515,-0.2128843,-0.37703174,1.1857923,0.3085618,-0.6191438,-0.69353175,-0.296596,0.017478548,0.15495494,-1.4200814,0.27010965,0.09708983,-1.6422396,-0.6696986,-0.55376834,-1.1060213,-0.030120604,-0.7495025,1.2880409,-1.0190737,0.6870871,-1.0065377,-1.1008811,-1.1167912,0.0035066493,-0.015021717,-0.5229872,-1.3415006,0.5862687,-0.06088008,0.1487534,-0.4027368,-0.38212252,0.42036444,-0.0062817764,-0.19532986,-0.29629064,-0.2849566,-0.7813911,-0.4095572,-0.7415822,0.48223716,-0.2596168,-0.6387626,-0.5550067,-1.6560303,-0.226277,0.12912828,0.2343657,-0.18890424,-0.04472761,-0.4677089,-0.74135065,-0.6518925,-0.06713628,-0.053711697,-0.6440444,-0.65818584,-0.71549183,0.78264904,0.13098374,0.41912505,0.42571488,-0.8537084,-0.17005876,0.13814658,-0.7804988,0.5672115,-0.0011667097,-0.8992135,0.38171345,-0.04677897,-0.47650027,0.8371085,-0.50826997,-0.48187461,0.1703227,0.82485986,1.1692853,0.029082408,1.4527744,1.5649923,-0.26985937,-0.27725774,0.95870125,-0.64525545,1.0502574,0.38182306,-0.43930784,-2.4914427,0.46715596,0.10583062,1.1405917,0.8026453,0.14650685,1.4569716,1.6386414,1.2910697,1.1396275,0.93472314,-0.13986461,-0.93419486,0.4519081,0.119344726,-1.6176348,0.44111642,0.56380904,0.16494705,-1.1740133,1.0544704,0.5802316,-0.31658918,1.3984575,-0.21523121,0.95268595,1.0077226,1.083581,0.9815276,0.6641762,0.5862725,0.91411406,0.27072608,0.89340293,0.66191036,-0.48430818,0.8459472,-0.94028986,1.1030269,0.8290916,0.64648086,0.681343,-1.579125,0.84484196,0.8699986,0.77472156,-2.0132282
0.1695675,0.27475816,0.8893924,-0.6127929,0.25476614,1.6712606,-0.56394,1.019621,-1.4568307,-0.0316607,-0.31210688,-1.3211772,0.0039312653,0.18708956,-1.1116577,-1.4332306,0.44281477,1.4099199,0.1544615,1.1030573,0.5717241,0.43375793,0.17700915,-0.47324714,-0.2885315,-0.1800436,-0.7655185,-1.3563322,1.9475399,-0.3780554,-0.5274961,-0.46945298,0.69324493,-1.2465355,-1.3659291,-1.4223645,1.0355455,0.86732006,-0.6113513,0.36148763,0.38574845,-1.9206426,-0.083231315,-0.27503443,0.6259862,-1.3475796,0.14002024,-1.3139389,-0.901297,1.5677309,-0.6053959,0.18080598,0.72354996,-0.21513899,-1.1465325,-0.37749457,-0.91942775,0.37839237,0.64791423,-0.43270203,0.08243887,0.1461978,-0.31235865,-0.9213701,-0.4802049,-0.70886344,-0.4861414,-0.9587296,1.034157,-0.016921554,-1.0543499,-0.107526384,-0.029530259,0.08921533,0.08729238,-0.06307183,-0.7468898,-0.9584319,1.052933,0.64785427,-0.065042965,0.33424008,0.51603764,1.2189865,1.3402922,-0.39213133,0.23655815,0.20948035,0.052594382,-1.647311,-1.0329484,0.6475985,0.48547813,1.1400806,0.13130331,-1.2867343,0.2762542,-0.29251784,-0.55741554,1.2933998,1.250493,0.58415097,0.69737893,0.8944049,0.25305012,1.8990352,0.9008881,0.91675615,0.24914783,-0.9465381,-0.042714808,0.08488162,0.2511557,0.20305426,0.6549512,-0.029884797,1.8681335,0.49741644,-1.1889565,0.9937122,-0.76735264,1.0904744,-1.1581724,0.36848497,-0.15192482,0.4241901,0.5183881,0.6562184,-0.5542366,0.034669854,0.033552714,0.8657968,1.0257026,-0.894141,0.1894592,0.14140028,-0.5188829,1.1590768,-0.36984992,0.68384147,-0.12149006,-0.41539243,-0.23546024,1.0872915,0.01578545,0.47464168,-1.2770525,1.0169866,0.9140196,0.8845114,-0.07620595,0.18078572,-1.6464136,-0.5094338,1.2478976,0.22043319,0.22480771,-0.76028836,0.16464117,0.10792543,0.9414084,-0.18224724,0.24661686,0.05695322,-0.63568777,0.6745798,0.2902872,-0.99234796,-0.130409,-0.019727357,-0.90622824,0.17156455,-0.23941599,0.13643931,0.40486288,0.2472838,-0.38725552,-1.2522689,-0.9356164,-0.24541733,-0.6797421,-0.46345413,0.016553983,0.34699792,-0.261306,-1.1737773,-0.38050094,0.5037706,-1.1746639,-1.0267411,0.054145597,1.4196742,1.2384253,0.081495784,-0.48224908,-1.7219975,-0.0010812883,0.74057204,0.6449615,-1.4728166
-1.6216913,0.5477774,-1.420169,1.0720606,0.04714481,2.3435836,-1.3135961,0.7363464,-0.6960986,-0.37796938,3.1596627,-0.77055186,0.18459938,-0.6075969,0.7423676,3.0762663,-1.6518971,-0.65305793,-0.9779133,1.0620466,1.2988154,-1.5549799,-1.3278606,-0.3487848,0.29231825,1.2405533,0.7117802,-0.82656246,-0.43312162,0.5986257,0.39634028,-1.0993881,2.0214226,-1.1632936,0.89625514,0.9507245,-0.17452447,0.8247726,1.0293896,-0.2059561,-0.6181623,0.91719025,-0.29235846,0.9741152,-0.11954586,0.19940613,-0.3936288,0.19174853,-0.9884553,0.9849613,-0.97903764,1.2443633,-1.373978,-1.8610922,0.023463141,1.1753876,0.60372937,-0.037088566,-0.045301486,-0.7453064,1.0340921,1.9983398,3.0786293,1.3893659,2.6228976,-0.35500622,0.101828836,0.4754192,2.1115882,1.5216596,-0.13044533,-1.0527235,0.43591502,-0.88680995,0.16572283,0.24256158,0.6724203,0.6823131,0.25253078,-1.2897519,0.17425632,0.6301596,-0.018222906,-0.8420902,0.2304414,-0.5924057,-0.31893137,0.9937063,1.1442759,-0.42070428,0.005079562,0.7680995,1.9710828,-1.5430132,0.23030467,0.7719174,-0.6909109,1.2402152,0.50358844,-1.9615983,-0.6536699,0.37776598,-0.9383051,0.4206881,0.31311807,-1.1879276,-0.67658633,-2.419639,-1.538789,-0.06891522,-0.38008168,-1.2048099,-0.14772734,-0.3052688,-0.70207936,-0.9258736,-1.9053737,-0.15990579,1.2677324,-0.74873984,-2.1754363,-1.5556383,0.90745354,-0.13386247,0.40988272,0.37510324,1.0057604,-1.2257699,-0.400676,0.9216968,-1.703339,-0.7968899,-1.0926079,-1.0338001,1.1287607,-0.68800604,-0.5513265,0.4314407,-0.9066237,0.41397485,-0.0033481084,-0.06973049,-0.46665907,1.0816706,0.4162452,0.37556547,-0.23627354,0.055688765,0.5277681,-0.7656791,-0.62293977,0.8097429,-1.257492,1.0625856,0.7070861,-1.0077972,0.4865152,-0.5856236,0.29447758,-0.94685775,0.5209379,-0.3221405,-0.23639236,0.84084344,-0.6991223,-0.41136372,0.40460867,0.36575395,0.21910064,-0.72664356,0.21727519,-0.9795686,-1.261838,-0.2375308,-0.06244221,-1.7315078,0.33443227,-1.2612579,-0.9519798,0.48994702,-0.50774527,-0.00028944388,0.38941175,0.25574642,0.058943424,-1.4673529,-0.6611725,0.14988112,-0.835745,0.9925424,-0.8384055,1.172878,0.78459114,-0.8217188,-0.49836627,-0.021371283,0.88743776,0.10626959,0.11283572,-0.17921455
1.7542953,-0.41065198,0.90719295,-0.6068583,-0.48576522,-0.4258136,0.52673596,-0.59071714,0.20807879,-0.2141901,-1.3765864,0.73350036,0.8555779,1.1573632,0.3733807,-0.99176514,1.1420381,-0.5671973,0.7173163,0.42611775,-0.8825499,0.09128793,0.33152395,0.32948002,-0.1494618,0.45710626,0.9560733,-0.8813796,-0.0036281478,0.6648704,1.2153854,1.2471454,-1.3566598,1.4417323,0.5352075,1.029536,-2.210864,-0.977672,-0.3713844,0.5022887,0.0541901,0.63394624,-0.00604574,0.04605127,0.13432603,0.879712,0.5708878,0.54295355,-0.9120891,0.4072524,-0.83638847,-0.9628958,0.6246774,1.1380101,0.118131995,-0.26636702,0.028406654,-0.19340405,-0.38743633,0.29582784,0.64402777,-0.72464985,-0.7121315,-0.2981332,0.057765104,-1.1984205,-1.1058472,-0.41733405,0.2163516,-0.7999577,0.4969682,-0.5207394,-0.2213679,0.99754584,-0.7336195,0.689489,0.0823331,-0.13480374,0.019669525,1.1383713,-0.44278806,-0.5011545,1.4273031,0.25215203,-0.76663226,-0.2269268,0.80050105,0.83134735,0.22642672,0.22678366,-1.2988659,0.48341057,-0.15465245,0.11144229,-0.58219194,-0.3686127,0.41777608,-0.5908301,-0.42965087,0.8963785,-0.09711427,0.53786606,0.6923403,-0.5157686,-0.2240297,-1.1343037,-0.17375909,0.69119334,0.8959096,0.72924554,0.6564284,0.85012,0.62696916,0.3749416,1.360029,0.26385987,0.7166783,0.80727035,0.29687268,-0.25913107,0.55754715,0.52527404,-0.61988133,0.382537,0.16487479,-0.832764,-0.7112951,1.0847142,0.38346183,-0.20983087,0.52694964,-0.8740592,0.11122363,0.98381567,-1.3852931,-0.56380254,-0.31942666,0.74413514,1.049738,-0.4321957,0.037253637,0.74957556,0.15280527,-0.35095695,0.27417478,0.07278882,1.2072641,-0.5428308,-0.34039527,0.8460773,-0.59273815,-1.6727369,-0.8061149,0.5795852,0.23488176,0.65295917,-0.41469038,-0.19850701,-0.65646505,0.12466268,0.5506179,0.23340307,-0.81453425,0.28773063,-0.28323883,0.6181548,1.58949,0.525885,0.60480934,-0.15110919,0.5124514,-0.1480821,1.1307017,0.10106125,-0.7680919,0.20270309,0.17924425,-0.3866771,0.27575245,1.7930387,-0.5229359,0.9986952,0.016695097,0.013257669,-0.7844749,0.80239755,-1.0839758,-0.26251802,0.5919692,-0.40701705,-0.61656606,0.19406846,-0.68618625,0.8587654,0.3190808,-0.7579366,0.58862185,-0.7098559,0.19557784,-0.07525342
-0.044151586,0.8671679,-0.8993579,0.8329843,0.5841045,1.1138476,0.72323775,0.34087783,-0.6536623,0.5893292,0.45160583,0.49187422,0.25365692,-0.37333885,0.42358375,1.3894969,-0.43884915,-2.0720365,0.3556062,-1.1630743,0.86687773,-0.22146446,-0.68759924,-0.45854065,-0.035946663,0.7975192,1.1386292,-0.23107895,-0.24263103,1.3240751,-1.0704037,0.24361557,-0.5852017,0.8650422,1.0104073,1.494732,-0.26407877,0.34425852,0.45326138,0.38206097,0.022710763,1.2188901,0.4308138,-0.79621553,-1.3561631,0.67681825,0.18776426,-0.159224,-0.150714,0.96965337,-0.18400423,0.60573375,-1.9342537,0.11039694,-0.07361181,1.6997979,1.1723416,-0.7710496,-0.10404503,0.5310034,-1.8909868,0.09935673,0.35395762,0.93983656,0.45033434,-0.116501234,0.6658648,-1.5225312,0.025493596,-0.11284111,-0.043917306,-0.86171407,0.4230304,-1.2960342,0.51135594,-1.0778211,0.4910825,0.53863895,-0.32550204,-1.6668077,-0.006336974,0.27495465,-0.6114263,-1.8681804,1.5649873,0.5205432,-0.79226834,1.1511278,0.14114167,0.6284946,-0.016335843,0.07082586,0.93202895,-0.3381868,0.62742764,0.1014254,-1.3603015,1.4156651,0.08441566,-0.5187972,-1.4162531,-1.7440767,-1.0893996,0.6014488,0.5400831,-1.3423291,-0.805462,-1.8378897,-0.7917912,-1.6902212,-0.48717877,-0.4747709,-0.054004543,0.563702,0.21126056,0.14103304,-1.6033322,-0.83834034,-1.5279298,-0.7903265,-0.5351223,-0.28703424,0.14410985,0.5227066,1.0192115,0.572006,0.0002543833,-1.617116,0.69744176,-0.015977822,-0.80682987,-1.5585779,-1.5451579,-0.88608444,0.4893742,-0.12972608,-0.58499306,-1.0096135,0.7465349,-0.06913197,-0.37918147,0.15520577,-0.020642955,-0.369994,-0.3570201,-0.16518475,1.6929698,-1.1843718,0.6988376,-0.0505701,1.4342228,0.37898093,0.4361516,-1.2437946,0.035053886,-1.3563807,0.26544333,0.6175244,-0.25759616,1.0079396,-0.023934357,1.086565,1.3258486,-0.32023022,0.5595151,0.3466816,-0.7947755,-0.10605484,-0.72084945,-1.5571128,-1.1400473,-0.6470947,-0.81245005,0.59937066,0.4422124,-0.20421112,1.0272487,0.031133993,0.47546616,-0.2741121,0.4065409,-0.68740803,0.7814033,0.5153602,-0.49307725,-1.2038093,0.30913395,-0.5619773,-0.026921384,1.3284504,-1.2828819,-0.4511944,0.007001389,-0.6759166,0.07021312,0.31117755,-0.43745202,0.112940215,0.87124187,-1.3025057
-1.2371109,-0.63161427,-0.463495,0.8128768,0.105790436,0.060872328,0.969403,-0.7603714,0.013787763,0.6804568,0.79125017,-0.3899592,-0.23045357,-1.4855254,0.60833323,1.492436,-1.0977961,0.0489987,0.40557665,-0.5427194,0.5329543,-0.054363575,-1.3463707,0.51810926,-0.6263371,1.7170835,-0.7700944,1.0067825,-1.1021446,0.3216204,-0.9936241,0.29641595,0.5092817,0.56843096,1.0028297,-0.1074547,0.18544489,0.41669625,0.95027745,0.085739724,-0.13041785,1.2346525,0.51873565,-0.31573486,0.31015503,1.1599169,0.21298505,-0.6286426,0.30795866,-0.41883683,0.41539302,1.1159866,0.7490791,-0.9421743,1.1756167,1.0957998,0.5956913,0.69197536,1.6322831,-0.046429828,-0.54426414,1.511103,0.42682043,0.031566504,-0.43646693,1.0113049,-1.9689912,0.110049,-0.8625783,0.17456314,-0.101566784,-0.5193984,-0.15706895,-0.027080938,-0.37060255,0.21389651,0.7931736,-0.2554143,-0.34393823,-0.17873216,0.7932543,1.2114222,0.6432367,-0.6773264,0.6547291,0.20578417,-0.14342983,-1.0443391,-0.23828568,-0.28180617,0.07189301,-0.58203167,-0.8145285,-0.29898232,-0.37912327,0.79323936,-0.38384992,0.75873494,-0.3306561,-0.17647295,0.3723778,-0.8502449,0.04758294,0.8238272,-0.78610873,0.25484553,0.030802216,-0.7534539,-0.4114636,-0.21148962,-0.3944971,-0.8505053,-0.013710134,-0.42370254,-1.4104038,-0.6874842,-1.0588673,-0.10767578,0.37951016,0.29881063,-0.5226205,-1.1236567,-0.32252774,-0.8327359,0.41223723,0.26871786,-0.7643515,-0.72605044,0.21593472,0.016880102,-0.24398051,0.9135095,-0.35782066,-0.69110847,0.93846726,-1.1666856,0.102608345,-0.6132112,-0.11911963,0.95125216,0.061252363,-0.016710883,-0.098837286,-0.40472946,0.15105681,1.0779561,0.011416629,-0.26629463,0.48687392,0.0810612,-0.4365611,1.6914563,0.9593713,-0.5885721,-0.9029161,0.15194386,0.5162168,-0.44454145,0.002416253,-0.7840159,-0.29964954,0.056138128,0.32340103,-0.87172645,-0.13488838,-0.009012906,-1.019358,0.30462196,0.47845542,0.06714984,0.20861226,1.3858244,-0.7104692,-0.47195992,0.003188912,0.1821354,-0.7714357,-0.5319995,0.37138185,0.7381402,-0.10353558,-1.3694298,-0.059842184,-0.48691684,0.90947247,0.46504194,0.23371546,0.6504274,0.017688796,0.2679248,0.55842555,0.20162603,0.389955,-0.43142074,0.040990222,0.61770576,0.45553023,0.119772665,0.18704742,-1.080238
0.29019362,-2.2171347,0.36655676,-0.20103596,0.5123375,-0.06450021,-0.5754082,1.57004,0.7411849,1.2748436,0.31951746,-1.3176457,-0.9311447,0.7206165,-1.7254678,0.5543807,-0.59896314,-0.76752037,-0.21612617,0.2914536,-0.20348866,-1.3097569,-0.983929,-0.3727372,-1.3937237,-0.5176293,-0.9179896,0.536472,-0.3303377,1.2619056,-0.33848023,-0.8618715,-0.22859007,-0.62832135,-2.0453434,0.5801803,0.53240573,-0.9555539,-1.7979856,0.25046283,-2.2231042,-0.89994746,0.550972,-0.18656747,0.24818546,-1.04861,-1.2907685,-0.84060496,-0.40848804,-1.227614,1.4202639,0.48557988,0.73384607,-1.0864215,-1.3671077,0.5069059,-0.047003753,-0.9970595,-0.88021463,1.0279975,0.10501291,-0.14271313,-1.5146427,-0.28883475,-0.3408713,-1.3331671,-0.3529463,0.6298892,1.0400286,-0.8483598,-2.5690863,-0.82186824,0.14968377,1.095735,0.22323239,0.3430498,-2.8068333,-1.6242603,-0.23449564,1.504713,-1.133281,0.32443956,1.5388811,-0.44142818,-0.30700248,0.9029902,-0.450242,2.1439738,1.0126333,-1.4235816,1.1698208,-2.040152,-0.39981657,0.7802803,1.6801058,-0.96642196,-0.3517869,-0.73300034,0.7937849,1.2084306,1.084517,-0.6703848,-0.72506624,-0.15019716,0.48768583,0.19059226,-1.0857131,0.6231835,0.23416361,0.13816115,-1.3481331,-1.1727082,-0.50714296,-1.5852176,-2.1104848,-0.46492392,0.088118866,-1.7962654,1.3804692,0.5116534,0.6598304,-0.55116445,0.23106812,1.4626887,-0.8413957,-0.25277713,0.23493914,0.57845324,-0.49447685,-0.4026553,-0.71539646,-1.3851472,0.8032915,-2.7007504,-0.8923485,0.35521364,-1.1648338,-0.8046347,-0.6642024,1.0335137,1.2509397,0.933933,1.2205197,-1.2580322,0.30413032,1.076604,-1.3021302,-0.5978417,1.0623401,0.72887594,0.45806143,-1.3950956,-0.4222919,0.8157052,1.442744,-0.35961604,0.30605173,-0.30980542,-0.048032366,1.0224941,0.9306252,1.6103413,1.2049875,-0.6708231,0.0010052379,-1.9286278,-0.20237042,0.17841458,-0.75588524,0.5024015,1.1429802,-1.7068503,-0.88098216,1.4072413,-0.47870117,-0.93404275,0.6759782,-0.67302644,0.3071579,0.033639506,1.4046066,1.2087468,-0.81167763,1.3665276,-1.0621272,1.0945067,0.8353564,0.6163885,0.041232094,1.0357435,-0.012534156,0.15054058,1.8089397,1.2211473,0.7019522,-0.9759791,1.1593533,1.2428575,1.1557537,0.25512648
0.7462882,-0.4005267,-0.033158883,0.5975493,1.4951817,0.5773235,0.56298727,0.5251505,0.64792174,-0.30863428,0.5505638,-0.9319395,-2.7164824,-0.48761004,1.3415686,1.4749088,-1.3042833,1.1845517,-1.0824933,-1.8821299,-1.7567137,-0.35333908,-1.2066973,-1.0700053,1.1133388,1.3651187,-0.49150315,0.47819048,0.052137546,-0.58832204,-0.71497834,-0.45212978,1.3688357,0.6838405,1.8909012,1.3761778,1.003646,-0.75335634,0.48192653,-0.057771035,1.0645789,0.32567468,0.93441284,0.054707654,1.2308207,1.7037648,1.1792833,-0.28825063,1.0013046,-1.0259827,1.1830801,0.4593409,0.7004289,-0.34320992,1.0407418,-0.79687124,-0.09906945,1.6282861,2.4148154,1.1915134,-0.22610466,0.26115745,0.99506986,0.9055771,0.22201559,0.7243933,-1.0270971,0.7097375,0.07855634,0.7745611,-0.5557042,-0.47763222,-0.13376713,1.117869,-1.1476656,0.74339586,-0.24263524,-0.6390414,0.18681264,0.69467425,1.6338304,0.9918974,-0.7258285,-0.9550467,0.34342355,0.63751453,0.45057932,-0.7378165,-2.3657281,0.35900646,-0.25696012,-0.6425295,-0.8154487,-2.3184447,0.15553175,0.6785841,-0.78502136,-0.34181494,-0.08522819,-1.9466741,0.86419344,0.5234122,-0.57810694,0.10893519,0.7742786,-0.26448053,0.99877185,-1.0517727,-0.64581496,0.58825517,-2.5534554,-2.7596412,-3.2195554,0.7895104,-1.8580619,0.38697007,-0.9686969,-0.7388289,-1.0134096,1.2669578,-0.11428067,-0.52417326,0.17640407,-0.75105554,0.20193395,0.7324493,1.0081223,0.19870052,-1.0611842,-0.22398382,0.7007251,0.2635094,-1.714073,-1.3981329,0.91118014,1.1380639,-0.71810967,0.7600442,-0.45256692,2.3865647,-0.20609376,-1.305211,-0.5061037,0.5275095,-0.89317596,0.42297477,-0.26225573,-0.25140986,-1.3542079,-0.5015813,-0.09543467,-0.047786407,2.0072436,1.1568171,-1.0492467,0.26475933,-1.460213,-1.6606219,-0.9792721,-1.7164875,-0.8802937,-0.512981,0.22457027,-1.9211488,0.35242462,-0.6109291,0.020402486,-1.4752963,0.63893193,0.92338365,0.5111493,0.63136905,-0.19225623,-0.51411617,0.5693292,2.026578,-1.5357908,-0.017683575,0.67997974,0.50747705,-0.21710072,-0.7928838,-0.16463812,-0.9650835,-0.84857714,1.5029942,0.93188345,0.16728559,-0.28294963,-0.65949583,1.5358182,1.3049254,-0.88640946,-0.74888396,-0.4581584,0.86819965,-1.6858941,-0.48738062,-1.3429152,-0.28271103
0.30616522,-0.051385082,0.2508173,0.3099991,0.5425105,-0.11177182,0.82002056,-0.26248825,-0.55026996,0.73846257,0.30443677,0.5127687,0.21484359,0.5324141,0.15631469,0.28658783,0.342701,-0.24204294,1.060575,0.19737434,0.528611,0.17756972,0.4147199,0.03597252,0.16778472,0.023157861,0.20745993,0.10537313,-0.2750375,0.22582483,0.18484491,0.6675133,-0.33727086,0.83482534,0.17715743,0.49550924,-0.17282552,-0.39702275,0.013495367,0.934821,0.3420804,0.5147794,0.8131247,-0.42847782,-0.10372846,0.10218585,-0.023176963,-0.3726953,0.083336085,-0.12745905,-0.34642228,-0.2235677,-0.063094914,0.40020812,0.34629878,0.7249764,0.52279115,-0.3824463,-0.44209048,-0.033310294,-0.43659803,0.4033456,-0.42370564,-0.3065359,-0.073855005,0.10019933,-0.54082036,0.0892309,-0.11973388,-0.58693355,-0.24419332,-0.2500725,-0.06703743,-0.03411059,-0.3138054,0.18656604,-0.3137911,0.03836737,-0.36338574,0.06686792,-0.74198455,-0.08076024,-0.22574154,-0.8885736,-0.2505237,-0.08698926,-0.7656458,0.39136603,0.23451145,0.090876274,-0.18338981,-0.042376917,-0.16487762,0.4853509,-0.25637555,-0.027970413,-0.3997055,0.051307783,-0.3006523,0.47026268,-0.44927514,0.0909535,0.24934018,0.306376,-0.011498254,0.22055006,-0.53734064,0.21068075,0.30514812,-0.51427937,0.33975795,0.27810192,0.37014145,-0.5635862,0.18470967,0.18360068,0.12314025,-0.34921515,-0.25808436,-0.52722937,0.21880956,0.08927943,0.0014147386,0.1229098,0.5667887,0.037964407,-0.8166016,0.19124198,-0.4435079,-0.7463157,0.14906801,-0.22612108,0.07510921,-0.38168347,-0.051975787,0.20201775,-0.109497376,-0.82081807,-0.13234173,-0.8862771,-0.06005394,0.93386376,-0.14188443,0.02725367,0.6964161,-0.26175004,0.66884047,-0.7333614,-0.141961,-0.770013,0.27072632,-0.34635624,0.5727372,-0.47249717,0.0688213,0.54271764,0.10434835,0.06344329,0.615011,0.20057413,0.08591474,0.13980028,0.17585967,0.45302364,0.32275078,0.3025999,-0.5805534,-0.067988314,-0.4400658,0.080967374,-0.04948798,-0.23577556,-0.200442,-0.02428769,0.2863167,0.26767364,0.3609273,-0.14614876,0.0020830575,-0.071182914,0.17764732,-0.43817088,0.28755653,0.26651716,0.35161805,-0.25871572,-0.09899861,-0.37302393,-0.022211902,0.40843254,-0.31213778,0.27128264,0.26077858,0.15940608,-0.40356013,-0.47347343,0.11902645,-0.09993245,-0.03179302,-0.36132553
1.178193,0.09074079,1.7764717,-0.59591466,-1.459711,-0.16126493,-0.100925595,0.1792214,0.14155035,0.319063,0.4304187,1.2519958,1.4896225,-0.7044558,-1.2130476,-0.4349635,1.9343649,0.8383931,0.54915154,1.8860825,-0.05444726,0.8692785,-0.17405014,1.6965003,0.6163252,0.53018653,0.15809378,0.19719435,0.2669563,0.7686136,0.5796139,0.587552,-0.5075288,0.7759295,0.6248572,1.0273652,0.254988,0.4607412,-1.1193831,-0.8748168,0.0600053,-1.0095603,-0.44439828,-0.74279064,0.95662177,-1.642317,-2.6484416,-0.3288586,-3.4023552,-0.027924307,-2.5408998,-1.5556867,0.94054186,1.0474871,0.04890446,0.41169983,-0.37449923,-0.42227,0.37414214,1.0194184,-1.7742133,-0.2106319,0.31669614,-0.36559865,-0.23705623,0.57280433,-0.64175916,1.3259584,1.3993953,-0.69068116,0.48285967,-1.3786395,-0.066186726,1.6725998,0.0069361227,1.6628238,0.11453404,-0.18066907,0.33733493,1.796967,0.031962775,-0.22487009,1.9444146,0.85036564,0.1973871,-1.0444024,-0.48449883,0.22313362,1.3790085,-1.5296986,-1.9022634,0.9690062,0.062186338,0.74453115,0.7173965,-0.81423956,-0.3845988,0.5467682,-0.3035242,2.3983703,0.43640137,0.16149,1.0850341,0.2947072,-1.1984377,1.1140434,-0.8896286,1.7446381,2.068577,-0.0320953,1.0772173,1.3120437,-0.11127492,0.81189805,-1.5363365,0.40265113,0.47954473,1.317464,-0.2580692,0.3965433,-1.3564919,-1.6186821,-0.107772335,-2.548837,1.7748965,0.70649797,-0.9617366,-0.3377997,0.13471586,-3.5377097,-0.13692814,1.1114469,-0.0041990364,0.037464544,-0.96036816,-1.1697506,1.0413246,-0.29342857,-1.1948712,0.721194,0.123363584,1.2125527,-0.29814583,1.9220425,0.21387784,0.38318413,-1.0002636,0.32271972,-0.08244996,0.26396155,-0.3782255,-0.55275,-0.65508664,1.214107,-0.017676765,0.6702768,-0.07165177,-0.47033963,0.51404095,-0.9734251,0.14507917,-0.8170618,-0.07876517,-0.56963205,-1.3587186,0.15782814,1.7335182,-0.28122872,-0.33478367,-0.5892953,0.7438125,1.0559407,0.2581451,0.08857509,-0.5571877,-0.04320658,-1.0576444,-0.17916352,-0.3503134,2.0107443,1.0175506,1.2358088,-0.05148153,-1.3585259,0.75964737,1.7083561,-1.3136889,-1.5267082,0.40192455,-0.36687955,-0.7751595,-1.5458246,-0.059517417,1.3646221,0.08902738,-0.8495765,-1.4810528,-0.3992579,-0.7632748,0.7556153
0.12900458,1.0795697,0.7659372,0.3489303,0.038711246,0.60898364,-0.0075008795,0.7036717,-0.60534924,-0.26523906,-0.19101734,0.19692366,-0.15246741,0.7746017,0.46858272,0.14190303,0.6129362,0.533281,-0.06498348,-0.26726186,-0.10997592,0.7650517,0.7624087,0.10824019,0.62882257,-0.38642725,0.3576337,-0.3510128,0.09848415,0.5639799,-0.03624823,-0.46598524,1.1336169,-0.1746987,0.30292344,0.36995807,0.02046593,0.85766006,0.76520747,-0.08078027,0.66074,-0.06462897,-0.20868094,0.72271407,0.86654955,0.4032197,0.31966993,0.32667992,-0.045337487,0.37545028,0.031236095,-0.07790475,0.16286747,0.26380977,0.15680254,-0.3612004,-0.8156851,0.6084782,1.0020527,-0.2090216,0.0806567,0.46391702,0.7212511,0.1988384,0.86709285,0.6620398,-0.036651477,0.016941318,0.509407,0.74017626,0.1365636,0.17607608,-0.48986503,0.50534153,-0.15283762,-0.30448696,0.4087066,0.743497,-0.13270661,0.6646351,0.54196614,0.38982302,-0.38365507,0.30219537,-0.76088685,-0.67008984,0.3620979,0.5855569,0.21513937,0.13698871,-0.05351767,0.5988828,0.5009736,-0.48491707,0.23245405,0.37331873,0.19598627,0.19731735,0.67713565,0.106222644,0.35020685,0.56204337,0.5049588,0.0954352,0.33697703,0.5567915,0.54215866,0.4894385,0.6578219,0.4557922,0.23822272,0.34539306,0.04406274,0.19903262,0.5197961,0.56447476,0.5799689,0.7698129,-0.26541123,0.36298028,-0.22874705,0.67362046,0.15552856,-0.7897612,-0.3378897,-0.24010473,-0.6047418,0.6037172,0.51679,0.32419473,0.5355595,0.22697547,-0.16842337,0.46200016,0.828567,0.20651299,0.8037036,-0.050196126,0.4442206,0.5836433,-0.6786084,-0.6382613,-0.28404063,0.06283297,0.076489605,-0.407825,-0.4470306,-0.28632048,-0.34750015,-0.00983577,-0.8272806,-0.1872629,0.34100062,0.9862275,-0.11138246,0.6001323,-0.3954798,-0.8741682,0.09787439,-1.2794421,-0.109885916,-0.8742128,-1.2926501,0.20379807,0.054212652,-0.2213966,-0.5545732,-0.2489338,0.5992132,0.2768402,-0.46465158,-0.13899237,0.55749744,-0.5412933,-0.62342304,-0.095874585,-0.74192274,-0.32864144,-0.33418986,-0.2481291,-0.46404022,-0.4274441,-0.6059876,-0.7757177,-0.14124541,-1.0085837,-0.6585071,-0.47433832,-0.8713087,-0.9593408,-0.6372105,0.033095982,-0.7329704,-0.3825134,-0.43347108,-0.46666345,-0.58013374,-0.5768336,-0.8437377,0.2657186
0.73433393,-0.38501254,-0.4998816,-0.18371375,-0.8082432,0.32331315,-0.6766128,0.3708788,-0.43366787,-1.7376906,0.1390854,0.93736416,0.6754228,0.064247355,-0.76968086,0.27203867,0.36308652,0.6454112,-1.4919193,0.84640193,-0.31890917,-0.080507144,0.8219722,0.37330738,0.86125517,-1.9272301,0.6261194,-0.19573508,1.1789522,-2.2783241,1.6897767,-1.6177526,1.0001204,-1.3309218,-0.38864774,-0.0055715116,1.0295855,1.079654,-0.6820868,-0.7825968,-0.78198385,-1.1695619,-0.7575408,1.1841336,0.10495217,-1.1106007,-0.65882254,0.59609574,-0.49324918,-0.42741144,0.5707562,-0.60691667,0.42599705,-0.3071497,-0.67994577,-1.1416773,-2.3152723,0.84446055,-0.8924404,-0.6901414,0.7063078,-0.61826897,1.4837472,1.7896374,1.2225374,0.71244323,0.26531473,-0.42363578,0.07672959,0.829038,0.58093965,-0.463467,1.4929906,-0.36179703,-1.1429025,0.8967643,-0.18885669,0.40847498,0.56276333,-0.5906908,0.33759633,0.87569565,0.2949192,0.37151796,-0.23825578,0.036062755,0.0081998315,0.85642254,1.3562899,-0.017074736,0.12594627,0.059257295,0.61230654,-0.8020532,0.56583273,0.6366096,-0.27625504,0.44443655,-0.84565693,-0.15007122,-0.4145161,0.39349356,0.07301137,-1.0771104,-0.8927253,-0.25581726,0.32648072,0.21448138,0.18820664,0.7845315,0.7767978,0.5777976,-0.64557266,0.41733265,0.321663,0.5277366,-0.28646109,-0.42191708,0.23421091,-0.15790117,1.9974462,-0.23215613,0.14983667,-1.5968311,0.30296394,0.6498844,0.97902507,-0.22586465,-1.7186112,1.3208321,0.17636384,-0.6254773,1.5393643,0.8159424,-0.52534485,0.53394306,0.09821615,0.3752729,-2.0026934,1.075918,-0.85741097,-1.3559169,0.19821481,1.6227713,0.5329851,-0.15029396,-0.912498,0.31289893,-0.80077505,-0.3992147,0.24296184,-0.56862116,0.38978598,0.31777278,0.053718008,0.4863495,0.43000993,0.16506732,0.97711444,-0.83097917,-0.4306165,0.2522761,-0.38854903,0.015026523,0.5858066,0.37588418,1.3984967,-0.44400394,0.1116816,0.3291302,0.39337665,-0.8493657,-0.04284729,0.034850918,-0.3083959,-0.5203383,-2.1411798,2.1051817,-0.42753765,1.6983459,-0.67800117,1.3335567,0.45828277,-0.54766953,0.5395951,1.0982428,-1.2336358,0.4304954,2.258753,-0.15407476,0.94273746,-1.7696655,0.39241853,-0.7031091,0.8229137,0.34821907,-2.6210034,-0.013612815,-0.828242,1.4412484
0.4417138,0.16732746,0.58905035,-1.7489293,-0.71389955,-0.7070167,0.7513392,-0.38505456,0.08686112,-0.46679682,-1.5288143,-0.23842807,0.045183677,1.1272242,0.34918287,-1.7692901,1.2614678,0.8399721,0.5185457,-0.31684035,0.09113528,1.7901076,1.1145056,0.8732019,-0.61430615,0.5298226,-1.2754291,0.76309854,1.3081543,-0.22369537,0.45219794,0.58065706,-1.8744675,0.84775746,-0.19136588,-1.0059527,0.56336594,-1.0680186,-0.40664038,-0.406186,1.4825044,0.57833964,0.48344344,-1.0500869,-0.5412171,-0.009851196,0.6222157,0.15240034,0.898577,1.0329734,0.21225639,0.21798465,-0.6939987,1.6657475,-0.95106655,-0.12583643,0.63339686,-0.08785724,0.4228305,1.5198187,-0.5497899,-0.16239333,-1.4638238,-0.9963727,-2.1151643,-0.6763788,1.3455733,0.5907202,0.50705403,-1.6061326,-0.9235165,-0.61106795,1.0488676,0.66571534,-0.78579867,-1.4132028,-1.101436,-1.3962259,0.24482614,1.1773071,-0.072531305,-0.57251316,-1.1343098,1.4896637,0.48262155,0.70407,-0.4525582,-1.3506855,-0.6628005,-0.5322935,0.44760504,0.22751567,-1.9172317,1.5692571,-0.26606977,-0.696274,0.072269015,-0.783186,0.05241476,2.1365921,0.8965252,-0.1587579,1.217434,-0.09992881,0.34708253,0.5922018,-0.12630183,1.8147749,1.2526442,-0.51153505,0.38262576,0.75774086,0.84482616,-0.8524608,0.69366515,-2.2558746,1.3871454,0.122916766,-0.8526275,1.4140908,-1.107356,0.50225633,-0.6355966,0.15346752,-0.87775034,0.8284953,0.45570165,0.2811422,0.6355166,-1.0559776,0.46815437,0.7792058,0.21816967,0.3324505,-1.5536985,1.7944999,0.48291862,-0.090957046,0.7840492,-1.1937864,-0.31878865,-0.24326746,0.4821621,-2.1031902,-0.19836392,-1.2419102,-0.61242306,-0.9311996,0.1446456,-0.8677746,0.9988293,-0.8831611,1.3582333,-1.3295155,-0.7075941,1.4934216,-0.9151596,0.92371696,0.12752306,0.14486562,-0.47964495,0.4458909,-0.10044448,-0.12345815,1.0489068,0.95113516,-1.6506726,-2.1108248,0.5602872,0.42966413,-1.3010368,1.1821603,1.3851348,-0.5247928,0.70119095,1.4633104,-0.2437597,-0.5123074,1.2938601,-1.5032736,-0.38645846,-0.6597663,0.08396886,0.23779063,0.17808951,0.03188643,-0.10239577,-2.0719492,-0.2896244,-0.233407,1.0370402,-1.8306805,0.30572513,-0.9267006,-0.54693395,0.68691117,0.24935362,1.2493287,-0.43483594,-0.18523803
0.36379385,0.59440213,0.09371294,-0.5425578,-0.42638552,-0.3231415,0.61538285,-0.8168508,-0.081875935,-0.65721214,-0.44288164,0.74163175,0.45402515,0.71249807,0.80062854,-0.8662571,0.53371423,0.23032157,-0.041622274,0.545802,0.10229638,0.968198,0.6386974,0.41026214,0.5443689,-0.21032941,0.4521706,0.6196421,0.10375123,-0.34048232,0.47163424,0.10807223,-0.11716724,-0.07237692,0.18647829,-0.13469991,-0.3781804,0.33950907,0.49898735,-0.23636149,0.6064868,0.13829173,-0.48982286,0.63888645,0.6288974,1.1521138,0.9479309,-0.4656164,0.9629632,-0.008444622,0.32138893,0.18796998,-0.0894437,0.5559694,0.31575164,-0.65920424,-0.7506001,0.5072658,-0.22182028,-0.23177205,-0.30481973,-0.33512846,0.24411355,0.52671367,0.39393097,0.11981474,0.3088769,-0.26523352,0.22959942,0.284759,0.56707495,0.004304461,-0.41025543,0.5960887,-0.37567216,0.019157775,0.25757623,0.39432082,0.25604537,0.01378814,-0.368852,0.17040734,-0.525278,0.55273616,-0.21214005,0.11295922,0.6747686,-0.12812752,1.0338429,0.85400724,-0.16880533,0.12218024,0.0420764,0.32543844,-0.4353052,0.50795454,0.3442433,0.036218926,-0.7676918,0.88237995,-0.25209022,0.18523908,0.5049402,-0.42917565,-0.2623734,0.49813288,0.6058719,0.59716564,0.5243882,0.23644143,0.8401641,0.93314356,0.47930253,-0.16145381,0.6631089,-0.15024029,1.1358957,0.48575348,-0.49338874,0.37975112,0.7148066,0.7611975,0.12491377,-0.872524,-0.47750202,0.16175203,0.09308351,0.42384246,0.903526,-0.020315386,1.024425,0.88543975,0.51301694,0.47578835,0.74479425,0.50232446,0.5863495,-0.6260893,0.30486602,-0.45372996,-1.2611924,-0.2473157,-0.49705124,0.23049767,-0.4688936,-0.58365494,0.64689577,-0.024258444,-0.99632317,-0.5353654,-0.9776821,-0.6271748,0.5544354,-0.16187191,-0.8410565,0.3041967,0.03843944,-0.29822218,0.5625276,-1.0103534,-0.7836896,-0.8011915,-0.52457684,0.72051626,-0.11465057,0.662933,-0.23316826,-1.3282943,0.7210859,0.35706562,-0.6267734,0.67386085,0.63731366,-0.6394603,0.21217817,-0.052374132,-1.0409107,0.33459693,-0.896649,-0.10005714,-0.88513744,-0.3112781,-0.027976215,-0.43332022,-0.40753958,0.01692783,-0.19709526,-0.5196503,0.18855612,-0.7642472,0.43807858,-0.6848604,-0.3926556,-0.95514196,-0.53791505,0.21474364,-0.44890583,-0.05139514,-1.115018,0.53618795
-0.23496097,-1.711316,2.038352,-2.206199,-0.18364185,0.59827787,-2.2755902,1.5522101,1.7125694,-0.36690354,-1.4415876,-2.1610568,-1.1984763,-2.7352078,-2.9871855,-0.98346806,-1.9866184,-2.237179,-1.1876608,1.5206429,0.46677437,-2.6236308,-2.604206,-2.0294733,-1.8323326,0.5641831,-0.57579035,-2.1559393,-1.8658494,-2.4092166,-1.2475713,-2.1482003,-1.0653594,-1.4979917,-2.3488872,-1.6248502,0.39624548,-1.7060163,-1.9594173,-0.07924823,-2.9259148,-1.071916,-2.9887683,0.6807031,-1.7247641,-1.1226743,-2.207639,1.5153971,-0.7932687,-0.12112861,0.8767804,-0.17352137,1.4612219,-1.3538575,-2.1734922,-1.9413141,-0.20251927,-0.90125483,0.040013757,2.0699704,2.1437168,-2.749918,1.3489429,-1.561012,-0.29636762,1.5725968,1.022435,0.2387563,-2.6756516,-0.5645713,-2.0681758,1.822111,-2.7083094,1.6954242,-2.7931435,-2.0742385,-2.0032694,-1.9471129,2.442066,-0.38865203,1.0536075,-0.47090706,1.5847428,0.6708076,-1.1745528,1.1152828,-1.5156953,-1.4242507,-0.7395985,-2.062112,1.1520813,-1.1149436,-0.97486037,-0.13741463,1.8216895,-1.2212244,1.172089,-1.3832299,0.6183772,-1.6719553,1.5193629,-1.0490861,-2.0979652,0.20061864,0.6782613,0.87883663,-2.1705298,-0.6277254,-1.3563509,-0.060447194,-0.22257856,0.0058534276,-0.23880678,1.4162124,-0.044985607,-2.5183053,-1.6274431,-1.2199687,0.6942217,0.5142213,0.25976062,-2.4749224,0.62602556,1.4273629,-1.080556,-0.88987154,1.152794,-2.8138835,-0.19284952,1.0324237,-1.1956651,0.63485956,-0.0424707,-1.5006723,-0.49721,0.35279596,-2.2438507,1.3774155,-0.9455362,1.1070398,2.1993377,0.765785,2.1449943,1.3809263,1.4235734,2.4003892,-0.10442172,0.016426137,2.2114344,1.5979682,1.6215187,1.4890578,-1.2803771,-1.1827534,2.056503,1.6791182,-1.3719356,-0.46565518,0.36636114,-0.16172676,1.9783595,-2.1095138,1.0257761,-0.6409386,-0.16502543,-3.2107062,0.42806,1.7907372,-0.3466549,0.11050937,1.5226419,0.25557587,-2.4709818,1.300399,-2.5808692,-2.1867754,1.6496968,0.6762367,0.87281877,0.13468462,1.9282968,0.77266073,-1.1930313,1.8488381,-0.2729581,1.2506946,1.347491,2.0903714,-0.64104605,-1.501,-1.1536211,2.0271173,0.33363557,1.9673545,2.678654,1.7702061,1.9183209,1.1668241,2.0845268,0.13890664
2.5578227,-0.33683065,1.476256,-0.57897365,2.58626,-1.0603341,-0.65499246,1.244913,-1.242744,-0.88282406,-0.09986503,-3.6918862,-2.387408,1.0922141,-2.0699258,0.78076196,0.816547,0.15762363,1.83439,2.1622458,0.55718094,-1.0950817,0.91095877,-0.23631059,-0.6009479,-1.4318585,-1.9818857,0.21303542,-0.54458976,0.59563583,0.52942836,0.730123,-1.0691807,0.52127784,-2.591852,-1.6656733,0.6497572,-0.9482484,-1.7735804,1.2626412,0.3233285,-1.919878,1.7332917,-2.434602,0.83550984,-1.6365471,0.5847334,1.0616248,0.9133284,-1.4242144,-0.42320356,-1.6337115,0.9288629,1.8241974,-0.8143906,-1.4216855,-1.9457732,-2.8562534,-1.9318298,0.32220116,1.3648804,-0.43544447,-0.5226495,-2.2160907,-1.3547357,0.07118215,-0.29828683,1.4546629,1.1929084,-0.81129575,-3.919698,1.3130572,-1.1776854,1.6421824,-0.07211229,-0.6289973,-0.3894375,-3.2255044,0.22122368,1.7878808,-0.03269326,-1.6129144,0.37162188,2.2054684,0.66393024,-0.22536927,-2.8609555,0.08329934,-1.5788572,-2.3073246,0.017944733,-1.3491689,-0.95366895,0.080866374,1.0004015,-1.739558,-1.2086099,-1.4885268,-1.5820187,0.89069706,2.4072173,0.35847014,0.44335634,1.2665162,1.2816114,1.8887497,-1.7118707,1.0700119,-1.1033767,-0.36333063,-0.6741304,-0.093049735,-1.140452,1.257813,-1.6208631,-3.289629,1.9825873,-2.0764177,1.489702,1.3393289,1.2036967,0.35149518,1.1712906,1.6498855,0.025853314,1.8452774,-0.8048798,0.7470573,-2.9525201,1.1308079,-0.8057849,-0.9095843,1.5071471,-0.57607126,-1.6524754,0.4554703,-1.0150629,-0.7493738,-1.9759593,-0.9179981,0.92529446,-1.0595425,-0.6642274,-0.44492534,1.2656518,1.4226966,-0.85892344,-0.38896465,0.249304,-0.036666878,0.9046967,0.242461,1.2089503,0.94102645,0.28454587,0.47143826,-2.5108185,0.3835703,1.7545625,1.0980637,0.6791884,-0.99365985,0.33743232,-1.8997495,0.42149478,-0.48787618,-1.1546685,1.1441773,-2.227986,0.57775915,-0.27461553,-1.033897,1.0135759,-1.0082706,0.14118275,1.9934642,-0.42877784,0.44600174,-1.8004817,-0.90326416,1.1380806,-0.55902183,-0.39748806,1.0351328,-3.006231,0.483285,0.9290924,1.0627446,1.4674975,0.9889204,0.53862894,0.6465398,0.8631287,0.5088046,0.5656983,0.28666714,0.3765486,1.1597593,0.15257825,0.51563287
0.16068667,-0.52224976,-0.28501007,-0.11611225,0.13742909,-0.2869138,0.53940123,-1.0766088,-0.1370399,-0.3183158,-0.6960469,0.64727753,0.8334082,0.5711367,0.9030447,-0.85749626,0.1925633,-0.9605975,-0.12858742,0.2660156,0.15235677,0.5349782,0.42576993,-0.42136884,-0.4158609,0.35815647,0.3670193,-0.14446913,0.70158577,-0.9842048,0.42480087,0.49220073,-0.04048971,0.7830138,0.60889095,0.73680997,-2.253484,0.091407776,0.18149954,-0.7801672,-0.08746032,0.41335645,-0.6412592,0.9325186,0.39757887,0.8800935,0.9853323,0.5632594,0.8093041,0.24746999,-0.17749201,1.550996,0.71384406,0.5121051,-0.5537595,-0.8490417,-0.7553051,0.15144089,-0.8555106,0.58177155,-0.46107188,-0.35888907,0.32991165,0.21753299,0.6013206,0.42522007,0.4336544,-0.23168635,0.48129463,-0.4199863,0.4577614,-0.1419344,-1.0237203,-0.2942799,0.03808293,0.17826487,-0.2869233,-0.2778853,0.3558743,0.060063295,-0.7753847,1.1099511,-0.0817349,0.27296513,0.6712407,0.8066799,0.44964084,-0.17652577,0.24260251,1.6122842,0.018447721,0.7453615,-0.05531568,0.5000398,0.69183576,0.9282626,-0.04565905,0.22944406,-0.08988035,-0.07870142,0.25122947,0.8328657,-0.14696541,-1.8007796,0.2785789,-0.806483,0.8817781,-0.21987271,-0.044437878,-0.56571203,0.7103522,-0.392156,0.5693731,-0.53138775,0.38317728,-0.17382188,-0.11386758,0.83146155,-1.1655158,-0.28163946,1.2075591,0.386153,0.13366,0.0042255456,-1.4997275,-0.79414445,0.2756069,-0.3945448,0.26833135,0.31836858,0.8778389,-0.0019608736,-0.27301162,0.7634132,0.2825067,1.1927629,0.8741805,-1.2559608,0.44219613,0.74005604,-0.0640094,0.07576942,-0.66153723,-1.6760504,0.79767853,-1.3889757,1.2876137,-0.37777844,-1.0890555,1.3160267,-0.059661545,-1.5357599,0.46433213,-1.087679,-0.6641523,-0.03792631,0.6279119,-0.0735412,0.98011726,0.0064786077,-0.5564188,0.3338233,0.24536492,0.4682005,-0.050880507,1.0972255,0.6171039,-0.43771157,1.6962327,-0.5721903,-0.9829058,0.49072593,0.21017599,-0.7634608,-1.3384476,0.31373176,0.35062736,1.1674881,0.3329769,-0.022467285,-0.021919701,-0.9096698,0.5962483,0.12254013,-0.010500919,1.4734714,-0.38352054,-0.45131248,1.2913748,-0.28053904,1.2001973,-1.0246289,-0.8976493,-0.6794844,-0.67174023,0.34176382,-1.0107698,-0.35100248,0.09369796,0.63526326
-0.5549341,0.6385093,-0.62823224,0.38699752,-0.43533066,1.0021483,-0.69384736,0.7018547,-0.35587147,-0.7986572,1.10923,-0.020591047,0.012376968,-0.012006937,0.66847366,0.7673944,-0.72154945,-1.8580945,-0.9104673,-0.30836883,0.21538633,-0.81655264,-0.6201634,-0.77218723,0.51455516,0.093260035,0.85118127,-0.24832843,-0.38976145,0.6292897,-0.26062897,-0.47709996,0.59577966,-0.46924412,0.779234,0.47743472,-1.1271113,0.46903068,0.4766401,-1.3695389,0.12276425,0.41962472,-0.48926395,0.8836726,-0.5160997,0.90002364,0.768088,1.3193454,0.16881835,1.4012711,0.37924054,-0.5684604,-0.4861031,-0.46362525,-0.7205505,0.3596542,0.5066577,-0.13892123,0.08735352,-0.35601452,0.101888746,0.2884131,1.3683472,0.7660809,1.0684172,0.29365787,-0.5446796,1.0174809,0.14253274,0.9754597,0.12631589,-0.41815794,0.597802,-0.9783236,-0.75758326,-0.2610559,0.56723887,0.09754765,0.4945594,-0.25639403,-0.7044837,1.0957706,-1.1215141,0.2493651,0.48674524,0.14555325,0.80275655,0.00504962,-0.68273497,0.42075366,0.14912194,0.46193886,1.179506,-1.0545567,0.34562525,0.20909601,-1.9684719,0.5240706,0.8239,-1.6933541,-0.78928596,-0.6217491,-0.52154464,0.13973776,0.62597394,-1.4128417,0.5887796,-2.0627038,-0.71657205,0.41987297,0.30100673,-0.4548236,-0.63708115,0.33202308,0.7263753,0.88793945,-0.36753303,0.7148797,-0.7323019,-0.12967817,-0.055336274,0.36727726,-1.3397659,0.91470444,0.90652895,0.43430597,-0.011094997,0.0029875278,0.8313659,0.9822692,-0.02856707,-1.3558226,-0.091880985,0.12993193,0.24980329,0.73651195,-0.22821298,-1.4760228,0.29148638,0.1952987,0.30383247,-0.36573315,-0.35836753,1.538009,-0.5364257,-0.4435151,0.60808975,0.35244185,0.10124737,0.2765035,-0.713818,0.10444359,-0.41723663,-0.028548732,0.3731779,0.42562133,0.51832765,-0.42300066,0.3137688,0.601075,0.6267234,0.5018119,-0.515601,0.5980376,0.16912343,0.09104059,-0.24746245,0.8306645,0.11835597,0.8451439,-1.0861262,-0.72155774,-0.09439923,-0.6761645,0.48943722,0.043253593,0.6655443,-0.51478034,-0.24826936,-0.03157708,-0.46811005,-0.33446875,0.5179412,0.40810132,-0.8208463,-1.3599489,-0.9365015,-1.1779852,-1.3915361,1.1425966,-0.63130736,0.27238753,-0.67271,0.010708563,-1.3442452,-0.42837772,-0.09265813,-0.012719632,0.20808916,-0.21460064
1.4909881,-0.018362835,0.9729711,-0.6855019,1.4560524,1.1783766,0.5908584,0.2243165,0.075630054,0.42836988,0.0241232,-0.57454187,-0.5757656,1.1686447,-0.75055754,1.3463976,1.7503104,0.45758876,2.2935305,0.2884674,0.21200474,0.97454226,1.3550382,-0.35359702,-1.487411,-1.989726,-0.42980102,-0.8826541,-0.60270566,1.1295434,-1.0207502,1.5866823,-1.3736277,1.2512169,-0.32620785,0.7036505,1.0401704,-1.4987458,0.033350717,1.9250218,1.190973,-0.018876772,1.735686,-2.369029,-0.39783323,-1.3462465,-0.9572058,-1.7147195,-1.3806541,1.9175305,-1.1700768,-1.4086573,1.2031791,2.3329601,-0.11948261,0.105647534,-0.33403566,-0.10824575,0.68927026,-0.2532059,-0.23736979,0.9335315,-1.4070299,-2.3407009,-0.82887393,-0.35887656,-0.964069,0.5383261,1.101596,-1.8238499,-2.1710503,0.24414372,-0.74429184,0.5642505,1.1533631,1.539271,-0.17307328,-1.7828416,0.41166055,0.8239997,0.58260137,-0.9952056,1.2671504,1.4394871,0.47099844,0.6491462,-1.8169439,-0.83401555,-1.6368561,-1.6463492,-1.1785665,-0.38347545,-1.6861986,-0.26049098,-0.22344123,-0.20014629,-0.19434956,0.026166275,-0.6142068,1.0756394,0.26772493,-1.2987343,1.3103284,1.1284307,0.17676315,0.38988578,-1.8039931,-0.062086426,-0.5287616,0.621024,0.06943828,-0.21608512,-0.27777886,-2.6765287,-0.48856536,-0.34919938,1.7172706,-0.0856548,0.36639193,-0.5557682,0.8492823,-0.51741964,0.23672353,0.31076849,1.4132196,1.6193527,0.6093343,0.5958727,-1.8408732,0.27309692,0.093507804,-0.17482868,-1.1540557,-1.8185765,-0.86977017,1.027344,0.45561466,0.13733327,-1.2239947,-0.7949846,-1.4522165,0.44175613,1.3450812,-0.1264687,1.5639234,1.8558697,-0.7513709,-0.8029687,0.31241032,-1.3642042,0.25320855,-1.0539573,-0.11301364,-0.14349806,-0.08885812,0.60509807,-1.2653451,0.6457536,1.2392337,0.20339806,-2.2830331,1.0038277,0.8629067,-0.26831704,0.70528376,0.7807866,1.0943063,-0.07308103,-0.80992436,-0.33394647,0.38425535,0.42241618,0.77261513,1.9580171,0.4016774,2.1977463,-0.15535773,-0.5259556,0.011692191,1.2160187,1.2375045,1.1819268,1.2573533,-0.41649652,-0.40646377,-0.8544124,-0.07977392,-0.3475437,0.7424872,0.24867906,-1.9826906,1.5460446,0.5167742,0.60856307,0.97799253,0.434366,0.17557377,0.32069582,0.5005716,-1.0966603
0.18139349,-1.7225599,0.39835194,-1.2009525,0.77732915,-0.28022256,0.3771155,0.16418655,1.1498791,-0.18113576,-0.48893824,-0.19677527,0.11220124,0.7627021,0.82078207,-0.62179554,0.9785637,1.2017869,0.6297864,1.18875,-0.42346314,0.4937726,0.5693432,0.8311868,-1.4938233,-0.9666388,-1.0983665,-0.33017564,0.5359805,1.041654,0.9378282,0.46535444,-2.2622771,0.58989054,-1.2582393,-0.6979003,0.07294919,-2.117742,-1.6726742,-0.7521603,0.571646,-0.6470106,1.359777,-0.49927717,0.21701747,-0.033889197,0.6586395,-0.4544288,0.6125314,0.41849494,1.1214104,-0.623288,1.4923903,0.81825054,0.38916427,1.2444773,0.092271954,0.022342632,-0.024093304,2.256574,0.3482116,0.50906533,-1.2511151,-2.5654166,-2.0629187,-0.8606933,-0.88761127,0.9800154,0.14085183,-1.7644293,-0.71174324,-0.9949896,-0.6299057,1.1934718,-1.3477738,0.15308143,-1.1393062,-2.1540089,0.15965861,1.4139376,-0.7477482,-0.20153369,1.11747,0.5650725,-0.73510784,-0.32750836,0.2426792,-0.780718,-1.0718954,-1.8271158,0.3404527,-0.27271646,-0.53716844,0.80877256,-1.277649,-2.0290067,0.6474711,-1.9196162,0.18304422,1.6295756,1.1602052,-0.60079026,0.71766096,0.60466284,0.99828684,0.455358,-0.39850268,1.4084123,0.6960728,-0.33417168,-0.4068399,1.1136603,-0.053020254,-0.4420572,0.34149382,-0.75912297,1.3013266,-0.82924604,-0.019023484,-0.7291719,0.61152023,0.15651324,-1.4710672,0.4191938,0.76817226,1.4777329,0.33457333,1.9682298,0.12258973,-2.3702815,0.27740997,-0.20505641,-0.62747246,-0.025154434,-2.6453407,-0.05415962,-1.2315115,-0.5343413,-0.6976493,-0.8415008,-0.32826632,0.3915432,0.008628856,0.29763007,-1.1825414,-0.28120646,-0.70847046,-0.4410998,0.25713596,-0.70368737,0.12942229,0.26584104,0.36469394,0.0640277,-0.35772264,0.5363548,0.66670287,0.47262296,-0.09815705,0.20588894,-0.28522843,0.22740234,-0.089303,-0.75876075,-0.73073417,-1.0690393,-0.5455232,-0.5800171,-1.8310416,1.7540991,-1.4658911,0.9240645,0.792226,0.7945815,-0.31939998,-0.115014546,0.3073374,0.046931908,-1.0178732,0.17994562,0.25347355,-0.27248067,-0.6581839,0.95994854,0.37351876,0.25181875,-0.3876626,-1.3761848,0.4393773,0.5885777,1.0677633,0.2985238,-0.44196782,0.795893,0.6828099,-0.34244707,0.86121523,-0.3595338,0.40225032,-0.5672172
-1.5777117,1.4608508,0.19832404,0.67704535,-1.0368793,0.9411808,-0.6018957,1.3104575,0.41660553,-0.3592679,0.35955817,-0.34324795,0.7541763,0.008449795,-0.79778,0.6818145,0.60910755,0.064795986,1.0128542,1.246365,1.1226172,1.0646198,0.10090011,1.2709187,0.07313158,-0.22600438,0.78369707,-0.51358026,-0.45895374,0.87750566,-0.3067928,0.16607702,0.8811456,-0.63740444,0.35741258,-0.018320765,0.91175264,1.3834541,0.17686714,1.0131764,0.7119808,0.07653426,-0.6291402,0.5531999,0.11224273,-1.7734674,-1.7488426,0.068424344,-2.3461483,0.3203945,-1.7725054,-0.88684183,-0.5309016,0.80128753,0.22716199,1.1023486,0.17071658,-0.6374527,0.123919226,-0.13267203,-0.46567145,0.36002427,0.8220915,0.3567813,1.3740772,-0.35418174,1.1331133,-0.84451777,0.29204813,0.5537898,0.76855445,0.90026665,0.35700276,-0.18178499,-0.016264241,0.3451753,-0.23593009,0.8477167,-0.41185263,-0.6487795,0.7677828,0.41125813,-0.89236563,-0.47374272,0.1674024,-0.017407374,0.11827078,-0.30309594,1.1154768,-0.61291766,-0.35514212,0.8611701,0.0664831,0.101123355,-0.33766466,-0.13821948,0.7927483,2.0009909,0.17200334,1.3143677,-0.34800702,-0.32884884,0.5622955,0.93128866,0.16274959,0.9954524,-1.4514781,1.0320334,0.7011145,0.22863981,0.6980087,1.4369581,1.5803834,-0.9400272,0.81859875,-0.29011253,-0.511947,1.2531875,0.17998306,-1.6893849,-2.3688557,0.38244006,0.5020107,-0.4362376,0.12796563,-0.4445439,0.2789529,0.0621162,0.4526034,-0.31067666,0.076934464,0.8092238,-0.32557178,-0.50547266,1.0240372,-0.9264084,0.49912107,0.57914114,0.32814026,0.27663594,-1.4476708,1.7928468,-1.0423467,0.3818485,0.85066664,-0.27934185,-0.51898944,-0.80736995,-1.0039512,-0.8537664,0.043839566,-0.48857948,-1.5113909,0.31117785,-0.511395,-0.6593376,0.85414976,0.5257817,0.26719165,-0.8740384,0.7580259,-0.17319243,-0.046679445,1.0791228,-1.4227837,0.19150205,-0.12920414,-0.062822275,-0.70667344,0.14007682,-0.6510887,0.83096755,-0.24140878,0.46238795,0.7585695,-1.0306864,0.12420513,-0.5956289,-0.21956183,-0.43412182,-0.507777,-0.5080783,0.74401,-1.4647703,-0.0037927218,-0.7172361,0.42703798,0.09179038,-0.7989895,0.4260656,-1.3295532,0.20878011,-0.05855741,0.070292436,-0.60313624,0.41997948,-0.58186644,-1.2993703,-1.3761779,0.051164515
-0.080199525,-1.682581,-0.91056126,-0.42873383,0.09498669,-0.29146487,0.082755566,0.3704496,0.7038235,-0.17806941,0.11510604,-0.86225647,-1.3001261,-1.3549589,-0.28856316,-0.24416234,-1.7279474,-0.5849281,-1.023083,-0.5578187,-0.84753186,-1.6917058,-1.3076553,-0.9388831,0.24444753,0.30079338,-1.0305462,1.9348958,0.39309993,-1.259751,1.4569268,-0.45833346,-0.47016892,-0.06280014,-1.1535014,-0.78495073,0.9292046,-1.5675771,-1.1056147,0.07053933,-1.8140063,-1.0460001,-0.75270665,-0.73557603,0.47819626,-0.3321785,0.4535714,0.14780301,0.87292266,-1.8160726,0.027273634,0.4120337,-0.23338352,-1.6592671,-1.6616485,-0.85951304,-0.6038232,-1.5829976,-1.892639,-0.689695,2.2882082,-0.5219676,0.1687663,-0.2561326,-0.37296632,-3.5463815,-1.5124881,-1.2120854,-0.40222785,-0.78730243,-1.6266793,0.8775535,0.4652002,-0.63846916,-0.47478232,-0.37940428,-1.3783944,-0.22973858,0.8461757,1.1523178,-1.4444547,-2.2054095,1.9884982,1.2675365,1.8944669,-1.1688068,0.46056536,-0.7664329,-0.2517821,0.043153822,0.22698739,-1.8841354,0.6769993,-0.5018125,0.9423191,-0.50290823,-0.28289747,-0.5806483,2.1667857,-0.9244809,0.44812834,0.2775982,-2.5005784,-1.9510454,0.84266585,-1.0521356,0.3133824,-0.80372393,-1.8153234,-0.43907568,-1.7631371,-1.0634959,-0.4528385,0.8538818,-1.2563531,-0.2533618,-0.7276467,-1.8547585,1.6318734,0.31850916,1.2589945,-1.4096061,0.63988924,0.2311737,-0.039398603,-3.7125866,0.8846502,-2.0954938,-1.7848246,0.27930042,-1.667631,-0.032407284,0.6503157,-1.3198653,-0.12630624,0.33715484,-0.5695817,0.39028612,0.28981465,-0.03126469,1.5202942,-0.19977702,1.3972155,-0.018426435,1.0876124,0.93344086,0.009006588,1.9971294,1.6625205,1.3822263,0.96411294,1.7755009,1.3538624,-0.050403565,2.0323126,-0.73412603,0.6524468,-2.2428694,-0.0068639517,1.7422712,2.440424,0.564793,1.0443902,-1.6270893,0.90116245,0.19771382,2.1749334,2.6047103,0.45533895,-1.1596419,3.1867025,-1.5902748,-1.5110952,1.0028703,0.42910776,-1.211593,0.61009914,0.15718909,2.3113227,1.7052623,0.3863018,1.8316672,1.1893992,1.6179681,0.6868804,2.6275532,1.5663058,1.9372143,1.0998518,0.003636729,0.6574005,0.2975627,2.1651568,0.49643314,3.0961058,-0.26453266,2.169053,1.7293179,1.8523306,-0.49202132
-0.34936625,0.031839363,-0.29178086,0.63861734,0.6768668,0.6809206,0.67886704,0.08127296,0.41247064,0.77996486,-0.038335405,0.002439905,-0.088733286,-0.17571,0.23512223,0.24070634,-0.4028038,-1.1042998,1.1882213,-0.24690741,0.82287794,-0.25269815,-0.04870221,-0.713662,0.5822349,0.23732214,0.3819861,-0.34184715,-0.31750086,1.1565484,-0.22793284,0.5071561,-0.8943081,0.8129404,0.24567194,1.0174409,-0.6758298,-0.41477627,0.13574666,0.8375513,0.37590352,0.9859895,1.258749,-0.9588443,-0.88143396,0.43539405,-0.07561752,-0.59347373,-0.21079417,0.4459994,-0.16560741,-0.5176617,-0.7865946,-0.08186891,-0.37269738,0.7325064,0.8667752,-0.359718,0.0046156617,-0.086399406,-0.4936882,0.24607435,-0.54411006,-0.04042295,-0.25277048,-0.09563441,-0.39731434,-0.098538615,-0.5626143,-0.90251046,-0.53747106,-0.38036233,0.36342305,-0.59750307,1.0938929,-0.5434726,-0.41840357,0.17050754,-0.5334061,-0.40193197,-0.61138743,0.2649677,-0.64768165,-0.68019384,1.0010612,0.1124365,-1.0953829,0.31099802,-0.35247356,-0.34261328,-0.6138395,0.45782435,0.21175972,-0.17580518,-0.1913227,-0.5414494,-1.6665937,0.7786912,-0.2165315,-0.57160354,-0.6546014,-1.2595786,-0.55724365,0.4593201,0.40337014,-0.22496888,-0.7814158,-0.75296795,-0.71299505,-0.40043256,-0.16448283,-0.313146,-0.04658126,-0.07786869,0.4947217,0.3726644,-0.43869284,-0.818638,-1.5735208,-0.20373853,0.16295128,0.15013653,-0.07959902,1.120575,0.36131963,0.50937545,-0.6577534,-0.30471143,-0.119996674,-0.21222845,-0.8010507,-0.84512174,-1.2994033,-0.24420202,0.21242294,-0.17979494,-0.5989723,-0.05211305,-0.010654651,-0.7724456,0.32180113,1.2308245,-0.43425706,-0.29468763,0.814949,0.197066,1.2403605,0.041670788,0.20129886,-0.47528553,0.965253,-0.23775628,-0.010025978,-0.47272918,0.5352347,-0.6694748,-0.25948158,0.81307733,-0.086140424,0.5976676,0.18030785,0.7354672,1.1739194,0.5958205,0.85623085,0.5021087,-0.7861544,0.36232403,-0.9990867,-0.7177299,-0.86820453,-0.86277866,-0.93135583,0.5536707,0.96399534,0.105262876,0.64788926,-0.6153306,0.42245424,-0.94575655,0.14956306,-0.29779792,0.7159305,0.40429384,-0.040985934,-0.19174126,0.027682709,-0.7550141,0.32829994,0.7090379,0.2361405,-0.10139622,0.1605768,-0.108735375,-0.3528254,-0.49423158,0.59217155,0.6746543,0.46085298,-0.8142279
0.024876986,-0.66088194,0.25442007,1.1033553,0.2934375,0.8928025,0.6190988,0.07450946,1.0541327,1.5723163,0.2836655,0.1305217,0.6404514,-0.52304304,-0.6183238,0.75973535,0.108529046,-0.06072022,1.5612991,0.1671536,1.1262007,0.40810448,0.048097108,0.93244714,-0.006436117,0.26212516,0.010429379,0.6945127,-0.19760737,-0.49257943,-0.5360539,0.20555383,-0.006992273,0.7098166,-0.30636927,0.6910194,-0.3640365,0.10403262,-0.14432968,1.061595,-0.5599452,-0.09220658,0.8591963,-0.4377482,-0.18857725,-0.5424696,-0.6378177,-0.32782134,-0.8072866,-1.3698844,-0.77187616,0.7541225,0.43695608,0.04522515,-0.95096165,0.3294582,-0.47357735,-0.3368413,-0.39223295,-1.8456997,-0.22777289,0.75264907,-0.091966376,-0.32645842,0.09067883,-0.23727745,0.075346306,0.42124614,-1.0568064,-0.14422168,-0.724,-0.03220936,-0.015394362,-0.01266589,0.0018001394,-0.023703989,0.49027961,-0.18507205,-1.1506631,-0.07484016,0.49275276,-0.34451804,-0.020077612,-0.05718912,-0.914267,-0.47530425,-0.48925373,-0.080253944,0.11261433,-0.5762446,0.23304076,0.048998553,-0.44207963,1.2895604,-0.8559629,-0.097180985,-0.25704134,1.146175,0.67598397,0.81672156,-1.4757175,-0.7663833,-0.5878263,0.7870949,0.24294908,0.47294754,-0.41515633,0.7971382,0.056707174,0.51993835,-0.060000997,-0.01257606,0.83462685,0.19898692,-1.06495,-0.12693839,-0.66639006,-0.14800534,0.4483133,-0.8147135,-0.24561094,-0.9523314,0.7838136,-0.7453848,0.63766766,0.1754337,-0.4812259,-0.19787958,-1.6399946,-1.1957227,-1.1128362,0.2355536,-0.12288072,-0.42873204,0.23374093,-1.3391342,0.51677084,0.1010358,0.35404545,-0.13398585,0.6625493,0.812215,-0.04936679,0.18290289,-0.014793431,-0.06827022,0.6122197,-0.15559237,0.022168487,0.50229615,0.38782543,0.345061,0.3620888,-0.65325165,0.21807997,1.2724648,0.4681434,0.17677969,1.5272952,0.04756406,-0.4179287,-0.1423649,-0.6864099,0.33216506,0.9627048,-0.26589292,0.04670585,0.77764225,0.45268843,0.44253337,0.5682744,0.36199233,-0.905717,-0.5841327,0.15371798,-0.13408355,-0.26701096,-0.45623723,-0.14210398,-0.19424823,0.95827794,0.07834211,-0.518904,0.35005742,-0.67214906,0.42155194,0.38726133,-0.38053378,-0.044403285,-0.21582095,-1.066961,0.5914661,0.29070684,0.5945512,0.6332039,-0.92908454,-0.15392908,0.008104949,-0.004349781,-0.1971458
-0.68535954,1.3596714,0.901431,0.20459826,-1.1940143,0.12096653,-1.8714428,0.43163195,-0.3655214,-1.8553331,0.30980003,-0.069491774,-1.4111296,-0.8449836,-0.4686546,-0.19651692,0.09892036,0.649583,-1.7564876,-0.5553802,-1.6479613,-0.46568993,0.2675651,-0.4828944,1.5045233,-0.3041279,-0.051311526,0.19539298,0.6516175,-1.3205425,1.10562,-1.7305744,1.9089385,-1.8016661,0.5332922,-1.5964261,1.1212115,0.5875828,1.3583612,-0.7469009,-0.38853708,-1.3163497,-1.2891096,2.0802429,1.2944139,0.015700482,0.4630222,1.7156503,-0.56359875,0.27815711,0.11857308,-0.40921816,1.2422081,-0.04347299,-0.4785993,-1.2950863,-0.5245187,1.1130122,0.7004901,-0.97582346,0.9806946,-0.7126767,1.5166051,0.32471377,0.25916168,0.9442799,-0.15250422,-0.10830291,0.0010468224,1.8048666,0.64023453,0.8047034,0.14447814,-0.6708256,-0.18163572,1.0223391,-0.13864677,-0.15771405,0.4413265,-0.16707855,0.5376036,-0.9098684,-0.13456587,0.48747498,-0.84310085,-0.048853524,1.3302666,-0.7065994,-1.0456825,0.50132334,0.10543223,0.43158475,0.9385224,-1.4715313,0.3977391,1.2734052,1.2943684,-0.36893386,-0.15611018,-1.4869174,0.13007243,1.8817039,1.0935541,-1.4904624,-0.82251894,0.125986,1.3502284,-0.35654905,0.28333595,0.777485,0.36341086,-0.016940435,-1.8858706,0.20525853,0.46436754,0.9455526,0.11308983,1.4825552,0.9601684,0.100140706,-0.24528402,0.85554993,0.30052826,-0.7805712,-0.77165097,-0.57404774,1.089234,0.48601478,1.306494,1.3178892,1.3854523,-0.2058949,0.5775608,1.088917,0.4713231,0.34264675,0.5522646,-0.5425001,0.29988897,0.6592561,0.72721887,-0.38988695,0.089792445,0.12800767,0.18475415,0.21731777,-0.1087987,1.2736272,-0.67536885,-0.11376721,-0.2434041,0.40055925,-0.83181095,0.7983014,-0.47021133,0.3345649,0.7566685,-0.2658502,-1.1670582,-1.143895,0.048622645,-1.0811745,-0.6492171,0.0950118,-0.34600273,-0.42710435,0.8089451,0.47692314,1.1850398,0.83976007,0.47165674,-0.93343675,0.9756724,0.8289212,-0.68028915,0.24773318,-0.24138601,-0.0985225,-0.339444,-0.04245037,0.091120854,0.26033548,0.14598913,-1.0969604,0.07189235,-0.5460606,-0.0012265216,-0.66639286,-1.11299,-0.9512808,-0.7109014,-0.6663434,0.63156533,0.37641227,0.0098649515,0.692729,-0.212551,-1.3464096,-0.63479924,1.451078
0.2541911,-0.18851687,-0.18156865,0.8728538,0.50832605,1.0635344,0.91163236,-0.49458933,-0.48579577,0.53735185,0.8864033,0.64869905,0.47282842,-0.45261508,0.35842022,0.94008046,-0.09598656,-1.4469668,0.5684582,-0.09513251,0.46448553,-0.21560577,-0.7997134,0.18620606,-0.7622571,0.17405395,0.37473378,-1.1731685,-0.24598171,0.4043275,-0.60107,1.0212293,0.45197394,1.2775687,1.0785469,1.627708,-0.8222349,-0.6177343,0.7401959,0.943466,0.16075304,0.8300467,0.18779962,0.11924089,-0.12695475,0.53171086,-0.3003559,-0.41667777,-0.81529236,-0.18122551,-1.0437349,-0.1574414,0.8547715,0.19580117,0.059866603,0.45194182,0.2912033,0.23946507,-0.019932482,-0.1426769,0.79805815,0.46235955,0.936355,-0.19436936,0.5137855,0.9278508,-1.1551769,0.06701451,-0.49966004,0.6208972,0.28224057,-0.7594546,0.90903676,-0.14387146,0.18067081,0.4574266,0.056870174,1.2059058,0.69011927,-0.08468625,0.27586848,0.77236956,0.78503793,-0.683577,0.7039553,-0.39149436,-0.70356435,0.45755583,-0.27526104,0.6741679,0.25554565,0.4505075,0.24593219,0.8514463,-0.094376795,0.63975453,-0.38135034,0.9375952,0.6147582,-0.060234666,-0.2616585,0.11618445,-0.110790186,1.0530388,-0.88013357,-1.0401146,-0.48284528,-0.6627859,-0.17064056,-0.42376012,0.07650888,-1.4182005,-0.4703215,0.24350582,-0.6014792,-0.19543687,-1.2101324,-0.690129,0.84116983,-1.0721391,0.42324716,-0.71818376,0.59405684,-0.15484205,0.91680497,-1.0804002,-0.09670399,-1.1209124,0.35083577,-0.8322867,-0.40892363,-0.096426114,-1.003993,0.3856899,0.28513864,-0.3059628,-0.1369918,0.22784358,-0.51419723,0.013892401,0.691294,1.0567876,-1.3127427,0.00057479553,-0.01889675,-0.94528383,1.0330884,0.5985578,-0.72612286,0.303371,0.7165231,0.27826154,1.4066068,-0.26358014,-0.90235007,0.59095496,-0.10721159,0.50044197,0.6816917,0.44495112,-0.5964323,-0.2358406,-0.46273297,0.9271641,-0.07651175,1.0299524,1.2366858,0.7911241,0.6574287,-0.6534102,1.0209527,1.0503871,0.030381022,-1.5719281,-0.56753963,0.008175099,-0.33938664,0.43882924,0.42230755,1.3627154,0.7041137,0.9585667,1.2131072,-0.6830229,-0.27739352,0.30770162,0.18968998,-0.587246,-0.21567687,0.22565693,-1.0038601,0.11768134,-0.4133412,0.873369,-0.20813547,0.0429165,-0.84546965,-0.57246053,0.6648645,-1.4024171
-0.20932676,0.4208108,0.6351979,0.6772474,0.49561334,0.43657374,0.77792686,0.47420633,-0.8650946,0.6789082,-0.07835858,-0.25681823,-0.6369954,-0.33283857,-0.13027005,0.16985705,0.09799264,-0.1292571,-0.12500577,-0.8110834,0.2984489,0.4887831,-0.23728105,0.12290841,0.44186583,0.42574117,-0.0768237,-0.11376105,0.2526005,0.35314128,-0.5946537,0.07362624,1.20421,0.56553197,0.09486836,0.10097683,0.09160902,0.24066815,-0.1111847,-0.8439239,0.9154753,-0.1584238,0.31211802,-0.4733415,0.5963596,0.29194123,0.29643822,0.16426602,0.24999166,-0.08744457,0.1933869,0.3323827,-0.41999218,0.3749904,-0.5879465,-0.23142956,-0.034574147,-0.17126065,-0.0939242,-0.004824086,-1.4060034,0.8870333,-0.002204522,-0.01998699,-0.32595313,-0.19400956,0.071420126,-0.1453948,-0.39094618,-0.05899242,-0.728003,0.28974062,0.26881304,-0.11509475,-0.084130414,-0.6787473,0.45416003,-0.14427175,0.005493734,0.49032372,0.28281525,0.68472403,-0.58639735,0.19720158,0.45554173,0.21435595,0.38220677,-0.37914255,-0.5302347,0.40576425,0.47663698,0.57523835,-0.08207983,-0.1280714,0.3521485,-0.12013348,-0.6096083,0.32642835,0.6224132,0.74906576,-0.15884829,-0.23053282,-0.30253965,0.69764477,-0.11202146,0.7927668,0.337229,0.4212009,0.37365097,-0.34511766,-0.8585317,-0.46477032,0.39619967,1.3302592,0.10148494,-0.44498765,0.064064965,-0.37668258,-1.1457615,0.6782019,-0.37166023,0.1707595,0.10101618,-0.05559296,0.15773588,0.24781403,0.32349503,-0.045065142,0.33360964,0.6374856,-0.33856124,0.29114538,-1.0218638,-0.6620507,0.58369434,0.98679173,0.23927608,-0.20290749,1.054013,1.2781912,-1.0444921,-1.6286957,0.15114789,0.7907453,-1.4891826,0.57488364,-0.0023780167,-0.9114662,0.1889903,0.6451347,-0.042772926,-0.0018363819,0.72623,-0.36872357,-0.4373653,0.54942286,-0.40341473,-0.49686036,0.7396749,-0.052025765,0.22097984,0.03681642,-0.33549166,-0.5423823,0.053244933,0.17650276,-1.1602589,-0.7654751,-0.24674526,0.9529766,-0.5732352,0.39133036,0.21338914,-0.26706657,-0.43590385,-0.30432084,0.64589006,-0.16639464,-0.17038116,-0.4022813,-0.7460021,-0.6297769,-0.40303427,0.43713495,-1.162151,-0.60681665,-0.99695027,-0.07071711,-0.100108325,0.31269827,-0.11575034,0.021093022,-0.68071014,-0.2072125,-0.5635629,-0.4804638,-0.44132155,0.06000585,-0.16032518,-0.34681872
0.33207238,1.3147625,1.0421137,-1.5815585,-1.1149914,-0.77969044,-0.47288716,-0.5838295,-0.94790614,-0.82760423,-1.4394156,-0.7907198,-1.2510813,0.71677023,-0.04279535,-1.4159026,0.9740128,0.66339344,-0.5385837,-0.3278585,-1.1965382,0.5474463,1.3205272,0.23416312,-0.47712702,-0.0645657,-0.6208171,0.50058955,0.25889367,0.39759097,0.27870896,0.018103749,0.039346747,-0.7146061,0.022078909,-1.7678254,0.48489958,-0.53517735,0.081858724,-0.4439405,0.9692172,-0.26286995,-0.58507013,0.61711633,1.1071656,0.94209504,1.1488763,-0.036521785,0.33115217,0.57892454,-0.0054507907,-0.91161597,0.6341716,1.0740689,-1.0789034,-0.8582425,0.23874527,0.24140964,0.6387735,0.6899661,-0.2813195,-1.2175846,-0.51316524,-1.1056545,-1.5390023,-1.5741107,0.5282134,-0.59113866,0.38762417,-0.41485065,-0.44693765,-0.3240717,1.0436028,0.14669374,0.14891903,-0.52164406,-0.33534694,-0.27290416,0.56355435,1.1689863,-0.01091408,-0.23664318,-1.33775,1.3622135,1.0411928,0.09067849,0.5785735,-1.0110406,-0.5593527,0.20207614,-1.1711448,-0.3309274,-0.4717051,0.40497786,-0.8985502,0.19394659,0.300773,-1.1215072,0.077953056,0.20146771,1.350574,0.6634407,1.3333431,0.36371785,0.75603294,0.75819486,1.6154648,0.74963737,1.1540072,0.7362413,0.44099846,0.41107127,-0.55644596,-0.23975165,0.121037945,-1.1833254,1.291815,1.2348557,-2.0549288,1.4945793,0.12916201,1.6756719,0.2701866,-0.68115246,-0.90879434,-0.9434137,0.4893962,1.145963,1.6896996,-0.085704796,1.2967811,1.2989987,-0.112800755,-0.13436075,-0.40072724,0.7159624,0.16376376,0.23110211,1.2084906,-0.2812681,0.25720453,-0.5569809,-1.243478,-0.7311728,-1.2231601,-1.273276,0.28766286,1.3328247,-0.1820685,-0.35546118,0.36015898,-1.1450759,-0.60391617,-0.010875165,-0.15024886,0.087962344,0.2662347,-0.6694753,-0.9087943,-0.084423974,0.25927708,-0.35595047,0.39298582,-0.28439444,-0.111035384,1.2947092,-0.13838124,0.43802103,1.0022635,1.0274533,-1.4239444,-0.16578019,1.4740025,-0.23595269,0.62438715,0.45001054,0.0033432622,-0.84429497,0.04243114,-0.6186093,-0.018298764,-0.57659334,1.306928,0.8301248,-0.38373357,-0.6221605,0.43519557,-0.4067311,-0.34660286,-0.23373206,0.9250628,-1.1921012,0.36718544,0.08374303,-0.82020277,-0.60276914,0.3782856,0.22689156,-0.015167629,0.23535366
0.41342172,-0.16701499,1.8496386,-0.8175481,-0.08210965,-0.17458344,0.93681383,-1.072823,1.5723324,0.3327402,-2.943209,0.5404899,0.9985818,0.27016175,0.31856433,-2.2772539,1.2630581,0.39246786,0.1980533,0.3912069,-0.8168563,0.8404661,0.8626163,1.3105901,-1.7013947,0.6785724,0.04314133,-0.27313107,1.451209,-0.68852895,-0.28272435,0.63185066,-1.2040793,0.21585287,0.24411574,-1.1538392,-2.176099,-2.3178854,-0.9695506,-0.5548871,0.67150444,0.43786582,-0.076188475,-0.489676,-0.07216291,0.20944357,1.0880982,1.2151124,0.3244027,0.9926975,1.1225661,1.820814,0.069700986,0.9557917,-1.2286204,0.12675333,0.8097674,0.26728582,-0.14778322,1.5686005,0.7189968,-2.120889,-2.2082732,-0.7405233,-2.0718536,-0.8365973,0.56272095,-0.5429732,-1.1019248,-1.369511,0.38911128,-1.344492,0.43241593,-0.13572016,0.4559105,-0.7026382,-0.8231773,-0.64933527,0.10264313,1.0877275,-1.4793558,-0.5957552,-1.297303,1.0555671,-0.25188932,0.6202884,0.50087106,-1.975784,-1.2935369,-0.16397616,-1.468835,0.94882923,-0.8666013,1.6563216,-0.9571707,-0.5708163,-0.4271769,-1.5467734,1.4810023,1.2400786,0.92532176,0.47511375,1.485082,0.96990985,1.240144,-0.92072093,0.97520834,0.8587029,0.4761325,0.8671793,1.0206752,0.1461487,0.79419523,0.103837125,1.4746704,0.36691502,0.5970343,0.14643109,-2.0581348,0.55567646,0.70663255,1.0704856,-0.16652615,0.66414183,-0.4438468,0.03415144,0.7243654,1.4889892,0.6602035,-0.57269704,0.41004524,0.8765459,-0.7385014,0.028378054,-2.5372536,0.17334601,-0.9257235,-0.39231798,1.1978681,0.23360163,0.83983296,0.34493235,-2.6300812,0.18771061,0.5912825,-1.9862536,-0.35292602,0.4314795,-0.20577398,-0.46418965,0.41335022,-1.9677423,0.33410266,0.8202758,-1.027435,1.2716142,-1.4832644,-1.0013298,-0.09355503,-0.33413112,-0.019298786,0.89681333,-0.018585697,1.4508901,0.14070292,0.5447095,0.12573999,-0.5280415,0.08728927,1.035098,-0.70454806,0.176903,1.7292898,-0.3958282,-0.49879062,2.1489782,0.7059225,0.49917784,-0.06726093,-1.2143251,-0.76535267,0.3776139,-0.774128,-0.63613844,0.113779426,-0.44043088,1.2193737,-1.3158609,-0.29364985,-0.47907916,1.3744451,-0.1958804,-1.6013637,-1.3545187,-0.37118176,-0.24385983,0.40528935,-0.62441015,0.38932967,-1.5116401
-1.6005023,0.44355738,-0.5242512,0.6881589,-0.15270948,0.30691618,1.0168853,-0.22988789,0.55578834,0.6154342,-0.2995491,-0.41235155,0.18566807,-0.24344972,0.16476594,-0.74123204,-0.3778277,-0.06683035,0.44387805,-1.0286726,0.96242934,0.29617906,-0.088342115,-0.5709616,-0.1356359,0.86960065,0.2924211,-0.13731572,-0.9284909,-0.3184867,-0.14117569,0.3428451,0.37383255,0.21244976,0.333299,-0.0020365836,-0.9774818,-0.023212519,0.26783445,-0.16395186,0.58473474,1.0464053,0.33551154,0.17234816,-0.38798884,0.08679662,-0.2789629,-0.4114925,0.9478992,0.023838677,0.310982,0.6127426,-0.55481285,0.084999524,-0.45974007,1.1712322,0.39302906,0.22585443,-0.36199898,1.0711845,-0.78887355,0.9837468,-0.26810682,-7.755775e-05,-0.02671764,0.46425903,0.40056255,-1.5744267,-0.79828596,-0.711156,0.60166395,0.38874415,-0.6520518,-1.6495916,0.5674931,-1.8006043,-0.6242341,0.21231686,-0.08787757,-1.0674924,0.21273819,1.0762671,-1.2993354,-0.43742853,0.26141164,1.222616,-0.5066169,-0.98170435,-0.42263225,1.1422751,-0.35939363,0.4754931,0.19634882,0.25538132,-0.75613964,0.2629534,-0.25116068,0.89560956,0.2886552,0.22152579,-0.0805408,-0.6452615,-0.5050078,0.4939794,-0.014215406,0.50576746,0.052469946,-0.7252387,-0.08316424,0.1997379,0.31573802,0.14269419,0.8104244,0.5198539,0.6788781,0.059194464,-0.4412873,-0.07269605,-1.6757311,-0.39843273,-0.29368648,0.38925496,0.07775414,0.58329046,-0.5240323,0.060827512,-0.15500395,-0.73235637,0.70034516,0.18860523,0.22161873,0.7845273,-0.2880053,0.017923731,0.97462,0.08513651,-0.2381295,-1.3856293,0.8801371,-0.0020549558,-0.9337763,0.5019088,-1.2060037,-1.256725,0.6429746,-0.59306145,1.2292249,-1.1295878,-0.33157644,-0.55859494,1.1264018,0.0594394,0.6423757,-1.0776676,-0.8658747,-0.12559664,-0.21382129,0.59856063,0.7699321,0.41448367,-0.2563809,0.10829133,0.66990423,1.2965775,-0.15741546,-0.27722538,-1.3206652,0.38769206,0.1419901,-0.5351481,-0.7089562,0.3254736,-0.1680492,-0.33420643,0.53182983,0.077205785,0.5921211,-0.68867767,0.12327313,-1.9227442,-0.71776605,-1.0234181,0.42656898,0.05625485,-0.19809917,0.38683793,0.19554497,-0.10084927,0.045531347,0.24262594,0.2590609,0.14426303,-0.52868325,-0.007702239,-1.4111031,0.84587204,-0.14205968,0.34641784,-0.14914276,-1.1189827
-0.18970588,-0.14276628,0.09462979,-0.5986577,-1.376089,-1.0171355,0.13421316,-2.08445,-0.48133343,-0.32459134,-1.2272098,0.3575688,0.0930593,0.28420916,-0.021168832,-1.2236881,0.22417445,-0.99039197,0.43873137,-0.06901497,0.10480143,0.37821317,-0.5957613,0.84852314,0.52227867,0.87083644,0.22431606,-1.0333925,1.6984364,-0.21008626,-0.36182764,-0.15696096,-0.92606,-0.81396925,-0.20306097,-0.6367676,-0.23006573,0.046578486,-0.2799774,-0.74638885,0.06761434,0.14300795,-0.1923104,-0.6679171,-0.7255863,-0.018806018,0.43488997,0.1569202,1.0366584,0.21354303,0.5128137,0.87276465,-0.4527245,-0.78870755,-0.25762582,-0.06240956,0.8473564,-0.6051336,-0.5224673,-0.70716906,-1.6818191,-1.1995991,-1.3604877,0.52918285,-0.61443985,0.6690977,1.3362024,0.8133377,0.23535383,0.11128681,0.052383296,0.6157647,0.34127098,0.958388,-0.73516214,-0.4314903,1.3500918,-0.49466372,0.99308085,0.066198796,0.3781817,-0.3843828,-1.311564,0.7104982,-0.028249402,0.7640929,0.6194727,0.49333695,0.621155,-0.057272747,-0.21403,1.0631886,-0.1659044,0.7456589,-0.7564728,-0.053850465,-0.70299864,-0.43663377,0.18745376,0.3180567,-0.37019867,-0.4924426,0.21659032,-0.9736846,0.29415604,-0.92099285,0.3795279,0.5118013,-1.2437363,1.1917776,0.16872853,0.9335709,0.98042566,-0.25590333,0.4725304,0.8709587,-0.09210144,-0.22418606,-0.36827394,0.4673564,-1.1055707,0.4253645,-0.00028209016,0.06906337,0.4439085,0.62087137,-1.5595523,-1.0962486,0.08110828,-0.97385466,0.33537805,1.3182985,0.9467566,1.7333896,-1.1055621,-0.562516,-1.0638567,-1.1575363,0.40388557,0.325879,-0.08453153,1.0430582,-0.57673174,-0.16590002,-0.23904954,-0.12898116,-0.47447532,0.13624959,0.5587923,0.17595793,0.1492504,0.42106777,1.2564768,-0.10358286,-0.3999771,-1.0166335,-0.85208964,-0.6449167,0.10642187,0.13227077,-1.0963311,1.2088503,0.2650832,0.389675,-1.5600598,0.8417763,-0.12710078,-0.31657127,0.62478524,-0.044130303,-0.029483529,0.20811874,0.092832625,-1.1771243,1.027642,0.07082898,-0.1554187,0.6504223,1.4527545,-0.7106881,0.6947032,-2.61391,-1.1180496,-1.1786621,0.8695781,0.039858565,0.09568891,0.99235815,-0.24409823,0.7323553,0.4132999,-1.6692492,-0.5173619,-0.4229947,-0.48159847,-0.5876647,-0.7533727,1.1221905,-0.0026448574,0.5375666
-1.4209431,-0.9554517,-1.163251,-0.64528954,-0.061803754,0.91893893,-0.5127285,-0.45224917,0.3149165,-0.32352096,-0.81836784,-1.1984336,-0.59049755,-1.292248,-0.9556058,-0.8548167,-1.3868287,-0.1282935,-1.0063014,-1.253799,-0.4961662,-1.0145869,-1.1133854,-0.1980792,1.3391771,-1.1385075,-0.18471476,0.036980487,0.14916071,-0.1641849,-2.3565948,-1.0826592,-1.5410856,-1.2296807,-1.5497657,-1.057841,-0.5933108,-0.8858902,-0.5618297,-1.3070979,0.010750197,-0.8153116,0.38620535,-1.9766742,-1.2136847,-0.68948257,0.56894004,0.5603194,0.46730807,0.7724924,0.9576361,-0.2777247,-0.98226964,-1.3914951,0.26207682,-0.22984841,1.1871289,-0.40578827,-0.9750602,-0.03412682,0.27673608,-0.2647071,-0.9126268,-1.3204155,-1.1281949,-0.031076858,-0.18827042,1.3997899,-1.4634322,0.11637538,0.043419756,0.5695301,1.3065392,-0.21981245,1.4113363,-0.6473215,-0.5558011,-1.2069572,0.49555272,-0.5716202,-0.7492737,-0.17549248,0.26910055,0.77336365,0.44193512,0.90593845,-0.3033922,-0.29822943,-0.67617965,-1.4086587,0.64725137,-0.5627238,-0.2658289,-0.49463603,-0.24633418,-1.7621661,-0.14048284,-0.47379547,0.35511276,-0.7449742,0.12130161,-0.74242073,-1.6043986,0.82372916,-0.44737637,-0.5258163,1.2010216,-0.69386375,-0.72425133,1.0238816,-0.76910865,-1.4710286,0.26746505,0.33718073,0.39502516,-0.008072507,-0.23154137,-0.3553636,-2.172911,0.42239258,0.6408495,0.004137259,-0.50961524,1.5909858,-0.01082582,0.37998775,0.4086383,0.39684954,-0.6238343,1.1402694,-1.7015445,-0.7109262,0.83522654,-0.23661137,-0.63869476,0.5072804,-2.1558754,1.0414222,-0.030225117,-0.08027819,-0.08484423,0.50237453,0.38625425,0.6468794,-1.4154409,0.8102569,-0.65989584,0.7549977,0.84839916,0.95073164,0.7342277,1.5904942,-0.6158023,-0.67998105,0.13336761,-0.2427879,-0.18431039,1.5479702,-0.20512143,0.7863813,0.475948,1.739506,0.55884546,-0.10025808,0.8745687,-0.8192247,-0.055639766,0.5037539,-1.535904,1.0701367,0.6465419,0.16165558,-0.48436162,0.32130894,0.10194863,-0.2363027,1.3018724,-0.75774235,0.6725478,-1.3101834,0.08898668,0.72047025,-0.41670287,1.2849563,0.6207402,1.1730697,-0.59635353,-0.18741356,0.4251228,0.7341204,0.9709635,0.07407741,0.73812234,0.60967314,0.6183141,-0.56515044,1.1124897,1.3531849,0.88638496,-0.9387951
0.1666047,-0.42581517,1.1131225,-0.13596074,0.1937703,0.03350361,0.2015745,1.019259,0.2736553,-0.032778345,-0.20285323,-0.46796295,-0.48303288,0.3608564,-1.0051056,-0.43400735,1.1108341,0.95825326,0.59224725,1.9954458,0.23448567,0.76215094,1.0933135,0.8520387,0.14224231,-1.5779681,-0.6763861,0.26115036,0.9531555,-1.269153,0.39868674,0.33813256,0.29647842,-0.03605236,-1.1187865,-0.5661967,0.20402962,-0.35635015,-0.17957832,0.48654252,-0.067015804,-1.8070934,0.21638505,0.14629374,1.6299701,-0.6840179,-0.2915801,-0.32850677,-0.60596484,0.30130804,0.27428856,-0.69787174,1.3929956,0.20380844,-0.18956979,-1.5479001,-1.7807766,0.035880193,-0.074036784,-0.7777114,-0.38746634,0.47467,0.08269225,-0.51803565,-0.25358224,-0.5930767,-0.4804153,0.028294453,-0.061666254,-0.02809358,-0.16602501,0.7401772,-0.026617663,1.7976307,-0.55973256,1.2892969,-0.31612778,-0.054437388,-0.49344268,1.4323502,-0.29994926,0.056026537,0.93029344,1.5770432,-1.5075986,0.8831441,0.6995766,-0.40301752,0.20810458,-0.81508887,-0.15342396,-0.6045633,0.16496089,0.058321334,-0.36995494,-0.60771126,0.5620686,0.26927137,0.45580596,1.125442,1.0652729,1.1269062,0.73362875,-0.39767835,-0.5952654,1.4727372,0.69586504,1.7394373,0.73206544,0.0464904,0.6992721,1.1177993,0.53578043,-0.5761903,0.6851807,0.10851081,1.8683171,0.08165348,1.233235,0.6344367,0.8817404,0.7570847,0.17703567,-0.25547877,-0.2162041,-0.07130417,-0.8515286,1.3762262,-0.73903424,0.123304226,0.8116334,0.73802054,1.0446713,0.6218386,0.2632939,0.6017233,0.47216392,0.16879065,-0.3439902,0.44089454,-0.38414484,0.4235188,-0.3207786,1.3487113,0.09862504,-0.32170618,-0.9979092,-0.057052817,-1.2678032,0.68291104,-1.3017982,-0.6252144,0.17473653,0.53131974,-0.07714357,1.4838569,-0.44796315,0.3409765,0.52211314,-1.376207,0.22764352,-1.0942876,-0.827094,0.36308882,-0.5631151,-0.5772423,0.37132743,-0.7360866,0.1860089,0.85669106,-0.30824977,-0.47874686,0.8331259,-0.47334996,-0.49819356,0.08354419,-0.9752325,0.28033638,-0.8272991,-0.03129042,-0.57915425,0.13428079,-1.0182726,-0.41779986,0.47385836,0.55355835,-1.1674905,-0.7066451,-0.31270558,-0.7775269,0.24922878,0.08456956,-0.71289927,-0.038581856,-0.4263569,-0.7413188,-0.5387326,-0.5911288,-0.95672786,0.25501013
1.2267503,2.1156723,0.950227,0.6282279,1.7170928,0.014127436,0.7701357,0.06821345,0.049828097,-0.848122,-0.46035945,0.9098837,-1.8413911,0.31772873,0.48294145,0.10464751,0.98720443,0.38620096,0.9056117,-0.35924757,-1.2366189,0.52610624,1.4670291,-0.17701857,1.3368326,-1.7257001,0.19696933,0.4449081,0.39722046,0.63483846,0.41961634,1.1137391,0.03384555,1.3308752,1.278008,0.0200678,0.30850613,0.2629,1.3265018,0.67452115,1.4629062,0.7623279,-0.46382594,0.5354566,0.72236544,-0.13172753,1.0792679,1.4008646,0.2124366,0.36823907,-0.11798646,-0.043047898,-1.405906,0.6466127,1.1630874,-1.0765865,0.3762471,-1.1533494,0.29154453,0.34323126,1.2337735,0.25234464,0.83053404,0.70946527,0.1477355,-0.56549287,0.0749095,-1.0513791,-0.82172143,0.5963257,0.6584919,2.0692508,1.2910205,-0.17421538,0.22967945,-0.3064598,0.73428524,1.6804425,0.34147343,1.5264342,0.35075375,-1.1544597,0.07218868,1.0776294,0.1485159,-0.6473212,1.2616745,-1.38656,-2.0006456,0.29959726,0.45174333,-0.35279194,0.3993386,-1.3890326,0.8000796,1.3810302,1.1850978,-0.9835717,0.98764515,-2.4749453,0.16865462,1.4620905,0.48133558,-0.31838834,1.0156254,-1.9416753,-0.45005456,-1.3041307,-0.70189255,0.8237057,-2.4934385,-0.47358146,-1.2659177,0.72868663,0.5445743,1.5363157,-3.3767798,0.64779085,0.80233955,-0.6124472,1.1192687,0.9917934,-1.7292067,1.1201277,-1.0025429,0.028655771,-0.9125409,-0.005027211,0.0041408017,0.31159657,0.004361259,-1.3562516,0.65915036,1.0382937,-0.996871,-1.3502134,0.8056207,1.326764,0.8553081,0.667523,1.3538078,-0.4429695,-0.03785539,-0.07156254,-1.3941966,-1.6955659,0.42021406,0.33013085,-1.6373786,0.745546,0.0013402309,-0.2421937,0.75049317,0.6328934,-0.6203959,-0.37560818,-1.9574432,-0.36298275,0.12115669,1.0628471,0.97928786,0.12940182,0.240564,-2.2201405,0.9745364,1.3518016,-0.8985833,0.876582,0.612679,0.27426577,1.1995338,0.13914111,1.4722574,-1.5673941,0.5556743,1.0606909,0.41546693,-0.09361346,0.1477713,-0.60865164,-0.7149707,-0.41585436,-0.86308473,1.498858,-0.16458781,-1.7587696,0.6688384,-0.80394,-1.7160528,-0.10910572,0.7144412,-0.90079015,-1.6102169,-0.41428095,-0.1848831,1.0661662,-0.26209265,-0.568576,-1.1123905,-0.6382628
