0.0,8.463409,0.0,0.0,1.0675849,0.0,0.0,0.0,0.0,0.0,14.026336,0.0,0.0,0.0,0.0,7.940505,12.417075,0.0,0.0,0.0,0.0,0.50861466,0.0,5.697744,0.0,0.0,0.0,0.0,0.0,0.0,0.0,0.0,0.0,0.0,0.0,0.0,0.0,0.0,0.5821006,0.0,5.9303436,0.0,0.0,0.0,0.0,0.0,0.0,0.0,0.0,0.0,0.0,0.0,0.0,0.0,0.0,0.0,0.0,0.5374368,0.0,0.24790926,0.0,0.0,0.0,0.91225535,0.0,0.0,0.0,0.0,0.0,0.0,0.0,0.0,0.0,0.0,0.0,0.0,0.0,0.0,0.0,0.0,0.0,0.0,0.0,4.8664002,0.0,0.0,0.0,4.2961707,0.0,0.0,0.0,0.0,0.0,0.0,0.0,0.0,0.0,11.868452,0.0,0.0,0.0,0.0,0.0,0.0,6.637348,0.0,0.0,0.0,2.7615638,0.0,0.0,0.0,0.0,0.0,0.0,0.0,0.0,0.0,0.0,0.0,5.9348936,0.0,0.0,2.344818,0.0,0.0,0.0,0.0
0.0,0.0,0.0,0.0,0.0,0.0,0.0,0.0,0.0,0.0,0.6173766,0.0,0.0,0.0,0.0,5.958689,3.5578814,0.0,0.3214425,3.7903962,0.0,3.353867,0.0,2.8071997,0.0,0.0,0.0,0.0,0.0,0.0,0.0,0.0,0.0,0.0,1.5497092,0.0,0.0,0.0,0.0,0.0,0.0,0.0,0.0,0.0,0.0,0.0,0.0,0.0,0.0,0.0,0.0,0.0,0.0,0.0,0.0,0.0,0.0,0.0,0.0,0.0,0.0,0.0,0.0,12.352221,0.0,11.25858,0.0,0.0,0.0,0.0,0.0,0.0,5.193044,0.0,0.0,0.0,0.0,2.4573514,0.0,0.0,1.6095458,0.0,5.3324046,0.0,0.0,0.0,0.17314003,0.0,0.0,0.0,0.0,4.252616,7.916748,0.0,0.0,0.0,0.0,0.0,2.28592,0.0,0.0,0.0,0.0,0.0,5.167815,5.093975,0.0,0.0,0.0,0.0,0.0,0.0,0.0,0.0,0.0,0.0,0.0,0.0,0.0,0.0,0.0,0.0,0.0,0.0,0.0,0.0,0.0,0.0
0.0,0.0,0.0,0.0,0.0,0.103533156,0.0,0.0,0.0,0.0,0.0,0.0,0.0,0.0,0.0,0.0,0.0,0.61826086,0.0,0.0,0.0,1.7845025,0.0,0.0,0.0,0.0,0.0,0.0,0.0,0.0,0.0,0.0,0.0,0.0,0.0,2.9310446,0.0,0.0,0.0,0.0,0.0,0.0,0.0,0.0,0.0,0.0,0.0,0.0,4.016597,0.0,0.0,0.0,0.0,0.0,0.0,0.0,0.0,0.0,0.0,0.0,0.0,0.0,0.0,0.0,0.0,0.0,1.6666403,0.0,0.28748146,0.0,0.0,0.0,0.0,0.0,0.0,0.0,0.0,0.6988272,0.0,0.0,0.0,0.0,0.0,0.0,3.3228402,0.0,0.0,0.0,0.0,1.5549276,0.0,0.0,0.0,2.893343,7.5948443,0.0,0.0,0.0,5.4253707,0.0,0.0,0.0,0.0,0.0,0.0,0.0,0.0,0.0,0.0,3.585157,0.0,0.0,0.0,0.0,0.0,0.0,0.0,0.0,0.0,0.0,0.0,0.0,7.704369,0.0,0.0,0.0,0.0,0.0
0.0,0.0,0.0,0.0,0.0,0.0,0.0,0.0,0.0,0.0,0.0,0.0,0.0,0.0,0.0,1.5663761,0.0,0.0,3.4832628,0.0,0.0,0.0,0.0,0.52420574,0.0,0.0,0.0,0.0,0.0,0.0,0.0,0.0,0.0,0.0,1.6108818,2.2284572,0.0,0.0,0.0,0.0,0.0,0.0,0.0,0.0,0.0,0.0,0.0,1.7217652,0.0,0.0,0.0,0.0,0.0,9.159415,0.0,0.0,0.0,0.0,0.0,0.0,0.0,0.0,0.0,8.250608,0.0,0.4028634,0.0,0.0,9.140764,0.0,0.0,0.0,0.0,0.0,0.0,0.0,0.0,2.8188698,0.0,0.0,1.506207,0.0,3.239622,0.0,6.90871,0.0,0.0,0.055664875,0.0,0.0,0.0,0.3017512,1.9135157,0.0,0.0,0.0,0.0,0.26525632,11.872892,0.0,0.0,0.0,0.0,4.9822426,0.0,6.59932,0.0,0.0,0.0,0.26055622,0.2060857,0.0,0.16476452,0.0,0.0,0.0,0.0,0.0,0.0,0.0,0.0,0.0,0.0,0.0,0.0,0.0,0.0,0.0
0.0,9.373263,0.0,9.947752,0.0,0.0,0.0,0.0,0.0,0.0,0.0,0.0,0.0,0.0,0.0,0.0,0.49427444,0.0,0.0,0.0,0.0,4.3945637,0.0,0.0,0.0,0.0,0.0,9.053186,0.0,0.0,0.0,0.0,0.0,0.0,0.0,0.0,0.0,0.0,2.258881,0.0,0.0,0.0,0.0,0.0,0.0,0.0,0.0,0.0,0.0,0.0,0.0,0.0,0.0,0.0,0.0,0.0,0.0,0.0,0.0,0.0,0.0,0.0,0.0,0.24916756,0.0,0.0,15.388642,0.0,0.0,0.0,0.0,0.0,0.0,0.0,0.0,0.0,0.0,0.0,0.0,0.0,0.0,0.0,0.0,0.0,0.0,0.0,0.0,0.0,0.0,0.0,0.0,0.0,0.0,0.0,0.0,3.4863102,0.0,8.3255205,0.0,0.0,0.0,0.0,0.0,0.0,6.3645377,0.0,0.0,0.0,0.0,0.0,0.0,0.0,0.0,0.0,10.483016,0.0,9.601339,0.0,0.0,0.0,0.0,0.0,0.99186337,0.0,0.0,0.0,0.0,0.0
0.0,0.0,0.0,0.0,0.0,0.0,0.0,0.0,0.0,0.0,11.112829,0.0,0.0,0.0,0.0,0.0,1.3801248,0.0,0.0,0.0,0.0,0.0,7.134694,5.7212863,0.0,0.0,0.0,0.0,0.0,3.33896,0.0,0.0,0.0,0.0,0.0,0.0,0.0,0.0,0.0,0.0,0.0,0.0,0.0,0.0,0.0,0.0,0.0,2.3201115,0.0,0.0,0.0,0.0,11.827532,3.455103,0.0,10.515572,0.0,0.0,0.0,1.1747572,0.0,0.0,0.0,8.32907,0.0,0.0,0.0,0.0,0.0,0.0,0.0,0.0,8.791594,0.0,0.0,0.0,0.0,7.868018,0.0,0.0,0.0,0.0,0.0,5.798561,2.4466763,0.0,0.0,0.037038676,0.0,0.0,0.0,0.0,5.265476,0.0,0.0,0.0,0.0,6.8584967,0.0,0.0,0.0,0.0,0.0,0.0,9.094525,0.0,0.0,0.0,0.0,0.0,7.7573094,0.0,0.0,0.0,0.0,0.0,0.0,0.0,0.0,0.0,0.0,0.0,0.0,3.7303586,0.0,0.0,0.0,0.0
0.0,0.0,0.0,0.0,0.0,0.0,0.0,0.0,0.0,0.0,0.0,0.0,0.0,0.0,0.0,4.918212,0.0,5.7499022,0.0,0.0,0.0,0.0,0.0,0.0,0.0,0.0,0.0,0.0,0.0,0.0,0.24188985,0.0,0.0,2.9529471,3.8250375,3.4011405,0.0,0.0,0.0,0.9137288,0.0,0.0,0.0,0.0,0.0,0.0,0.0,6.9995413,0.0,0.0,0.0,0.0,0.0,0.0,0.0,1.3427163,0.0,0.0,0.0,0.0,0.0,0.0,0.0,0.8099137,4.6594505,5.2257214,0.0,0.0,0.0,0.0,0.0,0.0,2.303155,0.0,0.0,0.5410369,0.0,3.4053745,0.0,0.0,6.2856693,0.0,0.2648552,0.0,0.0,0.0,0.0,6.016472,0.0,0.0,0.0,10.139277,0.0,0.0,0.0,0.0,0.0,0.0,8.076526,0.0,0.0,0.0,0.0,0.0,0.0,0.0,0.0,0.0,3.097018,0.0,0.12996437,0.0,6.859893,0.0,0.0,0.0,0.0,0.0,0.0,0.0,0.0,0.0,0.0,0.0,0.0,0.0,0.0,0.0
0.0,9.142833,0.0,4.164551,0.0,0.0,0.0,0.0,0.0,0.0,0.0,0.0,0.0,0.0,0.0,0.0,2.5545003,0.0,0.0,0.0,0.0,8.8587265,0.0,0.0,0.0,0.0,0.0,8.023324,0.0,0.0,0.0,0.0,0.0,0.0,0.0,0.0,0.0,0.0,0.0,0.0,0.0,0.0,0.0,0.0,0.0,0.0,0.0,0.0,0.0,0.0,0.0,0.0,0.0,0.0,0.0,0.0,0.0,0.0,0.0,0.0,0.0,0.0,0.0,2.7848191,0.0,0.0,15.407664,0.0,0.0,0.0,0.0,0.0,0.0,0.0,0.0,0.0,0.0,0.0,0.0,0.0,0.0,0.0,0.0,0.0,0.0,0.0,0.0,0.0,0.0,0.0,0.0,0.0,0.0,2.2636552,0.0,0.0,0.0,10.000566,0.0,0.0,0.0,0.0,0.0,0.0,14.670497,0.0,0.0,0.0,0.0,0.0,0.0,0.0,0.0,0.0,7.7677135,0.0,10.63734,0.0,0.0,0.0,0.0,0.0,2.6163063,0.0,0.0,0.0,0.0,0.0
0.0,0.40639374,0.0,0.0,0.0,0.0,0.0,0.0,0.0,0.0,0.0,0.0,0.16576909,0.0,0.0,0.0,0.0,7.967052,0.0,0.0,0.0,4.1910768,0.0,0.0,0.0,0.0,0.0,11.368797,0.0,0.0,0.0,0.0,0.0,0.0,0.0,0.0,0.0,0.0,0.0,0.0,0.0,0.0,0.0,0.0,0.0,0.0,0.0,0.0,2.99887,0.0,0.0,0.0,0.0,0.0,0.0,0.0,0.0,0.0,0.0,0.0,0.0,0.0,0.0,0.0,0.0,0.0,10.805762,0.0,0.0,0.0,0.0,0.0,0.0,0.0,0.0,0.0,0.0,0.0,0.0,0.0,0.0,0.0,0.0,0.0,0.0,0.0,0.0,0.0,0.0,0.0,0.0,0.0,0.0,8.905373,0.0,0.0,0.0,0.0,0.0,0.0,0.0,0.0,0.0,0.0,0.0,0.0,0.0,0.0,0.0,0.0,0.0,0.0,0.0,0.0,6.935227,0.0,6.2929287,0.0,0.0,0.0,0.0,0.0,12.96452,0.0,0.0,0.0,0.0,0.0
0.0,0.0,0.0,0.0,0.0,0.0,0.0,0.0,0.0,0.0,3.631204,0.0,0.0,0.0,0.0,10.871487,0.0,7.099878,7.4536138,0.0,0.0,0.0,0.0,3.3273232,0.0,0.0,0.0,0.0,0.0,5.1911025,0.0,0.0,0.0,0.0,8.348624,1.6753523,0.0,0.0,0.0,0.0,0.0,0.0,0.0,0.0,0.0,0.0,0.0,8.988182,0.0,0.0,0.0,0.0,0.0,4.092932,0.0,7.314721,0.0,0.0,0.0,0.0,0.0,0.0,0.0,0.0,1.2754283,8.738008,0.0,0.0,0.0,0.0,1.4044194,0.0,0.0,0.0,0.0,0.0,0.0,4.7564545,0.0,0.0,0.0,0.0,0.0,0.0,1.9687513,0.0,0.0,0.0,0.0,0.0,0.0,2.967073,2.417893,0.0,0.0,0.0,0.0,0.0,7.125364,0.0,0.0,0.0,0.0,0.0,0.0,3.5583673,0.0,0.0,0.0,0.0,0.0,0.0,0.0,0.0,0.0,0.0,0.0,0.0,0.0,0.0,0.0,0.0,0.0,0.0,0.0,0.0,0.0,0.0
0.0,4.109524,0.0,11.775279,0.0,0.0,0.0,0.0,0.0,0.0,0.0,0.0,0.0,0.0,0.0,0.0,6.6138864,0.0,0.0,0.0,0.0,6.435635,0.0,0.0,0.0,0.0,0.0,0.0,0.0,0.0,0.0,0.0,0.0,0.0,0.0,0.0,0.0,0.0,4.924171,0.0,0.0,0.0,0.0,0.0,0.0,0.0,0.0,0.0,0.79425627,0.0,0.0,0.0,0.0,0.0,0.0,0.0,0.0,0.0,0.0,0.0,0.0,0.0,0.0,0.0,0.0,0.0,7.6258187,0.0,0.0,0.0,0.0,0.0,0.0,0.0,0.0,0.0,9.608767,0.0,0.0,0.0,0.0,0.0,0.0,0.0,0.0,0.0,0.0,0.0,0.0,0.0,0.0,0.0,0.0,0.0,0.0,10.971044,9.328131,9.301288,0.0,0.0,0.0,0.0,0.0,0.0,3.0946589,0.0,0.0,0.0,11.477958,0.0,0.0,0.0,0.0,0.0,0.0,0.0,13.54418,0.0,0.0,0.0,0.0,0.0,3.2315285,0.0,0.0,0.0,0.0,0.0
0.0,0.0,0.0,0.0,0.0,0.0,0.0,0.0,0.0,0.0,3.7224274,0.0,0.0,0.0,0.0,4.927283,0.0,0.0,0.94833523,0.0,0.0,0.0,0.0,0.0,1.9831414,0.0,0.0,0.0,0.0,3.4840233,0.0,0.0,0.0,0.0,0.0,0.0,0.0054071452,0.0,0.0,0.0,0.0,0.0,0.0,0.0,0.0,0.0,0.0,0.8185166,0.0,0.0,0.0,0.0,6.9134626,0.0,0.0,6.9768715,0.0,0.0,0.0,0.0,0.0,0.0,0.0,2.9418359,0.0,1.6630697,0.0,0.0,0.0,0.0,0.0,0.0,0.0,0.0,0.0,0.0,0.0,7.682154,0.0,0.0,15.603561,0.0,0.0,0.0,4.7962136,0.0,0.0,0.0,0.0,0.0,0.2011747,1.4558648,4.324217,0.0,0.0,0.0,0.0,2.6525745,3.07643,0.0,0.0,0.0,0.0,0.0,1.5439485,3.258503,0.0,0.9991002,0.0,0.0,2.172497,0.0,0.29297164,0.0,0.0,0.0,0.0,0.0,0.0,0.0,0.0,0.0,1.498476,0.0,0.0,0.0,0.0,0.0
0.0,0.0,0.0,0.0,0.0,0.0,0.0,0.0,0.0,0.0,0.0,0.0,0.46775684,0.0,0.0,0.0,0.0,1.5145724,3.8980267,0.0,0.0,2.7005944,0.0,0.0,0.0,0.0,0.0,3.8180013,0.0,0.0,0.0,0.0,0.0,0.0,0.0,5.2232227,0.0,0.0,0.0,0.0,0.0,0.0,0.0,0.0,0.0,0.0,0.0,0.0,4.9065576,0.0,0.0,0.0,0.0,0.0,0.0,0.0,0.0,0.0,0.0,0.0,0.0,0.0,0.0,0.0,0.0,1.0861111,0.03530544,0.0,1.0515612,0.0,0.0,0.0,0.0,0.0,0.0,0.0,0.0,1.9758232,0.0,0.0,0.0,0.0,0.0,0.0,7.0950255,0.0,0.0,0.0,0.0,3.1268778,0.0,0.0,0.0,0.0,3.7185242,0.0,0.0,0.0,4.743169,0.0,0.0,0.0,0.0,0.0,0.0,0.45181602,0.0,0.0,0.0,1.2993202,0.0,0.0,0.25476208,0.0,0.0,0.0,0.0,0.0,0.0,0.0,0.0,0.0,7.1987395,0.0,0.0,0.0,0.0,0.0
0.0,11.377972,0.0,7.318583,0.0,0.0,0.0,0.0,0.0,0.0,0.0,0.0,0.0,0.0,0.0,0.0,2.618525,0.0,0.0,0.0,0.0,8.967726,0.0,0.0,0.0,0.0,0.0,3.2628875,0.0,0.0,0.0,0.0,0.0,0.0,0.0,0.0,0.0,0.0,3.8414106,0.0,0.0,0.0,0.0,0.0,0.0,0.0,0.0,0.0,0.0,0.0,0.0,0.0,0.0,0.0,0.0,0.0,0.0,0.0,0.0,0.0,0.0,0.0,0.0,2.4218087,0.0,0.0,13.472266,0.0,0.0,0.0,0.0,0.0,0.0,0.0,0.0,0.0,0.0,0.0,0.0,0.0,0.0,0.0,0.0,0.0,0.0,0.0,0.0,0.0,0.0,0.0,0.0,0.0,0.0,0.0,0.0,0.0,0.0,10.717418,0.0,0.0,0.0,0.0,0.0,0.0,16.531565,0.0,0.0,0.0,0.0,0.0,0.0,0.0,0.0,0.0,8.899705,0.0,8.908598,0.0,0.0,0.0,0.0,0.0,0.0,0.0,0.0,0.0,0.0,0.0
0.0,0.0,0.0,0.0,0.0,0.0,0.0,0.0,0.0,0.0,0.0,0.0,1.5888093,0.0,0.0,1.3119184,0.0,2.3766496,3.4148679,0.0,0.0,1.8733647,0.0,0.0,0.0,0.5372654,0.0,0.0,0.0,0.0,0.0,0.0,0.0,0.0,0.0,3.332337,0.0,0.0,0.0,0.0,0.0,0.0,0.0,4.126177,0.0,0.0,0.0,0.0,0.0,0.26144478,0.0,0.0,0.0,0.0,0.0,0.0,0.0,0.0,0.0,0.0,0.0,0.0,0.0,3.024335,1.0891507,5.740209,0.10883473,0.0,1.0261956,0.0,0.0,0.0,0.0,0.0,0.0,0.0,0.0,4.676952,0.0,0.0,3.210918,0.0,0.0,0.0,2.2882447,0.0,0.0,0.0,0.0,0.0,0.0,4.5321326,0.0,0.0,1.9392594,0.0,0.0,0.0,5.567856,0.0,0.0,0.0,0.0,0.0,0.0,0.0,0.0,0.0,0.0,0.0,0.17589568,0.0,3.3239622,0.0,0.0,0.0,0.0,0.0,0.0,0.09198944,0.0,0.0,1.821406,0.0,0.0,0.0,0.0,0.0
0.0,0.0,0.0,0.0,0.0,0.9453796,0.0,0.0,0.0,0.0,0.0,0.0,0.0,0.0,0.0,0.0,0.0,0.0,0.0,0.0,0.0,0.0,0.0,0.0,0.0,0.0,0.0,0.0,0.0,0.0,0.0,0.0,0.0,0.0,0.0,5.7421007,0.0,0.0,0.0,0.0,0.0,0.0,0.0,0.0,0.0,0.0,0.0,3.3762133,0.0,0.0,0.0,0.0,0.0,0.19802928,0.0,0.0,0.0,0.0,0.0,0.0,0.0,0.0,0.0,0.0,4.877989,0.0,1.8755738,0.0,3.8275094,0.0,0.0,0.0,2.616208,0.0,0.0,0.0,0.0,3.415634,0.0,0.0,0.0,0.0,0.0,0.0,2.852739,0.0,0.0,0.0,0.0,0.0,0.0,0.0,0.0,3.5671742,10.703268,0.0,0.0,0.0,11.943467,0.0,0.0,0.0,0.0,0.0,0.0,0.0,0.0,0.0,0.0,5.6318345,0.0,0.0,0.0,0.0,0.0,0.0,0.0,0.0,0.0,0.0,0.0,0.0,3.9833229,0.0,0.0,0.0,0.0,0.0
0.0,0.0,0.0,0.0,3.952317,0.0,0.0,0.0,0.0,0.0,3.9711556,0.0,0.0,0.0,0.0,0.0,0.0,0.4045222,4.3193192,0.0,0.0,2.1806197,0.0,0.0,0.0,0.0,0.0,0.0,0.0,0.0,0.0,0.0,0.0,0.0,5.877512,6.867445,0.0,0.0,0.0,0.0,0.0,0.0,0.0,0.0,0.0,0.0,0.0,0.3224034,1.7631327,0.0,0.0,0.0,0.0,1.4744835,0.0,0.0,0.0,0.0,0.0,0.0,0.0,0.0,0.0,0.2942354,0.0,6.4282937,0.0,0.0,0.41582492,0.0,0.0,0.0,0.2923731,0.0,0.0,0.0,0.0,2.5035741,0.0,0.0,0.0,0.0,9.017874,0.0,2.2890518,0.0,0.4783498,0.0,0.0,0.0,0.0,1.6838021,0.0,0.0,0.0,0.0,0.0,0.0,3.9857175,0.0,0.0,0.0,0.0,0.0,0.0,1.3368459,0.0,0.0,2.1910079,0.0,0.0,0.0,0.0,0.0,0.0,0.0,0.0,0.0,0.0,0.0,0.0,0.0,0.0,0.0,0.0,0.0,0.0,0.0
0.0,0.0,0.0,5.89916,10.301004,0.0,0.0,0.0,0.0,0.0,8.912043,0.0,0.0,0.4218982,0.0,0.0,10.062301,0.0,4.1977944,0.0,0.0,2.6066444,0.4984558,0.0,0.0,0.0,0.0,0.0,0.0,0.0,0.0,0.0,0.0,0.0,9.765988,0.0,0.0,0.0,4.620887,0.0,0.0,5.323649,0.0,0.0,0.0,0.0,0.0,0.0,0.0,0.0,0.0,0.0,0.0,2.3241422,0.8941027,0.0,0.0,2.3412726,0.0,0.0,0.0,0.0,0.0,0.0,0.0,0.0,0.0,0.0,0.0,0.0,0.0,0.0,0.0,0.0,0.0,0.0,0.0,0.0,0.0,0.0,0.0,0.0,0.0,0.0,0.0,0.0,0.0,0.0,0.0,0.0,0.0,0.0,0.0,0.0,0.0,13.039015,0.39551967,11.699944,0.0,0.0,0.0,4.2791996,0.0,0.0,0.0,0.0,0.0,0.0,3.9769523,0.0,0.0,0.0,0.0,0.0,1.1521399,0.0,6.0173283,0.0,0.0,0.0,0.0,0.0,0.0,0.0,3.4741204,0.0,0.0,0.0
0.0,0.0,0.0,0.0,0.0,0.0,0.0,0.0,0.0,0.0,0.0,0.0,0.0,0.0,0.0,7.5010037,4.969025,0.0,0.0,0.0,0.0,0.0,1.0779064,12.0472145,0.0,0.0,0.0,0.0,0.0,0.0,0.0,0.0,0.0,0.0,0.0,0.0,0.0,0.0,0.0,0.0,7.0755773,0.0,0.0,0.0,0.0,0.0,0.0,0.0,0.0,0.0,0.0,0.0,0.0,0.0,0.0,0.78952473,0.0,0.0,0.0,0.0,0.0,0.0,0.0,11.065445,0.0,0.0,0.0,0.0,0.0,0.0,0.0,0.0,7.014023,0.0,0.0,0.0,0.0,0.0,0.0,0.0,0.0,0.0,0.0,4.6394773,0.0,0.0,0.0,6.070027,0.0,0.0,0.0,0.0,7.9810424,0.0,0.0,0.0,0.0,5.8551745,7.5345817,0.0,0.0,0.0,0.0,0.0,15.620939,0.444682,0.0,0.0,4.992179,0.0,0.0,0.0,0.0,0.0,0.0,0.0,0.0,0.0,0.0,0.0,0.0,0.0,0.0,2.7504041,0.0,0.0,4.940952,0.0
0.0,0.0,0.0,6.4162292,0.0,0.0,0.0,0.0,1.1186672,0.0,0.0,0.0,0.0,0.0,0.0,0.0,2.8402836,0.0,2.1459208,0.0,0.0,0.0,10.475064,5.8444853,0.0,0.0,0.0,0.0,0.0,0.3648644,0.0,0.0,0.0,0.0,0.0,0.0,0.0,0.0,3.8244045,0.0,0.0,0.0,0.0,0.0,0.0,0.0,0.0,0.0,0.0,0.0,0.0,0.0,0.66302776,0.0,0.0,0.0,0.0,0.0,0.0,6.849436,0.0,0.0,0.0,5.903566,0.0,0.0,0.0,0.0,0.0,0.0,0.0,0.0,0.0,0.0,0.0,0.32694042,0.0,1.7113053,0.0,0.0,0.0,0.0,0.0,0.0,0.0,0.0,0.0,0.0,0.0,0.0,0.0,0.0,6.393417,0.0,0.0,0.0,0.0,11.081881,0.0,0.0,0.0,0.0,0.0,0.0,4.474448,3.512965,0.0,0.0,0.0,0.0042664753,5.0781217,0.0,0.0,0.67449766,0.0,0.0,0.0,0.0,0.0,0.0,0.0,0.0,0.0,1.9165392,4.161741,0.0,0.0,0.0
0.0,0.0,0.0,0.0,0.0,0.0,0.0,0.0,0.0,0.0,0.0,0.0,0.0,0.0,0.0,0.0,0.0,2.908427,5.8236823,0.0,0.0,0.81343734,0.0,0.0,0.0,0.0,0.0,2.7581346,0.0,0.0,0.0,0.0,0.0,0.0,1.8312776,5.263296,0.0,0.0,0.0,0.0,0.0,0.0,0.0,0.0,0.0,0.0,0.0,0.0,3.5192504,0.0,0.0,0.0,0.0,0.0,0.0,0.0,0.0,0.0,0.08722588,0.0,0.0,0.0,0.0,0.0,0.0,5.1547384,0.89383584,0.0,0.0,0.0,0.0,0.0,0.0,0.0,0.0,0.0,0.0,3.3211222,0.0,0.0,0.0,0.0,0.0,0.0,3.926855,0.0,0.0,0.0,0.0,0.0,0.0,2.8583574,0.0,0.0,1.0372725,0.0,0.0,0.0,2.1155133,0.0,0.0,0.0,0.0,0.0,0.0,1.7219172,0.0,0.0,0.0,0.0,0.0,0.0,0.86483145,0.0,0.0,0.0,0.0,0.0,0.0,0.0,0.0,0.0,2.8271143,0.0,0.0,0.0,0.0,0.0
0.0,0.0,0.0,0.0,0.0,0.0,0.0,0.0,0.0,0.0,0.0,0.0,0.0,0.0,0.0,0.0,0.0,6.583534,2.8005269,0.0,0.0,0.0,0.0,0.0,0.0,0.0,0.0,0.0,0.0,0.0,0.0,0.0,0.0,0.0,0.0,7.760611,0.0,0.0,0.0,0.0,0.0,0.0,0.0,0.0,0.0,0.0,0.0,6.7222176,0.0,0.0,0.0,0.0,0.0,0.1540339,0.0,0.0,0.0,0.0,0.0,0.0,0.0,0.0,0.0,0.0,8.9939,0.0,5.5831084,0.0,0.0,0.0,0.0,0.0,0.0,0.0,0.0,0.0,0.0,0.0,0.0,0.0,0.0,0.0,0.0,0.0,1.0011549,0.0,0.0,0.0,0.0,0.0,0.0,3.9304492,0.0,2.1123755,3.4928017,0.0,0.0,0.0,5.07054,0.0,0.0,0.0,0.0,0.0,0.0,0.0,0.0,0.0,0.0,1.2986804,0.0,0.0,0.35882393,0.0,0.0,0.0,0.0,0.0,0.0,0.0,0.0,0.0,5.1993265,0.0,0.0,0.0,0.0,0.0
0.0,0.0,0.0,0.51114625,0.0,1.3176713,0.0,0.0,0.0,0.0,0.0,0.0,0.0,0.0,0.0,0.0,0.0,0.0,8.8496685,0.0,0.0,0.6850233,0.0,0.0,0.0,0.0,0.0,3.95808,0.0,0.0,0.0,0.0,0.0,0.0,0.0,8.116288,0.0,0.0,0.0,0.0,0.0,2.5507264,0.0,0.0,0.0,0.0,0.0,0.0,7.563873,0.0,0.0,0.0,0.0,0.0,0.0,0.0,0.0,0.0,0.0,0.0,0.0,0.0,0.0,0.0,0.0,0.0,4.8213086,0.0,0.12905587,0.0,0.0,0.0,0.0,0.0,0.0,0.0,1.174129,0.0,0.0,0.0,0.0,0.0,0.0,0.0,0.0,0.0,0.0,0.0,0.0,3.5061717,0.0,0.0,0.0,0.0,5.5639744,0.0,0.0,0.0,0.0,0.0,0.0,0.0,0.0,0.0,0.0,0.0,0.0,0.0,0.0,7.250864,0.0,0.0,0.0,0.0,0.0,0.0,0.0,0.0,0.0,0.0,0.0,0.0,6.298073,0.0,0.0,0.0,0.0,0.0
0.0,0.0,0.0,4.060422,0.0,0.0,0.0,0.0,0.0,0.0,0.0,0.0,0.0,0.0,0.0,6.2788396,4.897092,0.0,3.1141994,0.0,0.0,0.0,12.46829,3.658987,5.365534,0.0,0.0,0.0,0.0,0.0,0.0,0.0,0.0,0.0,0.0,0.6636706,0.0,0.0,3.7406228,0.0,0.0,2.3255043,0.0,0.0,0.0,0.0,0.0,11.330707,0.0,0.0,0.0,0.0,0.0,0.0,0.0,0.0,0.0,0.0,6.3055987,8.799721,0.0,0.0,0.0,0.0,0.0,0.0,4.058789,0.0,0.62451804,0.0,0.0,0.0,0.0,0.0,0.0,0.0,0.0,0.0,0.0,0.0,0.0,0.0,0.0,0.0,0.0,0.0,0.0,0.0,0.0,0.0,0.8608601,0.0,8.302489,0.0,2.1952424,0.0,0.0,12.949483,0.0,0.0,0.0,0.0,0.0,0.0,0.0,0.0,0.0,0.0,0.0,0.0,3.667281,0.0,0.0,0.0,0.0,0.0,0.0,6.265959,0.0,0.0,0.0,0.0,0.0,0.0,0.0,0.0,0.0,0.0
0.0,0.0,0.0,0.0,0.0,2.3252897,0.0,0.0,0.0,0.0,0.0,0.8314668,1.9168669,0.0,0.0,0.0,0.0,0.0,1.2720141,0.0,0.0,4.5279975,0.0,0.0,0.0,0.0,0.0,3.8048227,0.0,0.0,0.0,0.0,0.0,0.0,0.0,3.7030253,0.0,0.0,0.0,0.0,0.0,0.0,0.0,0.0,0.0,0.0,0.0,0.0,7.5325327,0.0,0.0,0.0,0.0,0.0,0.0,0.0,0.0,0.0,0.0,0.0,0.0,0.0,0.0,0.0,0.0,0.0,0.12584879,0.0,0.91996086,0.0,0.0,0.0,0.0,0.0,0.0,0.0,0.0,0.0,0.0,0.0,0.0,0.0,0.0,0.0,7.7673974,0.0,0.0,0.0,0.0,6.246308,0.0,0.0,0.050165404,0.0,5.4011016,0.0,0.0,0.0,4.643567,0.0,0.0,0.0,0.0,0.0,0.0,0.0,0.0,0.0,0.0,4.3880606,0.0,0.0,0.0,0.0,0.0,0.0,0.0,0.0,0.0,0.0,0.0,0.0,7.864618,0.0,0.0,0.0,0.0,0.0
0.0,0.0,0.0,0.0,0.0,0.0,0.0,0.0,0.0,0.0,0.0,0.0,0.0,0.0,0.0,0.0,0.0,1.719169,3.8151934,0.0,0.0,0.0,0.0,0.0,0.0,0.0,0.0,1.8346299,0.0,0.0,0.0,0.0,0.0,0.0,0.0,11.794996,0.0,0.0,0.0,0.0,0.0,0.0,0.0,0.0,0.0,0.0,0.0,1.5125325,7.71851,0.0,0.0,0.0,0.0,0.0,0.0,0.0,0.0,0.0,0.0,0.0,0.0,0.0,0.0,0.0,2.0320778,0.0,0.4357279,0.0,3.4218657,0.0,0.0,0.0,0.0,0.0,0.0,0.0,0.0,2.049299,0.0,0.0,0.0,0.0,0.0,0.0,6.7195673,0.0,0.0,0.0,0.0,0.0,0.0,0.0,0.0,0.0,7.751972,0.0,0.0,0.0,7.8657765,0.0,0.0,0.0,0.0,0.0,0.0,1.5888722,0.0,0.0,0.0,5.432487,0.0,0.0,3.476624,0.0,0.0,0.0,0.0,0.0,0.0,0.0,0.0,0.0,7.115501,0.0,0.0,0.0,0.0,0.0
0.0,0.0,0.0,0.0,0.0,0.0,0.0,0.0,0.0,0.0,0.0,0.0,0.0,0.0,0.0,3.292554,0.0,2.372194,2.9318035,0.0,0.0,0.0,0.0,0.66397583,0.0,0.0,0.0,0.0,0.0,0.0,0.25198427,0.0,0.0,3.4062214,3.6523182,1.1392765,0.0,0.0,0.0,0.0,0.0,0.0,0.0,0.0,0.0,0.0,0.0,5.755792,0.0,0.0,0.0,0.0,0.0,2.3274033,0.0,1.180164,0.0,0.0,0.0,0.0,0.0,0.0,0.0,0.0,4.4021025,3.2800732,0.0,0.0,0.0,0.0,3.6337152,0.0,0.0,0.0,0.0,0.0,0.0,0.43626767,0.0,0.0,1.3021313,0.0,0.91802865,0.0,0.0,0.0,0.8627157,5.3723297,0.0,0.0,0.0,5.03535,0.0,0.0,0.0,0.0,0.0,0.0,5.3482485,0.0,0.0,0.0,0.0,0.0,0.0,0.0,0.0,0.0,0.5311749,0.0,0.7163498,0.0,2.3122413,0.0,0.0,0.0,0.0,0.0,0.0,0.0,0.0,0.0,0.0,0.0,0.0,0.0,0.0,0.0
0.0,2.1568515,0.0,0.0,0.0,0.0,0.0,0.0,0.0,0.0,5.517479,0.0,0.0,0.0,0.0,5.6428714,5.040812,0.0,0.0,0.0,0.0,0.0,0.0,8.463005,0.0,0.0,0.0,0.0,0.0,1.507872,0.0,0.0,0.0,0.0,0.0,0.0,0.0,0.0,4.195781,0.0,0.0,0.0,0.0,0.0,0.0,0.0,0.0,0.0,0.0,0.0,0.0,0.0,4.2383595,0.0,0.0,6.306167,0.0,0.0,0.0,10.244012,0.0,0.0,0.0,5.481645,0.0,0.0,0.0,0.0,0.0,0.0,0.0,0.0,0.0,0.0,0.0,0.0,0.0,0.0,0.0,0.0,0.0,0.0,0.0,2.1506686,0.0,0.0,0.0,0.0,0.0,0.0,0.0,0.0,6.4141808,0.0,0.0,0.0,0.0,14.116318,0.0,0.0,0.0,0.0,0.0,0.0,6.089742,1.2510931,0.0,0.0,0.0,5.9743586,0.0,0.0,0.0,0.0,0.0,0.0,0.0,0.0,0.0,0.0,3.0960836,0.0,0.0,7.3721304,7.203036,0.0,0.0,0.0
0.0,0.0,0.0,0.0,0.0,0.0,0.0,0.0,0.0,0.0,9.351876,0.0,0.0,0.0,0.0,13.471879,0.0,0.0,7.738332,0.0,0.0,0.0,0.0,10.911604,0.0,0.0,0.0,0.0,0.0,0.0,0.0,0.0,0.0,0.0,0.13703254,0.0,0.0,0.0,0.0,0.0,0.0,0.0,0.0,0.0,0.0,0.0,0.0,3.8238368,0.0,0.0,0.0,0.0,0.0,10.733488,0.0,8.135074,0.0,0.0,0.0,0.0,0.0,0.0,0.0,2.8129234,0.9000025,4.6071844,0.0,0.0,0.0,0.0,0.47898954,0.0,0.0,0.0,0.0,0.0,0.0,0.0,0.0,0.0,8.034514,0.0,0.0,1.5938737,0.0,0.0,0.0,5.729427,0.0,0.0,0.0,0.0,6.7259746,0.0,0.0,0.8477437,0.0,6.3039446,3.9775307,0.0,0.0,0.0,0.0,0.0,0.0,0.0,0.0,0.0,0.0,0.0,0.0,0.0,0.0,0.0,0.0,0.0,0.0,0.0,0.0,0.0,0.0,0.0,0.0,0.0,0.0,0.0,0.0,0.0
0.0,0.0,0.0,0.0,0.0,0.33056638,0.0,0.0,0.0,0.0,0.0,0.0,0.0,0.0,0.0,0.0,0.0,0.8238535,2.3101327,0.0,0.0,0.0,0.0,0.0,0.0,0.0,0.0,2.3506377,0.0,0.0,0.0,0.0,0.0,0.0,0.0,11.413274,0.0,0.0,0.0,0.0,0.0,0.0,0.0,0.0,0.0,0.0,0.0,0.0,8.813323,0.0,0.0,0.0,0.0,0.0,0.0,0.0,0.0,0.0,0.0,0.0,0.0,0.0,0.0,0.0,0.8095861,0.0,0.0,0.0,4.1005683,0.0,0.0,0.0,0.0,0.0,0.0,0.0,0.0,2.7285922,0.0,0.0,0.0,0.0,0.0,0.0,8.327811,0.0,0.0,0.0,0.0,0.5054784,0.0,0.0,0.0,0.0,7.133841,0.0,0.0,0.0,8.003903,0.0,0.0,0.0,0.0,0.0,0.0,0.5790345,0.0,0.0,0.0,5.6787395,0.0,0.0,3.4243963,0.0,0.0,0.0,0.0,0.0,0.0,0.0,0.0,0.0,5.8353963,0.0,0.0,0.0,0.0,0.0
0.0,0.0,0.0,0.0,0.0,0.0,0.0,0.0,0.0,0.0,0.0,0.0,0.7273591,0.0,0.0,0.0,0.0,4.3911953,2.7361462,0.0,0.0,0.22702214,0.0,0.0,0.0,0.0,0.0,2.0800712,0.0,0.0,0.0,0.0,0.0,0.0,0.0,6.3495955,0.0,0.0,0.0,0.0,0.0,0.0,0.0,0.0,0.0,0.0,0.0,0.0,4.2213182,0.0,0.0,0.0,0.0,0.0,0.0,0.0,0.0,0.0,0.0,0.0,0.0,0.0,0.0,0.0,1.9519475,2.8060033,3.888943,0.0,0.70983815,0.0,0.0,0.0,0.0,0.0,0.0,0.0,0.0,3.6219113,0.0,0.0,0.0,0.0,0.0,0.0,3.8219085,0.0,0.0,0.0,0.0,0.0,0.0,2.2098663,0.0,0.5993493,4.487283,0.0,0.0,0.0,4.3019423,0.0,0.0,0.0,0.0,0.0,0.0,0.0,0.0,0.0,0.0,0.0,0.0,0.0,1.7580928,0.0,0.0,0.0,0.0,0.0,0.0,0.0,0.0,0.0,5.04722,0.0,0.0,0.0,0.0,0.0
0.0,5.6145887,0.0,1.6686797,0.0,0.0,0.0,0.0,0.0,0.0,0.0,0.0,0.0,0.0,0.0,0.0,0.0,0.0,0.0,0.0,0.0,5.9407563,0.0,0.0,0.0,0.0,0.0,4.4902267,0.0,0.0,0.0,0.0,0.0,0.0,0.0,0.0,0.0,0.0,0.0,0.0,0.0,0.0,0.0,0.0,0.0,0.0,0.0,0.0,0.0,0.0,0.0,0.0,0.0,0.0,0.0,0.0,0.0,0.0,0.0,0.0,0.0,0.0,0.0,5.3139334,0.0,1.2904876,9.677821,0.0,0.0,0.0,0.0,0.0,0.0,0.0,0.0,0.0,0.0,0.0,0.0,0.0,0.0,0.0,0.0,0.0,0.0,0.0,0.0,0.0,0.0,0.0,0.0,0.0,0.0,1.0757229,0.0,0.0,0.0,5.1320267,0.0,0.0,0.0,0.0,0.0,0.0,10.04472,0.0,0.0,0.0,0.0,0.0,0.0,0.0,0.0,0.0,6.962531,0.0,5.599029,0.0,0.0,0.0,0.0,0.0,0.62338096,0.0,0.0,0.0,0.0,0.0
0.0,0.0,0.0,0.0,0.0,0.0,0.0,0.0,0.0,0.0,0.8531462,0.0,0.0,0.0,0.0,9.87315,1.5615398,0.0,0.0,0.0,0.0,3.2061687,0.0,10.350357,0.0,0.0,0.0,0.0,0.0,0.0,0.0,0.0,0.0,0.0,0.0,0.0,0.0,0.0,0.0,0.0,0.0,0.0,0.0,0.0,0.0,0.0,0.0,0.0,0.0,0.0,0.0,0.0,0.0,3.1172328,0.0,0.0,0.0,0.0,0.0,0.0,0.0,0.0,0.0,14.377805,0.0,3.5447886,0.0,0.0,0.0,0.0,0.0,0.0,0.0,0.0,0.0,0.0,0.0,3.1337764,0.0,0.0,0.0,0.0,0.0,0.0,0.0,0.0,0.0,3.4568882,0.0,0.0,0.0,0.0,1.2727004,0.0,0.0,0.0,0.0,10.390978,7.0329556,0.0,0.0,0.0,0.0,4.0612597,7.852168,5.470261,0.0,0.0,0.0,0.0,0.0,0.0,0.0,0.0,0.0,0.0,0.0,0.0,0.0,0.0,0.0,0.0,0.0,3.5150023,0.0,0.0,0.0,0.0
0.0,0.0,0.0,0.0,0.0,0.19088921,0.0,0.0,0.0,0.0,0.0,0.3618063,0.0,0.0,1.1796755,0.0,0.0,0.0,0.0,0.0,0.0,5.082341,0.0,0.0,0.0,0.0,0.0,0.0,0.0,0.0,0.0,0.0,0.0,0.0,0.0,0.0,0.0,0.0,0.0,0.0,0.0,0.0,0.0,0.0,0.0,0.0,0.0,0.0,0.86565685,0.0,0.0,0.0,0.0,0.0,0.0,0.0,0.0,0.0,0.0,0.0,0.0,0.0,0.0,0.0,0.0,0.0,0.0,0.0,0.0,0.0,0.0,0.0,0.0,0.0,0.0,0.0,0.0,0.0,0.0,0.0,0.0,0.0,0.0,0.0,8.081281,0.0,0.0,0.0,0.0,3.621135,0.0,0.0,0.0,0.0,3.7873294,0.0,0.0,0.0,8.677971,0.0,0.0,0.0,0.0,0.0,0.0,0.0,0.0,0.0,0.0,2.0919297,1.2371436,0.0,0.0,0.0,0.9079416,0.0,0.0,0.0,0.0,0.0,0.0,0.0,8.253629,0.0,0.0,0.0,0.0,0.0
0.0,0.0,0.0,0.0,0.0,0.0,0.0,0.0,0.0,0.0,0.0,0.0,0.0,0.0,0.0,0.0,0.0,4.9459915,1.4323413,0.0,0.0,0.0,0.0,0.0,0.0,0.0,0.0,2.6583343,0.0,0.0,0.0,0.0,0.0,0.0,2.5253513,7.4920993,0.0,0.0,0.0,0.0,0.0,0.0,0.0,0.0,0.0,0.0,0.0,2.951429,4.475626,0.0,0.0,0.0,0.0,1.8993348,0.0,0.0,0.0,0.0,0.0,0.0,0.0,0.0,0.0,0.0,1.2846751,1.5531874,2.6091545,0.0,0.0,0.0,0.0,0.0,0.0,0.0,0.0,0.0,0.0,0.24379104,0.0,0.0,0.0,0.0,0.0,0.0,4.5124574,0.0,0.0,0.0,0.0,0.0,0.0,2.9318085,0.0,0.0,5.337002,0.0,0.0,0.0,2.1645525,0.0,0.0,0.0,0.0,0.0,0.0,0.0,0.0,0.0,1.7992927,0.07035834,0.0,0.0,3.4099917,0.0,0.0,0.0,0.0,0.0,0.0,0.0,0.0,0.0,7.707863,0.0,0.0,0.0,0.0,0.0
0.0,0.0,0.0,0.0,0.0,0.0,0.0,0.0,0.0,0.0,7.211009,0.0,0.0,0.0,0.0,4.7272964,0.0,0.0,14.6832695,0.0,0.0,0.0,2.6785562,0.09682115,0.0,0.0,0.0,0.0,0.0,2.2535312,0.0,0.0,0.0,0.0,1.7064854,0.36492956,0.0,0.0,0.0,0.0,0.0,0.0,0.0,0.0,0.0,0.0,0.0,7.1112614,0.0,0.0,0.0,0.0,0.0,0.5501738,0.0,1.9097873,0.0,0.0,0.0,0.0,0.0,0.0,0.0,2.1142447,0.0,4.5925713,0.0,0.0,0.0,0.0,0.0,0.0,0.0,0.0,0.0,0.0,3.7934973,6.7073174,0.0,0.0,0.0,0.0,0.0,0.0,0.0,0.0,1.9051868,0.0,0.0,0.0,5.275763,0.0,5.0993495,0.0,0.67572314,0.0,0.0,6.4027925,0.0,0.0,0.0,0.0,0.0,0.0,0.0,8.176539,0.0,0.0,0.0,2.0191064,0.92370874,0.0,0.0,0.0,0.0,0.0,0.0,0.0,0.0,0.0,0.0,0.0,0.0,0.0,0.0,0.0,0.0,0.0
0.0,3.083639,0.0,3.6900067,0.0,0.0,0.0,0.0,0.0,0.0,0.0,0.0,0.0,0.0,1.4614351,0.0,4.686446,0.0,0.0,0.0,0.0,9.967014,0.0,0.0,0.0,0.0,0.0,6.1672997,0.0,0.0,0.0,0.0,0.0,0.0,0.0,0.0,0.0,0.0,0.54941523,0.0,0.0,0.0,0.0,0.0,0.0,0.0,0.0,0.0,1.2429097,0.0,0.0,0.0,0.0,0.0,0.0,0.0,0.0,0.0,0.0,0.0,0.0,0.0,0.0,0.0,0.0,0.0,7.994545,0.0,0.0,0.0,0.0,0.0,0.0,0.0,0.0,0.0,3.5844686,0.0,0.0,0.0,0.0,0.0,0.0,0.0,0.0,0.0,0.0,0.0,0.0,0.0,0.0,0.0,0.0,2.7862434,0.0,4.802579,0.0,12.310823,0.0,0.0,0.0,0.0,0.0,0.0,12.006822,0.0,2.5552766,0.0,1.9156716,0.0,0.0,0.0,0.0,0.0,0.0,0.0,15.615805,0.0,0.0,0.0,0.0,0.0,5.8998604,0.0,0.0,0.0,0.0,0.0
0.0,2.1034596,0.0,0.6881168,3.3527744,0.0,0.0,0.0,5.132373,0.0,8.5878935,0.0,0.0,3.5100155,0.0,0.0,6.5469666,0.0,9.648604,0.0,0.0,0.0,0.0,4.3614683,0.0,0.0,0.0,0.0,0.0,0.0,0.0,0.0,0.0,0.0,0.0,0.0,0.0,0.0,2.090823,0.0,0.0,7.997029,0.0,0.0,0.0,0.0,0.0,0.0,0.0,0.0,0.0,0.0,0.0,0.0,0.0,0.0,0.0,0.0,0.0,4.055824,0.0,0.0,0.0,0.0,0.0,0.0,0.0,0.0,0.0,0.0,0.0,0.0,0.0,0.0,0.0,0.0,2.7151437,0.0,0.0,0.0,0.0,0.0,0.0,3.5278027,0.0,0.0,0.0,0.0,0.0,0.0,0.0,0.0,5.847958,0.0,0.0,5.8452277,1.208759,13.237634,0.0,0.0,0.0,0.0,0.0,0.0,0.0,0.0,0.0,0.0,3.0502052,0.0,0.0,0.0,0.0,0.0,0.0,0.0,0.0,0.0,0.0,0.0,4.5465984,0.0,0.0,0.0,0.0,0.0,0.0,0.0
0.0,0.0,0.0,0.0,0.0,0.0,0.0,0.0,0.0,0.0,0.0,0.0,0.0,0.0,0.0,0.0,0.0,0.07384125,5.0675673,0.0,0.0,0.0,0.0,0.0,0.0,0.0,0.0,0.0,0.0,0.0,0.0,0.0,0.0,0.0,0.0,8.52618,0.0,0.0,0.0,0.0,0.0,1.5525925,0.0,0.0,0.0,0.0,0.0,4.643363,2.5454233,0.0,0.0,0.0,0.0,0.61279416,0.0,0.0,0.0,0.0,0.0,0.0,0.0,0.2148437,0.0,0.0,3.7189002,0.0,0.0,0.0,2.4891007,0.0,0.0,0.0,0.0,0.0,0.0,0.0,0.0,1.8890833,0.0,0.0,0.0,0.0,1.9429849,0.0,3.3976133,0.0,0.0,0.0,0.0,0.0,0.0,0.0,0.0,1.1897641,8.045618,0.0,0.0,0.0,6.7984257,0.0,0.0,0.0,0.0,0.0,0.0,3.1714687,0.0,0.0,0.0,6.976817,0.0,0.0,0.45997804,0.0,0.0,0.0,0.0,0.0,0.0,0.0,0.0,0.0,7.9218054,0.0,0.0,0.0,0.0,0.0
0.0,0.0,0.0,0.0,0.0,0.0,0.0,0.0,0.0,0.0,9.844278,0.0,0.0,0.0,0.0,10.21987,0.0,0.0,11.723617,0.0,0.0,0.0,0.0,5.874122,0.0,0.0,0.0,0.0,0.0,0.0,0.0,0.0,0.0,0.0,5.49269,0.0,0.0,0.0,0.0,0.0,0.0,0.0,0.0,0.0,0.0,0.0,0.0,1.1417283,0.0,0.0,0.0,0.0,0.0,11.31217,0.0,2.2992306,0.0,0.0,0.0,0.0,0.0,0.0,0.0,7.502766,0.0,9.8830805,0.0,0.0,0.0,0.0,0.0,0.0,0.0,0.0,0.0,0.0,0.0,3.3003933,0.0,0.0,5.2627225,0.0,2.762596,0.0,5.6178775,0.0,0.0,0.0,0.0,0.0,0.0,0.0,8.042605,0.0,0.0,0.0,0.0,4.229074,6.1272106,0.0,0.0,0.0,0.0,0.0,0.0,8.908565,0.0,0.27878135,0.0,0.021090165,0.0,0.0,0.0,0.0,0.0,0.0,0.0,0.0,0.0,0.0,0.0,0.0,0.0,0.0,0.0,0.0,0.0,0.0
1.4901543,0.0,0.0,0.0,0.0,0.0,0.0,0.0,0.0,0.0,0.0,0.0,0.0,0.0,0.0,0.0,0.0,6.035447,7.415123,0.0,0.0,0.0,0.0,0.0,0.0,0.0,0.0,0.0,0.0,0.0,0.0,0.0,0.0,0.0,0.0,7.852124,0.0,0.0,0.0,0.0,0.0,0.0,0.0,0.0,0.0,0.0,0.0,4.457559,0.0,0.0,0.0,0.0,0.0,0.0,0.0,0.0,0.0,0.0,0.0,0.0,0.0,0.0,0.0,0.0,4.7590303,0.0,4.584493,0.0,0.0,0.0,0.0,0.0,0.0,0.0,0.0,0.0,0.0,0.0,0.0,0.0,0.0,0.0,0.0,0.0,0.5195309,0.0,0.0,0.0,0.0,0.0,0.0,0.4256602,0.0,5.297387,3.9888506,0.0,0.0,0.0,0.63252074,0.0,0.0,0.0,0.0,0.0,0.0,1.22273,0.0,0.0,0.0,3.6957235,0.0,0.0,0.0,0.0,0.0,0.0,0.0,0.0,0.0,0.0,0.0,0.0,9.6836815,0.0,0.0,0.0,0.0,0.0
0.0,0.0,0.0,0.0,0.0,0.0,0.0,0.0,0.0,0.0,0.0,0.0,0.0,0.0,0.0,0.0,0.0,3.220061,5.357071,0.0,0.0,0.0,0.0,0.0,0.0,0.0,0.0,1.2231928,0.0,0.0,0.0,0.0,0.0,0.0,0.0,7.012063,0.0,0.0,0.0,0.0,0.0,0.0,0.0,0.0,0.0,0.0,0.0,0.0,2.1492069,0.0,0.0,0.0,0.0,0.0,0.0,0.0,0.0,0.0,0.5701241,0.0,0.0,0.0,0.0,0.0,1.4728197,1.9670528,4.947445,0.0,0.0,0.0,0.0,0.0,0.0,0.0,0.0,0.0,0.0,0.9869683,0.0,0.0,0.0,0.0,0.0,0.0,1.6667651,0.0,0.0,0.0,0.0,0.0,0.0,1.9501,0.0,2.9457853,0.5361315,0.0,0.0,0.0,0.0,0.0,0.0,0.0,0.0,0.0,0.0,0.0,0.0,0.0,0.0,1.3705344,0.0,0.0,0.0,0.0,0.0,0.0,0.0,0.0,0.0,0.0,0.0,0.0,2.6539783,0.0,0.0,0.0,0.0,0.0
0.0,0.0,0.0,0.0,0.86407065,0.0,0.0,0.0,0.0,0.0,2.8538227,0.0,0.0,3.8975585,0.0,0.0,0.0,0.0,10.289253,0.0,0.0,1.0677253,0.0,0.0,0.0,0.0,0.0,0.0,0.0,0.0,0.0,0.0,0.0,0.0,1.8621068,1.8860582,0.0,0.0,0.0,0.0,0.0,2.15845,0.0,0.0,0.0,0.0,0.0,0.31242797,0.0,0.0,0.0,0.0,0.0,0.060486555,1.9472803,0.0,0.0,0.0,3.9320314,0.0,0.0,0.0,0.0,0.0,0.0,0.0,0.0,0.0,0.0,0.0,0.0,0.0,0.0,0.0,0.0,0.0,1.9509667,0.0,0.0,0.0,0.0,0.0,0.0,0.0,0.0,0.0,4.28707,0.0,0.0,0.22421502,0.0,0.0,0.0,0.0,0.0,0.0,0.0,3.005513,0.0,0.0,0.0,0.0,0.0,0.0,0.0,0.0,0.0,0.0,0.0,1.928734,0.0,0.0,0.0,0.0,0.0,0.0,0.0,0.0,0.0,0.0,0.0,0.0,2.424688,0.0,0.0,0.0,0.0,0.0
0.0,0.0,0.0,0.0,0.0,6.221085,0.0,0.0,0.0,0.0,0.0,0.0,0.0,0.0,0.0,0.0,0.0,8.655233,0.0,0.0,0.0,0.0,0.0,0.0,0.0,0.0,0.0,0.0,0.0,0.0,0.0,0.0,0.0,0.0,0.0,11.045744,0.0,0.0,0.0,0.0,0.0,0.0,0.0,0.0,0.0,0.0,0.0,10.458107,0.0,0.0,0.0,0.0,0.0,2.4034028,0.0,0.0,0.0,0.0,0.0,0.0,0.0,0.0,0.0,0.0,13.357403,0.0,9.343352,0.0,0.0,0.0,0.0,0.0,0.0,0.0,0.0,0.0,0.0,0.0,0.0,0.0,0.0,0.0,0.0,0.0,0.0,0.0,0.0,0.0,0.0,0.0,0.0,5.3598847,0.0,5.769834,7.6116924,0.0,0.0,0.0,4.438896,0.0,0.0,0.0,0.0,0.0,0.0,0.0,0.0,0.0,0.0,7.0081806,0.0,0.0,0.0,0.0,0.0,0.0,0.0,0.0,0.0,0.0,0.0,0.0,2.6422534,0.0,0.0,0.0,0.0,0.0
0.0,3.4425952,0.0,0.0,1.4090292,0.0,0.0,0.0,0.0,0.0,11.457375,0.0,0.0,0.0,0.0,0.0,7.1884804,0.0,0.0,0.0,0.0,0.0,0.0,7.872207,0.0,0.0,0.0,0.0,0.0,0.0,0.0,0.0,0.0,0.0,0.0,0.0,0.0,0.0,0.0,0.0,9.461867,0.15145001,0.0,0.0,0.0,0.0,0.0,0.0,0.0,0.0,0.0,0.0,0.2578512,2.8409588,0.0,0.2096315,7.3970456,2.274606,0.0,0.0,0.0,0.0,0.0,5.9865203,0.0,0.0,0.0,0.0,0.0,0.0,0.0,0.0,1.6693033,0.0,0.0,0.0,0.0,0.0,0.0,0.0,0.0,0.0,0.0,11.822862,1.7800027,0.0,0.0,3.7567792,0.0,0.0,0.0,0.0,0.32141915,0.0,0.0,14.171893,0.0,5.127902,1.6336882,0.63829,0.0,0.0,0.0,0.0,1.1892968,0.0,0.0,0.0,11.5131645,0.0,0.0,0.0,0.0,0.0,6.187993,0.0,0.0,0.0,0.0,0.0,0.0,0.0,0.0,0.0,0.0,0.0,0.0,0.0
0.0,0.0,0.0,0.0,4.058403,0.0,0.0,0.0,0.0,0.0,0.83136266,0.0,0.0,0.0,0.0,0.0,0.0,0.40057778,2.6068568,0.0,0.0,0.0,2.0725906,0.0,0.0,0.0,0.0,0.0,0.0,0.0,0.0,0.0,0.0,0.0,11.664784,10.741086,0.0,0.0,0.0,0.0,0.0,0.36778656,0.0,0.0,0.0,0.0,0.0,6.643765,2.1346192,0.0,0.0,0.0,0.0,3.5034158,0.0,0.0,0.0,0.0,0.0,0.0,0.0,0.0,0.0,0.0,0.0,1.8404101,0.0,0.0,5.586251,0.0,0.0,0.0,0.0,0.0,0.0,0.0,0.0,4.6896324,0.0,0.0,0.0,0.0,5.171685,0.0,0.0,0.0,0.0,3.3661003,0.0,0.0,0.0,2.9426932,0.0,0.0,0.0,0.0,0.0,0.0,5.2627435,0.0,0.0,0.0,0.0,0.0,0.0,2.8508685,0.0,0.0,2.8447626,0.0,0.0,0.0,4.4914575,0.0,0.0,0.0,0.0,0.0,0.0,0.0,0.0,0.0,0.0,0.0,0.0,0.0,0.0,0.0
0.0,0.0,0.0,0.0,0.0,0.0,0.0,0.0,0.0,0.0,0.0,0.0,0.0,0.0,0.0,0.0,0.0,0.0,2.3253393,0.0,0.0,0.13683164,0.0,0.0,0.0,0.0,0.0,0.0,0.0,0.0,0.0,0.0,0.0,0.0,0.0,3.5171423,0.0,0.0,0.0,0.0,0.0,0.0,0.0,0.0,0.0,0.0,0.0,0.0,0.676084,0.0,0.0,0.0,0.0,0.32547352,0.0,0.0,0.0,0.0,0.0,0.0,0.0,0.4330093,0.0,0.0,0.12877825,0.0,0.0,0.0,1.4983,0.0,0.0,0.0,1.3292645,0.0,0.0,0.0,0.0,1.8819453,0.0,0.0,0.58799535,0.0,0.35651663,0.0,3.9215868,0.0,0.0,0.0,0.0,0.0,0.0,0.0,0.0,0.0,5.563166,0.0,0.0,0.0,9.029738,0.0,0.0,0.0,0.0,0.0,0.0,0.78503096,0.0,0.0,0.0,4.288867,0.673938,0.0,0.0,0.0,0.0,0.0,0.0,0.0,0.0,0.0,0.0,0.0,6.538845,0.0,0.0,0.0,0.0,0.0
0.0,0.0,0.0,0.0,0.0,0.0,0.0,0.0,0.0,0.0,5.677582,0.0,0.0,0.0,1.494228,6.263404,3.92172,0.0,0.0,0.0,0.0,0.0,0.0,3.3651876,0.0,0.0,0.0,0.0,0.0,2.927262,0.0,0.0,0.0,0.0,0.0,0.0,0.0,0.0,0.0,0.0,0.73788315,0.0,0.0,0.0,0.0,0.0,0.0,3.7603602,0.0,0.0,0.0,0.0,0.0,0.0,0.0,7.973648,0.0,0.0,0.0,0.0,0.0,0.0,2.5549443,2.2404225,0.0,1.3068027,0.0,0.0,0.0,0.012848364,0.0,0.0,1.3063612,0.0,0.0,0.0,0.0,0.0,0.0,0.0,0.0,0.0,0.0,6.2386355,0.0,0.0,0.0,7.518592,0.0,0.0,5.360929,1.5863177,0.0,0.0,0.0,0.0,0.0,0.74430835,2.174563,0.0,0.0,0.0,0.0,0.0,0.0,0.0,5.213289,0.0,9.521324,0.0,2.122497,0.0,0.0,0.20804204,0.0,0.0,0.0,0.0,0.0,0.0,0.0,0.0,0.22639695,0.0,0.0,0.0,3.2864432,0.0
0.0,0.0,0.0,0.0,0.0,0.0,0.0,0.0,0.0,0.0,0.0,0.0,0.0,0.0,0.0,5.138163,0.0,7.925909,4.5444603,0.0,0.0,0.0,0.0,0.7771642,0.0,0.0,0.0,0.0,0.0,0.6055244,0.0,0.0,0.0,0.0,6.6627746,5.057464,0.0,0.0,0.0,0.0,0.0,0.14012976,0.0,0.0,0.0,0.0,0.0,12.883938,0.0,0.0,0.0,0.0,0.0,4.6403484,0.0,5.873189,0.0,0.0,0.0,0.0,0.0,0.0,0.0,0.0,4.537608,1.7834742,0.0,0.0,0.0,0.0,2.707584,0.0,0.0,0.0,0.0,0.0,0.0,3.780229,0.7508496,0.0,0.0,0.0,0.0,0.0,0.0,0.0,0.0,0.0,0.0,0.0,0.0,2.0035362,0.0,0.0,0.0,0.0,0.0,0.0,10.178752,0.0,0.0,0.0,0.0,0.0,0.0,7.054898,0.0,0.0,0.0,4.1659913,0.0,0.0,0.34236652,0.0,0.0,0.0,0.0,0.0,0.0,0.0,0.0,0.0,0.0,0.0,0.0,0.0,0.0,0.0
0.0,0.0,0.0,0.0,0.0,0.0,0.0,0.0,0.0,0.0,11.827037,0.0,0.0,0.0,0.0,4.181965,8.568462,0.0,0.972936,0.0,0.0,0.0,3.8248987,5.002156,0.0,0.0,0.0,0.0,0.0,0.0,0.0,0.0,0.0,0.0,12.71224,0.0,0.0,0.0,0.0,0.0,0.0,0.0,0.0,0.0,0.0,0.0,0.0,3.2187436,0.0,0.0,0.0,0.0,0.0,3.2512815,0.0,0.0,0.0,0.0,0.0,2.8836453,0.0,4.2878237,0.0,8.049923,0.0,8.114149,0.0,0.0,0.0,0.0,0.0,0.0,8.130521,0.0,0.0,0.0,0.0,8.502021,0.0,0.0,0.0,0.0,0.13844225,0.0,0.0,0.0,11.691678,0.0,0.0,0.0,0.0,0.0,0.13778883,0.0,0.0,0.0,0.0,4.053012,0.0,0.0,0.0,0.0,0.0,0.0,0.17880905,1.4087783,0.0,0.0,0.0,0.0,0.0,0.0,0.0,0.0,0.0,0.0,0.0,0.0,0.0,0.0,0.0,0.0,0.0,5.969413,0.0,0.0,0.0,0.0
0.0,0.0,0.0,0.0,0.0,0.0,0.0,0.0,0.0,0.0,2.0598352,0.0,0.0,0.0,0.0,10.676903,0.0,0.0,7.702447,0.0,0.0,0.0,2.992074,7.5528197,0.0,0.0,0.0,0.0,0.0,1.9047467,0.0,0.0,0.0,0.0,0.0,0.0,0.0,0.0,0.0,0.0,0.0,0.0,0.0,0.0,0.0,0.0,0.0,4.800923,0.0,0.0,0.0,0.0,0.0,8.48765,0.0,2.138642,0.0,0.0,0.0,0.0,0.0,0.0,0.0,0.25136882,0.0,0.0,0.0,0.0,1.8617417,0.0,0.0,0.0,0.0,0.0,0.0,0.0,0.0,0.0,0.0,0.0,0.0,0.0,0.0,0.0,7.3845263,0.0,0.0,1.3435962,0.0,0.0,0.0,0.0,9.313301,0.0,0.0,0.0,0.0,6.554961,7.296406,0.0,0.0,0.0,0.0,0.0,0.0,2.2447054,0.0,0.0,0.0,0.8824137,2.4042084,0.0,0.0,0.0,0.0,0.0,0.0,0.0,0.0,0.0,0.0,0.0,0.0,0.0,0.0,0.0,0.0,0.0
0.0,0.0,0.0,0.0,0.0,0.0,0.0,0.0,0.0,0.0,0.0,0.0,0.0,0.0,0.0,0.0,0.0,1.6557443,0.30170566,0.0,0.0,0.82331955,0.0,0.0,0.0,0.0,0.0,0.0,0.0,0.0,0.0,0.0,0.0,0.0,0.0,2.6972854,0.0,0.0,0.0,0.0,0.0,0.0,0.0,0.0,0.0,0.0,0.0,0.0,2.6679664,0.0,0.0,0.0,0.0,0.0,0.0,0.0,0.0,0.0,0.0,0.0,0.0,0.0,0.0,0.0,0.45593944,0.0,3.0262485,0.0,0.0,0.0,0.0,0.0,0.0,0.0,0.0,0.0,0.0,0.0,0.0,0.0,0.0,0.0,0.0,0.0,2.2904882,0.0,0.0,0.0,0.0,0.4501537,0.0,0.0,0.0,3.23513,6.6228647,0.0,0.0,0.0,3.3678308,0.0,0.0,0.0,0.0,0.0,0.0,0.0,0.0,0.0,0.0,2.3317754,0.0,0.0,0.0,0.0,0.0,0.0,0.0,0.0,0.0,0.0,0.0,0.0,7.6498756,0.0,0.0,0.0,0.0,0.0
0.0,0.0,0.0,0.0,0.0,0.0,0.0,0.0,0.0,0.0,0.0,0.0,0.0,0.0,10.292415,0.0,0.09341462,0.0,0.0,0.0,0.0,0.0,0.0,0.0,0.0,0.0,0.0,0.0,0.0,0.0,0.0,0.0,0.0,0.0,0.0,0.0,0.0,0.0,0.0,0.0,0.0,0.0,0.0,0.0,0.0,0.0,0.0,0.0,0.0,0.0,0.0,0.0,0.0,0.0,0.0,0.0,10.537606,0.0,0.0,0.0,0.0,0.0,0.0,5.521643,0.0,0.0,2.044441,0.0,0.0,0.0,0.0,0.0,12.4981365,0.0,0.0,0.0,0.0,0.0,0.0,0.0,0.0,0.0,0.0,0.0,0.0,0.0,0.0,6.8092866,0.0,0.0,0.0,6.6800237,0.0,8.41169,9.241324,0.0,0.0,0.0,0.0,0.0,0.0,0.0,0.0,0.0,19.494373,0.0,0.0,0.0,7.043103,0.0,0.0,0.0,0.0,0.0,0.0,0.0,4.9320507,0.0,0.0,0.0,0.0,0.0,1.1160308,0.0,0.0,0.0,0.0,0.0
0.0,3.0756297,0.0,15.697506,0.0,0.0,0.0,0.0,0.0,0.0,0.0,0.0,0.0,0.0,0.0,0.0,5.762007,0.0,2.307862,0.0,0.0,1.9039881,0.0,0.0,0.0,0.0,0.0,0.0,0.0,0.0,0.0,0.0,0.0,0.0,0.0,0.0,0.0,0.0,0.0,0.0,0.0,0.572455,0.0,0.0,0.0,0.0,0.0,0.0,0.0,0.0,0.0,0.0,0.0,0.0,0.0,0.0,0.0,0.0,0.0,0.0,0.0,0.0,0.0,0.0,0.0,0.0,5.764679,0.0,0.0,0.0,0.0,0.0,0.0,0.0,0.0,0.0,12.359523,0.0,0.0,0.0,0.0,0.0,0.0,0.0,0.0,0.0,0.0,0.0,0.0,0.0,0.0,0.0,0.0,4.7111173,0.0,14.0238495,3.976803,4.4205356,0.0,0.0,0.0,0.0,0.0,0.0,0.0,0.0,0.0,0.0,8.354764,0.0,0.0,0.0,0.0,0.0,5.0771413,0.0,13.740022,0.0,0.0,0.0,0.0,0.0,6.5336766,0.0,0.0,0.0,0.0,0.0
0.0,0.0,0.0,0.0,0.0,0.0,0.0,0.0,0.0,0.0,6.873959,0.0,0.0,0.0,0.0,1.2100308,0.0,0.0,9.882021,0.0,0.0,0.0,4.888433,8.5838,0.0,0.0,0.0,0.0,0.0,4.9432564,0.0,0.0,0.0,0.0,0.0,0.0,0.0,0.0,0.0,0.0,0.0,0.0,0.0,0.0,0.0,0.0,0.0,6.6366315,0.0,0.0,0.0,0.0,0.40552154,8.693857,0.0,9.806029,0.0,0.0,0.0,0.0,0.0,0.0,0.0,9.172241,0.0,0.0,0.0,0.0,0.0,0.0,0.0,0.0,0.08679317,0.0,0.0,0.0,0.0,0.0,0.0,0.0,0.0,0.0,1.2072357,0.0,5.9597144,0.0,0.0,0.0,0.0,0.0,3.12723,0.0,9.378546,0.0,0.0,0.0,0.0,3.746808,0.0,0.0,0.0,0.0,0.0,0.0,0.0,7.2178874,0.0,0.0,0.0,8.508361,3.9454799,0.0,0.0,0.0,0.0,0.0,0.0,0.0,0.0,0.0,0.0,0.0,0.0,0.0,0.0,0.0,0.0,0.0
0.0,4.509133,1.6208438,3.672566,0.0,0.0,0.0,0.0,0.0,0.0,0.0,0.0,0.0,0.0,2.9038239,0.0,0.0,0.0,0.0,0.0,0.0,3.0023706,0.0,0.0,0.0,0.0,0.0,0.0,0.0,0.0,0.0,0.0,0.0,0.0,0.0,0.0,0.0,0.0,5.923146,0.0,0.0,0.0,0.0,0.0,0.0,0.0,0.0,0.0,0.0,0.0,0.0,0.0,0.0,0.0,0.0,0.0,2.02775,0.0,0.0,0.0,0.0,0.0,0.0,1.9834179,0.0,0.0,4.050224,0.0,0.0,0.0,0.0,0.0,0.0,0.0,0.0,0.0,0.0,0.0,0.0,0.0,0.0,0.0,0.0,0.0,0.0,0.0,0.0,0.0,0.0,0.0,0.0,0.0,0.0,0.0,0.0,11.955393,0.0,18.411247,0.0,0.0,0.0,0.0,0.0,0.0,16.670105,0.0,0.0,0.0,0.3886495,0.0,1.0208831,0.0,0.0,0.0,9.81154,0.0,12.896319,0.0,0.0,0.0,0.0,0.0,6.3420153,0.0,9.565991,0.0,0.0,0.0
0.0,9.142651,0.0,2.5388594,0.0,0.0,0.0,0.0,0.0,0.0,5.0774417,0.0,0.0,0.0,0.0,0.0,4.1384587,0.0,0.0,0.0,0.0,0.0,0.0,11.743466,0.0,0.0,0.0,0.0,0.0,0.0,0.0,0.0,0.0,0.0,0.0,0.0,0.0,0.0,2.4860618,0.0,0.14122924,0.0,0.0,0.0,0.0,0.0,0.0,0.0,0.0,0.0,0.0,0.0,0.0,0.0,0.0,0.0,4.845058,0.45524165,0.0,0.0,0.0,0.0,0.0,8.480681,0.0,0.0,0.0,0.0,0.0,0.0,0.0,0.0,0.0,0.0,0.0,0.0,0.0,0.0,0.0,0.0,0.0,0.0,0.0,4.0479636,0.0,0.0,0.0,0.0,0.0,0.0,0.0,0.0,1.813918,0.0,0.0,13.647618,0.0,13.44153,0.5642674,0.0,0.0,0.0,0.0,0.0,7.9301214,0.0,0.0,0.0,3.3026211,0.0,0.0,0.0,0.0,0.0,10.427991,0.0,0.0,0.0,0.0,0.0,0.0,0.0,0.0,0.0,0.0,0.0,0.0,0.0
0.0,0.0,0.0,0.0,0.8236871,0.0,0.0,0.0,0.0,0.0,12.524131,0.0,0.0,0.0,0.0,15.418676,0.84288365,0.0,4.54101,0.0,0.0,0.0,0.0,0.9569561,0.0,0.0,0.0,0.0,0.0,2.834102,0.0,0.0,0.0,0.0,4.986887,0.0,0.0,0.0,0.0,0.0,0.0,0.0,0.0,0.0,0.0,0.0,0.0,4.5726833,0.0,0.0,0.0,0.0,0.0,0.0,0.0,3.6594262,0.0,0.0,0.0,0.0,0.0,0.0,0.0,0.0,0.0,4.6325502,0.0,0.0,0.0,0.0,0.0,0.0,0.0,0.0,0.0,0.0,0.0,4.2998056,0.0,0.0,0.0,0.0,0.0,0.0,0.0,0.0,0.0,0.0,0.0,0.0,0.0,0.0,8.389429,0.0,0.0,0.0,0.0,12.542952,0.0,0.0,0.0,0.0,0.0,0.0,0.0,2.43083,0.0,0.0,0.0,0.0,0.0,0.0,0.0,0.0,0.0,0.0,0.0,0.0,0.0,0.0,0.0,0.0,0.0,0.6807054,0.0,0.0,0.0,0.0
0.0,0.0,0.0,0.0,0.0,0.0,0.0,0.0,0.0,0.0,4.149779,0.0,0.0,0.0,0.0,4.7753916,0.0,0.0,0.0,0.0,0.0,0.0,0.0,1.8224083,0.0,0.0,0.0,0.0,0.0,0.0,0.0,0.0,0.0,0.0,4.9035645,0.6655659,1.1720254,0.0,0.0,0.0,0.0,3.8261933,0.0,0.0,0.0,0.0,0.0,17.492134,0.0,0.0,0.0,0.0,0.0,4.661908,0.0,19.964823,0.0,0.0,0.0,0.0,0.0,0.0,0.0,0.0,0.0,0.0,0.0,0.0,0.0,0.0,0.0,0.0,15.114438,0.0,0.0,0.0,0.0,3.9941328,1.7321717,0.0,3.263476,0.0,0.0,0.0,0.0,0.0,0.0,3.9897003,0.0,0.0,0.0,0.0,9.355942,0.0,0.0,0.0,0.0,0.0,17.941187,0.0,0.0,0.0,0.0,0.0,0.24274561,7.297544,0.0,0.0,0.0,6.3218546,1.3987662,0.0,0.0,0.0,0.0,0.0,0.0,0.0,0.0,0.0,0.0,0.0,0.0,0.0,0.0,0.0,0.0,0.0
0.0,0.0,0.0,0.0,0.0,0.0,0.0,0.0,0.0,0.0,0.9271733,0.0,0.0,0.0,0.0,1.6699171,0.0,0.0,4.5180554,0.0,0.0,0.0,0.0,1.9001113,0.0,0.0,0.0,0.0,0.0,0.0,0.0,0.0,0.0,0.0,9.316178,6.1924224,0.0,0.0,0.0,0.0,0.0,0.0,0.0,0.0,0.0,0.0,0.0,0.0,0.0,0.0,0.0,0.0,0.0,4.1195264,0.0,0.0,0.0,0.0,0.0,0.0,0.0,0.0,0.0,15.391405,0.0,10.249923,0.0,0.0,6.5562425,0.0,0.0,0.0,3.164403,0.0,0.0,0.0,0.0,9.709968,0.0,0.0,0.0,0.0,8.530691,0.0,6.090657,0.0,0.0,0.0,0.0,0.0,0.0,5.050809,4.742575,0.0,0.0,0.0,0.0,0.0,6.6180496,0.0,0.0,0.0,0.0,1.1792319,1.7983234,10.907912,0.0,0.0,0.0,0.0,0.0,0.0,0.0,0.0,0.0,0.0,0.0,0.0,0.0,0.0,0.0,0.0,0.0,0.0,0.0,0.0,0.0,0.0
0.0,0.0,0.0,0.0,1.369016,0.0,0.0,0.0,0.0,0.0,6.1545963,0.0,0.0,0.0,0.0,7.0121984,0.0,0.0,10.096651,0.0,0.0,0.938624,0.0,0.0,0.0,0.0,0.0,0.0,0.0,0.0,0.0,0.0,0.0,0.0,0.0,0.0,0.0,0.0,0.0,0.0,0.0,0.0,0.0,0.0,0.0,0.0,0.0,0.0,0.0,0.0,0.0,0.0,0.0,2.1465516,0.0,0.0,0.0,0.0,0.0,0.0,0.0,0.0,0.0,0.0,0.0,3.0975723,0.0,0.0,0.0,0.0,0.0,0.0,0.0,0.0,0.0,0.0,0.0,0.0,0.0,0.0,6.3743744,0.0,0.0,0.0,1.4709082,0.0,0.0,0.0,0.0,0.0,0.0,0.0,4.8489494,0.0,0.0,0.49498707,0.0,11.282588,0.0,0.0,0.0,0.0,0.0,0.0,0.0,0.52593637,0.0,0.0,0.0,0.0,0.0,0.0,0.0,0.0,0.0,0.0,0.0,0.0,0.0,0.0,0.0,0.0,0.0,0.0,0.0,0.0,0.0,0.0
0.0,0.0,0.0,0.0,0.0,0.0,0.0,0.0,0.025895027,0.0,7.1146016,0.0,0.0,0.0,0.0,3.304124,1.339356,0.0,7.0331297,0.0,0.0,0.0,1.2435969,5.8857408,0.0,0.0,0.0,0.0,0.0,0.0,0.0,0.0,0.0,0.0,10.637422,0.0,0.0,0.0,0.0,0.0,0.0,0.0,0.0,0.0,0.0,0.0,0.0,2.6020093,0.0,0.0,0.0,0.0,0.0,9.95859,0.0,0.0,0.0,0.0,0.0,0.0,0.0,0.0,0.0,4.2437057,0.0,0.9756278,0.0,0.0,0.0,0.0,0.0,0.0,0.0,0.0,0.0,0.0,0.0,0.0,0.0,0.0,0.0,0.0,0.0,0.0,0.7976907,0.0,0.0,1.9731736,0.0,0.0,0.0,0.0,6.485814,0.0,0.0,0.6206349,0.0,5.684879,0.09635645,0.0,0.0,0.0,0.0,0.0,0.0,0.8558402,0.0,0.0,0.0,0.0,0.0,0.0,0.0,0.92932117,0.0,0.0,0.0,0.0,0.0,0.0,0.0,0.0,0.0,0.0,0.0,0.0,0.0,0.0
0.0,0.0,0.0,0.0,0.0,0.0,0.0,0.0,0.0,0.0,6.041029,0.0,0.0,0.0,0.0,3.688565,0.0,0.0,9.026013,0.0,0.0,0.0,1.4877522,0.0,0.0,0.0,0.0,0.0,0.0,2.3385227,0.0,0.0,0.0,0.0,0.0,3.4604654,0.0,0.0,0.0,0.0,0.0,0.0,0.0,0.0,0.0,0.0,0.0,4.451299,0.0,0.0,0.0,0.0,0.73916936,5.275942,0.0,3.3355474,0.0,0.0,0.0,0.0,0.0,0.0,0.0,1.6969872,0.0,2.9984334,0.0,0.0,0.6656586,0.0,0.0,0.0,0.0,0.0,0.0,0.0,0.0,6.4198184,0.0,0.0,0.0,0.0,0.0,0.0,6.257855,0.0,0.0,0.0,0.0,0.0,2.9876833,0.0,2.0018454,0.0,0.0,0.0,0.0,3.9467485,1.0802515,0.0,0.0,0.0,0.0,0.0,0.0,10.25241,0.0,0.0,0.0,4.6048827,1.5943756,0.0,0.0,0.0,0.0,0.0,0.0,0.0,0.0,0.0,0.0,0.0,1.0471176,0.576812,0.0,0.0,0.0,0.0
0.0,0.0,0.0,0.0,0.0,0.0,0.0,0.0,0.0,0.0,14.195777,0.0,0.0,0.0,0.0,8.458513,0.0,0.0,7.5712547,0.0,0.0,0.0,0.0,8.144075,0.0,0.0,0.0,0.0,0.0,6.6355433,0.0,0.0,0.0,0.0,5.0673842,0.0,0.0,0.0,0.0,0.0,0.0,0.0,0.0,0.0,0.0,0.0,0.0,4.261309,0.0,0.0,0.0,0.0,0.0,7.5158825,0.0,8.881467,0.0,0.0,0.0,0.0,0.0,0.0,0.0,4.8234015,0.0,5.648306,0.0,0.0,0.0,0.0,0.0,0.0,0.13783772,0.0,0.0,0.0,0.0,4.1103253,0.0,0.0,0.0,0.0,0.0,0.0,3.7059152,0.0,0.0,0.0,0.0,0.0,0.0,0.0,9.199695,0.0,0.0,0.0,0.0,6.287116,0.0,0.0,0.0,0.0,0.0,0.0,0.0,6.2331514,0.0,0.5719509,0.0,1.1133889,0.0,0.0,0.0,0.0,0.0,0.0,0.0,0.0,0.0,0.0,0.0,0.0,0.0,0.79358953,0.0,0.0,0.0,0.0
0.0,0.0,0.0,0.0,0.0,0.0,0.0,0.0,0.0,0.0,0.0,0.0,0.0,0.0,0.0,3.6920276,0.0,0.0,0.1300444,0.0,0.0,0.0,0.0,0.0,0.0,0.0,0.0,0.0,0.0,1.5470703,0.0,0.0,0.0,0.0,5.905909,2.3794277,0.0,0.0,0.0,1.1174508,0.0,0.0,0.0,0.0,0.0,0.0,0.0,1.7229959,0.0,0.0,0.0,0.0,0.0,6.373578,0.0,0.0,0.0,0.0,0.0,0.0,0.0,0.0,0.0,5.438568,0.0,0.0,0.0,0.0,3.574661,0.0,0.0,0.0,0.0,0.0,0.0,6.775847,0.0,2.6420708,0.0,0.0,1.850557,0.0,0.0,0.0,4.753044,0.0,0.0,4.6196985,0.0,0.0,1.5175413,3.8619485,0.37349272,0.0,0.0,0.0,0.0,2.435011,7.16331,0.0,0.0,0.0,0.0,0.0,0.0,0.0,0.0,0.0,0.0,0.0,4.082798,0.0,2.3489094,5.364031,0.0,0.0,0.0,0.0,0.0,0.0,0.0,0.0,0.0,0.0,0.0,0.0,0.0,0.0
0.0,0.0,0.0,0.0,0.0,0.0,0.0,0.0,0.0,0.0,2.9194782,0.0,0.0,0.0,5.5634246,0.0,5.3217983,0.0,0.0,0.0,0.0,0.0,0.0,0.0,0.0,0.0,0.0,0.0,0.0,0.0,0.0,0.0,0.0,0.0,0.0,0.0,0.0,0.0,0.0,0.0,1.7937888,0.0,0.0,0.0,0.0,0.0,0.0,0.0,0.0,0.0,0.0,0.0,0.0,0.0,0.0,0.0,4.504159,3.7605355,0.0,0.0,0.0,0.0,0.0,3.4748998,0.0,0.0,0.0,0.0,0.0,5.00546,0.0,0.0,0.2616558,0.0,0.0,0.0,0.0,0.0,0.0,0.0,0.0,0.0,0.0,4.842751,0.0,0.0,0.0,6.102129,0.0,0.0,0.0,2.972094,0.0,4.1363316,0.0,0.0,0.0,0.0,0.0,0.0,0.0,0.0,0.0,0.0,4.084272,0.0,0.0,0.0,15.867768,0.0,0.0,0.0,0.0,0.0,0.0,0.0,3.6043892,0.0,0.0,0.0,0.0,0.0,5.0672755,0.0,0.655409,0.0,5.997934,0.0
0.0,0.0,0.0,0.0,0.0,0.0,0.0,0.0,0.0,0.0,0.0,0.0,0.0,0.0,0.0,2.7559564,0.0,0.0,4.179807,0.0,0.0,0.0,0.0,0.0,0.0,0.0,0.0,0.0,0.0,0.13688856,0.0,0.0,0.0,0.0,0.82209486,2.4885993,0.0,0.0,0.0,0.0,0.0,0.0,0.0,0.0,0.0,0.0,0.0,0.0,0.0,0.0,0.0,0.0,0.0,8.7035,0.0,1.9704373,0.0,0.0,0.0,0.0,0.0,0.0,0.0,0.0,3.4037447,3.4711347,0.0,0.0,0.0,0.0,0.0,0.0,0.0,0.0,0.0,0.9686454,0.0,1.0613075,0.0,0.0,7.066723,0.0,0.0,0.0,10.600232,0.0,0.0,0.0,0.0,0.0,0.0,0.0,0.0,0.0,0.0,0.0,0.0,0.0,10.27721,0.0,0.0,0.0,0.0,0.0,0.0,1.1148307,0.0,1.7207905,0.0,0.0,5.4055343,0.0,5.2879624,0.0,0.0,0.0,0.0,0.0,0.0,0.0,0.0,0.0,1.7447908,0.0,0.0,0.0,0.0,0.0
0.0,0.0,0.0,0.0,0.0,0.0,0.0,0.0,0.0,0.0,0.0,0.0,0.0,0.0,0.0,8.233918,0.0,0.0,0.0,0.0,0.0,0.0,0.0,6.645428,0.0,0.0,0.0,0.0,0.0,0.0,0.0,0.0,0.0,0.0,0.0,0.6863101,0.0,0.0,0.0,0.0,0.0,0.0,0.0,0.0,0.0,0.0,0.0,9.663637,0.0,0.0,0.0,0.0,0.0,1.2405142,0.0,0.0,0.0,0.0,0.0,0.0,0.0,0.0,0.0,9.2578335,0.0,3.5461874,0.0,0.0,9.814946,0.0,0.0,0.0,2.9619899,0.0,0.0,0.0,0.0,2.951355,0.0,0.0,0.0,0.0,6.497667,0.0,0.0,0.0,0.0,6.054741,0.0,0.0,0.0,4.9625206,0.0,0.0,0.0,0.0,0.0,0.0,11.079181,0.0,0.0,0.0,0.0,1.0603456,0.0,5.0715113,0.0,0.0,0.0,0.0,0.0,0.0,0.0,0.0,0.0,0.0,0.0,0.0,0.0,0.0,0.0,0.0,0.0,0.0,0.0,0.0,0.0,0.0
0.0,0.0,0.84401697,0.0,0.0,0.0,0.0,0.0,0.0,0.0,0.0,0.0,0.0,0.0,3.1306226,0.0,0.0,0.0,0.0,0.0,0.0,0.0,0.2294641,0.0,0.0,0.0,0.0,0.0,0.0,0.0,0.0,0.0,0.0,0.0,0.0,0.0,0.0,0.0,0.0,0.0,0.0,0.0,0.0,0.0,0.0,0.0,0.0,1.818997,0.0,0.0,0.0,0.0,0.0,0.0,0.0,0.0,0.0,0.0,0.0,0.0,0.0,0.0,0.0,0.0,1.5315164,0.0,0.0,0.0,0.0,0.0,0.0,0.0,7.131912,0.0,0.0,0.0,0.0,0.0,0.0,0.0,0.0,0.0,2.2134352,0.90455,0.0,0.0,0.0,0.0,0.0,0.0,0.0,0.0,0.0,0.28601718,5.413909,0.0,0.0,0.0,9.029066,0.0,0.0,0.0,0.0,0.56065995,0.0,0.0,0.0,0.0,0.0,4.3543644,4.037527,0.0,0.0,0.0,3.0875576,0.0,0.0,0.0,0.0,0.0,0.0,0.0,6.3412266,0.0,0.0,0.0,0.0,0.0
0.0,0.0,0.0,0.0,0.6761444,0.0,0.0,0.0,0.0,0.0,3.394088,0.0,0.0,0.0,0.0,2.8392591,0.0,2.4027064,9.186893,0.0,0.0,0.0,0.0,0.0,0.0,0.0,0.0,1.190296,0.0,0.0,0.0,0.0,0.0,0.0,0.48731548,2.3335407,0.0,0.0,0.0,0.0,0.0,0.0,0.0,0.0,0.0,0.0,0.0,1.8810369,0.0,0.0,0.0,0.0,0.0,0.6225667,0.0,1.3045148,0.0,0.0,0.0,0.0,0.0,0.0,0.0,0.0,0.0,5.162398,0.0,0.0,0.0,0.0,0.0,0.0,0.0,0.0,0.0,0.0,0.0,2.9608192,0.0,0.0,0.0,0.0,0.0,0.0,1.5257388,0.0,1.5789113,0.0,0.0,0.0,0.0,1.2679684,0.0,0.0,0.0,0.0,0.0,0.0,1.1359285,0.0,0.0,0.0,0.0,0.0,0.0,3.5572908,0.0,0.0,0.0,0.5326308,0.0,0.0,0.0,0.0,0.0,0.0,0.0,0.0,0.0,0.0,0.0,0.0,1.843597,0.0,0.0,0.0,0.0,0.0
0.0,0.0,0.0,0.0,0.0,0.0,0.0,0.0,0.0,0.0,0.5204518,0.0,0.0,0.0,0.0,0.0,0.0,0.0,3.6112175,0.0,0.0,0.0,6.7608924,0.32106373,0.0,0.0,0.0,0.0,0.0,0.0,0.0,0.0,0.0,0.0,2.5860796,0.0,0.0,0.0,0.0,0.0,0.0,0.0,0.0,0.0,0.0,0.0,0.0,1.0960426,0.0,0.0,0.0,0.0,0.0,8.215324,0.0,1.7697798,0.0,0.0,0.0,0.0,0.0,0.0,0.0,4.3485355,0.0,0.0,0.0,0.0,0.6571238,0.0,1.253297,0.0,2.9747868,0.0,0.0,2.514387,0.0,3.862591,0.0,0.0,0.0,0.0,0.0,0.0,4.0341854,0.0,0.0,0.0,0.0,0.0,0.0,0.0,0.0,0.0,0.76199985,0.0,0.0,2.719454,5.8005486,0.0,0.0,0.0,0.0,4.767069,0.0,6.4769564,0.0,0.0,0.0,3.6717358,6.369678,0.0,0.0,0.0,0.0,0.0,0.0,0.0,0.0,0.0,0.0,0.0,0.0,0.0,0.0,0.0,0.0,0.0
0.0,0.0,0.0,0.0,0.0,3.0976958,0.0,0.0,0.0,0.0,0.0,0.0,0.0,0.0,0.0,0.0,0.0,0.0,0.82404745,0.0,0.0,0.45408717,0.0,0.0,0.0,0.0,0.0,0.0515173,0.0,0.0,0.0,0.0,0.0,0.0,0.0,6.3391314,0.0,0.0,0.0,0.0,0.0,0.0,0.0,0.0,0.0,0.0,0.0,0.0,7.0673094,0.0,0.0,0.0,0.0,0.0,0.0,0.0,0.0,0.0,0.0,0.0,0.0,0.0,0.0,0.0,0.0,0.0,0.0,0.0,2.910857,0.0,0.0,0.0,0.0,0.0,0.0,0.0,0.0,0.1800564,0.0,0.0,0.0,0.0,0.0,0.0,6.1313596,0.0,0.0,0.0,0.0,2.335234,0.0,0.0,0.0,0.5375995,7.735827,0.0,0.0,0.0,6.907357,0.0,0.0,0.0,0.0,0.0,0.0,0.0,0.0,0.0,0.0,7.634515,0.0,0.0,0.12571236,0.0,0.0,0.0,0.0,0.0,0.0,0.0,0.0,0.0,6.929469,0.0,0.0,0.0,0.0,0.0
0.0,11.866329,0.0,15.335304,0.0,0.0,0.0,0.0,0.0,0.0,0.0,0.0,0.0,0.0,0.0,0.0,10.577418,0.0,0.5286324,0.0,0.0,0.92243326,0.0,0.0,0.0,0.0,0.0,4.2683725,0.0,0.0,0.0,0.0,0.0,0.0,0.0,0.0,0.0,0.0,5.150233,0.0,0.0,0.0,0.0,0.0,0.0,0.0,0.0,0.0,2.7670598,0.0,0.0,0.0,0.0,0.0,0.0,0.0,0.0,0.0,0.0,0.0,0.0,0.0,0.0,0.0,0.0,0.0,14.851424,0.0,0.0,0.0,0.0,0.0,0.0,0.0,0.0,0.0,2.1766603,0.0,0.0,0.0,0.0,0.0,0.0,0.0,0.0,0.0,0.0,0.0,0.0,0.0,0.0,0.0,0.0,0.0,0.0,8.977282,0.0,16.02089,0.0,0.0,0.0,0.0,0.0,0.0,1.7704713,0.0,0.0,0.0,0.44934627,0.0,0.0,0.0,0.0,0.0,9.762286,0.0,8.939215,0.0,0.0,0.0,0.0,0.0,0.0,0.0,0.0,0.0,0.0,0.0
0.0,0.0,0.0,0.0,0.0,0.67836213,0.0,0.0,0.0,0.0,0.0,0.0,0.0,0.0,0.0,0.0,0.0,7.2846866,4.351255,0.0,0.0,0.0,0.0,0.0,0.0,0.0,0.0,0.0,0.0,0.0,0.0,0.0,0.0,0.0,0.0,11.028176,0.0,0.0,0.0,0.0,0.0,0.0,0.0,0.0,0.0,0.0,0.0,4.9257636,0.0,0.0,0.0,0.0,0.0,0.0,0.0,0.0,0.0,0.0,0.0,0.0,0.0,0.0,0.0,0.0,7.5653906,0.0,7.532863,0.0,0.0,0.0,0.0,0.0,0.0,0.0,0.0,0.0,0.0,0.0,0.0,0.0,0.0,0.0,0.0,0.0,0.0,0.0,0.0,0.0,0.0,0.0,0.0,2.3169713,0.0,6.6212716,3.48307,0.0,0.0,0.0,1.0790128,0.0,0.0,0.0,0.0,0.0,0.0,0.1630738,0.0,0.0,0.0,3.5349119,0.0,0.0,0.0,0.0,0.0,0.0,0.0,0.0,0.0,0.0,0.0,0.0,6.0623693,0.0,0.0,0.0,0.0,0.0
0.0,0.0,0.0,0.0,1.0094248,0.0,0.0,0.0,0.0,0.0,4.6246605,0.0,0.0,0.0,2.7463822,1.4466655,3.6442351,0.0,0.0,0.0,0.0,0.0,0.25401992,0.0,0.0,0.0,0.0,0.0,0.0,0.0,0.0,0.0,0.0,0.0,4.9422765,0.0,0.0,0.0,0.0,0.0,0.0,0.0,0.0,0.0,0.0,0.0,0.0,2.7950244,0.15576401,0.0,0.0,0.0,0.0,1.5098758,0.0,0.75872326,0.0,3.6527462,0.0,0.0,0.0,0.0,0.0,2.9458346,0.0,0.0,0.0,0.0,0.0,0.0,0.0,0.0,0.0,0.0,0.0,0.0,0.0,2.150543,0.0,0.0,0.0,0.0,0.0,0.0,0.0,0.0,0.0,5.6079874,0.0,0.0,4.872923,4.9979324,0.0,4.6021667,0.0,0.0,0.0,0.0,0.0,0.0,0.0,0.0,0.0,0.0,0.0,0.0,0.097977065,0.0,5.56629,0.0,0.0061457306,0.0,0.49740437,0.0,0.0,0.0,4.430724,0.0,0.0,0.0,0.0,0.0,4.304203,1.6701157,0.0,0.0,1.8506151,0.0
0.0,0.0,0.0,0.0,0.0,0.0,0.0,0.0,0.0,0.0,0.0,0.0,0.0,0.0,0.0,2.3050077,0.0,7.060473,0.0,0.0,0.0,0.0,0.0,0.0,0.0,0.0,0.0,0.0,0.0,0.0,0.0,0.0,0.0,0.0,0.0,8.586824,6.335873,0.0,0.0,0.0,0.0,0.0,0.0,0.0,0.0,0.0,0.0,17.240734,0.0,0.0,0.0,0.0,0.0,0.0,0.0,10.542247,0.0,0.0,0.0,0.0,0.0,0.0,0.0,0.6948065,5.852497,0.10728298,0.0,0.0,0.0,0.0,0.0,0.0,8.730848,0.0,0.0,0.0,0.0,9.721036,0.0,0.0,14.962161,0.0,0.60541373,0.0,1.0690798,0.0,0.0,0.0,0.0,0.0,0.0,5.755735,6.933752,0.0,0.0,0.0,0.0,0.0,6.1771283,0.0,0.0,0.0,0.0,0.0,0.0,7.5214887,0.0,0.0,0.0,4.5422454,0.0,0.0,5.5689716,0.0,0.0,0.0,0.0,0.0,0.0,0.0,0.0,0.0,1.4900974,0.0,0.0,0.0,0.0,0.0
0.0,0.0,0.0,0.0,0.0,0.0,0.0,0.0,0.0,0.0,0.0,0.0,0.0,0.0,0.0,0.0,0.0,0.0,0.0,0.0,0.0,0.0,0.0,0.0,0.0,0.0,0.0,0.0,0.0,0.0,0.0,0.0,0.0,0.40535533,1.5742159,1.1653107,0.0,0.0,0.0,0.0,0.0,0.13778962,0.0,0.0,0.0,0.0,0.0,5.5371842,0.0,0.0,0.0,0.0,0.0,2.48233,0.0,4.355649,0.0,0.0,0.0,0.0,0.0,0.0,0.0,0.0,4.078315,0.7173743,0.0,0.0,0.0,0.0,0.0,0.0,6.6536617,0.0,0.0,0.0,0.0,1.0055463,0.0,0.0,2.801136,0.0,2.3878007,2.0876331,0.69625187,0.0,0.0,4.1756206,0.0,0.0,0.0,2.0769203,0.0,0.0,1.4598588,0.0,0.0,0.0,10.140069,0.0,0.0,0.0,0.0,0.0,0.0,0.0,0.0,0.0,2.218344,0.0,5.5634165,0.0,2.6989098,0.0,0.0,0.0,0.0,0.0,0.0,0.0,0.0,0.0,0.0,0.0,0.0,0.0,0.0,0.0
0.0,0.0,0.0,0.0,0.0,0.0,0.0,0.0,0.0,0.0,1.467098,0.0,0.0,0.0,0.0,9.35591,0.0,0.0,7.016545,0.0,0.0,0.0,0.0,1.9109552,0.0,0.0,0.0,0.0,0.0,2.8169653,0.0,0.0,0.0,0.0,0.8475688,0.0,0.0,0.0,0.0,0.0,0.0,0.0,0.0,0.0,0.0,0.0,0.0,2.0943892,0.0,0.0,0.0,0.0,0.0,5.377946,0.0,3.056908,0.0,0.0,0.0,0.0,0.0,0.0,0.0,0.48100626,2.2559633,5.8236117,0.0,0.0,0.0,0.0,4.17337,0.0,0.0,0.0,0.0,0.0,0.0,1.7425045,0.0,0.0,2.220341,0.0,0.0,0.0,0.42551467,0.0,0.0,1.2303135,0.0,0.0,0.79598993,2.0527456,0.0,0.0,0.0,0.0,0.0,2.234542,3.5059795,0.0,0.0,0.0,0.0,0.0,0.0,0.08662871,1.4905596,0.97652185,0.0,0.0,3.1832197,0.0,0.0,0.0,0.0,0.0,0.0,0.0,0.0,0.0,0.0,0.0,0.0,1.1102562,0.0,0.0,0.0,0.0
0.0,0.0,0.0,0.0,0.0,0.0,0.0,0.0,0.0,0.0,0.0,0.0,0.0,0.0,0.0,0.0,0.0,2.0267925,0.8238351,0.0,0.0,0.0,0.0,0.0,0.0,0.0,0.0,0.0,0.0,0.0,0.0,0.0,0.0,0.0,0.0,3.342172,0.0,0.0,0.0,0.0,0.0,0.085349865,0.0,0.0,0.0,0.0,0.0,5.1407824,0.0,0.0,0.0,0.0,0.0,0.0,0.0,0.0,0.0,0.0,0.0,0.0,0.0,0.0,0.0,0.0,5.498019,0.0,1.0231203,0.0,0.0,0.0,0.0,0.0,0.0,0.0,0.0,0.0,0.0,0.0,0.0,0.0,0.0,0.0,0.0,0.0,1.9833353,0.0,0.0,0.0,0.0,0.0,0.0,1.5006489,0.0,2.148755,8.588651,0.0,0.0,0.0,8.766218,0.0,0.0,0.0,0.0,0.0,0.0,0.0,0.0,0.0,0.0,3.2059703,1.1088542,0.0,0.9494865,0.0,0.0,0.0,0.0,0.0,0.0,0.0,0.0,0.0,9.346986,0.0,0.0,0.0,0.0,0.0
0.0,0.0,0.61919767,0.0,0.0,0.0,0.0,0.0,0.0,0.0,0.0,0.0,0.0,0.0,0.45666394,0.1700227,0.0,0.0,0.0,0.0,0.0,0.0,0.0,0.0,0.0,0.0,0.0,0.0,0.0,0.0,0.0,0.0,0.0,0.0,0.0,0.0,0.0,0.0,0.0,0.0,0.0,0.0,0.0,0.0,0.0,0.0,0.0,0.0,0.0,0.0,0.0,0.0,0.0,1.0372734,0.0,0.31638372,0.0,0.0,0.0,0.0,0.0,0.0,0.0,5.0385523,0.0,1.9598001,0.0,0.0,1.2672058,0.0,0.0,0.0,6.1006927,0.0,0.0,0.0,0.0,5.105626,0.0,0.0,0.6568865,0.0,0.45602736,0.0,2.1052175,0.0,0.0,0.0,0.0,0.0,0.0,0.0,0.0,0.0,1.0278969,0.0,0.0,0.0,10.810938,0.0,0.0,0.0,0.0,3.9446163,0.0,2.560188,0.0,0.0,0.0,0.26544565,3.4334564,0.0,0.0,0.0,0.0,0.0,0.0,0.0,0.0,0.0,0.0,0.0,0.0,0.0,0.0,0.0,0.0,0.0
0.0,0.0,0.0,0.0,0.0,0.0,0.0,0.0,0.0,0.0,10.006315,0.0,0.0,0.0,0.0,4.71596,0.08690162,0.0,15.966858,0.0,0.0,0.0,0.8508411,0.29857492,0.0,0.0,0.0,0.0,0.0,0.0,0.0,0.0,0.0,0.0,15.507018,0.0,0.0,0.0,0.0,0.0,0.0,0.0,0.0,0.0,0.0,0.0,0.0,6.639897,0.0,0.0,0.0,0.0,0.0,4.5979977,0.0,2.908586,0.0,0.0,0.0,0.0,0.0,0.0,0.0,0.0,0.0,7.4103127,0.0,0.0,0.0,0.0,0.0,0.0,0.0,0.0,0.0,0.0,3.4049408,7.0213027,0.0,0.0,0.0,0.0,0.0,0.0,0.0,0.0,5.3195133,0.0,0.0,0.0,0.0,0.0,5.0052233,0.0,0.0,0.0,0.0,5.468601,0.0,0.0,0.0,0.0,0.0,0.0,0.0,3.1848824,0.0,0.0,0.0,0.0,0.0,0.0,0.0,0.0,0.0,0.0,0.0,0.0,0.0,0.0,0.0,0.0,0.0,0.0,0.0,0.0,0.0,0.0
0.0,0.0,0.0,0.0,0.0,0.0,0.0,0.0,0.0,0.0,0.0,0.0,0.0,0.0,0.0,0.07870616,0.0,0.0,0.0,0.0,0.0,0.0,0.0,5.5044985,0.0,0.0,0.0,0.0,0.0,0.16410387,0.0,0.0,0.0,0.0,0.0,0.0,0.0,0.0,0.0,0.0,0.0,0.0,0.0,0.0,0.0,0.0,0.0,3.0732946,0.0,0.0,0.0,0.0,0.0,0.0,0.0,9.951237,0.0,0.0,0.0,0.0,0.0,0.0,0.0,6.0145307,0.0,0.0,0.0,0.0,0.0,0.0,0.0,0.0,14.768476,0.0,0.0,0.0,0.0,0.0,0.0,0.0,0.0,0.0,0.0,7.892991,4.216249,0.0,0.0,1.9072359,0.0,0.0,0.0,0.0,6.6447554,0.0,0.0,0.0,0.0,0.0,20.248877,0.0,0.0,0.0,0.0,5.608314,0.55582017,3.1266599,0.0,0.0,0.0,7.7232823,4.993131,0.0,0.0,0.0,0.0,0.0,0.0,0.0,0.0,0.0,0.0,0.0,0.0,0.0,0.0,0.0,0.0,0.0
0.0,0.0,0.0,0.0,0.0,0.0,0.0,0.0,0.0,0.0,0.0,0.0,0.46775684,0.0,0.0,0.0,0.0,1.5145724,3.8980267,0.0,0.0,2.7005944,0.0,0.0,0.0,0.0,0.0,3.8180013,0.0,0.0,0.0,0.0,0.0,0.0,0.0,5.2232227,0.0,0.0,0.0,0.0,0.0,0.0,0.0,0.0,0.0,0.0,0.0,0.0,4.9065576,0.0,0.0,0.0,0.0,0.0,0.0,0.0,0.0,0.0,0.0,0.0,0.0,0.0,0.0,0.0,0.0,1.0861111,0.03530544,0.0,1.0515612,0.0,0.0,0.0,0.0,0.0,0.0,0.0,0.0,1.9758232,0.0,0.0,0.0,0.0,0.0,0.0,7.0950255,0.0,0.0,0.0,0.0,3.1268778,0.0,0.0,0.0,0.0,3.7185242,0.0,0.0,0.0,4.743169,0.0,0.0,0.0,0.0,0.0,0.0,0.45181602,0.0,0.0,0.0,1.2993202,0.0,0.0,0.25476208,0.0,0.0,0.0,0.0,0.0,0.0,0.0,0.0,0.0,7.1987395,0.0,0.0,0.0,0.0,0.0
0.0,0.0,0.0,4.1333723,0.0,0.0,0.0,0.0,0.0,0.0,4.4080143,0.0,0.0,0.0,0.0,2.2295122,0.7082764,1.7121302,1.7778808,0.0,0.0,0.0,4.2093773,3.018328,0.0,0.0,0.0,0.0,0.0,6.6419477,0.0,0.0,0.0,0.0,11.11467,0.0,0.0,0.0,0.0,0.0,0.0,0.0,0.0,0.0,0.0,0.0,0.0,2.4082897,0.0,0.0,0.0,0.0,0.0,2.4043427,0.0,4.661163,0.0,0.0,0.0,0.0,0.0,0.0,0.0,3.315436,0.0,6.051235,0.0,0.0,0.0,0.0,0.0,0.0,6.712499,0.0,0.0,0.0,0.0,7.1571283,0.0,0.0,0.0,0.0,0.0,0.0,0.5544084,0.0,1.3707967,0.0,0.0,0.0,0.0,0.0,6.3815265,0.0,0.0,0.0,0.0,0.8633842,0.0,0.0,0.0,0.0,0.0,0.0,0.82888424,2.9532008,0.0,0.0,0.0,0.0,0.7067238,0.0,0.23862733,1.1408759,0.0,0.0,0.0,0.0,0.0,0.0,0.0,0.0,0.0,3.1817205,0.60144114,0.0,0.0,0.0
0.0,0.0,0.0,0.0,0.0,0.0,0.0,0.0,0.0,0.0,0.0,0.0,0.0,0.0,0.0,4.056807,0.0,0.0,1.2536542,0.0,0.0,0.0,10.380394,3.1247063,0.0,0.0,0.0,0.0,0.0,2.0297687,0.0,0.0,0.0,0.0,2.299897,1.4182129,0.0,0.0,0.0,0.0,0.0,1.0898104,0.0,0.0,0.0,0.0,0.0,10.048828,0.0,0.0,0.0,0.0,0.0,7.0423183,0.0,0.50429785,0.0,0.0,0.0,0.0,0.0,0.0,0.0,0.5427324,0.0,0.0,0.0,0.0,4.5800676,0.0,2.1470687,0.0,0.0,0.0,0.0,4.072513,0.0,0.9879466,0.0,0.0,0.0,0.0,0.0,0.0,0.0,0.0,0.0,3.9269793,0.0,0.0,1.5868462,0.0047760345,0.0,0.0,0.56975585,0.0,0.0,4.892807,5.927771,0.0,0.0,0.0,0.0,0.0,0.0,2.8445823,0.0,0.0,0.0,0.7979294,5.9016566,0.0,0.0,0.0,0.0,0.0,0.0,0.0,0.0,0.0,0.0,0.0,0.0,0.0,0.0,0.0,0.0,0.0
0.0,0.0,0.0,0.0,0.0,0.0,0.0,0.0,3.3454866,0.0,0.56204045,0.0,0.0,0.0,0.0,7.4361515,0.8022553,0.6559719,9.016067,0.0,0.0,0.0,1.2164721,5.012197,0.0,0.0,0.0,0.0,0.0,3.6179094,0.4185397,0.0,0.0,0.0,11.621461,0.0,0.0,0.0,0.0,0.0,0.0,0.0,0.0,0.0,0.0,0.0,0.0,6.09253,0.0,0.0,0.0,0.0,0.0,3.6702461,0.0,0.0,0.0,0.0,0.0,0.0,0.0,0.0,0.0,6.003991,0.0,4.7056956,0.0,0.0,0.0,0.0,2.742632,0.0,0.0,0.0,0.0,0.0,0.0,0.648292,0.0,0.0,0.0,0.0,0.0,0.0,0.0,0.0,0.0,2.001126,0.0,0.0,0.0,3.1693761,7.9515357,0.0,0.0,0.0,0.0,1.2164648,1.3962471,0.0,0.0,0.0,0.0,0.0,0.0,0.28522786,0.0,0.0,0.0,0.0,0.0,0.0,1.333221,2.858925,0.0,0.0,0.0,0.0,0.0,0.0,0.0,0.0,0.0,0.0,0.0,0.0,0.0,0.0
0.0,0.0,0.0,0.0,0.0,0.0,0.0,0.0,0.0,0.0,6.4864807,0.0,0.0,0.0,0.0,0.0,0.0,0.0,4.2154264,0.0,0.0,0.0,1.5713403,0.0,0.0,0.0,0.0,0.0,0.0,0.0,0.0,0.0,0.0,0.0,0.0,1.6377555,0.0,0.0,0.0,0.0,0.0,0.0,0.0,0.0,0.0,0.0,0.0,3.663485,0.0,0.0,0.0,0.0,2.4938672,5.276522,0.0,5.033265,0.0,0.0,0.0,0.0,0.0,2.812971,0.0,0.8208759,0.0,0.68437743,0.0,0.0,2.0969687,0.0,0.0,0.0,1.8015996,0.0,0.0,0.0,0.0,7.6278515,4.5262103,0.0,0.0,0.0,2.5324113,0.0,2.9967616,0.0,0.26627636,0.0,0.0,0.0,0.0,0.0,1.6727654,0.0,0.0,0.0,0.0,2.3379126,4.9809694,0.0,0.0,0.0,0.0,0.8487129,0.05352886,13.254499,0.0,0.0,0.0,7.3969035,0.69407374,0.0,0.0,0.0,0.0,0.0,0.0,0.0,0.0,0.0,0.0,0.0,1.0119002,0.0,0.0,0.0,0.0,0.0
0.0,0.0,2.929374,0.0,0.0,0.0,0.0,0.0,0.0,0.0,0.0,0.0,0.0,0.0,3.0203774,0.0,0.0,0.0,0.0,0.0,0.0,0.0,0.0,1.8519084,0.0,0.0,0.0,0.0,0.0,0.0,0.0,0.0,0.0,0.0,0.0,0.0,0.0,0.0,0.0,0.0,0.0,0.0,0.0,0.0,0.0,0.0,0.0,0.0,0.0,0.0,0.0,0.0,0.0,0.0,0.0,1.4435332,0.0,0.0,0.0,0.0,0.0,0.0,0.0,3.3818717,0.0,1.9213635,0.0,0.0,0.0,0.0,0.0,0.0,11.91362,0.0,0.0,0.0,0.0,1.3973602,0.0,0.0,0.0,0.0,1.0091269,4.542732,0.0,0.0,0.0,0.8820694,0.0,0.0,0.0,0.0,0.0,0.0,1.7318971,0.0,0.0,0.0,13.204904,0.0,0.0,0.0,0.0,4.221547,3.445824,1.3556672,0.0,0.0,0.0,2.38329,1.1426983,0.0,0.0,0.0,1.5983588,0.0,0.0,0.0,0.0,0.0,0.0,0.0,0.0,0.0,0.0,0.0,0.0,0.0
0.0,0.0,0.0,0.0,0.0,0.0,0.0,0.0,0.0,0.0,10.614251,0.0,0.0,0.0,0.0,2.3243349,0.0,0.88379234,0.0,0.0,0.0,0.0,0.0,1.3266723,0.0,0.0,0.0,0.0,0.0,1.3674103,0.0,0.0,0.0,0.0,5.71987,4.9977207,0.0,0.0,0.0,0.0,0.0,0.0,0.0,0.0,0.0,0.0,0.0,13.501614,0.0,0.0,0.0,0.0,0.0,0.8220835,0.0,7.5540476,0.0,0.0,0.0,7.300632,0.0,0.0,0.0,4.711809,0.0,0.0,0.0,0.0,0.0,0.0,0.0,0.0,1.2401866,0.0,0.0,0.0,0.0,10.358362,2.2995417,0.0,0.0,0.0,0.0,0.0,0.0,0.0,0.0,0.0,0.0,0.0,0.0,0.0,13.837726,0.0,0.0,0.0,0.0,3.6132965,0.0,0.0,0.0,0.0,0.0,0.0,6.819476,14.676649,0.0,0.0,0.0,5.868556,0.0,0.0,0.0,0.0,0.0,0.0,0.0,0.0,0.0,0.0,0.0,0.0,0.0,0.0,0.0,0.0,0.0,0.0
0.0,0.0,0.0,0.0,0.0,2.6345205,0.0,0.0,0.0,0.0,0.0,0.0,0.0,0.0,3.0442555,0.0,4.846435,0.0,0.0,0.0,0.0,0.0,0.0,0.0,0.0,0.0,0.0,0.0,0.0,0.0,0.0,0.0,0.0,0.0,0.0,0.0,0.0,0.0,0.0,0.0,5.2148867,0.0,0.0,0.0,0.0,0.0,0.0,0.0,0.0,0.0,0.0,0.0,0.0,0.0,0.0,0.0,6.624178,0.84587383,0.0,0.0,0.0,0.0,0.0,4.47432,0.0,0.0,0.0,0.0,0.0,0.0,0.0,0.0,12.408028,0.0,0.0,0.0,0.0,0.6802556,0.0,0.0,0.0,0.0,0.0,4.0865455,0.0,0.0,0.0,4.5599694,0.0,0.0,0.0,3.4389608,0.0,0.0,1.560755,0.0,0.0,0.0,0.0,0.0,0.0,0.0,0.0,0.0,9.147633,0.0,0.0,0.0,14.135764,0.0,0.0,0.0,0.0,0.0,0.0,0.0,0.0,0.0,0.0,0.0,0.0,0.0,0.0,0.0,0.0,0.0,0.0,0.0
0.0,0.0,0.0,0.0,0.0,0.0,0.0,0.0,0.0,0.0,0.0,0.0,0.0,0.0,0.0,0.0,0.0,2.248137,3.4635978,0.0,0.0,0.0,0.0,0.0,0.0,0.0,0.0,0.0,0.0,0.0,0.0,0.0,0.0,0.0,0.0,10.242458,0.0,0.0,0.0,0.0,0.0,3.7815087,0.0,0.0,0.0,0.0,0.0,5.6063933,2.9145412,0.0,0.0,0.0,0.0,3.0847144,0.0,0.0,0.0,0.0,0.0,0.0,0.0,0.0,0.0,0.0,4.3516207,0.0,0.0,0.0,0.8145835,0.0,0.0,0.0,0.0,0.0,0.0,0.0,0.0,0.0,0.0,0.0,0.0,0.0,0.0,0.0,4.475519,0.0,0.0,0.0,0.0,0.0,0.0,0.0,0.0,0.0,9.319746,0.0,0.0,0.0,5.132391,0.0,0.0,0.0,0.0,0.0,0.0,2.5108008,0.0,0.0,0.0,6.12178,1.0812662,0.0,0.96799886,0.0,0.0,0.0,0.0,0.0,0.0,0.0,0.0,0.0,11.475,0.0,0.0,0.0,0.0,0.0
0.0,0.22363222,0.0,0.0,0.0,0.0,0.0,0.0,0.72835743,0.0,0.23023248,0.0,0.0,0.0,0.4624714,8.874544,4.06529,0.0,0.0,0.0,0.0,0.0,4.063166,6.29149,0.0,0.0,0.0,0.0,0.0,0.5882574,1.3278912,0.0,0.0,0.0,0.0,0.0,0.0,0.0,0.0,0.0,0.81944317,0.0,0.0,0.0,0.0,0.0,0.0,5.2409124,0.0,0.0,0.0,0.0,0.0,0.0,0.0,1.7028145,0.0,0.0,0.0,0.0,0.0,0.0,0.0,1.8864503,0.0,0.0,0.0,0.0,0.0,0.0,0.47287634,0.0,0.699348,0.0,0.0,0.0,0.0,0.0,0.0,0.0,0.0,0.0,0.0,0.56372744,0.0,0.0,0.0,6.19926,0.0,0.0,3.3406599,0.0,1.1788423,0.0,0.0,0.0,0.0,3.7634082,0.0,0.0,0.0,0.0,0.0,0.0,0.0,0.0,0.0,0.0,0.7693599,0.0,0.0,0.0,0.0,0.0,0.0,0.0,0.0,1.749767,0.0,0.0,3.6482418,0.0,0.0,2.1335454,0.0,0.0,0.0,0.0
0.0,0.0,0.0,0.0,0.0,0.0,0.0,0.0,0.0,0.0,7.01806,0.0,0.0,0.0,0.0,2.8246207,0.0,2.031445,7.9841104,0.0,0.0,0.0,0.3099329,0.0,0.0,0.0,0.0,0.0,0.0,0.0,0.0,0.0,0.0,0.0,4.7745643,4.5854225,0.0,0.0,0.0,0.0,0.0,0.0,0.0,0.0,0.0,0.0,0.0,6.205426,0.0,0.0,0.0,0.0,0.0,5.887012,0.0,3.5338593,0.0,0.0,0.0,0.0,0.0,0.0,0.0,0.0,0.0,3.6786664,0.0,0.0,0.98088694,0.0,0.0,0.0,0.0,0.0,0.0,0.0,0.0,6.736195,4.1802425,0.0,0.0,0.0,1.1845092,0.0,1.6608043,0.0,0.24186637,0.0,0.0,0.0,0.0,0.0,0.6195825,0.0,0.0,0.0,0.0,0.7909716,4.627696,0.0,0.0,0.0,0.0,0.0,0.0,12.073418,0.0,0.0,0.0,4.2543283,0.0,0.0,0.0,0.0,0.0,0.0,0.0,0.0,0.0,0.0,0.0,0.0,0.0,0.0,0.0,0.0,0.0,0.0
0.0,0.0,0.0,0.0,0.0,0.0,0.0,0.0,0.0,0.0,9.6006565,0.0,0.0,0.0,0.0,10.402037,0.0,0.0,5.089493,0.0,0.0,0.0,0.0,4.071369,0.0,0.0,0.0,0.0,0.0,6.796921,0.0,0.0,0.0,0.0,0.63412404,0.0,0.0,0.0,0.0,0.0,0.0,0.0,0.0,0.0,0.0,0.0,0.0,0.0,0.0,0.0,0.0,0.0,0.45806137,7.5474567,0.0,9.260357,0.0,0.0,0.0,0.0,0.0,0.0,0.0,1.479298,0.0,7.9918895,0.0,0.0,0.0,0.0,0.0,0.0,0.0,0.0,0.0,0.0,0.0,3.8501675,0.0,0.0,0.78224874,0.0,0.0,0.132489,4.42528,0.0,0.0,0.0,0.0,0.0,2.8070686,0.0,0.0,0.0,0.0,0.0,0.0,5.440002,4.616176,0.0,0.0,0.0,0.0,0.0,0.0,0.0,3.8600385,2.3109827,0.0,0.0,4.9181957,0.0,0.0,0.0,0.0,0.0,0.0,0.0,0.0,0.0,0.0,0.0,1.2193874,1.8076439,0.0,0.0,0.0,0.0
0.0,0.0,0.0,0.0,0.0,0.0,0.0,0.0,0.0,0.0,0.0,0.0,0.0,0.0,0.0,3.0948627,0.0,3.7099626,3.360762,0.0,0.0,0.29015064,0.0,0.0,0.0,0.0,0.0,0.0,0.0,0.0,0.0,0.0,0.0,0.0,5.49872,3.7603412,0.0,0.0,0.0,0.0,0.0,0.0,0.0,0.0,0.0,0.0,0.0,0.7565464,0.0,0.0,0.0,0.0,0.0,4.4501867,0.0,0.21208331,0.0,0.0,0.0,0.0,0.0,0.0,0.0,0.0,0.0,8.336275,0.0,0.0,0.0,0.0,0.0,0.0,0.0,0.0,0.0,0.0,0.0,4.7570934,0.0,0.0,1.8047844,0.0,2.0961294,0.0,5.12376,0.0,0.0,0.0,0.0,0.0,0.0,2.2256157,0.0,0.0,0.0,0.0,0.0,0.0,11.838186,0.0,0.0,0.0,0.0,0.0,0.0,2.1242316,0.0,0.0,0.0,0.0,0.0,0.0,2.696109,0.0,0.0,0.0,0.0,0.0,0.0,0.0,0.0,0.0,0.0,0.0,0.0,0.0,0.0,0.0
0.0,0.0,0.0,0.0,0.0,0.0,0.0,0.0,0.0,0.0,4.7001805,0.0,0.0,0.0,0.0,8.763579,0.0,7.609932,10.505411,0.0,0.0,0.0,0.0,2.5119295,0.0,0.0,0.0,0.0,0.0,0.0,0.0,0.0,0.0,0.0,4.4494066,3.539309,0.0,0.0,0.0,0.0,0.0,0.0,0.0,0.0,0.0,0.0,0.0,14.058217,0.0,0.0,0.0,0.0,0.0,4.1028566,0.0,7.09334,0.0,0.0,0.0,0.0,0.0,0.0,0.0,0.0,4.139436,5.3084636,0.0,0.0,0.0,0.0,3.2640185,0.0,0.0,0.0,0.0,0.0,0.0,3.673165,0.0,0.0,0.52808917,0.0,1.3224905,0.0,0.0,0.0,3.5395749,0.3146259,0.0,0.0,0.0,0.6564746,0.0,0.0,0.0,0.0,0.0,0.0,3.4693193,0.0,0.0,0.0,0.0,0.0,0.0,5.554898,0.0,0.0,0.0,2.4432049,0.0,0.0,0.0,0.0,0.0,0.0,0.0,0.0,0.0,0.0,0.0,0.0,0.0,0.0,0.0,0.0,0.0,0.0
0.0,0.0,0.0,0.0,0.0,0.0,0.0,0.0,0.0,0.0,11.252471,0.0,0.0,0.0,0.0,0.0,0.0,4.375346,0.0,0.0,0.0,0.0,0.0,0.0,0.0,0.0,0.0,0.0,0.0,0.0,0.0,0.0,0.0,0.0,2.4109046,7.6489215,6.058578,0.0,0.0,0.0,0.0,0.0,0.0,0.0,0.0,0.0,0.0,14.825978,0.0,0.0,0.0,0.0,0.0,0.0,0.0,10.11453,0.0,0.0,0.0,1.2962942,0.0,0.3564208,0.0,0.7077945,0.0,0.0,0.0,0.0,0.0,0.0,0.0,0.0,5.7067633,0.0,0.0,0.0,0.0,11.525709,7.4080796,0.0,7.2890053,0.0,1.2274306,0.0,0.0,0.0,0.0,0.0,0.0,0.0,0.0,0.0,10.899804,0.0,0.0,0.0,0.0,0.0,0.0,0.0,0.0,0.0,0.0,0.0,6.966641,15.601468,0.0,0.0,0.0,6.4705114,0.0,0.0,0.0,0.0,0.0,0.0,0.0,0.0,0.0,0.0,0.0,0.0,0.4820363,0.0,0.0,0.0,0.0,0.0
0.0,4.727431,0.0,6.8101463,0.0,0.0,0.0,0.0,0.0,0.0,0.0,0.0,0.0,0.0,0.0,0.0,7.8930354,0.0,0.0,0.0,0.0,8.248128,0.0,0.0,0.0,0.0,0.0,0.0,0.0,0.0,0.0,0.0,0.0,0.0,0.0,0.0,0.0,0.0,1.3213341,0.0,0.0,0.0,0.0,0.0,0.0,0.0,0.0,0.0,0.0,0.0,0.0,0.0,0.0,0.0,0.0,0.0,0.0,0.0,0.0,0.0,0.0,0.0,0.0,0.0,0.0,0.0,6.3074327,0.0,0.0,0.0,0.0,0.0,0.0,0.0,0.0,0.0,0.0,0.0,0.0,0.0,0.0,0.0,0.0,0.0,0.0,0.0,0.0,0.0,0.0,0.0,0.0,0.0,0.0,0.0,0.0,3.211683,0.0,1.1348394,0.0,0.0,0.0,0.0,0.0,0.0,8.758045,0.0,0.0,0.0,9.954736,0.0,0.0,0.0,0.0,0.0,2.4745803,0.0,12.7449665,0.0,0.0,0.0,0.0,0.0,6.9146194,0.0,0.0,0.0,0.0,0.0
0.0,0.0,0.0,0.0,0.0,0.0,0.08153951,0.0,0.0,0.0,0.0,0.0,0.0,0.0,0.0,0.0,0.0,0.0,7.806404,0.0,0.0,3.5004578,0.0,0.0,0.0,0.0,0.0,1.3497834,0.0,0.0,0.0,0.0,0.0,0.0,2.0942483,0.188618,0.0,0.0,0.0,0.0,0.0,0.0,0.0,0.0,0.0,0.0,0.0,0.0,0.0,1.5866017,0.0,0.0,0.0,2.4222372,0.0,0.0,0.0,0.0,0.0,0.0,0.0,0.0,0.0,2.7290483,0.0,4.109491,0.0,0.0,1.0886157,0.0,0.0,0.0,0.0,0.0,0.0,0.0,0.0,2.462659,0.0,0.0,2.8133237,0.0,0.0,0.0,5.274935,0.0,0.0,0.0,0.0,0.0,0.0,0.0,1.2497524,0.0,0.68259454,0.0,0.0,1.6506379,1.6128436,0.0,0.0,0.0,0.0,0.0,0.0,4.483964,0.0,0.0,0.0,0.0,0.0,0.0,1.0252053,0.0,0.0,0.0,0.0,0.0,0.0,4.438737,0.0,0.0,0.0,0.0,0.0,0.0,0.0,0.0
0.0,0.0,0.0,0.6812516,0.0,1.9025823,0.0,0.0,0.0,0.0,0.0,0.0,0.0,0.0,0.0,0.0,0.0,0.0,3.8426166,0.0,0.0,0.8362289,0.0,0.0,0.0,0.0,0.0,0.0,0.0,0.0,0.0,0.0,0.0,0.0,0.0,3.1653538,0.0,0.0,0.0,0.0,0.0,0.15648842,0.0,0.0,0.0,0.0,0.0,0.0,3.3084478,0.0,0.0,0.0,0.0,0.0,0.0,0.0,0.0,0.0,0.0,0.0,0.0,0.0,0.0,0.0,0.0,0.0,4.8278294,0.0,0.0,0.0,0.0,0.0,0.0,0.0,0.0,0.0,0.0,0.0,0.0,0.0,0.0,0.0,0.0,0.0,0.0,0.0,0.0,0.0,0.0,0.9043183,0.0,0.0,0.0,5.1898036,5.6137886,0.0,0.0,0.0,0.0,0.0,0.0,0.0,0.0,0.0,0.0,0.0,0.0,0.0,0.0,4.9235234,0.0,0.0,0.0,0.0,0.0,0.0,0.0,0.0,0.0,0.0,0.0,0.0,6.23194,0.0,0.0,0.0,0.0,0.0
0.0,0.0,0.0,0.0,0.0,0.0,0.0,0.0,0.0,0.0,3.3543828,0.0,0.0,0.0,0.0,6.28927,0.0,8.828095,7.733236,0.0,0.0,0.0,0.0,0.0,0.0,0.0,0.0,0.0,0.0,2.79332,0.0,0.0,0.0,0.0,9.018105,7.728819,0.0,0.0,0.0,0.0,0.0,0.0,0.0,0.0,0.0,0.0,0.0,11.242323,0.0,0.0,0.0,0.0,0.0,7.600011,0.0,5.144197,0.0,0.0,0.0,0.0,0.0,0.0,0.0,0.0,3.08088,5.699987,0.0,0.0,0.0,0.0,0.0,0.0,0.0,0.0,0.0,0.0,0.0,4.678475,1.2086287,0.0,0.0,0.0,0.0,0.0,6.817315,0.0,0.0,0.0,0.0,0.0,0.0,0.0,1.4538361,0.0,0.0,0.0,0.0,0.0,11.890901,0.0,0.0,0.0,0.0,0.0,0.0,8.419611,0.0,0.0,0.0,1.4913844,0.0,0.0,0.0,0.0,0.0,0.0,0.0,0.0,0.0,0.0,0.0,0.0,0.0,0.0,0.0,0.0,0.0,0.0
0.0,0.0,0.0,0.0,0.0,0.0,0.0,0.0,0.0,0.0,5.8873796,0.0,0.0,0.0,0.0,2.4736412,0.0,0.0,3.250029,0.0,0.0,0.0,0.0,2.828365,0.0,0.0,0.0,0.0,0.0,0.99229485,0.0,0.0,0.0,0.6460871,4.5456624,0.0,0.0,0.0,0.0,0.0,0.0,4.4608483,0.0,0.0,0.0,0.0,0.0,8.699597,0.0,0.0,0.0,0.0,0.0,3.8444045,0.0,10.931341,0.0,0.0,0.0,0.0,0.0,0.0,0.0,0.0,3.904092,2.2724707,0.0,0.0,0.0,0.0,0.0,0.0,0.22027002,0.0,0.0,0.0,0.0,0.0,0.0,0.0,3.800335,0.0,0.0,3.3947139,0.6338341,0.0,0.0,5.6013784,0.0,0.0,0.0,0.0,3.081625,0.0,0.0,0.045756333,0.0,0.0,3.6288428,0.0,0.0,0.0,0.0,0.0,0.0,0.0,0.0,0.0,5.2889776,0.0,0.0,0.0,0.981898,0.0,0.0,0.0,0.0,0.0,0.0,0.0,0.0,0.0,0.0,0.0,0.0,0.0,0.0,0.0
0.0,0.0,0.0,0.0,0.0,0.0,0.0,0.0,0.0,0.0,7.3802266,0.0,0.0,0.0,0.0,4.322912,0.0,0.36559054,10.261497,0.0,0.0,0.0,0.0,0.0,0.0,0.0,0.0,0.0,0.0,0.0,0.0,0.0,0.0,0.0,0.0,1.4197404,0.0,0.0,0.0,0.0,0.0,0.0,0.0,0.0,0.0,0.0,0.0,3.9518201,0.0,0.0,0.0,0.0,0.0,6.4855094,0.0,5.6802816,0.0,0.0,0.0,0.0,0.0,0.0,0.0,0.0,0.0,5.3931255,0.0,0.0,0.0,0.0,0.0,0.0,0.0,0.0,0.0,0.0,0.0,4.223829,1.0602868,0.0,3.2896602,0.0,3.5254474,0.0,5.406681,0.0,0.0,0.0,0.0,0.0,0.0,0.0,0.43493262,0.0,0.0,0.0,0.0,1.1471221,6.1449537,0.0,0.0,0.0,0.0,0.0,0.0,9.204006,0.0,0.0,0.0,5.096384,0.5137074,0.0,0.0,0.0,0.0,0.0,0.0,0.0,0.0,0.0,0.0,0.0,2.5505817,0.0,0.0,0.0,0.0,0.0
0.0,10.697855,0.0,11.712056,0.0,0.0,0.0,0.0,0.0,0.0,0.0,0.0,0.0,0.0,0.0,0.0,10.275575,0.0,0.0,0.0,0.0,5.3957944,0.0,0.0,0.0,0.0,0.0,0.0,0.0,0.0,0.0,0.0,0.0,0.0,1.3812082,0.0,0.0,0.0,0.0,0.0,0.0,0.0,0.0,0.0,0.0,0.0,0.0,0.0,1.2935083,0.0,0.0,0.0,0.0,0.0,0.0,0.0,0.0,4.172899,0.0,0.0,0.0,0.0,0.0,0.0,0.0,0.0,8.676855,0.0,0.0,0.0,0.0,0.0,0.0,0.0,0.0,0.0,3.8848639,0.0,0.0,0.0,0.0,0.0,0.0,0.0,0.0,0.0,0.0,0.0,0.0,0.0,0.0,0.0,0.0,6.7927146,0.0,1.3982279,0.0,0.2913976,0.0,0.0,0.0,0.0,0.0,0.0,2.9354224,0.0,0.0,0.0,5.314202,0.0,0.0,0.0,0.0,0.0,4.4991984,0.0,6.1670265,0.0,0.0,0.0,0.0,0.0,0.0,0.0,0.0,0.0,0.0,0.0
0.0,0.0,0.0,0.0,0.0,0.0,0.0,0.0,0.0,0.0,0.0,0.0,0.0,0.0,0.0,0.0,0.0,6.583534,2.8005269,0.0,0.0,0.0,0.0,0.0,0.0,0.0,0.0,0.0,0.0,0.0,0.0,0.0,0.0,0.0,0.0,7.760611,0.0,0.0,0.0,0.0,0.0,0.0,0.0,0.0,0.0,0.0,0.0,6.7222176,0.0,0.0,0.0,0.0,0.0,0.1540339,0.0,0.0,0.0,0.0,0.0,0.0,0.0,0.0,0.0,0.0,8.9939,0.0,5.5831084,0.0,0.0,0.0,0.0,0.0,0.0,0.0,0.0,0.0,0.0,0.0,0.0,0.0,0.0,0.0,0.0,0.0,1.0011549,0.0,0.0,0.0,0.0,0.0,0.0,3.9304492,0.0,2.1123755,3.4928017,0.0,0.0,0.0,5.07054,0.0,0.0,0.0,0.0,0.0,0.0,0.0,0.0,0.0,0.0,1.2986804,0.0,0.0,0.35882393,0.0,0.0,0.0,0.0,0.0,0.0,0.0,0.0,0.0,5.1993265,0.0,0.0,0.0,0.0,0.0
0.0,4.6649213,0.0,0.0,0.0,0.0,0.0,0.0,0.0,0.0,0.0,0.0,0.0,0.0,6.805321,0.0,9.954172,0.0,0.0,0.0,0.0,0.0,0.0,0.0,0.0,0.0,0.0,0.0,0.0,0.0,0.0,0.0,0.0,0.0,0.0,0.0,0.0,0.0,0.0,0.0,6.421073,0.0,0.0,0.0,0.0,0.0,0.0,0.0,1.4193448,0.0,0.0,0.0,0.0,0.0,0.0,0.0,2.7491648,0.0,0.0,0.0,0.0,0.0,0.0,0.55676913,0.0,0.0,6.1951714,0.0,0.0,0.0,0.0,0.0,4.443545,0.0,0.0,0.0,0.0,0.0,0.0,0.0,0.0,0.0,0.0,0.0,0.0,0.0,0.0,12.5082445,0.0,0.0,0.0,0.5792749,0.0,12.953286,0.0,0.0,0.0,1.415227,0.0,0.0,0.0,0.0,0.0,0.0,19.302876,0.0,0.0,0.0,1.8319868,0.0,0.0,0.0,0.0,0.0,0.0,0.0,2.1746871,0.0,0.0,0.0,0.8079861,0.0,0.0,0.0,0.0,0.0,1.7786961,0.0
0.0,1.3001481,0.0,11.407558,0.0,0.0,0.0,0.0,0.0,0.0,0.0,0.0,0.0,0.0,0.0,0.0,0.0,9.841836,4.9376955,0.0,0.0,0.64449215,0.0,0.0,0.0,0.0,0.0,5.06134,0.0,0.0,0.0,0.0,0.0,0.0,0.0,0.0,0.0,0.0,0.0,0.0,0.0,0.0,0.0,0.0,0.0,0.0,0.0,0.0,0.0,0.0,0.0,0.0,0.0,0.0,0.0,0.0,0.0,0.0,0.0,0.0,0.0,0.0,0.0,0.0,0.0,0.0,8.367058,0.0,0.0,0.0,0.0,0.0,0.0,0.0,1.8450842,0.0,8.508691,0.0,0.0,0.0,0.0,0.0,0.0,0.0,0.0,0.0,0.0,0.0,0.0,0.0,0.0,0.0,0.0,8.780401,0.0,0.0,0.0,0.0,0.0,0.0,0.0,0.0,0.0,0.0,0.0,0.0,0.0,0.0,0.0,0.9100639,0.0,0.0,0.0,0.0,10.679805,6.0111346,9.242556,0.0,0.0,0.0,0.0,0.0,9.806818,0.0,0.0,0.0,0.0,0.0
0.0,2.0691028,0.0,0.103302695,1.2546846,0.0,0.0,0.0,0.25607562,0.0,0.0,0.0,0.0,0.0,0.0,9.728259,5.482695,0.0,8.325648,0.0,0.0,0.0,4.8614206,0.04967986,0.0,0.0,0.0,0.0,0.0,0.0,0.0,0.0,0.0,0.0,3.9010134,0.0,0.0,0.0,0.19532634,0.0,0.0,0.0,0.0,0.0,0.0,0.0,0.0,0.83618987,0.0,0.0,0.0,0.0,0.0,0.0,0.0,0.0,0.0,0.0,2.6929364,0.013039509,0.0,0.0,0.0,0.0,0.0,2.0806534,4.4158106,0.0,0.0,0.0,0.0,0.0,0.0,0.0,0.0,0.0,6.9234204,0.0,0.0,0.0,0.0,0.0,0.0,0.0,0.0,0.0,0.0,0.0,0.0,0.0,0.0,1.3084776,4.029119,0.0,0.0,0.0,0.0,8.692077,0.0,0.0,0.0,0.0,0.0,0.0,0.0,0.0,0.0,0.0,0.0,0.0,0.0,0.0,0.0,0.0,0.0,0.0,0.0,0.0,0.0,0.0,0.33177602,0.0,0.0,0.0,0.0,0.0,0.0,0.0
0.0,0.0,0.0,0.0,0.0,0.0,0.0,0.0,0.0,0.0,5.1480045,0.0,0.0,0.0,0.0,3.3719947,0.0,0.0,5.972962,0.0,0.0,0.0,1.0070494,2.175946,0.0,0.0,0.0,0.0,0.0,3.8826048,0.0,0.0,0.0,0.0,0.75716335,0.0,0.0,0.0,0.0,0.0,0.0,0.0,0.0,0.0,0.0,0.0,0.0,3.1019702,0.0,0.0,0.0,0.0,0.0,7.5931754,0.0,6.50422,0.0,0.0,0.0,0.0,0.0,0.0,0.0,0.0,0.21198887,2.5287142,0.0,0.0,0.0,0.0,0.353082,0.0,0.0,0.0,0.0,0.0,0.0,0.0,0.0,0.0,0.0,0.0,0.0,4.5013022,4.077977,0.0,0.0,0.0,0.0,0.0,2.00405,0.0,0.0,0.0,0.0,0.0,0.0,2.6698117,4.205867,0.0,0.0,0.0,0.0,0.0,0.0,0.0,0.0,0.0,0.0,2.0196424,5.2844815,0.0,0.0,0.0,0.0,0.0,0.0,0.0,0.0,0.0,0.0,0.0,2.5487547,0.0,0.0,0.0,0.0,0.0
0.0,0.0,0.0,0.0,0.0,0.0,0.0,0.0,0.0,0.0,0.0,0.0,0.0,0.0,0.0,0.0,0.0,3.0808046,1.476085,0.0,0.0,0.5669723,0.0,0.0,0.0,0.0,0.0,0.0,0.0,0.0,0.0,0.0,0.0,0.0,0.0,1.3688716,0.0,0.0,0.0,0.0,0.0,0.0,0.0,0.0,0.0,0.0,0.0,0.0,1.2851875,0.0,0.0,0.0,0.0,0.0,0.0,0.0,0.0,0.0,0.0,0.0,0.0,0.0,0.0,0.0,0.9095683,0.0,3.8261385,0.0,0.0,0.0,0.0,0.0,0.0,0.0,0.0,0.0,0.0,0.0,0.0,0.0,0.0,0.0,0.0,0.0,0.0,0.0,0.0,0.0,0.0,0.0,0.0,0.0,0.0,5.4512386,5.7320795,0.0,0.0,0.0,1.1371818,0.0,0.0,0.0,0.0,0.0,0.0,0.0,0.0,0.0,0.0,2.0716975,0.0,0.0,0.0,0.0,0.0,0.0,0.0,0.0,0.0,0.0,0.0,0.0,8.253533,0.0,0.0,0.0,0.0,0.0
0.0,0.0,0.0,0.0,0.0,3.5843039,0.0,0.0,0.0,0.0,0.0,0.0,0.0,0.0,3.0669525,0.0,0.0,0.0,0.0,0.0,0.0,0.0,0.0,0.0,0.0,0.0,0.0,0.0,0.0,0.0,0.0,0.0,0.0,0.0,0.0,4.7220697,1.2867389,0.0,0.0,0.0,0.0,0.0,0.0,0.0,0.0,0.0,0.0,0.98597693,2.376052,0.0,0.0,0.0,0.0,0.0,0.0,0.0,0.0,0.0,0.0,0.0,0.0,0.7319603,0.0,0.0,4.761544,0.0,0.0,0.0,2.1873932,0.0,0.0,0.0,8.878958,0.0,0.0,0.0,0.0,0.13014758,0.0,0.0,0.0,0.0,0.2733699,0.0,0.0,0.0,0.0,0.0,0.4224775,0.0,0.0,0.0,0.0,4.1264343,11.528501,0.0,0.0,0.0,10.225226,0.0,0.0,0.0,0.0,0.0,0.0,0.0,0.0,0.0,0.0,8.969188,0.0,0.0,0.060117483,0.0,1.9147817,0.0,0.0,0.0,0.0,0.0,0.0,0.0,6.159981,0.0,0.0,0.0,0.0,0.0
0.0,0.0,0.0,0.0,0.0,0.0,0.0,0.0,0.0,0.0,0.0,0.0,0.0,0.0,0.0,0.0,0.0,5.185857,4.0598927,0.0,0.0,0.0,0.0,0.0,0.0,0.0,0.0,0.54494375,0.0,0.0,0.0,0.0,0.0,0.0,0.0,14.527874,0.0,0.0,0.0,0.0,0.0,0.0,0.0,0.0,0.0,0.0,0.0,5.9016485,4.139956,0.0,0.0,0.0,0.0,0.40274355,0.0,0.0,0.0,0.0,0.5086943,0.0,0.0,0.0,0.0,0.0,5.095422,0.0,4.0798087,0.0,2.6462595,0.0,0.0,0.0,0.0,0.0,0.0,0.0,0.0,3.3663547,0.0,0.0,0.0,0.0,0.0,0.0,3.0095098,0.0,0.0,0.0,0.0,0.0,0.0,0.0,0.0,1.0535452,6.315553,0.0,0.0,0.0,4.7474213,0.0,0.0,0.0,0.0,0.0,0.0,1.341852,0.0,0.0,0.0,4.0820765,0.0,0.0,3.145592,0.0,0.0,0.0,0.0,0.0,0.0,0.0,0.0,0.0,6.5613704,0.0,0.0,0.0,0.0,0.0
0.0,0.0,0.0,0.0,1.8920585,0.0,0.0,0.0,0.68468934,0.0,8.324325,0.0,0.0,0.0,0.47663814,5.2912908,2.9241097,0.0,3.923083,0.0,0.0,0.0,0.0,2.6478577,0.0,0.0,0.0,0.0,0.0,2.9509795,0.0,0.0,0.0,0.0,2.8043177,0.0,0.0,0.0,0.0,0.0,0.0,0.0,0.0,0.0,0.0,0.0,0.0,1.950837,0.0,0.0,0.0,0.0,0.0,2.6266673,0.0,3.8985238,0.0,0.0,0.0,0.0,0.0,0.0,0.0,3.2250514,0.0,4.5236373,0.0,0.0,0.0,0.0,0.0,0.0,0.0,0.0,0.0,0.0,0.06761602,3.7297044,0.0,0.0,0.0,0.0,0.0,0.0,0.0,0.0,5.452106,1.5548153,0.0,0.0,6.3087335,1.7977425,0.0,0.0,0.0,0.0,0.0,5.0654163,0.0,0.0,0.0,0.0,0.0,0.0,0.0,0.0,2.3549476,0.0,0.0,0.0,1.7811859,0.0,0.0,0.0,0.0,0.0,0.0,0.0,0.0,0.0,0.24656512,0.0,1.4309387,3.1905835,0.0,0.0,0.0,0.0
0.0,5.4803066,0.0,12.232082,0.0,0.0,0.0,0.0,0.0,0.0,0.0,0.0,0.0,0.0,0.0,0.0,0.0,0.0,0.0,0.0,0.0,1.3899055,0.0,0.0,0.0,0.0,0.0,11.876522,0.0,0.0,0.0,0.0,0.0,0.0,0.0,0.0,0.0,0.0,5.7456617,0.0,0.0,0.0,0.0,0.0,0.0,0.0,0.0,0.0,0.0,0.0,0.0,0.0,0.0,0.0,0.0,0.0,0.0,0.0,0.0,0.0,0.0,0.0,0.0,0.0,0.0,0.0,14.76531,0.0,0.0,0.0,0.0,0.0,0.0,0.0,0.0,0.0,0.0,0.0,0.0,0.0,0.0,0.0,0.0,0.0,0.0,0.0,0.0,0.0,0.0,0.0,0.0,0.0,0.0,0.0,0.0,13.754404,0.0,9.273729,0.0,0.0,0.0,0.0,0.0,0.0,1.9390676,0.0,0.0,0.0,0.0,0.0,0.0,0.0,0.0,0.0,14.255323,0.0,12.519665,0.0,0.0,0.0,0.0,0.0,10.835853,0.0,0.0,0.0,0.0,0.0
0.0,0.0,0.0,0.0,0.0,0.0,0.0,0.0,0.0,0.0,9.500735,0.0,0.0,0.0,0.0,7.998112,3.4842696,0.0,1.0723445,0.0,0.0,0.0,0.0,14.540572,0.0,0.0,0.0,0.0,0.0,0.0,0.0,0.0,0.0,0.0,0.0,0.0,0.0,0.0,0.0,0.0,0.0,0.0,0.0,0.0,0.0,0.0,0.0,0.9839952,0.0,0.0,0.0,0.0,0.0,0.50140035,0.0,2.666489,0.0,0.0,0.0,0.6168863,0.0,0.0,0.0,11.937879,0.0,4.455135,0.0,0.0,0.0,0.0,0.0,0.0,4.166572,0.0,0.0,0.0,0.0,0.0,0.0,0.0,0.0,0.0,0.053214245,0.3158829,0.0,0.0,1.5038316,0.0,0.0,0.0,0.0,0.0,8.181745,0.0,0.0,0.0,0.0,7.6696486,1.0590522,0.0,0.0,0.0,0.0,0.0,2.2609038,3.0773413,0.0,0.0,0.0,2.2391672,0.0,0.0,0.0,0.0,0.0,0.0,0.0,0.0,0.0,0.0,0.0,0.0,0.0,3.70977,0.0,0.0,0.0,0.0
0.0,0.0,0.0,0.0,0.0,0.0,0.0,0.0,0.0,0.0,0.0,0.0,0.0,0.0,5.1789317,5.9357486,5.802613,0.0,0.0,0.0,0.0,0.0,0.0,4.317631,0.0,0.0,0.0,0.0,0.0,0.0,0.0,0.0,0.0,0.0,0.0,0.0,0.0,0.0,0.0,0.0,0.0,0.0,0.0,0.0,0.0,0.0,0.0,6.531179,0.0,0.0,0.0,0.0,0.0,0.0,0.0,3.013914,0.0,0.0,0.0,0.0,0.0,0.0,0.0,5.0925093,0.0,0.0,0.0,0.0,0.0,0.0,0.0,0.0,15.842882,0.0,0.0,0.0,0.0,1.2542374,0.0,0.0,0.0,0.0,0.0,6.649496,0.0,0.0,0.0,10.23517,0.0,0.0,0.0,0.0,0.0,0.0,0.0,0.0,0.0,0.0,10.399651,0.0,0.0,0.0,0.0,0.0,9.867694,0.0,0.0,0.0,3.4897702,0.0,0.0,0.0,0.0,0.0,0.0,0.0,0.0,0.0,0.0,0.0,0.0,0.0,0.0,0.0,0.0,0.0,4.1614614,0.0
0.0,0.0,0.0,0.0,0.0,0.0,0.0,0.0,0.0,0.0,0.0,0.0,0.0,0.0,0.0,2.4548647,0.0,2.0682178,4.72698,0.0,0.0,0.0,0.0,0.0,0.0,0.0,0.0,0.0,0.0,0.2220447,0.0,0.0,0.0,2.426732,0.5539609,0.6930227,0.0,0.0,0.0,0.0,0.0,0.0,0.0,0.0,0.0,0.0,0.0,3.5393915,0.0,0.0,0.0,0.0,0.0,2.3318129,0.0,2.4502969,0.0,0.0,0.0,0.0,0.0,0.0,0.0,0.0,4.6855583,4.528443,0.0,0.0,0.0,0.0,0.47879004,0.0,0.0,0.0,0.0,0.0,0.0,1.2554477,0.0,0.0,1.682467,0.0,1.3664538,0.0,0.7954549,0.0,0.0,0.4216563,0.0,0.0,0.0,2.7716231,0.0,0.0,0.0,0.0,0.0,0.0,6.997243,0.0,0.0,0.0,0.0,0.0,0.0,0.0,0.0,0.0,0.0,0.0,2.233166,0.0,1.6568525,0.0,0.0,0.0,0.0,0.0,0.0,0.0,0.0,0.0,1.5333254,0.0,0.0,0.0,0.0,0.0
0.0,0.0,0.0,0.0,0.0,0.47866613,0.0,0.0,0.0,0.0,0.0,0.0,0.0,0.0,0.0,0.0,0.0,2.6021395,3.9001257,0.0,0.0,0.0,0.0,0.0,0.0,0.0,0.0,0.0,0.0,0.0,0.0,0.0,0.0,0.0,0.0,6.625223,0.0,0.0,0.0,0.0,0.0,0.0,0.0,0.0,0.0,0.0,0.0,0.0,4.130359,0.0,0.0,0.0,0.0,0.0,0.0,0.0,0.0,0.0,0.0,0.0,0.0,0.0,0.0,0.0,1.3870866,0.0,5.606285,0.0,0.303301,0.0,0.0,0.0,0.0,0.0,0.0,0.0,0.0,0.09016085,0.0,0.0,0.0,0.0,0.0,0.0,0.10773614,0.0,0.0,0.0,0.0,0.0,0.0,0.0,0.0,5.086961,7.295406,0.0,0.0,0.0,0.8335494,0.0,0.0,0.0,0.0,0.0,0.0,0.0,0.0,0.0,0.0,4.882814,0.0,0.0,0.0,0.0,0.0,0.0,0.0,0.0,0.0,0.0,0.0,0.0,7.6913633,0.0,0.0,0.0,0.0,0.0
0.0,11.444419,0.0,12.286023,0.0,0.0,0.0,0.0,0.0,0.0,0.0,0.0,0.0,0.0,0.0,0.0,9.228807,0.0,0.0,0.0,0.0,5.08031,0.0,0.0,0.0,0.0,0.0,7.638076,0.0,0.0,0.0,0.0,0.0,0.0,0.0,0.0,0.0,0.0,0.09801047,0.0,0.0,0.0,0.0,0.0,0.0,0.0,0.0,0.0,7.365529,0.0,0.0,0.0,0.0,0.0,0.0,0.0,0.0,0.0,0.0,0.0,0.0,0.0,0.0,0.0,0.0,0.0,17.896786,0.0,0.0,0.0,0.0,0.0,0.0,0.0,0.0,0.0,3.4471946,0.0,0.0,0.0,0.0,0.0,0.0,0.0,0.0,0.0,0.0,0.0,0.0,0.0,0.0,0.0,0.0,5.3089085,0.0,2.3198695,0.0,13.581951,0.0,0.0,0.0,0.0,0.0,0.0,6.0717616,0.0,0.0,0.0,0.0,0.0,0.0,0.0,0.0,0.0,6.7357802,0.0,9.874032,0.0,0.0,0.0,0.0,0.0,0.0,0.0,0.0,0.0,0.0,0.0
0.0,0.0,0.0,0.0,0.0,0.0,0.0,0.0,0.0,0.0,3.4001577,0.0,0.0,0.0,0.0,8.910517,0.0,5.033689,0.41395226,0.0,0.0,0.0,0.0,0.0,0.0,0.0,0.0,0.0,0.0,0.0,0.0,0.0,0.0,0.0,0.9774259,7.231972,0.0,0.0,0.0,0.0,0.0,0.0,0.0,0.0,0.0,0.0,0.0,15.772844,0.0,0.0,0.0,0.0,0.0,0.0,0.0,12.275664,0.0,0.0,0.0,0.0,0.0,0.0,0.0,0.0,1.1485866,1.400992,0.0,0.0,0.0,0.0,0.0,0.0,0.2786633,0.0,0.0,0.0,0.0,8.392058,0.0,0.0,15.282853,0.0,0.0,0.0,0.0,0.0,0.0,0.0,0.0,0.0,2.24618,3.4050238,4.2346582,0.0,0.0,0.0,0.0,0.0,4.3331857,0.0,0.0,0.0,0.0,0.0,0.0,6.1927443,0.0,0.0,0.0,0.0048344913,0.0,0.0,1.6144571,0.0,0.0,0.0,0.0,0.0,0.0,0.0,0.0,0.0,1.0196252,0.0,0.0,0.0,0.0,0.0
0.0,0.0,0.0,0.0,0.0,0.6427221,0.0,0.0,0.0,0.0,0.0,0.0,0.0,0.0,0.0,0.0,0.0,4.8241253,0.66978085,0.0,0.0,0.0,0.0,0.0,0.0,0.0,0.0,0.0,0.0,0.0,0.0,0.0,0.0,0.0,0.0,8.013907,0.0,0.0,0.0,0.0,0.0,0.0,0.0,0.0,0.0,0.0,0.0,3.9227407,1.8154396,0.0,0.0,0.0,0.0,0.07098866,0.0,0.0,0.0,0.0,0.0,0.0,0.0,0.0,0.0,0.0,6.7990303,0.0,6.4671364,0.0,0.0,0.0,0.0,0.0,0.0,0.0,0.0,0.0,0.0,0.29138583,0.0,0.0,0.0,0.0,0.0,0.0,0.68957156,0.0,0.0,0.0,0.0,0.0,0.0,1.976104,0.0,4.0017533,7.0917253,0.0,0.0,0.0,4.345745,0.0,0.0,0.0,0.0,0.0,0.0,0.0,0.0,0.0,0.0,3.3123186,0.0,0.0,0.0,0.0,0.0,0.0,0.0,0.0,0.0,0.0,0.0,0.0,5.3085704,0.0,0.0,0.0,0.0,0.0
0.0,0.0,0.29794943,0.0,0.0,0.0,0.0,0.0,0.0,0.0,0.0,0.0,0.0,0.0,4.5104074,0.0,0.0,0.0,0.0,0.0,0.0,0.30129695,0.0,0.0,0.0,0.0,0.0,0.0,0.0,0.0,0.0,0.0,0.0,0.0,0.0,0.0,0.0,0.0,0.0,0.0,0.0,0.0,0.0,0.0,0.0,0.0,0.0,0.0,0.0,0.0,0.0,0.0,0.0,0.0,0.0,0.0,0.0,0.0,0.0,0.0,0.0,0.0,0.0,3.2476134,0.0,4.289643,0.0,0.0,0.0,0.0,0.0,0.0,9.348818,0.0,0.0,0.0,0.0,4.79817,0.0,0.0,0.0,0.0,1.2478635,1.4615952,0.0,0.0,0.0,0.0,0.0,0.0,0.0,0.0554142,0.0,0.0,3.4137046,0.0,0.0,0.0,11.245853,0.0,0.0,0.0,0.0,2.0932581,0.96225226,0.6486276,0.0,0.0,0.0,0.6140927,0.7294823,0.0,0.0,0.0,0.0,0.0,0.0,0.0,0.0,0.0,0.0,0.0,0.0,0.0,0.0,0.0,0.0,0.0
0.0,0.0,0.0,0.0,0.0,5.523561,0.0,0.0,0.0,0.0,0.0,0.0,0.0,0.0,0.0,0.0,0.0,6.676032,0.0,0.0,0.0,0.0,0.0,0.0,0.0,0.0,0.0,0.0,0.0,0.0,0.0,0.0,0.0,0.0,0.0,10.864157,0.0,0.0,0.0,0.0,0.0,0.0,0.0,0.0,0.0,0.0,0.0,9.005306,0.0,0.0,0.0,0.0,0.0,0.0,0.0,0.0,0.0,0.0,0.0,0.0,0.0,0.0,0.0,0.0,10.559167,0.0,8.243801,0.0,0.0,0.0,0.0,0.0,0.0,0.0,0.0,0.0,0.0,0.0,0.0,0.0,0.0,0.0,0.0,0.0,0.0,0.0,0.0,0.0,0.0,0.0,0.0,6.968807,0.0,7.131716,1.8523426,0.0,0.0,0.0,1.3602058,0.0,0.0,0.0,0.0,0.0,0.0,0.0,0.0,0.0,0.0,4.413532,0.0,0.0,0.0,0.0,0.0,0.0,0.0,0.0,0.0,0.0,0.0,0.0,0.0,0.0,0.0,0.0,0.0,0.0
0.0,0.0,0.0,0.0,0.0,0.0,0.0,0.0,0.0,0.0,8.075865,0.0,0.0,0.0,0.0,10.151098,0.0,0.0,5.505489,0.0,0.0,0.0,0.0,0.0,0.0,0.0,0.0,0.0,0.0,2.4769604,0.0,0.0,0.0,0.0,1.739334,0.0,0.0,0.0,0.0,0.0,0.0,0.0,0.0,0.0,0.0,0.0,0.0,11.252649,0.0,0.0,0.0,0.0,0.0,0.0,0.0,10.562283,0.0,0.0,0.0,0.0,0.0,0.0,0.0,0.0,0.0,3.7463794,0.0,0.0,0.0,0.0,0.0,0.0,0.0,0.0,0.0,0.0,0.0,4.751367,0.0,0.0,7.001583,0.0,0.0,0.0,0.0,0.0,0.0,1.9893634,0.0,0.0,4.0477595,1.4936311,2.831668,0.0,0.0,0.0,0.0,3.2185044,0.0,0.0,0.0,0.0,0.0,0.0,0.0,0.0,0.0,0.0,0.0,0.0,2.1004004,0.0,0.0,0.0,0.0,0.0,0.0,0.0,0.0,0.0,0.29508182,0.0,0.12439321,2.8807092,0.0,0.0,0.0,0.0
0.0,0.0,0.0,0.0,0.0,0.0,0.0,0.0,0.0,0.0,0.0,0.0,0.0,0.0,0.0,0.0,0.0,5.180839,4.3581142,0.0,0.0,0.0,0.0,0.0,0.0,0.0,0.0,0.0,0.0,0.0,0.0,0.0,0.0,0.0,0.0,11.190342,0.0,0.0,0.0,0.0,0.0,0.8122238,0.0,0.0,0.0,0.0,0.0,6.8108244,2.5813344,0.0,0.0,0.0,0.0,0.27974904,0.0,0.0,0.0,0.0,0.0,0.0,0.0,0.0,0.0,0.0,5.545067,0.0,3.6051571,0.0,0.44392684,0.0,0.0,0.0,0.0,0.0,0.0,0.0,0.0,0.05478724,0.0,0.0,0.0,0.0,0.0,0.0,2.157417,0.0,0.0,0.0,0.0,0.0,0.0,0.0,0.0,2.23449,7.4388433,0.0,0.0,0.0,4.037382,0.0,0.0,0.0,0.0,0.0,0.0,0.9349672,0.0,0.0,0.0,5.009686,0.0,0.0,1.7354234,0.0,0.0,0.0,0.0,0.0,0.0,0.0,0.0,0.0,9.728248,0.0,0.0,0.0,0.0,0.0
0.0,0.0,0.0,0.0,0.0,0.0,0.0,0.0,0.0,0.0,2.0859346,0.0,0.0,0.0,0.0,0.0,0.0,0.0,4.719503,0.0,0.0,0.0,0.0,0.0,0.0,0.0,0.0,0.39371896,0.0,0.0,0.0,0.0,0.0,0.0,0.0,5.5253797,0.0,0.0,0.0,0.0,0.0,2.0462532,0.0,0.0,0.0,0.0,0.0,2.1807508,0.0,0.0,0.0,0.0,0.0,5.188184,0.0,0.879339,0.0,0.0,0.0,0.0,0.0,0.0,0.0,0.0,2.400309,0.0,0.0,0.0,0.0,0.0,0.0,0.0,0.0,0.0,0.0,0.0,0.0,0.0,0.0,0.0,0.0,0.0,0.0,0.0,8.544814,0.0,0.0,0.0,0.0,0.91128194,0.0,0.0,0.0,0.0,3.6481466,0.0,0.0,0.0,5.78593,0.0,0.0,0.0,0.0,0.0,0.0,3.1529605,0.0,0.0,0.0,3.7870736,4.65472,0.0,1.1283017,0.0,0.0,0.0,0.0,0.0,0.0,0.0,0.0,0.0,8.692834,0.0,0.0,0.0,0.0,0.0
0.0,0.0,0.0,0.0,0.0,0.0,0.0,0.0,0.0,0.0,2.628778,0.0,0.0,0.0,0.0,1.5837668,0.0,0.0,1.2601486,0.0,0.0,1.4639419,0.0,0.1381048,0.0,0.0,0.0,0.0,0.0,2.2946074,0.0,0.0,0.0,0.0,2.6302009,0.0,0.0,0.0,0.0,0.0,0.0,0.0,0.0,0.0,0.0,0.0,0.0,0.0,0.0,0.0,0.0,0.0,0.0,5.7943516,0.0,2.8490329,0.0,0.0,0.0,0.0,0.0,0.0,0.0,3.1405425,0.0,5.1889677,0.0,0.0,0.0,0.0,0.0,0.0,0.99941105,0.0,0.0,0.9932731,0.0,2.954456,0.0,0.0,0.113218054,0.0,0.0,1.9320536,6.442438,0.0,0.0,0.0,0.0,0.0,0.0,0.3581915,0.0,0.0,0.0,0.0,0.0,1.7849331,8.065958,0.0,0.0,0.0,0.0,0.33232877,0.0,0.0,0.0,0.0,0.0,0.0,4.4477797,0.0,0.765668,0.0,0.0,0.0,0.0,0.0,0.0,0.0,0.0,0.0,0.0,0.0,0.0,0.0,0.0,0.0
0.0,3.8428326,0.0,0.0,0.0,0.0,0.0,0.0,0.0,0.0,0.0,0.0,0.0,0.0,2.9894133,0.0,0.0,0.0,0.0,0.0,0.0,8.094442,0.0,0.0,0.0,0.0,0.0,10.272416,0.0,0.0,0.0,0.0,0.0,0.0,0.0,0.0,0.0,0.0,0.0,0.0,0.0,0.0,0.0,0.0,0.0,0.0,0.0,0.0,1.1414554,0.0,0.0,0.0,0.0,0.0,0.0,0.0,0.0,0.0,0.0,0.0,0.0,0.0,0.0,0.9836753,0.0,0.0,12.014667,0.0,0.0,0.0,0.0,0.0,0.0,0.0,0.0,0.0,0.0,0.0,0.0,0.0,0.0,0.0,0.0,0.0,0.0,0.0,0.0,0.0,0.0,0.0,0.0,0.0,0.0,3.9341853,0.0,0.0,0.0,5.9725313,0.0,0.0,0.0,0.0,0.0,0.0,10.917171,0.0,0.75941634,0.0,0.0,0.0,0.0,0.0,0.0,0.0,6.8536296,0.0,10.129077,0.0,0.0,0.0,0.0,0.0,7.2232084,0.0,0.0,0.0,0.0,0.0
0.0,0.63233346,0.0,1.7612183,0.0,0.0,0.0,0.0,0.0,0.0,0.0,0.0,0.0,0.0,0.32732922,0.0,0.0,1.2312351,0.0,0.0,0.0,3.0334995,0.0,0.0,0.0,0.0,0.0,3.1459148,0.0,0.0,0.0,0.0,0.0,0.0,0.0,0.0,0.0,0.0,0.0,0.0,0.0,0.0,0.0,0.0,0.0,0.0,0.0,0.0,0.0,0.0,0.0,0.0,0.0,0.0,0.0,0.0,0.0,0.0,0.0,0.0,0.0,0.0,0.0,0.0,0.0,0.0,3.683459,0.0,0.0,0.0,0.0,0.0,0.0,0.0,0.0,0.0,0.0,0.0,0.0,0.0,0.0,0.0,0.0,0.0,0.0,0.0,0.0,0.0,0.0,0.0,0.0,0.0,0.0,0.0,0.0,3.8116786,0.0,1.4832954,0.0,0.0,0.0,0.0,0.0,0.0,0.66095036,0.0,0.0,0.0,0.0,0.0,0.0,0.0,0.0,0.0,7.8770676,0.0,2.895419,0.0,0.0,0.0,0.0,0.0,9.030934,0.0,0.0,0.0,0.0,0.0
0.0,11.543702,0.0,15.571325,0.0,1.2128905,0.0,0.0,0.0,0.0,0.0,0.0,0.0,0.0,0.0,0.0,6.1473975,0.0,0.0,0.0,0.0,0.0,0.0,0.0,0.0,0.0,0.0,0.0,0.0,0.0,0.0,0.0,0.0,0.0,0.0,0.0,0.0,0.0,2.7814982,0.0,0.0,0.91526836,0.0,0.0,0.0,0.0,0.0,0.0,1.5944932,0.0,0.0,0.0,0.0,0.0,0.0,0.0,0.0,3.0931153,0.0,0.0,0.0,0.0,0.0,2.488955,0.0,0.0,5.503119,0.0,0.0,0.0,0.0,0.0,0.0,0.0,0.0,0.0,5.5026293,0.0,0.0,0.0,0.0,0.0,0.0,0.0,0.0,0.0,0.0,0.0,0.0,0.0,0.0,0.0,0.0,1.5066217,0.0,10.91737,0.0,12.3541765,0.0,0.0,0.0,0.0,0.0,0.0,3.1417084,0.0,0.0,0.0,5.218531,0.0,0.0,0.0,0.0,0.0,9.934153,0.0,2.4890945,0.0,0.0,0.0,0.0,0.0,0.0,0.0,0.0,0.0,0.0,0.0
0.0,8.714404,0.0,0.43844724,0.0,0.0,0.0,0.0,0.0,0.0,0.0,0.0,0.94639033,0.0,0.0,0.0,2.2133877,0.0,0.0,0.0,0.0,3.974075,0.0,0.0,0.0,0.0,0.0,12.470318,0.0,0.0,0.0,0.0,0.0,0.0,0.0,0.0,0.0,0.0,0.0,0.0,0.0,0.0,0.0,0.0,0.0,0.0,0.0,0.0,11.075543,0.0,0.0,0.0,0.0,0.0,0.0,0.0,0.0,0.0,0.0,0.0,0.0,0.0,0.0,0.0,0.0,0.0,14.566145,0.0,0.0,0.0,0.0,0.0,0.0,0.0,0.0,0.0,3.1469226,0.0,0.0,0.0,0.0,0.0,0.0,0.0,0.0,0.0,0.0,0.0,0.0,0.0,0.0,0.0,0.0,12.581613,0.0,0.0,0.0,0.0,0.0,0.0,0.0,0.0,0.0,0.0,0.0,0.0,0.0,0.0,0.0,5.296824,0.0,0.0,0.0,0.0,9.440584,0.0,8.224263,0.0,0.0,0.0,0.0,0.0,1.7272776,0.0,0.0,0.0,0.0,0.0
0.0,0.0,0.0,0.0,0.0,0.0,0.0,0.0,0.0,0.0,2.320703,0.0,0.0,0.0,0.0,0.0,1.7852123,0.0,0.0,0.0,0.0,0.0,12.141147,0.6575142,0.0,0.0,0.0,0.0,0.0,0.0,0.0,0.0,0.0,0.0,0.0,0.0,1.838352,0.0,0.0,0.0,0.0,0.0,0.0,0.0,0.0,0.0,0.0,12.495102,0.0,0.0,0.0,0.0,0.0,0.0,0.0,7.94141,0.0,0.0,0.0,4.4094253,0.0,0.0,0.0,7.5985904,0.0,0.0,0.0,0.0,0.0,0.0,0.0,0.0,23.25595,0.0,0.0,0.0,0.0,11.756375,0.0,0.0,0.0,0.0,0.0,1.8496289,0.0,0.0,0.0,0.01732734,0.0,0.0,0.0,0.0,9.059072,0.0,0.0,0.0,0.0,0.0,0.0,0.0,0.0,0.0,0.0,0.29581296,14.022656,6.691408,0.0,0.0,0.0,2.415801,0.0,0.0,0.0,0.0,0.0,0.0,0.0,0.0,0.0,0.0,0.0,0.0,0.0,8.151878,0.0,0.0,0.0,0.0
0.0,0.0,0.0,0.0,0.0,0.0,0.0,0.0,0.0,0.0,0.0,0.0,0.0,0.0,0.0,6.005751,0.0,1.4726096,3.8109927,0.0,0.0,0.0,0.0,0.0,0.0,0.0,0.0,0.0,0.0,4.370717,0.0,0.0,0.0,0.0,0.61419815,0.18556955,0.0,0.0,0.0,1.8211806,0.0,0.0,0.0,0.0,0.0,0.0,0.0,2.199809,0.0,0.0,0.0,0.0,0.0,0.0,0.0,1.7711269,0.0,0.0,0.0,0.0,0.0,0.0,0.0,0.0,3.4091022,5.178642,0.0,0.0,0.0,0.0,0.0,0.0,0.0,0.0,0.0,2.3840582,0.0,0.0,0.0,0.0,2.947127,0.0,0.0,0.0,3.3194768,0.0,0.0,0.0,0.0,0.0,0.0,4.2832837,0.0,0.0,0.0,0.0,0.0,0.0,4.5593023,0.0,0.0,0.0,0.0,0.0,0.0,0.0,2.1816535,2.7436733,0.0,0.0,2.7861583,0.0,2.0610514,0.0,0.0,0.0,0.0,0.0,0.0,1.3130093,0.0,0.0,0.5448291,0.0,0.0,0.0,0.0,0.0
0.0,0.0,0.0,0.0,0.5817066,0.0,0.0,0.0,0.31194863,0.0,4.8639307,0.0,0.0,0.0,0.0,13.68143,6.1368065,0.0,0.0,0.0,0.0,0.0,4.4208736,9.580233,0.0,0.0,0.0,0.0,0.0,2.1226368,0.0,0.0,0.0,0.0,9.317755,0.11033229,0.0,0.0,0.0,0.0,1.659541,0.0,0.0,0.0,0.0,0.0,0.0,8.140065,0.0,0.0,0.0,0.0,0.0,3.1638808,0.0,0.0,0.0,2.3090904,0.0,0.0,0.0,0.0,0.0,6.4269595,0.0,0.0,0.0,0.0,0.99614537,0.0,0.0,0.0,0.0,0.0,0.0,0.29762527,0.0,0.7935144,0.0,0.0,0.0,0.0,0.0,0.0,0.0,0.0,0.0,11.005522,0.0,0.0,5.6092196,1.1157602,4.5897965,0.0,0.0,0.0,0.0,7.9494705,2.7135262,0.0,0.0,0.0,0.0,0.0,0.34208438,0.0,0.0,0.0,3.40104,0.0,0.0,0.0,0.0,10.555863,0.0,0.0,0.0,0.0,0.0,0.0,0.0,0.0,0.0,1.2866901,0.0,0.0,0.647546,0.0
0.0,0.0,0.0,0.0,0.0,6.5769815,0.0,0.0,0.0,0.0,0.0,0.0,0.0,0.0,0.0,0.0,0.0,3.5586908,0.0,0.0,0.0,0.0,0.0,0.0,0.0,0.0,0.0,0.0,0.0,0.0,0.0,0.0,0.0,0.0,0.0,8.6695175,0.019651785,0.0,0.0,0.0,0.0,0.0,0.0,0.0,0.0,0.0,0.0,10.179802,0.0,0.0,0.0,0.0,0.0,0.26264128,0.0,0.009722602,0.0,0.0,0.0,0.0,0.0,0.0,0.0,0.0,13.288537,0.0,8.090468,0.0,0.0,0.0,0.0,0.0,12.746529,0.0,0.0,0.0,0.0,0.0,0.0,0.0,0.0,0.0,0.0,0.0,0.0,0.0,0.0,7.091227,0.0,0.0,0.0,10.929257,0.0,8.579998,6.5002184,0.0,0.0,0.0,6.0069036,0.0,0.0,0.0,0.0,0.0,0.0,0.0,0.0,0.0,0.0,6.119429,0.0,0.0,0.0,0.0,0.0,0.0,0.0,0.0,0.0,0.0,0.0,0.0,0.0,0.0,0.0,0.0,0.0,0.0
0.0,0.0,0.0,0.0,0.0,0.0,0.0,0.0,0.0,0.0,0.0,0.0,0.0,0.0,0.0,6.5345173,4.652529,0.0,0.0,0.0,0.0,0.0,11.724987,10.296231,0.0,0.0,0.0,0.0,0.0,0.0,0.0,0.0,0.0,0.0,0.0,0.0,0.0,0.0,0.0,0.0,0.0,0.0,0.0,0.0,0.0,0.0,0.0,5.502974,0.0,0.0,0.0,0.0,0.0,0.0,0.0,0.0,0.0,0.0,0.0,4.6829495,0.0,0.0,0.0,14.682819,0.0,0.0,0.0,0.0,0.0,0.0,0.0,0.0,14.563841,0.0,0.0,0.0,0.0,7.17412,0.0,0.0,0.0,0.0,0.0,0.0,0.0,0.0,0.0,1.5136482,0.0,0.0,0.0,0.0,8.545793,0.0,0.0,0.0,0.0,0.031988867,1.9514391,0.0,0.0,0.0,0.0,3.5544705,16.05453,10.448046,0.0,0.0,0.0,1.6612146,0.0,0.0,0.0,0.0,0.0,0.0,0.0,0.0,0.0,0.0,0.0,0.0,0.0,7.8020325,0.0,0.0,0.0,0.0
0.0,0.0,0.0,0.0,0.0,0.09200502,0.0,0.0,0.0,0.0,0.0,0.0,0.0,0.0,0.0,5.3390803,0.0,1.2819179,0.0,0.0,0.0,0.0,0.0,0.0,0.0,0.0,0.0,0.0,0.0,0.0,0.0,0.0,0.0,0.0,0.0,0.13272515,0.0,0.0,0.0,0.0,0.0,0.0,0.0,0.0,0.0,0.0,0.0,0.21226022,0.0,0.0,0.0,0.0,0.0,0.0,0.0,0.0,0.0,0.0,0.0,0.0,0.0,0.0,0.0,3.1692343,0.0,6.459007,0.0,0.0,0.0,0.0,0.0,0.0,3.40476,0.0,0.0,0.0,0.0,2.2102354,0.0,0.0,0.0,0.0,0.38257146,0.0,0.0,0.0,0.0,1.5860806,0.0,0.0,0.0,8.066201,0.0,0.0,0.0,0.0,0.0,0.0,3.6302345,0.0,0.0,0.0,0.0,0.0,0.0,0.0,0.0,0.0,2.0136788,0.0,0.0,0.0,0.0,0.0,0.0,0.0,0.0,0.0,0.0,0.0,0.0,0.0,0.0,0.0,0.0,0.0,0.0,0.0
0.0,0.0,0.0,0.0,0.0,1.9703839,0.0,0.0,0.0,0.0,0.0,0.0,0.0,0.0,0.0,0.0,0.0,0.6624471,0.0,0.0,0.0,0.0,0.0,0.0,0.0,0.0,0.0,0.0,0.0,0.0,0.0,0.0,0.0,0.0,0.0,4.1339498,0.0,0.0,0.0,0.0,0.0,0.0,0.0,0.0,0.0,0.0,0.0,3.880973,0.0,0.0,0.0,0.0,0.0,0.0,0.0,0.08871586,0.0,0.0,0.0,0.0,0.0,0.0,0.0,0.0,8.232332,0.0,7.8211107,0.0,0.0,0.0,0.0,0.0,6.354235,0.0,0.0,0.0,0.0,0.0,0.0,0.0,0.0,0.0,0.0,0.0,0.0,0.0,0.0,4.6825147,0.0,0.0,0.0,7.919891,0.0,12.560192,0.14006168,0.0,0.0,0.0,0.0,0.0,0.0,0.0,0.0,0.0,0.0,0.0,0.0,0.0,0.0,3.3830774,0.0,0.0,0.0,0.0,0.0,0.0,0.0,0.0,0.0,0.0,0.0,0.0,0.0,0.0,0.0,0.64830303,0.0,0.0
0.0,0.78807014,0.0,4.0914335,0.0,0.0,0.0,0.0,0.0,0.0,13.391785,0.0,0.0,0.0,0.0,0.0,4.3793783,0.0,5.069528,0.0,0.0,0.0,5.6604824,5.9210825,0.0,0.0,0.0,0.0,0.0,0.0,0.0,0.0,0.0,0.0,1.2450045,0.0,0.0,0.0,4.033855,0.0,0.0,0.0,0.0,0.0,0.0,0.0,0.0,0.0,0.0,0.0,0.0,0.0,0.8007076,3.4230344,0.0,2.0027473,0.0,0.0,0.0,3.8516316,0.0,0.0,0.0,0.0,0.0,0.0,0.0,0.0,0.0,0.0,0.0,0.0,0.0,0.0,0.0,0.0,0.0,0.44024703,0.0,0.0,0.0,0.0,0.0,3.6465366,0.0,0.0,4.93067,0.0,0.0,0.0,0.0,0.0,0.35581568,0.0,0.0,1.905767,0.0,14.391421,0.0,0.0,0.0,0.0,0.0,0.0,2.1277165,0.0,0.0,0.0,0.0,0.0,5.4530888,0.0,0.0,0.0,0.0,0.0,0.0,0.0,0.0,0.0,0.0,0.0,0.0,0.0,7.4041944,0.0,0.0,0.0
0.0,0.0,0.0,0.0,0.0,9.295468,0.0,0.0,0.0,0.0,0.0,0.0,0.0,0.0,0.0,0.0,0.0,6.6826077,0.0,0.0,0.0,0.0,0.0,0.0,0.0,0.0,0.0,0.0,0.0,0.0,0.0,0.0,0.0,0.0,0.0,11.129972,0.0,0.0,0.0,0.0,0.0,0.0,0.0,0.0,0.0,0.0,0.0,12.56088,0.0,0.0,0.0,0.0,0.0,1.7223712,0.0,0.465729,0.0,0.0,0.0,0.0,0.0,0.0,0.0,0.0,14.232131,0.0,9.259667,0.0,0.0,0.0,0.0,0.0,4.074761,0.0,0.0,0.0,0.0,0.0,0.0,0.0,0.0,0.0,0.0,0.0,0.0,0.0,0.0,2.7911103,0.0,0.0,0.0,5.669866,0.0,9.054171,4.699376,0.0,0.0,0.0,0.60787225,0.0,0.0,0.0,0.0,0.0,0.0,0.0,0.0,0.0,0.0,10.4327755,0.0,0.0,0.0,0.0,0.0,0.0,0.0,0.0,0.0,0.0,0.0,0.0,0.0,0.0,0.0,0.0,0.0,0.0
0.0,0.0,0.0,0.0,0.0,0.0,0.0,0.0,0.0,0.0,2.3212752,0.0,0.0,0.0,0.0,0.0,0.0,0.0,0.14989026,0.0,0.0,0.0,0.0,0.0,0.0,0.0,0.0,0.0,0.0,0.0,0.0,0.0,0.0,0.0,0.0,0.0,0.0,0.0,0.0,0.0,0.0,0.0,0.0,0.0,0.0,0.0,0.0,0.94106424,0.0,0.0,0.0,0.0,0.14522187,3.018492,0.0,3.3343527,0.0,0.0,0.0,0.0,0.0,0.008402433,0.0,6.848787,0.0,5.380745,0.0,0.0,0.0,0.0,0.0,0.0,9.67766,0.0,0.0,0.0,0.0,5.816343,0.0,0.0,0.0,0.0,5.956863,0.0,0.0,0.0,5.256976,0.0,0.0,0.0,0.0,0.0,2.861779,0.0,1.9931194,0.0,0.0,0.0,2.8742812,0.0,0.0,0.0,0.0,2.3870227,1.6301429,9.001477,0.0,0.0,0.0,5.294645,0.42573142,0.0,0.0,0.0,0.0,0.0,0.0,0.0,0.0,0.0,0.0,0.0,0.0,0.2397082,0.0,0.0,0.0,0.0
0.0,0.0,0.0,0.0,0.0,0.0,0.0,0.0,0.0,0.0,10.80235,0.0,0.0,0.0,0.0,15.187327,0.0,0.0,6.7803717,0.0,0.0,0.0,0.0,10.106753,0.0,0.0,0.0,0.0,0.0,0.0,0.0,0.0,0.0,0.0,0.0,0.0,0.0,0.0,0.0,0.0,0.0,0.0,0.0,0.0,0.0,0.0,0.0,7.7324862,0.0,0.0,0.0,0.0,0.0,3.5164714,0.0,4.992041,0.0,0.0,0.0,0.0,0.0,0.0,0.0,0.0,0.0,0.0,0.0,0.0,0.0,0.0,0.0,0.0,0.0,0.0,0.0,0.0,0.0,0.0,0.0,0.0,2.3527434,0.0,0.0,0.0,0.0,0.0,0.0,0.0,0.0,0.0,0.0,0.0,9.791126,0.0,0.0,0.0,0.0,9.103573,0.0,0.0,0.0,0.0,0.0,0.0,0.0,3.1041665,0.0,0.0,0.0,0.0,0.0,0.0,0.0,0.0,0.0,0.0,0.0,0.0,0.0,0.0,0.0,0.0,0.0,0.0,0.0,0.0,0.0,0.0
0.0,0.0,0.0,0.0,0.0,0.093983255,0.0,0.0,0.0,0.0,0.0,0.0,0.0,0.0,0.0,0.0,0.0,2.779025,2.2285538,0.0,0.0,0.0,0.0,0.0,0.0,0.0,0.0,0.21643534,0.0,0.0,0.0,0.0,0.0,0.0,0.0,10.273723,0.0,0.0,0.0,0.0,0.0,0.762627,0.0,0.0,0.0,0.0,0.0,4.207517,4.783258,0.0,0.0,0.0,0.0,0.92889184,0.0,0.0,0.0,0.0,0.0,0.0,0.0,0.0,0.0,0.0,4.549183,0.0,1.0766337,0.0,2.0774705,0.0,0.0,0.0,0.0,0.0,0.0,0.0,0.0,0.20198856,0.0,0.0,0.0,0.0,0.0,0.0,4.1541343,0.0,0.0,0.0,0.0,0.0,0.0,0.0,0.0,0.0,8.3869705,0.0,0.0,0.0,6.510347,0.0,0.0,0.0,0.0,0.0,0.0,0.46352488,0.0,0.0,0.0,5.326396,0.0,0.0,3.0653696,0.0,0.0,0.0,0.0,0.0,0.0,0.0,0.0,0.0,8.229313,0.0,0.0,0.0,0.0,0.0
0.0,0.0,0.0,0.0,0.0,0.0,0.0,0.0,0.0,0.0,0.0,0.0,0.0,0.0,0.0,0.0,0.0,1.2354487,2.2652478,0.0,0.0,2.4701705,0.0,0.0,0.0,0.0,0.0,2.367771,0.0,0.0,0.0,0.0,0.0,0.0,0.0,5.1559396,0.0,0.0,0.0,0.0,0.0,0.0,0.0,0.0,0.0,0.0,0.0,0.0,5.241918,0.0,0.0,0.0,0.0,0.0,0.0,0.0,0.0,0.0,0.0,0.0,0.0,0.0,0.0,0.0,0.0,0.0,1.7698371,0.0,0.76183087,0.0,0.0,0.0,0.0,0.0,0.0,0.0,0.0,0.0,0.0,0.0,0.0,0.0,0.0,0.0,5.923849,0.0,0.0,0.0,0.0,3.8390121,0.0,0.0,0.0,0.0,6.0000706,0.0,0.0,0.0,3.6400464,0.0,0.0,0.0,0.0,0.0,0.0,0.0,0.0,0.0,0.0,3.0967445,0.0,0.0,0.0,0.0,0.0,0.0,0.0,0.0,0.0,0.0,0.0,0.0,8.993912,0.0,0.0,0.0,0.0,0.0
0.0,0.0,0.0,0.0,0.0,0.0,0.0,0.0,0.0,0.0,0.0,0.0,0.0,0.0,0.0,1.1981728,0.0,0.0,0.78642553,0.0,0.0,3.204183,0.0,0.600676,0.0,0.0,0.0,0.0,0.0,0.0,0.0,0.0,0.0,0.0,6.617398,0.62834734,0.0,0.0,0.0,0.0,0.0,0.0,0.0,0.0,0.0,0.0,0.0,0.0,0.0,0.0,0.0,0.0,0.0,4.9821434,0.0,0.0,0.0,0.0,0.0,0.0,0.0,0.0,0.0,7.3959556,0.0,8.9498625,0.0,0.0,0.79904693,0.0,0.0,0.0,4.4010134,0.0,0.0,0.0,0.0,6.5203996,0.0,0.0,3.35379,0.0,3.069674,0.0,4.173068,0.0,0.0,0.0,0.0,0.0,0.0,1.7077849,0.0,0.0,0.0,0.0,0.0,0.0,11.751643,0.0,0.0,0.0,0.0,3.551846,0.58113647,4.1957483,0.0,0.0,0.0,0.0,0.85778457,0.0,1.567618,0.0,0.0,0.0,0.0,0.0,0.0,0.0,0.0,0.0,0.0,0.0,0.0,0.0,0.0,0.0
0.0,0.0,0.0,3.0573452,0.0,0.0,0.0,0.0,0.0,0.0,0.0,0.0,0.0,0.0,0.0,0.0,1.4328206,0.58914715,10.31192,0.0,0.0,0.0,9.021788,0.0,0.0,0.0,0.0,0.0,0.0,1.2241893,0.0,0.0,0.0,0.0,13.097051,7.124057,0.0,0.0,0.0,0.0,0.0,3.6326604,0.0,0.0,0.0,0.0,0.0,11.863024,0.0,0.0,0.0,0.0,0.0,0.0,6.403197,0.0,0.0,0.0,11.903299,5.3263183,0.0,0.0,0.0,0.0,0.0,0.0,2.2512217,0.0,0.0,0.0,0.0,0.0,0.0,0.0,0.0,0.0,8.245433,9.560729,0.0,0.0,0.0,0.0,0.0,0.0,0.0,0.0,4.290126,0.0,0.0,0.0,5.24912,0.31552315,9.081905,0.0,0.0,0.0,0.0,4.236632,0.0,0.0,0.0,0.0,0.0,0.0,0.0,5.739722,0.0,0.0,0.0,0.46084636,0.0,0.0,0.0,0.0,0.0,0.0,0.0,0.0,0.0,0.0,0.0,0.0,0.0,0.0,0.0,0.0,0.0,0.0
0.0,3.0295134,0.0,0.0,0.0,0.0,0.0,0.0,0.0,0.0,0.0,0.0,0.0,0.0,8.060621,0.0,4.9112363,0.0,0.0,0.0,0.0,2.3656352,0.0,0.0,0.0,0.0,0.0,6.895798,0.0,0.0,0.0,0.0,0.0,0.0,0.0,0.0,0.0,0.0,0.0,0.0,0.0,0.0,0.0,0.0,0.0,0.0,0.0,0.0,0.6312133,0.0,0.0,0.0,0.0,0.0,0.0,0.0,4.228554,0.0,0.0,0.0,0.0,0.0,0.0,4.800602,0.0,0.0,10.591096,0.0,0.0,0.0,0.0,0.0,0.0,0.0,0.0,0.0,0.0,0.0,0.0,0.0,0.0,0.0,0.0,0.0,0.0,0.0,0.0,0.0,0.0,0.0,0.0,0.0,0.0,7.272007,0.0,0.0,0.0,9.683775,0.0,0.0,0.0,0.0,0.0,0.0,16.933847,0.0,0.0,0.0,0.0,0.0,0.0,0.0,0.0,0.0,2.6794558,0.0,8.83433,0.0,0.0,0.0,0.0,0.0,1.1809975,0.0,0.0,0.0,0.0,0.0
0.0,0.0,0.0,0.50307274,0.0,0.0,0.0,0.0,0.0,0.0,8.994456,0.0,0.0,0.0,0.0,0.0,0.0,0.0,0.0055737533,0.0,0.0,0.0,9.05376,0.0,0.0,0.0,0.0,0.0,0.0,0.0,0.0,0.0,0.0,0.0,8.885155,3.3076322,0.0,0.0,0.0,0.0,0.0,6.852367,0.0,0.0,0.0,0.0,0.0,15.044838,0.0,0.0,0.0,0.0,0.0,12.116347,0.0,13.287102,0.0,0.0,0.0,0.0,0.0,0.0,0.0,0.0,0.0,0.0,0.0,0.0,0.0,0.0,0.74336207,0.0,8.073916,0.0,0.0,0.0,0.0,5.1519513,6.0334463,0.0,0.0,0.0,0.07927978,0.0,0.0,0.0,0.0,0.0,0.0,0.0,0.0,0.0,2.395401,0.0,0.0,0.0,0.0,0.9359865,9.006738,0.0,0.0,0.0,0.0,0.0,0.0,9.943312,0.0,0.0,0.0,9.399375,5.67247,0.0,0.0,0.0,0.0,0.0,0.0,0.0,0.0,0.0,0.0,0.0,2.2836065,0.0,0.0,0.0,0.0,0.0
0.5304258,0.0,0.0,0.0,0.0,0.0,0.0,0.0,0.0,0.0,0.0,0.0,0.0,0.0,0.0,0.0,0.0,5.225373,4.6497064,0.0,0.0,0.0,0.0,0.0,0.0,0.0,0.0,1.2164288,0.0,0.0,0.0,0.0,0.0,0.0,0.0,8.864968,0.0,0.0,0.0,0.0,0.0,0.0,0.0,0.0,0.0,0.0,0.0,0.6038257,4.2961297,0.0,0.0,0.0,0.0,0.0,0.0,0.0,0.0,0.0,0.0,0.0,0.0,0.0,0.0,0.0,1.5975293,0.0,5.0494475,0.0,0.40563655,0.0,0.0,0.0,0.0,0.0,0.0,0.0,0.0,1.4482292,0.0,0.0,0.0,0.0,0.0,0.0,1.9638484,0.0,0.0,0.0,0.0,0.0,0.0,0.0,0.0,3.2928731,5.695854,0.0,0.0,0.0,1.3362082,0.0,0.0,0.0,0.0,0.0,0.0,0.02761042,0.0,0.0,0.0,3.699474,0.0,0.0,0.0,0.0,0.0,0.0,0.0,0.0,0.0,0.0,0.0,0.0,7.261672,0.0,0.0,0.0,0.0,0.0
0.0,14.175331,0.0,14.948768,0.0,0.0,0.0,0.0,0.0,0.0,0.0,0.0,0.0,0.0,0.0,0.0,0.42429867,0.0,0.0,0.0,0.0,2.3228638,0.0,0.0,0.0,0.0,0.0,12.524685,0.0,0.0,0.0,0.0,0.0,0.0,0.0,0.0,0.0,0.0,1.4357798,0.0,0.0,0.0,0.0,0.0,0.0,0.0,0.0,0.0,0.0,0.0,0.0,0.0,0.0,0.0,0.0,0.0,0.0,0.0,0.0,0.0,0.0,0.0,0.0,4.1331544,0.0,0.0,19.2664,0.0,0.0,0.0,0.0,0.0,0.0,0.0,0.0,0.0,0.0,0.0,0.0,0.0,0.0,0.0,0.0,0.0,0.0,0.0,0.0,0.0,0.0,0.0,0.0,0.0,0.0,0.2634371,0.0,5.1680555,0.0,10.444658,0.0,0.0,0.0,0.0,0.0,0.0,3.368382,0.0,0.0,0.0,0.0,3.0417688,0.0,0.0,0.0,0.0,16.278082,0.0,7.6382103,0.0,0.0,0.0,0.0,0.0,0.0,0.0,0.0,0.0,0.0,0.0
0.0,0.0,0.0,0.0,0.0,0.0,0.0,0.0,0.0,0.0,1.487974,0.0,0.0,0.0,0.0,3.556919,0.0,4.741004,7.4332175,0.0,0.0,0.0,0.0,0.0,0.0,0.0,0.0,0.0,0.0,2.8977273,0.0,0.0,0.0,0.0,0.5670835,4.7481623,0.0,0.0,0.0,0.0,0.0,0.0,0.0,0.0,0.0,0.0,0.0,7.8008614,0.0,0.0,0.0,0.0,0.0,3.0703845,0.0,3.933221,0.0,0.0,0.0,0.0,0.0,0.0,0.0,0.0,4.3136396,2.167444,0.0,0.0,0.0,0.0,0.0,0.0,0.0,0.0,0.0,0.0,0.0,3.823291,0.0,0.0,0.0,0.0,0.0,0.0,3.878192,0.0,0.0,0.0,0.0,0.0,2.0152407,0.73023677,0.0,0.0,0.0,0.0,0.0,0.0,3.824126,0.0,0.0,0.0,0.0,0.0,0.0,5.056811,0.0,0.0,0.0,2.277718,1.2625793,0.0,0.0,0.0,0.0,0.0,0.0,0.0,0.0,0.0,0.0,0.0,4.3361278,0.0,0.0,0.0,0.0,0.0
0.0,0.0,0.0,0.0,0.0,0.0,0.0,0.0,0.0,0.0,0.0,0.0,0.0,0.0,0.0,0.0,0.0,1.6557443,0.30170566,0.0,0.0,0.82331955,0.0,0.0,0.0,0.0,0.0,0.0,0.0,0.0,0.0,0.0,0.0,0.0,0.0,2.6972854,0.0,0.0,0.0,0.0,0.0,0.0,0.0,0.0,0.0,0.0,0.0,0.0,2.6679664,0.0,0.0,0.0,0.0,0.0,0.0,0.0,0.0,0.0,0.0,0.0,0.0,0.0,0.0,0.0,0.45593944,0.0,3.0262485,0.0,0.0,0.0,0.0,0.0,0.0,0.0,0.0,0.0,0.0,0.0,0.0,0.0,0.0,0.0,0.0,0.0,2.2904882,0.0,0.0,0.0,0.0,0.4501537,0.0,0.0,0.0,3.23513,6.6228647,0.0,0.0,0.0,3.3678308,0.0,0.0,0.0,0.0,0.0,0.0,0.0,0.0,0.0,0.0,2.3317754,0.0,0.0,0.0,0.0,0.0,0.0,0.0,0.0,0.0,0.0,0.0,0.0,7.6498756,0.0,0.0,0.0,0.0,0.0
0.0,0.0,0.0,0.0,0.0,0.0,0.0,0.0,0.0,0.0,0.0,0.0,0.0,0.0,0.0,0.0,0.0,1.2638056,4.5888004,0.0,0.0,0.0,1.8192056,0.0,0.0,0.0,0.0,0.0,0.0,0.0,0.0,0.0,0.0,0.0,2.121799,5.366437,0.0,0.0,0.0,0.0,0.0,0.0,0.0,0.0,0.0,0.0,0.0,5.206295,0.0,0.0,0.0,0.0,0.0,1.4512801,0.0,0.0,0.0,0.0,0.78570783,0.0,0.0,0.0,0.0,0.0,1.2958795,0.22591624,0.0,0.0,0.6745673,0.0,0.0,0.0,0.0,0.0,0.0,0.0,0.0,3.0509458,0.0,0.0,0.0,0.0,1.3422853,0.0,0.6433422,0.0,0.0,0.0,0.0,0.0,0.8704188,0.0,0.0,0.0,2.8866954,0.0,0.0,0.0,1.7467446,0.0,0.0,0.0,0.0,0.0,0.0,3.838201,0.0,0.0,0.0,3.0406966,0.6108973,0.0,0.9461689,0.0,0.0,0.0,0.0,0.0,0.0,0.0,0.0,0.0,1.5441681,0.0,0.0,0.0,0.0,0.0
0.0,0.0,0.0,0.0,0.0,0.0,0.0,0.0,0.0,0.0,0.0,0.0,0.0,0.0,3.6385076,0.0,8.319915,0.0,0.0,0.0,0.0,0.0,0.0,0.0,0.0,0.0,0.0,7.6723995,0.0,0.0,0.0,0.0,0.0,0.0,0.0,0.0,0.0,0.0,0.0,0.0,0.0,0.0,0.0,0.0,0.0,0.0,0.0,0.0,2.1939638,0.0,0.0,0.0,0.0,0.0,0.0,0.0,9.441011,0.0,0.0,0.0,0.0,0.0,0.0,7.2319818,0.0,0.0,14.004452,0.0,0.0,0.0,0.0,0.0,0.0,0.0,0.0,0.0,0.0,0.0,0.0,0.0,0.0,0.0,0.0,0.0,0.0,0.0,0.0,0.0,0.0,0.0,0.0,5.659097,0.0,14.507509,0.0,0.0,0.0,0.0,0.0,0.0,0.0,0.0,0.0,0.0,9.297253,0.0,0.0,0.0,0.17996939,0.0,0.0,0.0,0.0,0.0,3.1656477,0.0,8.858867,0.0,0.0,0.0,0.0,0.0,3.5470757,0.0,0.0,0.0,0.0,0.0
0.0,0.0,0.0,0.0,0.0,0.0,0.0,0.0,0.0,0.0,0.0,0.0,0.0,0.0,0.0,0.0,0.0,3.650291,3.5925512,0.0,0.0,0.0,0.0,0.0,0.0,0.0,0.0,1.1110005,0.0,0.0,0.0,0.0,0.0,0.0,0.0,6.536299,0.0,0.0,0.0,0.0,0.0,0.0,0.0,0.0,0.0,0.0,0.0,2.514096,3.259803,0.0,0.0,0.0,0.0,0.0,0.0,0.0,0.0,0.0,0.0,0.0,0.0,0.0,0.0,0.0,2.4779596,0.14159858,2.142447,0.0,0.38812554,0.0,0.0,0.0,0.0,0.0,0.0,0.0,0.0,1.5115806,0.0,0.0,0.0,0.0,0.0,0.0,2.300965,0.0,0.0,0.0,0.0,0.0,0.0,0.9294018,0.0,0.25695184,4.2248106,0.0,0.0,0.0,3.3835104,0.0,0.0,0.0,0.0,0.0,0.0,0.71566784,0.0,0.0,0.0,1.072085,0.0,0.0,1.9231874,0.0,0.0,0.0,0.0,0.0,0.0,0.0,0.0,0.0,6.4758945,0.0,0.0,0.0,0.0,0.0
0.0,0.0,0.0,0.0,0.0,0.0,0.0,0.0,0.0,0.0,0.09012288,0.0,0.0,0.0,0.0,2.7068717,0.0,4.176471,4.4793053,0.0,0.0,0.0,0.0,0.0,0.0,0.0,0.0,0.0,0.0,1.8923163,0.0,0.0,0.0,0.0,1.8684342,3.7736392,0.0,0.0,0.0,0.0,0.0,0.0,0.0,0.0,0.0,0.0,0.0,7.4808626,0.0,0.0,0.0,0.0,0.0,5.029484,0.0,3.9287984,0.0,0.0,0.0,0.0,0.0,0.0,0.0,0.0,3.9646587,1.7916516,0.0,0.0,0.0,0.0,0.0,0.0,0.19525388,0.0,0.0,0.0,0.0,5.8304486,0.0,0.0,2.556754,0.0,0.0,0.0,3.0231357,0.0,0.0,0.0,0.0,0.0,0.0,1.0707816,0.25227207,0.0,0.001775533,0.0,0.0,0.0,4.447934,0.0,0.0,0.0,0.0,0.0,0.0,5.0030518,0.0,0.0,0.0,1.9589007,2.24372,0.0,1.2000612,0.0,0.0,0.0,0.0,0.0,0.0,0.0,0.0,0.0,0.85120344,0.0,0.0,0.0,0.0,0.0
0.0,0.0,0.0,0.0,0.0,0.0,0.0,0.0,0.0,0.0,9.346782,0.0,0.0,0.0,0.0,1.3281479,0.0,0.0,5.932569,0.0,0.0,0.0,2.033623,8.996945,0.0,0.0,0.0,0.0,0.0,0.0,0.0,0.0,0.0,0.0,15.3143635,0.4637989,0.0,0.0,0.0,0.0,0.0,0.0,0.0,0.0,0.0,0.0,0.0,1.2738775,0.0,0.0,0.0,0.0,0.0,13.650934,0.0,0.0,0.0,0.0,0.0,0.0,0.0,0.0,0.0,9.495167,0.0,7.583536,0.0,0.0,1.6272037,0.0,0.0,0.0,4.0865726,0.0,0.0,0.0,0.0,2.8551726,0.0,0.0,0.0,0.0,2.6676476,0.0,4.5479155,0.0,0.0,0.0,0.0,0.0,0.0,0.0,5.768488,0.0,0.0,0.0,0.0,2.923972,9.677918,0.0,0.0,0.0,0.0,6.0171156,0.0,9.51992,0.0,0.0,0.0,0.0,0.0,0.0,0.0,0.0,0.0,0.0,0.0,0.0,0.0,0.0,0.0,0.0,0.0,0.0,0.0,0.0,0.0,0.0
0.0,0.0,0.0,0.0,0.0,0.0,0.0,0.0,0.0,0.0,6.6377234,0.0,0.0,0.0,0.5709309,0.0,3.6478941,0.0,0.0,0.0,0.0,0.45150283,6.5999002,3.2296293,0.0,0.0,0.0,0.0,0.0,0.0,0.0,0.0,0.0,0.0,3.110429,0.0,0.0,0.0,0.0,0.0,0.0,0.0,0.0,0.0,0.0,0.0,0.0,2.552735,0.0,0.0,0.0,0.0,0.0,6.254435,0.0,0.0,0.0,0.0,0.0,0.0,0.0,0.0,0.0,3.749714,0.0,3.2678773,0.0,0.0,0.0,0.0,0.0,0.0,10.441647,0.0,0.0,0.0,0.0,1.7364424,0.0,0.0,0.0,0.0,6.6802816,7.954105,0.0,0.0,0.0,2.3944612,0.0,0.0,0.0,0.0,0.0,0.0,0.0,0.0,0.0,0.11801955,8.031055,0.0,0.0,0.0,0.0,6.0094995,3.9052563,0.29495054,0.0,0.0,0.0,0.0,0.0,0.0,0.0,0.0,3.6859424,0.0,0.0,0.0,0.0,0.0,0.0,0.0,0.0,0.0,0.0,0.0,0.0,0.0
0.0,13.018157,0.0,5.0287814,0.0,0.0,0.0,0.0,0.0,0.0,0.0,0.0,0.0,0.0,0.0,0.0,5.8949947,0.0,0.0,0.0,0.0,2.4131362,0.0,0.0,0.0,0.0,0.0,7.6423116,0.0,0.0,0.0,0.0,0.0,0.0,0.0,0.0,0.0,0.0,7.933455,0.0,0.0,0.0,0.0,0.0,0.0,0.0,0.0,0.0,2.6365616,0.0,0.0,0.0,0.0,0.0,0.0,0.0,0.0,0.0,0.0,0.0,0.0,0.0,0.0,4.4390397,0.0,0.0,12.08902,0.0,0.0,0.0,0.0,0.0,0.0,0.0,0.0,0.0,0.0,0.0,0.0,0.0,0.0,0.0,0.0,0.0,0.0,0.0,0.0,0.0,0.0,0.0,0.0,0.0,0.0,0.0,0.0,0.0,0.0,16.018032,0.0,0.0,0.0,0.0,0.0,0.0,9.409559,0.0,0.0,0.0,0.0,3.4029408,0.0,0.0,0.0,0.0,11.586422,0.0,1.169009,0.0,0.0,0.0,0.0,0.0,0.0,0.0,0.0,0.0,0.0,0.0
0.0,0.0,0.0,0.0,0.0,3.3128736,0.0,0.0,0.0,0.0,0.0,0.0,0.0,0.0,0.0,0.0,0.0,0.0,2.2882378,0.0,0.0,2.4178185,0.3995917,0.0,0.0,0.0,0.0,1.071222,0.0,0.0,0.0,0.0,0.0,0.0,0.0,1.5274217,0.0,0.0,0.0,0.0,0.0,0.0,0.0,0.0,0.0,0.0,0.0,0.0,2.5131447,0.0,0.0,0.0,0.0,0.0,0.0,0.0,0.0,0.0,0.0,0.0,0.0,0.0,0.0,0.0,0.0,0.0,0.0,0.0,1.7439424,0.0,0.0,0.0,0.0,0.0,0.0,0.0,0.0,0.18096997,0.0,0.0,0.0,0.0,0.0,0.0,6.135672,0.0,0.0,0.0,0.0,3.476688,0.0,0.0,1.3865222,0.0,5.034314,0.0,0.0,0.0,5.63338,0.0,0.0,0.0,0.0,0.0,0.0,1.4010271,0.0,0.0,0.0,7.0242662,0.0,0.0,0.0,0.0,0.0,0.0,0.0,0.0,0.0,0.0,0.0,0.0,5.361134,0.0,0.0,0.0,0.0,0.0
0.0,0.0,0.0,0.0,0.0,0.0,0.0,0.0,0.0,0.0,0.0,0.0,0.0,0.0,0.0,0.0,0.0,1.4529983,8.405601,0.0,0.0,0.9494759,0.0,0.0,0.0,0.0,0.0,3.1677155,0.0,0.0,0.0,0.0,0.0,0.0,0.0,4.2809978,0.0,0.0,0.0,0.0,0.0,0.0,0.0,0.0,0.0,0.0,0.0,0.0,0.2756973,0.0,0.0,0.0,0.0,0.0,0.0,0.0,0.0,0.0,0.0,0.0,0.0,0.0,0.0,0.0,0.0,0.0,2.3991494,0.0,0.0,0.0,0.0,0.0,0.0,0.0,0.0,0.0,0.0,0.0,0.0,0.0,0.0,0.0,0.0,0.0,2.1563184,0.0,0.0,0.0,0.0,0.9307993,0.0,0.0,0.0,0.0,1.4485321,0.0,0.0,0.0,0.0,0.0,0.0,0.0,0.0,0.0,0.0,1.8822036,0.0,0.0,0.0,2.428176,0.0,0.0,0.0,0.0,0.0,0.0,0.0,0.0,0.0,0.0,0.0,0.0,8.418108,0.0,0.0,0.0,0.0,0.0
0.0,0.0,0.0,0.0,3.7723405,0.0,0.0,0.0,0.0,0.0,13.120366,0.0,0.0,3.7330983,0.0,1.0270545,4.7748218,0.0,5.886954,0.0,0.0,0.0,6.5514193,2.992624,0.0,0.0,0.0,0.0,0.0,3.14353,0.0,0.0,0.0,0.0,9.035683,0.0,0.0,0.0,0.0,0.0,0.0,4.8739133,0.0,0.0,0.0,0.0,0.0,9.431926,0.0,0.0,0.0,0.0,0.0,5.1335707,0.0,3.3290086,0.0,0.0,0.0,0.0,0.0,0.0,0.0,0.0,0.0,2.2246685,0.0,0.0,0.0,0.0,0.0,0.0,0.0,0.0,0.0,0.0,0.0,0.0,0.0,0.0,0.0,0.0,0.0,3.8141992,0.0,0.0,0.0,2.074602,0.0,0.0,0.0,0.0,0.058196858,0.0,0.0,0.017391529,0.0,7.687986,0.0,0.0,0.0,0.0,0.0,0.0,0.0,0.0,0.0,0.0,3.6659524,0.0,2.6823819,0.0,0.0,0.0,0.0,0.0,0.0,0.0,0.0,0.0,1.543845,0.0,0.0,0.0,0.0,0.0,0.0,0.0
0.0,0.0,0.0,0.0,0.0,0.0,0.0,0.0,0.0,0.0,0.0,0.0,0.0,0.0,0.0,10.452698,0.0,0.0,0.0,0.0,0.0,0.0,0.0,12.50533,0.0,0.0,0.0,0.0,0.0,3.0929084,0.0,0.0,0.0,0.0,0.0,1.5668635,0.0,0.0,0.0,0.0,0.0,0.0,0.0,0.0,0.0,0.0,0.0,11.890577,0.0,0.0,0.0,0.0,0.0,3.9673011,0.0,3.0209486,0.0,0.0,0.0,0.0,0.0,0.0,0.0,15.789638,0.0,0.0,0.0,0.0,15.303464,0.0,0.0,0.0,0.0,0.0,0.0,0.0,0.0,3.3215125,0.0,0.0,0.96650493,0.0,0.63663894,0.0,4.988185,0.0,0.0,2.6765103,0.0,0.0,0.0,0.30938557,14.932219,0.0,0.0,0.0,0.0,0.0,11.072903,0.0,0.0,0.0,0.0,0.0,0.131431,11.0656,0.0,0.0,0.0,1.7958198,0.0,0.0,0.0,0.0,0.0,0.0,0.0,0.0,0.0,0.0,0.0,0.0,0.0,0.0,0.0,0.0,0.0,0.0
0.0,4.3547325,0.0,9.244228,0.0,0.0,0.0,0.0,0.0,0.0,0.0,0.0,0.0,0.0,0.0,0.0,5.828587,0.0,9.989055,0.0,0.0,5.8404465,0.0,0.0,0.0,0.0,0.0,0.0,0.0,0.0,0.0,0.0,0.0,0.0,2.8316581,0.0,0.0,0.0,0.0,0.0,0.0,0.0,0.0,0.0,0.0,0.0,0.0,0.0,4.0511293,0.0,0.0,0.0,0.0,0.0,0.0,0.0,0.0,0.0,0.0,0.0,0.0,0.0,0.0,0.0,0.0,0.0,10.333276,0.0,0.0,0.0,0.0,0.0,0.0,2.018872,0.0,0.0,11.69202,0.0,0.0,0.0,0.0,0.0,0.0,0.0,0.0,0.0,0.0,0.0,0.0,0.8748903,0.0,0.0,0.0,6.9150615,0.0,1.0600829,0.0,0.0,0.0,0.0,0.0,0.0,0.0,0.0,0.0,0.0,0.0,0.0,0.0,0.0,0.0,0.0,0.0,0.0,0.0,0.0,6.9214034,0.0,0.0,0.0,0.0,0.0,2.109327,0.0,0.0,0.0,0.0,0.0
0.0,0.0,0.0,0.0,0.0,0.0,0.0,0.0,0.0,0.0,8.771607,0.0,0.0,0.0,0.0,3.1364517,0.0,0.0,0.0,0.0,0.0,0.0,0.0,0.0,0.0,0.0,0.0,0.0,0.0,1.3166807,0.0,0.0,0.0,0.0,0.0,0.0,0.0,0.0,0.0,0.0,0.0,0.0,0.0,0.19253105,0.0,0.0,0.0,3.471269,0.0,0.0,0.0,0.0,9.347787,1.7232956,0.0,6.096519,0.0,0.0,0.0,0.0,0.0,4.4943924,0.0,8.4196615,0.0,1.819041,0.0,0.0,0.0,0.0,0.0,0.0,4.4433703,0.0,0.0,0.0,0.0,12.510364,0.0,0.0,7.1342316,0.0,0.0,0.0,0.0,0.0,0.0,0.0,0.0,0.0,0.0,1.1252798,2.713143,0.0,0.0,0.0,0.0,3.3414385,0.0,0.0,0.0,0.0,0.0,0.0,6.3598275,5.5477147,0.0,0.0,0.0,0.0,0.9203939,0.0,0.0,0.0,0.0,0.0,0.0,0.0,0.0,0.0,0.0,0.0,0.0,3.9723644,0.0,0.0,0.0,0.0
0.0,0.0,0.0,0.0,0.0,0.0,0.0,0.0,0.0,0.0,0.0,0.0,0.0,0.0,0.0,0.0,0.0,6.4020233,2.2078776,0.0,0.0,0.0,0.0,0.0,0.0,0.0,0.0,0.0,0.0,0.0,0.0,0.0,0.0,0.0,0.0,6.457382,0.0,0.0,0.0,0.0,0.0,0.0,0.0,0.0,0.0,0.0,0.0,5.8924403,0.0,0.0,0.0,0.0,0.0,0.0,0.0,0.0,0.0,0.0,0.0,0.0,0.0,0.0,0.0,0.0,8.333042,0.0,5.8117185,0.0,0.0,0.0,0.0,0.0,0.0,0.0,0.0,0.0,0.0,0.0,0.0,0.0,0.0,0.0,0.0,0.0,0.0,0.0,0.0,0.0,0.0,0.0,0.0,3.9862611,0.0,4.1553655,4.17844,0.0,0.0,0.0,3.031502,0.0,0.0,0.0,0.0,0.0,0.0,0.0,0.0,0.0,0.0,2.2778127,0.0,0.0,0.0,0.0,0.0,0.0,0.0,0.0,0.0,0.0,0.0,0.0,6.422082,0.0,0.0,0.0,0.0,0.0
0.0,5.98801,0.0,7.9683123,0.0,0.0,0.0,0.0,0.0,0.0,0.0,0.0,0.0,0.0,0.0,0.0,0.0,0.0,0.0,0.0,0.0,2.9756253,0.0,0.0,0.0,0.0,0.0,12.197504,0.0,0.0,0.0,0.0,0.0,0.0,0.0,0.0,0.0,0.0,0.0,0.0,0.0,0.0,0.0,0.0,0.0,0.0,0.0,0.0,0.0,0.0,0.0,0.0,0.0,0.0,0.0,0.0,0.0,0.0,0.0,0.0,0.0,0.0,0.0,6.18434,0.0,0.0,13.974136,0.0,0.0,0.0,0.0,0.0,0.0,0.0,0.0,0.0,0.0,0.0,0.0,0.0,0.0,0.0,0.0,0.0,0.0,0.0,0.0,0.0,0.0,0.0,0.0,0.0,0.0,0.0,0.0,3.913822,0.0,10.801914,0.0,0.0,0.0,0.0,0.0,0.0,7.223016,0.0,0.0,0.0,0.0,1.3035111,0.0,0.0,0.0,0.0,14.93688,0.0,7.59517,0.0,0.0,0.0,0.0,0.0,4.445141,0.0,0.0,0.0,0.0,0.0
0.0,3.5933888,0.0,1.5661896,0.0,0.0,0.0,0.0,0.0,0.0,0.0,0.0,0.0,0.0,4.113689,0.0,0.0,0.0,0.0,0.0,0.0,10.441256,0.0,0.0,0.0,0.0,0.0,2.4294107,0.0,0.0,0.0,0.0,0.0,0.0,0.0,0.0,0.0,0.0,0.73385864,0.0,0.0,0.0,0.0,0.0,0.0,0.0,0.0,0.0,0.0,0.0,0.0,0.0,0.0,0.0,0.0,0.0,0.0,0.0,0.0,0.0,0.0,0.0,0.0,0.0,0.0,0.0,4.7116795,0.0,0.0,0.0,0.0,0.0,0.0,0.0,0.0,0.0,0.0,0.0,0.0,0.0,0.0,0.0,0.0,0.0,0.0,0.0,0.0,0.0,0.0,0.0,0.0,0.0,0.0,0.0,0.0,6.6431284,0.0,9.93703,0.0,0.0,0.0,0.0,0.0,0.0,13.981897,0.0,1.7370132,0.0,0.7767206,0.0,0.0,0.0,0.0,0.0,5.018683,0.0,16.137356,0.0,0.0,0.0,0.0,0.0,10.304413,0.0,0.0,0.0,0.0,0.0
0.0,0.0,0.0,0.0,0.0,0.0,0.0,0.0,0.0,0.0,6.3675003,0.0,0.0,0.0,0.0,7.926788,0.0,5.6336884,6.5345707,0.0,0.0,0.0,0.0,5.668418,0.0,0.0,0.0,0.0,0.0,9.031793,0.0,0.0,0.0,0.0,2.183124,0.0,0.0,0.0,0.0,0.0,0.0,0.0,0.0,0.0,0.0,0.0,0.0,8.731537,0.0,0.0,0.0,0.0,0.0,4.312368,0.0,14.513844,0.0,0.0,0.0,0.0,0.0,0.0,0.0,2.05488,0.0,4.178035,0.0,0.0,0.0,0.0,1.3849144,0.0,4.3324556,0.0,0.0,0.0,0.0,2.7204957,0.0,0.0,0.0,0.0,0.0,0.0,0.56383157,0.0,0.0,0.0,0.0,0.0,2.4339347,0.0,6.467938,0.0,0.0,0.0,0.0,0.0,0.78454816,0.0,0.0,0.0,0.0,0.0,0.0,2.1938977,0.0,1.3202051,0.0,4.2478056,1.9340566,0.0,0.0,0.0,0.0,0.0,0.0,0.0,0.0,0.0,0.0,0.0,0.7967525,2.6790652,0.0,0.0,0.0,0.0
0.0,13.755034,0.0,10.042963,0.0,0.0,0.0,0.0,0.0,0.0,0.0,0.0,0.0,0.0,0.0,0.0,17.035173,0.0,0.0,0.0,0.0,8.63187,0.0,0.0,0.0,0.0,0.0,0.0,0.0,0.0,0.0,0.0,0.0,0.0,0.0,0.0,0.0,0.0,14.379392,0.0,0.0,0.0,0.0,0.0,0.0,0.0,0.0,0.0,6.5235524,0.0,0.0,0.0,0.0,0.0,0.0,0.0,0.0,0.0,0.0,0.0,0.0,0.0,0.0,0.0,0.0,0.0,10.624075,0.0,0.0,0.0,0.0,0.0,0.0,0.0,0.0,0.0,0.0,0.0,0.0,0.0,0.0,0.0,0.0,0.0,0.0,0.0,0.0,0.0,0.0,0.0,0.0,0.0,0.0,0.0,0.0,0.9476521,0.0,14.225602,0.0,0.0,0.0,0.0,0.0,0.0,10.384734,0.0,0.0,0.0,5.663213,0.0,0.0,0.0,0.0,0.0,2.3392642,0.0,5.4282017,0.0,0.0,0.0,0.0,0.0,0.0,0.0,0.0,0.0,0.0,0.0
0.0,0.0,0.0,0.0,0.0,0.0,0.0,0.0,0.0,0.0,6.643484,0.0,0.0,0.0,0.0,0.0,0.0,0.0,5.152407,0.0,0.0,0.0,2.121904,2.4387183,0.0,0.0,0.0,0.0,0.0,1.2844547,0.0,0.0,1.0878998,0.0,0.0,0.0,0.0,0.0,0.0,0.0,0.0,0.0,0.0,0.0,0.0,0.0,0.0,0.0,0.0,0.0,0.0,0.0,5.039911,3.6521213,0.0,3.6684334,0.0,0.0,0.0,1.2230774,0.0,4.2181077,0.0,4.868293,0.0,2.0635378,0.0,0.0,0.0,0.0,0.0,0.0,1.8396617,0.0,0.0,0.0,0.0,5.473406,0.0,0.0,0.0,0.0,0.0,0.0,0.0,0.0,7.04924,0.0,0.0,0.0,3.72052,0.0,0.0,0.0,0.0,0.0,0.0,7.11476,0.0,0.0,0.0,0.0,0.0,0.0,0.4125275,4.5056157,0.0,0.0,0.0,3.7439513,2.620163,0.0,0.0,0.0,0.0,0.0,0.0,0.0,0.0,0.0,0.0,0.0,0.6653109,4.948534,2.8175073,0.0,0.0,0.0
0.0,0.0,0.0,0.0,0.0,5.6634717,0.0,0.0,0.0,0.0,0.0,0.0,0.0,0.0,0.0,0.0,0.0,7.181773,0.35752958,0.0,0.0,0.0,0.0,0.0,0.0,0.0,0.0,0.0,0.0,0.0,0.0,0.0,0.0,0.0,0.0,11.019295,0.0,0.0,0.0,0.0,0.0,0.0,0.0,0.0,0.0,0.0,0.0,11.682941,0.0,0.0,0.0,0.0,0.0,0.0,0.0,0.0,0.0,0.0,0.0,0.0,0.0,0.0,0.0,0.0,12.253683,0.0,9.456729,0.0,0.0,0.0,0.0,0.0,0.0,0.0,0.0,0.0,2.6015096,0.0,0.0,0.0,0.0,0.0,0.0,0.0,0.0,0.0,0.0,0.0,0.0,0.0,0.0,8.000529,0.0,11.268258,0.0045264848,0.0,0.0,0.0,0.0,0.0,0.0,0.0,0.0,0.0,0.0,0.0,0.0,0.0,0.0,7.8747687,0.0,0.0,0.0,0.0,0.0,0.0,0.0,0.0,0.0,0.0,0.0,0.0,1.1877098,0.0,0.0,0.0,0.0,0.0
0.0,0.0,0.0,0.0,0.0,0.0,0.0,0.0,0.0,0.0,6.959561,0.0,0.0,0.0,0.0,2.6957345,0.0,2.0727067,10.049386,0.0,0.0,0.0,1.5915592,2.0537279,0.0,0.0,0.0,0.0,0.0,0.0,0.0,0.0,0.0,0.0,10.372146,4.4434385,0.0,0.0,0.0,0.0,0.0,0.0,0.0,0.0,0.0,0.0,0.0,9.93031,0.0,0.0,0.0,0.0,0.0,10.332687,0.0,2.1885865,0.0,0.0,0.0,0.0,0.0,0.0,0.0,0.0,0.0,4.0817356,0.0,0.0,1.3546672,0.0,3.5285525,0.0,0.0,0.0,0.0,0.0,0.0,6.300014,0.0,0.0,0.0,0.0,1.4723861,0.0,0.0,0.0,0.9238035,0.0,0.0,0.0,0.0,0.0,0.0,0.0,0.0,0.0,0.0,0.6248159,4.0329437,0.0,0.0,0.0,0.0,0.0,0.0,8.837822,0.0,0.0,0.0,0.8746237,0.0,0.0,0.0,0.0,0.0,0.0,0.0,0.0,0.0,0.0,0.0,0.0,0.0,0.0,0.0,0.0,0.0,0.0
0.0,0.0,0.0,0.0,0.0,0.0,0.0,0.0,0.0,0.0,1.1261938,0.0,0.0,0.0,0.0,4.2738576,1.1014568,0.0,0.9846855,0.0,0.0,0.0,7.038262,10.11258,0.0,0.0,0.0,0.0,0.0,0.0,0.0,0.0,0.0,0.0,4.406268,0.0,0.0,0.0,0.0,0.0,0.500398,0.0,0.0,0.0,0.0,0.0,0.0,2.3896072,0.0,0.0,0.0,0.0,0.0,8.090517,0.0,0.0,0.0,0.0,0.0,0.0,0.0,0.0,0.0,6.928105,0.0,0.0,0.0,0.0,4.1280127,0.0,2.259789,0.0,0.0,0.0,0.0,0.0,0.0,0.0,0.0,0.0,0.0,0.0,0.0,0.0,0.0,0.0,0.0,4.137356,0.0,0.0,0.0,0.0,1.021139,0.0,0.0,0.0,0.0,7.0364013,5.8177023,0.0,0.0,0.0,0.0,3.2792857,0.28215635,2.3311248,0.0,0.0,0.0,0.0,0.2346438,0.0,0.0,0.0,0.0,0.0,0.0,0.0,0.0,0.0,0.0,0.0,0.0,0.0,0.0,0.0,0.0,0.0
0.0,0.0,0.0,0.0,0.0,0.0,0.0,0.0,0.0,0.0,0.0,0.0,0.0,0.0,0.0,3.091209,0.0,0.0,3.1408052,0.0,0.0,0.0,0.0,0.0,0.0,0.0,0.0,0.0,0.0,0.0,0.0,0.0,0.0,0.0,0.0,1.9325757,0.0,0.0,0.0,0.0,0.0,0.0,0.0,0.0,0.0,0.0,0.0,6.198791,0.0,0.0,0.0,0.0,0.0,5.1754203,0.0,6.981728,0.0,0.0,0.0,0.0,0.0,0.0,0.0,4.48704,2.1548898,0.0,0.0,0.0,8.580326,0.0,0.0,0.0,0.50460505,0.0,0.0,0.25190303,0.0,4.7337613,0.0,0.0,7.988781,0.0,0.0,0.0,12.17907,0.0,0.0,0.0,0.0,0.0,0.0,0.0,7.3674603,0.0,3.1967237,0.0,0.0,0.0,15.608789,0.0,0.0,0.0,0.0,0.0,0.0,9.033005,0.0,0.0,0.0,5.2609634,6.1267934,0.0,0.0,0.0,0.0,0.0,0.0,0.0,0.0,0.0,0.0,0.0,0.0,0.0,0.0,0.0,0.0,0.0
0.0,0.0,0.0,0.0,0.0,0.0,0.0,0.0,0.0,0.0,0.0,0.0,0.0,0.0,0.0,0.0,0.0,3.3355699,1.3204757,0.0,0.0,0.0,0.0,0.0,0.0,0.0,0.0,0.0,0.0,0.0,0.0,0.0,0.0,0.0,0.0,6.47027,0.0,0.0,0.0,0.0,0.0,2.0507934,0.0,0.0,0.0,0.0,0.0,6.7815814,0.0,0.0,0.0,0.0,0.0,0.7409532,0.0,0.0,0.0,0.0,0.0,0.0,0.0,0.0,0.0,0.0,7.752406,0.0,1.6842856,0.0,0.0,0.0,0.0,0.0,0.0,0.0,0.0,0.0,0.0,0.0,0.0,0.0,0.0,0.0,0.0,0.0,0.14984703,0.0,0.0,0.0,0.0,0.0,0.0,1.1947331,0.0,1.0937196,7.2329473,0.0,0.0,0.0,6.20245,0.0,0.0,0.0,0.0,0.0,0.0,0.0,0.0,0.0,0.0,5.0182295,0.0,0.0,1.7206787,0.0,0.0,0.0,0.0,0.0,0.0,0.0,0.0,0.0,7.0972643,0.0,0.0,0.0,0.0,0.0
0.0,0.0,0.0,0.0,0.0,0.0,0.0,0.0,0.0,0.0,4.03533,0.0,0.0,0.0,0.0,5.544266,0.0,0.0,9.7195835,0.0,0.0,0.0,0.0,0.0,0.0,0.0,0.0,0.0,0.0,1.1961772,0.0,0.0,0.0,0.0,0.0,2.5663016,0.0,0.0,0.0,0.0,0.0,0.0,0.0,0.0,0.0,0.0,0.0,2.8025727,0.0,0.0,0.0,0.0,0.0,7.71798,0.0,1.781415,0.0,0.0,0.0,0.0,0.0,0.0,0.0,0.0,3.9714885,2.6389468,0.0,0.0,0.0,0.0,0.0,0.0,0.0,0.0,0.0,0.0,0.0,0.0,0.0,0.0,3.6307044,0.0,0.0,0.69559073,9.74553,0.0,0.0,0.0,0.0,0.0,0.0,0.0,2.1258047,0.0,0.0,0.0,0.0,1.4210308,5.052387,0.0,0.0,0.0,0.0,0.0,0.0,1.3883554,0.0,1.066776,0.0,0.57231915,2.0123692,0.0,0.7709052,0.0,0.0,0.0,0.0,0.0,0.0,0.5991983,0.0,0.0,2.2103183,0.0,0.0,0.0,0.0,0.0
0.0,0.0,0.0,0.0,0.0,0.0,0.0,0.0,0.0,0.0,7.7431684,0.0,0.0,0.0,0.0,3.803381,0.0,0.0,12.045036,0.0,0.0,0.0,0.1069635,0.0,0.0,0.0,0.0,0.0,0.0,0.0,0.0,0.0,0.0,0.0,0.0,11.300439,0.0,0.0,0.0,0.0,0.0,0.0,0.0,0.0,0.0,0.0,0.0,12.011344,0.0,0.0,0.0,0.0,0.0,4.9190183,0.0,0.0,0.0,0.0,0.0,0.0,0.0,0.0,0.0,0.0,0.0,0.0,0.0,0.0,7.9965396,0.0,0.0,0.0,0.0,0.0,0.0,0.0,0.0,2.5593443,0.0,0.0,3.9000354,0.0,3.4704702,0.0,5.37236,0.0,0.0,0.0,0.0,0.0,0.0,0.0,7.867934,0.0,2.6153047,0.0,0.0,4.86334,0.0,0.0,0.0,0.0,0.0,0.0,0.0,13.973271,0.0,0.0,0.0,4.6155043,0.0,0.0,0.0,0.0,0.0,0.0,0.0,0.0,0.0,0.0,0.0,0.0,0.0,0.0,0.0,0.0,0.0,0.0
0.0,0.0,0.0,0.0,1.0592241,0.0,0.0,0.0,0.0,0.0,5.890411,0.0,0.0,0.0,0.0,4.145192,4.1696587,0.0,4.508134,0.0,0.0,0.0,6.649887,1.2360568,0.0,0.0,0.0,0.0,0.0,4.060522,0.0,0.0,0.0,0.0,11.970138,0.30342832,0.0,0.0,0.0,0.0,0.0,0.0,0.0,0.0,0.0,0.0,0.0,4.767507,0.0,0.0,0.0,0.0,0.0,0.22231813,0.0,0.0,0.0,0.020013086,0.0,0.0,0.0,0.0,0.0,0.60082746,0.0,2.8786254,0.0,0.0,0.0,0.0,0.0,0.0,0.0,0.0,0.0,0.0,4.693324,5.4848995,0.0,0.0,0.0,0.0,0.0,0.0,0.0,0.0,4.3478484,0.0,0.0,0.0,5.144351,0.7820484,0.0,0.0,0.0,0.0,0.0,5.5624394,0.0,0.0,0.0,0.8268104,0.0,0.0,0.0,0.0,0.0,0.0,0.0,0.0,0.0,0.0,0.0,0.75716597,0.0,0.0,0.0,0.0,0.0,0.0,0.0,0.0,0.0,2.3063905,0.0,0.0,0.0,0.0
0.0,0.0,0.0,0.0,0.0,0.0,0.0,0.0,0.0,0.0,0.0,0.0,0.0,0.0,0.0,0.61821175,0.0,3.0605097,2.476744,0.0,0.0,0.0,0.0,0.0,0.0,0.0,0.0,0.0,0.0,0.0,0.0,0.0,0.0,0.0,0.0,4.408882,0.0,0.0,0.0,0.0,0.0,0.0,0.0,0.0,0.0,0.0,0.0,3.565421,0.0,0.0,0.0,0.0,0.0,3.0033042,0.0,0.718026,0.0,0.0,0.0,0.0,0.0,0.0,0.0,0.039372608,5.6081963,2.581873,0.0,0.0,1.7692947,0.0,0.0,0.0,0.48880064,0.0,0.0,0.0,0.0,3.6375623,0.0,0.0,4.8145003,0.0,1.2675898,0.0,5.078177,0.0,0.0,0.0,0.0,0.0,0.0,1.5423706,0.0,0.0,2.4592638,0.0,0.0,0.0,12.637232,0.0,0.0,0.0,0.0,0.0,0.0,1.5082603,0.0,0.0,0.0,0.0,2.1907327,0.0,4.1184897,0.0,0.0,0.0,0.0,0.0,0.0,0.0,0.0,0.0,3.2336292,0.0,0.0,0.0,0.0,0.0
0.0,0.0,0.0,0.0,0.0,0.0,0.0,0.0,0.0,0.0,1.746106,0.0,0.0,0.0,0.0,8.748824,1.1499522,0.0,0.0,0.0,0.0,0.0,0.17919518,16.257215,0.0,0.0,0.0,0.0,0.0,1.0398959,0.0,0.0,0.0,0.0,0.0,0.0,0.0,0.0,0.0,0.0,0.0,0.0,0.0,0.0,0.0,0.0,0.0,1.4897528,0.0,0.0,0.0,0.0,0.0,1.9351983,0.0,4.648102,0.0,0.0,0.0,0.0,0.0,0.0,0.0,11.308172,0.0,0.15286624,0.0,0.0,0.0,0.0,0.0,0.0,7.7289963,0.0,0.0,0.0,0.0,0.0,0.0,0.0,0.0,0.0,0.0,3.2281625,0.0,0.0,0.0,4.2097692,0.0,0.0,0.0,0.0,11.544551,0.0,0.0,0.0,0.0,1.9749675,7.072882,0.0,0.0,0.0,0.0,0.0,4.544555,2.2184615,0.0,0.0,0.0,1.120988,0.0,0.0,0.0,0.0,0.0,0.0,0.0,0.0,0.0,0.0,0.0,0.0,0.0,0.0,0.0,0.0,1.3898901,0.0
0.0,0.0,0.0,0.0,0.0,0.0,0.0,0.0,0.0,0.0,0.0,0.0,0.0,0.0,0.0,0.003649165,0.0,0.0,0.0,0.0,0.0,0.0,0.0,0.0,0.0,0.0,0.0,0.0,0.0,0.0,0.0,0.0,0.0,0.0,0.0,5.9008913,12.779407,0.0,0.0,0.0,0.0,0.0,0.0,0.0,0.0,0.0,0.0,17.593935,0.0,0.0,0.0,0.0,0.0,0.0,0.0,9.249132,0.0,0.0,0.0,0.0,0.0,0.0,0.0,7.658788,0.0,0.0,0.0,0.0,0.0,0.0,0.0,0.0,15.045653,0.0,0.0,0.0,0.0,11.976636,0.0,0.0,9.367922,0.0,1.7065846,0.0,0.0,0.0,0.0,0.21420957,0.0,0.0,0.0,8.225378,8.529856,0.0,0.0,0.0,0.0,0.0,6.854748,0.0,0.0,0.0,0.0,0.0,6.0669427,10.738218,0.0,0.0,0.0,3.3368661,0.0,0.0,0.0,0.0,0.0,0.0,0.0,0.0,0.0,0.0,0.0,0.0,0.0,0.0,0.0,0.0,0.0,0.0
0.0,0.0,0.0,0.0,0.0,0.0,0.0,0.0,0.0,0.0,9.111531,0.0,0.0,0.0,0.0,0.83949184,0.0,0.0,3.152312,0.0,0.0,0.0,5.112487,6.3125725,0.0,0.0,0.0,0.0,0.0,8.434995,0.0,0.0,0.0,0.0,3.2350311,0.0,0.0,0.0,0.0,0.0,0.0,0.0,0.0,0.0,0.0,0.0,0.0,1.7069942,0.0,0.0,0.0,0.0,5.6933246,11.271566,0.0,10.87581,0.0,0.0,0.0,0.0,0.0,0.0,0.0,6.6016407,0.0,3.2073276,0.0,0.0,0.0,0.0,0.0,0.0,5.9619403,0.0,0.0,0.0,0.0,6.8808684,0.0,0.0,0.0,0.0,0.0,0.0,7.268999,0.0,0.0,0.0,0.0,0.0,0.0,0.0,4.8176327,0.0,0.0,0.0,0.0,5.485941,4.335212,0.0,0.0,0.0,0.0,0.6967429,0.0,8.719068,0.0,0.0,0.0,4.832687,6.5542974,0.0,0.0,0.0,0.0,0.0,0.0,0.0,0.0,0.0,0.0,0.0,0.0,3.620314,0.0,0.0,0.0,0.0
0.0,0.0,0.0,0.0,0.0,0.0,0.0,0.0,0.0,0.0,0.0,0.0,0.0,0.0,0.0,0.0,0.0,4.5937624,1.4796637,0.0,0.0,0.9207487,0.0,0.0,0.0,0.0,0.0,0.0,0.0,0.0,0.0,0.0,0.0,0.0,0.0,3.6488507,0.0,0.0,0.0,0.0,0.0,0.0,0.0,0.0,0.0,0.0,0.0,0.0,2.8650517,0.0,0.0,0.0,0.0,0.0,0.0,0.0,0.0,0.0,0.0,0.0,0.0,0.0,0.0,0.0,1.5547405,0.11296714,4.6065073,0.0,0.0,0.0,0.0,0.0,0.0,0.0,0.0,0.0,0.0,0.0,0.0,0.0,0.0,0.0,0.0,0.0,0.51404136,0.0,0.0,0.0,0.0,0.0,0.0,0.519201,0.0,4.2752576,6.0035977,0.0,0.0,0.0,2.295766,0.0,0.0,0.0,0.0,0.0,0.0,0.0,0.0,0.0,0.0,0.679724,0.0,0.0,0.0,0.0,0.0,0.0,0.0,0.0,0.0,0.0,0.0,0.0,8.720726,0.0,0.0,0.0,0.0,0.0
0.0,0.0,0.0,0.0,0.0,0.0,0.0,0.0,0.0,0.0,9.04386,0.0,0.0,0.0,0.0,11.053679,0.0,3.3802328,11.427875,0.0,0.0,0.0,0.0,6.8930693,0.0,0.0,0.0,0.0,0.0,0.0,0.0,0.0,0.0,0.0,3.076323,0.0,0.0,0.0,0.0,0.0,0.0,0.0,0.0,0.0,0.0,0.0,0.0,14.21195,0.0,0.0,0.0,0.0,0.0,5.6808176,0.0,7.3607545,0.0,0.0,0.0,0.0,0.0,0.0,0.0,0.0,3.1032164,5.416883,0.0,0.0,0.0,0.0,4.4349556,0.0,0.0,0.0,0.0,0.0,0.0,1.472278,0.0,0.0,0.0,0.0,1.036884,0.0,0.0,0.0,3.9190166,2.7381966,0.0,0.0,0.0,0.0,0.0,0.0,0.0,0.0,0.0,0.2466588,1.1061994,0.0,0.0,0.0,0.0,0.0,0.0,4.8569117,0.0,0.0,0.0,2.1808903,0.0,0.0,0.0,0.0,0.0,0.0,0.0,0.0,0.0,0.0,0.0,0.0,0.0,0.0,0.0,0.0,0.0,0.0
0.0,6.236044,0.0,0.9459863,0.0,0.0,0.0,0.0,0.0,0.0,11.820217,0.0,0.0,0.0,0.0,0.0,5.143915,0.0,10.512794,0.0,0.0,0.0,1.0620803,1.351168,0.0,0.0,0.0,0.0,0.0,0.0,0.0,0.0,0.0,0.0,7.653389,0.08742176,0.0,0.0,0.0,0.0,0.0,0.35091457,0.0,0.0,0.0,0.0,0.0,0.0,2.5340815,0.0,0.0,0.0,0.0,0.0,0.0,0.0,0.0,0.0,0.0,9.642638,0.0,0.0,0.0,0.0,0.0,0.0,0.0,0.0,0.0,0.0,0.0,0.0,0.0,0.0,0.0,0.0,0.0,0.0,0.0,0.0,0.0,0.0,0.0,0.0,0.0,0.0,0.0,0.0,0.0,0.0,0.0,0.0,15.85471,0.0,0.0,0.0,0.0,19.471184,0.0,0.0,0.0,0.0,0.0,0.0,0.0,4.7044754,0.0,0.0,0.0,0.0,0.0,0.0,0.0,0.0,0.0,0.0,0.0,0.0,0.0,0.0,0.0,0.0,0.0,0.0,0.0,0.0,0.0,0.0
0.0,0.0,0.0,0.0,0.0,0.0,0.0,0.0,0.0,0.0,2.655182,0.0,0.0,0.0,0.0,0.0,0.0,0.0,0.0,0.0,0.0,0.0,2.7815154,8.11644,0.0,0.0,0.0,0.0,0.0,0.0,0.0,0.0,0.0,0.0,12.52658,5.0527616,0.0,0.0,0.0,0.0,0.0,6.3360906,0.0,0.0,0.0,0.0,0.0,17.407791,0.0,0.0,0.0,0.0,0.0,13.699644,0.0,8.225067,0.0,0.0,0.0,0.0,0.0,0.0,0.0,6.6667595,0.0,0.0,0.0,0.0,7.1077104,0.0,0.17889275,0.0,16.648153,0.0,0.0,0.0,0.0,1.75741,1.9229654,0.0,0.0,0.0,7.644757,0.0,0.0,0.0,0.0,10.242865,0.0,0.0,0.0,0.0,11.275238,0.0,0.0,0.0,0.0,0.0,18.965824,0.0,0.0,0.0,0.0,8.331132,3.1372662,10.159711,0.0,0.0,0.0,4.0330563,0.0,0.0,0.26834875,0.0,0.0,0.0,0.0,0.0,0.0,0.0,0.0,0.0,0.0,0.0,0.0,0.0,0.0,0.0
0.0,0.0,0.0,0.0,0.0,0.0,0.0,0.0,0.0,0.0,1.5716045,0.0,0.0,0.0,15.217331,0.0,0.0,0.0,0.0,0.0,0.0,2.075071,0.0,0.0,0.0,0.0,0.0,0.0,0.0,0.0,0.0,0.0,0.0,0.0,0.0,0.0,0.0,0.0,0.0,0.0,1.8054265,0.0,0.0,0.0,0.0,0.0,0.0,0.0,0.0,0.0,0.0,0.0,1.1258152,0.0,0.0,0.0,8.40828,0.0,0.0,0.0,0.0,0.0,0.0,5.97614,0.0,0.0,0.0,0.0,0.0,0.0,0.0,0.0,0.0,0.0,0.0,0.0,0.0,0.0,0.0,0.0,0.0,0.0,0.0,0.0,0.0,0.0,0.0,3.8300831,4.5179095,0.0,0.0,0.0,0.0,3.1871858,3.3603177,0.37900573,0.0,7.8453918,0.0,0.0,0.0,0.0,0.0,0.0,16.194649,0.0,0.1080226,0.0,3.9935532,0.0,0.0,0.0,0.0,0.0,0.0,0.0,10.316988,0.0,0.0,0.0,0.0,0.0,5.3027015,0.0,12.07375,0.0,9.392207,0.0
0.0,0.0,0.0,0.0,0.0,0.0,0.0,0.0,0.0,0.0,1.5935167,0.0,0.0,0.0,0.0,4.4374247,0.0,1.8721758,10.968847,0.0,0.0,0.0,0.0,0.0,0.0,0.0,0.0,0.0,0.0,0.0,0.0,0.0,0.0,0.0,1.2945054,5.545333,0.0,0.0,0.0,0.0,0.0,0.0,0.0,0.0,0.0,0.0,0.0,5.7939377,0.0,0.0,0.0,0.0,0.0,6.939628,0.0,0.14423278,0.0,0.0,0.0,0.0,0.0,0.0,0.0,0.0,6.8352556,3.1991603,0.0,0.0,0.0,0.0,0.0,0.0,0.0,0.0,0.0,0.0,0.0,0.0,0.0,0.0,5.3162084,0.0,0.17032062,0.0,6.7402964,0.0,0.0,0.0,0.0,0.0,0.0,0.7710898,0.0,0.0,0.0,0.0,0.0,0.0,6.256295,0.0,0.0,0.0,0.0,0.0,0.0,2.578679,0.0,0.0,0.0,0.0,1.579142,0.0,3.7905803,0.0,0.0,0.0,0.0,0.0,0.0,0.0,0.0,0.0,2.6155217,0.0,0.0,0.0,0.0,0.0
0.0,0.0,0.0,0.0,0.0,0.0,0.0,0.0,0.0,0.0,6.920653,0.0,0.0,0.0,0.0,6.3990936,1.6531806,0.0,9.590561,0.0,0.0,0.0,8.2549515,13.916459,0.0,0.0,0.0,0.0,0.0,0.0,0.0,0.0,0.0,0.0,14.655726,5.823042,0.0,0.0,0.0,0.0,0.0,0.0,0.0,0.0,0.0,0.0,0.0,10.257695,0.0,0.0,0.0,0.0,0.0,6.752602,0.0,0.0,0.0,0.0,0.0,2.7735083,0.0,0.0,0.0,10.246368,0.0,0.46810332,0.0,0.0,11.275225,0.0,0.0,0.0,0.0,0.0,0.0,0.0,0.0,1.2104663,0.0,0.0,0.0,0.0,0.0,0.0,0.0,0.0,0.0,0.0,0.0,0.0,0.0,0.0,16.185244,0.0,0.0,0.0,0.0,6.9356833,0.0,0.0,0.0,0.0,0.0,0.0,1.3209624,12.918502,0.0,0.0,0.0,0.0,0.0,0.0,0.0,0.0,0.0,0.0,0.0,0.0,0.0,0.0,0.0,0.0,0.0,0.0,0.0,0.0,0.0,0.0
0.0,0.0,0.0,0.0,0.0,0.0,0.0,0.0,0.0,0.0,3.5219262,0.0,0.0,0.0,0.0,2.4878616,0.0,2.1606083,7.5594864,0.0,0.0,0.0,0.0,0.0,0.0,0.0,0.0,0.0,0.0,0.0,0.0,0.0,0.0,0.0,0.44044462,2.7321954,0.0,0.0,0.0,0.0,0.0,0.0,0.0,0.0,0.0,0.0,0.0,2.6456993,0.0,0.0,0.0,0.0,0.0,1.0920743,0.0,1.9900036,0.0,0.0,0.0,0.0,0.0,0.0,0.0,0.02565281,0.0,5.955738,0.0,0.0,0.17021728,0.0,0.0,0.0,0.0,0.0,0.0,0.0,0.0,5.981209,0.0,0.0,0.3281052,0.0,3.3739245,0.0,0.75949425,0.0,3.288606,0.0,0.0,0.0,0.0,1.751593,0.0,0.0,0.0,0.0,0.0,0.0,3.621331,0.0,0.0,0.0,0.0,0.0,0.0,7.7270875,0.0,0.0,0.0,1.9750282,0.0,0.0,0.0,0.0,0.0,0.0,0.0,0.0,0.0,0.0,0.0,0.0,0.36635458,0.0,0.0,0.0,0.0,0.0
0.0,0.0,0.0,0.0,0.0,0.0,0.0,0.0,0.0,0.0,5.976696,0.0,0.0,0.0,0.0,9.377292,0.0,0.0,16.64736,0.0,0.0,0.0,6.570746,8.062929,0.0,0.0,0.0,0.0,0.0,0.0,0.0,0.0,0.0,0.0,1.7306691,0.0,0.0,0.0,0.0,0.0,0.0,0.0,0.0,0.0,0.0,0.0,0.0,8.416564,0.0,0.0,0.0,0.0,0.0,3.8233197,0.0,0.0,0.0,0.0,0.0,0.0,0.0,0.0,0.0,2.9641144,0.0,1.2620543,0.0,0.0,0.64340127,0.0,0.1416337,0.0,0.0,0.0,0.0,0.0,0.0,0.0,0.0,0.0,0.0,0.0,0.0,0.0,0.0,0.0,0.0,0.0,0.0,0.0,0.0,0.0,9.523969,0.0,1.4899083,0.0,0.0,7.8013053,0.0,0.0,0.0,0.0,0.0,0.0,0.0,6.3151784,0.0,0.0,0.0,0.37122193,0.0,0.0,0.0,0.0,0.0,0.0,0.0,0.0,0.0,0.0,0.0,0.0,0.0,0.0,0.0,0.0,0.0,0.0
0.0,0.0,0.0,0.0,0.0,0.0,0.0,0.0,0.0,0.0,0.0,0.0,0.0,0.0,0.0,4.1087923,0.0,6.05571,1.7964652,0.0,0.0,0.0,0.0,0.0,0.0,0.0,0.0,0.0,0.0,0.0,0.0,0.0,0.0,0.0,6.1819606,8.176108,0.0,0.0,0.0,0.0,0.0,0.0,0.0,0.0,0.0,0.0,0.0,3.7418628,0.0,0.0,0.0,0.0,0.0,0.3943625,0.0,0.0,0.0,0.0,0.0,0.0,0.0,0.0,0.0,0.0,1.8231765,7.367925,0.0,0.0,0.945587,0.0,0.0,0.0,0.0,0.0,0.0,0.0,0.0,5.0278277,0.0,0.0,2.0071626,0.0,1.6470089,0.0,4.0364285,0.0,0.0,0.0,0.0,0.0,0.0,5.335407,0.0,0.0,0.0,0.0,0.0,0.0,9.8208,0.0,0.0,0.0,0.0,0.0,0.0,1.3329779,0.0,0.0,1.6434464,0.0,0.0,0.0,3.9098969,0.0,0.0,0.0,0.0,0.0,0.0,0.0,0.0,0.0,0.0,0.0,0.0,0.0,0.0,0.0
0.0,0.0,0.0,0.0,0.0,0.0,0.0,0.0,0.0,0.0,0.0,0.0,0.0,0.0,0.0,0.0,0.0,2.9460373,4.052012,0.0,0.0,0.0,0.0,0.0,0.0,0.0,0.0,1.1548824,0.0,0.0,0.0,0.0,0.0,0.0,0.0,10.009267,0.0,0.0,0.0,0.0,0.0,0.0,0.0,0.0,0.0,0.0,0.0,2.7044928,4.993585,0.0,0.0,0.0,0.0,0.0011576889,0.0,0.0,0.0,0.0,0.0,0.0,0.0,0.0,0.0,0.0,2.4813585,0.0,1.7842089,0.0,2.2608113,0.0,0.0,0.0,0.0,0.0,0.0,0.0,0.0,3.0878417,0.0,0.0,0.0,0.0,0.0,0.0,3.5397272,0.0,0.0,0.0,0.0,0.0,0.0,0.0,0.0,0.12825155,6.5498004,0.0,0.0,0.0,5.0641227,0.0,0.0,0.0,0.0,0.0,0.0,1.9535565,0.0,0.0,0.0,3.6912029,0.0,0.0,1.8004327,0.0,0.0,0.0,0.0,0.0,0.0,0.0,0.0,0.0,6.308573,0.0,0.0,0.0,0.0,0.0
0.0,0.0,0.0,0.6687738,0.0,0.0,0.0,0.0,0.0,0.0,11.772237,0.0,0.0,0.0,0.0,2.823958,1.6352632,0.0,0.7009501,0.0,0.0,0.0,7.1738315,9.746932,0.0,0.0,0.0,0.0,0.0,7.209577,0.0,0.0,0.0,0.0,11.421571,0.0,0.0,0.0,0.0,0.0,0.0,0.0,0.0,0.0,0.0,0.0,0.0,6.8146696,0.0,0.0,0.0,0.0,0.0,5.853571,0.0,4.8435607,0.0,0.0,0.0,2.22182,0.0,0.0,0.0,9.006312,0.0,0.1321559,0.0,0.0,0.0,0.0,0.0,0.0,3.5970764,0.0,0.0,0.0,0.0,5.2430363,0.0,0.0,0.0,0.0,0.0,0.0,0.0,0.0,0.0,0.0,0.0,0.0,2.441895,0.0,10.408333,0.0,0.0,0.0,0.0,6.5788026,0.0,0.0,0.0,0.0,0.0,0.0,2.345716,4.2225037,0.0,0.0,0.0,0.0,0.0,0.0,0.0,0.0,0.0,0.0,0.0,0.0,0.0,0.0,0.0,0.0,0.0,2.3017795,0.0,0.0,0.0,0.0
0.0,0.78422016,0.0,0.0,0.0,0.0,0.0,0.0,1.2794005,0.0,0.5288603,0.0,0.0,0.0,0.0,9.297966,7.6689167,0.0,0.0,0.0,0.0,0.0,2.6660492,0.0,0.0,0.0,0.0,0.0,0.0,1.2218792,1.2975787,0.0,0.0,0.0,4.3051515,0.0,0.0,0.0,0.0,0.0,0.0,0.0,0.0,0.0,0.0,0.0,0.0,1.4900576,0.0,0.0,0.0,0.0,0.0,0.0,0.0,0.0,0.0,2.6274562,0.0,1.8624157,0.0,0.0,0.0,0.0,0.0,3.6584697,0.0,0.0,0.0,0.0,0.0,0.0,0.0,0.0,0.0,0.0,2.4915216,3.0328674,0.0,0.0,0.0,0.0,0.0,0.0,0.0,0.0,0.0,0.0,0.0,0.0,0.0,3.5135007,7.406309,0.0,0.0,0.0,0.0,5.5123434,0.0,0.0,0.0,0.0,0.0,0.0,0.8928148,0.0,0.0,0.0,3.7284636,0.0,0.0,0.0,0.0,1.7212845,0.0,0.0,0.0,0.98121846,0.0,0.0,0.0,0.0,0.0,3.178037,0.0,0.0,0.0,0.0
0.0,0.0,0.0,0.0,0.0,0.0,0.0,0.0,0.0,0.0,0.0,0.0,0.0,0.0,0.0,3.5650334,0.0,0.0,10.09149,0.0,0.0,0.71466833,0.0,0.0,0.0,0.0,0.0,0.0,0.0,0.0,0.0,0.0,0.0,0.0,0.7432175,0.87442374,0.0,0.0,0.0,0.0,0.0,0.0,0.0,0.0,0.0,0.0,0.0,0.0,0.0,0.0,0.0,0.0,0.0,3.1054897,0.0,0.0,0.0,0.0,0.0,0.0,0.0,0.0,0.0,2.3712082,0.0,3.8088262,0.0,0.0,0.0,0.0,0.0,0.0,0.0,0.0,0.0,0.0,0.0,1.0376966,0.0,0.0,4.453884,0.0,0.0,0.0,6.132313,0.0,0.0,0.0,0.0,0.0,0.0,0.11798781,4.442674,0.0,0.0,0.0,0.0,1.5888003,3.5186696,0.0,0.0,0.0,0.0,0.0,0.0,6.552866,0.0,1.0393122,0.0,1.0314951,2.2932022,0.0,0.81991976,0.0,0.0,0.0,0.0,0.0,0.0,5.8596473,0.0,0.0,0.0,0.0,0.0,0.0,0.0,0.0
0.0,0.0,0.0,0.0,0.0,0.0,0.0,0.0,0.0,0.0,11.636944,0.0,0.0,0.0,0.0,11.581903,1.8803374,0.0,0.012427311,0.0,0.0,0.0,0.0,8.185503,0.0,0.0,0.0,0.0,0.0,4.40078,0.0,0.0,0.0,0.0,2.9092848,0.0,0.0,0.0,0.0,0.0,0.0,0.0,0.0,0.0,0.0,0.0,0.0,4.601099,0.0,0.0,0.0,0.0,0.0,6.1015263,0.0,12.734662,0.0,0.0,0.0,0.0,0.0,0.0,0.0,0.0,0.0,6.6434884,0.0,0.0,0.0,0.0,0.0,0.0,2.5757937,0.0,0.0,0.0,0.0,0.0,0.0,0.0,0.0,0.0,0.0,5.846564,1.2413589,0.0,0.0,5.0014167,0.0,0.0,1.140489,0.0,0.35185334,0.0,0.0,0.0,0.0,5.6087713,7.719949,0.0,0.0,0.0,0.0,0.0,0.0,0.0,2.6852865,0.0,2.6660466,0.0,4.386218,0.0,0.0,0.0,0.0,0.0,0.0,0.0,0.0,0.0,0.0,0.0,0.0,0.0,0.0,0.0,0.0,0.0
0.0,0.0,0.0,0.0,0.0,0.0,0.0,0.0,0.0,0.0,5.310367,0.0,0.0,0.0,0.0,9.730987,0.0,0.0,0.0,0.0,0.0,0.0,0.0,3.6463559,0.0,0.0,0.0,0.0,0.0,0.0,0.0,0.0,0.0,0.0,1.5407871,0.0,0.0,0.0,0.0,0.0,0.0,0.0,0.0,0.0,0.0,0.0,0.0,9.671695,0.0,0.0,0.0,0.0,0.0,0.0,0.0,14.811061,0.0,0.0,0.0,0.0,0.0,0.0,0.0,1.680943,0.0,1.5992705,0.0,0.0,0.0,0.0,0.0,0.0,6.4599586,0.0,0.0,0.0,0.0,7.0741434,1.1298816,0.0,7.785128,0.0,0.0,0.0,0.0,0.0,0.0,0.0,0.0,0.0,0.0,0.0,12.277472,0.0,0.0,0.0,0.0,0.0,11.182797,0.0,0.0,0.0,0.0,0.0,4.877642,13.794915,0.0,0.0,0.0,6.1498494,0.0,0.0,0.0,0.0,0.0,0.0,0.0,0.0,0.0,0.0,0.0,0.0,0.0,0.0,0.0,0.0,0.0,0.0
0.0,11.125662,0.0,12.327418,0.0,0.0,0.0,0.0,0.0,0.0,0.0,0.0,0.0,0.0,0.0,0.0,6.3111553,0.0,0.0,0.0,0.0,6.7973504,0.0,0.0,0.0,0.0,0.0,0.0,0.0,0.0,0.0,0.0,0.0,0.0,0.0,0.0,0.0,0.0,3.1475089,0.0,0.0,0.0,0.0,0.0,0.0,0.0,0.0,0.0,0.0,0.0,0.0,0.0,0.0,0.0,0.0,0.0,0.0,0.0,0.0,0.0,0.0,0.0,0.0,0.0,0.0,0.0,7.7166452,0.0,0.0,0.0,0.0,0.0,0.0,0.0,0.0,0.0,0.0,0.0,0.0,0.0,0.0,0.0,0.0,0.0,0.0,0.0,0.0,0.0,0.0,0.0,0.0,0.0,0.0,0.0,0.0,5.530853,0.0,6.3692956,0.0,0.0,0.0,0.0,0.0,0.0,10.356765,0.0,0.0,0.0,7.2078223,0.0,0.0,0.0,0.0,0.0,8.02265,0.0,9.062263,0.0,0.0,0.0,0.0,0.0,0.0,0.0,0.0,0.0,0.0,0.0
0.0,3.672346,0.0,2.2999368,0.0,0.0,0.0,0.0,0.0,0.0,3.888642,0.0,0.0,0.0,5.8728247,0.0,2.0809426,0.0,0.0,0.0,0.0,6.2998557,0.0,0.0,0.0,0.0,0.0,0.0,0.0,0.0,0.0,0.0,0.0,0.0,0.0,0.0,0.0,0.0,4.3461423,0.0,0.0,0.0,0.0,0.0,0.0,0.0,0.0,0.0,0.0,0.0,0.0,0.0,0.0,0.0,0.0,0.0,0.7764713,0.0,0.0,0.0,0.0,0.0,0.0,0.3621174,0.0,0.0,0.6963855,0.0,0.0,0.0,0.0,0.0,0.0,0.0,0.0,0.0,0.0,0.0,0.0,0.0,0.0,0.0,0.0,0.0,0.0,0.0,0.0,0.0,0.0,0.0,0.0,0.0,0.0,0.0,0.0,9.319653,0.0,9.67696,0.0,0.0,0.0,0.0,0.0,0.0,14.930141,0.0,0.0,0.0,9.69627,0.0,1.7449611,0.0,0.0,0.0,7.2914705,0.0,13.072036,0.0,0.0,0.0,0.0,0.0,9.877744,0.0,5.3657365,0.0,0.0,0.0
0.0,5.188737,0.0,9.672049,0.0,4.3182693,0.0,0.0,0.0,0.0,0.0,0.0,0.0,0.0,0.0,0.0,0.0,0.1264156,0.0,0.0,0.0,1.2165009,0.0,0.0,0.0,0.0,0.0,4.7379665,0.0,0.0,0.0,0.0,0.0,0.0,0.0,0.0,0.0,0.0,0.0,0.0,0.0,0.0,0.0,0.0,0.0,0.0,0.0,0.0,0.0,0.0,0.0,0.0,0.0,0.0,0.0,0.0,0.0,0.0,0.0,0.0,0.0,0.0,0.0,7.364437,0.0,0.0,7.2218175,0.0,0.0,0.0,0.0,0.0,0.0,0.0,0.0,0.0,0.69808966,0.0,0.0,0.0,0.0,0.0,0.0,0.0,0.0,0.0,0.0,0.0,0.0,0.0,0.0,0.0,0.0,6.289396,0.0,0.0,0.0,4.7140665,0.0,0.0,0.0,0.0,0.0,0.0,0.13765943,0.0,0.0,0.0,0.0,6.4600215,0.0,0.0,0.0,0.0,11.987893,0.0,0.012166668,0.0,0.0,0.0,0.0,0.0,3.2639315,0.0,0.0,0.0,0.0,0.0
0.0,0.0,0.0,0.0,0.0,0.0,0.0,0.0,0.0,0.0,0.0,0.0,0.0,0.0,0.0,0.0,0.0,0.0,4.2428703,0.0,0.0,0.0,4.6066046,3.0110683,0.0,0.0,0.0,0.0,0.0,0.0,0.0,0.0,0.0,0.0,8.948926,6.282637,0.0,0.0,0.0,0.0,0.0,0.0,0.0,0.0,0.0,0.0,0.0,7.9716725,0.0,0.0,0.0,0.0,0.0,9.899111,0.0,0.0,0.0,0.0,0.0,0.0,0.0,0.0,0.0,8.893236,0.0,0.0,0.0,0.0,12.694026,0.0,0.0,0.0,0.0,0.0,0.0,0.0,0.0,6.1771097,0.0,0.0,0.0,0.0,3.090982,0.0,4.382971,0.0,0.0,0.0,0.0,0.0,0.0,0.0,5.3661475,0.0,0.90696454,0.0,0.0,0.0,9.589665,0.0,0.0,0.0,0.0,3.0414007,0.10720881,13.898443,0.0,0.0,0.0,3.4207735,0.0,0.0,0.0,0.0,0.0,0.0,0.0,0.0,0.0,0.0,0.0,0.0,0.0,0.0,0.0,0.0,0.0,0.0
0.0,0.0,0.0,0.0,0.0,0.0,0.0,0.0,0.0,0.0,0.0,0.0,0.0,0.0,0.0,3.7051625,0.0,0.0,6.7673197,0.0,0.0,2.271846,0.0,1.0578389,0.0,0.0,0.0,0.0,0.0,0.0,0.0,0.0,0.0,0.0,4.015649,1.002027,0.0,0.0,0.0,0.0,0.0,0.0,0.0,0.0,0.0,0.0,0.0,0.0,0.0,0.0,0.0,0.0,0.0,0.5301332,0.0,0.0,0.0,0.0,0.0,0.0,0.0,0.0,0.0,7.1248612,0.0,8.583552,0.0,0.0,0.0,0.0,0.0,0.0,0.4779699,0.0,0.0,0.0,0.0,2.5237436,0.0,0.0,2.0653088,0.0,3.3887851,0.0,4.669401,0.0,0.0,0.0,0.0,0.0,0.0,4.184174,3.8003464,0.0,0.0,0.0,0.0,0.0,4.6370535,0.0,0.0,0.0,0.0,0.0,0.0,4.720738,0.0,0.0,0.0,0.0,0.0,0.0,0.0,0.0,0.0,0.0,0.0,0.0,0.0,0.28711638,0.0,0.0,0.0,0.0,0.0,0.0,0.0,0.0
0.0,0.38247195,0.632367,5.947442,0.0,0.0,0.0,0.0,0.17236501,0.0,2.8211539,0.0,0.0,0.0,0.0,0.0,0.0,0.0,1.1897922,0.0,0.0,0.0,2.7238026,5.7206273,0.0,0.0,0.0,0.0,0.0,0.0989479,0.0,0.0,0.0,0.0,0.0,0.0,0.0,0.0,6.0322742,0.0,0.0,1.6135293,0.0,0.0,0.0,0.0,0.0,0.0,0.0,0.0,0.0,0.0,0.0,2.184561,0.0,1.5958968,0.0,0.0,0.0,0.0,0.0,0.0,0.0,0.0,0.0,0.0,0.0,0.0,0.0,0.0,0.0,0.0,0.0,0.0,0.0,0.14989156,0.0,0.0,0.0,0.0,0.0,0.0,0.0,3.2961977,6.091485,0.0,0.0,0.0,0.0,0.0,0.0,0.0,4.7864866,0.0,0.0,6.630972,0.0,9.450161,0.0,0.0,0.0,0.0,0.0,0.0,0.0,0.0,0.0,0.0,2.6915712,0.0,8.95538,0.0,0.0,0.0,0.0,0.0,0.0,0.0,0.0,0.0,0.0,0.0,0.0,0.0,3.840722,0.0,0.0,0.0
0.0,0.0,0.0,0.0,0.0,0.0,0.0,0.0,0.0,0.0,4.478714,0.0,0.0,0.0,0.0,7.1364226,0.0,0.0,6.3936434,0.0,0.0,0.08080605,0.0,2.358774,0.0,0.0,0.0,0.0,0.0,0.0,0.0,0.0,0.0,0.0,1.2918164,0.0,0.0,0.0,0.0,0.0,0.0,0.0,0.0,0.0,0.0,0.0,0.0,0.0,0.0,0.0,0.0,0.0,0.0,4.0734134,0.0,0.7662871,0.0,0.0,0.0,0.0,0.0,0.09224439,0.0,6.1092,0.0,7.6347995,0.0,0.0,0.0,0.0,0.0,0.0,0.1158874,0.0,0.0,0.0,0.0,4.7689085,0.0,0.0,0.0,0.0,0.5825962,0.0,0.8215595,0.0,2.2560353,0.0,0.0,0.0,0.0,1.9816489,0.0,0.0,0.0,0.0,0.0,2.7332923,2.8087282,0.0,0.0,0.0,0.0,0.0,0.0,4.5543017,0.0,0.0,0.0,0.0,0.0,0.0,0.0,0.0,0.0,0.0,0.0,0.0,0.0,0.0,0.0,0.0,0.0,2.2518015,0.0,0.0,0.0,0.0
0.0,0.0,0.0,0.0,0.0,0.0,0.0,0.0,0.0,0.0,0.0,0.0,0.0,0.0,0.0,0.0,0.0,2.5327377,0.0,0.0,0.0,0.0,0.0,0.0,0.0,0.0,0.0,0.0,0.0,0.0,0.0,0.0,0.0,0.0,0.6736053,3.5280247,0.0,0.0,0.0,0.0,0.0,0.0,0.0,0.0,0.0,0.0,0.0,10.0336895,0.0,0.0,0.0,0.0,0.0,5.868765,0.0,3.8221204,0.0,0.0,0.0,0.0,0.0,0.0,0.0,0.0,8.491474,0.0,0.0,0.0,1.599778,0.0,1.0101013,0.0,9.220655,0.0,0.0,0.0,0.0,2.5677962,0.0,0.0,1.778093,0.0,8.041729,0.0,0.0,0.0,0.0,4.5927653,0.0,0.0,0.0,0.0,0.0,0.0,3.2679179,0.0,0.0,0.0,13.133046,0.0,0.0,0.0,0.0,0.63021713,0.0,3.78531,0.0,0.0,0.0,3.7475152,1.4040232,0.0,1.8584496,0.0,0.0,0.0,0.0,0.0,0.0,0.0,0.0,0.0,0.0,0.0,0.0,0.0,0.0,0.0
0.0,0.0,0.0,0.0,0.0,2.064089,0.0,0.0,0.0,0.0,0.0,0.0,1.0720862,0.0,0.0,0.0,0.0,0.0,2.2157118,0.0,0.0,3.7037377,0.0,0.0,0.0,0.0,0.0,4.5346074,0.0,0.0,0.0,0.0,0.0,0.0,0.0,7.114573,0.0,0.0,0.0,0.0,0.0,0.0,0.0,0.0,0.0,0.0,0.0,0.0,10.712104,0.0,0.0,0.0,0.0,0.0,0.0,0.0,0.0,0.0,0.0,0.0,0.0,0.0,0.0,0.0,0.0,0.0,1.3502867,0.0,2.4174669,0.0,0.0,0.0,0.0,0.0,0.0,0.0,0.0,0.0,0.0,0.0,0.0,0.0,0.0,0.0,6.288373,0.0,0.0,0.0,0.0,5.572726,0.0,0.0,0.0,0.0,6.592535,0.0,0.0,0.0,3.4737043,0.0,0.0,0.0,0.0,0.0,0.0,0.0,0.0,0.0,0.0,7.1647735,0.0,0.0,0.0,0.0,0.0,0.0,0.0,0.0,0.0,0.0,0.0,0.0,6.790495,0.0,0.0,0.0,0.0,0.0
0.0,0.0,0.0,0.0,0.0,0.0,0.0,0.0,0.0,0.0,2.231868,0.0,0.0,0.0,0.0,7.3364305,0.0,0.67818826,7.706233,0.0,0.0,0.0,0.0,4.185904,0.0,0.0,0.0,0.0,0.0,0.0,0.0,0.0,0.0,0.0,10.565712,5.9881454,0.0,0.0,0.0,0.0,0.0,0.0,0.0,0.0,0.0,0.0,0.0,2.655818,0.0,0.0,0.0,0.0,0.0,7.0135393,0.0,0.0,0.0,0.0,0.0,0.0,0.0,0.0,0.0,8.968754,0.0,8.916561,0.0,0.0,8.094215,0.0,0.0,0.0,0.0,0.0,0.0,0.0,0.0,5.929406,0.0,0.0,3.2620423,0.0,3.716468,0.0,8.603262,0.0,0.0,0.0,0.0,0.0,0.0,1.2098082,9.595568,0.0,0.0,0.0,0.0,0.0,11.689066,0.0,0.0,0.0,0.0,0.0,1.0825882,13.464482,0.0,0.0,0.0,0.0,0.0,0.0,0.0,0.0,0.0,0.0,0.0,0.0,0.0,0.0,0.0,0.0,0.0,0.0,0.0,0.0,0.0,0.0
0.0,0.0,0.0,0.0,0.0,0.0,0.0,0.0,0.0,0.0,0.0,0.0,0.0,0.0,0.0,0.0,0.0,2.0267925,0.8238351,0.0,0.0,0.0,0.0,0.0,0.0,0.0,0.0,0.0,0.0,0.0,0.0,0.0,0.0,0.0,0.0,3.342172,0.0,0.0,0.0,0.0,0.0,0.085349865,0.0,0.0,0.0,0.0,0.0,5.1407824,0.0,0.0,0.0,0.0,0.0,0.0,0.0,0.0,0.0,0.0,0.0,0.0,0.0,0.0,0.0,0.0,5.498019,0.0,1.0231203,0.0,0.0,0.0,0.0,0.0,0.0,0.0,0.0,0.0,0.0,0.0,0.0,0.0,0.0,0.0,0.0,0.0,1.9833353,0.0,0.0,0.0,0.0,0.0,0.0,1.5006489,0.0,2.148755,8.588651,0.0,0.0,0.0,8.766218,0.0,0.0,0.0,0.0,0.0,0.0,0.0,0.0,0.0,0.0,3.2059703,1.1088542,0.0,0.9494865,0.0,0.0,0.0,0.0,0.0,0.0,0.0,0.0,0.0,9.346986,0.0,0.0,0.0,0.0,0.0
0.0,0.0,0.0,0.0,0.0,0.0,0.0,0.0,0.0,0.0,0.0,0.0,0.0,0.0,0.0,0.0,0.0,0.0,0.0,0.0,0.0,0.0,8.093539,0.0,0.0,0.0,0.0,0.0,0.0,3.9926376,0.0,0.0,0.0,0.0,5.7426977,0.0,0.0,0.0,0.0,0.0,0.0,0.97817177,0.0,0.0,0.0,0.0,0.0,16.07666,0.0,0.0,0.0,0.0,0.0,0.0,0.0,9.717989,0.0,0.0,0.0,0.0,0.0,0.0,0.0,6.2547398,0.0,0.0,0.0,0.0,0.0,0.0,0.0,0.0,18.182049,0.0,0.0,0.0,0.0,5.407388,0.0,0.0,0.0,0.0,0.0,0.0,0.0,0.0,0.0,3.9921622,0.0,0.0,0.0,2.303271,6.342216,0.0,0.0,0.0,0.0,0.0,5.6184707,0.0,0.0,0.0,0.0,0.0,0.0,0.46892956,0.0,0.0,0.0,4.0091476,3.97104,0.0,4.7722077,0.0,0.0,0.0,0.0,0.0,0.0,0.0,0.0,0.0,0.0,0.0,0.0,0.0,0.0,0.0
0.0,0.0,0.0,0.0,0.0,0.0,0.0,0.0,0.0,0.0,0.0,0.0,0.0,0.0,0.0,14.357533,0.0,10.167244,5.040721,0.0,0.0,0.0,0.0,7.9195595,0.0,0.0,0.0,0.0,0.0,8.89593,2.7082033,0.0,0.0,0.0,4.8825083,0.78609383,0.0,0.0,0.0,0.004048925,0.0,0.0,0.0,0.0,0.0,0.0,0.0,8.974138,0.0,0.0,0.0,0.0,0.0,0.0,0.0,6.9308376,0.0,0.0,0.0,0.0,0.0,0.0,0.0,5.243169,0.7729846,4.7113776,0.0,0.0,0.0,0.0,0.0,0.0,0.0,0.0,0.0,0.0,0.0,0.0473542,0.0,0.0,3.3642108,0.0,0.0,0.0,1.7272236,0.0,0.0,0.0,0.0,0.0,0.0,3.9996035,12.752096,0.0,0.0,0.0,0.0,0.0,3.952772,0.0,0.0,0.0,0.0,0.0,0.0,3.1512616,0.0,2.7550333,0.0,0.1615167,0.0,0.0,0.19026862,0.0,0.0,0.0,0.0,0.0,0.0,0.0,0.0,0.0,0.0,0.0,0.0,0.0,0.0,0.0
0.0,0.0,0.0,0.0,0.0,0.0,0.0,0.0,0.0,0.0,1.2336919,0.0,0.0,0.0,0.0,5.281347,0.0,0.0,7.384822,0.0,0.0,0.0,0.0,0.0,0.0,0.0,0.0,0.0,0.0,1.4983627,0.0,0.0,0.0,0.0,1.9684069,0.45088592,0.0,0.0,0.0,0.0,0.0,0.0,0.0,0.0,0.0,0.0,0.0,0.7711495,0.0,0.0,0.0,0.0,0.0,3.6049376,0.0,3.20928,0.0,0.0,0.0,0.0,0.0,0.0,0.0,2.0800374,0.0,4.58557,0.0,0.0,0.0,0.0,0.0,0.0,0.0,0.0,0.0,2.1174116,0.0,4.4575233,0.0,0.0,9.039827,0.0,0.0,0.0,7.416507,0.0,0.0,0.0,0.0,0.0,0.0,1.489885,2.5026205,0.0,0.0,0.0,0.0,1.1930076,6.669413,0.0,0.0,0.0,0.0,0.0,0.0,4.4887276,0.0,5.299091,0.0,0.0,5.0050764,0.0,2.4108267,0.0,0.0,0.0,0.0,0.0,0.0,0.9702649,0.0,0.0,0.0,0.0,0.0,0.0,0.0,0.0
0.0,0.0,0.0,0.0,0.0,0.0,0.0,0.0,0.0,0.0,0.0,0.0,0.0,0.0,0.0,4.311736,0.0,8.489041,0.0,0.0,0.0,0.0,0.0,15.619726,0.0,0.0,0.0,0.0,0.0,0.0,2.3960366,0.0,0.0,0.0,0.0,0.0,0.0,0.0,0.0,0.0,0.0,0.0,0.0,0.0,0.0,0.0,0.0,7.985089,0.0,0.0,0.0,0.0,0.0,0.0,0.0,8.523578,0.0,0.0,0.0,0.0,0.0,0.0,0.0,16.456861,0.0,9.307781,0.0,0.0,0.0,0.0,0.0,0.0,17.094172,0.0,0.0,0.0,0.0,0.0,0.0,0.0,2.722255,0.0,11.165688,0.0,0.0,0.0,1.3098607,1.7311901,0.0,0.0,0.0,0.0,13.943653,0.0,0.0,0.0,0.0,0.0,7.448269,0.0,0.0,0.0,0.0,0.0,0.0,3.5441544,0.0,0.0,0.0,2.9766212,0.0,0.0,0.0,0.0,0.0,0.0,0.0,0.0,0.0,0.0,0.0,0.0,0.0,0.0,0.0,0.0,0.0,0.0
0.0,6.0222015,0.0,12.775726,0.0,0.0,0.0,0.0,0.0,0.0,0.0,0.0,0.0,0.0,0.0,0.0,3.481703,0.0,1.6518706,0.0,0.0,2.5418584,0.0,0.0,0.0,0.0,0.0,5.6060143,0.0,0.0,0.0,0.0,0.0,0.0,0.0,0.0,0.0,0.0,0.24429289,0.0,0.0,0.0,0.0,0.0,0.0,0.0,0.0,0.0,0.0,0.0,0.0,0.0,0.0,0.0,0.0,0.0,0.0,0.0,0.0,0.0,0.0,0.0,0.0,0.0,0.0,0.0,12.057048,0.0,0.0,0.0,0.0,0.0,0.0,0.0,0.0,0.0,3.764913,0.0,0.0,0.0,0.0,0.0,0.0,0.0,0.0,0.0,0.0,0.0,0.0,0.0,0.0,0.0,0.0,1.0149723,0.0,7.127575,0.0,2.3468444,0.0,0.0,0.0,0.0,0.0,0.0,0.0,0.0,0.0,0.0,0.0,0.0,0.0,0.0,0.0,0.0,8.826532,0.0,10.300764,0.0,0.0,0.0,0.0,0.0,6.5321198,0.0,0.0,0.0,0.0,0.0
0.0,0.0,0.0,0.0,0.0,0.0,0.0,0.0,0.0,0.0,3.5523577,0.0,0.0,0.0,0.0,0.40966648,0.0,0.0,7.9265904,0.0,0.0,2.56532,0.0,0.0,0.0,0.0,0.0,2.7777402,0.0,0.0,0.0,0.0,0.0,0.0,0.24130721,2.6535976,0.0,0.0,0.0,0.0,0.0,0.0,0.0,0.0,0.0,0.0,0.0,0.0,0.0,0.0,0.0,0.0,0.0,3.4900405,0.0,0.0,0.0,0.0,0.0,0.0,0.0,0.0,0.0,0.0,0.0,3.6847658,0.0,0.0,0.0,0.0,0.0,0.0,0.0,0.0,0.0,0.0,0.0,0.74409926,0.0,0.0,0.27072823,0.0,0.257189,0.0,6.791426,0.0,0.0,0.0,0.0,0.0,0.0,0.0,0.0,0.0,0.0,0.0,0.0,1.216467,3.3242416,0.0,0.0,0.0,0.0,0.0,0.0,4.2438393,0.0,0.0,0.0,0.54912394,0.0,0.0,0.0,0.0,0.0,0.0,0.0,0.0,0.0,0.0,0.0,0.0,2.1914403,0.0,0.0,0.0,0.0,0.0
0.0,0.0,0.0,0.0,0.0,0.0,0.0,0.0,0.0,0.0,0.0,0.0,0.0,0.0,0.0,0.0,0.0,0.96456194,2.0298553,0.0,0.0,0.0,0.0,0.0,0.0,0.0,0.0,0.0,0.0,0.0,0.0,0.0,0.0,0.0,0.0,2.2726994,0.0,0.0,0.0,0.0,0.0,0.0,0.0,0.0,0.0,0.0,0.0,0.43769762,0.0,0.0,0.0,0.0,0.0,5.568853,0.0,1.6457142,0.0,0.0,0.0,0.0,0.0,0.0,0.0,0.0,4.737159,1.0494701,0.0,0.0,0.0,0.0,0.0,0.0,1.5387337,0.0,0.0,0.0,0.0,0.0,0.0,0.0,6.470097,0.0,2.1483355,0.0,5.189087,0.0,0.0,0.0,0.0,0.0,0.0,0.0,0.0,0.0,1.3307011,0.0,0.0,0.0,10.621912,0.0,0.0,0.0,0.0,0.0,0.0,0.51572454,0.0,0.0,0.0,0.42828634,4.540301,0.0,4.6078396,0.0,0.0,0.0,0.0,0.0,0.0,0.0,0.0,0.0,4.392217,0.0,0.0,0.0,0.0,0.0
0.0,0.0,0.0,0.0,0.0,8.277683,0.0,0.0,0.0,0.0,0.0,0.0,0.0,0.0,0.0,0.0,0.0,8.234299,0.0,0.0,0.0,0.0,0.0,0.0,0.0,0.0,0.0,0.0,0.0,0.0,0.0,0.0,0.0,0.0,0.0,14.172407,0.0,0.0,0.0,0.0,0.0,0.0,0.0,0.0,0.0,0.0,0.0,11.756313,0.0,0.0,0.0,0.0,0.0,1.4523548,0.0,0.0,0.0,0.0,0.0,0.0,0.0,0.0,0.0,0.0,12.985347,0.0,8.671943,0.0,0.0,0.0,0.0,0.0,0.0,0.0,0.0,0.0,0.0,0.0,0.0,0.0,0.0,0.0,0.0,0.0,0.0,0.0,0.0,0.0,0.0,0.0,0.0,3.9488082,0.0,7.561785,4.627794,0.0,0.0,0.0,1.188132,0.0,0.0,0.0,0.0,0.0,0.0,0.48134148,0.0,0.0,0.0,10.057197,0.0,0.0,0.0,0.0,0.0,0.0,0.0,0.0,0.0,0.0,0.0,0.0,0.0,0.0,0.0,0.0,0.0,0.0
0.0,0.0,0.0,0.0,0.0,0.0,0.0,0.0,0.0,0.0,4.4031568,0.0,0.0,0.0,0.0,6.1047044,0.0,0.0,6.8698893,0.0,0.0,0.0,0.0,0.0,0.0,0.0,0.0,0.0,0.0,3.8188543,0.0,0.0,0.0,0.0,0.31752396,2.3184404,0.0,0.0,0.0,0.0,0.0,0.0,0.0,0.0,0.0,0.0,0.0,3.0850995,0.0,0.0,0.0,0.0,0.0,6.424762,0.0,3.0721865,0.0,0.0,0.0,0.0,0.0,0.0,0.0,0.19798467,0.0,3.7149305,0.0,0.0,0.0,0.0,0.0,0.0,0.0,0.0,0.0,1.3377341,0.0,5.0026894,0.0,0.0,1.0942471,0.0,0.0,0.0,8.798725,0.0,0.0,0.0,0.0,0.0,0.42832637,0.0,0.0,0.0,0.0,0.0,0.0,3.1684844,6.1733546,0.0,0.0,0.0,0.0,0.0,0.0,5.3971934,0.0,0.53341043,0.0,0.0,3.3466733,0.0,0.0,0.0,0.0,0.0,0.0,0.0,0.0,0.4912828,0.0,0.0,0.80689645,0.0,0.0,0.0,0.0,0.0
0.0,0.085966855,0.0,0.0,0.0,0.0,0.0,0.0,3.4554784,0.0,1.4393731,0.0,0.0,0.0,0.0,8.06812,2.5669565,0.0,2.454855,0.0,0.0,0.8015056,0.0,0.53747654,0.0,0.0,0.0,0.0,0.0,0.0,0.0,0.0,0.0,0.0,2.33398,0.0,0.0,0.0,0.0,0.0,0.0,0.0,0.0,0.0,0.0,0.0,0.0,0.0,0.0,0.0,0.0,0.0,0.0,0.0,0.0,0.15767199,0.0,0.0,0.0,0.0,0.0,0.0,0.0,1.1236974,0.0,3.9567266,0.0,0.0,0.0,0.0,0.0,0.0,0.0,0.0,0.0,0.0,0.0,0.0,0.0,0.0,0.0,0.0,0.0,0.0,0.0,0.0,0.0,4.230691,0.0,0.0,0.9104842,3.6998453,1.3100109,0.0,0.0,0.0,0.0,4.0232954,0.19101477,0.0,0.0,0.0,0.0,0.0,0.0,0.0,2.9706187,0.0,2.1024237,0.0,1.6833255,0.0,0.0,3.4394057,0.0,0.0,0.0,0.0,0.0,0.0,1.6616848,0.0,0.0,0.0,0.0,0.0,3.172406,0.0
0.0,0.0,0.0,0.0,0.0,0.0,0.0,0.0,0.0,0.0,0.0,0.0,0.0,0.0,0.0,1.8220206,0.0,6.9885473,0.0,0.0,0.0,0.0,0.0,0.0,0.0,0.0,0.0,0.0,0.0,0.0,0.0,0.0,0.0,0.0,1.9997258,8.271728,1.3249757,0.0,0.0,0.0,0.0,0.0,0.0,0.0,0.0,0.0,0.0,15.262959,0.0,0.0,0.0,0.0,0.0,0.2656784,0.0,9.486314,0.0,0.0,0.0,0.0,0.0,0.0,0.0,0.0,7.8771133,1.5679888,0.0,0.0,0.0,0.0,0.0,0.0,8.82204,0.0,0.0,0.0,0.0,6.4998417,0.0,0.0,9.284626,0.0,4.694442,0.0,0.0,0.0,0.0,2.268341,0.0,0.0,0.0,5.4971504,1.0119385,0.0,0.0,0.0,0.0,0.0,9.608966,0.0,0.0,0.0,0.0,0.0,0.0,5.583903,0.0,0.0,0.0,4.027378,0.0,0.0,4.158618,0.0,0.0,0.0,0.0,0.0,0.0,0.0,0.0,0.0,0.0,0.0,0.0,0.0,0.0,0.0
0.0,0.0,0.0,0.0,0.0,0.0,0.0,0.0,0.0,0.0,6.677073,0.0,0.0,0.0,0.0,10.155811,0.0,5.7250957,4.740743,0.0,0.0,0.0,1.6152983,4.4906197,0.0,0.0,0.0,0.0,0.0,6.5606194,0.0,0.0,0.0,0.0,12.267801,0.7391809,0.0,0.0,0.0,0.0,0.0,0.0,0.0,0.0,0.0,0.0,0.0,12.6776,0.0,0.0,0.0,0.0,0.0,5.9982047,0.0,9.135834,0.0,0.0,0.0,0.0,0.0,0.0,0.0,0.0,0.0,4.037914,0.0,0.0,0.0,0.0,5.0680885,0.0,2.1502893,0.0,0.0,0.0,0.0,7.2387066,0.0,0.0,0.0,0.0,0.0,0.0,0.0,0.0,1.0681834,0.0,0.0,0.0,1.7096822,0.0,5.5047083,0.0,0.0,0.0,0.0,0.75966984,0.0,0.0,0.0,0.0,0.0,0.0,0.0,4.743346,0.0,0.0,0.0,0.31483963,0.0,0.0,0.0,0.0,0.0,0.0,0.0,0.0,0.0,0.0,0.0,0.0,0.0,3.408271,0.0,0.0,0.0,0.0
0.0,0.0,0.0,0.0,0.0,0.0,0.0,0.0,0.0,0.0,0.9525635,0.0,0.0,0.0,0.0,2.2287438,0.0,0.44041452,7.3004236,0.0,0.0,0.0,0.0,0.0,0.0,0.0,0.0,0.0,0.0,0.0,0.0,0.0,0.0,0.0,0.0,5.0434947,0.0,0.0,0.0,0.0,0.0,0.0,0.0,0.0,0.0,0.0,0.0,5.222926,0.0,0.0,0.0,0.0,0.0,4.4284153,0.0,0.09138438,0.0,0.0,0.0,0.0,0.0,0.0,0.0,0.0,4.662282,0.47440264,0.0,0.0,0.0,0.0,0.0,0.0,0.0,0.0,0.0,0.0,0.0,0.0,0.0,0.0,3.1022875,0.0,0.5593322,0.0,1.1103146,0.0,0.0,0.0,0.0,0.0,0.0,0.0,0.0,0.0,2.175357,0.0,0.0,0.0,1.8015355,0.0,0.0,0.0,0.0,0.0,0.0,2.8507316,0.0,0.0,0.0,0.4845443,2.6666045,0.0,0.49481457,0.0,0.0,0.0,0.0,0.0,0.0,0.0,0.0,0.0,3.618058,0.0,0.0,0.0,0.0,0.0
0.0,0.0,0.0,0.0,0.0,0.0,0.0,0.0,0.0,0.0,8.704396,0.0,0.0,0.0,0.0,0.0,2.980374,0.0,0.0,0.0,0.0,0.62442327,5.1463337,6.796283,0.0,0.0,0.0,0.0,0.0,1.38983,0.0,0.0,0.0,0.0,4.7160625,0.0,0.0,0.0,0.0,0.0,0.062969886,0.0,0.0,0.0,0.0,0.0,0.0,0.0,0.0,0.0,0.0,0.0,7.133657,5.588764,0.0,0.14639947,0.0,0.0,0.0,1.4090738,0.0,0.0,0.0,9.684527,0.0,0.0,0.0,0.0,0.35909104,0.0,0.0,0.0,0.0,0.0,0.0,0.9770717,0.0,4.125233,0.0,0.0,0.0,0.0,0.0,0.0,7.21381,0.0,0.0,0.0,0.0,0.0,0.0,0.0,5.787945,0.0,0.0,0.0,0.0,10.052107,3.6341221,0.0,0.0,1.024163,0.0,1.4713932,9.294615,5.595744,0.0,0.0,0.0,0.0,2.1231408,0.0,0.0,2.6031525,0.0,0.0,0.0,0.0,0.0,0.0,0.0,0.0,0.0,0.0,0.0,0.0,0.0,0.0
0.2472314,0.0,0.0,0.0,0.0,0.0,0.0,0.0,0.0,0.0,0.0,0.0,0.0,0.0,0.0,0.0,0.0,3.2692776,9.067583,0.0,0.0,0.0,0.0,0.0,0.0,0.0,0.0,0.0,0.0,0.0,0.0,0.0,0.0,0.0,0.0,8.215852,0.0,0.0,0.0,0.0,0.0,3.1361566,0.0,0.0,0.0,0.0,0.0,6.5411143,0.0,0.0,0.0,0.0,0.0,0.0,0.0,0.7086012,0.0,0.0,0.0,0.0,0.0,0.0,0.0,0.0,4.155958,0.0,2.419211,0.0,0.0,0.0,0.0,0.0,0.0,0.0,0.0,0.0,1.7995707,0.0,0.0,0.0,0.0,0.0,0.0,0.0,0.0,0.0,0.0,0.0,0.0,0.0,0.0,0.0,0.0,3.8244386,5.506704,0.0,0.0,0.0,0.0,0.0,0.0,0.0,0.0,0.0,0.0,2.6348746,0.0,0.0,0.0,7.3538857,0.0,0.0,0.0,0.0,0.0,0.0,0.0,0.0,0.0,0.0,0.0,0.0,10.921589,0.0,0.0,0.0,0.0,0.0
0.0,0.0,0.0,0.0,5.5439076,0.0,0.0,0.0,0.0,0.0,3.0842102,0.0,0.0,0.0,0.0,4.665636,4.158743,0.0,0.0,0.0,0.0,0.0,3.010098,0.0,0.0,0.0,0.0,0.0,0.0,0.12187197,0.0,0.0,0.0,0.0,12.648822,5.73435,0.0,0.0,0.0,0.0,0.0,0.0,0.0,0.0,0.0,0.0,0.0,2.9250598,0.986519,0.0,0.0,0.0,0.0,0.08049682,0.0,0.0,0.0,6.1622686,0.0,0.0,0.0,0.0,0.0,0.0,0.0,4.167433,0.0,0.0,0.0,0.0,0.0,0.0,0.0,0.0,0.0,0.6740274,0.0,2.799338,0.0,0.0,0.0,0.0,0.0,0.0,0.3572517,0.0,0.0,2.9692147,0.0,0.0,0.0,3.6639585,0.0,0.0,0.0,0.0,0.0,0.0,3.5695565,0.0,0.0,1.7198536,0.0,0.0,0.0,0.0,0.0,0.0,9.561021,0.0,0.0,0.0,2.3911858,5.9487786,0.0,0.0,0.0,0.0,0.0,0.0,0.0,0.0,0.0,0.0,0.0,0.0,0.0,0.0
0.0,0.0,0.0,0.0,0.0,0.0,0.0,0.0,0.0,0.0,0.0,0.0,0.0,0.0,0.0,1.1316023,0.0,1.0879415,4.154659,0.0,0.0,0.0,0.0,0.0,0.0,0.0,0.0,0.0,0.0,0.0,0.0,0.0,0.0,0.0,1.7625406,5.6809945,0.0,0.0,0.0,0.0,0.0,0.0,0.0,0.0,0.0,0.0,0.0,6.082105,0.0,0.0,0.0,0.0,0.0,3.2431498,0.0,0.32244334,0.0,0.0,0.0,0.0,0.0,0.0,0.0,0.047339607,2.293223,0.66904306,0.0,0.0,4.5664287,0.0,0.0,0.0,0.0,0.0,0.0,0.7284895,0.0,4.722363,0.0,0.0,0.99545455,0.0,0.68776083,0.0,3.863415,0.0,0.0,0.0,0.0,0.0,0.0,1.8570782,0.0,0.0,1.3008329,0.0,0.0,0.0,7.777989,0.0,0.0,0.0,0.0,0.0,0.0,7.2012544,0.0,0.0,0.0,2.5050395,0.5955737,0.0,0.0,0.0,0.0,0.0,0.0,0.0,0.0,0.0,0.0,0.0,0.0,0.0,0.0,0.0,0.0,0.0
0.0,0.0,0.0,0.0,0.0,0.9453796,0.0,0.0,0.0,0.0,0.0,0.0,0.0,0.0,0.0,0.0,0.0,0.0,0.0,0.0,0.0,0.0,0.0,0.0,0.0,0.0,0.0,0.0,0.0,0.0,0.0,0.0,0.0,0.0,0.0,5.7421007,0.0,0.0,0.0,0.0,0.0,0.0,0.0,0.0,0.0,0.0,0.0,3.3762133,0.0,0.0,0.0,0.0,0.0,0.19802928,0.0,0.0,0.0,0.0,0.0,0.0,0.0,0.0,0.0,0.0,4.877989,0.0,1.8755738,0.0,3.8275094,0.0,0.0,0.0,2.616208,0.0,0.0,0.0,0.0,3.415634,0.0,0.0,0.0,0.0,0.0,0.0,2.852739,0.0,0.0,0.0,0.0,0.0,0.0,0.0,0.0,3.5671742,10.703268,0.0,0.0,0.0,11.943467,0.0,0.0,0.0,0.0,0.0,0.0,0.0,0.0,0.0,0.0,5.6318345,0.0,0.0,0.0,0.0,0.0,0.0,0.0,0.0,0.0,0.0,0.0,0.0,3.9833229,0.0,0.0,0.0,0.0,0.0
0.0,3.1360419,0.0,12.47404,0.0,0.5244602,0.0,0.0,0.0,0.0,0.0,0.0,0.0,0.0,0.0,0.0,0.0,0.0,0.0,0.0,0.0,0.0,0.0,0.0,0.0,0.0,0.0,0.0,0.0,0.0,0.0,0.0,0.0,0.0,0.0,0.0,0.0,0.0,0.0,0.0,0.0,0.0,0.0,0.0,0.0,0.0,0.0,0.0,0.0,0.0,0.0,0.0,0.0,0.0,0.0,0.0,3.1911943,0.0,0.0,0.0,0.0,0.0,0.0,3.965182,0.0,0.0,1.1123497,0.0,0.0,0.0,0.0,0.0,0.0,0.0,0.0,0.0,5.8898373,0.0,0.0,0.0,0.0,0.0,0.0,0.0,0.0,0.0,0.0,0.0,0.0,0.0,0.0,0.0,0.0,2.660409,0.0,11.943485,0.0,3.324454,0.0,0.0,0.0,0.0,0.0,0.0,2.74316,0.0,0.0,0.0,7.8526053,0.0,0.0,0.0,0.0,0.0,8.841958,0.0,6.390096,0.0,0.0,0.0,0.0,0.0,4.3249216,0.0,0.0,0.0,0.0,0.0
0.0,0.0,0.0,0.0,0.0,0.0,0.0,0.0,0.0,0.0,0.0,0.0,0.0,0.0,0.0,9.171675,0.0,0.0,0.0,0.0,0.0,0.0,0.0,5.241128,0.0,0.0,0.0,0.0,0.0,0.0,0.0,0.0,0.0,0.0,11.610115,3.0395854,0.0,0.0,0.0,0.0,0.0,0.0,0.0,0.0,0.0,0.0,0.0,2.8045282,0.0,0.0,0.0,0.0,0.0,7.1996174,0.0,0.0,0.0,0.0,0.0,0.0,0.0,0.0,0.0,6.279976,0.0,7.9833393,0.0,0.0,2.188273,0.0,0.41069007,0.0,3.333026,0.0,0.0,0.0,0.0,4.3555965,0.0,0.0,0.0,0.0,2.444512,0.0,0.0,0.0,0.0,4.853471,0.0,0.0,0.0,5.1050515,0.0,0.0,0.0,0.0,0.0,0.0,13.476102,0.0,0.0,0.0,0.0,0.5267441,0.0,1.0398332,0.0,0.0,0.0,0.0,0.0,0.0,0.0,0.0,0.0,0.0,0.0,0.0,0.0,0.0,0.0,0.0,0.0,0.0,0.0,0.0,0.0,0.0
0.0,0.0,0.0,0.0,0.0,0.0,0.0,0.0,0.0,0.0,1.3993329,0.0,0.0,0.0,0.0,8.08623,0.0,2.6837425,12.159743,0.0,0.0,0.0,1.607722,5.54692,0.0,0.0,0.0,0.0,0.0,4.2699533,0.0,0.0,0.0,0.0,0.0,0.0,0.0,0.0,0.0,0.0,0.0,0.0,0.0,0.0,0.0,0.0,0.0,9.925587,0.0,0.0,0.0,0.0,0.0,1.1705873,0.0,3.2516806,0.0,0.0,0.0,0.0,0.0,0.0,0.0,4.766063,3.957537,0.81512123,0.0,0.0,0.0,0.0,4.2856855,0.0,0.0,0.0,0.0,0.0,0.0,0.0,0.0,0.0,1.940289,0.0,0.0,0.0,0.0,0.0,0.0,4.017173,0.0,0.0,5.9532576,1.397544,2.909816,0.0,2.2469647,0.0,0.0,0.9688024,0.0,0.0,0.0,0.0,0.0,0.0,0.0,0.7093904,0.0,0.0,0.0,2.7323263,3.6791313,0.0,0.0,0.0,0.0,0.0,0.0,0.0,0.0,0.0,0.0,0.0,0.0,0.0,0.0,0.0,0.0,0.0
0.0,0.0,0.0,0.0,0.0,0.3802503,0.0,0.0,0.0,0.0,0.0,0.0,0.0,0.0,0.0,0.0,3.2155147,0.0,0.0,0.0,0.0,0.0,0.0,0.0,0.0,0.0,0.0,0.0,0.0,0.0,0.0,0.0,0.0,0.0,0.0,0.0,0.0,0.0,0.0,0.0,0.04152672,0.0,0.0,0.0,0.0,0.0,0.0,3.037564,1.252629,0.0,0.0,0.122840784,0.0,0.0,0.0,0.0,0.0,0.0,0.0,0.0,0.0,0.0,0.0,4.1591926,0.0,0.0,10.489312,0.0,0.0,0.0,0.0,0.0,7.0423865,0.0,0.0,0.0,2.5092187,0.0,0.0,0.0,0.0,0.0,0.0,0.0,0.0,0.0,0.0,13.03079,0.0,0.0,0.0,15.759751,0.0,16.064518,0.6515657,0.0,0.0,0.0,0.0,0.0,0.0,0.0,0.0,0.0,10.910495,0.0,0.0,0.0,10.272405,0.0,0.0,0.0,0.0,0.0,0.0,0.0,8.603018,0.0,0.0,0.0,0.0,0.0,0.0,0.0,0.0,4.126204,0.0,0.0
0.0,5.081658,0.0,0.56480294,0.0,0.0,0.0,0.0,0.0,0.0,0.0,0.0,0.0,0.0,0.0,0.0,2.9012935,0.0,0.0,0.0,0.0,6.2914987,0.0,0.0,0.0,0.0,0.0,14.329107,0.0,0.0,0.0,0.0,0.0,0.0,0.0,0.0,0.0,0.0,0.6574484,0.0,0.0,0.0,0.0,0.0,0.0,0.0,0.0,0.0,9.825364,0.0,0.0,0.0,0.0,0.0,0.0,0.0,0.0,0.0,0.0,0.0,0.0,0.0,0.0,0.0,0.0,0.0,14.801697,0.0,0.0,0.0,0.0,0.0,0.0,0.0,0.0,0.0,0.0,0.0,0.0,0.0,0.0,0.0,0.0,0.0,0.0,0.0,0.0,0.0,0.0,0.0,0.0,0.0,0.0,4.553014,0.0,0.0,0.0,3.5964375,0.0,0.0,0.0,0.0,0.0,0.0,4.616928,0.0,0.0,0.0,0.0,4.343813,0.0,0.0,0.0,0.0,4.6849146,0.0,5.127429,0.0,0.0,0.0,0.0,0.0,0.0,0.0,0.0,0.0,0.0,0.0
0.0,0.0,0.0,0.0,0.0,0.0,0.0,0.0,0.0,0.0,0.0,0.0,0.0,0.0,0.0,0.0,0.0,2.975451,1.4151223,0.0,0.0,0.0,0.0,0.0,0.0,0.0,0.0,0.0,0.0,0.0,0.0,0.0,0.0,0.0,0.0,9.580289,0.0,0.0,0.0,0.0,0.0,0.3525106,0.0,0.0,0.0,0.0,0.0,6.016852,2.477208,0.0,0.0,0.0,0.0,0.40457675,0.0,0.0,0.0,0.0,0.0,0.0,0.0,0.0,0.0,0.0,6.0617676,0.0,3.9654515,0.0,1.2958941,0.0,0.0,0.0,0.0,0.0,0.0,0.0,0.0,0.46740282,0.0,0.0,0.0,0.0,0.0,0.0,0.47479942,0.0,0.0,0.0,0.0,0.0,0.0,0.0,0.0,4.0517297,9.344666,0.0,0.0,0.0,5.018163,0.0,0.0,0.0,0.0,0.0,0.0,0.42675564,0.0,0.0,0.0,6.576559,0.0,0.0,0.57012,0.0,0.0,0.0,0.0,0.0,0.0,0.0,0.0,0.0,7.2248034,0.0,0.0,0.0,0.0,0.0
0.0,0.0,0.0,0.0,0.0,0.0,0.0,0.0,0.0,0.0,0.0,0.0,0.0,0.0,0.0,0.0,0.0,2.5396357,2.9523115,0.0,0.0,0.0,0.0,0.0,0.0,0.0,0.0,1.147901,0.0,0.0,0.0,0.0,0.0,0.0,0.0,10.610155,0.0,0.0,0.0,0.0,0.0,0.0,0.0,0.0,0.0,0.0,0.0,2.895075,4.6174536,0.0,0.0,0.0,0.0,0.0,0.0,0.0,0.0,0.0,0.0,0.0,0.0,0.0,0.0,0.0,3.624818,0.066355795,2.2284691,0.0,2.8270307,0.0,0.0,0.0,0.0,0.0,0.0,0.0,0.0,3.239245,0.0,0.0,1.1636902,0.0,0.0,0.0,6.1323752,0.0,0.0,0.0,0.0,0.0,0.0,0.0,0.0,0.0,5.8350525,0.0,0.0,0.0,6.8677125,0.0,0.0,0.0,0.0,0.0,0.0,0.41373718,0.0,0.0,0.0,1.6113739,0.0,0.0,3.7570145,0.0,0.0,0.0,0.0,0.0,0.0,0.0,0.0,0.0,5.5381637,0.0,0.0,0.0,0.0,0.0
0.0,0.0,0.0,0.0,0.0,0.0,0.0,0.0,0.0,0.0,0.0,0.0,0.0,0.0,0.0,0.0,0.0,1.4529983,8.405601,0.0,0.0,0.9494759,0.0,0.0,0.0,0.0,0.0,3.1677155,0.0,0.0,0.0,0.0,0.0,0.0,0.0,4.2809978,0.0,0.0,0.0,0.0,0.0,0.0,0.0,0.0,0.0,0.0,0.0,0.0,0.2756973,0.0,0.0,0.0,0.0,0.0,0.0,0.0,0.0,0.0,0.0,0.0,0.0,0.0,0.0,0.0,0.0,0.0,2.3991494,0.0,0.0,0.0,0.0,0.0,0.0,0.0,0.0,0.0,0.0,0.0,0.0,0.0,0.0,0.0,0.0,0.0,2.1563184,0.0,0.0,0.0,0.0,0.9307993,0.0,0.0,0.0,0.0,1.4485321,0.0,0.0,0.0,0.0,0.0,0.0,0.0,0.0,0.0,0.0,1.8822036,0.0,0.0,0.0,2.428176,0.0,0.0,0.0,0.0,0.0,0.0,0.0,0.0,0.0,0.0,0.0,0.0,8.418108,0.0,0.0,0.0,0.0,0.0
0.0,0.0,0.0,0.0,0.0,0.0,0.0,0.0,0.0,0.0,5.515705,0.0,0.0,0.0,0.0,0.0,0.0,0.0,0.0,0.0,0.0,0.0,0.0,0.0,0.0,0.0,0.0,0.0,0.0,0.0,0.0,0.0,0.0,0.0,0.0,0.14133453,5.102516,0.0,0.0,0.0,0.0,0.0,0.0,0.0,0.0,0.0,0.0,8.33306,0.0,0.0,0.0,0.0,0.0,0.0,0.0,7.9483414,0.0,0.0,0.0,0.0,0.0,0.70867,0.0,4.365312,0.0,0.0,0.0,0.0,0.0,0.0,0.0,0.0,12.332337,0.0,0.0,0.0,0.0,8.586101,0.0,0.0,4.592567,0.0,1.4695886,0.0,0.0,0.0,0.0,0.0,0.0,0.0,0.0,0.0,4.5775537,0.0,0.0,0.0,0.0,0.0,1.2495188,0.0,0.0,0.0,0.0,0.0,6.4053745,7.8078895,0.0,0.0,0.0,2.3039532,0.0,0.0,0.0,0.0,0.0,0.0,0.0,0.0,0.0,0.0,0.0,0.0,0.0,0.0,0.0,0.0,0.0,0.0
0.0,0.0,0.0,0.0,0.0,0.0,0.0,0.0,0.0,0.0,0.0,0.0,0.0,0.0,0.0,0.0,0.0,5.185857,4.0598927,0.0,0.0,0.0,0.0,0.0,0.0,0.0,0.0,0.54494375,0.0,0.0,0.0,0.0,0.0,0.0,0.0,14.527874,0.0,0.0,0.0,0.0,0.0,0.0,0.0,0.0,0.0,0.0,0.0,5.9016485,4.139956,0.0,0.0,0.0,0.0,0.40274355,0.0,0.0,0.0,0.0,0.5086943,0.0,0.0,0.0,0.0,0.0,5.095422,0.0,4.0798087,0.0,2.6462595,0.0,0.0,0.0,0.0,0.0,0.0,0.0,0.0,3.3663547,0.0,0.0,0.0,0.0,0.0,0.0,3.0095098,0.0,0.0,0.0,0.0,0.0,0.0,0.0,0.0,1.0535452,6.315553,0.0,0.0,0.0,4.7474213,0.0,0.0,0.0,0.0,0.0,0.0,1.341852,0.0,0.0,0.0,4.0820765,0.0,0.0,3.145592,0.0,0.0,0.0,0.0,0.0,0.0,0.0,0.0,0.0,6.5613704,0.0,0.0,0.0,0.0,0.0
0.0,0.0,0.0,0.0,0.0,4.054151,0.0,0.0,0.0,0.0,0.0,0.0,0.0,0.0,0.0,0.0,0.0,7.942748,0.0,0.0,0.0,0.0,0.0,0.0,0.0,0.0,0.0,0.0,0.0,0.0,0.0,0.0,0.0,0.0,0.0,10.62107,0.0,0.0,0.0,0.0,0.0,0.0,0.0,0.0,0.0,0.0,0.0,9.491492,0.0,0.0,0.0,0.0,0.0,0.0,0.0,0.0,0.0,0.0,0.0,0.0,0.0,0.0,0.0,0.0,11.014127,1.3300669,7.05642,0.0,0.0,0.0,0.0,0.0,0.0,0.0,0.0,0.0,0.0,0.0,0.0,0.0,0.0,0.0,0.0,0.0,0.0,0.0,0.0,0.0,0.0,0.0,0.0,9.265824,0.0,4.96493,0.0,0.0,0.0,0.0,2.632089,0.0,0.0,0.0,0.0,0.0,0.0,0.0,0.0,0.0,0.0,1.981003,0.0,0.0,0.0,0.0,0.0,0.0,0.0,0.0,0.0,0.0,0.0,0.0,0.0,0.0,0.0,0.0,0.0,0.0
0.0,0.0,0.0,0.0,0.0,0.0,0.0,0.0,0.0,0.0,11.7827835,0.0,0.0,0.0,0.0,1.6911037,0.0,3.170809,11.883153,0.0,0.0,0.0,2.6150851,4.858927,0.0,0.0,0.0,0.0,0.0,0.0,0.0,0.0,0.0,0.0,11.805601,3.1071188,0.0,0.0,0.0,0.0,0.0,0.0,0.0,0.0,0.0,0.0,0.0,11.771883,0.0,0.0,0.0,0.0,0.0,8.942278,0.0,5.6311884,0.0,0.0,0.0,0.0,0.0,0.0,0.0,0.30245692,0.0,6.634443,0.0,0.0,0.0,0.0,0.55208695,0.0,0.48801324,0.0,0.0,0.0,0.0,6.410402,1.7990441,0.0,0.0,0.0,3.1395352,0.0,0.0,0.0,5.579155,0.0,0.0,0.0,0.0,0.0,5.0458255,0.0,0.28740677,0.0,0.0,1.3913296,0.0,0.0,0.0,0.0,0.0,0.0,0.0,12.581586,0.0,0.0,0.0,4.368009,0.0,0.0,0.0,0.0,0.0,0.0,0.0,0.0,0.0,0.0,0.0,0.0,0.0,0.0,0.0,0.0,0.0,0.0
0.0,0.0,0.0,0.0,0.0,0.0,0.0,0.0,0.0,0.0,0.0,0.0,0.0,0.0,0.0,0.0,0.0,4.234976,3.8094528,0.0,0.0,0.0,0.0,0.0,0.0,0.0,0.0,1.8995675,0.0,0.0,0.0,0.0,0.0,0.0,0.0,8.25519,0.0,0.0,0.0,0.0,0.0,0.0,0.0,0.0,0.0,0.0,0.0,3.700362,3.75321,0.0,0.0,0.0,0.0,0.53683835,0.0,0.0,0.0,0.0,0.0,0.0,0.0,0.0,0.0,0.0,4.012843,0.0,1.4146911,0.0,0.109956115,0.0,0.0,0.0,0.0,0.0,0.0,0.0,0.0,0.108234495,0.0,0.0,0.0,0.0,0.0,0.0,5.784493,0.0,0.0,0.0,0.0,0.0,0.0,1.9557253,0.0,0.0,6.2611117,0.0,0.0,0.0,5.9143095,0.0,0.0,0.0,0.0,0.0,0.0,0.50695795,0.0,0.0,0.0,1.6094929,0.6684302,0.0,3.544759,0.0,0.0,0.0,0.0,0.0,0.0,0.0,0.0,0.0,9.318438,0.0,0.0,0.0,0.0,0.0
0.0,5.053083,0.0,3.573162,0.0,0.0,0.0,0.0,0.0,0.0,0.0,0.0,0.0,0.0,0.0,0.0,0.0,0.0,0.0,0.0,0.0,6.11788,0.0,0.0,0.0,0.0,0.0,6.5232444,0.0,0.0,0.0,0.0,0.0,0.0,0.0,0.0,0.0,0.0,0.0,0.0,0.0,0.0,0.48624352,0.0,0.0,0.0,0.0,0.0,0.0,0.0,0.0,0.0,0.0,0.0,0.0,0.0,0.0,0.0,0.0,0.0,0.0,0.0,0.0,3.8122754,0.0,0.0,8.852239,0.0,0.0,0.0,0.0,0.0,0.0,0.0,0.0,0.0,0.0,0.0,0.0,0.0,0.0,0.0,0.0,0.0,0.0,0.0,0.0,0.0,0.0,0.0,0.0,0.0,0.0,2.0706716,0.0,0.63622963,0.0,2.0739672,0.0,0.0,0.0,0.0,0.0,0.0,3.763579,0.0,0.0,0.0,0.0,0.0,0.0,0.0,0.0,0.0,13.185551,0.0,5.4949703,0.0,0.0,0.0,0.0,0.0,10.771274,0.0,0.0,0.0,0.0,0.0
0.0,0.0,0.0,0.0,0.113277264,0.0,0.0,0.0,0.0,0.0,2.3231494,0.0,0.0,0.0,0.0,1.4158362,0.0,2.8872302,9.4814205,0.0,0.0,0.0,4.964406,0.19861184,0.0,0.0,0.0,0.0,0.0,2.183985,0.0,0.0,0.0,0.0,13.973608,2.9663174,0.0,0.0,0.0,0.0,0.0,0.0,0.0,0.0,0.0,0.0,0.0,5.4605184,0.0,0.0,0.0,0.0,0.0,3.431242,0.0,0.0,0.0,0.0,0.0,0.0,0.0,0.0,0.0,0.0,0.0,6.0142283,0.0,0.0,0.0,0.0,0.21318361,0.0,0.0,0.0,0.0,0.0,0.9642236,7.4838133,0.0,0.0,0.0,0.0,0.0,0.0,0.0,0.0,3.4595604,0.0,0.0,0.0,0.0,2.9842658,0.7399442,0.0,0.0,0.0,0.0,0.30563736,0.0,0.0,0.0,0.0,0.0,0.0,0.0,3.2729194,0.0,0.0,0.0,0.0,0.5585383,0.0,0.2168727,0.0,0.0,0.0,0.0,0.0,0.0,0.0,0.0,0.0,0.0,0.0,0.0,0.0,0.0,0.0
0.0,0.0,0.0,0.0,0.0,0.0,0.0,0.0,0.0,0.0,1.1572032,0.0,0.0,0.0,3.7596798,0.0,0.019189468,0.16650793,0.0,0.0,0.0,2.9773214,0.0,0.0,0.0,0.16576295,0.0,0.0,0.0,0.0,0.0,0.0,0.0,0.0,0.0,0.0,0.0,0.0,0.0,0.0,0.0,0.0,0.0,0.0,0.0,0.0,0.0,0.0,0.0,0.0,0.0,0.0,0.0,0.0,0.0,0.0,2.1058125,3.9610682,0.0,0.0,0.0,0.0,0.0,2.4673,0.0,4.4428954,0.0,0.0,0.0,4.7276974,0.0,0.0,0.20853317,0.0,0.0,0.0,0.0,2.7976317,0.0,0.0,0.0,0.0,0.0,1.8071562,0.8217193,0.0,0.0,0.0,0.0,0.0,0.0,4.578954,0.0,2.1925604,0.0799059,0.0,0.0,0.0,0.0,0.0,0.0,0.0,0.0,0.0,1.8099742,0.0,0.0,0.0,7.23329,0.0,0.3292662,0.0,0.0,0.0,0.0,0.0,3.0315046,0.0,0.0,0.0,0.0,0.0,3.9745007,0.0,0.0,0.0,1.7065905,0.0
0.0,0.0,0.0,0.0,0.0,0.0,0.0,0.0,0.0,0.0,0.0,0.0,0.0,0.0,0.0,6.4971437,0.0,7.4021144,5.974209,0.0,0.0,0.0,0.0,0.0,0.0,0.0,0.0,0.0,0.0,4.781507,0.0,0.0,0.0,0.0,3.6680343,5.651376,0.0,0.0,0.0,0.0,0.0,0.0,0.0,0.0,0.0,0.0,0.0,10.1364,0.0,0.0,0.0,0.0,0.0,3.7630312,0.0,5.0122533,0.0,0.0,0.0,0.0,0.0,0.0,0.0,0.0,8.048226,4.3981304,0.0,0.0,0.0,0.0,0.0,0.0,0.0,0.0,0.0,0.76916695,0.0,4.1178274,0.0,0.0,1.8401151,0.0,0.0,0.0,5.8149095,0.0,0.0,0.0,0.0,0.0,0.0,4.261456,0.0,0.0,0.0,0.0,0.0,0.0,9.548147,0.0,0.0,0.0,0.0,0.0,0.0,3.8971767,0.0,0.037634805,0.0,0.9388793,0.88492835,0.0,2.0787961,0.0,0.0,0.0,0.0,0.0,0.0,0.0,0.0,0.0,0.36168736,0.0,0.0,0.0,0.0,0.0
0.0,0.0,0.0,0.0,0.0,0.0,0.0,0.0,0.0,0.0,7.8488355,0.0,0.0,0.0,0.0,6.599028,0.0,5.0887213,8.566633,0.0,0.0,0.0,0.0,1.1482601,0.0,0.0,0.0,0.0,0.0,0.0,0.0,0.0,0.0,0.0,9.551712,5.943778,0.0,0.0,0.0,0.0,0.0,0.0,0.0,0.0,0.0,0.0,0.0,11.327676,0.0,0.0,0.0,0.0,0.0,9.552057,0.0,5.987701,0.0,0.0,0.0,0.0,0.0,0.0,0.0,0.0,0.0,5.4939914,0.0,0.0,0.0,0.0,0.965188,0.0,0.0,0.0,0.0,0.0,0.0,6.2658386,3.4531202,0.0,0.0,0.0,1.7635871,0.0,1.2238541,0.0,0.0,0.0,0.0,0.0,0.0,0.0,0.7697913,0.0,0.0,0.0,0.0,0.0,8.273538,0.0,0.0,0.0,0.0,0.0,0.0,10.292981,0.0,0.0,0.0,2.0291588,0.0,0.0,0.0,0.0,0.0,0.0,0.0,0.0,0.0,0.0,0.0,0.0,0.0,0.0,0.0,0.0,0.0,0.0
0.0,0.0,0.0,0.0,0.0,0.0,0.0,0.0,0.0,0.0,0.5021497,0.0,0.0,0.0,0.87062585,4.247094,0.0,0.0,0.0,0.0,0.0,1.705125,3.2306414,8.219103,0.0,0.0,0.0,0.0,0.0,0.0,0.0,0.0,0.0,0.0,2.0990803,0.0,0.0,0.0,0.0,0.0,0.0,0.0,0.0,0.0,0.0,0.0,0.0,0.0,0.0,0.0,0.0,0.0,0.0,4.048898,0.0,0.0,0.0,0.0,0.0,0.0,0.0,0.0,0.0,9.249107,0.0,6.19348,0.0,0.0,0.0,0.0,0.0,0.0,10.613991,0.0,0.0,0.0,0.0,5.606069,0.0,0.0,0.0,0.0,1.298958,1.8135298,0.0,0.0,0.0,0.48682222,0.0,0.0,0.0,0.0,0.0,0.0,0.0,0.0,0.0,0.6580313,15.518274,0.0,0.0,0.0,0.0,7.3064756,7.7122064,5.893354,0.0,0.0,0.0,0.0,0.0,0.0,0.0,0.0,0.0,0.0,0.0,0.0,0.0,0.0,0.0,0.0,0.0,0.0,0.0,0.0,0.0,0.0
0.0,0.0,0.0,0.45331264,0.0,5.454721,0.0,0.0,0.0,0.0,0.0,0.0,0.0,0.0,0.0,0.0,0.0,0.0,9.907873,0.0,0.0,0.0,0.0,0.0,0.0,0.0,0.0,0.0,0.0,0.0,0.0,0.0,0.0,0.0,0.0,5.53461,0.0,0.0,0.0,0.0,0.0,5.021162,0.0,0.0,0.0,0.0,0.0,6.954879,0.0,0.0,0.0,0.0,0.0,0.0,0.0,6.104936,0.0,0.0,0.0,0.0,0.0,0.0,0.0,0.0,4.4188604,0.0,2.253842,0.0,0.0,0.0,0.0,0.0,0.0,0.0,0.0,0.0,2.6921966,0.0,0.0,0.0,0.0,0.0,3.0756814,0.0,0.0,0.0,0.17739105,0.0,0.0,0.0,0.0,0.0,0.0,7.819568,10.013379,0.0,0.0,0.0,0.0,0.0,0.0,0.0,0.0,0.0,0.0,0.8270389,0.0,0.0,0.0,14.17116,0.0,0.0,0.0,0.0,0.0,0.0,0.0,0.0,0.0,0.0,0.0,1.5416569,10.390095,0.0,0.0,0.0,0.0,0.0
0.0,0.0,0.0,0.0,0.0,0.0,0.0,0.0,0.0,0.0,3.6528447,0.0,0.0,0.0,0.0,6.7541733,0.0,0.7566364,8.053562,0.0,0.0,0.0,0.374491,0.0,0.0,0.0,0.0,0.0,0.0,4.000799,0.0,0.0,0.0,0.0,3.18065,0.0,0.0,0.0,0.0,0.0,0.0,0.0,0.0,0.0,0.0,0.0,0.0,3.5084512,0.0,0.0,0.0,0.0,0.0,3.1818647,0.0,2.759907,0.0,0.0,0.0,0.0,0.0,0.0,0.0,0.0,0.0,4.597776,0.0,0.0,0.0,0.0,1.7807649,0.0,0.0,0.0,0.0,0.0,0.0,3.4280233,0.0,0.0,0.0,0.0,0.0,0.0,1.14415,0.0,0.0,0.0,0.0,0.0,1.3958471,0.0,0.118966594,0.0,0.0,0.0,0.0,3.0720456,0.0,0.0,0.0,0.0,0.0,0.0,0.0,0.92120653,0.0,0.0,0.0,0.0,2.0280952,0.0,0.0,0.0,0.0,0.0,0.0,0.0,0.0,0.0,0.0,0.0,1.6700777,0.3577578,0.0,0.0,0.0,0.0
0.0,0.0,0.0,0.0,0.0,0.0,0.0,0.0,0.0,0.0,0.36769313,0.0,0.0,0.0,0.0,9.283502,3.751093,0.0,3.8716512,0.0,0.0,0.0,4.831092,9.678025,0.0,0.0,0.0,0.0,0.0,1.542203,0.0,0.0,0.0,0.0,0.0,0.0,0.0,0.0,0.6179791,0.0,0.0,0.0,0.0,0.0,0.0,0.0,0.0,0.3073676,0.0,0.0,0.0,0.0,0.0,0.0,0.0,0.0,0.0,0.0,0.0,0.3920077,0.0,0.0,0.0,3.9396808,0.0,0.0,0.0,0.0,0.0,0.0,0.0,0.0,0.0,0.0,0.0,0.0,0.0,0.0,0.0,0.0,0.0,0.0,0.0,0.0,0.0,0.0,0.0,0.0,0.0,0.0,0.68116736,0.0,4.310146,0.0,0.0,0.0,0.0,9.660749,0.0,0.0,0.0,0.0,0.0,0.0,0.0,0.43978515,0.0,0.0,0.0,0.7966368,0.9892606,0.0,0.0,0.0,0.0,0.0,0.0,0.0,0.0,0.0,0.0,0.0,0.0,1.853349,2.4508574,0.0,0.0,0.0
0.0,0.0,0.0,0.0,0.0,0.0,0.0,0.0,0.0,0.0,0.0,0.0,0.0,0.0,0.0,0.0,0.0,0.0,0.0,0.0,0.0,0.0,0.0,0.0,0.0,0.0,0.0,0.0,0.0,0.0,0.0,0.0,0.0,0.0,0.0,0.0,13.261609,0.0,0.0,0.0,0.0,0.0,0.0,0.0,0.0,0.0,0.0,12.675304,0.0,0.0,0.0,0.0,0.0,0.0,0.0,10.048718,0.0,0.0,0.0,0.0,0.0,0.0,0.0,7.106621,0.0,0.0,0.0,0.0,0.0,0.0,0.0,0.0,22.974293,0.0,0.0,0.0,0.0,4.61236,0.0,0.0,0.2894354,0.0,4.38966,0.0,0.0,0.0,0.0,0.0,0.0,0.0,0.0,0.0,9.818379,0.0,0.8405409,0.0,0.0,0.0,19.560219,0.0,0.0,0.0,0.0,5.0846047,5.537942,12.337408,0.0,0.0,0.0,9.904822,0.0,0.0,0.0,0.0,0.0,0.0,0.0,0.0,0.0,0.0,0.0,0.0,0.0,0.0,0.0,0.0,0.0,0.0
0.46761927,0.0,0.0,0.0,0.0,0.0,0.0,0.0,0.0,0.0,0.0,0.0,0.0,0.0,0.0,0.0,0.0,3.926599,4.2938356,0.0,0.0,0.0,0.0,0.0,0.0,0.0,0.0,0.0,0.0,0.0,0.0,0.0,0.0,0.0,0.0,6.4790287,0.0,0.0,0.0,0.0,0.0,0.0,0.0,0.0,0.0,0.0,0.0,1.2422253,2.309044,0.0,0.0,0.0,0.0,0.0,0.0,0.0,0.0,0.0,0.0,0.0,0.0,0.0,0.0,0.0,2.8035793,0.0,4.451964,0.0,0.0,0.0,0.0,0.0,0.0,0.0,0.0,0.0,0.0,0.0,0.0,0.0,0.0,0.0,0.0,0.0,1.1309329,0.0,0.0,0.0,0.0,0.0,0.0,0.1554676,0.0,3.657764,4.8023515,0.0,0.0,0.0,1.4018141,0.0,0.0,0.0,0.0,0.0,0.0,0.0,0.0,0.0,0.0,2.6743042,0.0,0.0,0.0,0.0,0.0,0.0,0.0,0.0,0.0,0.0,0.0,0.0,7.4216347,0.0,0.0,0.0,0.0,0.0
0.0,0.0,3.570353,0.0,0.0,0.0,0.0,0.0,0.0,0.0,0.22706847,0.0,0.0,0.0,3.451107,4.355152,0.0,0.0,0.0,0.0,0.0,3.2622159,1.2558972,5.586735,0.0,0.0,0.0,0.0,0.0,0.0,0.0,0.0,0.0,0.0,0.0,0.0,0.0,0.0,0.0,0.0,0.0,0.0,0.0,0.0,0.0,0.0,0.0,0.0,0.0,0.0,0.0,0.0,0.0,4.12208,0.0,2.7888055,0.0,0.0,0.0,0.0,0.0,0.0,0.0,4.819444,0.0,6.1266136,0.0,0.0,0.0,0.0,0.0,0.0,8.467291,0.0,0.0,0.0,0.0,4.34525,0.0,0.0,0.0,0.0,0.0,5.4012485,0.7276574,0.0,0.0,0.0,0.23287074,0.0,0.0,0.0,0.0,0.0,0.0,0.0,0.0,2.0507543,15.002768,0.0,0.0,0.0,0.0,4.427605,3.770923,2.9905121,0.0,0.0,0.0,0.3824264,4.2331953,0.0,0.0,0.0,0.0,0.0,0.0,0.0,0.0,0.0,0.0,0.0,0.0,0.0,0.0,0.0,0.0,0.0
0.0,0.0,0.0,0.0,0.0,0.3992347,0.0,0.0,0.0,0.0,0.0,0.0,0.0,0.0,0.0,0.0,0.0,4.286676,0.0,0.0,0.0,0.0,0.0,0.0,0.0,0.0,0.0,0.0,0.0,0.0,0.0,0.0,0.0,0.0,0.0,7.539068,0.0,0.0,0.0,0.0,0.0,0.0,0.0,0.0,0.0,0.0,0.0,1.1967648,4.6472034,0.0,0.0,0.0,0.0,0.0,0.0,0.0,0.0,0.0,0.0,0.0,0.0,0.0,0.0,0.0,4.4546022,0.0,6.7329016,0.0,0.56068176,0.0,0.0,0.0,0.0,0.0,0.0,0.0,0.0,1.416089,0.0,0.0,0.0,0.0,0.0,0.0,1.7452354,0.0,0.0,0.0,0.0,0.0,0.0,1.4131696,0.0,4.26857,7.8304243,0.0,0.0,0.0,4.116903,0.0,0.0,0.0,0.0,0.0,0.0,0.0,0.0,0.0,0.0,2.5580328,0.0,0.0,0.31656173,0.0,0.0,0.0,0.0,0.0,0.0,0.0,0.0,0.0,4.951941,0.0,0.0,0.0,0.0,0.0
0.0,0.0,0.0,0.0,0.0,5.663471,0.0,0.0,0.0,0.0,0.0,0.0,0.0,0.0,0.0,0.0,0.0,7.181773,0.3575293,0.0,0.0,0.0,0.0,0.0,0.0,0.0,0.0,0.0,0.0,0.0,0.0,0.0,0.0,0.0,0.0,11.019293,0.0,0.0,0.0,0.0,0.0,0.0,0.0,0.0,0.0,0.0,0.0,11.682942,0.0,0.0,0.0,0.0,0.0,0.0,0.0,0.0,0.0,0.0,0.0,0.0,0.0,0.0,0.0,0.0,12.253684,0.0,9.456729,0.0,0.0,0.0,0.0,0.0,0.0,0.0,0.0,0.0,2.6015105,0.0,0.0,0.0,0.0,0.0,0.0,0.0,0.0,0.0,0.0,0.0,0.0,0.0,0.0,8.000527,0.0,11.268258,0.0045278035,0.0,0.0,0.0,0.0,0.0,0.0,0.0,0.0,0.0,0.0,0.0,0.0,0.0,0.0,7.874768,0.0,0.0,0.0,0.0,0.0,0.0,0.0,0.0,0.0,0.0,0.0,0.0,1.1877112,0.0,0.0,0.0,0.0,0.0
0.0,0.0,0.0,0.0,0.0,0.0,0.0,0.0,0.0,0.0,5.342547,0.0,0.0,0.0,0.0,2.3776205,0.0,3.8362412,9.063264,0.0,0.0,0.0,0.0,0.0,0.0,0.0,0.0,0.0,0.0,0.0,0.0,0.0,0.0,0.0,4.6008406,4.176947,0.0,0.0,0.0,0.0,0.0,0.0,0.0,0.0,0.0,0.0,0.0,9.236782,0.0,0.0,0.0,0.0,0.0,7.5330973,0.0,6.355826,0.0,0.0,0.0,0.0,0.0,0.0,0.0,0.0,0.037730575,2.6058261,0.0,0.0,0.0,0.0,0.0,0.0,0.0,0.0,0.0,0.0,0.0,5.0204964,3.8233013,0.0,1.1120363,0.0,2.0526836,0.0,6.3782997,0.0,0.0,0.0,0.0,0.0,0.0,0.0,3.4368622,0.0,0.5602499,0.0,0.0,0.0,10.81452,0.0,0.0,0.0,0.0,0.0,0.0,12.491129,0.0,0.0,0.0,6.89008,0.0,0.0,0.0,0.0,0.0,0.0,0.0,0.0,0.0,0.0,0.0,0.0,0.6050828,0.0,0.0,0.0,0.0,0.0
0.0,0.0,0.0,0.0,1.1223001,0.0,0.0,0.0,0.0,0.0,10.378208,0.0,0.0,10.75448,0.0,0.0,0.20298664,0.0,17.232433,0.0,0.0,0.0,0.0,0.0,0.0,0.0,0.0,0.0,0.0,0.0,0.0,0.0,0.0,0.0,0.5504472,0.0,0.0,0.0,0.0,0.0,0.0,6.662654,0.0,0.0,0.0,0.0,0.0,6.168602,0.0,0.0,0.0,0.0,0.0,4.7054663,0.0,6.465183,0.0,0.0,0.0,0.0,0.0,0.0,0.0,0.0,0.030418623,0.25073418,0.0,0.0,0.0,0.0,0.0,0.0,0.0,0.0,0.0,0.0,1.160409,0.0,0.0,0.0,3.027047,0.0,2.94647,4.0091085,0.0,0.0,6.1891394,0.0,0.0,0.00398059,0.0,0.0,0.0,0.0,1.2464969,1.1907543,0.0,6.063657,0.0,0.0,0.0,0.0,0.0,0.0,0.0,0.0,0.0,0.0,0.0,3.8326952,0.0,0.0,0.0,0.0,0.0,0.0,0.0,0.0,0.0,0.0,0.70647246,0.0,3.0064132,0.0,0.0,0.0,0.0,0.0
0.0,0.0,0.0,3.601517,0.0,0.0,0.0,0.0,0.0,0.0,7.8764086,0.0,0.0,0.0,0.0,0.29797623,3.4836197,0.0,0.0,0.0,0.0,0.0,0.0,0.78080416,0.0,0.0,0.0,0.0,0.0,6.3480034,0.0,0.0,0.0,0.0,5.2773104,0.0,0.0,0.0,0.0,0.0,0.0,0.0,0.0,0.0,0.0,0.0,0.0,0.0,0.0,0.0,0.0,0.0,0.0,0.0,0.0,0.56657207,0.0,0.5832596,0.0,6.721889,0.0,0.0,0.0,8.4056225,0.0,0.0,0.0,0.0,0.0,0.0,0.0,0.0,0.0,0.0,0.0,0.0,0.0,11.103846,0.0,0.0,0.0,0.0,0.0,0.0,0.0,0.0,0.0,0.0,0.0,0.0,6.4809403,0.0,10.901177,0.0,0.0,0.0,0.0,13.180165,0.0,0.0,0.0,0.0,0.0,0.0,9.684611,5.6050596,0.0,0.0,0.0,0.0,0.0,0.0,0.0,0.79382986,0.0,0.0,0.0,0.0,0.0,0.0,0.0,0.0,0.0,2.2540877,3.1216903,0.0,0.0,0.0
0.0,0.0,0.0,0.0,2.1887794,0.0,0.0,0.0,0.0,0.0,3.6717663,0.0,0.0,0.0,0.0,6.15156,5.238513,0.0,14.929026,0.0,0.0,0.0,4.5675225,1.8732775,0.0,0.0,0.0,0.0,0.0,0.0,0.0,0.0,0.0,0.0,13.521728,0.844832,0.0,0.0,0.0,0.0,0.0,4.2663994,0.0,0.0,0.0,0.0,0.0,11.468512,0.0,0.0,0.0,0.0,0.0,1.4420915,0.0,0.0,0.0,0.0,0.5563012,0.0,0.0,0.0,0.0,0.0,0.0,1.3184949,0.0,0.0,0.0,0.0,0.0,0.0,0.0,0.0,0.0,0.0,6.3306875,0.0,0.0,0.0,0.0,0.0,0.0,0.0,0.0,0.0,0.39549226,1.6189553,0.0,0.0,0.0,1.3132824,4.14988,0.0,0.0,0.0,0.0,5.388134,0.0,0.0,0.0,0.0,0.0,0.0,0.0,0.0,0.0,0.0,0.0,0.0,0.0,0.0,0.0,0.0,0.0,0.0,0.0,0.0,0.0,0.0,0.0,0.0,0.0,0.0,0.0,0.0,0.0,0.0
0.0,0.0,0.0,0.0,4.058403,0.0,0.0,0.0,0.0,0.0,0.83136266,0.0,0.0,0.0,0.0,0.0,0.0,0.40057778,2.6068568,0.0,0.0,0.0,2.0725906,0.0,0.0,0.0,0.0,0.0,0.0,0.0,0.0,0.0,0.0,0.0,11.664784,10.741086,0.0,0.0,0.0,0.0,0.0,0.36778656,0.0,0.0,0.0,0.0,0.0,6.643765,2.1346192,0.0,0.0,0.0,0.0,3.5034158,0.0,0.0,0.0,0.0,0.0,0.0,0.0,0.0,0.0,0.0,0.0,1.8404101,0.0,0.0,5.586251,0.0,0.0,0.0,0.0,0.0,0.0,0.0,0.0,4.6896324,0.0,0.0,0.0,0.0,5.171685,0.0,0.0,0.0,0.0,3.3661003,0.0,0.0,0.0,2.9426932,0.0,0.0,0.0,0.0,0.0,0.0,5.2627435,0.0,0.0,0.0,0.0,0.0,0.0,2.8508685,0.0,0.0,2.8447626,0.0,0.0,0.0,4.4914575,0.0,0.0,0.0,0.0,0.0,0.0,0.0,0.0,0.0,0.0,0.0,0.0,0.0,0.0,0.0
0.0,0.0,0.0,0.0,0.0,0.0,0.0,0.0,0.0,0.0,5.2256975,0.0,0.0,0.0,0.0,3.638482,0.0,0.0,6.161728,0.0,0.0,0.0,0.0,3.59682,0.0,0.0,0.0,0.0,0.0,0.0,0.0,0.0,0.0,4.6109333,0.0,0.0,0.0,0.0,0.0,0.0,0.0,0.0,0.0,0.0,0.0,0.0,0.0,6.7852216,0.0,0.0,0.0,0.0,0.0,6.161504,0.0,8.277525,0.0,0.0,0.0,0.0,0.0,0.0,0.0,0.0,4.8237944,4.8002057,0.0,0.0,0.0,0.0,1.0722737,0.0,1.8223591,0.0,0.0,0.0,0.0,0.0,0.0,0.0,2.402084,0.0,1.7540802,3.7110713,0.0,0.0,3.3783896,3.6355684,0.0,0.0,0.369962,0.0,0.0,0.0,1.4263046,0.0,0.0,1.7941873,2.6217895,0.0,0.0,0.0,0.0,0.0,0.0,0.0,1.0739055,0.0,0.0,1.2797363,3.3730721,0.0,0.0,0.0,0.0,0.0,0.0,0.0,0.0,0.0,0.0,0.0,2.3087177,0.0,0.0,0.0,0.0,0.0
0.0,0.0,0.0,0.0,0.0,0.0,0.0,0.0,0.0,0.0,11.532081,0.0,0.0,0.0,0.0,11.878392,0.0,0.0,1.9040928,0.0,0.0,0.0,0.0,7.515398,0.0,0.0,0.0,0.0,0.0,3.4136086,0.0,0.0,0.0,0.0,5.8976545,0.0,0.0,0.0,0.0,0.0,0.0,0.0,0.0,0.0,0.0,0.0,0.0,5.549249,0.0,0.0,0.0,0.0,0.0,9.649864,0.0,12.703515,0.0,0.0,0.0,0.0,0.0,0.0,0.0,2.3548586,0.0,11.484358,0.0,0.0,0.0,0.0,0.0,0.0,6.152833,0.0,0.0,0.0,0.0,2.5932517,0.0,0.0,0.0,0.0,2.258959,0.45802766,4.0777607,0.0,0.0,2.3684576,0.0,0.0,0.0,0.0,1.532311,0.0,0.0,0.0,0.0,1.1096365,13.498849,0.0,0.0,0.0,0.0,0.0,0.0,0.6441266,0.0,0.0,0.7711911,0.0,0.0,0.0,0.0,0.0,0.0,0.0,0.0,0.0,0.0,0.0,0.0,0.0,0.0,0.0,0.0,0.0,0.0,0.0
0.0,0.0,0.0,0.0,0.0,0.0,0.0,0.0,0.0,0.0,12.678554,0.0,0.0,0.0,0.0,7.725301,6.28327,0.0,0.0,0.0,0.0,0.0,0.22711262,7.5671277,0.0,0.0,0.0,0.0,0.0,0.0,0.0,0.0,0.0,0.0,8.186511,0.0,0.0,0.0,0.0,0.0,0.0,0.0,0.0,0.0,0.0,0.0,0.0,4.0402637,0.0,0.0,0.0,0.0,0.0,0.0,0.0,2.181108,0.0,0.0,0.0,3.8957927,0.0,0.0,0.0,6.106787,0.0,5.7164645,0.0,0.0,0.0,0.0,0.0,0.0,5.1877046,0.0,0.0,0.0,0.0,4.894227,0.0,0.0,0.0,0.0,0.0,0.0,0.0,0.0,2.851673,0.0,0.0,0.0,0.0,0.0,5.7661414,0.0,0.0,0.0,0.0,6.337187,0.0,0.0,0.0,0.0,0.0,0.0,4.9501123,3.1140208,0.0,0.0,0.0,0.0,0.0,0.0,0.0,0.0,0.0,0.0,0.0,0.0,0.0,0.0,0.0,0.0,0.0,4.2082233,0.0,0.0,0.0,0.0
0.0,0.0,0.0,0.0,0.0,0.0,0.0,0.0,0.0,0.0,1.0681322,0.0,0.0,0.0,0.0,4.1364145,0.0,4.8134475,7.108967,0.0,0.0,0.0,0.0,0.028790053,0.0,0.0,0.0,0.0,0.0,1.227801,0.0,0.0,0.0,0.0,1.3691442,2.1377494,0.0,0.0,0.0,0.0,0.0,0.0,0.0,0.0,0.0,0.0,0.0,8.266236,0.0,0.0,0.0,0.0,0.0,3.283148,0.0,5.5125613,0.0,0.0,0.0,0.0,0.0,0.0,0.0,0.0,5.1126986,3.7238934,0.0,0.0,0.0,0.0,2.8956947,0.0,0.0,0.0,0.0,0.0,0.0,2.6243467,0.0,0.0,0.0,0.0,0.0,0.0,0.0,0.0,1.4365036,0.0,0.0,0.0,0.35218188,2.505536,0.0,0.0,0.0,0.0,0.0,0.0,5.3268723,0.0,0.0,0.0,0.0,0.0,0.0,3.6390398,0.0,0.0,0.0,2.3119211,1.9995427,0.0,0.37453315,0.0,0.0,0.0,0.0,0.0,0.0,0.0,0.0,0.0,2.658733,0.0,0.0,0.0,0.0,0.0
0.0,0.0,0.0,0.0,0.0,1.703782,0.0,0.0,0.0,0.0,0.0,0.0,0.0,0.0,0.0,0.0,0.0,6.5763783,1.1600999,0.0,0.0,0.0,0.0,0.0,0.0,0.0,0.0,0.0,0.0,0.0,0.0,0.0,0.0,0.0,0.0,9.338203,0.0,0.0,0.0,0.0,0.0,0.0,0.0,0.0,0.0,0.0,0.0,6.536061,0.0,0.0,0.0,0.0,0.0,0.53430825,0.0,0.0,0.0,0.0,0.0,0.0,0.0,0.0,0.0,0.0,9.965893,0.0,7.486481,0.0,0.0,0.0,0.0,0.0,0.0,0.0,0.0,0.0,0.0,0.0,0.0,0.0,0.0,0.0,0.0,0.0,0.0,0.0,0.0,0.0,0.0,0.0,0.0,2.775941,0.0,5.672164,5.502523,0.0,0.0,0.0,3.4651835,0.0,0.0,0.0,0.0,0.0,0.0,0.0,0.0,0.0,0.0,4.235408,0.0,0.0,0.0,0.0,0.0,0.0,0.0,0.0,0.0,0.0,0.0,0.0,4.7811337,0.0,0.0,0.0,0.0,0.0
0.0,0.0,0.0,0.0,0.29042846,0.0,0.0,0.0,0.0,0.0,0.0,0.0,0.0,0.0,0.0,1.9981169,0.0,1.1356783,2.4138324,0.0,0.0,0.8757497,0.0,0.0,0.0,0.0,0.0,0.0,0.0,0.0,0.0,0.0,0.0,0.0,4.142353,1.7957544,0.0,0.0,0.0,0.0,0.0,0.0,0.0,0.32280836,0.0,0.0,0.0,0.0,0.0,0.0,0.0,0.0,0.0,0.0,0.0,0.0,0.0,0.0,0.0,0.0,0.0,0.0,0.0,2.8761928,0.0,7.7147927,0.0,0.0,0.0,0.0,0.0,0.0,0.21078257,0.0,0.0,0.0,0.0,3.21518,0.0,0.0,0.0,0.0,0.36021125,0.0,1.4701968,0.0,0.0,0.0,0.0,0.0,0.0,6.2310457,0.0,0.0,0.0,0.0,0.0,0.0,3.0866811,0.0,0.0,0.0,0.0,0.0,0.0,0.0,0.0,0.0,0.583707,0.0,0.0,0.0,0.401519,0.0,0.0,0.0,0.0,0.0,0.0,0.0,0.0,0.0,0.0,0.0,0.0,0.0,0.0,0.0
0.0,0.0,0.0,0.0,0.0,0.0,0.0,0.0,0.0,0.0,0.0,0.0,0.0,0.0,0.0,3.0730608,0.0,4.866344,10.786749,0.0,0.0,0.0,1.7199953,0.0,0.0,0.0,0.0,0.0,0.0,0.0,0.0,0.0,0.0,0.0,3.7651913,5.6741233,0.0,0.0,0.0,0.0,0.0,0.0,0.0,0.0,0.0,0.0,0.0,10.575977,0.0,0.0,0.0,0.0,0.0,3.7641106,0.0,0.47856808,0.0,0.0,0.2907062,0.0,0.0,0.0,0.0,0.0,4.5816927,0.42591515,0.0,0.0,0.3544285,0.0,3.9673922,0.0,0.0,0.0,0.0,0.0,0.1053422,4.4898024,0.0,0.0,1.8222718,0.0,0.0,0.0,0.0,0.0,0.2176013,1.6508477,0.0,0.0,3.0474868,1.8053629,0.0,0.0,1.5023932,0.0,0.0,0.0,0.69686186,0.0,0.0,0.0,0.0,0.0,0.0,3.757325,0.0,0.0,0.0,0.41759464,2.224003,0.0,1.6210382,0.0,0.0,0.0,0.0,0.0,0.0,0.0,0.0,0.0,1.5048263,0.0,0.0,0.0,0.0,0.0
0.0,0.0,0.0,0.0,4.086444,0.0,0.0,0.0,1.3364646,0.0,6.106461,0.0,0.0,0.0,0.0,11.385629,6.406702,0.0,0.0,0.0,0.0,0.0,1.8198262,2.0075405,0.0,0.0,0.0,0.0,0.0,2.435887,0.0,0.0,0.0,0.0,13.201155,0.4939015,0.0,0.0,0.0,0.0,0.0,0.0,0.0,0.0,0.0,0.0,0.0,2.671932,0.0,0.0,0.0,0.0,0.0,1.8209532,0.0,0.0,0.0,5.564859,0.0,0.0,0.0,0.0,0.0,1.2433268,0.0,3.683449,0.0,0.0,0.0,0.0,0.0,0.0,0.0,0.0,0.0,0.0,0.04032196,4.853087,0.0,0.0,0.0,0.0,0.0,0.0,0.0,0.0,0.0,7.1690183,0.0,0.0,5.1602736,3.7542024,0.0,0.0,0.0,0.0,0.0,5.510575,1.2667496,0.0,0.0,0.0,0.0,0.0,0.0,0.0,0.0,0.0,4.5880356,0.0,0.0,0.0,0.0,9.370618,0.0,0.0,0.0,0.0,0.0,0.0,0.0,0.0,0.0,2.322715,0.0,0.0,0.9447914,0.0
0.0,1.5257124,0.0,1.771644,0.0,0.0,0.0,0.0,5.922738,0.0,1.9413211,0.0,0.0,1.9306513,0.0,0.0,2.4952161,0.0,10.35645,0.0,0.0,0.0,2.8074436,2.1394029,0.0,0.0,0.0,0.0,0.0,0.0,0.0,0.0,0.0,0.0,0.0,0.0,0.0,0.0,0.9060558,0.0,0.0,5.5343566,0.0,0.0,0.0,0.0,0.0,0.0,0.0,0.0,0.0,0.0,0.0,0.0,0.0,0.0,0.0,0.0,0.0,2.9962187,0.0,0.0,0.0,0.0,0.0,0.0,2.1538801,0.0,0.0,0.0,0.0,0.0,0.0,0.0,0.0,0.0,3.5001576,0.0,0.0,0.0,0.80286795,0.0,0.0,0.47461453,0.0,0.0,0.0,0.0,0.0,0.0,0.0,0.0,5.0950828,0.0,0.0,0.74058896,0.0,10.057958,0.0,0.0,0.0,0.0,0.0,0.0,0.0,0.0,0.0,0.0,0.6619035,0.0,3.047287,0.0,0.0,0.0,0.0,0.0,0.0,0.0,0.0,2.811867,4.4482574,0.0,0.0,0.0,0.0,0.0,0.0,0.0
0.0,6.260532,0.0,4.2051125,0.0,0.0,0.0,0.0,0.0,0.0,0.0,0.0,0.0,0.0,2.23525,0.0,0.0,0.0,0.0,0.0,0.0,3.4943383,0.0,0.0,0.0,0.0,0.0,5.7026033,0.0,0.0,0.0,0.0,0.0,0.0,0.0,0.0,0.0,0.0,0.0,0.0,0.0,0.0,0.0,0.0,0.0,0.0,0.0,0.0,0.0,0.0,0.0,0.0,0.0,0.0,0.0,0.0,0.0,0.0,0.0,0.0,0.0,0.0,0.0,5.595745,0.0,0.0,11.228388,0.0,0.0,0.0,0.0,0.0,0.0,0.0,0.0,0.0,0.0,0.0,0.0,0.0,0.0,0.0,0.0,0.0,0.0,0.0,0.0,0.0,0.0,0.0,0.0,0.0,0.0,4.582144,0.0,3.0363379,0.0,5.710925,0.0,0.0,0.0,0.0,0.0,0.0,9.296351,0.0,0.0,0.0,0.0,0.0,0.0,0.0,0.0,0.0,12.224021,0.0,9.129281,0.0,0.0,0.0,0.0,0.0,7.42814,0.0,0.0,0.0,0.0,0.0
0.0,0.0,0.0,0.0,0.0,5.9820914,0.0,0.0,0.0,0.0,0.0,0.0,0.17243685,0.0,0.0,0.0,0.0,0.0,0.0,0.0,0.0,0.41754013,0.0,0.0,0.0,0.0,0.0,0.0,0.0,0.0,0.0,0.0,0.0,0.0,0.0,5.267458,0.0,0.0,0.0,0.0,0.0,0.0,0.0,0.0,0.0,0.0,0.0,0.0,9.154808,0.0,0.0,0.0,0.0,0.0,0.0,0.0,0.0,0.0,0.0,0.0,0.0,1.2156909,0.0,0.0,0.0,0.0,0.0,0.0,3.8424528,0.0,0.0,0.0,0.0,0.0,0.0,0.0,0.0,0.0,0.0,0.0,0.0,0.0,0.0,0.0,7.4087954,0.0,0.0,0.0,0.0,3.3127034,0.0,0.0,0.8316488,1.9424921,10.292725,0.0,0.0,0.0,7.3964133,0.0,0.0,0.0,0.0,0.0,0.0,0.0,0.0,0.0,0.0,10.276552,0.0,0.0,0.0,0.0,0.0,0.0,0.0,0.0,0.0,0.0,0.0,0.0,7.286639,0.0,0.0,0.0,0.0,0.0
0.0,0.0,0.0,0.0,0.0,0.0,0.0,0.0,0.0,0.0,6.8358846,0.0,0.0,0.0,0.0,0.0,0.0,0.0,2.8816695,0.0,0.0,0.0,3.73198,4.0813694,0.0,0.0,0.0,0.0,0.0,0.0,0.0,0.0,0.0,0.0,0.80927247,0.0,0.0,0.0,0.0,0.0,0.0,0.0,0.0,0.0,0.0,0.0,0.0,4.5942616,0.0,0.0,0.0,0.0,0.0,11.109958,0.0,6.1902804,0.0,0.0,0.0,0.0,0.0,1.4048824,0.0,5.669976,0.0,3.7086384,0.0,0.0,0.0,0.0,2.545522,0.0,8.607576,0.0,0.0,0.0,0.0,3.57349,0.0,0.0,0.0,0.0,5.5467434,0.0,0.0,0.0,5.0644403,0.0,0.0,0.0,0.0,0.0,0.0,0.0,1.2079802,0.0,0.0,2.2276707,2.7080278,0.0,0.0,0.0,0.0,2.5497446,0.0,5.376435,0.0,0.0,0.0,4.6112976,4.7314477,0.0,0.0,0.0,0.0,0.0,0.0,0.0,0.0,0.0,0.0,0.0,0.41754007,0.0,0.0,0.0,0.0,0.0
0.0,0.0,0.0,0.0,0.0,0.16823125,0.0,0.0,0.0,0.0,0.0,0.0,0.0,0.0,0.0,0.0,0.0,6.1858788,0.0,0.0,0.0,0.0,0.0,0.0,0.0,0.0,0.0,0.0,0.0,0.0,0.0,0.0,0.0,0.0,0.0,4.4882345,0.6349898,0.0,0.0,0.0,0.0,0.0,0.0,1.7774987,0.0,0.0,0.0,3.8144228,0.0,0.0,0.0,0.0,0.0,0.0,0.0,0.0,0.0,0.0,0.0,0.0,0.0,0.0,0.0,3.6574256,4.3218327,6.67331,0.0,0.0,0.0,0.0,0.0,0.0,5.1263103,0.0,0.0,0.0,0.0,4.1781435,0.0,0.0,0.14539772,0.0,1.8333989,0.0,0.0,0.0,0.0,0.17779021,0.0,0.0,0.0,8.04303,0.0,0.0,3.1487067,0.0,0.0,0.0,10.3939905,0.0,0.0,0.0,0.0,0.0,0.0,0.0,0.0,0.0,0.0,0.0,0.0,0.0,0.6526958,0.0,0.0,0.0,0.0,0.0,0.0,0.0,0.0,0.0,0.0,0.0,0.0,0.0,0.0,0.0
0.0,0.0,0.0,0.0,2.2258742,0.0,0.0,0.0,0.0,0.0,5.2489758,0.0,0.0,0.0,0.0,0.392319,0.0,0.0,4.5090938,0.0,0.0,3.6985526,0.0,0.0,0.0,0.0,0.0,0.0,0.0,0.0,0.0,0.0,0.0,3.228783,0.24228339,0.0,0.0,0.0,0.0,0.0,0.0,0.0,0.0,0.0,0.0,0.0,0.0,0.0,0.0,0.0,0.0,0.0,0.0,5.681623,0.0,1.2871653,0.0,0.0,0.0,0.0,0.0,0.0,0.0,0.0,0.0,4.8101006,0.0,0.0,0.0,0.0,0.0,0.0,0.0,0.0,0.0,0.0,0.0,0.0,0.0,0.0,1.9692059,0.0,2.8415315,3.7347665,1.9529499,0.0,0.0,0.0,0.0,0.0,0.0,0.0,0.0,0.0,0.0,0.0,0.0,2.9767127,4.6475945,0.0,0.0,0.0,0.0,0.0,0.0,0.0,0.0,0.0,0.0,0.0,1.2232661,0.0,0.0,0.0,0.0,0.0,0.0,0.0,0.0,0.0,0.0,0.0,0.78601676,0.0,0.0,0.0,0.0,0.0
0.0,0.0,0.0,0.0,0.0,0.0,0.0,0.0,0.0,0.0,0.0,0.0,0.0,0.0,0.0,0.0,0.0,1.97985,0.8352597,0.0,0.0,0.0,0.0,0.0,0.0,0.0,0.0,0.0,0.0,0.0,0.0,0.0,0.0,0.0,0.0,5.191515,0.0,0.0,0.0,0.0,0.0,0.0,0.0,0.0,0.0,0.0,0.0,1.280721,2.935068,0.0,0.0,0.0,0.0,0.0,0.0,0.0,0.0,0.0,0.0,0.0,0.0,0.0,0.0,0.0,3.2538347,0.0,4.139059,0.0,1.2873546,0.0,0.0,0.0,0.0,0.0,0.0,0.0,0.0,1.8712149,0.0,0.0,0.0,0.0,0.0,0.0,1.3737253,0.0,0.0,0.0,0.0,0.0,0.0,0.47895938,0.0,4.6674147,7.3730702,0.0,0.0,0.0,5.332222,0.0,0.0,0.0,0.0,0.0,0.0,0.0,0.0,0.0,0.0,2.4603462,0.0,0.0,0.091051444,0.0,0.0,0.0,0.0,0.0,0.0,0.0,0.0,0.0,5.726089,0.0,0.0,0.0,0.0,0.0
0.0,0.0,0.0,0.0,0.0,0.0,0.0,0.0,0.0,0.0,0.0,0.0,0.0,0.0,0.0,0.0,0.0,1.87444,6.549491,0.0,0.0,0.73309076,0.0,0.0,0.0,0.0,0.0,4.5860887,0.0,0.0,0.0,0.0,0.0,0.0,0.0,9.425896,0.0,0.0,0.0,0.0,0.0,0.0,0.0,0.0,0.0,0.0,0.0,0.0,6.025468,0.0,0.0,0.0,0.0,0.0,0.0,0.0,0.0,0.0,0.0,0.0,0.0,0.0,0.0,0.0,0.0,0.0,1.3895802,0.0,2.1500309,0.0,0.0,0.0,0.0,0.0,0.0,0.0,0.0,1.5886375,0.0,0.0,0.0,0.0,0.0,0.0,5.338391,0.0,0.0,0.0,0.0,2.0770411,0.0,0.0,0.0,0.0,4.8753686,0.0,0.0,0.0,2.558989,0.0,0.0,0.0,0.0,0.0,0.0,2.3253844,0.0,0.0,0.0,3.71174,0.0,0.0,0.0,0.0,0.0,0.0,0.0,0.0,0.0,0.0,0.0,0.0,7.395921,0.0,0.0,0.0,0.0,0.0
0.0,0.0,0.0,0.0,0.0,0.0,0.0,0.0,0.0,0.0,17.4038,0.0,0.0,0.0,0.0,10.50337,0.0,0.0,8.515042,0.0,0.0,0.0,0.0,7.4700623,0.0,0.0,0.0,0.0,0.0,0.67127115,0.0,0.0,0.0,0.0,9.814618,0.0,0.0,0.0,0.0,0.0,0.0,0.0,0.0,0.0,0.0,0.0,0.0,8.181188,0.0,0.0,0.0,0.0,0.0,9.550843,0.0,8.526238,0.0,0.0,0.0,0.0,0.0,0.0,0.0,0.0,0.0,7.709372,0.0,0.0,0.0,0.0,0.0,0.0,0.0,0.0,0.0,0.0,0.0,4.0701056,0.0,0.0,0.0,0.0,0.0,0.0,0.3415346,0.0,0.0,0.0,0.0,0.0,0.0,0.0,8.482905,0.0,0.0,0.0,0.0,6.963672,2.4263704,0.0,0.0,0.0,0.0,0.0,0.0,8.319855,0.0,0.0,0.0,0.20801954,0.0,0.0,0.0,0.0,0.0,0.0,0.0,0.0,0.0,0.0,0.0,0.0,0.0,0.0,0.0,0.0,0.0,0.0
0.0,0.0,0.0,0.0,0.0,0.0,0.0,0.0,0.0,0.0,6.417605,0.0,0.0,0.0,0.0,5.257308,0.0,5.226845,0.0,0.0,0.0,0.0,3.5123727,0.0,0.0,0.0,0.0,0.0,0.0,4.7528586,0.0,0.0,0.0,0.0,12.7169895,5.478833,0.0,0.0,0.0,0.0,0.0,0.0,0.0,0.0,0.0,0.0,0.0,10.881727,0.0,0.0,0.0,0.0,0.0,1.0563736,0.0,5.607453,0.0,0.0,0.0,0.0,0.0,0.0,0.0,1.650636,0.0,5.157167,0.0,0.0,0.0,0.0,0.0,0.0,6.807927,0.0,0.0,0.0,0.0,14.783094,0.0,0.0,0.0,0.0,0.0,0.0,0.0,0.0,1.498841,0.0,0.0,0.0,0.0,1.3491974,6.2466283,0.0,0.0,0.0,0.0,0.0,0.0,0.0,0.0,0.0,0.0,0.0,1.8822802,9.470246,0.0,0.0,0.0,0.0,0.0,0.0,0.0,0.0,0.0,0.0,0.0,0.0,0.0,0.0,0.0,0.0,0.0,3.094217,0.0,0.0,0.0,0.0
0.0,0.0,0.0,0.0,0.0,0.0,0.0,0.0,0.0,0.0,0.0,2.131933,3.1032603,0.0,0.0,0.0,0.0,0.0,3.635193,0.0,0.0,8.495522,0.0,0.0,0.0,0.0,0.0,4.08625,0.0,0.0,0.0,0.0,0.0,0.0,0.0,0.0,0.0,0.0,0.0,0.0,0.0,0.0,0.0,0.0,0.0,0.0,0.0,0.0,4.726862,0.0,0.0,0.0,0.0,0.0,0.0,0.0,0.0,0.0,0.0,0.0,0.0,0.0,0.0,0.0,0.0,3.4352756,0.53843516,0.0,0.0,0.0,0.0,0.0,0.0,0.0,0.0,0.0,0.0,0.0,0.0,0.0,0.0,0.0,0.0,0.0,7.761678,0.0,0.0,0.0,0.0,7.3479424,0.0,0.0,0.0,0.0,0.6371331,0.0,0.0,0.0,0.120198846,0.0,0.0,0.0,0.0,0.0,0.0,0.0,0.0,0.0,0.0,0.0,0.0,0.0,0.0,0.0,0.0,0.0,0.0,0.0,0.0,0.0,0.0,0.0,6.5624723,0.0,0.0,0.0,0.0,0.0
0.0,0.91475564,0.0,0.0,0.0,0.0,0.0,0.0,0.0,0.0,0.0,0.0,0.0,0.0,4.9960575,0.0,0.0,0.0,0.0,0.0,0.0,9.523354,0.0,0.0,0.0,0.0,0.0,5.277327,0.0,0.0,0.0,0.0,0.0,0.0,0.0,0.0,0.0,0.0,0.0,0.0,0.0,0.0,0.0,0.0,0.0,0.0,0.0,0.0,0.0,0.0,0.0,0.0,0.0,0.0,0.0,0.0,0.0,0.0,0.0,0.0,0.0,0.0,0.0,0.0,0.0,0.0,6.1146736,0.0,0.0,0.0,0.0,0.0,0.0,0.0,0.0,0.0,0.0,0.0,0.0,0.0,0.0,0.0,0.0,0.0,0.0,0.0,0.0,0.0,0.0,0.0,0.0,0.0,0.0,0.5626235,0.0,0.18930309,0.0,6.9038935,0.0,0.0,0.0,0.0,0.0,0.0,8.88247,0.0,5.2208405,0.0,0.0,0.0,0.0,0.0,0.0,0.0,1.8825186,0.0,9.839693,0.0,0.0,0.0,0.0,0.0,9.46518,0.0,0.0,0.0,0.58398986,0.0
0.0,0.0,1.9343925,0.0,0.0,0.0,0.0,0.0,0.0,0.0,0.0,0.0,0.0,0.0,0.0,0.0,0.0,0.0,0.0,0.0,0.0,0.0,0.0,0.0,0.0,0.0,0.0,0.0,0.0,0.0,0.0,0.0,0.0,0.0,0.0,0.0,0.0,0.0,0.0,0.0,0.0,0.0,0.0,0.0,0.0,0.0,0.0,3.0302303,0.0,0.0,0.0,0.0,0.0,2.3858118,0.0,4.8187056,0.0,0.0,0.0,0.0,0.0,0.0,0.0,0.29951358,4.9011526,0.0,0.0,0.0,0.0,0.0,0.0,0.0,7.5556684,0.0,0.0,0.0,0.0,0.18239121,0.0,0.0,2.0051248,0.0,0.6322046,1.2018563,1.088861,0.0,0.0,1.3959525,0.0,0.0,0.0,0.0,0.0,0.0,3.0816822,0.0,0.0,0.0,11.151744,0.0,0.0,0.0,0.0,1.7448637,0.0,0.21930702,0.0,0.0,0.0,3.0497766,5.5624213,0.0,0.0,0.0,0.0,0.0,0.0,0.0,0.0,0.0,0.0,0.0,1.7228696,0.0,0.0,0.0,0.0,0.0
0.0,11.694075,0.0,17.469635,0.0,0.0,0.0,0.0,0.0,0.0,0.0,0.0,0.0,0.0,0.0,0.0,14.858785,0.0,0.0,0.0,0.0,6.581614,0.0,0.0,0.0,0.0,0.0,0.0,0.0,0.0,0.0,0.0,0.0,0.0,0.0,0.0,0.0,0.0,5.8936424,0.0,0.0,0.0,0.0,0.0,0.0,0.0,0.0,0.0,0.42159218,0.0,0.0,0.0,0.0,0.0,0.0,0.0,0.0,0.4558203,0.0,0.0,0.0,0.0,0.0,0.0,0.0,0.0,11.5864315,0.0,0.0,0.0,0.0,0.0,0.0,0.0,0.0,0.0,0.8881364,0.0,0.0,0.0,0.0,0.0,0.0,0.0,0.0,0.0,0.0,0.0,0.0,0.0,0.0,0.0,0.0,0.0,0.0,9.203845,0.0,6.387174,0.0,0.0,0.0,0.0,0.0,0.0,2.7919667,0.0,0.0,0.0,9.146435,0.0,0.0,0.0,0.0,0.0,7.8176994,0.0,11.164538,0.0,0.0,0.0,0.0,0.0,0.0,0.0,0.0,0.0,0.0,0.0
0.0,1.1555827,0.0,0.1559787,0.0,0.0,0.0,0.0,0.0,0.0,6.24257,0.0,0.0,0.0,14.222533,0.0,4.27198,0.0,0.0,0.0,0.0,5.719709,0.0,0.0,0.0,0.0,0.0,0.0,0.0,0.0,0.0,0.0,0.0,0.0,0.0,0.0,0.0,0.0,0.0,0.0,4.0099983,0.0,0.0,0.0,0.0,0.0,0.0,0.0,0.0,0.0,0.0,0.0,0.0,0.0,0.0,0.0,2.176242,0.0,0.0,0.0,0.0,0.0,0.0,0.0,0.0,0.0,0.0,0.0,0.0,2.9214044,0.0,0.0,0.0,0.0,0.0,0.0,3.70055,0.0,0.0,0.0,0.0,0.0,0.0,0.0,0.0,0.0,0.0,3.0714557,0.0,0.0,0.0,0.0,0.0,12.23154,0.0,2.7491496,0.0,6.765929,0.0,0.0,0.0,0.0,0.0,0.0,15.656879,0.0,5.5674715,0.0,13.236274,0.0,0.0,0.0,0.0,0.0,0.0,0.0,13.531208,0.0,0.0,0.0,0.0,0.0,9.004582,0.0,7.1475163,0.0,3.4058244,0.0
0.0,6.9728956,0.0,0.0,0.0,0.0,0.0,0.0,0.0,0.0,9.338455,0.0,0.0,0.0,5.9120917,7.452837,7.948878,0.0,0.0,0.0,0.0,0.0,4.887435,11.209119,0.0,0.0,0.0,0.0,0.0,0.0,0.0,0.0,0.0,0.0,0.0,0.0,0.0,0.0,2.419083,0.0,4.8938007,0.0,0.0,0.0,0.0,0.0,0.0,0.0,0.0,0.0,0.0,0.0,1.5880842,0.0,0.0,3.261053,0.0,2.2959828,0.0,0.0,0.0,0.0,0.0,4.0415783,0.0,0.0,0.0,0.0,0.0,0.0,0.0,0.0,5.87644,0.0,0.0,0.0,0.0,1.2017528,0.0,0.0,0.0,0.0,0.0,9.721269,0.0,0.0,0.0,3.8824356,0.0,0.0,0.0,0.0,0.30752948,0.0,0.0,0.0,0.0,10.80336,1.8042358,0.0,0.0,0.0,0.0,0.0,12.532184,0.0,0.0,0.0,2.749189,0.0,0.0,0.0,0.0,0.0,0.0,0.0,0.0,0.0,0.0,0.0,3.5556514,0.0,0.0,4.642557,3.466544,0.0,0.14402917,0.0
0.0,0.0,0.0,0.0,0.0,0.0,0.0,0.0,0.0,0.0,0.0,0.0,0.0,0.0,0.0,0.0,0.0,8.545154,4.9614196,0.0,0.0,0.0,0.0,0.0,0.0,0.0,0.0,0.0,0.0,0.0,0.0,0.0,0.0,1.3214793,0.0,3.8496997,0.0,0.0,0.0,0.0,0.0,8.112217,0.0,0.0,0.0,0.0,0.0,19.301973,0.0,0.0,0.0,0.0,0.0,5.0539412,0.0,10.1284485,0.0,0.0,0.0,0.0,0.0,0.0,0.0,0.0,15.121553,0.0,0.0,0.0,0.0,0.0,0.0,0.0,1.978593,0.0,0.0,0.0,0.0,0.0,0.0,0.0,0.81013036,0.0,0.77915424,0.0,0.0,0.0,0.0,6.859957,0.0,0.0,1.4803249,1.8476745,0.0,0.0,5.8967834,0.0,0.0,0.0,5.6158752,0.0,0.0,0.0,0.0,0.0,0.0,0.0,0.0,0.0,0.0,7.9941688,7.4442205,0.0,4.699405,0.0,0.0,0.0,0.0,0.0,0.0,0.0,0.0,0.0,8.250045,0.0,0.0,0.0,0.0,0.0
0.0,0.0,0.0,0.0,0.0,0.0,0.0,0.0,0.0,0.0,0.5072935,0.0,0.0,0.0,0.0,1.4971997,0.0,0.0,2.6695607,0.0,0.0,0.0,0.0,0.23725612,0.0,0.0,0.0,0.0,0.0,0.0,0.0,0.0,0.0,0.0,0.0,0.0,0.0,0.0,0.0,0.0,0.0,0.0,0.0,0.0,0.0,0.0,0.0,0.25889236,0.0,0.0,0.0,0.0,0.44443017,2.460015,0.0,1.3162984,0.0,0.0,0.0,0.081520975,0.0,0.0,0.0,4.505703,0.0,0.04808794,0.0,0.0,0.39159164,0.0,0.0,0.0,0.0,0.0,0.0,0.9464951,0.0,1.2667102,0.0,0.0,3.786788,0.0,0.0,0.0,6.0333004,0.0,0.0,0.0,0.0,0.0,0.0,0.0,8.884161,0.0,2.0204413,0.0,0.0,5.955961,0.77595925,0.0,0.0,0.0,0.0,0.0,2.9341445,6.2417445,0.0,0.0,0.0,2.16367,3.0863695,0.0,0.0,0.0,0.0,0.0,0.0,0.0,0.0,2.6656828,0.0,0.0,0.0,0.0,0.0,0.0,0.0,0.0
0.0,0.0,2.999174,0.0,0.0,0.0,0.0,0.0,0.0,0.0,0.0,0.0,0.0,0.0,0.0,0.0,0.0,0.66611236,0.56329596,0.0,0.0,0.0,0.0,0.0,0.0,0.0,0.0,0.0,0.0,0.0,0.0,0.0,0.0,2.8211446,0.0,0.0,0.0,0.0,0.0,0.0,0.0,0.0,0.0,0.0,0.0,0.0,0.0,2.3506253,0.0,0.0,0.0,0.0,0.0,1.059647,0.0,0.0,0.0,0.0,0.0,0.0,0.0,0.0,0.0,0.0,5.4648256,0.0,0.0,0.0,0.0,0.0,0.0,0.0,0.0,0.0,0.0,0.0,0.0,0.0,0.0,0.0,0.6702729,0.0,0.0,0.0,0.09008068,0.0,0.0,1.0994437,0.0,0.0,0.0,1.5575703,0.0,0.0,3.1318667,0.0,0.0,0.0,5.224426,0.0,5.8888354,0.0,0.0,0.0,0.0,0.0,0.0,0.0,0.0,0.0,3.725652,0.0,1.002416,0.0,0.0,0.0,0.0,0.0,0.0,0.0,0.0,0.0,4.931056,0.0,0.0,0.0,3.1770184,0.0
0.0,0.0,2.4389596,0.0,0.0,0.0,0.0,0.0,0.0,0.0,0.0,0.0,0.0,0.0,0.0,3.6368997,0.0,2.25409,1.7676189,0.0,0.0,0.0,0.0,0.0,0.0,0.0,0.0,0.0,0.0,0.0,0.0,0.0,0.0,0.0,0.32668033,0.0,0.0,0.0,0.0,0.0,0.0,0.0,0.0,0.0,0.0,0.0,0.0,0.39769617,0.0,0.0,0.0,0.0,0.0,3.5045907,0.0,0.55117893,0.0,0.0,0.0,0.0,0.0,0.0,0.0,2.7226534,1.8807855,5.589974,0.0,0.0,0.0,0.0,0.72672725,0.0,2.579015,0.0,0.0,0.0,0.0,2.818174,0.0,0.0,5.202092,0.0,2.1338508,0.0,0.9608966,0.0,0.0,0.0,0.0,0.0,0.0,0.390229,0.0,0.0,0.0,0.0,0.0,0.0,8.648042,0.0,0.0,0.0,0.0,0.0,0.0,0.0,0.0,0.5827159,0.0,0.0,1.6023768,0.0,1.6626136,0.0,0.0,0.0,0.0,0.0,0.0,0.0,0.0,0.0,0.0,0.0,0.0,0.0,0.0,0.0
0.0,0.0,0.0,0.0,0.0,0.0,0.0,0.0,0.0,0.0,8.332369,0.0,0.0,0.0,0.0,11.375436,0.0,0.0,12.36972,0.0,0.0,0.0,0.0,9.085058,0.0,0.0,0.0,0.0,0.0,0.0,0.4671366,0.0,0.0,0.0,0.0,0.0,0.0,0.0,0.0,0.0,0.0,1.0794061,0.0,0.0,0.0,0.0,0.0,8.230533,0.0,0.0,0.0,0.0,0.0,7.0082803,0.0,5.516272,0.0,0.0,0.0,0.0,0.0,0.0,0.0,0.0,1.4140073,0.5824995,0.0,0.0,0.0,0.0,0.7478981,0.0,0.0,0.0,0.0,0.0,0.0,0.0,0.0,0.0,6.4746194,0.0,0.0,0.0,0.0,0.0,0.0,4.889915,0.0,0.0,0.0,0.0,9.695102,0.0,0.99181294,0.0,0.0,6.5676866,0.0,0.0,0.0,0.0,0.0,0.0,0.0,0.0,0.0,0.0,0.0,0.0,0.0,0.0,0.0,0.0,0.0,0.0,0.0,0.0,0.0,0.0,0.0,0.0,0.0,0.0,0.0,0.0,0.0,0.0
0.0,0.0,0.0,0.0,0.0,0.9900084,0.0,0.0,0.0,0.0,0.0,0.0,0.30653912,0.0,0.0,0.0,0.0,1.2265332,0.0,0.0,0.0,0.0,0.0,0.0,0.0,0.0,0.0,0.0,0.0,0.0,0.0,0.0,0.0,0.0,0.0,3.3456905,0.0,0.0,0.0,0.0,0.0,0.0,0.0,0.0,0.0,0.0,0.0,4.3159785,0.0,0.0,0.0,0.0,0.0,0.540319,0.0,0.0,0.0,0.0,0.0,0.0,0.0,0.0,0.0,0.0,5.75887,0.0,2.4665506,0.0,0.6316336,0.0,0.0,0.0,1.1221763,0.0,0.0,0.0,0.0,1.9320612,0.0,0.0,0.0,0.0,0.0,0.0,1.7351347,0.0,0.0,0.0,0.0,0.0,0.0,3.4919536,0.0,0.57715,6.636837,0.0,0.0,0.0,9.376859,0.0,0.0,0.0,0.0,0.0,0.0,0.0,0.0,0.0,0.0,1.9105916,0.0,0.0,0.0,0.0,0.0,0.0,0.0,0.0,0.0,0.0,0.0,0.0,2.3900855,0.0,0.0,0.0,0.0,0.0
0.0,0.0,0.0,0.0,0.0,0.0,0.0,0.0,0.0,0.0,13.524143,0.0,0.0,0.0,0.0,4.7821274,0.0,0.0,3.9739609,0.0,0.0,0.0,0.0,0.0,0.0,0.0,0.0,0.0,0.0,0.0,0.0,0.0,0.0,0.0,6.8135414,1.0910017,0.0,0.0,0.0,0.0,0.0,0.0,0.0,0.0,0.0,0.0,0.0,6.4153337,0.0,0.0,0.0,0.0,0.0,2.9260035,0.0,2.3966496,0.0,0.0,0.0,2.8542125,0.0,6.633541,0.0,7.4851785,0.0,2.8502579,0.0,0.0,0.0,0.0,0.0,0.0,0.0,0.0,0.0,0.0,0.0,13.1541815,0.0,0.0,0.0,0.0,0.0,0.0,0.0,0.0,3.1298337,0.0,0.0,0.0,6.0276036,0.0,6.7345924,0.0,0.0,0.0,0.0,9.900717,0.0,0.0,0.0,0.0,0.0,0.0,4.5986824,11.443532,0.0,0.0,0.0,0.2593813,0.0,0.0,0.0,0.0,0.0,0.0,0.0,0.0,0.0,0.0,0.0,0.0,0.0,2.1659067,0.0,0.0,0.0,0.0
0.0,0.0,0.0,0.0,0.0,0.0,0.0,0.0,0.0,0.0,0.0,0.0,0.0,0.0,0.0,2.8965766,0.0,2.6718009,3.9433877,0.0,0.0,0.0,0.0,0.0,0.0,0.0,0.0,0.0,0.0,0.0,0.0,0.0,0.0,0.0,2.4540694,2.8289618,0.0,0.0,0.0,0.0,0.0,0.0,0.0,0.0,0.0,0.0,0.0,1.5469303,0.0,0.0,0.0,0.0,0.0,5.0854726,0.0,0.0,0.0,0.0,0.0,0.0,0.0,0.0,0.0,2.6902804,2.4382129,4.7007,0.0,0.0,2.8814611,0.0,0.0,0.0,0.0,0.0,0.0,0.0,0.0,3.167386,0.0,0.0,4.629085,0.0,0.7390856,0.0,5.8593135,0.0,0.0,0.0,0.0,0.0,0.0,2.8733237,0.0,0.0,0.0,0.0,0.0,0.0,12.232392,0.0,0.0,0.0,0.0,0.0,0.0,2.9792988,0.0,0.5196275,0.0,0.0,0.82742697,0.0,4.2493315,0.0,0.0,0.0,0.0,0.0,0.0,0.0,0.0,0.0,0.0,0.0,0.0,0.0,0.0,0.0
0.0,0.0,0.0,0.0,0.0,0.0,0.0,0.0,0.0,0.0,0.0,0.0,0.0,0.0,0.0,4.477273,0.0,5.509188,3.9696198,0.0,0.0,0.0,0.0,0.0,0.0,0.0,0.0,0.0,0.0,0.35774052,0.0,0.0,0.0,0.0,0.68091166,2.7333143,0.0,0.0,0.0,0.0,0.0,0.0,0.0,0.0,0.0,0.0,0.0,2.23062,0.0,0.0,0.0,0.0,0.0,2.4957657,0.0,1.3825843,0.0,0.0,0.0,0.0,0.0,0.0,0.0,0.43733758,3.3680832,5.171729,0.0,0.0,0.49603862,0.0,0.0,0.0,0.0,0.0,0.0,0.0,0.0,3.5289981,0.0,0.0,5.446611,0.0,0.0,0.0,5.2005143,0.0,0.0,0.0,0.0,0.0,0.0,1.6043121,0.0,0.0,0.0,0.0,0.0,0.0,11.221616,0.0,0.0,0.0,0.0,0.0,0.0,2.3476026,0.0,0.7384542,0.0,0.0,0.026981212,0.0,3.4078603,0.0,0.0,0.0,0.0,0.0,0.0,0.0,0.0,0.0,0.5476651,0.0,0.0,0.0,0.0,0.0
0.0,0.0,0.0,0.0,0.0,0.0,0.0,0.0,0.0,0.0,4.661161,0.0,0.0,0.0,0.0,7.869831,0.0,0.20786312,9.524652,0.0,0.0,0.0,0.0,0.33512262,0.0,0.0,0.0,0.0,0.0,2.5196025,0.0,0.0,0.0,0.0,0.0,0.0,0.0,0.0,0.0,0.0,0.0,0.0,0.0,0.0,0.0,0.0,0.0,3.6502323,0.0,0.0,0.0,0.0,0.0,4.889353,0.0,5.7510214,0.0,0.0,0.0,0.0,0.0,0.0,0.0,2.6663275,0.0,7.1484747,0.0,0.0,0.5797029,0.0,0.0,0.0,0.0,0.0,0.0,0.0,0.0,7.323339,0.0,0.0,1.6125004,0.0,0.2818717,0.0,6.370152,0.0,0.0,0.0,0.0,0.0,0.0,0.14624718,0.4815321,0.0,0.0,0.0,0.0,0.3860473,8.924823,0.0,0.0,0.0,0.0,0.0,0.0,9.997204,0.0,0.0,0.0,4.263776,0.104432024,0.0,0.0,0.0,0.0,0.0,0.0,0.0,0.0,0.0,0.0,0.0,0.0,0.0,0.0,0.0,0.0,0.0
0.0,0.0,0.0,0.0,0.0,0.0,0.0,0.0,0.0,0.0,0.0,0.0,0.0,0.0,0.0,4.192115,0.0,4.8650117,3.932654,0.0,0.0,0.0,0.0,0.0,0.0,0.0,0.0,0.0,0.0,1.5331767,0.0,0.0,0.0,0.0,2.1733258,5.0309386,0.0,0.0,0.0,0.0,0.0,0.0,0.0,0.0,0.0,0.0,0.0,4.462577,0.0,0.0,0.0,0.0,0.0,1.3829257,0.0,0.6867748,0.0,0.0,0.0,0.0,0.0,0.0,0.0,0.0,6.753805,3.9975266,0.0,0.0,0.0,0.0,0.0,0.0,0.0,0.0,0.0,2.1443436,0.0,1.4828851,0.0,0.0,7.055871,0.0,0.0,0.0,4.5660834,0.0,0.0,0.0,0.0,0.0,0.0,6.0973687,0.0,0.0,0.0,0.0,0.0,0.0,8.433836,0.0,0.0,0.0,0.0,0.0,0.0,0.0,0.0,0.72730494,0.0,0.0,2.7670197,0.0,5.072752,0.0,0.0,0.0,0.0,0.0,0.0,0.0,0.0,0.0,1.4340374,0.0,0.0,0.0,0.0,0.0
0.0,0.0,0.0,0.0,0.0,0.0,0.0,0.0,0.0,0.0,6.5625668,0.0,0.0,0.0,0.0,12.455482,0.0,0.0,14.285339,0.0,0.0,0.0,6.29308,11.596512,0.0,0.0,0.0,0.0,0.0,0.9306368,0.0,0.0,0.0,0.0,4.1322446,0.0,0.0,0.0,0.0,0.0,0.0,0.0,0.0,0.0,0.0,0.0,0.0,7.081045,0.0,0.0,0.0,0.0,0.0,6.303302,0.0,0.0,0.0,0.0,0.0,0.0,0.0,0.0,0.0,6.6779222,0.0,0.92597306,0.0,0.0,1.3193468,0.0,3.797704,0.0,0.0,0.0,0.0,0.0,0.0,0.0,0.0,0.0,0.0,0.0,0.0,0.0,0.0,0.0,0.0,0.0,0.0,0.0,1.6964971,0.0,8.971595,0.0,0.0,0.0,0.0,8.382283,0.0,0.0,0.0,0.0,0.0,0.0,0.0,5.7175083,0.0,0.0,0.0,0.16379118,0.0,0.0,0.0,0.0,0.0,0.0,0.0,0.0,0.0,0.0,0.0,0.0,0.0,0.08479793,0.0,0.0,0.0,0.0
0.0,0.0,0.0,0.0,0.0,0.0,0.0,0.0,0.0,0.0,0.0,0.0,0.0,0.0,0.0,0.0,0.0,3.7110198,0.0,0.0,0.0,0.0,0.0,0.0,0.0,0.0,0.0,0.0,0.0,0.0,0.0,0.0,0.0,0.0,0.0,2.903464,0.0,0.0,0.0,0.0,0.0,0.0,0.0,0.0,0.0,0.0,0.0,0.0,0.0,0.0,0.0,0.0,0.0,0.0,0.0,0.0,0.0,0.0,0.0,0.0,0.0,0.0,0.0,0.0,4.8737783,1.4712869,7.150174,0.0,0.0,0.0,0.0,0.0,0.0,0.0,0.0,0.0,0.0,0.0,0.0,0.0,0.0,0.0,0.0,0.0,0.0,0.0,0.0,0.0,0.0,0.0,0.0,10.817199,0.0,10.156625,0.0,0.0,0.0,0.0,0.0,0.0,0.0,0.0,0.0,0.0,0.0,0.0,0.0,0.0,0.0,0.0,0.0,0.0,0.0,0.0,0.0,0.0,0.0,0.0,0.0,0.0,0.0,0.0,0.0,0.0,0.0,0.0,0.0,0.0
0.0,0.0,0.0,0.0,0.0,0.5131012,0.0,0.0,0.0,0.0,0.0,0.0,7.0567036,0.0,0.0,0.0,0.0,2.0622506,0.0,0.0,0.0,6.349407,0.0,0.0,0.0,0.0,0.0,6.580091,0.0,0.0,0.0,0.0,0.0,0.0,0.0,0.019900382,0.0,0.0,0.0,0.0,0.0,0.0,0.0,0.0,0.0,0.0,0.0,0.0,11.8319025,0.0,0.0,0.0,0.0,0.0,0.0,0.0,0.0,0.0,0.0,0.0,0.0,0.0,0.0,0.0,0.0,0.0,4.749863,0.0,0.0,0.0,0.0,0.0,0.0,0.0,0.0,0.0,0.0,0.0,0.0,0.0,0.0,0.0,0.0,0.0,0.20156248,0.0,0.0,0.0,0.0,8.851086,0.0,0.0,0.0,5.658629,4.3755803,0.0,0.0,0.0,0.0,0.0,0.0,0.0,0.0,0.0,0.0,0.0,0.0,0.0,0.0,6.9355235,0.0,0.0,0.0,0.0,3.5296211,0.0,0.0,0.0,0.0,0.0,0.0,0.0,5.2764363,0.0,0.0,0.0,0.0,0.0
0.0,0.0,0.0,0.0,0.0,0.0,0.0,0.0,0.0,0.0,12.890652,0.0,0.0,0.0,0.0,5.466215,0.0,0.0,5.399355,0.0,0.0,0.0,0.0,3.5012271,0.0,0.0,0.0,0.0,0.0,2.0255067,0.0,0.0,0.0,0.0,7.832432,3.9075375,0.0,0.0,0.0,0.0,0.0,0.0,0.0,0.0,0.0,0.0,0.0,7.4185934,0.0,0.0,0.0,0.0,1.3639971,9.849763,0.0,6.2906446,0.0,0.0,0.0,0.0,0.0,0.0,0.0,5.8982153,0.0,5.823027,0.0,0.0,4.586365,0.0,0.0,0.0,0.0,0.0,0.0,0.0,0.0,12.433685,0.0,0.0,0.0,0.0,0.0,0.0,5.391977,0.0,0.0,0.0,0.0,0.0,0.0,0.0,7.776893,0.0,0.0,0.0,0.0,6.421215,4.082579,0.0,0.0,0.0,0.0,0.0,1.5819277,17.289024,0.0,0.0,0.0,3.4019556,0.0,0.0,0.0,0.0,0.0,0.0,0.0,0.0,0.0,0.0,0.0,0.0,0.0,0.0,0.0,0.0,0.0,0.0
0.0,0.0,0.0,0.0,0.0,0.0,0.0,0.0,0.0,0.0,0.0,0.0,0.0,0.0,0.0,13.927293,3.1711214,0.0,0.0,0.0,0.0,0.0,0.5267622,10.321631,5.0373445,0.0,0.0,0.0,0.0,0.0,0.9853697,0.0,0.0,0.0,0.0,3.746149,0.0,0.0,0.0,0.0,0.0,0.0,0.0,0.0,0.0,0.0,0.0,11.794836,0.0,0.0,0.0,0.0,0.0,0.0,0.0,0.0,0.0,0.0,0.0,10.253286,0.0,0.0,0.0,6.4410806,0.0,0.0,0.0,0.0,0.49194443,0.0,0.0,0.0,0.0,0.0,0.0,0.0,0.0,0.0,0.0,0.0,0.0,0.0,0.0,0.0,0.0,0.0,0.0,0.0,0.0,0.0,0.0,0.0,18.223923,0.0,0.088356376,0.0,0.0,9.859489,0.0,0.0,0.0,0.0,0.0,0.0,9.260123,10.470971,0.0,0.0,0.0,0.46410775,0.0,0.0,0.0,0.0,0.0,0.0,0.0,0.0,0.0,0.0,0.0,0.0,0.0,0.0,0.0,0.0,0.0,0.0
0.0,14.085821,0.0,5.5982614,0.0,0.0,0.0,0.0,0.0,0.0,0.0,0.0,0.0,0.0,0.0,0.0,3.9548047,0.0,0.0,0.0,0.0,6.5466685,0.0,0.0,0.0,0.0,0.0,0.0,0.0,0.0,0.0,0.0,0.0,0.0,0.0,0.0,0.0,0.0,0.0,0.0,0.0,0.0,0.0,0.0,0.0,0.0,0.0,0.0,0.0,0.0,0.0,0.0,0.0,0.0,0.0,0.0,0.0,0.0,0.0,0.0,0.0,0.0,0.0,4.825447,0.0,0.0,10.352025,0.0,0.0,0.0,0.0,0.0,0.0,0.0,0.0,0.0,0.0,0.0,0.0,0.0,0.0,0.0,0.0,0.0,0.0,0.0,0.0,0.0,0.0,0.0,0.0,0.0,0.0,4.107961,0.0,0.0,0.0,8.891556,0.0,0.0,0.0,0.0,0.0,0.0,12.070496,0.0,0.0,0.0,0.0,0.0,0.0,0.0,0.0,0.0,5.767627,0.0,5.047399,0.0,0.0,0.0,0.0,0.0,0.0,0.0,0.0,0.0,0.0,0.0
0.0,0.0,0.0,0.0,0.0,0.0,0.0,0.0,0.0,0.0,14.195113,0.0,0.0,0.0,0.0,3.259049,0.0,0.0,13.158201,0.0,0.0,0.0,0.0,6.9022207,0.0,0.0,0.0,0.0,0.0,0.0,0.0,0.0,0.0,0.0,0.54136986,0.0,0.0,0.0,0.0,0.0,0.0,0.0,0.0,0.0,0.0,0.0,0.0,6.281935,0.0,0.0,0.0,0.0,0.0,11.423366,0.0,4.2211018,0.0,0.0,0.0,0.0,0.0,0.0,0.0,1.5532699,0.0,7.637996,0.0,0.0,0.0,0.0,0.0,0.0,1.3264595,0.0,0.0,0.0,0.0,0.0,0.0,0.0,0.0,0.0,9.750564,1.370651,0.0,0.0,4.2024117,0.0,0.0,0.0,0.0,0.0,0.0,0.0,1.1193346,0.36762953,0.0,5.5133724,2.2102554,0.0,0.0,0.0,0.0,0.0,0.0,6.6934543,0.0,0.0,0.0,4.7934437,0.0,0.0,0.0,0.0,0.0,0.0,0.0,0.0,0.0,0.0,0.0,0.0,0.0,0.0,0.0,0.0,0.0,0.0
0.0,0.0,0.0,0.0,0.0,1.075664,0.0,0.0,0.78724843,0.0,0.0,0.0,0.0,0.0,0.0,3.0665774,1.0458702,0.0,0.0,7.4302964,0.0,3.201822,0.0,0.0,0.0,0.0,0.0,0.0,0.0,0.0,0.0,0.0,0.0,0.0,0.0,0.0,0.0,0.0,0.0,0.0,0.0,0.0,0.0,0.0,0.0,0.0,0.0,0.0,0.0,0.0,0.0,0.0,0.0,0.0,0.0,0.0,0.0,0.0,0.0,0.0,0.0,0.0,0.0,4.5986915,0.0,10.29449,0.87847054,0.0,0.0,0.0,0.0,0.0,1.9472437,0.0,0.0,0.0,0.0,1.6954561,0.0,0.0,0.0,0.0,0.0,0.0,0.0,0.0,0.114991486,0.0,0.0,0.0,0.0,7.8056087,1.0272179,0.0,0.0,0.0,0.0,0.0,0.0,0.0,0.0,0.0,0.0,0.0,1.9733268,0.0,0.0,0.0,2.1938164,0.0,0.0,0.0,0.0,0.0,0.0,0.0,0.0,0.0,0.0,0.0,0.0,0.0,0.0,0.8807309,0.0,0.0,0.0,0.0
0.0,0.0,0.0,0.0,0.0,0.0,0.0,0.0,0.0,0.0,0.0,1.9447994,0.0,0.0,0.0,0.0,0.0,0.0,2.257981,0.0,0.0,4.4393578,0.0,0.0,0.0,0.0,0.0,1.847281,0.0,0.0,0.0,0.0,0.0,0.0,0.0,0.7007141,0.0,0.0,0.18711211,0.0,0.0,0.0,0.0,0.0,0.0,0.0,0.0,0.0,1.0351548,0.0,0.0,0.0,0.0,0.0,0.0,0.0,0.0,0.0,0.0,0.0,0.0,0.0,0.0,0.0,0.0,0.0,0.0,0.0,0.0,0.0,0.0,0.0,0.0,0.0,0.0,0.0,0.0,0.0,0.0,0.0,0.0,0.0,0.0,0.0,6.918774,0.0,0.0,0.0,0.0,4.699563,0.0,0.0,0.0,0.0,1.6306221,0.0,0.0,0.0,2.070533,0.0,0.0,0.0,0.0,0.0,0.0,0.0,0.0,0.0,0.0,0.0,0.0,0.0,0.0,0.0,0.0,0.0,0.0,0.0,0.0,0.0,0.0,0.0,7.4063334,0.0,0.0,0.0,0.0,0.0
0.0,0.0,0.0,0.3094194,0.0,0.0,0.0,0.0,0.0,0.0,0.0,0.0,0.0,0.0,0.0,0.0,0.0,10.158616,0.32827532,0.0,0.0,3.9080098,0.0,0.0,0.0,0.0,0.0,0.0,0.0,0.0,0.0,0.0,0.0,0.0,0.0,0.0,0.0,0.0,0.0,0.0,0.0,0.0,0.0,0.0,0.0,0.0,0.0,0.0,3.2902179,0.0,0.0,0.0,0.0,0.0,0.0,0.0,0.0,0.0,0.0,0.0,0.0,0.0,0.0,0.0,0.0,4.4736414,2.2558537,0.0,0.0,8.846282,0.0,0.0,0.0,0.0,0.0,0.0,0.0,0.0,0.0,0.0,0.0,0.0,0.0,0.0,3.8323007,0.0,0.0,0.0,0.0,0.0,0.0,11.017863,0.0,7.568188,4.109367,0.0,0.0,0.0,0.0,0.0,0.0,0.0,0.0,0.0,0.0,0.0,0.0,0.0,6.4677863,0.0,0.0,0.0,0.0,0.0,0.0,0.0,5.29522,0.0,0.0,0.0,0.0,0.0,11.580146,0.0,0.0,0.0,0.0,0.0
0.0,0.0,0.0,0.0,0.0,5.8825293,0.0,0.0,0.0,0.0,0.0,0.0,0.0,0.0,0.0,0.0,0.0,0.0,0.0,0.0,0.0,0.0,0.0,0.0,0.0,0.0,0.0,0.0,0.0,0.0,0.0,0.0,0.0,0.0,0.0,3.8947382,0.0,0.0,0.0,0.0,0.0,1.616002,0.0,0.0,0.0,0.0,0.0,2.4115365,0.0,0.0,0.0,0.0,0.0,1.4650549,0.0,1.9065199,0.0,0.0,0.0,0.0,0.0,0.0,0.0,0.0,4.3857555,0.0,0.0,0.0,5.3753004,0.0,0.0,0.0,4.0706334,0.0,0.0,0.0,0.0,2.772541,0.0,0.0,0.0,0.0,0.0,0.0,7.8403687,0.0,0.0,0.0,0.0,1.1944758,0.0,0.0,0.73780066,0.0,8.300377,0.0,0.0,0.0,10.328897,0.0,0.0,0.0,0.0,0.0,0.0,0.0,0.0,0.0,0.0,8.312848,2.9716585,0.0,0.04894548,0.0,0.0,0.0,0.0,0.0,0.0,0.0,0.0,0.0,3.3838704,0.0,0.0,0.0,0.0,0.0
0.0,0.0,0.0,0.0,0.0,0.0,0.0,0.0,2.0830624,0.0,0.0,0.0,0.0,0.0,0.5875863,1.481576,0.0,0.0,2.7417648,0.0,0.0,0.0,0.0,0.0,0.0,0.0,0.0,0.0,1.7318318,0.0,0.0,0.0,0.0,0.0,0.0,0.0,0.0,0.0,0.0,0.0,0.0,0.0,0.0,0.0,0.0,0.0,0.0,0.0,0.0,0.0,0.0,0.0,0.0,0.0,0.0,0.0,0.0,0.0,0.0,0.0,0.0,0.0,0.0,0.0,0.008967999,4.39588,1.4828235,0.0,0.0,0.0,0.0,0.0,0.0,0.0,0.0,0.0,0.0,0.0,0.0,0.0,0.0,0.0,0.0,0.0,0.5896129,0.0,0.0,0.0,0.0,0.0,0.0,3.7972355,0.0,0.98712474,0.04915665,0.0,0.0,0.86266226,0.0,0.0,0.0,0.0,0.0,0.0,0.0,0.0,3.049249,0.0,1.7533458,0.0,2.1821191,0.0,0.0,0.0,0.0,0.0,0.0,0.0,0.0,2.048552,0.0,0.0,0.27480525,0.0,0.0,0.0,0.0,0.0
0.0,0.0,0.0,0.0,0.0,0.0,0.0,0.0,0.0,0.0,0.0,0.0,0.0,0.0,0.0,0.0,0.0,4.866958,0.7353085,0.0,0.0,0.0,0.0,0.0,0.0,0.0,0.0,0.0,0.0,0.0,0.0,0.0,0.0,0.0,0.0,5.321931,0.0,0.0,0.0,0.0,0.0,0.0,0.0,0.0,0.0,0.0,0.0,3.8543894,1.290789,0.0,0.0,0.0,0.0,0.0,0.0,0.0,0.0,0.0,0.0,0.0,0.0,0.0,0.0,0.0,6.5698214,0.0,5.3902874,0.0,0.0,0.0,0.0,0.0,0.0,0.0,0.0,0.0,0.0,0.0,0.0,0.0,0.0,0.0,0.0,0.0,2.3679712,0.0,0.0,0.0,0.0,0.0,0.0,4.0912523,0.0,2.202207,6.230223,0.0,0.0,0.0,5.495885,0.0,0.0,0.0,0.0,0.0,0.0,0.0,0.0,0.0,0.0,1.0219653,0.0,0.0,0.97649264,0.0,0.0,0.0,0.0,0.0,0.0,0.0,0.0,0.0,6.2665772,0.0,0.0,0.0,0.0,0.0
0.0,0.0,0.0,0.0,0.0,0.0,0.0,0.0,0.0,0.0,0.0,0.0,0.0,0.0,0.0,7.059526,0.0,2.7723866,6.630295,0.0,0.0,0.0,0.330028,6.427104,0.0,0.0,0.0,0.0,0.0,0.0,0.0,0.0,0.0,0.0,2.5606759,1.3714005,0.0,0.0,0.0,0.0,0.0,2.372224,0.0,0.0,0.0,0.0,0.0,15.00657,0.0,0.0,0.0,0.0,0.0,10.054889,0.0,5.1875196,0.0,0.0,0.0,0.0,0.0,0.0,0.0,0.0,9.559154,0.0,0.0,0.0,3.4522102,0.0,6.4356976,0.0,0.88407403,0.0,0.0,0.0,0.0,0.0,0.0,0.0,0.0,0.0,3.143034,0.0,0.0,0.0,0.0,7.682608,0.0,0.0,0.0,1.4687396,0.0,0.0,0.16763198,0.0,0.0,0.0,11.886935,0.0,0.0,0.0,0.0,0.0,0.0,3.6696188,0.0,0.0,0.0,3.7878966,0.8563972,0.0,0.0,0.0,0.0,0.0,0.0,0.0,0.0,0.0,0.0,0.0,0.0,0.0,0.0,0.0,0.0,0.0
0.0,7.7244873,0.0,1.0045297,0.0,0.0,0.0,0.0,0.0,0.0,0.0,0.0,0.0,0.0,0.0,0.0,9.594007,0.0,7.5969915,0.0,0.0,9.916362,0.0,0.0,0.0,0.0,0.0,15.746959,0.0,0.0,0.0,0.0,0.0,0.0,0.0,0.0,0.0,0.0,6.208758,0.0,0.0,0.0,0.0,0.0,0.0,0.0,0.0,0.0,13.979373,0.0,0.0,0.0,0.0,0.0,0.0,0.0,0.0,0.0,0.0,0.0,0.0,0.0,0.0,0.0,0.0,0.0,14.425334,0.0,0.0,0.0,0.0,0.0,0.0,0.0,0.0,0.0,0.0,0.0,0.0,0.0,0.0,0.0,0.0,0.0,0.0,0.0,0.0,0.0,0.0,0.0,0.0,0.0,0.0,0.0,0.0,0.0,0.0,19.748205,0.0,0.0,0.0,0.0,0.0,0.0,11.226156,0.0,0.0,0.0,0.0,5.6306615,0.0,0.0,0.0,0.0,3.3100688,0.0,2.526786,0.0,0.0,0.0,0.0,0.0,0.0,0.0,0.0,0.0,0.0,0.0
0.0,0.0,0.0,10.946372,0.87140656,0.0,0.0,0.0,1.7887367,0.0,3.9544659,0.0,0.0,1.2302428,0.0,0.0,5.77259,0.0,4.5973816,0.0,0.0,0.0,3.4905818,0.0,0.0,0.0,0.0,0.0,0.0,0.0,0.0,0.0,0.0,0.0,2.2722754,0.0,0.0,0.0,1.9732097,0.0,0.0,10.449708,0.0,0.0,0.0,0.0,0.0,0.0,0.0,0.0,0.0,0.0,0.0,0.0,0.0,0.0,0.0,0.0,0.0,0.068642765,0.0,0.0,0.0,0.0,0.0,0.0,2.2031121,0.0,0.0,0.0,0.0,0.0,0.0,0.0,0.0,0.0,10.065237,0.0,0.0,0.0,0.0,0.0,0.0,0.0,0.0,0.0,0.0,0.0,0.0,0.0,0.0,0.0,2.3376136,0.0,0.0,3.3727248,6.689633,7.4435225,0.0,0.0,0.0,0.0,0.0,0.0,0.0,0.0,0.0,0.0,9.596131,0.0,0.19416107,0.0,0.0,0.0,0.0,0.0,2.582763,0.0,0.0,0.0,4.8396106,0.0,0.0,0.0,0.5484115,0.0,0.0,0.0
0.0,0.0,0.0,0.0,0.0,0.0,0.0,0.0,0.0,0.0,0.0,0.0,0.0,0.0,0.0,5.22096,0.0,0.0,3.6341443,0.0,0.0,0.58233225,0.0,0.31935278,0.0,0.0,0.0,0.0,0.0,2.2789257,0.0,0.0,0.0,0.0,0.0,0.0,0.0,0.0,0.0,0.0,0.0,0.0,0.0,0.0,0.0,0.0,0.0,0.13325524,0.0,0.0,0.0,0.0,0.0,2.4247816,0.0,0.0,0.0,0.0,0.0,0.0,0.0,0.0,0.0,4.5547233,0.13152198,2.1456542,0.0,0.0,3.0853775,0.0,0.0,0.0,0.0,0.0,0.0,1.5300107,0.0,1.0997874,0.0,0.0,1.9522551,0.0,0.0,0.0,4.7007346,0.0,0.0,0.0,0.0,0.0,0.0,2.7269714,0.0,0.0,0.0,0.0,0.0,1.4565761,6.8740525,0.0,0.0,0.0,0.0,0.0,0.0,1.720265,0.0,0.0,0.0,0.0,1.0046014,0.0,0.0,0.0,0.0,0.0,0.0,0.0,0.0,1.1882952,0.0,0.0,0.0,0.0,0.0,0.0,0.0,0.0
0.0,0.0,0.0,0.0,0.0,0.0,0.0,0.0,0.0,0.0,5.251024,0.0,0.0,0.0,0.0,0.0,0.0,0.0,1.813979,0.0,0.0,0.0,0.0,0.0,0.0,0.0,0.0,0.0,0.0,0.0,0.0,0.0,0.0,0.0,0.0,0.0,0.0,0.0,0.0,0.0,0.0,0.0,0.0,0.0,0.0,0.0,0.0,1.9294888,0.0,0.0,0.0,0.0,0.0,1.9408925,0.0,6.360229,0.0,0.0,0.0,0.0,0.0,0.7007404,0.0,0.0,0.0,0.0,0.0,0.0,0.0,0.0,0.0,0.0,5.10873,0.0,0.0,0.0,0.0,4.931325,0.0,0.0,6.494946,0.0,0.44127738,0.0,0.0,0.0,0.0,0.0,0.0,0.0,0.0,0.0,0.0,0.0,4.271885,0.0,0.0,1.6119219,4.5499525,0.0,0.0,0.0,0.0,0.0,0.0,3.2848418,0.0,0.0,0.0,4.2279396,7.445698,0.0,0.0,0.0,0.0,0.0,0.0,0.0,0.0,0.0,0.0,0.0,6.1273456,0.0,0.0,0.0,0.0,0.0
0.0,0.0,0.0,0.0,0.0,6.221085,0.0,0.0,0.0,0.0,0.0,0.0,0.0,0.0,0.0,0.0,0.0,8.655233,0.0,0.0,0.0,0.0,0.0,0.0,0.0,0.0,0.0,0.0,0.0,0.0,0.0,0.0,0.0,0.0,0.0,11.045744,0.0,0.0,0.0,0.0,0.0,0.0,0.0,0.0,0.0,0.0,0.0,10.458107,0.0,0.0,0.0,0.0,0.0,2.4034028,0.0,0.0,0.0,0.0,0.0,0.0,0.0,0.0,0.0,0.0,13.357403,0.0,9.343352,0.0,0.0,0.0,0.0,0.0,0.0,0.0,0.0,0.0,0.0,0.0,0.0,0.0,0.0,0.0,0.0,0.0,0.0,0.0,0.0,0.0,0.0,0.0,0.0,5.3598847,0.0,5.769834,7.6116924,0.0,0.0,0.0,4.438896,0.0,0.0,0.0,0.0,0.0,0.0,0.0,0.0,0.0,0.0,7.0081806,0.0,0.0,0.0,0.0,0.0,0.0,0.0,0.0,0.0,0.0,0.0,0.0,2.6422534,0.0,0.0,0.0,0.0,0.0
0.0,2.5303836,0.0,0.0,0.0,0.0,0.0,0.0,0.0,0.0,0.0,0.0,0.0,0.0,0.0,8.673236,5.9745464,0.0,0.0,0.0,0.0,0.0,0.0,5.795843,0.0,0.0,0.0,0.0,0.0,0.0,1.472011,0.0,0.0,0.0,0.0,0.0,0.0,0.0,0.0,0.0,10.860782,4.7967725,0.0,0.0,0.0,0.0,0.0,9.305301,0.0,0.0,0.0,0.0,0.0,0.0,0.0,7.7409406,0.0,0.0,0.0,0.0,0.0,0.0,0.028845388,0.0,0.0,0.0,0.0,0.0,0.0,0.0,0.0,0.0,0.0,0.0,0.0,0.0,0.0,0.0,0.0,0.0,0.0,0.0,0.0,5.985041,0.0,0.0,0.0,8.993481,0.0,0.0,0.0,0.8634641,6.1426153,0.0,0.0,0.0,0.0,2.0271852,0.101790465,0.0,0.0,0.0,0.0,0.0,0.0,0.0,0.0,0.0,12.125688,0.0,0.0,0.0,0.0,0.8154417,0.0,0.0,0.0,4.537246,0.0,0.0,1.3793129,0.0,0.0,0.0,0.0,0.0,0.0,0.0
0.0,8.977606,0.0,0.64863896,0.0,0.0,0.0,0.0,0.0,0.0,0.0,0.0,0.0,0.0,0.0,0.0,0.0,0.0,0.0,0.0,0.0,8.982919,0.0,0.0,0.0,0.0,0.0,3.1016827,0.0,0.0,0.0,0.0,0.0,0.0,0.0,0.0,0.0,0.0,0.0,0.0,0.0,0.0,0.0,0.0,0.0,0.0,0.0,0.0,0.0,0.0,0.0,0.0,0.0,0.0,0.0,0.0,0.0,0.0,0.0,0.0,0.0,0.0,0.0,0.0,0.0,4.031474,9.070013,0.0,0.0,0.0,0.0,0.0,0.0,0.0,0.0,0.0,0.0,0.0,0.0,0.0,0.0,0.0,0.0,0.0,0.0,0.0,0.0,0.0,0.0,0.0,0.0,0.0,0.0,4.527605,0.0,0.0,0.0,0.0,0.0,0.0,0.0,0.0,0.0,0.0,1.9871396,0.0,0.0,0.0,0.0,0.0,0.0,0.0,0.0,0.0,6.091637,0.0,6.090755,0.0,0.0,0.0,0.0,0.0,7.77073,0.0,0.0,0.0,0.0,0.0
0.0,0.0,0.0,0.0,0.0,0.0,0.0,0.0,0.0,0.0,0.0,0.0,0.0,0.0,0.0,8.832527,0.0,6.432729,14.817808,0.0,0.0,0.0,2.1155732,5.565937,0.0,0.0,0.0,0.0,0.0,0.0,6.054162,0.0,0.0,0.0,5.3206882,0.0,0.0,0.0,0.0,0.0,0.0,3.2574732,0.0,0.0,0.0,0.0,0.0,18.101343,0.0,0.0,0.0,0.0,0.0,6.6462216,0.0,2.5182006,0.0,0.0,0.0,0.0,0.0,0.0,0.0,0.1413307,6.256199,0.0,0.0,0.0,0.0,0.0,10.62663,0.0,0.0,0.0,0.0,0.0,1.4739193,0.0,0.0,0.0,6.120924,0.0,0.0,0.0,0.0,0.0,0.0,10.193392,0.0,0.0,3.3368886,3.167435,3.8874397,0.0,5.080259,0.0,0.0,0.0,0.0,0.0,0.0,0.0,0.0,0.0,0.0,0.26630485,0.0,0.0,0.0,0.25025287,3.840773,0.0,4.189254,0.0,0.0,0.0,0.0,0.0,0.0,0.0,0.0,0.0,0.0,0.0,0.0,0.0,0.0,0.0
0.0,0.0,0.0,0.0,0.0,0.0,0.0,0.0,0.0,0.0,9.850704,0.0,0.0,0.0,0.0,11.800778,9.272687,0.0,0.0,0.0,0.0,0.0,6.369817,7.948794,0.0,0.0,0.0,0.0,0.0,2.8815703,0.0,0.0,0.0,0.0,13.863716,0.0,0.0,0.0,0.0,0.0,0.0,0.0,0.0,0.0,0.0,0.0,0.0,8.344411,0.0,0.0,0.0,0.0,0.0,1.3660593,0.0,0.7253829,0.0,0.10991736,0.0,0.0,0.0,0.0,0.0,2.218353,0.0,4.006351,0.0,0.0,0.0,0.0,0.15841563,0.0,3.3818345,0.0,0.0,0.0,0.0045200493,5.4177732,0.0,0.0,0.0,0.0,0.0,0.0,0.0,0.0,5.1078854,3.2684984,0.0,0.0,1.7018253,0.0,1.318154,0.0,0.0,0.0,0.0,6.9526095,0.0,0.0,0.0,0.0,0.0,0.0,0.0,0.0,0.0,0.0,0.0,0.0,0.0,0.0,0.0,1.1613182,0.0,0.0,0.0,0.0,0.0,0.0,0.0,0.0,0.0,5.7866,0.0,0.0,0.0,0.0
0.0,4.4074063,0.0,3.4686177,0.0,0.0,0.0,0.0,0.0,0.0,0.0,0.0,0.0,0.0,2.6240537,0.0,5.6089373,0.0,0.0,0.0,0.0,7.6421776,0.0,0.0,0.0,0.0,0.0,2.6309764,0.0,0.0,0.0,0.0,0.0,0.0,0.0,0.0,0.0,0.0,0.0,0.0,0.0,0.0,0.0,0.0,0.0,0.0,0.0,0.0,0.71397954,0.0,0.0,0.0,0.0,0.0,0.0,0.0,0.0,0.0,0.0,0.0,0.0,0.0,0.0,0.0,0.0,0.0,8.035668,0.0,0.0,0.0,0.0,0.0,0.0,0.0,0.0,0.0,2.2989748,0.0,0.0,0.0,0.0,0.0,0.0,0.0,0.0,0.0,0.0,0.0,0.0,0.0,0.0,0.0,0.0,10.13896,0.0,0.58471537,0.0,0.0,0.0,0.0,0.0,0.0,0.0,0.0,4.941295,0.0,0.0,0.0,0.0,0.0,0.0,0.0,0.0,0.0,4.361713,0.0,12.243695,0.0,0.0,0.0,0.0,0.0,10.803063,0.0,0.0,0.0,0.0,0.0
0.0,0.0,0.0,0.0,0.0,0.0,0.0,0.0,0.0,0.0,0.0,0.0,0.0,0.0,0.0,0.45726773,0.0,0.0,3.7274349,0.0,0.0,0.012225844,0.0,0.0,0.0,0.0,0.0,0.0,0.0,0.0,0.0,0.0,0.0,0.0,0.31342897,1.9940821,0.0,0.0,0.0,0.0,0.0,0.0,0.0,2.9018412,0.0,0.0,0.0,0.0,0.0,0.0,0.0,0.0,0.0,0.0,0.0,0.0,0.0,0.0,0.0,0.0,0.0,0.0,0.0,5.7470455,0.0,6.1498466,0.3142752,0.0,1.9141668,0.0,0.0,0.0,0.0,0.0,0.0,0.0,0.0,6.6500916,0.0,0.0,1.7421976,0.0,0.0,0.0,1.6670367,0.0,0.0,0.0,0.0,0.0,0.0,3.6040957,0.0,0.0,0.77577317,0.0,0.0,0.0,2.7108555,0.0,0.0,0.0,0.0,0.0,0.0,3.2110822,0.0,0.0,0.0,0.0,0.0,0.0,0.0,0.0,0.0,0.0,0.0,0.0,0.0,0.93334347,0.0,0.0,0.0,0.0,0.0,0.0,0.0,0.0
0.0,0.0,0.0,0.0,0.0,0.67836213,0.0,0.0,0.0,0.0,0.0,0.0,0.0,0.0,0.0,0.0,0.0,7.2846866,4.351255,0.0,0.0,0.0,0.0,0.0,0.0,0.0,0.0,0.0,0.0,0.0,0.0,0.0,0.0,0.0,0.0,11.028176,0.0,0.0,0.0,0.0,0.0,0.0,0.0,0.0,0.0,0.0,0.0,4.9257636,0.0,0.0,0.0,0.0,0.0,0.0,0.0,0.0,0.0,0.0,0.0,0.0,0.0,0.0,0.0,0.0,7.5653906,0.0,7.532863,0.0,0.0,0.0,0.0,0.0,0.0,0.0,0.0,0.0,0.0,0.0,0.0,0.0,0.0,0.0,0.0,0.0,0.0,0.0,0.0,0.0,0.0,0.0,0.0,2.3169713,0.0,6.6212716,3.48307,0.0,0.0,0.0,1.0790128,0.0,0.0,0.0,0.0,0.0,0.0,0.1630738,0.0,0.0,0.0,3.5349119,0.0,0.0,0.0,0.0,0.0,0.0,0.0,0.0,0.0,0.0,0.0,0.0,6.0623693,0.0,0.0,0.0,0.0,0.0
0.0,0.0,0.0,0.0,0.0,0.0,0.0,0.0,1.7133387,0.0,0.0,0.0,0.0,0.0,0.0,8.750252,3.1533387,0.0,0.18903247,0.0,0.0,0.0,3.0019648,6.388814,0.0,0.0,0.0,0.0,0.0,0.0,2.2107368,0.0,0.0,2.6281521,0.0,0.0,0.0,0.0,0.0,0.0,0.0,0.0,0.0,0.0,0.0,0.0,0.0,8.498904,0.0,0.0,0.0,0.0,0.0,0.0,0.0,0.039478995,0.0,0.0,0.0,0.0,0.0,0.0,0.0,0.9905094,2.589956,0.0,0.0,0.0,0.0,0.0,5.194718,0.0,1.7447103,0.0,0.0,0.0,0.0,0.0,0.0,0.0,0.0,0.0,2.2632859,0.0,0.0,0.0,4.1910734,9.734738,0.0,0.0,0.0,1.5134962,0.0,0.0,0.0,0.0,0.0,0.0,0.0,0.0,0.0,0.0,0.0,0.0,0.0,0.0,0.0,0.0,0.8687002,0.5606801,0.0,0.0,0.0,0.0,0.0,0.0,0.0,1.8948183,0.0,0.0,0.0,0.0,0.0,0.0,0.0,0.0,0.0,0.0
0.0,0.0,1.6295516,0.0,0.0,0.0,0.0,0.0,0.0,0.0,0.0,0.0,0.0,0.0,0.0,0.0,0.0,0.0,4.3237185,0.0,0.0,0.0,0.0,0.0,0.0,0.0,0.0,0.0,0.0,0.0,0.0,0.0,0.0,1.8949907,0.0,2.0723248,0.0,0.0,0.0,0.0,0.0,4.1953397,0.0,0.0,0.0,0.0,0.0,4.8942413,0.0,0.0,0.0,0.0,0.0,2.221374,0.0,2.9398696,0.0,0.0,0.0,0.0,0.0,0.0,0.0,0.0,6.421446,0.0,0.62995017,0.0,0.0,0.0,0.0,0.0,0.0,0.0,0.0,0.0,0.0,0.0,0.0,0.0,0.0,0.0,0.0,0.7442071,0.44032633,0.0,0.0,0.0,0.0,0.0,2.5094543,0.0,0.0,0.0,4.436989,0.0,0.0,0.0,2.5195735,0.0,7.297483,0.0,0.0,0.0,0.0,0.0,0.0,0.0,0.0,3.4755852,5.57329,0.0,0.0,0.0,0.0,0.0,0.0,0.0,0.0,0.0,0.0,0.0,8.540822,0.0,0.0,0.0,0.0,0.0
0.0,0.0,0.0,0.0,0.0,0.0,0.0,0.0,0.0,0.0,3.3754513,0.0,0.0,0.0,0.0,0.0,0.0,0.0,5.193401,0.0,0.0,0.0,0.0,0.0,0.0,0.0,0.0,0.0,0.0,0.10744053,0.0,0.0,0.0,0.0,0.0,0.44937816,0.0,0.0,0.0,0.0,0.0,0.0,0.0,0.0,0.0,0.0,0.0,0.52117395,0.0,0.0,0.0,0.0,0.0,2.997344,0.0,0.81394786,0.0,0.0,0.0,0.0,0.0,0.0,0.0,0.0,0.0,0.0,0.0,0.0,0.0,0.0,0.0,0.0,0.0,0.0,0.0,0.0,0.0,0.0,0.0,0.0,0.0,0.0,0.0,0.0,1.9609851,0.0,0.16841409,0.0,0.0,0.0,2.67937,0.0,0.0,0.0,0.0,0.0,0.0,3.4910448,0.0,0.0,0.0,0.0,0.0,0.0,0.0,1.0357748,0.0,0.0,0.0,1.5148903,2.6614633,0.0,0.0,0.0,0.0,0.0,0.0,0.0,0.0,0.0,0.0,0.0,5.7022767,0.0,0.0,0.0,0.0,0.0
0.0,0.0,0.0,0.0,0.0,0.0,0.0,0.0,0.0,0.0,0.0,0.0,0.0,0.0,0.0,0.0,0.0,4.854794,3.400312,0.0,0.0,0.0,0.0,0.0,0.0,0.0,0.0,0.0,0.0,0.0,0.0,0.0,0.0,0.0,2.1888726,3.6871336,0.0,0.0,0.0,0.0,0.0,0.0,0.0,0.0,0.0,0.0,0.0,1.9539224,0.7435545,0.0,0.0,0.0,0.0,0.0,0.0,0.0,0.0,0.0,0.0,0.0,0.0,0.0,0.0,0.0,2.532655,4.762068,1.7956994,0.0,0.0,0.6108242,0.0,0.0,0.0,0.0,0.0,0.5559702,0.0,0.9157427,0.0,0.0,0.0,0.0,0.0,0.0,3.4148889,0.0,0.0,0.0,0.0,0.0,0.0,6.6011877,0.0,0.0,0.65632594,0.0,0.0,0.0,2.7167826,0.0,0.0,0.0,0.0,0.0,0.0,0.0,0.0,0.0,3.4103262,0.0,2.2151675,0.0,2.8788211,0.0,0.0,0.0,0.0,0.0,0.0,0.0,0.0,0.0,5.33455,0.0,0.0,0.0,0.0,0.0
0.0,0.0,0.0,0.0,0.0,0.0,2.3932595,0.0,0.0,0.0,0.0,0.0,0.0,0.0,0.0,0.0,0.0,0.0,1.2232578,0.0,0.0,0.8062759,2.7853954,0.0,0.0,0.0,0.0,0.0,0.0,0.0,0.0,0.0,0.0,0.0,0.0,0.0,0.0,0.0,0.0,0.0,0.0,0.0,0.0,0.0,0.0,0.0,0.0,0.0,0.0,0.0,0.0,0.0,0.6160457,1.7313715,0.0,0.0,0.0,0.0,0.0,0.0,0.0,0.0,0.0,0.0,0.0,0.0,0.0,0.0,0.29933444,0.0,0.0,0.0,0.0,0.0,0.0,4.4194536,0.0,3.7828183,0.0,0.0,0.0,0.0,0.0,0.0,6.954605,0.0,0.0,0.0,0.0,0.0,0.0,0.0,1.4499125,0.0,1.9391032,0.0,0.0,3.0714388,3.717368,0.0,0.0,0.0,0.0,0.0,0.0,2.00222,0.0,0.0,0.0,3.821757,5.2829723,0.0,0.0,0.0,0.0,0.0,0.0,0.0,0.0,0.0,0.0,0.0,1.6768829,0.0,0.0,0.0,0.0,0.0
0.0,0.0,0.0,0.0,0.0,0.0,0.0,0.0,0.0,0.0,1.5949625,0.0,0.0,0.0,0.0,6.8315506,0.0,0.0,0.1245601,0.0,0.0,0.0,0.0,0.7742975,0.0,0.0,0.0,0.0,0.0,0.57528776,0.0,0.0,0.0,0.0,4.3417773,0.0,0.0,0.0,0.0,0.0,0.0,0.0,0.0,0.0,0.0,0.0,0.0,0.9234133,0.0,0.0,0.0,0.0,0.0,1.142926,0.0,2.9274082,0.0,0.0,0.0,0.0,0.0,0.0,0.0,1.5204508,0.0,9.60975,0.0,0.0,0.0,0.0,0.0,0.0,4.129819,0.0,0.0,0.0,0.0,4.4878216,0.0,0.0,0.0,0.0,0.0,0.0,0.0,0.0,0.0,0.0,0.0,0.0,0.0,4.101355,0.0,0.0,0.0,0.0,0.0,0.0,7.009384,0.0,0.0,0.0,0.0,0.0,0.0,0.0,0.0,0.0,0.46255532,0.0,0.5886961,0.0,0.009697901,0.0,0.0,0.0,0.0,0.0,0.0,0.0,0.0,0.0,0.0,0.49542123,0.0,0.0,0.0,0.0
0.0,3.4359455,0.0,2.17576,0.0,0.0,0.0,0.0,0.0,0.0,4.671063,0.0,0.0,0.0,7.853311,0.0,8.37927,0.0,0.0,0.0,0.0,4.7291036,0.0,0.0,0.0,0.0,0.0,0.0,0.0,0.0,0.0,0.0,0.0,0.0,0.0,0.0,0.0,0.0,4.684579,0.0,0.0,0.0,0.0,0.0,0.0,0.0,0.0,0.0,0.0,0.0,0.0,0.0,0.0,0.0,0.0,0.0,6.68535,0.0,0.0,0.0,0.0,0.0,0.0,3.0765667,0.0,0.0,2.172073,0.0,0.0,0.0,0.0,0.0,0.0,0.0,0.0,0.0,0.0,0.0,0.0,0.0,0.0,0.0,0.0,0.0,0.0,0.0,0.0,0.0,0.0,0.0,0.0,0.0,0.0,0.0,0.0,6.2915406,0.0,12.735778,0.0,0.0,0.0,0.0,0.0,0.0,21.615448,0.0,0.0,0.0,14.905619,0.0,0.0,0.0,0.0,0.0,2.2711015,0.0,13.4450245,0.0,0.0,0.0,0.0,0.0,4.878189,0.0,7.8918943,0.0,0.0,0.0
0.0,0.0,0.0,0.0,0.0,0.0,0.0,0.0,0.0,0.0,0.0,0.0,0.0,0.0,11.2567,0.0,0.0,0.0,0.0,0.0,0.0,2.070133,0.0,0.0,0.0,0.0,0.0,0.7982908,0.0,0.0,0.0,0.0,0.0,0.0,0.0,0.0,0.0,0.0,0.0,0.0,0.0,0.0,0.0,0.0,0.0,0.0,0.0,0.0,0.0,0.0,0.0,0.0,0.0,0.0,0.0,0.0,0.0,0.0,0.0,0.0,0.0,0.0,0.0,6.883784,0.0,0.0,2.6353521,0.0,0.0,0.0,0.0,0.0,0.0,0.0,0.0,0.0,0.0,0.0,0.0,0.0,0.0,0.0,0.0,0.0,0.0,0.0,0.0,0.0,0.0,0.0,0.0,0.0,0.0,5.3671494,0.3700911,0.0,0.0,0.0,0.0,0.0,0.0,0.0,0.0,0.0,5.6795793,0.0,0.0,0.0,0.0,0.0,0.0,0.0,0.0,0.0,10.993916,0.0,5.4491,0.0,0.0,0.0,0.0,0.0,16.947676,0.0,0.0,0.0,2.2737536,0.0
0.0,8.834381,0.0,0.0,6.1571946,0.0,0.0,0.0,0.0,0.0,15.803893,0.0,0.0,0.0,0.0,7.9802127,11.266697,0.0,3.402335,0.0,0.0,2.0160172,0.0,10.184799,0.0,0.0,0.0,0.0,0.0,0.0,0.0,0.0,0.0,0.0,0.8549511,0.0,0.0,0.0,0.09000486,0.0,0.0,0.0,0.0,0.0,0.0,0.0,0.0,0.0,0.0,0.0,0.0,0.0,0.0,3.56664,0.0,0.0,0.0,1.2290356,0.0,0.0,0.0,0.0,0.0,3.5638852,0.0,0.0,0.0,0.0,0.0,0.0,0.0,0.0,0.0,0.0,0.0,0.0,0.0,0.0,0.0,0.0,0.0,0.0,0.0,0.0,0.0,0.0,0.0,0.0,0.0,0.0,0.0,0.0,2.8990088,0.0,0.0,10.045149,0.0,18.208954,0.0,0.0,0.0,0.0,0.0,0.0,4.8800607,0.0,0.0,0.0,0.0,0.0,0.0,0.0,0.0,0.0,3.8411298,0.0,0.0,0.0,0.0,0.0,0.0,0.0,0.0,0.0,1.3146216,0.0,0.0,0.0
0.0,0.0,0.0,0.0,2.3871388,0.0,0.0,0.0,0.0,0.0,4.8300223,0.0,0.0,0.0,0.0,5.543324,9.5765505,0.0,0.0,0.0,0.0,0.0,0.0,0.90333664,0.0,0.0,0.0,0.0,0.0,0.0,0.0,0.0,0.0,0.0,8.236562,0.0,0.0,0.0,0.0,0.0,2.8633666,1.7062173,0.0,0.0,0.0,0.0,0.0,2.8242831,0.0,0.0,0.0,0.0,0.0,1.388564,0.0,2.1128638,0.0,6.638731,0.0,0.0,0.0,0.0,0.0,0.42162865,0.0,0.0,0.0,0.0,0.0,0.0,0.0,0.0,0.0,0.0,0.0,0.0,0.0,0.0,0.0,0.0,0.0,0.0,0.0,2.457808,0.0,0.0,0.0,7.1373205,0.0,0.0,0.0,0.0,0.0,0.0,0.0,5.4249177,0.0,1.2851626,0.6917846,0.0,0.0,0.0,0.0,0.0,0.0,0.0,0.0,0.0,14.346513,0.0,0.0,0.0,0.0,4.697813,0.0,0.0,0.0,0.0,0.0,0.0,0.0,0.0,0.0,0.0,0.0,0.0,6.154842,0.0
0.0,0.0,0.0,0.0,0.0,11.549683,0.0,0.0,0.0,0.0,0.0,0.0,0.0,0.0,0.0,0.0,0.0,4.689419,0.0,0.0,0.0,0.0,0.0,0.0,0.0,0.0,0.0,0.0,0.0,0.0,0.0,0.0,0.0,0.0,0.0,11.708432,0.0,0.0,0.0,0.0,0.0,0.0,0.0,0.0,0.0,0.0,0.0,8.151368,0.0,0.0,0.0,0.0,0.0,4.790083,0.0,1.5966108,0.0,0.0,0.0,0.0,0.0,0.0,0.0,0.0,14.240612,0.0,9.08358,0.0,0.0,0.0,0.0,0.0,10.808846,0.0,0.0,0.0,0.0,0.0,0.0,0.0,0.0,0.0,0.0,0.0,0.0,0.0,0.0,4.417732,0.0,0.0,0.0,2.923106,0.0,9.550989,9.518717,0.0,0.0,0.0,2.1335306,0.0,0.0,0.0,0.0,0.0,0.0,0.0,0.0,0.0,0.0,12.7012,0.0,0.0,0.0,0.0,0.0,0.0,0.0,0.0,0.0,0.0,0.0,0.0,0.0,0.0,0.0,0.0,0.0,0.0
0.0,3.0176058,0.0,2.5602486,0.0,0.0,0.0,0.0,0.0,0.0,1.3174658,0.0,0.0,0.0,3.2760193,0.0,6.1796675,0.0,0.0,0.0,0.0,0.0,0.0,0.0,0.0,0.0,0.0,0.0,0.0,0.0,0.0,0.0,0.0,0.0,0.0,0.0,0.0,0.0,0.0,0.0,6.4362392,0.0,0.0,0.0,0.0,0.0,0.0,0.0,0.0,0.0,0.0,0.0,0.0,0.0,0.0,0.0,6.666012,2.188005,0.0,0.0,0.0,0.0,0.0,4.132113,0.0,0.0,0.0,0.0,0.0,1.176809,0.0,0.0,1.98689,0.0,0.0,0.0,0.0,0.0,0.0,0.0,0.0,0.0,0.0,0.0,0.0,0.0,0.0,0.0,0.0,0.0,0.0,0.0,0.0,0.015284214,0.0,6.0390534,0.0,3.997572,0.0,0.0,0.0,0.0,0.0,0.0,9.310121,0.0,0.0,0.0,13.28546,0.0,0.0,0.0,0.0,0.0,0.0,0.0,1.8485059,0.0,0.0,0.0,0.0,0.0,0.0,0.0,0.1007039,0.0,0.0,0.0
0.0,0.0,0.0,0.0,0.20454901,0.0,0.0,0.0,0.0,0.0,14.204531,0.0,0.0,0.0,0.0,2.2656093,9.084782,0.0,0.0,0.0,0.0,0.0,0.0,11.149105,0.0,0.0,0.0,0.0,0.0,0.0,0.0,0.0,0.0,0.0,8.854692,0.0,0.0,0.0,0.0,0.0,0.0,0.0,0.0,0.0,0.0,0.0,0.0,11.605343,0.0,0.0,0.0,0.0,0.0,11.236316,0.0,2.7932878,0.0,0.0,0.0,0.0,0.0,0.0,0.0,5.69071,0.0,5.8764205,0.0,0.0,0.0,0.0,0.0,0.0,9.22147,0.0,0.0,0.0,0.0,0.0,0.0,0.0,0.0,0.0,13.050035,2.7223387,0.0,0.0,4.694188,8.557422,0.0,0.0,0.0,0.0,0.0,0.0,0.0,2.3656116,0.0,0.92277396,5.680447,0.0,0.0,0.0,0.0,0.0,0.0,0.0,0.0,0.0,0.0,0.0,0.0,0.0,0.0,0.0,0.0,0.0,0.0,0.0,0.0,0.0,0.0,0.0,0.0,0.0,0.0,0.0,0.0,0.0
0.0,0.0,0.0,0.0,0.0,0.0,0.0,0.0,0.0,0.0,0.0,0.0,0.0,0.0,0.0,0.0,0.0,8.384756,0.0,0.0,0.0,0.0,0.0,0.0,0.0,0.0,0.0,0.0,0.0,0.0,0.0,0.0,0.0,6.9334483,0.0,0.0,0.0,0.0,0.0,0.0,0.0,2.9146407,0.0,0.0,0.0,0.0,0.0,13.308187,0.0,0.0,0.0,0.0,0.0,0.74531233,0.0,1.2929302,0.0,0.0,0.0,0.0,0.0,0.0,0.0,0.0,8.2925625,0.0,0.0,0.0,0.0,0.0,1.1756485,0.0,14.184527,0.0,0.0,0.0,0.0,0.0,0.0,0.0,0.0,0.0,11.536669,0.78155905,0.0,0.0,0.0,11.285675,0.0,0.0,0.0,1.1853298,0.0,0.0,5.452697,0.0,0.0,0.0,10.542257,0.0,0.0,0.0,0.0,0.0,0.0,0.0,0.0,0.0,3.3630877,3.994901,0.0,0.0,0.58819777,0.0,0.0,0.0,0.0,0.0,0.0,0.0,0.0,0.0,0.0,0.0,0.0,0.0,0.0,0.0
0.0,0.0,0.0,0.0,1.1821809,0.0,0.0,0.0,0.0,0.0,0.0,0.0,0.0,0.0,0.0,6.4194965,1.6219965,0.0,8.278381,0.0,0.0,0.0,4.3641334,3.1628015,0.0,0.0,0.0,0.0,0.0,0.0,0.0,0.0,0.0,0.0,0.0,0.0,0.0,8.061519,0.0,0.0,4.355385,0.0,0.0,0.0,0.0,0.0,0.0,1.0879973,0.0,0.0,0.0,0.0,0.0,0.49639603,0.0,0.0,0.0,0.0,0.0,0.0,0.0,0.0,0.0,3.888629,0.0,0.0,1.007877,0.0,3.7746542,0.0,0.0,0.0,0.0,0.0,0.0,0.0,0.0,0.0,0.0,0.0,0.0,0.0,0.0,0.0,0.0,0.0,0.0,3.1642358,0.36121103,0.0,4.095489,1.4444115,0.0,0.0,0.0,0.0,0.0,8.543951,0.0,0.0,0.0,2.1222403,0.0,0.0,0.0,3.548278,0.0,0.0,0.0,0.5782445,0.0,0.0,0.0,0.0,0.0,0.0,0.0,0.0,0.0,0.0,0.0,0.0,0.0,0.0,0.0,0.0,0.0,0.0
0.0,0.0,0.0,0.0,0.0,0.51140195,0.0,0.0,0.0,0.0,0.0,0.0,0.0,0.0,0.0,3.0284028,0.0,0.0,0.0,0.0,0.0,0.0,5.6718106,0.0,0.0,0.0,0.0,0.0,0.0,1.4065298,0.0,0.0,0.0,0.0,6.1411834,3.9227006,0.0,0.0,0.0,0.0,0.0,0.8493215,0.0,0.0,0.0,0.0,0.0,11.3244295,0.0,0.0,0.0,0.0,0.0,1.3244905,0.0,0.0,0.0,0.0,0.0,0.0,0.0,0.0,0.0,0.5203071,0.0,0.0,0.0,0.0,0.061798353,0.0,0.0,0.0,5.6202374,0.0,0.0,5.9445844,0.0,5.052903,0.0,0.0,0.0,0.0,0.0,0.0,0.0,0.0,0.0,8.245464,0.0,0.0,0.0,7.943764,0.0,0.0,0.0,0.0,0.0,0.0,7.9432716,0.0,0.0,0.0,0.0,0.0,0.0,0.0,0.0,0.0,1.7069919,0.0,0.8401365,0.0,1.8351544,1.6417271,0.0,0.0,0.0,0.0,0.0,0.0,0.0,0.0,0.0,0.0,0.0,0.0,0.0,0.0
0.0,0.0,0.0,0.0,0.0,8.959696,0.0,0.0,0.0,0.0,0.0,0.0,0.0,0.0,0.0,0.0,0.0,9.575596,0.0,0.0,0.0,0.0,0.0,0.0,0.0,0.0,0.0,0.0,0.0,0.0,0.0,0.0,0.0,0.0,0.0,0.0,0.0,0.0,0.0,0.0,0.0,0.0,0.0,0.0,0.0,0.0,0.0,17.011509,0.0,0.0,0.0,0.0,0.0,0.0,0.0,5.0550213,0.0,0.0,0.0,0.0,0.0,0.0,0.0,0.0,4.8963547,0.0,14.25031,0.0,0.0,0.0,5.8045197,0.0,0.0,0.0,0.0,0.0,2.6703908,0.0,0.0,0.0,0.0,0.0,0.0,0.0,0.0,0.0,0.0,14.077202,0.0,0.0,0.0,7.3996162,0.0,16.986145,3.3309405,0.0,0.0,0.0,0.0,0.0,0.0,0.0,0.0,0.0,0.0,0.0,0.0,0.0,9.924337,12.672703,0.0,0.0,0.0,0.0,0.0,0.0,0.0,0.0,0.0,0.0,0.0,0.0,0.0,0.0,0.0,0.0,0.0,0.0
0.0,0.0,0.0,0.0,0.0,0.0,0.0,0.0,0.0,0.0,3.012291,0.0,0.0,0.0,0.0,0.0,0.0,2.3919365,7.0390024,0.0,0.0,0.0,0.0,0.0,0.0,0.0,0.0,0.0,0.0,0.0,0.0,0.0,0.0,0.0,0.5100814,6.170796,0.0,0.0,0.0,0.0,0.0,0.0,0.0,0.0,0.0,0.0,0.0,4.605856,0.0,0.0,0.0,0.0,0.0,5.697332,0.0,1.9403429,0.0,0.0,0.0,0.0,0.0,0.0,0.0,0.0,2.2551494,1.3948479,0.0,0.0,0.789334,0.0,0.0,0.0,0.0,0.0,0.0,0.0,0.0,2.8491542,1.12925,0.0,1.0617669,0.0,3.481202,0.0,6.495916,0.0,0.0,0.0,0.0,0.0,0.0,0.0,0.0,0.0,2.215832,0.0,0.0,0.0,10.353927,0.0,0.0,0.0,0.0,0.0,0.0,7.9956136,0.0,0.0,0.0,4.875632,0.0,0.0,1.5266294,0.0,0.0,0.0,0.0,0.0,0.0,0.0,0.0,0.0,4.940859,0.0,0.0,0.0,0.0,0.0
0.0,0.0,0.0,0.0,0.0,0.0,0.0,0.0,0.0,0.0,0.0,2.131933,3.1032603,0.0,0.0,0.0,0.0,0.0,3.635193,0.0,0.0,8.495522,0.0,0.0,0.0,0.0,0.0,4.08625,0.0,0.0,0.0,0.0,0.0,0.0,0.0,0.0,0.0,0.0,0.0,0.0,0.0,0.0,0.0,0.0,0.0,0.0,0.0,0.0,4.726862,0.0,0.0,0.0,0.0,0.0,0.0,0.0,0.0,0.0,0.0,0.0,0.0,0.0,0.0,0.0,0.0,3.4352756,0.53843516,0.0,0.0,0.0,0.0,0.0,0.0,0.0,0.0,0.0,0.0,0.0,0.0,0.0,0.0,0.0,0.0,0.0,7.761678,0.0,0.0,0.0,0.0,7.3479424,0.0,0.0,0.0,0.0,0.6371331,0.0,0.0,0.0,0.120198846,0.0,0.0,0.0,0.0,0.0,0.0,0.0,0.0,0.0,0.0,0.0,0.0,0.0,0.0,0.0,0.0,0.0,0.0,0.0,0.0,0.0,0.0,0.0,6.5624723,0.0,0.0,0.0,0.0,0.0
0.0,5.383997,0.0,16.543749,0.0,0.0,0.0,0.0,0.0,0.0,0.0,0.0,0.0,0.0,0.0,0.0,0.0,0.0,0.0,0.0,0.0,0.0,0.0,0.0,0.0,0.0,0.0,12.282731,0.0,0.0,0.0,0.0,0.0,0.0,0.0,0.0,0.0,0.0,0.0,0.0,0.0,0.0,0.0,0.0,0.0,0.0,0.0,0.0,0.0,0.0,0.0,0.0,0.0,0.0,0.0,0.0,6.850188,0.0,0.0,0.0,0.0,0.0,0.0,9.495257,0.0,0.0,18.246948,0.0,0.0,0.0,0.0,0.0,0.0,0.0,0.0,0.0,7.809882,0.0,0.0,0.0,0.0,0.0,0.0,0.0,0.0,0.0,0.0,0.0,0.0,0.0,0.0,0.0,0.0,10.735465,0.0,7.359497,0.0,12.445855,0.0,0.0,0.0,0.0,0.0,0.0,9.119646,0.0,0.0,0.0,0.0,0.8098677,0.0,0.0,0.0,0.0,10.432649,0.0,11.23623,0.0,0.0,0.0,0.0,0.0,1.1438851,0.0,0.0,0.0,0.0,0.0
0.2472314,0.0,0.0,0.0,0.0,0.0,0.0,0.0,0.0,0.0,0.0,0.0,0.0,0.0,0.0,0.0,0.0,3.2692776,9.067583,0.0,0.0,0.0,0.0,0.0,0.0,0.0,0.0,0.0,0.0,0.0,0.0,0.0,0.0,0.0,0.0,8.215852,0.0,0.0,0.0,0.0,0.0,3.1361566,0.0,0.0,0.0,0.0,0.0,6.5411143,0.0,0.0,0.0,0.0,0.0,0.0,0.0,0.7086012,0.0,0.0,0.0,0.0,0.0,0.0,0.0,0.0,4.155958,0.0,2.419211,0.0,0.0,0.0,0.0,0.0,0.0,0.0,0.0,0.0,1.7995707,0.0,0.0,0.0,0.0,0.0,0.0,0.0,0.0,0.0,0.0,0.0,0.0,0.0,0.0,0.0,0.0,3.8244386,5.506704,0.0,0.0,0.0,0.0,0.0,0.0,0.0,0.0,0.0,0.0,2.6348746,0.0,0.0,0.0,7.3538857,0.0,0.0,0.0,0.0,0.0,0.0,0.0,0.0,0.0,0.0,0.0,0.0,10.921589,0.0,0.0,0.0,0.0,0.0
0.0,4.582602,0.0,11.027069,0.0,0.0,0.0,0.0,0.0,0.0,0.0,0.0,0.0,0.0,0.6244021,0.0,0.0,0.0,0.0,0.0,0.0,1.5587518,0.0,0.0,0.0,0.0,0.0,0.82953614,0.0,0.0,0.0,0.0,0.0,0.0,0.0,0.0,0.0,0.0,0.0,0.0,0.0,0.0,0.0,0.0,0.0,0.0,0.0,0.0,0.0,0.0,0.0,0.0,0.0,0.0,0.0,0.0,0.0,0.0,0.0,0.0,0.0,0.0,0.0,3.6375964,0.0,0.0,5.562662,0.0,0.0,0.0,0.0,0.0,0.0,0.0,0.0,0.0,0.0,0.0,0.0,0.0,0.0,0.0,0.0,0.0,0.0,0.0,0.0,0.0,0.0,0.0,0.0,0.0,0.0,1.4253827,0.0,10.572286,0.0,5.9657264,0.0,0.0,0.0,0.0,0.0,0.0,5.768257,0.0,0.0,0.0,1.4996663,0.0,0.0,0.0,0.0,0.0,12.092309,0.0,9.374079,0.0,0.0,0.0,0.0,0.0,9.494029,0.0,0.0,0.0,0.0,0.0
0.0,0.0,0.0,0.0,0.0,0.0,0.0,0.0,0.0,0.0,0.0,0.0,0.0,0.0,0.0,0.0,0.0,3.8087957,3.3307898,0.0,0.0,0.0,0.0,0.0,0.0,0.0,0.0,0.4938627,0.0,0.0,0.0,0.0,0.0,0.0,0.0,9.957144,0.0,0.0,0.0,0.0,0.0,0.0,0.0,0.0,0.0,0.0,0.0,3.318835,3.9612994,0.0,0.0,0.0,0.0,0.0,0.0,0.0,0.0,0.0,0.0,0.0,0.0,0.0,0.0,0.0,3.495114,0.0,3.6808658,0.0,1.8547832,0.0,0.0,0.0,0.0,0.0,0.0,0.0,0.0,2.3026116,0.0,0.0,0.0,0.0,0.0,0.0,2.6499064,0.0,0.0,0.0,0.0,0.0,0.0,0.0,0.0,2.0061533,6.580231,0.0,0.0,0.0,3.7215936,0.0,0.0,0.0,0.0,0.0,0.0,0.44049808,0.0,0.0,0.0,3.3046694,0.0,0.0,1.493662,0.0,0.0,0.0,0.0,0.0,0.0,0.0,0.0,0.0,6.929703,0.0,0.0,0.0,0.0,0.0
0.0,0.0,0.0,0.0,0.0,0.0,0.0,0.0,0.0,0.0,6.4083815,0.0,0.0,0.0,0.0,1.6625434,0.0,6.200616,17.731066,0.0,0.0,0.0,7.356109,7.120207,0.0,0.0,0.0,0.0,0.0,0.0,0.0,0.0,0.0,0.0,0.021499636,5.927943,0.0,0.0,0.0,0.0,0.0,5.609773,0.0,0.0,0.0,0.0,0.0,21.894613,0.0,0.0,0.0,0.0,0.0,6.4684653,0.0,6.146668,0.0,0.0,0.0,0.0,0.0,0.0,0.0,0.5006321,2.4518454,0.0,0.0,0.0,0.41108015,0.0,0.0,0.0,0.0,0.0,0.0,0.0,0.0,0.0,0.0,0.0,0.0,0.0,9.708231,0.0,0.0,0.0,0.0,0.0,0.0,0.0,0.0,0.0,9.157956,0.0,5.580315,0.0,0.0,0.0,0.15049887,0.0,0.0,0.0,0.0,0.0,0.0,11.729808,0.0,0.0,0.0,11.433288,0.0,0.0,0.0,0.0,0.0,0.0,0.0,0.0,0.0,0.0,0.0,0.0,0.0,0.0,0.0,0.0,0.0,0.0
0.0,0.0,0.0,0.0,0.0,0.0,0.0,0.0,0.0,0.0,5.525925,0.0,0.0,0.0,0.0,8.572811,0.0,0.0,7.772,0.0,0.0,0.0,0.0,4.9177084,0.0,0.0,0.0,0.0,0.0,0.0,0.0,0.0,0.0,0.0,7.8677316,3.8381934,0.0,0.0,0.0,0.0,0.0,0.0,0.0,0.0,0.0,0.0,0.0,5.051998,0.0,0.0,0.0,0.0,0.0,13.599536,0.0,0.0,0.0,0.0,0.0,0.0,0.0,0.0,0.0,1.0568885,0.0,4.2304587,0.0,0.0,4.569985,0.0,0.3558974,0.0,0.0,0.0,0.0,0.0,0.0,0.38948473,0.0,0.0,0.13662964,0.0,0.58642584,0.0,5.32015,0.0,0.0,0.0934294,0.0,0.0,0.0,0.0,5.9229174,0.0,0.0,0.0,0.0,3.6486735,8.064042,0.0,0.0,0.0,0.0,0.0,0.0,7.3456864,0.0,0.0,0.0,0.0,0.0,0.0,0.0,0.0,0.0,0.0,0.0,0.0,0.0,0.0,0.0,0.0,0.0,0.0,0.0,0.0,0.0,0.0
0.0,0.0,3.3714933,0.0,0.0,0.0,0.0,0.0,0.0,0.0,2.9753308,0.0,0.0,0.0,0.0,4.4789143,0.0,0.0,2.3448033,0.0,0.0,2.661982,0.0,8.276908,0.0,0.0,0.0,0.0,0.0,0.0,0.0,0.0,0.0,0.0,0.0,0.0,0.0,0.0,0.0,0.0,0.0,0.0,0.0,0.0,0.0,0.0,0.0,0.0,0.0,0.0,0.0,0.0,0.0,8.260134,0.0,0.6162249,0.0,0.0,0.0,0.0,0.0,0.0,0.0,4.949527,0.0,3.2111812,0.0,0.0,0.0,0.0,0.0,0.0,0.0,0.0,0.0,0.0,0.0,0.0,0.0,0.0,0.21641396,0.0,0.0,4.773583,3.636047,0.0,0.0,1.5311682,0.0,0.0,0.0,0.0,2.2678363,0.0,0.0,0.0,0.0,7.1748176,7.907232,0.0,0.0,0.0,0.0,0.4116492,1.0887731,0.0,0.0,0.0,0.0,0.0,4.0615764,0.0,0.0,0.0,0.0,0.0,0.0,0.0,0.0,0.0,0.0,0.0,0.0,0.0,0.0,0.0,0.0,0.0
0.0,0.0,0.0,0.0,0.0,0.67979735,0.0,0.0,0.0,0.0,0.0,0.0,0.0,0.0,0.0,0.0,0.0,10.385087,0.0,0.0,0.0,0.0,0.0,6.7036996,0.0,0.0,0.0,0.0,0.0,0.0,0.0,0.0,0.0,0.0,0.0,2.2955432,1.4232978,0.0,0.0,0.0,0.0,6.5859623,0.0,0.0,0.0,0.0,0.0,20.490753,0.0,0.0,0.0,0.0,0.0,3.8920808,0.0,12.360983,0.0,0.0,0.0,0.0,0.0,0.0,0.0,8.898211,5.9843693,0.0,0.0,0.0,8.010155,0.0,0.0,0.0,11.28768,0.0,0.0,0.0,0.0,0.0,0.0,0.0,0.0,0.0,11.186563,0.0,0.0,0.0,0.0,4.5495834,0.0,0.0,0.0,0.0,13.840987,0.0,4.4922967,0.0,0.0,0.0,7.9686937,0.0,0.0,0.0,0.0,0.0,0.0,7.3754544,0.0,0.0,0.0,14.240023,0.0,0.0,0.0,0.0,0.0,0.0,0.0,0.0,0.0,0.0,0.0,0.0,0.0,0.0,0.0,0.0,0.0,0.0
0.0,0.0,0.0,0.0,0.0,0.0,0.0,0.0,0.0,0.0,2.9832833,0.0,0.0,0.0,0.0,6.26112,0.2591012,0.0,7.3367896,0.0,0.0,0.0,1.617467,0.0,0.0,0.0,0.0,0.0,0.0,2.6705015,0.0,0.0,0.0,0.0,3.5209522,0.0,0.0,0.1890192,0.0,0.0,0.0,0.0,0.0,0.0,0.0,0.0,0.0,0.0,0.0,0.0,0.0,0.0,0.0,0.0,0.0,0.0,0.0,0.0,0.0,0.0,0.0,0.0,0.0,2.5922754,0.0,3.7439177,1.2755321,0.0,0.0,0.0,0.0,0.0,0.0,0.0,0.0,0.0,3.7659032,7.332546,0.0,0.0,0.0,0.0,0.0,0.0,0.0,0.0,4.4318204,0.0,0.0,0.0,7.2206907,1.2768621,0.0,0.0,0.0,0.0,0.0,7.000239,0.0,0.0,0.0,0.0,0.0,0.0,0.0,3.360414,0.0,0.0,0.0,0.0,0.0,0.0,0.0,0.0,0.0,0.0,0.0,0.0,0.0,0.0,0.0,0.0,0.0,2.4421382,0.9585911,0.0,0.0,0.0
0.0,0.0,0.0,0.0,0.0,0.9900084,0.0,0.0,0.0,0.0,0.0,0.0,0.30653912,0.0,0.0,0.0,0.0,1.2265332,0.0,0.0,0.0,0.0,0.0,0.0,0.0,0.0,0.0,0.0,0.0,0.0,0.0,0.0,0.0,0.0,0.0,3.3456905,0.0,0.0,0.0,0.0,0.0,0.0,0.0,0.0,0.0,0.0,0.0,4.3159785,0.0,0.0,0.0,0.0,0.0,0.540319,0.0,0.0,0.0,0.0,0.0,0.0,0.0,0.0,0.0,0.0,5.75887,0.0,2.4665506,0.0,0.6316336,0.0,0.0,0.0,1.1221763,0.0,0.0,0.0,0.0,1.9320612,0.0,0.0,0.0,0.0,0.0,0.0,1.7351347,0.0,0.0,0.0,0.0,0.0,0.0,3.4919536,0.0,0.57715,6.636837,0.0,0.0,0.0,9.376859,0.0,0.0,0.0,0.0,0.0,0.0,0.0,0.0,0.0,0.0,1.9105916,0.0,0.0,0.0,0.0,0.0,0.0,0.0,0.0,0.0,0.0,0.0,0.0,2.3900855,0.0,0.0,0.0,0.0,0.0
0.0,0.0,0.0,0.0,0.0,0.0,0.0,0.0,0.0,0.0,0.0,0.0,0.0,0.0,0.0,7.068558,0.0,2.5883136,7.368121,0.0,0.0,0.0,2.6732628,7.0555367,0.0,0.0,0.0,0.0,0.0,5.567056,0.0,0.0,0.0,0.0,0.0,0.0,0.0,0.0,0.0,0.0,0.0,0.10853907,0.0,0.0,0.0,0.0,0.0,12.760337,0.0,0.0,0.0,0.0,0.0,5.9528,0.0,4.283944,0.0,0.0,0.0,0.0,0.0,0.0,0.0,6.303362,6.75642,0.0,0.0,0.0,5.2257833,0.0,0.57029915,0.0,0.0,0.0,0.0,0.0,0.0,0.0,0.0,0.0,0.0,0.0,0.0,0.0,4.1034293,0.0,0.0,6.2172933,0.0,0.0,1.7674274,0.67632294,6.4016,0.0,0.685282,0.0,0.0,0.0,6.99376,0.0,0.0,0.0,0.0,0.0,0.0,0.4912778,0.0,0.0,0.0,4.3030844,2.865858,0.0,0.0,0.0,0.0,0.0,0.0,0.0,0.0,0.0,0.0,0.0,0.0,0.0,0.0,0.0,0.0,0.0
0.0,0.0,0.0,0.0,0.0,0.86126894,0.0,0.0,0.0,0.0,0.0,0.0,0.0,0.0,0.077603236,0.0,0.0,0.0,0.0,0.0,0.0,0.0,0.0,0.0,0.0,0.0,0.0,0.0,0.0,0.0,0.0,0.0,0.0,0.0,0.0,2.1175573,0.0,0.0,0.0,0.0,0.0,0.0,0.0,0.0,0.0,0.0,0.0,2.9640155,0.0,0.0,0.0,0.0,0.0,0.0,0.0,0.0,0.0,0.0,0.0,0.0,0.0,0.0,0.0,1.1271695,5.4737015,0.0,0.0,0.0,1.882907,0.0,0.0,0.0,6.2856536,0.0,0.0,0.0,0.0,0.0,0.0,0.0,0.0,0.0,0.536165,0.0,1.8945717,0.0,0.0,0.0,0.0,0.0,0.0,0.0,0.0,0.1476062,9.15634,0.0,0.0,0.0,14.445694,0.0,0.0,0.0,0.0,0.0,0.0,0.0,0.0,0.0,0.0,5.300785,2.3879259,0.0,1.0617572,0.0,0.0,0.0,0.0,0.0,0.0,0.0,0.0,0.0,7.9895587,0.0,0.0,0.0,0.0,0.0
0.0,0.0,0.0,2.1984527,0.0,0.0,0.0,0.0,0.0,0.0,8.961182,0.0,0.0,0.0,0.0,2.5759819,3.6200466,0.0,6.025189,0.0,0.0,0.0,7.195166,3.1237812,0.0,0.0,0.0,0.0,0.0,1.152827,0.0,0.0,0.0,0.0,13.00984,0.0,0.0,0.0,0.0,0.0,0.0,0.0,0.0,0.0,0.0,0.0,0.0,0.0,0.0,0.0,0.0,0.0,0.0,3.800813,0.0,0.0,0.0,0.0,0.0,0.0,0.0,0.0,0.0,3.5746436,0.0,7.6127815,0.0,0.0,0.0,0.0,0.0,0.0,0.93482375,0.0,0.0,0.0,0.0,6.5757647,0.0,0.0,0.0,0.0,0.0,0.0,0.0,0.0,5.6092815,0.0,0.0,0.0,0.0,0.0,1.5719575,0.0,0.0,0.0,0.0,6.6722655,0.0,0.0,0.0,0.0,0.0,0.0,0.0,3.386836,0.0,0.0,0.0,0.0,0.0,0.0,0.0,0.6420157,0.0,0.0,0.0,0.0,0.0,0.0,0.0,0.0,0.0,2.6699212,0.0,0.0,0.0,0.0
0.0,4.953153,0.0,0.9848022,0.0,0.0,0.0,0.0,0.0,0.0,0.0,0.0,0.0,0.0,2.0757918,0.0,0.0,0.0,0.0,0.0,0.0,9.437752,0.0,0.0,0.0,0.0,0.0,0.0,0.0,0.0,0.0,0.0,0.0,0.0,0.0,0.0,0.0,0.0,0.0,0.0,0.0,0.0,0.0,0.0,0.0,0.0,0.0,0.0,0.0,0.0,0.0,0.0,0.0,0.0,0.0,0.0,0.0,0.565609,0.0,0.0,0.0,0.0,0.0,0.0,0.0,6.973959,3.2998493,0.0,0.0,0.0,0.0,0.0,0.0,0.0,0.0,0.0,0.0,0.0,0.0,0.0,0.0,0.0,0.0,0.0,0.0,0.0,0.0,0.0,0.0,0.0,0.0,0.0,0.0,4.608058,0.0,0.0,0.0,0.0,0.0,0.0,0.0,0.0,0.0,0.0,6.4405093,0.0,0.2675747,0.0,1.0467666,0.0,0.0,0.0,0.0,0.0,0.16552602,0.0,5.4089108,0.0,0.0,0.0,0.0,0.0,4.6029797,0.0,0.0,0.0,0.0,0.0
0.0,0.0,0.0,0.0,0.0,0.0,0.0,0.0,0.0,0.0,0.0,0.0,0.0,0.0,0.0,5.2637553,0.0,1.14035,6.1200833,0.0,0.0,0.0,0.0,0.0,0.0,0.0,0.0,0.0,0.0,2.1984243,0.0,0.0,0.0,0.0,0.0,0.47859368,0.0,0.0,0.0,0.0,0.0,0.0,0.0,0.0,0.0,0.0,0.0,1.9117436,0.0,0.0,0.0,0.0,0.0,2.675142,0.0,2.4992106,0.0,0.0,0.0,0.0,0.0,0.0,0.0,0.0,2.7072487,1.3940238,0.0,0.0,0.0,0.0,0.0,0.0,0.0,0.0,0.0,0.0,0.0,0.0,0.0,0.0,2.2576656,0.0,0.0,0.0,6.1516004,0.0,0.0,0.0,0.0,0.0,0.0,0.0,2.6931233,0.0,0.0,0.0,0.0,0.0,5.5557566,0.0,0.0,0.0,0.0,0.0,0.0,2.6053257,0.0,0.87908995,0.0,2.126919,0.97816163,0.0,0.0,0.0,0.0,0.0,0.0,0.0,0.0,1.2469418,0.0,0.0,0.8732695,0.0,0.0,0.0,0.0,0.0
0.0,0.0,0.0,0.0,0.0,0.0,0.0,0.0,0.0,0.0,0.0,0.0,0.0,0.0,0.0,1.967583,1.0970612,0.0,0.0,0.0,0.0,0.0,0.17360593,6.158677,0.0,0.0,0.0,0.0,0.0,0.0,0.0,0.0,0.0,0.0,0.0,0.0,0.0,0.0,0.0,0.0,0.0,0.0,0.0,0.0,0.0,0.0,0.0,0.04100886,0.0,0.0,0.0,0.0,0.0,0.0,0.0,0.2132397,0.0,0.0,0.0,0.0,0.0,0.0,0.0,4.884899,0.0,1.4379723,0.0,0.0,0.0,0.0,0.0,0.0,7.6856294,0.0,0.0,0.0,0.0,0.0,0.0,0.0,0.0,0.0,0.0,3.0799012,0.0,0.0,0.0,4.2722335,0.0,0.0,0.0,0.0,1.717406,0.0,0.0,0.0,0.0,0.9406415,10.300326,0.0,0.0,0.0,0.0,3.1126022,7.0818605,0.359547,0.0,0.0,0.027048267,0.0,0.0,0.0,0.0,0.0,0.0,0.0,0.0,0.0,0.0,0.0,0.0,0.0,0.0,0.0,0.0,0.0,1.5913181,0.0
0.0,0.0,0.0,0.0,0.0,0.0,0.0,0.0,0.0,0.0,7.5499845,0.0,0.0,1.6842633,0.0,0.0,0.0,0.0,11.636688,0.0,0.0,3.069715,0.844378,0.0,0.0,0.0,0.0,0.18027455,0.0,0.0,0.0,0.0,0.0,0.0,1.0176889,0.0,0.0,0.0,0.0,0.0,0.0,0.0,0.0,0.0,0.0,0.0,0.0,0.0,0.0,0.0,0.0,0.0,0.0,8.3125725,0.0,0.0,0.0,0.0,0.0,0.0,0.0,0.0,0.0,0.0,0.0,1.794172,0.0,0.0,0.0,0.0,0.0,0.0,0.0,0.0,0.0,0.0,0.0,0.0,0.0,0.0,1.1392192,0.0,0.0,0.0,5.8259354,0.0,0.0,0.0,0.0,0.0,0.0,0.0,1.0746115,0.0,0.0,2.3556256,0.0,7.4866776,0.0,0.0,0.0,0.0,0.0,0.0,0.0,5.0020747,0.0,0.0,0.0,0.0,1.7498745,0.0,0.0,0.0,0.0,0.0,0.0,0.0,0.0,0.0,0.0,0.0,0.18334916,0.0,0.0,0.0,0.0,0.0
0.0,0.0,0.0,0.0,0.0,0.0,0.0,0.0,0.0,0.0,0.044215642,0.0,0.0,0.0,0.0,9.872732,0.0,10.988146,7.1964636,0.0,0.0,0.0,0.0,4.3465953,0.0,0.0,0.0,0.0,0.0,3.2572613,0.005213284,0.0,0.0,0.0,10.044073,2.6406634,0.0,0.0,0.0,0.0,0.0,0.0,0.0,0.0,0.0,0.0,0.0,13.23112,0.0,0.0,0.0,0.0,0.0,5.0487046,0.0,8.191096,0.0,0.0,0.0,0.0,0.0,0.0,0.0,0.0,2.060368,5.608708,0.0,0.0,0.0,0.0,5.205876,0.0,0.6489588,0.0,0.0,0.0,0.0,4.3945994,0.0,0.0,0.0,0.0,0.0,0.0,0.0,0.0,0.0,0.0,0.0,0.0,0.0,3.0251334,2.8504925,0.0,0.0,0.0,0.0,0.0,7.5410333,0.0,0.0,0.0,0.0,0.0,0.0,5.692658,0.0,0.0,0.0,1.9989935,0.0,0.0,1.0517601,0.0,0.0,0.0,0.0,0.0,0.0,0.0,0.0,0.0,0.0,0.0,0.0,0.0,0.0,0.0
0.0,0.0,0.0,0.0,0.0,9.801767,0.0,0.0,0.0,0.0,0.0,0.0,0.0,0.0,0.0,0.0,0.0,5.272587,0.0,0.0,0.0,0.0,0.0,0.0,0.0,0.0,0.0,0.0,0.0,0.0,0.0,0.0,0.0,0.0,0.0,11.485386,0.0,0.0,0.0,0.0,0.0,0.0,0.0,0.0,0.0,0.0,0.0,6.0513654,0.0,0.0,0.0,0.0,0.0,1.5606736,0.0,0.0,0.0,0.0,0.0,0.0,0.0,0.0,0.0,0.0,9.644287,0.0,10.503623,0.0,0.0,0.0,0.0,0.0,0.0,0.0,0.0,0.0,3.2384932,0.0,0.0,0.0,0.0,0.0,0.0,0.0,0.0,0.0,0.0,0.0,0.0,0.0,0.0,0.0,0.0,10.497343,6.9288235,0.0,0.0,0.0,0.0,0.0,0.0,0.0,0.0,0.0,0.0,0.0,0.0,0.0,0.0,11.3089485,0.0,0.0,0.0,0.0,0.0,0.0,0.0,0.0,0.0,0.0,0.0,0.0,0.5896751,0.0,0.0,0.0,0.0,0.0
0.0,0.0,0.0,3.0753624,0.0,0.0,0.0,0.0,0.0,0.0,5.5771704,0.0,0.0,0.0,0.0,3.0163279,3.186457,0.0,2.5121057,0.0,0.0,0.0,5.0864058,0.2669866,0.0,0.0,0.0,0.0,0.0,1.6577178,0.0,0.0,0.0,0.0,10.973952,0.0,0.0,0.0,0.0,0.0,0.0,0.0,0.0,0.0,0.0,0.0,0.0,0.0,0.0,0.0,0.0,0.0,0.0,0.0,0.34950247,0.0,0.0,1.5791589,0.0,2.5578706,0.0,0.0,0.0,5.968608,0.0,6.2485547,0.0,0.0,0.0,0.0,0.0,0.0,3.7063298,0.0,0.0,0.0,0.0,10.315726,0.0,0.0,0.0,0.0,0.0,0.0,0.0,0.0,3.0085557,0.0,0.0,0.0,0.46537313,0.0,6.342601,0.0,0.0,0.0,0.0,4.052031,0.0,0.0,0.0,0.0,0.0,0.0,4.409243,5.060013,0.0,0.0,0.0,0.0,0.0,0.0,0.0,3.1847162,0.0,0.0,0.0,0.0,0.0,0.0,0.0,0.0,0.0,3.8426082,1.7927942,0.0,0.0,0.0
0.0,0.0,0.0,0.0,0.0,0.0,0.0,0.0,0.0,0.0,9.296907,0.0,0.0,0.0,0.0,6.861774,0.0,0.0,6.1290774,0.0,0.0,0.0,0.0,1.2240927,0.0,0.0,0.0,0.0,0.0,4.6677647,0.0,0.0,0.0,0.0,5.277983,2.4150124,0.0,0.0,0.0,0.0,0.0,0.0,0.0,0.0,0.0,0.0,0.0,4.7331147,0.0,0.0,0.0,0.0,0.0,7.0006914,0.0,3.943923,0.0,0.0,0.0,0.0,0.0,0.0,0.0,0.0,0.0,5.722194,0.0,0.0,0.0,0.0,0.0,0.0,0.0,0.0,0.0,0.0,0.0,6.356114,0.0,0.0,0.0,0.0,0.0,0.0,5.3197513,0.0,0.0,0.0,0.0,0.0,1.4364527,0.0,2.377038,0.0,0.0,0.0,0.0,5.011917,1.0269812,0.0,0.0,0.0,0.0,0.0,0.0,6.509265,0.0,0.0,0.0,0.31714138,0.0,0.0,0.0,0.0,0.0,0.0,0.0,0.0,0.0,0.0,0.0,0.0,0.0,0.6020157,0.0,0.0,0.0,0.0
0.0,0.0,0.0,0.0,3.6595473,0.0,0.0,0.0,0.0,0.0,12.761885,0.0,0.0,0.0,5.7158275,0.0,6.8455067,0.0,0.0,0.0,0.0,2.445059,0.0,0.0,0.0,0.0,0.0,0.0,0.0,0.0,0.0,0.0,0.0,0.0,7.656673,0.0,0.0,0.0,0.0,0.0,0.0,0.0,0.0,0.0,0.0,0.0,0.0,0.0,0.0,0.0,0.0,0.0,3.5773258,3.7740345,0.0,0.0,3.9317944,8.405997,0.0,0.0,0.0,0.0,0.0,5.384891,0.0,3.4731922,0.0,0.0,0.0,0.0,0.0,0.0,0.88622814,0.0,0.0,0.0,0.0,4.554273,0.0,0.0,0.0,0.0,0.0,5.116855,2.759214,0.0,0.0,0.10066114,0.0,0.0,0.0,0.0,0.0,0.0,0.0,0.0,0.0,3.6344793,0.07676771,0.0,0.0,0.0,0.0,0.0,5.2111044,0.0,0.0,0.0,7.1023097,0.0,0.5671593,0.0,0.0,1.8946898,0.0,0.0,3.8226151,0.0,0.0,0.0,0.0,0.0,0.0,0.0,0.49493742,0.0,3.011524,0.0
0.0,0.0,0.0,0.0,0.0,0.88767034,0.0,0.0,0.0,0.0,0.0,0.0,0.0,0.0,0.0,0.0,0.0,6.037054,0.69176316,0.0,0.0,0.0,0.0,0.0,0.0,0.0,0.0,0.39260453,0.0,0.0,0.0,0.0,0.0,0.0,0.0,11.418442,0.0,0.0,0.0,0.0,0.0,0.0,0.0,0.0,0.0,0.0,0.0,3.1764314,4.7569146,0.0,0.0,0.0,0.0,0.0,0.0,0.0,0.0,0.0,0.0,0.0,0.0,0.0,0.0,0.0,4.8145227,0.3027225,6.7175817,0.0,1.2380219,0.0,0.0,0.0,0.0,0.0,0.0,0.0,0.0,3.8339226,0.0,0.0,0.0,0.0,0.0,0.0,2.3495092,0.0,0.0,0.0,0.0,0.0,0.0,0.0,0.0,2.446476,7.6635375,0.0,0.0,0.0,4.042626,0.0,0.0,0.0,0.0,0.0,0.0,0.0,0.0,0.0,0.0,2.7788951,0.0,0.0,0.59976715,0.0,0.0,0.0,0.0,0.0,0.0,0.0,0.0,0.0,4.880127,0.0,0.0,0.0,0.0,0.0
0.0,0.0,0.0,0.0,0.0,0.0,0.0,0.0,0.0,0.0,0.0,0.0,0.0,0.0,0.0,3.8600209,0.0,3.1948988,0.0,0.0,0.0,0.0,0.0,3.1271667,0.0,0.0,0.0,0.0,0.0,0.0,0.0,0.0,0.0,0.0,2.7645767,1.1362679,0.0,0.0,0.0,0.0,0.0,0.0,0.0,0.0,0.0,0.0,0.0,7.510657,0.0,0.0,0.0,0.0,0.0,5.284827,0.0,4.260173,0.0,0.0,0.0,0.0,0.0,0.0,0.0,2.6183915,3.283649,4.738994,0.0,0.0,0.86553615,0.0,1.3675201,0.0,6.454321,0.0,0.0,0.0,0.0,2.5187035,0.0,0.0,1.2798266,0.0,6.313115,0.0,0.0,0.0,0.0,2.0487938,0.0,0.0,0.0,1.2206398,0.0,0.0,0.0,0.0,0.0,0.0,12.466482,0.0,0.0,0.0,0.0,0.0,0.0,3.1929271,0.0,0.0,0.0,1.3055322,0.0,0.0,0.24206793,0.0,0.0,0.0,0.0,0.0,0.0,0.0,0.0,0.0,0.0,0.0,0.0,0.0,0.0,0.0
0.0,0.0,0.0,0.0,0.0,0.0,0.0,0.0,0.0,0.0,11.427385,0.0,0.0,0.0,0.0,1.887361,0.0,0.0,19.282587,0.0,0.0,0.0,10.8335905,9.241552,0.0,0.0,0.0,0.0,0.0,0.0,0.0,0.0,0.0,0.0,0.0,0.0,0.0,0.0,0.0,0.0,0.0,4.340852,0.0,0.0,0.0,0.0,0.0,19.093529,0.0,0.0,0.0,0.0,0.0,4.631895,0.0,9.490859,0.0,0.0,0.0,1.0643265,0.0,0.0,0.0,3.1249533,0.0,0.0,0.0,0.0,0.0,0.0,0.0,0.0,0.0,0.0,0.0,0.0,0.0,0.0,0.0,0.0,0.0,0.0,4.670479,0.0,0.0,0.0,0.0,0.0,0.0,0.0,0.0,0.0,13.225228,0.0,8.067912,0.0,0.0,9.230365,0.0,0.0,0.0,0.0,0.0,0.0,0.0,7.9412537,0.0,0.0,0.0,5.5281386,2.3274617,0.0,0.0,0.0,0.0,0.0,0.0,0.0,0.0,0.0,0.0,0.0,0.0,0.0,0.0,0.0,0.0,0.0
0.0,0.0,0.0,0.0,1.422935,0.0,0.0,0.0,0.0,0.0,14.163671,0.0,0.0,0.0,0.0,7.6679163,0.0,0.0,0.0,0.0,0.0,0.0,0.0,2.4983292,0.0,0.0,0.0,0.0,0.0,0.0,0.0,0.0,0.0,0.0,17.954182,7.5207705,0.0,0.0,0.0,0.0,0.0,0.0,0.0,0.0,0.0,0.0,0.0,2.5735686,0.0,0.0,0.0,0.0,0.0,8.657478,0.0,0.0,0.0,0.0,0.0,0.0,0.0,0.0,0.0,5.3126817,0.0,9.0287695,0.0,0.0,0.51788443,0.0,0.0,0.0,1.9803596,0.0,0.0,0.0,0.0,8.767999,0.0,0.0,0.0,0.0,4.264334,0.0,1.3353951,0.0,0.0,0.120214224,0.0,0.0,0.0,0.0,1.2592053,0.0,0.0,0.0,0.0,3.138125,6.5499506,0.0,0.0,0.0,0.0,0.0,3.5147812,3.735047,0.0,0.0,1.5906408,0.0,0.0,0.0,0.0,0.0,0.0,0.0,0.0,0.0,0.0,0.0,0.0,0.0,0.0,0.0,0.0,0.0,0.0,0.0
0.0,0.0,0.0,0.0,0.0,0.0,0.0,0.0,0.0,0.0,3.605772,0.0,0.0,0.0,0.0,0.0,0.0,0.6416807,9.939068,0.0,0.0,0.0,0.0,0.0,0.0,0.0,0.0,3.8410497,0.0,0.0,0.0,0.0,0.0,0.0,0.0,8.035351,0.0,0.0,0.0,0.0,0.0,0.0,0.0,0.0,0.0,0.0,0.0,0.263794,0.0,0.0,0.0,0.0,0.0,1.966959,0.0,0.0,0.0,0.0,0.0,0.0,0.0,0.0,0.0,0.0,0.0,0.8463821,0.0,0.0,0.40978578,0.0,0.0,0.0,0.0,0.0,0.0,0.0,0.0,0.0,0.0,0.0,0.31573746,0.0,0.39665607,0.0,5.148558,0.0,0.0,0.0,0.0,0.007809313,0.0,0.0,0.497711,0.0,1.3004743,0.0,0.0,0.7728668,0.0,0.0,0.0,0.0,0.0,0.0,0.0,6.44727,0.0,0.0,0.0,5.2801356,0.0,0.0,0.0,0.0,0.0,0.0,0.0,0.0,0.0,0.0,0.0,0.0,5.3971825,0.0,0.0,0.0,0.0,0.0
0.0,0.0,0.0,0.0,0.0,0.0,0.0,0.0,0.0,0.0,0.0,0.0,0.0,0.0,0.0,3.073954,0.0,2.8442078,4.8631706,0.0,0.0,0.0,0.0,0.0,0.0,0.0,0.0,0.0,0.0,0.0,0.0,0.0,0.0,0.0,2.544396,1.9787737,0.0,0.0,0.0,0.0,0.0,0.0,0.0,0.0,0.0,0.0,0.0,1.2303139,0.0,0.0,0.0,0.0,0.0,2.710494,0.0,0.3118487,0.0,0.0,0.0,0.0,0.0,0.0,0.0,1.2928109,0.75491637,5.465986,0.0,0.0,0.36184695,0.0,0.0,0.0,0.0,0.0,0.0,0.0,0.0,4.4197507,0.0,0.0,2.5408154,0.0,1.0192468,0.0,2.0940301,0.0,0.0,0.0,0.0,0.0,0.0,2.5950842,0.0,0.0,0.0,0.0,0.0,0.0,7.0064397,0.0,0.0,0.0,0.0,0.0,0.0,3.5236182,0.0,0.0,0.0,0.0,0.0,0.0,1.2229711,0.0,0.0,0.0,0.0,0.0,0.0,0.0,0.0,0.0,0.0,0.0,0.0,0.0,0.0,0.0
0.0,0.0,1.6856676,0.0,0.0,0.0,0.0,0.0,0.0,0.0,4.085724,0.0,0.0,0.0,4.532373,8.02344,2.7505069,0.0,0.0,0.0,0.0,1.8227555,1.6052526,9.026408,0.0,0.0,0.0,0.0,0.0,0.0,0.0,0.0,0.0,0.0,0.0,0.0,0.0,0.0,0.0,0.0,0.0,0.0,0.0,0.0,0.0,0.0,0.0,0.0,0.0,0.0,0.0,0.0,0.0,3.377262,0.0,2.0188675,0.0,0.0,0.0,0.0,0.0,0.0,0.0,4.1883073,0.0,4.511553,0.0,0.0,0.0,0.0,0.0,0.0,6.3853545,0.0,0.0,0.0,0.0,0.69858795,0.0,0.0,0.0,0.0,0.0,7.008835,0.0,0.0,0.0,2.798211,0.0,0.0,0.0,0.0,0.0,0.0,0.0,0.0,0.0,4.881833,10.727848,0.0,0.0,0.0,0.0,2.1056423,3.2794228,0.0,0.0,0.0,0.0,0.0,1.5297884,0.0,0.0,0.0,0.0,0.0,0.0,0.0,0.0,0.0,0.0,0.0,0.0,0.0,0.0,0.0,0.0,0.0
0.0,0.0,0.0,0.0,0.0,0.0,0.0,0.0,0.0,0.0,0.0,0.0,0.19997334,0.0,0.0,0.0,0.0,1.0225916,1.8556739,0.0,0.0,2.1172628,0.0,0.0,0.0,0.0,0.0,0.39232278,0.0,0.0,0.0,0.0,0.0,0.0,0.0,4.114891,0.0,0.0,0.0,0.0,0.0,0.0,0.0,0.0,0.0,0.0,0.0,0.0,3.4970949,0.0,0.0,0.0,0.0,0.0,0.0,0.0,0.0,0.0,0.0,0.0,0.0,0.0,0.0,0.0,0.0,0.4801226,0.0,0.0,1.0402192,0.0,0.0,0.0,0.0,0.0,0.0,0.0,0.0,1.0983652,0.0,0.0,0.0,0.0,0.0,0.0,5.324961,0.0,0.0,0.0,0.0,1.2592292,0.0,0.0,0.0,0.0,4.443439,0.0,0.0,0.0,5.9549713,0.0,0.0,0.0,0.0,0.0,0.0,0.0,0.0,0.0,0.0,1.0270996,0.0,0.0,1.1053904,0.0,0.0,0.0,0.0,0.0,0.0,0.0,0.0,0.0,7.2807307,0.0,0.0,0.0,0.0,0.0
0.0,17.518616,0.0,1.7998426,0.0,0.0,0.0,0.0,0.0,0.0,0.0,0.0,0.0,0.0,0.0,0.0,11.859619,0.0,0.0,0.0,0.0,8.986412,0.0,0.0,0.0,0.0,0.0,0.0,0.0,0.0,0.0,0.0,0.0,0.0,0.0,0.0,0.0,0.0,5.52697,0.0,0.0,0.0,0.0,0.0,0.0,0.0,0.0,0.0,0.0,0.0,0.0,0.0,0.0,0.0,0.0,0.0,2.2279615,0.4265002,0.0,0.0,0.0,0.0,0.0,7.8687534,0.0,0.0,7.026846,0.0,0.0,0.0,0.0,0.0,0.0,0.0,0.0,0.0,0.0,0.0,0.0,0.0,0.0,0.0,0.0,0.0,0.0,0.0,0.0,0.0,0.0,0.0,0.0,0.0,0.0,0.0,0.0,0.0,0.0,16.30537,0.0,0.0,0.0,0.0,0.0,0.0,24.91158,0.0,0.0,0.0,0.0,0.0,0.0,0.0,0.0,0.0,6.638586,0.0,0.21696395,0.0,0.0,0.0,0.0,0.0,0.0,0.0,0.0,0.0,0.0,0.0
0.0,0.0,0.0,0.0,0.0,0.0,0.0,0.0,0.0,0.0,3.605772,0.0,0.0,0.0,0.0,0.0,0.0,0.6416807,9.939068,0.0,0.0,0.0,0.0,0.0,0.0,0.0,0.0,3.8410497,0.0,0.0,0.0,0.0,0.0,0.0,0.0,8.035351,0.0,0.0,0.0,0.0,0.0,0.0,0.0,0.0,0.0,0.0,0.0,0.263794,0.0,0.0,0.0,0.0,0.0,1.966959,0.0,0.0,0.0,0.0,0.0,0.0,0.0,0.0,0.0,0.0,0.0,0.8463821,0.0,0.0,0.40978578,0.0,0.0,0.0,0.0,0.0,0.0,0.0,0.0,0.0,0.0,0.0,0.31573746,0.0,0.39665607,0.0,5.148558,0.0,0.0,0.0,0.0,0.007809313,0.0,0.0,0.497711,0.0,1.3004743,0.0,0.0,0.7728668,0.0,0.0,0.0,0.0,0.0,0.0,0.0,6.44727,0.0,0.0,0.0,5.2801356,0.0,0.0,0.0,0.0,0.0,0.0,0.0,0.0,0.0,0.0,0.0,0.0,5.3971825,0.0,0.0,0.0,0.0,0.0
0.0,0.0,0.0,0.0,0.0,0.0,0.0,0.0,0.0,0.0,1.4628168,0.0,0.0,0.0,0.0,4.6220446,0.0,1.4223113,7.3598304,0.0,0.0,0.0,0.0,0.48802763,0.0,0.0,0.0,0.0,0.0,0.0,0.0,0.0,0.0,3.1600683,2.3725846,0.0,0.0,0.0,0.0,0.0,0.0,0.0,0.0,0.0,0.0,0.0,0.0,9.504857,0.0,0.0,0.0,0.0,0.0,7.6615934,0.0,6.867274,0.0,0.0,0.0,0.0,0.0,0.0,0.0,0.0,7.750642,5.981301,0.0,0.0,0.0,0.0,3.7255185,0.0,1.6842983,0.0,0.0,0.0,0.0,0.6401225,0.0,0.0,4.9041734,0.0,2.4570107,0.0,0.0,0.0,0.0,5.443614,0.0,0.0,0.0,2.4352698,0.0,0.0,2.0141265,0.0,0.0,0.0,8.296577,0.0,0.0,0.0,0.0,0.0,0.0,0.0,0.0,0.0,0.0,0.0,4.4054193,0.0,3.6359868,0.0,0.0,0.0,0.0,0.0,0.0,0.0,0.0,0.0,1.1803584,0.0,0.0,0.0,0.0,0.0
0.0,0.0,0.0,0.0,0.0,0.0,0.0,0.0,0.0,0.0,2.2604864,0.0,0.0,0.0,0.0,0.0,0.0,2.7493727,6.825356,0.0,0.0,0.0,0.0,0.0,0.0,0.0,0.0,0.0,0.0,0.0,0.0,0.0,0.0,0.0,0.0,6.8844995,0.0,0.0,0.0,0.0,0.0,2.012956,0.0,0.0,0.0,0.0,0.0,6.0334983,0.0,0.0,0.0,0.0,0.0,2.8156855,0.0,1.8535788,0.0,0.0,0.0,0.0,0.0,0.0,0.0,0.0,3.9285393,0.0,0.0,0.0,0.0,0.0,0.0,0.0,0.0,0.0,0.0,0.0,0.0,0.0,0.0,0.0,0.0,0.0,1.3548661,0.0,3.105907,0.0,0.0,0.0,0.0,0.0,0.0,0.0,0.0,0.0,3.29489,0.0,0.0,0.0,2.6732063,0.0,0.0,0.0,0.0,0.0,0.0,4.9364967,0.0,0.0,0.0,6.601273,0.26862052,0.0,0.0,0.0,0.0,0.0,0.0,0.0,0.0,0.0,0.0,0.0,8.137531,0.0,0.0,0.0,0.0,0.0
0.0,1.6832926,0.0,0.0,0.0,0.0,0.0,0.0,0.0,0.0,6.87756,0.0,0.0,0.0,0.0,9.793881,11.160987,0.0,0.0,0.0,0.0,0.0,0.5024646,7.9808707,0.0,0.0,0.0,0.0,0.0,0.0,1.5936592,0.0,0.0,0.0,9.363763,0.0,0.0,0.0,0.0,0.0,0.0,0.0,0.0,0.0,0.0,0.0,0.0,2.133993,0.0,0.0,0.0,0.0,0.0,0.0,0.0,0.0,0.0,4.096317,0.0,0.0970464,0.0,0.0,0.0,6.234363,0.0,3.8023186,0.0,0.0,0.0,0.0,0.0,0.0,3.2508106,0.0,0.0,0.0,0.9924936,1.4868209,0.0,0.0,0.0,0.0,0.0,0.0,0.0,0.0,0.852523,2.9761212,0.0,0.0,0.0,0.09720422,3.9755287,0.0,0.0,0.30637032,0.0,3.8492324,0.0,0.0,0.0,0.0,0.0,0.0,2.1460986,0.0,0.0,0.0,4.299133,0.0,0.0,0.0,0.0,0.33605492,0.0,0.0,0.0,0.0,0.0,0.0,0.0,0.0,0.0,3.4373882,0.0,0.0,0.0,0.0
0.0,0.0,0.0,0.0,0.0,0.0,0.0,0.0,3.932478,0.0,0.0,0.0,0.0,0.0,0.0,3.6137683,0.0,0.0,6.10033,0.0,0.0,1.8226217,1.1108685,0.0,0.0,0.0,0.0,0.0,0.0,0.7918512,0.0,0.0,0.0,0.0,2.26478,0.0,0.0,0.0,0.0,0.0,0.0,0.0,0.0,0.0,0.0,0.0,0.0,0.0,0.0,0.0,0.0,0.0,0.0,0.0,0.0,0.0,0.0,0.0,0.0,0.0,0.0,0.0,0.0,0.0,0.0,5.4406157,0.038956087,0.0,0.0,0.0,0.0,0.0,0.0,0.0,0.0,1.0176482,0.0,0.0,0.0,0.0,0.0,0.0,0.0,0.0,3.4482741,0.0,0.0,0.0,0.0,0.0,0.0,2.9036465,3.1349885,0.0,0.0,0.0,0.0,3.2978868,0.0,0.0,0.0,0.0,0.0,0.0,0.0,0.0,1.7697778,1.0203658,0.7195666,0.0,2.8044357,0.0,2.9159207,2.5462282,0.0,0.0,0.0,0.0,0.0,6.1041536,0.0,0.0,0.0,0.0,0.0,0.0,0.0,0.0
0.0,0.0,0.0,0.0,0.0,0.0,0.0,0.0,0.0,0.0,2.8199973,0.0,0.0,0.0,0.0,7.833209,0.0,4.2904296,3.7928615,0.0,0.0,0.0,0.0,1.8854212,0.0,0.0,0.0,0.0,0.0,2.3429966,0.0,0.0,0.0,0.0,5.9542694,0.99737144,0.0,0.0,0.0,0.0,0.0,0.0,0.0,0.0,0.0,0.0,0.0,10.803994,0.0,0.0,0.0,0.0,0.0,7.161264,0.0,9.970258,0.0,0.0,0.0,0.0,0.0,0.0,0.0,0.0,1.7030139,4.550389,0.0,0.0,0.0,0.0,4.6440854,0.0,3.4468853,0.0,0.0,0.0,0.0,5.703347,0.16929121,0.0,0.0,0.0,0.0,0.0,0.0,0.0,0.0,0.0,0.0,0.0,0.0,1.2259042,0.0,0.0,0.0,0.0,0.0,0.0,11.675482,0.0,0.0,0.0,0.0,0.0,0.0,7.4856296,0.0,0.0,0.0,3.756738,1.107608,0.0,0.0,0.0,0.0,0.0,0.0,0.0,0.0,0.0,0.0,0.0,0.0,0.0,0.0,0.0,0.0,0.0
0.0,0.0,0.0,0.0,0.0,1.7486657,0.0,0.0,0.0,0.0,0.0,0.0,0.0,0.0,0.0,12.535242,2.2566388,1.0169749,0.27651334,0.0,0.0,0.0,0.0,3.4825506,0.0,0.0,0.0,0.0,0.0,2.216617,3.8347583,0.0,0.0,0.0,1.9090565,0.0,0.0,0.0,0.0,0.0,0.0,0.0,0.0,0.0,0.0,0.0,0.0,5.1276145,0.0,0.0,0.0,0.0,0.0,0.0,0.0,3.457435,0.0,0.0,0.0,0.0,0.0,0.0,0.0,0.0,0.46720454,5.7302465,0.0,0.0,0.0,0.0,0.52862555,0.0,0.0,0.0,0.0,0.0,0.9260016,0.54570895,0.0,0.0,0.0,0.0,0.0,0.0,0.0,0.0,1.1753463,2.9074986,0.0,0.0,0.0,6.7516804,1.4756333,0.0,0.0,0.0,0.0,0.352364,1.4528131,0.0,0.0,0.0,0.0,0.0,0.0,0.0,0.0,0.0,0.0,0.0,0.0,0.0,0.0,0.0,0.0,0.0,0.0,0.0,0.0,0.0,0.0,0.0,0.0,2.1076305,0.0,0.0,0.0,0.0
0.0,0.0,0.0,0.0,0.0,0.0,0.0,0.0,0.0,0.0,0.0,0.0,0.0,0.0,0.0,0.0,0.0,1.87444,6.549491,0.0,0.0,0.73309076,0.0,0.0,0.0,0.0,0.0,4.5860887,0.0,0.0,0.0,0.0,0.0,0.0,0.0,9.425896,0.0,0.0,0.0,0.0,0.0,0.0,0.0,0.0,0.0,0.0,0.0,0.0,6.025468,0.0,0.0,0.0,0.0,0.0,0.0,0.0,0.0,0.0,0.0,0.0,0.0,0.0,0.0,0.0,0.0,0.0,1.3895802,0.0,2.1500309,0.0,0.0,0.0,0.0,0.0,0.0,0.0,0.0,1.5886375,0.0,0.0,0.0,0.0,0.0,0.0,5.338391,0.0,0.0,0.0,0.0,2.0770411,0.0,0.0,0.0,0.0,4.8753686,0.0,0.0,0.0,2.558989,0.0,0.0,0.0,0.0,0.0,0.0,2.3253844,0.0,0.0,0.0,3.71174,0.0,0.0,0.0,0.0,0.0,0.0,0.0,0.0,0.0,0.0,0.0,0.0,7.395921,0.0,0.0,0.0,0.0,0.0
0.0,0.0,0.0,7.338866,0.0,0.0,0.0,0.0,0.0,0.0,7.4893465,0.0,0.0,0.0,2.3825138,0.0,11.733656,0.0,0.0,0.0,0.0,0.0,0.0,0.0,0.0,0.0,0.0,0.0,0.0,0.0,0.0,0.0,0.0,0.0,0.50795925,0.0,0.0,0.0,0.0,0.0,0.4983631,0.0,0.0,0.0,0.0,0.0,0.0,0.0,0.0,0.0,0.0,0.0,0.0,0.0,0.0,0.0,0.0,6.6559777,0.0,0.0,0.0,0.0,0.0,0.7670329,0.0,0.0,0.0,0.0,0.0,3.0147302,0.0,0.0,0.0,0.0,0.0,0.0,5.4600816,0.0,0.0,0.0,0.0,0.0,0.0,3.4440346,0.0,0.0,0.0,0.642386,0.0,0.0,0.0,0.17186476,0.0,10.158401,0.0,2.0957258,6.9259415,0.0,0.0,0.0,0.0,0.0,0.0,0.0,3.4093301,0.0,0.0,0.0,17.068357,0.0,0.0,0.0,0.0,0.0,0.0,0.0,6.8926673,0.0,0.0,0.0,0.0,0.0,0.6972881,0.0,0.0,0.0,0.0,0.0
0.0,0.0,0.0,0.0,0.0,0.0,0.0,0.0,0.0,0.0,3.712911,0.0,0.0,0.0,0.0,2.5064201,0.0,2.859435,4.1832857,0.0,0.0,0.0,3.5561104,0.043085232,0.0,0.0,0.0,0.0,0.0,0.9459418,0.0,0.0,0.0,0.0,7.92903,2.365022,0.0,0.0,0.0,0.0,0.0,2.1057878,0.0,0.0,0.0,0.0,0.0,11.546276,0.0,0.0,0.0,0.0,0.0,6.8762684,0.0,7.4658337,0.0,0.0,0.0,0.0,0.0,0.0,0.0,0.0,0.0,0.89599687,0.0,0.0,0.0,0.0,3.5984824,0.0,0.58888423,0.0,0.0,0.0,0.0,3.5157127,0.0,0.0,0.0,0.0,0.0,0.0,0.0,0.0,0.0,1.0327108,0.0,0.0,1.691495,0.0,0.0,0.0,0.0,0.0,0.0,0.6678995,3.1835635,0.0,0.0,0.0,0.0,0.0,0.0,2.4260507,0.0,0.0,0.0,1.6455983,3.1735399,0.0,0.9145603,0.0,0.0,0.0,0.0,0.0,0.0,0.0,0.0,0.0,0.9774452,0.0,0.0,0.0,0.0,0.0
0.0,0.0,0.0,0.0,0.0,2.6570537,0.0,0.0,0.0,0.0,0.38591474,0.0,0.0,0.0,0.0,0.0,0.44298807,0.0,3.1283402,0.0,0.0,0.0,0.0,0.0,0.0,0.0,0.0,0.0,0.0,0.0,0.0,0.0,0.0,0.0,0.0,0.0,0.0,0.0,0.0,0.0,0.0,0.0,0.0,0.0,0.0,0.0,0.0,5.260373,0.0,0.0,0.0,0.0,0.0,0.0,0.0,4.5775485,0.0,0.0,0.0,0.0,0.0,0.0,0.0,0.0,1.6215287,0.0,0.0,0.0,0.0,0.0,0.0,0.0,3.8474247,0.0,0.0,0.0,0.93395126,2.266411,0.0,0.0,0.0,0.0,3.8567178,0.0,0.0,0.0,6.66575,0.9329871,0.0,0.0,1.878965,0.0,0.0,0.0,1.2455276,0.0,0.0,0.0,0.0,0.0,0.0,0.0,0.0,0.0,0.0,0.64774084,0.0,0.0,0.0,5.2553287,0.0,0.0,0.0,0.0,0.0,0.0,0.0,0.0,0.0,0.0,0.0,0.0,0.3369432,0.1336128,0.0,0.0,0.0,0.0
0.0,0.0,0.0,0.0,0.0,0.0,0.0,0.0,0.0,0.0,3.6376517,0.0,0.0,0.0,0.0,1.6069486,0.0,0.0,2.6284835,0.0,0.0,0.5279361,0.5359117,0.7498257,0.0,0.0,0.0,0.0,0.0,0.0,0.0,0.0,0.0,0.0,2.6217258,0.49982333,0.0,0.0,0.0,0.0,0.0,0.0,0.0,0.0,0.0,0.0,0.0,0.0,0.0,0.0,0.0,0.0,0.0,9.422377,0.0,1.8847573,0.0,0.0,0.0,0.0,0.0,0.0,0.0,0.8975131,0.0,2.5203512,0.0,0.0,0.73698556,0.0,0.0,0.0,0.054966282,0.0,0.0,0.0,0.0,0.0,0.0,0.0,0.0,0.0,0.831514,0.0,7.411929,0.0,0.0,0.0,0.0,0.0,0.0,0.0,0.8999716,0.0,0.0,0.18456782,0.0,3.0454984,10.753826,0.0,0.0,0.0,0.0,3.3565412,0.0,3.7442336,0.0,0.0,0.0,0.6789558,2.0928109,0.0,0.0,0.0,0.0,0.0,0.0,0.0,0.0,0.0,0.0,0.0,0.0,0.0,0.0,0.0,0.0,0.0
0.0,1.8428361,0.0,2.4328635,0.0,0.0,0.0,0.0,0.0,0.0,0.0,0.0,0.0,0.0,0.0,0.0,0.0,0.0,0.0,0.0,0.0,6.61143,0.0,0.0,0.0,0.0,0.0,8.09011,0.0,0.0,0.0,0.0,0.0,0.0,0.0,0.0,0.0,0.0,2.8315945,0.0,0.0,0.0,0.0,0.0,0.0,0.0,0.0,0.0,0.0,0.0,0.0,0.0,0.0,0.0,0.0,0.0,0.0,0.0,0.0,0.0,0.0,0.0,0.0,0.0,0.0,0.0,8.911154,0.0,0.0,0.0,0.0,0.0,0.0,0.0,0.0,0.0,0.0,0.0,0.0,0.0,0.0,0.0,0.0,0.0,0.0,0.0,0.0,0.0,0.0,0.0,0.0,0.0,0.0,0.0,0.0,5.1060014,0.0,2.8128846,0.0,0.0,0.0,0.0,0.0,0.0,3.4275322,0.0,0.0,0.0,0.0,0.0,0.0,0.0,0.0,0.0,6.708738,0.0,9.8959875,0.0,0.0,0.0,0.0,0.0,11.087483,0.0,0.0,0.0,0.0,0.0
0.0,0.0,0.0,0.0,0.0,0.0,0.0,0.0,0.0,0.0,1.6495328,0.0,0.0,0.0,0.0,0.0,0.0,0.46824947,6.607461,0.0,0.0,1.5765871,0.0,0.0,0.0,0.0,0.0,1.1254412,0.0,0.0,0.0,0.0,0.0,0.0,0.0,1.3730749,0.0,0.0,0.0,0.0,0.0,0.0,0.0,0.0,0.0,0.0,0.0,0.0,0.0,0.0,0.0,0.0,0.0,0.7771685,0.0,0.0,0.0,0.0,0.0,0.0,0.0,0.0,0.0,0.0,0.0,4.653836,0.0,0.0,0.0,0.0,0.0,0.0,0.0,0.0,0.0,0.0,0.0,1.7777641,0.0,0.0,0.0,0.0,1.0940473,0.0,2.5080001,0.0,0.0,0.0,0.0,0.0,0.0,0.56305945,0.0,0.0,0.0,0.0,0.0,0.0,2.6404016,0.0,0.0,0.0,0.0,0.0,0.0,2.733888,0.0,0.0,0.0,0.48961282,0.0,0.0,0.0,0.0,0.0,0.0,0.0,0.0,0.0,0.0,0.0,0.0,2.157248,0.0,0.0,0.0,0.0,0.0
0.0,0.0,0.0,0.0,0.0,0.0,0.0,0.0,0.0,0.0,10.454239,0.0,0.0,0.0,0.0,0.0,0.0,0.0,17.665722,0.0,0.0,0.0,3.761352,10.306577,0.0,0.0,0.0,0.0,0.0,0.0,0.0,0.0,0.0,0.0,8.823039,6.5911684,0.0,0.0,0.0,0.0,0.0,2.3057349,0.0,0.0,0.0,0.0,0.0,15.324678,0.0,0.0,0.0,0.0,0.0,11.421033,0.0,0.0,0.0,0.0,0.0,0.0,0.0,0.0,0.0,9.084127,0.0,0.0,0.0,0.0,5.131335,0.0,0.0,0.0,0.0,0.0,0.0,0.0,0.0,0.0,0.0,0.0,0.0,0.0,15.603174,0.0,0.0,0.0,0.0,0.0,0.0,0.0,0.0,0.0,9.837641,0.0,7.0375104,0.0,0.0,1.0039824,0.0,0.0,0.0,0.0,0.0,0.0,0.0,14.794098,0.0,0.0,0.0,6.1698885,0.0,0.0,0.0,0.0,0.0,0.0,0.0,0.0,0.0,0.0,0.0,0.0,0.0,0.0,0.0,0.0,0.0,0.0
0.0,0.0,0.0,0.0,0.0,0.0,0.0,0.0,0.0,0.0,0.0,0.0,0.19997334,0.0,0.0,0.0,0.0,1.0225916,1.8556739,0.0,0.0,2.1172628,0.0,0.0,0.0,0.0,0.0,0.39232278,0.0,0.0,0.0,0.0,0.0,0.0,0.0,4.114891,0.0,0.0,0.0,0.0,0.0,0.0,0.0,0.0,0.0,0.0,0.0,0.0,3.4970949,0.0,0.0,0.0,0.0,0.0,0.0,0.0,0.0,0.0,0.0,0.0,0.0,0.0,0.0,0.0,0.0,0.4801226,0.0,0.0,1.0402192,0.0,0.0,0.0,0.0,0.0,0.0,0.0,0.0,1.0983652,0.0,0.0,0.0,0.0,0.0,0.0,5.324961,0.0,0.0,0.0,0.0,1.2592292,0.0,0.0,0.0,0.0,4.443439,0.0,0.0,0.0,5.9549713,0.0,0.0,0.0,0.0,0.0,0.0,0.0,0.0,0.0,0.0,1.0270996,0.0,0.0,1.1053904,0.0,0.0,0.0,0.0,0.0,0.0,0.0,0.0,0.0,7.2807307,0.0,0.0,0.0,0.0,0.0
0.0,0.0,0.0,0.0,0.0,0.0,0.0,0.0,0.0,0.0,0.0,0.0,0.0,0.0,0.0,8.415936,0.0,2.4387703,0.0,0.0,0.0,0.0,0.0,8.642863,0.0,0.0,0.0,0.0,0.0,0.0,1.2419388,0.0,0.0,0.0,7.8382072,2.8380485,0.0,0.0,0.0,0.0,0.0,0.0,0.0,0.0,0.0,0.0,0.0,12.273293,0.0,0.0,0.0,0.0,0.0,8.261196,0.0,10.763618,0.0,0.0,0.0,0.0,0.0,0.0,0.0,10.326087,2.5190413,3.4404683,0.0,0.0,1.1627221,0.0,0.0,0.0,13.395183,0.0,0.0,0.0,0.0,2.8748775,0.0,0.0,11.298305,0.0,8.014431,0.0,0.0,0.0,0.0,7.7520585,0.0,0.0,0.0,0.0,10.503467,0.0,0.0,0.0,0.0,0.0,16.708994,0.0,0.0,0.0,0.0,0.0,0.0,3.1611342,0.0,0.0,0.0,0.0,0.0,0.0,1.5845459,0.0,0.0,0.0,0.0,0.0,0.0,0.0,0.0,0.0,0.0,0.0,0.0,0.0,0.0,0.0
0.0,0.0,0.0,0.0,0.0,0.0,0.0,0.0,0.0,0.0,0.0,0.0,0.0,0.0,0.0,4.656118,0.0,3.0133882,2.740416,0.0,0.0,0.0,0.0,2.3102376,0.0,0.0,0.0,0.0,0.0,1.2405597,0.0,0.0,0.0,0.0,5.7172537,0.49942037,0.0,0.0,0.0,0.0,0.0,0.0,0.0,0.0,0.0,0.0,0.0,1.4411192,0.0,0.0,0.0,0.0,0.0,3.9715986,0.0,3.5343313,0.0,0.0,0.0,0.0,0.0,0.0,0.0,2.2052033,0.0,7.6462917,0.0,0.0,0.0,0.0,0.5412684,0.0,2.8952422,0.0,0.0,0.0,0.0,3.836598,0.0,0.0,0.7809476,0.0,0.0,0.0,1.9527105,0.0,0.0,0.0,0.0,0.0,0.0,2.3044941,0.0,0.0,0.0,0.0,0.0,0.0,9.482948,0.0,0.0,0.0,0.0,0.0,0.0,2.806899,0.0,0.5585524,0.0,0.0,0.006278217,0.0,0.6381954,0.0,0.0,0.0,0.0,0.0,0.0,0.0,0.0,0.0,0.0,0.0,0.0,0.0,0.0,0.0
0.0,0.0,0.0,0.0,0.0,0.33056638,0.0,0.0,0.0,0.0,0.0,0.0,0.0,0.0,0.0,0.0,0.0,0.8238535,2.3101327,0.0,0.0,0.0,0.0,0.0,0.0,0.0,0.0,2.3506377,0.0,0.0,0.0,0.0,0.0,0.0,0.0,11.413274,0.0,0.0,0.0,0.0,0.0,0.0,0.0,0.0,0.0,0.0,0.0,0.0,8.813323,0.0,0.0,0.0,0.0,0.0,0.0,0.0,0.0,0.0,0.0,0.0,0.0,0.0,0.0,0.0,0.8095861,0.0,0.0,0.0,4.1005683,0.0,0.0,0.0,0.0,0.0,0.0,0.0,0.0,2.7285922,0.0,0.0,0.0,0.0,0.0,0.0,8.327811,0.0,0.0,0.0,0.0,0.5054784,0.0,0.0,0.0,0.0,7.133841,0.0,0.0,0.0,8.003903,0.0,0.0,0.0,0.0,0.0,0.0,0.5790345,0.0,0.0,0.0,5.6787395,0.0,0.0,3.4243963,0.0,0.0,0.0,0.0,0.0,0.0,0.0,0.0,0.0,5.8353963,0.0,0.0,0.0,0.0,0.0
0.0,1.4807023,0.0,0.0,0.0,0.0,0.0,0.0,0.8342664,0.0,0.0,0.0,0.0,0.0,0.0,8.982957,5.2440014,0.0,3.5243542,0.0,0.0,0.6749706,0.0,0.0,0.0,0.0,0.0,0.0,0.0,0.0,0.1366651,0.0,0.0,0.0,3.840454,0.037788533,0.0,0.0,0.0,0.0,0.0,0.0,0.0,0.0,0.0,0.0,0.0,0.0,0.0,0.0,0.0,0.0,0.0,0.0,0.0,0.0,0.0,0.5325737,0.0,0.0,0.0,0.0,0.0,0.8745486,0.0,4.443092,1.9513888,0.0,0.0,0.0,0.0,0.0,0.0,0.0,0.0,0.0,0.5117486,0.0,0.0,0.0,0.0,0.0,0.0,0.0,0.0,0.0,0.0,0.0,0.0,0.0,0.0,5.104466,7.528396,0.0,0.0,0.0,0.0,5.6828985,0.0,0.0,0.0,0.0,0.0,0.0,0.0,0.0,0.0,0.0,0.019538336,0.0,0.0,0.0,0.0,2.007864,0.0,0.0,0.0,0.0,0.0,0.0,0.0,0.0,0.0,0.0,0.0,0.0,0.0,0.0
0.0,4.2713666,0.0,6.8720055,1.627146,0.0,0.0,0.0,0.0,0.0,9.026127,0.0,0.0,0.0,0.0,0.0,12.282224,0.0,0.0,0.0,0.0,0.0,11.040442,0.0,0.0,0.0,0.0,0.0,0.0,0.0,0.0,0.0,0.0,0.0,19.250986,5.366902,0.0,0.0,2.7019203,0.0,0.0,10.440016,0.0,0.0,0.0,0.0,0.0,8.384057,7.1388474,0.0,0.0,0.0,0.0,0.0,0.0,0.0,0.0,5.754009,0.0,0.0,0.0,0.0,0.0,0.0,0.0,0.0,0.0,0.0,0.0,0.0,0.0,0.0,0.0,0.0,0.0,0.0,1.325999,2.7937546,0.13685276,0.0,0.0,0.0,0.0,0.0,0.0,0.0,0.0,0.0,0.0,0.0,0.0,0.0,3.1283948,0.0,0.0,1.5426767,0.0,10.116952,0.0,0.0,0.0,8.72175,0.0,0.0,1.6056463,0.0,0.0,0.0,3.8107307,0.0,0.0,0.0,0.0,0.0,0.0,0.0,0.0,0.0,0.0,0.0,0.0,0.0,0.0,0.0,0.0,0.0,0.0,0.0
0.0,0.0,0.9117012,0.0,0.0,0.0,0.0,0.0,0.0,0.0,0.0,0.0,0.0,0.0,0.0,4.967394,0.0,1.9175172,0.0,0.0,0.0,0.0,0.0,1.2385504,0.0,0.0,0.0,0.0,0.0,0.631077,0.0,0.0,0.0,0.9406862,0.5854691,0.0,0.0,0.0,0.0,0.0,0.0,0.0,0.0,0.0,0.0,0.0,0.0,3.5776937,0.0,0.0,0.0,0.0,0.0,2.8540256,0.0,4.147163,0.0,0.0,0.0,0.0,0.0,0.0,0.0,0.63870114,5.1262255,5.1978335,0.0,0.0,0.0,0.0,1.4132019,0.0,3.7714243,0.0,0.0,0.0,0.0,1.6312722,0.0,0.0,2.7835488,0.0,0.0,0.0,0.0,0.0,0.0,2.710086,0.0,0.0,0.0,4.075996,0.0,0.0,0.0,0.0,0.0,0.0,11.626409,0.0,0.0,0.0,0.0,0.0,0.0,0.0,0.0,0.0,0.0,0.0,2.7283854,0.0,1.0953625,0.0,0.0,0.0,0.0,0.0,0.0,0.0,0.0,0.0,0.0,0.0,0.0,0.0,0.0,0.0
0.0,0.0,0.0,0.0,0.0,0.0,0.0,0.0,0.0,0.0,0.0,0.0,0.0,0.0,0.0,0.0,0.0,1.5421759,1.7215378,0.0,0.0,0.0,0.0,0.0,0.0,0.0,0.0,0.0,0.0,0.0,0.0,0.0,0.0,0.0,0.0,6.9204216,0.0,0.0,0.0,0.0,0.0,0.0,0.0,0.0,0.0,0.0,0.0,5.0084395,0.0,0.0,0.0,0.0,0.0,4.210718,0.0,2.0726748,0.0,0.0,0.0,0.0,0.0,0.0,0.0,0.0,7.244035,0.0,0.0,0.0,5.9451294,0.0,0.0,0.0,0.3570386,0.0,0.0,0.0,0.0,1.4176694,0.0,0.0,1.637888,0.0,1.149265,0.0,10.875297,0.0,0.0,0.0,0.0,0.0,0.0,0.0,0.0,0.0,5.4516478,0.0,0.0,0.0,16.78805,0.0,0.0,0.0,0.0,0.0,0.0,3.3422887,0.0,0.0,0.0,5.2303953,2.1415672,0.0,4.1776843,0.0,0.0,0.0,0.0,0.0,0.0,0.0,0.0,0.0,5.0308714,0.0,0.0,0.0,0.0,0.0
0.0,0.0,0.0,0.0,0.0,0.0,0.0,0.0,0.0,0.0,4.4956374,0.0,0.0,0.0,0.0,5.96436,0.0,0.0,5.374682,0.0,0.0,0.0,0.0,0.0,0.0,0.0,0.0,0.0,0.0,4.8334475,0.0,0.0,0.0,0.0,0.9007756,3.8634396,0.0,0.0,0.0,0.0,0.0,0.0,0.0,0.0,0.0,0.0,0.0,3.949415,0.0,0.0,0.0,0.0,0.0,3.5879035,0.0,1.5950334,0.0,0.0,0.0,0.0,0.0,0.0,0.0,0.91735,0.0,1.502149,0.0,0.0,1.5540231,0.0,0.0,0.0,0.0,0.0,0.0,3.966246,0.0,4.432015,0.0,0.0,1.4654642,0.0,0.0,0.0,8.688822,0.0,0.0,0.0,0.0,0.0,5.2221274,0.0,6.120899,0.0,0.0,0.0,0.0,4.8713293,0.0,0.0,0.0,0.0,0.0,0.0,0.0,7.1616826,0.0,0.65431917,0.0,0.0,0.33045077,0.0,0.0,0.0,0.0,0.0,0.0,0.0,0.0,4.913319,0.0,0.0,0.0,0.0,0.0,0.0,0.0,0.0
0.0,0.0,0.0,0.0,0.0,0.0,0.0,0.0,0.0,0.0,1.3877732,0.0,0.0,0.0,0.0,4.3092847,1.2617017,0.0,0.66253847,0.0,0.0,0.99815774,0.0,3.2496724,0.0,0.0,0.0,0.0,0.0,0.0,0.0,0.0,0.0,0.0,3.9118364,0.49355367,0.0,0.0,0.0,0.0,0.0,0.0,0.0,0.0,0.0,0.0,0.0,0.90027463,0.0,0.0,0.0,0.0,0.0,0.4186176,0.0,0.0,0.0,0.0,0.0,0.0,0.0,0.0,0.0,5.4905386,0.0,10.307178,0.0,0.0,0.0,0.0,0.0,0.0,4.303826,0.0,0.0,0.0,0.0,2.0772414,0.0,0.0,0.0,0.0,7.4096203,0.0,0.0,0.0,5.889574,0.0,0.0,0.0,0.0,3.6696503,0.0,0.0,0.0,0.0,0.0,0.0,4.275279,0.0,0.0,0.0,0.0,0.0,0.0,0.39768642,0.0,0.0,0.0,0.0,0.0,0.0,0.0,0.0,0.0,0.0,0.0,0.0,0.0,0.0,0.0,0.0,0.0,0.0,0.0,0.0,0.0,0.0
0.0,0.0,0.0,0.0,0.0,0.0,0.0,0.0,0.0,0.0,8.90939,0.0,0.0,0.0,0.0,7.686276,0.0,3.705964,1.4536759,0.0,0.0,0.0,0.0,5.151294,0.0,0.0,0.0,0.0,0.0,5.1558146,0.0,0.0,0.0,0.0,5.742317,1.3104829,0.0,0.0,0.0,0.0,0.0,0.0,0.0,0.0,0.0,0.0,0.0,11.103706,0.0,0.0,0.0,0.0,0.0,6.011384,0.0,11.464794,0.0,0.0,0.0,0.0,0.0,0.0,0.0,1.3902398,0.0,3.1711667,0.0,0.0,0.0,0.0,0.0,0.0,2.9193754,0.0,0.0,0.0,0.0,7.081889,0.0,0.0,0.0,0.0,0.0,0.0,0.0,0.0,0.0,0.0,0.0,0.0,0.0,0.0,7.6130605,0.0,0.0,0.0,0.0,0.8065463,3.1160293,0.0,0.0,0.0,0.0,0.0,0.0,9.89592,0.0,0.0,0.0,4.635952,0.0,0.0,0.0,0.0,0.0,0.0,0.0,0.0,0.0,0.0,0.0,0.0,0.0,1.2302041,0.0,0.0,0.0,0.0
0.0,0.0,0.0,0.0,0.0,0.0,0.0,0.0,0.0,0.0,5.4583273,0.0,0.0,0.0,0.0,9.156907,0.0,8.893271,1.5868626,0.0,0.0,0.0,0.0,8.609263,0.0,0.0,0.0,0.0,0.0,0.0,0.5229507,0.0,0.0,0.0,9.881753,4.7113166,0.10179564,0.0,0.0,0.0,0.0,1.0145764,0.0,0.0,0.0,0.0,0.0,17.096422,0.0,0.0,0.0,0.0,0.0,7.0472965,0.0,13.889948,0.0,0.0,0.0,0.0,0.0,0.0,0.0,0.36149013,0.0,0.0,0.0,0.0,0.1840568,0.0,0.0,0.0,5.264201,0.0,0.0,0.0,0.0,3.4670663,9.391912,0.0,1.9537684,0.0,1.2531306,0.0,0.0,0.0,0.0,0.0,0.0,0.0,0.0,0.0,17.047617,0.0,0.0,0.0,0.0,0.0,11.423798,0.0,0.0,0.0,0.0,0.0,0.0,17.357922,0.0,0.0,0.0,8.953935,0.0,0.0,0.0,0.0,0.0,0.0,0.0,0.0,0.0,0.0,0.0,0.0,0.0,0.0,0.0,0.0,0.0,0.0
0.0,0.0,0.0,0.0,0.0,0.0,0.0,0.0,0.0,0.0,2.0705898,0.0,0.0,0.0,0.0,6.669849,0.0,2.1857939,0.0,0.0,0.0,0.0,0.0,14.681416,0.0,0.0,0.0,0.0,0.0,6.084869,1.8494334,0.0,0.0,0.0,6.7312174,0.0,0.0,0.0,0.0,0.0,0.0,2.5649905,0.0,0.0,0.0,0.0,0.0,11.642637,0.0,0.0,0.0,0.0,0.0,7.7266245,0.0,13.566093,0.0,0.0,0.0,0.0,0.0,0.0,0.0,10.416066,0.0,0.0,0.0,0.0,0.0,0.0,0.0,0.0,11.436853,0.0,0.0,0.0,0.0,0.0,0.0,0.0,0.0,0.0,0.0,0.0,0.9188184,0.0,0.0,6.297256,0.0,0.0,0.0,0.0,16.930677,0.0,0.0,0.0,0.0,0.0,8.728556,0.0,0.0,0.0,0.0,0.0,0.0,3.742716,0.0,0.0,0.0,1.7798502,0.0,0.0,0.009589216,0.0,0.0,0.0,0.0,0.0,0.0,0.0,0.0,0.0,0.0,0.0,0.0,0.0,0.0,0.0
0.0,0.0,0.0,0.0,0.0,0.0,0.0,0.0,0.0,0.0,5.961731,0.0,0.0,0.0,0.0,1.6619341,2.853101,0.0,5.4778924,0.0,0.0,0.0,9.77712,9.262746,0.0,0.0,0.0,0.0,0.0,0.0,0.0,0.0,0.0,0.0,0.0,0.0,0.0,0.0,0.0,0.0,1.9833945,0.0,0.0,0.0,0.0,0.0,0.0,5.849215,0.0,0.0,0.0,0.0,0.0,3.8363855,0.0,0.0,0.0,0.0,0.0,1.3579434,0.0,0.0,0.0,7.5739822,0.0,0.0,0.0,0.0,2.283217,0.0,0.0,0.0,0.0,0.0,0.0,0.0,0.0,0.0,0.0,0.0,0.0,0.0,0.0,0.0,0.0,0.0,0.0,0.94884694,0.0,0.0,0.018375639,0.0,3.9897766,0.0,0.6763172,0.0,0.0,7.462693,0.0,0.0,0.0,0.0,0.0,0.044711564,0.38759267,2.6220381,0.0,0.0,0.0,0.0,1.949352,0.0,0.0,0.0,0.0,0.0,0.0,0.0,0.0,0.0,0.0,0.0,0.0,0.0,0.0,0.0,0.0,0.0
0.0,9.478283,0.0,0.0,0.5854605,0.0,0.0,0.0,0.0,0.0,5.6956034,0.0,0.0,0.0,0.0,8.76577,7.2419906,0.0,0.0,0.0,0.0,0.0,3.611544,12.026506,0.0,0.0,0.0,0.0,0.0,0.0,0.0,0.0,0.0,0.0,0.0,0.0,0.0,0.0,1.8623273,0.0,9.800803,0.0,0.0,0.0,0.0,0.0,0.0,2.4957802,0.0,0.0,0.0,0.0,0.0,0.6258671,0.0,0.0,0.0,1.7039806,0.0,0.0,0.0,0.0,0.0,3.0920167,0.0,0.0,0.0,0.0,0.0,0.0,0.0,0.0,0.0,0.0,0.0,0.0,0.0,0.0,0.0,0.0,0.0,0.0,0.0,2.2946408,0.0,0.0,0.0,7.4600453,0.0,0.0,0.0,0.0,4.9078097,0.0,0.0,3.113325,0.0,15.11215,6.1104393,0.0,0.0,0.0,0.0,0.0,6.815405,0.0,0.0,0.0,0.0,0.0,0.0,0.0,0.0,1.1473125,0.0,0.0,0.0,0.0,0.0,0.0,0.0,0.0,0.0,0.0,0.0,0.0,0.0,0.0
0.0,0.0,0.0,0.0,0.0,0.19088921,0.0,0.0,0.0,0.0,0.0,0.3618063,0.0,0.0,1.1796755,0.0,0.0,0.0,0.0,0.0,0.0,5.082341,0.0,0.0,0.0,0.0,0.0,0.0,0.0,0.0,0.0,0.0,0.0,0.0,0.0,0.0,0.0,0.0,0.0,0.0,0.0,0.0,0.0,0.0,0.0,0.0,0.0,0.0,0.86565685,0.0,0.0,0.0,0.0,0.0,0.0,0.0,0.0,0.0,0.0,0.0,0.0,0.0,0.0,0.0,0.0,0.0,0.0,0.0,0.0,0.0,0.0,0.0,0.0,0.0,0.0,0.0,0.0,0.0,0.0,0.0,0.0,0.0,0.0,0.0,8.081281,0.0,0.0,0.0,0.0,3.621135,0.0,0.0,0.0,0.0,3.7873294,0.0,0.0,0.0,8.677971,0.0,0.0,0.0,0.0,0.0,0.0,0.0,0.0,0.0,0.0,2.0919297,1.2371436,0.0,0.0,0.0,0.9079416,0.0,0.0,0.0,0.0,0.0,0.0,0.0,8.253629,0.0,0.0,0.0,0.0,0.0
0.0,6.8033895,0.0,0.0,0.0,0.0,0.0,0.0,0.0,0.0,7.2907524,0.0,0.0,0.0,0.0,0.0,10.4037285,0.0,0.0,0.0,0.0,0.0,6.20238,6.5365577,0.0,0.0,0.0,0.0,0.0,0.0,0.0,0.0,0.0,0.0,13.000224,8.179002,0.0,0.0,0.0,0.0,10.460899,0.7060811,0.0,0.0,0.0,0.0,0.0,5.8763776,1.322928,0.0,0.0,0.0,0.0,0.0,0.0,0.0,0.0,11.845791,0.0,0.0,0.0,0.0,0.0,5.3669195,0.0,0.0,0.0,0.0,0.0,0.0,0.0,0.0,7.249111,0.0,0.0,0.0,0.0,0.0,0.0,0.0,0.0,0.0,1.003384,0.44752184,0.0,0.0,0.0,1.8480761,0.0,0.0,0.0,0.0,3.7722454,0.0,0.0,2.382519,0.0,4.5421195,2.9962473,0.0,0.0,6.9981213,0.0,1.3058233,10.0432,0.0,0.0,0.0,7.2744293,0.0,0.0,0.0,0.0,0.0,0.0,0.0,0.0,0.0,0.0,0.0,0.0,0.0,0.0,0.0,0.0,0.0,0.0,0.0
0.0,0.0,0.0,0.0,0.0,0.0,0.0,0.0,0.0,0.0,0.0,0.0,0.0,0.0,0.0,0.0,0.0,1.97985,0.8352597,0.0,0.0,0.0,0.0,0.0,0.0,0.0,0.0,0.0,0.0,0.0,0.0,0.0,0.0,0.0,0.0,5.191515,0.0,0.0,0.0,0.0,0.0,0.0,0.0,0.0,0.0,0.0,0.0,1.280721,2.935068,0.0,0.0,0.0,0.0,0.0,0.0,0.0,0.0,0.0,0.0,0.0,0.0,0.0,0.0,0.0,3.2538347,0.0,4.139059,0.0,1.2873546,0.0,0.0,0.0,0.0,0.0,0.0,0.0,0.0,1.8712149,0.0,0.0,0.0,0.0,0.0,0.0,1.3737253,0.0,0.0,0.0,0.0,0.0,0.0,0.47895938,0.0,4.6674147,7.3730702,0.0,0.0,0.0,5.332222,0.0,0.0,0.0,0.0,0.0,0.0,0.0,0.0,0.0,0.0,2.4603462,0.0,0.0,0.091051444,0.0,0.0,0.0,0.0,0.0,0.0,0.0,0.0,0.0,5.726089,0.0,0.0,0.0,0.0,0.0
0.0,0.0,0.0,0.0,0.0,0.0,0.0,0.0,0.0,0.0,0.0,0.0,0.0,0.0,0.0,2.5782514,0.0,0.12595397,0.0,0.0,0.0,0.0,0.0,7.3418117,0.0,0.0,0.0,0.0,0.0,0.0,0.56846446,0.0,0.0,0.0,10.939061,3.572355,0.0,0.0,0.0,0.0,0.0,0.0,0.0,0.0,0.0,0.0,0.0,2.2607462,0.0,0.0,0.0,0.0,0.0,4.1989512,0.0,0.0,0.0,0.0,0.0,0.0,0.0,0.0,0.0,11.695084,0.0,8.620184,0.0,0.0,4.2231336,0.0,0.0,0.0,9.952242,0.0,0.0,0.0,0.0,4.253586,0.0,0.0,0.0,0.0,10.074523,0.0,0.0,0.0,0.0,0.9918455,0.0,0.0,0.0,1.1499631,3.7852163,0.0,0.0,0.0,0.0,0.0,12.018252,0.0,0.0,0.0,0.0,4.622013,4.8005805,5.9413595,0.0,0.0,0.0,0.0,0.0,0.0,0.0,0.0,0.0,0.0,0.0,0.0,0.0,0.0,0.0,0.0,0.0,0.0,0.0,0.0,0.0,0.0
0.0,0.0,0.0,0.0,0.0,0.0,0.0,0.0,0.0,0.0,2.2723553,0.0,0.0,0.0,0.0,2.6307573,0.0,3.7076757,2.1886358,0.0,0.0,0.0,1.9024434,0.0,0.0,0.0,0.0,0.0,0.0,7.9224105,0.0,0.0,0.0,0.0,5.466937,3.7557886,0.0,0.0,0.0,0.0,0.0,0.0,0.0,0.0,0.0,0.0,0.0,5.3842287,0.0,0.0,0.0,0.0,0.0,4.4442935,0.0,4.3588634,0.0,0.0,0.0,0.0,0.0,0.0,0.0,0.0,0.0,3.6197,0.0,0.0,0.0,0.0,0.0,0.0,0.0,0.0,0.0,2.6234896,0.0,7.1742477,0.0,0.0,0.0,0.0,0.0,0.0,5.1421094,0.0,0.0,0.0,0.0,0.0,4.0569253,0.3383593,0.0,0.0,0.0,0.0,0.0,0.03268363,1.08504,0.0,0.0,0.0,0.0,0.0,0.0,1.9671724,0.0,0.0,0.0,0.0,2.4225814,0.0,0.88815385,0.0,0.0,0.0,0.0,0.0,0.0,0.0,0.0,0.0,1.3736033,0.6987153,0.0,0.0,0.0,0.0
0.0,0.0,0.0,0.0,0.0,0.0,0.0,0.0,0.0,0.0,0.0,0.0,0.0,0.0,0.0,0.0,0.0,2.1794136,2.3310497,0.0,0.0,0.0,0.0,0.0,0.0,0.0,0.0,0.0,0.0,0.0,0.0,0.0,0.0,0.0,0.0,7.961238,0.0,0.0,0.0,0.0,0.0,0.0,0.0,0.0,0.0,0.0,0.0,3.7458224,2.6675084,0.0,0.0,0.0,0.0,0.0,0.0,0.0,0.0,0.0,0.0,0.0,0.0,0.0,0.0,0.0,4.131072,0.0,2.9093473,0.0,2.1429255,0.0,0.0,0.0,0.0,0.0,0.0,0.0,0.0,3.1461136,0.0,0.0,0.0,0.0,0.0,0.0,2.0251288,0.0,0.0,0.0,0.0,0.0,0.0,0.0,0.0,3.2706687,7.3735785,0.0,0.0,0.0,5.471898,0.0,0.0,0.0,0.0,0.0,0.0,0.6783507,0.0,0.0,0.0,3.85125,0.0,0.0,0.39230156,0.0,0.0,0.0,0.0,0.0,0.0,0.0,0.0,0.0,5.562991,0.0,0.0,0.0,0.0,0.0
0.0,0.0,0.0,0.0,0.0,2.1803448,0.0,0.0,0.0,0.0,0.0,0.0,0.0,0.0,0.0,0.0,0.0,7.4635134,0.0,0.0,0.0,0.0,0.0,0.0,0.0,0.0,0.0,0.0,0.0,0.0,0.0,0.0,0.0,0.0,0.0,7.969548,0.0,0.0,0.0,0.0,0.0,0.0,0.0,0.0,0.0,0.0,0.0,6.0197964,0.0,0.0,0.0,0.0,0.0,0.0,0.0,0.0,0.0,0.0,0.0,0.0,0.0,0.0,0.0,0.0,8.919782,0.84446186,8.142403,0.0,0.0,0.0,0.0,0.0,0.0,0.0,0.0,0.0,0.0,0.0,0.0,0.0,0.0,0.0,0.0,0.0,0.0,0.0,0.0,0.0,0.0,0.0,0.0,12.534903,0.0,8.691006,0.0,0.0,0.0,0.0,0.0,0.0,0.0,0.0,0.0,0.0,0.0,0.0,0.0,0.0,0.0,0.1972756,0.0,0.0,0.0,0.0,0.0,0.0,0.0,0.0,0.0,0.0,0.0,0.0,0.0,0.0,0.0,0.0,0.0,0.0
0.0,0.0,0.0,0.0,8.559392,0.0,0.0,0.0,1.6757716,0.0,8.926868,0.0,0.0,0.0,0.0,7.853017,5.7530828,0.0,2.8460367,0.0,0.0,4.392923,0.0,1.128396,0.0,0.0,0.0,0.0,0.0,0.0,0.0,0.0,0.0,0.0,7.3839154,0.28337058,0.0,0.0,0.0,0.0,0.0,0.0,0.0,0.0,0.0,0.0,0.0,0.23525956,0.0,0.0,0.0,0.0,0.0,3.1576777,0.0,0.0,0.0,1.3953676,0.0,0.0,0.0,0.0,0.0,0.4776948,0.0,6.7113028,0.0,0.0,0.0,0.0,0.0,0.0,0.0,0.0,0.0,0.0,0.0,0.70316154,0.0,0.0,0.0,0.0,0.0,3.4353814,0.08032327,0.0,0.0,3.5800376,0.0,0.0,0.5157006,2.4166985,0.0,0.0,0.0,0.0,0.0,3.5455775,3.6967578,0.0,0.0,0.0,0.0,0.0,0.0,0.0,2.6567008,0.0,4.528246,0.0,0.0,0.0,0.0,2.1694267,0.0,0.0,0.0,0.0,0.0,0.0,0.0,0.0,0.0,0.0,0.0,0.0,0.0,0.0
0.0,0.0,0.0,0.0,0.0,0.0,0.0,0.0,0.0,0.0,6.8693047,0.0,0.0,0.0,0.0,6.191209,0.0,4.755627,9.724488,0.0,0.0,0.0,0.0,10.636403,0.0,0.0,0.0,0.0,0.0,0.31834388,0.0,0.0,0.0,0.0,1.5664456,0.0,0.0,0.0,0.0,0.0,0.0,0.0,0.0,0.0,0.0,0.0,0.0,8.738826,0.0,0.0,0.0,0.0,0.0,0.2749967,0.0,5.2149844,0.0,0.0,0.0,2.0392966,0.0,0.0,0.0,12.446632,0.0,5.316086,0.0,0.0,1.4374348,0.0,0.0,0.0,0.0,0.0,0.0,0.0,0.0,1.6133275,0.0,0.0,4.5437894,0.0,1.9338447,0.0,1.5358932,0.0,0.0,0.0,0.0,0.0,0.0,0.0,19.278797,0.0,2.5607934,0.0,0.0,0.0069264956,0.0,0.0,0.0,0.0,0.0,0.0,0.7232232,14.730077,0.0,0.72497,0.0,6.8495255,0.0,0.0,0.0,0.0,0.0,0.0,0.0,0.0,0.0,0.0,0.0,0.0,0.0,0.0,0.0,0.0,0.0,0.0
0.0,0.0,0.0,0.0,0.0,0.0,0.0,0.0,0.0,0.0,0.34403324,0.0,0.0,0.0,0.0,8.746014,0.0,1.2414461,9.161435,0.0,0.0,0.0,0.0,0.0,0.0,0.0,0.0,0.0,0.0,2.445059,0.0,0.0,0.0,0.0,1.6452606,1.5876327,0.0,0.0,0.0,0.0,0.0,0.0,0.0,0.0,0.0,0.0,0.0,6.0490093,0.0,0.0,0.0,0.0,0.0,4.116232,0.0,1.451598,0.0,0.0,0.0,0.0,0.0,0.0,0.0,0.0,6.4063187,4.7051926,0.0,0.0,0.0,0.0,1.3529404,0.0,0.0,0.0,0.0,0.0,0.0,0.0,0.0,0.0,4.604829,0.0,0.0,0.0,3.025557,0.0,0.0,2.0061507,0.0,0.0,0.0,3.1191027,0.0,0.0,0.0,0.0,0.0,0.13188733,4.435463,0.0,0.0,0.0,0.0,0.0,0.0,0.0,0.73355526,0.96701616,0.0,0.0,2.8811646,0.0,0.8551586,0.0,0.0,0.0,0.0,0.0,0.0,0.0,0.0,0.0,0.0,0.0,0.0,0.0,0.0,0.0
0.0,0.0,0.0,0.0,0.0,0.0,0.0,0.0,0.0,0.0,4.9576902,0.0,0.0,0.0,0.0,9.02418,2.3160236,0.9547569,5.422384,0.0,0.0,0.0,7.6790614,5.2875686,0.0,0.0,0.0,0.0,0.0,6.2397113,0.0,0.0,0.0,0.0,7.0123377,0.0,0.0,0.0,0.0,0.0,0.0,0.0,0.0,0.0,0.0,0.0,0.0,10.074352,0.0,0.0,0.0,0.0,0.0,0.0,0.0,0.13146834,0.0,0.0,0.0,0.1200722,0.0,0.0,0.0,1.9325147,0.0,1.4919566,0.0,0.0,0.0,0.0,2.683166,0.0,0.0,0.0,0.0,0.0,5.395373,3.482594,0.0,0.0,0.0,0.0,0.0,0.0,0.0,0.0,1.6504539,1.2166367,0.0,0.0,7.0230956,0.0,4.887997,0.0,0.0,0.0,0.0,4.6125937,0.0,0.0,0.0,0.0,0.0,0.0,0.0,0.0,0.0,0.0,0.0,0.0,0.0,0.0,0.0,0.0,0.0,0.0,0.0,0.0,0.0,0.0,0.0,0.0,0.0,3.802261,0.0,0.0,0.0,0.0
0.0,0.0,0.0,0.0,0.0,0.0,0.0,0.0,4.6072874,0.0,0.0,0.0,0.0,0.0,0.0,7.9178796,2.9420125,0.0,8.754449,0.0,0.0,0.0,6.6169906,8.262819,0.0,0.0,0.0,0.0,0.0,1.5458636,1.6224695,0.0,0.0,0.0,5.540857,0.0,0.0,0.0,0.0,0.0,0.0,0.0,0.0,0.0,0.0,0.0,0.0,4.753086,0.0,0.0,0.0,0.0,0.0,0.78831095,0.0,0.0,0.0,0.0,0.0,0.0,0.0,0.0,0.0,6.010343,0.0,0.94069254,0.0,0.0,0.91441125,0.0,2.2915144,0.0,0.0,0.0,0.0,0.0,0.0,0.0,0.0,0.0,0.0,0.0,0.0,0.0,0.0,0.0,0.0,1.7798309,0.0,0.0,1.7966543,1.9533812,9.063784,0.0,0.040030435,0.0,0.0,5.144781,0.0,0.0,0.0,0.0,0.0,0.0,0.0,0.83701783,0.0,0.0,0.0,0.0,3.512436,0.0,0.0,5.1619525,0.0,0.0,0.0,0.0,0.0,0.0,0.0,0.0,0.0,0.0,0.0,0.0,0.0,0.0
0.0,0.0,0.0,0.0,0.0,3.5843039,0.0,0.0,0.0,0.0,0.0,0.0,0.0,0.0,3.0669525,0.0,0.0,0.0,0.0,0.0,0.0,0.0,0.0,0.0,0.0,0.0,0.0,0.0,0.0,0.0,0.0,0.0,0.0,0.0,0.0,4.7220697,1.2867389,0.0,0.0,0.0,0.0,0.0,0.0,0.0,0.0,0.0,0.0,0.98597693,2.376052,0.0,0.0,0.0,0.0,0.0,0.0,0.0,0.0,0.0,0.0,0.0,0.0,0.7319603,0.0,0.0,4.761544,0.0,0.0,0.0,2.1873932,0.0,0.0,0.0,8.878958,0.0,0.0,0.0,0.0,0.13014758,0.0,0.0,0.0,0.0,0.2733699,0.0,0.0,0.0,0.0,0.0,0.4224775,0.0,0.0,0.0,0.0,4.1264343,11.528501,0.0,0.0,0.0,10.225226,0.0,0.0,0.0,0.0,0.0,0.0,0.0,0.0,0.0,0.0,8.969188,0.0,0.0,0.060117483,0.0,1.9147817,0.0,0.0,0.0,0.0,0.0,0.0,0.0,6.159981,0.0,0.0,0.0,0.0,0.0
0.0,0.0,1.5420932,0.0,0.0,0.0,0.0,0.0,0.0,0.0,0.0,0.0,0.0,0.0,0.0,9.628056,0.0,0.0,3.8104293,0.0,0.0,1.7634168,0.0,5.061339,0.0,0.0,0.0,0.0,0.0,0.0,0.0,0.0,0.0,0.0,0.048764784,0.0,0.0,0.0,0.0,0.0,0.0,0.0,0.0,0.0,0.0,0.0,0.0,0.0,0.0,0.0,0.0,0.0,0.0,5.60612,0.0,0.0,0.0,0.0,0.0,0.0,0.0,0.0,0.0,8.5776,0.0,5.4429173,0.0,0.0,0.3552631,0.0,1.0999105,0.0,0.0,0.0,0.0,0.0,0.0,1.5862929,0.0,0.0,4.4264693,0.0,0.0,0.0,0.0,0.0,0.0,4.3388443,0.0,0.0,0.0,0.8974929,0.0,0.0,0.0,0.0,0.0,4.1236515,7.394148,0.0,0.0,0.0,0.0,0.0,0.0,0.0,0.0,0.0,0.0,0.0,0.9729183,0.0,0.0,0.0,0.0,0.0,0.0,0.0,0.0,0.0,0.0,0.0,0.0,0.0,0.0,0.0,2.74626,0.0
0.0,0.0,0.0,0.0,0.0,0.0,0.0,0.0,0.0,0.0,2.3784597,0.0,0.0,0.0,0.0,0.0,0.0,0.0,0.0,0.0,0.0,0.0,0.0,0.0,0.0,0.0,0.0,0.0,0.0,0.0,0.0,0.0,0.0,0.0,0.0,1.100694,7.8366013,0.0,0.0,0.0,0.0,0.0,0.0,0.0,0.0,0.0,0.0,11.492131,0.0,0.0,0.0,0.0,0.0,0.0,0.0,10.803752,0.0,0.0,0.0,0.0,0.0,0.0,0.0,3.6847525,0.07927704,0.0,0.0,0.0,0.0,0.0,0.0,0.0,17.19393,0.0,0.0,0.0,0.0,8.018371,0.0,0.0,10.135858,0.0,5.2696557,0.0,0.0,0.0,0.0,4.275227,0.0,0.0,0.0,0.0,2.3503954,0.0,0.0,0.0,0.0,0.0,10.48369,0.0,0.0,0.0,0.0,0.0,3.3559487,3.687474,0.0,0.0,0.0,1.4941775,0.40048862,0.0,0.0,0.0,0.0,0.0,0.0,0.0,0.0,0.0,0.0,0.0,0.0,0.0,0.0,0.0,0.0,0.0
0.0,0.0,0.0,0.0,0.0,0.0,0.0,0.0,0.0,0.0,1.8219486,0.0,0.0,0.0,0.0,5.6203513,0.0,3.575359,7.1249723,0.0,0.0,0.0,0.0,0.0,0.0,0.0,0.0,0.0,0.0,3.3760326,0.0,0.0,0.0,0.0,5.4384537,2.4732406,0.0,0.0,0.0,0.0,0.0,0.0,0.0,0.0,0.0,0.0,0.0,6.617405,0.0,0.0,0.0,0.0,0.0,5.5559382,0.0,2.5207841,0.0,0.0,0.0,0.0,0.0,0.0,0.0,0.0,2.3454866,4.6558747,0.0,0.0,0.0,0.0,3.0420485,0.0,0.0,0.0,0.0,0.0,0.0,4.847215,0.0,0.0,0.0,0.0,0.0,0.0,1.7697765,0.0,0.0,0.0,0.0,0.0,0.41406667,2.0446923,0.0,0.0,0.0,0.0,0.0,0.0,4.597175,0.0,0.0,0.0,0.0,0.0,0.0,2.8157547,0.0,0.0,0.0,0.0,2.0243096,0.0,1.11915,0.0,0.0,0.0,0.0,0.0,0.0,0.0,0.0,0.0,0.059113637,0.0,0.0,0.0,0.0,0.0
0.0,0.0,0.0,0.0,1.7310001,0.0,0.0,0.0,0.0,0.0,4.8777637,0.0,0.0,0.0,0.0,8.496665,0.0,0.0,2.5246685,0.0,0.0,0.0,0.0,2.1342742,0.0,0.0,0.0,0.0,0.0,2.6253293,0.0,0.0,0.0,0.0,6.093233,1.7893168,0.0,0.0,0.0,0.0,0.0,0.0,0.0,0.0,0.0,0.0,0.0,6.878496,0.0,0.0,0.0,0.0,0.0,3.636816,0.0,1.1725775,0.0,0.0,0.0,0.0,0.0,0.0,0.0,2.619489,0.0,3.421073,0.0,0.0,0.37738872,0.0,0.023210345,0.0,0.0,0.0,0.0,0.0,0.0,3.8779976,0.0,0.0,0.0,0.0,0.0,0.0,0.0,0.0,0.0,4.987157,0.0,0.0,4.983029,3.9329662,0.0,0.0,0.0,0.0,0.0,3.2287118,2.8865983,0.0,0.0,0.0,0.0,0.0,0.0,0.0,0.0,0.0,0.16961037,0.0,0.012889028,0.0,0.0,1.4169097,0.0,0.0,0.0,0.0,0.0,0.0,0.0,0.0,0.0,0.1051707,0.0,0.0,0.0,0.0
0.0,0.0,0.0,0.45331264,0.0,5.454721,0.0,0.0,0.0,0.0,0.0,0.0,0.0,0.0,0.0,0.0,0.0,0.0,9.907873,0.0,0.0,0.0,0.0,0.0,0.0,0.0,0.0,0.0,0.0,0.0,0.0,0.0,0.0,0.0,0.0,5.53461,0.0,0.0,0.0,0.0,0.0,5.021162,0.0,0.0,0.0,0.0,0.0,6.954879,0.0,0.0,0.0,0.0,0.0,0.0,0.0,6.104936,0.0,0.0,0.0,0.0,0.0,0.0,0.0,0.0,4.4188604,0.0,2.253842,0.0,0.0,0.0,0.0,0.0,0.0,0.0,0.0,0.0,2.6921966,0.0,0.0,0.0,0.0,0.0,3.0756814,0.0,0.0,0.0,0.17739105,0.0,0.0,0.0,0.0,0.0,0.0,7.819568,10.013379,0.0,0.0,0.0,0.0,0.0,0.0,0.0,0.0,0.0,0.0,0.8270389,0.0,0.0,0.0,14.17116,0.0,0.0,0.0,0.0,0.0,0.0,0.0,0.0,0.0,0.0,0.0,1.5416569,10.390095,0.0,0.0,0.0,0.0,0.0
0.0,0.0,0.0,0.0,0.0,0.0,0.0,0.0,0.0,0.0,0.0,0.0,0.6777565,0.0,0.0,0.0,0.0,1.2936181,2.0678976,0.0,0.0,1.3258224,0.0,0.0,0.0,0.0,0.0,1.5517845,0.0,0.0,0.0,0.0,0.0,0.0,0.0,8.168549,0.0,0.0,0.0,0.0,0.0,0.0,0.0,0.0,0.0,0.0,0.0,0.0,8.178337,0.0,0.0,0.0,0.0,0.0,0.0,0.0,0.0,0.0,0.0,0.0,0.0,0.0,0.0,0.0,0.0,0.16175863,1.1870307,0.0,2.331382,0.0,0.0,0.0,0.0,0.0,0.0,0.0,0.0,2.547867,0.0,0.0,0.0,0.0,0.0,0.0,6.308219,0.0,0.0,0.0,0.0,1.7096878,0.0,0.0,0.0,0.22928351,6.3094125,0.0,0.0,0.0,5.9688134,0.0,0.0,0.0,0.0,0.0,0.0,0.0,0.0,0.0,0.0,4.069393,0.0,0.0,1.9992787,0.0,0.0,0.0,0.0,0.0,0.0,0.0,0.0,0.0,5.5232167,0.0,0.0,0.0,0.0,0.0
0.0,0.0,0.0,0.0,0.0,0.0,0.0,0.0,0.0,0.0,8.576129,0.0,0.0,0.0,0.0,4.1183376,0.0,2.5324078,13.937505,0.0,0.0,0.0,0.0,0.0,0.0,0.0,0.0,0.0,0.0,0.0,0.0,0.0,0.0,0.0,5.417996,7.292518,0.0,0.0,0.0,0.0,0.0,0.0,0.0,0.0,0.0,0.0,0.0,10.177768,0.0,0.0,0.0,0.0,0.0,9.574059,0.0,2.0799475,0.0,0.0,0.0,0.0,0.0,0.0,0.0,0.0,2.0200987,4.3373737,0.0,0.0,0.0,0.0,0.0,0.0,0.0,0.0,0.0,0.0,0.0,0.286045,1.0430719,0.0,0.60703915,0.0,2.5665832,0.0,4.673952,0.0,0.0,0.0,0.0,0.0,0.0,0.0,0.6735986,0.0,0.0,0.0,0.0,0.0,4.1342506,0.0,0.0,0.0,0.0,0.0,0.0,7.676682,0.0,0.0,0.0,1.539318,0.0,0.0,0.0,0.0,0.0,0.0,0.0,0.0,0.0,0.0,0.0,0.0,0.2352932,0.0,0.0,0.0,0.0,0.0
0.0,0.0,0.0,2.9337847,0.0,0.0,0.0,0.0,0.0,0.0,2.4697726,0.0,0.0,0.0,0.273779,0.0,0.0,0.0,0.0,0.0,0.0,3.6955416,0.0,0.0,0.0,0.0,0.0,0.0,0.0,0.0,0.0,0.0,0.0,0.0,0.9607546,0.0,0.0,0.0,1.0634364,0.0,0.0,0.0,0.0,0.0,0.0,0.0,0.0,0.0,0.0,0.0,0.0,0.0,0.0,1.6116948,0.0,0.0,0.0,0.9756551,0.0,0.0,0.0,0.0,0.0,0.0,0.0,1.9044232,0.0,0.0,0.0,4.222937,0.0,0.0,0.0,0.0,0.0,0.3914655,0.0,0.0,0.0,0.0,0.0,0.0,0.0,1.7385576,6.67665,0.0,0.0,0.0,0.0,0.0,0.0,0.0,0.0,0.0,0.0,2.7244906,2.6581082,0.0,0.0,0.0,0.0,0.0,0.0,0.0,0.0,0.0,0.96778136,0.0,6.1963134,0.0,4.024353,0.0,1.4261239,0.33467612,0.0,0.0,2.6863408,0.0,0.0,0.0,0.0,0.0,5.3270617,0.0,0.6141916,0.0,0.0,0.0
0.0,6.3999357,0.0,13.44274,0.0,0.0,0.0,0.0,0.0,0.0,0.0,0.0,0.0,0.0,0.0,0.0,0.32570198,0.0,4.943821,0.0,0.0,0.2910456,0.0,0.0,0.0,0.0,0.0,14.477949,0.0,0.0,0.0,0.0,0.0,0.0,0.0,0.0,0.0,0.0,2.0385423,0.0,0.0,0.0,0.0,0.0,0.0,0.0,0.0,0.0,0.0,0.0,0.0,0.0,0.0,0.0,0.0,0.0,0.0,0.0,0.0,0.0,0.0,0.0,0.0,0.0,0.0,0.0,16.579739,0.0,0.0,0.0,0.0,0.0,0.0,0.0,0.0,0.0,1.0835826,0.0,0.0,0.0,0.0,0.0,0.0,0.0,0.0,0.0,0.0,0.0,0.0,0.0,0.0,0.0,0.0,0.0,0.0,9.950167,0.0,7.8696303,0.0,0.0,0.0,0.0,0.0,0.0,0.0,0.0,0.0,0.0,0.0,0.0,0.0,0.0,0.0,0.0,12.7147255,0.0,11.032292,0.0,0.0,0.0,0.0,0.0,8.8693285,0.0,0.0,0.0,0.0,0.0
0.0,0.0,0.0,0.0,0.0,0.0,0.0,0.0,0.0,0.0,2.0113988,0.0,0.0,0.0,0.0,8.517676,9.259274,0.0,0.0,0.0,0.0,0.0,1.7902832,9.17926,0.0,0.0,0.0,0.0,0.0,1.3417921,3.4581606,0.0,0.0,0.0,20.729982,4.0902305,0.0,0.0,0.0,0.0,0.0,0.0,0.0,0.0,0.0,0.0,0.0,8.875801,0.0,0.0,0.0,0.0,0.0,0.38371703,0.0,0.0,0.0,4.9329333,0.0,0.0,0.0,0.0,0.0,12.201967,0.0,1.8628888,0.0,0.0,0.0,0.0,0.0,0.0,9.235646,0.0,0.0,0.0,0.0,5.552459,0.0,0.0,0.0,0.0,0.0,0.0,0.0,0.0,0.0,6.0130024,0.0,0.0,0.0,4.3478208,10.239929,0.0,0.0,0.0,0.0,0.0,0.20666572,0.0,0.0,0.0,0.0,0.0,6.1579075,2.3182359,0.0,0.0,0.75631773,0.0,0.0,0.0,0.0,10.324793,0.0,0.0,0.0,0.0,0.0,0.0,0.0,0.0,0.0,0.0,0.0,0.0,0.0,0.0
0.0,0.0,0.0,4.7028074,2.376682,0.0,0.0,0.0,0.0,0.0,5.7233624,0.0,0.0,5.4669533,0.0,0.0,8.3299675,0.0,8.253788,0.0,0.0,0.0,3.563229,0.0,0.0,0.0,0.0,0.0,0.0,3.7643325,0.0,0.0,0.0,0.0,12.852658,0.0,0.0,0.0,0.0,0.0,0.0,17.142345,0.0,0.0,0.0,0.0,0.0,13.322013,0.0,0.0,0.0,0.0,0.0,0.0,0.0,8.43304,0.0,0.0,0.8891231,0.0,0.0,0.0,0.0,0.0,0.0,0.0,0.0,0.0,0.0,0.0,0.0,0.0,0.0,0.0,0.0,0.0,9.326086,0.0,0.0,0.0,0.0,0.0,0.0,1.6990235,0.0,0.0,2.2202797,0.0,0.0,0.0,0.0,0.0,0.0,1.3133482,0.0,0.0,0.0,3.8032217,0.0,0.0,0.0,0.0,0.0,0.0,0.0,0.0,0.0,0.0,7.9569354,0.0,0.0,0.0,0.0,0.0,0.0,0.0,0.0,0.0,0.0,0.0,9.881019,0.0,0.0,0.0,0.0,0.0,0.0,0.0
0.0,0.0,0.0,0.0,0.0,0.0,0.0,0.0,0.0,0.0,0.0,0.0,0.0,0.0,7.1089234,0.0,0.0,0.0,0.0,0.0,0.0,6.2019105,0.0,6.2381835,0.0,0.0,0.0,0.0,0.0,0.0,0.0,0.0,0.0,0.0,0.0,0.0,0.0,0.0,0.0,0.0,0.0,0.0,0.0,0.0,0.0,0.0,0.0,0.0,0.0,0.0,0.0,0.0,0.0,0.0,0.0,0.0,0.7135228,0.0,0.0,0.0,0.0,0.0,0.0,8.306905,0.0,8.777903,0.0,0.0,0.0,0.0,0.0,0.0,1.5915312,0.0,0.0,0.0,0.0,0.27098253,0.0,0.0,0.0,0.0,0.0,5.596009,0.800793,0.0,0.0,0.0,8.886343,0.0,0.0,0.0,0.0,0.0,4.385365,0.0,0.0,4.5000744,7.7921033,0.0,0.0,0.0,0.0,0.0,5.016908,0.0,0.0,0.0,0.0,1.8394747,3.74587,0.0,0.0,0.0,5.79167,0.0,0.0,0.0,0.0,0.0,0.0,0.0,0.0,0.6587942,5.7402506,0.0,0.0,3.0357509
0.0,0.0,0.0,1.2716575,0.0,0.0,0.0,0.0,0.0,0.0,6.704584,0.0,0.0,0.0,0.0,0.0,0.0,0.0,4.370151,0.0,0.0,0.0,7.2702503,1.9837487,0.0,0.0,0.0,0.0,0.0,3.0261877,0.0,0.0,0.0,0.0,0.0,0.0,0.0,0.0,0.0,0.0,0.0,0.0,0.0,0.0,0.0,0.0,0.0,5.529083,0.0,0.0,0.0,0.0,5.638693,4.6972632,0.0,7.138905,0.0,0.0,0.0,2.650699,0.0,0.0,0.0,4.1014295,0.0,0.0,0.0,0.0,0.0,0.0,0.0,0.0,0.0,0.0,0.0,0.0,0.0,4.974891,0.0,0.0,0.0,0.0,0.0,0.0,3.2823107,0.0,0.25559235,0.0,0.0,0.0,4.559347,0.0,3.741505,0.0,0.23125863,0.0,0.0,6.3440185,0.0,0.0,0.0,0.0,0.0,0.0,0.0,8.877001,0.0,0.0,0.0,6.8770127,4.9611754,0.0,0.0,0.0,0.0,0.0,0.0,0.0,0.0,0.0,0.0,0.0,0.28373805,2.63015,0.41303045,0.0,0.0,0.0
0.0,0.0,0.0,0.0,0.0,0.0,0.0,0.0,0.0,0.0,0.0,0.0,0.0,0.0,0.0,7.3747053,4.0676246,0.43383038,0.0,0.0,0.0,0.0,0.0,23.636875,0.0,0.0,0.0,0.0,0.0,0.0,7.124391,0.0,0.0,0.0,11.266155,0.0,0.0,0.0,0.0,0.0,0.0,0.0,0.0,0.0,0.0,0.0,0.0,4.5816526,0.0,0.0,0.0,0.0,0.0,2.4087977,0.0,0.0,0.0,0.0,0.0,0.0,0.0,0.0,0.0,22.19809,0.0,5.6578474,0.0,0.0,0.0,0.0,0.0,0.0,14.161432,0.0,0.0,0.0,0.0,0.0,0.0,0.0,0.0,0.0,8.357352,0.0,0.0,0.0,0.0,1.0695686,0.0,0.0,0.0,0.0,19.036238,0.0,0.0,0.0,0.0,0.0,11.133948,0.0,0.0,0.0,0.0,8.087285,11.549868,13.133852,0.0,0.0,0.0,1.2039593,0.0,0.0,0.0,0.0,0.0,0.0,0.0,0.0,0.0,0.0,0.0,0.0,0.0,0.0,0.0,0.0,0.0,0.0
0.0,0.0,0.0,0.0,0.0,0.0,0.0,0.0,0.0,0.0,0.0,0.0,0.0,0.0,0.0,1.3959347,0.0,5.5103445,0.47343552,0.0,0.0,0.0,7.084231,0.0,0.0,0.0,0.0,0.0,0.0,3.4602952,0.0,0.0,0.0,0.0,2.5014834,0.0,0.0,0.0,0.0,0.0,0.0,4.0581107,0.0,0.0,0.0,0.0,0.0,15.40734,0.0,0.0,0.0,0.0,0.0,0.0,0.0,6.559431,0.0,0.0,0.0,0.0,0.0,0.0,0.0,0.26334134,0.24970272,0.0,0.0,0.0,0.0,0.0,2.1392653,0.0,0.0,0.0,2.03786,2.0860877,0.0,0.0,0.0,0.0,0.0,0.0,0.0,0.0,0.0,0.0,0.0,7.2449102,0.0,0.0,10.036191,2.4088745,0.0,0.4894247,0.81260014,0.0,0.0,0.0,0.0,0.0,0.0,0.0,0.0,0.0,0.0,0.0,0.0,0.0,6.4791627,0.15026951,5.750811,0.0,2.0276701,0.0,0.0,0.0,0.0,5.3363333,0.0,0.0,0.0,0.0,0.18650219,0.0,0.0,0.0,0.0,0.0
0.0,0.0,0.0,0.0,0.0,0.0,0.0,0.0,0.0,0.0,0.0,0.0,0.0,0.0,5.858085,0.0,0.0,0.0,0.0,0.0,0.0,0.0,0.0,0.0,0.0,0.0,0.0,0.0,0.0,0.0,0.0,0.0,0.0,0.0,0.0,0.0,0.0,0.0,0.0,0.0,0.0,0.0,0.0,0.0,0.0,0.0,0.0,0.0,3.2399857,0.0,0.0,0.0,0.0,0.0,0.0,0.0,0.0,0.0,0.0,0.0,0.0,0.0,0.0,0.431566,0.0,0.0,4.7834787,0.0,0.0,0.0,0.0,0.0,0.0,0.0,0.0,0.0,0.91676784,0.0,0.0,0.0,0.0,0.0,0.0,0.0,0.0,0.0,0.0,6.6233172,0.0,0.0,0.0,9.188607,0.0,16.858543,3.524239,0.0,0.0,0.0,0.0,0.0,0.0,0.0,0.0,0.0,3.83552,0.0,0.0,0.0,1.4776059,0.0,0.0,0.0,0.0,0.0,0.0,0.0,6.365905,0.0,0.0,0.0,0.0,0.0,7.0848823,0.0,0.0,0.0,0.0,0.0
0.0,0.0,0.0,0.054287165,0.0,0.0,0.0,0.0,0.0,0.0,11.271069,0.0,0.0,0.0,0.0,3.0443194,0.039527956,0.0,10.823321,0.0,0.0,0.0,6.997913,5.38075,0.0,0.0,0.0,0.0,0.0,0.0,0.0,0.0,0.0,0.0,3.0464742,0.0,0.0,0.0,0.0,0.0,0.0,0.0,0.0,0.0,0.0,0.0,0.0,7.7422805,0.0,0.0,0.0,0.0,0.0,1.5549687,0.0,3.2488189,0.0,0.0,0.0,5.2534404,0.0,0.0,0.0,1.9588392,0.0,2.6071343,0.0,0.0,0.0,0.0,0.0,0.0,0.0,0.0,0.0,0.0,0.0,2.6491842,0.0,0.0,0.0,0.0,0.0,0.0,0.0,0.0,2.3973434,0.0,0.0,0.0,0.0,0.0,8.067255,0.0,0.19220343,0.0,0.0,10.003572,0.0,0.0,0.0,0.0,0.0,0.0,0.0,8.26932,0.0,0.0,0.0,2.0010984,0.21656752,0.0,0.0,0.0,0.0,0.0,0.0,0.0,0.0,0.0,0.0,0.0,0.0,0.0,0.0,0.0,0.0,0.0
0.0,0.0,0.0,4.139925,0.0,0.0,0.0,0.0,0.0,0.0,1.5306064,0.0,0.0,0.0,0.6910185,0.0,0.29624423,0.0,0.0,0.0,0.0,3.3216307,0.0,0.0,0.0,0.0,0.0,0.0,0.0,0.0,0.0,0.0,0.0,0.0,0.0,0.0,0.0,0.0,0.2892467,0.0,0.0,0.0,0.0,0.0,0.0,0.0,0.0,0.0,0.0,0.0,0.0,0.0,0.0,0.0,0.0,0.0,0.0,0.7425369,0.0,0.0,0.0,0.0,0.0,0.0,0.0,0.2913361,0.19527777,0.25857016,0.0,3.302165,0.0,0.0,0.0,0.0,0.0,0.0,0.40063095,0.0,0.0,0.0,0.0,0.0,0.0,0.0,3.9394674,0.0,0.0,0.0,0.0,0.0,0.0,0.0,0.0,2.62585,0.0,2.580997,3.3521266,0.0,0.0,0.0,0.0,0.0,0.0,0.0,1.5124395,0.0,0.54614687,0.0,7.6261244,0.0,0.4371167,0.0,0.0,0.0,0.0,0.0,4.5942373,0.0,0.0,0.0,0.0,0.0,5.6852717,0.0,0.0,0.0,0.0,0.0
0.0,0.0,0.0,0.0,0.0,0.0,0.0,0.0,0.0,0.0,5.21939,0.0,0.0,0.0,0.0,4.9807115,0.5590901,0.0,0.0,0.0,0.0,0.0,0.58981013,2.1117306,0.0,0.0,0.0,0.0,0.0,8.230914,0.0,0.0,0.0,0.0,8.839423,1.0274004,0.0,0.0,0.0,0.0,0.0,0.0,0.0,0.0,0.0,0.0,0.0,4.171027,0.0,0.0,0.0,0.0,0.0,2.3384643,0.0,4.276788,0.0,2.506661,0.0,0.0,0.0,0.0,0.0,2.5642521,0.0,3.2819226,0.0,0.0,0.0,0.0,0.0,0.0,0.8009224,0.0,0.0,1.4316975,0.0,4.3990054,0.0,0.0,0.0,0.0,0.0,0.0,2.2919402,0.0,0.0,1.3487306,0.0,0.0,6.5247445,0.36403793,0.7473011,0.0,0.0,0.0,0.0,2.5034487,0.106498025,0.0,0.0,0.0,0.0,0.0,0.0,0.0,0.0,0.0,2.1904032,0.0,2.0252316,0.0,0.7972741,5.416706,0.0,0.0,0.0,0.0,0.0,0.0,0.0,0.0,0.0,1.245535,0.0,0.0,0.0,0.0
0.0,0.0,0.0,0.0,0.0,0.0,0.0,0.0,0.0,0.0,3.8140812,0.0,0.0,0.0,0.0,5.2594156,0.0,6.14894,9.185204,0.0,0.0,0.0,0.0,0.0,0.0,0.0,0.0,0.0,0.0,1.3491489,0.0,0.0,0.0,0.0,0.0,3.9202235,0.0,0.0,0.0,0.0,0.0,0.0,0.0,0.0,0.0,0.0,0.0,9.563034,0.0,0.0,0.0,0.0,0.0,1.7878152,0.0,3.9881282,0.0,0.0,0.0,0.0,0.0,0.0,0.0,0.0,0.8147875,2.2350533,0.0,0.0,0.0,0.0,0.0,0.0,0.0,0.0,0.0,0.0,0.0,5.963336,0.0,0.0,10.459024,0.0,0.0,0.0,0.20634532,0.0,0.0,0.0,0.0,0.0,5.8331127,1.2994972,1.0339445,0.0,0.0,0.0,0.0,0.0,0.0,0.0,0.0,0.0,0.0,0.0,0.0,4.565336,0.0,1.39134,0.0,0.0,3.9039578,0.0,2.8742354,0.0,0.0,0.0,0.0,0.0,0.0,0.0,0.0,0.0,4.5204663,0.0,0.0,0.0,0.0,0.0
0.0,9.176835,0.0,4.907099,3.2411947,0.0,0.0,0.0,0.0,0.0,11.002777,0.0,0.0,0.0,0.0,0.0,8.774498,0.0,0.0,0.0,0.0,0.0,0.0,7.448123,0.0,0.0,0.0,0.0,0.0,0.0,0.0,0.0,0.0,0.0,2.1572125,1.8666182,0.0,0.0,7.3234925,0.0,4.426873,8.45011,0.0,0.0,0.0,0.0,0.0,0.0,1.1666934,0.0,0.0,0.0,0.0,0.0,0.0,0.0,0.0,2.8929176,0.0,0.58060616,0.0,0.0,0.0,0.0,0.0,0.0,0.0,0.0,0.0,0.0,0.0,0.0,0.0,0.0,0.0,0.0,0.0,0.0,0.0,0.0,0.0,0.0,0.0,6.7198877,0.0,0.0,0.0,0.0,0.0,0.0,0.0,0.0,5.5874896,0.0,0.0,12.6386175,0.0,15.3992405,0.0,0.0,0.0,0.0,0.0,0.0,0.31333968,0.0,0.0,0.0,9.263633,0.0,0.0,0.0,0.0,0.0,1.0680653,0.0,0.0,0.0,0.0,0.0,0.0,0.0,0.0,0.0,0.0,0.0,0.0,0.0
0.0,0.0,0.0,0.0,0.0,0.0,0.0,0.0,0.0,0.0,0.0,0.0,0.21893148,0.0,2.4271827,0.0,0.0,2.2328725,0.0,0.0,0.0,0.20215029,0.0,0.0,0.0,0.0,0.0,0.0,0.0,0.0,0.0,0.0,0.0,0.0,0.0,1.2424339,0.0,0.0,0.0,0.0,0.0,0.0,0.0,2.4252136,0.0,0.0,0.0,0.0,1.3747729,0.0,0.0,0.0,0.0,0.0,0.0,0.0,0.0,0.0,0.0,0.0,0.0,0.0,0.0,0.8027577,0.42389837,2.2217484,3.501564,0.0,0.0,0.0,0.0,0.0,1.675568,0.0,0.0,0.0,0.0,2.519783,0.0,0.0,0.0,0.0,0.0,0.0,0.0,0.0,0.0,0.0,0.0,0.0,0.0,2.2345529,0.0,4.894778,5.809359,0.0,0.0,0.0,3.2433295,0.0,0.0,0.0,0.0,0.0,0.0,0.0,0.0,0.0,0.0,0.0,0.0,0.0,0.0,0.0,0.0,0.0,0.0,0.0,0.0,0.0,0.0,0.0,3.11141,0.0,0.0,0.0,0.0,0.0
0.0,1.8903533,0.0,0.0,0.0,0.0,0.0,0.0,0.0,0.0,1.598297,0.0,0.0,0.0,0.0,0.0,9.340292,0.0,0.0,0.0,0.0,0.0,0.0,0.74637246,0.0,0.0,0.0,0.0,0.0,0.0,0.0,0.0,0.0,0.0,0.0,0.0,0.0,0.0,0.0,0.0,16.79384,0.0,0.0,0.0,0.0,0.0,0.0,14.105425,0.0,0.0,0.0,0.0,0.0,0.0,0.0,8.061168,0.0,0.35206154,0.0,0.0,0.0,0.0,0.0,0.0,0.0,0.0,0.0,0.0,0.0,0.0,0.0,0.0,16.206446,0.0,0.0,0.0,0.0,0.0,0.0,0.0,0.0,0.0,0.0,2.9748566,0.0,0.0,0.0,10.676444,0.0,0.0,0.0,0.0,9.820239,0.0,0.0,2.6726081,0.0,0.5812976,4.639453,0.0,0.0,0.0,0.0,0.0,17.68395,0.0,0.0,0.0,19.646297,0.0,0.0,0.0,0.0,0.0,0.0,0.0,0.0,0.0,0.0,0.0,0.0,0.0,0.0,0.0,0.0,0.0,0.0,0.0
0.0,0.0,0.0,0.0,0.0,0.0,0.0,0.0,0.0,0.0,4.8515353,0.0,0.0,0.0,0.0,2.735009,0.0,0.0,5.701291,0.0,0.0,0.05975331,0.0,0.0,0.0,0.0,0.0,0.0,0.0,0.0,0.0,0.0,0.0,0.0,2.1184058,1.9946154,0.0,0.0,0.0,0.0,0.0,0.0,0.0,0.0,0.0,0.0,0.0,0.0,0.0,0.0,0.0,0.0,0.0,3.2183588,0.0,2.0793276,0.0,0.0,0.0,0.0,0.0,0.0,0.0,0.0,0.0,3.6976738,0.0,0.0,0.51964974,0.0,0.0,0.0,0.0,0.0,0.0,0.0,0.0,3.8781183,1.2713733,0.0,0.9658597,0.0,0.43103755,0.0,6.9015894,0.0,0.0,0.0,0.0,0.0,0.0,0.0,1.259976,0.0,0.0,0.0,0.0,2.455239,5.6418457,0.0,0.0,0.0,0.0,0.0,0.0,6.481186,0.0,0.45984352,0.0,1.617122,0.11832363,0.0,0.0,0.0,0.0,0.0,0.0,0.0,0.0,0.0,0.0,0.0,0.0,0.0,0.0,0.0,0.0,0.0
0.0,0.0,0.0,0.0,0.0,0.0,0.0,0.0,0.0,0.0,3.9056416,0.0,0.0,0.0,0.0,0.98542064,0.0,0.0,10.095362,0.0,0.0,0.0,0.3231324,2.5505111,0.0,0.0,0.0,0.0,0.0,0.0,0.0,0.0,0.0,0.0,0.40980262,0.21820635,0.0,0.0,0.0,0.0,0.0,0.0,0.0,0.0,0.0,0.0,0.0,1.242563,0.0,0.0,0.0,0.0,0.0,2.3961442,0.0,0.19123143,0.0,0.0,0.0,0.0,0.0,0.0,0.0,3.3856146,0.0,3.9855633,0.0,0.0,0.0,0.0,0.0,0.0,0.0,0.0,0.0,0.0,0.0,1.6802235,0.0,0.0,0.0,0.0,2.884445,0.0,2.1086056,0.0,1.3772713,0.0,0.0,0.0,0.0,0.0,4.6805563,0.0,1.4716314,0.0,0.0,1.2864945,0.0,0.0,0.0,0.0,0.0,0.0,0.0,8.796156,0.0,0.0,0.0,4.282942,0.0,0.0,0.0,0.0,0.0,0.0,0.0,0.0,0.0,0.0,0.0,0.0,0.0,0.0,0.0,0.0,0.0,0.0
0.0,0.0,0.0,0.0,0.0,9.801767,0.0,0.0,0.0,0.0,0.0,0.0,0.0,0.0,0.0,0.0,0.0,5.272587,0.0,0.0,0.0,0.0,0.0,0.0,0.0,0.0,0.0,0.0,0.0,0.0,0.0,0.0,0.0,0.0,0.0,11.485386,0.0,0.0,0.0,0.0,0.0,0.0,0.0,0.0,0.0,0.0,0.0,6.0513654,0.0,0.0,0.0,0.0,0.0,1.5606736,0.0,0.0,0.0,0.0,0.0,0.0,0.0,0.0,0.0,0.0,9.644287,0.0,10.503623,0.0,0.0,0.0,0.0,0.0,0.0,0.0,0.0,0.0,3.2384932,0.0,0.0,0.0,0.0,0.0,0.0,0.0,0.0,0.0,0.0,0.0,0.0,0.0,0.0,0.0,0.0,10.497343,6.9288235,0.0,0.0,0.0,0.0,0.0,0.0,0.0,0.0,0.0,0.0,0.0,0.0,0.0,0.0,11.3089485,0.0,0.0,0.0,0.0,0.0,0.0,0.0,0.0,0.0,0.0,0.0,0.0,0.5896751,0.0,0.0,0.0,0.0,0.0
0.0,0.0,0.0,0.0,0.0,0.0,0.0,0.0,0.0,0.0,4.8554463,0.0,0.0,0.0,0.0,2.9385116,0.0,0.9168545,6.767997,0.0,0.0,0.0,3.2879186,2.6433837,0.0,0.0,0.0,0.0,0.0,0.0,0.0,0.0,0.0,0.0,0.0,2.254046,0.0,0.0,0.0,0.0,0.0,0.0,0.0,0.0,0.0,0.0,0.0,7.204781,0.0,0.0,0.0,0.0,0.0,2.5167747,0.0,3.7020636,0.0,0.0,0.0,0.0,0.0,0.0,0.0,0.0,0.0,0.5640329,0.0,0.0,0.8818508,0.0,0.0,0.0,0.0,0.0,0.0,0.0,0.0,2.203454,0.0,0.0,0.0,0.0,2.3948855,0.0,0.0,0.0,3.2808511,0.0,0.0,0.0,0.5668676,0.0,1.1188833,0.0,0.12698995,0.0,0.0,2.3889875,0.0,0.0,0.0,0.0,0.0,0.0,0.0,8.511477,0.0,0.0,0.0,6.168038,0.0,0.0,0.0,0.0,0.0,0.0,0.0,0.0,0.0,0.0,0.0,0.0,0.5733046,0.0,0.0,0.0,0.0,0.0
0.0,0.0,0.0,0.0,0.0,0.0,0.0,0.0,0.0,0.0,9.255644,0.0,0.0,0.0,0.0,3.5298314,0.0,0.0,1.3110191,0.0,0.0,0.0,3.6018329,1.4369599,0.0,0.0,0.0,0.0,0.0,4.923603,0.0,0.0,0.0,0.0,7.506903,0.0,0.0,0.0,0.0,0.0,0.0,0.0,0.0,0.0,0.0,0.0,0.0,6.484758,0.0,0.0,0.0,0.0,0.0,6.8680515,0.0,5.6906085,0.0,0.0,0.0,0.0,0.0,3.5396764,0.0,5.559939,0.0,4.5149894,0.0,0.0,0.0,0.0,0.0,0.0,3.7130475,0.0,0.0,0.0,0.0,13.531966,0.0,0.0,0.0,0.0,0.0,0.0,0.0,0.0,1.3450629,0.0,0.0,0.0,1.5761197,0.0,4.1140227,0.0,0.0,0.0,0.0,4.0312266,0.0,0.0,0.0,0.0,0.0,0.0,1.3858596,9.802373,0.0,0.0,0.0,0.7952671,0.0,0.0,0.0,0.0,0.0,0.0,0.0,0.0,0.0,0.0,0.0,0.0,0.0,5.9883924,0.0,0.0,0.0,0.0
0.0,8.008553,0.0,6.884656,0.0,0.0,0.0,0.0,0.0,0.0,0.0,0.0,0.0,0.0,0.0,0.0,6.0584593,0.0,0.0,0.0,0.0,9.91582,0.0,0.0,0.0,0.0,0.0,2.168421,0.0,0.0,0.0,0.0,0.0,0.0,0.0,0.0,0.0,0.0,16.390667,0.0,0.0,0.0,0.0,0.0,0.0,0.0,0.0,0.0,0.0,0.0,0.0,0.0,0.0,0.0,0.0,0.0,0.0,0.0,0.0,0.0,0.0,0.0,0.0,0.0,0.0,0.0,6.9966154,0.0,0.0,0.0,0.0,0.0,0.0,0.0,0.0,0.0,0.0,0.0,0.0,0.0,0.0,0.0,0.0,0.0,0.0,0.0,0.0,0.0,0.0,0.0,0.0,0.0,0.0,0.0,0.0,6.4691896,0.0,12.784571,0.0,0.0,0.0,0.0,0.0,0.0,13.55543,0.0,0.0,0.0,1.5749879,0.0,0.0,0.0,0.0,0.0,8.096631,0.0,9.375545,0.0,0.0,0.0,0.0,0.0,0.0,0.0,0.0,0.0,0.0,0.0
0.0,0.0,0.0,0.0,0.0,0.0,0.0,0.0,0.0,0.0,6.3565664,0.0,0.0,0.0,0.0,5.3939257,0.0,8.359579,0.0,0.0,0.0,0.0,0.0,4.2640204,0.0,0.0,0.0,0.0,0.0,3.230353,0.0,0.0,0.0,0.0,17.181805,5.7746773,0.0,0.0,0.0,0.0,0.0,0.0,0.0,0.0,0.0,0.0,0.0,13.226399,0.0,0.0,0.0,0.0,0.0,0.0,0.0,6.8818035,0.0,0.0,0.0,3.439581,0.0,0.0,0.0,13.835352,0.0,7.7856426,0.0,0.0,0.0,0.0,0.0,0.0,14.839787,0.0,0.0,0.0,0.0,16.01978,0.0,0.0,0.0,0.0,1.6646291,0.0,0.0,0.0,3.18108,0.0,0.0,0.0,0.0,1.5303265,16.50881,0.0,0.0,0.0,0.0,0.0,0.0,0.0,0.0,0.0,0.0,0.0,5.788798,15.641878,0.0,0.0,0.0,0.004280431,0.0,0.0,0.0,0.0,0.0,0.0,0.0,0.0,0.0,0.0,0.0,0.0,0.0,2.0862658,0.0,0.0,0.0,0.0
0.0,0.0,0.0,0.0,0.0,0.0,0.0,0.0,0.0,0.0,0.0,0.0,0.0,0.0,0.0,0.5571142,0.0,0.0,2.2326827,0.0,0.0,1.0775903,0.0,0.41841117,0.0,0.0,0.0,0.0,0.0,0.0,0.0,0.0,0.0,0.0,0.4211763,1.0136696,0.0,0.0,0.0,0.0,0.0,0.0,0.0,0.0,0.0,0.0,0.0,0.0,0.0,0.0,0.0,0.0,0.0,3.3766448,0.0,0.0,0.0,0.0,0.0,0.0,0.0,0.0,0.0,5.7162027,0.0,3.8478332,0.0,0.0,6.370529,0.0,0.0,0.0,1.9045975,0.0,0.0,0.0,0.0,5.450236,0.0,0.0,1.697543,0.0,3.093036,0.0,2.1878083,0.0,0.0,0.0,1.5047842,0.0,0.0,0.49357042,0.0,0.0,0.0,0.0,0.0,0.0,8.867898,0.0,0.0,0.0,0.0,3.906147,0.5494238,6.765569,0.0,0.0,0.0,0.7449559,0.0,0.0,0.0,0.0,0.0,0.0,0.0,0.0,0.0,0.0,0.0,0.0,0.0,0.0,0.0,0.0,0.0,0.0
0.0,7.901768,0.0,0.0,0.0,0.0,0.0,0.0,0.0,0.0,0.0,0.0,0.0,0.0,0.0,0.0,8.793019,0.0,0.0,0.0,0.0,1.7248416,0.0,0.0,0.0,0.0,0.0,0.0,0.0,0.0,0.0,0.0,0.0,0.0,0.0,0.0,0.0,0.0,0.0,0.0,0.0,0.0,0.0,0.0,0.0,0.0,0.0,0.0,10.892439,0.0,0.0,0.0,0.0,0.0,0.0,0.0,0.0,0.0,0.0,0.0,0.0,0.0,0.0,0.0,0.0,0.0,15.561694,0.0,0.0,0.0,0.0,0.0,0.0,0.61693317,0.0,0.0,0.7105582,0.0,0.0,0.0,0.0,0.0,0.0,0.0,0.0,0.0,0.0,4.39774,0.0,0.0,0.0,5.3582344,0.0,19.437267,0.0,0.0,0.0,0.0,0.0,0.0,0.0,0.0,0.0,0.0,8.771739,0.0,0.0,0.0,0.0,2.7152388,0.0,0.0,0.0,0.0,0.0,0.0,0.0,0.0,0.0,0.0,0.0,0.0,0.0,0.0,0.0,2.388418,0.0,0.0
0.0,0.0,0.0,0.0,0.0,0.0,0.0,0.0,0.0,0.0,0.0,0.0,0.0,0.0,0.0,0.45746705,0.0,3.1496007,0.0,0.0,0.0,0.0,0.0,0.0,0.0,0.0,0.0,0.0,0.0,0.096771345,0.0,0.0,0.0,0.0,4.0750875,4.2798524,0.0,0.0,0.0,0.0,0.0,0.0,0.0,0.0,0.0,0.0,0.0,7.618488,0.0,0.0,0.0,0.0,0.0,4.5623264,0.0,6.00428,0.0,0.0,0.0,0.0,0.0,0.0,0.0,0.0,3.5686514,1.0820609,0.0,0.0,0.0,0.0,0.0,0.0,4.2828927,0.0,0.0,0.0,0.0,4.4771733,0.0,0.0,0.0,0.0,1.1579928,0.0,2.875515,0.0,0.0,0.0,0.0,0.0,0.0,0.97515726,0.0,0.0,0.0,0.0,0.0,0.0,12.082499,0.0,0.0,0.0,0.0,0.0,0.0,4.0032988,0.0,0.0,0.0,1.0181473,1.9035397,0.0,2.5576053,0.0,0.0,0.0,0.0,0.0,0.0,0.0,0.0,0.0,0.0,0.0,0.0,0.0,0.0,0.0
0.0,6.2088585,0.0,5.586578,0.0,0.0,0.0,0.0,0.0,0.0,0.0,0.0,0.0,0.0,0.0,0.0,2.8785183,0.0,0.0,0.0,0.0,4.4639254,0.0,0.0,0.0,0.0,0.0,15.635319,0.0,0.0,0.0,0.0,0.0,0.0,0.0,0.0,0.0,0.0,0.0,0.0,0.0,0.0,0.0,0.0,0.0,0.0,0.0,0.0,4.24215,0.0,0.0,0.0,0.0,0.0,0.0,0.0,0.0,0.0,0.0,0.0,0.0,0.0,0.0,0.0,0.0,0.0,16.793089,0.0,0.0,0.0,0.0,0.0,0.0,0.0,0.0,0.0,0.59020436,0.0,0.0,0.0,0.0,0.0,0.0,0.0,0.0,0.0,0.0,0.0,0.0,0.0,0.0,0.0,0.0,4.9829473,0.0,2.4126127,0.0,4.260675,0.0,0.0,0.0,0.0,0.0,0.0,1.9708934,0.0,0.0,0.0,0.0,0.0,0.0,0.0,0.0,0.0,9.477409,0.0,11.945019,0.0,0.0,0.0,0.0,0.0,8.716353,0.0,0.0,0.0,0.0,0.0
0.0,1.2092994,0.0,0.0,0.0,0.0,0.0,0.0,0.0,0.0,11.278281,0.0,0.0,0.0,0.0,8.238922,12.301596,0.0,11.830021,0.0,0.0,0.0,3.746388,5.956681,0.0,0.0,0.0,0.0,0.0,2.3011193,0.0,0.0,0.0,0.0,13.713086,0.0,0.0,0.0,0.0,0.0,0.0,0.0,0.0,0.0,0.0,0.0,0.0,6.036968,0.0,0.0,0.0,0.0,0.0,0.0,0.0,0.0,0.0,0.0,0.0,6.2516804,0.0,0.0,0.0,2.2943084,0.0,3.7962344,0.0,0.0,0.0,0.0,0.0,0.0,0.0,0.0,0.0,0.0,11.351598,3.2773354,0.0,0.0,0.0,0.0,0.0,0.0,0.0,0.0,6.940644,0.0,0.0,0.0,0.024754755,0.0,7.259427,0.0,0.0,0.0,0.0,10.811169,0.0,0.0,0.0,0.0,0.0,0.0,0.0,0.0,0.0,0.0,0.0,0.0,0.0,0.0,0.0,0.0,0.0,0.0,0.0,0.0,0.0,0.0,3.8061194,0.0,0.0,1.9316726,0.0,0.0,0.0,0.0
0.0,0.0,0.0,0.0,0.0,0.0,0.0,0.0,0.0,0.0,0.0,0.0,0.0,0.0,0.0,0.0,0.0,4.9459915,1.4323413,0.0,0.0,0.0,0.0,0.0,0.0,0.0,0.0,2.6583343,0.0,0.0,0.0,0.0,0.0,0.0,2.5253513,7.4920993,0.0,0.0,0.0,0.0,0.0,0.0,0.0,0.0,0.0,0.0,0.0,2.951429,4.475626,0.0,0.0,0.0,0.0,1.8993348,0.0,0.0,0.0,0.0,0.0,0.0,0.0,0.0,0.0,0.0,1.2846751,1.5531874,2.6091545,0.0,0.0,0.0,0.0,0.0,0.0,0.0,0.0,0.0,0.0,0.24379104,0.0,0.0,0.0,0.0,0.0,0.0,4.5124574,0.0,0.0,0.0,0.0,0.0,0.0,2.9318085,0.0,0.0,5.337002,0.0,0.0,0.0,2.1645525,0.0,0.0,0.0,0.0,0.0,0.0,0.0,0.0,0.0,1.7992927,0.07035834,0.0,0.0,3.4099917,0.0,0.0,0.0,0.0,0.0,0.0,0.0,0.0,0.0,7.707863,0.0,0.0,0.0,0.0,0.0
0.0,0.0,0.0,0.0,0.0,0.0,0.0,0.0,0.0,0.0,0.0,0.0,0.0,0.0,0.0,5.417336,0.0,0.37983128,6.063015,0.0,0.0,0.0,0.0,0.0,0.0,0.0,0.0,0.0,0.0,3.6258783,0.0,0.0,0.0,0.0,1.1963725,3.4617836,0.0,0.0,0.1546415,1.2788613,0.0,0.0,0.0,0.0,0.0,0.0,0.0,3.2047796,0.0,0.0,0.0,0.0,0.0,1.7512275,0.0,0.0,0.0,0.0,0.0,0.0,0.0,0.0,0.0,0.0,2.9664025,3.3106482,0.18854299,0.0,0.0,0.0,0.0,0.0,0.0,0.0,0.0,4.851135,0.0,1.2111354,0.0,0.0,2.3923833,0.0,0.0,0.0,7.050677,0.0,0.0,0.0,0.0,0.0,0.71544546,3.945525,0.0,0.0,0.0,0.0,0.0,0.28238362,5.2141314,0.0,0.0,0.0,0.0,0.0,0.0,1.1316285,0.24721266,1.2485632,0.0,0.0,2.4967258,0.0,1.7119957,0.0,0.0,0.0,0.0,0.0,0.0,4.981453,0.0,0.0,0.0,0.0,0.0,0.0,0.0,0.0
0.0,0.0,0.0,0.0,0.0,0.0,0.0,0.0,0.0,0.0,12.372387,0.0,0.0,0.0,0.0,6.277007,1.7816033,0.0,1.0062448,0.0,0.0,0.0,0.8435445,7.141661,0.0,0.0,0.0,0.0,0.0,0.0,0.0,0.0,0.0,0.0,12.770067,0.0,0.0,0.0,0.0,0.0,0.0,0.0,0.0,0.0,0.0,0.0,0.0,3.8525283,0.0,0.0,0.0,0.0,0.0,4.308711,0.0,2.5602167,0.0,0.0,0.0,3.117473,0.0,3.563647,0.0,12.32599,0.0,7.39895,0.0,0.0,0.0,0.0,0.0,0.0,8.303177,0.0,0.0,0.0,0.0,11.276553,0.0,0.0,0.0,0.0,0.0,0.0,0.0,0.0,5.3945255,0.0,0.0,0.0,0.0,0.0,9.398152,0.0,0.0,0.0,0.0,3.2872105,0.0,0.0,0.0,0.0,0.0,0.0,5.3112836,12.479554,0.0,0.0,0.0,0.0,0.0,0.0,0.0,0.0,0.0,0.0,0.0,0.0,0.0,0.0,0.0,0.0,0.0,4.870351,0.0,0.0,0.0,0.0
0.0,0.0,0.0,0.0,0.0,0.3992347,0.0,0.0,0.0,0.0,0.0,0.0,0.0,0.0,0.0,0.0,0.0,4.286676,0.0,0.0,0.0,0.0,0.0,0.0,0.0,0.0,0.0,0.0,0.0,0.0,0.0,0.0,0.0,0.0,0.0,7.539068,0.0,0.0,0.0,0.0,0.0,0.0,0.0,0.0,0.0,0.0,0.0,1.1967648,4.6472034,0.0,0.0,0.0,0.0,0.0,0.0,0.0,0.0,0.0,0.0,0.0,0.0,0.0,0.0,0.0,4.4546022,0.0,6.7329016,0.0,0.56068176,0.0,0.0,0.0,0.0,0.0,0.0,0.0,0.0,1.416089,0.0,0.0,0.0,0.0,0.0,0.0,1.7452354,0.0,0.0,0.0,0.0,0.0,0.0,1.4131696,0.0,4.26857,7.8304243,0.0,0.0,0.0,4.116903,0.0,0.0,0.0,0.0,0.0,0.0,0.0,0.0,0.0,0.0,2.5580328,0.0,0.0,0.31656173,0.0,0.0,0.0,0.0,0.0,0.0,0.0,0.0,0.0,4.951941,0.0,0.0,0.0,0.0,0.0
0.0,0.0,0.0,0.0,0.0,0.0,0.0,0.0,0.0,0.0,0.0,0.0,0.0,0.0,0.0,0.0,5.09468,0.03975432,0.0,0.0,0.0,0.0,0.0,0.0,0.0,0.0,0.0,0.0,0.0,0.0,0.0,0.0,0.0,0.0,0.0,0.0,0.0,0.0,0.0,0.0,6.4413314,2.7683845,0.0,0.0,0.0,0.0,0.0,7.297953,0.0,0.0,0.0,0.0,0.0,0.0,0.0,4.0751224,0.5751963,0.16106437,0.0,0.0,0.0,0.0,2.3072095,0.0,0.0,0.0,0.0,0.0,0.0,6.97073,0.0,0.0,4.752145,0.0,0.0,0.7448047,0.0,0.0,0.0,0.0,0.0,0.0,0.0,0.0,0.0,0.0,0.0,10.217269,0.0,0.0,0.0,7.2139277,0.0,2.530781,2.1752539,3.86421,0.0,0.0,0.0,0.0,0.0,0.0,0.0,0.0,0.085268594,0.0,0.0,0.0,16.6788,0.0,0.0,0.0,0.100930855,0.0,0.0,0.0,0.0,0.0,0.0,0.0,0.0,0.0,0.2806035,0.0,0.0,0.0,0.9064541,0.0
0.0,0.0,0.0,0.0,0.0,0.0,0.0,0.0,1.3989935,0.0,5.0669403,0.0,0.0,0.0,0.43134862,10.768526,4.265213,0.0,0.0,0.0,0.0,0.0,0.0,4.501485,0.0,0.0,0.0,0.0,0.0,0.7963062,0.0,0.0,0.0,0.0,1.2810857,0.0,0.0,0.0,0.0,0.0,0.0,0.0,0.0,0.0,0.0,0.0,0.0,1.8288933,0.0,0.0,0.0,0.0,0.0,0.0,0.0,3.4355705,0.0,0.0,0.0,0.0,0.0,0.0,0.0,2.9215693,0.0,5.9358516,0.0,0.0,0.0,0.0,0.0,0.0,3.2515383,0.0,0.0,0.0,0.0,0.8514755,0.0,0.0,0.0,0.0,0.0,1.334369,0.0,0.0,1.1950297,4.7336664,0.0,0.0,1.0434791,2.3182175,0.0,0.0,0.0,0.0,0.0,1.8906353,1.4994746,0.0,0.0,0.0,0.0,0.0,0.0,0.0,1.3374708,0.0,2.0865679,0.0,0.0,0.0,0.0,0.26438254,0.0,0.0,0.0,0.0,0.0,0.0,0.3022713,0.0,0.0,3.3550367,0.0,0.0,0.0,0.0
0.0,0.0,0.0,0.0,0.0,0.0,0.0,0.0,0.0,0.0,0.0,0.0,0.0,0.0,0.0,8.0134945,0.0,9.888453,0.66537774,0.0,0.0,0.0,0.0,10.079408,0.0,0.0,0.0,0.0,0.0,4.5604224,8.192223,0.0,0.0,0.0,2.4518645,0.6242852,0.0,0.0,0.0,0.0,0.0,3.4913538,0.0,0.0,0.0,0.0,0.0,20.210613,0.0,0.0,0.0,0.0,0.0,5.5670476,0.0,4.168875,0.0,0.0,0.0,0.0,0.0,0.0,0.0,14.184046,8.024529,0.0,0.0,0.0,4.4987483,0.0,1.4297374,0.0,5.924178,0.0,0.0,0.0,0.0,0.0,0.0,0.0,10.723102,0.0,0.0,0.0,0.0,0.0,0.0,15.804183,0.0,0.0,0.0,7.9394035,17.291924,0.0,2.523859,0.0,0.0,0.0,5.5845685,0.0,0.0,0.0,0.0,0.0,0.0,0.0,0.0,0.0,0.0,0.0,1.7012631,0.0,11.069825,0.0,0.0,0.0,0.0,0.0,0.0,0.0,0.0,0.0,0.0,0.0,0.0,0.0,0.0,0.0
0.0,0.0,0.0,4.550469,0.0,0.0,0.0,0.0,0.0,0.0,5.3554564,0.0,0.0,0.0,0.0,0.0,1.1801615,0.0,0.0,0.0,0.0,0.5593789,4.889729,1.751021,0.0,0.0,0.0,0.0,0.0,4.607934,0.0,0.0,0.0,0.0,3.2169793,0.0,0.0,0.0,3.1236901,0.0,0.0,0.0,0.0,0.0,0.0,0.0,0.0,0.0,0.0,0.0,0.0,0.0,1.3082236,1.0449344,0.0,1.4711124,0.0,0.32830268,0.0,0.0,0.0,0.0,0.0,0.0,0.0,1.3003407,0.0,0.0,0.0,0.0,0.0,0.0,0.0,0.0,0.0,3.0743053,0.0,4.419719,0.0,0.0,0.0,0.0,0.0,0.69709176,4.8876762,0.0,0.0,0.0,0.0,0.0,0.0,0.0,2.236071,0.0,0.0,0.0,0.0,6.513895,0.09050894,0.0,0.0,0.18528597,0.0,0.0,3.5188153,0.0,0.0,0.0,0.27119318,0.0,4.2174582,0.0,0.0,2.1792972,0.0,0.0,0.0,0.0,0.0,0.0,0.0,0.0,0.0,0.0,4.1956673,0.0,0.0,0.0
0.0,0.0,0.0,0.0,0.0,0.0,0.0,0.0,0.0,0.0,0.0,0.0,0.0,0.0,0.0,0.0,0.0,2.975451,1.4151223,0.0,0.0,0.0,0.0,0.0,0.0,0.0,0.0,0.0,0.0,0.0,0.0,0.0,0.0,0.0,0.0,9.580289,0.0,0.0,0.0,0.0,0.0,0.3525106,0.0,0.0,0.0,0.0,0.0,6.016852,2.477208,0.0,0.0,0.0,0.0,0.40457675,0.0,0.0,0.0,0.0,0.0,0.0,0.0,0.0,0.0,0.0,6.0617676,0.0,3.9654515,0.0,1.2958941,0.0,0.0,0.0,0.0,0.0,0.0,0.0,0.0,0.46740282,0.0,0.0,0.0,0.0,0.0,0.0,0.47479942,0.0,0.0,0.0,0.0,0.0,0.0,0.0,0.0,4.0517297,9.344666,0.0,0.0,0.0,5.018163,0.0,0.0,0.0,0.0,0.0,0.0,0.42675564,0.0,0.0,0.0,6.576559,0.0,0.0,0.57012,0.0,0.0,0.0,0.0,0.0,0.0,0.0,0.0,0.0,7.2248034,0.0,0.0,0.0,0.0,0.0
0.0,0.0,0.0,0.0,2.771431,0.0,0.0,0.0,0.0,0.0,4.612534,0.0,0.0,0.0,0.0,0.6805809,0.0,0.0,6.358207,0.0,0.0,0.0,0.16016299,0.0,0.0,0.0,0.0,0.0,0.0,0.0,0.0,0.0,0.0,0.0,2.7867277,2.8465786,0.0,0.0,0.0,0.0,0.0,0.0,0.0,0.0,0.0,0.0,0.0,2.402942,0.0,0.0,0.0,0.0,0.0,5.5887814,0.0,1.1240497,0.0,0.0,0.0,0.0,0.0,0.0,0.0,0.0,0.0,3.5966425,0.0,0.0,1.0949457,0.0,0.0,0.0,0.0,0.0,0.0,0.0,0.0,2.4816267,1.8387336,0.0,0.0,0.0,3.1249638,0.0,3.71428,0.0,0.0,0.0,0.0,0.0,0.0,0.0,0.0,0.0,0.0,0.0,0.0,0.5946913,6.9536877,0.0,0.0,0.0,0.0,0.7313408,0.0,5.625286,0.0,0.0,0.0,1.1112411,0.0,0.0,0.0,0.0,0.0,0.0,0.0,0.0,0.0,0.0,0.0,0.0,0.0,0.0,0.0,0.0,0.0,0.0
0.0,10.4214325,0.0,9.6591215,0.0,0.0,0.0,0.0,0.0,0.0,0.0,0.0,0.0,0.0,0.0,0.0,6.559379,0.0,0.0,0.0,0.0,7.252008,0.0,0.0,0.0,0.0,0.0,0.0,0.0,0.0,0.0,0.0,0.0,0.0,0.0,0.0,0.0,0.0,4.8031573,0.0,0.0,0.0,0.0,0.0,0.0,0.0,0.0,0.0,0.0,0.0,0.0,0.0,0.0,0.0,0.0,0.0,3.8211613,0.0,0.0,0.0,0.0,0.0,0.0,3.1803355,0.0,0.0,9.132215,0.0,0.0,0.0,0.0,0.0,0.0,0.0,0.0,0.0,0.0,0.0,0.0,0.0,0.0,0.0,0.0,0.0,0.0,0.0,0.0,0.0,0.0,0.0,0.0,0.0,0.0,0.0,0.0,3.1693127,0.0,9.134223,0.0,0.0,0.0,0.0,0.0,0.0,17.149738,0.0,0.0,0.0,6.2244525,0.0,0.0,0.0,0.0,0.0,8.124632,0.0,9.069064,0.0,0.0,0.0,0.0,0.0,0.0,0.0,0.0,0.0,0.0,0.0
0.0,0.0,0.0,0.0,0.0,0.0,0.0,0.0,0.0,0.0,0.0,0.0,0.0,0.0,0.0,3.7318125,0.0,0.0,4.2471037,0.0,0.0,0.0,0.0,0.046501152,0.0,0.0,0.0,0.0,0.0,0.0,0.15215208,0.0,0.0,0.0,3.9466648,0.5606354,0.0,0.0,0.0,0.0,0.0,0.0,0.0,0.0,0.0,0.0,0.0,3.0727983,0.0,0.0,0.0,0.0,0.0,5.3125234,0.0,0.0,0.0,0.0,0.0,0.0,0.0,0.0,0.0,4.348174,3.1595194,3.3451376,0.0,0.0,1.2025315,0.0,4.0292406,0.0,0.10146545,0.0,0.0,0.0,0.0,2.912847,0.0,0.0,6.294066,0.0,0.0,0.0,0.38336128,0.0,0.0,4.695515,0.0,0.0,0.0,4.449874,0.0,0.0,1.5517509,0.0,0.0,0.0,5.9525824,0.0,0.0,0.0,0.0,0.0,0.0,0.19418855,0.0,0.22417374,0.0,0.0,3.4817383,0.0,3.673839,0.0,0.0,0.0,0.0,0.0,0.0,0.0,0.0,0.0,0.0,0.0,0.0,0.0,0.0,0.0
0.0,0.0,0.0,0.0,0.0,0.0,0.0,0.0,0.0,0.0,4.3291793,0.0,0.0,0.0,0.0,0.8826704,2.395915,1.5415484,11.806592,0.0,0.0,0.0,13.813377,9.98209,0.0,0.0,0.0,0.0,0.0,1.3187412,0.0,0.0,0.0,0.0,13.343348,0.07568014,0.0,0.0,0.0,0.0,0.0,2.4045634,0.0,0.0,0.0,0.0,0.0,16.09271,0.0,0.0,0.0,0.0,0.0,11.836954,0.0,0.0,0.0,0.0,0.0,0.0,0.0,0.0,0.0,7.127269,0.0,0.0,0.0,0.0,2.9727857,0.0,7.5131755,0.0,0.0,0.0,0.0,0.0,0.0,1.8759121,0.0,0.0,0.0,0.0,0.0,0.0,0.0,0.0,0.2139908,4.155373,0.0,0.0,1.4269111,0.0,6.4446244,0.0,0.5822066,0.0,0.0,3.9753447,0.0,0.0,0.0,0.0,0.0,0.0,0.0,5.2860794,0.0,0.0,0.0,0.83775425,0.4075492,0.0,0.0,0.0,0.0,0.0,0.0,0.0,0.0,0.0,0.0,0.0,0.0,0.0,0.0,0.0,0.0,0.0
0.0,0.0,0.0,0.0,0.0,0.88767034,0.0,0.0,0.0,0.0,0.0,0.0,0.0,0.0,0.0,0.0,0.0,6.037054,0.69176316,0.0,0.0,0.0,0.0,0.0,0.0,0.0,0.0,0.39260453,0.0,0.0,0.0,0.0,0.0,0.0,0.0,11.418442,0.0,0.0,0.0,0.0,0.0,0.0,0.0,0.0,0.0,0.0,0.0,3.1764314,4.7569146,0.0,0.0,0.0,0.0,0.0,0.0,0.0,0.0,0.0,0.0,0.0,0.0,0.0,0.0,0.0,4.8145227,0.3027225,6.7175817,0.0,1.2380219,0.0,0.0,0.0,0.0,0.0,0.0,0.0,0.0,3.8339226,0.0,0.0,0.0,0.0,0.0,0.0,2.3495092,0.0,0.0,0.0,0.0,0.0,0.0,0.0,0.0,2.446476,7.6635375,0.0,0.0,0.0,4.042626,0.0,0.0,0.0,0.0,0.0,0.0,0.0,0.0,0.0,0.0,2.7788951,0.0,0.0,0.59976715,0.0,0.0,0.0,0.0,0.0,0.0,0.0,0.0,0.0,4.880127,0.0,0.0,0.0,0.0,0.0
0.0,0.0,0.0,0.0,0.0,0.0,0.0,0.0,0.0,0.0,0.0,0.0,0.0,0.0,0.0,0.0,0.0,6.6241074,0.0,0.0,0.0,0.0,0.0,0.0,0.0,0.0,0.0,0.0,0.0,0.0,0.0,0.0,0.0,0.0,0.0,0.0,4.818739,0.0,0.0,0.0,0.0,0.0,0.0,0.0,0.0,7.302499,0.0,13.595455,0.0,0.0,0.0,0.0,0.0,0.0,0.0,8.070406,0.0,0.0,0.0,0.0,0.0,0.0,0.0,9.603219,0.0,0.0,0.0,0.0,0.0,0.0,0.0,0.0,11.5297165,0.0,0.0,0.0,0.0,0.0,0.0,0.0,3.0452986,0.0,0.0,0.0,0.0,0.0,0.0,5.913874,0.0,0.0,0.0,2.9344451,10.117496,0.0,4.425783,0.0,0.0,0.0,0.0,0.0,0.0,0.0,0.0,0.0,0.0,0.0,0.0,0.0,0.0,3.5202196,0.42037925,0.0,0.0,0.0,0.0,0.0,0.0,0.0,0.0,0.0,0.0,0.0,0.0,0.0,0.0,0.0,0.0,0.0
0.0,0.0,0.0,4.7280264,0.0,0.0,4.5679116,0.0,0.0,0.0,2.028795,0.0,0.0,0.0,0.0,0.0,0.0,0.0,8.8203,0.0,0.0,0.0,8.246647,1.9624541,0.0,0.0,0.0,0.0,0.0,1.7556006,0.0,0.0,0.0,0.0,0.0,0.0,0.0,0.0,0.0,0.0,0.0,0.0,0.0,0.0,0.0,0.0,0.0,2.4004853,0.0,0.0,0.0,0.0,0.17443606,0.7320804,0.0,2.2652833,0.0,0.0,0.0,1.5823107,0.0,0.0,0.0,4.644966,0.0,2.4214253,0.0,0.0,0.0,0.0,0.0,0.0,0.0,0.0,0.0,0.0,0.0,4.4739847,0.0,0.0,0.0,0.0,0.0,0.0,2.2831345,0.0,4.112144,0.0,0.0,0.0,2.8513932,0.0,4.554104,0.0,0.5801832,0.0,0.0,4.1872764,0.0,0.0,0.0,0.0,0.0,0.0,0.0,7.630962,0.0,0.0,0.0,5.7211666,3.7058225,0.0,0.0,0.0,0.0,0.0,0.0,0.0,0.0,0.3431152,0.0,0.0,0.0,2.4891138,2.0966651,0.0,0.0,0.0
0.0,0.0,0.0,0.0,0.0,4.89163,0.0,0.0,0.0,0.0,0.0,0.0,0.0,0.0,0.0,0.0,0.0,9.158838,2.6100707,0.0,0.0,0.0,0.0,0.0,0.0,0.0,0.0,0.0,0.0,0.0,0.0,0.0,0.0,0.0,0.0,12.691809,0.0,0.0,0.0,0.0,0.0,0.0,0.0,0.0,0.0,0.0,0.0,12.989696,0.0,0.0,0.0,0.0,0.0,0.3293105,0.0,0.013928075,0.0,0.0,0.0,0.0,0.0,0.0,0.0,0.0,12.361662,0.0,7.193302,0.0,0.0,0.0,0.0,0.0,0.0,0.0,0.0,0.0,1.0906949,0.0,0.0,0.0,0.0,0.0,0.0,0.0,0.0,0.0,0.0,0.0,0.0,0.0,0.0,2.4560902,0.0,6.63947,3.315081,0.0,0.0,0.0,0.6656519,0.0,0.0,0.0,0.0,0.0,0.0,2.2875779,0.0,0.0,0.0,8.939344,0.0,0.0,0.0,0.0,0.0,0.0,0.0,0.0,0.0,0.0,0.0,0.0,3.575044,0.0,0.0,0.0,0.0,0.0
0.0,0.0,0.0,0.0,0.0,0.0,0.0,0.0,1.9327433,0.0,0.40611303,0.0,0.0,0.0,0.0,11.84839,4.93048,0.0,4.819531,0.0,0.0,0.0,0.0,0.26431757,0.0,0.0,0.0,0.0,0.0,0.0,4.4617777,0.0,0.0,1.0714515,0.0,0.0,0.0,0.0,0.0,0.0,0.0,0.0,0.0,0.0,0.0,0.0,0.0,2.372973,0.0,0.0,0.0,0.0,0.0,0.0,0.0,3.285596,0.0,0.0,0.0,0.0,0.0,0.0,0.0,0.0,0.0,0.57946754,3.2862017,0.0,0.0,0.0,0.8826636,0.0,0.0,0.0,0.0,0.0,7.619365,0.0,0.0,0.0,0.0,0.0,0.0,0.0,0.0,0.0,0.0,7.980907,0.0,0.0,1.2912906,6.3068404,0.0,2.0817895,0.0,0.0,0.0,3.347669,0.0,0.0,0.0,0.0,0.0,0.0,0.0,0.0,3.8180733,0.0,1.3998928,0.0,0.0,0.0,0.0,0.0,0.0,0.0,0.0,0.0,0.0,0.0,6.4036546,0.0,0.0,2.1321852,0.0,0.0,0.0,0.0
0.0,0.0,0.0,0.0,3.4917521,0.0,0.0,0.0,0.0,0.0,9.742528,0.0,0.0,0.0,0.0,9.08918,2.1084998,0.0,9.194054,0.0,0.0,0.0,0.0,4.1568084,0.0,0.0,0.0,0.0,0.0,0.0,0.0,0.0,0.0,0.0,19.738472,0.9425358,0.0,0.0,0.0,0.0,0.0,0.0,0.0,0.0,0.0,0.0,0.0,10.15184,0.0,0.0,0.0,0.0,0.0,12.610132,0.0,1.6799352,0.0,0.0,0.0,0.0,0.0,0.0,0.0,0.0,0.0,6.1327076,0.0,0.0,0.0,0.0,1.410833,0.0,0.0,0.0,0.0,0.0,0.0,0.9422125,0.0,0.0,0.0,0.0,0.0,0.0,0.0,0.0,0.0,7.412615,0.0,0.0,0.0,0.0,4.289409,0.0,0.0,0.0,0.0,4.4793334,5.175226,0.0,0.0,0.0,0.0,0.0,0.0,0.0,0.0,0.0,0.0,0.0,0.0,0.0,0.0,0.0,0.0,0.0,0.0,0.0,0.0,0.0,0.0,0.0,0.0,0.0,0.0,0.0,0.0,0.0
0.0,7.3747954,0.0,2.55648,0.0,0.0,0.0,0.0,0.0,0.0,0.0,0.0,0.0,0.0,0.0,0.0,2.520085,0.0,0.0,0.0,0.0,9.621351,0.0,0.0,0.0,0.0,0.0,14.082926,0.0,0.0,0.0,0.0,0.0,0.0,0.0,0.0,0.0,0.0,2.6177914,0.0,0.0,0.0,0.0,0.0,0.0,0.0,0.0,0.0,1.6594548,0.0,0.0,0.0,0.0,0.0,0.0,0.0,0.0,0.0,0.0,0.0,0.0,0.0,0.0,0.0,0.0,0.0,16.894285,0.0,0.0,0.0,0.0,0.0,0.0,0.0,0.0,0.0,0.0,0.0,0.0,0.0,0.0,0.0,0.0,0.0,0.0,0.0,0.0,0.0,0.0,0.0,0.0,0.0,0.0,0.0,0.0,0.21028273,0.0,9.958549,0.0,0.0,0.0,0.0,0.0,0.0,11.608673,0.0,0.0,0.0,0.0,0.0,0.0,0.0,0.0,0.0,8.961861,0.0,11.91757,0.0,0.0,0.0,0.0,0.0,6.2336593,0.0,0.0,0.0,0.0,0.0
0.0,0.0,0.0,0.0,0.0,0.0,0.0,0.0,0.0,0.0,6.78197,0.0,0.0,0.0,0.0,0.0,0.0,3.6708236,12.571181,0.0,0.0,0.0,5.9440026,4.4864297,0.0,0.0,0.0,0.0,0.0,0.0,0.0,0.0,0.0,0.0,8.365297,8.644742,0.0,0.0,0.0,0.0,0.0,0.0,0.0,0.0,0.0,0.0,0.0,15.56383,0.0,0.0,0.0,0.0,0.0,7.8926754,0.0,0.0,0.0,0.0,0.0,0.0,0.0,0.0,0.0,11.0169525,0.0,0.53978884,0.0,0.0,6.9359612,0.0,0.0,0.0,0.0,0.0,0.0,0.0,0.0,11.225722,0.0,0.0,0.0,0.0,1.7365184,0.0,0.30451533,0.0,0.0,0.0,0.0,0.0,0.0,0.0,12.431347,0.0,4.4852014,0.0,0.0,0.0,0.0,0.0,0.0,0.0,0.0,0.0,0.0,20.482634,0.0,0.0,0.0,5.407466,0.0,0.0,0.0,0.0,0.0,0.0,0.0,0.0,0.0,0.0,0.0,0.0,0.0,0.0,0.0,0.0,0.0,0.0
0.0,0.0,0.0,0.0,0.0,0.0,0.0,0.0,0.0,0.0,0.0,0.0,0.0,0.0,0.0,0.0,0.0,4.866958,0.7353085,0.0,0.0,0.0,0.0,0.0,0.0,0.0,0.0,0.0,0.0,0.0,0.0,0.0,0.0,0.0,0.0,5.321931,0.0,0.0,0.0,0.0,0.0,0.0,0.0,0.0,0.0,0.0,0.0,3.8543894,1.290789,0.0,0.0,0.0,0.0,0.0,0.0,0.0,0.0,0.0,0.0,0.0,0.0,0.0,0.0,0.0,6.5698214,0.0,5.3902874,0.0,0.0,0.0,0.0,0.0,0.0,0.0,0.0,0.0,0.0,0.0,0.0,0.0,0.0,0.0,0.0,0.0,2.3679712,0.0,0.0,0.0,0.0,0.0,0.0,4.0912523,0.0,2.202207,6.230223,0.0,0.0,0.0,5.495885,0.0,0.0,0.0,0.0,0.0,0.0,0.0,0.0,0.0,0.0,1.0219653,0.0,0.0,0.97649264,0.0,0.0,0.0,0.0,0.0,0.0,0.0,0.0,0.0,6.2665772,0.0,0.0,0.0,0.0,0.0
0.0,6.9439874,0.0,0.0,0.0,0.0,0.0,0.0,0.0,0.0,12.94747,0.0,0.0,0.0,6.786602,7.7853937,19.11448,0.0,0.0,0.0,0.0,1.1144198,0.0,1.9183805,0.0,0.0,0.0,0.0,0.0,0.0,0.0,0.0,0.0,0.0,1.6876618,0.0,0.0,0.0,0.0,0.0,5.257583,0.0,0.0,0.0,0.0,0.0,0.0,0.0,0.0,0.0,0.0,0.0,0.0,0.0,0.0,0.0,0.0,15.21029,0.0,0.0,0.0,0.0,0.0,8.423825,0.0,0.0,0.0,0.0,0.0,0.0,0.0,0.0,3.6571047,0.0,0.0,0.0,0.0,0.32329407,0.0,0.0,0.0,0.0,0.0,9.03474,0.0,0.0,0.0,0.0,0.0,0.0,0.0,0.0,0.0,4.2392955,0.0,0.0,0.0,3.989191,0.0,0.0,0.0,0.0,0.0,0.0,12.001941,0.0,0.0,0.0,14.308092,0.0,0.0,0.0,0.0,0.0,0.0,0.0,0.0,0.0,0.0,0.0,0.4093754,0.0,0.0,3.7911587,0.0,0.0,0.0,0.0
0.0,0.0,0.0,0.0,0.0,0.0,0.0,0.0,0.0,0.0,0.0,0.0,0.0,0.0,3.6608844,0.0,0.0,2.7179515,0.0,0.0,0.0,0.0,0.0,0.0,0.0,0.0,0.0,0.0,0.0,0.0,0.0,0.0,0.0,0.0,0.0,1.8736247,0.0,0.0,0.0,0.0,0.0,0.0,0.0,1.8804106,0.0,0.0,0.0,0.0,1.1165341,0.0,0.0,0.0,0.0,0.0,0.0,0.0,0.0,0.0,0.0,0.0,0.0,0.0,0.0,1.362004,1.6230687,0.31800693,2.8545167,0.0,0.0,0.0,0.0,0.0,3.3586826,0.0,0.0,0.0,0.0,2.1108704,0.0,0.0,0.0,0.0,0.0,0.0,0.0,0.0,0.0,0.0,0.6837888,0.0,0.0,2.1997197,0.0,5.823365,8.406502,0.0,0.0,0.0,7.1799536,0.0,0.0,0.0,0.0,0.0,0.0,0.0,0.0,0.0,0.0,0.7030808,0.0,0.0,0.0,0.0,0.30458403,0.0,0.0,0.0,0.0,0.0,0.0,0.0,5.027303,0.0,0.0,0.0,0.0,0.0
0.0,0.0,0.0,0.0,1.2614805,0.0,0.0,0.0,0.0,0.0,2.9052193,0.0,0.0,0.0,0.0,0.0,0.0,0.0,3.6652725,0.0,0.0,5.7753053,0.0,0.0,0.0,0.0,0.0,0.0,0.0,0.0,0.0,0.0,0.0,0.0,4.911756,0.0,0.0,0.0,0.0,0.0,0.0,0.0,0.0,0.0,0.0,0.0,0.0,0.0,0.0,0.0,0.0,0.0,0.0,3.9524398,0.0,0.0,0.0,0.0,0.0,0.0,0.0,0.0,0.0,4.2780647,0.0,6.5640054,0.0,0.0,0.0,0.0,0.0,0.0,0.0,0.0,0.0,0.0,0.0,3.6118383,0.0,0.0,0.0,0.0,0.73313713,2.92855,5.1327252,0.0,0.0,0.0,0.0,0.0,0.0,1.9209387,0.0,0.0,0.0,0.0,0.0,0.8299496,4.8180504,0.0,0.0,0.0,0.0,1.7892478,0.0,0.5772495,0.0,0.0,0.0,0.0,0.63886577,0.0,1.2424868,0.0,0.0,0.0,0.0,0.0,0.0,0.0,0.0,0.0,0.0,0.0,0.0,0.0,0.0,0.0
0.0,0.0,0.0,0.0,0.0,0.0,0.0,0.0,0.0,0.0,0.0,0.0,2.9454277,0.0,0.0,0.0,0.0,1.9716965,0.0,0.0,0.0,1.3257824,0.0,0.0,0.0,0.0,0.0,0.0,0.0,0.0,0.0,0.0,0.0,0.0,0.0,6.5136085,0.0,0.0,0.0,0.0,0.0,0.0,0.0,0.2101309,0.0,0.0,0.0,0.0,5.0961537,0.0,0.0,0.0,0.0,0.0,0.0,0.0,0.0,0.0,0.0,0.0,0.0,0.0,0.0,0.0,1.0873765,2.4046326,0.0,0.0,3.9362612,0.0,0.0,0.0,0.0,0.0,0.0,0.0,0.0,3.5231938,0.0,0.0,0.0,0.0,0.0,0.0,5.0293336,0.0,0.0,0.0,0.0,0.0,0.0,1.0615093,0.0,0.0,4.579224,0.0,0.0,0.0,9.525577,0.0,0.0,0.0,0.0,0.0,0.0,0.0,0.0,0.0,0.0,0.74668884,0.0,0.0,4.022821,0.0,0.0,0.0,0.0,0.0,0.0,0.0,0.0,0.0,3.9024832,0.0,0.0,0.0,0.0,0.0
0.0,0.0,0.0,0.0,0.0,0.0,0.0,0.0,0.0,0.0,10.580845,0.0,0.0,0.0,0.0,3.932737,0.0,0.0,0.0,0.0,0.0,0.0,0.0,6.1976056,0.0,0.0,0.0,0.0,0.0,1.1579196,0.0,0.0,0.0,0.0,0.0,0.0,0.0,0.0,0.0,0.0,0.0,0.0,0.0,0.0,0.0,0.0,0.0,10.623362,0.0,0.0,0.0,0.0,1.7472563,2.326572,0.0,20.382048,0.0,0.0,0.0,0.0,0.0,0.0,0.0,6.8021245,0.0,0.0,0.0,0.0,0.0,0.0,0.0,0.0,11.483582,0.0,0.0,0.0,0.0,0.0,0.0,0.0,11.331762,0.0,1.9383012,0.0,0.0,0.0,0.0,1.6196866,0.0,0.0,0.0,0.0,14.993823,0.0,0.0,1.2403007,0.0,0.0,0.0,0.0,0.0,0.0,0.0,0.0,0.0,1.5441203,0.0,0.0,0.0,3.7212036,0.15042247,0.0,0.0,0.0,0.0,0.0,0.0,0.0,0.0,0.0,0.0,0.0,0.0,0.0,0.0,0.0,0.0,0.0
0.0,0.0,0.0,0.0,0.0,0.7466625,0.0,0.0,0.0,0.0,0.0,0.0,0.0,0.0,0.0,0.0,0.0,5.5633535,0.5514028,0.0,0.0,0.0,0.0,0.0,0.0,0.0,0.0,0.0,0.0,0.0,0.0,0.0,0.0,0.0,0.0,6.4819617,0.0,0.0,0.0,0.0,0.0,0.0,0.0,0.0,0.0,0.0,0.0,1.7691234,3.0593784,0.0,0.0,0.0,0.0,0.0,0.0,0.0,0.0,0.0,0.0,0.0,0.0,0.0,0.0,0.0,4.5889883,1.3237444,5.96506,0.0,0.0,0.0,0.0,0.0,0.0,0.0,0.0,0.0,0.0,0.8107864,0.0,0.0,0.0,0.0,0.0,0.0,2.4601169,0.0,0.0,0.0,0.0,0.0,0.0,2.9619277,0.0,1.8984624,5.6020365,0.0,0.0,0.0,3.490675,0.0,0.0,0.0,0.0,0.0,0.0,0.0,0.0,0.0,0.0,0.73764783,0.0,0.0,0.20293297,0.0,0.0,0.0,0.0,0.0,0.0,0.0,0.0,0.0,5.27188,0.0,0.0,0.0,0.0,0.0
0.0,0.0,0.0,1.5110835,0.0,0.0,0.0,0.0,0.0,0.0,6.565222,0.0,0.0,0.0,0.0,2.6074376,0.0,0.0,3.7494068,0.0,0.0,0.0,0.0,0.0,0.0,0.0,0.0,0.0,0.0,1.7707716,0.0,0.0,0.0,0.0,1.3328711,0.9833464,0.0,0.0,0.0,0.0,0.0,0.0,0.0,0.0,0.0,0.0,0.0,0.0,0.0,0.0,0.0,0.0,5.9625654,2.0658042,0.0,2.5399384,0.0,0.0,0.0,0.0,0.0,0.0,0.0,2.8364599,0.0,5.6273627,0.0,0.0,0.0,0.0,0.0,0.0,0.0,0.0,0.0,0.0,0.0,8.803817,0.0,0.0,0.0,0.0,0.0,0.0,7.859368,0.0,0.0,0.0,0.0,0.0,0.0,0.0,6.145375,0.0,0.0,0.0,0.0,5.852622,0.5244384,0.0,0.0,0.0,0.0,0.0,4.7975764,10.166074,0.0,0.0,0.0,1.0163432,1.2883596,0.0,0.0,0.0,0.0,0.0,0.0,0.0,0.0,1.2926228,0.0,0.0,0.0,0.0,1.9531535,0.0,0.0,0.0
0.0,0.0,0.0,0.0,0.0,0.6593451,0.0,0.0,0.0,0.0,0.0,0.0,0.0,0.0,0.0,0.0,0.0,0.8151614,4.684599,0.0,0.0,1.6364335,0.0,0.0,0.0,0.0,0.0,4.5569,0.0,0.0,0.0,0.0,0.0,0.0,0.0,7.3152995,0.0,0.0,0.0,0.0,0.0,0.0,0.0,0.0,0.0,0.0,0.0,0.0,6.9394894,0.0,0.0,0.0,0.0,0.0,0.0,0.0,0.0,0.0,0.0,0.0,0.0,0.0,0.0,0.0,0.0,0.0,1.3270313,0.0,1.813991,0.0,0.0,0.0,0.0,0.0,0.0,0.0,0.0,0.0,0.0,0.0,0.0,0.0,0.0,0.0,4.388534,0.0,0.0,0.0,0.0,3.6786036,0.0,0.0,0.0,0.0,5.2657447,0.0,0.0,0.0,1.5939374,0.0,0.0,0.0,0.0,0.0,0.0,0.5214552,0.0,0.0,0.0,5.2410226,0.0,0.0,0.0,0.0,0.0,0.0,0.0,0.0,0.0,0.0,0.0,0.0,7.565309,0.0,0.0,0.0,0.0,0.0
0.0,0.0,0.0,0.0,1.0572741,0.0,0.0,0.0,0.0,0.0,12.527009,0.0,0.0,0.0,0.0,5.5235214,1.9608713,0.0,3.8962266,0.0,0.0,3.435409,0.0,5.1533513,0.0,0.0,0.0,0.0,0.0,0.0,0.0,0.0,0.0,0.0,0.61837584,0.0,0.0,0.0,0.0,0.0,0.0,0.0,0.0,0.0,0.0,0.0,0.0,0.0,0.0,0.0,0.0,0.0,1.8011066,3.8471472,0.0,0.0,0.0,0.0,0.0,0.0,0.0,0.0,0.0,2.1990595,0.0,7.0555687,0.0,0.0,0.0,0.0,0.0,0.0,0.0,0.0,0.0,0.0,0.0,1.7329674,0.0,0.0,0.0,0.0,0.0,0.0,1.5538094,0.0,0.3295318,0.0,0.0,0.0,0.0,0.0,0.26424965,0.0,0.0,0.21675386,0.0,9.864945,2.2267072,0.0,0.0,0.21037844,0.0,0.0,3.94546,2.652046,0.0,0.0,0.0,0.0,0.0,0.0,0.0,0.0,0.0,0.0,0.0,0.0,0.0,0.0,0.0,0.0,0.0,0.0,0.42375782,0.0,0.0,0.0
0.0,0.0,0.0,0.0,0.0,0.0,0.0,0.0,0.45076215,0.0,3.5034945,0.0,0.0,0.0,2.9521894,1.4375646,4.7809234,0.0,0.0,0.0,0.0,0.77129555,5.3329268,0.0,0.0,0.0,0.0,0.0,0.0,0.0,0.0,0.0,0.0,0.0,5.7007346,0.0,0.0,0.0,0.0,0.0,0.0,0.0,0.0,0.0,0.0,0.0,0.0,0.0,0.0,0.0,0.0,0.0,0.0,0.0,0.0,0.0,0.0,7.4554763,0.0,0.0,0.0,0.0,0.0,3.002762,0.0,3.7212007,0.0,0.0,0.0,0.0,0.0,0.0,6.4019527,0.0,0.0,0.0,0.0,7.284874,0.0,0.0,0.0,0.0,0.0,2.2813816,0.0,0.0,0.0,0.0,0.0,0.0,0.0,2.166938,0.0,0.0,0.0,0.0,0.0,0.0,0.0,0.0,0.0,0.0,0.0,0.0,6.6590266,0.0,0.0,0.0,4.85169,0.0,0.9809135,0.0,0.0,7.8782654,0.0,0.0,4.0571585,0.0,0.0,0.0,0.0,0.0,0.0,3.9913883,0.0,0.0,0.0,0.0
0.0,0.0,0.0,0.0,0.0,0.0,0.0,0.0,0.0,0.0,0.0,0.0,0.0,0.0,0.0,0.0,0.0,5.210645,2.7647264,0.0,0.0,0.0,0.0,0.0,0.0,0.0,0.0,0.0,0.0,0.0,0.0,0.0,0.0,0.0,0.0,9.355001,0.0,0.0,0.0,0.0,0.0,0.0,0.0,0.0,0.0,0.0,0.0,8.327505,0.0,0.0,0.0,0.0,0.0,0.25165868,0.0,0.0,0.0,0.0,0.0,0.0,0.0,0.0,0.0,0.0,8.593818,0.0,3.9334009,0.0,0.0,0.0,0.0,0.0,0.0,0.0,0.0,0.0,0.0,0.5880745,0.0,0.0,0.0,0.0,0.0,0.0,2.3251324,0.0,0.0,0.0,0.0,0.0,0.0,2.2217183,0.0,0.8227946,5.483623,0.0,0.0,0.0,7.0280533,0.0,0.0,0.0,0.0,0.0,0.0,0.6613707,0.0,0.0,0.0,3.050128,0.0,0.0,1.3994263,0.0,0.0,0.0,0.0,0.0,0.0,0.0,0.0,0.0,5.7009835,0.0,0.0,0.0,0.0,0.0
0.0,0.0,0.0,0.0,0.0,0.0,0.0,0.0,0.0,0.0,0.0,0.0,0.0,0.0,0.0,0.0,0.0,0.5680509,2.9151585,0.0,0.0,0.0,0.0,0.0,0.0,0.0,0.0,0.0,0.0,0.0,0.0,0.0,0.0,0.0,0.0,4.330352,0.0,0.0,0.0,0.0,0.0,0.0,0.0,0.0,0.0,0.0,0.0,3.1171217,0.0,0.0,0.0,0.0,0.0,4.356015,0.0,0.8100315,0.0,0.0,0.0,0.0,0.0,0.0,0.0,0.0,5.3836966,0.0,0.0,0.0,2.6413672,0.0,0.0,0.0,2.0329275,0.0,0.0,0.0,0.0,2.2328184,0.0,0.0,2.2381835,0.0,3.4018588,0.0,4.9379697,0.0,0.0,0.0,0.0,0.0,0.0,0.0,0.0,0.0,3.5738935,0.0,0.0,0.0,13.117712,0.0,0.0,0.0,0.0,0.0,0.0,2.1621192,0.0,0.0,0.0,2.4102218,1.5657756,0.0,3.6557248,0.0,0.0,0.0,0.0,0.0,0.0,0.0,0.0,0.0,3.3177938,0.0,0.0,0.0,0.0,0.0
0.0,0.0,0.0,0.0,0.0,4.054151,0.0,0.0,0.0,0.0,0.0,0.0,0.0,0.0,0.0,0.0,0.0,7.942748,0.0,0.0,0.0,0.0,0.0,0.0,0.0,0.0,0.0,0.0,0.0,0.0,0.0,0.0,0.0,0.0,0.0,10.62107,0.0,0.0,0.0,0.0,0.0,0.0,0.0,0.0,0.0,0.0,0.0,9.491492,0.0,0.0,0.0,0.0,0.0,0.0,0.0,0.0,0.0,0.0,0.0,0.0,0.0,0.0,0.0,0.0,11.014127,1.3300669,7.05642,0.0,0.0,0.0,0.0,0.0,0.0,0.0,0.0,0.0,0.0,0.0,0.0,0.0,0.0,0.0,0.0,0.0,0.0,0.0,0.0,0.0,0.0,0.0,0.0,9.265824,0.0,4.96493,0.0,0.0,0.0,0.0,2.632089,0.0,0.0,0.0,0.0,0.0,0.0,0.0,0.0,0.0,0.0,1.981003,0.0,0.0,0.0,0.0,0.0,0.0,0.0,0.0,0.0,0.0,0.0,0.0,0.0,0.0,0.0,0.0,0.0,0.0
0.0,0.0,0.0,0.0,0.0,0.0,0.0,0.0,0.0,0.0,0.0,0.0,0.0,0.0,1.9490945,0.0,0.0,0.0,3.523872,0.0,0.0,3.4038503,0.0,0.0,0.0,0.0,0.0,0.46771607,0.0,0.0,0.0,0.0,0.0,0.0,0.0,0.0,0.0,0.0,0.0,0.0,0.0,0.0,0.0,0.12346292,0.0,0.0,0.0,0.0,0.0,3.0765834,0.0,0.0,0.0,0.0,0.0,0.0,0.0,0.0,0.0,0.0,0.0,0.0,0.0,3.460679,0.0,5.815666,0.6992671,0.0,0.0,0.0,0.0,0.0,0.0,0.0,0.0,0.0,0.0,3.1903315,0.0,0.0,0.0,0.0,0.0,0.0,0.60937893,0.0,0.0,0.0,2.8734164,0.0,0.0,2.4773018,0.0,0.0,0.5300811,0.0,0.0,2.4588077,0.95865923,0.0,0.0,0.0,0.0,0.0,0.818663,0.85855675,0.12549222,0.0,0.0,0.0,0.0,0.0,0.0,0.0,0.0,0.0,0.0,0.0,0.0,1.4294183,0.0,0.0,0.0,0.0,0.27129608,0.0,0.0,0.0
0.0,0.0,0.0,0.0,0.0,1.1794524,0.0,0.0,0.0,0.0,0.0,0.0,0.16164921,0.0,0.0,0.0,0.0,0.0,0.0,0.0,0.0,0.0,0.0,0.0,0.0,0.0,0.0,0.0,0.0,0.0,0.0,0.0,0.0,0.0,0.0,3.2089686,0.0,0.0,0.0,0.0,0.0,0.0,0.0,0.0,0.0,0.0,0.0,0.0,0.0,0.0,0.0,0.0,0.0,1.257706,0.0,0.17300932,0.0,0.0,0.0,0.0,0.0,0.11283378,0.0,0.68287206,2.084547,0.0,0.0,0.0,3.849567,0.0,0.0,0.0,4.2908545,0.0,0.0,0.0,0.0,0.9289492,0.0,0.0,1.5320897,0.0,2.434551,0.0,6.368029,0.0,0.0,0.0,0.0,0.0,0.0,0.0,0.0,0.0,5.1031756,0.0,0.0,0.0,13.2561,0.0,0.0,0.0,0.0,0.0,0.0,0.0,0.0,0.0,0.0,5.4080415,2.7855003,0.0,2.177974,0.0,0.0,0.0,0.0,0.0,0.0,0.0,0.0,0.0,5.1917315,0.0,0.0,0.0,0.0,0.0
0.0,0.0,0.0,0.0,3.965528,0.0,0.0,0.0,0.0,0.0,7.5431757,0.0,0.0,0.0,1.6390196,2.8055253,6.7394967,0.0,0.0,0.0,0.0,1.1949574,0.0,0.0,0.0,0.0,0.0,0.0,0.0,0.0,0.0,0.0,0.0,0.0,4.3962393,0.6292836,0.0,0.0,0.0,0.0,2.917516,0.0,0.0,0.0,0.0,0.0,0.0,0.0,0.0,0.0,0.0,0.0,0.0,0.0,0.0,0.0,2.7193491,4.6905274,0.0,0.0,0.0,0.0,0.0,2.7606494,0.0,3.4715436,0.0,0.0,0.0,0.0,0.0,0.0,2.144987,0.0,0.0,0.0,0.0,1.5409192,0.0,0.0,0.0,0.0,0.0,5.09118,1.7174016,0.0,0.0,3.0603437,0.0,0.0,0.0,1.5519713,0.0,0.0,0.0,0.0,0.0,0.0,1.2182994,0.0,0.0,0.0,0.0,0.0,1.3454071,0.0,0.0,0.0,9.132381,0.0,0.0,0.0,0.0,1.0343382,0.0,0.0,0.0,0.0,0.0,0.0,0.0,0.0,0.0,0.0,0.0,0.0,0.31486276,0.0
0.0,0.0,0.0,0.0,0.0,0.0,0.0,0.0,0.0,0.0,0.0,0.0,0.0,0.0,0.0,1.4423436,0.0,1.8758198,0.0,0.0,0.0,0.0,0.0,0.47884643,0.0,0.0,0.0,0.0,0.0,0.0,0.0,0.0,0.0,0.0,3.2261689,1.7022264,2.016895,0.0,0.0,0.0,0.0,0.0,0.0,0.0,0.0,0.0,0.0,8.299985,0.0,0.0,0.0,0.0,0.0,5.716979,0.0,7.6450834,0.0,0.0,0.0,0.0,0.0,0.0,0.0,3.558178,0.19705091,1.0108451,0.0,0.0,2.980871,0.0,0.0,0.0,11.068622,0.0,0.0,0.0,0.0,6.783187,0.0,0.0,0.14450902,0.0,4.7453074,0.0,0.1983879,0.0,0.0,0.0,0.0,0.0,0.0,0.48234996,0.5922104,0.0,0.0,0.0,0.0,0.0,21.76386,0.0,0.0,0.0,0.0,4.300983,0.0,8.812818,0.0,0.0,0.0,3.2355742,0.50910306,0.0,0.0,0.0,0.0,0.0,0.0,0.0,0.0,0.0,0.0,0.0,0.0,0.0,0.0,0.0,0.0,0.0
0.0,0.0,0.0,0.0,0.0,0.0,0.0,0.0,0.0,0.0,0.0,0.0,0.0,0.0,0.0,0.0,0.0,3.3355699,1.3204757,0.0,0.0,0.0,0.0,0.0,0.0,0.0,0.0,0.0,0.0,0.0,0.0,0.0,0.0,0.0,0.0,6.47027,0.0,0.0,0.0,0.0,0.0,2.0507934,0.0,0.0,0.0,0.0,0.0,6.7815814,0.0,0.0,0.0,0.0,0.0,0.7409532,0.0,0.0,0.0,0.0,0.0,0.0,0.0,0.0,0.0,0.0,7.752406,0.0,1.6842856,0.0,0.0,0.0,0.0,0.0,0.0,0.0,0.0,0.0,0.0,0.0,0.0,0.0,0.0,0.0,0.0,0.0,0.14984703,0.0,0.0,0.0,0.0,0.0,0.0,1.1947331,0.0,1.0937196,7.2329473,0.0,0.0,0.0,6.20245,0.0,0.0,0.0,0.0,0.0,0.0,0.0,0.0,0.0,0.0,5.0182295,0.0,0.0,1.7206787,0.0,0.0,0.0,0.0,0.0,0.0,0.0,0.0,0.0,7.0972643,0.0,0.0,0.0,0.0,0.0
0.0,5.1181226,0.0,1.7995917,0.0,0.0,0.0,0.0,0.0,0.0,0.0,0.0,0.0,0.0,0.6944716,0.0,0.0,0.0,0.0,0.0,0.0,6.107986,0.0,0.0,0.0,0.0,0.0,6.440952,0.0,0.0,0.0,0.0,0.0,0.0,0.0,0.0,0.0,0.0,0.0,0.0,0.0,0.0,0.0,0.0,0.0,0.0,0.0,0.0,0.0,0.0,0.0,0.0,0.0,0.0,0.0,0.0,0.0,0.0,0.0,0.0,0.0,0.0,0.0,2.0488436,0.0,0.0,11.099763,0.0,0.0,0.0,0.0,0.0,0.0,0.0,0.0,0.0,0.0,0.0,0.0,0.0,0.0,0.0,0.0,0.0,0.0,0.0,0.0,0.0,0.0,0.0,0.0,0.0,0.0,5.7877407,0.0,0.0,0.0,1.5032178,0.0,0.0,0.0,0.0,0.0,0.0,6.6735816,0.0,0.0,0.0,0.0,0.0,0.0,0.0,0.0,0.0,7.434758,0.0,7.1705465,0.0,0.0,0.0,0.0,0.0,7.621061,0.0,0.0,0.0,0.0,0.0
0.0,0.0,0.0,0.0,0.0,0.0,0.0,0.0,0.0,0.0,7.38186,0.0,0.0,0.0,0.0,7.1853,0.0,10.951367,0.75441986,0.0,0.0,0.0,0.0,6.356805,0.0,0.0,0.0,0.0,0.0,0.0,0.0,0.0,0.0,0.0,16.440277,11.460744,0.0,0.0,0.0,0.0,0.0,5.613899,0.0,0.0,0.0,0.0,0.0,20.040041,0.0,0.0,0.0,0.0,0.0,8.643476,0.0,11.429532,0.0,0.0,0.0,0.0,0.0,0.0,0.0,0.0,0.0,0.10495797,0.0,0.0,0.0,0.0,0.5374367,0.0,2.0779452,0.0,0.0,0.0,0.0,3.9191546,10.686123,0.0,0.0,0.0,0.32344872,0.0,0.0,0.0,0.0,0.0,0.0,0.0,0.0,0.0,12.724077,0.0,0.0,0.0,0.0,0.0,7.118522,0.0,0.0,0.0,0.0,0.0,0.0,12.994127,0.0,0.0,0.0,3.3705614,0.0,0.0,0.0,0.0,0.0,0.0,0.0,0.0,0.0,0.0,0.0,0.0,0.0,0.0,0.0,0.0,0.0,0.0
0.0,0.0,0.0,0.0,0.0,0.0,0.0,0.0,0.0,0.0,0.0,0.0,0.0,0.0,0.0,0.0,0.0,6.891764,0.0,0.0,0.0,6.0334725,0.0,0.0,0.0,0.0,0.0,4.4326205,0.0,0.0,0.0,0.0,0.0,0.0,0.0,0.0,0.0,0.0,0.0,0.0,0.0,0.0,0.0,0.0,0.0,0.0,0.0,0.0,0.23247716,0.0,0.0,0.0,0.0,0.0,0.0,0.0,0.0,0.0,0.0,0.0,0.0,0.0,0.0,0.0,0.0,4.187598,7.028089,0.0,0.0,0.0,0.0,0.0,0.0,0.0,0.0,0.0,0.0,0.0,0.0,0.0,0.0,0.0,0.0,0.0,0.0,0.0,0.0,0.0,0.0,0.0,0.0,0.0,0.0,2.3923285,1.2862115,0.0,0.0,0.0,0.0,0.0,0.0,0.0,0.0,0.0,0.0,0.0,0.0,0.0,0.0,0.0,0.0,0.0,0.0,0.0,1.96088,0.0,4.545556,0.0,0.0,0.0,0.0,0.0,11.91021,0.0,0.0,0.0,0.0,0.0
0.0,0.0,0.0,0.0,0.0,0.47866613,0.0,0.0,0.0,0.0,0.0,0.0,0.0,0.0,0.0,0.0,0.0,2.6021395,3.9001257,0.0,0.0,0.0,0.0,0.0,0.0,0.0,0.0,0.0,0.0,0.0,0.0,0.0,0.0,0.0,0.0,6.625223,0.0,0.0,0.0,0.0,0.0,0.0,0.0,0.0,0.0,0.0,0.0,0.0,4.130359,0.0,0.0,0.0,0.0,0.0,0.0,0.0,0.0,0.0,0.0,0.0,0.0,0.0,0.0,0.0,1.3870866,0.0,5.606285,0.0,0.303301,0.0,0.0,0.0,0.0,0.0,0.0,0.0,0.0,0.09016085,0.0,0.0,0.0,0.0,0.0,0.0,0.10773614,0.0,0.0,0.0,0.0,0.0,0.0,0.0,0.0,5.086961,7.295406,0.0,0.0,0.0,0.8335494,0.0,0.0,0.0,0.0,0.0,0.0,0.0,0.0,0.0,0.0,4.882814,0.0,0.0,0.0,0.0,0.0,0.0,0.0,0.0,0.0,0.0,0.0,0.0,7.6913633,0.0,0.0,0.0,0.0,0.0
0.0,0.0,0.0,0.0,10.910047,0.0,0.0,0.0,0.0,0.0,18.88139,0.0,0.0,2.1805367,0.0,0.0,7.8875985,0.0,0.0,0.0,0.0,1.1480564,0.0,0.0,0.0,0.0,0.0,0.0,0.0,0.0,0.0,0.0,0.0,0.0,1.9427941,0.0,0.0,0.0,0.0,0.0,1.0727035,0.0,0.0,0.0,0.0,0.0,0.0,0.0,0.0,0.0,0.0,0.0,0.0,7.831815,0.0,0.0,5.091119,0.9089669,0.0,0.0,0.0,0.0,0.0,1.8803213,0.0,0.0,0.0,0.0,0.0,0.0,0.0,0.0,0.0,0.0,0.0,0.0,0.0,0.0,0.0,0.0,0.0,0.0,0.0,9.352698,4.2009916,0.0,0.0,0.0,0.0,0.0,0.0,0.0,0.0,0.0,0.0,13.632965,5.9833055,5.4532557,0.0,7.1118455,0.0,0.0,0.0,0.0,0.0,0.0,0.0,0.0,11.091392,0.0,0.0,0.0,0.0,0.0,8.724425,0.0,4.664293,0.0,0.0,0.0,0.0,0.0,0.0,0.0,0.0,0.0,0.0,0.0
0.0,0.0,0.0,0.0,0.0,0.0,0.0,0.0,0.0,0.0,0.0,0.0,0.0,0.0,0.0,3.8338122,0.0,0.0,7.4440527,0.0,0.0,0.0,3.1566684,0.0,0.0,0.0,0.0,0.0,0.0,0.0,0.0,0.0,0.0,0.0,0.0,3.9358096,0.0,0.0,0.0,0.0,0.0,1.7378019,0.0,0.0,0.0,0.0,0.0,9.045352,0.0,0.0,0.0,0.0,0.0,3.099412,0.0,0.2589484,0.0,0.0,0.0,0.0,0.0,0.0,0.0,0.0,4.9325457,0.0,0.0,0.0,1.5305814,0.0,0.0,0.0,0.0,0.0,0.0,0.0,0.0,0.0,0.0,0.0,0.0,0.0,0.0,0.0,4.7238946,0.0,0.0,0.0,0.0,0.0,4.5792503,0.0,4.1545277,0.0,4.680305,0.0,0.0,1.7345676,1.9828228,0.0,0.0,0.0,0.0,0.0,0.0,2.8985043,0.0,0.0,0.0,4.2479444,8.291878,0.0,0.0,0.0,0.0,0.0,0.0,0.0,0.0,0.0,0.0,0.0,2.5772402,0.0,0.0,0.0,0.0,0.0
0.0,0.0,0.0,0.0,0.0,0.0,0.0,0.0,0.0,0.0,1.876075,0.0,0.0,0.0,0.0,6.4328265,0.0,0.0,7.2579083,0.0,0.0,0.44606724,0.0,5.045714,0.0,0.0,0.0,0.0,0.0,0.0,0.0,0.0,0.0,0.0,2.1746063,0.0,0.0,0.0,0.0,0.0,0.0,0.0,0.0,0.0,0.0,0.0,0.0,1.7230706,0.0,0.0,0.0,0.0,0.0,11.14542,0.0,3.1446168,0.0,0.0,0.0,0.0,0.0,0.0,0.0,4.2381387,0.078536935,6.7276716,0.0,0.0,0.6984923,0.0,0.73293334,0.0,1.9445044,0.0,0.0,0.0,0.0,0.0,0.0,0.0,3.6102157,0.0,4.6277065,0.24602237,4.3167233,0.0,0.0,0.9904488,0.0,0.0,0.0,0.0,3.165544,0.0,0.0,0.0,0.0,0.8132377,12.580177,0.0,0.0,0.0,0.0,2.4653337,0.0,3.3250573,0.0,0.0,0.0,0.5098836,0.0,0.0,0.0,0.0,0.0,0.0,0.0,0.0,0.0,0.0,0.0,0.0,0.0,0.0,0.0,0.0,0.0,0.0
0.0,0.0,0.0,0.0,0.0,11.549683,0.0,0.0,0.0,0.0,0.0,0.0,0.0,0.0,0.0,0.0,0.0,4.689419,0.0,0.0,0.0,0.0,0.0,0.0,0.0,0.0,0.0,0.0,0.0,0.0,0.0,0.0,0.0,0.0,0.0,11.708432,0.0,0.0,0.0,0.0,0.0,0.0,0.0,0.0,0.0,0.0,0.0,8.151368,0.0,0.0,0.0,0.0,0.0,4.790083,0.0,1.5966108,0.0,0.0,0.0,0.0,0.0,0.0,0.0,0.0,14.240612,0.0,9.08358,0.0,0.0,0.0,0.0,0.0,10.808846,0.0,0.0,0.0,0.0,0.0,0.0,0.0,0.0,0.0,0.0,0.0,0.0,0.0,0.0,4.417732,0.0,0.0,0.0,2.923106,0.0,9.550989,9.518717,0.0,0.0,0.0,2.1335306,0.0,0.0,0.0,0.0,0.0,0.0,0.0,0.0,0.0,0.0,12.7012,0.0,0.0,0.0,0.0,0.0,0.0,0.0,0.0,0.0,0.0,0.0,0.0,0.0,0.0,0.0,0.0,0.0,0.0
0.0,0.0,0.0,0.0,0.0,0.0,0.0,0.0,0.0,0.0,0.0,0.0,0.0,0.0,0.0,11.654879,0.0,0.0,9.066524,0.0,0.0,0.0,2.589554,9.26862,0.0,0.0,0.0,0.0,0.0,0.68220025,0.0,0.0,0.0,0.0,0.0,0.48296764,0.0,0.0,0.0,0.0,0.0,0.0,0.0,0.0,0.0,0.0,0.0,11.722421,0.0,0.0,0.0,0.0,0.0,2.9057834,0.0,1.1369504,0.0,0.0,0.0,0.0,0.0,0.0,0.0,7.294371,0.0,0.0,0.0,0.0,11.584814,0.0,0.0,0.0,0.0,0.0,0.0,0.0,0.0,0.0,0.0,0.0,0.12863557,0.0,0.0,0.0,4.032038,0.0,0.0,1.0072083,0.0,0.0,0.0,0.0,12.745005,0.0,0.9605137,0.0,0.0,4.1167235,7.660642,0.0,0.0,0.0,0.0,0.0,0.0,8.875426,0.0,0.0,0.0,4.627557,0.0,0.0,0.0,0.0,0.0,0.0,0.0,0.0,0.0,0.0,0.0,0.0,0.0,0.0,0.0,0.0,0.0,0.0
0.0,0.0,0.0,0.0,0.0,0.0,0.0,0.0,0.0,0.0,4.217692,0.0,0.0,0.0,0.0,13.441402,0.0,6.2759075,6.7033134,0.0,0.0,0.0,0.0,5.6439366,0.0,0.0,0.0,0.0,0.0,5.8822393,0.0,0.0,0.0,0.0,3.9694402,0.8210054,0.0,0.0,0.0,0.0,0.0,0.0,0.0,0.0,0.0,0.0,0.0,11.374525,0.0,0.0,0.0,0.0,0.0,0.23255335,0.0,5.827981,0.0,0.0,0.0,0.0,0.0,0.0,0.0,0.0,1.5034635,7.2385664,0.0,0.0,0.0,0.0,1.150874,0.0,0.0,0.0,0.0,0.0,0.0,3.639942,0.0,0.0,0.0,0.0,0.0,0.0,0.0,0.0,1.5590231,0.0,0.0,0.0,0.24053803,3.0440364,2.463738,0.0,0.0,0.0,0.0,0.0,3.209698,0.0,0.0,0.0,0.0,0.0,0.0,3.3733742,0.0,0.0,0.0,0.63778836,0.0,0.0,0.0,0.0,0.0,0.0,0.0,0.0,0.0,0.0,0.0,0.0,0.0,1.2936718,0.0,0.0,0.0,0.0
0.0,0.0,0.0,0.0,0.0,0.0,0.0,0.0,0.0,0.0,5.9855776,0.0,0.0,0.0,0.0,9.806742,0.0,3.9355955,3.7274823,0.0,0.0,0.0,0.0,8.773832,0.0,0.0,0.0,0.0,0.0,0.0,0.19352353,0.0,0.0,0.0,8.692314,1.7337466,0.0,0.0,0.0,0.0,0.0,0.0,0.0,0.0,0.0,0.0,0.0,11.5301895,0.0,0.0,0.0,0.0,0.0,10.839548,0.0,11.52544,0.0,0.0,0.0,0.0,0.0,0.0,0.0,8.041581,1.5128901,9.878192,0.0,0.0,0.0,0.0,0.0,0.0,9.748021,0.0,0.0,0.0,0.0,2.466035,0.0,0.0,9.946648,0.0,12.894355,0.0,0.0,0.0,0.0,3.281499,0.0,0.0,0.0,0.0,9.023382,0.0,0.0,0.0,0.0,0.0,14.648982,0.0,0.0,0.0,0.0,0.0,0.0,6.041205,0.0,0.0,0.0,0.0,0.0,0.0,0.0,0.0,0.0,0.0,0.0,0.0,0.0,0.0,0.0,0.0,0.0,0.0,0.0,0.0,0.0,0.0
0.0,0.0,0.0,0.0,0.0,0.0,0.0,0.0,0.0,0.0,2.144477,0.0,0.0,0.0,0.0,5.309433,0.0,0.323886,6.3887687,0.0,0.0,0.0,6.976555,6.1905556,0.0,0.0,0.0,0.0,0.0,3.7876043,0.0,0.0,0.0,0.0,0.49653944,0.0,0.0,0.0,0.0,0.0,0.0,0.0,0.0,0.0,0.0,0.0,0.0,9.565172,0.0,0.0,0.0,0.0,0.0,7.561332,0.0,4.2322006,0.0,0.0,0.0,0.0,0.0,0.0,0.0,0.3715651,1.7442721,0.0,0.0,0.0,0.0,0.0,5.708113,0.0,0.0,0.0,0.0,0.0,0.0,0.0,0.0,0.0,0.0,0.0,0.0,0.0,0.0,0.0,0.15965201,2.3450696,0.0,0.0,3.601931,0.0,0.0,0.0,0.0,0.0,0.0,3.0137873,2.1865983,0.0,0.0,0.0,0.0,0.0,0.0,3.0226939,0.0,0.0,0.0,4.5339093,2.5920737,0.0,0.0,0.0,0.0,0.0,0.0,0.0,0.0,0.0,0.0,0.0,0.0,0.0,0.0,0.0,0.0,0.0
0.0,8.823328,0.0,8.9841,0.0,0.0,0.0,0.0,0.0,0.0,0.0,0.0,0.0,0.0,0.0,0.0,0.0,0.0,10.679405,0.0,0.0,1.6152178,0.0,0.0,0.0,0.0,0.0,6.599343,0.0,0.0,0.0,0.0,0.0,0.0,0.0,0.0,0.0,0.0,1.1394151,0.0,0.0,0.0,0.0,0.0,0.0,0.0,0.0,0.0,0.0,0.0,0.0,0.0,0.0,0.0,0.0,0.0,0.0,0.0,0.0,0.042231705,0.0,0.0,0.0,0.0,0.0,0.0,8.325681,0.0,0.0,0.0,0.0,0.0,0.0,0.0,0.0,0.0,5.5979204,0.0,0.0,0.0,0.0,0.0,0.0,0.0,0.0,0.0,0.0,0.0,0.0,0.0,0.0,0.0,0.0,0.0,0.0,15.808314,0.0,19.997143,0.0,0.0,0.0,0.0,0.0,0.0,0.090161204,0.0,0.0,0.0,0.0,0.0,0.0,0.0,0.0,0.0,7.590895,0.0,8.6527815,0.0,0.0,0.0,0.0,0.0,0.0,0.0,0.0,0.0,0.0,0.0
0.0,0.0,0.0,0.0,0.0,0.0,0.0,0.0,0.0,0.0,2.646865,0.0,0.0,0.0,0.0,8.636811,0.0,0.0,9.280894,0.0,0.0,0.0,0.0,0.19418345,0.0,0.0,0.0,0.0,0.0,0.0,0.0,0.0,0.0,0.0,0.53768885,3.2302256,0.0,0.0,0.0,0.0,0.0,0.0,0.0,0.0,0.0,0.0,0.0,7.90572,0.0,0.0,0.0,0.0,0.0,8.377369,0.0,4.526876,0.0,0.0,0.0,0.0,0.0,0.0,0.0,0.0,7.029804,1.1682181,0.0,0.0,0.0,0.0,0.0,0.0,0.0,0.0,0.0,0.0,0.0,0.0,0.0,0.0,10.224228,0.0,0.0,0.0,3.9116218,0.0,0.0,3.224321,0.0,0.0,0.0,0.0,3.0997546,0.0,0.9201647,0.0,0.0,1.757726,4.4664335,0.0,0.0,0.0,0.0,0.0,0.0,1.2622985,0.0,0.7928513,0.0,0.0,4.5834713,0.0,0.7940422,0.0,0.0,0.0,0.0,0.0,0.0,0.0,0.0,0.0,0.16872013,0.0,0.0,0.0,0.0,0.0
1.4901543,0.0,0.0,0.0,0.0,0.0,0.0,0.0,0.0,0.0,0.0,0.0,0.0,0.0,0.0,0.0,0.0,6.035447,7.415123,0.0,0.0,0.0,0.0,0.0,0.0,0.0,0.0,0.0,0.0,0.0,0.0,0.0,0.0,0.0,0.0,7.852124,0.0,0.0,0.0,0.0,0.0,0.0,0.0,0.0,0.0,0.0,0.0,4.457559,0.0,0.0,0.0,0.0,0.0,0.0,0.0,0.0,0.0,0.0,0.0,0.0,0.0,0.0,0.0,0.0,4.7590303,0.0,4.584493,0.0,0.0,0.0,0.0,0.0,0.0,0.0,0.0,0.0,0.0,0.0,0.0,0.0,0.0,0.0,0.0,0.0,0.5195309,0.0,0.0,0.0,0.0,0.0,0.0,0.4256602,0.0,5.297387,3.9888506,0.0,0.0,0.0,0.63252074,0.0,0.0,0.0,0.0,0.0,0.0,1.22273,0.0,0.0,0.0,3.6957235,0.0,0.0,0.0,0.0,0.0,0.0,0.0,0.0,0.0,0.0,0.0,0.0,9.6836815,0.0,0.0,0.0,0.0,0.0
0.0,0.0,0.0,0.0,0.0,0.0,0.0,0.0,0.0,0.0,5.4050884,0.0,0.0,0.0,0.0,0.0,0.0,4.368075,0.0,0.0,0.0,0.0,0.0,0.0,0.0,0.0,0.0,0.0,0.0,0.0,0.0,0.0,0.0,0.0,0.0,3.9838417,9.999866,0.0,0.0,0.0,0.0,0.0,0.0,0.0,0.0,0.0,0.0,15.523227,0.0,0.0,0.0,0.0,0.0,0.0,0.0,13.524204,0.0,0.0,0.0,0.0,0.0,0.0,0.0,0.0,1.5713941,0.0,0.0,0.0,0.0,0.0,0.0,0.0,10.719994,0.0,0.0,0.0,0.0,6.80209,3.2062511,0.0,9.643598,0.0,0.34132197,0.0,0.0,0.0,0.0,0.0,0.0,0.0,0.0,0.0,9.709242,0.0,1.9498789,0.0,0.0,0.0,2.3720026,0.0,0.0,0.0,0.0,0.0,0.5742468,10.091711,0.0,0.0,0.0,8.972106,0.0,0.0,0.12883155,0.0,0.0,0.0,0.0,0.0,0.0,0.0,0.0,0.0,6.210585,0.0,0.0,0.0,0.0,0.0
0.0,0.0,0.0,0.0,0.0,0.0,0.0,0.0,0.0,0.0,0.0,0.0,0.0,0.0,0.0,7.693373,0.0,2.7551188,4.356377,0.0,0.0,0.0,0.0,4.895733,0.0,0.0,0.0,0.0,0.0,9.008394,0.0,0.0,0.0,0.0,0.86540866,0.0,0.0,0.0,0.0,0.0,0.0,0.0,0.0,0.0,0.0,0.0,0.0,9.0610075,0.0,0.0,0.0,0.0,0.0,7.135963,0.0,8.148613,0.0,0.0,0.0,0.0,0.0,0.0,0.0,2.5096378,4.285363,1.0697945,0.0,0.0,1.2597945,0.0,0.0,0.0,0.0,0.0,0.0,0.85157067,0.0,0.0,0.0,0.0,0.0,0.0,0.0,0.0,10.807827,0.0,0.0,1.4269173,0.0,0.0,0.0,1.0106978,6.84876,0.0,0.0,0.0,0.0,0.0,13.065332,0.0,0.0,0.0,0.0,0.0,0.0,1.7459902,0.0,0.43225193,0.0,2.7784815,3.3545816,0.0,0.0,0.0,0.0,0.0,0.0,0.0,0.0,0.0,0.0,0.0,0.0,0.0,0.0,0.0,0.0,0.0
0.0,0.0,0.0,0.0,0.0,2.064089,0.0,0.0,0.0,0.0,0.0,0.0,1.0720862,0.0,0.0,0.0,0.0,0.0,2.2157118,0.0,0.0,3.7037377,0.0,0.0,0.0,0.0,0.0,4.5346074,0.0,0.0,0.0,0.0,0.0,0.0,0.0,7.114573,0.0,0.0,0.0,0.0,0.0,0.0,0.0,0.0,0.0,0.0,0.0,0.0,10.712104,0.0,0.0,0.0,0.0,0.0,0.0,0.0,0.0,0.0,0.0,0.0,0.0,0.0,0.0,0.0,0.0,0.0,1.3502867,0.0,2.4174669,0.0,0.0,0.0,0.0,0.0,0.0,0.0,0.0,0.0,0.0,0.0,0.0,0.0,0.0,0.0,6.288373,0.0,0.0,0.0,0.0,5.572726,0.0,0.0,0.0,0.0,6.592535,0.0,0.0,0.0,3.4737043,0.0,0.0,0.0,0.0,0.0,0.0,0.0,0.0,0.0,0.0,7.1647735,0.0,0.0,0.0,0.0,0.0,0.0,0.0,0.0,0.0,0.0,0.0,0.0,6.790495,0.0,0.0,0.0,0.0,0.0
0.0,0.0,0.0,0.0,0.0,2.1803448,0.0,0.0,0.0,0.0,0.0,0.0,0.0,0.0,0.0,0.0,0.0,7.4635134,0.0,0.0,0.0,0.0,0.0,0.0,0.0,0.0,0.0,0.0,0.0,0.0,0.0,0.0,0.0,0.0,0.0,7.969548,0.0,0.0,0.0,0.0,0.0,0.0,0.0,0.0,0.0,0.0,0.0,6.0197964,0.0,0.0,0.0,0.0,0.0,0.0,0.0,0.0,0.0,0.0,0.0,0.0,0.0,0.0,0.0,0.0,8.919782,0.84446186,8.142403,0.0,0.0,0.0,0.0,0.0,0.0,0.0,0.0,0.0,0.0,0.0,0.0,0.0,0.0,0.0,0.0,0.0,0.0,0.0,0.0,0.0,0.0,0.0,0.0,12.534903,0.0,8.691006,0.0,0.0,0.0,0.0,0.0,0.0,0.0,0.0,0.0,0.0,0.0,0.0,0.0,0.0,0.0,0.1972756,0.0,0.0,0.0,0.0,0.0,0.0,0.0,0.0,0.0,0.0,0.0,0.0,0.0,0.0,0.0,0.0,0.0,0.0
0.0,7.442041,0.0,18.950077,0.0,5.2369165,0.0,0.0,0.0,0.0,0.0,0.0,0.0,0.0,0.0,0.0,0.6495094,0.0,3.4219131,0.0,0.0,0.0,0.0,0.0,0.0,0.0,0.0,4.580581,0.0,0.0,0.0,0.0,0.0,0.0,0.0,0.0,0.0,0.0,0.0,0.0,0.0,0.0,0.0,0.0,0.0,0.0,0.0,0.0,0.0,0.0,0.0,0.0,0.0,0.0,0.0,0.0,0.0,0.0,0.0,0.0,0.0,0.0,0.0,4.279611,0.0,0.0,9.6705675,0.0,0.0,0.0,0.0,0.0,0.0,0.0,0.0,0.0,7.677531,0.0,0.0,0.0,0.0,0.0,0.0,0.0,0.0,0.0,0.0,0.0,0.0,0.0,0.0,0.0,0.0,5.929116,0.0,10.128019,0.0,7.689463,0.0,0.0,0.0,0.0,0.0,0.0,0.0,0.0,0.0,0.0,0.0,2.3424234,0.0,0.0,0.0,0.0,13.497944,0.0,6.2031226,0.0,0.0,0.0,0.0,0.0,3.837483,0.0,0.0,0.0,0.0,0.0
0.0,0.7769966,0.0,0.0,0.0,0.0,0.0,0.0,2.5007138,0.0,4.7335467,0.0,0.0,0.0,0.0,11.05467,6.974075,0.0,0.0,0.0,0.0,0.0,0.39155495,12.73254,0.0,0.0,0.0,0.0,0.0,0.045378856,0.0,0.0,0.0,0.0,0.0,0.0,0.0,0.0,0.0,0.0,0.05134429,0.0,0.0,0.0,0.0,0.0,0.0,1.4016625,0.0,0.0,0.0,0.0,0.0,0.0,0.0,2.018953,0.0,0.0,0.0,0.0,0.0,0.0,0.0,5.101541,0.0,0.0,0.0,0.0,0.0,0.0,0.0,0.0,0.0,0.0,0.0,0.0,0.0,0.0,0.0,0.0,0.0,0.0,0.0,4.2790313,0.0,0.0,0.0,5.9947963,0.0,0.0,0.0,0.0,4.8209586,0.0,0.0,0.0,0.0,6.4030714,0.0,0.0,0.0,0.0,0.0,0.0,0.0,0.0,0.0,0.0,3.2462106,0.0,0.0,0.0,0.0,0.0,0.0,0.0,0.0,0.0,0.0,0.0,1.2520499,0.0,0.0,1.0633376,0.0,0.0,0.5120522,0.0
0.0,5.4042616,0.0,1.6398989,0.0,0.0,0.0,0.0,0.0,0.0,0.0,0.0,0.0,0.0,0.0,0.0,5.1367264,0.0,0.0,0.0,0.0,12.4383545,0.0,0.0,0.0,0.0,0.0,9.083393,0.0,0.0,0.0,0.0,0.0,0.0,0.0,0.0,0.0,0.0,9.407475,0.0,0.0,0.0,0.0,0.0,0.0,0.0,0.0,0.0,2.4963944,0.0,0.0,0.0,0.0,0.0,0.0,0.0,0.0,0.0,0.0,0.0,0.0,0.0,0.0,0.0,0.0,0.0,10.700958,0.0,0.0,0.0,0.0,0.0,0.0,0.0,0.0,0.0,0.0,0.0,0.0,0.0,0.0,0.0,0.0,0.0,0.0,0.0,0.0,0.0,0.0,0.0,0.0,0.0,0.0,0.0,0.0,1.5316226,0.0,16.11917,0.0,0.0,0.0,0.0,0.0,0.0,17.738535,0.0,0.0,0.0,0.0,0.0,0.0,0.0,0.0,0.0,3.5425482,0.0,10.56855,0.0,0.0,0.0,0.0,0.0,0.0,0.0,0.0,0.0,0.0,0.0
0.0,0.0,0.0,0.0,0.0,8.959696,0.0,0.0,0.0,0.0,0.0,0.0,0.0,0.0,0.0,0.0,0.0,9.575595,0.0,0.0,0.0,0.0,0.0,0.0,0.0,0.0,0.0,0.0,0.0,0.0,0.0,0.0,0.0,0.0,0.0,0.0,0.0,0.0,0.0,0.0,0.0,0.0,0.0,0.0,0.0,0.0,0.0,17.01151,0.0,0.0,0.0,0.0,0.0,0.0,0.0,5.055022,0.0,0.0,0.0,0.0,0.0,0.0,0.0,0.0,4.8963556,0.0,14.25031,0.0,0.0,0.0,5.8045197,0.0,0.0,0.0,0.0,0.0,2.6703885,0.0,0.0,0.0,0.0,0.0,0.0,0.0,0.0,0.0,0.0,14.0772,0.0,0.0,0.0,7.3996177,0.0,16.986145,3.3309405,0.0,0.0,0.0,0.0,0.0,0.0,0.0,0.0,0.0,0.0,0.0,0.0,0.0,9.924339,12.672699,0.0,0.0,0.0,0.0,0.0,0.0,0.0,0.0,0.0,0.0,0.0,0.0,0.0,0.0,0.0,0.0,0.0,0.0
0.0,0.0,0.0,0.0,0.0,0.0,0.0,0.0,0.0,0.0,5.7594438,0.0,0.0,0.0,0.0,0.0,0.0,6.2024436,2.8160765,0.0,0.0,0.0,5.461361,0.0,0.0,0.0,0.0,0.0,0.0,4.7429266,0.0,0.0,0.0,0.0,8.597086,2.043642,0.0,0.0,0.0,0.0,0.0,0.0,0.0,0.0,0.0,0.0,0.0,15.870274,0.0,0.0,0.0,0.0,0.0,6.587783,0.0,11.108551,0.0,0.0,0.0,0.0,0.0,0.0,0.0,3.4645326,0.0,0.0,0.0,0.0,0.0,0.0,0.0,0.0,10.901901,0.0,0.0,0.0,0.0,11.269138,0.0,0.0,0.0,0.0,0.0,0.0,0.0,0.0,0.0,0.0,0.0,0.0,0.0,0.0,9.536846,0.0,0.0,0.0,0.0,0.0,0.11789769,0.0,0.0,0.0,0.0,0.0,0.0,12.43185,0.0,0.0,0.0,8.258815,0.0,0.0,0.0,0.0,0.0,0.0,0.0,0.0,0.0,0.0,0.0,0.0,0.0,0.0,0.0,0.0,0.0,0.0
0.0,0.0,0.0,0.0,0.0,0.0,0.0,0.0,0.0,0.0,1.7428889,0.0,0.0,0.0,0.0,0.0,0.0,0.0,3.5314164,0.0,0.0,0.0,0.0,0.0,0.0,0.0,0.0,0.0,0.0,0.0,0.0,0.0,0.0,0.0,0.0,1.7365668,0.0,0.0,0.0,0.0,0.0,0.718256,0.0,0.0,0.0,0.0,0.0,7.3812585,0.0,0.0,0.0,0.0,0.0,7.9899,0.0,7.6721444,0.0,0.0,0.0,0.0,0.0,0.0,0.0,0.0,2.6751373,0.0,0.0,0.0,2.7942245,0.0,0.0,0.0,6.4797196,0.0,0.0,0.0,0.0,1.5411289,2.471361,0.0,0.0,0.0,7.0676575,0.0,5.855131,0.0,0.0,0.0,0.0,0.0,0.0,0.0,1.611443,0.0,2.0992873,0.0,0.0,0.0,16.136322,0.0,0.0,0.0,0.0,3.1986022,0.0,9.401661,0.0,0.0,0.0,9.778387,1.9728615,0.0,0.0,0.0,0.0,0.0,0.0,0.0,0.0,0.0,0.0,0.0,0.4502535,0.0,0.0,0.0,0.0,0.0
0.0,0.0,0.0,0.0,0.0,0.0,0.0,0.0,0.0,0.0,0.0,0.0,0.0,0.0,0.0,13.09312,4.97401,6.319109,5.3219047,0.0,0.0,0.0,7.044292,9.506833,0.0,0.0,0.0,0.0,0.0,0.0,8.577635,0.0,0.0,0.0,13.431034,0.9244662,0.0,0.0,0.0,0.0,0.0,3.7776945,0.0,0.0,0.0,0.0,0.0,18.057743,0.0,0.0,0.0,0.0,0.0,2.075832,0.0,0.0,0.0,0.0,0.0,0.0,0.0,0.0,0.0,0.0,0.0,0.0,0.0,0.0,0.5217891,0.0,8.862619,0.0,0.0,0.0,0.0,0.0,4.0870113,0.23901577,0.0,0.0,0.0,0.0,0.0,0.0,0.0,0.0,0.0,9.135249,0.0,0.0,0.0,3.1019964,7.111856,0.0,0.0,0.0,0.0,0.0,0.0,0.0,0.0,0.0,0.0,0.0,0.0,0.0,0.0,0.0,0.0,0.0,0.0,0.0,0.0,0.6119788,0.0,0.0,0.0,0.0,0.0,0.0,0.0,0.0,0.0,0.0,0.0,0.0,0.0,0.0
0.0,0.0,0.0,0.0,0.0,0.0,0.0,0.0,0.0,0.0,0.0,0.0,0.0,0.0,0.0,0.0,0.0,3.0627449,5.8703814,0.0,0.0,0.0,0.0,0.0,0.0,0.0,0.0,3.3964498,0.0,0.0,0.0,0.0,0.0,0.0,0.0,13.370573,0.0,0.0,0.0,0.0,0.0,0.0,0.0,0.0,0.0,0.0,0.0,2.7747047,7.0907526,0.0,0.0,0.0,0.0,0.29455182,0.0,0.0,0.0,0.0,0.0,0.0,0.0,0.0,0.0,0.0,2.5100625,0.0,0.0,0.0,4.099636,0.0,0.0,0.0,0.0,0.0,0.0,0.0,0.0,3.6467223,0.0,0.0,1.5422802,0.0,0.0,0.0,7.803654,0.0,0.0,0.0,0.0,0.0,0.0,0.0,0.0,0.0,6.3505354,0.0,0.0,0.0,8.468965,0.0,0.0,0.0,0.0,0.0,0.0,3.3293495,0.0,0.0,0.0,3.1860204,0.0,0.0,4.4096503,0.0,0.0,0.0,0.0,0.0,0.0,0.0,0.0,0.0,7.791038,0.0,0.0,0.0,0.0,0.0
0.0,1.4875222,0.0,0.0,0.0,0.0,0.0,0.0,8.392128,0.0,3.504003,0.0,0.0,0.0,0.0,9.303129,7.3112316,0.0,5.593569,0.0,0.0,0.0,5.932252,8.057297,0.0,0.0,0.0,0.0,0.0,0.0,0.060793255,0.0,0.0,0.0,8.035506,0.0,0.0,0.0,0.0,0.0,0.0,0.0,0.0,0.0,0.0,0.0,0.0,4.335268,0.0,0.0,0.0,0.0,0.0,0.3135121,0.0,0.0,0.0,0.0,0.0,0.0,0.0,0.0,0.0,1.8108793,0.0,1.8821622,0.0,0.0,0.0,0.0,0.60871655,0.0,0.0,0.0,0.0,0.0,0.0,0.0,0.0,0.0,0.0,0.0,0.0,0.0,0.0,0.0,0.0,5.5610404,0.0,0.0,0.0,0.3987635,5.0440845,0.0,0.0,0.0,0.0,7.0394254,0.0,0.0,0.0,0.0,0.0,0.0,0.0,0.0,0.0,0.0,0.6363256,0.0,3.089899,0.0,0.0,5.054894,0.0,0.0,0.0,0.0,0.0,0.0,0.9630752,0.0,0.0,0.0,0.0,0.0,0.0,0.0
0.0,2.6710715,0.0,8.854343,0.0,0.0,0.0,0.0,0.0,0.0,0.0,0.0,0.0,0.0,0.0,0.0,6.3761826,0.0,0.0,0.0,0.0,2.8119574,0.0,0.0,0.0,0.0,0.0,10.924249,0.0,0.0,0.0,0.0,0.0,0.0,0.0,0.0,0.0,0.0,0.6613734,0.0,0.0,0.0,0.0,0.0,0.0,0.0,0.0,0.0,0.0,0.0,0.0,0.0,0.0,0.0,0.0,0.0,0.0,0.0,0.0,0.0,0.0,0.0,0.0,0.0,0.0,0.0,12.007765,0.0,0.0,0.0,0.0,0.0,0.0,0.0,0.0,0.0,4.1884813,0.0,0.0,0.0,0.0,0.0,0.0,0.0,0.0,0.0,0.0,0.0,0.0,0.0,0.0,0.0,0.0,0.16492851,0.0,9.977271,0.0,4.9984055,0.0,0.0,0.0,0.0,0.0,0.0,0.00038692728,0.0,0.0,0.0,0.135521,0.0,0.0,0.0,0.0,0.0,9.052229,0.0,15.697859,0.0,0.0,0.0,0.0,0.0,12.9158,0.0,0.0,0.0,0.0,0.0
0.0,0.0,0.37497443,2.6923132,0.0,0.0,0.0,0.0,0.0,0.0,0.0,0.0,0.0,0.0,1.878827,0.0,0.0,0.0,0.0,0.0,0.0,1.6570512,0.068359055,0.0,0.0,0.0,0.0,0.0,0.0,0.0,0.0,0.0,0.0,0.0,0.0,0.0,0.0,0.0,0.0,0.0,0.0,0.0,0.0,0.0,0.0,0.0,0.0,0.0,0.0,0.0,0.0,0.0,0.0,0.3870404,0.0,0.0,0.0,0.0,0.0,0.0,0.0,0.0,0.0,0.0,0.0,0.0,0.0,0.0,0.0,0.51311874,0.0,0.0,0.0,0.0,0.0,0.0,0.0,0.0,0.0,0.0,0.0,0.0,0.0,0.0,3.593505,0.0,0.0,0.0,0.0,0.0,0.0,0.0,0.0,0.0,2.1111293,5.469601,0.0,1.6996168,0.5628956,0.0,0.0,0.0,0.0,0.0,0.49261078,0.0,0.0,0.0,2.178426,0.0,3.9962497,0.0,0.0,0.0,2.0559363,0.0,1.560939,0.0,0.0,0.0,0.0,0.0,7.542682,0.0,0.5823936,0.0,0.0,0.0
0.0,8.766488,0.0,7.9827952,0.0,0.0,0.0,0.0,0.0,0.0,0.0,0.0,0.0,0.0,0.0,0.0,3.1768227,0.0,0.0,0.0,0.0,7.489497,0.0,0.0,0.0,0.0,0.0,2.4549725,0.0,0.0,0.0,0.0,0.0,0.0,0.0,0.0,0.0,0.0,0.0,0.0,0.0,0.0,0.0,0.0,0.0,0.0,0.0,0.0,0.0,0.0,0.0,0.0,0.0,0.0,0.0,0.0,0.41068375,0.0,0.0,0.0,0.0,0.0,0.0,3.825516,0.0,0.0,12.010115,0.0,0.0,0.0,0.0,0.0,0.0,0.0,0.0,0.0,0.0,0.0,0.0,0.0,0.0,0.0,0.0,0.0,0.0,0.0,0.0,0.0,0.0,0.0,0.0,0.0,0.0,3.3490977,0.0,0.0,0.0,3.1512547,0.0,0.0,0.0,0.0,0.0,0.0,12.160449,0.0,0.0,0.0,1.8316973,0.0,0.0,0.0,0.0,0.0,6.907099,0.0,8.998218,0.0,0.0,0.0,0.0,0.0,1.1798148,0.0,0.0,0.0,0.0,0.0
0.0,0.0,0.0,0.0,0.0,0.0,0.0,0.0,0.0,0.0,1.6336873,0.0,0.0,0.0,0.0,12.471577,0.0,0.34656528,6.9450426,0.0,0.0,0.0,0.0,5.261694,0.0,0.0,0.0,0.0,0.0,2.164073,0.0,0.0,0.0,0.0,0.6523695,0.0,0.0,0.0,0.0,0.0,0.0,0.0,0.0,0.0,0.0,0.0,0.0,4.115606,0.0,0.0,0.0,0.0,0.0,4.0785704,0.0,3.6056106,0.0,0.0,0.0,0.0,0.0,0.0,0.0,1.1336137,3.9344091,5.9856973,0.0,0.0,0.0,0.0,3.7231612,0.0,0.0,0.0,0.0,0.0,0.0,0.512364,0.0,0.0,1.7621766,0.0,0.0,0.0,0.0,0.0,0.0,2.0917795,0.0,0.0,0.0,2.7991157,0.0,0.0,0.0,0.0,0.0,1.1782819,5.1905437,0.0,0.0,0.0,0.0,0.0,0.0,1.0796328,0.10713274,0.0,0.0,0.0,0.0,0.0,0.0,0.0,0.0,0.0,0.0,0.0,0.0,0.0,0.0,0.0,0.0,0.4134431,0.0,0.0,0.0,0.0
0.0,0.0,0.0,0.0,0.0,0.0,0.0,0.0,0.0,0.0,2.5808337,0.0,0.0,0.0,0.0,2.6975696,3.7618961,0.0,8.365337,0.0,0.0,0.0,4.688154,4.017866,0.0,0.0,0.0,0.0,0.0,0.0,0.0,0.0,0.0,0.0,0.0,0.0,0.0,0.0,0.0,0.0,0.0,0.0,0.0,0.0,0.0,0.0,0.0,7.3008265,0.0,0.0,0.0,0.0,0.0,1.1373869,0.0,0.0,0.0,0.0,0.35726184,0.0,0.0,0.0,0.0,2.004051,1.9452473,0.0,0.0,0.0,0.0,0.0,3.3194845,0.0,0.0,0.0,0.0,0.0,3.3907018,0.0,0.0,0.0,0.0,0.0,1.9771736,0.0,0.0,0.0,7.1118464,2.1925793,0.0,0.0,3.194972,0.0,0.0,1.9328994,0.0,0.0,0.0,2.8213158,0.0,0.0,0.0,0.0,0.0,0.0,0.0,0.14030653,0.0,0.0,0.0,3.5923223,0.0,0.0,0.0,0.0,0.0,0.0,0.0,0.0,0.0,0.0,0.0,0.0,0.0,0.0,0.0,0.0,0.0,0.0
0.0,3.8565834,0.0,5.7767057,0.0,0.0,0.0,0.0,0.0,0.0,0.0,0.0,0.0,0.0,0.0,0.0,0.04620771,0.0,0.0,0.0,0.0,7.3272257,0.0,0.0,0.0,0.0,0.0,0.009536085,0.0,0.0,0.0,0.0,0.0,0.0,0.0,0.0,0.0,0.0,1.9679115,0.0,0.0,0.0,0.0,0.0,0.0,0.0,0.0,0.0,0.0,0.0,0.0,0.0,0.0,0.0,0.0,0.0,0.0,0.0,0.0,0.0,0.0,0.0,0.0,0.0,0.0,0.24704331,4.4375844,0.0,0.0,0.0,0.0,0.0,0.0,0.0,0.0,0.0,0.0,0.0,0.0,0.0,0.0,0.0,0.0,0.0,0.0,0.0,0.0,0.0,0.0,0.0,0.0,0.0,0.0,0.0,0.0,3.996131,0.0,0.22746737,0.0,0.0,0.0,0.0,0.0,0.0,4.7668386,0.0,0.0,0.0,3.4394338,0.0,0.0,0.0,0.0,0.0,3.5966496,0.0,8.050087,0.0,0.0,0.0,0.0,0.0,5.6750436,0.0,0.0,0.0,0.0,0.0
0.0,0.0,0.0,0.0,0.0,0.0,0.0,0.0,0.0,0.0,13.789078,0.0,0.0,0.0,0.0,4.9792986,0.0,0.0,1.0499456,0.0,0.0,0.0,0.0,11.760383,0.0,0.0,0.0,0.0,0.0,0.0,0.0,0.0,0.0,0.0,10.443041,4.4241614,0.0,0.0,0.0,0.0,0.0,0.0,0.0,0.0,0.0,0.0,0.0,5.755528,0.0,0.0,0.0,0.0,0.0,8.097985,0.0,0.86098784,0.0,0.0,0.0,2.4062793,0.0,0.0,0.0,15.845048,0.0,1.3348675,0.0,0.0,3.7006419,0.0,0.0,0.0,0.0,0.0,0.0,0.0,0.0,5.624543,0.0,0.0,0.0,0.0,0.0,0.0,3.845271,0.0,0.0,0.0,0.0,0.0,0.0,0.0,21.877394,0.0,0.0,0.0,0.0,8.882286,5.5685863,0.0,0.0,0.0,0.0,0.0,14.239751,18.072256,0.0,0.0,0.0,1.7401184,0.0,0.0,0.0,0.0,0.0,0.0,0.0,0.0,0.0,0.0,0.0,0.0,0.0,0.0,0.0,0.0,0.0,0.0
0.0,0.0,0.0,0.0,0.0,0.0,0.0,0.0,0.0,0.0,7.41106,0.0,0.0,0.0,0.0,2.4497662,0.0,0.0,0.12745225,0.0,0.0,0.0,0.0,3.435538,0.0,0.0,0.0,0.0,0.0,2.2153695,0.0,0.0,0.0,0.0,0.0,0.0,0.0,0.0,0.0,0.0,0.0,0.0,0.0,0.0,0.0,0.0,0.0,2.3705761,0.0,0.0,0.0,0.0,7.412324,2.8348064,0.0,6.809606,0.0,0.0,0.0,4.188621,0.0,0.0,0.0,7.215062,0.0,0.06547314,0.0,0.0,0.0,0.0,0.0,0.0,0.0,0.0,0.0,0.0,0.0,7.4038916,0.0,0.0,0.41458598,0.0,0.0,0.0,3.3100781,0.0,0.0,0.0,0.0,0.0,0.0,0.0,11.613202,0.0,0.0,0.0,0.0,6.9582925,2.0662706,0.0,0.0,0.0,0.0,0.0,8.451738,13.922743,0.0,0.0,0.0,6.8531127,0.0,0.0,0.0,0.0,0.0,0.0,0.0,0.0,0.0,0.0,0.0,0.0,0.0,1.1667638,0.20165133,0.0,0.0,0.0
0.0,0.0,0.0,0.0,0.0,0.0,0.0,0.0,0.0,0.0,4.222878,0.0,0.0,0.0,0.0,1.7658523,0.0,0.0,4.816736,0.0,0.0,3.7284784,0.0,5.9142065,0.0,0.0,0.0,0.0,0.0,0.0,0.0,0.0,0.0,0.0,1.877045,0.0,0.0,0.0,0.0,0.0,0.0,0.0,0.0,0.0,0.0,0.0,0.0,0.0,0.0,0.0,0.0,0.0,0.33122766,5.674644,0.0,0.0,0.0,0.0,0.0,0.0,0.0,0.0,0.0,10.470979,0.0,6.285361,0.0,0.0,0.45333666,0.0,0.0,0.0,1.686716,0.0,0.0,0.0,0.0,3.7237546,0.0,0.0,1.6827638,0.0,2.7558386,0.0,4.302487,0.0,0.0,0.0,0.0,0.0,0.0,0.0,5.0567045,0.0,0.0,0.0,0.0,5.339383,7.1654577,0.0,0.0,0.0,0.0,3.523407,3.9588115,7.9388657,0.0,0.0,0.0,1.7189182,0.0,0.0,0.0,0.0,0.0,0.0,0.0,0.0,0.0,0.0,0.0,0.0,0.0,0.0,0.0,0.0,0.0,0.0
0.46761927,0.0,0.0,0.0,0.0,0.0,0.0,0.0,0.0,0.0,0.0,0.0,0.0,0.0,0.0,0.0,0.0,3.926599,4.2938356,0.0,0.0,0.0,0.0,0.0,0.0,0.0,0.0,0.0,0.0,0.0,0.0,0.0,0.0,0.0,0.0,6.4790287,0.0,0.0,0.0,0.0,0.0,0.0,0.0,0.0,0.0,0.0,0.0,1.2422253,2.309044,0.0,0.0,0.0,0.0,0.0,0.0,0.0,0.0,0.0,0.0,0.0,0.0,0.0,0.0,0.0,2.8035793,0.0,4.451964,0.0,0.0,0.0,0.0,0.0,0.0,0.0,0.0,0.0,0.0,0.0,0.0,0.0,0.0,0.0,0.0,0.0,1.1309329,0.0,0.0,0.0,0.0,0.0,0.0,0.1554676,0.0,3.657764,4.8023515,0.0,0.0,0.0,1.4018141,0.0,0.0,0.0,0.0,0.0,0.0,0.0,0.0,0.0,0.0,2.6743042,0.0,0.0,0.0,0.0,0.0,0.0,0.0,0.0,0.0,0.0,0.0,0.0,7.4216347,0.0,0.0,0.0,0.0,0.0
0.0,8.688985,0.0,14.640833,0.0,0.0,0.0,0.0,0.0,0.0,0.0,0.0,0.0,0.0,0.0,0.0,12.63382,0.0,0.28182492,0.0,0.0,2.6443536,0.0,0.0,0.0,0.0,0.0,0.0,0.0,0.0,0.0,0.0,0.0,0.0,2.5930724,0.0,0.0,0.0,0.0,0.0,0.0,0.5732116,0.0,0.0,0.0,0.0,0.0,0.0,2.6615322,0.0,0.0,0.0,0.0,0.0,0.0,0.0,0.0,2.0302603,0.0,0.0,0.0,0.0,0.0,0.0,0.0,0.0,9.682276,0.0,0.0,0.0,0.0,0.0,0.0,0.0,0.0,0.0,13.027592,0.0,0.0,0.0,0.0,0.0,0.0,0.0,0.0,0.0,0.0,0.0,0.0,0.0,0.0,0.0,0.0,3.2032945,0.0,8.047452,0.0,11.228762,0.0,0.0,0.0,0.0,0.0,0.0,0.115305565,0.0,0.0,0.0,7.2300296,0.0,0.0,0.0,0.0,0.0,0.30247492,0.0,4.4845963,0.0,0.0,0.0,0.0,0.0,0.0,0.0,0.0,0.0,0.0,0.0
0.0,0.0,0.0,0.0,0.0,0.0,0.0,0.0,2.7552981,0.0,4.9611344,0.0,0.0,0.0,0.0,13.053233,2.0309684,0.0,9.021791,0.0,0.0,0.0,0.0,10.837705,0.0,0.0,0.0,0.0,0.0,1.3115805,1.3454453,0.0,0.0,0.0,0.056686644,0.0,0.0,0.0,0.0,0.0,0.0,0.0,0.0,0.0,0.0,0.0,0.0,5.175683,0.0,0.0,0.0,0.0,0.0,5.6526985,0.0,0.7338603,0.0,0.0,0.0,0.0,0.0,0.0,0.0,7.149672,1.1785829,2.7692726,0.0,0.0,0.0,0.0,4.8652496,0.0,0.0,0.0,0.0,0.0,0.0,0.0,0.0,0.0,0.42778844,0.0,0.0,0.0,0.0,0.0,0.0,7.8657417,0.0,0.0,1.9661983,0.03180058,3.1049242,0.0,0.0,0.0,0.0,5.495692,0.0,0.0,0.0,0.0,0.0,0.0,0.0,0.0,0.0,0.0,0.0,0.0,0.0,0.0,0.0,0.0,0.0,0.0,0.0,0.0,0.0,0.0,0.0,0.0,0.0,1.1049582,0.0,0.0,0.0,0.0
0.0,0.0,0.0,0.0,0.0,0.0,0.0,0.0,0.0,0.0,0.0,0.0,0.0,0.0,0.0,0.119887665,0.0,0.0,8.757124,0.0,0.0,1.2146667,0.0,0.0,0.0,0.0,0.0,0.0,0.0,0.0,0.0,0.0,0.0,0.0,5.844763,2.8218598,0.0,0.0,0.0,0.0,0.0,0.0,0.0,0.0,0.0,0.0,0.0,0.0,0.0,0.0,0.0,0.0,0.0,4.3890414,0.0,0.0,0.0,0.0,0.0,0.0,0.0,0.0,0.0,4.7773423,0.0,6.587298,0.0,0.0,2.358338,0.0,0.0,0.0,0.0,0.0,0.0,0.0,0.0,5.9867964,0.0,0.0,4.69227,0.0,0.0,0.0,5.4558616,0.0,0.0,0.0,0.0,0.0,0.0,2.67867,0.37669852,0.0,0.54116243,0.0,0.0,0.0,5.6503606,0.0,0.0,0.0,0.0,0.0,0.0,6.2077336,0.0,0.0,0.0,0.0,0.0,0.0,2.86737,0.0,0.0,0.0,0.0,0.0,0.0,2.6632166,0.0,0.0,0.0,0.0,0.0,0.0,0.0,0.0
0.0,1.2981427,0.0,3.9874067,0.0,0.0,0.0,0.0,0.0,0.0,0.0,0.0,0.0,0.0,0.012173826,0.0,0.0,0.0,0.0,0.0,0.0,0.8828065,0.0,0.0,0.0,0.0,0.0,0.5056626,0.0,0.0,0.0,0.0,0.0,0.0,0.0,0.0,0.0,0.0,0.0,0.0,0.0,0.0,0.0,0.0,0.0,0.0,0.0,0.0,0.0,0.0,0.0,0.0,0.0,0.0,0.0,0.0,8.095795,0.0,0.0,0.0,0.0,0.0,0.0,12.350947,0.0,0.0,0.0,0.0,0.0,0.0,0.0,0.0,0.0,0.0,0.0,0.0,0.0,0.0,0.0,0.0,0.0,0.0,0.0,0.0,0.0,0.0,0.0,0.0,0.0,0.0,0.0,0.0,0.0,0.0,0.0,2.671882,0.0,7.5459332,0.0,0.0,0.0,0.0,0.0,0.0,11.139361,0.0,0.0,0.0,0.0,2.6267369,0.0,0.0,0.0,0.0,9.461356,0.0,0.0,0.0,0.0,0.0,0.0,0.0,0.0,0.0,0.0,0.0,0.0,0.0
0.0,0.0,0.0,0.0,1.5156937,0.0,0.0,0.0,0.0,0.0,0.0,0.0,0.0,0.0,0.0,4.037763,0.0,4.4475236,7.0859222,0.0,0.0,0.0,1.4520525,0.0,0.0,0.0,0.0,0.0,0.0,4.8181543,0.0,0.0,0.0,0.0,3.9746735,1.9022809,0.0,0.0,0.0,0.0,0.0,0.0,0.0,0.0,0.0,0.0,0.0,8.071751,0.0,0.0,0.0,0.0,0.0,0.53880227,0.0,0.0,0.0,0.0,0.0,0.0,0.0,0.0,0.0,0.0,4.0588026,1.9510674,1.3210025,0.0,0.0,0.0,2.1825817,0.0,0.0,0.0,0.0,4.162271,0.0,1.8492352,0.0,0.0,0.0,0.0,0.0,0.0,0.0,0.0,0.0,2.434234,0.0,0.0,4.5134406,5.238542,0.0,0.0,0.0,0.0,0.0,0.0,1.933212,0.0,0.0,0.0,0.0,0.0,0.0,0.0,0.0,0.0,0.0,0.0,3.4263864,0.0,3.151543,0.0,0.0,0.0,0.0,0.0,0.0,0.0,0.0,0.0,0.89221346,0.0,0.0,0.0,0.0,0.0
0.0,0.0,0.0,0.0,0.0,0.0,0.0,0.0,0.0,0.0,0.0,0.0,0.0,0.0,0.0,0.0,0.0,2.1794136,2.3310497,0.0,0.0,0.0,0.0,0.0,0.0,0.0,0.0,0.0,0.0,0.0,0.0,0.0,0.0,0.0,0.0,7.961238,0.0,0.0,0.0,0.0,0.0,0.0,0.0,0.0,0.0,0.0,0.0,3.7458224,2.6675084,0.0,0.0,0.0,0.0,0.0,0.0,0.0,0.0,0.0,0.0,0.0,0.0,0.0,0.0,0.0,4.131072,0.0,2.9093473,0.0,2.1429255,0.0,0.0,0.0,0.0,0.0,0.0,0.0,0.0,3.1461136,0.0,0.0,0.0,0.0,0.0,0.0,2.0251288,0.0,0.0,0.0,0.0,0.0,0.0,0.0,0.0,3.2706687,7.3735785,0.0,0.0,0.0,5.471898,0.0,0.0,0.0,0.0,0.0,0.0,0.6783507,0.0,0.0,0.0,3.85125,0.0,0.0,0.39230156,0.0,0.0,0.0,0.0,0.0,0.0,0.0,0.0,0.0,5.562991,0.0,0.0,0.0,0.0,0.0
0.0,0.0,0.0,0.0,0.0,0.0,0.0,0.0,0.0,0.0,2.6954432,0.0,0.0,0.0,0.0,8.116625,0.0,1.2869794,5.819881,0.0,0.0,0.0,0.0,4.845941,0.0,0.0,0.0,0.0,0.0,0.0,0.0,0.0,0.0,0.0,12.983023,10.819012,0.0,0.0,0.0,0.0,0.0,0.0,0.0,0.0,0.0,0.0,0.0,9.594769,0.0,0.0,0.0,0.0,0.0,5.4642625,0.0,0.0,0.0,0.0,0.0,0.0,0.0,0.0,0.0,12.242644,0.0,7.139809,0.0,0.0,14.684309,0.0,0.0,0.0,0.0,0.0,0.0,0.0,0.0,14.071236,0.0,0.0,0.0,0.0,2.5762439,0.0,4.5832386,0.0,0.0,0.0,0.0,0.0,0.0,3.5741975,10.190798,0.0,0.0,0.0,0.0,0.10372016,8.037952,0.0,0.0,0.0,0.0,0.0,2.910684,20.304039,0.0,0.0,0.0,0.7004043,0.0,0.0,0.0,0.0,0.0,0.0,0.0,0.0,0.0,0.0,0.0,0.0,0.0,0.0,0.0,0.0,0.0,0.0
0.0,0.0,0.0,0.0,0.0,0.0,0.0,0.0,0.0,0.0,0.0,0.0,0.0,0.0,0.0,0.0,0.0,0.0,0.0,0.0,0.0,0.0,6.0562096,9.288931,0.0,0.0,0.0,0.0,0.0,0.0,0.0,0.0,0.0,0.0,0.0,0.0,0.0,0.0,0.0,0.0,0.0,0.0,0.0,0.0,0.0,0.0,0.0,0.0,0.0,0.0,0.0,0.0,0.0,5.5824876,0.0,0.0,0.0,0.0,0.0,0.0,0.0,0.0,0.0,10.060923,0.0,0.0,0.0,0.0,2.2825515,0.0,0.0,0.0,6.750664,0.0,0.0,0.0,0.0,0.061607175,0.0,0.0,0.0,0.0,0.0,0.0,1.9761242,0.0,0.0,1.7515892,0.0,0.0,0.0,0.0,7.8261204,0.0,0.0,0.0,0.0,4.8256006,13.988043,0.0,0.0,0.0,0.0,10.249132,8.254975,9.116076,0.0,0.0,0.0,4.9784284,0.0,0.0,0.0,0.0,0.0,0.0,0.0,0.0,0.0,0.0,0.0,0.0,0.0,0.0,0.0,0.0,0.0,0.0
0.0,4.9668837,0.0,0.0,8.591854,0.0,0.0,0.0,0.0,0.0,12.680167,0.0,0.0,0.0,0.0,7.6566405,11.369877,0.0,0.0,0.0,0.0,5.327188,0.0,1.8101343,0.0,0.0,0.0,0.0,0.0,0.0,0.0,0.0,0.0,0.0,5.6097755,0.27500063,0.0,0.0,3.8360856,0.0,0.0,0.0,0.0,0.0,0.0,0.0,0.0,0.0,0.0,0.0,0.0,0.0,0.0,0.7427255,0.0,0.0,0.0,3.4544864,0.0,0.0,0.0,0.0,0.0,0.0,0.0,0.45111135,0.0,0.0,0.0,0.0,0.0,0.0,0.0,0.0,0.0,0.0,0.0,0.0,0.0,0.0,0.0,0.0,0.0,0.051550947,0.0,0.0,0.0,0.0,0.0,0.0,0.0,0.0,0.0,0.0,0.0,5.094595,0.0,14.203464,0.0,0.0,0.0,3.0428724,0.0,0.0,3.5752366,0.0,0.0,0.0,3.8220603,0.0,0.0,0.0,0.0,2.8040583,0.13304925,0.0,0.0,0.0,0.0,0.0,0.0,0.0,0.0,0.0,0.0,0.0,0.0,0.0
0.0,0.0,0.0,0.0,0.0,0.0,0.0,0.0,2.0182245,0.0,1.31867,0.0,0.0,0.0,0.0,2.4996722,4.759788,0.0,1.0737778,0.0,0.0,0.0,7.8507576,6.9878373,0.0,0.0,0.0,0.0,0.0,0.0,0.0,0.0,0.0,0.0,0.0,0.0,0.0,0.0,0.0,0.0,0.3179068,0.0,0.0,0.0,0.0,0.0,0.0,3.1726608,0.0,0.0,0.0,0.0,0.0,0.0,0.0,0.0,0.0,0.0,0.0,0.84697056,0.0,0.0,0.0,6.0409565,0.0,0.0,0.0,0.0,0.0,0.0,0.0,0.0,0.707828,0.0,0.0,0.0,0.0,0.0,0.0,0.0,0.0,0.0,0.0,0.0,0.0,0.0,4.018534,3.5625746,0.0,0.0,0.7087549,0.0,0.0,0.0,0.0,0.0,0.0,4.8583164,0.0,0.0,0.0,0.0,0.0,0.0,0.0,0.0,0.0,0.0,0.0,0.53345037,0.76719403,0.0,0.0,0.0,0.0,0.0,0.0,1.7485546,0.0,0.0,0.0,0.0,0.0,1.7321382,0.0,0.0,0.0,0.0
0.0,0.0,0.0,0.0,0.0,0.112873845,0.0,0.0,0.0,0.0,0.7073785,0.0,0.0,3.7917788,0.0,0.0,0.0,0.0,10.927345,0.0,0.0,0.0,0.0,0.0,0.0,0.0,0.0,0.0,0.0,0.0,0.0,0.0,0.0,0.0,2.1891258,1.9747895,0.0,0.0,0.0,0.0,0.0,1.996942,0.0,0.0,0.0,0.0,0.0,4.2598596,0.0,0.0,0.0,0.0,0.0,0.0,1.9165986,2.9060943,0.0,0.0,9.7551775,0.47378293,0.0,0.0,0.0,0.0,0.0,0.0,1.3051038,0.0,0.0,0.0,0.0,0.0,0.0,0.0,0.0,0.0,3.8630126,6.629625,0.0,0.0,2.7486157,0.0,0.0,0.0,0.0,0.0,6.975426,0.0,0.0,0.0,0.6744416,0.0,0.0,0.0,0.0,0.0,0.0,0.2782788,0.0,0.0,0.0,0.0,0.0,0.0,0.0,0.0,0.0,0.0,0.0,1.5965492,0.0,0.0,0.0,0.0,0.0,0.0,0.0,0.0,0.0,0.0,1.0639414,0.0,0.0,0.0,0.28315243,0.0,0.0,0.0
0.0,0.0,0.0,0.0,0.0,0.0,0.0,0.0,0.0,0.0,0.0,0.0,0.0,0.0,7.7531285,0.0,0.0,0.0,0.0,0.0,0.0,1.94395,0.0,0.0,0.0,5.3320656,0.0,0.0,0.0,0.0,0.0,0.0,0.0,0.0,0.0,0.0,0.0,0.0,0.0,6.8083396,0.0,0.0,0.0,0.0,0.0,0.0,0.0,0.0,0.0,0.0,0.0,0.0,0.0,0.0,0.0,0.0,2.4539382,0.0,0.0,0.0,0.0,0.0,0.0,10.797731,0.0,0.49958745,0.0,0.0,0.0,0.0,0.0,0.0,0.73952794,0.0,0.0,0.0,0.0,4.866302,0.0,0.0,0.0,0.0,0.0,0.0,0.72663134,0.0,0.0,0.0,4.21,0.0,0.0,5.911938,0.0,0.0,14.223521,0.0,0.0,0.0,14.388864,0.0,0.0,0.0,0.0,0.0,2.6926715,0.0,0.0,0.0,0.0,0.0,0.0,0.0,0.0,0.0,0.0,0.0,0.0,0.0,0.0,0.0,0.0,0.0,2.8733308,0.0,9.982218,0.0,0.0,0.0
0.0,0.0,0.0,0.0,0.0,0.0,0.0,0.0,0.0,0.0,2.3008516,0.0,0.0,0.0,0.0,0.28943378,0.0,0.0,0.0,0.0,0.0,0.0,2.7595208,3.8461757,0.0,0.0,0.0,0.0,0.0,0.0,0.0,0.0,0.0,0.0,0.0,0.0,0.50854856,0.0,0.0,0.0,0.0,0.0,0.0,0.0,0.0,0.0,0.0,6.791999,0.0,0.0,0.0,0.0,0.0,0.0,0.0,12.179102,0.0,0.0,0.0,0.0,0.0,0.0,0.0,3.8567715,0.0,0.0,0.0,0.0,0.0,0.0,0.0,0.0,18.587116,0.0,0.0,0.0,0.0,6.9602103,0.0,0.0,0.0,0.0,0.0,3.18422,0.0,0.0,0.0,0.18674769,0.0,0.0,0.0,0.0,5.7871146,0.0,0.0,0.0,0.0,0.0,12.401029,0.0,0.0,0.0,0.0,1.4634564,8.26331,7.214653,0.0,0.0,0.0,4.5763597,0.0626861,0.0,0.0,0.0,0.0,0.0,0.0,0.0,0.0,0.0,0.0,0.0,0.0,0.704194,0.0,0.0,0.0,0.0
0.0,0.0,0.0,0.0,0.0,0.0,0.0,0.0,0.0,0.0,0.0,0.0,0.0,0.0,0.0,0.0,0.0,2.9460373,4.052012,0.0,0.0,0.0,0.0,0.0,0.0,0.0,0.0,1.1548824,0.0,0.0,0.0,0.0,0.0,0.0,0.0,10.009267,0.0,0.0,0.0,0.0,0.0,0.0,0.0,0.0,0.0,0.0,0.0,2.7044928,4.993585,0.0,0.0,0.0,0.0,0.0011576889,0.0,0.0,0.0,0.0,0.0,0.0,0.0,0.0,0.0,0.0,2.4813585,0.0,1.7842089,0.0,2.2608113,0.0,0.0,0.0,0.0,0.0,0.0,0.0,0.0,3.0878417,0.0,0.0,0.0,0.0,0.0,0.0,3.5397272,0.0,0.0,0.0,0.0,0.0,0.0,0.0,0.0,0.12825155,6.5498004,0.0,0.0,0.0,5.0641227,0.0,0.0,0.0,0.0,0.0,0.0,1.9535565,0.0,0.0,0.0,3.6912029,0.0,0.0,1.8004327,0.0,0.0,0.0,0.0,0.0,0.0,0.0,0.0,0.0,6.308573,0.0,0.0,0.0,0.0,0.0
0.0,0.0,0.0,1.540697,0.0,0.0,0.0,0.0,0.0,0.0,0.78414226,0.0,0.0,0.0,0.0,0.0,0.0,0.0,10.485669,0.0,0.0,0.15293697,2.1240516,0.0,0.0,0.0,0.0,0.0,0.0,0.0,0.0,0.0,0.0,0.0,3.0755577,0.0,0.0,0.0,0.0,0.0,0.0,0.0,0.0,0.0,0.0,0.0,0.0,0.0,0.0,0.0,0.0,0.0,0.0,0.0,2.900858,0.0,0.0,0.0,0.30138928,1.7542644,0.0,0.0,0.0,0.0,0.0,3.3779132,0.5349175,0.0,0.0,0.0,0.0,0.0,0.0,0.0,0.0,0.0,2.249278,1.4377319,0.0,0.0,0.0,0.0,0.0,0.0,0.0,0.0,1.0692695,0.0,0.0,1.4830484,0.0,0.0,5.8270454,0.0,0.0,0.0,0.0,4.46202,0.0,0.0,0.0,0.0,0.0,0.0,0.0,4.156062,0.0,0.0,0.0,0.0,0.9851716,0.0,0.0,0.0,0.0,0.0,0.0,0.0,0.0,3.9332252,0.0,0.0,0.0,0.0,0.0,0.0,0.0,0.0
0.0,0.0,0.0,0.0,3.9137452,0.0,0.0,0.0,0.0,0.0,5.594166,0.0,0.0,3.4559965,0.0,0.0,0.0,0.0,6.0576663,0.0,0.0,0.0,0.0,0.0,0.0,0.0,0.0,0.0,0.0,1.2288002,0.0,0.0,0.0,1.7698462,6.558193,2.228204,0.0,0.0,0.0,0.0,0.0,3.942283,0.0,0.0,0.0,0.0,0.0,8.152158,0.0,0.0,0.0,0.0,0.0,3.9917245,0.0,5.501273,0.0,0.0,0.0,0.0,0.0,0.0,0.18702137,0.0,3.562094,3.722711,0.0,0.0,0.0,0.0,0.0,0.0,0.0,0.0,0.0,0.0,0.0,0.0,0.0,0.0,0.0,0.0,0.33581147,4.1154118,4.1657124,0.0,0.0,2.9717062,0.0,0.0,0.0,0.21680069,0.0,0.0,0.0,0.0,0.0,0.0,2.5003934,0.0,0.0,0.0,0.0,0.0,0.0,0.0,0.0,0.0,6.9750285,0.0,0.0,0.0,2.0672843,0.0,0.0,0.0,0.0,0.0,0.0,0.0,0.0,0.0,1.1323519,0.0,0.0,0.0,0.0,0.0
0.0,0.0,0.0,0.0,0.0,0.0,0.0,0.0,0.0,0.0,0.0,0.0,0.0,0.0,0.0,8.788136,0.0,2.1985571,6.8799143,0.0,0.0,0.0,0.0,4.846132,0.0,0.0,0.0,0.0,0.0,4.701165,0.0,0.0,0.0,0.0,0.0,0.0,0.0,0.0,0.0,0.0,0.0,0.0,0.0,0.0,0.0,0.0,0.0,8.099491,0.0,0.0,0.0,0.0,0.0,4.8859205,0.0,3.2742295,0.0,0.0,0.0,0.0,0.0,0.0,0.0,2.8770506,6.0499153,1.2671679,0.0,0.0,2.733582,0.0,1.706693,0.0,0.0,0.0,0.0,0.0,0.0,0.0,0.0,0.0,0.0,0.0,0.0,0.0,3.3364136,0.0,0.0,2.773637,0.0,0.0,0.0,2.8599558,2.2142348,0.0,0.0,0.0,0.0,0.0,9.59502,0.0,0.0,0.0,0.0,0.0,0.0,1.8624701,0.0,0.0,0.0,2.0152564,0.9764023,0.0,0.0,0.0,0.0,0.0,0.0,0.0,0.0,0.0,0.0,0.0,0.0,0.0,0.0,0.0,0.0,0.0
0.0,6.785014,0.0,10.669221,0.0,0.0,0.0,0.0,0.0,0.0,0.0,0.0,0.0,0.0,0.0,0.0,0.0,0.0,0.0,0.0,0.0,2.158776,0.0,0.0,0.0,0.0,0.0,0.0,0.0,0.0,0.0,0.0,0.0,0.0,0.0,0.0,0.0,0.0,0.0,0.0,0.0,0.0,0.0,0.0,0.0,0.0,0.0,0.0,0.0,0.0,0.0,0.0,0.0,0.0,0.0,0.0,0.0,0.0,0.0,0.0,0.0,0.0,0.0,2.183191,0.0,0.0,4.6467834,0.0,0.0,0.0,0.0,0.0,0.0,0.0,0.0,0.0,1.5424874,0.0,0.0,0.0,0.0,0.0,0.0,0.0,0.0,0.0,0.0,0.0,0.0,0.0,0.0,0.0,0.0,3.3757625,0.0,6.9662304,0.0,3.2048318,0.0,0.0,0.0,0.0,0.0,0.0,3.6600225,0.0,0.0,0.0,0.66542345,0.0,0.0,0.0,0.0,0.0,7.549005,0.0,6.4005156,0.0,0.0,0.0,0.0,0.0,3.656048,0.0,0.0,0.0,0.0,0.0
0.0,13.743326,0.0,8.656742,0.0,0.0,0.0,0.0,0.0,0.0,0.0,0.0,0.0,0.0,0.0,0.0,6.860355,0.0,0.0,0.0,0.0,5.6083183,0.0,0.0,0.0,0.0,0.0,10.239964,0.0,0.0,0.0,0.0,0.0,0.0,0.0,0.0,0.0,0.0,10.187324,0.0,0.0,0.0,0.0,0.0,0.0,0.0,0.0,0.0,2.945369,0.0,0.0,0.0,0.0,0.0,0.0,0.0,0.0,0.0,0.0,0.0,0.0,0.0,0.0,0.9978594,0.0,0.0,16.500534,0.0,0.0,0.0,0.0,0.0,0.0,0.0,0.0,0.0,0.0,0.0,0.0,0.0,0.0,0.0,0.0,0.0,0.0,0.0,0.0,0.0,0.0,0.0,0.0,0.0,0.0,0.0,0.0,1.8804498,0.0,15.670695,0.0,0.0,0.0,0.0,0.0,0.0,10.881359,0.0,0.0,0.0,0.0,0.184195,0.0,0.0,0.0,0.0,13.657444,0.0,6.4423537,0.0,0.0,0.0,0.0,0.0,0.0,0.0,0.0,0.0,0.0,0.0
0.0,0.0,0.0,0.0,0.0,0.0,0.0,0.0,0.0,0.0,9.854935,0.0,0.0,0.0,0.0,10.197524,0.0,0.0,13.266234,0.0,0.0,0.0,0.0,6.266517,0.0,0.0,0.0,0.0,0.0,4.7426667,0.0,0.0,0.0,0.0,16.334188,1.2739998,0.0,0.0,0.0,0.0,0.0,0.0,0.0,0.0,0.0,0.0,0.0,4.8793473,0.0,0.0,0.0,0.0,0.0,6.7156672,0.0,0.0,0.0,0.0,0.0,0.0,0.0,0.0,0.0,11.022224,0.0,8.318353,0.0,0.0,0.0,0.0,0.0,0.0,0.0,0.0,0.0,0.0,0.0,8.609378,0.0,0.0,0.0,0.0,0.0,0.0,1.525303,0.0,0.0,0.0,0.0,0.0,1.5422068,0.0,10.495905,0.0,0.0,0.0,0.0,5.572941,0.0,0.0,0.0,0.0,0.0,0.0,0.0,9.178529,0.0,0.0,0.0,0.0,0.0,0.0,0.0,0.0,0.0,0.0,0.0,0.0,0.0,0.0,0.0,0.0,0.0,0.72837216,0.0,0.0,0.0,0.0
0.0,0.0,0.0,0.0,0.0,0.0,0.0,0.0,0.0,0.0,0.0,0.0,0.0,0.0,0.0,4.404093,0.0,0.0,2.819939,0.0,0.0,0.0,0.0,7.293906,0.0,0.0,0.0,0.0,0.0,0.0,1.6137338,0.0,0.0,0.0,0.0,0.0,0.0,0.0,0.0,0.0,0.0,3.6205664,0.0,0.0,0.0,0.0,0.0,11.999439,0.0,0.0,0.0,0.0,0.0,6.4427977,0.0,6.7334223,0.0,0.0,0.0,0.0,0.0,0.0,0.0,2.2801921,7.3590136,0.0,0.0,0.0,0.50090384,0.0,2.6007452,0.0,3.163471,0.0,0.0,0.0,0.0,0.0,0.0,0.0,4.6937933,0.0,1.018056,1.1854081,0.0,0.0,0.0,10.1664095,0.0,0.0,0.0,0.0,4.6820292,0.0,3.5529897,0.0,0.0,0.0,6.3364353,0.0,0.0,0.0,0.0,0.0,0.0,0.0,0.0,0.0,0.0,2.0666468,3.3182003,0.0,0.0,0.0,0.0,0.0,0.0,0.0,0.0,0.0,0.0,0.0,0.0,0.0,0.0,0.0,0.0,0.0
0.0,0.0,0.0,0.0,0.0,0.0,0.0,0.0,0.0,0.0,0.0,0.0,0.0,0.0,0.0,4.4158626,0.0,0.0,0.0,0.0,0.0,0.0,0.0,3.7138975,0.0,0.0,0.0,0.0,0.0,0.0,0.0,0.0,0.0,0.0,2.6069772,0.0,0.09767741,0.0,0.0,0.0,0.0,0.0,0.0,0.0,0.0,0.0,0.0,8.83303,0.0,0.0,0.0,0.0,0.0,3.9534755,0.0,9.397673,0.0,0.0,0.0,0.0,0.0,0.0,0.0,3.645171,0.0,1.4777086,0.0,0.0,0.0,0.0,0.0,0.0,12.6664095,0.0,0.0,0.0,0.0,5.3709865,0.0,0.0,0.0,0.0,2.1565485,0.0,0.0,0.0,0.0,2.29966,0.0,0.0,0.0,0.0,3.2616467,0.0,0.0,0.0,0.0,0.0,19.906683,0.0,0.0,0.0,0.0,3.5722666,2.824099,7.779359,0.0,0.0,0.0,1.8443434,0.0,0.0,0.0,0.0,0.0,0.0,0.0,0.0,0.0,0.0,0.0,0.0,0.0,0.0,0.0,0.0,0.0,0.0
0.0,0.0,0.0,0.0,0.0,0.0,0.0,0.0,0.0,0.0,0.0,0.0,0.0,0.0,0.0,6.8091116,0.0,0.0,0.0,0.0,0.0,0.0,0.0,0.0,0.0,0.0,0.0,0.0,0.0,2.7937722,0.0,0.0,0.0,0.0,0.0,0.0,0.15960896,0.0,0.0,0.0,0.0,0.0,0.0,0.0,0.0,0.0,0.0,6.9104714,0.0,0.0,0.0,0.0,0.0,0.0,0.0,10.055883,0.0,0.0,0.0,0.0,0.0,0.0,0.0,4.4637666,5.6911993,0.0,0.0,0.0,0.0,0.0,0.0,0.0,5.5228586,0.0,0.0,1.1813421,0.0,2.889032,0.0,0.0,17.088585,0.0,0.0,0.0,6.0107484,0.0,0.0,3.223219,0.0,0.0,0.0,4.8032303,6.4785695,0.0,0.0,0.0,0.0,0.0,9.584761,0.0,0.0,0.0,0.0,0.0,0.0,0.0,0.0,2.7868783,0.0,0.0,6.735591,0.0,2.031293,0.0,0.0,0.0,0.0,0.0,0.0,0.0,0.0,0.0,0.142362,0.0,0.0,0.0,0.0,0.0
0.0,0.0,0.0,0.0,0.0,0.0,0.0,0.0,0.0,0.0,0.0,0.0,0.0,0.0,0.0,0.0,0.0,3.797665,0.0,0.0,0.0,1.2294344,0.0,0.0,0.0,0.0,0.0,0.26245287,0.0,0.0,0.0,0.0,0.0,0.0,0.0,4.1422615,0.0,0.0,0.0,0.0,0.0,0.0,0.0,0.0,0.0,0.0,0.0,0.0,4.781902,0.0,0.0,0.0,0.0,0.0,0.0,0.0,0.0,0.0,0.0,0.0,0.0,0.0,0.0,0.0,0.526868,0.8625977,4.4963646,0.0,0.0,0.0,0.0,0.0,0.0,0.0,0.0,0.0,0.0,0.0,0.0,0.0,0.0,0.0,0.0,0.0,2.8030472,0.0,0.0,0.0,0.0,0.7348352,0.0,1.3932275,0.0,2.827695,5.74748,0.0,0.0,0.0,2.2262163,0.0,0.0,0.0,0.0,0.0,0.0,0.0,0.0,0.0,0.0,1.1896898,0.0,0.0,0.09106156,0.0,0.0,0.0,0.0,0.0,0.0,0.0,0.0,0.0,6.723207,0.0,0.0,0.0,0.0,0.0
0.0,0.0,0.0,0.0,0.0,0.0,0.0,0.0,0.0,0.0,5.5013733,0.0,0.0,0.0,0.0,6.448344,0.0,0.0,11.772268,0.0,0.0,0.0,0.0,1.7787814,0.0,0.0,0.0,0.0,0.0,0.0,0.0,0.0,0.0,0.0,4.975093,2.001365,0.0,0.0,0.0,0.0,0.0,0.0,0.0,0.0,0.0,0.0,0.0,2.1737146,0.0,0.0,0.0,0.0,0.0,5.912072,0.0,0.33546987,0.0,0.0,0.0,0.0,0.0,0.0,0.0,3.3630064,0.0,7.137109,0.0,0.0,0.0,0.0,0.0,0.0,0.0,0.0,0.0,0.0,0.0,1.3975121,0.0,0.0,5.065679,0.0,0.3079189,0.0,7.1197233,0.0,0.0,0.0,0.0,0.0,0.0,0.0,7.9449577,0.0,0.0,0.0,0.0,2.2550366,3.0545483,0.0,0.0,0.0,0.0,0.0,0.0,7.1656547,0.0,1.2016838,0.0,0.0,0.0,0.0,0.0,0.0,0.0,0.0,0.0,0.0,0.0,0.0,0.0,0.0,0.0,0.0,0.0,0.0,0.0,0.0
0.0,0.0,0.0,0.0,0.0,0.0,0.0,0.0,0.0,0.0,0.0,0.0,2.7719646,0.0,0.0,0.0,0.0,2.2474687,1.2129809,0.0,0.0,1.7412486,0.0,0.0,0.0,0.0,0.0,0.0,0.0,0.0,0.0,0.0,0.0,0.0,0.0,4.8522983,0.0,0.0,0.0,0.0,0.0,0.0,0.0,0.3017597,0.0,0.0,0.0,0.0,1.9649222,0.0,0.0,0.0,0.0,0.0,0.0,0.0,0.0,0.0,0.0,0.0,0.0,0.0,0.0,0.70096916,0.95044625,3.5878482,0.0,0.0,3.1000383,0.0,0.0,0.0,0.0,0.0,0.0,0.0,0.0,3.1530836,0.0,0.0,3.3114693,0.0,0.0,0.0,6.642513,0.0,0.0,0.0,0.0,0.0,0.0,2.0753078,0.0,0.0,2.4838445,0.0,0.0,0.0,10.428854,0.0,0.0,0.0,0.0,0.0,0.0,0.0,0.0,0.0,0.0,0.0,0.0,0.0,5.016351,0.0,0.0,0.0,0.0,0.0,0.0,0.0,0.0,0.0,3.2521555,0.0,0.0,0.0,0.0,0.0
0.5304258,0.0,0.0,0.0,0.0,0.0,0.0,0.0,0.0,0.0,0.0,0.0,0.0,0.0,0.0,0.0,0.0,5.225373,4.6497064,0.0,0.0,0.0,0.0,0.0,0.0,0.0,0.0,1.2164288,0.0,0.0,0.0,0.0,0.0,0.0,0.0,8.864968,0.0,0.0,0.0,0.0,0.0,0.0,0.0,0.0,0.0,0.0,0.0,0.6038257,4.2961297,0.0,0.0,0.0,0.0,0.0,0.0,0.0,0.0,0.0,0.0,0.0,0.0,0.0,0.0,0.0,1.5975293,0.0,5.0494475,0.0,0.40563655,0.0,0.0,0.0,0.0,0.0,0.0,0.0,0.0,1.4482292,0.0,0.0,0.0,0.0,0.0,0.0,1.9638484,0.0,0.0,0.0,0.0,0.0,0.0,0.0,0.0,3.2928731,5.695854,0.0,0.0,0.0,1.3362082,0.0,0.0,0.0,0.0,0.0,0.0,0.02761042,0.0,0.0,0.0,3.699474,0.0,0.0,0.0,0.0,0.0,0.0,0.0,0.0,0.0,0.0,0.0,0.0,7.261672,0.0,0.0,0.0,0.0,0.0
0.0,0.0,0.0,0.0,0.0,0.70475084,0.0,0.0,0.0,0.0,0.0,0.0,0.0,0.0,0.0,0.0,0.0,4.4444313,2.7516398,0.0,0.0,0.0,0.0,0.0,0.0,0.0,0.0,0.0,0.0,0.0,0.0,0.0,0.0,0.0,0.0,10.719143,0.0,0.0,0.0,0.0,0.0,0.7190523,0.0,0.0,0.0,0.0,0.0,8.966814,0.0,0.0,0.0,0.0,0.0,1.0111275,0.0,0.0,0.0,0.0,0.0,0.0,0.0,0.0,0.0,0.0,8.485399,0.0,3.675441,0.0,0.0,0.0,0.0,0.0,0.0,0.0,0.0,0.0,0.0,0.55186766,0.0,0.0,0.0,0.0,0.0,0.0,0.0,0.0,0.0,0.0,0.0,0.0,0.0,0.0,0.0,3.4471738,7.846505,0.0,0.0,0.0,4.9128246,0.0,0.0,0.0,0.0,0.0,0.0,1.7082281,0.0,0.0,0.0,7.754832,0.0,0.0,0.0,0.0,0.0,0.0,0.0,0.0,0.0,0.0,0.0,0.0,6.598915,0.0,0.0,0.0,0.0,0.0
0.0,1.2803851,0.0,1.6776123,0.0,0.0,0.0,0.0,0.0,0.0,10.816244,0.0,0.0,0.0,13.772144,0.0,5.365007,0.0,0.0,0.0,0.0,6.9026217,0.0,0.0,0.0,0.0,0.0,0.0,0.0,0.0,0.0,0.0,0.0,0.0,0.0,0.0,0.0,0.0,0.0,0.0,4.1411424,0.0,0.0,0.0,0.0,0.0,0.0,0.0,0.0,0.0,0.0,0.0,1.8345417,0.0,0.0,0.0,0.0,0.47390953,0.0,0.0,0.0,0.0,0.0,0.0,0.0,0.0,0.0,0.0,0.0,2.9887283,0.0,0.0,0.0,0.0,0.0,0.0,7.9928455,0.0,0.0,0.0,0.0,0.0,0.0,0.0,0.0,0.0,0.0,1.1380651,0.0,0.0,0.0,0.0,0.0,13.482485,0.0,1.9808372,5.2494144,9.952964,0.0,0.0,0.0,0.0,0.0,0.0,12.457489,0.0,10.606443,0.0,11.203557,0.0,0.0,0.0,0.0,0.0,0.0,0.0,11.603296,0.0,0.0,0.0,0.0,0.0,7.749687,0.0,7.435831,0.0,0.3919606,0.0
0.0,0.0,0.0,0.7497694,0.0,0.0,0.0,0.0,0.0,0.0,8.035354,0.0,0.0,0.0,0.0,0.70752764,0.0,3.658171,4.6941357,0.0,0.0,0.0,12.217653,4.6642995,0.0,0.0,0.0,0.0,0.0,6.0423675,0.0,0.0,0.0,0.0,9.691694,3.3524523,0.0,0.0,0.0,0.0,0.0,0.0,0.0,0.0,0.0,0.0,0.0,15.102812,0.0,0.0,0.0,0.0,0.0,9.927538,0.0,4.839625,0.0,0.0,0.0,2.9114795,0.0,0.0,0.0,6.067232,0.0,0.0,0.0,0.0,1.8550462,0.0,2.5549324,0.0,0.0,0.0,0.0,0.0,0.0,9.651219,0.0,0.0,0.0,0.0,0.0,0.0,0.0,0.0,1.0434912,0.0,0.0,0.0,6.287683,0.0,4.992967,0.0,0.0,0.0,0.0,4.0292087,0.0,0.0,0.0,0.0,0.0,0.0,0.0,10.005984,0.0,0.0,0.0,3.9344027,0.98960274,0.0,0.0,0.0,0.0,0.0,0.0,0.0,0.0,0.0,0.0,0.0,0.0,2.1333458,0.0,0.0,0.0,0.0
0.0,0.0,0.0,0.0,0.0,0.103533156,0.0,0.0,0.0,0.0,0.0,0.0,0.0,0.0,0.0,0.0,0.0,0.61826086,0.0,0.0,0.0,1.7845025,0.0,0.0,0.0,0.0,0.0,0.0,0.0,0.0,0.0,0.0,0.0,0.0,0.0,2.9310446,0.0,0.0,0.0,0.0,0.0,0.0,0.0,0.0,0.0,0.0,0.0,0.0,4.016597,0.0,0.0,0.0,0.0,0.0,0.0,0.0,0.0,0.0,0.0,0.0,0.0,0.0,0.0,0.0,0.0,0.0,1.6666403,0.0,0.28748146,0.0,0.0,0.0,0.0,0.0,0.0,0.0,0.0,0.6988272,0.0,0.0,0.0,0.0,0.0,0.0,3.3228402,0.0,0.0,0.0,0.0,1.5549276,0.0,0.0,0.0,2.893343,7.5948443,0.0,0.0,0.0,5.4253707,0.0,0.0,0.0,0.0,0.0,0.0,0.0,0.0,0.0,0.0,3.585157,0.0,0.0,0.0,0.0,0.0,0.0,0.0,0.0,0.0,0.0,0.0,0.0,7.704369,0.0,0.0,0.0,0.0,0.0
0.0,8.586042,0.0,14.686141,0.0,0.0,0.0,0.0,0.0,0.0,0.0,0.0,0.0,0.0,0.0,0.0,0.0,0.0,0.0,0.0,0.0,5.0880513,0.0,0.0,0.0,0.0,0.0,0.0,0.0,0.0,0.0,0.0,0.0,0.0,0.0,0.0,0.0,0.0,0.85537696,0.0,0.0,0.0,0.0,0.0,0.0,0.0,0.0,0.0,0.0,0.0,0.0,0.0,0.0,0.0,0.0,0.0,0.0,0.0,0.0,0.0,0.0,0.0,0.0,0.0,0.0,0.0,8.745855,0.0,0.0,0.0,0.0,0.0,0.0,0.0,0.0,0.0,1.0837584,0.0,0.0,0.0,0.0,0.0,0.0,0.0,0.0,0.0,0.0,0.0,0.0,0.0,0.0,0.0,0.0,1.0611454,0.0,11.241653,0.0,6.8216834,0.0,0.0,0.0,0.0,0.0,0.0,7.5029483,0.0,0.0,0.0,4.1974974,0.0,0.0,0.0,0.0,0.0,10.317535,0.0,12.9853945,0.0,0.0,0.0,0.0,0.0,4.7275224,0.0,0.0,0.0,0.0,0.0
0.0,11.46084,0.0,6.4551907,0.0,0.0,0.0,0.0,0.0,0.0,0.9205331,0.0,0.0,0.0,0.0,2.3250294,13.945602,0.0,0.0,0.0,0.0,0.0,11.971339,13.72575,0.0,0.0,0.0,0.0,0.0,0.0,0.0,0.0,0.0,0.0,0.0,0.0,0.0,0.0,11.841951,0.0,12.187151,0.0,0.0,0.0,0.0,0.0,0.0,0.36464003,0.0,0.0,0.0,0.0,0.0,0.0,0.0,0.0,0.0,9.290403,0.0,3.1753838,0.0,0.0,0.0,6.9540653,0.0,0.0,0.0,0.0,0.0,0.0,0.0,0.0,0.0,0.0,0.0,0.0,0.0,0.0,0.0,0.0,0.0,0.0,0.0,0.0,0.0,0.0,0.0,0.0,0.0,0.0,0.0,0.0,9.366526,0.0,0.0,2.225625,0.0,21.9383,0.0,0.0,0.0,0.0,0.0,0.0,15.066763,0.0,0.0,0.0,5.70135,0.0,0.0,0.0,0.0,0.1469641,0.0,0.0,0.0,0.0,0.0,0.0,0.0,0.0,0.0,0.2129377,0.0,0.0,0.0,0.0
0.0,0.0,0.0,0.0,0.0,5.8825293,0.0,0.0,0.0,0.0,0.0,0.0,0.0,0.0,0.0,0.0,0.0,0.0,0.0,0.0,0.0,0.0,0.0,0.0,0.0,0.0,0.0,0.0,0.0,0.0,0.0,0.0,0.0,0.0,0.0,3.8947382,0.0,0.0,0.0,0.0,0.0,1.616002,0.0,0.0,0.0,0.0,0.0,2.4115365,0.0,0.0,0.0,0.0,0.0,1.4650549,0.0,1.9065199,0.0,0.0,0.0,0.0,0.0,0.0,0.0,0.0,4.3857555,0.0,0.0,0.0,5.3753004,0.0,0.0,0.0,4.0706334,0.0,0.0,0.0,0.0,2.772541,0.0,0.0,0.0,0.0,0.0,0.0,7.8403687,0.0,0.0,0.0,0.0,1.1944758,0.0,0.0,0.73780066,0.0,8.300377,0.0,0.0,0.0,10.328897,0.0,0.0,0.0,0.0,0.0,0.0,0.0,0.0,0.0,0.0,8.312848,2.9716585,0.0,0.04894548,0.0,0.0,0.0,0.0,0.0,0.0,0.0,0.0,0.0,3.3838704,0.0,0.0,0.0,0.0,0.0
0.0,10.276914,0.0,8.860795,0.0,0.0,0.0,0.0,0.0,0.0,0.0,0.0,0.0,0.0,0.0,0.0,4.945174,0.0,0.0,0.0,0.0,4.769355,0.0,0.0,0.0,0.0,0.0,13.76069,0.0,0.0,0.0,0.0,0.0,0.0,0.0,0.0,0.0,0.0,2.9927964,0.0,0.0,0.0,0.0,0.0,0.0,0.0,0.0,0.0,0.0,0.0,0.0,0.0,0.0,0.0,0.0,0.0,0.0,0.0,0.0,0.0,0.0,0.0,0.0,0.0,0.0,0.0,16.748865,0.0,0.0,0.0,0.0,0.0,0.0,0.0,0.0,0.0,0.0,0.0,0.0,0.0,0.0,0.0,0.0,0.0,0.0,0.0,0.0,0.0,0.0,0.0,0.0,0.0,0.0,0.0,0.0,6.549637,0.0,5.6546483,0.0,0.0,0.0,0.0,0.0,0.0,0.0,0.0,0.0,0.0,0.0,0.0,0.0,0.0,0.0,0.0,15.412235,0.0,13.705991,0.0,0.0,0.0,0.0,0.0,9.891829,0.0,0.0,0.0,0.0,0.0
0.0,0.0,0.0,0.0,0.0,6.413682,0.0,0.0,0.0,0.0,0.0,0.0,0.0,0.0,0.0,0.0,0.0,5.984003,0.0,0.0,0.0,0.0,0.0,0.0,0.0,0.0,0.0,0.0,0.0,0.0,0.0,0.0,0.0,0.0,0.0,15.398614,0.0,0.0,0.0,0.0,0.0,0.0,0.0,0.0,0.0,0.0,0.0,6.249567,1.118298,0.0,0.0,0.0,0.0,1.1291667,0.0,0.0,0.0,0.0,0.0,0.0,0.0,0.0,0.0,0.0,8.483317,0.0,9.048862,0.0,0.0,0.0,0.0,0.0,0.0,0.0,0.0,0.0,0.22898431,1.503861,0.0,0.0,0.0,0.0,0.0,0.0,0.0,0.0,0.0,0.0,0.0,0.0,0.0,0.0,0.0,7.6801214,8.440732,0.0,0.0,0.0,1.5735018,0.0,0.0,0.0,0.0,0.0,0.0,0.0,0.0,0.0,0.0,10.495076,0.0,0.0,0.0,0.0,0.0,0.0,0.0,0.0,0.0,0.0,0.0,0.0,3.2342582,0.0,0.0,0.0,0.0,0.0
0.0,0.0,0.0,7.9442286,0.0,0.0,1.2658772,0.0,0.0,0.0,2.271359,0.0,0.0,0.0,0.0,0.0,2.7056663,0.0,8.330116,0.0,0.0,1.8315434,6.339088,0.0,0.0,0.0,0.0,0.0,0.0,0.0,0.0,0.0,0.0,0.0,5.5029354,0.0,0.0,0.0,0.0,0.0,0.0,0.0,0.0,0.0,0.0,0.0,0.0,0.0,0.0,0.0,0.0,0.0,0.0,0.0,3.9794307,0.0,0.0,0.0063385274,0.0,2.1550395,0.0,0.0,0.0,0.5951948,0.0,4.3017297,0.0,0.0,0.0,0.0,0.0,0.0,0.0,0.0,0.0,0.0,0.0,4.3098035,0.0,0.0,0.0,0.0,0.0,0.0,0.0,0.0,6.0146713,0.0,0.0,0.17708193,0.0,0.0,2.4486463,0.0,0.0,0.0,0.0,4.6913686,0.0,0.0,0.0,0.6188473,0.0,0.0,0.76830727,1.9467938,0.0,0.0,0.0,0.09880271,2.7172909,0.0,0.0,0.0,0.0,0.0,0.0,0.0,0.0,0.0,0.0,0.0,0.0,0.0,3.286016,0.0,0.0,0.0
0.0,0.0,0.0,0.0,0.0,0.0,0.0,0.0,0.0,0.0,0.0,0.0,0.0,0.0,0.0,0.0035167774,0.0,0.7215114,2.0061934,0.0,0.0,2.1724765,0.0,0.0,0.0,0.0,0.0,0.0,0.0,0.0,0.0,0.0,0.0,0.0,3.0755086,2.7053607,0.0,0.0,0.0,0.0,0.0,0.0,0.0,0.0,0.0,0.0,0.0,0.0,0.0,0.0,0.0,0.0,0.0,1.0532209,0.0,0.0,0.0,0.0,0.0,0.0,0.0,0.0,0.0,0.5968282,0.0,5.9515033,0.0,0.0,0.0,0.0,0.0,0.0,0.34317857,0.0,0.0,0.0,0.0,4.0113974,0.0,0.0,0.26187444,0.0,1.4400817,0.0,3.7706263,0.0,0.0,0.0,0.0,0.0,0.0,2.3179247,0.0,0.0,0.0,0.0,0.0,0.0,7.0306277,0.0,0.0,0.0,0.0,0.0,0.0,0.7668237,0.0,0.0,0.0,0.0,0.0,0.0,2.0886998,0.0,0.0,0.0,0.0,0.0,0.0,0.0,0.0,0.0,0.0,0.0,0.0,0.0,0.0,0.0
0.0,0.0,0.0,0.0,0.0,0.91190445,0.0,0.0,0.0,0.0,0.0,0.0,0.0,0.0,0.0,0.0,0.0,0.0,0.0,0.0,0.0,0.0,0.0,0.0,0.0,0.0,0.0,0.0,0.0,0.0,0.0,0.0,0.0,0.0,0.0,0.0,0.0,0.0,0.0,0.0,0.0,0.0,0.0,0.0,0.0,0.0,0.0,2.8349845,0.0,0.0,0.0,0.0,0.0,0.0,0.0,0.0,0.0,0.0,0.0,0.0,0.0,0.0,0.0,2.8307707,0.4167237,1.2048323,0.0,0.0,0.0,0.0,0.0,0.0,9.171232,0.0,0.0,0.0,0.0,1.3905767,0.0,0.0,0.0,0.0,0.99500614,0.0,0.0,0.0,0.0,2.4416845,0.0,0.0,0.0,2.2278128,0.0,0.0,2.3912928,0.0,0.0,0.0,11.374607,0.0,0.0,0.0,0.0,2.2117305,0.18398923,1.0205431,0.0,0.0,0.0,0.74888545,0.43527797,0.0,0.0,0.0,0.0,0.0,0.0,0.0,0.0,0.0,0.0,0.0,0.0,0.0,0.0,0.0,0.0,0.0
0.0,7.7687616,0.0,0.0,2.0003705,0.0,0.0,0.0,0.0,0.0,9.6276245,0.0,0.0,0.0,0.0,8.785895,13.180124,0.0,6.76268,0.0,0.0,0.0,0.0,10.334102,0.0,0.0,0.0,0.0,0.0,0.0,0.0,0.0,0.0,0.0,6.484603,0.0,0.0,0.0,0.0,0.0,0.0,0.0,0.0,0.0,0.0,0.0,0.0,0.0,0.0,0.0,0.0,0.0,0.0,0.0,0.0,0.0,0.0,0.0,0.0,4.916763,0.0,0.0,0.0,4.268822,0.0,0.0,0.0,0.0,0.0,0.0,0.0,0.0,0.0,0.0,0.0,0.0,1.4410055,0.0,0.0,0.0,0.0,0.0,0.0,0.0,0.0,0.0,0.0,0.0,0.0,0.0,0.0,0.0,10.006911,0.0,0.0,5.215121,0.0,15.046454,0.0,0.0,0.0,0.0,0.0,0.0,0.0,0.0,0.0,0.0,0.0,0.0,0.0,0.0,0.0,0.0,0.0,0.0,0.0,0.0,0.0,0.0,0.0,0.0,0.0,0.0,0.0,0.0,0.0,0.0
0.0,8.891276,0.0,2.8429773,0.0,0.0,0.0,0.0,0.0,0.0,0.0,0.0,0.0,0.0,0.0,0.0,4.1295624,0.0,0.0,0.0,0.0,9.192042,0.0,0.0,0.0,0.0,0.0,4.998702,0.0,0.0,0.0,0.0,0.0,0.0,0.0,0.0,0.0,0.0,0.0,0.0,0.0,0.0,0.0,0.0,0.0,0.0,0.0,0.0,0.7023744,0.0,0.0,0.0,0.0,0.0,0.0,0.0,0.0,0.0,0.0,0.0,0.0,0.0,0.0,2.0079594,0.0,0.0,13.255434,0.0,0.0,0.0,0.0,0.0,0.0,0.0,0.0,0.0,0.0,0.0,0.0,0.0,0.0,0.0,0.0,0.0,0.0,0.0,0.0,0.0,0.0,0.0,0.0,0.0,0.0,3.1058202,0.0,0.0,0.0,6.1570477,0.0,0.0,0.0,0.0,0.0,0.0,14.4008665,0.0,0.0,0.0,0.0,0.0,0.0,0.0,0.0,0.0,7.2600956,0.0,7.5573406,0.0,0.0,0.0,0.0,0.0,0.6146113,0.0,0.0,0.0,0.0,0.0
0.0,18.461494,0.0,9.279791,0.0,0.0,0.0,0.0,0.0,0.0,0.0,0.0,0.0,0.0,0.0,0.0,15.78421,0.0,8.492067,0.0,0.0,7.931089,0.0,0.0,0.0,0.0,0.0,5.6214066,0.0,0.0,0.0,0.0,0.0,0.0,8.970371,0.0,0.0,0.0,0.64769626,0.0,0.0,0.0,0.0,0.0,0.0,0.0,0.0,0.0,14.124539,0.0,0.0,0.0,0.0,0.0,0.0,0.0,0.0,4.525158,0.0,0.0,0.0,0.0,0.0,0.0,0.0,0.0,21.89775,0.0,0.0,0.0,0.0,0.0,0.0,0.0,0.0,0.0,0.46636954,0.0,0.0,0.0,0.0,0.0,0.0,0.0,0.0,0.0,0.0,0.0,0.0,0.0,0.0,0.0,0.0,0.68028253,0.0,0.0,0.0,10.208872,0.0,0.0,0.0,0.0,0.0,0.0,0.0,0.0,0.0,0.0,0.0,0.0,0.0,0.0,0.0,0.0,8.283241,0.0,0.36980602,0.0,0.49056658,0.0,0.0,0.0,0.0,0.0,0.0,0.0,0.0,0.0
0.0,0.0,0.0,0.0,0.0,0.0,0.0,0.0,0.0,0.0,5.9438176,0.0,0.0,0.0,0.0,1.1601433,1.4197872,0.0,0.0,0.0,0.0,0.0,1.3369297,4.5888333,0.0,0.0,0.0,0.0,0.0,0.0,0.0,0.0,0.0,0.0,5.275298,0.0,0.0,0.0,0.0,0.0,0.0,0.0,0.0,0.0,0.0,0.0,0.0,2.389858,0.0,0.0,0.0,0.0,0.0,5.28269,0.0,1.40327,0.0,0.0,0.0,0.0,0.0,0.0,0.0,1.8223023,0.0,4.178129,0.0,0.0,0.0,0.0,0.0,0.0,6.19115,0.0,0.0,0.0,0.0,1.5740182,0.0,0.0,0.0,0.0,1.430825,0.539442,0.0,0.0,0.0,3.0985677,0.0,0.0,0.0,0.0,0.0,0.0,0.0,0.0,0.0,0.88060725,6.949202,0.0,0.0,0.0,0.0,2.4347484,3.785829,0.3588589,0.0,0.0,0.0,0.0,0.0,0.0,0.0,0.0,0.0,0.0,0.0,0.0,0.0,0.0,0.0,0.0,0.0,0.0,0.0,0.0,0.0,0.0
0.0,0.0,0.0,0.0,0.0,0.0,0.0,0.0,0.0,0.0,2.284612,0.0,0.0,0.0,0.0,4.226326,0.0,0.0,0.077328615,0.0,0.0,0.0,0.0,4.7027397,0.0,0.0,0.0,0.0,0.0,0.0,0.0,0.0,0.0,0.0,5.172978,0.0,0.0,0.0,0.0,0.0,0.0,0.0,0.0,0.0,0.0,0.0,0.0,1.9043776,0.0,0.0,0.0,0.0,0.0,11.350624,0.0,3.5426846,0.0,0.0,0.0,0.0,0.0,0.0,0.0,5.194674,0.0,6.430868,0.0,0.0,0.0,0.0,6.1742845,0.0,5.9894743,0.0,0.0,0.0,0.0,3.100845,0.0,0.0,0.0,0.0,0.0,0.0,0.05736056,0.0,0.0,4.0620413,0.0,0.0,0.0,0.0,0.0,0.0,0.0,0.0,0.0,0.0,10.45192,0.0,0.0,0.0,0.0,2.0378084,0.0,0.6142801,0.0,0.0,0.0,0.0,3.5551646,0.0,0.0,0.0,0.0,0.0,0.0,0.0,0.0,0.0,0.0,0.0,0.0,0.0,0.0,0.0,0.0,0.0
0.0,0.0,0.0,0.0,0.0,0.0,0.0,0.0,0.0,0.0,8.128853,0.0,0.0,0.0,0.0,0.0,0.0,0.0,3.9049926,0.0,0.0,0.22834668,0.17582208,0.7492748,0.0,0.0,0.0,0.0,0.0,0.0,0.0,0.0,0.0,0.0,1.3881984,0.0,0.0,0.0,0.0,0.0,0.0,0.0,0.0,0.0,0.0,0.0,0.0,0.0,0.0,0.0,0.0,0.0,2.8783433,6.4036064,0.0,0.35175538,0.0,0.0,0.0,0.0,0.0,4.0038013,0.0,7.398919,0.0,6.9874525,0.0,0.0,0.0,0.0,0.0,0.0,7.07292,0.0,0.0,0.0,0.0,5.2184563,0.0,0.0,0.05326668,0.0,11.656823,0.0,0.39066368,0.0,5.1635327,0.0,0.0,0.0,0.0,0.0,1.5053595,0.0,1.7558539,0.0,0.0,1.7888446,1.482377,0.0,0.0,0.0,0.0,3.0756764,3.9681792,8.133533,0.0,0.0,0.0,3.7142434,0.0,0.0,0.0,0.0,0.0,0.0,0.0,0.0,0.0,0.0,0.0,0.0,0.0,0.0,0.0,0.0,0.0,0.0
0.0,0.0,0.0,0.0,0.0,0.0,0.0,0.0,0.0,0.0,6.511839,0.0,0.0,0.0,0.0,4.1926365,1.5638052,0.0,3.4935737,0.0,0.0,0.0,2.708113,11.505438,0.0,0.0,0.0,0.0,0.0,0.0,0.0,0.0,0.0,0.0,0.5148076,0.0,0.0,0.0,0.0,0.0,0.0,0.0,0.0,0.0,0.0,0.0,0.0,1.3068593,0.0,0.0,0.0,0.0,0.0,4.2600408,0.0,0.0,0.0,0.0,0.0,0.0,0.0,0.0,0.0,11.5150175,0.0,5.371842,0.0,0.0,0.9011334,0.0,0.0,0.0,3.821351,0.0,0.0,0.0,0.0,0.5171896,0.0,0.0,0.0,0.0,5.684692,0.0,0.0,0.0,4.2930694,0.0,0.0,0.0,0.0,0.0,2.156438,0.0,0.0,0.0,0.0,4.980509,1.0774918,0.0,0.0,0.0,0.0,4.188832,0.83465827,7.124986,0.0,0.0,0.0,3.8247209,0.0,0.0,0.0,0.0,0.0,0.0,0.0,0.0,0.0,0.0,0.0,0.0,0.0,1.8597546,0.0,0.0,0.0,0.0
0.0,0.0,0.0,3.5945473,7.6723037,0.0,0.0,0.0,0.0,0.0,12.019319,0.0,0.0,2.570143,0.0,0.0,8.060799,0.0,0.0,0.0,0.0,0.0,0.0,0.0,0.0,0.0,0.0,0.0,0.0,0.0,0.0,0.0,0.0,0.0,3.3168375,0.0,0.0,0.0,1.4613334,0.0,2.6373782,7.8341594,0.0,0.0,0.0,0.0,0.0,0.0,0.5152573,0.0,0.0,0.0,0.0,0.28202194,0.0,0.0,0.0,0.06783669,0.0,0.0,0.0,0.0,0.0,0.0,0.0,0.0,0.0,0.0,0.0,0.0,0.0,0.0,0.0,0.0,0.0,0.0,0.9010514,0.0,0.0,0.0,0.0,0.0,0.0,2.1703858,0.0,0.0,0.0,0.0,0.0,0.0,0.0,0.0,0.0,0.0,0.0,9.861846,10.010254,7.321501,0.0,0.0,0.0,3.9609387,0.0,0.0,0.0,0.0,0.0,0.0,16.56489,0.0,0.0,0.0,0.0,0.0,0.50041074,0.0,3.2888546,0.0,0.0,0.0,0.0,0.0,0.0,0.0,0.0,0.0,0.0,0.0
0.0,0.0,0.0,0.0,0.0,0.0,0.0,0.0,0.0,0.0,0.0,0.0,0.14630564,0.0,2.3854764,0.0,0.0,0.0,0.0,0.0,0.0,8.035773,0.0,0.0,0.0,0.0,0.0,8.880251,0.0,0.0,0.0,0.0,0.0,0.0,0.0,0.0,0.0,0.0,0.0,0.0,0.0,0.0,0.0,0.0,0.0,0.0,0.0,0.0,4.0975285,0.0,0.0,0.0,0.0,0.0,0.0,0.0,0.0,0.0,0.0,0.0,0.0,0.0,0.0,0.0,0.0,0.0,6.8579397,0.0,0.0,0.0,0.0,0.0,0.0,0.0,0.0,0.0,0.0,0.0,0.0,0.0,0.0,0.0,0.0,0.0,0.0,0.0,0.0,0.0,0.0,0.0,0.0,1.4655569,0.0,9.415474,0.0,0.0,0.0,0.0,0.0,0.0,0.0,0.0,4.8505144,0.0,1.2845886,0.0,1.1155648,0.0,0.0,0.0,0.0,0.0,0.0,0.0,0.0,0.0,10.236847,0.0,0.0,0.0,0.0,0.0,12.889531,0.0,0.0,0.0,0.0,0.0
0.0,0.0,0.0,0.0,0.0,0.0,0.0,0.0,0.0,0.0,0.0,0.0,0.0,0.0,0.0,0.0,0.0,3.6502905,3.5925515,0.0,0.0,0.0,0.0,0.0,0.0,0.0,0.0,1.1110005,0.0,0.0,0.0,0.0,0.0,0.0,0.0,6.5363007,0.0,0.0,0.0,0.0,0.0,0.0,0.0,0.0,0.0,0.0,0.0,2.5140965,3.2598033,0.0,0.0,0.0,0.0,0.0,0.0,0.0,0.0,0.0,0.0,0.0,0.0,0.0,0.0,0.0,2.4779594,0.14159855,2.1424475,0.0,0.38812613,0.0,0.0,0.0,0.0,0.0,0.0,0.0,0.0,1.5115806,0.0,0.0,0.0,0.0,0.0,0.0,2.3009655,0.0,0.0,0.0,0.0,0.0,0.0,0.9294011,0.0,0.256952,4.2248116,0.0,0.0,0.0,3.3835104,0.0,0.0,0.0,0.0,0.0,0.0,0.7156688,0.0,0.0,0.0,1.072086,0.0,0.0,1.9231862,0.0,0.0,0.0,0.0,0.0,0.0,0.0,0.0,0.0,6.475895,0.0,0.0,0.0,0.0,0.0
0.0,0.0,0.0,0.0,0.0,0.0,0.0,0.0,0.0,0.0,5.682769,0.0,0.0,0.0,0.0,0.0,0.0,0.0,1.70427,0.0,0.0,0.0,2.9044309,0.0,0.0,0.0,0.0,0.0,0.0,1.5057809,0.0,0.0,0.0,0.0,0.7127432,0.0,0.0,0.0,0.5922607,0.0,0.0,0.0,0.0,0.0,0.0,0.0,0.0,2.2745514,0.0,0.0,0.0,0.0,0.0,6.2675834,0.0,8.543156,0.0,0.0,0.0,0.0,0.0,0.0,0.0,0.0,0.0,0.0,0.0,0.0,0.0,0.0,0.0,0.0,3.4368553,0.0,0.0,0.0,0.0,4.473206,0.0,0.0,0.0,0.0,0.0,1.9428523,1.5524126,0.0,0.0,0.0,0.0,0.0,3.9586709,0.0,0.0,0.0,0.5027813,0.0,0.0,2.8942158,6.1623044,0.0,0.0,0.0,0.0,0.0,0.0,3.6699932,0.0,0.0,0.0,3.0157688,9.006415,0.0,0.0,0.0,0.0,0.0,0.0,0.0,0.0,0.0,0.0,0.0,5.947497,0.0,0.0,0.0,0.0,0.0
0.0,0.0,0.0,0.0,0.0,0.0,0.0,0.0,0.0,0.0,0.0,0.0,0.0,0.0,0.0,0.0,0.0,1.7105738,2.9802456,0.0,0.0,0.802849,0.0,0.0,0.0,0.0,0.0,0.0,0.0,0.0,0.0,0.0,0.0,0.0,0.0,2.8035452,0.0,0.0,0.0,0.0,0.0,0.0,0.0,0.0,0.0,0.0,0.0,0.0,2.6031675,0.0,0.0,0.0,0.0,0.0,0.0,0.0,0.0,0.0,0.0,0.0,0.0,0.0,0.0,0.0,0.0,0.0,3.4597313,0.0,0.0,0.0,0.0,0.0,0.0,0.0,0.0,0.0,0.0,0.105817795,0.0,0.0,0.0,0.0,0.0,0.0,1.4159914,0.0,0.0,0.0,0.0,1.0244823,0.0,0.0,0.0,3.3281162,5.0691004,0.0,0.0,0.0,1.2152686,0.0,0.0,0.0,0.0,0.0,0.0,0.0,0.0,0.0,0.0,2.5775895,0.0,0.0,0.0,0.0,0.0,0.0,0.0,0.0,0.0,0.0,0.0,0.0,7.0165014,0.0,0.0,0.0,0.0,0.0
0.0,12.10509,0.0,12.689776,0.0,0.0,0.0,0.0,0.0,0.0,0.0,0.0,0.0,0.0,0.0,0.0,7.48351,0.0,0.0,0.0,0.0,9.28103,0.0,0.0,0.0,0.0,0.0,7.3471174,0.0,0.0,0.0,0.0,0.0,0.0,0.0,0.0,0.0,0.0,2.4527392,0.0,0.0,0.0,0.0,0.0,0.0,0.0,0.0,0.0,3.0910113,0.0,0.0,0.0,0.0,0.0,0.0,0.0,0.0,0.0,0.0,0.0,0.0,0.0,0.0,0.0,0.0,0.0,16.990194,0.0,0.0,0.0,0.0,0.0,0.0,0.0,0.0,0.0,0.0,0.0,0.0,0.0,0.0,0.0,0.0,0.0,0.0,0.0,0.0,0.0,0.0,0.0,0.0,0.0,0.0,1.7511332,0.0,2.3815947,0.0,7.852825,0.0,0.0,0.0,0.0,0.0,0.0,7.3763714,0.0,0.0,0.0,0.0,0.0,0.0,0.0,0.0,0.0,8.907788,0.0,11.515777,0.0,0.0,0.0,0.0,0.0,1.5221746,0.0,0.0,0.0,0.0,0.0
0.0,0.0,0.0,0.0,0.0,0.0,0.0,0.0,0.0,0.0,0.0,0.0,0.0,0.0,0.0,0.0,0.0,1.2354487,2.2652478,0.0,0.0,2.4701705,0.0,0.0,0.0,0.0,0.0,2.367771,0.0,0.0,0.0,0.0,0.0,0.0,0.0,5.1559396,0.0,0.0,0.0,0.0,0.0,0.0,0.0,0.0,0.0,0.0,0.0,0.0,5.241918,0.0,0.0,0.0,0.0,0.0,0.0,0.0,0.0,0.0,0.0,0.0,0.0,0.0,0.0,0.0,0.0,0.0,1.7698371,0.0,0.76183087,0.0,0.0,0.0,0.0,0.0,0.0,0.0,0.0,0.0,0.0,0.0,0.0,0.0,0.0,0.0,5.923849,0.0,0.0,0.0,0.0,3.8390121,0.0,0.0,0.0,0.0,6.0000706,0.0,0.0,0.0,3.6400464,0.0,0.0,0.0,0.0,0.0,0.0,0.0,0.0,0.0,0.0,3.0967445,0.0,0.0,0.0,0.0,0.0,0.0,0.0,0.0,0.0,0.0,0.0,0.0,8.993912,0.0,0.0,0.0,0.0,0.0
0.0,0.0,0.0,0.0,0.0,0.0,0.0,0.0,0.0,0.0,0.0,0.0,0.0,0.0,0.0,0.0,0.0,2.248137,3.4635978,0.0,0.0,0.0,0.0,0.0,0.0,0.0,0.0,0.0,0.0,0.0,0.0,0.0,0.0,0.0,0.0,10.242458,0.0,0.0,0.0,0.0,0.0,3.7815087,0.0,0.0,0.0,0.0,0.0,5.6063933,2.9145412,0.0,0.0,0.0,0.0,3.0847144,0.0,0.0,0.0,0.0,0.0,0.0,0.0,0.0,0.0,0.0,4.3516207,0.0,0.0,0.0,0.8145835,0.0,0.0,0.0,0.0,0.0,0.0,0.0,0.0,0.0,0.0,0.0,0.0,0.0,0.0,0.0,4.475519,0.0,0.0,0.0,0.0,0.0,0.0,0.0,0.0,0.0,9.319746,0.0,0.0,0.0,5.132391,0.0,0.0,0.0,0.0,0.0,0.0,2.5108008,0.0,0.0,0.0,6.12178,1.0812662,0.0,0.96799886,0.0,0.0,0.0,0.0,0.0,0.0,0.0,0.0,0.0,11.475,0.0,0.0,0.0,0.0,0.0
0.0,0.0,0.0,0.0,0.0,0.0,0.0,0.0,0.0,0.0,0.0,0.0,0.0,0.0,0.0,0.37564698,0.0,7.4834366,4.973116,0.0,0.0,0.0,0.0,0.0,0.0,0.0,0.0,0.0,0.0,0.0,0.0,0.0,0.0,0.0,2.1695914,10.643068,0.0,0.0,0.0,0.0,0.0,0.0,0.0,0.0,0.0,0.0,0.0,8.5143385,0.0,0.0,0.0,0.0,0.0,1.7375349,0.0,0.0,0.0,0.0,0.0,0.0,0.0,0.0,0.0,0.0,7.4232254,3.533499,0.0,0.0,0.8037384,0.0,0.0,0.0,0.0,0.0,0.0,0.0,0.0,4.5541873,0.0,0.0,4.916484,0.0,0.7387193,0.0,2.3961468,0.0,0.0,0.0,0.0,0.0,0.0,3.7958128,0.0,0.0,2.4503968,0.0,0.0,0.0,10.112301,0.0,0.0,0.0,0.0,0.0,0.0,3.1666672,0.0,0.0,0.0,0.0,0.0,0.0,5.093657,0.0,0.0,0.0,0.0,0.0,0.0,0.0,0.0,0.0,3.5191565,0.0,0.0,0.0,0.0,0.0
0.0,0.0,0.0,5.7473907,0.0,0.0,0.0,0.0,0.0,0.0,6.010618,0.0,0.0,0.0,0.0,1.991704,0.0,0.0,3.674929,0.0,0.0,0.0,9.86375,0.69002163,0.0,0.0,0.0,0.0,0.0,4.74259,0.0,0.0,0.0,0.0,0.15633428,0.0,0.0,0.0,0.0,0.0,0.0,0.0,0.0,0.0,0.0,0.0,0.0,8.934839,0.0,0.0,0.0,0.0,1.2567493,0.3406167,0.0,5.809143,0.0,0.0,0.0,7.360289,0.0,0.0,0.0,2.8598373,0.0,0.0,0.0,0.0,0.0,0.0,0.0,0.0,0.0,0.0,0.0,0.0,0.0,8.741231,0.0,0.0,0.0,0.0,0.0,0.0,0.0,0.0,1.418937,0.0,0.0,0.0,8.335402,0.0,6.5643578,0.0,0.0,0.0,0.0,8.934693,0.0,0.0,0.0,0.0,0.0,0.0,0.92623556,6.592628,0.0,0.0,0.0,3.4915206,2.7748384,0.0,0.0,0.0,0.0,0.0,0.0,0.0,0.0,0.0,0.0,0.0,0.0,5.1401362,4.1126137,0.0,0.0,0.0
0.0,0.0,0.0,0.0,0.0,0.0,0.0,0.0,0.0,0.0,1.6461861,0.0,0.0,0.0,0.0,0.0,0.0,9.142448,0.0,0.0,0.0,0.0,0.0,2.736836,0.0,0.0,0.0,0.0,0.0,0.0,0.0,0.0,0.0,0.0,16.785894,11.424583,0.0,0.0,0.0,0.0,0.0,10.546128,0.0,0.0,0.0,0.0,0.0,20.254827,0.0,0.0,0.0,0.0,0.0,5.5578294,0.0,5.9466004,0.0,0.0,0.0,0.0,0.0,0.0,0.0,0.0,0.21839866,0.0,0.0,0.0,1.6070237,0.0,0.0,0.0,3.4017766,0.0,0.0,0.0,0.0,0.0,10.092474,0.0,0.0,0.0,6.9503355,0.0,0.0,0.0,0.0,9.287774,0.0,0.0,0.0,0.0,0.9435405,0.0,0.0,0.0,0.0,0.0,10.238023,0.0,0.0,0.0,0.0,0.0,0.0,0.9625976,0.0,0.0,13.96278,0.0,0.0,0.0,2.772547,0.0,0.0,0.0,0.0,0.0,0.0,0.0,0.0,0.0,0.0,0.0,0.0,0.0,0.0,0.0
0.0,7.37903,0.0,3.1930628,0.0,0.0,0.0,0.0,0.0,0.0,0.45603544,0.0,0.0,0.0,0.9352781,0.0,9.0071945,0.0,0.0,0.0,0.0,5.2582364,0.0,0.0,0.0,0.0,0.0,0.0,0.0,0.0,0.0,0.0,0.0,0.0,0.0,0.0,0.0,0.0,8.214737,0.0,0.0,0.0,0.0,0.0,0.0,0.0,0.0,0.0,0.0,0.0,0.0,0.0,0.0,0.0,0.0,0.0,4.309658,0.0,0.0,0.0,0.0,0.0,0.0,3.6457741,0.0,0.0,4.4871864,0.0,0.0,0.0,0.0,0.0,0.0,0.0,0.0,0.0,0.0,0.0,0.0,0.0,0.0,0.0,0.0,0.0,0.0,0.0,0.0,0.0,0.0,0.0,0.0,0.0,0.0,0.0,0.0,3.0785048,0.0,16.127739,0.0,0.0,0.0,0.0,0.0,0.0,20.9241,0.0,0.0,0.0,6.9909134,0.0,0.0,0.0,0.0,0.0,4.455587,0.0,6.8020887,0.0,0.0,0.0,0.0,0.0,0.0,0.0,3.6144335,0.0,0.0,0.0
0.0,3.5216386,0.0,8.576731,0.0,0.0,0.0,0.0,0.0,0.0,0.0,0.0,0.0,0.0,0.0,0.0,10.279922,0.0,0.0,0.0,0.0,3.5989218,0.0,0.0,0.0,0.0,0.0,0.0,0.0,0.0,0.0,0.0,0.0,0.0,0.0,0.0,0.0,0.0,0.49015093,0.0,0.0,0.0,0.0,0.0,0.0,0.0,0.0,0.0,0.0,0.0,0.0,0.0,0.0,0.0,0.0,0.0,7.193229,0.0,0.0,0.0,0.0,0.0,0.0,1.8977661,0.0,0.0,4.4664307,0.0,0.0,0.0,0.0,0.0,0.0,0.0,0.0,0.0,0.0,0.0,0.0,0.0,0.0,0.0,0.0,0.0,0.0,0.0,0.0,0.0,0.0,0.0,0.0,0.0,0.0,0.6044461,0.0,4.8397026,0.32881865,5.724634,0.0,0.0,0.0,0.0,0.0,0.0,15.573197,0.0,0.0,0.0,16.818583,0.0,0.0,0.0,0.0,0.0,0.59639186,0.0,11.202105,0.0,0.0,0.0,0.0,0.0,0.0,0.0,0.23056538,0.0,0.0,0.0
0.0,0.0,0.0,0.0,0.0,0.0,0.0,0.0,0.0,0.0,0.0,0.0,0.0,0.0,0.0,0.0,0.0,6.30543,3.1399324,0.0,0.0,0.0,3.442254,0.0,0.0,0.0,0.0,0.0,0.0,0.0,0.0,0.0,0.0,0.0,5.75947,11.078749,0.0,0.0,0.0,0.0,0.0,0.0,0.0,0.0,0.0,0.0,0.0,12.987747,0.0,0.0,0.0,0.0,0.0,0.87100565,0.0,0.0,0.0,0.0,3.7204552,0.0,0.0,0.0,0.0,0.0,0.6356944,0.0,0.0,0.0,0.34928063,0.0,0.0,0.0,0.37543228,0.0,0.0,0.0,0.0,9.260559,0.0,0.0,0.0,0.0,1.1803259,0.0,0.0,0.0,0.0,0.0,0.0,0.0,0.0,1.4238797,0.0,0.0,1.9042307,0.0,0.0,0.0,1.0877254,0.0,0.0,0.0,0.0,0.0,0.0,5.9467983,0.0,0.0,0.0,3.6248136,0.0,0.0,0.4870851,0.0,0.0,0.0,0.0,0.0,0.0,0.0,0.0,0.0,0.0,0.0,0.0,0.0,0.0,0.0
0.0,0.0,0.0,0.0,0.0,0.0,0.0,0.0,0.0,0.0,9.334583,0.0,0.0,0.0,0.0,0.0,0.0,0.0,0.0,0.0,0.0,0.0,0.0,5.4003735,0.0,0.0,0.0,0.0,0.0,0.0,0.0,0.0,0.0,0.0,4.7465672,2.2707777,0.0,0.0,0.0,0.0,0.0,0.0,0.0,0.0,0.0,0.0,0.0,8.710245,0.0,0.0,0.0,0.0,0.0,4.1608577,0.0,8.595189,0.0,0.0,0.0,4.4925857,0.0,0.27897552,0.0,12.944972,0.0,3.0562325,0.0,0.0,0.0,0.0,0.0,0.0,12.419471,0.0,0.0,0.0,0.0,7.0370893,0.0,0.0,0.0,0.0,10.0152235,0.0,0.0,0.0,1.670967,0.0,0.0,0.0,0.0,0.0,10.672229,0.0,0.0,0.0,0.0,0.0,0.03944811,0.0,0.0,0.0,0.0,0.0,6.0426598,13.03676,0.0,0.0,0.0,4.4043956,0.0,0.0,0.0,0.0,0.0,0.0,0.0,0.0,0.0,0.0,0.0,0.0,0.0,0.0,0.0,0.0,0.0,0.0
0.0,0.0,0.0,0.0,0.0,0.0,0.0,0.0,0.0,0.0,0.0,0.0,0.0,0.0,0.0,0.0,0.0,0.0,0.0,0.0,0.0,0.0,0.0,2.061303,0.0,0.0,0.0,0.0,0.0,0.0,0.0,0.0,0.0,0.0,0.0,0.0,2.4074016,0.0,0.0,0.0,0.0,0.0,0.0,0.0,0.0,0.0,0.0,4.8565445,0.0,0.0,0.0,0.0,0.0,0.0,0.0,0.0,0.0,0.0,0.0,0.0,0.0,0.0,0.0,11.179969,0.0,0.0,0.0,0.0,0.19522671,0.0,0.0,0.0,14.982147,0.0,0.0,0.0,0.0,0.8321507,0.0,0.0,0.0,0.0,4.87274,0.0,0.0,0.0,0.0,8.272691,0.0,0.0,0.0,0.0,3.8895183,0.0,4.0706034,0.0,0.0,0.0,10.713008,0.0,0.0,0.0,0.0,8.2905445,12.979998,5.103379,0.0,0.0,0.0,0.9187388,0.0,0.0,0.0,0.0,0.0,0.0,0.0,0.0,0.0,0.0,0.0,0.0,0.0,0.0,0.0,0.0,0.0,0.0
0.0,4.1583366,0.0,5.061173,0.0,0.0,0.0,0.0,0.0,0.0,0.0,0.0,0.0,0.0,6.2683845,0.0,2.4486468,0.0,0.0,0.0,0.0,6.9833403,0.0,0.0,0.0,0.0,0.0,0.4725577,0.0,0.0,0.0,0.0,0.0,0.0,0.0,0.0,0.0,0.0,0.0,0.0,0.0,0.0,0.0,0.0,0.0,0.0,0.0,0.0,0.0,0.0,0.0,0.0,0.0,0.0,0.0,0.0,0.0,0.0,0.0,0.0,0.0,0.0,0.0,0.0,0.0,0.0,5.8163776,0.0,0.0,0.0,0.0,0.0,0.0,0.0,0.0,0.0,1.5338837,0.0,0.0,0.0,0.0,0.0,0.0,0.0,0.0,0.0,0.0,0.0,0.0,0.0,0.0,0.0,0.0,6.2974725,0.0,6.1233387,0.0,5.182293,0.0,0.0,0.0,0.0,0.0,0.0,10.624577,0.0,0.61338395,0.0,3.695672,0.0,0.0,0.0,0.0,0.0,5.6188393,0.0,13.676669,0.0,0.0,0.0,0.0,0.0,10.984752,0.0,0.0,0.0,0.0,0.0
0.0,0.0,0.0,0.0,0.0,0.0,0.0,0.0,0.0,0.0,0.0,0.0,0.0,0.0,0.0,0.0,0.0,1.7105738,2.9802456,0.0,0.0,0.802849,0.0,0.0,0.0,0.0,0.0,0.0,0.0,0.0,0.0,0.0,0.0,0.0,0.0,2.8035452,0.0,0.0,0.0,0.0,0.0,0.0,0.0,0.0,0.0,0.0,0.0,0.0,2.6031675,0.0,0.0,0.0,0.0,0.0,0.0,0.0,0.0,0.0,0.0,0.0,0.0,0.0,0.0,0.0,0.0,0.0,3.4597313,0.0,0.0,0.0,0.0,0.0,0.0,0.0,0.0,0.0,0.0,0.105817795,0.0,0.0,0.0,0.0,0.0,0.0,1.4159914,0.0,0.0,0.0,0.0,1.0244823,0.0,0.0,0.0,3.3281162,5.0691004,0.0,0.0,0.0,1.2152686,0.0,0.0,0.0,0.0,0.0,0.0,0.0,0.0,0.0,0.0,2.5775895,0.0,0.0,0.0,0.0,0.0,0.0,0.0,0.0,0.0,0.0,0.0,0.0,7.0165014,0.0,0.0,0.0,0.0,0.0
0.0,0.0,0.0,0.0,0.0,0.0,0.0,0.0,0.0,0.0,0.0,0.0,1.7124913,0.0,0.0,0.9586137,0.0,4.985656,0.0,0.0,0.0,0.0,0.0,0.0,0.0,0.0,0.0,0.0,0.0,0.0,0.0,0.0,0.0,0.0,0.0,5.033072,0.0,0.0,0.0,0.0,0.0,0.0,0.0,0.0,0.0,0.0,0.0,4.1309104,0.0,0.0,0.0,0.0,0.0,0.88872224,0.0,0.0,0.0,0.0,0.0,0.0,0.0,0.0,0.0,0.9434577,7.542012,4.6677284,0.0,0.0,0.75684583,0.0,0.0,0.0,0.52658176,0.0,0.0,0.0,0.0,2.8479548,0.0,0.0,5.3854246,0.0,0.0,0.0,3.385458,0.0,0.0,0.0,0.0,0.0,0.0,6.3082085,0.0,0.0,2.0064676,0.0,0.0,0.0,13.42881,0.0,0.0,0.0,0.0,0.0,0.0,0.0,0.0,0.0,0.0,0.0,1.3663152,0.0,5.0067663,0.0,0.0,0.0,0.0,0.0,0.0,0.0,0.0,0.0,1.4650112,0.0,0.0,0.0,0.0,0.0
0.0,0.0,0.0,0.0,0.0,0.0,0.0,0.0,0.0,0.0,0.0,0.0,0.0,0.0,0.0,0.0,0.0,0.64879435,5.8074017,0.0,0.0,0.0,0.0,0.0,0.0,0.0,0.0,2.415264,0.0,0.0,0.0,0.0,0.0,0.0,0.0,9.517167,0.0,0.0,0.0,0.0,0.0,0.0,0.0,0.0,0.0,0.0,0.0,1.8716813,3.6443512,0.0,0.0,0.0,0.0,1.123964,0.0,0.0,0.0,0.0,0.0,0.0,0.0,0.0,0.0,0.0,1.0752338,0.0,0.0,0.0,2.6578257,0.0,0.0,0.0,0.0,0.0,0.0,0.0,0.0,3.1090524,0.0,0.0,2.2150235,0.0,0.0,0.0,7.69906,0.0,0.0,0.0,0.0,0.0,0.0,0.0,0.0,0.0,4.6791883,0.0,0.0,0.0,7.742724,0.0,0.0,0.0,0.0,0.0,0.0,4.3845763,0.0,0.0,0.0,3.7541611,0.0,0.0,2.0781837,0.0,0.0,0.0,0.0,0.0,0.0,0.0,0.0,0.0,6.3897943,0.0,0.0,0.0,0.0,0.0
0.0,0.0,0.0,0.0,0.0,0.0,0.0,0.0,0.0,0.0,0.0,0.0,0.0,0.0,0.0,0.0,0.0,0.0,0.9039418,0.0,0.0,0.0,0.0,0.0,0.0,0.0,0.0,0.0,0.0,0.0,0.0,0.0,0.0,0.0,0.0,2.248084,0.0,0.0,0.0,0.0,0.0,0.0,0.0,0.0,0.0,0.0,0.0,5.0444145,0.0,0.0,0.0,0.0,0.0,5.3198442,0.0,0.9571618,0.0,0.0,0.0,0.0,0.0,0.0,0.0,8.276182,0.915836,1.0488516,0.0,0.0,6.305539,0.0,0.0,0.0,4.4394145,0.0,0.0,0.0,0.0,8.226436,0.0,0.0,3.579206,0.0,0.8186612,0.0,4.630684,0.0,0.0,0.0,0.0,0.0,0.0,2.5430882,1.8160164,0.0,3.1022594,0.0,0.0,0.0,9.803564,0.0,0.0,0.0,0.0,1.3807446,0.0,8.651094,0.0,0.0,0.0,2.602071,2.8088286,0.0,0.0,0.0,0.0,0.0,0.0,0.0,0.0,0.0,0.0,0.0,0.0,0.0,0.0,0.0,0.0,0.0
0.0,0.0,0.0,0.0,0.0,0.0,0.0,0.0,0.0,0.0,0.0,0.0,0.0,0.0,0.0,0.0,0.0,0.0,4.839577,0.0,0.0,0.0,0.0,0.0,0.0,0.0,0.0,0.0,0.0,0.0,0.0,0.0,0.0,0.0,0.0,7.9937005,0.0,0.0,0.0,0.0,0.0,1.7439502,0.0,0.0,0.0,0.0,0.0,4.187243,2.4260824,0.0,0.0,0.0,0.0,0.8724032,0.0,0.0,0.0,0.0,0.0,0.0,0.0,0.0,0.0,0.0,3.5194526,0.0,0.0,0.0,2.443394,0.0,0.0,0.0,0.0,0.0,0.0,0.0,0.0,0.5533084,0.0,0.0,0.0,0.0,1.4079297,0.0,6.02185,0.0,0.0,0.0,0.0,0.0,0.0,0.0,0.0,0.0,8.137232,0.0,0.0,0.0,9.1431675,0.0,0.0,0.0,0.0,0.0,0.0,3.7267766,0.0,0.0,0.0,7.435929,0.0,0.0,1.025312,0.0,0.0,0.0,0.0,0.0,0.0,0.0,0.0,0.0,8.704089,0.0,0.0,0.0,0.0,0.0
0.0,0.0,0.0,0.0,0.0,5.9820914,0.0,0.0,0.0,0.0,0.0,0.0,0.17243685,0.0,0.0,0.0,0.0,0.0,0.0,0.0,0.0,0.41754013,0.0,0.0,0.0,0.0,0.0,0.0,0.0,0.0,0.0,0.0,0.0,0.0,0.0,5.267458,0.0,0.0,0.0,0.0,0.0,0.0,0.0,0.0,0.0,0.0,0.0,0.0,9.154808,0.0,0.0,0.0,0.0,0.0,0.0,0.0,0.0,0.0,0.0,0.0,0.0,1.2156909,0.0,0.0,0.0,0.0,0.0,0.0,3.8424528,0.0,0.0,0.0,0.0,0.0,0.0,0.0,0.0,0.0,0.0,0.0,0.0,0.0,0.0,0.0,7.4087954,0.0,0.0,0.0,0.0,3.3127034,0.0,0.0,0.8316488,1.9424921,10.292725,0.0,0.0,0.0,7.3964133,0.0,0.0,0.0,0.0,0.0,0.0,0.0,0.0,0.0,0.0,10.276552,0.0,0.0,0.0,0.0,0.0,0.0,0.0,0.0,0.0,0.0,0.0,0.0,7.286639,0.0,0.0,0.0,0.0,0.0
0.0,4.5350456,0.0,3.6411066,2.147671,0.0,0.0,0.0,0.0,0.0,7.6967554,0.0,0.0,0.0,0.0,6.053531,14.994957,0.0,0.0,0.0,0.0,0.0,0.0,0.0,0.0,0.0,0.0,0.0,0.0,0.0,0.0,0.0,0.0,0.0,10.684876,0.0,0.0,0.0,0.0,0.0,0.0,0.0,0.0,0.0,0.0,0.0,0.0,0.0,0.0,0.0,0.0,0.0,0.0,0.0,0.0,0.89869463,0.0,8.82987,0.0,0.0,0.0,0.0,0.0,0.0,0.0,0.0,2.6593423,0.0,0.0,0.0,0.0,0.0,0.0,0.0,0.0,0.0,10.705561,0.0,0.0,0.0,0.0,0.0,0.0,0.0,0.0,0.0,0.0,0.0,0.0,0.0,0.0,2.4076536,0.0,7.226066,0.0,1.0935665,0.0,4.0142465,0.0,0.0,0.0,0.0,0.0,0.0,0.0,0.0,0.0,0.0,8.401353,0.0,0.0,0.0,0.0,0.0,0.0,0.0,0.0,0.0,0.0,0.0,8.354447,0.0,0.0,0.0,0.0,0.0,0.0,0.0
0.0,0.0,0.0,3.9196975,0.85353106,0.0,0.0,0.0,0.0,0.0,14.4915905,0.0,0.0,0.0,2.2259073,0.0,6.1945276,0.0,0.0,0.0,0.0,0.0,4.8096123,0.0,0.0,0.0,0.0,0.0,0.0,0.061620694,0.0,0.0,0.0,0.0,5.0837393,0.0,0.0,0.0,0.69682324,0.0,0.0,0.0,0.0,0.0,0.0,0.0,0.0,0.0,0.13961193,0.0,0.0,0.0,7.283427,5.3700542,0.0,3.623674,0.0,7.9953065,0.0,0.0,0.0,0.0,0.0,0.57978463,0.0,0.0,0.0,0.0,0.0,0.0,0.0,0.0,0.5763532,0.0,0.0,0.0,0.0,5.0489864,0.0,0.0,0.0,0.0,0.0,6.9198165,0.24166271,0.0,0.0,0.0,0.0,0.0,0.0,0.0,0.0,1.8508648,0.0,0.0,6.2034445,6.4081078,0.0,6.3539605,0.0,0.94630694,0.0,0.0,5.0250025,0.0,0.0,0.0,5.2773237,0.0,6.172598,0.0,0.0,0.0,0.0,0.0,5.175492,0.0,0.0,0.0,0.0,0.0,6.9103875,0.0,5.312927,0.0,0.0,0.0
0.0,0.0,0.0,0.0,0.0,0.0,0.0,0.0,0.0,0.0,0.0,0.0,0.0,0.0,0.0,0.0,0.0,3.220061,5.357071,0.0,0.0,0.0,0.0,0.0,0.0,0.0,0.0,1.2231928,0.0,0.0,0.0,0.0,0.0,0.0,0.0,7.012063,0.0,0.0,0.0,0.0,0.0,0.0,0.0,0.0,0.0,0.0,0.0,0.0,2.1492069,0.0,0.0,0.0,0.0,0.0,0.0,0.0,0.0,0.0,0.5701241,0.0,0.0,0.0,0.0,0.0,1.4728197,1.9670528,4.947445,0.0,0.0,0.0,0.0,0.0,0.0,0.0,0.0,0.0,0.0,0.9869683,0.0,0.0,0.0,0.0,0.0,0.0,1.6667651,0.0,0.0,0.0,0.0,0.0,0.0,1.9501,0.0,2.9457853,0.5361315,0.0,0.0,0.0,0.0,0.0,0.0,0.0,0.0,0.0,0.0,0.0,0.0,0.0,0.0,1.3705344,0.0,0.0,0.0,0.0,0.0,0.0,0.0,0.0,0.0,0.0,0.0,0.0,2.6539783,0.0,0.0,0.0,0.0,0.0
0.0,0.0,0.0,6.4835577,0.0,0.0,0.0,0.0,0.45006245,0.0,5.3699236,0.0,0.0,0.0,0.0,0.46643743,4.8882675,0.0,7.5950904,0.0,0.0,0.0,14.26819,7.601022,0.0,0.0,0.0,0.0,0.0,1.8571624,0.0,0.0,0.0,0.0,10.924211,0.0,0.0,0.0,0.0,0.0,0.0,4.085435,0.0,0.0,0.0,0.0,0.0,8.062469,0.0,0.0,0.0,0.0,0.0,0.7876214,0.0,0.0,0.0,0.0,0.0,6.2820916,0.0,0.0,0.0,3.2771373,0.0,0.0,0.0,0.0,0.0,0.0,0.0,0.0,0.0,0.0,0.0,0.0,0.0,0.67651874,0.0,0.0,0.0,0.0,0.0,0.0,0.0,0.0,0.0,0.0,0.0,0.0,0.0,0.0,12.969564,0.0,0.0,0.0,0.0,9.275745,0.0,0.0,0.0,0.0,0.0,0.0,0.0,2.970309,0.0,0.0,0.0,0.0,2.9506757,0.0,0.0,0.98819345,0.0,0.0,0.0,0.0,0.0,0.0,0.0,0.0,0.0,0.0,0.0,0.0,0.0,0.0
0.0,0.0,0.0,0.0,0.0,0.0,0.0,0.0,0.0,0.0,0.0,0.0,0.0,0.0,0.0,6.673277,0.0,5.2663736,8.027806,0.0,0.0,0.0,0.0,0.0,0.0,0.0,0.0,0.0,0.0,1.6155858,0.024443306,0.0,0.0,0.0,2.0593753,0.0,0.0,0.0,0.0,0.0,0.0,0.0,0.0,0.0,0.0,0.0,0.0,5.3203816,0.0,0.0,0.0,0.0,0.0,3.651343,0.0,2.707653,0.0,0.0,0.0,0.0,0.0,0.0,0.0,0.0,5.8189907,6.3342204,0.0,0.0,0.0,0.0,4.383361,0.0,0.0,0.0,0.0,0.0,0.0,2.251665,0.0,0.0,3.982674,0.0,0.0,0.0,0.14062597,0.0,0.0,1.3108208,0.0,0.0,0.0,5.0612555,0.0,0.0,0.0,0.0,0.0,0.0,5.809206,0.0,0.0,0.0,0.0,0.0,0.0,0.11831365,0.17089468,0.27899846,0.0,0.0,3.0479841,0.0,2.5990415,0.0,0.0,0.0,0.0,0.0,0.0,0.0,0.0,0.0,0.41904277,0.0,0.0,0.0,0.0,0.0
0.0,0.0,0.0,0.0,0.0,0.0,0.0,0.0,0.0,0.0,3.7416494,0.0,0.0,0.23588401,0.0,1.7698996,0.0,1.2434134,11.472916,0.0,0.0,0.0,0.0,0.0,0.0,0.0,0.0,1.1735134,0.0,0.0,0.0,0.0,0.0,0.0,0.8439651,5.749964,0.0,0.0,0.0,0.0,0.0,0.0,0.0,0.0,0.0,0.0,0.0,3.3559542,0.0,0.0,0.0,0.0,0.0,5.501722,0.0,0.0,0.0,0.0,0.0,0.0,0.0,0.0,0.0,0.0,2.8492408,3.5669172,0.0,0.0,0.0,0.0,0.0,0.0,0.0,0.0,0.0,0.0,0.0,0.0,0.0,0.0,4.1047115,0.0,2.2821767,0.0,5.044773,0.0,0.0,0.0,0.0,0.0,0.0,0.0,0.0,0.0,0.0,0.0,0.0,0.0,2.6980095,0.0,0.0,0.0,0.0,0.0,0.0,4.79606,0.0,0.0,0.0,0.30878818,0.0,0.0,0.6865132,0.0,0.0,0.0,0.0,0.0,0.0,0.0,0.0,0.0,2.4029996,0.0,0.0,0.0,0.0,0.0
0.0,0.0,0.0,0.0,0.0,0.0,0.0,0.0,0.0,0.0,0.0,0.0,0.0,0.0,0.0,0.8853457,0.0,0.0,1.5491741,0.0,0.0,0.0,0.0,0.0,0.0,0.0,0.0,0.0,0.0,0.0,0.0,0.0,0.0,0.0,0.9530914,1.4723866,0.0,0.0,0.0,0.0,0.0,0.0,0.0,0.0,0.0,0.0,0.0,1.3697183,0.0,0.0,0.0,0.0,0.0,4.8324428,0.0,0.18217619,0.0,0.0,0.0,0.0,0.0,0.0,0.0,2.6365006,2.0111825,1.4821782,0.0,0.0,2.7439904,0.0,0.0,0.0,1.5335068,0.0,0.0,0.0,0.0,3.0712705,0.0,0.0,1.5638846,0.0,1.6325237,0.0,3.3105664,0.0,0.0,0.0,0.0,0.0,0.0,1.388691,0.0,0.0,0.0813115,0.0,0.0,0.0,9.7276745,0.0,0.0,0.0,0.0,1.846628,0.0,2.514177,0.0,0.0,0.0,0.0,1.8682013,0.0,1.69737,0.0,0.0,0.0,0.0,0.0,0.0,0.0,0.0,0.0,0.0,0.0,0.0,0.0,0.0,0.0
0.0,0.0,0.0,0.0,0.0,0.0,0.0,0.0,0.0,0.0,0.0,0.0,0.0,0.0,0.0,4.878085,0.0,5.4558167,4.66682,0.0,0.0,0.0,0.0,2.4821703,0.0,0.0,0.0,0.0,0.0,1.1509999,0.73397285,0.0,0.0,0.0,4.1086807,0.50849086,0.0,0.0,0.0,0.0,0.0,0.0,0.0,0.0,0.0,0.0,0.0,4.1185646,0.0,0.0,0.0,0.0,0.0,5.482735,0.0,3.7849057,0.0,0.0,0.0,0.0,0.0,0.0,0.0,4.143816,4.8551435,4.917103,0.0,0.0,0.0,0.0,2.0345871,0.0,1.955427,0.0,0.0,0.0,0.0,1.0422225,0.0,0.0,6.6169367,0.0,0.0,0.0,2.5815039,0.0,0.0,0.72564876,0.0,0.0,0.0,3.864292,2.9330902,0.0,0.0,0.0,0.0,0.0,9.500755,0.0,0.0,0.0,0.0,0.0,0.0,1.8256332,0.0,2.1442177,0.0,0.0,1.1585213,0.0,4.644343,0.0,0.0,0.0,0.0,0.0,0.0,0.0,0.0,0.0,0.0,0.0,0.0,0.0,0.0,0.0
0.0,0.0,0.0,0.0,0.0,0.0,0.0,0.0,0.0,0.0,0.0,0.0,0.0,0.0,0.0,0.0,0.0,3.7110198,0.0,0.0,0.0,0.0,0.0,0.0,0.0,0.0,0.0,0.0,0.0,0.0,0.0,0.0,0.0,0.0,0.0,2.903464,0.0,0.0,0.0,0.0,0.0,0.0,0.0,0.0,0.0,0.0,0.0,0.0,0.0,0.0,0.0,0.0,0.0,0.0,0.0,0.0,0.0,0.0,0.0,0.0,0.0,0.0,0.0,0.0,4.8737783,1.4712869,7.150174,0.0,0.0,0.0,0.0,0.0,0.0,0.0,0.0,0.0,0.0,0.0,0.0,0.0,0.0,0.0,0.0,0.0,0.0,0.0,0.0,0.0,0.0,0.0,0.0,10.817199,0.0,10.156625,0.0,0.0,0.0,0.0,0.0,0.0,0.0,0.0,0.0,0.0,0.0,0.0,0.0,0.0,0.0,0.0,0.0,0.0,0.0,0.0,0.0,0.0,0.0,0.0,0.0,0.0,0.0,0.0,0.0,0.0,0.0,0.0,0.0,0.0
0.0,0.0,0.0,0.0,0.0,0.0,0.0,0.0,0.0,0.0,7.3564396,0.0,0.0,0.0,0.0,4.1888204,0.0,1.7010607,13.105429,0.0,0.0,0.0,6.5387454,9.932559,0.0,0.0,0.0,0.0,0.0,2.8953505,0.0,0.0,0.0,0.0,9.346906,0.0,0.0,0.0,0.0,0.0,0.0,0.0,0.0,0.0,0.0,0.0,0.0,5.500894,0.0,0.0,0.0,0.0,0.0,7.1066513,0.0,0.0,0.0,0.0,0.0,0.10763235,0.0,0.0,0.0,11.550045,0.0,6.4298353,0.0,0.0,1.2501035,0.0,2.953575,0.0,0.4066412,0.0,0.0,0.0,0.0,6.3412714,0.0,0.0,0.0,0.0,0.0,0.0,0.0,0.0,5.0289316,0.0,0.0,0.0,0.04643718,0.0,9.029948,0.0,0.0,0.0,0.0,4.3138366,0.0,0.0,0.0,0.0,0.0,0.0,0.0,11.818608,0.0,0.0,0.0,2.8818722,0.0,0.0,0.0,0.0,0.0,0.0,0.0,0.0,0.0,0.0,0.0,0.0,0.0,2.9493604,0.0,0.0,0.0,0.0
0.0,0.0,0.0,4.4315915,0.0,0.0,0.0,0.0,0.0,0.0,2.1963418,0.0,0.0,0.0,3.2852714,0.0,0.5513179,0.0,0.0,0.0,0.0,3.1667366,0.0,0.0,0.0,0.0,0.0,0.0,0.0,0.0,0.0,0.0,0.0,0.0,0.0,0.0,0.0,0.0,0.04761265,0.0,0.0,0.0,0.0,0.0,0.0,0.0,0.0,0.0,0.0,0.0,0.0,0.0,0.0,0.0,0.0,0.0,0.3357411,3.045448,0.0,0.0,0.0,0.0,0.0,0.0,0.0,0.09120255,0.0,0.0,0.0,5.4070272,0.0,0.0,0.0,0.0,0.0,0.0,0.0,0.0,0.0,0.0,0.0,0.0,0.0,0.7946009,2.1576633,0.0,0.0,0.0,0.0,0.0,0.0,0.0,0.0,4.0865827,0.0,2.7524295,1.1913567,0.0,0.0,0.0,0.0,0.0,0.0,0.0,2.5888891,0.0,0.0,0.0,8.880478,0.0,2.7378106,0.0,0.0,0.0,0.320637,0.0,5.4982934,0.0,0.0,0.0,0.0,0.0,6.959761,0.0,0.6634307,0.0,0.0,0.0
0.0,15.780202,0.0,7.831243,14.250201,0.0,0.0,0.0,0.0,0.0,0.0,0.0,0.0,0.0,0.0,2.7368839,16.71186,0.0,1.8032277,0.0,0.0,0.0,0.0,1.9177898,0.0,0.0,0.0,0.0,0.0,0.0,0.0,0.0,0.0,0.0,4.915361,1.2911495,0.0,0.0,11.438143,0.0,0.0,2.909761,0.0,0.0,0.0,0.0,0.0,0.0,8.350275,0.0,0.0,0.0,0.0,0.0,0.0,0.0,0.0,8.687384,0.0,0.0,0.0,0.0,0.0,0.0,0.0,0.0,6.1644206,0.0,0.0,0.0,0.0,0.0,0.0,0.0,0.0,0.0,0.0,0.0,0.0,0.0,0.0,0.0,0.0,0.0,0.0,0.0,0.0,0.0,0.0,0.0,0.0,0.0,4.055011,0.0,0.0,8.659592,0.0,21.28519,0.0,0.0,0.0,0.0,0.0,0.0,0.0760322,0.0,0.0,0.0,0.0,0.0,0.0,0.0,0.0,0.0,10.839139,0.0,0.0,0.0,0.0,0.0,0.0,0.0,0.0,0.0,0.0,0.0,0.0,0.0
0.0,0.0,0.0,4.0784464,0.0,0.0,0.0,0.0,0.0,0.0,0.0,0.0,0.0,0.0,0.0,0.0,6.4591246,0.0,0.0,0.0,0.0,3.4684305,0.0,0.0,0.0,0.0,0.0,6.691041,0.0,0.0,0.0,0.0,0.0,0.0,0.0,0.0,0.0,0.0,4.7363267,0.0,0.0,0.0,0.0,0.0,0.0,0.0,0.0,0.0,0.6555791,0.0,0.0,0.0,0.0,4.2118654,0.0,0.0,0.0,0.0,0.0,0.0,0.0,0.0,0.0,0.0,0.0,0.0,7.196255,0.0,0.0,0.0,0.0,0.0,0.0,0.0,0.0,0.0,3.2324514,0.0,0.0,0.0,0.0,0.0,0.0,0.0,0.0,0.0,0.0,0.0,0.0,0.0,0.0,0.0,0.0,0.0,0.0,9.077379,0.0,9.648129,0.0,7.3807445,0.0,0.0,0.0,0.0,0.0,0.0,0.0,0.0,0.0,0.0,0.0,0.0,0.0,0.0,1.2684213,0.0,16.15138,0.0,0.0,0.0,0.0,0.0,14.507815,0.0,1.9892093,0.0,0.0,0.0
0.0,5.327633,0.0,4.688888,2.327603,0.0,0.0,0.0,0.0,0.0,5.260415,0.0,0.0,0.0,0.47811028,2.1997447,10.066925,0.0,0.0,0.0,0.0,0.0,0.0,3.768041,0.0,0.0,0.0,0.0,0.0,0.0,0.0,0.0,0.0,0.0,6.365699,0.0,0.0,0.0,0.12909424,0.0,3.740207,0.7508305,0.0,0.0,0.0,0.0,0.0,0.0,0.0,0.0,0.0,0.0,0.0,0.0,0.0,0.0,0.0,8.845335,0.0,0.0,0.0,0.0,0.0,0.4418767,0.0,0.0,0.0,0.0,0.0,0.0,0.0,0.0,0.0,0.0,0.0,0.0,3.7888315,0.0,0.0,0.0,0.0,0.0,0.0,0.0,0.0,0.0,0.0,0.0,0.0,0.0,0.0,0.0,0.0,0.0,0.0,8.129634,0.0,7.097014,0.0,0.0,0.0,0.0,0.0,0.0,2.2381165,0.0,0.0,0.0,8.859808,0.0,0.0,0.0,0.0,0.0,0.45706317,0.0,0.0,0.0,0.0,0.0,0.0,0.0,0.0,0.0,0.0,0.0,0.0,0.0
0.0,0.0,0.0,0.0,0.0,0.0,0.0,0.0,0.0,0.0,0.0,0.0,0.6604183,0.0,0.0,0.0,0.0,0.0,0.004048463,0.0,0.0,0.0,0.0,0.0,0.0,0.0,0.0,0.0,0.0,0.0,0.0,0.0,0.0,0.0,0.0,3.7162807,0.0,0.0,0.0,0.0,0.0,0.0,0.0,0.0,0.0,0.0,0.0,0.117412135,0.0,0.0,0.0,0.0,0.0,1.1004965,0.0,0.0,0.0,0.0,0.0,0.0,0.0,0.0,0.0,3.2573607,2.2938979,0.0,0.0,0.0,5.755771,0.0,0.0,0.0,0.4965489,0.0,0.0,0.0,0.0,2.478151,0.0,0.0,2.942427,0.0,0.0,0.0,6.385609,0.0,0.0,0.0,0.0,0.0,0.0,1.4820367,0.0,0.0,2.6030152,0.0,0.0,0.0,11.311255,0.0,0.0,0.0,0.0,0.0,0.0,0.3111911,0.0,0.0,0.0,0.6795284,1.0055426,0.0,2.3632379,0.0,0.0,0.0,0.0,0.0,0.0,0.0,0.0,0.0,0.0,0.0,0.0,0.0,0.0,0.0
0.0,0.0,2.7114522,0.0,0.0,0.0,0.0,0.0,0.0,0.0,0.0,0.0,0.0,0.0,0.0,0.77770376,0.0,0.0,0.0,0.0,0.0,0.0,0.0,0.4820846,0.0,0.0,0.0,0.0,0.0,0.0,0.0,0.0,0.0,0.0,0.0,0.0,0.0,0.0,0.0,0.0,0.0,0.0,0.0,0.0,0.0,0.0,0.0,0.0,0.0,0.0,0.0,0.0,0.0,6.0605283,0.0,3.215002,0.0,0.0,0.0,0.0,0.0,0.0,0.0,4.0771976,0.19534324,2.5375001,0.0,0.0,0.7334546,0.0,2.150135,0.0,7.997049,0.0,0.0,0.0,0.0,4.1573935,0.0,0.0,4.1357126,0.0,1.3440057,0.0,1.9833567,0.0,0.0,0.0,0.0,0.0,0.0,0.0,0.0,0.0,1.6745493,0.0,0.0,0.0,14.503706,0.0,0.0,0.0,0.0,4.7949524,0.0,3.6121507,0.0,0.0,0.0,1.6554801,5.507106,0.0,0.0,0.0,0.0,0.0,0.0,0.0,0.0,0.0,0.0,0.0,0.0,0.0,0.0,0.0,0.0,0.0
