1.0828314,0.0,0.0,0.0,0.0,3.1020193,0.0,0.0,0.0,0.0,2.363102,0.0,0.2307803,0.0,0.0,0.0,0.0,0.0,0.0,0.0,0.0,0.0,0.0,0.0,0.9166874,0.0,0.0,0.0,0.0,1.9464482,0.5799395,0.0,0.0,0.0,0.0,0.0,0.0,0.32481605,0.0,2.4984987,0.0,0.0,0.0,0.0,0.0,0.0,7.5994587,1.2720315,3.6303277,1.4079514,0.0,3.6174674,0.0,0.0,0.0,0.0,1.2620587,0.0,0.0,0.0,0.0,0.0,0.0,0.0,0.0,0.0,0.0,0.0,0.0,0.0,0.0,0.0,0.0,0.0,0.0,0.0,2.604517,0.0,0.0,0.0,0.0,0.0,0.0,0.0,0.0,0.0,0.0,0.0,0.0,0.0,0.0,0.0,0.0,0.0,0.0,0.0,2.4465146,0.0,0.0,0.0,0.0,0.0,0.0,0.0,0.0,0.0,0.0,7.921595,0.0,0.0,0.0,0.0,0.0,0.0,0.0,7.1798134,3.1143963,0.0,0.0,0.0,0.0,0.0,0.0,0.0,0.0,0.33391094,0.0,0.0
1.6493139,0.0,3.590221,0.0,0.0,0.0,0.0,0.0,0.0,0.0,13.052745,0.0,0.0,0.0,0.0,0.0,0.0,0.0,0.0,0.0,0.0,0.0,0.0,1.0820305,0.0,0.0,0.0,0.0,0.0,0.0,3.5509453,0.0,0.0,0.0,0.0,0.0,0.0,0.747373,0.0,3.7024357,0.0,0.0,0.0,0.0,8.232031,0.0,0.0,5.2483897,0.0,0.0,0.0,0.0,0.0,0.0,0.0,0.0,0.0,0.0,0.0,0.0,0.0,0.0,0.0,0.0,0.0,0.0,0.0,0.31627032,0.5378196,0.0,0.0,0.0,0.0,0.0,0.0,0.0,4.194768,0.0,0.0,0.0,1.2250164,0.0,0.0,0.0,0.0,0.0,0.0,0.0,0.0,0.0,0.0,0.0,0.0,0.0,0.0,0.0,0.0,0.0,0.0,0.0,0.0,0.0,1.9566908,0.0,0.0,0.0,0.0,0.0,0.0,0.0,0.0,0.0,2.9970045,0.0,0.0,6.8898854,0.0,0.0,0.0,0.0,0.0,0.0,0.0,0.0,0.0,0.0,0.0,0.0
0.0,0.0,0.0,0.0,0.0,0.0,6.115241,0.0,0.0,0.0,0.0,0.0,3.0314655,2.214806,0.0,0.0,0.0,0.0,0.0,0.0,0.0,1.9802922,0.0,0.78042316,0.0,0.0,0.0,0.0,0.0,0.0,0.0,0.0,0.0,0.0,0.0,0.0,0.735716,0.0,3.5403295,0.0,0.0,0.0,0.0,0.0,0.0,0.0,0.0,0.0,0.0,0.0,0.0,0.0,0.0,0.0,0.0,0.0,0.0,0.0,0.0,0.0,0.0,0.0,0.0,0.0,0.0,0.0,0.0,0.0,3.6788034,0.0,0.0,1.6126096,0.0,0.0,0.0,0.0,0.60174984,0.0,0.0,0.0,0.0,0.0,0.0,0.0,0.032778323,0.0,0.0,4.5809603,0.0,0.0,0.0,0.0,0.0,0.0,0.0,0.0,0.0,0.0,0.0,0.0,0.0,0.0,2.5611563,5.2611604,0.0,0.0,0.0,0.0,0.0,5.2273135,0.0,0.0,0.0,0.0,0.0,0.0,0.0,0.0,0.0,0.0,0.0,0.0,0.0,0.0,0.0,7.4399967,4.0102763,0.0
0.0,0.0,0.0,0.0,0.0,0.0,4.0975776,0.0,0.0,0.0,1.2877792,0.0,0.0,0.0,0.0,0.0,0.0,0.0,0.0,0.0,0.0,0.0,0.0,0.0,2.0746381,0.0,0.0,0.0,0.0,0.6259074,0.0,0.0,0.0,0.0,0.0,0.0,1.399988,0.0,0.0,6.715211,0.0,0.0,0.0,0.0,0.0,0.0,0.0,0.0,1.4143553,0.0,0.0,4.8785543,0.0,0.0,0.0,0.0,0.0,0.0,0.0,0.0,0.0,0.0,0.0,0.0,0.0,0.0,0.0,0.0,0.0,0.0,0.0,0.0,0.0,0.0,0.0,0.0,0.12455244,0.0,0.0,0.0,0.0,0.0,0.0,0.0,8.191492,0.0,0.0,0.0,0.0,0.0,0.0,0.0,0.91026896,0.0,0.0,0.0,6.217839,0.0,0.0,0.0,0.0,0.0,0.0,0.0,2.6170137,1.8196917,0.0,8.62638,0.0,0.0,0.0,0.0,3.190886,0.0,0.0,0.12841526,2.7897253,0.0,0.0,0.0,0.0,0.0,0.006096365,0.0,0.0,0.0,0.90554726,0.0
0.0,0.0,5.5872293,0.0,0.0,0.0,0.0,0.0,2.3137236,0.0,0.0,0.0,0.0,4.297223,0.0,0.0,6.7040906,0.0,0.0,6.527915,0.0,0.0,0.0,9.305838,0.0,0.0,0.0,0.0,0.0,0.0,0.0,0.0,9.187084,0.0,0.0,0.0,0.0,0.0,10.30363,0.0,0.0,0.0,0.0,0.0,0.0,0.0,0.0,0.15706831,0.0,0.0,0.0,0.0,0.0,0.0,0.0,0.0,0.0,0.0,0.0,0.0,0.0,0.0,0.0,0.0,0.0,0.0,0.0,0.0,0.0,0.0,0.0,0.0,0.0,0.0,0.0,0.0,8.542196,0.0,0.0,0.0,10.473425,0.0,0.0,0.0,0.0,0.0,0.0,3.5138695,0.0,0.0,0.0,0.0,0.0,0.0,1.3488406,0.0,1.6902571,0.0,0.0,0.0,0.0,0.0,0.0,0.0,0.0,0.0,0.0,0.0,5.841122,0.0,0.0,0.0,0.0,0.0,0.0,0.0,0.0,0.0,0.0,0.0,0.0,0.0,0.0,0.0,0.0,10.565276,0.0,0.0
0.0,0.0,0.0,0.0,0.0,0.0,9.206808,0.0,0.0,0.0,4.3580465,0.0,0.0,0.0,0.0,0.0,0.0,0.0,0.0,0.0,0.0,0.0,0.0,0.0,16.991177,0.0,0.2821512,0.0,0.0,0.0,13.464926,0.0,0.0,0.0,0.0,0.0,0.0,0.0,0.0,14.517093,0.0,0.0,0.0,0.0,0.0,0.0,0.0,0.0,7.3725405,0.0,0.0,6.84273,0.0,0.0,0.0,3.885768,0.0,0.0,0.0,0.0,0.0,0.0,0.0,0.0,0.0,0.0,0.0,0.0,0.0,0.0,0.0,0.0,0.0,0.0,0.0,0.0,0.0,0.0,0.0,0.0,0.0,0.0,0.0,0.0,7.6806164,0.0,0.0,0.0,0.0,0.0,0.0,7.2480316,0.0,0.0,0.0,0.0,0.0,0.0,0.0,0.0,0.0,0.0,9.742892,0.0,12.4127245,0.0,0.0,4.4741445,0.0,0.0,4.4685245,0.0,0.0,0.0,0.0,2.159026,0.0,0.0,0.0,0.0,0.0,0.0,5.4001727,0.0,0.0,0.0,0.0,0.0
0.0,0.0,1.896438,3.5205998,0.0,0.0,0.0,0.0,3.2905145,0.0,6.659253,0.0,0.0,0.0,0.0,0.0,0.95699227,0.0,0.0,0.0,0.0,0.0,3.4523373,5.9538403,0.0,0.0,0.0,0.0,0.0,1.5000782,2.8907664,0.0,0.0,0.0,0.0,0.0,0.0,0.0,0.0,3.9554977,0.0,0.0,0.0,0.0,2.0258646,0.0,0.0,3.4784238,0.0,0.0,0.0,0.0,0.0,0.0,0.0,0.0,0.0,0.0,0.0,0.0,0.0,0.0,0.0,0.0,0.0,0.0,0.0,0.026949424,0.0,0.0,0.0,0.0,0.0,0.0,0.0,0.55065286,5.2831726,0.0,0.0,0.0,5.3722534,0.0,0.0,0.0,0.0,0.0,0.0,0.0,0.0,0.0,0.0,0.0,0.0,0.0,3.2044528,0.0,0.54859835,0.0,0.0,0.0,0.0,0.0,0.0,0.0,0.0,0.0,0.0,0.0,0.0,0.0,0.0,0.0,4.65079,0.0,0.0,3.0902781,0.0,2.19496,0.0,0.0,0.0,0.0,0.0,0.0,0.0,0.03718011,0.0,0.0
0.0,0.0,3.9299471,2.3126152,0.0,0.0,0.0,0.0,6.29477,0.0,0.0,0.0,0.0,0.0,0.0,0.0,0.0,0.0,0.0,0.27719605,0.0,0.0,0.0,13.014337,0.0,0.0,0.0,0.0,0.0,0.0,0.0,0.0,5.610466,0.0,0.0,0.0,0.0,0.0,1.7890478,0.0,0.0,0.0,0.0,0.0,0.0,0.0,0.0,0.0,0.0,0.0,0.0,0.0,0.0,0.0,0.0,0.0,0.0,0.0,0.0,0.0,0.0,0.0,0.0,0.0,0.0,0.0,0.0,0.0,1.9735215,0.0,0.0,0.0,0.0,0.0,0.0,0.0,7.0819197,0.0,0.0,0.0,13.61959,0.0,0.0,0.0,0.0,0.0,0.0,0.15498114,0.0,0.0,0.0,0.0,0.0,0.0,7.110506,0.0,0.029839259,0.0,0.0,0.0,0.0,0.0,0.0,0.0,0.0,0.0,0.0,0.0,9.024889,0.0,0.0,0.0,0.0,0.0,0.0,2.8877904,0.0,0.0,0.0,0.0,0.0,0.0,0.0,0.0,0.0,11.514899,0.0,0.0
0.0,0.0,1.470401,0.48817137,0.0,0.0,0.0,0.0,0.8558705,0.0,0.0,0.0,3.7061574,4.953111,0.0,0.0,0.24132258,0.0,0.0,4.8680544,0.0,0.0,0.0,10.106903,0.0,0.0,0.0,0.0,0.0,0.0,0.0,0.0,6.5348964,0.0,0.0,0.0,0.0,0.0,6.168987,0.0,0.0,0.0,0.0,0.0,0.0,0.0,0.0,0.0,0.0,0.0,0.0,0.0,0.0,0.0,0.0,0.0,0.0,0.0,0.0,0.0,0.0,0.0,0.0,0.0,0.0,0.0,0.0,0.0,0.025701493,0.0,0.0,0.0,0.0,0.0,0.0,0.0,9.8296795,0.0,0.0,0.0,7.3460345,0.0,0.0,0.0,0.0,0.0,0.0,5.974594,0.0,0.0,0.0,0.0,0.0,0.0,0.0,0.0,0.21753538,0.0,0.0,0.0,0.0,0.0,0.0,0.0,0.0,0.0,0.0,0.0,9.760787,0.0,0.0,0.0,0.0,0.0,0.0,0.0,0.0,0.0,0.0,0.0,0.0,0.0,0.0,0.0,0.0,17.120787,0.0,0.0
0.0,0.0,0.0,0.9639209,0.0,0.0,0.0,0.0,2.6897612,0.0,4.228276,0.0,0.0,0.0,0.0,0.0,0.0,0.0,0.0,0.0,0.0,0.0,2.9082139,3.6998937,0.0,0.0,0.0,0.0,0.0,6.1904035,0.0,0.0,0.0,0.0,0.0,0.0,1.5094529,0.0,0.0,4.1077127,0.0,0.0,0.0,0.0,0.0,0.0,0.0,0.0,0.78963494,0.0,0.0,0.9207032,0.0,0.0,0.0,0.0,0.0,0.0,0.0,0.0,0.0,0.0,0.0,0.0,0.0,0.0,0.0,0.0,0.0,0.0,0.0,0.0,0.0,0.0,0.0,0.5189532,4.4497776,0.0,0.0,0.0,0.0,0.0,0.0,0.0,6.007401,0.0,0.0,0.0,0.0,0.0,0.0,0.0,0.3792321,0.0,0.0,0.0,8.108656,0.0,0.0,0.0,0.0,0.0,0.0,0.0,1.4849348,0.6439674,0.0,1.9779917,0.0,0.0,0.0,0.0,5.710941,0.0,0.0,0.0,5.623334,0.0,0.0,0.0,0.0,0.0,4.792208,0.0,0.0,0.0,0.06250691,0.0
5.297627,0.0,0.0,0.0,0.0,0.0,0.0,0.0,0.73972094,0.0,0.0,0.0,0.0,0.0,0.0,0.0,0.0,0.0,0.0,1.9771551,0.0,0.0,0.0,4.4419045,0.0,0.0,0.0,0.0,0.0,0.0,0.0,0.0,3.4414337,0.0,0.0,0.0,0.0,0.0,3.3404722,0.0,0.0,0.0,0.0,0.0,0.0,0.0,0.0,2.2453818,0.0,0.0,0.0,0.0,1.6541327,0.0,0.0,0.0,0.0,0.0,0.0,0.0,6.1811557,0.0,0.0,0.0,0.0,0.0,0.0,0.0,0.0,0.0,0.0,0.0,0.0,0.0,0.0,0.0,1.278058,0.0,0.0,0.0,9.344741,0.0,0.0,0.0,0.0,0.0,0.0,1.0157174,0.0,0.0,0.0,0.0,0.0,0.0,12.647895,0.0,0.0,0.0,0.0,0.0,0.0,0.0,0.0,0.0,0.0,0.0,0.0,0.0,7.264927,0.0,4.6798735,0.0,0.0,0.0,0.0,1.0239465,0.0,0.0,0.0,0.0,0.0,0.0,0.0,0.0,0.0,7.2885337,0.0,0.0
0.0,0.0,0.0,4.3126483,0.0,0.0,0.0,0.0,8.52239,0.0,0.0,0.0,0.0,0.0,0.0,0.0,0.0,0.0,0.0,0.014856494,0.0,3.5240016,0.0,10.423997,0.0,0.0,0.0,0.0,0.0,8.072857,0.0,0.0,0.0,0.0,0.0,0.0,6.5914807,0.0,8.435855,0.0,0.0,0.0,0.0,0.0,0.0,0.0,0.0,0.0,0.0,0.0,0.0,0.0,0.0,0.0,0.0,0.0,0.0,0.0,0.0,0.0,0.0,0.0,0.0,0.0,0.0,0.0,0.0,0.0,0.0,0.0,0.0,0.0,0.0,0.0,0.0,0.0,3.3920228,0.0,0.0,0.0,0.0,0.0,0.0,0.0,4.558324,0.0,0.0,0.0,0.0,0.0,4.645688,0.0,0.0,0.0,0.0,0.0,7.87659,0.0,0.0,0.0,0.0,0.0,0.0,0.0,0.0,0.0,0.0,4.1459956,0.0,0.0,0.0,0.0,6.7598686,0.0,0.0,0.0,0.0,0.0,0.0,0.0,0.0,0.0,12.796112,0.0,0.0,6.235925,0.0,0.0
0.0,0.0,0.0,0.0,0.0,0.0,4.5720706,0.0,0.0,0.0,0.0,0.0,2.3064153,2.549319,0.0,0.0,0.0,0.0,0.0,0.0,0.0,2.149817,0.0,1.6681151,0.0,0.0,0.0,0.0,0.0,0.0,0.0,0.0,0.0,0.0,0.0,0.0,0.8110725,0.0,2.019273,0.0,0.0,0.0,0.0,0.0,0.0,0.0,0.0,0.0,0.0,0.0,0.0,0.0,0.0,0.0,0.0,0.0,0.0,0.0,0.0,0.0,0.0,0.0,0.0,0.0,0.0,0.0,0.0,0.0,3.033787,0.0,0.0,1.9237673,0.0,0.0,0.0,0.0,0.3293989,0.0,0.0,0.0,0.0,0.0,0.0,0.0,1.0013896,0.0,0.0,4.712964,0.0,0.0,0.0,0.0,0.0,0.0,0.0,0.0,0.0,0.0,0.0,0.0,0.0,0.0,1.951864,3.778335,0.0,0.0,0.0,0.0,0.0,4.072911,0.0,0.0,0.0,0.0,0.0,0.0,0.0,0.0,0.0,0.17684177,0.0,0.0,0.0,0.0,0.0,5.296736,1.6771835,0.0
1.008978,0.0,2.6353514,3.2854903,0.0,0.0,0.0,0.0,2.640928,0.0,0.0,0.0,0.0,0.0,0.0,0.0,0.0,0.0,0.0,0.0,0.0,0.0,0.0,7.898719,0.0,0.0,0.0,0.0,0.0,0.0,0.0,0.0,4.719342,0.0,0.0,0.0,0.0,0.0,3.8693814,0.0,0.0,0.0,0.0,0.0,0.0,0.0,0.0,0.0,0.0,0.0,0.0,0.0,0.0,0.0,0.0,0.0,0.0,0.0,0.0,0.0,0.93143094,0.0,0.0,0.0,0.0,0.0,0.0,0.0,2.3417819,0.0,0.0,0.0,0.0,0.0,0.0,0.0,7.9630566,0.0,0.0,0.0,7.7399497,0.0,0.0,0.0,0.0,0.0,0.0,2.7199178,0.0,0.0,0.0,0.0,0.0,0.0,8.945315,0.0,0.0,0.0,0.0,0.0,0.0,0.0,0.0,0.0,0.0,0.0,0.0,0.0,10.388686,0.0,0.0,0.0,0.0,0.0,0.0,2.7773116,0.0,0.0,0.0,0.0,0.0,0.0,0.0,0.0,0.0,9.317099,0.0,0.0
1.3360012,0.0,0.0,0.0,0.0,0.0,0.71835816,0.0,0.0,0.0,0.9447255,0.0,0.5555502,0.0,0.0,0.0,0.0,0.0,0.0,0.0,0.0,0.0,0.0,1.9811803,0.0,0.0,0.0,0.0,0.0,0.0,0.0,0.0,1.5396926,0.0,0.0,0.0,0.0,0.0,0.9801112,0.0,0.0,0.0,0.0,0.0,1.5660737,0.0,0.0,0.0,0.0,0.0,0.0,0.3362248,0.0,0.0,0.0,0.0,0.0,0.0,0.0,0.0,0.0,0.0,0.0,0.0,0.0,0.0,0.0,0.0,2.7519672,0.0,0.0,0.0,0.0,0.0,0.0,0.0,1.6202363,0.0,0.0,0.0,0.0,0.0,0.0,0.0,0.0,0.0,0.0,0.0,0.0,0.0,0.0,0.0,0.0,0.0,0.0,0.0,0.0,0.0,0.0,0.0,0.0,0.0,1.0294534,0.0,0.0,0.0,0.0,0.0,0.0,0.18679866,0.0,0.0,0.0,0.0,0.0,0.85825956,0.0,0.42952195,0.0,0.0,0.0,0.0,0.0,0.0,0.0,2.6768765,2.4586432,0.0
2.5522575,0.0,0.0,0.0,0.0,0.0,7.769098,0.0,0.0,0.0,0.0,0.0,2.421542,0.0,0.0,0.0,0.0,0.0,0.0,0.0,0.0,0.0,0.0,0.0,0.0,0.0,0.0,0.0,0.0,0.0,0.0,0.0,0.17311491,0.0,0.0,0.0,0.23819062,0.0,0.5887905,0.0,0.0,0.0,0.0,0.0,0.0,0.0,0.0,0.0,2.157069,0.0,0.0,0.0,0.0,0.0,0.0,0.0,0.0,0.0,0.0,0.0,0.0,0.0,0.0,0.0,0.0,0.0,0.0,0.0,3.6917777,0.0,0.0,0.0,0.0,0.0,0.0,0.0,0.0,0.0,0.0,0.0,0.0,0.9950098,0.0,0.0,0.29434967,0.0,0.0,0.0,0.0,0.0,0.0,0.0,0.0,0.0,0.0,0.0,0.0,0.0,0.0,0.0,0.0,0.0,4.401246,5.850547,0.0,0.0,0.0,0.0,0.0,0.903507,0.0,0.0,0.0,0.0,0.0,0.0,0.0,0.0,0.0,2.3476675,0.0,0.0,0.0,0.0,0.0,1.8312325,3.2023883,0.0
1.4608604,0.0,0.41908255,0.0,0.0,0.46893486,0.20437616,0.0,0.0,0.0,2.9926736,0.0,0.0,0.255122,0.0,0.0,0.0,0.0,0.0,0.0,0.0,0.0,0.0,0.0,0.76457494,0.0,0.0,0.0,0.0,0.0,0.43317798,0.0,0.0,0.0,0.0,0.0,0.0,1.1922543,0.0,0.6709337,0.0,0.0,0.0,0.0,0.0,0.0,1.7394181,2.9366117,0.5817194,0.0,0.0,0.0,0.0,0.0,0.0,0.0,0.0,0.0,0.0,0.0,0.0,0.0,0.0,0.0,0.0,0.0,0.0,0.0,0.0,0.0,0.0,0.0,0.0,0.0,0.0,0.0,0.0,0.0,0.0,0.0,0.0,0.0,0.0,0.0,0.0,0.0,0.0,0.0,1.0054951,0.0,0.0,0.0,0.0,0.0,0.0,0.47277328,0.44535413,0.0,0.0,0.0,0.0,0.0,0.0,0.0,0.17244992,0.0,0.0,0.0,0.0,0.0,0.0,0.0,0.0,0.0,0.0,2.734615,1.7840062,0.0,0.0,0.0,0.0,0.0,0.21199028,0.7851363,0.0,0.0,0.0,0.10567949
0.0,0.0,10.311429,0.0,0.0,0.0,0.0,1.6812656,0.0,0.0,6.2427287,0.0,0.0,0.0,0.0,0.0,0.19486186,0.0,0.0,0.0,0.0,0.0,0.0,4.134445,0.0,0.0,0.0,0.0,0.0,0.0,1.9455571,0.0,4.0914073,0.0,0.0,0.0,0.0,0.0,0.0,0.0,0.0,0.0,0.0,0.0,0.0,0.0,0.0,8.309052,0.0,0.0,0.0,0.0,0.0,0.0,0.0,0.0,0.0,0.0,0.0,0.0,0.0,0.0,0.0,0.0,0.0,0.0,0.0,0.0,0.07477307,0.0,0.0,0.0,0.0,0.0,0.0,0.0,4.4006147,0.0,0.0,0.0,11.705104,0.0,0.0,0.0,0.0,0.0,0.0,0.0,0.0,0.0,0.0,0.0,0.0,0.0,0.0,0.0,0.825813,0.0,0.0,0.0,0.0,0.0,0.0,0.0,0.0,0.0,0.0,0.0,0.0,0.0,0.0,0.0,0.0,0.0,0.0,5.348128,3.8028796,0.0,0.0,0.0,0.0,0.0,0.0,0.0,0.0,0.0,0.0,0.0
0.0,0.0,0.5920275,1.2342895,0.0,0.0,0.0,0.0,6.6211553,0.0,4.7014036,0.0,0.0,0.0,0.0,0.0,3.4865046,0.0,0.0,0.0,0.0,0.0,3.7710767,5.650186,0.0,0.0,0.0,0.0,0.0,1.4365468,0.5775286,0.0,0.0,0.0,0.0,0.0,0.0,0.0,0.0,6.3023686,0.0,0.0,0.0,0.0,0.0,0.0,0.019410513,7.3780212,0.0,0.0,0.0,0.0,0.0,0.0,0.0,0.0,0.0,0.0,0.0,0.0,0.0,0.0,0.0,0.0,0.0,0.0,0.0,0.0,0.0,0.0,0.0,0.0,0.0,0.0,0.0,4.1958447,5.238124,0.0,0.0,0.0,8.882518,0.0,0.0,0.0,0.0,0.0,0.0,0.0,0.0,0.0,0.0,0.0,0.0,0.0,3.0053887,0.0,2.7551246,0.0,0.0,0.0,0.0,0.0,0.0,0.0,1.2647604,0.0,0.0,0.0,0.0,0.0,0.0,0.0,3.1217911,0.0,0.0,2.8307276,2.6136332,0.0,0.0,0.0,0.0,0.0,0.0,0.0,0.0,0.0,0.0,0.0
0.0,0.0,0.0,0.0,0.0,0.18329863,0.0,0.5460499,0.0,0.0,0.0,0.0,2.4918594,0.0,0.0,0.0,0.0,0.0,0.0,0.0,0.0,0.0,0.0,3.2630765,0.0,0.0,0.0,0.0,0.0,0.0,7.305887,0.0,0.0,0.0,0.0,0.0,0.0,0.0,0.0,2.5775738,0.0,0.0,0.0,0.0,0.0,0.0,3.967065,0.0,0.0,0.9718954,0.0,0.0,0.0,0.0,0.0,0.0,0.0,0.0,0.0,1.2025543,0.0,0.0,0.0,0.0,0.0,0.0,0.0,0.0,0.0,0.0,0.0,0.0,0.0,0.0,0.0,0.0,3.5463233,0.0,0.0,0.0,5.800678,0.0,0.0,0.0,0.056794465,0.0,0.0,0.0,0.0,0.0,0.0,0.0,0.0,0.0,0.0,0.0,5.329636,0.0,0.0,0.0,0.0,0.0,3.1479585,0.0,0.0,0.0,0.0,2.5695038,0.0,0.0,0.7291427,0.0,4.2317657,0.0,0.0,4.3340063,0.0,0.0,0.0,0.0,0.0,0.0,0.0,0.0,0.0,4.4474373,0.0,0.0
0.61015165,0.0,0.9142978,0.0,0.0,0.0,0.38972852,0.0,0.0,0.0,1.9433964,0.0,0.0,0.0,0.0,0.0,0.0,0.0,0.0,0.0,0.0,0.0,0.0,0.0,1.6130935,0.0,0.0,0.0,0.0,1.9628391,0.0,0.0,0.0,0.0,0.0,0.0,0.0,0.0,0.0,1.4581674,0.0,0.0,0.0,0.0,1.9729631,0.0,0.86779535,0.0,0.8241552,0.0,0.0,1.0863336,0.0,0.0,0.0,0.11821213,1.1923065,0.0,0.0,0.0,0.0,0.0,0.0,0.0,0.0,0.0,0.0,0.0,0.75070035,0.0,0.0,0.0,0.0,0.0,0.0,0.0,0.16231607,0.0,0.0,0.0,0.0,0.0,0.0,0.0,0.0,0.0,0.0,0.0,0.0,0.0,0.0,0.026890224,0.0,0.0,0.0,0.0,0.37594703,0.0,0.0,0.0,0.0,0.0,0.0,0.0,0.0,0.0,0.0,0.24470122,0.0,0.0,0.0,0.0,2.5188334,0.0,0.0,2.6786513,0.42414105,0.0,0.0,0.0,0.0,0.0,0.29133448,0.0,0.0,0.0,0.0,0.0
0.0,0.0,0.0,0.0,0.0,0.0,2.2592487,0.0,0.0,0.0,0.0,0.0,3.0662117,0.0,0.0,0.0,0.0,0.0,0.0,0.0,0.0,0.0,0.0,5.930179,0.0,0.0,0.0,0.0,0.0,0.0,0.0,0.0,3.5869439,0.0,0.0,0.0,0.0,0.0,0.341462,0.0,0.0,0.0,0.0,0.0,0.0,0.0,0.0,0.0,0.0,0.0,0.0,0.0,0.0,0.0,0.0,0.0,0.0,0.0,0.0,0.0,0.0,0.0,0.0,0.0,0.0,0.0,0.0,0.0,8.668296,0.0,0.0,0.0,0.0,0.0,0.0,0.0,0.0,0.0,0.0,0.0,0.0,0.0,0.0,0.0,0.0,0.0,0.0,0.0,0.0,0.0,0.0,0.0,0.0,0.0,0.0,0.0,0.0,0.0,0.0,0.0,0.0,0.0,2.3602242,0.0,0.0,0.0,0.0,0.0,0.0,0.71628463,0.0,0.0,1.0033761,0.0,0.0,0.17259754,0.0,0.0,0.0,0.6049455,0.0,0.0,0.0,0.0,0.0,3.5804965,4.051706,0.0
0.0,0.0,0.0,0.0,0.0,0.0,1.305603,0.0,0.0,0.0,0.0,0.0,2.9367762,1.6021785,0.0,0.0,0.0,0.0,0.0,0.0,0.0,2.4072726,0.0,1.189462,0.0,0.0,0.0,0.0,0.0,0.0,0.0,0.0,1.1131201,0.0,0.0,0.0,0.0,0.0,4.4317007,0.0,0.0,0.0,0.0,0.0,0.0,0.0,0.0,0.0,0.0,0.0,0.0,0.0,0.0,0.0,0.0,0.0,0.0,0.0,0.0,0.0,0.0,0.0,0.0,0.0,0.0,0.0,0.0,0.0,2.2628071,0.0,0.0,0.0,0.0,0.0,0.0,0.0,4.5913224,0.0,0.0,0.0,0.0,0.0,0.0,0.0,0.0,0.0,0.0,3.4002433,0.0,1.350989,0.0,0.0,0.0,0.0,0.0,0.0,0.0,0.0,0.0,0.0,0.0,0.0,2.5095198,3.1086566,0.0,0.0,0.0,0.0,0.0,4.4715567,0.0,0.0,0.0,0.0,0.0,0.0,0.0,0.0,0.0,0.0,0.0,0.0,0.0,0.0,0.0,9.6390705,5.317771,0.0
0.0,0.0,0.0,0.0,0.0,0.0,0.0,0.03436619,9.255309,0.0,0.0,0.0,2.8451667,0.0,0.0,0.0,2.248917,0.0,0.0,0.0,0.0,0.0,0.0,4.405327,0.0,0.0,0.0,0.0,0.0,0.0,0.0,0.0,0.0,0.0,0.0,12.489829,0.0,0.0,0.0,7.2530956,0.0,0.0,0.0,0.0,0.0,0.0,0.0,10.880477,0.0,0.0,0.0,0.0,0.0,0.0,0.0,0.0,0.0,0.0,0.0,4.749678,0.0,0.0,0.0,0.0,0.0,0.0,0.0,0.0,0.0,0.0,0.0,0.0,0.0,0.0,0.0,7.779366,0.0,0.0,0.0,0.0,15.557616,0.0,0.0,0.0,0.42985913,0.0,0.0,0.0,0.0,0.0,0.0,0.0,0.0,0.0,0.0,0.0,13.071281,0.0,0.0,0.0,0.0,0.0,0.0,0.0,2.0157259,0.0,0.0,0.0,0.0,0.0,0.0,0.0,0.0,0.0,0.0,0.0,3.4902852,0.0,0.0,0.0,0.0,0.0,0.0,0.0,0.0,0.0,0.0,0.0
0.0,0.0,0.0,0.1531708,0.0,0.0,0.0,0.0,0.0,0.0,0.0,0.0,2.2024307,2.5372934,0.0,0.0,0.15274596,0.0,0.0,0.0,0.0,2.752602,0.0,2.1134856,0.0,0.0,0.0,0.0,0.0,0.0,0.0,0.0,0.0,0.0,0.0,0.0,0.0,0.0,4.803559,0.0,0.0,0.0,0.0,0.0,0.0,0.0,0.0,0.0,0.0,0.0,0.0,0.0,0.0,0.0,0.0,0.0,0.0,0.0,0.0,0.0,0.0,0.0,0.0,0.0,0.0,0.0,0.0,0.0,1.9267465,0.0,0.0,0.0,0.0,0.0,0.0,0.0,6.430627,0.0,0.0,0.0,0.0,0.0,0.0,0.0,0.0,0.0,0.0,5.7833943,0.0,1.6964695,0.0,0.0,0.0,0.0,0.0,0.0,0.0,0.0,0.0,0.0,0.0,0.0,2.4545314,2.414498,0.0,0.0,0.0,0.0,0.0,4.1780095,0.0,0.0,0.0,0.0,0.0,0.0,0.0,0.0,0.0,0.0,0.0,0.0,0.0,0.0,0.0,8.939537,3.559051,0.0
1.549368,0.0,0.0,0.0,0.0,0.0,5.6197124,0.0,0.0,0.0,0.0,0.0,1.5893916,0.7487018,0.0,0.0,0.0,0.0,0.0,0.0,0.0,0.5329264,0.0,0.0,0.0,0.0,0.0,0.0,0.0,0.0,0.0,0.0,0.43123192,0.0,0.0,0.0,0.15198535,0.0,2.5593946,0.0,0.0,0.0,0.0,0.0,0.0,0.0,0.0,0.0,0.6342371,0.0,0.0,0.0,0.0,0.0,0.0,0.0,0.0,0.0,0.0,0.0,0.0,0.0,0.0,0.0,0.0,0.0,0.0,0.0,2.9451478,0.0,0.0,0.5394798,0.0,0.0,0.0,0.0,0.0,0.0,0.0,0.0,0.0,0.0,0.0,0.0,0.28870633,0.0,0.0,2.3668895,0.0,0.0,0.0,0.0,0.0,0.0,0.0,0.0,0.0,0.0,0.0,0.0,0.0,0.0,4.2904897,5.9245605,0.0,0.0,0.0,0.0,0.0,2.122328,0.0,0.0,0.0,0.0,0.0,0.0,0.0,0.0,0.0,0.0,0.0,0.0,0.0,0.0,0.0,3.7027738,2.9716575,0.0
1.0124228,0.0,1.2634858,0.0,0.0,0.0,3.2230961,0.0,0.0,0.0,5.100659,0.0,0.0,0.0,0.0,0.0,0.0,0.0,0.0,0.0,0.0,0.0,0.0,0.0,3.948652,0.0,0.0,0.0,0.0,0.0,0.0,0.0,0.0,0.0,0.0,0.0,0.0,0.0,0.0,1.9190997,0.0,0.0,0.0,0.0,3.6976779,0.0,0.0,0.0,0.0,0.0,0.0,2.3093348,0.0,0.0,0.0,0.0,0.9875512,0.0,0.0,0.0,0.0,0.0,0.0,0.0,0.0,0.0,0.0,0.0,0.3601229,0.0,0.0,0.0,0.0,0.0,0.0,0.0,0.0,0.0,0.0,0.0,0.0,0.0,0.0,0.0,0.0,0.0,0.0,0.0,0.0,0.0,0.0,0.0,0.0,0.0,0.0,0.0,1.2248497,0.0,0.0,0.0,0.0,0.0,2.304414,0.0,0.0,0.0,0.0,0.0,0.0,0.0,0.0,0.0,2.6387148,0.0,0.0,5.039136,0.086457744,0.0,0.0,0.0,0.0,0.43985748,0.25756922,0.0,0.0,0.0,0.0,0.0
0.0,0.0,0.0,1.7826991,0.0,0.0,0.0,0.0,1.9506601,0.0,0.0,0.0,0.6346071,0.0,0.0,0.0,0.0,0.0,0.0,0.0,0.0,0.0,0.0,9.390737,0.0,0.0,0.0,0.0,0.0,0.0,8.449582,0.0,0.0,0.0,0.0,0.0,0.0,0.0,0.0,0.0,0.0,0.0,0.0,0.0,0.0,0.0,8.682773,1.7829435,0.0,0.0,0.0,0.0,0.0,0.0,0.0,0.0,0.0,0.0,0.0,0.98529464,0.0,0.0,0.0,0.0,0.0,0.0,0.0,0.0,0.0,0.0,0.0,0.0,0.0,0.0,0.0,11.192747,1.5609698,0.0,0.0,0.0,12.8100815,0.0,0.0,0.0,0.0,0.0,0.0,0.0,0.0,0.0,0.0,0.0,0.0,0.0,0.0,0.0,9.451794,0.0,0.0,0.0,0.0,0.0,0.0,0.0,7.541732,0.0,0.0,0.0,3.6422703,0.0,2.3777158,0.0,0.8618939,0.0,0.0,0.024250815,0.0,0.0,0.0,0.0,0.0,0.0,0.0,0.0,0.0,2.0599272,0.0,0.0
0.0,0.0,0.0,0.0,0.0,2.2497962,7.03986,0.0,0.0,0.0,8.051477,0.0,0.0,0.0,0.0,0.0,0.0,0.0,0.0,0.0,0.0,0.0,0.0,0.0,5.8307915,0.0,0.0,0.0,0.0,0.0,0.0,0.0,0.0,2.9394608,0.0,0.0,0.0,4.6245246,0.0,7.6409526,0.0,0.0,0.0,0.0,0.0,0.0,0.0,0.0,0.0,0.0,0.0,6.3639703,0.0,0.0,0.0,0.0,0.14393604,0.0,0.0,0.0,0.0,0.0,0.0,0.0,0.0,0.0,0.0,0.0,0.0,0.0,0.0,0.0,0.0,0.0,0.0,0.0,0.9793135,0.0,0.0,0.0,0.0,0.0,0.0,0.0,6.244689,0.0,0.0,0.0,0.0,0.0,0.0,0.0,2.4809847,0.0,0.0,0.0,9.067245,0.0,0.0,0.0,0.0,0.0,1.4225397,0.0,0.0,0.0,0.1598822,4.913404,0.0,0.0,0.0,0.0,2.5308762,0.0,0.0,7.583815,4.840309,0.0,0.0,0.0,0.0,0.0,6.50997,0.0,0.0,0.0,2.2489014,0.0
0.20755509,0.0,0.0,0.0,0.0,0.25035742,3.4854813,0.0,0.0,0.0,0.0,0.0,1.4341611,1.2994429,0.0,0.0,0.07983161,0.0,0.0,0.0,0.0,1.780648,0.0,0.0,0.0,0.0,0.0,0.0,0.0,0.0,0.0,0.0,0.20781611,0.0,0.0,0.0,0.0,0.0,3.7603164,0.0,0.0,0.0,0.0,0.0,0.0,0.0,0.0,0.0,0.0,0.0,0.0,0.0,0.0,0.0,0.0,0.0,0.0,0.0,0.0,0.0,0.0,0.0,0.0,0.0,0.0,0.0,0.0,0.0,1.3951175,0.0,0.0,0.71411514,0.0,0.0,0.0,0.0,2.3354852,0.0,0.0,0.0,0.0,0.0,0.0,0.0,0.0,0.0,0.0,2.9229271,0.0,0.18167366,0.0,0.0,0.0,0.0,0.0,0.0,0.0,0.0,0.0,0.0,0.0,0.0,3.1591277,4.1963253,0.0,0.0,0.0,0.0,0.0,3.4245462,0.0,0.0,0.0,0.0,0.0,0.0,0.0,0.0,0.0,0.0,0.0,0.0,0.0,0.0,0.0,6.5894065,4.32203,0.0
0.0,0.0,0.0,0.0,0.0,0.0,5.576073,0.0,0.0,0.0,0.0,0.0,2.7233036,1.1638373,0.0,0.0,0.0,0.0,0.0,0.0,0.0,0.0,0.0,0.9116684,0.0,0.0,0.0,0.0,0.0,0.0,0.0,0.0,0.8539796,0.0,0.0,0.0,0.046482585,0.0,1.5092024,0.0,0.0,0.0,0.0,0.0,0.0,0.0,0.0,0.0,0.0,0.0,0.0,0.0,0.0,0.0,0.0,0.0,0.0,0.0,0.0,0.0,0.0,0.0,0.0,0.0,0.0,0.0,0.0,0.0,4.6473513,0.0,0.0,0.97298765,0.0,0.0,0.0,0.0,0.0,0.0,0.0,0.0,0.0,0.0,0.0,0.0,0.0,0.0,0.0,2.6468847,0.0,0.0,0.0,0.0,0.0,0.0,0.0,0.0,0.0,0.0,0.0,0.0,0.0,0.0,3.5005813,5.0474668,0.0,0.0,0.0,0.0,0.0,2.509617,0.0,0.0,0.0,0.0,0.0,0.0,0.0,0.0,0.0,2.1231377,0.0,0.0,0.0,0.0,0.0,2.8635664,2.3048136,0.0
0.0,0.0,7.4952197,0.0,0.0,0.0,0.0,0.0,0.0,0.0,7.809225,0.0,0.0,0.0,0.0,0.0,0.0,0.0,0.0,0.0,0.0,0.0,0.0,5.461985,0.0,0.0,0.0,0.0,0.0,0.0,0.0,0.0,4.3222327,0.0,0.0,0.0,0.0,0.0,0.0,0.0,0.0,0.0,0.0,0.0,2.843978,0.0,0.0,1.337678,0.0,0.0,0.0,0.0,0.0,0.0,0.0,0.0,0.0,0.0,0.0,0.0,0.0,0.0,0.0,0.0,0.0,0.0,0.0,0.0,5.9518194,0.0,0.0,0.0,0.0,0.0,0.0,0.0,7.3808393,0.0,0.0,0.0,4.6923194,0.0,0.0,0.0,0.0,0.0,0.0,0.0,0.0,0.0,0.0,0.0,0.0,0.0,1.4708703,0.0,0.0,0.0,0.0,0.0,0.0,0.0,3.3193245,0.0,0.0,0.0,0.0,0.0,1.6705427,0.0,0.0,0.0,0.0,0.0,0.0,7.068335,0.0,0.0,0.0,0.0,0.0,0.0,0.0,0.0,0.0,2.479823,0.0,0.0
0.35347342,0.0,0.0,0.0,0.0,0.0,6.5837803,0.0,0.0,0.0,8.816579,0.0,0.0,0.0,0.0,0.0,0.0,0.0,0.0,0.0,0.0,0.0,0.0,0.0,4.6606693,0.0,0.9136229,0.0,0.0,3.5402517,0.0,0.0,0.0,0.0,0.0,0.0,0.0,0.0,0.0,15.07127,0.0,0.0,0.0,0.0,0.46529755,0.0,0.0,0.0,6.862911,0.0,0.0,8.664331,0.0,0.0,0.0,3.5488648,0.14479189,0.0,0.0,0.0,0.0,0.0,0.0,0.0,1.3305848,0.0,0.0,0.0,0.0,0.0,0.0,0.0,0.0,0.0,0.0,0.0,0.41566813,0.0,0.0,0.0,0.0,0.0,0.0,0.0,5.442662,0.0,0.0,0.0,0.0,0.0,0.0,0.0,0.0,0.0,0.0,0.0,6.5760045,0.0,0.0,0.0,0.0,0.0,0.0,0.0,0.0,4.817581,0.0,11.319264,0.0,0.0,0.0,0.0,6.5313005,0.0,0.0,5.9955387,4.8953414,0.0,0.0,0.0,0.0,0.0,0.0,0.0,0.0,0.0,3.6871376,0.0
1.3346771,0.0,0.0,0.0,0.0,0.0,4.6873064,0.0,0.0,0.0,0.0,0.0,1.6972234,1.196744,0.0,0.0,0.0,0.0,0.0,0.0,0.0,0.0,0.0,0.0,0.0,0.0,0.0,0.0,0.0,0.0,0.0,0.0,0.78206,0.0,0.0,0.0,0.0,0.0,1.9823215,0.0,0.0,0.0,0.0,0.0,0.0,0.0,0.0,0.0,1.1043668,0.0,0.0,0.0,0.0,0.0,0.0,0.0,0.0,0.0,0.0,0.0,0.0,0.0,0.12598446,0.0,0.0,0.0,0.0,0.0,3.2407694,0.0,0.0,0.47778627,0.0,0.0,0.0,0.0,0.0,0.0,0.0,0.0,0.0,0.0,0.0,0.0,0.46010527,0.0,0.0,2.5923834,0.0,0.0,0.0,0.0,0.0,0.0,0.80107313,0.0,0.0,0.0,0.0,0.0,0.0,0.0,5.032956,5.6771393,0.0,0.0,0.0,0.0,0.0,1.0611442,0.0,0.0,0.0,0.0,0.0,0.0,0.0,0.0,0.0,0.38176024,0.0,0.0,0.0,0.0,0.0,2.4297016,1.8952793,0.0
0.0,0.0,0.0,0.0,0.0,4.277949,0.17032053,0.0,0.0,0.0,0.0,0.0,0.0,1.0572104,0.0,0.0,0.0,2.5002975,0.0,0.0,0.0,0.0,0.0,0.0,10.744397,0.0,0.0,0.0,0.0,0.0,5.868459,0.0,0.0,0.4672668,0.0,0.0,0.0,0.0,0.0,0.0,0.0,0.0,0.0,0.0,0.0,0.0,0.69301224,0.0,0.0,0.0,0.0,0.0,0.0,0.0,0.0,0.0,0.0,0.0,0.0,0.0,0.0,0.0,0.0,0.0,0.0,0.0,0.0,0.0,1.9492741,0.0,0.0,0.0,0.0,0.0,0.0,0.0,0.0,0.0,0.0,0.0,0.0,0.0,0.0,0.0,0.0,0.0,0.0,0.0,0.0,0.0,0.0,0.21027415,5.2207284,0.0,0.0,0.0,3.2305844,0.0,0.0,0.0,0.0,0.0,9.203053,0.0,0.0,0.0,0.0,0.0,0.0,0.0,0.0,0.0,0.0,0.0,0.0,8.209591,0.0,0.0,0.0,0.0,0.0,0.0,1.5831075,0.0,0.0,0.0,0.0,0.0
0.0,0.0,0.0,0.0,0.0,0.48177692,1.4006624,2.502356,0.0,2.0747945,2.2193065,0.0,0.0,0.0,0.0,0.0,0.0,0.0,0.0,0.0,0.0,0.0,0.0,1.4370173,1.6213069,0.0,0.0,0.0,0.0,0.0,6.5085444,0.0,0.0,0.0,0.0,0.0,0.0,0.0,0.0,0.24411723,0.0,0.0,0.0,0.0,0.0,0.0,0.0,0.35418877,0.0,0.0,0.0,1.5634223,0.0,0.0,0.0,1.24592,0.0,0.0,0.0,0.0,0.0,0.0,0.0,0.0,0.0,0.0,0.0,0.0,0.0,0.0,0.0,1.6809597,0.0,0.0,0.0,0.0,0.0,0.0,0.0,0.0,0.0,0.0,0.0,0.0,3.974349,0.0,0.0,0.0,0.0,0.0,0.0,0.0,1.349057,0.0,0.0,0.0,2.9484763,0.0,0.0,0.0,0.0,0.0,3.517648,0.41426456,6.671171,0.0,1.6685055,0.0,0.0,0.0,0.0,0.0,1.5940272,0.0,0.0,0.0,0.0,0.0,0.0,0.0,0.0,0.0,1.5035802,0.0,0.0,0.0,0.0,0.0
0.0,0.0,0.7070607,0.0,0.0,0.0,0.0,0.0,2.6246371,0.0,0.0,0.0,4.9421744,0.0,0.0,0.0,0.17712498,0.0,0.0,0.0,0.0,0.0,0.0,8.047649,0.0,0.0,0.0,0.0,0.0,0.0,0.0,0.0,5.247381,0.0,0.0,0.0,0.0,0.0,3.025349,0.0,0.0,0.0,0.0,0.0,0.0,0.0,0.0,0.0,0.0,0.0,0.0,0.0,0.0,0.0,0.0,0.0,0.0,0.0,0.0,0.0,0.0,0.0,0.0,0.0,0.0,0.0,0.0,0.0,4.384713,0.0,0.0,0.0,0.0,0.0,0.0,0.0,0.36894843,0.0,0.0,0.0,7.4928327,0.0,0.0,0.0,0.0,0.0,0.0,3.7008631,0.0,0.0,0.0,0.0,0.0,0.0,8.037953,0.0,2.0952206,0.0,0.0,0.0,0.0,0.0,0.0,0.0,0.0,0.0,0.0,0.0,7.216721,0.0,0.0,0.0,0.0,0.0,0.0,1.9228728,0.0,0.0,0.0,0.0,0.0,0.0,0.0,0.0,0.0,6.854409,0.0,0.0
1.0774539,0.0,1.1256628,0.0,0.0,0.0,0.0,0.0,0.0,0.0,3.0857568,0.0,1.3030944,0.0,0.0,0.0,0.0,0.0,0.0,0.0,0.0,0.0,0.0,0.0,2.1731036,0.0,0.0,0.0,0.0,4.1329203,0.0,0.0,0.0,0.0,0.0,0.0,0.0,1.3683631,0.0,3.519797,0.0,0.0,0.0,0.0,0.029178258,0.0,4.331722,0.4943563,3.5199504,0.0,0.0,0.90368474,0.0,0.0,0.0,0.0,4.569865,0.0,0.0,0.0,0.0,0.0,0.0,0.0,0.0,0.0,0.0,0.0,0.0,0.0,0.0,0.0,0.0,0.0,0.0,0.0,0.77245355,0.0,0.0,0.0,0.0,0.0,0.0,0.0,0.0,0.0,0.0,0.0,0.0,0.0,0.0,0.0,0.0,0.0,0.0,0.0,2.0123785,0.0,0.0,0.0,0.0,0.0,0.0,0.0,0.0,0.0,0.0,6.114531,0.0,0.0,0.19265336,0.0,0.0,0.0,0.0,8.548405,3.5148,0.0,0.0,0.0,0.0,0.0,0.0,0.0,0.0,0.0,0.0,1.1955346
0.25165892,0.0,0.0,0.0,0.0,2.578354,4.172425,0.0,0.0,0.0,0.0,0.0,2.6964037,0.0,0.0,0.0,0.0,0.0,0.0,0.0,0.0,4.207952,0.0,0.0,0.0,0.0,0.0,0.0,0.0,0.0,0.0,0.0,0.0,0.0,0.0,0.0,1.0753717,0.0,2.93848,0.0,0.0,0.0,0.0,0.0,0.0,0.0,0.0,0.0,0.0,0.0,0.0,2.2315388,0.0,0.0,0.0,0.0,0.0,0.0,0.0,0.0,0.0,0.0,0.0,0.0,0.0,0.0,0.0,0.0,0.27253562,0.0,0.0,1.16552,0.0,0.0,0.0,0.0,2.8460798,0.0,0.0,0.0,0.0,0.0,0.0,0.0,1.3696266,0.0,0.0,1.0492313,0.0,0.0,0.0,0.0,0.0,0.0,0.0,0.0,0.0,0.0,0.0,0.0,0.0,0.0,0.63776577,4.5142636,0.0,0.0,0.0,0.0,0.0,2.9695194,0.0,0.0,0.0,0.0,0.0,0.0,0.0,0.0,0.0,0.0,0.0,0.0,0.0,0.0,0.0,8.527392,4.354936,0.0
0.0,0.0,0.0,0.0,0.0,0.0,8.66412,0.0,5.4360166,0.0,10.416797,0.0,0.0,0.0,0.0,0.0,0.0,0.0,0.0,0.0,0.0,0.0,0.0,0.0,9.716622,0.0,4.1587486,0.0,0.0,7.356446,0.0,0.0,0.0,0.0,0.0,0.0,0.0,0.0,0.0,14.253171,0.0,0.0,0.0,0.0,0.26542228,0.0,0.0,0.0,8.072077,0.0,0.0,5.7775216,0.0,0.0,0.0,12.713765,0.0,0.0,0.0,0.0,0.0,0.0,0.0,0.0,0.0,0.0,0.0,0.0,0.0,0.0,0.0,0.0,0.0,0.0,0.0,0.48284233,0.0,0.0,0.0,0.0,0.0,0.0,0.0,0.0,7.3625135,0.0,0.0,0.0,0.0,0.0,0.0,0.50915843,0.0,0.0,0.0,0.0,5.4444613,0.0,0.0,0.0,0.0,0.0,0.0,0.0,4.4600854,7.341105,0.0,7.43252,0.0,0.0,0.0,0.0,7.5221,0.0,0.0,0.0,5.115185,0.0,0.0,0.0,0.0,0.0,0.20522194,0.0,0.0,0.0,0.0,0.0
0.0,0.0,0.0,0.0,0.0,0.0,1.136263,0.0,0.0,0.0,0.0,0.0,3.2492192,0.0,0.0,0.0,0.19078532,0.0,0.0,0.0,0.0,0.0,0.0,5.7461786,0.0,0.0,0.0,0.0,0.0,0.0,0.0,0.0,2.8092303,0.0,0.0,0.0,0.0,0.0,1.184441,0.0,0.0,0.0,0.0,0.0,0.0,0.0,0.0,0.0,0.0,0.0,0.0,0.0,0.0,0.0,0.0,0.0,0.0,0.0,0.0,0.0,0.0,0.0,0.0,0.0,0.0,0.0,0.0,0.0,5.391771,0.0,0.0,0.0,0.0,0.0,0.0,0.0,1.535032,0.0,0.0,0.0,0.0,0.0,0.0,0.0,0.0,0.0,0.0,0.0,0.0,0.0,0.0,0.0,0.0,0.0,0.0,0.0,0.0,0.0,0.0,0.0,0.0,0.0,1.0959246,0.0,0.0,0.0,0.0,0.0,0.0,2.5220597,0.0,0.0,0.0,0.0,0.0,0.0,0.0,0.0,0.0,0.0,0.0,0.0,0.0,0.0,0.0,6.62819,5.011396,0.0
0.0,0.0,0.0,0.0,0.0,0.0,6.639999,0.0,0.0,0.0,6.4002614,0.0,0.0,0.0,0.0,0.0,0.0,0.0,0.0,0.0,0.0,0.0,0.0,1.6560249,0.6683034,0.0,0.0,0.0,0.0,0.0,0.0,0.0,3.4124641,0.0,0.0,0.0,0.0,0.0,0.0,0.0,0.0,0.0,0.0,0.0,0.049617708,0.0,0.0,0.0,0.0,0.0,0.0,0.0,0.0,0.0,0.0,0.0,0.0,0.0,0.0,0.0,0.0,0.0,0.0,0.0,0.0,0.0,0.0,0.0,5.864635,0.0,0.0,0.0,0.0,0.0,0.0,0.0,0.0,0.0,0.0,0.0,0.0,0.0,0.0,0.0,0.0,0.0,0.0,0.0,0.0,0.0,0.0,0.0,3.1709356,0.0,0.0,0.0,0.0,0.0,0.0,0.0,0.0,0.0,12.892294,0.0,0.0,0.0,0.0,0.0,0.0,0.0,0.0,0.0,0.0,0.0,0.0,2.3534782,0.0,0.0,0.0,0.0,0.0,0.0,0.0,0.0,0.0,6.0078506,3.7119079,0.0
0.0,0.0,0.0,0.059453476,0.0,1.6210353,0.0,0.40785986,0.0,0.0,0.58821744,0.0,0.22460312,0.0,0.0,0.0,0.0,0.0,0.0,0.0,0.0,0.0,0.0,1.7232184,0.0,0.0,0.0,0.0,0.0,0.0,0.56104267,0.0,0.0,0.0,0.0,0.0,0.0018450022,0.0,0.0,0.0,0.0,0.0,0.0,0.0,0.25643975,0.0,0.28366438,0.0,0.0,0.0,0.0,1.9150858,0.0,0.0,0.0,0.0,0.0,0.0,0.0,0.0,0.0,0.0,0.0,0.0,0.0,0.0,0.0,0.0,1.2954364,0.0,0.0,0.0,0.0,0.0,0.0,0.0,2.2116768,0.0,0.0,0.0,0.0,0.4385774,0.0,0.0,0.0,0.0,0.0,0.0,0.0,0.0,0.0,0.0,1.9538733,0.0,0.0,0.0,0.0,0.0,0.0,0.0,0.0,0.0,1.824619,0.0,0.09324447,0.0,0.0,0.39544973,0.0,0.0,0.0,0.0,2.186987,0.0,0.0,2.8457522,0.06231542,0.0,0.0,0.0,0.0,0.0,0.0,0.0,0.0,1.9642937,0.0,0.0
0.0,0.0,0.0,0.0,0.0,0.0,2.8680172,0.0,0.0,0.0,0.0,0.0,3.0836885,0.0,0.0,0.0,0.0,0.0,0.0,0.0,0.0,0.0,0.0,8.822091,0.0,0.0,0.0,0.0,0.0,0.0,0.0,0.0,3.6584606,0.0,0.0,0.0,0.0,0.0,0.019718656,0.0,0.0,0.0,0.0,0.0,0.0,0.0,0.0,0.0,0.0,0.0,0.0,0.0,0.0,0.0,0.0,0.0,0.0,0.0,0.0,0.0,0.0,0.0,0.0,0.0,0.0,0.0,0.0,0.0,9.02845,0.0,0.0,0.0,0.0,0.0,0.0,0.0,0.0,0.0,0.0,0.0,0.0,0.0,0.0,0.0,0.0,0.0,0.0,0.0,0.0,0.0,0.0,0.0,0.0,0.0,0.0,0.0,0.0,0.0,0.0,0.0,0.0,0.0,1.2150512,0.0,0.0,0.0,0.0,0.0,0.0,2.711765,0.0,0.0,1.5947056,0.0,0.0,0.0,0.0,0.0,0.0,0.23161677,0.0,0.0,0.0,0.0,0.0,5.732702,5.2936645,0.0
2.945511,0.0,3.8551645,0.10219182,0.0,0.0,0.0,0.0,0.0,0.0,3.018873,0.0,0.0,0.75088507,0.0,0.0,0.38105214,0.0,0.0,0.0,0.0,0.0,5.081216,2.2536404,0.0,0.0,0.0,0.0,0.0,0.0,4.0996842,0.0,0.0,0.0,0.0,0.0,0.0,0.0,0.0,0.0,0.0,0.0,0.0,0.0,0.0,0.0,3.78758,9.956199,1.3105216,0.0,0.0,0.0,0.0,0.0,0.0,0.0,0.0,0.0,0.0,0.0,2.9142816,0.0,0.0,0.0,0.0,0.0,0.0,0.0,0.0,0.0,0.0,0.0,0.0,0.0,0.0,3.5088744,0.84800774,0.0,0.0,0.0,9.892291,0.0,0.0,0.0,0.0,0.0,0.0,2.4092264,2.2680058,0.0,0.0,0.0,0.0,0.0,0.9629851,0.20684728,2.570021,0.0,0.0,0.0,0.0,0.0,0.0,0.0,0.6642015,0.0,0.0,0.0,1.6493617,0.0,4.335109,0.0,0.0,0.0,0.0,6.654446,4.088565,0.0,0.0,0.0,0.0,0.0,0.0,0.0,0.0,0.0,0.0,0.0
5.457982,0.0,0.0,2.08938,0.0,0.0,0.0,0.0,0.0,0.0,4.116559,0.0,0.0,0.0,0.0,0.0,0.0,0.0,0.0,0.0,0.0,0.0,2.550857,3.1702127,0.0,0.0,0.0,0.0,0.0,0.761269,0.16236883,0.0,0.0,0.0,0.0,0.0,0.0,0.0,0.0,2.1965861,0.0,0.0,0.0,0.0,3.5855184,0.0,2.8776643,0.0,0.0,0.0,0.0,0.29820943,0.0,0.0,0.0,0.0,0.0,0.0,0.0,0.0,0.0,0.0,0.0,0.0,0.0,0.0,0.0,0.0,0.87153035,0.0,0.0,0.0,0.0,0.0,0.0,1.0089111,3.6776862,0.0,0.0,0.0,2.005169,0.0,0.0,0.0,0.0,0.0,0.0,0.0,0.0,0.0,0.0,0.0,0.0,0.0,3.8039827,0.0,0.0,0.0,0.0,0.0,0.0,0.0,0.0,0.0,0.0,0.0,0.0,1.2666074,0.0,0.0,0.0,0.0,3.5167048,0.0,0.0,6.562539,0.0,4.572232,0.0,0.0,4.206539,0.0,0.0,0.0,0.0,2.6630988,0.0,0.0
1.1889896,0.0,0.0,0.0,0.0,0.0,5.338456,0.0,0.0,0.0,0.0,0.0,1.5917426,0.0,0.0,0.0,0.0,0.0,0.0,0.0,0.0,0.0,0.0,0.16425884,0.0,0.0,0.0,0.0,0.0,0.0,0.0,0.0,0.95930326,0.0,0.0,0.0,0.0,0.0,1.1696619,0.0,0.0,0.0,0.0,0.0,0.0,0.0,0.0,0.0,0.0,0.0,0.0,0.0,0.0,0.0,0.0,0.0,0.0,0.0,0.0,0.0,0.0,0.0,0.0,0.0,0.0,0.0,0.0,0.0,3.773315,0.0,0.0,0.7286828,0.0,0.0,0.0,0.0,0.0,0.0,0.0,0.0,0.0,0.0,0.0,0.0,0.20497938,0.0,0.0,0.05125697,0.0,0.0,0.0,0.0,0.0,0.0,0.0,0.0,0.0,0.0,0.0,0.0,0.0,0.0,4.9670033,4.6172504,0.0,0.0,0.0,0.0,0.0,0.26861528,0.0,0.0,0.0,0.0,0.0,0.0,0.0,0.0,0.0,1.0895275,0.0,0.0,0.0,0.0,0.0,2.0593963,2.5752604,0.0
0.0,0.0,0.0,0.0,0.0,0.0,0.0,0.0,1.9894947,0.0,0.35256922,0.0,0.0,0.0,0.0,0.0,0.0,0.0,0.0,1.9646204,0.0,0.0,0.124518156,0.0,1.4877015,0.0,2.5024855,0.0,0.0,1.1191759,9.996042,0.0,0.0,0.0,0.0,0.0,0.0,0.0,0.0,2.9594693,0.0,0.0,0.0,0.0,0.0,0.0,3.948732,3.6493094,8.44606,0.0,0.0,0.0,1.0035473,0.0,0.0,0.0,0.0,0.0,0.0,0.0,0.0,0.0,0.0,0.0,0.0,0.0,0.0,0.0,0.0,0.0,0.0,0.0,0.0,0.0,0.0,6.6715465,0.0,0.0,0.0,0.0,3.4014568,0.0,0.0,0.0,0.0,0.0,0.0,0.0,0.0,0.0,0.0,1.3568128,0.0,0.0,0.0,5.991032,2.673046,0.0,0.0,0.0,0.0,0.0,0.0,0.0,4.481448,0.0,0.0,2.9066982,0.16346373,0.0,5.6575885,0.0,0.0,0.0,0.0,0.468342,0.0,0.0,0.0,0.0,0.0,0.0,0.0,0.0,0.0,0.0,0.0,0.0
0.0,0.0,0.0,0.0,0.0,0.0,1.4746509,0.0,3.1914554,0.0,5.284823,0.0,0.0,0.0,0.0,0.0,0.0,0.0,0.0,0.0,0.0,0.0,0.0,3.418227,0.0,0.0,0.0,0.0,0.0,0.47310793,0.0,0.0,0.0,0.0,0.0,0.0,3.9846053,0.0,1.1422242,0.43189654,0.0,0.0,0.0,0.0,0.0,0.0,0.0,2.3557622,0.0,0.0,0.0,1.7159148,0.0,0.0,0.0,0.82021725,0.0,0.0,0.0,0.0,0.0,0.0,0.0,0.0,0.0,0.0,0.0,0.0,0.0,0.0,0.0,0.0,0.0,0.0,0.0,0.0,0.24906774,0.0,0.0,0.0,0.0,0.0,0.0,0.0,3.1742928,0.0,0.0,0.0,0.0,0.0,0.0,0.0,0.0,0.0,0.0,0.0,4.4363785,0.0,0.0,0.0,0.0,0.0,0.0,0.0,1.3994206,0.1167856,4.0016303,0.0,0.0,0.0,0.0,0.0,3.207131,0.0,0.0,0.0,1.9431837,0.0,0.0,0.0,0.0,0.0,3.8932989,0.0,0.0,0.0,1.7265096,0.0
0.0,0.0,0.0,0.0,0.0,0.0,0.0,0.0,5.83253,0.0,0.0,0.0,0.0,0.0,0.0,0.0,0.0,0.0,0.0,0.0,0.0,0.0,0.0,0.0,0.0,0.0,1.8652183,0.0,0.0,5.634866,14.396925,0.0,0.0,0.0,0.0,0.2678338,0.0,0.0,0.0,3.887561,0.0,0.0,0.0,0.0,0.0,0.0,0.72809535,0.0,6.434465,0.0,0.0,0.88497204,0.0,0.0,0.0,0.0,0.0,0.0,0.0,0.0,0.0,0.0,0.0,0.0,0.0,0.0,0.0,0.0,0.0,0.0,0.0,0.0,0.0,0.0,0.0,7.3107004,0.0,0.0,0.0,0.0,6.1327324,0.0,0.0,0.0,6.353942,0.0,0.0,0.0,0.0,0.0,0.0,4.166993,0.0,0.0,0.0,0.0,15.675199,0.0,0.0,0.0,0.0,0.0,0.0,0.0,14.181051,0.0,0.0,0.0,0.0,0.0,0.0,0.0,0.0,0.0,0.0,0.0,0.0,0.0,0.0,0.0,0.0,0.0,2.3847785,0.0,0.0,0.0,0.0,0.0
0.0,0.0,0.0,0.0,0.0,0.0,0.0,0.0,2.956415,0.0,0.0,0.0,0.84741646,0.0,0.0,0.0,0.0,0.0,0.0,0.0,0.0,0.0,0.0,7.5349693,2.4071481,0.0,0.0,0.0,0.0,4.0523076,0.0,0.0,0.0,0.0,0.0,8.23315,0.0,0.0,0.0,0.0,0.0,0.0,0.0,0.0,0.0,0.0,7.513569,0.0,0.0,0.0,0.0,0.0,0.0,0.0,0.0,0.0,0.0,0.0,0.0,1.209916,0.0,0.0,0.0,0.0,0.0,0.0,0.0,0.0,0.0,0.0,0.0,0.0,0.0,0.0,0.0,10.889344,3.031297,0.0,0.0,0.0,4.8183136,0.0,0.0,0.0,9.736416,0.0,0.0,0.0,0.0,0.0,0.0,0.0,4.7948256,0.0,0.0,0.0,11.828447,0.0,0.0,0.0,0.0,0.0,0.0,0.0,5.0886827,0.0,0.0,4.2176476,0.0,0.0,0.0,0.0,5.557173,0.0,0.0,0.0,4.432335,0.0,0.0,0.0,0.0,0.0,5.3358455,0.0,0.0,1.8870972,0.0,0.0
0.0,0.0,0.0,0.0,0.0,0.0,3.7585285,0.0,0.0,0.0,0.0,0.0,1.8668408,3.2440305,0.0,0.0,0.0,0.0,0.0,0.0,0.0,0.0,0.0,0.646272,0.0,0.0,0.0,0.0,0.0,0.0,0.0,0.0,1.6112692,0.0,0.0,0.0,0.0,0.0,3.3289697,0.0,0.0,0.0,0.0,0.0,0.0,0.0,0.0,0.0,0.0,0.0,0.0,0.0,0.0,0.0,0.0,0.0,0.0,0.0,0.0,0.0,0.0,0.0,0.0,0.0,0.0,0.0,0.0,0.0,4.1565604,0.0,0.0,0.91658795,0.0,0.0,0.0,0.0,0.39921406,0.0,0.0,0.0,0.0,0.0,0.0,0.0,0.0,0.0,0.0,4.985419,0.0,0.05279521,0.0,0.0,0.0,0.0,0.0,0.0,0.0,0.0,0.0,0.0,0.0,0.0,6.030962,5.2360187,0.0,0.0,0.0,0.0,0.0,2.7656243,0.0,0.0,0.0,0.0,0.0,0.0,0.0,0.0,0.0,0.0,0.0,0.0,0.0,0.0,0.0,5.2586007,3.3134968,0.0
0.0,0.0,4.1787133,0.0,0.0,0.0,0.0,0.0,6.219485,0.0,0.0,0.0,0.0,0.0,0.0,0.0,8.270446,0.0,0.0,0.21201473,0.0,0.0,0.0,14.045337,0.0,0.0,0.0,0.0,0.0,0.0,6.645777,0.0,8.896418,0.0,0.0,0.0,0.0,0.0,5.69586,0.0,0.0,0.0,0.0,0.0,0.0,0.0,0.0,9.542585,0.0,0.0,0.0,0.0,0.0,0.0,0.0,0.0,0.0,0.0,0.0,0.0,0.0,0.0,0.0,0.0,0.0,0.0,0.0,0.0,6.293653,0.0,0.0,0.0,0.0,0.0,0.0,0.0,0.0,0.0,0.0,0.0,16.807673,0.0,0.0,0.0,0.0,0.0,0.0,0.0,0.0,0.0,0.0,0.0,0.0,0.0,2.5901625,0.0,0.0,0.0,0.0,0.0,0.0,0.0,0.0,0.0,0.0,0.0,0.0,0.0,0.0,0.0,0.0,0.0,0.0,0.0,0.0,0.6108959,0.0,0.0,0.0,0.0,0.0,0.0,0.0,0.0,0.0,6.204575,0.0,0.0
0.0,0.0,6.5298386,0.0,0.0,0.0,0.0,0.0,0.16342828,0.0,0.0,0.0,13.21398,6.526774,0.0,0.0,0.1951369,0.0,0.0,0.0,0.0,0.5749968,0.0,1.0954665,0.0,0.0,0.0,0.0,0.0,0.0,0.0,0.0,6.4117265,0.0,0.0,0.0,0.0,0.0,8.11914,0.0,0.0,0.0,0.0,0.0,0.0,0.0,0.0,0.0,0.0,0.0,0.0,0.0,0.0,0.0,0.0,0.0,0.0,0.0,0.0,0.0,0.0,0.0,0.0,0.0,0.0,0.0,0.0,0.0,4.8747973,0.0,0.0,0.0,0.0,0.0,0.0,0.0,6.2778454,0.0,0.0,0.0,1.8664873,0.0,0.0,0.0,0.0,0.0,0.0,12.540796,0.0,8.733385,0.0,0.0,0.0,0.0,0.0,0.0,4.5582337,0.0,0.0,0.0,0.0,0.0,0.0,0.0,0.0,0.0,0.0,0.0,11.580565,0.0,0.0,0.0,0.0,0.0,0.0,4.4030666,0.0,0.0,0.0,0.0,0.0,0.0,0.0,0.0,0.0,10.91714,0.0,0.0
0.0,0.0,0.0,0.0,0.0,0.0,0.0,0.0,0.0,0.0,0.0,0.0,0.0,0.0,0.0,0.0,0.0,0.0,0.0,0.0,0.0,0.0,0.0,0.0,10.61181,0.0,0.0,0.0,0.0,0.83354545,0.0,0.0,0.0,0.0,0.0,5.5830545,0.0,0.0,0.0,8.68659,0.0,0.0,0.0,0.0,0.0,0.0,0.0,0.0,0.0,0.0,0.0,0.83956444,0.0,0.0,0.0,2.0465841,0.0,0.0,0.0,0.0,0.0,0.0,0.0,0.0,0.0,0.0,0.0,0.0,0.0,0.0,0.0,0.0,0.0,0.0,0.0,2.626082,0.0,0.0,0.0,0.0,0.17964251,0.0,0.0,0.0,14.122254,0.0,0.0,0.0,0.0,0.0,0.0,0.0,9.717588,0.0,0.0,0.0,11.326392,0.0,0.0,0.0,0.0,0.0,2.0645137,0.0,6.031772,0.0,0.0,8.071648,0.0,0.0,0.0,0.0,6.8958273,0.0,0.0,0.0,0.61021304,0.0,0.0,0.0,0.0,0.0,3.134388,0.0,0.0,0.0,0.0,0.0
0.0,0.0,11.752778,0.0,0.0,0.0,0.0,0.0,0.6974276,0.0,0.0,0.0,0.021975286,10.304775,0.0,0.0,14.098737,0.0,0.0,11.310561,0.0,0.0,0.0,0.0,0.0,0.0,0.0,0.0,0.0,0.0,0.0,0.0,18.141201,0.0,0.0,1.2574881,0.0,0.0,16.06755,0.0,0.0,0.0,0.0,0.0,0.0,0.0,0.0,1.757102,0.0,0.0,0.0,0.0,0.0,0.0,0.0,0.0,0.0,0.0,0.0,0.0,0.0,0.0,0.0,0.0,0.0,0.0,0.0,0.0,0.0,0.0,0.0,0.0,0.0,0.0,0.0,0.0,0.0,0.0,0.0,0.0,18.246906,0.0,0.0,0.0,0.0,0.0,0.0,5.673316,0.0,0.0,0.0,0.0,0.0,0.0,0.0,0.0,16.632025,0.0,0.0,0.0,0.0,0.0,0.0,0.0,0.0,0.0,0.0,0.0,4.1355624,0.0,0.0,0.0,0.0,0.0,0.0,0.0,0.0,0.0,0.0,0.0,0.0,0.0,0.0,0.0,0.0,8.979741,0.0,0.0
1.7977828,0.0,6.2073145,0.91261923,0.0,0.0,0.0,0.0,0.0,0.0,0.0,0.0,1.2738907,6.337132,0.0,0.0,0.0,0.0,0.0,0.103020385,0.0,0.0,0.0,2.500491,0.0,0.0,0.0,0.0,0.0,0.0,0.0,0.0,0.0,0.0,0.0,0.0,0.0,0.0,0.0,0.0,0.0,0.0,0.0,0.0,0.0,0.0,0.0,3.8536253,0.75662184,0.0,0.0,0.0,0.110600546,0.0,0.0,0.0,0.0,0.0,0.0,0.0,1.5927576,0.0,0.0,0.0,0.0,0.0,0.0,0.0,0.25212803,0.0,0.0,0.0,0.0,0.0,0.0,0.0,3.295291,0.0,0.0,0.0,2.7562315,0.0,0.0,0.0,0.0,0.0,0.0,5.9602776,0.0,0.0,0.0,0.0,0.0,0.0,8.022882,0.0,0.0,0.0,0.0,0.0,0.0,0.0,0.0,0.0,0.0,0.0,0.0,0.0,9.255467,0.0,1.5512557,0.0,0.0,0.0,0.0,3.5364583,0.0,0.0,0.0,0.0,0.0,0.0,0.0,0.0,0.0,0.0,0.0,0.0
0.0,0.0,0.0,0.0,0.0,0.0,0.0,0.0,4.596889,0.0,3.3026884,0.0,0.0,0.0,0.0,0.0,0.0,0.0,0.0,0.0,0.0,0.0,0.0,0.0,3.6798203,0.0,5.663256,0.0,0.0,0.0,3.998978,0.0,0.0,0.0,0.0,0.0,0.0,0.0,0.0,10.0082245,0.0,0.0,0.0,0.0,0.0,0.0,0.0,1.275025,8.242083,0.0,0.0,1.0124046,0.0,0.0,0.0,0.41291133,0.0,0.0,0.0,0.0,0.0,0.0,0.0,0.0,0.0,0.0,0.0,0.0,0.0,0.0,0.0,0.0,0.0,0.0,0.0,6.865256,0.0,0.0,0.0,0.0,3.093567,0.0,0.0,0.0,7.248134,0.0,0.0,0.0,0.0,0.0,0.0,0.0,0.0,0.0,0.0,0.0,17.444136,0.0,0.0,0.0,0.0,0.0,0.0,0.0,7.5817876,0.0,0.0,0.0,0.0,0.0,0.0,0.0,0.0,0.0,0.0,0.0,1.0703305,0.0,0.0,0.0,0.0,0.0,9.853925,0.0,0.0,0.0,0.0,0.0
0.0,0.0,0.0,0.0,0.0,0.0,5.917766,0.0,2.2787795,0.0,9.76727,0.0,0.0,0.0,0.0,0.0,0.0,0.0,0.0,0.0,0.0,0.0,0.0,0.0,0.0,0.0,0.0,0.0,0.0,0.0,0.0,0.0,0.0,0.0,0.0,0.0,1.623021,0.075905696,6.7003922,3.1644614,0.0,0.0,0.0,0.0,0.0,0.0,0.0,0.0,2.4341109,0.0,0.0,3.4603384,0.0,0.0,0.0,0.0,0.0,0.0,0.0,0.0,0.0,0.0,0.0,0.0,0.0,0.0,0.0,0.0,0.0,0.0,0.0,0.0,0.0,0.0,0.0,0.0,0.0,0.0,0.0,0.0,0.0,0.0,0.0,0.0,15.743168,0.0,0.0,0.0,0.0,0.0,0.0,0.0,5.17253,0.0,0.0,0.0,10.601928,0.0,0.0,0.0,0.0,0.0,0.0,0.0,1.9820215,6.389443,2.6588821,3.339952,0.0,0.0,0.0,0.0,0.71621764,0.0,0.0,0.0,2.1949027,0.0,0.0,0.0,0.0,0.0,15.450081,0.0,0.0,0.0,2.9425936,0.0
0.0,0.0,0.0,0.0,0.0,0.0,0.0,0.0,3.5029612,0.0,0.0,0.0,0.0,0.0,0.0,0.0,0.0,0.0,0.0,0.0,0.0,0.0,0.0,0.52962303,2.858962,0.0,0.0,0.0,0.0,1.822798,0.0,0.0,0.0,0.0,0.0,3.3883138,0.0,0.0,0.0,1.5205793,0.0,0.0,0.0,0.0,0.0,0.0,0.0,0.0,0.66570526,0.0,0.0,0.0,0.0,0.0,0.0,0.97389334,0.0,0.0,0.0,0.0,0.0,0.0,0.0,0.0,0.0,0.0,0.0,0.0,0.0,0.0,0.0,0.0,0.0,0.0,0.0,5.6371665,0.0,0.0,0.0,0.0,1.8641046,0.0,0.0,0.0,10.023144,0.0,0.0,0.5520948,0.0,0.0,0.0,0.0,3.7072916,0.0,0.0,0.0,6.6769023,0.0,0.0,0.0,0.0,0.0,0.0,0.0,5.4063606,0.0,0.0,0.9714839,0.0,0.0,0.0,0.0,0.0,0.0,0.0,0.0,2.228596,0.0,0.0,0.0,0.0,0.0,4.964253,0.0,0.0,0.0,0.0,0.0
0.0,0.0,0.0,0.0,0.0,0.0,0.0,5.4696956,1.7548773,0.0,0.0,0.0,5.410636,0.0,0.0,0.0,0.0,0.0,0.0,0.0,0.0,0.0,0.0,7.135717,0.0,0.0,0.0,0.0,0.0,0.0,0.0,0.0,0.0,0.0,0.0,4.173161,0.0,0.0,0.0,4.7530756,0.0,0.0,0.0,0.0,0.0,0.0,0.0,5.4034357,0.0,0.0,0.0,0.0,0.0,0.0,0.0,0.0,0.0,0.0,0.0,0.0,0.0,0.0,0.0,0.0,0.0,0.0,0.0,0.0,0.0,0.0,0.0,0.0,0.0,0.0,0.0,0.604548,0.0,0.0,0.0,0.0,7.1503778,0.0,0.0,0.0,1.2538646,0.0,0.0,0.0,0.0,0.0,0.0,0.0,0.0,0.0,0.0,0.0,13.940792,0.0,0.0,0.0,0.0,0.0,1.4181001,0.0,0.7363954,0.0,1.7820444,0.0,0.0,0.0,0.0,0.0,1.4156184,0.0,0.0,0.61891043,0.19636084,0.0,0.0,0.0,0.0,0.0,2.1726346,0.0,0.0,0.0,0.0,0.0
0.0,0.0,0.0,4.800364,0.0,0.0,0.0,0.0,5.9795723,0.0,0.0,0.0,0.0,0.0,0.0,0.0,0.0,0.0,0.0,0.0,0.0,0.0,0.0,6.596878,0.0,0.0,0.0,0.0,0.0,11.979113,4.1590657,0.0,0.0,0.0,0.0,0.0,0.0,0.0,0.0,6.123179,0.0,0.0,0.0,0.0,0.0,0.0,6.3607054,0.0,4.0428314,0.0,0.0,0.0,0.0,0.0,0.0,0.0,0.0,0.0,0.0,4.525414,0.0,0.0,0.0,0.0,0.0,0.0,0.0,0.0,0.0,0.0,0.0,0.0,0.0,0.0,0.0,7.2103076,3.2208552,0.0,0.0,0.0,10.530022,0.0,0.0,0.0,8.522873,0.0,0.0,0.0,0.0,0.0,0.0,0.0,0.0,0.0,0.0,0.0,12.566644,0.0,0.0,0.0,0.0,0.0,0.0,0.0,4.4088206,0.0,0.0,2.7444255,0.0,0.0,0.0,0.0,10.25358,0.0,0.0,0.0,0.0,0.0,0.0,0.0,0.0,0.0,0.0,0.0,0.0,5.9787073,0.0,0.0
0.0,0.0,0.0,0.0,0.0,0.0,2.016358,0.0,0.0,0.0,0.20006956,0.0,0.0,0.0,0.0,0.0,0.0,0.0,0.0,0.0,0.0,0.0,0.0,1.0507112,4.5057144,0.0,0.0,0.0,0.0,0.0,3.5987866,0.0,0.0,0.0,0.0,0.12893821,0.0,0.0,0.0,3.4725702,0.0,0.0,0.0,0.0,0.0,0.0,0.0,0.0,0.0,0.0,0.0,3.1292233,0.0,0.0,0.0,2.3619246,0.0,0.0,0.0,0.0,0.0,0.0,0.0,0.0,0.0,0.0,0.0,0.0,0.0,0.0,0.0,0.08663535,0.0,0.0,0.0,4.6280136,0.0,0.0,0.0,0.0,0.0,0.0,0.0,0.0,10.167785,0.0,0.0,0.0,0.0,0.0,0.0,0.0,4.338565,0.0,0.0,0.0,5.886902,0.0,0.0,0.0,0.0,0.0,0.36137146,0.0,9.66075,0.0,0.0,4.9826627,0.0,0.0,0.0,0.0,2.8693926,0.0,0.0,0.0,0.0,0.0,0.0,0.0,0.0,0.0,2.0184257,0.0,0.0,0.0,0.0,0.0
0.0,0.0,0.0,0.0,0.0,0.0,2.8686361,0.0,0.0,0.0,4.8588386,0.0,0.0,0.0,0.0,0.0,0.0,0.0,0.0,0.0,0.0,0.0,0.0,0.0,10.575119,0.0,4.756196,0.0,0.0,3.9633777,5.034537,0.0,0.0,0.0,0.0,0.0,0.0,0.0,0.0,8.9456415,0.0,0.0,0.0,0.0,0.0,0.0,0.0,0.0,5.427079,0.0,0.0,5.9067554,0.0,0.0,0.0,7.5005507,0.0,0.0,0.0,0.0,0.0,0.0,0.0,0.0,0.0,0.0,0.0,0.0,0.0,0.0,0.0,0.0,0.0,0.0,0.0,6.100422,0.0,0.0,0.0,0.0,0.0,0.0,0.0,0.0,11.344603,0.0,0.0,0.0,0.0,0.0,0.0,2.9110475,0.0,0.0,0.0,0.0,9.527468,0.0,0.0,0.0,0.0,0.0,0.0,0.0,12.72298,0.0,0.0,4.5267735,0.0,0.0,0.0,0.0,4.314389,0.0,0.0,0.0,0.0,0.0,0.0,0.0,0.0,0.0,8.548371,0.0,0.0,0.0,0.0,0.0
4.4489603,0.0,0.0,0.0,0.0,0.0,3.87806,0.0,0.0,0.0,3.3118422,0.0,0.0,0.0,0.0,0.0,0.0,0.0,0.0,0.0,0.0,0.0,0.0,0.0,0.0,0.0,0.0,0.0,0.0,1.5855726,1.8955435,0.0,0.0,0.0,0.0,0.0,0.2248582,0.0,0.0,3.667613,0.0,0.0,0.0,0.0,2.6588333,0.0,0.0,0.0,3.5744789,0.0,0.0,3.4375017,0.52179164,0.0,0.0,1.4897983,0.0,0.0,0.0,0.0,0.0,0.0,0.0,0.0,1.9525139,0.0,0.0,0.0,0.0,0.0,0.0,0.0,0.12697646,0.0,0.0,0.0,0.8986788,0.0,0.0,0.0,0.0,0.19104187,0.0,0.0,0.0,0.0,0.0,0.0,0.0,0.0,0.0,0.0,0.0,0.0,0.0,0.0,0.0,0.0,0.0,0.0,0.0,0.0,0.0,0.0,0.0,1.4388902,0.0,4.787918,0.0,0.0,1.0703902,0.0,1.8855839,0.0,0.0,2.5239727,0.32199278,0.6686339,0.0,0.0,0.0,0.0,0.0,0.0,0.0,1.8703057,2.9736006,0.0
5.0228786,0.0,3.1048033,0.0,0.0,0.0,0.0,0.0,0.0,0.0,4.19233,0.0,0.0,2.245036,0.0,0.0,0.0,0.0,0.0,0.0,0.9289488,0.0,0.38367486,0.0,3.7961528,0.0,0.0,0.0,0.0,0.0,1.0122706,0.0,0.0,0.0,0.0,0.0,0.0,0.0,0.0,0.0,0.0,0.0,0.0,0.0,0.0,0.0,2.0028265,4.2566195,3.5776472,0.0,0.0,0.0,1.9562552,0.0,0.0,0.0,1.6642331,0.0,0.0,0.0,0.0,0.0,0.0,0.0,0.0,0.07805173,0.0,0.0,0.0,0.0,0.0,0.0,0.0,0.0,0.0,0.0,0.0,0.0,0.0,0.0,0.0,0.0,0.0,0.0,0.0,0.0,0.0,0.8898601,5.4623065,0.0,0.0,0.0,0.0,0.0,1.3773285,4.276366,0.0,0.0,0.0,0.0,0.0,0.0,0.0,0.0,0.0,0.0,0.0,0.0,0.0,0.0,5.511675,0.0,0.0,0.0,0.0,7.5499597,6.254547,0.0,0.0,0.0,0.0,0.0,0.0,0.0,0.0,0.0,0.0,0.0
0.0,0.0,0.0,0.25707376,0.0,1.7036036,1.9037145,0.0,0.0,0.0,0.53919053,0.0,0.0,0.0,0.0,0.0,0.0,0.0,0.0,0.0,0.0,0.87177247,0.0,0.041162226,0.0,0.0,0.0,0.0,0.0,2.1128488,0.0,0.0,0.0,0.0,0.0,0.0,3.2247632,1.16476,0.0,0.0,0.0,0.0,0.0,0.0,0.0,0.0,1.0124569,0.0,0.7934703,0.0,0.0,3.0959826,0.0,0.0,0.0,0.0,0.0,0.0,0.0,0.0,0.0,0.0,0.0,0.0,0.0,0.0,0.0,0.0,0.0,0.0,0.0,0.0,0.0,0.0,0.0,0.0,1.821322,0.0,0.0,0.0,0.0,0.0,0.0,0.0,2.6316195,0.0,0.0,0.0,0.0,0.0,0.0,0.0,0.25020015,0.0,0.0,0.0,1.8998125,0.0,0.0,0.0,0.0,0.0,0.0,2.0798352,0.04290022,1.0816667,0.0,2.365982,0.0,0.0,0.0,0.0,0.1626473,0.0,0.0,0.0,1.569804,0.0,0.0,0.0,0.0,0.0,0.7093418,0.0,0.27163443,1.723128,0.64289546,0.0
0.0,0.0,0.0,0.0,0.0,0.0,12.965129,0.0,0.0,0.0,6.725255,0.0,0.0,0.0,0.0,0.0,0.0,0.0,0.0,0.0,0.0,0.0,0.0,0.0,7.1013846,0.0,0.0,0.0,0.0,0.0,6.1246476,0.0,0.0,0.72470444,0.0,0.0,0.0,0.0,0.0,6.7875156,0.0,0.0,0.0,0.0,0.0,0.0,0.0,0.0,1.5754931,0.0,0.0,8.935589,0.0,0.0,0.0,3.6263306,0.0,0.0,0.0,0.0,0.0,0.0,0.0,0.0,0.0,0.0,0.0,0.0,0.0,0.0,0.0,0.0,0.0,0.0,0.0,0.0,0.0,0.0,0.0,0.0,0.0,0.0,0.0,0.0,9.659684,0.0,0.0,0.0,0.0,0.0,0.0,1.7925686,0.0,0.0,0.0,0.0,0.0,0.0,0.0,0.0,0.0,0.0,7.520193,0.013701662,5.0833483,0.0,0.0,7.487314,0.0,0.0,0.0,0.0,2.3278012,0.0,0.0,2.0580559,0.0,0.0,0.0,0.0,0.0,0.0,2.1617389,0.0,0.0,0.0,0.0,0.0
4.4157715,0.0,0.0,0.0,0.0,0.0,4.5064135,0.0,0.0,0.0,0.49357748,0.0,0.0,0.0,0.0,0.0,0.0,0.0,0.0,0.0,0.0,0.030399501,0.0,0.0,0.038161643,0.0,0.0,0.0,0.0,1.5005656,0.0,0.0,0.0,0.0,0.0,0.0,0.5052057,0.0,0.0,0.0148281865,0.0,0.0,0.0,0.0,0.13040254,0.0,0.0,0.0,3.5842495,0.0,0.0,0.97677845,0.46132737,0.0,0.0,1.7553762,0.0,0.0,0.0,0.0,0.0,0.0,0.54964304,0.0,0.6308059,0.0,0.0,0.0,0.0,0.0,0.0,0.0,0.0,0.3245299,0.0,0.0,0.0,0.0,0.0,0.0,0.0,0.4168805,0.0,0.0,0.0,0.0,0.0,0.0,0.0,0.0,0.0,0.0,0.0,0.0,1.4547565,0.0,0.0,0.0,0.0,0.0,0.0,0.0,0.36911368,1.5445713,0.0,0.0,0.0,0.0,0.0,0.0,2.3242278,0.0,0.0,0.0,0.0,0.0,1.2495992,0.0,0.0,0.0,0.0,0.0,0.0,0.0,0.0,0.33583042,1.4906145,0.0
0.0,0.0,0.649706,0.55974716,0.0,0.0,0.13052557,0.79688174,1.2452096,0.0,3.0076087,0.0,0.0,0.0,0.0,0.0,0.0,0.0,0.0,0.0,0.0,0.0,1.0234487,2.2747667,0.0,0.0,0.0,0.0,0.0,0.0,0.33965802,0.0,0.0,0.0,0.0,0.0,2.5198221,0.0,0.0,0.12330645,0.0,0.0,0.0,0.0,0.18910602,0.0,0.0,1.0765998,0.0,0.0,0.0,0.95617414,0.0,0.0,0.0,0.0,0.0,0.0,0.0,0.0,0.0,0.0,0.0,0.0,0.0,0.0,0.0,0.0,0.0,0.0,0.0,0.0,0.0,0.0,0.0,0.0,1.2519692,0.0,0.0,0.0,0.0,0.0,0.0,0.0,0.0,0.0,0.0,0.0,0.0,0.0,0.0,0.0,0.0,0.0,0.0,0.0,1.2028145,0.0,0.0,0.0,0.0,0.0,0.0,0.0,1.2220685,0.23614477,0.65101737,0.0,0.0,0.22082362,0.0,0.0,1.3945444,0.0,0.0,0.0,0.70576227,0.0,0.0,0.0,0.0,0.0,0.0,0.0,0.0,0.589012,0.66822064,0.0
0.0,0.0,0.0,0.0,0.0,0.0,2.4176812,0.0,0.0,0.0,6.6736054,0.0,0.0,0.0,0.0,0.0,0.0,0.0,0.0,0.0,0.0,0.0,0.0,0.0,7.712094,0.0,4.628028,0.0,0.0,0.0,3.5124893,0.0,0.0,0.0,0.0,0.0,0.0,0.0,0.0,10.920776,0.0,0.0,0.0,0.0,1.8417722,0.0,0.0,0.0,3.023073,0.0,0.0,6.703361,0.0,0.0,0.0,3.8248842,0.0,0.0,0.0,0.0,0.0,0.0,0.0,0.0,0.0,0.0,0.0,0.0,0.0,0.0,0.0,0.0,0.0,0.0,0.0,0.0,0.0,0.0,0.0,0.0,0.0,0.0,0.0,0.0,1.4296201,0.0,0.0,0.0,0.0,0.0,0.0,2.9257681,0.0,0.0,0.0,0.0,7.0206447,0.0,0.0,0.0,0.0,0.0,5.296272,0.0,2.8717563,0.0,0.0,3.8483214,0.0,0.0,0.0,0.0,3.5311356,0.0,0.0,3.8322055,0.0,0.0,0.0,0.0,0.0,0.0,0.24901071,0.0,0.0,0.0,0.0,0.0
0.0,0.0,0.0,0.0,0.0,0.0,3.7850611,0.0,0.0,0.0,0.0,0.0,1.7392379,0.08728997,0.0,0.0,0.03723178,0.0,0.0,0.0,0.0,0.0,0.0,1.2357552,0.0,0.0,0.0,0.0,0.0,0.0,0.0,0.0,1.6657981,0.0,0.0,0.0,0.0,0.0,2.3015907,0.0,0.0,0.0,0.0,0.0,0.0,0.0,0.0,0.0,0.0,0.0,0.0,0.0,0.0,0.0,0.0,0.0,0.0,0.0,0.0,0.0,0.0,0.0,0.0,0.0,0.0,0.0,0.0,0.0,2.6346996,0.0,0.0,0.9175189,0.0,0.0,0.0,0.0,0.32171425,0.0,0.0,0.0,0.0,0.0,0.0,0.0,0.0,0.0,0.0,1.2227429,0.0,0.0,0.0,0.0,0.0,0.0,0.0,0.0,0.0,0.0,0.0,0.0,0.0,0.0,3.1901352,3.1774306,0.0,0.0,0.0,0.0,0.0,2.3613055,0.0,0.0,0.0,0.0,0.0,0.0,0.0,0.0,0.0,0.0,0.0,0.0,0.0,0.0,0.0,4.667307,4.383449,0.0
0.0,0.0,8.793311,0.0,0.0,0.0,0.0,0.0,0.0,0.0,0.0,0.0,0.0,2.482105,0.0,0.0,0.0,0.0,0.0,0.50318617,0.0,0.0,0.0,0.0,0.0,0.0,0.0,0.0,0.0,0.0,0.0,0.0,8.827406,0.0,0.0,0.0,0.0,0.0,6.2496066,0.0,0.0,0.0,0.0,0.0,0.0,0.0,0.0,0.0,0.0,0.0,0.0,0.0,0.0,0.0,0.0,0.0,0.0,0.0,0.0,0.0,0.0,0.0,0.0,0.0,0.0,0.0,0.0,0.0,0.13966392,0.0,0.0,0.0,0.0,0.0,0.0,0.0,5.558052,0.0,0.0,0.0,10.072228,0.0,0.0,0.0,0.0,0.0,0.0,0.54539496,0.0,0.0,0.0,0.0,0.0,0.0,8.327632,0.0,0.0,0.0,0.0,0.0,0.0,0.0,7.168072,0.0,0.0,0.0,0.0,0.0,4.140162,0.0,0.0,0.0,0.0,0.0,0.0,1.0149363,0.0,0.0,0.0,0.0,0.0,0.0,0.0,0.0,0.0,8.321471,0.0,0.0
0.0,0.0,0.0,0.0,0.0,0.0,0.77669793,0.0,0.0,0.0,0.0,0.0,2.5142505,0.0,0.0,0.0,0.0,0.0,0.0,0.0,0.0,0.0,0.0,7.4358764,0.0,0.0,0.0,0.0,0.0,0.0,0.0,0.0,3.115649,0.0,0.0,0.0,0.0,0.0,0.7430671,0.0,0.0,0.0,0.0,0.0,0.0,0.0,0.0,0.0,0.0,0.0,0.0,0.0,0.0,0.0,0.0,0.0,0.0,0.0,0.0,0.0,0.0,0.0,0.0,0.0,0.0,0.0,0.0,0.0,6.773187,0.0,0.0,0.0,0.0,0.0,0.0,0.0,1.4519802,0.0,0.0,0.0,0.35442984,0.0,0.0,0.0,0.0,0.0,0.0,0.0,0.0,0.0,0.0,0.0,0.0,0.0,0.0,0.0,0.0,0.0,0.0,0.0,0.0,0.0,0.9312587,0.0,0.0,0.0,0.0,0.0,0.0,1.7562593,0.0,0.0,0.573202,0.0,0.0,0.40644255,0.0,0.0,0.0,0.0,0.0,0.0,0.0,0.0,0.0,5.995136,4.8512263,0.0
0.0,0.0,0.0,0.8353598,0.0,0.0,0.0,0.0,0.0049434435,0.0,0.0,0.0,1.4337937,0.0,0.0,0.0,0.0,0.0,0.0,0.34880638,0.0,0.0,0.32190233,2.6092756,0.0,0.0,0.0,0.0,0.0,2.6607826,3.7327847,0.0,0.0,0.0,0.0,0.0,0.0,0.0,0.0,0.0,0.0,0.0,0.0,0.0,0.0,0.0,4.4887347,0.0,0.7986785,0.0,0.0,0.0,0.0,0.0,0.0,0.0,0.0,0.0,0.0,2.4561682,0.0,0.0,0.0,0.0,0.0,0.0,0.0,0.0,0.0,0.0,0.0,0.0,0.0,0.0,0.0,0.0,1.5645409,0.0,0.0,0.0,2.6991837,0.0,0.0,0.0,0.0,0.0,0.0,0.0,0.0,0.0,0.0,0.0,0.0,0.0,0.0,0.0,1.0470043,0.0,0.0,0.0,0.0,0.0,0.0,0.0,0.0,0.0,0.0,0.74351764,1.8341911,0.38920406,0.0,0.0,0.2323911,0.0,0.0,0.23289405,0.0,0.0,0.0,0.0,0.0,0.0,0.0,0.0,0.0,5.621537,0.0,0.0
0.0,0.0,0.0,5.8367524,0.0,0.25205505,0.0,0.0,1.5721757,0.0,1.6299372,0.0,0.0,0.0,0.0,0.0,0.0,0.0,0.0,0.0,0.0,3.8857152,0.0,5.45714,0.0,0.0,0.0,0.0,0.0,5.2751064,1.5770092,0.0,0.0,0.0,0.0,0.0,6.698685,0.0,4.2825646,0.0,0.0,0.0,0.0,0.0,0.0,0.0,0.96553856,0.0,0.0,0.0,0.0,3.3203986,0.0,0.0,0.0,0.0,0.0,0.0,0.0,0.0,0.0,0.0,0.0,0.0,0.0,0.0,0.0,0.0,0.0,0.0,0.0,0.0,0.0,0.0,0.0,0.0,3.0999458,0.0,0.0,0.0,0.0,0.0,0.0,0.0,2.9137163,0.0,0.0,0.0,0.0,0.0,3.4281466,0.0,4.043698,0.0,0.0,0.0,2.4613807,0.0,0.0,0.0,0.0,0.0,0.0,0.0,1.6465714,0.6508218,0.0,5.334491,0.0,0.0,0.0,0.0,6.724486,0.0,0.0,0.0,0.0,0.0,0.0,0.0,0.0,0.0,8.533554,0.0,0.0,4.0913706,0.0,0.0
0.7012737,0.0,0.0,0.0,0.0,0.0,0.45578393,0.0,0.21688446,0.0,4.3817143,0.0,0.0,0.0,0.0,0.0,0.0,0.0,0.0,0.0,0.0,0.0,0.0,0.0,2.3857307,0.0,0.0,0.0,0.0,2.8559403,0.0,0.0,0.0,0.0,0.0,0.0,0.0,0.0,0.0,4.232287,0.0,0.0,0.0,0.0,2.1101863,0.0,0.0,0.0,2.0040448,0.0,0.0,0.0,0.0,0.0,0.0,1.8529422,0.0,0.0,0.0,0.0,0.0,0.0,0.0,0.0,0.0,0.0,0.0,0.34341243,0.0,0.0,0.0,0.0,0.0,0.0,0.0,0.0,0.55817217,0.0,0.0,0.0,0.9135878,0.0,0.0,0.0,0.0,0.0,0.0,0.0,0.0,0.0,0.0,0.0,0.0,0.0,0.43024814,0.0,0.0,0.0,0.0,0.0,0.0,0.0,0.0,0.0,0.28706592,0.0,0.0,0.0,0.0,0.0,1.1295365,0.0,2.769613,0.0,0.0,1.916986,1.7631938,0.0,0.0,0.0,0.0,0.0,0.15950945,0.0,0.0,0.0,0.0,0.0
0.0,0.0,0.0,0.0,0.0,0.0,6.8989196,0.0,0.0,0.0,5.254923,0.0,0.0,0.0,0.0,0.0,0.0,0.0,0.0,0.0,0.0,0.0,0.0,0.0,5.442502,0.0,0.0,0.0,0.0,0.0,0.0,0.0,0.0,0.0,0.0,0.0,0.0,0.0,0.0,5.0938883,0.0,0.0,0.0,0.0,0.0,0.0,0.0,0.0,1.8041639,0.0,0.0,5.2002816,0.0,0.0,0.0,1.9157472,0.0,0.0,0.0,0.0,0.0,0.0,0.0,0.0,0.0,0.0,0.0,0.0,0.0,0.0,0.0,0.0,0.0,0.0,0.0,0.0,0.0,0.0,0.0,0.0,0.0,0.0,0.0,0.0,4.4518247,0.0,0.0,0.0,0.0,0.0,0.0,0.74006253,0.0,0.0,0.0,0.0,1.3453873,0.0,0.0,0.0,0.0,0.0,2.047155,0.0,0.9507554,0.0,0.0,3.6466644,0.0,0.0,0.0,0.0,2.1986954,0.0,0.0,3.694741,1.1544981,0.0,0.0,0.0,0.0,0.0,0.9314265,0.0,0.0,0.0,0.0,0.0
0.0,0.0,0.0,0.0,0.0,0.0,5.2107987,0.0,0.0,0.0,0.0,0.0,2.0230305,0.22797048,0.0,0.0,0.0,0.0,0.0,0.0,0.0,0.0,0.0,1.7155364,0.0,0.0,0.0,0.0,0.0,0.0,0.0,0.0,1.8832791,0.0,0.0,0.0,0.0,0.0,1.2521081,0.0,0.0,0.0,0.0,0.0,0.0,0.0,0.0,0.0,0.0,0.0,0.0,0.0,0.0,0.0,0.0,0.0,0.0,0.0,0.0,0.0,0.0,0.0,0.0,0.0,0.0,0.0,0.0,0.0,4.703227,0.0,0.0,1.291267,0.0,0.0,0.0,0.0,0.0,0.0,0.0,0.0,0.0,0.0,0.0,0.0,0.0,0.0,0.0,1.679053,0.0,0.0,0.0,0.0,0.0,0.0,0.0,0.0,0.0,0.0,0.0,0.0,0.0,0.0,4.1285086,4.208322,0.0,0.0,0.0,0.0,0.0,1.6156262,0.0,0.0,0.0,0.0,0.0,0.0,0.0,0.0,0.0,2.1400735,0.0,0.0,0.0,0.0,0.0,2.6845622,2.9558797,0.0
2.283429,0.0,0.0,0.0,0.0,2.4812808,2.9758434,0.0,0.0,0.0,1.1051365,0.0,0.0,0.0,0.0,0.0,0.0,0.0,0.0,0.0,0.0,0.28352636,0.0,0.0,0.0,0.0,0.0,0.0,0.0,0.0,0.0,0.0,0.0,0.0,0.0,0.0,1.1045985,0.25395545,0.0,0.62407273,0.0,0.0,0.0,0.0,0.6410682,0.0,0.4367597,0.0,0.0,0.25259537,0.0,4.7459426,0.0,1.285181,0.0,0.0,0.0,0.0,0.0,0.0,0.0,0.0,0.0,0.0,0.0,0.0,0.0,0.0,0.0,0.0,0.0,0.0,0.0,0.0,0.0,0.0,3.1228528,0.0,0.0,0.0,0.0,1.2091151,0.0,0.0,0.30619314,0.0,0.0,0.0,0.0,0.0,0.0,0.0,0.0,0.0,0.0,0.0,0.0,0.0,0.0,0.0,0.0,0.0,0.0,0.7549132,0.0,0.0,0.0,2.4584594,0.0,0.0,0.0,0.0,0.22311023,0.0,0.0,2.2893813,0.47788402,0.0,0.0,0.0,0.0,0.0,0.0,0.0,0.0,2.536621,2.2274234,0.0
0.0,0.0,0.0,0.0,0.0,1.9803362,5.1599746,0.0,0.0,0.0,5.786578,0.0,0.0,0.0,0.0,0.0,0.0,0.1312692,0.0,0.0,0.0,0.0,0.0,0.0,3.8786485,0.0,0.0,0.0,0.0,0.0,1.9330033,0.0,0.0,1.2321585,0.0,0.0,0.0,0.0,0.0,2.5401702,0.0,0.0,0.0,0.0,1.4648166,0.0,0.0,0.0,0.0,0.0,0.0,6.7641606,0.0,0.0,0.0,1.6669519,0.0,0.0,0.0,0.0,0.0,0.0,0.0,0.0,0.0,0.0,0.0,0.0,0.0,0.0,0.0,0.0,0.0,0.0,0.0,0.0,0.0,0.0,0.0,0.0,0.0,0.0,0.0,0.0,3.7006292,0.0,0.0,0.0,0.0,0.0,0.0,0.0,0.27419078,0.0,0.0,0.0,4.968203,0.0,0.0,0.0,0.0,0.0,5.408184,0.0,1.1825025,0.0,2.1257823,2.126865,0.0,0.0,0.0,0.0,3.952949,0.0,0.0,3.9437225,0.0,0.0,0.0,0.0,0.0,0.0,3.5592792,0.0,0.0,0.0,0.0,0.0
0.0,0.0,0.0,0.0,0.0,0.0,0.0,0.0,0.0,0.0,0.0,0.0,0.0,0.0,0.0,0.0,0.0,0.0,0.0,0.0,0.0,0.0,0.0,2.2422006,4.2277017,0.0,0.0,0.0,0.0,1.8914429,0.55734175,0.0,0.0,0.0,0.0,2.1128495,0.0,0.0,0.0,2.7359076,0.0,0.0,0.0,0.0,0.0,0.0,1.8282188,0.0,0.0,0.0,0.0,1.4667572,0.0,0.0,0.0,0.0,0.0,0.0,0.0,0.0,0.0,0.0,0.0,0.0,0.0,0.0,0.0,0.0,0.0,0.0,0.0,0.0,0.0,0.0,0.0,5.842839,0.2957193,0.0,0.0,0.0,0.0,0.0,0.0,0.0,10.408192,0.0,0.0,0.0,0.0,0.0,0.0,0.0,7.480802,0.0,0.0,0.0,8.648509,0.0,0.0,0.0,0.0,0.0,0.0,0.0,6.1307054,0.0,0.0,7.6112847,0.0,0.0,0.0,0.0,4.0870614,0.0,0.0,0.0,2.5602112,0.0,0.0,0.0,0.0,0.0,3.3702486,0.0,0.0,0.0,0.0,0.0
0.0,0.0,0.0,0.0,0.0,0.0,4.5720706,0.0,0.0,0.0,0.0,0.0,2.3064153,2.549319,0.0,0.0,0.0,0.0,0.0,0.0,0.0,2.149817,0.0,1.6681151,0.0,0.0,0.0,0.0,0.0,0.0,0.0,0.0,0.0,0.0,0.0,0.0,0.8110725,0.0,2.019273,0.0,0.0,0.0,0.0,0.0,0.0,0.0,0.0,0.0,0.0,0.0,0.0,0.0,0.0,0.0,0.0,0.0,0.0,0.0,0.0,0.0,0.0,0.0,0.0,0.0,0.0,0.0,0.0,0.0,3.033787,0.0,0.0,1.9237673,0.0,0.0,0.0,0.0,0.3293989,0.0,0.0,0.0,0.0,0.0,0.0,0.0,1.0013896,0.0,0.0,4.712964,0.0,0.0,0.0,0.0,0.0,0.0,0.0,0.0,0.0,0.0,0.0,0.0,0.0,0.0,1.951864,3.778335,0.0,0.0,0.0,0.0,0.0,4.072911,0.0,0.0,0.0,0.0,0.0,0.0,0.0,0.0,0.0,0.17684177,0.0,0.0,0.0,0.0,0.0,5.296736,1.6771835,0.0
0.0,0.0,0.0,0.0,0.0,1.8773566,5.733874,0.0,0.0,0.0,9.165547,0.0,0.0,0.0,0.0,0.0,0.0,0.0,0.0,0.0,0.0,0.0,0.0,0.0,2.650784,0.0,0.0,0.0,0.0,0.0,7.9722247,0.0,0.0,0.0,0.0,0.0,0.0,0.0,0.0,5.4577193,0.0,0.0,0.0,0.0,0.0,0.0,0.0,2.867705,0.0,0.0,0.0,9.368007,0.0,0.0,0.0,0.0,0.0,0.0,0.0,0.0,0.0,0.0,0.0,0.0,0.0,0.0,0.0,0.0,0.0,0.0,0.0,0.0,0.0,0.0,0.0,0.0,0.0,0.0,0.0,0.0,0.0,0.0,0.0,0.0,4.2631083,0.0,0.0,0.0,0.0,0.0,0.0,0.2894553,0.0,0.0,0.0,0.0,4.5015564,0.0,0.0,0.0,0.0,0.0,7.6465697,0.0,6.878001,0.0,0.0812668,3.0911546,0.0,0.0,0.0,0.0,2.195186,0.0,0.0,3.0114262,0.0,0.0,0.0,0.0,0.0,0.0,5.2815595,0.0,0.0,0.0,0.0,0.0
0.0,0.0,0.0,0.0,0.0,0.0,8.920654,0.0,0.0,0.0,8.4038725,0.0,0.0,0.0,0.0,0.0,0.0,0.0,0.0,0.0,0.0,0.0,0.0,0.0,4.776341,0.0,0.0,0.0,0.0,0.0,0.0,0.0,0.0,0.0,0.0,0.0,0.0,0.0,0.0,9.517295,0.0,0.0,0.0,0.0,0.0,0.0,0.0,0.0,6.1867204,0.0,0.0,5.345491,0.0,0.0,0.0,2.1113284,0.0,0.0,0.0,0.0,0.0,0.0,0.0,0.0,0.0,0.0,0.0,0.0,0.0,0.0,0.0,0.0,0.0,0.0,0.0,0.0,0.0,0.0,0.0,0.0,0.0,0.0,0.0,0.0,6.7486053,0.0,0.0,0.0,0.0,0.0,0.0,0.11870651,0.0,0.0,0.0,0.0,2.0761929,0.0,0.0,0.0,0.0,0.0,0.0,0.0,2.6939228,3.721382,0.0,7.0219593,0.0,0.0,0.0,0.0,0.0,0.0,0.0,0.70240337,3.1442156,0.0,0.0,0.0,0.0,0.0,2.9497263,0.0,0.0,0.0,0.0,0.0
0.0,0.0,0.029044181,0.0,0.0,0.0,0.0,0.20844674,0.9583398,0.0,2.5965118,0.0,0.0,0.0,0.0,0.0,0.0,0.0,0.0,0.0,0.0,0.0,1.5779587,3.7020063,0.0,0.0,0.0,0.0,0.0,1.0974922,0.0,0.0,0.0,0.0,0.0,0.0,0.0,0.0,0.0,4.475679,0.0,0.0,0.0,0.0,0.0,0.0,0.25096858,1.6221611,0.0,0.0,0.0,0.0,0.0,0.0,0.0,0.0,0.0,0.0,0.0,0.0,0.0,0.0,0.0,0.0,0.0,0.0,0.0,0.0,0.0,0.0,0.0,0.0,0.0,0.0,0.0,0.040529683,4.333289,0.0,0.0,0.0,2.347829,0.0,0.0,0.0,1.148506,0.0,0.0,0.0,0.0,0.0,0.0,0.0,0.0,0.0,0.0,0.0,4.8512454,0.0,0.0,0.0,0.0,0.0,0.0,0.0,0.0,0.0,0.0,0.0,0.0,0.0,0.0,0.0,3.067142,0.0,0.0,1.9968632,1.3065883,0.0,0.0,0.0,0.0,0.0,0.0,0.0,0.0,0.0,0.0,0.0
0.0,0.0,0.0,2.335401,0.0,1.3564677,0.0,0.0,0.0,0.0,0.0,0.0,1.9145513,0.0,0.0,0.0,0.0,0.0,0.0,0.0,0.0,2.8098023,0.0,4.6783867,0.0,0.0,0.0,0.0,0.0,3.1170418,4.111823,0.0,0.0,0.0,0.0,0.0,1.894588,0.0,0.0,0.0,0.0,0.0,0.0,0.0,0.0,0.0,7.1268826,0.0,0.0,1.2081379,0.0,1.5198382,0.0,0.0,0.0,0.0,0.0,0.0,0.0,2.3009017,0.0,0.0,0.0,0.0,0.0,0.0,0.0,0.0,0.0,0.0,0.0,0.0,0.0,0.0,0.0,0.0,4.8791356,0.0,0.0,0.0,0.0,0.0,0.0,0.0,4.917909,0.0,0.0,0.0,0.0,0.0,0.0,0.0,2.9603617,0.0,0.0,0.0,4.404865,0.0,0.0,0.0,0.0,0.0,0.0,0.0,0.0,0.0,0.0,6.026475,0.0,0.0,0.0,0.0,6.274501,0.0,0.0,0.12215036,0.0,0.0,0.0,0.0,0.0,0.0,1.2063822,0.0,0.0,8.600766,0.0,0.0
0.64509356,0.0,0.0,0.0,0.0,0.2941288,3.8965392,0.0,0.0,0.0,4.686871,0.0,0.0,0.0,0.0,0.0,0.0,0.0,0.0,0.0,0.0,0.0,0.0,0.0,0.5255598,0.0,0.0,0.0,0.0,0.0,0.0,0.0,0.0,0.0,0.0,0.0,0.0,0.5899961,0.0,0.55609864,0.0,0.0,0.0,0.0,1.0042949,0.0,0.0,1.0022062,0.0,0.0,0.0,2.1668952,0.0,0.0,0.0,0.0,0.0,0.0,0.0,0.0,0.0,0.0,0.0,0.0,0.0,0.0,0.0,0.0,0.0,0.0,0.0,0.0,0.0,0.0,0.0,0.0,1.2927527,0.0,0.0,0.0,0.0,0.0,0.0,0.11122219,0.3344493,0.0,0.0,0.0,0.0,0.0,0.0,0.0,0.0,0.0,0.0,0.0,0.0,0.0,0.0,0.0,0.0,0.0,2.7117636,0.0,0.0,0.0,1.5024775,0.0,0.0,0.0,0.0,0.0,0.0,0.0,0.0,2.413654,0.0,0.0,0.0,0.0,0.0,0.0,0.77013177,0.0,0.0,0.0,1.0793604,0.0
0.0,0.0,0.0,0.0,0.0,0.0,5.275697,0.0,0.0,0.0,9.115481,0.0,0.0,0.0,0.0,0.0,0.0,0.0,0.0,0.0,0.0,0.0,0.0,0.0,0.0,0.0,0.0,0.0,0.0,0.0,15.183272,0.0,0.0,0.0,0.0,0.0,0.65339595,0.0,0.0,15.1462345,0.0,0.0,0.0,0.0,0.0,0.0,0.0,0.0,11.617866,0.079511754,0.0,13.984485,0.0,0.0,0.0,0.0,0.0,0.0,0.0,0.0,0.0,0.0,0.0,0.0,0.0,0.0,0.0,0.0,0.0,0.0,0.0,0.0,0.0,0.0,0.0,2.7247932,0.0,0.0,0.0,0.0,0.0,0.0,0.5926456,0.0,6.5595894,0.0,0.0,0.0,0.0,0.0,0.0,1.8223215,0.0,0.0,0.0,0.0,9.248706,0.0,0.0,0.0,0.0,0.0,0.0,0.0,9.563757,7.5786686,0.0,17.730858,0.0,0.0,0.0,0.0,3.8775558,0.0,0.0,0.18592557,0.0,0.0,0.0,0.0,0.0,0.0,0.0,0.0,0.0,0.0,1.1413232,0.0
3.3929024,0.0,2.9363835,0.0,0.0,0.0,0.0,0.0,0.17538291,0.0,7.742975,0.0,0.0,0.0,0.0,0.0,0.78248,0.0,0.0,0.0,0.0,0.0,3.1719663,0.48806718,0.0,0.0,0.0,0.0,0.0,0.0,5.98651,0.0,0.0,0.0,0.0,0.0,0.0,0.0,0.0,2.5482974,0.0,0.0,0.0,0.0,4.0995975,0.0,0.0,7.388146,1.3358053,0.0,0.0,0.0,0.0,0.0,0.0,0.0,0.0,0.0,0.0,0.0,1.1958659,0.0,0.0,0.0,0.0,0.0,0.0,1.6615674,0.0,0.0,0.0,0.0,0.0,0.0,0.0,2.1353266,0.65873045,0.0,0.0,0.0,7.611315,0.0,0.0,0.0,0.0,0.0,0.0,0.0,0.80024385,0.0,0.0,0.0,0.0,0.0,4.733731,2.7839146,0.0,0.0,0.0,0.0,0.0,0.0,0.0,0.0,0.0,0.0,0.0,0.0,0.0,0.0,5.71046,0.0,0.0,0.0,0.0,7.6651983,1.3964397,0.0,0.0,1.7186147,0.0,0.0,0.0,0.7229473,0.0,0.0,0.0,0.0
0.0,0.0,0.0,0.0,0.0,0.0,4.1816316,0.0,0.0,0.0,0.0,0.0,3.5840495,1.8900583,0.0,0.0,0.0,0.0,0.0,0.5731332,0.0,3.936067,0.0,1.0598675,0.0,0.0,0.0,0.0,0.0,0.9417379,0.0,0.0,0.0,0.0,0.0,0.0,1.5229542,0.0,2.6240542,0.0,0.0,0.0,0.0,0.0,0.0,0.0,0.6265424,0.0,0.0,0.0,0.0,0.0,0.0,0.0,0.0,0.0,0.0,0.0,0.2049833,0.0,0.0,0.0,0.0,0.0,0.0,0.0,0.0,0.0,1.1257715,0.0,0.0,1.3255819,0.0,0.0,0.0,0.0,2.384149,0.0,0.0,0.0,0.0,0.0,0.0,0.0,1.3205544,0.0,0.0,3.9237664,0.0,0.0,0.0,0.0,0.0,0.0,0.0,0.0,0.0,0.0,0.0,0.0,0.0,0.0,0.0,3.6996217,0.0,0.0,0.0,0.0,0.0,5.7589574,0.0,0.0,0.0,0.0,0.0,0.0,0.0,0.0,0.0,0.0,0.0,0.0,0.0,0.0,0.0,9.267428,3.1579661,0.0
0.0,0.0,0.0,0.34701037,0.0,0.0,0.0,0.5177206,1.7323294,0.0,0.0,0.0,1.3787904,0.0,0.0,0.0,0.0,0.0,0.0,0.0,0.0,0.0,0.0,7.6480966,0.0,0.0,0.0,0.0,0.0,1.9229423,0.0,0.0,0.0,0.0,0.0,0.823442,0.0,0.0,0.0,0.0,0.0,0.0,0.0,0.0,0.0,0.0,3.0532684,0.35730657,0.0,0.0,0.0,0.0,0.0,0.0,0.0,0.0,0.0,0.0,0.0,0.0,0.0,0.0,0.0,0.0,0.0,0.0,0.0,0.0,0.0,0.0,0.0,0.0,0.0,0.0,0.0,0.6095296,4.8763866,0.0,0.0,0.0,5.395555,0.0,0.0,0.0,0.1482243,0.0,0.0,0.0,0.0,0.0,0.0,0.0,0.0,0.0,0.0,0.0,2.8209014,0.0,0.0,0.0,0.0,0.0,0.0,0.0,0.053372294,0.0,0.0,0.0,0.0,0.0,0.0,0.0,6.308369,0.0,0.0,1.3398243,0.0,0.0,0.0,0.0,0.0,0.0,0.0,0.0,0.0,3.6551862,0.0,0.0
0.0,0.0,0.0,0.0,0.0,0.0,4.6237755,0.0,1.778855,0.0,7.2033596,0.0,0.0,0.0,0.0,0.0,0.0,0.0,0.0,0.0,0.0,0.0,0.0,0.0,0.24206312,0.0,0.0,0.0,0.0,0.0,1.5180075,0.0,0.0,0.0,0.0,0.0,1.9858298,0.0,0.0,2.4799411,0.0,0.0,0.0,0.0,0.0,0.0,0.0,0.556083,0.32133773,0.0,0.0,2.822081,0.0,0.0,0.0,2.630572,0.0,0.0,0.0,0.0,0.0,0.0,0.0,0.0,0.0,0.0,0.0,0.0,0.0,0.0,0.0,0.0,0.0,0.0,0.0,0.0,0.0,0.0,0.0,0.0,0.0,0.0,0.0,0.0,4.6947517,0.0,0.0,0.0,0.0,0.0,0.0,0.0,0.0,0.0,0.0,0.0,4.4242144,0.0,0.0,0.0,0.0,0.0,0.0,0.5375573,3.6554232,3.560418,0.26847517,0.3271268,0.0,0.0,0.0,0.0,1.267501,0.0,0.0,0.0,0.0,0.0,0.0,0.0,0.0,0.0,2.708727,0.0,0.0,0.0,0.7854078,0.0
0.0,0.0,0.0,0.0,0.0,0.0,0.0,0.0,0.0,0.0,0.0,0.0,0.0,0.0,0.0,0.0,0.0,0.0,0.0,0.0,0.0,0.0,0.0,0.0,4.434268,0.0,0.0,0.0,0.0,4.3256793,0.0,0.0,0.0,0.0,0.0,2.0338097,0.0,0.0,0.0,2.2796986,0.0,0.0,0.0,0.0,0.0,0.0,2.0094476,0.0,1.1309079,0.0,0.0,0.4924196,0.0,0.0,0.0,0.6792539,0.0,0.0,0.0,0.0,0.0,0.0,0.0,0.0,0.0,0.0,0.0,0.0,0.0,0.0,0.0,0.0,0.0,0.0,0.0,7.159289,0.10704295,0.0,0.0,0.0,0.0,0.0,0.0,0.0,11.5339,0.0,0.0,0.0,0.0,0.0,0.0,0.0,7.9986176,0.0,0.0,0.0,6.325815,0.0,0.0,0.0,0.0,0.0,0.0,0.0,7.675324,0.0,0.0,5.2143316,0.0,0.0,0.0,0.0,1.6917416,0.0,0.0,0.0,5.143423,0.0,0.0,0.0,0.0,0.0,7.9025593,0.0,0.0,0.0,0.0,0.0
0.0,0.0,0.0,1.0590657,0.0,0.0,3.6950543,0.0,0.0,0.0,2.1154444,0.0,0.0,0.0,0.0,0.0,0.0,0.0,0.0,0.0,0.0,0.0,1.4248648,0.0,0.0,0.0,0.0,0.0,0.0,5.619714,1.2998015,0.0,0.0,0.0,0.0,0.0,4.7350373,2.638269,0.0,2.5278826,0.0,0.0,0.0,0.0,0.0,0.0,1.6158437,0.0,6.44686,0.0,0.0,4.490919,0.0,0.0,0.0,0.0,0.0,0.0,0.0,0.47149786,0.0,0.0,0.0,0.0,0.0,0.0,0.0,0.0,0.0,0.0,0.0,0.0,0.0,0.0,0.0,0.0,0.8170433,0.0,0.0,0.0,0.0,0.0,0.0,0.0,6.2719183,0.0,0.0,0.0,0.0,0.0,0.0,0.0,0.0,0.0,0.0,0.0,5.4046407,0.0,0.0,0.0,0.0,0.0,0.0,2.3693173,0.0,4.4007897,0.0,7.3197,0.0,0.0,0.0,0.0,2.350039,0.0,0.0,0.0,2.468393,0.0,0.0,0.0,0.0,0.0,1.0693439,0.0,0.0,1.6183397,2.2496033,0.0
0.0,0.0,0.0,0.0,0.0,0.0,0.0,0.0,0.9406747,0.0,0.0,0.0,0.11913443,0.0,0.0,0.0,0.0,0.0,0.0,0.0,0.0,0.0,0.0,5.8086376,0.0,0.0,0.0,0.0,0.0,2.4645574,0.0,0.0,0.0,0.0,0.0,1.2166871,0.24532017,0.0,0.0,0.0,0.0,0.0,0.0,0.0,0.0,0.0,1.8896873,1.1579202,0.0,0.0,0.0,0.0,0.0,0.0,0.0,0.0,0.0,0.0,0.0,0.0,0.0,0.0,0.0,0.0,0.0,0.0,0.0,0.0,0.0,0.0,0.0,0.0,0.0,0.0,0.0,0.0,5.4078217,0.0,0.0,0.0,0.24623172,0.0,0.0,0.0,1.6650057,0.0,0.0,0.0,0.0,0.0,0.0,0.0,0.0,0.0,0.0,0.0,2.2904055,0.0,0.0,0.0,0.0,0.0,0.0,0.0,0.0,0.0,0.8939927,0.0,0.0,0.0,0.0,0.0,5.798591,0.0,0.0,1.2874736,2.3588238,0.0,0.0,0.0,0.0,0.0,3.1929593,0.0,0.0,2.407885,0.0,0.0
0.0,0.0,0.0,0.0,0.0,4.7973537,10.055196,0.0,0.0,0.0,11.126035,0.0,0.0,0.0,0.0,0.0,0.0,0.0,0.0,0.0,0.0,0.0,0.0,0.0,0.46227863,0.0,0.0,0.0,0.0,0.0,8.09458,0.0,0.0,0.0,0.0,0.0,0.0,0.0,0.0,0.0,0.0,0.0,0.0,0.0,0.0,0.0,0.0,1.8042265,0.0,0.0,0.0,6.5629992,0.0,0.0,0.0,0.0,0.0,0.0,0.0,0.0,0.0,0.0,0.0,0.0,0.0,0.0,0.0,0.0,0.0,0.0,0.0,0.0,0.0,0.0,0.0,0.0,0.0,0.0,0.0,0.0,0.0,0.0,0.0,0.0,3.2494702,0.0,0.0,0.0,0.0,0.0,0.0,0.0,3.9863257,0.0,0.0,0.0,0.0,0.0,0.0,0.0,0.0,0.0,10.336307,0.0,4.0564013,0.0,6.252704,0.0,0.0,0.0,0.0,0.0,0.7366509,0.0,0.0,0.86313295,0.0,0.0,0.0,0.0,0.0,0.0,8.815899,0.0,0.0,0.0,1.0316609,0.0
0.0,0.0,9.164806,0.0,0.0,0.0,0.0,0.0,10.1779175,0.0,0.0,0.0,3.8868654,2.1227548,0.0,0.0,6.416376,0.0,0.0,2.837097,0.0,0.0,0.0,16.201132,0.0,0.0,0.0,0.0,0.0,0.0,2.249212,0.0,4.0342293,0.0,0.0,0.0,0.0,0.0,4.62676,0.0,0.0,0.0,0.0,0.0,0.0,0.0,0.0,3.1996675,0.0,0.0,0.0,0.0,0.0,0.0,0.0,0.0,0.0,0.0,0.0,0.0,0.0,0.0,0.0,0.0,0.0,0.0,0.0,0.0,0.0,0.0,0.0,0.0,0.0,0.0,0.0,0.0,3.898842,0.0,0.0,0.0,21.9114,0.0,0.0,0.0,0.0,0.0,0.0,5.0270524,0.0,0.0,0.0,0.0,0.0,0.0,3.8856144,0.0,9.37996,0.0,0.0,0.0,0.0,0.0,0.0,0.0,0.0,0.0,0.0,0.0,4.8020225,0.0,0.0,0.0,0.0,0.0,0.0,1.6971649,0.55637336,0.0,0.0,0.0,0.0,0.0,0.0,0.0,0.0,9.032268,0.0,0.0
3.2123454,0.04601791,0.0,0.0,0.0,0.0,3.731053,0.0,0.0,0.0,3.7138555,0.0,0.0,0.0,0.0,0.0,0.0,0.0,0.0,0.0,0.0,0.0,0.0,0.0,0.0,0.0,0.0,0.0,0.0,0.0,1.5040973,0.0,0.0,0.0,0.0,0.0,0.0,0.0,0.0,1.7139611,0.0,0.0,0.0,0.0,2.7692082,0.0,0.0,0.0,0.0,0.0,0.0,2.6801684,0.0,0.037945747,0.0,0.0,0.0,0.0,0.0,0.0,0.0,0.0,0.0,0.0,0.0,0.0,0.0,0.0,0.0,0.0,0.0,0.0,0.0,0.0,0.0,0.0,1.8048404,0.0,0.0,0.0,0.0,0.20334911,0.0,0.0,0.0,0.0,0.0,0.0,0.0,0.0,0.0,0.0,0.0,0.0,0.0,0.0,0.0,0.0,0.0,0.0,0.0,0.0,2.452458,0.0,0.0,0.015734352,0.0,0.39004213,0.0,0.0,0.0,0.0,0.57300293,0.0,0.0,1.348652,0.0,0.0,0.0,0.0,0.0,0.0,0.0,0.0,0.0,1.8952996,2.539862,0.0
0.0,0.0,0.0,0.0,0.0,0.0,0.0,0.0,0.0,0.0,0.0,0.0,3.017252,0.040578295,0.0,0.0,0.048004307,0.0,0.0,0.0,0.0,0.7245884,0.0,3.9575653,0.0,0.0,0.0,0.0,0.0,0.0,0.0,0.0,2.0699937,0.0,0.0,0.0,0.0,0.0,3.317996,0.0,0.0,0.0,0.0,0.0,0.0,0.0,0.0,0.0,0.0,0.0,0.0,0.0,0.0,0.0,0.0,0.0,0.0,0.0,0.0,0.0,0.0,0.0,0.0,0.0,0.0,0.0,0.0,0.0,3.5946064,0.0,0.0,0.0,0.0,0.0,0.0,0.0,5.1324797,0.0,0.0,0.0,0.0,0.0,0.0,0.0,0.0,0.0,0.0,1.9309894,0.0,0.0,0.0,0.0,0.0,0.0,0.0,0.0,0.0,0.0,0.0,0.0,0.0,0.0,1.661258,0.94263226,0.0,0.0,0.0,0.0,0.0,3.494317,0.0,0.0,0.0,0.0,0.0,0.0,0.0,0.0,0.0,0.0,0.0,0.0,0.0,0.0,0.0,9.157039,5.370807,0.0
0.0,0.0,0.0,0.0,0.0,0.0,2.2140105,0.0,0.0,0.0,2.0499334,0.0,0.0,0.0,0.0,0.0,0.0,0.0,0.0,0.0,0.0,0.0,0.0,0.0,4.2214875,0.0,0.0,0.0,0.0,3.276714,0.0,0.0,0.0,0.0,0.0,0.0,0.0,0.0,0.0,0.66713053,0.0,0.0,0.0,0.0,0.0,0.0,0.0,0.0,0.71848214,0.0,0.0,2.9359574,0.0,0.0,0.0,1.7002136,0.0,0.0,0.0,0.0,0.0,0.0,0.0,0.0,0.0,0.0,0.0,0.0,0.0,0.0,0.0,0.0,0.0,0.0,0.0,0.40904522,0.0,0.0,0.0,0.0,0.0,0.0,0.0,0.0,9.14338,0.0,0.0,0.0,0.0,0.0,0.0,0.0,3.8586648,0.0,0.0,0.0,8.201888,0.0,0.0,0.0,0.0,0.0,0.0,0.0,4.198659,0.0,0.0,3.5490098,0.0,0.0,0.0,0.0,4.02886,0.0,0.0,0.0,0.0,0.0,0.0,0.0,0.0,0.0,8.002323,0.0,0.0,0.0,0.0,0.0
0.0,0.0,0.0,0.0,0.0,0.0,1.7279834,0.0,0.0,0.0,0.0,0.0,1.8459861,0.0,0.0,0.0,0.0,0.0,0.0,0.0,0.0,0.0,0.0,2.257897,0.0,0.0,0.0,0.0,0.0,0.0,0.0,0.0,2.1547594,0.0,0.0,0.0,0.0,0.0,1.5649854,0.0,0.0,0.0,0.0,0.0,0.0,0.0,0.0,0.0,0.0,0.0,0.0,0.0,0.0,0.0,0.0,0.0,0.0,0.0,0.0,0.0,0.0,0.0,0.0,0.0,0.0,0.0,0.0,0.0,3.3409858,0.0,0.0,0.0,0.0,0.0,0.0,0.0,0.99345905,0.0,0.0,0.0,0.0,0.0,0.0,0.0,0.0,0.0,0.0,0.0,0.0,0.0,0.0,0.0,0.0,0.0,0.0,0.0,0.0,0.0,0.0,0.0,0.0,0.0,2.6914158,1.0844525,0.0,0.0,0.0,0.0,0.0,1.2542211,0.0,0.0,0.0,0.0,0.0,0.0,0.0,0.0,0.0,0.0,0.0,0.0,0.0,0.0,0.0,3.8191013,3.9251573,0.0
0.0,0.0,0.0,1.3125979,0.0,0.0,1.8188852,0.0,1.5484908,0.0,2.014169,0.0,0.0,0.0,0.0,0.0,0.0,0.0,0.0,0.0,0.0,0.0,0.0,1.1704887,0.0,0.0,0.0,0.0,0.0,3.5765195,0.03370934,0.0,0.0,0.0,0.0,0.0,3.1773102,0.0,0.0,0.12536725,0.0,0.0,0.0,0.0,0.0,0.0,0.0,0.0,1.0044311,0.0,0.0,0.97177094,0.0,0.0,0.0,0.7301395,0.0,0.0,0.0,0.0,0.0,0.0,0.0,0.0,0.0,0.0,0.0,0.0,0.0,0.0,0.0,0.0,0.0,0.0,0.0,0.20589304,0.0,0.0,0.0,0.0,0.0,0.0,0.0,0.0,4.012564,0.0,0.0,0.0,0.0,0.0,0.0,0.0,0.0,0.0,0.0,0.0,2.7275934,0.0,0.0,0.0,0.0,0.0,0.0,0.8318825,1.4822298,2.8108408,0.0,1.7337927,0.0,0.0,0.0,0.0,2.5885053,0.0,0.0,0.0,1.0504408,0.0,0.0,0.0,0.0,0.0,2.0116265,0.0,0.0,0.0,0.053435393,0.0
0.0,0.0,5.0109587,0.8425092,0.0,0.0,0.0,0.0,1.6726118,0.0,0.0,0.0,0.0,0.0,0.0,0.0,0.0,0.0,0.0,0.0,0.0,0.0,0.0,7.5963984,0.0,0.0,0.0,0.0,0.0,0.0,0.0,0.0,2.946142,0.0,0.0,0.0,0.0,0.0,2.6948986,0.0,0.0,0.0,0.0,0.0,0.0,0.0,0.0,0.0,0.0,0.0,0.0,0.0,0.0,0.0,0.0,0.0,0.0,0.0,0.0,0.0,0.0,0.0,0.0,0.0,0.0,0.0,0.0,0.0,3.4469726,0.0,0.0,0.0,0.0,0.0,0.0,0.0,6.589052,0.0,0.0,0.0,8.480883,0.0,0.0,0.0,0.0,0.0,0.0,0.30778033,0.0,0.0,0.0,0.0,0.0,0.0,2.8604634,0.0,0.0,0.0,0.0,0.0,0.0,0.0,0.0,0.0,0.0,0.0,0.0,0.0,3.273035,0.0,0.0,0.0,0.0,0.0,0.0,2.0201826,0.0,0.0,0.0,0.0,0.0,0.0,0.0,0.0,0.0,7.204442,0.0,0.0
0.0,0.0,0.0,0.0,0.0,0.0,2.2592487,0.0,0.0,0.0,0.0,0.0,3.0662117,0.0,0.0,0.0,0.0,0.0,0.0,0.0,0.0,0.0,0.0,5.930179,0.0,0.0,0.0,0.0,0.0,0.0,0.0,0.0,3.5869439,0.0,0.0,0.0,0.0,0.0,0.341462,0.0,0.0,0.0,0.0,0.0,0.0,0.0,0.0,0.0,0.0,0.0,0.0,0.0,0.0,0.0,0.0,0.0,0.0,0.0,0.0,0.0,0.0,0.0,0.0,0.0,0.0,0.0,0.0,0.0,8.668296,0.0,0.0,0.0,0.0,0.0,0.0,0.0,0.0,0.0,0.0,0.0,0.0,0.0,0.0,0.0,0.0,0.0,0.0,0.0,0.0,0.0,0.0,0.0,0.0,0.0,0.0,0.0,0.0,0.0,0.0,0.0,0.0,0.0,2.3602242,0.0,0.0,0.0,0.0,0.0,0.0,0.71628463,0.0,0.0,1.0033761,0.0,0.0,0.17259754,0.0,0.0,0.0,0.6049455,0.0,0.0,0.0,0.0,0.0,3.5804965,4.051706,0.0
0.0,0.0,0.76582414,0.0,0.0,0.0,0.0,0.0,11.781279,0.0,0.0,0.0,0.0,0.0,0.0,0.0,9.4825945,0.0,0.0,5.0982914,0.0,0.0,0.0,19.342413,0.0,0.0,0.0,0.0,0.0,0.0,10.103513,0.0,9.523535,0.0,0.0,0.0,0.0,0.0,6.082214,0.0,0.0,0.0,0.0,0.0,0.0,0.0,0.0,8.963213,0.0,0.0,0.0,0.0,0.0,0.0,0.0,0.0,0.0,0.0,0.0,0.0,0.0,0.0,0.0,0.0,0.0,0.0,0.0,0.0,1.2559695,0.0,0.0,0.0,0.0,0.0,0.0,0.0,0.0,0.0,0.0,0.0,22.363634,0.0,0.0,0.0,0.0,0.0,0.0,0.0,0.0,0.0,0.0,0.0,0.0,0.0,0.0,0.0,4.568018,0.0,0.0,0.0,0.0,0.0,0.0,0.0,0.0,0.0,0.0,0.0,0.0,0.0,0.0,0.0,0.0,0.0,0.0,0.0,0.0,0.0,0.0,0.0,0.0,0.0,0.0,0.0,0.0,14.829913,0.0,0.0
0.0,0.0,11.312914,5.5952897,0.0,0.0,0.0,0.0,16.17961,0.0,0.0,0.0,0.0,5.3580704,0.0,0.0,8.619118,0.0,0.0,10.172397,0.0,0.0,0.0,21.257626,0.0,0.0,0.0,0.0,0.0,0.0,0.0,0.0,0.0,0.0,0.0,0.0,0.0,0.0,10.678622,0.0,0.0,0.0,0.0,0.0,0.0,0.0,0.0,0.0,0.0,0.0,0.0,0.0,0.0,0.0,0.0,0.0,0.0,0.0,0.0,0.0,0.0,0.0,0.0,0.0,0.0,0.0,0.0,0.0,0.0,0.0,0.0,0.0,0.0,0.0,0.0,0.0,14.230185,0.0,0.0,0.0,14.303376,0.0,0.0,0.0,0.0,0.0,0.0,8.165822,0.0,0.0,0.0,0.0,0.0,0.0,1.4718835,0.0,9.899281,0.0,0.0,0.0,0.0,0.0,0.0,0.0,0.0,0.0,0.0,0.0,0.0,0.0,0.0,0.0,0.0,0.0,0.0,0.0,2.9112012,0.0,0.0,0.0,0.0,0.0,0.0,0.0,0.0,17.377089,0.0,0.0
0.0,0.0,0.0,0.0,0.0,0.0,0.0,0.0,7.9683948,0.0,0.0,0.0,5.1815233,1.324134,0.0,0.0,0.0,0.0,0.0,0.0,0.0,0.0,0.87483954,9.788112,0.0,0.0,0.0,0.0,0.0,0.0,0.19653927,0.0,0.0,0.0,0.0,8.246592,0.0,0.0,0.0,0.0,0.0,0.0,0.0,0.0,0.0,0.0,5.145158,6.336859,0.0,0.0,0.0,0.0,0.0,0.0,0.0,0.0,0.0,0.0,0.0,4.2532787,0.0,0.0,0.0,0.0,0.0,0.0,0.0,0.0,0.0,0.0,0.0,0.0,0.0,0.0,0.0,6.4181,0.0,0.0,0.0,0.0,12.698741,0.0,0.0,0.0,0.0,0.0,0.0,0.0,0.0,0.0,0.0,0.0,0.0,0.0,0.0,0.0,12.8072815,0.0,0.0,0.0,0.0,0.0,0.0,0.0,0.6114424,0.0,0.0,0.0,0.0,0.0,0.0,0.0,0.0,0.0,0.0,0.0,2.6843636,0.0,0.0,0.0,0.0,0.0,0.0,0.0,0.0,2.3383136,0.0,0.0
0.0,0.0,0.0,0.0,0.0,0.0,1.4350202,0.0,0.20169502,0.0,0.81171364,0.0,0.0,0.0,0.0,0.0,0.0,0.0,0.0,0.0,0.0,0.0,0.0,0.0,5.615901,0.0,2.3053741,0.0,0.0,7.3766084,0.43578422,0.0,0.0,0.0,0.0,0.0,0.0,0.0,0.0,6.7765336,0.0,0.0,0.0,0.0,0.0,0.0,0.30428162,0.0,6.511799,0.0,0.0,2.5139863,0.12991919,0.0,0.0,2.870716,0.0,0.0,0.0,0.0,0.0,0.0,0.0,0.0,0.0,0.0,0.0,0.0,0.0,0.0,0.0,0.0,0.0,0.0,0.0,4.5725565,0.0,0.0,0.0,0.0,0.0,0.0,0.0,0.0,8.498846,0.0,0.0,0.0,0.0,0.0,0.0,0.0,0.0,0.0,0.0,0.0,6.3155446,0.0,0.0,0.0,0.0,0.0,0.0,0.0,4.7229733,2.0890076,0.0,6.92546,0.0,0.0,0.0,0.0,3.6664572,0.0,0.0,0.0,3.1221483,0.0,0.0,0.0,0.0,0.0,3.7399306,0.0,0.0,0.0,0.0,0.0
0.0,0.0,0.0,0.0,0.0,0.0,2.2356308,0.0,0.0,0.0,0.0,0.0,3.3050997,0.036419395,0.0,0.0,0.10090546,0.0,0.0,0.0,0.0,0.0,0.0,3.7105513,0.0,0.0,0.0,0.0,0.0,0.0,0.0,0.0,2.5395365,0.0,0.0,0.0,0.0,0.0,2.5180368,0.0,0.0,0.0,0.0,0.0,0.0,0.0,0.0,0.0,0.0,0.0,0.0,0.0,0.0,0.0,0.0,0.0,0.0,0.0,0.0,0.0,0.0,0.0,0.0,0.0,0.0,0.0,0.0,0.0,5.227554,0.0,0.0,0.0,0.0,0.0,0.0,0.0,1.6321905,0.0,0.0,0.0,0.0,0.0,0.0,0.0,0.0,0.0,0.0,1.4161999,0.0,0.0,0.0,0.0,0.0,0.0,0.0,0.0,0.0,0.0,0.0,0.0,0.0,0.0,2.8047912,1.9008297,0.0,0.0,0.0,0.0,0.0,3.1333766,0.0,0.0,0.0,0.0,0.0,0.0,0.0,0.0,0.0,0.0,0.0,0.0,0.0,0.0,0.0,6.375043,5.264873,0.0
0.0,0.0,10.947639,0.0,0.0,0.0,0.0,0.0,0.0,0.0,6.7660456,0.0,5.4239435,1.5235118,0.0,0.0,0.0,0.0,0.0,0.0,0.0,0.0,0.0,0.0,0.41301408,0.0,0.0,0.0,0.0,0.0,0.0,0.0,6.676844,0.0,0.0,0.0,0.0,0.0,0.0,0.0,0.0,0.0,0.0,0.0,0.0,0.0,0.0,0.040410545,0.0,0.0,0.0,0.0,0.0,0.0,0.0,0.0,0.0,0.0,0.0,0.0,0.0,0.0,0.0,0.0,0.0,0.0,0.0,0.0,5.3289614,0.0,0.0,0.0,0.0,0.0,0.0,0.0,4.6259007,0.0,0.0,0.0,0.632504,0.0,0.0,0.0,0.0,0.0,0.0,2.4600155,0.0,2.3369236,0.0,0.0,0.0,0.0,0.0,0.0,0.0,0.0,0.0,0.0,0.0,0.0,10.680297,0.0,0.0,0.0,0.0,0.0,1.5883807,0.0,0.0,0.0,0.0,0.0,0.0,8.823713,0.22897926,0.0,0.0,0.0,0.0,0.0,0.0,0.0,0.0,1.8526201,0.0,0.0
0.0,0.0,0.0,0.0,0.0,0.0,3.85176,0.0,0.0,0.0,0.0,0.0,2.0070755,0.0,0.0,0.0,0.0,0.0,0.0,0.0,0.0,0.0,0.0,2.8438299,0.0,0.0,0.0,0.0,0.0,0.0,0.0,0.0,2.4478278,0.0,0.0,0.0,0.0,0.0,0.81019306,0.0,0.0,0.0,0.0,0.0,0.0,0.0,0.0,0.0,0.0,0.0,0.0,0.0,0.0,0.0,0.0,0.0,0.0,0.0,0.0,0.0,0.0,0.0,0.0,0.0,0.0,0.0,0.0,0.0,4.3124847,0.0,0.0,0.46441454,0.0,0.0,0.0,0.0,0.0,0.0,0.0,0.0,0.0,0.0,0.0,0.0,0.0,0.0,0.0,0.0,0.0,0.0,0.0,0.0,0.0,0.0,0.0,0.0,0.0,0.0,0.0,0.0,0.0,0.0,3.3067753,2.0037096,0.0,0.0,0.0,0.0,0.0,1.4804792,0.0,0.0,0.0,0.0,0.0,0.0,0.0,0.0,0.0,0.7154962,0.0,0.0,0.0,0.0,0.0,3.2741573,4.108421,0.0
0.0,0.0,0.0,0.0,0.0,0.0,0.019444592,0.58373815,0.0,0.0,0.0,0.0,0.3525887,0.0,0.0,0.0,0.0,0.0,0.0,0.0,0.0,0.0,0.0,1.930561,1.2966952,0.0,0.0,0.0,0.0,0.85615706,0.5038721,0.0,0.0,0.0,0.0,0.0,0.0,0.0,0.0,0.0,0.0,0.0,0.0,0.0,0.23747978,0.0,0.0,0.0,0.0,0.0,0.0,1.4974685,0.0,0.0,0.0,1.1973599,0.0,0.0,0.0,0.0,0.0,0.0,0.0,0.0,0.0,0.0,0.0,0.0,0.016831152,0.0,0.0,0.0,0.0,0.0,0.0,0.0,0.0,0.0,0.0,0.0,0.0,0.3589597,0.0,0.0,2.1011677,0.0,0.0,0.0,0.0,0.0,0.0,0.0,2.552549,0.0,0.0,0.0,0.22788967,0.0,0.0,0.0,0.0,0.0,0.78776145,0.0,2.2483609,0.0,0.12558772,0.4240646,0.0,0.0,0.0,0.0,3.6482153,0.0,0.0,0.0,0.0,0.0,0.0,0.12467094,0.0,0.0,1.2415551,0.0,0.0,0.0,0.0,0.0
0.0,0.0,10.246033,0.0,0.0,0.0,0.0,0.0,9.280612,0.0,0.0,0.0,11.354353,18.990038,0.0,0.0,11.939891,0.0,0.0,14.160193,0.0,0.0,0.0,14.316416,0.0,0.0,0.0,0.0,0.0,0.0,0.0,0.0,0.0,0.0,0.0,0.0,0.0,0.0,1.980878,0.0,0.0,0.0,0.0,0.0,0.0,0.0,0.0,0.0,0.0,0.0,0.0,0.0,0.0,0.0,0.0,0.0,0.0,0.0,0.0,0.0,0.0,0.0,0.0,0.0,0.0,0.0,0.0,0.0,0.0,0.0,0.0,0.0,0.0,0.0,0.0,0.0,0.17505804,0.0,0.0,0.0,22.384127,0.0,0.0,0.0,0.0,0.0,0.0,18.361095,0.0,0.0,0.0,0.0,0.0,0.0,0.0,0.0,24.068401,0.0,0.0,0.0,0.0,0.0,0.0,0.0,0.0,0.0,0.0,0.0,9.40729,0.0,0.0,0.0,0.0,0.0,0.0,0.0,0.19069518,0.0,0.0,0.0,0.0,0.0,0.0,0.0,0.0,10.524206,0.0,0.0
0.0,0.0,0.0,0.0,0.0,0.0,0.0,5.8967433,3.6528986,0.0,3.0596755,0.0,0.0,0.0,0.0,0.0,0.0,0.0,0.0,0.0,0.0,0.0,0.0,4.171225,1.0201076,0.0,0.0,0.0,0.0,0.0,1.818627,0.0,0.0,0.0,0.0,4.1926537,0.0,0.0,0.0,7.089602,0.0,0.0,0.0,0.0,0.0,0.0,0.0,8.710413,0.0,0.0,0.0,0.0,0.0,0.0,0.0,0.0,0.0,0.0,0.0,0.0,0.0,0.0,0.0,0.0,0.0,0.0,0.0,0.0,0.0,0.0,0.0,0.0,0.0,0.0,0.0,4.057927,0.0,0.0,0.0,0.0,3.8102446,0.0,0.0,0.0,2.3127387,0.0,0.0,0.0,0.0,0.0,0.0,0.0,0.0,0.0,0.0,0.0,12.557416,0.0,0.0,0.0,0.0,0.0,0.91781,0.0,5.879856,0.0,1.2589622,0.0,0.0,0.0,0.0,0.0,0.46318817,0.0,0.0,0.0,0.0,0.0,0.0,0.0,0.0,0.0,2.5009015,0.0,0.0,0.0,0.0,0.0
0.0,0.0,0.0,0.0,0.0,0.0,0.11706931,0.0,1.2514198,0.0,4.241945,0.0,0.0,0.0,0.0,0.0,0.0,0.0,0.0,0.0,0.0,0.0,0.0,0.0,6.202963,0.0,4.7804465,0.0,0.0,0.0,5.2332916,0.0,0.0,0.0,0.0,0.0,0.0,0.0,0.0,6.697784,0.0,0.0,0.0,0.0,1.0830177,0.0,0.0,2.246874,2.8322196,0.0,0.0,3.8054574,0.0,0.0,0.0,3.8898585,0.0,0.0,0.0,0.0,0.0,0.0,0.0,0.0,0.0,0.0,0.0,0.7713411,0.0,0.0,0.0,0.0,0.0,0.0,0.0,0.011283642,0.0,0.0,0.0,0.0,0.4273173,0.0,0.0,0.0,0.0,0.0,0.0,0.0,0.0,0.0,0.0,3.5168042,0.0,0.0,0.0,0.0,4.5404034,0.0,0.0,0.0,0.0,0.0,0.65589523,0.0,4.047837,0.0,0.0,0.0,0.0,0.0,0.7309109,0.0,0.4571447,0.0,0.0,0.027116328,0.0,0.0,0.0,0.0,0.0,0.0,2.1908026,0.0,0.0,0.0,0.0,0.0
0.1559953,0.0,0.04873506,0.0,0.0,0.0,1.1001844,0.3088466,0.0,0.0,3.202761,0.0,0.0,0.0,0.0,0.0,0.0,0.0,0.0,0.0,0.0,0.0,0.33076072,0.93459296,0.0,0.0,0.0,0.0,0.0,0.0,0.12257718,0.0,0.0,0.0,0.0,0.0,1.6317582,0.5515396,0.0,1.4637378,0.0,0.0,0.0,0.0,0.71944803,0.0,0.0,1.1313863,0.0,0.0,0.0,1.477955,0.0,0.0,0.0,0.0,0.0,0.0,0.0,0.0,0.0,0.0,0.0,0.0,0.0,0.0,0.0,0.0,0.0,0.0,0.0,0.0,0.0,0.0,0.0,0.0,1.4284433,0.0,0.0,0.0,0.0,0.0,0.0,0.0,0.0,0.0,0.0,0.0,0.0,0.0,0.0,0.0,0.0,0.0,0.0,0.0,1.220822,0.0,0.0,0.0,0.0,0.0,0.0,0.0,0.0,0.18516915,1.009515,0.0,0.0,0.0,0.0,0.0,1.3356829,0.0,0.0,1.2828985,0.2514326,0.0,0.0,0.0,0.0,0.0,0.0,0.0,0.0,0.0,0.70708525,0.0
1.5505925,0.0,0.0,0.0,0.0,0.0,10.837893,0.0,0.0,0.0,6.2280364,0.0,0.0,0.0,0.0,0.0,0.0,0.0,0.0,0.0,0.0,0.0,0.0,0.0,0.7277362,0.0,0.0,0.0,0.0,0.0,0.0,0.0,0.96157646,0.0,0.0,0.0,0.0,0.0,0.0,0.0,0.0,0.0,0.0,0.0,0.0,0.0,0.0,0.0,0.0,0.0,0.0,0.0,0.0,0.0,0.0,0.0,0.0,0.0,0.0,0.0,0.0,0.0,0.0,0.0,0.0,0.0,0.0,0.0,4.549314,0.0,0.0,0.0,0.0,0.0,0.0,0.0,0.0,0.0,0.0,0.0,0.0,0.0,0.0,0.0,0.0,0.0,0.0,0.0,0.0,0.0,0.0,0.0,3.278155,0.0,0.0,0.0,0.0,0.0,0.0,0.0,0.0,0.0,17.53974,1.7450238,0.0,0.0,0.0,0.0,0.0,0.0,0.0,0.0,0.0,0.0,0.0,1.4394662,0.0,0.0,0.0,0.0,0.0,0.0,0.0,0.0,0.0,7.250187,4.7121363,0.0
11.925876,0.0,0.39021575,0.13033003,0.0,0.0,0.0,0.0,0.0,0.0,0.0,0.0,3.359979,0.0,0.0,0.0,0.0,0.0,0.0,0.0,0.0,5.277184,0.0,0.42810544,0.0,0.0,0.0,0.0,0.0,0.0,0.0,0.0,5.2300076,0.0,0.0,0.0,0.0,0.0,6.9615645,0.0,0.0,0.0,0.0,0.0,0.0,0.0,0.0,0.0,0.0,0.0,0.0,0.0,4.600478,0.0,0.0,0.0,0.0,0.0,0.0,0.0,1.6476687,0.0,0.0,0.0,0.0,0.0,0.0,0.0,6.7039003,0.0,0.0,0.0,0.0,0.0,0.0,0.0,8.568906,0.0,0.0,0.0,0.0,0.0,0.0,0.0,0.0,0.0,0.0,5.338368,0.0,0.0,0.0,0.0,0.0,0.0,9.03326,0.0,0.0,0.0,0.0,0.0,0.0,0.0,3.250508,0.0,0.0,0.0,0.0,0.0,10.5290985,0.0,0.0,0.0,0.0,0.0,0.0,3.0462832,0.0,0.0,0.0,0.0,0.0,0.0,0.0,0.0,0.0,13.863578,0.22887957,0.0
0.0,0.0,0.0,0.0,0.0,0.0,7.419426,0.0,4.1263995,0.0,10.798898,0.0,0.0,0.0,0.0,0.0,0.0,0.0,0.0,0.0,0.0,0.0,0.0,0.0,0.0,0.0,0.0,0.0,0.0,0.0,0.0,0.0,0.0,0.034583956,0.0,0.0,0.0,0.0,9.5539465,6.051976,0.0,0.0,0.0,0.0,0.0,0.0,0.0,0.0,5.141857,0.0,0.0,1.4048892,0.0,0.0,0.0,1.1122957,0.0,0.0,0.0,0.0,0.0,0.0,0.0,0.0,0.0,0.0,0.0,0.0,0.0,0.0,0.0,0.0,0.0,0.0,0.0,0.0,0.0,0.0,0.0,0.0,0.0,0.0,0.0,0.0,11.3558035,0.0,0.0,0.0,0.0,0.0,0.0,0.0,0.0,0.0,0.0,0.0,5.7797832,0.0,0.0,0.0,0.0,0.0,0.0,1.4402704,0.0,7.823808,3.9914587,1.7872095,0.0,0.0,0.0,0.0,0.0,0.0,0.0,0.0,2.6063726,0.0,0.0,0.0,0.0,0.0,13.140831,0.0,0.0,0.0,3.7907932,0.0
0.0,0.0,0.0,0.0,0.0,0.0,1.5125529,0.0,0.0,0.0,0.0,0.0,2.5625312,0.0,0.0,0.0,0.0,0.0,0.0,0.0,0.0,0.0,0.0,5.373766,0.0,0.0,0.0,0.0,0.0,0.0,0.0,0.0,3.2634752,0.0,0.0,0.0,0.0,0.0,0.867847,0.0,0.0,0.0,0.0,0.0,0.0,0.0,0.0,0.0,0.0,0.0,0.0,0.0,0.0,0.0,0.0,0.0,0.0,0.0,0.0,0.0,0.0,0.0,0.0,0.0,0.0,0.0,0.0,0.0,5.225209,0.0,0.0,0.0,0.0,0.0,0.0,0.0,0.62851286,0.0,0.0,0.0,0.0,0.0,0.0,0.0,0.0,0.0,0.0,0.0,0.0,0.0,0.0,0.0,0.0,0.0,0.0,0.0,0.0,0.0,0.0,0.0,0.0,0.0,2.2868452,0.0,0.0,0.0,0.0,0.0,0.0,1.5613459,0.0,0.0,0.0,0.0,0.0,0.0,0.0,0.0,0.0,0.0,0.0,0.0,0.0,0.0,0.0,4.599558,4.88298,0.0
2.6559913,0.0,0.56591314,0.0,0.0,0.0,0.6841274,0.0,0.0,0.0,7.78342,0.0,0.0,0.0,0.0,0.0,0.0,0.0,0.0,0.0,0.0,0.0,0.0,0.0,0.0,0.0,0.0,0.0,0.0,0.0,0.90480036,0.0,0.0,0.0,0.0,0.0,0.0,2.1328976,0.0,2.2958388,0.0,0.0,0.0,0.0,4.5336795,0.0,0.0,1.4872984,0.0,0.0,0.0,0.92626625,0.0,0.0,0.0,0.0,0.0,0.0,0.0,0.0,0.0,0.0,0.0,0.0,0.0,0.0,0.0,0.38334608,0.0,0.0,0.0,0.0,0.0,0.0,0.0,0.0,4.252283,0.0,0.0,0.0,0.0,0.0,0.0,0.0,0.0,0.0,0.0,0.0,0.0,0.0,0.0,0.0,0.0,0.0,0.13322891,0.0,0.0,0.0,0.0,0.0,0.0,0.0,1.0778391,0.0,0.0,0.0,0.0,0.0,0.0,0.0,0.0,0.0,1.6719196,0.0,0.0,3.979198,0.0,0.0,0.0,0.0,0.0,0.0,0.0,0.0,0.0,0.07583803,0.51085454,0.0
0.0,0.0,0.0,0.0,0.0,0.0,8.185871,0.0,0.0,0.0,7.700847,0.0,0.0,0.0,0.0,0.0,0.0,0.0,0.0,0.0,0.0,0.0,0.0,5.104172,1.5958169,0.0,0.0,0.0,0.0,0.0,0.0,0.0,4.7561007,0.0,0.0,0.0,0.0,0.0,0.0,0.0,0.0,0.0,0.0,0.0,0.28192288,0.0,0.0,0.0,0.0,0.0,0.0,0.0,0.0,0.0,0.0,0.0,0.0,0.0,0.0,0.0,0.0,0.0,0.0,0.0,0.0,0.0,0.0,0.0,9.6231165,0.0,0.0,0.0,0.0,0.0,0.0,0.0,0.0,0.0,0.0,0.0,0.0,0.0,0.0,0.0,0.0,0.0,0.0,0.0,0.0,0.0,0.0,0.0,2.9692636,0.0,0.0,0.0,0.0,0.0,0.0,0.0,0.0,0.0,13.176596,0.0,0.0,0.0,0.0,0.0,0.0,0.0,0.0,0.0,0.0,0.0,0.0,4.085451,0.0,0.0,0.0,0.0,0.0,0.0,0.0,0.0,0.0,6.692582,4.5711517,0.0
0.0,0.0,3.1180086,0.0,0.0,0.0,0.0,0.0,12.961365,0.0,0.0,0.0,0.0,0.0,0.0,0.0,5.0369754,0.0,0.0,0.0,0.0,0.0,6.9412227,1.7406954,0.0,0.0,0.0,0.0,0.0,0.0,0.0,0.0,0.0,0.0,0.0,5.191299,0.0,0.0,8.619831,0.057241447,0.0,0.0,0.0,0.0,0.0,8.760844,0.0,5.1244407,0.0,0.0,0.0,0.0,0.0,0.0,0.0,0.0,0.0,0.0,0.0,0.0,0.0,0.0,0.0,0.0,0.0,0.0,0.0,0.0,0.0,0.0,0.0,0.0,0.0,0.0,0.0,0.957778,3.1690202,0.0,0.0,0.0,0.0,0.0,0.0,0.0,5.7232294,0.0,0.0,0.0,0.0,0.0,1.1518342,0.0,0.0,0.0,0.0,0.0,8.536293,0.0,0.0,0.0,0.0,0.0,0.0,0.0,0.0,0.0,4.5760827,0.0,0.0,0.0,0.0,0.0,0.0,0.0,0.0,0.0,13.484778,0.0,0.0,0.0,0.0,0.0,9.176134,0.0,0.0,0.0,0.0,0.0
0.0,0.0,0.0,0.0,0.0,0.0,4.6026936,0.0,0.0,0.0,0.0,0.0,1.3419893,0.71089256,0.0,0.0,0.0,0.0,0.0,0.0,0.0,0.0,0.0,1.4221947,0.0,0.0,0.0,0.0,0.0,0.0,0.0,0.0,2.8180115,0.0,0.0,0.0,0.0,0.0,2.2925413,0.0,0.0,0.0,0.0,0.0,0.0,0.0,0.0,0.0,0.0,0.0,0.0,0.0,0.0,0.0,0.0,0.0,0.0,0.0,0.0,0.0,0.0,0.0,0.0,0.0,0.0,0.0,0.0,0.0,3.4181268,0.0,0.0,1.011155,0.0,0.0,0.0,0.0,0.0,0.0,0.0,0.0,0.0,0.0,0.0,0.0,0.0,0.0,0.0,1.7148359,0.0,0.0,0.0,0.0,0.0,0.0,0.0,0.0,0.0,0.0,0.0,0.0,0.0,0.0,6.627126,4.2318044,0.0,0.0,0.0,0.0,0.0,1.3393152,0.0,0.0,0.0,0.0,0.0,0.0,0.0,0.0,0.0,0.0,0.0,0.0,0.0,0.0,0.0,4.589863,4.696348,0.0
1.5011265,0.0,0.0,0.0,0.0,0.0,7.438753,0.0,0.0,0.0,0.0,0.0,1.1763281,0.0,0.0,0.0,0.0,0.0,0.0,0.0,0.0,0.0,0.0,0.0,0.0,0.0,0.0,0.0,0.0,0.0,0.0,0.0,0.0,0.0,0.0,0.0,1.278337,0.0,0.0,0.0,0.0,0.0,0.0,0.0,0.0,0.0,0.0,0.0,2.6091359,0.0,0.0,0.9521047,0.0,0.0,0.0,0.0,0.0,0.0,0.0,0.0,0.0,0.0,1.0631286,0.0,0.0,0.0,0.0,0.0,1.4677181,0.0,0.0,0.95635515,0.0,0.0,0.0,0.0,0.0,0.0,0.0,0.0,0.0,1.4486693,0.0,0.0,2.427766,0.0,0.0,0.0,0.0,0.0,0.0,0.0,0.0,0.0,0.0,0.0,0.0,0.0,0.0,0.0,0.0,0.0,3.663501,5.428267,0.0,0.0,0.0,0.0,0.0,0.0,0.0,0.0,0.0,0.0,0.0,0.0,0.0,0.0,0.0,1.4324805,0.0,0.0,0.0,0.0,0.0,0.38620958,1.5670742,0.0
2.3177817,0.0,0.0,0.0,0.0,0.0,6.8425593,0.0,0.8236938,0.0,5.154775,0.0,0.0,0.0,0.0,0.0,0.0,0.0,0.0,0.0,0.0,0.0,0.0,0.0,4.5644064,0.0,0.5620188,0.0,0.0,4.2142177,2.6031654,0.0,0.0,0.0,0.0,0.0,0.0,0.0,0.0,7.3113227,0.0,0.0,0.0,0.0,0.0,0.0,0.0,0.0,7.5223904,0.0,0.0,4.521899,3.0248225,0.0,0.0,6.2999153,0.0,0.0,0.0,0.0,0.0,0.0,0.0,0.0,1.8037874,0.0,0.0,0.0,0.0,0.0,0.0,0.0,0.0,0.0,0.0,0.0,0.0,0.0,0.0,0.0,0.0,0.0,0.0,0.0,2.705063,0.0,0.0,0.0,0.0,0.0,0.0,1.1919069,0.0,0.0,0.0,0.0,0.0,0.0,0.0,0.0,0.0,0.0,0.0,0.0,1.6346748,4.68918,0.0,7.014514,0.0,0.0,3.175507,0.0,3.1705787,0.0,0.0,0.8074351,2.722958,0.0,0.0,0.0,0.0,0.0,0.0,0.0,0.0,0.0,0.060464896,0.0
0.0,0.0,0.17975064,0.081253245,0.0,0.0,0.0,0.0,1.8813577,0.0,0.0,0.0,2.5300171,5.9408736,0.0,0.0,0.0,0.0,0.0,3.3453887,0.0,0.0,0.0,8.793936,0.0,0.0,0.0,0.0,0.0,0.0,0.0,0.0,2.6458466,0.0,0.0,0.0,0.0,0.0,6.5540924,0.0,0.0,0.0,0.0,0.0,0.0,0.0,0.0,0.0,0.0,0.0,0.0,0.0,0.0,0.0,0.0,0.0,0.0,0.0,0.0,0.0,0.0,0.0,0.0,0.0,0.0,0.0,0.0,0.0,1.4744148,0.0,0.0,0.0,0.0,0.0,0.0,0.0,4.852989,0.0,0.0,0.0,11.364998,0.0,0.0,0.0,0.0,0.0,0.0,6.453789,0.0,0.0,0.0,0.0,0.0,0.0,5.499433,0.0,1.1404738,0.0,0.0,0.0,0.0,0.0,0.0,0.0,0.0,0.0,0.0,0.0,9.470665,0.0,0.0,0.0,0.0,0.0,0.0,0.0,0.0,0.0,0.0,0.0,0.0,0.0,0.0,0.0,0.0,15.339972,0.0,0.0
0.0,0.0,1.668591,0.0,0.0,0.0,0.0,0.0,0.0,0.0,0.0,0.0,2.229154,10.22334,0.0,0.0,0.0,0.0,0.0,0.0,0.0,0.0,0.0,5.0546727,0.0,0.0,0.0,0.0,0.0,0.0,0.0,0.0,2.115738,0.0,0.0,0.0,0.0,0.0,0.0,0.0,0.0,0.0,0.0,0.0,0.0,0.0,0.0,0.0,0.0,0.0,0.0,0.0,0.0,0.0,0.0,0.0,0.0,0.0,0.0,0.0,0.0,0.0,0.0,0.0,0.0,0.0,0.0,0.0,2.241737,0.0,0.0,0.0,0.0,0.0,0.0,0.0,0.0,0.0,0.0,0.0,0.0,0.0,0.0,0.0,0.0,0.0,0.0,6.716461,0.0,0.7529487,0.0,0.0,0.0,0.0,0.44722453,0.0,0.0,0.0,0.0,0.0,0.0,0.0,11.332825,1.7610772,0.0,0.0,0.0,0.0,0.0,0.0,0.0,0.0,0.0,0.0,0.0,0.0,0.0,0.0,0.0,0.0,0.0,0.0,0.0,0.0,0.0,0.0,0.0,0.0
0.0,0.0,2.6684644,0.41396773,0.0,0.0,0.0,0.0,3.1958756,0.0,0.0,0.0,2.1467676,8.362508,0.0,0.0,2.7555876,0.0,0.0,6.252284,0.0,0.0,0.0,10.800184,0.0,0.0,0.0,0.0,0.0,0.0,0.0,0.0,0.11220021,0.0,0.0,0.0,0.0,0.0,4.269237,0.0,0.0,0.0,0.0,0.0,0.0,0.0,0.0,0.0,0.0,0.0,0.0,0.0,0.0,0.0,0.0,0.0,0.0,0.0,0.0,0.0,0.0,0.0,0.0,0.0,0.0,0.0,0.0,0.0,0.0,0.0,0.0,0.0,0.0,0.0,0.0,0.0,6.5984287,0.0,0.0,0.0,12.500451,0.0,0.0,0.0,0.0,0.0,0.0,7.3499026,0.0,0.0,0.0,0.0,0.0,0.0,0.0,0.0,2.7919922,0.0,0.0,0.0,0.0,0.0,0.0,0.0,0.0,0.0,0.0,0.0,3.0616603,0.0,0.0,0.0,0.0,0.0,0.0,0.0,0.0,0.0,0.0,0.0,0.0,0.0,0.0,0.0,0.0,12.77232,0.0,0.0
0.0,0.0,0.61840165,0.0,0.0,0.0,0.0,0.0,0.0,0.0,0.0,0.0,0.0,20.631334,0.0,0.0,3.0848649,0.0,0.0,14.691292,0.0,0.0,0.0,0.0,0.0,0.0,0.0,0.0,0.0,0.0,0.0,0.0,4.5556564,0.0,0.0,0.0,2.962229,0.0,9.011842,0.0,0.0,0.0,0.0,0.0,0.0,0.0,0.0,0.0,0.0,0.0,0.0,0.0,0.0,0.0,0.0,0.0,0.0,0.0,0.0,0.0,0.0,0.0,13.03205,0.0,0.0,0.0,0.0,0.0,0.0,0.0,0.0,0.0,0.0,0.0,0.0,0.0,0.7263354,0.0,0.0,0.0,0.0,0.0,0.0,0.0,0.0,0.0,0.0,9.16275,0.0,2.2543395,0.0,0.0,0.0,0.0,0.88296634,0.0,0.0,0.0,0.0,0.0,0.0,0.0,9.543275,10.238444,0.0,0.0,0.0,0.0,0.0,0.0,0.0,0.0,0.0,0.0,0.0,0.0,0.0,0.0,0.0,0.0,0.0,0.0,0.0,0.0,0.0,15.750654,0.0,0.0
2.6527905,0.0,0.0,0.7843286,0.0,0.0,6.183112,0.0,6.982503,0.0,17.79529,0.0,0.0,0.0,0.0,0.0,0.0,0.0,0.0,0.0,0.0,0.0,0.0,0.0,1.7481301,0.0,4.25591,0.0,0.0,2.3678205,10.763867,0.0,0.0,0.0,0.0,0.0,0.0,0.0,0.0,15.975919,0.0,0.0,0.0,0.0,7.3757052,0.0,0.0,0.0,12.047743,0.0,0.0,5.8082275,2.1172228,0.0,0.0,8.940248,0.0,0.0,0.0,0.0,0.0,0.0,0.0,0.0,0.0,0.0,0.0,3.7699792,0.0,0.0,0.0,0.0,0.0,0.0,0.0,2.094798,0.0,0.0,0.0,0.0,0.0,0.0,0.0,0.0,0.29457495,0.0,0.0,0.0,0.0,0.0,0.0,4.837453,0.0,0.0,0.0,0.0,4.412746,0.0,0.0,0.0,0.0,0.0,0.0,0.0,7.766419,13.920289,0.0,6.5189767,0.0,0.0,0.0,0.0,5.6434984,0.0,0.0,0.0,0.0,0.0,0.0,0.0,0.0,0.0,0.0,0.0,0.0,0.0,0.0,0.0
0.020716034,0.0,2.5670404,0.0,0.0,0.0,0.0,0.0,0.0,0.0,7.0351124,0.0,0.0,0.0,0.0,0.0,0.0,0.0,0.0,0.0,0.0,0.0,0.0,2.2494528,0.0,0.0,0.0,0.0,0.0,0.0,1.0487993,0.0,0.59672236,0.0,0.0,0.0,0.0,0.0,0.0,0.30952385,0.0,0.0,0.0,0.0,3.8110564,0.0,0.0,2.4667757,0.0,0.0,0.0,0.0,0.0,0.0,0.0,0.0,0.0,0.0,0.0,0.0,0.0,0.0,0.0,0.0,0.0,0.0,0.0,0.0,2.2861085,0.0,0.0,0.0,0.0,0.0,0.0,0.0,3.6361566,0.0,0.0,0.0,0.32614574,0.0,0.0,0.0,0.0,0.0,0.0,0.0,0.0,0.0,0.0,0.0,0.0,0.0,0.0,0.0,0.0,0.0,0.0,0.0,0.0,0.0,2.6115124,0.0,0.0,0.0,0.0,0.0,0.0,0.0,0.0,0.0,1.3975257,0.0,0.0,4.4245043,0.0,0.0,0.0,0.0,0.0,0.0,0.0,0.0,0.0,0.36898512,0.0,0.0
0.5405953,0.0,0.0,0.0,0.0,0.0,7.9762897,0.0,0.0,0.0,10.98866,0.0,0.0,0.0,0.0,0.0,0.0,0.0,0.0,0.0,0.0,0.0,0.0,0.0,14.895533,0.0,2.8617806,0.0,0.0,0.0,6.1612787,0.0,0.0,0.0,0.0,0.0,0.0,0.0,0.0,13.031364,0.0,0.0,0.0,0.0,0.0,0.0,0.0,0.33802667,8.909771,0.0,0.0,6.7127056,0.0,0.0,0.0,3.5561032,0.0,0.0,0.0,0.0,0.0,0.0,0.0,0.0,0.0,0.0,0.0,0.0,0.0,0.0,0.0,0.0,0.0,0.0,0.0,0.0,0.0,0.0,0.0,0.0,0.0,0.0,0.0,0.0,0.0,0.0,0.0,0.0,0.0,0.0,0.0,2.670999,0.0,0.0,0.0,0.0,2.5103354,0.0,0.0,0.0,0.0,0.0,5.744035,0.0,3.6542437,0.0,0.0,9.148452,0.0,0.0,0.0,0.0,1.3193349,0.0,0.0,11.766915,0.0,0.0,0.0,0.0,0.0,0.0,0.0,0.0,0.0,0.0,0.0,0.0
0.0,0.0,0.0,0.0,0.0,0.0,4.23646,0.0,0.0,0.0,0.0,0.0,3.001767,0.0,0.0,0.0,0.11963757,0.0,0.0,0.0,0.0,0.0,0.0,9.253121,0.0,0.0,0.0,0.0,0.0,0.0,0.0,0.0,2.7173507,0.0,0.0,0.0,0.0,0.0,0.0,0.0,0.0,0.0,0.0,0.0,0.0,0.0,0.0,0.0,0.0,0.0,0.0,0.0,0.0,0.0,0.0,0.0,0.0,0.0,0.0,0.0,0.0,0.0,0.0,0.0,0.0,0.0,0.0,0.0,9.768633,0.0,0.0,0.0,0.0,0.0,0.0,0.0,0.0,0.0,0.0,0.0,0.0,0.0,0.0,0.0,0.0,0.0,0.0,0.0,0.0,0.0,0.0,0.0,0.0,0.0,0.0,0.0,0.0,0.0,0.0,0.0,0.0,0.0,0.4543093,0.19406204,0.0,0.0,0.0,0.0,0.0,3.2822938,0.0,0.0,2.4618196,0.0,0.0,0.0,0.0,0.0,0.0,2.056074,0.0,0.0,0.0,0.0,0.0,5.6852,4.9066157,0.0
0.0,0.0,0.0,0.0,0.0,0.0,7.619201,0.0,6.816872,0.0,17.621273,0.0,0.0,0.0,0.0,0.0,0.0,0.0,0.0,0.0,0.0,0.0,0.0,0.0,5.970007,0.0,4.3481607,0.0,0.0,0.0,15.495994,0.0,0.0,0.0,0.0,0.0,0.0,0.0,0.0,15.55303,0.0,0.0,0.0,0.0,1.6407993,0.0,0.0,2.64843,15.25088,0.0,0.0,0.33424103,4.154369,0.0,0.0,9.081439,0.0,0.0,0.0,0.0,0.0,0.0,0.0,0.0,0.0,0.0,0.0,7.0031404,0.0,0.0,0.0,0.0,0.0,0.0,0.0,1.2584503,0.0,0.0,0.0,0.0,0.0,0.0,0.0,0.0,0.0,0.0,0.0,0.0,0.0,0.0,0.0,4.330129,0.0,0.0,0.0,10.2220745,0.0,0.0,0.0,0.0,0.0,0.0,2.199891,0.0,15.209188,12.5913515,0.0,0.0,0.0,0.0,0.0,0.0,0.0,0.0,0.0,0.0,0.0,0.0,0.0,0.0,0.0,0.0,5.9368467,0.0,0.0,0.0,0.0,0.0
0.5686555,0.0,3.2519093,0.0,0.0,0.0,0.0,0.0,0.0,0.0,7.3436356,0.0,0.0,0.0,0.0,0.0,0.0,0.0,0.0,0.0,0.0,0.0,0.0,3.165197,0.0,0.0,0.0,0.0,0.0,0.0,0.0,0.0,2.2054682,0.0,0.0,0.0,0.0,0.0,0.0,0.0,0.0,0.0,0.0,0.0,5.5598974,0.0,0.0,0.033486728,0.0,0.0,0.0,0.0,0.0,0.0,0.0,0.0,0.0,0.0,0.0,0.0,0.0,0.0,0.0,0.0,0.0,0.0,0.0,0.0,5.2123427,0.0,0.0,0.0,0.0,0.0,0.0,0.0,4.229951,0.0,0.0,0.0,0.29928926,0.0,0.0,0.0,0.0,0.0,0.0,0.0,0.0,0.0,0.0,0.0,0.0,0.0,0.0,0.0,0.0,0.0,0.0,0.0,0.0,0.0,3.1843135,0.0,0.0,0.0,0.0,0.0,0.0,0.0,0.0,0.0,1.3995754,0.0,0.0,5.354898,0.0,0.0,0.0,0.0,0.0,0.0,0.0,0.0,0.0,1.9385428,0.0,0.0
0.0,0.0,0.0,0.0,0.0,0.0,1.8195204,0.0,0.0,0.0,0.12950791,0.0,2.535523,0.0,0.0,0.0,0.0,0.0,0.0,0.0,0.0,0.0,0.0,7.9282117,0.0,0.0,0.0,0.0,0.0,0.0,0.0,0.0,4.8098006,0.0,0.0,0.0,0.0,0.0,0.0,0.0,0.0,0.0,0.0,0.0,0.0,0.0,0.0,0.0,0.0,0.0,0.0,0.0,0.0,0.0,0.0,0.0,0.0,0.0,0.0,0.0,0.0,0.0,0.0,0.0,0.0,0.0,0.0,0.0,9.601584,0.0,0.0,0.0,0.0,0.0,0.0,0.0,0.0,0.0,0.0,0.0,0.24165976,0.0,0.0,0.0,0.0,0.0,0.0,0.0,0.0,0.0,0.0,0.0,0.0,0.0,0.0,0.0,0.0,0.0,0.0,0.0,0.0,0.0,3.427422,0.0,0.0,0.0,0.0,0.0,0.0,0.0,0.0,0.0,1.1199461,0.0,0.0,1.2059133,0.0,0.0,0.0,0.0,0.0,0.0,0.0,0.0,0.0,5.3581076,4.9249754,0.0
0.0,0.0,0.0,0.0,0.0,0.0,0.0,0.0,5.434679,0.0,3.0144336,0.0,0.0,0.0,0.0,0.0,1.66359,0.0,0.0,0.0,0.0,0.0,0.0,0.0,1.4461086,0.0,0.0,0.0,0.0,3.3625057,1.2033727,0.0,0.0,0.0,0.0,0.0,0.0,0.0,0.0,4.4915953,0.0,0.0,0.0,0.0,0.0,0.0,0.531159,1.7271625,3.6828454,0.0,0.0,0.0,0.0,0.0,0.0,2.2432976,0.0,0.0,0.0,0.0,0.0,0.0,0.0,0.0,0.0,0.0,0.0,0.0,0.0,0.0,0.0,0.0,0.0,0.0,0.0,8.76848,0.0,0.0,0.0,0.0,5.3864627,0.0,0.0,0.0,0.07947147,0.0,0.0,0.0,0.0,0.0,0.0,0.0,0.0,0.0,0.0,0.0,1.213432,0.0,0.0,0.0,0.0,0.0,0.0,0.0,7.307834,0.0,0.0,0.0,0.0,0.0,0.59317386,0.0,0.0,0.0,0.0,0.0,4.151395,0.0,0.0,0.0,0.0,0.0,4.405793,0.0,0.0,0.0,0.0,0.0
0.0,0.0,0.0,0.0,0.0,0.0,9.129293,0.0,0.0,0.0,13.175155,0.0,0.0,0.0,0.0,0.0,0.0,0.0,0.0,0.0,0.0,0.0,0.0,0.0,8.087691,0.0,1.4426035,0.0,0.0,0.0,1.2993717,0.0,0.0,0.36355028,0.0,0.0,0.0,0.0,0.0,7.9973297,0.0,0.0,0.0,0.0,0.54915327,0.0,0.0,0.04039271,1.6522211,0.0,0.0,8.275037,0.0,0.0,0.0,5.459112,0.0,0.0,0.0,0.0,0.0,0.0,0.0,0.0,0.0,0.0,0.0,0.0,0.0,0.0,0.0,0.0,0.0,0.0,0.0,0.0,0.0,0.0,0.0,0.0,0.0,0.0,0.0,0.0,5.500469,0.0,0.0,0.0,0.0,0.0,0.0,1.2723523,0.0,0.0,0.0,0.0,6.580468,0.0,0.0,0.0,0.0,0.0,3.3989036,0.0,5.211096,0.0,0.0,1.4872327,0.0,0.0,0.0,0.0,3.175595,0.0,0.0,2.0899274,0.0,0.0,0.0,0.0,0.0,0.0,5.456622,0.0,0.0,0.0,0.0,0.0
0.0,0.0,0.0,0.0,0.0,0.78509647,2.1449044,0.15584031,0.0,0.0,2.3163352,0.0,0.0,0.0,0.0,0.0,0.0,0.0,0.0,0.0,0.0,0.0,0.0,1.1226766,2.1469872,0.0,0.0,0.0,0.0,0.0,3.468753,0.0,0.0,0.0,0.0,0.0,0.0,0.0,0.0,1.543857,0.0,0.0,0.0,0.0,1.7663944,0.0,0.0,0.0,0.0,0.0,0.0,3.8173199,0.0,0.0,0.0,0.19977082,0.0,0.0,0.0,0.0,0.0,0.0,0.0,0.0,0.0,0.0,0.0,0.0,0.0,0.0,0.0,0.0,0.0,0.0,0.0,0.0,0.0,0.0,0.0,0.0,0.0,0.0,0.0,0.0,1.346435,0.0,0.0,0.0,0.0,0.0,0.0,0.0,1.5761378,0.0,0.0,0.0,2.7734969,0.0,0.0,0.0,0.0,0.0,3.8848405,0.0,1.1362692,0.0,1.2268358,2.3056557,0.0,0.0,0.0,0.0,3.5115478,0.0,0.0,2.4299686,0.0,0.0,0.0,0.0,0.0,0.0,0.13638471,0.0,0.0,0.0,0.0,0.0
0.0,0.0,0.0,0.0,0.0,0.92374337,4.566859,0.0,0.0,0.0,0.0,0.0,0.0,0.0,0.0,0.0,0.0,0.0,0.0,0.0,0.0,0.0,0.0,0.0,3.6514537,0.0,0.0,0.0,0.0,5.5600357,0.0,0.0,0.0,0.0,0.0,0.0,0.0,5.8009624,0.0,8.547877,0.0,0.0,0.0,0.0,0.0,0.0,5.921295,0.0,4.64678,0.0,0.0,7.943995,0.0,0.0,0.0,0.0,0.279321,0.0,0.0,0.0,0.0,0.0,0.0,0.0,0.0,0.0,0.0,0.0,0.0,0.0,0.0,0.0,0.0,0.0,0.0,0.0,5.9551563,0.0,0.0,0.0,0.0,0.0,0.0,0.0,11.885309,0.0,0.0,0.0,0.0,0.0,0.0,0.0,4.239863,0.0,0.0,0.0,5.862035,0.0,0.0,0.0,0.0,0.0,0.0,0.0,1.940648,0.0,0.0,17.35821,0.0,0.0,0.0,0.0,3.8688366,0.0,0.0,4.0737395,7.389391,0.0,0.0,0.0,0.0,0.0,6.6959004,0.0,0.0,0.0,0.0,0.0
0.6671546,0.0,0.0,0.0,0.0,0.58555424,2.7662022,0.0,0.0,0.0,0.0,0.0,2.122921,1.3153939,0.0,0.0,0.16206878,0.0,0.0,0.0,0.0,2.249247,0.0,0.31185976,0.0,0.0,0.0,0.0,0.0,0.0,0.0,0.0,0.74226916,0.0,0.0,0.0,0.0,0.0,3.9509304,0.0,0.0,0.0,0.0,0.0,0.0,0.0,0.0,0.0,0.0,0.0,0.0,0.0,0.0,0.0,0.0,0.0,0.0,0.0,0.0,0.0,0.0,0.0,0.0,0.0,0.0,0.0,0.0,0.0,1.3542402,0.0,0.0,0.29075944,0.0,0.0,0.0,0.0,2.8797598,0.0,0.0,0.0,0.0,0.0,0.0,0.0,0.0,0.0,0.0,2.627019,0.0,0.805625,0.0,0.0,0.0,0.0,0.0,0.0,0.0,0.0,0.0,0.0,0.0,0.0,3.5024183,3.7515905,0.0,0.0,0.0,0.0,0.0,3.7739394,0.0,0.0,0.0,0.0,0.0,0.0,0.0,0.0,0.0,0.0,0.0,0.0,0.0,0.0,0.0,7.548246,5.12109,0.0
0.0,0.0,0.0,0.0,0.0,0.0,4.1026797,0.0,0.0,0.0,0.0,0.0,1.7185057,2.6014428,0.0,0.0,0.0,0.0,0.0,0.0,0.0,0.0,0.0,0.59370726,0.0,0.0,0.0,0.0,0.0,0.0,0.0,0.0,2.1641006,0.0,0.0,0.0,0.0,0.0,2.5115466,0.0,0.0,0.0,0.0,0.0,0.0,0.0,0.0,0.0,0.0,0.0,0.0,0.0,0.0,0.0,0.0,0.0,0.0,0.0,0.0,0.0,0.0,0.0,0.0,0.0,0.0,0.0,0.0,0.0,4.134843,0.0,0.0,0.98353666,0.0,0.0,0.0,0.0,0.0,0.0,0.0,0.0,0.0,0.0,0.0,0.0,0.0,0.0,0.0,4.0285215,0.0,0.0,0.0,0.0,0.0,0.0,0.0,0.0,0.0,0.0,0.0,0.0,0.0,0.0,6.4071374,5.125821,0.0,0.0,0.0,0.0,0.0,1.8288857,0.0,0.0,0.0,0.0,0.0,0.0,0.0,0.0,0.0,0.0,0.0,0.0,0.0,0.0,0.0,4.013669,3.0680234,0.0
0.0,0.0,0.0,0.0,0.0,0.0,0.0,0.0,2.6996918,0.0,0.7833161,0.0,0.0,0.0,0.0,0.0,0.0,0.0,0.0,0.0,0.0,0.0,0.0,1.8312615,0.7231727,0.0,0.0,0.0,0.0,4.0357113,0.0,0.0,0.0,0.0,0.0,0.0,0.0,0.0,0.0,3.0241508,0.0,0.0,0.0,0.0,0.0,0.0,0.0,0.0,0.87846553,0.0,0.0,0.0,0.0,0.0,0.0,0.5774183,0.0,0.0,0.0,0.0,0.0,0.0,0.0,0.0,0.0,0.0,0.0,0.0,0.0,0.0,0.0,0.0,0.0,0.0,0.0,0.8202908,0.0,0.0,0.0,0.0,1.5926025,0.0,0.0,0.0,2.856715,0.0,0.0,0.0,0.0,0.0,0.0,0.0,0.0,0.0,0.0,0.0,6.289722,0.0,0.0,0.0,0.0,0.0,0.0,0.0,1.4193183,0.0,0.0,0.0,0.0,0.0,0.0,0.0,2.8593466,0.0,0.0,0.0,2.2000403,0.0,0.0,0.0,0.0,0.0,2.1933424,0.0,0.0,0.0,0.0,0.0
0.0,0.0,0.0,0.0,0.0,0.0,0.0,0.0,0.0,1.643871,2.2310753,0.0,0.0,0.0,0.0,0.0,0.0,0.0,0.0,0.0,0.0,0.0,0.0,0.0,9.818836,0.0,7.3851204,0.0,0.0,0.0,14.435792,0.0,0.0,0.0,0.0,1.2069842,0.0,0.0,0.0,15.008093,0.0,0.0,0.0,0.0,0.0,0.0,0.0,0.27074578,6.079887,0.0,0.0,5.4114,0.0,0.0,0.0,0.0,0.0,0.0,0.0,0.0,0.0,0.0,0.0,0.0,0.0,0.0,0.0,0.0,0.0,0.0,0.0,0.0,0.0,0.0,0.0,0.0,0.0,0.0,0.0,0.0,0.0,0.0,0.0,0.0,6.2555847,0.0,0.0,0.0,0.0,0.0,0.0,6.3621078,0.0,0.0,0.0,0.0,15.610082,0.0,0.0,0.0,0.0,0.0,8.599066,0.0,12.565408,0.0,0.0,4.376128,0.0,0.0,0.0,0.0,0.0,0.0,0.0,0.0,0.0,0.0,0.0,0.0,0.0,0.0,6.4980607,0.0,0.0,0.0,0.0,0.0
0.0,0.0,1.4193048,0.0,0.0,0.0,0.0,0.0,0.0,0.0,0.0,0.0,0.0,8.632419,0.0,0.0,1.54793,0.0,0.0,4.5391083,0.0,0.0,0.0,3.5796175,0.0,0.0,0.0,0.0,0.0,0.0,0.0,0.0,0.0,0.0,0.0,0.0,0.0,0.0,0.0,0.0,0.0,0.0,0.0,0.0,0.0,0.0,0.0,3.037132,2.4891856,0.0,0.0,0.0,0.0,0.0,0.0,0.0,0.0,0.0,0.0,0.0,9.507919,0.0,0.0,0.0,0.0,0.0,0.0,0.0,0.0,0.0,0.0,0.0,0.0,0.0,0.0,0.0,0.0,0.0,0.0,0.0,13.818134,0.0,0.0,0.0,0.0,0.0,0.0,6.83075,0.0,0.0,0.0,0.0,0.0,0.0,5.456994,0.0,1.6153109,0.0,0.0,0.0,0.0,0.0,1.2958276,0.0,0.0,0.0,0.0,0.0,5.113028,0.0,6.721302,0.0,0.0,0.0,0.0,0.0,0.6964897,0.0,0.0,0.0,0.0,0.59767324,0.0,0.0,0.0,0.0,0.0,0.0
0.0,0.0,0.0,0.0,0.0,0.0,3.5842166,0.0,0.0,0.0,0.88718665,0.0,0.0,0.0,0.0,0.0,0.0,0.0,0.0,0.0,0.0,0.0,0.0,0.0,5.6935806,0.0,0.9696955,0.0,0.0,2.728914,4.6202307,0.0,0.0,0.07604244,0.0,0.0,0.0,0.0,0.0,2.8902922,0.0,0.0,0.0,0.0,0.0,0.0,0.0,0.0,3.4793537,0.0,0.0,4.8141084,0.0,0.0,0.0,2.4288244,0.0,0.0,0.0,0.0,0.0,0.0,0.0,0.0,0.0,0.0,0.0,0.0,0.0,0.0,0.0,0.0,0.0,0.0,0.0,0.0,0.0,0.0,0.0,0.0,0.0,0.0,0.0,0.0,7.459063,0.0,0.0,0.0,0.0,0.0,0.0,1.6168938,0.647662,0.0,0.0,0.0,6.463192,0.0,0.0,0.0,0.0,0.0,0.73955685,0.0,6.0251083,0.0,0.0,4.3869014,0.0,0.0,0.0,0.0,3.9433272,0.0,0.0,0.0,0.0,0.0,0.0,0.0,0.0,0.0,5.5663795,0.0,0.0,0.0,0.0,0.0
1.0067505,0.0,0.0,0.0,0.0,0.0,3.089627,0.0,0.0,0.0,0.0,0.0,1.4307632,0.0,0.0,0.0,0.0,0.0,0.0,0.0,0.0,0.0,0.0,1.6485847,0.0,0.0,0.0,0.0,0.0,0.0,0.0,0.0,4.25902,0.0,0.0,0.0,0.0,0.0,2.7828162,0.0,0.0,0.0,0.0,0.0,0.0,0.0,0.0,0.0,0.0,0.0,0.0,0.0,0.0,0.0,0.0,0.0,0.0,0.0,0.0,0.0,0.0,0.0,0.0,0.0,0.0,0.0,0.0,0.0,3.503896,0.0,0.0,0.0,0.0,0.0,0.0,0.0,0.41953662,0.0,0.0,0.0,0.0,0.0,0.0,0.0,0.0,0.0,0.0,0.0,0.0,0.0,0.0,0.0,0.0,0.0,0.0,0.0,0.0,0.0,0.0,0.0,0.0,0.0,7.3327003,2.944929,0.0,0.0,0.0,0.0,0.0,0.48290867,0.0,0.0,0.0,0.0,0.0,0.0,0.0,0.0,0.0,0.0,0.0,0.0,0.0,0.0,0.0,5.8329864,6.8609533,0.0
0.0,0.0,1.8191923,0.0,0.0,0.0,0.0,0.0,0.0,0.0,1.4322071,0.0,0.9793309,0.0,0.0,0.0,0.0,0.0,0.0,0.0,0.0,0.0,0.0,3.3403869,0.0,0.0,0.0,0.0,0.0,0.0,0.0,0.0,2.9625816,0.0,0.0,0.0,0.0,0.0,1.138729,0.0,0.0,0.0,0.0,0.0,0.0,0.0,0.0,0.0,0.0,0.0,0.0,0.0,0.0,0.0,0.0,0.0,0.0,0.0,0.0,0.0,0.0,0.0,0.0,0.0,0.0,0.0,0.0,0.0,4.4861045,0.0,0.0,0.0,0.0,0.0,0.0,0.0,4.4203105,0.0,0.0,0.0,0.8007258,0.0,0.0,0.0,0.0,0.0,0.0,0.0,0.0,0.0,0.0,0.0,0.0,0.0,0.0,0.0,0.0,0.0,0.0,0.0,0.0,0.0,2.011886,0.0,0.0,0.0,0.0,0.0,1.1728176,0.0,0.0,0.0,0.0,0.0,0.0,2.4548907,0.0,0.0,0.0,0.0,0.0,0.0,0.0,0.0,0.0,4.02372,1.853856,0.0
0.0,0.0,0.0,0.0,0.0,0.0,0.2522653,0.0,1.5374709,0.0,0.0028776107,0.0,0.0,0.0,0.0,0.0,0.0,0.0,0.0,0.0,0.0,0.0,0.0,5.410899,1.3052707,0.0,0.0,0.0,0.0,2.4588373,2.4788263,0.0,0.0,0.0,0.0,0.0,1.2150203,0.0,0.0,6.2460494,0.0,0.0,0.0,0.0,1.6077293,0.0,0.0,0.0,0.0,0.0,0.0,0.0,0.0,0.0,0.0,3.2167048,0.0,0.0,0.0,0.0,0.0,0.0,0.0,0.0,0.0,0.0,0.0,0.0,0.0,0.0,0.0,0.0,0.0,0.0,0.0,0.0,0.0,0.0,0.0,0.0,1.1846707,0.0,0.0,0.0,1.5220838,0.0,0.0,0.0,0.0,0.0,0.0,0.0,0.0,0.0,0.0,0.0,1.9516649,0.0,0.0,0.0,0.0,0.0,0.0,0.0,0.94712895,2.3071253,0.0,2.7726038,0.0,0.0,0.24111566,0.0,9.796355,0.0,0.0,0.25362194,0.0,0.0,0.0,0.0,0.0,0.0,0.0,0.0,0.0,1.240207,0.0,0.0
0.0,0.0,0.0,0.0,0.0,0.0,3.7585285,0.0,0.0,0.0,0.0,0.0,1.8668408,3.2440305,0.0,0.0,0.0,0.0,0.0,0.0,0.0,0.0,0.0,0.646272,0.0,0.0,0.0,0.0,0.0,0.0,0.0,0.0,1.6112692,0.0,0.0,0.0,0.0,0.0,3.3289697,0.0,0.0,0.0,0.0,0.0,0.0,0.0,0.0,0.0,0.0,0.0,0.0,0.0,0.0,0.0,0.0,0.0,0.0,0.0,0.0,0.0,0.0,0.0,0.0,0.0,0.0,0.0,0.0,0.0,4.1565604,0.0,0.0,0.91658795,0.0,0.0,0.0,0.0,0.39921406,0.0,0.0,0.0,0.0,0.0,0.0,0.0,0.0,0.0,0.0,4.985419,0.0,0.05279521,0.0,0.0,0.0,0.0,0.0,0.0,0.0,0.0,0.0,0.0,0.0,0.0,6.030962,5.2360187,0.0,0.0,0.0,0.0,0.0,2.7656243,0.0,0.0,0.0,0.0,0.0,0.0,0.0,0.0,0.0,0.0,0.0,0.0,0.0,0.0,0.0,5.2586007,3.3134968,0.0
2.5646188,0.0,0.0,1.2501658,0.0,0.250084,0.0,0.0,0.0,0.0,1.9933449,0.0,0.0,0.0,0.0,0.0,0.0,0.0,0.0,0.0,0.0,0.0,0.42424265,0.85441256,0.0,0.0,0.0,0.0,0.0,0.26192057,0.6363461,0.0,0.0,0.0,0.0,0.0,0.20772165,0.0,0.4477101,0.4846562,0.0,0.0,0.0,0.0,1.5256462,0.0,0.0,0.0,0.62218755,0.0,0.0,1.78559,0.0,0.0,0.0,0.0,0.0,0.0,0.0,0.0,0.0,0.0,0.0,0.0,0.0,0.0,0.0,0.0,0.0,0.0,0.0,0.0,0.0,0.0,0.0,0.0,2.7612884,0.0,0.0,0.0,0.0,0.0,0.0,0.0,0.0,0.0,0.0,0.0,0.0,0.0,0.0,0.0,0.0,0.0,0.0,0.0,0.0,0.0,0.0,0.0,0.0,0.0,0.0,0.0,0.0,0.0,0.0,0.13072482,1.3232963,0.49390233,0.0,0.0,0.0,0.0,0.0,1.253333,0.0,0.38489807,0.0,0.0,0.0,0.0,0.0,0.0,0.0,2.5077016,1.6660173,0.0
4.7329936,0.0,0.0,0.0,0.0,0.0,0.0,0.0,0.0,0.0,0.0,0.0,0.0,10.052819,0.0,0.0,0.0,0.0,0.0,0.0,0.0,0.0,0.0,0.0,0.0,0.0,0.0,0.0,0.0,0.0,0.0,0.0,0.0,0.0,0.0,0.0,0.0,0.0,0.0,0.0,0.0,0.0,0.0,0.0,0.0,0.0,0.0,0.0,8.15026,0.0,0.0,0.0,1.865867,0.0,0.0,0.0,0.0,0.0,0.0,0.0,4.8437686,0.0,5.137179,0.0,0.0,0.0,0.0,0.0,0.0,0.0,0.0,0.0,0.0,0.0,0.0,0.0,0.0,0.0,0.0,0.0,0.0,0.0,0.0,0.0,0.0,0.0,0.0,4.701004,2.191723,0.0,0.0,0.0,0.0,0.0,10.519935,0.0,0.0,0.0,0.0,0.0,0.0,0.0,18.595558,5.3248196,0.0,0.0,0.0,0.0,4.504537,0.0,10.379973,0.0,0.0,0.0,0.0,0.0,0.0,0.0,0.0,0.0,0.0,0.0,0.0,0.0,0.0,2.0137737,0.0,0.0
0.0,0.0,0.0,0.0,0.0,0.0,1.5860842,0.0,0.0,0.0,0.0,0.0,2.784226,0.0,0.0,0.0,0.0,0.0,0.0,0.0,0.0,0.0,0.0,3.6756728,0.0,0.0,0.0,0.0,0.0,0.0,0.0,0.0,2.9826398,0.0,0.0,0.0,0.0,0.0,2.341964,0.0,0.0,0.0,0.0,0.0,0.0,0.0,0.0,0.0,0.0,0.0,0.0,0.0,0.0,0.0,0.0,0.0,0.0,0.0,0.0,0.0,0.0,0.0,0.0,0.0,0.0,0.0,0.0,0.0,4.926441,0.0,0.0,0.0,0.0,0.0,0.0,0.0,1.6560171,0.0,0.0,0.0,0.0,0.0,0.0,0.0,0.0,0.0,0.0,0.0,0.0,0.0,0.0,0.0,0.0,0.0,0.0,0.0,0.0,0.0,0.0,0.0,0.0,0.0,2.49538,0.94119394,0.0,0.0,0.0,0.0,0.0,1.9627067,0.0,0.0,0.0,0.0,0.0,0.0,0.0,0.0,0.0,0.0,0.0,0.0,0.0,0.0,0.0,5.6853495,5.139204,0.0
0.0,0.0,0.0,0.0,0.0,0.0,10.017826,0.0,0.0,0.0,8.059376,0.0,0.0,0.0,0.0,0.0,0.0,0.0,0.0,0.0,0.0,0.0,0.0,0.0,7.3280888,0.0,0.0,0.0,0.0,0.0,12.682025,0.0,0.0,0.73953736,0.0,0.0,0.0,0.0,0.0,6.0956283,0.0,0.0,0.0,0.0,0.58586323,0.0,0.0,0.0,0.0,0.0,0.0,10.478718,0.0,0.0,0.0,5.2723866,0.0,0.0,0.0,0.0,0.0,0.0,0.0,0.0,0.0,0.0,0.0,0.0,0.0,0.0,0.0,0.0,0.0,0.0,0.0,0.0,0.0,0.0,0.0,0.0,0.0,0.0,0.0,0.0,9.209662,0.0,0.0,0.0,0.0,0.0,0.0,3.0058815,0.0,0.0,0.0,0.0,4.408086,0.0,0.0,0.0,0.0,0.0,9.324207,0.0,10.17661,0.0,1.4169263,6.2613835,0.0,0.0,0.0,0.0,4.238328,0.0,0.0,0.0,0.0,0.0,0.0,0.0,0.0,0.0,5.650944,0.0,0.0,0.0,0.0,0.0
0.0,0.0,0.0,0.0,0.0,0.0,6.3942614,0.0,0.0,0.0,8.776303,0.0,0.0,0.0,0.0,0.0,0.0,0.0,0.0,0.0,0.0,0.0,0.0,0.0,8.40583,0.0,2.2961135,0.0,0.0,0.4437145,0.0,0.0,0.0,1.0802171,0.0,0.0,0.0,0.0,0.0,5.0493994,0.0,0.0,0.0,0.0,1.312268,0.0,0.0,0.0,1.5168906,0.0,0.0,5.693287,0.0,0.0,0.0,4.530555,0.0,0.0,0.0,0.0,0.0,0.0,0.0,0.0,0.0,0.0,0.0,0.0,0.0,0.0,0.0,0.0,0.0,0.0,0.0,0.0,0.0,0.0,0.0,0.0,0.0,0.0,0.0,0.0,2.8411424,0.0,0.0,0.0,0.0,0.0,0.0,2.2393215,0.0,0.0,0.0,0.0,4.386583,0.0,0.0,0.0,0.0,0.0,3.0558567,0.0,2.718147,0.0,0.0,0.41664734,0.0,0.0,0.0,0.0,3.7473452,0.0,0.0,3.465565,0.0,0.0,0.0,0.0,0.0,0.0,4.923316,0.0,0.0,0.0,0.0,0.0
4.0142136,0.0,0.0,0.0,0.0,0.0,8.405793,0.0,0.0,0.0,8.8981285,0.0,0.0,0.0,0.0,0.0,0.0,0.0,0.0,0.0,0.0,0.0,0.0,0.0,5.982445,0.0,0.0,0.0,0.0,0.11234738,0.0,0.0,0.0,0.0,0.0,0.0,0.0,0.0,0.0,5.954965,0.0,0.0,0.0,0.0,2.570595,0.0,0.0,0.0,3.064841,0.0,0.0,4.880355,0.0,0.0,0.0,3.4567144,0.8653932,0.0,0.0,0.0,0.0,0.0,0.0,0.0,1.3683017,0.0,0.0,0.0,0.0,0.0,0.0,0.0,0.0,0.0,0.0,0.0,0.0,0.0,0.0,0.0,0.0,0.0,0.0,0.0,0.3352636,0.0,0.0,0.0,0.0,0.0,0.0,0.47237778,0.0,0.0,0.0,0.0,2.7146692,0.0,0.0,0.0,0.0,0.0,1.7164588,0.0,0.0,0.0,0.0,4.385768,0.0,0.0,0.0,0.0,3.5487664,0.0,0.0,5.3783755,2.001118,0.0,0.0,0.0,0.0,0.0,0.0,0.0,0.0,0.0,1.7779702,0.0
0.0,0.0,3.2668753,0.0,0.0,0.0,0.0,0.0,0.0,0.0,0.0,0.0,3.6012511,3.662442,0.0,0.0,4.3467283,0.0,0.0,3.337066,0.0,0.0,0.0,11.374273,0.0,0.0,0.0,0.0,0.0,0.0,0.0,0.0,11.265063,0.0,0.0,0.0,0.0,0.0,4.65997,0.0,0.0,0.0,0.0,0.0,0.0,0.0,0.0,1.0471566,0.0,0.0,0.0,0.0,0.0,0.0,0.0,0.0,0.0,0.0,0.0,0.0,0.0,0.0,0.0,0.0,0.0,0.0,0.0,0.0,0.0,0.0,0.0,0.0,0.0,0.0,0.0,0.0,10.331911,0.35401052,0.0,0.0,1.7996953,0.0,0.0,0.0,0.0,0.0,0.0,3.9132276,0.0,0.0,0.0,0.0,0.0,0.0,0.0,0.0,0.0,0.0,0.0,0.0,0.0,0.0,0.91941816,0.0,0.0,0.0,0.0,0.0,14.4681,0.0,0.0,0.0,0.0,0.0,0.0,0.0,0.0,0.0,0.0,0.0,0.0,0.0,0.0,0.0,0.0,6.997839,0.0,0.0
1.3806286,0.0,0.0,0.0,0.0,0.0,5.839456,0.0,0.0,0.0,0.0,0.0,0.86993474,0.9356037,0.0,0.0,0.0,0.0,0.0,0.0,0.0,0.0,0.0,0.0,0.0,0.0,0.0,0.0,0.0,0.0,0.0,0.0,0.0,0.0,0.0,0.0,0.0,0.0,0.440603,0.0,0.0,0.0,0.0,0.0,0.0,0.0,0.0,0.0,2.9574945,0.0,0.0,0.0,0.0,0.0,0.0,0.0,0.0,0.0,0.0,0.0,0.0,0.0,1.8946146,0.0,0.0,0.0,0.0,0.0,1.5328064,0.0,0.0,0.0,0.0,0.0,0.0,0.0,0.0,0.0,0.0,0.0,0.0,0.0,0.0,0.0,1.474573,0.0,0.0,1.1262859,0.0,0.0,0.0,0.0,0.0,0.0,1.271806,0.0,0.0,0.0,0.0,0.0,0.0,0.0,5.546819,5.8835287,0.0,0.0,0.0,0.0,0.0,0.0,1.3714604,0.0,0.0,0.0,0.0,0.0,0.0,0.0,0.0,0.5299672,0.0,0.0,0.0,0.0,0.0,1.4503696,1.4406178,0.0
0.0,0.0,0.0,0.0,0.0,0.0,3.126555,0.0,0.0,0.0,0.0,0.0,2.6291811,0.0,0.0,0.0,0.0,0.0,0.0,0.0,0.0,0.0,0.0,2.3675916,0.0,0.0,0.0,0.0,0.0,0.0,0.0,0.0,2.640247,0.0,0.0,0.0,0.0,0.0,2.0738864,0.0,0.0,0.0,0.0,0.0,0.0,0.0,0.0,0.0,0.0,0.0,0.0,0.0,0.0,0.0,0.0,0.0,0.0,0.0,0.0,0.0,0.0,0.0,0.0,0.0,0.0,0.0,0.0,0.0,3.5457592,0.0,0.0,0.05034116,0.0,0.0,0.0,0.0,0.40884772,0.0,0.0,0.0,0.0,0.0,0.0,0.0,0.0,0.0,0.0,0.272009,0.0,0.0,0.0,0.0,0.0,0.0,0.0,0.0,0.0,0.0,0.0,0.0,0.0,0.0,3.6264071,2.514376,0.0,0.0,0.0,0.0,0.0,2.3950176,0.0,0.0,0.0,0.0,0.0,0.0,0.0,0.0,0.0,0.0,0.0,0.0,0.0,0.0,0.0,5.4742417,5.553061,0.0
0.19085246,0.0,0.0,0.0,0.0,0.0,2.0256782,0.0,0.0,0.0,3.5557766,0.0,0.0,0.0,0.0,0.0,0.0,0.0,0.0,0.0,0.0,0.0,0.0,0.0,4.0314407,0.0,2.6185484,0.0,0.0,4.0061398,2.239907,0.0,0.0,0.0,0.0,0.0,0.0,0.0,0.0,7.2276206,0.0,0.0,0.0,0.0,0.0,0.0,2.0773952,0.0,8.793492,0.0,0.0,3.4809167,0.0,0.0,0.0,0.0,0.0,0.0,0.0,0.0,0.0,0.0,0.0,0.0,1.7671239,0.0,0.0,0.0,0.0,0.0,0.0,0.0,0.0,0.0,0.0,0.0,0.0,0.0,0.0,0.0,0.0,0.0,0.0,0.0,1.7746632,0.0,0.0,0.0,0.0,0.0,0.0,0.0,0.0,0.0,0.0,0.0,5.036423,0.0,0.0,0.0,0.0,0.0,0.0,0.0,0.0,0.9400897,0.0,8.770776,0.0,0.0,0.0,0.0,1.643389,0.0,0.0,4.763852,1.1689727,0.0,0.0,0.0,0.0,0.0,0.0,0.0,0.0,0.0,0.0,0.0
0.0,0.0,0.0,0.0,0.0,0.0,7.591411,0.0,13.27446,0.0,7.495922,0.0,0.0,0.0,0.0,0.0,0.0,0.0,0.0,0.0,0.0,0.0,0.0,0.0,12.265266,0.0,0.0,0.0,0.0,0.0,8.356074,0.0,0.0,0.0,0.0,10.940627,0.0,0.0,0.0,8.311677,0.0,0.0,0.0,0.0,0.0,0.0,0.0,3.822678,0.0,0.0,0.0,0.0,0.0,0.0,0.0,10.608202,0.0,0.0,0.0,0.0,0.0,0.0,0.0,0.0,0.0,0.0,0.0,3.550586,0.0,0.0,0.0,0.0,0.0,0.0,0.0,14.440795,0.0,0.0,0.0,0.0,0.0,0.0,0.0,0.0,15.375518,0.0,0.0,0.0,0.0,0.0,0.0,0.0,0.0,0.0,0.0,0.0,1.5355198,0.0,0.0,0.0,0.0,0.0,0.0,0.0,23.660103,5.786419,0.0,0.0,0.0,0.0,0.0,0.0,0.0,0.0,0.0,0.0,2.8943148,0.0,0.0,0.0,0.0,0.0,6.3476124,0.0,0.0,0.0,0.0,0.0
0.0,0.0,6.357245,2.896447,0.0,0.0,0.0,0.0,4.6180234,0.0,0.0,0.0,0.0,0.0,0.0,0.0,0.39014897,0.0,0.0,1.5863591,0.0,0.0,0.0,8.64622,0.0,0.0,0.0,0.0,0.0,0.0,0.0,0.0,2.3276439,0.0,0.0,0.0,0.0,0.0,3.9213893,0.0,0.0,0.0,0.0,0.0,0.0,0.0,0.0,0.0,0.0,0.0,0.0,0.0,0.0,0.0,0.0,0.0,0.0,0.0,0.0,0.0,0.0,0.0,0.0,0.0,0.0,0.0,0.0,0.0,0.60953015,0.0,0.0,0.0,0.0,0.0,0.0,0.0,8.693291,0.0,0.0,0.0,9.120724,0.0,0.0,0.0,0.0,0.0,0.0,0.96153194,0.0,0.0,0.0,0.0,0.0,0.0,4.0294867,0.0,0.0,0.0,0.0,0.0,0.0,0.0,0.0,0.0,0.0,0.0,0.0,0.0,3.2984335,0.0,0.0,0.0,0.0,0.0,0.0,0.92282295,0.0,0.0,0.0,0.0,0.0,0.0,0.0,0.0,0.0,9.03757,0.0,0.0
0.0,0.0,0.0,0.0,0.0,0.0,1.6686524,0.0,3.0457065,0.0,7.5603213,0.0,0.0,0.0,0.0,0.0,0.0,0.0,0.0,0.0,0.0,0.0,0.0,0.0,4.347355,0.0,3.3834064,0.0,0.0,2.2685297,5.1002727,0.0,0.0,0.0,0.0,0.0,0.0,0.0,0.0,13.231574,0.0,0.0,0.0,0.0,0.0,0.0,0.0,0.0,10.706185,0.0,0.0,3.2341828,0.10144143,0.0,0.0,2.5094328,0.0,0.0,0.0,0.0,0.0,0.0,0.0,0.0,0.0,0.0,0.0,0.0,0.0,0.0,0.0,0.0,0.0,0.0,0.0,5.8472633,0.0,0.0,0.0,0.0,0.0,0.0,0.0,0.0,5.5311637,0.0,0.0,0.0,0.0,0.0,0.0,0.0,0.0,0.0,0.0,0.0,6.913136,0.0,0.0,0.0,0.0,0.0,0.0,0.0,9.601943,7.19206,0.0,6.9905667,0.0,0.0,0.0,0.0,0.0,0.0,0.0,0.0,1.384041,0.0,0.0,0.0,0.0,0.0,3.4118218,0.0,0.0,0.0,0.0,0.0
0.0,0.0,0.0,0.0,0.0,0.0,0.6760348,0.0,0.0,0.0,0.0,0.0,3.1417308,0.0,0.0,0.0,0.047667958,0.0,0.0,0.0,0.0,0.0,0.0,7.4456806,0.0,0.0,0.0,0.0,0.0,0.0,0.0,0.0,3.0125022,0.0,0.0,0.0,0.0,0.0,0.95191985,0.0,0.0,0.0,0.0,0.0,0.0,0.0,0.0,0.0,0.0,0.0,0.0,0.0,0.0,0.0,0.0,0.0,0.0,0.0,0.0,0.0,0.0,0.0,0.0,0.0,0.0,0.0,0.0,0.0,6.529409,0.0,0.0,0.0,0.0,0.0,0.0,0.0,1.7934172,0.0,0.0,0.0,0.16928671,0.0,0.0,0.0,0.0,0.0,0.0,0.0,0.0,0.0,0.0,0.0,0.0,0.0,0.0,0.0,0.0,0.0,0.0,0.0,0.0,0.0,0.5648426,0.0,0.0,0.0,0.0,0.0,0.0,2.3913841,0.0,0.0,0.22219275,0.0,0.0,0.25856695,0.0,0.0,0.0,0.0,0.0,0.0,0.0,0.0,0.0,6.6953497,5.023123,0.0
0.0,0.0,1.5636917,0.0,0.0,0.0,0.0,0.0,0.0,0.0,0.0,0.0,7.2455306,12.762027,0.0,0.0,5.957152,0.0,0.0,8.167237,0.0,0.0,0.0,10.042155,0.0,0.0,0.0,0.0,0.0,0.0,0.0,0.0,9.349467,0.0,0.0,0.0,0.0,0.0,7.1280446,0.0,0.0,0.0,0.0,0.0,0.0,0.0,0.0,0.0,0.0,0.0,0.0,0.0,0.0,0.0,0.0,0.0,0.0,0.0,0.0,0.0,0.0,0.0,0.0,0.0,0.0,0.0,0.0,0.0,0.0,0.0,0.0,0.0,0.0,0.0,0.0,0.0,8.579772,0.0,0.0,0.0,1.248496,0.0,0.0,0.0,0.0,0.0,0.0,9.900188,0.0,3.9326754,0.0,0.0,0.0,0.0,0.0,0.0,1.915308,0.0,0.0,0.0,0.0,0.0,0.0,0.0,0.0,0.0,0.0,0.0,12.193796,0.0,0.0,0.0,0.0,0.0,0.0,0.0,0.0,0.0,0.0,0.0,0.0,0.0,0.0,0.0,0.0,14.093732,0.0,0.0
0.0,0.0,2.5641394,0.0,0.0,0.0,0.0,0.0,1.5947142,0.0,0.0,0.0,1.0045419,4.4274783,0.0,0.0,0.766129,0.0,0.0,2.3758147,0.0,0.0,0.0,5.743201,0.0,0.0,0.0,0.0,0.0,0.0,0.0,0.0,6.3152094,0.0,0.0,0.0,0.0,0.0,7.1575794,0.0,0.0,0.0,0.0,0.0,0.0,0.0,0.0,0.0,0.0,0.0,0.0,0.0,0.0,0.0,0.0,0.0,0.0,0.0,0.0,0.0,0.0,0.0,0.0,0.0,0.0,0.0,0.0,0.0,0.0,0.0,0.0,0.0,0.0,0.0,0.0,0.0,1.2357911,0.0,0.0,0.0,9.323005,0.0,0.0,0.0,0.0,0.0,0.0,5.433708,0.0,0.0,0.0,0.0,0.0,0.0,10.018415,0.0,3.127691,0.0,0.0,0.0,0.0,0.0,0.0,0.0,0.0,0.0,0.0,0.0,9.378238,0.0,0.0,0.0,0.0,0.0,0.0,0.0,0.0,0.0,0.0,0.0,0.0,0.0,0.0,0.0,0.0,8.088631,0.0,0.0
0.0,0.0,0.0,0.0,0.0,0.0,3.9225016,0.0,0.0,0.0,4.662602,0.0,0.0,0.0,0.0,0.0,0.0,0.0,0.0,0.0,0.0,0.0,0.0,0.0,5.1364584,0.0,0.0,0.0,0.0,0.0,1.2002192,0.0,0.0,0.0,0.0,0.0,0.0,0.0,0.0,5.6683607,0.0,0.0,0.0,0.0,1.6298884,0.0,0.0,0.0,0.0,0.0,0.0,8.37432,0.0,0.0,0.0,2.7411463,0.0,0.0,0.0,0.0,0.0,0.0,0.0,0.0,0.0,0.0,0.0,0.0,0.0,0.0,0.0,0.0,0.0,0.0,0.0,0.0,0.0,0.0,0.0,0.0,0.0,0.0,0.0,0.0,7.139061,0.0,0.0,0.0,0.0,0.0,0.0,0.0,1.8443354,0.0,0.0,0.0,7.4281764,0.0,0.0,0.0,0.0,0.0,4.47103,0.0,3.3754592,0.0,1.1332408,5.429327,0.0,0.0,0.0,0.0,6.911147,0.0,0.0,3.378768,0.0,0.0,0.0,0.0,0.0,0.0,2.581324,0.0,0.0,0.0,0.0,0.0
0.0,0.0,0.0,0.0,0.0,0.0,1.1218522,0.0,0.0,0.0,0.0,0.0,3.07444,0.411933,0.0,0.0,0.27806184,0.0,0.0,0.0,0.0,0.6390696,0.0,3.6535408,0.0,0.0,0.0,0.0,0.0,0.0,0.0,0.0,1.6834291,0.0,0.0,0.0,0.0,0.0,2.6996107,0.0,0.0,0.0,0.0,0.0,0.0,0.0,0.0,0.0,0.0,0.0,0.0,0.0,0.0,0.0,0.0,0.0,0.0,0.0,0.0,0.0,0.0,0.0,0.0,0.0,0.0,0.0,0.0,0.0,3.8160522,0.0,0.0,0.0,0.0,0.0,0.0,0.0,3.3671572,0.0,0.0,0.0,0.0,0.0,0.0,0.0,0.0,0.0,0.0,2.0285096,0.0,0.0,0.0,0.0,0.0,0.0,0.0,0.0,0.0,0.0,0.0,0.0,0.0,0.0,1.956908,1.278252,0.0,0.0,0.0,0.0,0.0,3.7352548,0.0,0.0,0.0,0.0,0.0,0.0,0.0,0.0,0.0,0.0,0.0,0.0,0.0,0.0,0.0,7.7188177,5.0669975,0.0
0.0,0.0,0.0,0.0,0.0,0.0,1.9647732,0.0,0.0,0.0,0.0,0.0,0.0,0.0,0.0,0.0,0.0,0.0,0.0,0.0,0.0,0.0,0.0,0.0,3.1865485,0.0,0.0,0.0,0.0,5.217184,9.066409,0.0,0.0,0.0,0.0,0.0,0.0,0.0,0.0,9.27559,0.0,0.0,0.0,0.0,0.0,0.0,4.419366,0.0,3.6517358,0.0,0.0,7.210704,0.7821068,0.0,0.0,0.0,0.0,0.0,0.0,0.0,0.0,0.0,0.0,0.0,0.0,0.0,0.0,0.0,0.0,0.0,0.0,0.0,0.0,0.0,0.0,2.716736,0.0,0.0,0.0,0.0,0.0,0.0,0.0,0.0,7.1217985,0.0,0.0,0.0,0.0,0.0,0.0,2.0822513,0.0,0.0,0.0,0.0,2.662374,0.0,0.0,0.0,0.0,0.0,0.1693354,0.0,7.959559,0.6677678,0.0,15.623416,0.0,0.0,7.103785,0.0,6.2177672,0.0,0.0,0.13068557,0.0,0.0,0.0,0.0,0.0,0.0,0.0,0.0,0.0,0.9805661,0.0,0.0
0.0,0.0,0.0,0.0,0.0,0.0,8.69347,0.0,0.0,0.0,7.7484913,0.0,0.0,0.0,0.0,0.0,0.0,0.0,0.0,0.0,0.0,0.0,0.0,5.1425076,1.9981556,0.0,0.0,0.0,0.0,0.0,0.0,0.0,4.637225,0.0,0.0,0.0,0.0,0.0,0.0,0.0,0.0,0.0,0.0,0.0,0.0,0.0,0.0,0.0,0.0,0.0,0.0,0.0,0.0,0.0,0.0,0.0,0.0,0.0,0.0,0.0,0.0,0.0,0.0,0.0,0.0,0.0,0.0,0.0,9.413575,0.0,0.0,0.0,0.0,0.0,0.0,0.0,0.0,0.0,0.0,0.0,0.0,0.0,0.0,0.0,0.0,0.0,0.0,0.0,0.0,0.0,0.0,0.0,3.1775985,0.0,0.0,0.0,0.0,0.0,0.0,0.0,0.0,0.0,13.615145,0.0,0.0,0.0,0.0,0.0,0.0,0.0,0.0,0.0,0.0,0.0,0.0,3.9434206,0.0,0.0,0.0,0.0,0.0,0.0,0.0,0.0,0.0,6.637536,4.7388883,0.0
0.0,0.0,0.0,0.0,0.0,0.0,14.993714,0.0,0.0,0.0,11.749228,0.0,0.0,0.0,0.0,0.0,0.0,0.0,0.0,0.0,0.0,0.0,0.0,0.0,8.944356,0.0,0.39080906,0.0,0.0,2.405416,1.1361763,0.0,0.0,0.19521351,0.0,0.0,0.0,0.0,0.0,7.895233,0.0,0.0,0.0,0.0,0.0,0.0,0.0,0.0,4.8686213,0.0,0.0,9.482265,0.0,0.0,0.0,9.628321,0.0,0.0,0.0,0.0,0.0,0.0,0.0,0.0,0.0,0.0,0.0,0.0,0.0,0.0,0.0,0.0,0.0,0.0,0.0,0.0,0.0,0.0,0.0,0.0,0.0,0.0,0.0,0.0,10.299745,0.0,0.0,0.0,0.0,0.0,0.0,1.7897247,0.0,0.0,0.0,0.0,4.778973,0.0,0.0,0.0,0.0,0.0,0.0,0.0,3.834013,2.8051124,0.0,8.082968,0.0,0.0,0.0,0.0,7.356233,0.0,0.0,0.0,0.25420618,0.0,0.0,0.0,0.0,0.0,4.6292057,0.0,0.0,0.0,0.0,0.0
0.0,0.0,0.0,0.0,0.0,0.0,1.2439134,0.0,0.34858277,0.0,5.3268113,0.0,0.0,0.0,0.0,0.0,0.0,0.0,0.0,0.0,0.0,0.0,0.0,0.0,6.369111,0.0,4.7606435,0.0,0.0,6.864471,1.2042363,0.0,0.0,0.0,0.0,0.0,0.0,0.0,0.0,9.480028,0.0,0.0,0.0,0.0,0.0,0.0,1.62692,0.0,8.791741,0.0,0.0,2.93036,0.0,0.0,0.0,2.1086166,0.0,0.0,0.0,0.0,0.0,0.0,0.0,0.0,0.0,0.0,0.0,0.0,0.0,0.0,0.0,0.0,0.0,0.0,0.0,2.4182153,0.0,0.0,0.0,0.0,0.0,0.0,0.0,0.0,3.115958,0.0,0.0,0.0,0.0,0.0,0.0,0.50793654,0.0,0.0,0.0,0.0,5.774,0.0,0.0,0.0,0.0,0.0,0.0,0.0,6.311509,1.1624223,0.0,7.281357,0.0,0.0,0.0,0.0,0.5812314,0.0,0.0,0.12255296,2.8871427,0.0,0.0,0.0,0.0,0.0,3.3680325,0.0,0.0,0.0,0.0,0.0
0.0,0.0,0.0,0.0,0.0,1.0399796,6.26707,0.0,0.0,0.0,1.8362788,0.0,0.0,0.0,0.0,0.0,0.0,0.0,0.0,0.0,0.0,0.0,0.0,0.0,4.16458,0.0,0.0,0.0,0.0,0.0,4.4128366,0.0,0.0,1.7203205,0.0,0.0,0.0,0.0,0.0,2.195059,0.0,0.0,0.0,0.0,0.0,0.0,0.0,0.0,0.0,0.0,0.0,5.766266,0.0,0.0,0.0,1.0334656,0.0,0.0,0.0,0.0,0.0,0.0,0.0,0.0,0.0,0.0,0.0,0.0,0.0,0.0,0.0,2.1824496,0.0,0.0,0.0,0.0,0.0,0.0,0.0,0.0,0.0,0.0,0.0,0.0,7.9332824,0.0,0.0,0.0,0.0,0.0,0.0,0.0,4.5514283,0.0,0.0,0.0,3.5343282,0.0,0.0,0.0,0.0,0.0,5.345755,0.0,5.461853,0.0,2.2785351,6.515535,0.0,0.0,0.0,0.0,3.6989913,0.0,0.0,0.49561653,0.0,0.0,0.0,0.0,0.0,0.0,3.1806877,0.0,0.0,0.0,0.0,0.0
0.0,0.0,0.0,0.0,0.0,0.0,0.094017245,0.0,0.0,0.0,0.0,0.0,1.7182236,0.0,0.0,0.0,0.0,0.0,0.0,0.0,0.0,0.0,0.0,4.2126656,0.0,0.0,0.0,0.0,0.0,0.0,0.0,0.0,2.5360665,0.0,0.0,0.0,0.0,0.0,0.51847553,0.0,0.0,0.0,0.0,0.0,0.0,0.0,0.0,0.0,0.0,0.0,0.0,0.0,0.0,0.0,0.0,0.0,0.0,0.0,0.0,0.0,0.0,0.0,0.0,0.0,0.0,0.0,0.0,0.0,4.0453963,0.0,0.0,0.0,0.0,0.0,0.0,0.0,1.3813716,0.0,0.0,0.0,0.025860496,0.0,0.0,0.0,0.0,0.0,0.0,0.0,0.0,0.0,0.0,0.0,0.0,0.0,0.0,0.0,0.0,0.0,0.0,0.0,0.0,0.0,1.317049,0.0,0.0,0.0,0.0,0.0,0.0,0.4321344,0.0,0.0,0.0,0.0,0.0,0.80820465,0.0,0.0,0.0,0.0,0.0,0.0,0.0,0.0,0.0,3.4457445,3.143908,0.0
0.0,0.0,0.0,0.0,0.0,0.0,0.0,0.8493413,0.5818536,0.0,0.1035287,0.0,0.259655,0.0,0.0,0.0,0.0,0.0,0.0,0.0,0.0,0.0,0.0,2.7983959,0.0,0.0,0.0,0.0,0.0,0.0,0.051757414,0.0,0.0,0.0,0.0,1.2811006,0.48959836,0.0,0.0,0.36457363,0.0,0.0,0.0,0.0,0.0,0.0,1.3687296,1.8300289,0.0,0.0,0.0,0.0,0.0,0.0,0.0,0.0,0.0,0.0,0.0,0.0,0.0,0.0,0.0,0.0,0.0,0.0,0.0,0.0,0.0,0.0,0.0,0.0,0.0,0.0,0.0,1.9195505,0.60728,0.0,0.0,0.0,0.43193182,0.2764884,0.0,0.0,0.85838133,0.0,0.0,0.0,0.0,0.0,0.0,0.0,1.2621179,0.0,0.0,0.0,2.4044614,0.0,0.0,0.0,0.0,0.0,0.0,0.0,1.911435,0.0,0.07783715,0.16293584,0.0,0.0,0.0,0.0,1.2034734,0.0,0.0,0.0,1.3253797,0.0,0.0,0.0,0.0,0.0,0.33677617,0.0,0.0,0.0,0.0,0.0
0.0,0.0,0.0,0.0,0.0,0.0,17.92016,0.0,0.0,0.0,26.408836,0.0,0.0,0.0,0.0,0.0,0.0,0.0,0.0,0.0,0.0,0.0,0.0,0.0,10.908391,0.0,1.2708427,0.0,0.0,0.0,9.379248,0.0,0.0,0.0,0.0,0.0,0.0,0.0,0.0,18.050781,0.0,0.0,0.0,0.0,0.0,0.0,0.0,7.7629137,7.8387165,0.0,0.0,8.161148,0.0,0.0,0.0,11.056488,0.0,0.0,0.0,0.0,0.0,0.0,0.0,0.0,0.0,0.0,0.0,0.020918395,0.0,0.0,0.0,0.0,0.0,0.0,0.0,0.0,0.0,0.0,0.0,0.0,0.0,0.0,0.0,0.0,7.9332385,0.0,0.0,0.0,0.0,0.0,0.0,3.2290418,0.0,0.0,0.0,0.0,1.949698,0.0,0.0,0.0,0.0,0.0,4.81206,0.0,16.115826,10.600011,0.0,0.0,0.0,0.0,0.0,0.0,0.0,0.0,0.0,0.0,0.0,0.0,0.0,0.0,0.0,0.0,8.650199,0.0,0.0,0.0,0.0,0.0
0.0,0.0,0.0,0.0,0.0,0.0,0.0,0.0,1.6796767,0.0,6.262114,0.0,0.0,0.0,0.0,0.0,0.0,0.0,0.0,0.0,0.0,0.0,0.0,0.0,3.5059643,0.0,6.7499228,0.0,0.0,4.0168576,9.114529,0.0,0.0,0.0,0.0,0.0,0.0,0.0,0.0,13.340319,0.0,0.0,0.0,0.0,0.0,0.0,0.0,0.0,10.01947,0.0,0.0,4.008869,0.0,0.0,0.0,0.33526987,0.0,0.0,0.0,0.0,0.0,0.0,0.0,0.0,0.0,0.0,0.0,0.0,0.0,0.0,0.0,0.0,0.0,0.0,0.0,1.4945937,0.0,0.0,0.0,0.0,2.699754,0.0,0.0,0.0,0.523356,0.0,0.0,0.0,0.0,0.0,0.0,5.9045887,0.0,0.0,0.0,0.0,9.300899,0.0,0.0,0.0,0.0,0.0,1.1463182,0.0,5.2786255,0.0,0.0,4.7723017,0.0,0.0,0.0,0.0,2.8107662,0.0,0.0,3.0248244,0.0,0.0,0.0,0.0,0.0,0.0,0.0,0.0,0.0,0.0,0.0,0.0
1.0253273,0.0,0.24847522,0.016872644,0.0,0.014877944,0.74369043,0.0,0.0,0.0,1.6242486,0.0,0.0,0.0,0.0,0.0,0.0,0.0,0.0,0.0,0.0,0.0,0.0,0.8661396,0.0,0.0,0.0,0.0,0.0,0.40344095,0.0,0.0,0.0,0.07918725,0.0,0.0,0.7368737,0.0,0.46799076,0.0,0.0,0.0,0.0,0.0,1.1061932,0.0,0.0,0.0,0.0,0.0,0.0,1.5916774,0.0,0.0,0.0,0.0,0.0,0.0,0.0,0.0,0.0,0.0,0.0,0.0,0.0,0.0,0.0,0.0,0.8653587,0.0,0.0,0.0,0.0,0.0,0.0,0.0,2.1757703,0.0,0.0,0.0,0.0,0.0,0.0,0.0,0.0,0.0,0.0,0.0,0.0,0.0,0.0,0.0,0.0,0.0,0.0,0.0,0.0,0.0,0.0,0.0,0.0,0.0,0.0,0.0,0.0,0.0,0.0,0.0,0.0,0.0,0.0,0.0,0.75790983,0.0,0.0,1.1926075,0.0,0.0,0.0,0.0,0.0,0.0,0.0,0.0,0.0,1.145324,1.1469966,0.0
0.0,0.0,0.0,0.0,0.0,0.0,0.0,7.3640027,0.97827035,0.0,0.0,0.0,6.3477902,0.0,0.0,0.0,0.0,0.0,0.0,0.0,0.0,0.0,0.0,6.0831723,4.589589,0.0,0.0,0.0,0.0,0.0,0.0,0.0,0.0,0.0,0.0,8.32668,0.0,0.0,0.0,5.9823303,0.0,0.0,0.0,0.0,0.0,0.0,0.0,6.4035916,0.0,0.0,0.0,0.0,0.0,0.0,0.0,0.0,0.0,0.0,0.0,0.0,0.0,0.0,0.0,0.0,0.0,0.0,0.0,0.0,0.0,0.0,0.0,0.0,0.0,0.0,0.0,4.6918144,0.0,0.0,0.0,0.0,9.26694,0.0,0.0,0.0,3.7288065,0.0,0.0,0.0,0.0,0.0,0.0,0.0,1.9568676,0.0,0.0,0.0,17.29033,0.0,0.0,0.0,0.0,0.0,4.421765,0.0,3.4735606,0.0,2.9991162,0.0,0.0,0.0,0.0,0.0,2.4440482,0.0,0.0,0.0,0.0,0.0,0.0,0.0,0.0,0.0,6.04243,0.0,0.0,0.0,0.0,0.0
0.0,0.0,0.0,6.901646,0.0,0.0,0.0,0.0,10.691235,0.0,3.0663676,0.0,0.0,0.0,0.0,0.0,0.0,0.0,0.0,0.0,0.0,1.8339136,5.5575423,6.216743,0.0,0.0,0.0,0.0,0.0,7.341962,1.1805061,0.0,0.0,0.0,0.0,0.0,5.723178,0.0,3.5512638,0.0,0.0,0.0,0.0,0.0,0.0,0.0,0.0,0.0,0.833109,0.0,0.0,0.0,0.0,0.0,0.0,0.0,0.0,0.0,0.0,0.0,0.0,0.0,0.0,0.0,0.0,0.0,0.0,0.0,0.0,0.0,0.0,0.0,0.0,0.0,0.0,4.120108,0.5861648,0.0,0.0,0.0,0.0,0.0,0.0,0.0,9.869206,0.0,0.0,0.0,0.0,0.0,0.6621464,0.0,0.6990053,0.0,0.0,0.0,7.378939,0.0,0.0,0.0,0.0,0.0,0.0,0.0,7.065313,8.685889,0.0,2.3637753,0.0,0.0,0.0,0.0,2.7612967,0.0,0.0,0.0,2.0652845,0.0,0.0,0.0,0.0,0.0,9.686707,0.0,0.0,1.0557225,0.0,0.0
0.0,0.0,0.0,0.0,0.0,0.0,0.0,0.0,5.844152,0.0,0.0,0.0,0.0,0.0,0.0,0.0,0.0,0.0,0.0,0.0,0.0,0.0,0.0,2.3208473,6.048797,0.0,0.0,0.0,0.0,0.0,5.1786656,0.0,0.0,0.0,0.0,4.3422647,0.0,0.0,0.0,2.4179509,0.0,0.0,0.0,0.0,0.0,0.0,0.0,3.0473704,0.0,0.0,0.0,0.048379533,0.0,0.0,0.0,1.947458,0.0,0.0,0.0,0.0,0.0,0.0,0.0,0.0,0.0,0.0,0.0,0.0,0.0,0.0,0.0,0.0,0.0,0.0,0.0,16.464752,0.0,0.0,0.0,0.0,2.604283,0.0,0.0,0.0,14.96959,0.0,0.0,0.0,0.0,0.0,0.0,0.0,7.335578,0.0,0.0,0.0,15.831582,0.0,0.0,0.0,0.0,0.0,0.0,0.0,18.330845,0.0,0.0,0.0,0.0,0.0,0.0,0.0,0.0,0.0,0.0,0.0,2.371585,0.0,0.0,0.0,0.0,0.0,11.333433,0.0,0.0,0.0,0.0,0.0
0.0,0.0,0.4998994,0.0,0.0,0.0,0.0,0.0,0.0,0.0,0.0,0.0,0.0,12.944802,0.0,0.0,2.9201162,0.0,0.0,8.528021,0.0,0.0,0.0,4.713459,0.0,0.0,0.0,0.0,0.0,0.0,0.0,0.0,8.658004,0.0,0.0,0.0,0.0,0.0,8.339535,0.0,0.0,0.0,0.0,0.0,0.0,0.0,0.0,0.0,0.0,0.0,0.0,0.0,0.0,0.0,0.0,0.0,0.0,0.0,0.0,0.0,0.0,0.0,0.0,0.0,0.0,0.0,0.0,0.0,0.0,0.0,0.0,0.0,0.0,0.0,0.0,0.0,2.0466125,0.0,0.0,0.0,9.449902,0.0,0.0,0.0,0.0,0.0,0.0,4.186605,0.0,0.0,0.0,0.0,0.0,0.0,4.9827604,0.0,0.0,0.0,0.0,0.0,0.0,0.0,5.132423,0.0,0.0,0.0,0.0,0.0,5.4265475,0.0,0.0,0.0,0.0,0.0,0.0,0.0,0.0,0.0,0.0,0.0,0.0,0.0,0.0,0.0,0.0,13.087635,0.0,0.0
0.0,0.0,0.0,1.889469,0.0,0.0,0.0,0.0,4.354787,0.0,5.019249,0.0,0.0,0.0,0.0,0.0,0.0,0.0,0.0,0.0,0.0,0.0,4.224538,3.2539697,0.0,0.0,0.0,0.0,0.0,5.26161,0.0,0.0,0.0,0.0,0.0,0.0,4.0433025,0.0,0.43009114,3.2524045,0.0,0.0,0.0,0.0,0.0,0.0,0.0,0.0,0.60315263,0.0,0.0,0.09531319,0.0,0.0,0.0,0.0,0.0,0.0,0.0,0.0,0.0,0.0,0.0,0.0,0.0,0.0,0.0,0.0,0.0,0.0,0.0,0.0,0.0,0.0,0.0,0.0,1.9717894,0.0,0.0,0.0,0.0,0.0,0.0,0.0,5.1510763,0.0,0.0,0.0,0.0,0.0,0.0,0.0,0.0,0.0,0.0,0.0,5.295145,0.0,0.0,0.0,0.0,0.0,0.0,0.0,1.1390561,3.9662602,0.29260108,1.4375494,0.0,0.0,0.0,0.0,3.9320667,0.0,0.0,0.0,3.7292707,0.0,0.0,0.0,0.0,0.0,3.0451317,0.0,0.0,0.0,1.5212202,0.0
0.0,0.0,0.0,0.0,0.0,0.0,0.0,0.0,0.010125849,0.0,8.530742,0.0,0.0,0.0,0.0,0.0,0.0,0.0,0.0,0.0,0.0,0.0,0.0,0.0,0.0,0.0,5.162823,0.0,0.0,1.2865273,1.8514347,0.0,0.0,0.0,0.0,0.0,0.0,0.0,0.0,13.015169,0.0,0.0,0.0,0.0,0.0,0.0,0.0,0.0,13.437956,0.0,0.0,0.8877246,0.0,0.0,0.0,0.0,0.0,0.0,0.0,0.0,0.0,0.0,0.0,0.0,0.0,0.0,0.0,0.0,0.0,0.0,0.0,0.0,0.0,0.0,0.0,0.0,0.0,0.0,0.0,0.0,1.6137604,0.0,0.0,0.0,2.7123969,0.0,0.0,0.0,0.0,0.0,0.0,1.0990142,0.0,0.0,0.0,0.0,15.232672,0.0,0.0,0.0,0.0,0.0,0.0,0.0,0.0,0.0,0.0,2.234082,0.0,0.0,0.0,0.0,0.0,0.0,0.0,1.2098597,0.35790733,0.0,0.0,0.0,0.0,0.0,5.0462894,0.0,0.0,0.0,0.0,0.0
0.0,0.0,0.0,0.0,0.0,0.0,0.0,0.0,22.561214,0.0,2.0078692,0.0,0.0,0.0,0.0,0.0,3.077152,0.0,0.0,0.0,0.0,0.0,0.0,0.0,9.796024,0.0,6.6671867,0.0,0.0,0.0,1.6209013,0.0,0.0,0.0,0.0,8.9949045,0.0,0.0,0.0,12.588474,0.0,0.0,0.0,0.0,0.0,0.0,0.0,7.492515,4.510259,0.0,0.0,0.0,0.0,0.0,0.0,7.904371,0.0,0.0,0.0,0.0,0.0,0.0,0.0,0.0,0.0,0.0,0.0,0.0,0.0,0.0,0.0,0.0,0.0,0.0,0.0,15.390299,0.0,0.0,0.0,0.0,3.208726,0.0,0.0,0.0,9.355478,0.0,0.0,0.0,0.0,0.0,0.0,0.0,0.0,0.0,0.0,0.0,19.398018,0.0,0.0,0.0,0.0,0.0,0.0,0.0,17.559921,0.0,0.0,0.0,0.0,0.0,0.0,0.0,0.0,0.0,0.0,0.0,8.199285,0.0,0.0,0.0,0.0,0.0,12.604561,0.0,0.0,0.0,0.0,0.0
0.0,0.0,0.0,0.0,0.0,0.0,0.0,0.0,1.0645949,0.0,0.0,0.0,8.9004345,1.2767198,0.0,0.0,0.0,0.0,0.0,0.0,0.0,0.0,0.0,9.393376,0.0,0.0,0.0,0.0,0.0,0.0,0.6369149,0.0,2.6573253,0.0,0.0,0.0,0.0,0.0,0.0,0.0,0.0,0.0,0.0,0.0,0.0,0.0,3.9319093,0.0,0.0,0.0,0.0,0.0,0.0,0.0,0.0,0.0,0.0,0.0,0.0,0.0,0.0,0.0,0.0,0.0,0.0,0.0,0.0,0.0,4.529509,0.0,0.0,0.0,0.0,0.0,0.0,0.0,0.9260632,0.0,0.0,0.0,12.267064,0.0,0.0,0.0,0.0,0.0,0.0,0.35269377,0.0,0.0,0.0,0.0,0.0,0.0,0.0,0.0,2.578694,0.0,0.0,0.0,0.0,0.0,0.0,0.0,0.0,0.0,0.0,0.0,4.6589084,0.0,0.0,0.0,0.0,0.0,0.0,1.1901648,0.0,0.0,0.0,0.0,0.0,0.0,0.0,0.0,0.0,11.4352045,0.0,0.0
0.0,0.0,0.0,0.0,0.0,2.0195248,5.803706,0.0,0.0,0.0,3.550888,0.0,0.0,0.0,0.0,0.0,0.0,0.0,0.0,0.0,0.0,0.0,0.0,0.0,0.0,0.0,0.0,0.0,0.0,0.0,0.0,0.0,0.0,0.19307016,0.0,0.0,1.5840869,1.3536375,0.0,2.6294537,0.0,0.0,0.0,0.0,0.0,0.0,0.0,0.24410862,0.0,0.0,0.0,4.6439514,0.0,0.0,0.0,0.0,0.0,0.0,0.0,0.0,0.0,0.0,0.0,0.0,0.0,0.0,0.0,0.0,0.0,0.0,0.0,0.0,0.0,0.0,0.0,0.0,0.10833424,0.0,0.0,0.0,0.0,0.0,0.0,0.0,4.342352,0.0,0.0,0.0,0.0,0.0,0.0,0.0,0.45077062,0.0,0.0,0.0,3.4802654,0.0,0.0,0.0,0.0,0.0,1.3125212,0.48514023,0.8556329,0.5604642,1.2437916,2.9279697,0.0,0.0,0.0,0.0,0.56198186,0.0,0.0,1.7516165,0.45750025,0.0,0.0,0.0,0.0,0.0,1.953665,0.0,0.0,0.0,0.841157,0.0
0.0,0.0,0.0,0.0,0.0,0.0,9.031266,0.0,0.0,0.10870947,10.185484,0.0,0.0,0.0,0.0,0.0,0.0,0.0,0.0,0.0,0.0,0.0,0.0,0.0,11.956235,0.0,0.15684818,0.0,0.0,0.0,8.044826,0.0,0.0,4.2960234,0.0,4.7617326,0.0,0.0,0.0,7.8855877,0.0,0.0,0.0,0.0,0.0,0.0,0.0,6.677432,0.0,0.0,0.0,3.8909774,0.0,0.0,0.0,5.6030445,0.0,0.0,0.0,0.0,0.0,0.0,0.0,0.0,0.0,0.0,0.0,0.0,0.0,0.0,0.0,0.0,0.0,0.0,0.0,0.0,0.0,0.0,0.0,0.0,0.0,0.0,0.0,0.0,9.751538,0.0,0.0,0.0,0.0,0.0,0.0,2.639708,0.0,0.0,0.0,0.0,1.1989353,0.0,0.0,0.0,0.0,0.0,10.951499,0.0,13.611973,0.0,3.009658,0.0,0.0,0.0,0.0,0.0,0.0,0.0,0.0,0.0,0.0,0.0,0.0,0.0,0.0,0.0,10.291125,0.0,0.0,0.0,0.0,0.0
0.0,0.0,0.0,0.0,0.0,0.0,6.538199,0.0,0.0,0.0,8.329911,0.0,0.0,0.0,0.0,0.0,0.0,0.0,0.0,0.0,0.0,0.0,0.0,0.0,2.9094634,0.0,0.0,0.0,0.0,0.0,0.0,0.0,0.0,0.65521276,0.0,0.0,0.0,0.0,0.0,1.4661448,0.0,0.0,0.0,0.0,1.1126744,0.0,0.0,0.35453323,0.53006613,0.0,0.0,3.217255,0.0,0.0,0.0,2.5482657,0.0,0.0,0.0,0.0,0.0,0.0,0.0,0.0,0.0,0.0,0.0,0.0,0.0,0.0,0.0,0.0,0.0,0.0,0.0,0.0,0.0,0.0,0.0,0.0,0.0,0.0,0.0,0.0,2.4493308,0.0,0.0,0.0,0.0,0.0,0.0,0.20504996,0.0,0.0,0.0,0.0,0.3573087,0.0,0.0,0.0,0.0,0.0,1.2678268,0.0,0.32101825,0.0,0.55014926,0.0,0.0,0.0,0.0,0.0,1.228512,0.0,0.0,0.20300193,0.0,0.0,0.0,0.0,0.0,0.0,3.7449687,0.0,0.0,0.0,0.0,0.0
0.0,0.0,0.0,0.0,0.0,0.0,0.0,0.0,3.2585673,0.0,0.0,0.0,0.0049674585,0.0,0.0,0.0,0.0,0.0,0.0,0.0,0.0,0.0,0.0,2.9689357,4.0455503,0.0,0.0,0.0,0.0,0.0,0.0,0.0,0.0,0.0,0.0,7.543077,0.0,0.0,0.0,2.4200184,0.0,0.0,0.0,0.0,0.0,0.0,0.0,0.2978427,0.0,0.0,0.0,0.0,0.0,0.0,0.0,0.0,0.0,0.0,0.0,1.3671404,0.0,0.0,0.0,0.0,0.0,0.0,0.0,0.0,0.0,0.0,0.0,0.0,0.0,0.0,0.0,0.65355766,2.5195496,0.0,0.0,0.0,0.0,0.0,0.0,0.0,7.878405,0.0,0.0,0.0,0.0,0.0,0.0,0.0,4.000666,0.0,0.0,0.0,11.525993,0.0,0.0,0.0,0.0,0.0,0.0,0.0,0.0,0.0,1.4251307,0.9516681,0.0,0.0,0.0,0.0,0.6043514,0.0,0.0,0.0,5.5975738,0.0,0.0,0.0,0.0,0.0,5.499493,0.0,0.0,0.0,0.0,0.0
0.44492188,0.0,0.0,0.0,0.0,0.0,1.9086564,0.0,0.0,0.0,4.680841,0.0,0.0,0.0,0.0,0.0,0.0,0.0,0.0,0.0,0.0,0.0,0.0,0.0,1.2683821,0.0,0.62886727,0.0,0.0,1.9393473,0.0,0.0,0.0,0.0,0.0,0.0,0.0,1.5029128,0.0,2.140583,0.0,0.0,0.0,0.0,0.0,0.0,1.0740503,0.0,3.831127,0.0,0.0,1.8994573,0.0,0.0,0.0,0.18660043,0.0,0.0,0.0,0.0,0.0,0.0,0.0,0.0,0.0,0.0,0.0,0.0,0.0,0.0,0.0,0.0,0.0,0.0,0.0,0.0,0.0,0.0,0.0,0.0,0.0,0.0,0.0,0.0,0.3566936,0.0,0.0,0.0,0.0,0.0,0.0,0.0,0.0,0.0,0.0,0.0,1.4661179,0.0,0.0,0.0,0.0,0.0,0.0,0.0,1.2978827,1.5568634,0.0,1.4861169,0.0,0.0,0.0,0.0,0.0,0.0,0.0,0.0,1.8052201,0.0,0.0,0.0,0.0,0.0,2.7846665,0.0,0.0,0.0,0.0,0.0
0.0,0.0,0.0,0.0,0.0,0.0,6.0259213,0.0,0.0,0.0,0.0,0.0,1.2185463,0.0,0.0,0.0,0.0,0.0,0.0,0.0,0.0,0.0,0.0,1.261125,0.86507,0.0,0.0,0.0,0.0,0.0,0.0,0.0,0.0,0.0,0.0,0.0,1.2177526,0.0,1.1065744,0.0,0.0,0.0,0.0,0.0,0.0,0.0,0.0,0.0,0.0,0.0,0.0,0.0,0.0,0.0,0.0,0.0,0.0,0.0,0.0,0.0,0.0,0.0,0.0,0.0,0.0,0.0,0.0,0.0,3.5560174,0.0,0.0,3.3226364,0.0,0.0,0.0,0.0,0.0,0.0,0.0,0.0,0.0,0.0,0.0,0.0,1.1645219,0.0,0.0,0.6389314,0.0,0.0,0.0,0.0,0.85767937,0.0,0.0,0.0,0.0,0.0,0.0,0.0,0.0,0.0,3.3746707,3.6606524,0.0,0.0,0.0,0.0,0.0,0.41766557,0.0,0.3567895,0.0,0.0,0.0,0.0,0.0,0.0,0.0,3.5217357,0.0,0.0,1.279576,0.0,0.0,1.2658541,0.9604359,0.0
0.0,0.0,0.0,0.0,0.0,0.0,0.0,0.0,12.334048,0.0,0.0,0.0,0.0,0.0,0.0,0.0,0.0,0.0,0.0,0.0,0.0,0.0,0.0,4.1219454,0.07276425,0.0,0.0,0.0,0.0,12.3147135,1.3935248,0.0,0.0,0.0,0.0,5.0504518,0.0,0.0,0.0,7.441507,0.0,0.0,0.0,0.0,0.0,0.0,0.0,0.0,4.059834,0.0,0.0,0.0,0.0,0.0,0.0,0.0,0.0,0.0,0.0,1.2794764,0.0,0.0,0.0,0.0,0.0,0.0,0.0,0.0,0.0,0.0,0.0,0.0,0.0,0.0,0.0,10.893786,0.0,0.0,0.0,0.0,10.721312,0.0,0.0,0.0,12.690598,0.0,0.0,0.0,0.0,0.0,0.0,0.0,0.0,0.0,0.0,0.0,17.658918,0.0,0.0,0.0,0.0,0.0,0.0,0.0,8.919992,0.0,0.0,1.3969418,0.0,0.0,0.0,0.0,5.3519344,0.0,0.0,0.0,4.3028574,0.0,0.0,0.0,0.0,0.0,2.0116875,0.0,0.0,0.2269066,0.0,0.0
0.0,0.0,3.4611151,0.0,0.0,0.0,0.0,0.0,0.0,0.0,6.4091425,0.0,0.0,0.0,0.0,0.0,0.0,0.0,0.0,0.0,0.0,0.0,0.0,0.0,2.1492572,0.0,0.0,0.0,0.0,0.0,1.0690677,0.0,0.82864785,0.0,0.0,0.0,0.0,0.0,0.0,6.3394427,0.0,0.0,0.0,0.0,3.5300016,0.0,1.0974529,3.0565982,0.0,0.0,0.0,0.0,0.0,0.0,0.0,0.0,0.0,0.0,0.0,0.0,0.0,0.0,0.0,0.0,0.0,0.0,0.0,0.0,0.0,0.0,0.0,0.0,0.0,0.0,0.0,0.0,0.8263101,0.0,0.0,0.0,4.8260303,0.0,0.0,0.0,0.0,0.0,0.0,0.0,0.0,0.0,0.0,0.0,0.0,0.0,0.0,0.0,2.1736827,0.0,0.0,0.0,0.0,0.0,1.7031016,0.0,0.0,0.0,0.0,0.0,0.0,0.0,1.3529806,0.0,0.9043561,0.0,0.0,7.625912,0.0,0.0,0.0,0.0,0.0,0.0,0.0,0.0,0.0,0.0,0.0,0.0
0.0,0.0,0.0,0.0,0.0,0.0,6.060483,0.0,0.0,0.0,5.1780977,0.0,0.0,0.0,0.0,0.0,0.0,0.0,0.0,0.0,0.0,0.0,0.0,0.0,3.2046168,0.0,0.0,0.0,0.0,0.0,0.0,0.0,0.0,0.098076224,0.0,0.0,0.0,0.0,0.0,3.0328803,0.0,0.0,0.0,0.0,0.51081866,0.0,0.0,0.13367215,0.0,0.0,0.0,3.8199081,0.0,0.0,0.0,0.5840856,0.0,0.0,0.0,0.0,0.0,0.0,0.0,0.0,0.0,0.0,0.0,0.0,0.0,0.0,0.0,0.0,0.0,0.0,0.0,0.0,0.0,0.0,0.0,0.0,0.0,0.0,0.0,0.0,2.637293,0.0,0.0,0.0,0.0,0.0,0.0,0.0,0.0,0.0,0.0,0.0,0.8730056,0.0,0.0,0.0,0.0,0.0,3.5273526,0.0,0.0,0.0,0.56089747,1.8772424,0.0,0.0,0.0,0.0,1.070379,0.0,0.0,2.8224807,0.0,0.0,0.0,0.0,0.0,0.0,0.31892002,0.0,0.0,0.0,0.07836066,0.0
0.0,0.0,0.0,0.0,0.0,0.0,2.6910717,0.0,0.0,0.0,4.7014666,0.0,0.0,0.0,0.0,0.0,0.0,0.0,0.0,0.0,0.0,0.0,0.0,0.0,6.6310015,0.0,0.5171997,0.0,0.0,0.8272189,0.0,0.0,0.0,0.9489832,0.0,0.26343828,0.0,0.0,0.0,6.416256,0.0,0.0,0.0,0.0,0.0,0.0,0.0,0.0,5.0809817,0.0,0.0,0.9244608,0.0,0.0,0.0,0.0,0.0,0.0,0.0,0.0,0.0,0.0,0.0,0.0,0.0,0.0,0.0,0.0,0.0,0.0,0.0,0.0,0.0,0.0,0.0,0.0,0.0,0.0,0.0,0.0,0.0,0.0,0.0,0.0,9.123352,0.0,0.0,0.0,0.0,0.0,0.0,0.0,3.875261,0.0,0.0,0.0,10.937063,0.0,0.0,0.0,0.0,0.0,0.0,0.0,0.40092346,0.0,0.0,2.4537966,0.0,0.0,0.0,0.0,0.0,0.0,0.0,0.0,5.886116,0.0,0.0,0.0,0.0,0.0,13.105569,0.0,0.0,0.0,0.0,0.0
0.0,0.0,0.0,0.0,0.0,0.0,7.651512,0.0,0.0,0.0,13.984782,0.0,0.0,0.0,0.0,0.0,0.0,0.0,0.0,0.0,0.0,0.0,0.0,0.0,7.912014,0.0,0.0,0.0,0.0,0.0,0.0,0.0,0.0,6.612681,0.0,0.0,0.0,0.0,3.0479395,0.79925054,0.0,0.0,0.0,0.0,0.0,0.0,0.0,2.9845848,0.0,0.0,0.0,0.895965,0.0,0.0,0.0,1.0070344,0.0,0.0,0.0,0.0,0.0,0.0,0.0,0.0,0.0,0.0,0.0,0.0,0.0,0.0,0.0,0.0,0.0,0.0,0.0,0.0,0.0,0.0,0.0,0.0,0.0,0.0,0.0,0.0,7.4297533,0.0,0.0,0.0,0.0,0.0,0.0,0.0,3.3497949,0.0,0.0,0.0,4.9219036,0.0,0.0,0.0,0.0,0.0,5.314737,0.0,1.66382,0.0,8.208539,0.0,0.0,0.0,0.0,0.0,0.0,0.0,0.0,0.0,0.90320444,0.0,0.0,0.0,0.0,0.0,16.01729,0.0,0.0,0.0,0.0,0.0
3.2495036,0.0,5.542177,1.8488967,0.0,0.0,0.0,0.0,0.5147369,0.0,0.5442817,0.0,2.5176945,0.0,0.0,0.0,0.0,0.0,0.0,0.0,0.0,0.9110908,0.0,5.3845057,0.0,0.0,0.0,0.0,0.0,0.0,0.0,0.0,3.0064087,0.0,0.0,0.0,0.0,0.0,0.3913655,0.0,0.0,0.0,0.0,0.0,0.0,0.0,0.17686042,0.22289765,0.0,0.0,0.0,0.0,0.0,0.0,0.0,0.0,0.0,0.0,0.0,0.0,0.0,0.0,0.0,0.0,0.0,0.0,0.0,0.0,4.9428964,0.0,0.0,0.0,0.0,0.0,0.0,0.0,7.2831407,0.0,0.0,0.0,0.0,0.0,0.0,0.0,0.0,0.0,0.0,3.3685255,0.0,0.0,0.0,0.0,0.0,0.0,8.839996,0.0,0.0,0.0,0.0,0.0,0.0,0.0,0.0,0.0,0.0,0.0,0.0,0.0,9.710796,0.0,0.0,0.0,0.0,0.0,0.0,5.0117006,0.0,0.0,0.0,0.0,0.0,0.0,0.0,0.0,0.0,2.3808596,0.0,0.0
0.0,0.0,10.67686,0.0,0.0,0.0,0.0,0.0,0.0,0.0,1.9067414,0.0,2.6874402,7.79163,0.0,0.0,0.0,0.0,0.0,0.0,0.0,0.0,0.0,0.0,1.9606844,0.0,0.0,0.0,0.0,0.0,0.0,0.0,1.7402676,0.0,0.0,0.0,0.0,0.0,0.0,0.0,0.0,0.0,0.0,0.0,0.0,0.0,0.0,7.652618,0.0,0.0,0.0,0.0,0.0,0.0,0.0,0.0,0.0,0.0,0.0,0.0,0.0,0.0,0.0,0.0,0.0,0.0,0.0,0.0,0.0,0.0,0.0,0.0,0.0,0.0,0.0,0.0,0.0,0.0,0.0,0.0,2.2347362,0.0,0.0,0.0,0.0,0.0,0.0,5.7144194,7.530045,0.0,0.0,0.0,0.0,0.0,3.6855924,0.03293252,0.0,0.0,0.0,0.0,0.0,0.0,8.600508,0.0,0.0,0.0,0.0,0.0,3.5192468,0.0,4.621798,0.0,0.0,0.0,0.0,7.903994,3.8471205,0.0,0.0,0.0,0.0,0.0,0.0,0.0,0.0,0.0,0.0,0.0
0.0,0.0,1.8683784,0.0,0.0,0.0,0.0,0.0,0.0,0.0,0.0,0.0,2.1049006,22.575037,0.0,0.0,7.73839,0.0,0.0,11.291311,0.0,0.0,0.0,8.575689,0.0,0.0,0.0,0.0,0.0,0.0,0.0,0.0,0.0,0.0,0.0,0.0,0.0,0.0,0.0,0.0,0.0,0.0,0.0,0.0,0.0,0.0,0.0,0.0,0.0,0.0,0.0,0.0,0.0,0.0,0.0,0.0,0.0,0.0,0.0,8.647241,0.0,0.0,0.0,0.0,0.0,0.0,0.0,0.0,0.0,0.0,0.0,0.0,0.0,0.0,0.0,0.0,4.587053,7.8037047,0.0,0.0,0.0,0.0,0.0,0.0,0.0,0.0,0.0,12.978128,0.0,11.546834,0.0,4.7394876,0.0,0.0,0.0,0.0,0.0,0.0,0.0,0.0,0.0,0.0,7.5946603,0.7184235,0.0,0.0,0.0,0.0,1.6883069,0.0,0.0,0.0,0.0,0.0,0.0,0.0,0.0,0.0,0.0,0.0,0.0,0.0,0.0,0.0,0.0,0.0,0.0,0.0
0.0,0.0,0.0,0.0,0.0,0.0,4.953568,0.0,5.738826,0.0,11.434034,0.0,0.0,0.0,0.0,0.0,0.0,0.0,0.0,0.0,0.0,0.0,0.0,0.0,0.9805607,0.0,0.52739125,0.0,0.0,2.0835881,1.8104426,0.0,0.0,0.0,0.0,0.0,0.0,0.0,0.0,11.28918,0.0,0.0,0.0,0.0,0.0,0.0,0.0,0.0,6.9171224,0.0,0.0,3.7812681,0.0,0.0,0.0,4.5487413,0.0,0.0,0.0,0.0,0.0,0.0,0.0,0.0,0.0,0.0,0.0,0.0,0.0,0.0,0.0,0.0,0.0,0.0,0.0,1.2643994,0.0,0.0,0.0,0.0,0.0,0.0,0.0,0.0,6.616597,0.0,0.0,0.0,0.0,0.0,0.0,0.35372597,0.0,0.0,0.0,0.0,7.139086,0.0,0.0,0.0,0.0,0.0,0.0,0.0,6.1531124,9.515172,0.0,5.0615716,0.0,0.0,0.0,0.0,2.4027307,0.0,0.0,0.0,2.4509394,0.0,0.0,0.0,0.0,0.0,1.3030145,0.0,0.0,0.0,0.17638065,0.0
0.0,0.0,0.0,0.0,0.0,0.0,0.0,1.6491885,0.0,0.0,0.0,0.0,1.6149783,0.0,0.0,0.0,0.0,0.0,0.0,0.0,0.0,0.0,0.0,0.047999993,3.9885855,0.0,0.0,0.0,0.0,0.0,0.0,0.0,0.10284661,1.4091933,0.0,0.004625094,0.0,0.0,0.0,1.416025,0.0,0.0,0.0,0.0,0.0,0.0,0.0,0.2780051,0.0,0.0,0.0,0.0,0.0,0.0,0.0,0.34641194,0.0,0.0,0.0,0.0,0.0,0.0,0.0,0.0,0.0,0.0,0.0,0.0,2.775993,0.0,0.0,0.0,0.0,0.0,0.0,0.0,0.0,0.0,0.0,0.0,3.5160007,0.0,0.0,0.0,0.0,0.0,0.0,0.0,0.0,0.0,0.0,0.9856041,1.1947601,0.0,0.0,0.0,0.92835575,0.0,0.0,0.0,0.0,0.0,2.5469997,0.0,0.0,0.0,0.0,0.0,0.0,0.0,0.104758,0.0,2.3572447,0.0,0.0,2.324788,0.0,0.0,0.0,0.0,0.0,0.0,0.5374679,0.0,0.0,0.0,0.0,0.0
0.0,0.0,0.0,0.0,0.0,0.0,0.0,0.20193334,0.0,0.0,0.0,0.0,3.6382544,0.0,0.0,0.0,0.0,0.0,0.0,0.0,0.0,0.0,0.0,0.4731335,6.030845,0.0,2.7071333,0.0,0.0,5.0089335,0.0,0.0,0.0,0.0,0.0,5.089581,0.0,0.0,0.0,3.955217,0.0,0.0,0.0,0.0,0.0,0.0,6.2051783,0.0,1.1139089,0.0,0.0,0.0,0.0,0.0,0.0,0.0,0.0,0.0,0.0,3.088217,0.0,0.0,0.0,0.0,0.0,0.0,0.0,0.0,0.0,0.0,0.0,0.0,0.0,0.0,0.0,5.0793033,0.76771885,0.0,0.0,0.0,9.722643,0.0,0.0,0.0,2.9122896,0.0,0.0,0.91734964,0.0,0.0,0.0,4.117389,0.007823512,0.0,0.0,0.0,9.213309,0.0,0.0,0.0,0.0,0.0,0.6931346,0.0,1.087805,0.0,0.0,0.0,0.0,0.0,0.0,0.0,5.192346,0.0,0.0,0.21824014,0.0,0.0,0.0,0.0,0.0,0.0,2.5938156,0.0,0.0,0.0,0.0,0.0
0.0,2.253975,0.0,0.0,0.0,0.0,0.0,0.0,8.736855,0.0,2.0658982,0.0,0.0,0.0,0.0,0.0,0.0,0.0,0.0,0.0,0.0,0.0,0.0,4.32571,4.8184853,0.0,0.0,0.0,0.0,3.2877116,1.2332445,0.0,0.0,0.0,0.0,2.4724493,0.0,0.0,0.0,3.417278,0.0,0.0,0.0,0.0,0.0,0.0,0.0,0.7833219,0.0,0.0,0.0,0.0,0.0,0.0,0.0,4.912621,0.0,0.0,0.0,0.0,0.0,0.0,0.0,0.0,0.0,0.0,0.0,0.0,0.0,0.0,0.0,0.0,0.0,0.0,0.0,10.20371,0.0,0.0,0.0,0.0,1.0612458,0.0,0.0,0.0,6.8922687,0.0,0.0,0.0,0.0,0.0,0.0,0.0,0.7119655,0.0,0.0,0.0,5.9403086,0.0,0.0,0.0,0.0,0.0,0.0,0.0,12.000815,0.0062575936,0.0,0.0,0.0,0.0,0.0,0.0,4.3716307,0.0,0.0,0.0,3.7822378,0.0,0.0,0.0,0.0,0.0,2.5606809,0.0,0.0,0.0,0.0,0.0
0.0,0.0,0.0,0.0,0.0,0.0,3.2015905,0.0,0.0,0.0,3.630963,0.0,0.0,0.0,0.0,0.0,0.0,0.0,0.0,0.0,0.0,0.0,0.0,0.0,0.60847807,0.0,0.0,0.0,0.0,0.0,0.0,0.0,0.0,0.19167712,0.0,0.0,1.6744764,1.0317625,0.0,2.2627885,0.0,0.0,0.0,0.0,0.0,0.0,0.0,0.11330545,0.0,0.0,0.0,2.1753988,0.0,0.0,0.0,0.66048056,0.0,0.0,0.0,0.0,0.0,0.0,0.0,0.0,0.0,0.0,0.0,0.0,0.0,0.0,0.0,0.0,0.0,0.0,0.0,0.0,0.0,0.0,0.0,0.0,0.0,0.0,0.0,0.0,2.4621737,0.0,0.0,0.0,0.0,0.0,0.0,0.0,0.0,0.0,0.0,0.0,3.4773848,0.0,0.0,0.0,0.0,0.0,0.0,0.0,0.09016574,0.7201751,0.061180115,0.8001641,0.0,0.0,0.0,0.0,1.1693056,0.0,0.0,0.28497863,1.3511928,0.0,0.0,0.0,0.0,0.0,1.3854634,0.0,0.0,0.0,1.3295887,0.0
1.2465119,0.0,0.0,0.0,0.0,0.14353825,4.2748294,0.0,0.0,0.0,0.0,0.0,2.3301945,2.0697916,0.0,0.0,0.0,0.0,0.0,0.0,0.0,2.0734587,0.0,0.0,0.0,0.0,0.0,0.0,0.0,0.0,0.0,0.0,0.29371592,0.0,0.0,0.0,0.0,0.0,4.8138814,0.0,0.0,0.0,0.0,0.0,0.0,0.0,0.0,0.0,0.0,0.0,0.0,0.0,0.0,0.0,0.0,0.0,0.0,0.0,0.0,0.0,0.0,0.0,0.0,0.0,0.0,0.0,0.0,0.0,3.06518,0.0,0.0,0.46094835,0.0,0.0,0.0,0.0,2.3295906,0.0,0.0,0.0,0.0,0.0,0.0,0.0,0.0,0.0,0.0,4.177862,0.0,0.8611992,0.0,0.0,0.0,0.0,0.0,0.0,0.0,0.0,0.0,0.0,0.0,0.0,3.693429,5.2692757,0.0,0.0,0.0,0.0,0.0,4.8161397,0.0,0.0,0.0,0.0,0.0,0.0,0.0,0.0,0.0,0.0,0.0,0.0,0.0,0.0,0.0,8.18423,4.917196,0.0
0.0,0.0,0.0,0.0,0.0,0.0,14.650542,0.0,2.5055828,0.0,19.725637,0.0,0.0,0.0,0.0,0.0,0.0,0.0,0.0,0.0,0.0,0.0,0.0,0.0,6.3710923,0.0,3.106025,0.0,0.0,3.1701813,0.0,0.0,0.0,0.0,0.0,0.0,0.0,0.0,0.0,18.922037,0.0,0.0,0.0,0.0,0.0,0.0,0.0,0.0,16.324274,0.0,0.0,6.3886127,1.3993007,0.0,0.0,9.137447,0.0,0.0,0.0,0.0,0.0,0.0,0.0,0.0,0.0,0.0,0.0,0.0,0.0,0.0,0.0,0.0,0.0,0.0,0.0,0.0,0.0,0.0,0.0,0.0,0.0,0.0,0.0,0.0,7.6077423,0.0,0.0,0.0,0.0,0.0,0.0,0.20531619,0.0,0.0,0.0,0.0,4.520718,0.0,0.0,0.0,0.0,0.0,0.0,0.0,2.9413497,13.424855,0.0,7.676843,0.0,0.0,0.0,0.0,0.0,0.0,0.0,0.0,8.057181,0.0,0.0,0.0,0.0,0.0,5.3738747,0.0,0.0,0.0,2.424433,0.0
0.0,0.0,0.0,0.0,0.0,0.0,5.2107987,0.0,0.0,0.0,0.0,0.0,2.0230305,0.22797048,0.0,0.0,0.0,0.0,0.0,0.0,0.0,0.0,0.0,1.7155364,0.0,0.0,0.0,0.0,0.0,0.0,0.0,0.0,1.8832791,0.0,0.0,0.0,0.0,0.0,1.2521081,0.0,0.0,0.0,0.0,0.0,0.0,0.0,0.0,0.0,0.0,0.0,0.0,0.0,0.0,0.0,0.0,0.0,0.0,0.0,0.0,0.0,0.0,0.0,0.0,0.0,0.0,0.0,0.0,0.0,4.703227,0.0,0.0,1.291267,0.0,0.0,0.0,0.0,0.0,0.0,0.0,0.0,0.0,0.0,0.0,0.0,0.0,0.0,0.0,1.679053,0.0,0.0,0.0,0.0,0.0,0.0,0.0,0.0,0.0,0.0,0.0,0.0,0.0,0.0,4.1285086,4.208322,0.0,0.0,0.0,0.0,0.0,1.6156262,0.0,0.0,0.0,0.0,0.0,0.0,0.0,0.0,0.0,2.1400735,0.0,0.0,0.0,0.0,0.0,2.6845622,2.9558797,0.0
0.0,0.0,0.0,0.0,0.0,0.0,0.4644314,0.0,0.0,0.0,0.30477786,0.0,0.0,0.0,0.0,0.0,0.0,0.0,0.0,0.0,0.0,0.0,0.0,0.0,8.112968,0.0,2.9093835,0.0,0.0,4.335002,4.825733,0.0,0.0,0.0,0.0,0.0,0.0,0.0,0.0,7.413082,0.0,0.0,0.0,0.0,0.0,0.0,0.0,0.0,4.999239,0.0,0.0,3.3225782,0.74089843,0.0,0.0,4.727571,0.0,0.0,0.0,0.0,0.0,0.0,0.0,0.0,0.0,0.0,0.0,0.0,0.0,0.0,0.0,0.0,0.0,0.0,0.0,3.0039957,0.0,0.0,0.0,0.0,0.0,0.0,0.0,0.0,3.0343418,0.0,0.0,0.0,0.0,0.0,0.0,1.2572147,0.0,0.0,0.0,0.0,2.647463,0.0,0.0,0.0,0.0,0.0,0.0,0.0,7.1023254,0.0,0.0,5.7883434,0.0,0.0,4.8332496,0.0,3.8419037,0.0,0.0,0.0,0.0,0.0,0.0,0.0,0.0,0.0,0.61302584,0.0,0.0,0.0,0.0,0.0
0.0,0.0,0.0,0.0,0.0,0.0,0.806225,0.0,2.839921,0.0,6.668579,0.0,0.0,0.0,0.0,0.0,0.0,0.0,0.0,0.0,0.0,0.0,0.0,0.0,3.6731303,0.0,2.394525,0.0,0.0,4.793137,0.0,0.0,0.0,0.0,0.0,0.0,0.0,0.0,0.0,10.505926,0.0,0.0,0.0,0.0,0.0,0.0,0.0,0.0,7.7786193,0.0,0.0,3.5117018,0.0,0.0,0.0,3.3884342,0.0,0.0,0.0,0.0,0.0,0.0,0.0,0.0,0.0,0.0,0.0,0.0,0.0,0.0,0.0,0.0,0.0,0.0,0.0,6.314965,0.0,0.0,0.0,0.0,0.0,0.0,0.0,0.0,10.280803,0.0,0.0,0.0,0.0,0.0,0.0,0.0,0.0,0.0,0.0,0.0,10.193686,0.0,0.0,0.0,0.0,0.0,0.0,0.0,8.25995,4.360008,0.0,6.153689,0.0,0.0,0.0,0.0,1.5760472,0.0,0.0,0.0,4.2109385,0.0,0.0,0.0,0.0,0.0,7.20052,0.0,0.0,0.0,0.0,0.0
0.0,0.0,0.0,0.0,0.0,2.7212749,4.6674337,0.0,0.0,0.0,3.1506011,0.0,0.0,0.0,0.0,0.0,0.0,0.0,0.0,0.0,0.0,0.0,0.0,0.0,0.0,0.0,0.0,0.0,0.0,0.0,0.97828573,0.0,0.0,0.77656186,0.0,0.0,0.8106622,0.0,2.2897093,0.0,0.0,0.0,0.0,0.0,0.0,0.0,0.0,0.0,0.0,0.0,0.0,2.369859,0.0,0.0,0.0,0.0,0.0,0.0,0.0,0.0,0.0,0.0,0.0,0.0,0.0,0.0,0.0,0.0,0.0,0.0,0.0,1.2688075,0.0,0.0,0.0,0.0,0.0,0.0,0.0,0.0,0.0,0.0,0.0,0.0,3.0167434,0.0,0.15595916,0.0,0.0,0.0,0.0,0.0,1.1884556,0.0,0.0,0.0,0.0,0.0,0.0,0.0,0.0,0.0,2.580077,1.8839691,0.0,0.01952365,3.0782912,0.09372267,0.0,0.0,0.0,0.0,0.23892069,0.0,0.0,0.0,0.0,0.0,0.0,0.0,0.0,0.0,3.1028354,0.0,0.0,0.63051844,2.5885074,0.0
0.0,0.0,0.0,0.0,0.0,0.0,1.3280709,0.0,0.0,0.0,0.0,0.0,0.0,0.0,0.0,0.0,0.0,0.0,0.0,0.0,0.0,0.0,0.0,0.12898152,4.95774,0.0,0.0,0.0,0.0,2.4750216,0.0,0.0,0.0,0.0,0.0,0.0,0.0,0.0,0.0,0.0,0.0,0.0,0.0,0.0,0.0,0.0,0.0,0.0,0.0,0.0,0.0,1.7460783,0.0,0.0,0.0,0.0,0.0,0.0,0.0,0.0,0.0,0.0,0.0,0.0,0.0,0.0,0.0,0.0,0.0,0.0,0.0,0.0,0.0,0.0,0.0,0.0,0.0,0.0,0.0,0.0,0.0,0.0,0.0,0.0,7.8585753,0.0,0.0,0.0,0.0,0.0,0.0,0.0,6.459764,0.0,0.0,0.0,6.358387,0.0,0.0,0.0,0.0,0.0,2.1466584,0.0,0.0,0.0,0.0,5.790363,0.0,0.0,0.0,0.0,6.2122903,0.0,0.0,0.0,0.0,0.0,0.0,0.0,0.0,0.0,6.545906,0.0,0.0,0.0,0.0,0.0
0.0,0.0,3.8731477,1.0965713,0.0,0.0,0.0,0.0,0.0,0.0,0.0,0.0,2.0409856,0.0,0.0,0.0,0.0,0.0,0.0,0.0,0.0,0.0,0.0,5.133688,0.0,0.0,0.0,0.0,0.0,0.0,0.0,0.0,4.6995907,0.0,0.0,0.0,0.0,0.0,3.0081155,0.0,0.0,0.0,0.0,0.0,0.0,0.0,0.0,0.0,0.0,0.0,0.0,0.0,0.0,0.0,0.0,0.0,0.0,0.0,0.0,0.0,0.0,0.0,0.0,0.0,0.0,0.0,0.0,0.0,2.847878,0.0,0.0,0.0,0.0,0.0,0.0,0.0,8.19518,0.0,0.0,0.0,4.2351136,0.0,0.0,0.0,0.0,0.0,0.0,2.2141893,0.0,0.0,0.0,0.0,0.0,0.0,2.345309,0.0,0.0,0.0,0.0,0.0,0.0,0.0,1.6554985,0.0,0.0,0.0,0.0,0.0,7.079992,0.0,0.0,0.0,0.0,0.0,0.0,2.0525203,0.0,0.0,0.0,0.0,0.0,0.0,0.0,0.0,0.0,6.995134,0.0,0.0
0.0,0.0,0.0,0.018957928,0.0,0.0,2.6418545,0.0,0.0,0.0,0.0,0.0,0.3494533,0.0,0.0,0.0,0.0,0.0,0.0,0.0,0.0,1.631884,0.0,0.3399254,0.0,0.0,0.0,0.0,0.0,2.9652138,0.0,0.0,0.0,0.0,0.0,0.0,3.2615943,0.0,0.0,0.0,0.0,0.0,0.0,0.0,0.0,0.0,1.2199637,0.0,2.5282497,0.0,0.0,0.0,0.0,0.0,0.0,0.0,0.0,0.0,0.0,0.9998575,0.0,0.0,0.0,0.0,0.0,0.0,0.0,0.0,0.0,0.0,0.0,0.38693732,0.0,0.0,0.0,0.0,0.0,0.0,0.0,0.0,0.0,0.0,0.0,0.0,3.2506654,0.0,0.0,0.7682199,0.0,0.0,0.0,0.0,0.0,0.0,0.0,0.0,0.022405472,0.0,0.0,0.0,0.0,0.0,0.0,3.0099695,0.0,0.0,0.0,0.5734457,0.0,0.86557806,0.0,0.0,0.0,0.0,0.0,0.0,0.59351015,0.0,0.0,0.0,0.0,0.0,1.0380113,0.0,0.0,1.9186641,0.0,0.0
1.0083988,0.0,0.0,0.0,0.0,2.4518986,2.220933,0.0,0.0,0.0,0.871167,0.0,0.0,0.0,0.0,0.0,0.0,0.0,0.0,0.0,0.0,0.52239275,0.5561587,0.0,0.0,0.0,0.0,0.0,0.0,1.4710952,0.0,0.0,0.0,0.0,0.0,0.0,1.7985761,2.4672542,0.0,0.9955229,0.0,0.0,0.0,0.0,0.0,0.0,1.4927179,0.0,1.7478925,0.0,0.0,4.0164375,0.0,0.14822319,0.0,0.0,0.0,0.0,0.0,0.0,0.0,0.0,0.0,0.0,0.0,0.0,0.0,0.0,0.0,0.0,0.0,0.0,0.26523656,0.0,0.0,0.0,2.8013809,0.0,0.0,0.0,0.0,0.0,0.0,0.0,1.6555202,0.0,0.0,0.0,0.0,0.0,0.0,0.0,0.0,0.0,0.0,0.0,1.1199824,0.0,0.0,0.0,0.0,0.0,0.0,1.5472219,0.0,0.9346497,0.0,3.1870108,0.0,0.026166469,0.0,0.0,0.0,0.0,0.0,1.1314659,1.548435,0.0,0.0,0.0,0.0,0.0,0.0,0.0,0.5978539,2.4449036,2.2374456,0.0
0.0,0.0,0.0,0.0,0.0,0.0,0.40168527,0.0,0.0,0.0,0.0,0.0,2.5995772,0.0,0.0,0.0,0.25989226,0.0,0.0,0.0,0.0,0.0,0.0,10.872694,0.0,0.0,0.0,0.0,0.0,0.0,0.0,0.0,3.1051648,0.0,0.0,0.0,0.0,0.0,0.0,0.0,0.0,0.0,0.0,0.0,0.0,0.0,0.0,0.0,0.0,0.0,0.0,0.0,0.0,0.0,0.0,0.0,0.0,0.0,0.0,0.0,0.0,0.0,0.0,0.0,0.0,0.0,0.0,0.0,7.0346603,0.0,0.0,0.0,0.0,0.0,0.0,0.0,1.6850863,0.0,0.0,0.0,1.3799326,0.0,0.0,0.0,0.0,0.0,0.0,0.0,0.0,0.0,0.0,0.0,0.0,0.0,0.0,0.0,0.0,0.0,0.0,0.0,0.0,0.0,0.019649286,0.0,0.0,0.0,0.0,0.0,0.0,2.6601593,0.0,0.0,1.6338491,0.0,0.0,0.0,0.0,0.0,0.0,0.0,0.0,0.0,0.0,0.0,0.0,8.712121,5.7794666,0.0
0.0,0.0,0.0,0.0,0.0,0.0,6.1672854,0.0,0.0,0.0,0.7096213,0.0,0.0,0.0,0.0,0.0,0.0,0.0,0.0,0.0,0.0,0.0,0.0,0.0,2.5709658,0.0,0.0,0.0,0.0,0.24485914,3.1363742,0.0,0.0,0.6944525,0.0,0.0,0.25926808,0.0,0.0,0.32443917,0.0,0.0,0.0,0.0,0.0,0.0,0.0,0.0,1.2398999,0.0,0.0,3.2731292,0.0,0.0,0.0,2.1136694,0.0,0.0,0.0,0.0,0.0,0.0,0.0,0.0,0.0,0.0,0.0,0.0,0.0,0.0,0.0,1.482312,0.0,0.0,0.0,0.0,0.0,0.0,0.0,0.0,0.0,0.0,0.0,0.0,7.105174,0.0,0.0,0.0,0.0,0.0,0.0,0.0,1.1905382,0.0,0.0,0.0,0.79805195,0.0,0.0,0.0,0.0,0.0,0.0,2.5895574,5.1303005,0.17752354,0.0,3.6482391,0.0,0.0,0.0,0.0,1.1701198,0.0,0.0,0.0,0.0,0.0,0.0,0.0,0.0,0.0,3.3036385,0.0,0.0,0.0,0.0,0.0
0.0,0.0,0.0,0.0,0.0,0.0,3.975813,0.0,0.0,0.0,0.0,0.0,3.4588556,1.4244605,0.0,0.0,0.12018152,0.0,0.0,0.0,0.0,0.11717142,0.0,2.6384168,0.0,0.0,0.0,0.0,0.0,0.0,0.0,0.0,1.2803314,0.0,0.0,0.0,0.0,0.0,1.8095195,0.0,0.0,0.0,0.0,0.0,0.0,0.0,0.0,0.0,0.0,0.0,0.0,0.0,0.0,0.0,0.0,0.0,0.0,0.0,0.0,0.0,0.0,0.0,0.0,0.0,0.0,0.0,0.0,0.0,4.5156074,0.0,0.0,0.6838374,0.0,0.0,0.0,0.0,0.03921528,0.0,0.0,0.0,0.0,0.0,0.0,0.0,0.0,0.0,0.0,2.4782073,0.0,0.0,0.0,0.0,0.0,0.0,0.0,0.0,0.0,0.0,0.0,0.0,0.0,0.0,2.325814,2.8528929,0.0,0.0,0.0,0.0,0.0,3.9706135,0.0,0.0,0.0,0.0,0.0,0.0,0.0,0.0,0.0,0.0,0.0,0.0,0.0,0.0,0.0,5.8781943,4.3023796,0.0
0.0,0.0,0.0,0.0,0.0,0.0,0.0,0.0,13.488511,0.0,7.523081,0.0,0.0,0.0,0.0,0.0,4.13039,0.0,0.0,0.0,0.0,0.0,10.209628,7.5422435,0.0,0.0,0.0,0.0,0.0,1.7310021,0.0,0.0,0.0,0.0,0.0,0.0,5.958643,0.0,4.176404,2.1007571,0.0,0.0,0.0,0.0,0.0,0.0,0.0,6.5290513,0.0,0.0,0.0,0.0,0.0,0.0,0.0,0.0,0.0,0.0,0.0,0.0,0.0,0.0,0.0,0.0,0.0,0.0,0.0,0.0,0.0,0.0,0.0,0.0,0.0,0.0,0.0,4.134119,1.0736725,0.0,0.0,0.0,0.0,0.0,0.0,0.0,6.527038,0.0,0.0,0.0,0.0,0.0,0.0,0.0,0.0,0.0,0.0,0.0,6.642709,0.0,0.0,0.0,0.0,0.0,0.0,0.0,6.8887644,5.757341,3.9634175,0.0,0.0,0.0,0.0,0.0,0.0,0.0,0.0,0.0,8.740867,0.0,0.0,0.0,0.0,0.0,6.5285206,0.0,0.0,0.0,0.0,0.0
0.0,0.0,0.0,0.0,0.0,0.0,4.3371596,0.0,3.8688736,0.0,6.569947,0.0,0.0,0.0,0.0,0.0,0.0,0.0,0.0,0.0,0.0,0.0,0.0,0.0,8.555048,0.0,4.4279428,0.0,0.0,8.309723,1.3711011,0.0,0.0,0.0,0.0,0.0,0.0,0.0,0.0,20.164396,0.0,0.0,0.0,0.0,0.0,0.0,0.0,0.0,10.189294,0.0,0.0,7.7116857,0.0,0.0,0.0,8.559891,0.0,0.0,0.0,0.0,0.0,0.0,0.0,0.0,0.0,0.0,0.0,0.0,0.0,0.0,0.0,0.0,0.0,0.0,0.0,1.2666181,0.0,0.0,0.0,0.0,0.0,0.0,0.0,0.0,13.519312,0.0,0.0,0.0,0.0,0.0,0.0,0.0,0.0,0.0,0.0,0.0,14.047367,0.0,0.0,0.0,0.0,0.0,0.0,0.0,5.386066,8.799884,0.0,13.613125,0.0,0.0,0.0,0.0,11.099269,0.0,0.0,0.0,3.0600064,0.0,0.0,0.0,0.0,0.0,0.406456,0.0,0.0,0.0,0.0,0.0
0.0,0.0,0.0,0.0,0.0,1.7687333,3.4798696,0.0,0.0,0.0,1.2462293,0.0,0.0,0.0,0.0,0.0,0.0,0.0,0.0,0.0,0.0,0.0,0.0,0.0,2.3382645,0.0,0.0,0.0,0.0,0.6836026,0.0,0.0,0.0,0.37810165,0.0,0.0,0.0,1.4993149,0.0,2.5053961,0.0,0.0,0.0,0.0,0.0,0.0,0.68793404,0.0,0.23312402,0.15527444,0.0,4.3069158,0.0,0.0,0.0,0.0,1.5594709,0.0,0.0,0.0,0.0,0.0,0.0,0.0,0.0,0.0,0.0,0.0,0.0,0.0,0.0,0.0,0.0,0.0,0.0,0.0,1.8867532,0.0,0.0,0.0,0.0,0.082031935,0.0,0.0,2.2816386,0.0,0.0,0.0,0.0,0.0,0.0,0.0,0.3441711,0.0,0.0,0.0,0.9439656,0.0,0.0,0.0,0.0,0.0,0.7114016,0.0,0.0,0.0,0.0,5.519379,0.0,0.0,0.0,0.0,1.960616,0.0,0.0,4.538555,1.6765624,0.0,0.0,0.0,0.0,0.0,0.5949436,0.0,0.0,0.0,0.0,0.0
0.0,0.0,0.0,0.0,0.0,0.0,3.1544628,0.0,0.0,0.0,6.9234447,0.0,0.0,0.0,0.0,0.0,0.0,0.0,0.0,0.0,0.0,0.0,0.0,0.0,3.1145377,0.0,0.0,0.0,0.0,0.0,6.6328363,0.0,0.0,0.0,0.0,0.0,0.0,0.0,0.0,15.110495,0.0,0.0,0.0,0.0,2.956658,0.0,0.0,0.0,4.54832,1.7362049,0.0,9.808818,0.0,0.0,0.0,0.016804222,0.0,0.0,0.0,0.0,0.0,0.0,0.0,0.0,0.0,0.0,0.0,0.0,0.0,0.0,0.0,0.0,0.0,0.0,0.0,0.0,0.0,0.0,0.0,0.0,0.0,0.0,1.0735455,0.0,3.315095,0.0,0.0,0.0,0.0,0.0,0.0,0.56483465,0.0,0.0,0.0,0.0,6.8668766,0.0,0.0,0.0,0.0,0.0,6.2478037,0.0,4.448446,1.1365697,0.0,11.737805,0.0,0.0,0.0,0.0,4.822758,0.0,0.0,7.3134403,0.0,0.0,0.0,0.0,0.0,0.0,0.0,0.0,0.0,0.0,0.0,0.0
0.0,0.0,0.0,0.0,0.0,0.0,0.45257118,0.0,0.0,0.0,0.0,0.0,2.7137773,0.0,0.0,0.0,0.33155757,0.0,0.0,0.0,0.0,0.57317585,0.0,3.9676669,0.0,0.0,0.0,0.0,0.0,0.0,0.0,0.0,1.2177101,0.0,0.0,0.0,0.0,0.0,2.2847521,0.0,0.0,0.0,0.0,0.0,0.0,0.0,0.0,0.0,0.0,0.0,0.0,0.0,0.0,0.0,0.0,0.0,0.0,0.0,0.0,0.0,0.0,0.0,0.0,0.0,0.0,0.0,0.0,0.0,3.2638736,0.0,0.0,0.0,0.0,0.0,0.0,0.0,3.7320952,0.0,0.0,0.0,0.0,0.0,0.0,0.0,0.0,0.0,0.0,1.5208304,0.0,0.0,0.0,0.0,0.0,0.0,0.0,0.0,0.0,0.0,0.0,0.0,0.0,0.0,2.0656345,0.4129216,0.0,0.0,0.0,0.0,0.0,3.2748265,0.0,0.0,0.0,0.0,0.0,0.0,0.0,0.0,0.0,0.0,0.0,0.0,0.0,0.0,0.0,7.244999,4.499857,0.0
1.105431,0.0,1.5636704,0.0,0.0,0.0,0.0,1.0879505,0.0,0.0,1.7491702,0.0,0.48963556,0.0,0.0,0.0,0.0,0.0,0.0,0.0,0.0,0.0,0.0,0.0,3.0604837,0.0,0.0,0.0,0.0,0.0,2.3452346,0.0,0.0,0.0,0.0,0.0,0.0,0.0,0.0,0.29506704,0.0,0.0,0.0,0.0,0.2329723,0.0,4.9976797,3.6888652,0.0,0.0,0.0,0.0,0.0,0.0,0.0,0.0,0.0,0.0,0.0,0.0,0.0,0.0,0.0,0.0,0.0,0.0,0.0,0.0,0.83135265,0.0,0.0,0.0,0.0,0.0,0.0,0.0,0.43587872,0.0,0.0,0.0,1.9591601,0.0,0.0,0.0,0.0,0.0,0.0,0.0,1.4498184,0.0,0.0,0.0,1.686732,0.0,0.0,0.0,1.6631087,0.0,0.0,0.0,0.0,0.0,1.0254629,0.0,0.6241698,0.0,0.0,0.0,0.0,0.0,0.0,0.0,1.7085743,0.0,0.0,6.1310363,0.04884527,0.0,0.0,0.0,0.0,0.0,0.0,0.0,0.0,0.0,0.0,0.0
0.1720829,0.0,0.0,0.0,0.0,0.0,1.1686027,0.0,0.0,0.0,6.671662,0.0,0.0,0.0,0.0,0.0,0.0,0.0,0.0,0.0,0.0,0.0,0.0,0.0,0.5175875,0.0,0.0,0.0,0.0,0.0,2.0725842,0.0,0.0,0.0,0.0,0.0,0.0,0.0,0.0,2.502886,0.0,0.0,0.0,0.0,1.9623713,0.0,0.0,3.4316802,0.0,0.0,0.0,0.7866778,0.0,0.0,0.0,0.0,0.0,0.0,0.0,0.0,0.0,0.0,0.0,0.0,0.0,0.0,0.0,0.0,0.0,0.0,0.0,0.0,0.0,0.0,0.0,0.0,0.0,0.0,0.0,0.0,0.0,0.0,0.0,0.0,0.0,0.0,0.0,0.0,0.0,0.0,0.0,0.0,0.0,0.0,0.0,0.0,0.3557845,0.0,0.0,0.0,0.0,0.0,2.1784887,0.0,0.2341834,0.0,0.0,0.0,0.0,0.0,0.0,0.0,0.0,0.0,0.0,2.186063,0.0,0.0,0.0,0.0,0.0,0.0,0.7656839,0.0,0.0,0.0,0.0,0.0
2.5522575,0.0,0.0,0.0,0.0,0.0,7.769098,0.0,0.0,0.0,0.0,0.0,2.421542,0.0,0.0,0.0,0.0,0.0,0.0,0.0,0.0,0.0,0.0,0.0,0.0,0.0,0.0,0.0,0.0,0.0,0.0,0.0,0.17311491,0.0,0.0,0.0,0.23819062,0.0,0.5887905,0.0,0.0,0.0,0.0,0.0,0.0,0.0,0.0,0.0,2.157069,0.0,0.0,0.0,0.0,0.0,0.0,0.0,0.0,0.0,0.0,0.0,0.0,0.0,0.0,0.0,0.0,0.0,0.0,0.0,3.6917777,0.0,0.0,0.0,0.0,0.0,0.0,0.0,0.0,0.0,0.0,0.0,0.0,0.9950098,0.0,0.0,0.29434967,0.0,0.0,0.0,0.0,0.0,0.0,0.0,0.0,0.0,0.0,0.0,0.0,0.0,0.0,0.0,0.0,0.0,4.401246,5.850547,0.0,0.0,0.0,0.0,0.0,0.903507,0.0,0.0,0.0,0.0,0.0,0.0,0.0,0.0,0.0,2.3476675,0.0,0.0,0.0,0.0,0.0,1.8312325,3.2023883,0.0
0.0,0.0,9.045869,0.0,0.0,0.0,0.0,0.0,0.0,0.0,0.0,0.0,10.734601,15.732675,0.0,0.0,1.61913,0.0,0.0,7.278692,0.0,0.0,0.0,0.0,0.0,0.0,0.0,0.0,0.0,0.0,0.0,0.0,0.0,0.0,0.0,0.0,0.0,0.0,0.0,0.0,0.0,0.0,0.0,0.0,0.0,0.0,0.0,0.0,0.0,0.0,0.0,0.0,0.0,0.0,0.0,0.0,0.0,0.0,0.0,0.0,0.0,0.0,0.0,0.0,0.0,0.0,0.0,0.0,0.0,0.0,0.0,0.0,0.0,0.0,0.0,0.0,3.5530818,0.0,0.0,0.0,7.9818134,0.0,0.0,0.0,0.0,0.0,0.0,14.584957,0.0,15.856032,0.0,0.0,0.0,0.0,0.0,0.0,5.338264,0.0,0.0,0.0,0.0,0.0,0.0,0.0,0.0,0.0,0.0,0.0,13.27652,0.0,0.0,0.0,0.0,0.0,0.0,2.190273,0.0,0.0,0.0,0.0,0.0,0.0,0.0,0.0,0.0,2.1752355,0.0,0.0
3.6438138,0.0,0.0,0.0,0.0,0.0,11.877552,0.0,0.0,0.0,18.393269,0.0,0.0,0.0,0.0,0.0,0.0,0.0,0.0,0.0,0.0,0.0,0.0,0.0,11.800392,0.0,7.0458646,0.0,0.0,5.101875,2.8293602,0.0,0.0,0.0,0.0,0.0,0.0,0.0,0.0,15.833835,0.0,0.0,0.0,0.0,4.6081963,0.0,0.0,0.0,10.618443,0.0,0.0,13.500744,0.0,0.0,0.0,12.2684145,0.0,0.0,0.0,0.0,0.0,0.0,0.0,0.0,0.0,0.0,0.0,0.0,0.0,0.0,0.0,0.0,0.0,0.0,0.0,0.0,0.0,0.0,0.0,0.0,0.0,0.0,0.0,0.0,4.5036516,0.0,0.0,0.0,0.0,0.0,0.0,5.3570375,0.0,0.0,0.0,0.0,8.630351,0.0,0.0,0.0,0.0,0.0,1.0923619,0.0,2.7720568,3.307256,0.0,8.065339,0.0,0.0,0.0,0.0,9.278226,0.0,0.0,4.606844,0.0,0.0,0.0,0.0,0.0,0.0,1.9704683,0.0,0.0,0.0,0.0,0.0
0.0,0.0,0.0,0.0,0.0,0.0,0.0,0.0,5.3941264,0.0,9.62101,0.0,0.0,0.0,0.0,0.0,1.9821231,0.0,0.0,0.0,0.0,0.0,0.0,0.0,2.2392108,0.0,0.0,0.0,0.0,0.0,0.912343,0.0,0.0,0.0,0.0,7.504615,0.0,0.0,0.0,8.478927,0.0,0.0,0.0,0.0,0.0,0.0,0.0,13.28781,0.0,0.0,0.0,0.0,0.0,0.0,0.0,0.0,0.0,0.0,0.0,0.0,0.0,0.0,0.0,0.0,0.0,0.0,0.0,0.0,0.0,0.0,0.0,0.0,0.0,0.0,0.0,0.0,0.0,0.0,0.0,0.0,0.0,0.0,0.0,0.0,0.0,0.0,0.0,0.0,0.0,0.0,0.0,2.4281037,0.0,0.0,0.0,0.0,4.5086637,0.0,0.0,0.0,0.0,0.0,0.19480255,0.0,0.7903864,0.0,5.0781007,0.0,0.0,0.0,0.0,0.0,0.0,0.0,0.0,0.0,0.0,0.0,0.0,0.0,0.0,0.0,5.961867,0.0,0.0,0.0,0.0,0.0
0.0,0.0,3.9433365,0.0,0.0,0.0,0.0,0.0,0.064353935,0.0,0.0,0.0,0.0,5.431068,0.0,0.0,4.742391,0.0,0.0,0.0,5.463293,0.0,0.0,8.586518,0.0,0.0,0.0,0.0,0.0,0.0,8.251692,0.0,7.611083,0.0,0.0,0.0,0.0,0.0,0.0,0.0,0.0,0.0,0.0,0.0,0.0,0.0,0.0,10.118992,0.0,0.0,0.0,0.0,0.0,0.0,0.0,0.0,0.0,0.0,0.0,0.0,0.0,0.0,0.0,0.0,0.0,0.0,0.0,0.0,7.613141,0.0,0.0,0.0,0.0,0.0,0.0,0.0,0.0,0.083780885,0.0,0.0,15.527507,0.0,0.0,0.0,0.0,0.0,0.0,0.0,0.0,0.0,0.0,0.0,0.0,0.0,0.0,0.0,0.0,0.0,0.0,0.0,0.0,0.0,0.0,0.0,0.0,0.0,0.0,0.0,0.0,0.0,6.4852576,0.0,0.0,0.0,0.0,1.4810874,0.0,0.0,0.0,0.0,0.0,0.0,0.0,0.0,0.0,0.0,0.0,0.0
0.0,0.0,0.0,0.0,0.0,0.0,0.0,0.0,0.0,1.1104047,0.0,0.0,0.0,11.243518,0.0,0.0,4.683152,0.0,0.0,8.941944,0.0,0.0,0.0,5.9370685,0.0,0.0,0.0,0.0,0.0,0.0,0.0,0.0,10.981614,0.0,0.0,0.0,0.0,0.0,7.5486703,0.0,0.0,0.0,0.0,0.0,0.0,0.0,0.0,0.0,0.0,0.0,0.0,0.0,0.0,0.0,0.0,0.0,0.0,0.0,0.0,0.0,0.0,0.0,0.0,0.0,0.0,0.0,0.0,0.0,0.0,0.0,0.0,0.0,0.0,0.0,0.0,0.0,4.3289237,0.0,0.0,0.0,10.349373,0.0,0.0,0.0,0.0,0.0,0.0,2.0671928,0.0,0.0,0.0,0.0,0.0,0.0,0.0,0.0,0.0,0.0,0.0,0.0,0.0,0.0,4.371869,0.0,0.0,0.0,0.0,0.0,2.7028205,0.0,0.0,0.0,0.0,0.0,0.0,0.0,0.0,0.0,0.0,0.0,0.0,0.0,0.0,0.0,0.0,13.175022,0.0,0.0
0.0,0.0,0.0,0.0,0.0,0.0,2.9002187,0.0,0.0,0.0,0.0,0.0,1.9199294,0.0,0.0,0.0,0.0,0.0,0.0,0.0,0.0,0.0,0.0,2.7557535,0.0,0.0,0.0,0.0,0.0,0.0,0.0,0.0,3.430722,0.0,0.0,0.0,0.0,0.0,1.0078669,0.0,0.0,0.0,0.0,0.0,0.0,0.0,0.0,0.0,0.0,0.0,0.0,0.0,0.0,0.0,0.0,0.0,0.0,0.0,0.0,0.0,0.0,0.0,0.0,0.0,0.0,0.0,0.0,0.0,4.734486,0.0,0.0,0.0,0.0,0.0,0.0,0.0,0.0,0.0,0.0,0.0,0.0,0.0,0.0,0.0,0.0,0.0,0.0,0.0,0.0,0.0,0.0,0.0,0.0,0.0,0.0,0.0,0.0,0.0,0.0,0.0,0.0,0.0,4.362354,1.4933804,0.0,0.0,0.0,0.0,0.0,0.58152187,0.0,0.0,0.0,0.0,0.0,0.0,0.0,0.0,0.0,0.0,0.0,0.0,0.0,0.0,0.0,3.8551269,5.1435523,0.0
1.4798003,0.0,1.2203025,0.0,0.0,0.0,0.0,0.0,0.0,0.0,2.092101,0.0,0.0,0.36993352,0.0,0.0,0.0,0.0,0.0,0.0,0.0,0.0,0.0,0.43280053,0.0,0.0,0.0,0.0,0.0,0.0,0.0,0.0,2.7435331,0.0,0.0,0.0,0.0,0.0,0.0,0.0,0.0,0.0,0.0,0.0,0.0,0.0,0.0,0.5340845,0.0,0.0,0.0,0.0,0.17241767,0.0,0.0,0.0,0.0,0.0,0.0,0.0,0.0,0.0,0.0,0.0,0.0,0.0,0.0,0.0,0.62839806,0.0,0.0,0.0,0.0,0.0,0.0,0.0,1.3450426,0.0,0.0,0.0,0.0,0.0,0.0,0.0,0.0,0.0,0.0,0.0,0.0,0.0,0.0,0.0,0.0,0.0,0.0,0.0,0.0,0.0,0.0,0.0,0.0,0.0,4.4369893,0.0,0.0,0.0,0.0,0.0,2.1304395,0.0,1.2795415,0.0,0.0,0.0,0.0,2.2293632,0.0,0.0,0.0,0.0,0.0,0.0,0.0,0.0,0.0,1.8007423,0.0,0.0
0.0,0.0,0.0,0.0,0.0,0.0,3.126555,0.0,0.0,0.0,0.0,0.0,2.6291811,0.0,0.0,0.0,0.0,0.0,0.0,0.0,0.0,0.0,0.0,2.3675916,0.0,0.0,0.0,0.0,0.0,0.0,0.0,0.0,2.640247,0.0,0.0,0.0,0.0,0.0,2.0738864,0.0,0.0,0.0,0.0,0.0,0.0,0.0,0.0,0.0,0.0,0.0,0.0,0.0,0.0,0.0,0.0,0.0,0.0,0.0,0.0,0.0,0.0,0.0,0.0,0.0,0.0,0.0,0.0,0.0,3.5457592,0.0,0.0,0.05034116,0.0,0.0,0.0,0.0,0.40884772,0.0,0.0,0.0,0.0,0.0,0.0,0.0,0.0,0.0,0.0,0.272009,0.0,0.0,0.0,0.0,0.0,0.0,0.0,0.0,0.0,0.0,0.0,0.0,0.0,0.0,3.6264071,2.514376,0.0,0.0,0.0,0.0,0.0,2.3950176,0.0,0.0,0.0,0.0,0.0,0.0,0.0,0.0,0.0,0.0,0.0,0.0,0.0,0.0,0.0,5.4742417,5.553061,0.0
0.0,0.0,0.0,0.69712615,0.0,0.0,0.0,2.8512998,0.0,0.0,4.7718143,0.0,0.0,0.0,0.0,0.0,0.0,0.0,0.0,0.0,0.0,0.0,0.0,1.5160749,0.38355592,0.0,0.0,0.0,0.0,0.0,7.342303,0.0,0.0,0.0,0.0,0.0,0.0,0.0,0.0,0.03931977,0.0,0.0,0.0,0.0,0.06350535,0.0,0.0,0.61687356,0.0,0.0,0.0,5.168235,0.0,0.0,0.0,0.0,0.0,0.0,0.0,0.0,0.0,0.0,0.0,0.0,0.0,0.0,0.0,0.0,0.0,0.0,0.0,0.0,0.0,0.0,0.0,1.0762212,0.0,0.0,0.0,0.0,0.0,0.0,0.0,0.0,2.401514,0.0,0.0,0.0,0.0,0.0,0.0,0.0,2.2331595,0.0,0.0,0.0,4.2623,0.0,0.0,0.0,0.0,0.0,2.3108149,0.0,7.870048,0.0,0.0,0.0,0.0,0.0,0.0,0.0,5.3796945,0.0,0.0,0.0,0.0,0.0,0.0,0.0,0.0,0.0,4.340308,0.0,0.0,0.0,0.0,0.0
0.0,0.0,0.0,0.0,0.0,0.0,3.85176,0.0,0.0,0.0,0.0,0.0,2.0070755,0.0,0.0,0.0,0.0,0.0,0.0,0.0,0.0,0.0,0.0,2.8438299,0.0,0.0,0.0,0.0,0.0,0.0,0.0,0.0,2.4478278,0.0,0.0,0.0,0.0,0.0,0.81019306,0.0,0.0,0.0,0.0,0.0,0.0,0.0,0.0,0.0,0.0,0.0,0.0,0.0,0.0,0.0,0.0,0.0,0.0,0.0,0.0,0.0,0.0,0.0,0.0,0.0,0.0,0.0,0.0,0.0,4.3124847,0.0,0.0,0.46441454,0.0,0.0,0.0,0.0,0.0,0.0,0.0,0.0,0.0,0.0,0.0,0.0,0.0,0.0,0.0,0.0,0.0,0.0,0.0,0.0,0.0,0.0,0.0,0.0,0.0,0.0,0.0,0.0,0.0,0.0,3.3067753,2.0037096,0.0,0.0,0.0,0.0,0.0,1.4804792,0.0,0.0,0.0,0.0,0.0,0.0,0.0,0.0,0.0,0.7154962,0.0,0.0,0.0,0.0,0.0,3.2741573,4.108421,0.0
0.0,0.0,0.0,0.0,0.0,0.0,0.0,0.0,0.0,0.0,0.0,0.0,0.0,0.0,0.0,0.0,0.0,0.0,0.0,0.0,0.0,0.0,0.0,0.0,15.187806,0.0,5.280496,0.0,0.0,0.0,0.0,0.0,0.0,0.575199,0.0,5.1933084,0.0,0.0,0.0,16.509258,0.0,0.0,0.0,0.0,0.0,0.0,0.0,0.0,1.2707204,0.0,0.0,1.4573233,0.0,0.0,0.0,6.342106,0.0,0.0,0.0,0.0,0.0,0.0,0.0,0.0,0.0,0.0,0.0,0.0,0.0,0.0,0.0,0.0,0.0,0.0,0.0,0.3814388,0.0,0.0,0.0,0.0,4.2254567,0.0,0.0,0.0,10.35984,0.0,0.0,0.0,0.0,0.0,0.0,3.8346038,0.0,0.0,0.0,0.0,15.173136,0.0,0.0,0.0,0.0,0.0,2.2943168,0.0,6.0357566,0.0,0.0,0.33447167,0.0,0.0,0.0,0.0,3.0144317,0.0,0.0,0.0,0.0,0.0,0.0,0.0,0.0,0.0,4.651619,0.0,0.0,0.0,0.0,0.0
0.0,0.0,0.0,0.0,0.0,0.0,3.9210148,0.0,0.25021765,0.0,4.676809,0.0,0.0,0.0,0.0,0.0,0.0,0.0,0.0,0.0,0.0,0.0,0.0,0.0,7.7530484,0.0,0.7242772,0.0,0.0,0.0,0.0,0.0,0.0,1.6701643,0.0,0.89164966,0.0,0.0,0.0,5.273791,0.0,0.0,0.0,0.0,0.0,0.0,0.0,0.0,0.0,0.0,0.0,2.707885,0.0,0.0,0.0,6.2913165,0.0,0.0,0.0,0.0,0.0,0.0,0.0,0.0,0.0,0.0,0.0,0.0,0.0,0.0,0.0,0.0,0.0,0.0,0.0,0.756514,0.0,0.0,0.0,0.0,0.0,0.0,0.0,0.0,10.984683,0.0,0.0,0.0,0.0,0.0,0.0,0.0,2.643836,0.0,0.0,0.0,10.932016,0.0,0.0,0.0,0.0,0.0,0.0,0.0,6.353124,0.0,0.0,0.0,0.0,0.0,0.0,0.0,2.5950847,0.0,0.0,0.0,1.3276273,0.0,0.0,0.0,0.0,0.0,8.176302,0.0,0.0,0.0,0.0,0.0
2.3069859,0.0,0.0,0.0,0.0,0.66422796,2.1964374,0.0,0.0,0.0,0.0,0.0,0.5832302,0.0,0.0,0.0,0.0,0.0,0.0,0.0,0.0,0.5792775,0.0,0.0,0.0,0.0,0.0,0.0,0.0,0.0,0.0,0.0,2.402171,0.0,0.0,0.0,0.0,0.0,3.2435474,0.0,0.0,0.0,0.0,0.0,0.0,0.0,0.0,0.0,0.0,0.0,0.0,0.0,0.0,0.0,0.0,0.0,0.0,0.0,0.0,0.0,0.0,0.0,0.0,0.0,0.0,0.0,0.0,0.0,1.5202196,0.0,0.0,0.0,0.0,0.0,0.0,0.0,1.4171139,0.0,0.0,0.0,0.0,0.0,0.0,0.0,0.0,0.0,0.0,0.3705947,0.0,0.19224294,0.0,0.0,0.0,0.0,0.0,0.0,0.0,0.0,0.0,0.0,0.0,0.0,5.762071,3.4796226,0.0,0.0,0.0,0.0,0.0,0.6435985,0.0,0.0,0.0,0.0,0.0,0.0,0.0,0.0,0.0,0.0,0.0,0.0,0.0,0.0,0.0,4.614826,4.5869565,0.0
0.0,0.0,5.3855324,0.0,0.0,0.0,0.0,0.0,0.0,0.0,0.0,0.0,0.0,12.482546,0.0,0.0,0.0,0.0,0.0,0.0,0.0,0.0,0.0,6.3800745,0.0,0.0,0.0,0.0,0.0,0.0,0.0,0.0,6.235178,0.0,0.0,0.0,0.0,0.0,0.0,0.0,0.0,0.0,0.0,0.0,0.0,0.0,0.0,3.69886,0.0,0.0,0.0,0.0,0.0,0.0,0.0,0.0,0.0,3.9175773,0.0,0.0,0.0,0.0,0.0,0.0,0.0,0.0,0.0,0.0,0.0,0.0,0.0,0.0,0.0,0.0,0.0,0.0,4.7084637,0.0,0.0,0.0,0.0,0.0,0.0,0.0,0.0,0.0,0.0,0.0,0.0,1.4111884,0.0,0.0,0.0,0.0,0.0,0.0,0.0,0.0,0.0,0.0,0.0,0.0,17.216993,0.0,0.0,0.0,0.0,0.0,7.071759,0.0,0.0,0.0,0.0,0.0,0.0,0.0,0.0,0.0,0.0,0.0,0.0,0.0,0.0,0.0,0.0,0.0,0.0,0.0
0.0,0.0,0.0,0.0,0.0,0.0,4.936184,0.0,0.0,0.0,4.1680675,0.0,0.0,0.0,0.0,0.0,0.0,0.0,0.0,0.0,0.0,0.0,0.0,0.0,5.3181973,0.0,0.5302602,0.0,0.0,4.0497584,5.238867,0.0,0.0,0.0,0.0,0.0,0.0,0.0,0.0,7.046124,0.0,0.0,0.0,0.0,0.11442846,0.0,0.0,0.0,6.1556177,0.0,0.0,5.486811,1.8195189,0.0,0.0,6.175593,0.0,0.0,0.0,0.0,0.0,0.0,0.0,0.0,0.0,0.0,0.0,0.0,0.0,0.0,0.0,0.0,0.0,0.0,0.0,2.9210732,0.0,0.0,0.0,0.0,0.0,0.0,0.0,0.0,5.547571,0.0,0.0,0.0,0.0,0.0,0.0,1.1829077,0.0,0.0,0.0,0.0,2.5935419,0.0,0.0,0.0,0.0,0.0,0.0,0.0,5.3063188,4.028255,0.0,8.1645355,0.0,0.0,2.1129022,0.0,4.764902,0.0,0.0,0.0,0.45100778,0.0,0.0,0.0,0.0,0.0,0.0,0.0,0.0,0.0,0.0,0.0
0.0,0.0,2.9591715,0.0,0.0,0.0,0.0,0.0,0.0,0.0,5.644943,0.0,0.0,0.0,0.0,0.0,0.0,0.0,0.0,0.0,0.0,0.0,0.0,3.366429,0.0,0.0,0.0,0.0,0.0,0.0,0.5716905,0.0,3.6588948,0.0,0.0,0.0,0.0,1.2694467,0.0,0.3805056,0.0,0.0,0.0,0.0,3.907257,0.0,0.0,1.0620097,0.0,0.0,0.0,0.0,0.0,0.0,0.0,0.0,0.0,0.0,0.0,0.0,0.0,0.0,0.0,0.0,0.0,0.0,0.0,0.0,4.106632,0.0,0.0,0.0,0.0,0.0,0.0,0.0,2.3791387,0.0,0.0,0.0,6.010285,0.0,0.0,0.0,0.0,0.0,0.0,0.0,0.0,0.0,0.0,0.0,0.0,0.0,3.685112,0.0,0.0,0.0,0.0,0.0,0.0,0.0,0.15923491,0.0,0.0,0.0,0.0,0.0,0.0,0.0,3.1587217,0.0,1.3611693,0.0,0.0,5.195551,0.0,0.67532355,0.0,0.977432,0.0,0.0,0.0,0.0,0.0,0.0,0.0,0.0
0.0,0.0,0.0,0.0,0.0,0.0,0.0,1.8779259,0.5361134,0.0,2.0037196,0.0,0.0,0.0,0.0,0.0,0.0,0.0,0.0,0.0,0.0,0.0,0.0,2.6904788,0.95331717,0.0,0.0,0.0,0.0,0.0,0.7421628,0.0,0.0,0.0,0.0,0.0,0.26314172,0.0,0.0,0.0,0.0,0.0,0.0,0.0,0.0,0.0,0.0,1.9012593,0.0,0.0,0.0,1.6452874,0.0,0.0,0.0,0.92771626,0.0,0.0,0.0,0.0,0.0,0.0,0.0,0.0,0.0,0.0,0.0,0.0,0.0,0.0,0.0,0.0,0.0,0.0,0.0,1.2988718,0.34811264,0.0,0.0,0.0,0.0,0.0,0.0,0.0,2.4478254,0.0,0.0,0.0,0.0,0.0,0.0,0.0,2.334314,0.0,0.0,0.0,3.4186592,0.0,0.0,0.0,0.0,0.0,0.35939452,0.0,3.3435867,0.0,1.5388076,0.0,0.0,0.0,0.0,0.0,3.6548045,0.0,0.0,0.0,0.023690913,0.0,0.0,0.0,0.0,0.0,2.61444,0.0,0.0,0.0,0.0,0.0
0.0,0.0,0.0,0.0,0.0,0.0,13.096101,0.0,0.0,0.0,10.92882,0.0,0.0,0.0,0.0,0.0,0.0,0.0,0.0,0.0,0.0,0.0,0.0,0.0,3.9337327,0.0,0.0,0.0,0.0,3.9674115,0.0,0.0,0.0,0.0,0.0,0.0,2.577659,1.5832195,0.0,8.227527,0.0,0.0,0.0,0.0,0.034810346,0.0,0.0,0.0,5.1620035,0.0,0.0,10.569036,0.0,0.0,0.0,6.3525715,0.0,0.0,0.0,0.0,0.0,0.0,0.0,0.0,0.0,0.0,0.0,0.0,0.0,0.0,0.0,0.0,0.0,0.0,0.0,0.0,0.0,0.0,0.0,0.0,0.0,0.0,0.0,0.0,10.347602,0.0,0.0,0.0,0.0,0.0,0.0,0.0,0.0,0.0,0.0,0.0,8.29205,0.0,0.0,0.0,0.0,0.0,0.0,0.0,0.0,6.7509804,0.0,12.63017,0.0,0.0,0.0,0.0,8.416652,0.0,0.0,0.9162947,3.4369648,0.0,0.0,0.0,0.0,0.0,3.7969294,0.0,0.0,0.0,4.1160836,0.0
0.0,0.0,0.0,0.0,0.0,0.0,3.6402605,0.0,0.9899216,0.0,7.7041345,0.0,0.0,0.0,0.0,0.0,0.0,0.0,0.0,0.0,0.0,0.0,0.0,0.0,5.1767592,0.0,0.0035827402,0.0,0.0,0.0,0.0,0.0,0.0,0.0,0.0,0.27756113,0.0,0.0,0.0,7.320772,0.0,0.0,0.0,0.0,0.0,0.0,0.0,2.9124482,0.0,0.0,0.0,3.5544372,0.0,0.0,0.0,4.0325556,0.0,0.0,0.0,0.0,0.0,0.0,0.0,0.0,0.0,0.0,0.0,0.0,0.0,0.0,0.0,0.0,0.0,0.0,0.0,0.0,0.0,0.0,0.0,0.0,0.0,0.0,0.0,0.0,6.7615867,0.0,0.0,0.0,0.0,0.0,0.0,0.0,0.0,0.0,0.0,0.0,11.11942,0.0,0.0,0.0,0.0,0.0,0.0,0.0,5.2257648,0.0,0.0,0.0,0.0,0.0,0.0,0.0,1.0433242,0.0,0.0,0.0,1.4282441,0.0,0.0,0.0,0.0,0.0,4.591695,0.0,0.0,0.0,0.0,0.0
0.0,0.0,0.0,0.0,0.0,0.0,2.6051512,0.0,0.0,0.0,0.0,0.0,3.0938482,0.36596644,0.0,0.0,0.59512335,0.0,0.0,0.0,0.0,0.734256,0.0,3.7284997,0.0,0.0,0.0,0.0,0.0,0.0,0.0,0.0,1.0539627,0.0,0.0,0.0,0.0,0.0,2.3296678,0.0,0.0,0.0,0.0,0.0,0.0,0.0,0.0,0.0,0.0,0.0,0.0,0.0,0.0,0.0,0.0,0.0,0.0,0.0,0.0,0.0,0.0,0.0,0.0,0.0,0.0,0.0,0.0,0.0,3.4342036,0.0,0.0,0.0,0.0,0.0,0.0,0.0,2.4933383,0.0,0.0,0.0,0.0,0.0,0.0,0.0,0.0,0.0,0.0,1.5489627,0.0,0.0,0.0,0.0,0.0,0.0,0.0,0.0,0.0,0.0,0.0,0.0,0.0,0.0,1.6902027,1.6903651,0.0,0.0,0.0,0.0,0.0,4.174653,0.0,0.0,0.0,0.0,0.0,0.0,0.0,0.0,0.0,0.0,0.0,0.0,0.0,0.0,0.0,7.980945,5.3495097,0.0
0.0,0.0,0.0,0.0,0.0,0.36310753,0.0,0.0,0.0,0.0,1.208836,0.0,0.0,0.0,0.0,0.0,0.0,0.0,0.0,0.0,0.0,0.0,0.0,2.93885,0.0,0.0,0.0,0.0,0.0,0.12878224,0.0,0.0,0.0,0.0,0.0,0.0,1.6234912,0.0,0.0,2.1714294,0.0,0.0,0.0,0.0,0.0,0.0,0.7166689,0.0108092055,0.0,0.0,0.0,2.1527364,0.0,0.0,0.0,0.0,0.0,0.0,0.0,0.0,0.0,0.0,0.0,0.0,0.0,0.0,0.0,0.0,0.0,0.0,0.0,0.0,0.0,0.0,0.0,0.0,2.8521566,0.0,0.0,0.0,0.0,0.7190166,0.0,0.0,2.2672079,0.0,0.0,0.0,0.0,0.0,0.0,0.0,2.024813,0.0,0.0,0.0,3.4073005,0.0,0.0,0.0,0.0,0.0,0.0,0.0,0.5805528,0.0,0.0,2.2698684,0.0,0.0,0.0,0.0,3.8929508,0.0,0.0,2.3171494,1.8856645,0.0,0.0,0.0,0.0,0.0,0.33201432,0.0,0.0,0.60882384,0.0,0.0
0.0,0.0,0.0,0.0,0.0,0.0,0.0,0.0,3.8298848,0.0,0.0,0.0,4.364279,0.0,0.0,0.0,0.0,0.0,0.0,0.0,0.0,0.0,0.0,5.9055414,4.4160204,0.0,0.0,0.0,0.0,0.6834265,0.0,0.0,0.0,0.0,0.0,9.373402,0.0,0.0,0.0,3.5165203,0.0,0.0,0.0,0.0,0.0,0.0,5.980666,3.36625,0.0,0.0,0.0,0.0,0.0,0.0,0.0,0.0,0.0,0.0,0.0,0.0,0.0,0.0,0.0,0.0,0.0,0.0,0.0,0.0,0.0,0.0,0.0,0.0,0.0,0.0,0.0,16.063723,0.0,0.0,0.0,0.0,14.323285,0.0,0.0,0.0,7.830501,0.0,0.0,3.067462,0.0,0.0,0.0,0.0,2.422305,0.0,0.0,0.0,15.993868,0.0,0.0,0.0,0.0,0.0,0.4955121,0.0,12.215315,0.0,0.0,0.0,0.0,0.0,0.0,0.0,1.1308362,0.0,0.0,0.0,3.2938478,0.0,0.0,0.0,0.0,0.0,8.457539,0.0,0.0,0.0,0.0,0.0
0.0,0.0,0.0,0.0,0.0,0.0,6.8189893,0.0,4.1518574,0.0,10.560905,0.0,0.0,0.0,0.0,0.0,0.0,0.0,0.0,0.0,0.0,0.0,0.0,0.0,4.6190886,0.0,1.1979109,0.0,0.0,2.3557959,1.2952334,0.0,0.0,0.0,0.0,0.0,0.0,0.0,0.0,3.8137631,0.0,0.0,0.0,0.0,0.0,0.0,0.0,0.0,0.927842,0.0,0.0,3.9934106,0.0,0.0,0.0,8.211808,0.0,0.0,0.0,0.0,0.0,0.0,0.0,0.0,0.0,0.0,0.0,0.0,0.0,0.0,0.0,0.0,0.0,0.0,0.0,0.3293721,0.0,0.0,0.0,0.0,0.0,0.0,0.0,0.0,7.290823,0.0,0.0,0.0,0.0,0.0,0.0,1.3599014,0.0,0.0,0.0,0.0,4.8161407,0.0,0.0,0.0,0.0,0.0,0.0,0.0,7.552728,3.3549287,0.0,0.0,0.0,0.0,0.0,0.0,3.7247827,0.0,0.0,0.0,0.0,0.0,0.0,0.0,0.0,0.0,6.506237,0.0,0.0,0.0,0.0,0.0
0.27079812,0.0,0.0,0.0,0.0,0.0,10.6820755,0.0,0.0,0.0,10.212835,0.0,0.0,0.0,0.0,0.0,0.0,0.0,0.0,0.0,0.0,0.0,0.0,0.0,3.4109395,0.0,0.0,0.0,0.0,0.0,0.0,0.0,0.36360532,0.0,0.0,0.0,0.0,0.0,0.0,0.0,0.0,0.0,0.0,0.0,0.77892673,0.0,0.0,0.0,0.0,0.0,0.0,0.0,0.0,0.0,0.0,0.0,0.0,0.0,0.0,0.0,0.0,0.0,0.0,0.0,0.0,0.0,0.0,0.0,5.0147896,0.0,0.0,0.0,0.0,0.0,0.0,0.0,0.0,0.0,0.0,0.0,0.0,0.0,0.0,0.0,0.0,0.0,0.0,0.0,0.0,0.0,0.0,0.0,3.6409798,0.0,0.0,0.0,0.0,0.0,0.0,0.0,0.0,0.0,18.266813,0.0,0.0,0.0,0.0,0.0,0.0,0.0,0.0,0.0,0.0,0.0,0.0,4.6208477,0.0,0.0,0.0,0.0,0.0,0.0,0.0,0.0,0.0,6.0821514,2.6374345,0.0
0.0,0.0,0.0,0.0,0.0,0.79793906,3.9912806,0.0,0.0,0.0,3.609554,0.0,0.0,0.0,0.0,0.0,0.0,0.0,0.0,0.0,0.0,0.0,0.0,0.0,0.0,0.0,0.0,0.0,0.0,0.8861971,0.0,0.0,0.0,0.0,0.0,0.0,2.8725574,2.553623,0.0,4.8938885,0.0,0.0,0.0,0.0,0.0,0.0,0.0723,0.0,2.6555288,0.0,0.0,5.089138,0.0,0.0,0.0,0.0,0.0,0.0,0.0,0.0,0.0,0.0,0.0,0.0,0.0,0.0,0.0,0.0,0.0,0.0,0.0,0.0,0.0,0.0,0.0,0.0,0.99330604,0.0,0.0,0.0,0.0,0.0,0.0,0.0,5.9768934,0.0,0.0,0.0,0.0,0.0,0.0,0.0,0.0,0.0,0.0,0.0,6.28556,0.0,0.0,0.0,0.0,0.0,0.0,0.0,0.9562363,2.7346144,0.0,5.628971,0.0,0.0,0.0,0.0,1.21275,0.0,0.0,0.13989185,3.1442313,0.0,0.0,0.0,0.0,0.0,1.9973034,0.0,0.0,0.0,2.0492234,0.0
0.0,0.0,0.0,0.0,0.0,0.0,2.2451813,0.0,0.0,0.0,0.0,0.0,2.536943,0.20561673,0.0,0.0,0.1890845,0.0,0.0,0.0,0.0,0.0,0.0,4.010199,0.0,0.0,0.0,0.0,0.0,0.0,0.0,0.0,3.2649667,0.0,0.0,0.0,0.0,0.0,2.1498878,0.0,0.0,0.0,0.0,0.0,0.0,0.0,0.0,0.0,0.0,0.0,0.0,0.0,0.0,0.0,0.0,0.0,0.0,0.0,0.0,0.0,0.0,0.0,0.0,0.0,0.0,0.0,0.0,0.0,5.4108725,0.0,0.0,0.0,0.0,0.0,0.0,0.0,0.9659299,0.0,0.0,0.0,0.0,0.0,0.0,0.0,0.0,0.0,0.0,1.3953295,0.0,0.0,0.0,0.0,0.0,0.0,0.0,0.0,0.0,0.0,0.0,0.0,0.0,0.0,4.130946,1.9158181,0.0,0.0,0.0,0.0,0.0,2.231663,0.0,0.0,0.0,0.0,0.0,0.0,0.0,0.0,0.0,0.0,0.0,0.0,0.0,0.0,0.0,5.0226545,5.268151,0.0
0.0,0.0,0.0,0.0,0.0,0.0,8.693468,0.0,0.0,0.0,7.7484927,0.0,0.0,0.0,0.0,0.0,0.0,0.0,0.0,0.0,0.0,0.0,0.0,5.142507,1.9981549,0.0,0.0,0.0,0.0,0.0,0.0,0.0,4.6372256,0.0,0.0,0.0,0.0,0.0,0.0,0.0,0.0,0.0,0.0,0.0,0.0,0.0,0.0,0.0,0.0,0.0,0.0,0.0,0.0,0.0,0.0,0.0,0.0,0.0,0.0,0.0,0.0,0.0,0.0,0.0,0.0,0.0,0.0,0.0,9.413576,0.0,0.0,0.0,0.0,0.0,0.0,0.0,0.0,0.0,0.0,0.0,0.0,0.0,0.0,0.0,0.0,0.0,0.0,0.0,0.0,0.0,0.0,0.0,3.1775997,0.0,0.0,0.0,0.0,0.0,0.0,0.0,0.0,0.0,13.615147,0.0,0.0,0.0,0.0,0.0,0.0,0.0,0.0,0.0,0.0,0.0,0.0,3.9434206,0.0,0.0,0.0,0.0,0.0,0.0,0.0,0.0,0.0,6.6375375,4.738889,0.0
0.0,0.0,0.0,0.0,0.0,0.0,3.5092397,0.0,3.8880267,0.0,5.243071,0.0,0.0,0.0,0.0,0.0,0.5963425,0.0,0.0,0.0,0.0,0.0,0.0,0.0,1.4639367,0.0,0.0,0.0,0.0,0.0,0.0,0.0,0.0,0.0,0.0,0.93556076,0.6249578,0.0,0.0,1.7311581,0.0,0.0,0.0,0.0,0.0,0.0,0.0,2.9656847,0.0,0.0,0.0,1.0016539,0.0,0.0,0.0,2.4402833,0.0,0.0,0.0,0.0,0.0,0.0,0.0,0.0,0.0,0.0,0.0,0.0,0.0,0.0,0.0,0.0,0.0,0.0,0.0,0.048094995,0.0,0.0,0.0,0.0,0.0,0.0,0.0,0.0,5.2420373,0.0,0.0,0.0,0.0,0.0,0.0,0.0,0.0,0.0,0.0,0.0,4.256985,0.0,0.0,0.0,0.0,0.0,0.0,0.0,3.876302,0.09982492,2.3925436,0.0,0.0,0.0,0.0,0.0,0.0,0.0,0.0,0.0,2.4011502,0.0,0.0,0.0,0.0,0.0,4.099459,0.0,0.0,0.0,0.0,0.0
0.47758272,0.0,0.9674442,0.0,0.0,0.93577886,0.81236583,0.0,0.0,0.0,3.9584951,0.0,0.0,0.0,0.0,0.0,0.0,0.0,0.0,0.0,0.0,0.0,0.0,0.0,0.0,0.0,0.0,0.0,0.0,1.074274,0.0,0.0,0.0,0.040261194,0.0,0.0,0.0,1.5663918,0.0,0.61928385,0.0,0.0,0.0,0.0,1.1494231,0.0,1.9503795,0.48821068,0.0,0.0,0.0,3.876775,0.0,0.0,0.0,0.0,0.7552002,0.0,0.0,0.0,0.0,0.0,0.0,0.0,0.0,0.0,0.0,0.0,0.0,0.0,0.0,0.0,0.0,0.0,0.0,0.0,3.8077977,0.0,0.0,0.0,0.0,0.12759045,0.0,0.0,0.0,0.0,0.0,0.0,0.0,0.0,0.0,0.0,0.0,0.0,0.0,0.0,0.0,0.0,0.0,0.0,0.0,0.0,0.0,0.0,0.0,0.0,0.0,2.0115085,0.0,0.0,0.0,0.0,2.351923,0.0,0.0,5.596401,1.4326668,0.0,0.0,0.0,0.0,0.0,0.54735065,0.0,0.0,0.18813035,0.0,0.0
10.517787,0.0,0.0,0.0,0.0,0.0,19.32584,0.0,0.0,0.0,22.237303,0.0,0.0,0.0,0.0,0.0,0.0,0.0,0.0,0.0,0.0,0.0,0.0,0.0,0.20826235,0.0,0.0,0.0,0.0,0.0,16.868715,0.0,0.0,0.0,0.0,0.0,0.0,0.0,0.0,18.629145,0.0,0.0,0.0,0.0,7.5108333,0.0,0.0,0.0,19.309082,6.2026134,0.0,13.1529255,6.990699,0.0,0.0,5.5690966,0.0,0.0,0.0,0.0,0.0,0.0,0.0,0.0,0.0,0.0,0.0,0.0,0.0,0.0,0.0,0.0,0.0,0.0,0.0,0.0,0.0,0.0,0.0,0.0,0.0,5.66196,0.0,0.0,1.6679419,0.0,0.0,0.0,0.0,0.0,0.0,0.0,0.0,0.0,0.0,0.0,0.0,0.0,0.0,0.0,0.0,0.0,12.676563,0.0,0.0,13.423902,0.0,18.39376,0.0,0.0,0.0,0.0,0.0,0.0,0.0,8.953753,0.0,0.0,0.0,0.0,0.0,0.0,0.0,0.0,0.0,3.4156234,5.578386,0.0
0.0,0.0,0.0,0.0,0.0,1.0780978,12.805975,0.0,0.0,0.0,12.237734,0.0,0.0,0.0,0.0,0.0,0.0,0.0,0.0,0.0,0.0,0.0,0.0,0.0,9.395282,0.0,0.0,0.0,0.0,0.0,2.9045177,0.0,0.0,0.0,0.0,0.0,0.0,0.0,0.0,3.153825,0.0,0.0,0.0,0.0,0.0,0.0,0.0,4.0189962,0.0,0.0,0.0,2.1888845,0.0,0.0,0.0,0.0,0.0,0.0,0.0,0.0,0.0,0.0,0.0,0.0,0.0,0.0,0.0,0.0,0.0,0.0,0.0,0.0,0.0,0.0,0.0,0.0,0.0,0.0,0.0,0.0,0.0,0.0,0.0,0.0,0.16206262,0.0,0.0,0.0,0.0,0.0,0.0,0.0,1.1562946,0.0,0.0,0.0,0.0,0.0,0.0,0.0,0.0,0.0,16.726576,0.0,0.0,0.0,4.466914,0.0,0.0,0.0,0.0,0.0,0.0,0.0,0.0,6.420885,0.0,0.0,0.0,0.0,0.0,0.0,1.6619302,0.0,0.0,0.0,0.2028057,0.0
5.457982,0.0,0.0,2.08938,0.0,0.0,0.0,0.0,0.0,0.0,4.116559,0.0,0.0,0.0,0.0,0.0,0.0,0.0,0.0,0.0,0.0,0.0,2.550857,3.1702127,0.0,0.0,0.0,0.0,0.0,0.761269,0.16236883,0.0,0.0,0.0,0.0,0.0,0.0,0.0,0.0,2.1965861,0.0,0.0,0.0,0.0,3.5855184,0.0,2.8776643,0.0,0.0,0.0,0.0,0.29820943,0.0,0.0,0.0,0.0,0.0,0.0,0.0,0.0,0.0,0.0,0.0,0.0,0.0,0.0,0.0,0.0,0.87153035,0.0,0.0,0.0,0.0,0.0,0.0,1.0089111,3.6776862,0.0,0.0,0.0,2.005169,0.0,0.0,0.0,0.0,0.0,0.0,0.0,0.0,0.0,0.0,0.0,0.0,0.0,3.8039827,0.0,0.0,0.0,0.0,0.0,0.0,0.0,0.0,0.0,0.0,0.0,0.0,1.2666074,0.0,0.0,0.0,0.0,3.5167048,0.0,0.0,6.562539,0.0,4.572232,0.0,0.0,4.206539,0.0,0.0,0.0,0.0,2.6630988,0.0,0.0
0.0,0.0,0.0,0.0,0.0,2.086932,1.1570038,0.0,0.0,0.0,2.224973,0.0,0.0,0.0,0.0,0.0,0.0,0.0,0.0,0.0,0.0,0.0,0.0,0.0,2.6577353,0.0,0.0,0.0,0.0,0.0,0.0,0.0,0.0,0.35356164,0.0,0.8480235,0.0,0.0,0.0,0.80262274,0.0,0.0,0.0,0.0,0.0,0.0,1.9005517,1.7945682,0.0,0.0,0.0,2.4038727,0.0,0.0,0.0,0.0,0.0,0.0,0.0,0.0,0.0,0.0,0.0,0.0,0.0,0.0,0.0,0.0,0.0,0.0,0.0,0.0,0.0,0.0,0.0,0.0,0.7638666,0.0,0.0,0.0,0.0,0.0,0.0,0.0,3.2326183,0.0,0.0,0.0,0.0,0.0,0.0,0.0,3.7861073,0.0,0.0,0.0,4.543399,0.0,0.0,0.0,0.0,0.0,0.7585214,0.0,1.8641624,0.0,0.0,2.4617136,0.0,0.0,0.0,0.0,1.6555476,0.0,0.0,2.2259402,2.0552912,0.0,0.0,0.0,0.0,0.0,4.024295,0.0,0.0,0.0,0.0,0.0
0.0,0.0,0.0,0.0,0.0,0.0,8.533406,0.0,0.0,0.0,7.34525,0.0,0.0,0.0,0.0,0.0,0.0,0.0,0.0,0.0,0.0,0.0,0.0,0.0,8.626377,0.0,0.82887757,0.0,0.0,0.71876645,0.6785392,0.0,0.0,1.9777926,0.0,0.0,0.0,0.0,0.0,4.9170227,0.0,0.0,0.0,0.0,0.0,0.0,0.0,0.0,2.2835934,0.0,0.0,5.7684674,0.0,0.0,0.0,6.3636894,0.0,0.0,0.0,0.0,0.0,0.0,0.0,0.0,0.0,0.0,0.0,0.0,0.0,0.0,0.0,0.0,0.0,0.0,0.0,0.0,0.0,0.0,0.0,0.0,0.0,0.0,0.0,0.0,6.4216695,0.0,0.0,0.0,0.0,0.0,0.0,1.3170952,0.0,0.0,0.0,0.0,3.6366765,0.0,0.0,0.0,0.0,0.0,1.8846405,0.0,4.6590357,0.0,0.0,2.2381248,0.0,0.0,0.0,0.0,3.9562066,0.0,0.0,0.0,0.0,0.0,0.0,0.0,0.0,0.0,6.091203,0.0,0.0,0.0,0.0,0.0
4.3620734,0.0,0.0,0.0,0.0,0.0,15.6499605,0.0,0.0,0.0,19.976713,0.0,0.0,0.0,0.0,0.0,0.0,0.0,0.0,0.0,0.0,0.0,0.0,0.0,7.2101984,0.0,0.0,0.0,0.0,0.0,3.3076103,0.0,0.0,0.0,0.0,0.0,0.0,0.0,0.0,4.0368743,0.0,0.0,0.0,0.0,6.5338116,0.0,0.0,2.3916805,0.0,0.0,0.0,3.0246358,0.0,0.0,0.0,0.0,0.0,0.0,0.0,0.0,0.0,0.0,0.0,0.0,0.0,0.0,0.0,0.0,0.0,0.0,0.0,0.0,0.0,0.0,0.0,0.0,0.0,0.0,0.0,0.0,0.0,0.0,0.0,0.0,0.0,0.0,0.0,0.0,0.0,0.0,0.0,0.0,0.0,0.0,0.0,0.0,0.0,0.0,0.0,0.0,0.0,0.0,15.148627,0.0,0.0,0.0,0.0,0.0,0.0,0.0,0.0,0.0,0.0,0.0,0.0,11.059558,0.0,0.0,0.0,0.0,0.0,0.0,0.0,0.0,0.0,0.0,0.6793239,0.0
0.0,0.0,0.0,0.0,0.0,0.0,1.54988,0.0,0.0,0.0,0.6602538,0.0,0.0,0.0,0.0,0.0,0.0,0.0,0.0,0.0,0.0,0.0,0.0,2.8650591,2.351145,0.0,0.0,0.0,0.0,0.692443,0.0,0.0,0.0,0.60583633,0.0,0.0,0.0,0.0,0.0,0.0,0.0,0.0,0.0,0.0,0.48645222,0.0,0.0,0.0,0.0,0.0,0.0,1.2204903,0.0,0.0,0.0,2.2127683,0.0,0.0,0.0,0.0,0.0,0.0,0.0,0.0,0.0,0.0,0.0,0.0,1.2312143,0.0,0.0,0.0,0.0,0.0,0.0,0.0,0.0,0.0,0.0,0.0,0.0,0.0,0.0,0.0,1.1956528,0.0,0.0,0.0,0.0,0.0,0.0,0.0,1.5117596,0.0,0.0,0.0,0.0,0.0,0.0,0.0,0.0,0.0,0.823028,0.0,0.70033365,0.0,0.3028159,0.0,0.0,0.0,0.0,0.0,4.3480535,0.0,0.0,0.0,0.4459295,0.0,0.0,0.33965632,0.0,0.0,1.464836,0.0,0.0,0.0,0.0,0.0
0.0,0.0,0.0,0.0,0.0,0.0,8.179712,0.0,0.0,0.0,6.747962,0.0,0.0,0.0,0.0,0.0,0.0,0.0,0.0,0.0,0.0,0.0,0.0,3.9444456,0.7889634,0.0,0.0,0.0,0.0,0.0,0.0,0.0,4.386613,0.0,0.0,0.0,0.0,0.0,0.0,0.0,0.0,0.0,0.0,0.0,0.0,0.0,0.0,0.0,0.0,0.0,0.0,0.0,0.0,0.0,0.0,0.0,0.0,0.0,0.0,0.0,0.0,0.0,0.0,0.0,0.0,0.0,0.0,0.0,7.724242,0.0,0.0,0.0,0.0,0.0,0.0,0.0,0.0,0.0,0.0,0.0,0.0,0.0,0.0,0.0,0.0,0.0,0.0,0.0,0.0,0.0,0.0,0.0,3.114935,0.0,0.0,0.0,0.0,0.0,0.0,0.0,0.0,0.0,12.935156,0.0,0.0,0.0,0.0,0.0,0.0,0.0,0.0,0.0,0.0,0.0,0.0,2.8986304,0.0,0.0,0.0,0.0,0.0,0.0,0.0,0.0,0.0,6.764006,4.9730086,0.0
0.0,0.0,0.0,0.8879536,0.0,0.0,0.0,0.0,5.746651,0.0,0.0,0.0,3.2876425,0.0,0.0,0.0,0.0,0.0,0.0,0.44542342,0.0,0.0,1.9444549,5.809305,0.0,0.0,0.0,0.0,0.0,4.5166807,2.2576306,0.0,0.0,0.0,0.0,0.0,0.0,0.0,0.0,0.08082813,0.0,0.0,0.0,0.0,0.0,0.0,3.8651466,2.9070632,0.0,0.0,0.0,0.0,0.0,0.0,0.0,0.0,0.0,0.0,0.0,2.1538618,0.1727285,0.0,0.0,0.0,0.0,0.0,0.0,0.0,0.0,0.0,0.0,0.0,0.0,0.0,0.0,3.747133,1.4254379,0.0,0.0,0.0,12.058956,0.0,0.0,0.0,0.0,0.0,0.0,0.02376961,0.0,0.0,0.0,0.49407816,0.0,0.0,0.0,0.0,4.8980527,0.0,0.0,0.0,0.0,0.0,0.0,0.0,3.2429743,0.0,0.0,0.0,0.0,0.0,1.4051619,0.0,3.187348,0.0,0.0,0.0,0.0,0.0,0.0,0.0,0.0,0.0,0.0,0.0,0.0,0.8105774,0.0,0.0
4.0969324,0.0,0.0,0.0,0.0,0.0,12.2155285,0.0,0.0,0.0,11.279781,0.0,0.0,0.0,0.0,0.0,0.0,0.0,0.0,0.0,0.0,0.0,0.0,0.0,0.6900937,0.0,0.0,0.0,0.0,0.0,4.567835,0.0,0.0,0.0,0.0,0.0,0.0,0.0,0.0,5.8163595,0.0,0.0,0.0,0.0,2.208392,0.0,0.0,0.0,2.6622148,0.0,0.0,8.242241,0.0,0.0,0.0,3.4217973,0.0,0.0,0.0,0.0,0.0,0.0,0.0,0.0,0.0,0.0,0.0,0.0,0.0,0.0,0.0,0.0,0.0,0.0,0.0,0.0,0.0,0.0,0.0,0.0,0.0,0.0,0.0,0.0,3.4603655,0.0,0.0,0.0,0.0,0.0,0.0,0.0,0.0,0.0,0.0,0.0,0.3115253,0.0,0.0,0.0,0.0,0.0,5.756347,0.6163045,0.0,3.5132113,0.8420692,5.6780543,0.0,0.0,0.0,0.0,2.3129976,0.0,0.0,2.7232022,0.0,0.0,0.0,0.0,0.0,0.0,0.0,0.0,0.0,0.0,5.2279973,0.0
0.0,0.0,0.0,0.0,0.0,0.0,7.8798723,0.0,0.0,0.0,2.984599,0.0,0.0,0.0,0.0,0.0,0.0,0.0,0.0,0.0,0.0,0.0,0.0,0.0,4.6602206,0.0,0.0,0.0,0.0,7.3913393,4.8736897,0.0,0.0,0.0,0.0,0.0,0.0,0.0,0.0,12.379607,0.0,0.0,0.0,0.0,0.0,0.0,5.977212,0.0,16.789783,0.0,0.0,7.6862564,4.0931964,0.0,0.0,0.0,0.7105144,0.0,0.0,0.0,0.0,0.0,0.0,0.0,3.4675734,0.0,0.0,0.0,0.0,0.0,0.0,0.0,0.0,0.0,0.0,0.0,0.0,0.0,0.0,0.0,0.0,0.0,0.0,0.0,6.8656116,0.0,0.0,0.0,0.0,0.0,0.0,1.1429344,0.0,0.0,0.0,0.0,0.5960608,0.0,0.0,0.0,0.0,0.0,0.0,0.0,0.41990498,2.607773,0.0,24.484152,0.0,0.0,3.8854837,0.0,0.0,0.0,0.0,8.480517,6.932348,0.0,0.0,0.0,0.0,0.0,0.0,0.0,0.0,0.0,0.0,0.0
1.7049822,0.0,0.0,0.012446176,0.0,0.9166957,0.03606356,0.0,0.0,0.0,1.2192485,0.0,1.4072123,0.0,0.0,0.0,0.0,0.0,0.0,0.0,0.0,0.0,0.0,0.0,0.0,0.0,0.0,0.0,0.0,2.4993424,0.2966872,0.0,0.0,0.0,0.0,0.0,0.0,2.1886833,0.0,2.6647024,0.0,0.0,0.0,0.0,0.0,0.0,4.819574,0.0,3.4468799,1.1658472,0.0,4.028346,0.0,0.0,0.0,0.0,0.0,0.0,0.0,0.0,0.0,0.0,0.0,0.0,0.0,0.0,0.0,0.0,0.0,0.0,0.0,0.0,0.24916531,0.0,0.0,0.0,3.789334,0.0,0.0,0.0,0.0,0.052592162,0.0,0.0,0.0,0.0,0.0,0.0,0.0,0.0,0.0,0.0,0.0,0.0,0.0,0.0,2.6746356,0.0,0.0,0.0,0.0,0.0,0.0,0.0,0.0,0.0,0.0,7.0468826,0.39692572,0.0,0.0,0.0,0.4655061,0.0,0.0,5.7932825,0.40602103,0.0,0.0,0.0,0.0,0.0,0.0,0.0,0.0,3.9634032,0.0,0.0
0.0,0.0,2.3862092,0.0,0.0,0.0,0.0,0.0,0.0,0.0,0.0,0.0,4.310788,5.7639227,0.0,0.0,0.0,0.0,0.0,0.0062535903,0.0,0.0,0.0,5.972269,0.0,0.0,0.0,0.0,0.0,0.0,0.0,0.0,8.06619,0.0,0.0,0.0,0.0,0.0,3.8944979,0.0,0.0,0.0,0.0,0.0,0.0,0.0,0.0,0.0,0.0,0.0,0.0,0.0,0.0,0.0,0.0,0.0,0.0,0.0,0.0,0.0,0.0,0.0,0.0,0.0,0.0,0.0,0.0,0.0,1.3833407,0.0,0.0,0.0,0.0,0.0,0.0,0.0,5.642622,0.0,0.0,0.0,3.0222368,0.0,0.0,0.0,0.0,0.0,0.0,4.230163,0.0,0.0,0.0,0.0,0.0,0.0,0.60542095,0.0,0.0,0.0,0.0,0.0,0.0,0.0,4.675652,0.0,0.0,0.0,0.0,0.0,8.392566,0.0,0.0,0.0,0.0,0.0,0.0,0.0,0.0,0.0,0.0,0.0,0.0,0.0,0.0,0.0,0.0,7.9741473,0.0,0.0
0.0,0.0,0.0,0.0,0.0,0.0,2.6724355,0.0,0.0,0.0,0.0,0.0,1.3415359,4.466098,0.0,0.0,0.0,0.0,0.0,0.0,0.0,0.37950456,0.0,0.0,0.0,0.0,0.0,0.0,0.0,0.0,0.0,0.0,0.7228098,0.0,0.0,0.0,0.0,0.0,3.6545537,0.0,0.0,0.0,0.0,0.0,0.0,0.0,0.0,0.0,0.0,0.0,0.0,0.0,0.0,0.0,0.0,0.0,0.0,0.0,0.0,0.0,0.0,0.0,0.0,0.0,0.0,0.0,0.0,0.0,2.1219041,0.0,0.0,0.87717247,0.0,0.0,0.0,0.0,1.939141,0.0,0.0,0.0,0.0,0.0,0.0,0.0,0.0,0.0,0.0,5.9784822,0.0,1.089284,0.0,0.0,0.0,0.0,0.06576194,0.0,0.0,0.0,0.0,0.0,0.0,0.0,5.409787,5.152146,0.0,0.0,0.0,0.0,0.0,3.284476,0.0,0.0,0.0,0.0,0.0,0.0,0.0,0.0,0.0,0.0,0.0,0.0,0.0,0.0,0.0,5.318693,2.7051275,0.0
0.0,0.0,0.0,0.0,0.0,0.0,8.498812,0.0,0.0,0.0,0.35419685,0.0,0.0,0.0,0.0,0.0,0.0,0.0,0.0,0.0,0.0,0.0,0.0,0.0,7.0245175,0.0,0.0,0.0,0.0,2.534111,1.4278163,0.0,0.0,0.0,0.0,0.0,0.0,0.0,0.0,7.5718765,0.0,0.0,0.0,0.0,0.5983946,0.0,0.0,0.0,2.7434673,0.0,0.0,8.695554,0.0,0.0,0.0,3.980094,0.0,0.0,0.0,0.0,0.0,0.0,0.0,0.0,0.34189484,0.0,0.0,0.0,0.0,0.0,0.0,0.0,0.0,0.0,0.0,0.0,0.0,0.0,0.0,0.0,0.0,0.0,0.0,0.0,8.954214,0.0,0.0,0.0,0.0,0.0,0.0,0.94408035,0.36884922,0.0,0.0,0.0,2.5353184,0.0,0.0,0.0,0.0,0.0,3.0676188,0.0,1.217514,0.0,0.0,12.568035,0.0,0.0,0.32049575,0.0,7.5991583,0.0,0.0,4.7649903,0.0,0.0,0.0,0.0,0.0,0.0,0.0,0.0,0.0,0.0,0.0,0.0
1.8922442,0.0,0.0,0.0,0.0,0.0,1.4789286,0.0,0.0,0.0,4.3765664,0.0,0.0,0.0,0.0,0.0,0.0,0.0,0.0,0.0,0.0,0.0,0.0,1.7026391,0.0,0.0,0.0,0.0,0.0,0.33434135,0.0,0.0,0.0,0.0,0.0,0.0,0.23447987,0.25092787,0.0,1.4870685,0.0,0.0,0.0,0.0,3.5699174,0.0,0.0,0.0,0.0,0.0,0.0,0.0,0.0,0.0,0.0,0.0,0.0,0.0,0.0,0.0,0.0,0.0,0.0,0.0,0.0,0.0,0.0,0.0,0.75538874,0.0,0.0,0.0,0.0,0.0,0.0,0.0,0.37647626,0.0,0.0,0.0,0.0,0.0,0.0,0.0,0.0,0.0,0.0,0.0,0.0,0.0,0.0,0.0,0.0,0.0,0.0,0.0,0.0,0.0,0.0,0.0,0.0,0.0,0.42615113,0.0,0.0,0.0,0.0,0.0,0.0,0.0,0.0,0.0,2.4321423,0.0,0.0,1.2070091,0.0,1.1482422,0.0,0.0,0.0,0.0,0.0,0.0,0.0,0.98415256,2.2599134,0.0
1.5214626,0.0,0.9046969,0.0,0.0,0.0,2.0004597,0.0,0.0,0.0,6.0793257,0.0,0.0,0.0,0.0,0.0,0.0,0.0,0.0,0.0,0.0,0.0,0.0,0.0,0.0,0.0,0.0,0.0,0.0,0.0,0.0,0.0,0.0,0.0,0.0,0.0,0.0,3.0177143,0.0,2.564505,0.0,0.0,0.0,0.0,2.9019077,0.0,0.10941508,1.0957911,0.0,0.0,0.0,2.0146632,0.0,0.0,0.0,0.0,0.0,0.0,0.0,0.0,0.0,0.0,0.0,0.0,0.0,0.0,0.0,0.0,0.0,0.0,0.0,0.0,0.0,0.0,0.0,0.0,3.819103,0.0,0.0,0.0,0.0,0.0,0.0,0.0,0.0,0.0,0.0,0.0,0.0,0.0,0.0,0.0,0.0,0.0,0.0,0.0,0.0,0.0,0.0,0.0,0.0,0.0,0.7056012,0.0,0.0,0.0,0.0,0.0,0.0,0.0,0.0,0.0,1.5323799,0.0,0.0,4.206223,0.18870005,0.0,0.0,0.0,0.0,0.0,0.0,0.0,0.0,0.0,0.6580648,0.0
0.0,0.0,0.0,0.0,0.0,0.0,2.7825363,0.0,0.0,0.0,0.0,0.0,1.9988639,0.0,0.0,0.0,0.0,0.0,0.0,0.0,0.0,0.0,0.0,3.1627283,0.0,0.0,0.0,0.0,0.0,0.0,0.0,0.0,4.093453,0.0,0.0,0.0,0.0,0.0,1.9435533,0.0,0.0,0.0,0.0,0.0,0.0,0.0,0.0,0.0,0.0,0.0,0.0,0.0,0.0,0.0,0.0,0.0,0.0,0.0,0.0,0.0,0.0,0.0,0.0,0.0,0.0,0.0,0.0,0.0,4.4495835,0.0,0.0,0.0,0.0,0.0,0.0,0.0,0.3915404,0.0,0.0,0.0,0.0,0.0,0.0,0.0,0.0,0.0,0.0,0.0,0.0,0.0,0.0,0.0,0.0,0.0,0.0,0.0,0.0,0.0,0.0,0.0,0.0,0.0,4.9303126,1.6355616,0.0,0.0,0.0,0.0,0.0,0.9255191,0.0,0.0,0.0,0.0,0.0,0.0,0.0,0.0,0.0,0.0,0.0,0.0,0.0,0.0,0.0,5.1558895,6.284415,0.0
0.0,0.0,0.0,0.0,0.0,0.0,2.5283568,0.0,0.0,0.0,0.0,0.0,1.5016847,0.37628937,0.0,0.0,0.0,0.0,0.0,0.0,0.0,0.0,0.0,1.0329276,0.0,0.0,0.0,0.0,0.0,0.0,0.0,0.0,2.9126537,0.0,0.0,0.0,0.0,0.0,1.9472666,0.0,0.0,0.0,0.0,0.0,0.0,0.0,0.0,0.0,0.0,0.0,0.0,0.0,0.0,0.0,0.0,0.0,0.0,0.0,0.0,0.0,0.0,0.0,0.0,0.0,0.0,0.0,0.0,0.0,3.0779839,0.0,0.0,0.38548627,0.0,0.0,0.0,0.0,0.26542836,0.0,0.0,0.0,0.0,0.0,0.0,0.0,0.0,0.0,0.0,0.7298959,0.0,0.0,0.0,0.0,0.0,0.0,0.0,0.0,0.0,0.0,0.0,0.0,0.0,0.0,5.08802,2.8686023,0.0,0.0,0.0,0.0,0.0,0.7745762,0.0,0.0,0.0,0.0,0.0,0.0,0.0,0.0,0.0,0.0,0.0,0.0,0.0,0.0,0.0,3.5200124,4.229659,0.0
0.0,0.0,0.0,0.0,0.0,0.0,1.8925549,0.0,0.0,0.0,5.8510466,0.0,0.0,0.0,0.0,0.0,0.0,0.0,0.0,0.0,0.0,0.0,0.0,0.0,2.826064,0.0,0.0,0.0,0.0,1.458084,0.0,0.0,0.0,0.0,0.0,0.0,0.0,0.0,0.0,3.8801508,0.0,0.0,0.0,0.0,0.0,0.0,0.0,0.0,0.0,0.0,0.0,5.219336,0.0,0.0,0.0,1.6185969,0.0,0.0,0.0,0.0,0.0,0.0,0.0,0.0,0.0,0.0,0.0,0.0,0.0,0.0,0.0,0.0,0.0,0.0,0.0,1.0442609,0.0,0.0,0.0,0.0,0.0,0.0,0.0,0.0,7.217274,0.0,0.0,0.0,0.0,0.0,0.0,0.0,1.4501437,0.0,0.0,0.0,8.776357,0.0,0.0,0.0,0.0,0.0,0.0,0.0,5.054958,0.0,0.0,2.4069905,0.0,0.0,0.0,0.0,4.4154043,0.0,0.0,0.0,0.89542115,0.0,0.0,0.0,0.0,0.0,4.9108143,0.0,0.0,0.0,0.0,0.0
0.0,0.0,0.0,4.496642,0.0,0.0,0.0,0.0,10.21657,0.0,0.0,0.0,0.0,0.0,0.0,0.0,0.0,0.0,0.0,0.0,0.0,0.0,4.573358,4.940657,0.0,0.0,0.0,0.0,0.0,8.983846,6.197386,0.0,0.0,0.0,0.0,0.0,0.0,0.0,0.0,4.3175607,0.0,0.0,0.0,0.0,0.0,0.0,0.0,0.0,6.4853387,0.0,0.0,0.0,0.0,0.0,0.0,0.0,0.0,0.0,0.0,0.0,0.0,0.0,0.0,0.0,0.0,0.0,0.0,0.0,0.0,0.0,0.0,0.0,0.0,0.0,0.0,7.8101683,0.0,0.0,0.0,0.0,1.4928591,0.0,0.0,0.0,12.544008,0.0,0.0,0.0,0.0,0.0,0.0,0.0,0.0,0.0,0.0,0.0,12.863274,0.0,0.0,0.0,0.0,0.0,0.0,0.0,9.555657,5.472566,0.0,4.2964964,0.0,0.0,0.0,0.0,0.4951798,0.0,0.0,0.0,1.483406,0.0,0.0,0.0,0.0,0.0,4.170429,0.0,0.0,0.22486351,0.0,0.0
0.0,0.0,0.0,0.27256918,0.0,0.0,0.0,0.0,0.0,0.0,0.0,0.0,1.5988158,2.8650837,0.0,0.0,0.8345187,0.0,0.0,0.0,0.0,2.0678687,0.0,2.239365,0.0,0.0,0.0,0.0,0.0,0.0,0.0,0.0,0.07916147,0.0,0.0,0.0,0.0,0.0,5.0002446,0.0,0.0,0.0,0.0,0.0,0.0,0.0,0.0,0.0,0.0,0.0,0.0,0.0,0.0,0.0,0.0,0.0,0.0,0.0,0.0,0.0,0.0,0.0,0.0,0.0,0.0,0.0,0.0,0.0,1.0898736,0.0,0.0,0.0,0.0,0.0,0.0,0.0,5.848327,0.0,0.0,0.0,0.0,0.0,0.0,0.0,0.0,0.0,0.0,5.8554015,0.0,1.4581662,0.0,0.0,0.0,0.0,0.0,0.0,0.0,0.0,0.0,0.0,0.0,0.0,3.2506247,2.2448795,0.0,0.0,0.0,0.0,0.0,3.352543,0.0,0.0,0.0,0.0,0.0,0.0,0.0,0.0,0.0,0.0,0.0,0.0,0.0,0.0,0.0,8.095921,3.2813582,0.0
0.0,0.0,0.016527861,0.0,0.0,0.0,0.0,0.0,0.0,0.0,0.0,0.0,8.274623,7.4712725,0.0,0.0,1.9242256,0.0,0.0,0.072736725,0.0,0.0,0.0,7.386782,0.0,0.0,0.0,0.0,0.0,0.0,0.0,0.0,5.5803785,0.0,0.0,0.0,0.0,0.0,5.3484945,0.0,0.0,0.0,0.0,0.0,0.0,0.0,0.0,0.0,0.0,0.0,0.0,0.0,0.0,0.0,0.0,0.0,0.0,0.0,0.0,0.0,0.0,0.0,0.0,0.0,0.0,0.0,0.0,0.0,3.705181,0.0,0.0,0.0,0.0,0.0,0.0,0.0,0.0,0.0,0.0,0.0,4.6399484,0.0,0.0,0.0,0.0,0.0,0.0,9.170019,0.0,0.0,0.0,0.0,0.0,0.0,2.1184819,0.0,2.9412231,0.0,0.0,0.0,0.0,0.0,0.6119929,0.0,0.0,0.0,0.0,0.0,5.100689,0.0,0.0,0.0,0.0,0.0,0.0,0.0,0.0,0.0,0.0,0.0,0.0,0.0,0.0,0.0,0.0,8.694193,0.0,0.0
0.0,0.0,0.0,0.0,0.0,1.8589107,2.256373,0.0,0.0,0.0,1.0588089,0.0,0.0,0.0,0.0,0.0,0.0,0.0,0.0,0.0,0.0,0.0,0.0,0.0,0.0,0.0,0.0,0.0,0.0,0.0,0.0,0.0,0.0,0.16095904,0.0,0.51159614,0.9362275,1.462529,0.0,0.26509917,0.0,0.0,0.0,0.0,0.0,0.0,0.4798457,0.5722243,0.0,0.10597516,0.0,1.8089143,0.0,0.0,0.0,0.0,0.0,0.0,0.0,0.0,0.0,0.0,0.0,0.0,0.0,0.0,0.0,0.0,0.0,0.0,0.0,0.0,0.0,0.0,0.0,0.0,1.2407213,0.0,0.0,0.0,0.0,0.4449547,0.0,0.0,1.1003093,0.0,0.0,0.0,0.0,0.0,0.0,0.0,0.8294253,0.0,0.0,0.0,0.5636859,0.0,0.0,0.0,0.0,0.0,0.8008028,0.71131617,0.14890863,0.0,0.4718119,0.5825931,0.0,0.0,0.0,0.0,0.0,0.0,0.0,1.4438994,0.99238265,0.0,0.0,0.0,0.0,0.0,0.6466053,0.0,0.0,0.6952054,0.22639588,0.0
0.0,0.0,10.590828,0.0,0.0,0.0,0.0,0.0,3.8809621,0.0,0.0,0.0,1.1735408,1.0459802,0.0,0.0,2.9629579,0.0,0.0,0.1845613,0.0,0.0,0.0,11.8075285,0.0,0.0,0.0,0.0,0.0,0.0,0.0,0.0,3.4206836,0.0,0.0,0.0,0.0,0.0,0.0,0.0,0.0,0.0,0.0,0.0,0.0,0.0,0.0,2.9548638,0.0,0.0,0.0,0.0,0.0,0.0,0.0,0.0,0.0,0.0,0.0,0.0,0.0,0.0,0.0,0.0,0.0,0.0,0.0,0.0,0.29317695,0.0,0.0,0.0,0.0,0.0,0.0,0.0,7.2485247,0.0,0.0,0.0,19.182777,0.0,0.0,0.0,0.0,0.0,0.0,4.332042,0.0,0.0,0.0,0.0,0.0,0.0,2.728962,0.0,3.3944333,0.0,0.0,0.0,0.0,0.0,0.0,0.0,0.0,0.0,0.0,0.0,4.9033275,0.0,0.0,0.0,0.0,0.0,0.0,3.645704,2.4520535,0.0,0.0,0.0,0.0,0.0,0.0,0.0,0.0,4.6340613,0.0,0.0
0.0,0.0,4.283762,0.0,0.0,0.0,0.0,0.0,0.0,0.0,5.097185,0.0,0.0,0.0,0.0,0.0,0.0,0.0,0.0,0.0,0.0,0.0,0.0,3.1735256,0.0,0.0,0.0,0.0,0.0,0.0,1.820493,0.0,3.5607421,0.0,0.0,0.0,0.0,0.0,0.0,0.06465265,0.0,0.0,0.0,0.0,3.010153,0.0,0.0,4.647149,0.0,0.0,0.0,0.0,0.0,0.0,0.0,0.0,0.0,0.0,0.0,0.0,0.0,0.0,0.0,0.0,0.0,0.0,0.0,0.0,2.8227959,0.0,0.0,0.0,0.0,0.0,0.0,0.0,2.6685753,0.0,0.0,0.0,5.9656854,0.0,0.0,0.0,0.0,0.0,0.0,0.0,0.0,0.0,0.0,0.0,0.0,0.0,4.406128,0.0,0.0,0.0,0.0,0.0,0.0,0.0,0.74001735,0.0,0.0,0.0,0.0,0.0,2.0342982,0.0,2.9733417,0.0,0.0,0.0,0.0,5.068623,0.0,0.0,0.0,0.0,0.0,0.0,0.0,0.0,0.0,0.0,0.0,0.0
9.83889,0.0,0.0,0.0,0.0,0.0,16.473606,0.0,6.6305985,0.0,13.030566,0.0,0.0,0.0,0.0,0.0,0.0,0.0,0.0,0.0,0.0,0.0,0.0,0.0,6.8683667,0.0,2.480894,0.0,0.0,13.518043,1.3903286,0.0,0.0,0.0,0.0,0.0,0.0,0.0,0.0,19.710234,0.0,0.0,0.0,0.0,0.0,0.0,0.0,0.0,28.467167,0.0,0.0,4.9133067,11.882779,0.0,0.0,15.447957,0.0,0.0,0.0,0.0,0.0,0.0,0.0,0.0,13.707138,0.0,0.0,0.0,0.0,0.0,0.0,0.0,0.0,0.0,0.0,0.6757337,0.0,0.0,0.0,0.0,0.0,0.0,0.0,0.0,5.8990827,0.0,0.0,0.0,0.0,0.0,0.0,1.6321495,0.0,0.0,1.273836,0.0,0.0,0.0,0.0,0.0,0.0,0.0,0.0,0.0,0.0,21.110077,0.0,16.954788,0.0,0.0,2.4936404,0.0,0.7463039,0.0,0.0,0.0,12.384245,0.0,0.0,0.0,0.0,0.0,0.0,0.0,0.0,0.0,2.7759705,0.0
0.0,0.0,0.0,1.603377,0.0,0.0,0.0,0.0,9.764016,0.0,0.0,0.0,0.33129412,0.0,0.0,0.0,0.0,0.0,0.0,0.0,0.0,0.0,0.23744072,11.918476,0.0,0.0,0.0,0.0,0.0,8.058911,0.0,0.0,0.0,0.0,0.0,1.9237392,0.0,0.0,0.0,0.0,0.0,0.0,0.0,0.0,0.0,0.0,0.80569905,0.0,0.0,0.0,0.0,0.0,0.0,0.0,0.0,0.0,0.0,0.0,0.0,1.1037039,0.0,0.0,0.0,0.0,0.0,0.0,0.0,0.0,0.0,0.0,0.0,0.0,0.0,0.0,0.0,2.2819273,5.4903235,0.0,0.0,0.0,6.5497866,0.0,0.0,0.0,7.550402,0.0,0.0,0.0,0.0,0.0,0.0,0.0,0.0,0.0,0.0,0.0,10.760556,0.0,0.0,0.0,0.0,0.0,0.0,0.0,0.13676177,0.0,0.0,0.0,0.0,0.0,0.0,0.0,8.489726,0.0,0.0,0.0,2.5527596,0.0,0.0,0.0,0.0,0.0,3.1250148,0.0,0.0,7.1910744,0.0,0.0
0.0,0.0,0.0,0.0,0.0,2.738686,4.6549406,0.0,0.0,0.0,2.6876178,0.0,0.0,0.0,0.0,0.0,0.0,0.0,0.0,0.0,0.0,0.0,0.0,0.0,0.9938447,0.0,0.0,0.0,0.0,0.0,4.346017,0.0,0.0,0.0,0.0,0.0,0.0,0.0,0.0,5.6913447,0.0,0.0,0.0,0.0,1.4148448,0.0,0.0,0.0,0.0,1.2695395,0.0,7.4108653,0.0,0.0,0.0,0.0,0.0,0.0,0.0,0.0,0.0,0.0,0.0,0.0,0.0,0.0,0.0,0.0,0.0,0.0,0.0,0.0,0.0,0.0,0.0,0.0,0.06530412,0.0,0.0,0.0,0.0,0.0,0.0,0.0,2.7480226,0.0,0.0,0.0,0.0,0.0,0.0,0.0,0.0,0.0,0.0,0.0,5.70222,0.0,0.0,0.0,0.0,0.0,3.8047013,0.0,1.9495608,0.0,0.0,6.4799204,0.0,0.0,0.0,0.0,3.0880096,0.0,0.0,4.9799304,0.0,0.0,0.0,0.0,0.0,0.0,0.0,0.0,0.0,0.0,0.15377691,0.0
3.6709619,0.0,0.0,0.0,0.0,0.0,2.5474713,0.0,0.0,0.0,1.5731621,0.0,0.14852911,0.0,0.0,0.0,0.0,0.0,0.0,0.0,0.0,0.28273672,0.0,0.1918795,0.0,0.0,0.0,0.0,0.0,0.0,0.0,0.0,0.35546467,0.0,0.0,0.0,0.0,0.0,0.5807533,0.0,0.0,0.0,0.0,0.0,2.651806,0.0,0.0,0.0,0.0,0.0,0.0,2.657828,0.0,0.0,0.0,0.0,0.0,0.0,0.0,0.0,0.0,0.0,0.0,0.0,0.0,0.0,0.0,0.0,1.6480768,0.0,0.0,0.0,0.0,0.0,0.0,0.0,1.7104063,0.0,0.0,0.0,0.0,0.0883483,0.0,0.0,0.0,0.0,0.0,0.0,0.0,0.0,0.0,0.0,0.0,0.0,0.0,0.0,0.0,0.0,0.0,0.0,0.0,0.0,1.7690756,0.32667017,0.0,0.0,0.0,0.0,0.0,0.1501419,0.0,0.0,0.0,0.0,0.0,0.7405568,0.0,0.1208471,0.0,0.0,0.0,0.0,0.0,0.0,0.0,3.1976051,3.424468,0.0
0.7364131,0.0,0.0,0.0,0.0,1.1342063,3.1360579,0.0,0.0,0.0,2.2620342,0.0,0.0,0.0,0.0,0.0,0.0,0.0,0.0,0.0,0.0,0.0,0.0,0.0,0.0,0.0,0.0,0.0,0.0,0.0,0.24994582,0.0,0.0,0.09339258,0.0,0.0,0.4969603,0.64505327,0.0,0.9952616,0.0,0.0,0.0,0.0,1.4767288,0.0,0.0,0.53792,0.0,0.0,0.0,3.4928076,0.0,0.6039876,0.0,0.0,0.0,0.0,0.0,0.0,0.0,0.0,0.0,0.0,0.0,0.0,0.0,0.0,0.0,0.0,0.0,0.0,0.0,0.0,0.0,0.0,1.3045835,0.0,0.0,0.0,0.0,0.0,0.0,0.0,0.06447082,0.0,0.0,0.0,0.0,0.0,0.0,0.0,0.0,0.0,0.0,0.0,0.89186555,0.0,0.0,0.0,0.0,0.0,1.5850687,0.0,0.0,0.0,1.4426211,0.6579707,0.0,0.0,0.0,0.0,1.4454383,0.0,0.0,2.4037526,0.0,0.0,0.0,0.0,0.0,0.0,0.0,0.0,0.0,0.021743137,0.70194846,0.0
0.0,0.0,0.0,0.0,0.0,0.0,16.411724,0.0,0.0,0.0,20.050354,0.0,0.0,0.0,0.0,0.0,0.0,0.0,0.0,0.0,0.0,0.0,0.0,0.0,7.6537023,0.0,0.0,0.0,0.0,0.0,0.0,0.0,0.0,0.0,0.0,0.0,0.0,0.0,0.0,13.267114,0.0,0.0,0.0,0.0,0.0,0.0,0.0,3.1253126,3.3202202,0.0,0.0,10.4494505,0.0,0.0,0.0,0.0,0.0,0.0,0.0,0.0,0.0,0.0,0.0,0.0,0.0,0.0,0.0,0.0,0.0,0.0,0.0,0.0,0.0,0.0,0.0,0.0,0.0,0.0,0.0,0.0,0.0,0.0,0.0,0.0,5.5338373,0.0,0.0,0.0,0.0,0.0,0.0,0.0,0.0,0.0,0.0,0.0,3.1483593,0.0,0.0,0.0,0.0,0.0,6.2841287,0.0,0.0,0.0,0.0,5.365259,0.0,0.0,0.0,0.0,0.0,0.0,0.0,9.635026,5.076374,0.0,0.0,0.0,0.0,0.0,5.381959,0.0,0.0,0.0,3.3759394,0.0
0.0,0.0,0.0,0.0,0.0,0.0,3.9537082,0.0,0.0,0.0,0.0,0.0,1.2627296,0.0,0.0,0.0,0.0,0.0,0.0,0.0,0.0,0.0,0.0,2.2041018,0.2406888,0.0,0.0,0.0,0.0,0.0,0.0,0.0,1.7756844,0.0,0.0,0.0,0.0,0.0,0.0,0.0,0.0,0.0,0.0,0.0,0.0,0.0,0.0,0.0,0.0,0.0,0.0,0.0,0.0,0.0,0.0,0.0,0.0,0.0,0.0,0.0,0.0,0.0,0.0,0.0,0.0,0.0,0.0,0.0,5.379507,0.0,0.0,0.0,0.0,0.0,0.0,0.0,0.0,0.0,0.0,0.0,0.0,0.0,0.0,0.0,0.0,0.0,0.0,0.0,0.0,0.0,0.0,0.0,0.0,0.0,0.0,0.0,0.0,0.0,0.0,0.0,0.0,0.0,3.3787706,1.8925343,0.0,0.0,0.0,0.0,0.0,0.0,0.0,0.0,0.0,0.0,0.0,0.16145368,0.0,0.0,0.0,2.222501,0.0,0.0,0.0,0.0,0.0,1.2711657,1.6440921,0.0
2.5324981,0.0,0.0,0.0,0.0,0.0,17.01859,0.0,0.0,0.0,16.88009,0.0,0.0,0.0,0.0,0.0,0.0,0.0,0.0,0.0,0.0,0.0,0.0,0.0,7.7680926,0.0,0.0,0.0,0.0,0.0,14.407883,0.0,0.0,0.0,0.0,0.0,0.0,0.0,0.0,11.569267,0.0,0.0,0.0,0.0,2.7627516,0.0,0.0,0.0,6.02316,0.0,0.0,5.309879,0.0,0.0,0.0,0.0,0.0,0.0,0.0,0.0,0.0,0.0,0.0,0.0,0.0,0.0,0.0,0.0,0.0,0.0,0.0,0.0,0.0,0.0,0.0,0.0,0.0,0.0,0.0,0.0,0.0,0.0,0.0,0.0,0.0,0.0,0.0,0.0,0.0,0.0,0.0,0.0,0.0,0.0,0.0,0.0,0.0,0.0,0.0,0.0,0.0,0.0,18.847126,0.0,0.0,0.0,0.0,6.8670683,0.0,0.0,0.0,0.0,0.0,0.0,0.0,11.134083,0.0,0.0,0.0,0.0,0.0,0.0,0.0,0.0,0.0,1.3246578,0.0,0.0
0.13431221,0.0,0.0,0.37969947,0.0,0.5605588,0.7431581,0.0,0.0,0.0,2.2335708,0.0,0.0,0.0,0.0,0.0,0.0,0.0,0.0,0.0,0.0,0.0,0.73169863,1.0427883,0.0,0.0,0.0,0.0,0.0,0.63871527,0.0,0.0,0.0,0.0,0.0,0.0,2.3672493,0.0,0.0,1.5587606,0.0,0.0,0.0,0.0,0.25733274,0.0,0.0,0.0,0.0,0.0,0.0,1.9990362,0.0,0.0,0.0,0.0,0.0,0.0,0.0,0.0,0.0,0.0,0.0,0.0,0.0,0.0,0.0,0.0,0.0,0.0,0.0,0.0,0.0,0.0,0.0,0.0,1.4959128,0.0,0.0,0.0,0.0,0.0,0.0,0.0,0.87450016,0.0,0.0,0.0,0.0,0.0,0.0,0.0,0.0,0.0,0.0,0.0,2.2930336,0.0,0.0,0.0,0.0,0.0,0.0,0.0,0.29671144,0.85652995,0.0,0.57451546,0.0,0.18935904,0.0,0.0,1.3081825,0.0,0.0,0.8286789,0.79450405,0.0,0.0,0.0,0.0,0.0,0.0,0.0,0.0,0.39974558,0.8536512,0.0
0.0,0.0,0.0,0.7333155,0.0,0.04619055,0.7229112,0.0,0.058427364,0.0,0.9777101,0.0,0.0,0.0,0.0,0.0,0.0,0.0,0.0,0.0,0.0,0.708918,0.0,0.87393934,0.0,0.0,0.0,0.0,0.0,1.339832,0.0,0.0,0.0,0.0,0.0,0.0,2.2340147,0.0,0.0,0.0,0.0,0.0,0.0,0.0,0.0,0.0,0.26256973,0.0,0.0,0.0,0.0,1.9914576,0.0,0.0,0.0,0.0,0.0,0.0,0.0,0.0,0.0,0.0,0.0,0.0,0.0,0.0,0.0,0.0,0.0,0.0,0.0,0.0,0.0,0.0,0.0,0.0,0.9677076,0.0,0.0,0.0,0.0,0.0,0.0,0.0,0.5200018,0.0,0.0,0.0,0.0,0.0,0.0,0.0,0.0,0.0,0.0,0.0,0.0,0.0,0.0,0.0,0.0,0.0,0.0,0.7591987,0.5983906,0.22689484,0.0,0.5081885,0.0,0.0,0.0,0.0,0.6672537,0.0,0.0,0.0,0.48065987,0.0,0.0,0.0,0.0,0.0,0.29454476,0.0,0.0,1.0479795,0.4870439,0.0
0.0,0.0,0.0,0.0,0.0,0.0,5.281243,0.0,0.0,0.0,11.100339,0.0,0.0,0.0,0.0,0.0,0.0,0.0,0.0,0.0,0.0,0.0,0.0,0.0,1.5795205,0.0,0.0,0.0,0.0,0.0,0.9824329,0.0,0.0,0.0,0.0,0.0,0.0,0.0,0.0,4.5371046,0.0,0.0,0.0,0.0,0.7029228,0.0,0.0,4.2858133,0.0,0.0,0.0,2.6904795,0.0,0.0,0.0,0.81393456,0.0,0.0,0.0,0.0,0.0,0.0,0.0,0.0,0.0,0.0,0.0,0.0,0.0,0.0,0.0,0.0,0.0,0.0,0.0,0.0,0.0,0.0,0.0,0.0,0.0,0.0,0.0,0.0,0.93317163,0.0,0.0,0.0,0.0,0.0,0.0,0.0,0.0,0.0,0.0,0.0,1.0192398,0.0,0.0,0.0,0.0,0.0,1.3705697,0.0,3.4567907,1.5061448,0.116325155,0.0,0.0,0.0,0.0,0.0,0.0,0.0,0.0,0.0,0.0,0.0,0.0,0.0,0.0,0.0,2.4927,0.0,0.0,0.0,0.17091599,0.0
0.022081684,0.0,1.4132432,0.0,0.0,0.0,0.7773201,0.0,0.0,0.0,4.149089,0.0,0.0,0.0,0.0,0.053200994,0.0,0.0,0.0,0.0,0.0,0.0,0.0,1.8417357,0.0,0.0,0.0,0.0,0.0,0.0,0.0,0.0,0.0,0.005781252,0.0,0.0,0.26755807,0.0,0.0,0.58584833,0.0,0.0,0.0,0.0,1.2830677,0.0,0.0,1.9473494,0.0,0.0,0.0,0.46112597,0.0,0.0,0.0,0.0,0.0,0.0,0.0,0.0,0.0,0.0,0.0,0.0,0.0,0.0,0.0,0.0,1.12718,0.0,0.0,0.0,0.0,0.0,0.0,0.0,2.8027315,0.0,0.0,0.0,0.0,0.0,0.0,0.0,0.0,0.0,0.0,0.0,0.0,0.0,0.0,0.0,0.0,0.0,0.0,0.0,0.0,0.0,0.0,0.0,0.0,0.0,0.76158965,0.0,0.0,0.0,0.70579356,0.0,0.0,0.0,0.0,0.0,1.4479626,0.0,0.0,2.3699977,0.0,0.0,0.0,0.0,0.0,0.0,0.0,0.0,0.0,1.0140393,0.88565063,0.0
0.0,0.0,0.0,0.0,0.0,0.0,0.0,0.0,1.4743425,0.0,0.83047926,0.0,0.0,0.0,0.0,0.0,0.0,0.0,0.0,0.0,0.0,0.0,0.0,0.0,5.5463037,0.0,2.2706454,0.0,0.0,1.9733697,0.0,0.0,0.0,0.0,0.0,1.6907864,0.0,0.0,0.0,15.363705,0.0,0.0,0.0,0.0,0.0,0.0,0.0,0.0,3.1510768,0.0,0.0,1.0839777,0.0,0.0,0.0,2.2922716,0.0,0.0,0.0,0.0,0.0,0.0,0.0,0.0,1.420352,0.0,0.0,0.0,0.0,0.0,0.0,0.0,0.0,0.0,0.0,0.0,0.0,0.0,0.0,0.0,1.4441386,0.0,0.0,0.0,8.818933,0.0,0.0,0.0,0.0,0.0,0.0,0.0,0.0,0.0,0.0,0.0,15.389276,0.0,0.0,0.0,0.0,0.0,0.0,0.0,0.0,0.0,0.0,5.505254,0.0,0.0,0.0,0.0,6.0013537,0.0,0.0,0.7586703,3.1782148,0.0,0.0,0.0,0.0,0.0,2.2351148,0.0,0.0,0.0,0.0,0.0
0.0,0.0,0.0,0.0,0.0,0.0,3.478193,0.0,0.0,0.0,0.0,0.0,2.863623,0.0,0.0,0.0,0.0,0.0,0.0,0.0,0.0,0.0,0.0,7.566791,0.0,0.0,0.0,0.0,0.0,0.0,0.0,0.0,5.0941863,0.09508604,0.0,0.0,0.0,0.0,0.0,0.0,0.0,0.0,0.0,0.0,0.0,0.0,0.0,0.0,0.0,0.0,0.0,0.0,0.0,0.0,0.0,0.0,0.0,0.0,0.0,0.0,0.0,0.0,0.0,0.0,0.0,0.0,0.0,0.0,12.223293,0.0,0.0,0.0,0.0,0.0,0.0,0.0,0.0,0.0,0.0,0.0,0.0,0.0,0.0,0.0,0.0,0.0,0.0,0.0,0.0,0.0,0.0,0.0,0.0,0.0,0.0,0.0,0.0,0.0,0.0,0.0,0.0,0.0,3.6477215,0.0,0.0,0.0,0.0,0.0,0.0,0.0,0.0,0.0,1.4495748,0.0,0.0,1.6421878,0.0,0.0,0.0,1.3652503,0.0,0.0,0.0,0.0,0.0,4.203587,4.1048846,0.0
0.0,0.0,0.0,2.934003,0.0,0.0,0.0,0.0,0.7556579,0.0,0.0,0.0,6.686353,13.705517,0.0,0.0,0.0,0.0,0.0,5.5722036,0.0,15.093513,0.0,6.0360765,0.0,0.0,0.0,0.0,0.0,0.0,0.0,0.0,0.0,0.0,0.0,0.0,0.0,0.0,9.805942,0.0,0.0,0.0,0.0,0.0,0.0,0.0,2.5072002,0.0,0.0,0.0,0.0,0.0,0.0,0.0,0.0,0.0,0.0,0.0,0.0,0.0,0.0,0.0,0.0,0.0,0.0,0.0,0.0,0.0,0.0,0.0,0.0,0.0,0.0,0.0,0.0,0.0,11.262154,0.0,0.0,0.0,0.0,0.0,0.0,0.0,0.79032105,0.0,0.0,17.187582,0.0,0.0,0.0,0.0,0.0,0.0,0.0,0.0,0.0,0.0,0.0,0.0,0.0,0.0,0.0,4.3565593,0.0,0.0,0.0,0.0,1.2910131,8.30878,0.0,0.0,0.0,0.0,0.0,0.0,0.0,0.0,0.0,0.0,0.0,0.0,0.0,0.0,0.0,28.244732,0.0,0.0
0.0,0.0,0.0,0.0,0.0,0.0,5.942292,0.0,2.3781319,0.0,9.667689,0.0,0.0,0.0,0.0,0.0,0.0,0.0,0.0,0.0,0.0,0.0,0.0,0.0,5.7477717,0.0,0.15802525,0.0,0.0,0.0,9.992218,0.0,0.0,0.0,0.0,0.0,0.0,0.0,0.0,9.1139765,0.0,0.0,0.0,0.0,0.0,0.0,0.0,0.0,3.5172083,0.0,0.0,7.760942,0.0,0.0,0.0,8.1307,0.0,0.0,0.0,0.0,0.0,0.0,0.0,0.0,0.0,0.0,0.0,0.0,0.0,0.0,0.0,0.0,0.0,0.0,0.0,5.5815506,0.0,0.0,0.0,0.0,0.0,0.0,0.0,0.0,9.455888,0.0,0.0,0.0,0.0,0.0,0.0,1.7314336,0.0,0.0,0.0,0.0,8.722443,0.0,0.0,0.0,0.0,0.0,0.0,0.0,13.442838,5.2987895,0.0,6.6311316,0.0,0.0,0.0,0.0,5.400428,0.0,0.0,0.0,0.0,0.0,0.0,0.0,0.0,0.0,1.7882044,0.0,0.0,0.0,0.0,0.0
0.0,0.0,0.0,0.0,0.0,0.0,2.872736,0.0,0.0,0.0,6.351088,0.0,0.0,0.0,0.0,0.0,0.0,0.0,0.0,0.0,0.0,0.0,0.0,0.0,8.697085,0.0,0.72846425,0.0,0.0,0.0,0.0,0.0,0.0,0.0,0.0,1.3259333,0.0,0.0,0.0,12.995922,0.0,0.0,0.0,0.0,0.0,0.0,0.0,0.0,11.436287,0.0,5.9006453,1.1267667,0.0,0.0,0.0,0.0,0.0,0.0,0.0,0.0,0.0,0.0,0.0,0.0,0.0,0.0,0.0,0.0,0.0,0.0,0.0,0.0,0.0,0.0,0.0,0.0,0.0,0.0,0.0,0.0,0.0,0.0,0.0,0.0,5.623162,0.0,0.0,0.0,0.0,0.0,0.0,5.8055215,0.0,0.0,0.0,0.0,0.0,0.0,0.0,0.0,0.0,0.0,6.629058,0.0,0.0,0.25073755,0.0,1.1337566,0.0,0.0,0.0,0.0,0.0,0.0,0.0,0.0,0.0,0.0,0.0,0.0,0.0,0.0,5.3850694,0.0,0.0,0.0,0.0,0.0
5.4802384,0.0,0.9988299,1.6224308,0.0,0.0,0.0,0.0,0.0,0.0,0.0,0.0,0.0,0.0,0.0,0.0,0.0,0.0,0.0,3.9658275,0.0,0.0,0.0,1.4437093,0.0,0.0,0.0,0.0,0.0,0.0,0.0,0.0,3.3977077,0.0,0.0,0.0,0.0,0.0,7.133782,0.0,0.0,0.0,0.0,0.0,0.0,0.0,0.0,0.0,0.148308,0.0,0.0,0.0,0.0,0.0,0.0,0.0,0.0,0.0,0.0,0.0,6.1648126,0.0,0.0,0.0,0.0,0.0,0.0,0.0,0.0,0.0,0.0,0.0,0.0,0.0,0.0,0.0,7.4892116,0.0,0.0,0.0,8.260083,0.0,0.0,0.0,0.0,0.0,0.0,0.9186501,0.0,0.0,0.0,0.0,0.0,0.0,8.194724,0.0,0.0,0.0,0.0,0.0,0.0,0.0,0.0,0.0,0.0,0.0,0.0,0.0,8.009802,0.0,0.84263194,0.0,0.0,0.0,0.0,0.0,0.0,0.0,0.0,0.0,0.0,0.0,0.0,0.0,0.0,11.741525,0.0,0.0
0.0,0.0,0.0,0.0,0.0,0.0,3.604056,0.0,0.0,0.0,3.0946722,0.0,0.0,0.0,0.0,0.0,0.0,0.0,0.0,0.0,0.0,0.0,0.0,0.0,3.5848126,0.0,0.0,0.0,0.0,0.0,0.0,0.0,0.0,0.0,0.0,0.0,0.0,0.0,0.0,8.098978,0.0,0.0,0.0,0.0,0.0,0.0,0.0,0.0,0.16083997,0.0,0.0,4.8607755,0.0,0.0,0.0,0.99988073,0.0,0.0,0.0,0.0,0.0,0.0,0.0,0.0,0.0,0.0,0.0,0.0,0.0,0.0,0.0,0.0,0.0,0.0,0.0,0.0,0.0,0.0,0.0,0.0,0.0,0.0,0.0,0.0,11.115421,0.0,0.0,0.0,0.0,0.0,0.0,0.0,3.6939282,0.0,0.0,0.0,12.475355,0.0,0.0,0.0,0.0,0.0,0.0,0.0,1.269057,0.0,0.0,5.2858562,0.0,0.0,0.0,0.0,3.1483035,0.0,0.0,1.3273915,2.6597974,0.0,0.0,0.0,0.0,0.0,4.9322767,0.0,0.0,0.0,0.0,0.0
0.0,0.0,7.850885,0.0,0.0,0.0,0.0,0.0,0.0,0.0,11.278315,0.0,0.0,0.0,0.0,0.0,0.0,0.0,0.0,0.0,0.0,0.0,0.0,0.055984166,0.26251262,0.0,0.0,0.0,0.0,0.0,0.0,0.0,2.3915215,0.0,0.0,0.0,0.0,0.0,0.0,0.0,0.0,0.0,0.0,0.0,8.962107,0.0,0.4612099,0.0,0.0,0.0,0.0,0.0,0.0,0.0,0.0,0.0,0.0,0.0,0.0,0.0,0.0,0.0,0.0,0.0,0.0,0.0,0.0,0.0,6.5087485,0.0,0.0,0.0,0.0,0.0,0.0,0.0,4.6780677,0.0,0.0,0.0,0.13581234,0.0,0.0,0.0,0.0,0.0,0.0,0.0,0.0,0.0,0.0,0.0,0.0,0.0,0.0,0.0,0.0,0.0,0.0,0.0,0.0,0.0,5.893152,0.0,0.0,0.0,0.0,0.0,0.0,0.0,0.0,0.0,2.0779917,0.0,0.0,10.190269,0.0,0.0,0.0,0.061241202,0.0,0.0,0.0,0.0,0.0,0.0,0.0,0.0
0.0,0.0,0.0,0.0,0.0,0.0,0.0,0.0,0.0,0.0,0.0,0.0,2.4669654,0.0,0.0,0.0,0.044563707,0.0,0.0,0.0,0.0,0.17649426,0.0,3.427563,0.0,0.0,0.0,0.0,0.0,0.0,0.0,0.0,2.276749,0.0,0.0,0.0,0.0,0.0,2.5793207,0.0,0.0,0.0,0.0,0.0,0.0,0.0,0.0,0.0,0.0,0.0,0.0,0.0,0.0,0.0,0.0,0.0,0.0,0.0,0.0,0.0,0.0,0.0,0.0,0.0,0.0,0.0,0.0,0.0,2.894087,0.0,0.0,0.0,0.0,0.0,0.0,0.0,3.8413665,0.0,0.0,0.0,0.0,0.0,0.0,0.0,0.0,0.0,0.0,0.014764853,0.0,0.0,0.0,0.0,0.0,0.0,0.0,0.0,0.0,0.0,0.0,0.0,0.0,0.0,1.5810971,0.37495393,0.0,0.0,0.0,0.0,0.25064388,2.337971,0.0,0.0,0.0,0.0,0.0,0.0,0.0,0.0,0.0,0.0,0.0,0.0,0.0,0.0,0.0,6.876401,4.8064275,0.0
0.0,0.0,4.8547034,0.0,0.0,0.0,0.0,0.0,0.0,0.0,0.0,0.0,2.48593,0.0,0.0,0.0,0.0,0.0,0.0,0.0,0.0,0.0,0.0,2.4215927,0.0,0.0,0.0,0.0,0.0,0.0,0.0,0.0,4.2847767,0.0,0.0,0.0,0.0,0.0,1.3506594,0.0,0.0,0.0,0.0,0.0,0.0,0.0,0.0,0.0,0.0,0.0,0.0,0.0,0.0,0.0,0.0,0.0,0.0,0.0,0.0,0.0,0.0,0.0,0.0,0.0,0.0,0.0,0.0,0.0,8.336027,0.0,0.0,0.0,0.0,0.0,0.0,0.0,2.309779,0.0,0.0,0.0,0.0,0.0,0.0,0.0,0.0,0.0,0.0,5.032257,0.0,0.0,0.0,0.0,0.0,0.0,2.8673499,0.0,0.0,0.0,0.0,0.0,0.0,0.0,8.351447,0.0,0.0,0.0,0.0,0.0,0.0,0.0,0.0,0.0,0.0,0.0,0.0,0.0,0.0,0.0,0.0,0.0,0.0,0.0,0.0,0.0,0.0,2.9664361,0.0,0.0
0.0,0.0,0.0,0.0,0.0,0.0,6.3700624,0.0,0.0,0.0,0.0,0.0,2.8270009,0.7112631,0.0,0.0,0.0,0.0,0.0,0.0,0.0,0.71250176,0.0,1.8771305,0.0,0.0,0.0,0.0,0.0,0.0,0.0,0.0,0.0,0.0,0.0,0.0,1.5019673,0.0,0.96476996,0.0,0.0,0.0,0.0,0.0,0.0,0.0,0.0,0.0,0.0,0.0,0.0,0.0,0.0,0.0,0.0,0.0,0.0,0.0,0.0,0.0,0.0,0.0,0.0,0.0,0.0,0.0,0.0,0.0,4.000712,0.0,0.0,1.8162785,0.0,0.0,0.0,0.0,0.0,0.0,0.0,0.0,0.0,0.0,0.0,0.0,0.5038452,0.0,0.0,2.6307845,0.0,0.0,0.0,0.0,0.0,0.0,0.0,0.0,0.0,0.0,0.0,0.0,0.0,0.0,1.3882866,4.4996724,0.0,0.0,0.0,0.0,0.0,3.303051,0.0,0.0,0.0,0.0,0.0,0.0,0.0,0.0,0.0,3.0729482,0.0,0.0,0.11090541,0.0,0.0,3.2201371,2.1525908,0.0
0.27578306,0.0,3.620216,0.0,0.0,0.0,1.2741542,0.0,0.0,0.0,4.503125,0.0,0.0,0.0,0.0,0.0,0.0,0.0,0.0,0.0,0.0,0.0,0.0,0.0,0.8928274,0.0,0.0,0.0,0.0,0.0,0.0,0.0,0.9339844,0.0,0.0,0.0,0.0,0.0,0.0,0.0,0.0,0.0,0.0,0.0,4.745521,0.0,0.0,0.0,0.0,0.0,0.0,0.0,0.0,0.0,0.0,0.0,0.0,0.0,0.0,0.0,0.0,0.0,0.0,0.0,0.0,0.0,0.0,0.0,3.8732917,0.0,0.0,0.0,0.0,0.0,0.0,0.0,1.1526954,0.0,0.0,0.0,0.0,0.0,0.0,0.0,0.0,0.0,0.0,0.0,0.0,0.0,0.0,0.0,0.05036458,0.0,0.0,0.0,0.0,0.0,0.0,0.0,0.0,0.0,3.7053661,0.0,0.0,0.0,0.0,0.0,0.0,0.0,0.0,0.0,0.28231353,0.0,0.0,4.5131207,0.0,0.0,0.0,0.8226117,0.0,0.0,0.0,0.0,0.0,0.022297716,0.0,0.0
0.0,0.0,0.0,0.0,0.0,0.0,1.6132424,0.0,0.0,0.0,0.0,0.0,2.5850842,0.0,0.0,0.0,0.019117348,0.0,0.0,0.0,0.0,0.0,0.0,3.4369318,0.0,0.0,0.0,0.0,0.0,0.0,0.0,0.0,2.5226212,0.0,0.0,0.0,0.0,0.0,2.0775669,0.0,0.0,0.0,0.0,0.0,0.0,0.0,0.0,0.0,0.0,0.0,0.0,0.0,0.0,0.0,0.0,0.0,0.0,0.0,0.0,0.0,0.0,0.0,0.0,0.0,0.0,0.0,0.0,0.0,4.479537,0.0,0.0,0.0,0.0,0.0,0.0,0.0,1.3692371,0.0,0.0,0.0,0.0,0.0,0.0,0.0,0.0,0.0,0.0,0.44967702,0.0,0.0,0.0,0.0,0.0,0.0,0.0,0.0,0.0,0.0,0.0,0.0,0.0,0.0,3.0535984,1.2011418,0.0,0.0,0.0,0.0,0.0,2.1131117,0.0,0.0,0.0,0.0,0.0,0.0,0.0,0.0,0.0,0.0,0.0,0.0,0.0,0.0,0.0,5.0107455,4.6899056,0.0
0.0,0.0,0.0,0.0,0.0,0.0,7.2341237,0.0,0.0,0.0,8.889122,0.0,0.0,0.0,0.0,0.0,0.0,0.0,0.0,0.0,0.0,0.0,0.0,0.0,7.711273,0.0,1.3980675,0.0,0.0,3.5726771,0.0,0.0,0.0,0.0,0.0,0.0,0.0,0.0,0.0,12.45525,0.0,0.0,0.0,0.0,0.0,0.0,0.0,0.0,6.540665,0.0,0.0,7.01825,0.0,0.0,0.0,2.707087,0.0,0.0,0.0,0.0,0.0,0.0,0.0,0.0,0.0,0.0,0.0,0.0,0.0,0.0,0.0,0.0,0.0,0.0,0.0,0.0,0.0,0.0,0.0,0.0,0.0,0.0,0.0,0.0,10.787213,0.0,0.0,0.0,0.0,0.0,0.0,0.0,0.0,0.0,0.0,0.0,10.47149,0.0,0.0,0.0,0.0,0.0,0.0,0.0,6.397514,1.162462,0.0,9.910791,0.0,0.0,0.0,0.0,2.0356169,0.0,0.0,0.0,5.245218,0.0,0.0,0.0,0.0,0.0,7.666878,0.0,0.0,0.0,0.0,0.0
0.0,0.0,0.0,2.839818,0.0,7.288214,0.0,0.0,4.8244224,0.0,0.0,0.0,3.8963401,2.3503437,0.0,0.0,0.0,0.0,0.0,8.086547,0.0,0.0,0.0,9.779017,0.0,0.0,0.0,0.0,0.0,0.0,0.0,0.0,10.714799,0.0,0.0,0.0,6.6415586,0.0,6.0239983,0.0,0.0,0.0,0.0,0.0,0.0,0.0,1.7873443,0.0,0.0,0.0,0.0,0.0,0.0,0.0,0.0,0.0,0.0,0.0,0.0,0.0,0.0,0.0,0.0,0.0,0.0,0.0,0.0,0.0,0.0,0.0,0.0,0.0,0.0,0.0,0.0,0.0,14.220604,0.0,0.0,0.0,0.0,0.0,0.0,0.0,0.0,0.0,0.0,0.0,0.0,0.0,0.0,0.0,0.0,0.0,0.0,0.0,10.461799,0.0,0.0,0.0,0.0,0.0,0.0,1.2148733,0.0,0.0,0.0,0.0,16.279247,0.0,0.0,0.0,0.0,0.0,0.0,0.0,0.0,0.0,0.0,0.0,0.0,0.0,0.0,0.0,0.0,25.422659,4.663266,0.0
2.6934514,0.0,4.0399914,1.2094117,0.0,0.0,0.0,0.0,0.0,0.0,6.2243185,0.0,0.0,0.0,0.0,0.0,0.0,0.0,0.0,0.0,0.0,0.0,2.1309316,2.412358,0.0,0.0,0.0,0.0,0.0,0.0,3.187677,0.0,0.0,0.0,0.0,0.0,0.0,0.0,0.0,0.95585483,0.0,0.0,0.0,0.0,2.5592964,0.0,1.7096325,6.466107,0.0,0.0,0.0,0.0,0.0,0.0,0.0,0.0,0.0,0.0,0.0,0.0,0.0,0.0,0.0,0.0,0.0,0.0,0.0,0.23303194,0.0,0.0,0.0,0.0,0.0,0.0,0.0,0.50553256,4.3473716,0.0,0.0,0.0,5.0547695,0.0,0.0,0.0,0.0,0.0,0.0,0.0,0.0,0.0,0.0,0.0,0.0,0.0,2.8124013,0.0,0.0,0.0,0.0,0.0,0.0,0.0,0.0,0.0,0.0,0.0,0.0,0.0,2.2060177,0.0,0.006051127,0.0,0.0,0.0,0.0,6.065786,0.5816945,0.0,0.0,0.0,0.0,0.0,0.0,0.0,0.0,0.0,0.0,0.0
0.0,0.0,0.0,0.0,0.0,0.0,4.1779094,0.0,0.0,0.0,0.022378478,0.0,0.0,0.0,0.0,0.0,0.0,0.0,0.0,0.0,0.0,0.0,0.0,0.0,4.2007585,0.0,0.0,0.0,0.0,0.97246003,0.7739118,0.0,0.0,0.6816307,0.0,0.1034135,0.0,0.0,0.0,2.8922648,0.0,0.0,0.0,0.0,0.0,0.0,0.0,0.0,0.78695285,0.0,0.0,1.9807231,0.0,0.0,0.0,2.9543571,0.0,0.0,0.0,0.0,0.0,0.0,0.0,0.0,0.0,0.0,0.0,0.0,0.0,0.0,0.0,0.0,0.0,0.0,0.0,0.0,0.0,0.0,0.0,0.0,0.0,0.0,0.0,0.0,4.7118983,0.0,0.0,0.0,0.0,0.0,0.0,0.0,0.56059796,0.0,0.0,0.0,1.2549124,0.0,0.0,0.0,0.0,0.0,0.0,0.17662796,3.1648455,0.084997505,0.0,4.0763927,0.0,0.0,0.4511659,0.0,2.136398,0.0,0.0,0.0,0.024233738,0.0,0.0,0.0,0.0,0.0,0.32811487,0.0,0.0,0.0,0.0,0.0
0.0,0.0,0.0,2.8508384,0.0,0.0,0.0,0.0,4.6191473,0.0,0.0,0.0,0.0,0.0,0.0,0.0,0.0,0.0,0.0,0.0,0.0,2.1883163,0.0,5.83973,0.0,0.0,0.0,0.0,0.0,5.070164,0.0,0.0,0.0,0.0,0.0,0.0,3.6822517,0.0,4.407181,0.0,0.0,0.0,0.0,0.0,0.0,0.0,0.0,0.0,0.0,0.0,0.0,0.0,0.0,0.0,0.0,0.0,0.0,0.0,0.0,0.0,0.0,0.0,0.0,0.0,0.0,0.0,0.0,0.0,0.0,0.0,0.0,0.0,0.0,0.0,0.0,0.0,5.744775,0.0,0.0,0.0,0.0,0.0,0.0,0.0,0.7076888,0.0,0.0,0.0,0.0,0.0,0.0,0.0,0.0,0.0,0.0,0.0,0.95447457,0.0,0.0,0.0,0.0,0.0,0.0,0.0,0.0,0.0,0.0,0.0,0.0,5.15998,0.0,0.0,0.9144901,0.0,0.0,0.0,0.0,0.0,0.0,0.0,0.0,0.0,0.35655466,0.0,0.0,6.762716,2.051649,0.0
0.0,0.0,0.0,0.0,0.0,0.0,2.8680172,0.0,0.0,0.0,0.0,0.0,3.0836885,0.0,0.0,0.0,0.0,0.0,0.0,0.0,0.0,0.0,0.0,8.822091,0.0,0.0,0.0,0.0,0.0,0.0,0.0,0.0,3.6584606,0.0,0.0,0.0,0.0,0.0,0.019718656,0.0,0.0,0.0,0.0,0.0,0.0,0.0,0.0,0.0,0.0,0.0,0.0,0.0,0.0,0.0,0.0,0.0,0.0,0.0,0.0,0.0,0.0,0.0,0.0,0.0,0.0,0.0,0.0,0.0,9.02845,0.0,0.0,0.0,0.0,0.0,0.0,0.0,0.0,0.0,0.0,0.0,0.0,0.0,0.0,0.0,0.0,0.0,0.0,0.0,0.0,0.0,0.0,0.0,0.0,0.0,0.0,0.0,0.0,0.0,0.0,0.0,0.0,0.0,1.2150512,0.0,0.0,0.0,0.0,0.0,0.0,2.711765,0.0,0.0,1.5947056,0.0,0.0,0.0,0.0,0.0,0.0,0.23161677,0.0,0.0,0.0,0.0,0.0,5.732702,5.2936645,0.0
0.0,0.0,0.0,0.0,0.0,0.0,0.0,0.0,0.0,0.0,2.8174276,0.0,0.0,2.0718284,0.0,0.0,0.0,0.0,0.0,0.0,0.0,0.0,0.0,0.0,6.30939,0.0,2.1384552,0.0,0.0,0.0,0.0,0.0,0.0,0.0,0.0,4.5893235,0.0,0.0,0.0,7.057929,0.0,0.0,0.0,0.0,0.0,0.0,8.296591,5.199665,14.229264,0.0,0.0,0.0,0.76954776,0.0,0.0,0.0,0.0,0.0,0.0,0.0,0.0,0.0,0.0,0.0,0.0,0.0,0.0,0.0,0.0,0.0,0.0,0.0,0.0,0.0,0.0,0.011395993,0.0,0.0,0.0,0.0,0.0,0.0,0.0,0.0,0.0,0.0,0.0,1.9117155,0.0,7.104719,0.0,0.0,0.0,0.0,0.0,6.9727345,0.0,0.0,0.0,0.0,0.0,0.0,0.0,0.0,0.0,0.0,0.0,0.0,0.0,0.0,0.0,0.0,0.0,0.0,0.0,0.0,7.072297,0.0,0.0,0.0,0.0,0.0,11.284492,0.0,0.0,0.0,0.0,0.0
0.0,0.0,8.107772,0.21259893,0.0,0.0,0.0,0.0,4.492511,0.0,0.0,0.0,0.0,0.0,0.0,0.0,1.3488632,0.0,0.0,0.29712272,0.0,0.0,0.0,10.894932,0.0,0.0,0.0,0.0,0.0,0.0,0.21360539,0.0,5.4866157,0.0,0.0,0.0,0.0,0.0,2.9494197,0.0,0.0,0.0,0.0,0.0,0.0,0.0,0.0,1.0572263,0.0,0.0,0.0,0.0,0.0,0.0,0.0,0.0,0.0,0.0,0.0,0.0,0.0,0.0,0.0,0.0,0.0,0.0,0.0,0.0,1.1294403,0.0,0.0,0.0,0.0,0.0,0.0,0.0,8.105241,0.0,0.0,0.0,14.514105,0.0,0.0,0.0,0.0,0.0,0.0,0.0,0.0,0.0,0.0,0.0,0.0,0.0,3.4658036,0.0,0.0,0.0,0.0,0.0,0.0,0.0,0.0,0.0,0.0,0.0,0.0,0.0,3.747766,0.0,0.0,0.0,0.0,0.0,0.0,2.3485954,0.21058837,0.0,0.0,0.0,0.0,0.0,0.0,0.0,0.0,9.09529,0.0,0.0
0.0,0.0,0.0,0.0,0.0,0.0,4.1672783,0.0,0.0,0.0,1.8090527,0.0,0.0,0.0,0.0,0.0,0.0,0.0,0.0,0.0,0.0,0.0,0.0,0.0,5.878417,0.0,2.051636,0.0,0.0,1.983793,0.0,0.0,0.0,0.0,0.0,0.0,0.0,0.0,0.0,10.899759,0.0,0.0,0.0,0.0,0.0,0.0,0.0,0.0,4.560579,0.0,0.0,4.673096,0.0,0.0,0.0,2.43405,0.0,0.0,0.0,0.0,0.0,0.0,0.0,0.0,4.4023633,0.0,0.0,0.0,0.0,0.0,0.0,0.0,0.0,0.0,0.0,0.0,0.0,0.0,0.0,0.0,0.0,0.0,0.0,0.0,5.443089,0.0,0.0,0.0,0.0,0.0,0.0,0.0,0.0,0.0,0.0,0.0,6.093665,0.0,0.0,0.0,0.0,0.0,0.547488,0.0,0.0,0.38710403,0.0,8.1491375,0.0,0.0,0.0,0.0,4.2439165,0.0,0.0,4.4963145,2.6474788,0.0,0.0,0.0,0.0,0.0,0.0,0.0,0.0,0.0,0.9116402,0.0
0.0,0.0,0.0,0.0,0.0,0.0,0.0,0.0,2.269199,0.0,3.5577333,0.0,0.0,0.0,0.0,0.0,0.0,0.0,0.0,0.0,0.0,0.0,0.0,0.0,2.8436205,0.0,3.669801,0.0,0.0,9.876497,7.909935,0.0,0.0,0.0,0.0,0.0,0.0,0.0,0.0,11.180796,0.0,0.0,0.0,0.0,0.0,0.0,2.8593342,0.0,12.074984,0.0,0.0,2.4892902,0.0,0.0,0.0,0.0,0.0,0.0,0.0,0.0,0.0,0.0,0.0,0.0,0.0,0.0,0.0,0.0,0.0,0.0,0.0,0.0,0.0,0.0,0.0,4.6380296,0.0,0.0,0.0,0.0,1.6072648,0.0,0.0,0.0,3.1771994,0.0,0.0,0.0,0.0,0.0,0.0,4.5479326,0.0,0.0,0.0,0.0,8.070407,0.0,0.0,0.0,0.0,0.0,0.0,0.0,6.2192707,1.4351375,0.0,8.969975,0.0,0.0,1.033531,0.0,2.1917677,0.0,0.0,0.0,0.0,0.0,0.0,0.0,0.0,0.0,0.0,0.0,0.0,0.0,0.0,0.0
0.0,0.0,1.1279011,2.7300205,0.0,0.0,0.0,0.0,4.87128,0.0,0.0,0.0,3.2170644,6.6847925,0.0,0.0,0.0,0.0,0.0,4.097993,0.0,2.4414272,0.0,10.480909,0.0,0.0,0.0,0.0,0.0,0.0,0.0,0.0,0.0,0.0,0.0,0.0,0.0,0.0,6.8233576,0.0,0.0,0.0,0.0,0.0,0.0,0.0,0.0,0.0,0.0,0.0,0.0,0.0,0.0,0.0,0.0,0.0,0.0,0.0,0.0,0.0,0.0,0.0,0.0,0.0,0.0,0.0,0.0,0.0,0.5779269,0.0,0.0,0.0,0.0,0.0,0.0,0.0,5.6281667,0.0,0.0,0.0,9.69001,0.0,0.0,0.0,0.0,0.0,0.0,9.271043,0.0,0.0,0.0,0.0,0.0,0.0,6.156957,0.0,3.663225,0.0,0.0,0.0,0.0,0.0,0.0,0.0,0.0,0.0,0.0,0.0,8.677229,0.0,0.0,0.0,0.0,0.0,0.0,0.0,0.0,0.0,0.0,0.0,0.0,0.0,0.0,0.0,0.0,16.177372,0.0,0.0
0.665157,0.0,0.061845005,0.9458511,0.0,0.0,0.0,0.2132727,0.44041267,0.0,3.3355243,0.0,0.0,0.0,0.0,0.0,0.0,0.0,0.0,0.0,0.0,0.0,1.9668214,3.5967095,0.0,0.0,0.0,0.0,0.0,0.0,1.8226603,0.0,0.0,0.0,0.0,0.0,1.5108486,0.0,0.0,1.5161145,0.0,0.0,0.0,0.0,1.7644511,0.0,0.0,0.0,0.0,0.0,0.0,0.0,0.0,0.0,0.0,0.0,0.0,0.0,0.0,0.0,0.0,0.0,0.0,0.0,0.0,0.0,0.0,0.0,0.0,0.0,0.0,0.0,0.0,0.0,0.0,0.0,1.1987259,0.0,0.0,0.0,0.39851746,0.0,0.0,0.0,0.0,0.0,0.0,0.0,0.0,0.0,0.0,0.0,0.0,0.0,0.0,0.0,0.1373503,0.0,0.0,0.0,0.0,0.0,0.0,0.0,0.34946924,0.0,0.0,0.0,0.0,0.22348985,0.0,0.0,1.9186031,0.0,0.0,0.8487856,0.0,1.7328485,0.0,0.0,0.0,0.0,0.0,0.0,0.0,1.0752676,1.0241416,0.0
0.0,0.0,0.0,0.0,0.0,0.0,0.77669793,0.0,0.0,0.0,0.0,0.0,2.5142505,0.0,0.0,0.0,0.0,0.0,0.0,0.0,0.0,0.0,0.0,7.4358764,0.0,0.0,0.0,0.0,0.0,0.0,0.0,0.0,3.115649,0.0,0.0,0.0,0.0,0.0,0.7430671,0.0,0.0,0.0,0.0,0.0,0.0,0.0,0.0,0.0,0.0,0.0,0.0,0.0,0.0,0.0,0.0,0.0,0.0,0.0,0.0,0.0,0.0,0.0,0.0,0.0,0.0,0.0,0.0,0.0,6.773187,0.0,0.0,0.0,0.0,0.0,0.0,0.0,1.4519802,0.0,0.0,0.0,0.35442984,0.0,0.0,0.0,0.0,0.0,0.0,0.0,0.0,0.0,0.0,0.0,0.0,0.0,0.0,0.0,0.0,0.0,0.0,0.0,0.0,0.0,0.9312587,0.0,0.0,0.0,0.0,0.0,0.0,1.7562593,0.0,0.0,0.573202,0.0,0.0,0.40644255,0.0,0.0,0.0,0.0,0.0,0.0,0.0,0.0,0.0,5.995136,4.8512263,0.0
0.0,0.0,0.0,0.0,0.0,1.9908922,6.5439315,0.0,0.0,0.0,7.190368,0.0,0.0,0.5794589,0.0,0.0,0.0,0.0,0.0,0.0,0.0,0.0,0.0,0.0,7.176381,0.0,0.0,0.0,0.0,0.0,0.5976176,0.0,0.0,0.6498721,0.0,0.0,0.0,0.0,0.0,0.80974275,0.0,0.0,0.0,0.0,0.0,0.0,0.0,2.40933,0.0,0.0,0.0,0.25588614,0.0,0.0,0.0,0.0,0.0,0.0,0.0,0.0,0.0,0.0,0.0,0.0,0.0,0.0,0.0,0.0,0.65767723,0.0,0.0,0.0,0.0,0.0,0.0,0.0,0.0,0.0,0.0,0.0,0.0,0.0,0.0,0.0,0.0,0.0,0.0,0.0,0.0,0.0,0.0,0.0,1.995658,0.0,0.0,0.0,0.0,0.0,0.0,0.0,0.0,0.0,11.2455435,0.0,0.0,0.0,3.1844265,0.0,0.0,0.0,0.0,0.0,0.0,0.0,0.0,4.4499283,0.0,0.0,0.0,0.0,0.0,0.0,1.727945,0.0,0.0,0.0,0.0,0.0
1.8470707,0.0,0.0,0.0,0.0,0.9352238,1.6321422,0.0,0.0,0.0,0.9778681,0.0,0.0,0.0,0.0,0.0,0.0,0.0,0.0,0.0,0.0,0.48419648,0.0,0.031991012,0.0,0.0,0.0,0.0,0.0,0.0,0.0,0.0,0.0,0.0,0.0,0.0,0.33582532,0.0,0.70762736,0.0,0.0,0.0,0.0,0.0,0.8933653,0.0,0.0,0.0,0.0,0.0,0.0,2.3369267,0.0,0.12887561,0.0,0.0,0.0,0.0,0.0,0.0,0.0,0.0,0.0,0.0,0.0,0.0,0.0,0.0,0.9083447,0.0,0.0,0.0,0.0,0.0,0.0,0.0,1.8371146,0.0,0.0,0.0,0.0,0.48685503,0.0,0.0,0.0,0.0,0.0,0.0,0.0,0.0,0.0,0.0,0.0,0.0,0.0,0.0,0.0,0.0,0.0,0.0,0.0,0.0,0.75704545,0.93332535,0.0,0.0,0.0,0.0,0.0,0.057643108,0.0,0.0,0.0,0.0,0.0,0.6798974,0.0,0.0,0.0,0.0,0.0,0.0,0.0,0.0,0.0,2.1031125,2.0968153,0.0
0.0,0.0,0.0,1.96542,0.0,0.0,2.5588794,0.0,2.7037497,0.0,0.0,0.0,0.0,0.0,0.0,0.0,0.0,0.0,0.0,1.2562249,0.0,2.6668987,0.0,0.6469417,0.0,0.0,0.0,0.0,0.0,6.236973,0.0,0.0,0.0,0.0,0.0,0.0,4.3939543,0.0,0.8130139,0.0,0.0,0.0,0.0,0.0,0.0,0.0,1.0514714,0.0,1.5745864,0.0,0.0,0.0,0.0,0.0,0.0,0.0,0.0,0.0,0.44047722,2.8222175,0.0,0.0,0.0,0.0,0.0,0.0,0.0,0.0,0.0,0.0,0.0,0.0,0.0,0.0,0.0,0.0,3.5789416,0.0,0.0,0.0,0.0,0.0,0.0,0.0,6.546122,0.0,0.0,0.0,0.0,0.0,0.0,0.0,0.0,0.0,0.0,0.0,3.454972,0.0,0.0,0.0,0.0,0.0,0.0,2.3328176,0.0,0.0,0.0,3.3066022,0.0,3.4205165,0.0,0.0,0.0,0.0,0.0,0.0,1.2080961,0.0,0.0,0.0,0.0,0.0,2.5504506,0.0,1.6171045,6.3554063,2.311125,0.0
3.2966058,0.0,0.0,0.0,0.0,0.0,2.6978657,0.0,0.0,0.0,0.54865956,0.0,0.689283,0.0,0.0,0.0,0.0,0.0,0.0,0.0,0.0,0.0,0.0,0.0,0.0,0.0,0.0,0.0,0.0,0.0,0.0,0.0,1.2458253,0.0,0.0,0.0,0.0,0.0,1.0274062,0.0,0.0,0.0,0.0,0.0,0.3087631,0.0,0.0,0.0,0.0,0.0,0.0,1.5171899,0.03506672,0.0,0.0,0.0,0.0,0.0,0.0,0.0,0.0,0.0,0.0,0.0,0.0,0.0,0.0,0.0,0.6292703,0.0,0.0,0.0,0.0,0.0,0.0,0.0,1.041954,0.0,0.0,0.0,0.0,0.0,0.0,0.0,0.0,0.0,0.0,0.0,0.0,0.0,0.0,0.0,0.0,0.0,0.0,0.0,0.0,0.0,0.0,0.0,0.0,0.0,2.78277,1.1483461,0.0,0.0,0.0,0.0,0.0,0.21264002,0.44275147,0.0,0.0,0.0,0.0,0.0,0.0,0.0,0.0,0.0,0.0,0.0,0.0,0.0,0.0,3.8575764,4.4042273,0.0
0.3928726,0.0,0.0,0.0,0.0,0.0,4.679119,0.0,0.0,0.0,0.0,0.0,0.0,0.0,0.0,0.0,0.0,0.0,0.0,0.0,0.0,0.0,0.0,0.0,0.27869973,0.0,0.0,0.0,0.0,1.174807,4.1073384,0.0,0.0,0.0,0.0,0.0,1.2554451,0.0,0.0,0.0,0.0,0.0,0.0,0.0,0.0,0.0,0.0,0.0,3.0918455,0.0,0.0,2.2575886,0.0949551,0.0,0.0,0.09283064,0.0,0.0,0.0,0.3773152,0.0,0.0,0.0,0.0,0.0,0.0,0.0,0.0,0.0,0.0,0.0,0.57458794,0.0,0.0,0.0,0.0,0.0,0.0,0.0,0.0,0.0,0.0,0.0,0.0,2.4304469,0.0,0.0,0.0,0.0,0.0,0.0,2.4860837,0.0,0.0,0.0,0.0,0.0,0.0,0.0,0.0,0.0,0.0,0.13960074,4.0529356,0.0,0.0,0.0,0.9139286,0.0,0.0,2.302784,0.0,0.0,0.0,0.0,0.0,0.0,0.0,0.0,0.0,0.0,0.0,0.0,0.0,0.0,0.0,0.003195364,0.0
0.0,0.0,0.7026299,0.0,0.0,0.0,0.0,0.6200024,0.0,0.0,8.991086,0.0,0.0,0.0,0.0,0.0,0.0,0.0,0.0,0.0,0.0,0.0,0.0,0.0,0.34720674,0.0,0.0,0.0,0.0,0.0,0.0,0.0,0.0,0.0,0.0,0.0,0.0,0.0,0.0,3.9387367,0.0,0.0,0.0,0.0,2.3378096,0.0,0.0,3.1703835,0.0,0.0,0.0,1.6569723,0.0,0.0,0.0,0.0,0.0,0.0,0.0,0.0,0.0,0.0,0.0,0.0,0.0,0.0,0.0,0.0,0.0,0.0,0.0,0.0,0.0,0.0,0.0,0.0,2.2042184,0.0,0.0,0.0,0.64009875,0.0,0.0,0.0,0.0,0.0,0.0,0.0,0.0,0.0,0.0,0.0,0.0,0.0,0.0,0.0,3.3584564,0.0,0.0,0.0,0.0,0.0,0.0,0.0,1.5560601,0.0,0.0,0.0,0.0,0.0,0.0,0.0,3.109359,0.0,0.0,3.76419,1.2260339,0.0,0.0,0.0,0.0,0.0,3.312317,0.0,0.0,0.0,0.0,0.0
0.0,0.0,8.194251,0.0,0.0,0.0,0.0,0.0,2.6645555,0.0,0.0,0.0,6.9545293,1.0727582,0.0,0.0,3.590918,0.0,0.0,0.0,0.0,0.0,0.0,8.769372,0.0,0.0,0.0,0.0,0.0,0.0,0.0,0.0,3.543753,0.0,0.0,0.0,0.0,0.0,2.7044637,0.0,0.0,0.0,0.0,0.0,0.0,0.0,0.0,2.2680066,0.0,0.0,0.0,0.0,0.0,0.0,0.0,0.0,0.0,0.0,0.0,0.0,0.0,0.0,0.0,0.0,0.0,0.0,0.0,0.0,2.7261803,0.0,0.0,0.0,0.0,0.0,0.0,0.0,4.2071223,0.0,0.0,0.0,15.17759,0.0,0.0,0.0,0.0,0.0,0.0,6.5349126,0.0,0.0,0.0,0.0,0.0,0.0,2.7006085,0.0,4.5309186,0.0,0.0,0.0,0.0,0.0,0.0,0.0,0.0,0.0,0.0,0.0,7.2026005,0.0,0.0,0.0,0.0,0.0,0.0,4.878778,0.0,0.0,0.0,0.0,0.0,0.0,0.0,0.0,0.0,4.2271633,0.0,0.0
0.0,0.0,0.991256,0.0,0.0,0.0,0.0,0.0,5.12982,0.0,0.0,0.0,5.7836165,17.177294,0.0,0.0,4.0704236,0.0,0.0,10.984622,0.0,0.0,0.0,16.220676,0.0,0.0,0.0,0.0,0.0,0.0,0.0,0.0,0.0,0.0,0.0,0.0,0.0,0.0,6.6977415,0.0,0.0,0.0,0.0,0.0,0.0,0.0,0.0,0.0,0.0,0.0,0.0,0.0,0.0,0.0,0.0,0.0,0.0,0.0,0.0,0.0,0.0,0.0,0.0,0.0,0.0,0.0,0.0,0.0,0.0,0.0,0.0,0.0,0.0,0.0,0.0,0.0,5.800807,0.0,0.0,0.0,13.778075,0.0,0.0,0.0,0.0,0.0,0.0,13.87366,0.0,0.0,0.0,0.0,0.0,0.0,0.0,0.0,7.884877,0.0,0.0,0.0,0.0,0.0,0.0,0.0,0.0,0.0,0.0,0.0,5.6538935,0.0,0.0,0.0,0.0,0.0,0.0,0.0,0.0,0.0,0.0,0.0,0.0,0.0,0.0,0.0,0.0,19.61085,0.0,0.0
0.0,0.0,0.0,0.0,0.0,0.0,0.0,0.0,0.0,0.0,7.598398,0.0,1.4558583,8.107392,0.0,0.0,0.0,0.0,0.0,0.0,0.0,0.0,0.0,0.0,12.992371,0.0,9.986095,0.0,0.0,0.0,0.39188516,0.0,0.0,0.0,0.0,6.0268292,0.0,0.0,0.0,12.858208,0.0,0.0,0.0,0.0,0.0,0.0,0.0,12.657609,5.0818057,0.0,0.0,1.3484666,0.0,0.0,0.0,0.0,0.0,0.0,0.0,0.0,0.0,0.0,0.0,0.0,0.0,0.0,0.0,0.0,0.0,0.0,0.0,0.0,0.0,0.0,0.0,0.0,0.0,0.0,0.0,0.0,9.729713,0.0,0.0,0.0,0.0,0.0,0.0,0.0,0.0,0.0,0.0,6.383768,0.0,0.0,0.0,0.0,18.43698,0.0,0.0,0.0,0.0,0.0,3.5682516,0.0,0.0,0.0,0.0,0.0,0.0,0.0,0.0,0.0,0.0,0.0,0.0,5.6961584,0.9980751,0.0,0.0,0.0,0.0,0.0,11.953964,2.1340098,0.0,0.0,0.0,0.0
0.0,0.0,0.0,0.0,0.0,0.0,0.0,0.0,0.0,0.0,0.0,0.0,10.058252,2.2546685,0.0,0.0,0.0,0.0,0.0,0.0,0.0,0.0,4.5390778,0.0,0.62592804,0.0,1.2159739,0.0,0.0,5.209316,0.0,0.0,0.0,0.0,0.0,0.0,0.0,0.0,0.0,0.0,0.0,0.0,0.0,0.0,0.0,0.0,7.380811,3.6460075,4.7749176,0.0,0.0,0.0,0.0,0.0,0.0,0.0,1.0531237,0.0,0.0,4.9150643,0.0,0.0,0.0,0.0,0.0,0.0,0.0,0.0,0.0,0.0,0.0,0.0,0.0,0.0,0.0,0.0,0.0,0.0,0.0,0.0,9.160654,0.0,0.0,0.0,0.0,0.0,0.0,5.270423,0.0,0.0,0.0,2.9421873,0.0,0.0,0.0,0.0,8.550436,0.0,0.0,0.0,0.0,0.0,0.0,0.0,0.0,0.0,0.0,0.0,0.036252383,0.0,1.954,0.0,0.0,0.0,0.0,6.3081164,1.7107282,0.0,0.0,0.0,0.0,0.0,0.0,0.0,0.0,0.0,0.0,0.0
0.0,0.0,0.0,0.0,0.0,0.0,1.9566033,0.0,0.0,0.0,0.0,0.0,2.5578868,0.0,0.0,0.0,0.24136162,0.0,0.0,0.0,0.0,0.0,0.0,10.654461,0.0,0.0,0.0,0.0,0.0,0.0,0.0,0.0,3.0275905,0.0,0.0,0.0,0.0,0.0,0.0,0.0,0.0,0.0,0.0,0.0,0.0,0.0,0.0,0.0,0.0,0.0,0.0,0.0,0.0,0.0,0.0,0.0,0.0,0.0,0.0,0.0,0.0,0.0,0.0,0.0,0.0,0.0,0.0,0.0,8.333138,0.0,0.0,0.0,0.0,0.0,0.0,0.0,0.0,0.0,0.0,0.0,0.6910179,0.0,0.0,0.0,0.0,0.0,0.0,0.0,0.0,0.0,0.0,0.0,0.0,0.0,0.0,0.0,0.0,0.0,0.0,0.0,0.0,0.0,0.06237059,0.0,0.0,0.0,0.0,0.0,0.0,2.985699,0.0,0.0,2.1693125,0.0,0.0,0.0,0.0,0.0,0.0,0.0,0.0,0.0,0.0,0.0,0.0,7.5184946,5.4743676,0.0
0.118072994,0.0,5.487017,0.0,0.0,0.0,0.0,0.0,0.0,0.0,7.786635,0.0,0.0,0.0,0.0,0.0,0.0,0.0,0.0,0.0,0.0,0.0,0.0,2.483926,0.0,0.0,0.0,0.0,0.0,0.0,0.0,0.0,2.6503377,0.0,0.0,0.0,0.0,0.91226304,0.0,0.0,0.0,0.0,0.0,0.0,3.3190272,0.0,0.0,1.5366464,0.0,0.0,0.0,0.0,0.0,0.0,0.0,0.0,0.0,0.0,0.0,0.0,0.0,0.0,0.0,0.0,0.0,0.0,0.0,0.0,4.6450853,0.0,0.0,0.0,0.0,0.0,0.0,0.0,5.4014835,0.0,0.0,0.0,1.048267,0.0,0.0,0.0,0.0,0.0,0.0,0.0,0.0,0.0,0.0,0.0,0.0,0.0,0.1286537,0.0,0.0,0.0,0.0,0.0,0.0,0.0,3.1017249,0.0,0.0,0.0,0.0,0.0,1.9332709,0.0,0.0,0.0,0.0,0.0,0.0,7.1842494,0.0,0.0,0.0,0.0,0.0,0.0,0.0,0.0,0.0,0.682892,0.0,0.0
0.0,0.0,0.0,0.0,0.0,0.0,0.0,0.0,0.7506064,0.0,0.0,0.0,0.35267124,0.0,0.0,0.0,0.0,0.0,0.0,0.0,0.0,0.0,0.0,0.0,6.931442,0.0,3.9719994,0.0,0.0,7.3963532,0.0,0.0,0.0,0.0,0.0,1.1587813,0.0,0.0,0.0,4.8483815,0.0,0.0,0.0,0.0,0.0,0.0,0.0,0.0,2.3012223,0.0,0.0,0.0,0.0,0.0,0.0,4.1546493,0.0,0.0,0.0,0.0,0.0,0.0,0.0,0.0,0.0,0.0,0.0,0.0,0.0,0.0,0.0,0.0,0.0,0.0,0.0,5.4911685,0.0,0.0,0.0,0.0,5.427489,0.0,0.0,0.0,7.25364,0.0,0.0,0.43633753,0.0,0.0,0.0,0.097191885,1.6421822,0.0,0.0,0.0,10.560065,0.0,0.0,0.0,0.0,0.0,0.0,0.0,4.463312,0.0,0.0,0.81554204,0.0,0.0,0.0,0.0,5.4593277,0.0,0.0,0.0,2.623041,0.0,0.0,0.0,0.0,0.0,4.8508034,0.0,0.0,0.0,0.0,0.0
0.0,0.0,0.0,0.0,0.0,0.0,5.7325826,0.0,0.0,0.0,2.5003047,0.0,0.0,0.0,0.0,0.0,0.0,0.0,0.0,0.0,0.0,0.0,0.0,0.0,7.7639284,0.0,2.7394342,0.0,0.0,7.458161,0.0,0.0,0.0,0.0,0.0,0.0,0.0,1.5637094,0.0,6.910596,0.0,0.0,0.0,0.0,0.0,0.0,0.0,0.0,4.5653424,0.0,0.0,2.6258867,0.0,0.0,0.0,3.5009713,1.4911973,0.0,0.0,0.0,0.0,0.0,0.0,0.0,3.8341548,0.0,0.0,0.0,0.0,0.0,0.0,0.0,0.0,0.0,0.0,0.0,0.0,0.0,0.0,0.0,0.0,0.0,0.0,0.0,4.5490994,0.0,0.0,0.0,0.0,0.0,0.0,0.0,0.0,0.0,0.0,0.0,4.10149,0.0,0.0,0.0,0.0,0.0,0.0,0.0,0.0,0.0,0.0,8.235795,0.0,0.0,0.0,0.0,5.852035,0.0,0.0,5.037464,6.435673,0.0,0.0,0.0,0.0,0.0,2.4831603,0.0,0.0,0.0,0.29050818,0.0
0.0,0.0,0.0,0.0,0.0,0.3607885,0.0,0.0,0.7937795,0.0,0.0,0.0,1.7186047,0.0,0.0,0.0,0.0,0.0,0.0,0.0,0.0,0.0,0.0,2.4716876,0.0,0.0,0.0,0.0,0.0,0.64859986,0.0,0.0,0.0,0.0,0.0,8.004867,2.1667504,0.5578382,0.0,1.4226391,0.0,0.0,0.0,0.0,0.0,0.0,3.6141229,0.0,0.0,2.0039525,0.0,0.0,0.0,0.0,0.0,0.0,0.0,0.0,0.0,5.8946776,0.0,0.0,0.0,0.0,0.0,0.0,0.0,0.0,0.0,0.0,0.0,0.0,0.0,0.0,0.0,0.0,6.0090384,0.0,0.0,0.0,0.0,0.0,0.0,0.0,5.2481112,0.0,0.0,0.0,0.0,0.0,0.0,0.0,0.0,0.0,0.0,0.0,12.317638,0.0,0.0,0.0,0.0,0.0,0.0,0.0,0.0,0.0,0.0,5.982653,0.0,0.0,0.0,0.0,1.4320251,0.0,0.0,0.82801616,1.5940294,0.0,0.0,0.0,0.0,0.0,0.0,0.0,0.0,5.166846,0.0,0.0
0.95663023,0.0,1.066357,0.0,0.0,0.0,0.0,0.0,0.0,0.0,5.073252,0.0,0.0,0.0,0.0,0.0,0.0,0.0,0.0,0.0,0.0,0.0,0.0,0.0,0.0,0.0,0.0,0.0,0.0,0.39254943,0.5127494,0.0,0.0,0.0,0.0,0.0,0.0,0.0,0.0,4.6853576,0.0,0.0,0.0,0.0,2.6833808,0.0,2.3124173,0.89274395,0.0,0.0,0.0,1.4519811,0.0,0.0,0.0,0.0,0.0,0.0,0.0,0.0,0.0,0.0,0.0,0.0,0.0,0.0,0.0,0.0,0.0,0.0,0.0,0.0,0.0,0.0,0.0,0.0,2.628524,0.0,0.0,0.0,2.0291135,0.0,0.0,0.0,0.0,0.0,0.0,0.0,0.0,0.0,0.0,0.0,0.0,0.0,0.0,0.0,2.8361197,0.0,0.0,0.0,0.0,0.0,0.21675794,0.0,1.313669,0.0,0.0,0.5862055,0.0,0.0,0.0,0.0,3.6398606,0.0,0.0,6.685502,0.0,0.0,0.0,0.0,0.0,0.0,0.0,0.0,0.0,0.0,0.0,0.0
0.0,0.0,0.0,0.0,0.0,0.0,4.5454173,0.0,0.0,0.0,13.523175,0.0,0.0,0.0,0.0,0.0,0.0,0.0,0.0,0.0,0.0,0.0,0.0,0.0,4.107842,0.0,0.101108834,0.0,0.0,0.0,4.6641636,0.0,0.0,0.0,0.0,0.0,0.0,0.0,0.0,10.342688,0.0,0.0,0.0,0.0,0.0,0.0,0.0,5.187278,5.901612,0.0,0.0,4.3153396,0.0,0.0,0.0,0.0,0.0,0.0,0.0,0.0,0.0,0.0,0.0,0.0,0.0,0.0,0.0,0.0,0.0,0.0,0.0,0.0,0.0,0.0,0.0,0.0,0.0,0.0,0.0,0.0,0.0,0.0,0.0,0.0,0.0,0.0,0.0,0.0,0.0,0.0,0.0,1.4022447,0.0,0.0,0.0,0.0,0.087458655,0.0,0.0,0.0,0.0,0.0,7.7029843,0.0,2.5460298,2.3688056,0.0,0.0,0.0,0.0,0.0,0.0,0.0,0.0,0.0,2.1679003,0.0,0.0,0.0,0.0,0.0,0.0,3.7184525,0.0,0.0,0.0,0.0,0.0
0.0,0.0,0.0,0.0,0.0,0.0,0.36152655,0.0,0.0,0.0,0.0,0.0,2.5086193,2.267556,0.0,0.0,0.8877946,0.0,0.0,0.0,0.0,0.15119258,0.0,3.2189996,0.0,0.0,0.0,0.0,0.0,0.0,0.0,0.0,2.7772326,0.0,0.0,0.0,0.0,0.0,3.5069323,0.0,0.0,0.0,0.0,0.0,0.0,0.0,0.0,0.0,0.0,0.0,0.0,0.0,0.0,0.0,0.0,0.0,0.0,0.0,0.0,0.0,0.0,0.0,0.0,0.0,0.0,0.0,0.0,0.0,2.4148614,0.0,0.0,0.0,0.0,0.0,0.0,0.0,3.5324204,0.0,0.0,0.0,0.0,0.0,0.0,0.0,0.0,0.0,0.0,2.9948437,0.0,0.75203586,0.0,0.0,0.0,0.0,0.0,0.0,0.0,0.0,0.0,0.0,0.0,0.0,4.822553,1.9670312,0.0,0.0,0.0,0.0,0.0,2.948723,0.0,0.0,0.0,0.0,0.0,0.0,0.0,0.0,0.0,0.0,0.0,0.0,0.0,0.0,0.0,7.88165,5.634009,0.0
0.0,0.0,0.0,0.27256918,0.0,0.0,0.0,0.0,0.0,0.0,0.0,0.0,1.5988158,2.8650837,0.0,0.0,0.8345187,0.0,0.0,0.0,0.0,2.0678687,0.0,2.239365,0.0,0.0,0.0,0.0,0.0,0.0,0.0,0.0,0.07916147,0.0,0.0,0.0,0.0,0.0,5.0002446,0.0,0.0,0.0,0.0,0.0,0.0,0.0,0.0,0.0,0.0,0.0,0.0,0.0,0.0,0.0,0.0,0.0,0.0,0.0,0.0,0.0,0.0,0.0,0.0,0.0,0.0,0.0,0.0,0.0,1.0898736,0.0,0.0,0.0,0.0,0.0,0.0,0.0,5.848327,0.0,0.0,0.0,0.0,0.0,0.0,0.0,0.0,0.0,0.0,5.8554015,0.0,1.4581662,0.0,0.0,0.0,0.0,0.0,0.0,0.0,0.0,0.0,0.0,0.0,0.0,3.2506247,2.2448795,0.0,0.0,0.0,0.0,0.0,3.352543,0.0,0.0,0.0,0.0,0.0,0.0,0.0,0.0,0.0,0.0,0.0,0.0,0.0,0.0,0.0,8.095921,3.2813582,0.0
0.0,0.0,0.0,0.0,0.0,0.0,0.0,0.0,0.0,1.0585532,0.0,0.0,0.0,23.7698,0.0,0.0,0.0,0.0,0.0,7.6361833,0.0,0.0,0.0,0.0,0.0,0.0,0.0,0.0,0.0,0.0,0.0,0.0,13.372966,0.0,0.0,0.0,0.0,0.0,0.0,0.0,0.0,0.0,0.0,0.0,0.0,0.0,0.0,1.9722679,4.3502517,0.0,0.0,0.0,5.3830376,0.0,0.0,0.0,0.0,0.0,0.0,0.0,0.0,0.0,0.0,0.0,0.0,0.0,0.0,0.0,0.0,0.0,0.0,0.0,0.0,0.0,0.0,0.0,0.0,0.0,0.0,0.0,0.0,0.0,0.0,0.0,0.0,0.0,0.0,0.0,0.0,0.0,0.0,0.0,0.0,0.0,0.0,0.0,0.0,0.0,0.0,0.0,0.0,0.0,6.7692866,0.0,0.0,0.0,0.0,0.0,12.893042,0.0,0.0,0.0,0.0,0.0,0.0,0.0,0.0,0.0,0.0,0.0,0.0,0.0,0.0,0.0,0.0,3.0692227,0.0,0.0
0.0,0.0,0.0,0.0,0.0,0.0,0.45257118,0.0,0.0,0.0,0.0,0.0,2.7137773,0.0,0.0,0.0,0.33155757,0.0,0.0,0.0,0.0,0.57317585,0.0,3.9676669,0.0,0.0,0.0,0.0,0.0,0.0,0.0,0.0,1.2177101,0.0,0.0,0.0,0.0,0.0,2.2847521,0.0,0.0,0.0,0.0,0.0,0.0,0.0,0.0,0.0,0.0,0.0,0.0,0.0,0.0,0.0,0.0,0.0,0.0,0.0,0.0,0.0,0.0,0.0,0.0,0.0,0.0,0.0,0.0,0.0,3.2638736,0.0,0.0,0.0,0.0,0.0,0.0,0.0,3.7320952,0.0,0.0,0.0,0.0,0.0,0.0,0.0,0.0,0.0,0.0,1.5208304,0.0,0.0,0.0,0.0,0.0,0.0,0.0,0.0,0.0,0.0,0.0,0.0,0.0,0.0,2.0656345,0.4129216,0.0,0.0,0.0,0.0,0.0,3.2748265,0.0,0.0,0.0,0.0,0.0,0.0,0.0,0.0,0.0,0.0,0.0,0.0,0.0,0.0,0.0,7.244999,4.499857,0.0
0.0,0.0,4.278881,0.0,0.0,0.0,0.0,0.0,0.0,0.0,0.0,0.0,3.1252694,7.855536,0.0,0.0,5.2996807,0.0,0.0,4.9701877,0.0,0.0,0.0,5.8676877,0.0,0.0,0.0,0.0,0.0,0.0,0.0,0.0,4.6473093,0.0,0.0,0.0,0.0,0.0,4.4912477,0.0,0.0,0.0,0.0,0.0,0.0,0.0,0.0,0.0,0.0,0.0,0.0,0.0,0.0,0.0,0.0,0.0,0.0,0.0,0.0,0.0,0.0,0.0,0.0,0.0,0.0,0.0,0.0,0.0,0.0,0.0,0.0,0.0,0.0,0.0,0.0,0.0,3.5881975,0.0,0.0,0.0,9.374965,0.0,0.0,0.0,0.0,0.0,0.0,6.636984,0.0,1.169945,0.0,0.0,0.0,0.0,0.0,0.0,1.6304384,0.0,0.0,0.0,0.0,0.0,1.4863479,0.0,0.0,0.0,0.0,0.0,3.4369855,0.0,0.0,0.0,0.0,0.0,0.0,0.0,0.0,0.0,0.0,0.0,0.0,0.0,0.0,0.0,0.0,4.2461677,0.0,0.0
0.0,0.0,0.0,0.0,0.0,0.0,3.8681576,0.0,0.0,0.0,0.0,0.0,3.0070558,0.13563864,0.0,0.0,0.2110193,0.0,0.0,0.0,0.0,1.1089231,0.0,2.5566733,0.0,0.0,0.0,0.0,0.0,0.0,0.0,0.0,0.20961055,0.0,0.0,0.0,0.12882054,0.0,1.7721591,0.0,0.0,0.0,0.0,0.0,0.0,0.0,0.0,0.0,0.0,0.0,0.0,0.0,0.0,0.0,0.0,0.0,0.0,0.0,0.0,0.0,0.0,0.0,0.0,0.0,0.0,0.0,0.0,0.0,2.577543,0.0,0.0,0.7093755,0.0,0.0,0.0,0.0,1.4857566,0.0,0.0,0.0,0.0,0.0,0.0,0.0,0.0,0.0,0.0,0.8062758,0.0,0.0,0.0,0.0,0.0,0.0,0.0,0.0,0.0,0.0,0.0,0.0,0.0,0.0,0.3382048,2.4745026,0.0,0.0,0.0,0.0,0.0,4.1452584,0.0,0.0,0.0,0.0,0.0,0.0,0.0,0.0,0.0,0.0,0.0,0.0,0.0,0.0,0.0,7.729294,4.8674483,0.0
1.0550158,0.0,0.0,0.0,0.0,1.340326,3.9129765,0.0,0.0,0.0,0.0,0.0,0.37084657,0.0,0.0,0.0,0.0,0.0,0.0,0.0,0.0,0.95107454,0.0,0.0,0.0,0.0,0.0,0.0,0.0,0.0,0.0,0.0,0.0,0.0,0.0,0.0,0.5194645,0.0,0.61756533,0.0,0.0,0.0,0.0,0.0,0.0,0.0,0.0,0.0,0.2505662,0.0,0.0,2.1634948,0.0,0.0,0.0,0.0,0.0,0.0,0.0,0.0,0.0,0.0,0.0,0.0,0.0,0.0,0.0,0.0,0.16573867,0.0,0.0,0.93055147,0.0,0.0,0.0,0.0,1.3212081,0.0,0.0,0.0,0.0,1.0004424,0.0,0.0,1.1795105,0.0,0.0,0.0,0.0,0.0,0.0,0.0,0.0,0.0,0.0,0.0,0.0,0.0,0.0,0.0,0.0,0.0,1.3493137,2.9465725,0.0,0.0,0.0,0.0,0.0,0.3543408,0.0,0.0,0.0,0.0,0.0,0.0,0.0,0.0,0.0,0.0,0.0,0.0,0.0,0.0,0.0,3.088243,2.6659935,0.0
0.0,0.0,0.0,0.0,0.0,0.0,1.1073657,0.0,0.0,0.0,2.843473,0.0,0.0,0.0,0.0,0.0,0.0,0.0,0.0,0.0,0.0,0.0,0.0,0.0,5.7020903,0.0,1.0032681,0.0,0.0,5.798579,0.0,0.0,0.0,0.0,0.0,0.0,0.0,0.05673869,0.0,10.598126,0.0,0.0,0.0,0.0,0.0,0.0,0.0,0.0,3.7031615,0.0,0.0,4.076228,0.0,0.0,0.0,1.9699758,0.0,0.0,0.0,0.0,0.0,0.0,0.0,0.0,0.0,0.0,0.0,0.0,0.0,0.0,0.0,0.0,0.0,0.0,0.0,0.0,1.0287427,0.0,0.0,0.0,0.0,0.0,0.0,0.0,12.271441,0.0,0.0,0.0,0.0,0.0,0.0,0.0,3.8481932,0.0,0.0,0.0,15.557942,0.0,0.0,0.0,0.0,0.0,0.0,0.0,1.8445885,0.0,0.0,8.057364,0.0,0.0,0.0,0.0,4.982525,0.0,0.0,1.6335096,8.048529,0.0,0.0,0.0,0.0,0.0,6.9950356,0.0,0.0,0.0,0.0,0.0
0.0,0.0,0.0,0.0,0.0,0.0,0.0,0.0,0.0,0.0,0.0,0.0,0.0,0.0,0.0,0.0,0.0,0.0,0.0,0.0,0.0,0.0,0.0,0.0,3.7889228,0.0,0.0,0.0,0.0,5.93925,0.0,0.0,0.0,0.0,0.0,1.1769586,0.0,0.0,0.0,5.322185,0.0,0.0,0.0,0.0,0.0,0.0,4.9331894,0.0,4.0026274,0.0,0.0,1.3399292,0.0,0.0,0.0,0.0,0.0,0.0,0.0,0.0,0.0,0.0,0.0,0.0,0.0,0.0,0.0,0.0,0.0,0.0,0.0,0.0,0.0,0.0,0.0,6.26151,1.7377396,0.0,0.0,0.0,0.0,0.0,0.0,0.0,9.012709,0.0,0.0,0.0,0.0,0.0,0.0,0.0,2.7220256,0.0,0.0,0.0,7.4991903,0.0,0.0,0.0,0.0,0.0,0.0,0.0,5.1135907,0.0,0.0,7.468715,0.0,0.0,0.0,0.0,2.2221756,0.0,0.0,0.0,4.3300757,0.0,0.0,0.0,0.0,0.0,4.08061,0.0,0.0,0.0,0.0,0.0
0.0,0.0,0.0,0.0,0.0,0.0,7.2517943,0.0,0.0,0.0,9.183639,0.0,0.0,0.0,0.0,0.0,0.0,0.0,0.0,0.0,0.0,0.0,0.0,0.0,3.2337396,0.0,0.0,0.0,0.0,0.0,8.228898,0.0,0.0,0.0,0.0,0.0,0.0,0.0,0.0,9.915445,0.0,0.0,0.0,0.0,1.9309818,0.0,0.0,0.0,2.1712656,0.0,0.0,11.4014845,0.0,0.0,0.0,2.5181634,0.0,0.0,0.0,0.0,0.0,0.0,0.0,0.0,0.0,0.0,0.0,0.0,0.0,0.0,0.0,0.0,0.0,0.0,0.0,0.0,0.0,0.0,0.0,0.0,0.0,0.0,0.0,0.0,6.543183,0.0,0.0,0.0,0.0,0.0,0.0,1.3516687,0.0,0.0,0.0,0.0,7.1446033,0.0,0.0,0.0,0.0,0.0,4.802309,0.0,6.5328283,1.2687826,0.0,8.760609,0.0,0.0,0.0,0.0,4.5650506,0.0,0.0,2.325937,0.0,0.0,0.0,0.0,0.0,0.0,0.52219206,0.0,0.0,0.0,0.0,0.0
0.0,0.0,0.0,1.3092383,0.0,0.0,0.77276266,0.0,3.1215029,0.0,0.0,0.0,0.0,0.0,0.0,0.0,0.0,0.0,0.0,0.0,0.0,0.0,0.0,2.8723295,0.0,0.0,0.0,0.0,0.0,4.6848063,3.5270438,0.0,0.0,0.0,0.0,0.0,1.5011053,0.0,0.0,7.576786,0.0,0.0,0.0,0.0,0.0,0.0,0.0,0.0,3.275804,0.0,0.0,1.8981423,0.0,0.0,0.0,0.0,0.0,0.0,0.0,0.9593682,0.0,0.0,0.0,0.0,0.0,0.0,0.0,0.0,0.0,0.0,0.0,0.0,0.0,0.0,0.0,0.0,2.727927,0.0,0.0,0.0,0.0,0.0,0.0,0.0,7.491793,0.0,0.0,0.0,0.0,0.0,0.0,0.0,0.0,0.0,0.0,0.0,7.685746,0.0,0.0,0.0,0.0,0.0,0.0,0.0,0.0,2.2918677,0.0,6.8961415,0.0,0.0,0.0,0.0,6.260804,0.0,0.0,0.0,0.3139042,0.0,0.0,0.0,0.0,0.0,0.0,0.0,0.0,3.7761345,1.4209095,0.0
0.0,0.0,0.0,0.0,0.0,0.0,3.9537082,0.0,0.0,0.0,0.0,0.0,1.2627296,0.0,0.0,0.0,0.0,0.0,0.0,0.0,0.0,0.0,0.0,2.2041018,0.2406888,0.0,0.0,0.0,0.0,0.0,0.0,0.0,1.7756844,0.0,0.0,0.0,0.0,0.0,0.0,0.0,0.0,0.0,0.0,0.0,0.0,0.0,0.0,0.0,0.0,0.0,0.0,0.0,0.0,0.0,0.0,0.0,0.0,0.0,0.0,0.0,0.0,0.0,0.0,0.0,0.0,0.0,0.0,0.0,5.379507,0.0,0.0,0.0,0.0,0.0,0.0,0.0,0.0,0.0,0.0,0.0,0.0,0.0,0.0,0.0,0.0,0.0,0.0,0.0,0.0,0.0,0.0,0.0,0.0,0.0,0.0,0.0,0.0,0.0,0.0,0.0,0.0,0.0,3.3787706,1.8925343,0.0,0.0,0.0,0.0,0.0,0.0,0.0,0.0,0.0,0.0,0.0,0.16145368,0.0,0.0,0.0,2.222501,0.0,0.0,0.0,0.0,0.0,1.2711657,1.6440921,0.0
0.0,0.0,0.0,0.0,0.0,0.0,0.0,0.0,0.0,0.0,0.0,0.0,0.0,0.0,0.0,0.0,0.0,0.0,0.0,0.0,0.0,0.0,0.0,0.5738951,7.2818813,0.0,0.0,0.0,0.0,0.30115536,0.0,0.0,0.0,0.0,0.0,4.5246406,0.0,0.0,0.0,0.90337545,0.0,0.0,0.0,0.0,0.0,0.0,0.5813082,0.0,0.0,0.0,0.0,0.13393265,0.0,0.0,0.0,0.073432505,0.0,0.0,0.0,0.0,0.0,0.0,0.0,0.0,0.0,0.0,0.0,0.0,0.0,0.0,0.0,1.1699103,0.0,0.0,0.0,4.484825,0.0,0.0,0.0,0.0,0.0,0.0,0.0,0.0,10.861888,0.0,0.0,0.0,0.0,0.0,0.0,0.0,11.371426,0.0,0.0,0.0,7.2096243,0.0,0.0,0.0,0.0,0.0,2.399446,0.0,6.918895,0.0,0.0,6.527954,0.0,0.0,0.0,0.0,4.7442436,0.0,0.0,0.0,0.5566586,0.0,0.0,0.0,0.0,0.0,5.817949,0.0,0.0,0.0,0.0,0.0
0.4939337,0.0,0.0,0.0,0.0,0.0,3.7125492,0.0,0.0,0.0,0.0,0.0,1.7239873,0.0,0.0,0.0,0.0,0.0,0.0,0.0,0.0,2.168311,0.0,0.83989507,0.0,0.0,0.0,0.0,0.0,0.0,0.0,0.0,0.42010215,0.0,0.0,0.0,0.0,0.0,3.0173109,0.0,0.0,0.0,0.0,0.0,0.0,0.0,0.0,0.0,0.0,0.0,0.0,0.0,0.0,0.0,0.0,0.0,0.0,0.0,0.0,0.0,0.0,0.0,0.0,0.0,0.0,0.0,0.0,0.0,2.0763025,0.0,0.0,1.3513653,0.0,0.0,0.0,0.0,1.6351658,0.0,0.0,0.0,0.0,0.0,0.0,0.0,0.0027801301,0.0,0.0,1.8887998,0.0,0.0,0.0,0.0,0.0,0.0,0.0,0.0,0.0,0.0,0.0,0.0,0.0,0.0,3.4391892,3.6534517,0.0,0.0,0.0,0.0,0.0,2.808645,0.0,0.0,0.0,0.0,0.0,0.0,0.0,0.0,0.0,0.0,0.0,0.0,0.0,0.0,0.0,5.71008,4.2755513,0.0
0.24338669,0.0,0.0,0.0,0.0,0.0,4.430771,0.0,0.0,0.0,11.421774,0.0,0.0,0.0,0.0,0.0,0.0,0.0,0.0,0.0,0.0,0.0,0.0,0.0,6.8246036,0.0,4.0644746,0.0,0.0,0.0,3.8641946,0.0,0.0,0.0,0.0,0.0,0.0,0.0,0.0,7.8370285,0.0,0.0,0.0,0.0,1.9838122,0.0,0.0,1.3353561,3.4251194,0.0,0.0,6.260451,0.0,0.0,0.0,3.9894285,0.0,0.0,0.0,0.0,0.0,0.0,0.0,0.0,0.0,0.0,0.0,0.0,0.0,0.0,0.0,0.0,0.0,0.0,0.0,0.0,0.0,0.0,0.0,0.0,0.0,0.0,0.0,0.0,0.20177193,0.0,0.0,0.0,0.0,0.0,0.0,3.071148,0.0,0.0,0.0,0.0,5.779939,0.0,0.0,0.0,0.0,0.0,3.7762787,0.0,4.018548,0.0,0.0,0.0,0.0,0.0,0.0,0.0,2.2456095,0.0,0.0,2.8086097,0.0,0.0,0.0,0.0,0.0,0.0,3.71371,0.0,0.0,0.0,0.0,0.0
0.0,0.0,3.647102,2.318836,0.0,0.0,0.0,0.0,4.364982,0.0,4.8068113,0.0,0.0,0.0,0.0,0.0,0.0,0.0,0.0,0.0,0.0,0.0,1.7205621,10.109673,0.0,0.0,0.0,0.0,0.0,0.0,1.5645027,0.0,2.4856741,0.0,0.0,0.0,0.0,0.0,0.0,0.0,0.0,0.0,0.0,0.0,1.3701055,0.0,1.2381715,2.5937212,0.0,0.0,0.0,0.0,0.0,0.0,0.0,0.0,0.0,0.0,0.0,0.0,0.0,0.0,0.0,0.0,0.0,0.0,0.0,0.0,3.5458503,0.0,0.0,0.0,0.0,0.0,0.0,0.0,6.902182,0.0,0.0,0.0,9.852282,0.0,0.0,0.0,0.0,0.0,0.0,0.0,0.0,0.0,0.0,0.0,0.0,0.0,5.0468225,0.0,0.0,0.0,0.0,0.0,0.0,0.0,0.0,0.0,0.0,0.0,0.0,0.0,1.427171,0.0,0.0,0.0,3.7410705,0.0,0.0,5.452201,0.0,0.9454898,0.0,0.0,0.0,0.0,0.0,0.0,0.0,4.8012223,0.0,0.0
0.0,0.0,1.7417154,0.0,0.0,0.0,0.0,0.0,0.0,0.0,2.84147,0.0,0.0,0.0,0.0,0.0,0.0,0.0,0.0,0.0,0.0,0.0,0.0,0.6954888,0.0,0.0,0.0,0.0,0.0,0.0,0.0,0.0,0.0,0.0,0.0,0.0,0.0,0.0,0.0,1.5363404,0.0,0.0,0.0,0.0,2.9254255,0.0,0.95470893,0.8136511,0.0,0.0,0.0,0.6520036,0.0,0.0,0.0,0.0,0.0,0.0,0.0,0.0,0.0,0.0,0.0,0.0,0.0,0.0,0.0,0.0,0.10237086,0.0,0.0,0.0,0.0,0.0,0.0,0.0,2.3271098,0.0,0.0,0.0,0.67346346,0.0,0.0,0.0,0.0,0.0,0.0,0.0,0.0,0.0,0.0,0.0,0.38745338,0.0,0.0,0.0,0.17488694,0.0,0.0,0.0,0.0,0.0,1.0315084,0.0,0.0,0.0,0.0,0.0,0.0,0.0,0.0,0.0,2.5584648,0.0,0.0,3.9016511,0.61007404,0.0,0.0,0.0,0.0,0.0,0.0,0.0,0.0,0.0,0.0,0.0
0.016377807,0.0,0.9268027,0.0,0.0,0.0,0.0,0.0,0.0,0.0,4.7506385,0.0,0.0,0.0,0.0,0.0,0.0,0.0,0.0,0.0,0.0,0.0,0.0,0.7521858,0.0,0.0,0.0,0.0,0.0,0.009084009,0.45261073,0.0,0.0,0.0,0.0,0.0,0.0,0.0,0.0,3.5114365,0.0,0.0,0.0,0.0,1.7161263,0.0,0.6398823,2.382748,0.0,0.0,0.0,0.0,0.0,0.0,0.0,0.0,0.0,0.0,0.0,0.0,0.0,0.0,0.0,0.0,0.0,0.0,0.0,0.0,0.0,0.0,0.0,0.0,0.0,0.0,0.0,0.0,2.2888052,0.0,0.0,0.0,3.7720847,0.0,0.0,0.0,0.0,0.0,0.0,0.0,0.0,0.0,0.0,0.0,0.0,0.0,0.0,0.0,2.4896142,0.0,0.0,0.0,0.0,0.0,0.0,0.0,0.0,0.0,0.0,0.0,0.0,0.0,0.0,0.0,2.064609,0.0,0.0,4.026447,0.0,0.0,0.0,0.0,0.0,0.0,0.0,0.0,0.0,0.0,0.0,0.0
5.1474304,0.0,0.0,0.0,0.0,0.0,10.288807,0.0,0.0,0.0,9.948406,0.0,0.0,0.0,0.0,0.0,0.0,0.0,0.0,0.0,0.0,0.0,0.0,0.0,4.610295,0.0,0.0,0.0,0.0,0.0,0.6951903,0.0,0.0,0.0,0.0,0.0,0.0,0.0,0.0,6.5219254,0.0,0.0,0.0,0.0,2.8834212,0.0,0.0,0.0,2.9342384,0.0,0.0,6.465071,0.0,0.0,0.0,3.6607413,0.27195895,0.0,0.0,0.0,0.0,0.0,0.0,0.0,0.92654645,0.0,0.0,0.0,0.0,0.0,0.0,0.0,0.0,0.0,0.0,0.0,0.0,0.0,0.0,0.0,0.0,0.0,0.0,0.0,1.020989,0.0,0.0,0.0,0.0,0.0,0.0,0.0,0.0,0.0,0.0,0.0,1.5966257,0.0,0.0,0.0,0.0,0.0,2.3307242,0.0,0.0,2.0183513,0.0,6.1069837,0.0,0.0,0.0,0.0,3.7424293,0.0,0.0,4.9338017,1.533236,0.0,0.0,0.0,0.0,0.0,0.0,0.0,0.0,0.0,3.3303242,0.0
0.0,0.0,0.0,0.0,0.0,0.0,2.73164,0.0,2.2751176,0.0,5.0698347,0.0,0.0,0.0,0.0,0.0,0.0,0.0,0.0,0.0,0.0,0.0,0.0,0.0,4.8865943,0.0,1.2518731,0.0,0.0,3.6845229,0.0,0.0,0.0,0.38384545,0.0,0.0,0.0,0.0,0.0,5.481754,0.0,0.0,0.0,0.0,0.0,0.0,0.0,0.0,1.7296999,0.0,0.0,1.5466082,0.0,0.0,0.0,5.1445932,0.0,0.0,0.0,0.0,0.0,0.0,0.0,0.0,0.0,0.0,0.0,0.0,0.0,0.0,0.0,0.0,0.0,0.0,0.0,0.0,0.0,0.0,0.0,0.0,0.0,0.0,0.0,0.0,8.491261,0.0,0.0,0.0,0.0,0.0,0.0,0.0,0.9329787,0.0,0.0,0.0,10.236427,0.0,0.0,0.0,0.0,0.0,0.0,0.0,0.3336301,0.0,0.0,1.223019,0.0,0.0,0.0,0.0,3.5210278,0.0,0.0,0.0,4.7933073,0.0,0.0,0.0,0.0,0.0,7.9322615,0.0,0.0,0.0,0.0,0.0
0.0,0.0,0.0,0.0,0.0,0.0,7.481213,0.0,0.0,0.0,6.8771167,0.0,0.0,0.0,0.0,0.0,0.0,0.0,0.0,0.0,0.0,0.0,0.0,4.8509483,0.9001137,0.0,0.0,0.0,0.0,0.0,0.0,0.0,5.0251994,0.0,0.0,0.0,0.0,0.0,0.0,0.0,0.0,0.0,0.0,0.0,0.22782958,0.0,0.0,0.0,0.0,0.0,0.0,0.0,0.0,0.0,0.0,0.0,0.0,0.0,0.0,0.0,0.0,0.0,0.0,0.0,0.0,0.0,0.0,0.0,9.16193,0.0,0.0,0.0,0.0,0.0,0.0,0.0,0.0,0.0,0.0,0.0,0.0,0.0,0.0,0.0,0.0,0.0,0.0,0.0,0.0,0.0,0.0,0.0,2.71421,0.0,0.0,0.0,0.0,0.0,0.0,0.0,0.0,0.0,12.267082,0.0,0.0,0.0,0.0,0.0,0.0,0.0,0.0,0.0,0.0,0.0,0.0,3.4517908,0.0,0.0,0.0,0.0,0.0,0.0,0.0,0.0,0.0,6.7996492,4.7638783,0.0
0.0,0.0,0.0,0.0,0.0,0.0,2.5854466,0.0,0.0,0.0,6.3726463,0.0,0.0,0.0,0.0,0.0,0.0,0.0,0.0,0.0,0.0,0.0,0.0,0.0,5.9956646,0.0,0.0,0.0,0.0,0.0,5.6198,0.0,0.0,0.0,0.0,0.0,0.0,0.0,0.0,5.157983,0.0,0.0,0.0,0.0,3.3870747,0.0,0.14536905,1.2123872,1.2427328,0.0,0.0,4.661966,0.0,0.0,0.0,0.0,0.0,0.0,0.0,0.0,0.0,0.0,0.0,0.0,0.0,0.0,0.0,0.0,0.0,0.0,0.0,0.0,0.0,0.0,0.0,0.0,0.0,0.0,0.0,0.0,0.0,0.0,0.0,0.0,0.0,0.0,0.0,0.0,0.0,0.0,0.0,0.32193485,0.0,0.0,0.0,0.0,2.1171887,0.0,0.0,0.0,0.0,0.0,6.8308525,0.0,2.1568496,0.0,0.0,3.3661788,0.0,0.0,0.0,0.0,1.2022098,0.0,0.0,7.7817187,0.0,0.0,0.0,0.0,0.0,0.0,0.0,0.0,0.0,0.0,0.0,0.0
0.0,0.20240244,0.0,0.0,0.0,0.0,0.0,0.0,0.31767836,0.0,1.4940298,0.0,0.0,0.0,0.0,0.0,0.0,0.0,0.0,0.0,0.0,0.0,0.0,0.8596728,5.6944146,0.0,0.0,0.0,0.0,2.4017622,2.7249234,0.0,0.0,0.0,0.0,0.0,0.0,0.0,0.0,4.6389604,0.0,0.0,0.0,0.0,0.0,0.0,0.0,0.0,0.0,0.0,0.0,2.7032373,0.0,0.0,0.0,3.65663,0.0,0.0,0.0,0.0,0.0,0.0,0.0,0.0,0.0,0.0,0.0,0.0,0.0,0.0,0.0,0.0,0.0,0.0,0.0,7.379229,0.0,0.0,0.0,0.0,0.0,0.0,0.0,0.0,10.409522,0.0,0.0,0.0,0.0,0.0,0.0,0.0,3.3481364,0.0,0.0,0.0,7.6867785,0.0,0.0,0.0,0.0,0.0,0.0,0.0,10.179714,0.0,0.0,3.3882163,0.0,0.0,0.0,0.0,4.483653,0.0,0.0,0.0,0.2517289,0.0,0.0,0.0,0.0,0.0,2.8430567,0.0,0.0,0.0,0.0,0.0
0.0,0.0,3.3356164,0.5589842,0.0,0.0,0.0,0.0,0.0,0.0,4.774541,0.0,0.72847176,0.0,0.0,0.0,0.0,0.0,0.0,0.0,0.0,0.0,1.1608405,4.258062,0.0,0.0,0.0,0.0,0.0,0.0,1.3675282,0.0,0.9134346,0.0,0.0,0.0,0.0,0.0,0.0,0.0,0.0,0.0,0.0,0.0,0.45880145,0.0,2.989969,4.2563934,0.0,0.0,0.0,0.0,0.0,0.0,0.0,0.0,0.0,0.0,0.0,0.0,0.0,0.0,0.0,0.0,0.0,0.0,0.0,0.0,1.7328364,0.0,0.0,0.0,0.0,0.0,0.0,0.0,4.493605,0.0,0.0,0.0,5.8342357,0.0,0.0,0.0,0.0,0.0,0.0,0.0,0.0,0.0,0.0,0.0,0.0,0.0,0.0,0.0,0.0,0.0,0.0,0.0,0.0,0.0,0.0,0.0,0.0,0.0,0.0,0.0,1.1542851,0.0,0.0,0.0,0.93542206,0.0,0.0,5.8020253,0.0,0.0,0.0,0.0,0.0,0.0,0.0,0.0,0.0,0.30028278,0.0,0.0
0.0,0.0,0.0,0.0,0.0,0.0,2.5410106,0.0,0.0,0.0,0.0,0.0,3.2628036,0.0,0.0,0.0,0.12763247,0.0,0.0,0.0,0.0,0.0,0.0,4.725378,0.0,0.0,0.0,0.0,0.0,0.0,0.0,0.0,1.5351323,0.0,0.0,0.0,0.0,0.0,1.4823288,0.0,0.0,0.0,0.0,0.0,0.0,0.0,0.0,0.0,0.0,0.0,0.0,0.0,0.0,0.0,0.0,0.0,0.0,0.0,0.0,0.0,0.0,0.0,0.0,0.0,0.0,0.0,0.0,0.0,3.9980133,0.0,0.0,0.0,0.0,0.0,0.0,0.0,2.064035,0.0,0.0,0.0,0.0,0.0,0.0,0.0,0.0,0.0,0.0,0.0,0.0,0.0,0.0,0.0,0.0,0.0,0.0,0.0,0.0,0.0,0.0,0.0,0.0,0.0,0.5134208,0.9332979,0.0,0.0,0.0,0.0,0.0,4.001369,0.0,0.0,0.0,0.0,0.0,0.0,0.0,0.0,0.0,0.0,0.0,0.0,0.0,0.0,0.0,8.32484,5.529418,0.0
0.0,0.0,0.0,0.0,0.0,0.0,7.5086765,0.0,0.0,0.0,13.027418,0.0,0.0,0.0,0.0,0.0,0.0,0.0,0.0,0.0,0.0,0.0,0.0,0.0,5.1975975,0.0,1.755007,0.0,0.0,0.0,1.050321,0.0,0.0,0.0,0.0,0.0,0.0,0.0,0.0,9.961921,0.0,0.0,0.0,0.0,0.0,0.0,0.0,0.42105466,3.571308,0.0,0.0,8.613911,0.0,0.0,0.0,3.4914494,0.0,0.0,0.0,0.0,0.0,0.0,0.0,0.0,0.0,0.0,0.0,0.0,0.0,0.0,0.0,0.0,0.0,0.0,0.0,0.0,0.0,0.0,0.0,0.0,0.0,0.0,0.0,0.0,5.292033,0.0,0.0,0.0,0.0,0.0,0.0,0.0,0.0,0.0,0.0,0.0,7.7844543,0.0,0.0,0.0,0.0,0.0,1.2569027,0.0,5.288909,1.6068374,0.0,3.9286187,0.0,0.0,0.0,0.0,2.2352357,0.0,0.0,1.4872214,0.0,0.0,0.0,0.0,0.0,0.0,4.7198734,0.0,0.0,0.0,0.071594685,0.0
0.0,0.0,0.0,0.0,0.0,0.0,2.777735,0.0,0.0,0.0,7.1972775,0.0,0.0,0.0,0.0,0.0,0.0,0.0,0.0,0.0,0.0,0.0,0.0,0.0,8.002095,0.0,0.0,0.0,0.0,0.0,0.0,0.0,0.0,0.0,0.0,10.595558,0.0,0.0,0.0,12.369796,0.0,0.0,0.0,0.0,0.0,0.0,0.0,10.658075,0.0,0.0,0.0,1.5514921,0.0,0.0,0.0,0.0,0.0,0.0,0.0,0.0,0.0,0.0,0.0,0.0,0.0,0.0,0.0,0.0,0.0,0.0,0.0,0.0,0.0,0.0,0.0,0.0,0.0,0.0,0.0,0.0,0.0,0.0,0.0,0.0,10.814847,0.0,0.0,0.0,0.0,0.0,0.0,0.0,2.9215755,0.0,0.0,0.0,12.901318,0.0,0.0,0.0,0.0,0.0,3.5463657,0.0,4.9613843,0.0,0.09397399,0.0,0.0,0.0,0.0,0.0,0.0,0.0,0.0,0.00090272725,6.1231103,0.0,0.0,0.0,0.0,0.0,12.457099,0.0,0.0,0.0,0.0,0.0
0.0,0.0,0.0,0.0,0.0,0.0,4.4852476,0.0,0.0,0.0,6.849659,0.0,0.0,0.0,0.0,0.0,0.0,0.0,0.0,0.0,0.0,0.0,0.0,0.0,9.75565,0.0,6.576606,0.0,0.0,8.133419,2.7440298,0.0,0.0,0.0,0.0,0.0,0.0,0.0,0.0,8.457509,0.0,0.0,0.0,0.0,0.0,0.0,0.0,0.0,9.965848,0.0,0.0,6.3918295,0.0,0.0,0.0,7.1089444,0.0,0.0,0.0,0.0,0.0,0.0,0.0,0.0,0.0,0.0,0.0,0.0,0.0,0.0,0.0,0.0,0.0,0.0,0.0,0.0,0.0,0.0,0.0,0.0,0.0,0.0,0.0,0.0,5.7627535,0.0,0.0,0.0,0.0,0.0,0.0,2.0315583,0.0,0.0,0.0,0.0,8.075094,0.0,0.0,0.0,0.0,0.0,0.0,0.0,5.2013364,0.0,0.0,7.2412214,0.0,0.0,0.0,0.0,4.9133015,0.0,0.0,0.0,0.0,0.0,0.0,0.0,0.0,0.0,7.2062125,0.0,0.0,0.0,0.0,0.0
1.7871794,0.0,0.0,0.0,0.0,1.1003839,2.5811458,0.0,0.0,0.0,0.0,0.0,0.9659211,0.0,0.0,0.0,0.0,0.0,0.0,0.0,0.0,0.5036699,0.0,0.0,0.0,0.0,0.0,0.0,0.0,0.0,0.07264751,0.0,0.13759002,0.0,0.0,0.0,0.48189718,0.0,0.7104672,0.0,0.0,0.0,0.0,0.0,0.8254869,0.0,0.0,0.0,0.20332839,0.0,0.0,2.0960398,0.0,0.0,0.0,0.0,0.0,0.0,0.0,0.0,0.0,0.0,0.0,0.0,0.0,0.0,0.0,0.0,1.0995756,0.0,0.0,0.055007786,0.0,0.0,0.0,0.0,0.30798042,0.0,0.0,0.0,0.0,0.11307481,0.0,0.0,0.0,0.0,0.0,0.0,0.0,0.0,0.0,0.0,0.0,0.0,0.0,0.0,0.0,0.0,0.0,0.0,0.0,0.0,1.1401339,1.5918562,0.0,0.0,0.0,0.0,0.0,0.840758,0.0,0.0,0.0,0.0,0.0,0.35718495,0.0,0.0,0.0,0.0,0.0,0.0,0.0,0.0,0.0,2.2432559,2.161454,0.0
0.62554944,0.0,0.0,0.0,0.0,0.0,4.0879884,0.0,0.0,0.0,4.1486044,0.0,0.0,0.0,0.0,0.0,0.0,0.0,0.0,0.0,0.0,0.0,0.0,0.8989041,0.43291664,0.0,0.0,0.0,0.0,0.24160373,0.30146056,0.0,0.0,0.36248657,0.0,0.0,2.1168623,0.0,0.0,0.46341607,0.0,0.0,0.0,0.0,2.1551576,0.0,0.0,0.0,0.0,0.0,0.0,3.5542011,0.0,0.0,0.0,2.1593077,0.0,0.0,0.0,0.0,0.0,0.0,0.0,0.0,0.0,0.0,0.0,0.0,0.0,0.0,0.0,0.0,0.0,0.0,0.0,0.0,0.0,0.0,0.0,0.0,0.0,0.0,0.0,0.0,0.88847816,0.0,0.0,0.0,0.0,0.0,0.0,0.0,0.0,0.0,0.0,0.0,1.6768544,0.0,0.0,0.0,0.0,0.0,0.0,0.03140132,0.0,0.3246826,2.074436,1.346897,0.0,0.0,0.0,0.0,3.6133072,0.0,0.0,0.57399255,0.0,0.0,0.0,0.12455502,0.0,0.0,0.65756524,0.0,0.0,0.0,1.5036378,0.0
0.44706658,0.0,0.0,0.0,0.0,0.0,8.816406,0.0,0.0,0.0,6.212746,0.0,0.0,0.0,0.0,0.0,0.0,0.0,0.0,0.0,0.0,0.0,0.0,0.0,7.276052,0.0,0.0,0.0,0.0,0.7184614,0.0,0.0,0.0,0.9934858,0.0,0.0,0.0,0.0,0.0,4.068222,0.0,0.0,0.0,0.0,0.0,0.0,0.0,0.0,2.5566137,0.0,0.0,3.37857,0.0,0.0,0.0,5.1334133,0.0,0.0,0.0,0.0,0.0,0.0,0.0,0.0,0.0,0.0,0.0,0.0,0.0,0.0,0.0,0.0,0.0,0.0,0.0,0.0,0.0,0.0,0.0,0.0,0.0,0.0,0.0,0.0,3.0640035,0.0,0.0,0.0,0.0,0.0,0.0,1.2918453,0.0,0.0,0.0,0.0,0.19031131,0.0,0.0,0.0,0.0,0.0,0.75266176,0.0,1.4741282,0.0,0.0,0.72851545,0.0,0.0,0.0,0.0,2.1639981,0.0,0.0,1.2199179,1.7756771,0.0,0.0,0.0,0.0,0.0,1.2983652,0.0,0.0,0.0,0.0,0.0
0.9026248,0.0,0.0,0.0,0.0,0.481165,0.0,0.0,0.0,0.0,0.0,0.0,2.0419269,0.0,0.0,0.0,0.0,0.0,0.0,0.0,0.0,1.836384,0.0,1.40723,0.0,0.0,0.0,0.0,0.0,0.0,0.0,0.0,0.5459449,0.0,0.0,0.0,0.0,0.0,2.7097867,0.0,0.0,0.0,0.0,0.0,0.0,0.0,0.0,0.0,0.0,0.0,0.0,0.0,0.0,0.0,0.0,0.0,0.0,0.0,0.0,0.0,0.0,0.0,0.0,0.0,0.0,0.0,0.0,0.0,1.7579917,0.0,0.0,0.0,0.0,0.0,0.0,0.0,3.628341,0.0,0.0,0.0,0.0,0.0,0.0,0.0,0.0,0.0,0.0,1.2836616,0.0,0.5911836,0.0,0.0,0.0,0.0,0.0,0.0,0.0,0.0,0.0,0.0,0.0,0.0,1.112473,0.98578376,0.0,0.0,0.0,0.0,1.0136306,2.477626,0.0,0.0,0.0,0.0,0.0,0.0,0.0,0.0,0.0,0.0,0.0,0.0,0.0,0.0,0.0,5.8201656,3.0934646,0.0
2.944728,0.0,8.47066,0.0,0.0,0.0,0.0,0.0,0.0,0.0,1.4996471,0.0,0.0,4.38103,0.0,0.0,0.0,0.0,0.0,0.0,0.0,0.0,0.0,0.07457714,0.0,0.0,0.0,0.0,0.0,0.0,0.0,0.0,3.5211318,0.0,0.0,0.0,0.0,0.0,0.0,0.0,0.0,0.0,0.0,0.0,0.0,0.0,0.0,5.899029,0.0,0.0,0.0,0.0,4.5740714,0.0,0.0,0.0,0.0,0.0,0.0,0.0,0.47102797,0.0,0.0,0.0,0.0,0.0,0.0,0.0,0.0,0.0,0.0,0.0,0.0,0.0,0.0,0.0,7.584093,0.0,0.0,0.0,0.0,0.0,0.0,0.0,0.0,0.0,0.0,0.0,0.0,0.0,0.0,0.0,0.0,0.0,11.9506235,0.0,0.0,0.0,0.0,0.0,0.0,0.0,9.792809,0.0,0.0,0.0,0.0,0.0,11.953753,0.0,0.77118045,0.0,0.0,0.0,0.0,3.7367318,0.0,0.0,0.0,0.0,0.0,0.0,0.0,0.0,0.0,0.0,0.0,0.0
1.7871794,0.0,0.0,0.0,0.0,1.1003839,2.5811458,0.0,0.0,0.0,0.0,0.0,0.9659211,0.0,0.0,0.0,0.0,0.0,0.0,0.0,0.0,0.5036699,0.0,0.0,0.0,0.0,0.0,0.0,0.0,0.0,0.07264751,0.0,0.13759002,0.0,0.0,0.0,0.48189718,0.0,0.7104672,0.0,0.0,0.0,0.0,0.0,0.8254869,0.0,0.0,0.0,0.20332839,0.0,0.0,2.0960398,0.0,0.0,0.0,0.0,0.0,0.0,0.0,0.0,0.0,0.0,0.0,0.0,0.0,0.0,0.0,0.0,1.0995756,0.0,0.0,0.055007786,0.0,0.0,0.0,0.0,0.30798042,0.0,0.0,0.0,0.0,0.11307481,0.0,0.0,0.0,0.0,0.0,0.0,0.0,0.0,0.0,0.0,0.0,0.0,0.0,0.0,0.0,0.0,0.0,0.0,0.0,0.0,1.1401339,1.5918562,0.0,0.0,0.0,0.0,0.0,0.840758,0.0,0.0,0.0,0.0,0.0,0.35718495,0.0,0.0,0.0,0.0,0.0,0.0,0.0,0.0,0.0,2.2432559,2.161454,0.0
0.0,0.0,0.0,0.0,0.0,3.0885534,7.313215,0.0,0.0,0.0,8.398137,0.0,0.0,0.0,0.0,0.0,0.0,0.0,0.0,0.0,0.0,0.0,0.0,0.0,4.21709,0.0,0.0,0.0,0.0,0.0,0.0,0.0,0.0,2.7166982,0.0,0.0,0.0,0.9877187,0.0,4.3298593,0.0,0.0,0.0,0.0,0.0,0.0,0.0,0.8422373,0.0,0.0,0.0,6.580579,0.0,0.0,0.0,0.0,0.0,0.0,0.0,0.0,0.0,0.0,0.0,0.0,0.0,0.0,0.0,0.0,0.0,0.0,0.0,0.0,0.0,0.0,0.0,0.0,0.24746853,0.0,0.0,0.0,0.0,0.0,0.0,0.0,4.165783,0.0,0.0,0.0,0.0,0.0,0.0,0.0,0.5805675,0.0,0.0,0.0,5.1722374,0.0,0.0,0.0,0.0,0.0,3.8081806,0.0,0.0,0.0,2.0472584,2.7524345,0.0,0.0,0.0,0.0,2.3741994,0.0,0.0,6.418977,1.2700932,0.0,0.0,0.0,0.0,0.0,4.958053,0.0,0.0,0.0,1.3982447,0.0
0.0,0.0,0.0,0.0,0.0,0.92930084,4.139979,0.0,0.0,0.0,0.26127994,0.0,0.0,0.0,0.0,0.0,0.0,0.0,0.0,0.0,0.0,0.14929576,0.0,0.0,0.0,0.0,0.0,0.0,0.0,0.0,0.17097916,0.0,0.0,0.0,0.0,0.0,0.0,0.0,1.6927572,0.0,0.0,0.0,0.0,0.0,0.0,0.0,0.0,0.0,0.0,0.0,0.0,0.32953054,0.0,0.0,0.0,0.0,0.0,0.0,0.0,0.0,0.0,0.0,0.0,0.0,0.0,0.0,0.0,0.0,0.0,0.0,0.0,1.429585,0.0,0.0,0.0,0.0,0.0,0.0,0.0,0.0,0.0,0.0,0.0,0.0,2.3391652,0.0,0.0,0.0,0.0,0.0,0.0,0.0,1.2826127,0.0,0.0,0.0,0.0,0.0,0.0,0.0,0.0,0.0,4.2240953,2.2653096,0.0,0.0,1.380668,0.0,0.0,0.0,0.0,0.0,0.0,0.0,0.0,0.0,0.0,0.0,0.0,0.0,0.0,0.0,1.4152721,0.0,0.0,2.3615177,2.5441592,0.0
0.0,0.0,0.0,0.8749704,0.0,0.0,0.0,0.0,10.684514,0.0,5.67254,0.0,0.0,0.0,0.0,0.0,2.6544733,0.0,0.0,0.0,0.0,0.0,6.8257413,0.0,0.0,0.0,0.0,0.0,0.0,4.076609,2.797288,0.0,0.0,0.0,0.0,0.0,0.0,0.0,0.0,5.354281,0.0,0.0,0.0,0.0,0.0,0.0,0.0,8.090206,7.302595,0.0,0.0,0.0,0.0,0.0,0.0,0.0,0.0,0.0,0.0,0.0,0.0,0.0,0.0,0.0,0.0,0.0,0.0,0.0,0.0,0.0,0.0,0.0,0.0,0.0,0.0,8.295975,0.0,0.0,0.0,0.0,11.524036,0.0,0.0,0.0,0.0,0.0,0.0,0.0,0.0,0.0,0.0,0.0,0.0,0.0,0.0,0.0,5.73043,0.0,0.0,0.0,0.0,0.0,0.0,0.0,4.3296046,0.0,0.0,0.0,0.0,0.0,0.0,0.0,0.0,0.0,0.0,0.0,6.000603,0.0,0.0,0.0,0.0,0.0,0.3715561,0.0,0.0,0.0,0.0,0.0
0.1282938,0.0,3.0969183,0.0,0.0,0.0,0.0,0.0,0.0,0.0,3.9313767,0.0,0.0,0.0,0.0,0.0,0.0,0.0,0.0,0.0,0.0,0.0,0.0,0.0,0.0,0.0,0.0,0.0,0.0,0.0,0.0,0.0,0.0,0.0,0.0,0.0,0.0,0.0,0.0,0.13403018,0.0,0.0,0.0,0.0,3.8082736,0.0,0.9184301,0.0,0.0,0.0,0.0,0.028003994,0.0,0.0,0.0,0.0,0.0,0.0,0.0,0.0,0.0,0.0,0.0,0.0,0.0,0.0,0.0,0.0,2.2581253,0.0,0.0,0.0,0.0,0.0,0.0,0.0,3.090939,0.0,0.0,0.0,0.0,0.0,0.0,0.0,0.0,0.0,0.0,0.0,0.0,0.0,0.0,0.0,0.0,0.0,0.0,0.0,0.0,0.0,0.0,0.0,0.0,0.0,1.902827,0.0,0.0,0.0,0.0,0.0,0.0,0.0,0.0,0.0,1.0609663,0.0,0.0,5.18281,0.0,0.0,0.0,0.0,0.0,0.0,0.0,0.0,0.0,0.41823134,0.0,0.0
0.0,0.0,0.0,0.0,0.0,0.0,6.6321797,0.0,0.0,0.0,5.7233973,0.0,0.0,0.0,0.0,0.0,0.0,0.0,0.0,0.0,0.0,0.0,0.0,0.0,4.541372,0.0,0.0,0.0,0.0,1.4418143,0.0,0.0,0.0,1.585648,0.0,0.0,0.0,0.0,0.0,2.141757,0.0,0.0,0.0,0.0,0.34725696,0.0,0.0,0.0,0.0,0.0,0.0,6.1368423,0.0,0.0,0.0,3.9116704,0.0,0.0,0.0,0.0,0.0,0.0,0.0,0.0,0.0,0.0,0.0,0.0,0.0,0.0,0.0,0.0,0.0,0.0,0.0,0.0,0.0,0.0,0.0,0.0,0.0,0.0,0.0,0.0,6.640605,0.0,0.0,0.0,0.0,0.0,0.0,0.0,0.5336818,0.0,0.0,0.0,4.907523,0.0,0.0,0.0,0.0,0.0,0.99537057,0.0,2.1537967,0.0,0.6819891,4.2692275,0.0,0.0,0.0,0.0,5.916241,0.0,0.0,0.8020721,0.0,0.0,0.0,0.0,0.0,0.0,5.3381767,0.0,0.0,0.0,0.0,0.0
0.0,0.0,0.0,2.306422,0.0,0.0,0.0,0.0,2.4180384,0.0,0.5357936,0.0,0.0,0.0,0.0,0.0,0.0,0.0,0.0,0.0,0.0,2.1293797,1.1537449,3.3563907,0.0,0.0,0.0,0.0,0.0,4.214806,0.0,0.0,0.0,0.0,0.0,0.0,3.1226885,0.971309,0.0,0.0,0.0,0.0,0.0,0.0,0.0,0.0,3.6602666,0.0,0.0,0.0,0.0,1.0861449,0.0,0.0,0.0,0.0,0.0,0.0,0.0,0.0,0.0,0.0,0.0,0.0,0.0,0.0,0.0,0.0,0.0,0.0,0.0,0.0,0.0,0.0,0.0,1.573443,4.0124197,0.0,0.0,0.0,0.0,0.0,0.0,0.0,3.1259043,0.0,0.0,0.0,0.0,0.0,0.0,0.0,0.49633926,0.0,0.0,0.0,1.0712222,0.0,0.0,0.0,0.0,0.0,0.0,0.0,1.2958516,0.5580354,0.0,3.397712,0.0,0.0,0.0,0.0,4.210966,0.0,0.0,0.0,4.0230765,0.0,0.0,0.0,0.0,0.0,3.2429082,0.0,0.0,3.7158568,0.0,0.0
0.0,0.0,0.0,0.0,0.0,0.0,2.5283568,0.0,0.0,0.0,0.0,0.0,1.5016847,0.37628937,0.0,0.0,0.0,0.0,0.0,0.0,0.0,0.0,0.0,1.0329276,0.0,0.0,0.0,0.0,0.0,0.0,0.0,0.0,2.9126537,0.0,0.0,0.0,0.0,0.0,1.9472666,0.0,0.0,0.0,0.0,0.0,0.0,0.0,0.0,0.0,0.0,0.0,0.0,0.0,0.0,0.0,0.0,0.0,0.0,0.0,0.0,0.0,0.0,0.0,0.0,0.0,0.0,0.0,0.0,0.0,3.0779839,0.0,0.0,0.38548627,0.0,0.0,0.0,0.0,0.26542836,0.0,0.0,0.0,0.0,0.0,0.0,0.0,0.0,0.0,0.0,0.7298959,0.0,0.0,0.0,0.0,0.0,0.0,0.0,0.0,0.0,0.0,0.0,0.0,0.0,0.0,5.08802,2.8686023,0.0,0.0,0.0,0.0,0.0,0.7745762,0.0,0.0,0.0,0.0,0.0,0.0,0.0,0.0,0.0,0.0,0.0,0.0,0.0,0.0,0.0,3.5200124,4.229659,0.0
0.0,0.0,11.526737,0.0,0.0,0.0,0.0,0.0,6.3947854,0.0,0.0,0.0,0.0,6.036751,0.0,0.0,10.08532,0.0,0.0,1.2489797,0.0,0.0,0.0,2.6429882,0.0,0.0,0.0,0.0,0.0,0.0,1.7916149,0.0,0.0,0.0,0.0,1.0874605,0.0,0.0,1.1855631,0.0,0.0,0.0,0.0,0.0,0.0,0.0,0.0,16.961418,0.0,0.0,0.0,0.0,0.0,0.0,0.0,0.0,0.0,0.0,0.0,0.0,0.0,0.0,0.0,0.0,0.0,0.0,0.0,0.0,0.0,0.0,0.0,0.0,0.0,0.0,0.0,0.0,0.0,0.0,0.0,0.0,16.576647,0.0,0.0,0.0,0.0,0.0,0.0,0.0,0.0,0.0,0.0,0.0,0.0,0.0,0.0,0.0,14.26413,0.0,0.0,0.0,0.0,0.0,0.0,0.0,0.0,0.0,0.0,0.0,0.0,0.0,0.0,0.0,0.0,0.0,0.0,0.09347908,9.020129,0.0,0.0,0.0,0.0,0.0,0.0,0.0,0.0,0.0,0.0,0.0
0.0,0.0,0.0,1.712808,0.0,0.0,3.923529,0.0,0.0,0.0,4.943365,0.0,0.0,0.0,0.0,0.0,0.0,0.0,0.0,0.0,0.0,0.0,0.0,0.0,2.331756,0.0,2.5810468,0.0,0.0,6.475903,3.901123,0.0,0.0,0.0,0.0,0.0,0.0,0.0,0.0,5.4176087,0.0,0.0,0.0,0.0,0.40582296,0.0,0.0,0.0,8.391628,0.0,0.0,5.6147842,1.02843,0.0,0.0,4.0055118,0.0,0.0,0.0,0.0,0.0,0.0,0.0,0.0,0.0,0.0,0.0,0.0,0.0,0.0,0.0,0.0,0.0,0.0,0.0,0.25227758,0.0,0.0,0.0,0.0,0.0,0.0,0.0,0.0,5.2512355,0.0,0.0,0.0,0.0,0.0,0.0,1.7732131,0.0,0.0,0.0,0.0,5.1415606,0.0,0.0,0.0,0.0,0.0,0.0,0.0,0.53415614,4.3976593,0.0,6.659823,0.0,0.0,0.0,0.0,4.8834224,0.0,0.0,0.0,0.0,0.0,0.0,0.0,0.0,0.0,0.4568079,0.0,0.0,0.0,0.25688332,0.0
0.0,0.0,0.0,0.0,0.0,0.0,2.738394,0.0,0.0,0.0,0.0,0.0,3.0995069,1.2045912,0.0,0.0,0.0,0.0,0.0,0.0,0.0,0.46034235,0.0,2.2068748,0.0,0.0,0.0,0.0,0.0,0.0,0.0,0.0,1.8760619,0.0,0.0,0.0,0.0,0.0,3.3183372,0.0,0.0,0.0,0.0,0.0,0.0,0.0,0.0,0.0,0.0,0.0,0.0,0.0,0.0,0.0,0.0,0.0,0.0,0.0,0.0,0.0,0.0,0.0,0.0,0.0,0.0,0.0,0.0,0.0,4.535345,0.0,0.0,0.0,0.0,0.0,0.0,0.0,1.7051377,0.0,0.0,0.0,0.0,0.0,0.0,0.0,0.0,0.0,0.0,3.0938294,0.0,0.05963303,0.0,0.0,0.0,0.0,0.0,0.0,0.0,0.0,0.0,0.0,0.0,0.0,3.8812737,3.0949156,0.0,0.0,0.0,0.0,0.0,3.7032404,0.0,0.0,0.0,0.0,0.0,0.0,0.0,0.0,0.0,0.0,0.0,0.0,0.0,0.0,0.0,6.594477,4.940624,0.0
0.0,0.0,0.0,0.0,0.0,0.0,0.0,0.0,1.2337571,0.0,0.0,0.0,0.0,0.0,0.0,0.0,0.0,0.0,0.0,0.0,0.0,0.0,0.0,0.0,0.0,0.0,0.8742187,0.0,0.0,4.0542774,0.0,0.0,0.0,0.0,0.0,0.0,0.0,0.0,0.0,3.3987,0.0,0.0,0.0,0.0,0.0,0.0,0.26916522,0.0,3.6708457,0.0,0.0,0.0,0.0,0.0,0.0,0.0,0.0,0.0,0.0,1.141703,0.0,0.0,0.0,0.0,0.0,0.0,0.0,0.0,0.0,0.0,0.0,0.0,0.0,0.0,0.0,0.0,0.81809264,0.0,0.0,0.0,2.3895388,0.0,0.0,0.0,2.9791071,0.0,0.0,0.0,0.0,0.0,0.0,0.0,0.0,0.0,0.0,0.0,7.5951214,0.0,0.0,0.0,0.0,0.0,0.0,0.0,0.0,0.0,0.0,0.7322266,0.0,0.0,0.0,0.0,1.1339656,0.0,0.0,0.0,1.5766636,0.0,0.0,0.0,0.0,0.0,1.5228556,0.0,0.0,0.0,0.0,0.0
0.0,0.0,3.924193,0.34694478,0.0,0.0,0.0,0.0,2.2682962,0.0,0.0,0.0,6.8863187,0.0,0.0,0.0,0.0,0.0,0.0,0.0,0.0,0.6944326,0.0,7.431122,0.0,0.0,0.0,0.0,0.0,0.0,0.0,0.0,5.7207494,0.0,0.0,0.0,0.0,0.0,4.4744153,0.0,0.0,0.0,0.0,0.0,0.0,0.0,0.0,0.0,0.0,0.0,0.0,0.0,0.0,0.0,0.0,0.0,0.0,0.0,0.0,0.0,0.0,0.0,0.0,0.0,0.0,0.0,0.0,0.0,4.829946,0.0,0.0,0.0,0.0,0.0,0.0,0.0,6.194747,0.0,0.0,0.0,2.2367904,0.0,0.0,0.0,0.0,0.0,0.0,5.4392114,0.0,0.0,0.0,0.0,0.0,0.0,6.1814656,0.0,2.2211335,0.0,0.0,0.0,0.0,0.0,0.0,0.0,0.0,0.0,0.0,0.0,12.3525505,0.0,0.0,0.0,0.0,0.0,0.0,3.0132806,0.0,0.0,0.0,0.0,0.0,0.0,0.0,0.0,0.0,6.5816326,0.0,0.0
1.8017243,0.0,0.0,0.0,0.0,0.0,5.9934974,0.0,0.0,0.0,5.489605,0.0,0.0,0.0,0.0,0.0,0.0,0.0,0.0,0.0,0.0,0.0,0.0,0.0,0.0,0.0,0.0,0.0,0.0,0.0,2.353293,0.0,0.0,0.0,0.0,0.0,0.0,0.0,0.0,1.2399597,0.0,0.0,0.0,0.0,0.8391058,0.0,0.0,0.0,1.3136364,0.0,0.0,4.0423217,0.0,0.0,0.0,0.9592599,0.0,0.0,0.0,0.0,0.0,0.0,0.0,0.0,0.0,0.0,0.0,0.0,0.0,0.0,0.0,0.0,0.0,0.0,0.0,0.0,0.0,0.0,0.0,0.0,0.0,0.40939572,0.0,0.0,1.9892935,0.0,0.0,0.0,0.0,0.0,0.0,0.0,0.0,0.0,0.0,0.0,0.0,0.0,0.0,0.0,0.0,0.0,2.4755218,1.7708031,0.0,1.2985337,0.77362126,0.27269858,0.0,0.0,0.0,0.0,0.043870617,0.0,0.0,0.40467587,0.0,0.0,0.0,0.0,0.0,0.0,0.28178635,0.0,0.0,0.0,1.9567789,0.0
0.0,0.0,0.0,0.0,0.0,0.0,8.419939,0.0,0.0,0.0,11.007229,0.0,0.0,0.0,0.0,0.0,0.0,0.0,0.0,0.0,0.0,0.0,0.0,0.0,13.081183,0.0,1.7474451,0.0,0.0,0.13923217,7.425034,0.0,0.0,0.0,0.0,0.0,0.0,0.0,0.0,13.833497,0.0,0.0,0.0,0.0,0.0,0.0,0.0,0.0,1.7976096,0.0,0.0,12.210498,0.0,0.0,0.0,9.927009,0.0,0.0,0.0,0.0,0.0,0.0,0.0,0.0,0.0,0.0,0.0,0.0,0.0,0.0,0.0,0.0,0.0,0.0,0.0,1.487222,0.0,0.0,0.0,0.0,0.0,0.0,0.0,0.0,15.419058,0.0,0.0,0.0,0.0,0.0,0.0,0.94510794,0.0,0.0,0.0,0.0,15.894911,0.0,0.0,0.0,0.0,0.0,2.7349553,0.0,15.424821,0.0,0.0,10.549247,0.0,0.0,0.0,0.0,10.260225,0.0,0.0,0.0,0.0,0.0,0.0,0.0,0.0,0.0,5.0289564,0.0,0.0,0.0,0.0,0.0
0.9026248,0.0,0.0,0.0,0.0,0.481165,0.0,0.0,0.0,0.0,0.0,0.0,2.0419269,0.0,0.0,0.0,0.0,0.0,0.0,0.0,0.0,1.836384,0.0,1.40723,0.0,0.0,0.0,0.0,0.0,0.0,0.0,0.0,0.5459449,0.0,0.0,0.0,0.0,0.0,2.7097867,0.0,0.0,0.0,0.0,0.0,0.0,0.0,0.0,0.0,0.0,0.0,0.0,0.0,0.0,0.0,0.0,0.0,0.0,0.0,0.0,0.0,0.0,0.0,0.0,0.0,0.0,0.0,0.0,0.0,1.7579917,0.0,0.0,0.0,0.0,0.0,0.0,0.0,3.628341,0.0,0.0,0.0,0.0,0.0,0.0,0.0,0.0,0.0,0.0,1.2836616,0.0,0.5911836,0.0,0.0,0.0,0.0,0.0,0.0,0.0,0.0,0.0,0.0,0.0,0.0,1.112473,0.98578376,0.0,0.0,0.0,0.0,1.0136306,2.477626,0.0,0.0,0.0,0.0,0.0,0.0,0.0,0.0,0.0,0.0,0.0,0.0,0.0,0.0,0.0,5.8201656,3.0934646,0.0
0.0,0.0,0.0,0.0,0.0,0.0,8.340007,0.0,0.0,0.0,4.2277803,0.0,0.0,0.0,0.0,0.0,0.0,0.0,0.0,0.0,0.0,0.0,0.0,0.0,11.421879,0.0,1.5090665,0.0,0.0,3.2377357,0.0,0.0,0.0,4.1977615,0.0,0.0,0.0,0.0,0.0,6.70845,0.0,0.0,0.0,0.0,0.0,0.0,0.0,0.0,1.3453859,0.0,0.0,4.020404,0.0,0.0,0.0,9.25159,0.0,0.0,0.0,0.0,0.0,0.0,0.0,0.0,0.0,0.0,0.0,0.0,0.0,0.0,0.0,0.0,0.0,0.0,0.0,0.0,0.0,0.0,0.0,0.0,0.0,0.0,0.0,0.0,14.238826,0.0,0.0,0.0,0.0,0.0,0.0,0.7319966,3.1503406,0.0,0.0,0.0,10.707799,0.0,0.0,0.0,0.0,0.0,0.0,0.0,5.1247478,0.0,0.0,2.8414264,0.0,0.0,0.0,0.0,5.6202064,0.0,0.0,0.0,0.32387155,0.0,0.0,0.0,0.0,0.0,10.748696,0.0,0.0,0.0,0.0,0.0
2.3276794,0.0,0.0,0.0,0.0,0.0,5.592445,0.0,0.0,0.0,9.913051,0.0,0.0,0.0,0.0,0.0,0.0,0.0,0.0,0.0,0.0,0.0,0.0,0.0,4.682944,0.0,1.5213187,0.0,0.0,0.0,2.86087,0.0,0.0,0.0,0.0,0.0,0.0,0.0,0.0,4.8696084,0.0,0.0,0.0,0.0,3.7583845,0.0,0.0,0.0,2.21428,0.0,0.0,5.3152604,0.0,0.0,0.0,4.6683364,0.0,0.0,0.0,0.0,0.0,0.0,0.0,0.0,0.0,0.0,0.0,0.0,0.0,0.0,0.0,0.0,0.0,0.0,0.0,0.0,0.0,0.0,0.0,0.0,0.0,0.0,0.0,0.0,0.0,0.0,0.0,0.0,0.0,0.0,0.0,2.0634532,0.0,0.0,0.0,0.0,3.36933,0.0,0.0,0.0,0.0,0.0,1.1923382,0.0,0.5778012,0.5275019,0.0,0.6624424,0.0,0.0,0.0,0.0,3.9150298,0.0,0.0,1.326361,0.0,0.0,0.0,0.0,0.0,0.0,1.4692036,0.0,0.0,0.0,0.80971384,0.0
0.20755509,0.0,0.0,0.0,0.0,0.25035742,3.4854813,0.0,0.0,0.0,0.0,0.0,1.4341611,1.2994429,0.0,0.0,0.07983161,0.0,0.0,0.0,0.0,1.780648,0.0,0.0,0.0,0.0,0.0,0.0,0.0,0.0,0.0,0.0,0.20781611,0.0,0.0,0.0,0.0,0.0,3.7603164,0.0,0.0,0.0,0.0,0.0,0.0,0.0,0.0,0.0,0.0,0.0,0.0,0.0,0.0,0.0,0.0,0.0,0.0,0.0,0.0,0.0,0.0,0.0,0.0,0.0,0.0,0.0,0.0,0.0,1.3951175,0.0,0.0,0.71411514,0.0,0.0,0.0,0.0,2.3354852,0.0,0.0,0.0,0.0,0.0,0.0,0.0,0.0,0.0,0.0,2.9229271,0.0,0.18167366,0.0,0.0,0.0,0.0,0.0,0.0,0.0,0.0,0.0,0.0,0.0,0.0,3.1591277,4.1963253,0.0,0.0,0.0,0.0,0.0,3.4245462,0.0,0.0,0.0,0.0,0.0,0.0,0.0,0.0,0.0,0.0,0.0,0.0,0.0,0.0,0.0,6.5894065,4.32203,0.0
3.1473236,0.0,4.647282,0.0,0.0,0.0,1.5657407,0.0,0.0,0.0,10.247976,0.0,0.0,0.0,0.0,0.0,0.0,0.0,0.0,0.0,0.0,0.0,0.0,0.0,2.8474016,0.0,0.0,0.0,0.0,0.0,0.0,0.0,0.0,0.0,0.0,0.0,0.0,0.6748197,0.0,3.7098567,0.0,0.0,0.0,0.0,8.739021,0.0,0.4827295,0.0,0.0,0.0,0.0,0.0,0.0,0.0,0.0,0.0,0.0,0.0,0.0,0.0,0.0,0.0,0.0,0.0,0.0,0.0,0.0,0.0,0.52772933,0.0,0.0,0.0,0.0,0.0,0.0,0.0,2.2759597,0.0,0.0,0.0,0.0,0.0,0.0,0.0,0.0,0.0,0.0,0.0,0.0,0.0,0.0,0.0,0.0,0.0,0.0,0.0,0.0,0.0,0.0,0.0,0.0,0.0,3.7930427,0.0,0.0,0.0,0.0,0.0,0.0,0.0,0.0,0.0,2.7851584,0.0,0.0,9.069274,0.0,0.0,0.0,0.0,0.0,0.0,0.0,0.0,0.0,0.0,0.0,0.0
0.0,0.0,0.0,0.0,0.0,0.0,0.0,0.0,1.3167928,0.0,0.0,0.0,4.925143,1.8928162,0.0,0.0,0.0,0.0,0.0,2.2291343,0.0,0.0,0.0,0.0,0.0,0.0,0.0,0.0,0.0,5.5968943,9.708242,0.0,0.0,0.0,0.0,4.0787325,0.0,0.0,0.0,0.0,0.0,0.0,0.0,0.0,0.0,0.0,12.523509,0.0,4.95839,0.0,0.0,0.0,0.0,0.0,0.0,0.0,0.0,0.0,0.0,7.4659877,0.0,0.0,0.0,0.0,0.0,0.0,0.0,0.0,0.0,0.0,0.0,0.0,0.0,0.0,0.0,9.748309,0.0,0.0,0.0,0.0,13.138203,0.0,0.0,0.0,0.36788383,0.0,0.0,0.03771636,0.0,0.0,0.0,3.4124804,0.0,0.0,0.0,0.0,14.800434,0.0,0.0,0.0,0.0,0.0,0.0,0.0,6.485567,0.0,0.0,2.8523545,0.0,0.0,0.0,0.0,0.0,0.0,0.0,0.0,3.6577482,0.0,0.0,0.0,0.0,0.0,0.0,0.0,0.0,0.0,0.0,0.0
0.6798386,0.0,0.0,0.0,0.0,0.0,1.8446926,0.0,0.0,0.0,5.749297,0.0,0.0,0.0,0.0,0.0,0.0,0.0,0.0,0.0,0.0,0.0,0.0,0.0,0.17846504,0.0,0.0,0.0,0.0,0.8114909,0.0,0.0,0.0,0.0,0.0,0.0,0.9411091,0.3754367,0.0,2.9263532,0.0,0.0,0.0,0.0,1.9189614,0.0,0.0,0.46161687,0.0,0.0,0.0,2.5603328,0.0,0.0,0.0,0.06309202,0.0,0.0,0.0,0.0,0.0,0.0,0.0,0.0,0.0,0.0,0.0,0.0,0.0,0.0,0.0,0.0,0.0,0.0,0.0,0.0,1.3578954,0.0,0.0,0.0,0.0,0.0,0.0,0.0,0.0,0.0,0.0,0.0,0.0,0.0,0.0,0.0,0.0,0.0,0.0,0.0,2.0844824,0.0,0.0,0.0,0.0,0.0,0.0,0.0,0.0,0.0,0.0,0.0,0.0,0.0,0.0,0.0,2.951513,0.0,0.0,2.7044485,0.64357054,0.0,0.0,0.0,0.0,0.0,0.28906465,0.0,0.0,0.0,1.184701,0.0
0.0,0.0,0.0,0.0,0.0,2.1726317,3.194217,0.0,0.0,0.0,0.0,0.0,0.0,0.0,0.0,0.0,0.0,0.0,0.0,0.0,0.0,1.2284203,0.0,0.44828865,0.0,0.0,0.0,0.0,0.0,0.23418906,0.16878425,0.0,0.0,0.0,0.0,0.0,1.8443141,0.0,0.8861567,0.0,0.0,0.0,0.0,0.0,0.0,0.0,0.0,0.0,0.0,0.15688515,0.0,2.3817296,0.0,0.0,0.0,0.0,0.0,0.0,0.0,0.0,0.0,0.0,0.0,0.0,0.0,0.0,0.0,0.0,0.0,0.0,0.0,1.6973634,0.0,0.0,0.0,0.0,1.4255356,0.0,0.0,0.0,0.0,0.3551145,0.0,0.0,1.5572182,0.0,0.0,0.0,0.0,0.0,0.0,0.0,1.4694959,0.0,0.0,0.0,0.0,0.0,0.0,0.0,0.0,0.0,0.6037433,1.9401362,0.0,0.0,0.0,1.4824038,0.0,0.0,0.0,0.0,0.39575186,0.0,0.0,0.55172974,0.0,0.0,0.0,0.6758,0.0,0.0,0.8335634,0.0,0.0,2.4312148,1.104207,0.0
0.0,0.0,0.0,0.0,0.0,3.2002366,3.7140896,0.0,0.0,0.0,0.0,0.0,0.0,0.0,0.0,0.0,0.0,0.0,0.0,0.0,0.0,0.0,0.0,0.0,5.107234,0.0,0.0,0.0,0.0,0.0,9.943071,0.0,0.0,0.0,0.0,0.0,0.0,0.0,0.0,4.840728,0.0,0.0,0.0,0.0,0.0,0.0,0.0,0.0,0.0,0.0,0.0,7.7053204,0.0,0.0,0.0,0.0,0.0,0.0,0.0,0.0,0.0,0.0,0.0,0.0,0.0,0.0,0.0,0.0,0.0,0.0,0.0,2.432267,0.0,0.0,0.0,0.0,0.0,0.0,0.0,0.0,0.0,0.0,0.0,0.0,6.463503,0.0,0.0,0.0,0.0,0.0,0.0,0.0,5.324881,0.0,0.0,0.0,6.7992253,0.0,0.0,0.0,0.0,0.0,4.453283,0.0,5.890448,0.0,0.0,12.888381,0.0,0.0,0.0,0.0,6.096107,0.0,0.0,3.1554072,0.0,0.0,0.0,0.0,0.0,0.0,0.0,0.0,0.0,0.0,0.0,0.0
0.0,0.0,0.0,0.0,0.0,0.0,0.0,0.0,7.5974135,0.0,2.5132883,0.0,0.0,0.0,0.0,0.0,0.092656806,0.0,0.0,0.0,0.0,0.0,0.85206866,4.5334654,0.0,0.0,0.0,0.0,0.0,0.0,3.5009294,0.0,0.0,0.0,0.0,0.0,0.0,0.0,0.0,1.0122943,0.0,0.0,0.0,0.0,0.0,0.0,0.0,6.6616516,0.0,0.0,0.0,0.0,0.0,0.0,0.0,0.0,0.0,0.0,0.0,0.0,0.0,0.0,0.0,0.0,0.0,0.0,0.0,0.0,0.0,0.0,0.0,0.0,0.0,0.0,0.0,6.258008,0.0,0.0,0.0,0.0,2.9183874,0.0,0.0,0.0,0.0039418526,0.0,0.0,0.0,0.0,0.0,0.0,0.0,0.0,0.0,0.0,0.0,3.8844388,0.0,0.0,0.0,0.0,0.0,0.0,0.0,6.5948253,0.0,0.0,0.0,0.0,0.0,0.0,0.0,0.0,0.0,0.0,0.0,2.0995338,0.0,0.0,0.0,0.0,0.0,0.0,0.0,0.0,0.0,0.0,0.0
0.0,0.0,0.0,9.646405,0.0,0.0,0.0,0.0,5.378344,0.0,0.0,0.0,0.0,0.0,0.0,0.0,0.0,0.0,0.0,0.0,0.0,0.0,0.0,11.728916,0.0,0.0,0.0,0.0,0.0,8.699798,9.65986,0.0,0.0,0.0,0.0,0.0,0.86938,0.0,0.0,0.0,0.0,0.0,0.0,0.0,0.0,0.0,5.432256,0.0,0.0,0.0,0.0,0.967209,0.0,0.0,0.0,0.0,0.0,0.0,0.0,0.0,0.0,0.0,0.0,0.0,0.0,0.0,0.0,0.0,0.0,0.0,0.0,0.0,0.0,0.0,0.0,13.005532,1.6205939,0.0,0.0,0.0,0.51043224,0.0,0.0,0.0,8.319711,0.0,0.0,0.0,0.0,0.0,0.0,0.0,3.99467,0.0,0.0,0.0,10.831525,0.0,0.0,0.0,0.0,0.0,0.0,0.0,16.044722,0.0,0.0,4.482709,0.0,0.0,0.0,0.0,11.299532,0.0,0.0,0.0,1.1360182,0.0,0.0,0.0,0.0,0.0,5.4629083,0.0,0.0,5.2998614,0.0,0.0
0.0,0.0,0.0,0.0,0.0,0.0,4.35663,0.0,5.7053695,0.0,11.86378,0.0,0.0,0.0,0.0,0.0,0.0,0.0,0.0,0.0,0.0,0.0,0.0,0.0,8.963373,0.0,3.3569624,0.0,0.0,0.0,0.0,0.0,0.0,0.0,0.0,0.0,0.0,0.0,0.0,9.25042,0.0,0.0,0.0,0.0,0.0,0.0,0.0,1.4053382,1.4296352,0.0,0.0,4.350756,0.0,0.0,0.0,10.719446,0.0,0.0,0.0,0.0,0.0,0.0,0.0,0.0,0.0,0.0,0.0,0.0,0.0,0.0,0.0,0.0,0.0,0.0,0.0,5.0341635,0.0,0.0,0.0,0.0,0.0,0.0,0.0,0.0,11.6404915,0.0,0.0,0.0,0.0,0.0,0.0,0.0,0.0,0.0,0.0,0.0,15.056337,0.0,0.0,0.0,0.0,0.0,0.0,0.0,12.435495,0.0,0.0,0.0,0.0,0.0,0.0,0.0,1.517739,0.0,0.0,0.0,2.0701346,0.0,0.0,0.0,0.0,0.0,10.966177,0.0,0.0,0.0,0.0,0.0
0.0,0.0,0.0,0.0,0.0,0.0,0.0,1.5652248,0.58088875,0.0,7.8301187,0.0,0.0,0.0,0.0,0.0,0.0,0.0,0.0,0.0,0.0,0.0,0.0,0.0,6.47316,0.0,0.08050494,0.0,0.0,0.0,2.3920894,0.0,0.0,0.0,0.0,0.07743065,0.0,0.0,0.0,6.7687407,0.0,0.0,0.0,0.0,0.0,0.0,0.0,3.3383353,0.0,0.0,0.0,4.1503906,0.0,0.0,0.0,3.6070087,0.0,0.0,0.0,0.0,0.0,0.0,0.0,0.0,0.0,0.0,0.0,0.0,0.0,0.0,0.0,0.0,0.0,0.0,0.0,5.475867,0.0,0.0,0.0,0.0,0.0,0.0,0.0,0.0,7.38446,0.0,0.0,0.0,0.0,0.0,0.0,0.0,0.0,0.0,0.0,0.0,11.62528,0.0,0.0,0.0,0.0,0.0,0.35706264,0.0,11.548925,0.0,0.0,0.0,0.0,0.0,0.0,0.0,2.676046,0.0,0.0,0.0,0.0,0.0,0.0,0.0,0.0,0.0,5.7562227,0.0,0.0,0.0,0.0,0.0
0.0,0.0,0.0,0.0,0.0,0.0,0.0,0.0,15.06251,0.0,1.02802,0.0,0.0,0.0,0.0,0.0,3.7527645,0.0,0.0,0.0,0.0,0.0,0.0,0.0,0.0,0.0,0.0,0.0,0.0,7.0180902,0.0,0.0,0.0,0.0,0.0,8.4186125,0.0,0.0,0.0,12.683473,0.0,0.0,0.0,0.0,0.0,0.0,0.0,0.18714899,6.065684,0.0,0.0,0.0,0.0,0.0,0.0,0.0,0.0,0.0,0.0,8.131352,0.0,0.0,0.0,0.0,0.0,0.0,0.0,0.0,0.0,0.0,0.0,0.0,0.0,0.0,0.0,0.17007259,0.13126795,0.0,0.0,0.0,6.169265,0.0,0.0,0.0,2.192242,0.0,0.0,0.0,0.0,0.0,0.0,5.4131975,0.0,0.0,0.0,0.0,11.169474,0.0,0.0,0.0,0.0,0.0,0.0,0.0,0.0,0.0,0.0,0.0,0.0,0.0,0.0,0.0,0.0,0.0,0.0,0.0,3.3451595,0.0,0.0,0.0,0.0,0.0,3.442889,0.0,0.0,0.0,0.0,0.0
0.0,0.0,0.0,0.0,0.0,2.2869122,0.0,2.952657,0.0,0.0,0.0,0.0,5.5373025,0.0,0.0,0.0,0.0,0.0,0.0,0.0,0.0,0.0,0.0,0.0,3.8868742,0.0,0.0,0.0,0.0,0.0,0.0,0.0,0.0,0.0,0.0,5.940197,0.0,0.0,0.0,4.852408,0.0,0.0,0.0,0.0,0.0,0.0,4.7333007,2.0672193,0.0,4.962729,0.0,1.0295019,0.0,0.0,0.0,0.0,0.0,0.0,0.0,0.0,0.0,0.0,0.0,0.0,0.0,0.0,0.0,0.0,0.0,0.0,0.0,0.0,0.0,0.0,0.0,0.0,2.5933304,0.0,0.0,0.0,2.8115664,0.0,0.0,0.0,1.2356576,0.0,0.0,0.0,0.0,0.0,0.0,0.0,5.7494273,0.0,0.0,0.0,10.176375,0.0,0.0,0.0,0.0,0.0,3.2997372,0.0,0.0,0.0,0.0,3.5183249,0.0,0.0,0.0,0.0,2.0572894,0.0,0.0,8.544792,1.3894771,0.0,0.0,0.0,0.0,0.0,1.3328747,0.0,0.0,0.0,0.0,0.0
1.3346771,0.0,0.0,0.0,0.0,0.0,4.6873064,0.0,0.0,0.0,0.0,0.0,1.6972234,1.196744,0.0,0.0,0.0,0.0,0.0,0.0,0.0,0.0,0.0,0.0,0.0,0.0,0.0,0.0,0.0,0.0,0.0,0.0,0.78206,0.0,0.0,0.0,0.0,0.0,1.9823215,0.0,0.0,0.0,0.0,0.0,0.0,0.0,0.0,0.0,1.1043668,0.0,0.0,0.0,0.0,0.0,0.0,0.0,0.0,0.0,0.0,0.0,0.0,0.0,0.12598446,0.0,0.0,0.0,0.0,0.0,3.2407694,0.0,0.0,0.47778627,0.0,0.0,0.0,0.0,0.0,0.0,0.0,0.0,0.0,0.0,0.0,0.0,0.46010527,0.0,0.0,2.5923834,0.0,0.0,0.0,0.0,0.0,0.0,0.80107313,0.0,0.0,0.0,0.0,0.0,0.0,0.0,5.032956,5.6771393,0.0,0.0,0.0,0.0,0.0,1.0611442,0.0,0.0,0.0,0.0,0.0,0.0,0.0,0.0,0.0,0.38176024,0.0,0.0,0.0,0.0,0.0,2.4297016,1.8952793,0.0
0.0,0.0,0.0,0.0,0.0,0.0,0.0,0.0,0.0,0.0,0.0,0.0,4.2715154,8.592386,0.0,0.0,0.0,0.0,0.0,1.6514418,0.0,0.0,0.0,0.0,4.4619365,0.0,8.348459,0.0,0.0,0.0,10.523029,0.0,0.0,0.0,0.0,11.768642,0.0,0.0,0.0,0.0,0.0,0.0,0.0,0.0,0.0,0.0,11.604907,0.0,8.003062,0.0,0.0,0.0,0.0,0.0,0.0,0.0,0.0,0.0,0.0,6.7175975,0.0,0.0,0.0,0.0,0.0,0.0,0.0,0.0,0.0,0.0,0.0,0.0,0.0,0.0,0.0,3.0648608,0.0,0.0,0.0,0.0,11.090909,0.0,0.0,0.0,0.0,0.0,0.0,5.4203806,0.0,0.0,0.0,5.406968,0.0,0.0,0.0,0.0,22.365643,0.0,0.0,0.0,0.0,0.0,0.0,0.0,0.0,0.0,0.0,0.38282695,0.0,0.0,0.0,0.0,0.0,0.0,0.0,0.0,0.0,0.0,0.0,0.0,0.0,0.0,4.882306,0.0,0.0,0.0,0.0,0.0
0.0,0.0,0.0,0.0,0.0,0.0,2.7825363,0.0,0.0,0.0,0.0,0.0,1.9988639,0.0,0.0,0.0,0.0,0.0,0.0,0.0,0.0,0.0,0.0,3.1627283,0.0,0.0,0.0,0.0,0.0,0.0,0.0,0.0,4.093453,0.0,0.0,0.0,0.0,0.0,1.9435533,0.0,0.0,0.0,0.0,0.0,0.0,0.0,0.0,0.0,0.0,0.0,0.0,0.0,0.0,0.0,0.0,0.0,0.0,0.0,0.0,0.0,0.0,0.0,0.0,0.0,0.0,0.0,0.0,0.0,4.4495835,0.0,0.0,0.0,0.0,0.0,0.0,0.0,0.3915404,0.0,0.0,0.0,0.0,0.0,0.0,0.0,0.0,0.0,0.0,0.0,0.0,0.0,0.0,0.0,0.0,0.0,0.0,0.0,0.0,0.0,0.0,0.0,0.0,0.0,4.9303126,1.6355616,0.0,0.0,0.0,0.0,0.0,0.9255191,0.0,0.0,0.0,0.0,0.0,0.0,0.0,0.0,0.0,0.0,0.0,0.0,0.0,0.0,0.0,5.1558895,6.284415,0.0
0.0,0.0,0.0,0.0,0.0,0.0,0.0,0.0,0.0,0.0,3.674733,0.0,0.0,0.0,0.0,0.0,0.0,0.0,0.0,0.0,0.0,0.0,0.0,0.0,3.106566,0.0,4.579864,0.0,0.0,9.0753975,0.0,0.0,0.0,0.0,0.0,0.0,0.0,0.0,0.0,14.415491,0.0,0.0,0.0,0.0,0.0,0.0,0.0,0.0,10.830913,0.0,0.0,2.3408394,0.0,0.0,0.0,0.91190153,0.0,0.0,0.0,0.0,0.0,0.0,0.0,0.0,0.0,0.0,0.0,0.0,0.0,0.0,0.0,0.0,0.0,0.0,0.0,0.0,0.0,0.0,0.0,0.0,3.6102638,0.0,0.0,0.0,8.103164,0.0,0.0,0.0,0.0,0.0,0.0,1.368213,0.0,0.0,0.0,0.0,16.83979,0.0,0.0,0.0,0.0,0.0,0.0,0.0,0.0,0.0,0.0,5.961592,0.0,0.0,0.0,0.0,6.5501924,0.0,0.0,0.56434846,0.6206063,0.0,0.0,0.0,0.0,0.0,2.4616675,0.0,0.0,0.0,0.0,0.0
0.0,0.0,0.0,2.4488285,0.0,0.0,0.0,0.0,0.0,0.0,2.0800378,0.0,0.0,0.0,0.0,0.0,0.0,0.0,0.0,0.0,0.0,0.0,0.49182555,2.5844731,0.0,0.0,0.0,0.0,0.0,1.3329077,3.366276,0.0,0.0,0.0,0.0,0.0,0.15093653,0.0,0.0,2.200105,0.0,0.0,0.0,0.0,1.5001047,0.0,0.67578983,0.0,0.4007563,0.0,0.0,2.1846395,0.0,0.0,0.0,0.0,0.0,0.0,0.0,0.0,0.0,0.0,0.0,0.0,0.0,0.0,0.0,0.0,0.0,0.0,0.0,0.0,0.0,0.0,0.0,0.4824855,1.4556422,0.0,0.0,0.0,0.0,0.0,0.0,0.0,0.0,0.0,0.0,0.0,0.0,0.0,0.0,0.0,0.0,0.0,0.0,0.0,1.5010415,0.0,0.0,0.0,0.0,0.0,0.0,0.0,1.3363774,0.0,0.0,2.5541482,0.0,0.0,0.0,0.0,4.3006215,0.0,0.0,1.9888709,0.0,0.6697532,0.0,0.0,0.0,0.0,0.0,0.0,0.0,1.1437459,0.0,0.0
0.0,0.0,0.0,0.0,0.0,0.0,5.1903033,0.0,0.0,0.0,0.0,0.0,2.1461422,0.0,0.0,0.0,0.0,0.0,0.0,0.0,0.0,0.0,0.0,2.8868473,0.0,0.0,0.0,0.0,0.0,0.0,0.0,0.0,2.6728914,0.0,0.0,0.0,0.0,0.0,1.1870987,0.0,0.0,0.0,0.0,0.0,0.0,0.0,0.0,0.0,0.0,0.0,0.0,0.0,0.0,0.0,0.0,0.0,0.0,0.0,0.0,0.0,0.0,0.0,0.0,0.0,0.0,0.0,0.0,0.0,5.572731,0.0,0.0,0.49328893,0.0,0.0,0.0,0.0,0.0,0.0,0.0,0.0,0.0,0.0,0.0,0.0,0.0,0.0,0.0,0.1216771,0.0,0.0,0.0,0.0,0.0,0.0,0.0,0.0,0.0,0.0,0.0,0.0,0.0,0.0,3.9147952,3.3714507,0.0,0.0,0.0,0.0,0.0,1.6277897,0.0,0.0,0.0,0.0,0.0,0.0,0.0,0.0,0.0,2.0894861,0.0,0.0,0.0,0.0,0.0,3.2017643,4.1699104,0.0
0.0,0.0,0.0,0.0,0.0,0.0,1.1211448,0.0,0.0,0.0,0.0,0.0,2.4710922,0.0,0.0,0.0,0.0,0.0,0.0,0.0,0.0,0.0,0.0,9.045493,0.0,0.0,0.0,0.0,0.0,0.0,0.0,0.0,4.599386,0.0,0.0,0.0,0.0,0.0,0.0,0.0,0.0,0.0,0.0,0.0,0.0,0.0,0.0,0.0,0.0,0.0,0.0,0.0,0.0,0.0,0.0,0.0,0.0,0.0,0.0,0.0,0.0,0.0,0.0,0.0,0.0,0.0,0.0,0.0,8.238522,0.0,0.0,0.0,0.0,0.0,0.0,0.0,0.43288517,0.0,0.0,0.0,0.47520775,0.0,0.0,0.0,0.0,0.0,0.0,0.0,0.0,0.0,0.0,0.0,0.0,0.0,0.0,0.0,0.0,0.0,0.0,0.0,0.0,0.0,2.570922,0.0,0.0,0.0,0.0,0.0,0.0,0.71816367,0.0,0.0,1.4368255,0.0,0.0,0.6505036,0.0,0.0,0.0,0.0,0.0,0.0,0.0,0.0,0.0,5.989809,5.45805,0.0
0.0,0.0,0.18776731,0.0,0.0,0.0,0.0,0.0,4.763751,0.0,0.7974375,0.0,0.0,0.0,0.0,0.0,0.6008844,0.0,0.0,0.0,0.0,0.0,4.412493,0.0,0.0,0.0,0.0,0.0,0.0,3.8973436,0.0,0.0,0.0,0.0,0.0,0.0,0.0,0.0,0.0,1.3599545,0.0,0.0,0.0,0.0,0.0,0.0,0.0039492883,0.0,3.5459638,0.0,0.0,0.0,0.0,0.0,0.0,0.0,0.0,0.0,0.0,0.0,0.0,0.0,0.0,0.0,0.0,0.0,0.0,0.0,0.0,0.0,0.0,0.0,0.0,0.0,0.0,0.0,1.5565383,0.0,0.0,0.0,0.0,0.0,0.0,0.0,2.5104563,0.0,0.0,0.06494616,0.0,0.0,0.0,0.0,0.0,0.0,0.0,0.0,4.8359146,0.0,0.0,0.0,0.0,0.0,0.0,0.0,0.0,0.0,0.0,0.0,0.0,0.0,0.0,0.0,0.0,0.0,0.0,0.0,6.136077,0.0,0.0,0.0,0.0,0.0,4.0072117,0.0,0.0,0.0,0.0,0.0
0.0,0.0,0.0,0.0,0.0,0.0,4.6690526,0.0,0.0,0.0,7.362139,0.0,0.0,0.0,0.0,0.0,0.0,0.0,0.0,0.0,0.0,0.0,0.0,0.0,2.295755,0.0,0.0,0.0,0.0,0.0,9.802628,0.0,0.0,0.0,0.0,0.0,0.0,0.0,0.0,5.9364743,0.0,0.0,0.0,0.0,2.2263052,0.0,0.0,0.0,1.833816,0.0,0.0,8.128013,0.0,0.0,0.0,3.6401339,0.0,0.0,0.0,0.0,0.0,0.0,0.0,0.0,0.0,0.0,0.0,0.0,0.0,0.0,0.0,0.0,0.0,0.0,0.0,0.0,0.0,0.0,0.0,0.0,0.0,0.0,0.0,0.0,3.920838,0.0,0.0,0.0,0.0,0.0,0.0,2.4622684,0.0,0.0,0.0,0.0,4.918026,0.0,0.0,0.0,0.0,0.0,1.5181091,0.0,7.6882386,1.6027889,0.0,5.533898,0.0,0.0,0.0,0.0,4.3126326,0.0,0.0,0.0,0.0,0.0,0.0,0.0,0.0,0.0,0.574832,0.0,0.0,0.0,0.0,0.0
0.0,0.0,0.0,0.0,0.0,0.0,0.5096924,0.0,1.1922566,0.0,3.2234287,0.0,0.0,0.0,0.0,0.0,0.0,0.0,0.0,0.0,0.0,0.0,1.0453058,0.2924447,0.0,0.0,0.0,0.0,0.0,3.231725,0.0,0.0,0.0,0.0,0.0,0.0,1.2154584,0.07694809,0.0,4.492662,0.0,0.0,0.0,0.0,0.0,0.0,0.0,0.0,2.8587115,0.0,0.0,0.73082405,0.0,0.0,0.0,0.0,0.0,0.0,0.0,0.0,0.0,0.0,0.0,0.0,0.0,0.0,0.0,0.0,0.0,0.0,0.0,0.0,0.0,0.0,0.0,0.09039231,1.1286271,0.0,0.0,0.0,0.0,0.0,0.0,0.0,3.1613007,0.0,0.0,0.0,0.0,0.0,0.0,0.0,0.0,0.0,0.0,0.0,4.6962614,0.0,0.0,0.0,0.0,0.0,0.0,0.0,0.87193,1.1990156,0.0,1.9070961,0.0,0.0,0.0,0.0,1.0162098,0.0,0.0,0.0,2.4284532,0.0,0.0,0.0,0.0,0.0,0.3165588,0.0,0.0,0.0,1.1062734,0.0
0.0,0.0,0.0,0.0,0.0,0.0,3.6515634,0.0,1.069563,0.0,12.295867,0.0,0.0,0.0,0.0,0.0,0.0,0.0,0.0,0.0,0.0,0.0,0.0,0.0,7.866237,0.0,4.5122204,0.0,0.0,0.0,7.313353,0.0,0.0,0.0,0.0,0.0,0.0,0.0,0.0,14.768183,0.0,0.0,0.0,0.0,1.1283584,0.0,0.0,0.0,6.043998,0.0,0.0,7.510769,0.0,0.0,0.0,7.137488,0.0,0.0,0.0,0.0,0.0,0.0,0.0,0.0,0.0,0.0,0.0,0.0,0.0,0.0,0.0,0.0,0.0,0.0,0.0,2.5890975,0.0,0.0,0.0,0.0,0.0,0.0,0.0,0.0,5.2086344,0.0,0.0,0.0,0.0,0.0,0.0,4.308204,0.0,0.0,0.0,0.0,8.991407,0.0,0.0,0.0,0.0,0.0,1.9632609,0.0,11.39965,2.540071,0.0,2.9878228,0.0,0.0,0.0,0.0,3.6058738,0.0,0.0,0.0,0.0,0.0,0.0,0.0,0.0,0.0,1.1719563,0.0,0.0,0.0,0.0,0.0
0.0,0.0,0.0,0.0,0.0,0.0,0.0,2.4943454,9.069215,0.0,0.0,0.0,5.74319,0.0,0.0,0.0,0.0,0.0,0.0,0.0,0.0,0.0,0.0,12.751983,0.0,0.0,0.0,0.0,0.0,4.7300673,0.0,0.0,0.0,0.0,0.0,5.4181166,0.0,0.0,0.0,3.7970166,0.0,0.0,0.0,0.0,0.0,0.0,3.2262304,3.6814685,0.0,0.0,0.0,0.0,0.0,0.0,0.0,0.0,0.0,0.0,0.0,0.0,0.0,0.0,0.0,0.0,0.0,0.0,0.0,0.0,0.0,0.0,0.0,0.0,0.0,0.0,0.0,8.168913,3.0438108,0.0,0.0,0.0,15.42193,0.0,0.0,0.0,3.1145248,0.0,0.0,0.0,0.0,0.0,0.0,0.0,0.0,0.0,0.0,0.0,9.696631,0.0,0.0,0.0,0.0,0.0,0.0,0.0,7.437708,0.0,1.1408913,0.0,0.0,0.0,0.0,0.0,8.840644,0.0,0.0,0.0,0.7928761,0.0,0.0,0.0,0.0,0.0,0.2517892,0.0,0.0,0.5477809,0.0,0.0
0.0,0.0,10.947639,0.0,0.0,0.0,0.0,0.0,0.0,0.0,6.7660456,0.0,5.4239435,1.5235118,0.0,0.0,0.0,0.0,0.0,0.0,0.0,0.0,0.0,0.0,0.41301408,0.0,0.0,0.0,0.0,0.0,0.0,0.0,6.676844,0.0,0.0,0.0,0.0,0.0,0.0,0.0,0.0,0.0,0.0,0.0,0.0,0.0,0.0,0.040410545,0.0,0.0,0.0,0.0,0.0,0.0,0.0,0.0,0.0,0.0,0.0,0.0,0.0,0.0,0.0,0.0,0.0,0.0,0.0,0.0,5.3289614,0.0,0.0,0.0,0.0,0.0,0.0,0.0,4.6259007,0.0,0.0,0.0,0.632504,0.0,0.0,0.0,0.0,0.0,0.0,2.4600155,0.0,2.3369236,0.0,0.0,0.0,0.0,0.0,0.0,0.0,0.0,0.0,0.0,0.0,0.0,10.680297,0.0,0.0,0.0,0.0,0.0,1.5883807,0.0,0.0,0.0,0.0,0.0,0.0,8.823713,0.22897926,0.0,0.0,0.0,0.0,0.0,0.0,0.0,0.0,1.8526201,0.0,0.0
0.0,0.0,0.0,0.0,0.0,0.0,6.2114453,0.0,0.0,0.0,6.342214,0.0,0.0,0.0,0.0,0.0,0.0,0.0,0.0,0.0,0.0,0.0,0.0,0.0,3.3849678,0.0,0.0,0.0,0.0,0.0,0.0,0.0,0.0,0.0,0.0,0.0,0.0,2.7881906,0.0,9.750764,0.0,0.0,0.0,0.0,0.0,0.0,0.0,0.0,5.0566363,0.0,0.0,5.5688133,0.0,0.0,0.0,0.0,0.0,0.0,0.0,0.0,0.0,0.0,0.0,0.0,0.0,0.0,0.0,0.0,0.0,0.0,0.0,0.0,0.0,0.0,0.0,0.0,0.0,0.0,0.0,0.0,0.0,0.0,0.0,0.0,6.4909105,0.0,0.0,0.0,0.0,0.0,0.0,0.0,0.0,0.0,0.0,0.0,6.1011877,0.0,0.0,0.0,0.0,0.0,0.0,0.0,1.7918469,1.8679888,0.0,7.7632723,0.0,0.0,0.0,0.0,0.0,0.0,0.0,2.2294807,4.73751,0.0,0.0,0.0,0.0,0.0,4.402022,0.0,0.0,0.0,1.4968241,0.0
0.0,0.0,0.0,0.5499048,0.0,0.0,3.3837588,0.0,0.0,0.0,6.165659,0.0,0.0,0.0,0.0,0.0,0.0,0.0,0.0,0.0,0.0,0.0,0.0,0.0,0.22323026,0.0,0.0,0.0,0.0,3.2839394,0.036181837,0.0,0.0,0.0,0.0,0.0,1.6834627,0.164319,0.0,1.2079024,0.0,0.0,0.0,0.0,0.0,0.0,0.0,0.0,0.80760276,0.0,0.0,6.0213194,0.0,0.0,0.0,1.3020394,0.0,0.0,0.0,0.0,0.0,0.0,0.0,0.0,0.0,0.0,0.0,0.0,0.0,0.0,0.0,0.0,0.0,0.0,0.0,0.0,0.0,0.0,0.0,0.0,0.0,0.0,0.0,0.0,7.000112,0.0,0.0,0.0,0.0,0.0,0.0,0.0,1.3060929,0.0,0.0,0.0,6.163115,0.0,0.0,0.0,0.0,0.0,0.0,0.0,3.5982463,1.7297461,0.0,4.911643,0.0,0.0,0.0,0.0,5.0412893,0.0,0.0,0.0,0.0,0.0,0.0,0.0,0.0,0.0,7.259742,0.0,0.0,0.0,0.0,0.0
1.9515172,0.0,0.0,0.0,0.0,0.0,5.970228,0.0,0.0,0.0,5.964785,0.0,0.0,0.0,0.0,0.0,0.0,0.0,0.0,0.0,0.0,0.0,0.0,0.0,1.264651,0.0,0.0,0.0,0.0,0.0,0.0,0.0,0.0,0.0,0.0,0.0,0.201282,0.0,0.0,2.9401128,0.0,0.0,0.0,0.0,2.0003722,0.0,0.0,0.0,0.096589535,0.0,0.0,5.2304854,0.0,0.0,0.0,1.2138797,0.49977532,0.0,0.0,0.0,0.0,0.0,0.0,0.0,0.0,0.0,0.0,0.0,0.0,0.0,0.0,0.0,0.0,0.0,0.0,0.0,0.69260395,0.0,0.0,0.0,0.0,0.0,0.0,0.0,1.2827058,0.0,0.0,0.0,0.0,0.0,0.0,0.0,0.0,0.0,0.0,0.0,1.6141498,0.0,0.0,0.0,0.0,0.0,1.5347505,0.0,0.0,0.98856604,0.6742215,2.9545846,0.0,0.0,0.0,0.0,3.1119308,0.0,0.0,2.9916234,0.04295703,0.0,0.0,0.0,0.0,0.0,0.0,0.0,0.0,0.0,2.570506,0.0
1.1618193,0.0,0.0,0.0,0.0,0.0,6.3877916,0.0,0.0,0.0,13.779032,0.0,0.0,0.0,0.0,0.0,0.0,0.0,0.0,0.0,0.0,0.0,0.0,0.0,2.5392406,0.0,0.6892069,0.0,0.0,0.0,2.8480027,0.0,0.0,0.0,0.0,0.0,0.0,0.0,0.0,8.628046,0.0,0.0,0.0,0.0,2.135882,0.0,0.0,3.0178626,4.0220037,0.0,0.0,5.044346,0.0,0.0,0.0,0.8318314,0.0,0.0,0.0,0.0,0.0,0.0,0.0,0.0,0.0,0.0,0.0,0.0,0.0,0.0,0.0,0.0,0.0,0.0,0.0,0.0,0.0,0.0,0.0,0.0,0.0,0.0,0.0,0.0,0.0,0.0,0.0,0.0,0.0,0.0,0.0,0.0,0.0,0.0,0.0,0.0,1.2842131,0.0,0.0,0.0,0.0,0.0,2.4499621,0.0,3.4940817,2.8393056,0.0,1.8167759,0.0,0.0,0.0,0.0,0.0,0.0,0.0,2.572957,0.070348874,0.0,0.0,0.0,0.0,0.0,1.6656637,0.0,0.0,0.0,0.4190964,0.0
0.0,0.0,0.0,0.0,0.0,0.0,2.6051512,0.0,0.0,0.0,0.0,0.0,3.0938482,0.36596644,0.0,0.0,0.59512335,0.0,0.0,0.0,0.0,0.734256,0.0,3.7284997,0.0,0.0,0.0,0.0,0.0,0.0,0.0,0.0,1.0539627,0.0,0.0,0.0,0.0,0.0,2.3296678,0.0,0.0,0.0,0.0,0.0,0.0,0.0,0.0,0.0,0.0,0.0,0.0,0.0,0.0,0.0,0.0,0.0,0.0,0.0,0.0,0.0,0.0,0.0,0.0,0.0,0.0,0.0,0.0,0.0,3.4342036,0.0,0.0,0.0,0.0,0.0,0.0,0.0,2.4933383,0.0,0.0,0.0,0.0,0.0,0.0,0.0,0.0,0.0,0.0,1.5489627,0.0,0.0,0.0,0.0,0.0,0.0,0.0,0.0,0.0,0.0,0.0,0.0,0.0,0.0,1.6902027,1.6903651,0.0,0.0,0.0,0.0,0.0,4.174653,0.0,0.0,0.0,0.0,0.0,0.0,0.0,0.0,0.0,0.0,0.0,0.0,0.0,0.0,0.0,7.980945,5.3495097,0.0
0.0,0.0,0.0,0.0,0.0,0.0,2.3947883,0.0,0.0,0.0,0.0,0.0,2.8061593,3.3065557,0.0,0.0,0.0,0.0,0.0,0.0,0.0,2.1204872,0.0,1.4918985,0.0,0.0,0.0,0.0,0.0,0.0,0.0,0.0,0.22953163,0.0,0.0,0.0,0.0,0.0,3.8744829,0.0,0.0,0.0,0.0,0.0,0.0,0.0,0.0,0.0,0.0,0.0,0.0,0.0,0.0,0.0,0.0,0.0,0.0,0.0,0.0,0.0,0.0,0.0,0.0,0.0,0.0,0.0,0.0,0.0,2.9072535,0.0,0.0,0.0,0.0,0.0,0.0,0.0,3.3041608,0.0,0.0,0.0,0.0,0.0,0.0,0.0,0.0,0.0,0.0,5.0796475,0.0,1.2056769,0.0,0.0,0.0,0.0,0.0,0.0,0.0,0.0,0.0,0.0,0.0,0.0,2.0367184,3.5527387,0.0,0.0,0.0,0.0,0.0,4.6157517,0.0,0.0,0.0,0.0,0.0,0.0,0.0,0.0,0.0,0.0,0.0,0.0,0.0,0.0,0.0,8.911585,3.9694886,0.0
0.0,0.0,0.0,0.0,0.0,0.0,7.061559,0.0,0.0,0.0,6.1023283,0.0,0.0,0.0,0.0,0.0,0.0,0.0,0.0,0.0,0.0,0.0,0.0,0.0,4.600442,0.0,0.0,0.0,0.0,1.0250626,2.2202554,0.0,0.0,0.0,0.0,0.0,0.34940037,0.0,0.0,6.4028707,0.0,0.0,0.0,0.0,0.0,0.0,0.0,0.0,1.9281774,0.0,0.0,7.4326715,0.0,0.0,0.0,4.1898956,0.0,0.0,0.0,0.0,0.0,0.0,0.0,0.0,0.0,0.0,0.0,0.0,0.0,0.0,0.0,0.0,0.0,0.0,0.0,0.0,0.0,0.0,0.0,0.0,0.0,0.0,0.0,0.0,7.167627,0.0,0.0,0.0,0.0,0.0,0.0,0.0,0.0,0.0,0.0,0.0,6.6808276,0.0,0.0,0.0,0.0,0.0,0.0,0.0,3.9709752,1.7100095,0.0,7.9743567,0.0,0.0,0.0,0.0,5.4862275,0.0,0.0,0.0,0.23039335,0.0,0.0,0.0,0.0,0.0,1.5999712,0.0,0.0,0.0,0.29248488,0.0
1.863672,0.0,2.6506038,0.0,0.0,0.0,0.027494295,0.0,0.0,0.0,5.7998295,0.0,0.0,0.0,0.0,0.0,0.0,0.0,0.0,0.0,0.0,0.0,0.0,0.66556567,0.0,0.0,0.0,0.0,0.0,0.0,0.0,0.0,1.1171688,0.0,0.0,0.0,0.0,0.85228765,0.0,0.0,0.0,0.0,0.0,0.0,3.3032124,0.0,0.0,0.65135527,0.0,0.0,0.0,0.0,0.0,0.0,0.0,0.0,0.0,0.0,0.0,0.0,0.0,0.0,0.0,0.0,0.0,0.0,0.0,0.0,2.1948068,0.0,0.0,0.0,0.0,0.0,0.0,0.0,4.0830913,0.0,0.0,0.0,0.0,0.0,0.0,0.0,0.0,0.0,0.0,0.0,0.0,0.0,0.0,0.0,0.0,0.0,0.0,0.0,0.0,0.0,0.0,0.0,0.0,0.0,2.853029,0.0,0.0,0.0,0.0,0.0,0.9576854,0.0,0.0,0.0,0.0,0.0,0.0,3.9550784,0.0,0.0,0.0,0.0,0.0,0.0,0.0,0.0,0.0,1.6194379,0.0,0.0
0.0,0.0,2.7225976,0.0,0.0,0.0,0.0,0.0,0.0,0.0,0.0,0.0,5.5527067,13.470064,0.0,0.0,8.097271,0.0,0.0,8.42272,0.0,0.0,0.0,9.6727705,0.0,0.0,0.0,0.0,0.0,0.0,0.0,0.0,9.091839,0.0,0.0,0.0,0.0,0.0,1.0644076,0.0,0.0,0.0,0.0,0.0,0.0,0.0,0.0,0.0,0.0,0.0,0.0,0.0,0.0,0.0,0.0,0.0,0.0,0.0,0.0,0.0,0.0,0.0,0.0,0.0,0.0,0.0,0.0,0.0,0.0,0.0,0.0,0.0,0.0,0.0,0.0,0.0,8.407559,4.2124743,0.0,0.0,7.2806463,0.0,0.0,0.0,0.0,0.0,0.0,6.781194,0.0,6.351299,0.0,0.0,0.0,0.0,0.0,0.0,0.0,0.0,0.0,0.0,0.0,0.0,5.8294635,0.0,0.0,0.0,0.0,0.0,9.142533,0.0,0.0,0.0,0.0,0.0,0.0,0.0,0.0,0.0,0.0,0.0,0.0,0.0,0.0,0.0,0.0,5.8935704,0.0,0.0
0.0,0.0,0.0,0.0,0.0,0.0,0.0,0.0,20.39965,0.0,0.0,0.0,0.0,9.435728,0.0,0.0,4.2061734,0.0,0.0,4.7803955,0.0,0.0,0.0,0.0,0.0,0.0,5.2266006,0.0,0.0,1.8026373,0.0,0.0,0.0,0.0,0.0,13.798878,0.0,0.0,0.0,5.372657,0.0,0.0,0.0,0.0,0.0,0.0,0.0,6.4082537,6.795898,0.0,0.0,0.0,0.0,0.0,0.0,0.0,0.0,0.0,0.0,8.74952,0.0,0.0,0.0,0.0,0.0,0.0,0.0,0.0,0.0,0.0,0.0,0.0,0.0,0.0,0.0,5.2724915,0.0,0.0,0.0,0.0,20.667383,0.0,0.0,0.0,0.0,0.0,0.0,0.0,0.0,0.0,0.0,7.1824746,0.0,0.0,0.0,0.0,18.914091,0.0,0.0,0.0,0.0,0.0,0.0,0.0,0.0,0.0,0.0,0.0,0.0,0.0,0.0,0.0,0.0,0.0,0.0,0.0,4.829855,0.0,0.0,0.0,0.0,0.0,2.8763058,0.0,0.0,0.0,0.0,0.0
0.0,0.0,0.0,0.8029167,0.0,0.0,0.0,0.0,3.2217796,0.0,0.0,0.0,8.228638,5.4183173,0.0,0.0,0.0,0.0,0.0,7.317558,0.0,0.0,7.5046263,0.0,0.0,0.0,1.7327002,0.0,0.0,12.170776,12.133531,0.0,0.0,0.0,0.0,0.0,0.0,0.0,0.0,0.0,0.0,0.0,0.0,0.0,0.0,0.0,15.703772,0.0,14.46475,0.0,0.0,0.0,0.0,0.0,0.0,0.0,0.0,0.0,5.374981,10.2949,0.0,0.0,0.0,0.0,0.0,0.0,0.0,0.0,0.0,0.0,0.0,0.0,0.0,0.0,0.0,5.972885,0.0,0.0,0.0,4.028985,10.322373,0.0,0.0,0.0,0.0,0.0,0.0,2.283228,0.0,0.0,0.0,4.0724816,0.0,0.0,0.0,4.4859567,12.082737,0.0,0.0,0.0,0.0,0.0,0.0,0.0,2.1115189,0.0,0.0,9.556078,2.6827893,0.0,4.7296457,0.0,0.0,0.0,0.0,0.0,3.9205222,0.0,0.0,0.0,0.0,0.0,0.0,0.0,0.0,2.39075,0.0,0.0
0.0,0.0,0.0,6.3889623,0.0,0.0,0.0,0.0,17.550152,0.0,0.0,0.0,0.0,1.8567924,0.0,0.0,0.0,0.0,0.0,10.313407,0.0,5.110845,2.720902,6.543994,0.0,0.0,0.0,0.0,0.0,9.531245,0.0,0.0,0.0,0.0,0.0,9.352588,3.545362,0.0,0.0,0.0,0.0,0.0,0.0,0.0,0.0,0.0,10.552846,0.0,1.5331416,0.0,0.0,0.0,0.0,0.0,0.0,0.0,0.0,0.0,0.0,7.9284043,0.0,0.0,0.0,0.0,0.0,0.0,0.0,0.0,0.0,0.0,0.0,0.0,0.0,0.0,0.0,11.536363,6.049905,0.0,0.0,0.0,0.0,0.0,0.0,0.0,12.544306,0.0,0.0,2.8922634,0.0,0.0,0.0,0.0,0.0,0.0,0.0,0.0,9.979404,0.0,0.0,0.0,0.0,0.0,0.0,0.0,0.0,0.0,0.0,6.472043,0.0,0.0,0.0,0.0,0.0,0.0,0.0,0.0,10.325373,0.0,0.0,0.0,0.0,0.0,8.290857,0.0,0.0,14.717455,0.0,0.0
0.0,0.0,0.0,0.0,0.0,0.0,1.791719,0.0,0.0,0.0,2.1737752,0.0,0.0,0.0,0.0,0.0,0.0,0.0,0.0,0.0,0.0,0.0,0.0,0.0,6.1825676,0.0,1.6071236,0.0,0.0,0.0,8.506401,0.0,0.0,0.0,0.0,0.0,0.0,0.0,0.0,7.7630005,0.0,0.0,0.0,0.0,0.0,0.0,0.0,0.0,2.88316,0.0,0.0,5.7133994,0.0,0.0,0.0,0.24504119,0.0,0.0,0.0,0.0,0.0,0.0,0.0,0.0,0.0,0.0,0.0,0.0,0.0,0.0,0.0,0.0,0.0,0.0,0.0,0.0,0.0,0.0,0.0,0.0,0.0,0.0,0.0,0.0,4.95391,0.0,0.0,0.0,0.0,0.0,0.0,3.8892028,0.0,0.0,0.0,0.0,4.1857357,0.0,0.0,0.0,0.0,0.0,5.3648057,0.0,8.976984,0.0,0.0,4.906045,0.0,0.0,0.3451939,0.0,0.4799163,0.0,0.0,0.45091265,0.0,0.0,0.0,0.0,0.0,0.0,3.0714877,0.0,0.0,0.0,0.0,0.0
0.0,0.0,0.0,0.0,0.0,0.0,2.2218168,0.0,11.186681,0.0,13.423122,0.0,0.0,0.0,0.0,0.0,2.6685917,0.0,0.0,0.0,0.0,0.0,0.0,0.0,6.251119,0.0,6.833986,0.0,0.0,0.0,0.0,0.0,0.0,0.0,0.0,3.241108,0.0,0.0,0.0,17.001623,0.0,0.0,0.0,0.0,0.0,0.0,0.0,8.947372,7.1583805,0.0,0.0,0.39204502,0.0,0.0,0.0,5.709262,0.0,0.0,0.0,0.0,0.0,0.0,0.0,0.0,0.0,0.0,0.0,0.0,0.0,0.0,0.0,0.0,0.0,0.0,0.0,0.82401055,0.0,0.0,0.0,0.0,0.0,0.0,0.0,0.0,1.2658544,0.0,0.0,0.0,0.0,0.0,0.0,0.24846117,0.0,0.0,0.0,0.0,13.001599,0.0,0.0,0.0,0.0,0.0,0.0,0.0,7.648662,0.0,0.0,0.0,0.0,0.0,0.0,0.0,0.0,0.0,0.0,0.0,7.008091,0.0,0.0,0.0,0.0,0.0,8.35088,0.0,0.0,0.0,0.0,0.0
0.0,0.0,0.0,1.1849291,0.0,0.0,0.062642604,0.0,3.475915,0.0,0.0,0.0,1.0604212,0.0,0.0,0.0,0.0,0.0,0.0,0.0,0.0,0.0,1.4864801,0.0,0.0,0.0,0.0,0.0,0.0,9.548452,5.682979,0.0,0.0,0.0,0.0,0.20490453,0.0,0.0,0.0,6.4329915,0.0,0.0,0.0,0.0,0.0,0.0,8.020028,0.0,8.645078,0.0,0.0,0.0,0.0,0.0,0.0,0.0,0.0,0.0,0.0,6.4163084,0.0,0.0,0.0,0.0,0.0,0.0,0.0,0.0,0.0,0.0,0.0,0.0,0.04135446,0.0,0.0,2.5645769,2.5348608,0.0,0.0,0.0,2.0327752,0.0,0.0,0.0,6.0580406,0.0,0.0,0.0,0.0,0.0,0.0,1.1394272,0.0,0.0,0.0,0.0,6.869272,0.0,0.0,0.0,0.0,0.0,0.0,0.0,0.0,2.5077834,0.0,9.745357,0.0,0.0,0.0,0.0,2.9010189,0.0,0.0,0.0,0.94662964,0.0,0.0,0.0,0.0,0.0,0.0,0.0,0.0,8.045632,0.0,0.0
0.0,0.0,0.0,0.0,0.0,0.0,0.0,0.0,0.0,0.0,0.0,0.0,0.0,0.0,0.0,0.0,0.0,0.0,0.0,0.0,0.0,0.0,0.0,6.24868,0.0,0.0,0.0,0.0,0.0,0.0,0.6357784,0.0,5.0359936,0.0,0.0,0.0,0.0,0.0,0.0,0.0,0.0,0.0,0.0,0.0,1.2581649,0.0,0.0,0.0,0.0,0.0,0.0,0.0,0.0,0.0,0.0,0.0,0.0,0.0,0.0,0.0,0.0,0.0,0.0,0.0,0.0,0.0,0.0,0.0,8.745329,0.0,0.0,0.0,0.0,0.0,0.0,0.0,0.0,0.0,0.0,0.0,5.216845,0.0,0.0,0.0,0.0,0.0,0.0,0.0,0.0,0.0,0.0,0.0,0.0,0.0,2.4687393,0.0,0.0,0.0,0.0,0.0,0.0,0.0,0.65026766,0.0,0.0,0.0,0.0,0.0,0.0,0.0,4.3992963,0.0,0.0,0.0,0.0,0.0,0.0,0.0,0.0,3.7220533,0.0,0.0,0.0,0.0,0.0,3.441918,0.0,0.0
0.0,0.0,0.0,0.0,0.0,1.3056829,2.654352,0.0,0.0,0.0,7.3268876,0.0,0.0,0.0,0.0,0.0,0.0,0.0,0.0,0.0,0.0,0.0,0.0,0.0,0.24472323,0.0,0.0,0.0,0.0,0.0,7.0839977,0.0,0.0,0.0,0.0,0.0,0.0,0.0,0.0,4.152018,0.0,0.0,0.0,0.0,0.0,0.0,0.0,2.0181944,0.0,0.0,0.0,5.727014,0.0,0.0,0.0,0.0,0.0,0.0,0.0,0.0,0.0,0.0,0.0,0.0,0.0,0.0,0.0,0.0,0.0,0.0,0.0,0.0,0.0,0.0,0.0,0.0,0.0,0.0,0.0,0.0,0.0,0.0,0.0,0.0,3.6221316,0.0,0.0,0.0,0.0,0.0,0.0,0.0,0.0,0.0,0.0,0.0,4.6857038,0.0,0.0,0.0,0.0,0.0,3.5646837,0.0,8.452086,0.0,0.0,1.391307,0.0,0.0,0.0,0.0,0.71180713,0.0,0.0,0.14364533,0.0,0.0,0.0,0.0,0.0,0.0,3.5548437,0.0,0.0,0.0,0.0,0.0
0.0,0.0,3.6964693,0.0,0.0,0.0,0.0,0.0,0.0,0.0,3.4692461,0.0,0.4821027,0.0,0.0,0.0,0.0,0.0,0.0,0.0,0.0,0.0,0.0,3.6976721,0.0,0.0,0.0,0.0,0.0,0.0,0.0,0.0,3.7532027,0.0,0.0,0.0,0.0,0.0,0.0,0.0,0.0,0.0,0.0,0.0,1.3743237,0.0,0.0,0.0,0.0,0.0,0.0,0.0,0.0,0.0,0.0,0.0,0.0,0.0,0.0,0.0,0.0,0.0,0.0,0.0,0.0,0.0,0.0,0.0,6.4990587,0.0,0.0,0.0,0.0,0.0,0.0,0.0,3.4540334,0.0,0.0,0.0,1.3628273,0.0,0.0,0.0,0.0,0.0,0.0,0.0,0.0,0.0,0.0,0.0,0.0,0.0,0.087497994,0.0,0.0,0.0,0.0,0.0,0.0,0.0,3.4384387,0.0,0.0,0.0,0.0,0.0,0.29971528,0.0,0.0,0.0,0.0,0.0,0.0,4.4267907,0.0,0.0,0.0,0.0,0.0,0.0,0.0,0.0,0.0,2.3975582,0.0,0.0
0.0,0.0,0.0,0.0,0.0,0.0,0.0,0.0,0.0,0.0,0.0,0.0,0.0,0.0,0.0,0.0,0.0,0.0,0.0,0.0,0.0,0.0,0.0,0.1471898,6.055943,0.0,0.59672254,0.0,0.0,2.9253137,2.7142272,0.0,0.0,0.0,0.0,0.0,0.0,0.0,0.0,4.1108212,0.0,0.0,0.0,0.0,0.0,0.0,0.4111244,0.0,0.0,0.0,0.0,1.3874202,0.0,0.0,0.0,2.5597692,0.0,0.0,0.0,0.0,0.0,0.0,0.0,0.0,0.0,0.0,0.0,0.0,0.0,0.0,0.0,0.0,0.0,0.0,0.0,4.668051,0.0,0.0,0.0,0.0,1.4574653,0.0,0.0,0.0,5.374956,0.0,0.0,0.0,0.0,0.0,0.0,0.022182386,3.028512,0.0,0.0,0.0,6.6203947,0.0,0.0,0.0,0.0,0.0,0.6259677,0.0,6.307963,0.0,0.0,3.428534,0.0,0.0,0.0,0.0,4.994334,0.0,0.0,0.0,0.0,0.0,0.0,0.0,0.0,0.0,0.95988613,0.0,0.0,0.0,0.0,0.0
0.0,0.0,0.0,0.0,0.0,0.18583943,2.7267554,0.0,0.9418375,0.0,0.0,0.0,0.0,0.0,0.0,0.0,0.0,0.0,0.0,0.0,0.0,1.0630317,0.0,0.0,0.0,0.0,0.0,0.0,0.0,5.0660853,0.0,0.0,0.0,0.0,0.0,0.0,3.2169967,0.0,8.070563,0.0,0.0,0.0,0.0,0.0,0.0,0.0,0.0,0.0,0.0,0.0,0.0,0.0,0.0,0.0,0.0,0.0,0.0,0.0,2.8498278,3.5416546,0.0,0.0,0.0,0.0,0.0,0.0,0.0,0.0,0.0,0.0,0.0,1.751618,0.0,0.0,0.0,0.0,0.0,0.0,0.0,0.0,0.0,0.0,0.0,0.0,7.5374217,0.0,0.0,0.0,0.0,0.0,3.9817579,0.0,0.0,0.0,0.0,0.0,1.194982,0.0,0.0,0.0,0.0,0.0,0.0,3.6632693,0.0,0.0,0.0,3.1621041,0.0,2.7143993,0.0,0.0,0.0,0.0,0.0,0.0,0.0,0.0,0.0,0.0,0.0,0.0,7.815651,0.0,5.930303,6.0716834,5.636978,0.0
2.3951154,0.0,5.1521835,0.0,0.0,0.0,0.0,0.0,0.0,0.0,7.5751076,0.0,0.0,0.0,0.0,0.0,0.0,0.0,0.0,0.0,0.0,0.0,0.0,0.0,2.9440954,0.0,0.0,0.0,0.0,0.0,1.8588142,0.0,0.0,0.0,0.0,0.0,0.0,0.0,0.0,2.7979517,0.0,0.0,0.0,0.0,3.941481,0.0,2.6821477,4.7091923,1.6110579,0.0,0.0,0.0,0.0,0.0,0.0,0.0,0.0,0.0,0.0,0.0,0.0,0.0,0.0,0.0,0.0,0.0,0.0,0.0,0.0,0.0,0.0,0.0,0.0,0.0,0.0,0.0,0.0,0.0,0.0,0.0,1.3939285,0.0,0.0,0.0,0.0,0.0,0.0,0.0,0.0,0.0,0.0,0.0,0.0,0.0,0.0,0.43752035,1.6278464,0.0,0.0,0.0,0.0,0.0,0.15018514,0.0,0.0,0.0,0.0,0.0,0.0,0.0,1.2931584,0.0,0.0,0.0,0.0,8.069784,0.9399334,0.0,0.0,0.0,0.0,0.0,0.0,2.1604006,0.0,0.0,0.0,0.0
0.0,0.0,0.0,0.0,0.0,0.0,0.19300826,0.0,0.0,0.0,0.0,0.0,2.8978825,0.0,0.0,0.0,0.0,0.0,0.0,0.0,0.0,0.0,0.0,5.466041,0.0,0.0,0.0,0.0,0.0,0.0,0.0,0.0,3.0194333,0.0,0.0,0.0,0.0,0.0,1.9720098,0.0,0.0,0.0,0.0,0.0,0.0,0.0,0.0,0.0,0.0,0.0,0.0,0.0,0.0,0.0,0.0,0.0,0.0,0.0,0.0,0.0,0.0,0.0,0.0,0.0,0.0,0.0,0.0,0.0,5.8917403,0.0,0.0,0.0,0.0,0.0,0.0,0.0,2.624063,0.0,0.0,0.0,0.0,0.0,0.0,0.0,0.0,0.0,0.0,0.1631754,0.0,0.0,0.0,0.0,0.0,0.0,0.0,0.0,0.0,0.0,0.0,0.0,0.0,0.0,1.579943,0.0,0.0,0.0,0.0,0.0,0.0,2.055691,0.0,0.0,0.0,0.0,0.0,0.075205535,0.0,0.0,0.0,0.0,0.0,0.0,0.0,0.0,0.0,6.1867256,4.4188986,0.0
3.4842463,0.0,0.0,0.0,0.0,0.0,1.1499492,0.0,0.28440598,0.0,4.8289547,0.0,0.0,0.0,0.0,0.0,0.0,0.0,0.0,0.0,0.0,0.0,5.3329396,0.0,2.9178681,0.0,1.1062472,0.0,0.0,6.82428,1.6332017,0.0,0.0,0.0,0.0,0.0,0.0,1.9872218,0.0,3.4197059,0.0,0.0,0.0,0.0,0.0,0.0,6.215002,0.0610886,8.879123,0.0,0.0,0.0,4.253345,0.0,0.0,0.0,2.6309354,0.0,0.0,0.0,0.0,0.0,0.0,0.0,0.0,0.0,0.0,0.0,0.0,0.0,0.0,0.0,0.0,0.0,0.0,1.9403868,0.0,0.0,0.0,0.0,0.0,0.0,0.0,0.0,0.0,0.0,0.0,0.0,0.33473894,0.0,0.0,0.0,0.0,0.0,0.0,6.782343,0.0,0.0,0.0,0.0,0.0,0.0,0.0,0.0,0.0,0.0,0.0,8.79123,0.0,0.0,4.4752765,0.0,0.0,0.0,0.0,8.265788,11.143213,0.0,0.0,0.0,0.0,0.0,0.0,0.0,0.0,0.0,0.0,5.9629827
1.1104485,0.0,0.0,0.0,0.0,0.06851713,6.0281425,0.0,0.0,0.0,4.243672,0.0,0.0,0.0,0.0,0.0,0.0,0.0,0.0,0.0,0.0,0.0,0.0,0.0,0.14014551,0.0,0.0,0.0,0.0,0.0,3.2898703,0.0,0.0,0.0,0.0,0.0,0.0,0.0,0.0,1.8822641,0.0,0.0,0.0,0.0,0.45551866,0.0,0.0,0.0,0.94129056,0.83510876,0.0,4.1119466,0.0,0.0,0.0,0.8779125,0.0,0.0,0.0,0.0,0.0,0.0,0.0,0.0,0.0,0.0,0.0,0.0,0.0,0.0,0.0,0.0,0.0,0.0,0.0,0.0,0.116169795,0.0,0.0,0.0,0.0,1.1848468,0.0,0.0,1.6306272,0.0,0.0,0.0,0.0,0.0,0.0,0.0,0.0,0.0,0.0,0.0,0.0,0.0,0.0,0.0,0.0,0.0,2.148513,1.2305868,0.34949654,0.90585536,0.0,2.3212903,0.0,0.0,0.0,0.0,0.02562694,0.0,0.0,1.4719348,0.0,0.0,0.0,0.0,0.0,0.0,0.0,0.0,0.0,0.0,1.0785434,0.0
0.0,0.0,1.9214607,0.0,0.0,0.0,0.0,1.1541342,0.0,0.0,5.6437583,0.0,0.0,0.0,0.0,0.0,0.0,0.0,0.0,0.0,0.0,0.0,0.0,0.9958349,0.0,0.0,0.0,0.0,0.0,0.0,0.9636028,0.0,0.6658554,0.0,0.0,0.0,0.0,0.066800006,0.0,1.0997158,0.0,0.0,0.0,0.0,1.5354165,0.0,0.0,3.7688775,0.0,0.0,0.0,0.0,0.0,0.0,0.0,0.0,0.0,0.0,0.0,0.0,0.0,0.0,0.0,0.0,0.0,0.0,0.0,0.0,0.90562934,0.0,0.0,0.0,0.0,0.0,0.0,0.0,1.399207,0.0,0.0,0.0,0.32577384,0.0,0.0,0.0,0.0,0.0,0.0,0.0,0.0,0.0,0.0,0.0,0.0,0.0,0.0,0.0,0.0,0.0,0.0,0.0,0.0,0.0,2.12621,0.0,0.0,0.0,0.28768727,0.0,0.0,0.0,0.0,0.0,0.0,0.0,0.0,2.0156934,0.0,0.0,0.0,0.0,0.0,0.0,0.0,0.0,0.0,0.0,0.0,0.0
0.0,0.0,0.0,0.0,0.0,0.0,7.481213,0.0,0.0,0.0,6.8771167,0.0,0.0,0.0,0.0,0.0,0.0,0.0,0.0,0.0,0.0,0.0,0.0,4.8509483,0.9001137,0.0,0.0,0.0,0.0,0.0,0.0,0.0,5.0251994,0.0,0.0,0.0,0.0,0.0,0.0,0.0,0.0,0.0,0.0,0.0,0.22782958,0.0,0.0,0.0,0.0,0.0,0.0,0.0,0.0,0.0,0.0,0.0,0.0,0.0,0.0,0.0,0.0,0.0,0.0,0.0,0.0,0.0,0.0,0.0,9.16193,0.0,0.0,0.0,0.0,0.0,0.0,0.0,0.0,0.0,0.0,0.0,0.0,0.0,0.0,0.0,0.0,0.0,0.0,0.0,0.0,0.0,0.0,0.0,2.71421,0.0,0.0,0.0,0.0,0.0,0.0,0.0,0.0,0.0,12.267082,0.0,0.0,0.0,0.0,0.0,0.0,0.0,0.0,0.0,0.0,0.0,0.0,3.4517908,0.0,0.0,0.0,0.0,0.0,0.0,0.0,0.0,0.0,6.7996492,4.7638783,0.0
0.0,0.0,0.0,0.0,0.0,0.0,6.8111854,0.0,0.0,0.0,8.465845,0.0,0.0,0.0,0.0,0.0,0.0,0.0,0.0,0.0,0.0,0.0,0.0,0.0,3.0776548,0.0,0.87732905,0.0,0.0,1.2640123,0.14706776,0.0,0.0,0.0,0.0,0.0,0.0,0.0,0.0,8.01958,0.0,0.0,0.0,0.0,0.0,0.0,0.0,0.0,8.006861,0.0,0.0,6.470493,0.63556737,0.0,0.0,1.6658052,0.0,0.0,0.0,0.0,0.0,0.0,0.0,0.0,0.0,0.0,0.0,0.0,0.0,0.0,0.0,0.0,0.0,0.0,0.0,0.0,0.0,0.0,0.0,0.0,0.0,0.0,0.0,0.0,5.120339,0.0,0.0,0.0,0.0,0.0,0.0,1.3369104,0.0,0.0,0.0,0.0,1.305703,0.0,0.0,0.0,0.0,0.0,1.5997963,0.0,0.0,3.3723993,0.0,7.0597286,0.0,0.0,0.0,0.0,0.7823296,0.0,0.0,2.7849467,0.9631368,0.0,0.0,0.0,0.0,0.0,2.162798,0.0,0.0,0.0,0.045443546,0.0
0.0,0.0,0.0,0.0,0.0,0.0,2.3078165,0.0,0.6530756,0.0,10.117152,0.0,0.0,0.0,0.0,0.0,0.0,0.0,0.0,0.0,0.0,0.0,0.0,0.0,0.0,0.0,2.0385973,0.0,0.0,0.0,8.7362175,0.0,0.0,0.0,0.0,0.0,0.0,0.0,0.0,12.651127,0.0,0.0,0.0,0.0,3.135683,0.0,0.0,0.0,8.731298,0.0,0.0,6.5877676,0.0,0.0,0.0,2.0807924,0.0,0.0,0.0,0.0,0.0,0.0,0.0,0.0,0.0,0.0,0.0,0.0,0.0,0.0,0.0,0.0,0.0,0.0,0.0,0.7055794,0.0,0.0,0.0,0.0,0.0,0.0,0.30362713,0.0,2.166037,0.0,0.0,0.0,0.0,0.0,0.0,1.5748885,0.0,0.0,0.0,0.0,6.835322,0.0,0.0,0.0,0.0,0.0,0.0,0.0,5.597793,6.5130343,0.0,7.6335974,0.0,0.0,0.0,0.0,3.762644,0.0,0.0,0.4534788,0.0,0.0,0.0,0.0,0.0,0.0,0.0,0.0,0.0,0.0,0.0,0.0
0.0,0.0,6.7436266,0.0,0.0,0.0,0.0,0.0,0.0,0.0,0.0,0.0,8.570424,0.0,0.0,0.0,0.0,0.0,0.0,0.0,0.0,0.0,0.0,5.438976,0.0,0.0,0.0,0.0,0.0,0.0,0.0,0.0,7.8191323,0.0,0.0,0.0,0.0,0.0,5.694736,0.0,0.0,0.0,0.0,0.0,0.0,0.0,0.0,0.0,0.0,0.0,0.0,0.0,0.0,0.0,0.0,0.0,0.0,0.0,0.0,0.0,0.0,0.0,0.0,0.0,0.0,0.0,0.0,0.0,7.9164042,0.0,0.0,0.0,0.0,0.0,0.0,0.0,6.4264812,0.0,0.0,0.0,1.1651686,0.0,0.0,0.0,0.0,0.0,0.0,7.4439616,0.0,0.0,0.0,0.0,0.0,0.0,6.2803407,0.0,0.0,0.0,0.0,0.0,0.0,0.0,3.473793,0.0,0.0,0.0,0.0,0.0,8.73682,0.0,0.0,0.0,0.0,0.0,0.0,3.5857306,0.0,0.0,0.0,0.0,0.0,0.0,0.0,0.0,0.0,7.209608,0.0,0.0
0.0,0.0,0.0,0.0,0.0,0.0,5.292001,0.0,2.8156438,0.0,14.206393,0.0,0.0,0.0,0.0,0.0,0.0,0.0,0.0,0.0,0.0,0.0,0.0,0.0,0.7177762,0.0,0.0,0.0,0.0,0.0,13.351479,0.0,0.0,0.0,0.0,0.0,0.0,0.0,0.0,8.960756,0.0,0.0,0.0,0.0,0.0,0.0,0.0,0.0,9.185859,0.0,0.0,9.098346,0.0,0.0,0.0,3.4177723,0.0,0.0,0.0,0.0,0.0,0.0,0.0,0.0,0.0,0.0,0.0,0.0,0.0,0.0,0.0,0.0,0.0,0.0,0.0,4.6287193,0.0,0.0,0.0,0.0,0.0,0.0,0.0,0.0,13.492443,0.0,0.0,0.0,0.0,0.0,0.0,3.4366605,0.0,0.0,0.0,0.0,7.720379,0.0,0.0,0.0,0.0,0.0,0.0,0.0,16.540718,12.721199,0.0,5.8279467,0.0,0.0,0.0,0.0,0.757862,0.0,0.0,0.0,0.0,0.0,0.0,0.0,0.0,0.0,10.505395,0.0,0.0,0.0,0.0,0.0
0.0,0.0,0.0,0.0,0.0,0.8826676,3.0281823,0.0,0.0,0.0,3.2050908,0.0,0.0,0.0,0.0,0.0,0.0,0.0,0.0,0.0,0.0,0.0,0.0,1.7132207,0.0,0.0,0.0,0.0,0.0,0.7302053,2.9800472,0.0,0.0,0.0,0.0,0.0,3.6401799,0.0,0.0,4.8202534,0.0,0.0,0.0,0.0,0.0,0.0,0.0,0.0,1.2116971,0.0,0.0,6.495597,0.0,0.0,0.0,0.0,0.0,0.0,0.0,0.0,0.0,0.0,0.0,0.0,0.0,0.0,0.0,0.0,0.0,0.0,0.0,0.0,0.0,0.0,0.0,0.31207243,1.0819441,0.0,0.0,0.0,0.0,0.0,0.0,0.0,7.028323,0.0,0.0,0.0,0.0,0.0,0.0,0.0,0.049538568,0.0,0.0,0.0,6.5567923,0.0,0.0,0.0,0.0,0.0,0.0,0.0,3.5807483,2.913177,0.0,7.3698635,0.0,0.0,0.0,0.0,3.7220516,0.0,0.0,0.0,1.0504081,0.0,0.0,0.0,0.0,0.0,0.0,0.0,0.0,0.0,1.0592374,0.0
0.0,0.0,0.0,0.0,0.0,0.0,0.0,0.0,0.0,8.691497,0.0,0.0,0.0,4.050694,0.0,0.0,0.0,0.0,0.0,8.412935,0.0,0.0,0.0,0.0,0.0,0.0,0.0,0.0,0.0,0.0,11.874622,0.0,10.556268,0.0,0.0,0.0,0.0,0.0,0.0,0.0,0.0,0.0,0.0,0.0,0.0,0.0,0.0,0.0,0.0,0.0,0.0,0.0,0.0,0.0,0.0,0.0,0.0,0.0,0.0,0.0,0.0,0.0,0.0,0.0,0.0,0.0,0.0,0.0,0.0,0.0,0.0,0.0,0.0,0.0,0.0,0.0,0.0,0.0,0.0,0.0,20.461224,0.0,0.0,0.0,0.0,0.0,0.0,0.0,0.0,0.0,2.8105798,0.0,0.0,0.0,0.0,0.0,0.0,0.0,0.0,2.40919,0.0,0.0,0.0,0.0,0.0,0.0,0.0,0.0,0.0,0.0,13.850314,0.0,0.0,0.0,0.0,0.0,0.0,0.0,0.0,0.0,0.0,0.0,0.0,0.0,0.0,17.9079,0.0,0.0
0.0,0.0,1.3775853,0.2361279,0.0,0.0,0.0,0.046783045,0.0,0.0,4.0516715,0.0,0.0,0.0,0.0,0.0,0.0,0.0,0.0,0.0,0.0,0.0,1.5223572,2.1280835,0.0,0.0,0.0,0.0,0.0,0.82536125,0.0,0.0,0.0,0.0,0.0,0.0,0.0,0.07655509,0.0,2.8352764,0.0,0.0,0.0,0.0,0.35176343,0.0,0.6126661,1.3709586,0.0,0.0,0.0,0.89482725,0.0,0.0,0.0,0.0,0.0,0.0,0.0,0.0,0.0,0.0,0.0,0.0,0.0,0.0,0.0,0.0,0.0,0.0,0.0,0.0,0.0,0.0,0.0,0.0,4.570958,0.0,0.0,0.0,0.5855534,0.0,0.0,0.0,0.0,0.0,0.0,0.0,0.0,0.0,0.0,0.0,0.0,0.0,0.0,0.0,1.1474968,0.0,0.0,0.0,0.0,0.0,0.0,0.0,0.08355827,0.0,0.0,0.0,0.0,0.0,0.0,0.0,3.0785804,0.0,0.0,3.2013156,1.9853379,0.0,0.0,0.0,0.0,0.0,0.07030852,0.0,0.0,0.0,0.017622925,0.0
0.0,0.0,1.116826,0.0,0.0,0.0,0.0,0.0,0.0,0.0,0.0,0.0,2.880322,14.935552,0.0,0.0,4.9413266,0.0,0.0,9.431875,0.0,0.0,0.0,8.888859,0.0,0.0,0.0,0.0,0.0,0.0,0.0,0.0,6.620604,0.0,0.0,0.0,0.0,0.0,8.759905,0.0,0.0,0.0,0.0,0.0,0.0,0.0,0.0,0.0,0.0,0.0,0.0,0.0,0.0,0.0,0.0,0.0,0.0,0.0,0.0,0.0,0.0,0.0,0.0,0.0,0.0,0.0,0.0,0.0,0.0,0.0,0.0,0.0,0.0,0.0,0.0,0.0,4.13212,0.0,0.0,0.0,9.830236,0.0,0.0,0.0,0.0,0.0,0.0,9.22746,0.0,1.4279859,0.0,0.0,0.0,0.0,0.0,0.0,0.28605407,0.0,0.0,0.0,0.0,0.0,0.28436428,0.0,0.0,0.0,0.0,0.0,3.150173,0.0,0.0,0.0,0.0,0.0,0.0,0.0,0.0,0.0,0.0,0.0,0.0,0.0,0.0,0.0,0.0,13.891285,0.0,0.0
0.0,0.0,0.0,0.0,0.0,0.0,0.0,0.0,4.0277925,0.0,6.701905,0.0,0.0,0.0,0.0,0.0,0.0,0.0,0.0,0.0,0.0,0.0,0.0,0.0,0.47159287,0.0,1.4478035,0.0,0.0,0.0,8.884654,0.0,0.0,0.0,0.0,0.0,0.0,0.0,0.0,6.781283,0.0,0.0,0.0,0.0,0.0,0.0,0.0,4.9779363,4.364475,0.0,0.0,1.6309339,0.0,0.0,0.0,0.0,0.0,0.0,0.0,0.0,0.0,0.0,0.0,0.0,0.0,0.0,0.0,0.0,0.0,0.0,0.0,0.0,0.0,0.0,0.0,8.939833,0.0,0.0,0.0,0.0,0.0,0.0,0.0,0.0,3.1146243,0.0,0.0,0.0,0.0,0.0,0.0,0.0,0.0,0.0,0.0,0.0,10.182683,0.0,0.0,0.0,0.0,0.0,0.0,0.0,13.007854,0.0,0.0,0.0,0.0,0.0,0.0,0.0,0.0,0.0,0.0,0.0,0.0,0.0,0.0,0.0,0.0,0.0,3.8028507,0.0,0.0,0.0,0.0,0.0
0.0,0.0,0.0,0.0,0.0,4.277949,0.17032053,0.0,0.0,0.0,0.0,0.0,0.0,1.0572104,0.0,0.0,0.0,2.5002975,0.0,0.0,0.0,0.0,0.0,0.0,10.744397,0.0,0.0,0.0,0.0,0.0,5.868459,0.0,0.0,0.4672668,0.0,0.0,0.0,0.0,0.0,0.0,0.0,0.0,0.0,0.0,0.0,0.0,0.69301224,0.0,0.0,0.0,0.0,0.0,0.0,0.0,0.0,0.0,0.0,0.0,0.0,0.0,0.0,0.0,0.0,0.0,0.0,0.0,0.0,0.0,1.9492741,0.0,0.0,0.0,0.0,0.0,0.0,0.0,0.0,0.0,0.0,0.0,0.0,0.0,0.0,0.0,0.0,0.0,0.0,0.0,0.0,0.0,0.0,0.21027415,5.2207284,0.0,0.0,0.0,3.2305844,0.0,0.0,0.0,0.0,0.0,9.203053,0.0,0.0,0.0,0.0,0.0,0.0,0.0,0.0,0.0,0.0,0.0,0.0,8.209591,0.0,0.0,0.0,0.0,0.0,0.0,1.5831075,0.0,0.0,0.0,0.0,0.0
0.0,0.0,0.0,0.0,0.0,0.0,0.0,0.0,0.0,0.0,0.0,0.0,1.9899595,0.0,0.0,0.0,0.0,0.0,0.0,0.0,0.0,0.0,0.0,7.7197385,0.0,0.0,0.0,0.0,0.0,0.0,0.0,0.0,1.7246336,0.0,0.0,0.0,0.0,0.0,0.3136173,0.0,0.0,0.0,0.0,0.0,0.0,0.0,0.0,0.0,0.0,0.0,0.0,0.0,0.0,0.0,0.0,0.0,0.0,0.0,0.0,0.0,0.0,0.0,0.0,0.0,0.0,0.0,0.0,0.0,5.039781,0.0,0.0,0.0,0.0,0.0,0.0,0.0,2.5034766,0.0,0.0,0.0,1.2742382,0.0,0.0,0.0,0.0,0.0,0.0,0.0,0.0,0.0,0.0,0.0,0.0,0.0,0.0,0.0,0.0,0.0,0.0,0.0,0.0,0.0,0.0,0.0,0.0,0.0,0.0,0.0,0.0,2.2605798,0.0,0.0,0.7660437,0.0,0.0,0.09519242,0.0,0.0,0.0,0.0,0.0,0.0,0.0,0.0,0.0,7.233514,4.054624,0.0
0.0,0.0,0.0,0.0,0.0,0.0,2.2221487,0.0,0.0,0.0,3.3613153,0.0,0.0,0.0,0.0,0.0,0.0,0.0,0.0,0.0,0.0,0.0,0.0,0.0,4.600377,0.0,0.0,0.0,0.0,0.0,5.562463,0.0,0.0,0.0,0.0,0.0,0.0,0.0,0.0,4.000283,0.0,0.0,0.0,0.0,0.0,0.0,0.0,0.0,0.0,0.0,0.0,6.030104,0.0,0.0,0.0,0.61743385,0.0,0.0,0.0,0.0,0.0,0.0,0.0,0.0,0.0,0.0,0.0,0.0,0.0,0.0,0.0,0.0,0.0,0.0,0.0,0.0,0.0,0.0,0.0,0.0,0.0,0.0,0.0,0.0,14.387717,0.0,0.0,0.0,0.0,0.0,0.0,0.0,8.039078,0.0,0.0,0.0,11.064389,0.0,0.0,0.0,0.0,0.0,4.9648046,0.0,11.363894,0.0,0.7715016,4.1975474,0.0,0.0,0.0,0.0,4.4289694,0.0,0.0,0.0,0.0,0.0,0.0,0.0,0.0,0.0,8.747979,0.0,0.0,0.0,0.0,0.0
0.0,0.0,0.0,0.0,0.0,0.0,2.2451813,0.0,0.0,0.0,0.0,0.0,2.536943,0.20561673,0.0,0.0,0.1890845,0.0,0.0,0.0,0.0,0.0,0.0,4.010199,0.0,0.0,0.0,0.0,0.0,0.0,0.0,0.0,3.2649667,0.0,0.0,0.0,0.0,0.0,2.1498878,0.0,0.0,0.0,0.0,0.0,0.0,0.0,0.0,0.0,0.0,0.0,0.0,0.0,0.0,0.0,0.0,0.0,0.0,0.0,0.0,0.0,0.0,0.0,0.0,0.0,0.0,0.0,0.0,0.0,5.4108725,0.0,0.0,0.0,0.0,0.0,0.0,0.0,0.9659299,0.0,0.0,0.0,0.0,0.0,0.0,0.0,0.0,0.0,0.0,1.3953295,0.0,0.0,0.0,0.0,0.0,0.0,0.0,0.0,0.0,0.0,0.0,0.0,0.0,0.0,4.130946,1.9158181,0.0,0.0,0.0,0.0,0.0,2.231663,0.0,0.0,0.0,0.0,0.0,0.0,0.0,0.0,0.0,0.0,0.0,0.0,0.0,0.0,0.0,5.0226545,5.268151,0.0
8.551289,0.0,0.0,0.0,0.0,0.0,4.371548,0.0,0.46781757,0.0,6.469947,0.0,0.0,0.0,0.0,0.0,0.0,0.0,0.0,0.0,0.0,0.0,0.0,0.0,7.9413505,0.0,0.0,0.0,0.0,5.8148513,2.0342758,0.0,0.0,0.0,0.0,0.0,0.0,0.0,0.0,2.1709642,0.0,0.0,0.0,0.0,0.0,0.0,1.1058327,0.0,10.156077,0.0,0.0,0.0,5.1153836,0.0,0.0,3.1504877,2.3294501,0.0,0.0,0.0,0.0,0.0,0.0,0.0,0.23572223,0.0,0.0,0.0,0.0,0.0,0.0,0.0,0.0,0.0,0.0,1.5643318,0.0,0.0,0.0,0.0,0.0,0.0,0.0,0.0,0.0,0.0,0.0,0.0,3.5945554,0.0,0.0,1.6402458,0.0,0.0,1.4921937,5.2795134,0.0,0.0,0.0,0.0,0.0,0.0,0.0,0.0,0.0,0.0,0.0,3.0263305,0.0,0.0,9.911511,0.0,0.0,0.0,0.0,7.247248,11.026717,0.0,0.0,0.0,0.0,0.0,0.0,0.0,0.0,0.0,0.0,0.0
1.002361,0.0,0.0,0.0,0.0,0.0,1.732284,0.0,0.15786782,0.0,8.238185,0.0,0.0,0.0,0.0,0.0,0.0,0.0,0.0,0.0,0.0,0.0,0.54262406,0.0,0.23782001,0.0,1.1988145,0.0,0.0,1.6058344,0.0,0.0,0.0,0.0,0.0,0.0,0.0,2.5853202,0.0,6.477525,0.0,0.0,0.0,0.0,0.80947816,0.0,0.17674997,0.06533952,5.51266,0.0,0.0,1.5609925,0.59207475,0.0,0.0,0.0,0.0,0.0,0.0,0.0,0.0,0.0,0.0,0.0,0.0,0.0,0.0,0.0,0.0,0.0,0.0,0.0,0.0,0.0,0.0,0.0,1.1216983,0.0,0.0,0.0,0.0,0.0,0.0,0.0,0.0,0.0,0.0,0.0,0.0,0.0,0.0,0.0,0.0,0.0,0.0,0.0,0.5820848,0.0,0.0,0.0,0.0,0.0,0.0,0.0,1.302322,3.2946215,0.0,2.6112576,0.0,0.0,0.0,0.0,0.0,0.0,0.0,2.0668523,2.6715176,0.0,0.0,0.0,0.0,0.0,1.2962022,0.0,0.0,0.0,0.0,0.0
0.0,0.0,0.0,0.0,0.0,0.0,6.993273,0.0,0.0,0.0,5.6466007,0.0,0.0,0.0,0.0,0.0,0.0,0.0,0.0,0.0,0.0,0.0,0.0,0.0,10.376011,0.0,0.0,0.0,0.0,0.0,0.0,0.0,0.0,3.7369604,0.0,2.8552263,0.0,2.7205043,0.0,12.443708,0.0,0.0,0.0,0.0,0.0,0.0,0.0,0.0,0.15682033,0.0,0.0,4.6163306,0.0,0.0,0.0,0.0,0.0,0.0,0.0,0.0,0.0,0.0,0.0,0.0,1.9192876,0.0,0.0,0.0,0.0,0.0,0.0,0.0,0.0,0.0,0.0,0.0,0.08717044,0.0,0.0,0.0,0.0,0.0,0.0,0.0,8.202942,0.0,0.0,0.0,0.0,0.0,0.0,0.0,4.253875,0.0,0.0,0.0,11.07976,0.0,0.0,0.0,0.0,0.0,2.3513255,0.0,0.0,0.0,0.0,6.1999135,0.0,0.0,0.0,0.0,1.2659887,0.0,0.0,8.155983,5.885731,0.0,0.0,0.0,0.0,0.0,6.903187,0.0,0.0,0.0,0.20056716,0.0
0.0,0.0,0.0,0.0,0.0,0.0,0.0,3.660891,0.0,0.0,0.0,0.0,1.5332047,0.0,0.0,0.0,0.0,0.0,0.0,0.0,0.0,0.0,0.0,0.6724482,3.7742128,0.0,0.0,0.0,0.0,0.0,3.7657926,0.0,0.0,0.0,0.0,0.0,0.0,0.0,0.0,0.9044316,0.0,0.0,0.0,0.0,0.0,0.0,5.1685195,3.7286153,0.0,0.0,0.0,0.0,0.0,0.0,0.0,0.0,0.0,0.0,0.0,0.0,0.0,0.0,0.0,0.0,0.0,0.0,0.0,0.0,0.0,0.0,0.0,0.0,0.0,0.0,0.0,1.4260792,0.82838726,0.0,0.0,0.0,3.1950147,0.0,0.0,0.0,0.0,0.0,0.0,0.0,0.0,0.0,0.0,0.0,4.2200603,0.0,0.0,0.0,4.5630417,0.0,0.0,0.0,0.0,0.0,2.993179,0.0,3.4096,0.0,0.0,0.0,0.0,0.0,0.0,0.0,3.6654792,0.0,0.0,5.579671,0.0,0.0,0.0,0.0,0.0,0.0,0.1080075,0.0,0.0,0.0,0.0,0.0
0.0,0.0,0.0,0.0,0.0,0.0,2.9002187,0.0,0.0,0.0,0.0,0.0,1.9199294,0.0,0.0,0.0,0.0,0.0,0.0,0.0,0.0,0.0,0.0,2.7557535,0.0,0.0,0.0,0.0,0.0,0.0,0.0,0.0,3.430722,0.0,0.0,0.0,0.0,0.0,1.0078669,0.0,0.0,0.0,0.0,0.0,0.0,0.0,0.0,0.0,0.0,0.0,0.0,0.0,0.0,0.0,0.0,0.0,0.0,0.0,0.0,0.0,0.0,0.0,0.0,0.0,0.0,0.0,0.0,0.0,4.734486,0.0,0.0,0.0,0.0,0.0,0.0,0.0,0.0,0.0,0.0,0.0,0.0,0.0,0.0,0.0,0.0,0.0,0.0,0.0,0.0,0.0,0.0,0.0,0.0,0.0,0.0,0.0,0.0,0.0,0.0,0.0,0.0,0.0,4.362354,1.4933804,0.0,0.0,0.0,0.0,0.0,0.58152187,0.0,0.0,0.0,0.0,0.0,0.0,0.0,0.0,0.0,0.0,0.0,0.0,0.0,0.0,0.0,3.8551269,5.1435523,0.0
0.69069177,0.0,0.0,0.0,0.0,0.0,7.3656464,0.0,0.0,0.0,4.0199995,0.0,0.0,0.0,0.0,0.0,0.0,0.0,0.0,0.0,0.0,0.0,0.0,0.0,1.7167022,0.0,0.0,0.0,0.0,2.9877322,0.5951219,0.0,0.0,0.0,0.0,0.0,1.119358,0.21822451,0.0,1.6075268,0.0,0.0,0.0,0.0,0.0,0.0,0.0,0.0,4.251712,0.0,0.0,3.3561654,0.37212402,0.0,0.0,2.81136,0.0,0.0,0.0,0.0,0.0,0.0,0.0,0.0,0.0,0.0,0.0,0.0,0.0,0.0,0.0,0.0,0.0,0.0,0.0,0.0,0.0,0.0,0.0,0.0,0.0,0.0,0.0,0.0,4.2201104,0.0,0.0,0.0,0.0,0.0,0.0,0.5782883,0.0,0.0,0.0,0.0,0.28933,0.0,0.0,0.0,0.0,0.0,0.0,2.5916293,0.17497446,2.848363,0.0,3.9245613,0.0,0.0,0.0,0.0,1.3828818,0.0,0.0,0.0,1.7708609,0.0,0.0,0.0,0.0,0.0,1.1852112,0.0,0.0,0.0,0.96174246,0.0
0.0,0.0,4.5619464,3.9434962,0.0,0.0,0.0,0.0,6.990262,0.0,0.46533698,0.0,0.0,0.0,0.0,0.0,1.5620294,0.0,0.0,0.0,0.0,0.0,0.8081808,13.246892,0.0,0.0,0.0,0.0,0.0,0.0,1.342486,0.0,3.0094905,0.0,0.0,0.0,0.0,0.0,0.0,0.0,0.0,0.0,0.0,0.0,0.0,0.0,0.0,3.9757392,0.0,0.0,0.0,0.0,0.0,0.0,0.0,0.0,0.0,0.0,0.0,0.0,0.82972276,0.0,0.0,0.0,0.0,0.0,0.0,0.0,1.6231893,0.0,0.0,0.0,0.0,0.0,0.0,0.0,8.242927,0.0,0.0,0.0,13.230459,0.0,0.0,0.0,0.0,0.0,0.0,1.2157375,0.0,0.0,0.0,0.0,0.0,0.0,10.567094,0.0,0.0,0.0,0.0,0.0,0.0,0.0,0.0,0.0,0.0,0.0,0.0,0.0,5.450164,0.0,0.0,0.0,0.0,0.0,0.0,4.739331,0.0,0.0,0.0,0.0,0.0,0.0,0.0,0.0,0.0,5.6432123,0.0,0.0
6.436664,0.0,0.0,0.0,0.0,0.0,4.9660435,0.0,0.0,0.0,10.606083,0.0,0.0,0.0,0.0,0.0,0.0,0.0,0.0,0.0,0.0,0.0,0.0,0.0,0.0,0.0,0.0,0.0,0.0,2.0484524,1.9072798,0.0,0.0,0.0,0.0,0.0,0.0,0.30848053,0.0,6.0215793,0.0,0.0,0.0,0.0,7.456596,0.0,0.0,0.0,2.436211,0.0,0.0,3.459399,0.0,0.0,0.0,1.1064104,0.0,0.0,0.0,0.0,0.0,0.0,0.0,0.0,0.0,0.0,0.0,0.17828578,0.0,0.0,0.0,0.0,0.0,0.0,0.0,0.0,2.0560787,0.0,0.0,0.0,0.0,0.0,0.0,0.0,0.0,0.0,0.0,0.0,0.0,0.0,0.0,0.0,0.0,0.0,0.0,0.0,0.0,0.0,0.0,0.0,0.0,0.0,0.3291757,0.0,0.0,2.085587,0.0,3.2680135,0.0,0.0,0.0,0.0,4.6659355,0.0,0.0,3.9501445,0.0,0.0,0.0,0.0,0.0,0.0,0.0,0.0,0.0,0.534117,3.186845,0.0
0.0,0.0,0.0,0.0,0.0,0.0,4.3526106,0.0,0.0,0.0,8.122329,0.0,0.0,0.0,0.0,0.0,0.0,0.0,0.0,0.0,0.0,0.0,0.0,0.0,11.83833,0.0,6.9538364,0.0,0.0,0.0,2.3848467,0.0,0.0,0.28365484,0.0,0.0,0.0,0.0,0.0,12.373866,0.0,0.0,0.0,0.0,0.0,0.0,0.0,0.0,4.8258357,0.0,0.0,6.279141,0.0,0.0,0.0,7.6612887,0.0,0.0,0.0,0.0,0.0,0.0,0.0,0.0,0.0,0.0,0.0,0.0,0.0,0.0,0.0,0.0,0.0,0.0,0.0,0.0,0.0,0.0,0.0,0.0,0.0,0.0,0.0,0.0,4.751672,0.0,0.0,0.0,0.0,0.0,0.0,4.304931,0.0,0.0,0.0,0.0,8.485142,0.0,0.0,0.0,0.0,0.0,3.3712099,0.0,6.348975,0.0,0.0,2.5619264,0.0,0.0,0.0,0.0,3.94476,0.0,0.0,1.492176,0.0,0.0,0.0,0.0,0.0,0.0,4.4465213,0.0,0.0,0.0,0.0,0.0
0.0,0.0,0.0,0.0,0.0,0.0,2.5410106,0.0,0.0,0.0,0.0,0.0,3.2628036,0.0,0.0,0.0,0.12763247,0.0,0.0,0.0,0.0,0.0,0.0,4.725378,0.0,0.0,0.0,0.0,0.0,0.0,0.0,0.0,1.5351323,0.0,0.0,0.0,0.0,0.0,1.4823288,0.0,0.0,0.0,0.0,0.0,0.0,0.0,0.0,0.0,0.0,0.0,0.0,0.0,0.0,0.0,0.0,0.0,0.0,0.0,0.0,0.0,0.0,0.0,0.0,0.0,0.0,0.0,0.0,0.0,3.9980133,0.0,0.0,0.0,0.0,0.0,0.0,0.0,2.064035,0.0,0.0,0.0,0.0,0.0,0.0,0.0,0.0,0.0,0.0,0.0,0.0,0.0,0.0,0.0,0.0,0.0,0.0,0.0,0.0,0.0,0.0,0.0,0.0,0.0,0.5134208,0.9332979,0.0,0.0,0.0,0.0,0.0,4.001369,0.0,0.0,0.0,0.0,0.0,0.0,0.0,0.0,0.0,0.0,0.0,0.0,0.0,0.0,0.0,8.32484,5.529418,0.0
0.0,0.0,0.0,0.0,0.0,0.0,3.379714,0.0,0.0,0.0,0.0,0.0,2.1042328,2.3432157,0.0,0.0,0.0,0.0,0.0,0.0,0.0,0.0,0.0,1.2412919,0.0,0.0,0.0,0.0,0.0,0.0,0.0,0.0,1.9559159,0.0,0.0,0.0,0.0,0.0,3.3599946,0.0,0.0,0.0,0.0,0.0,0.0,0.0,0.0,0.0,0.0,0.0,0.0,0.0,0.0,0.0,0.0,0.0,0.0,0.0,0.0,0.0,0.0,0.0,0.0,0.0,0.0,0.0,0.0,0.0,3.6678216,0.0,0.0,0.0883494,0.0,0.0,0.0,0.0,1.0685827,0.0,0.0,0.0,0.0,0.0,0.0,0.0,0.0,0.0,0.0,3.6365268,0.0,0.19744095,0.0,0.0,0.0,0.0,0.0,0.0,0.0,0.0,0.0,0.0,0.0,0.0,4.937348,4.182849,0.0,0.0,0.0,0.0,0.0,3.3723073,0.0,0.0,0.0,0.0,0.0,0.0,0.0,0.0,0.0,0.0,0.0,0.0,0.0,0.0,0.0,6.4670577,4.9807234,0.0
0.0,0.0,0.0,0.0,0.0,0.6806286,5.2517853,0.0,0.0,0.0,1.7525423,0.0,0.0,0.0,0.0,0.0,0.0,0.0,0.0,0.0,0.0,0.0,0.0,0.0,4.7793384,0.0,0.0,0.0,0.0,0.0,4.521436,0.0,0.0,0.0,0.0,0.0,0.0,0.0,0.0,7.0348544,0.0,0.0,0.0,0.0,0.0,0.0,0.0,0.0,0.5712825,0.0,0.0,6.10615,0.0,0.0,0.0,0.0,0.0,0.0,0.0,0.0,0.0,0.0,0.0,0.0,0.0,0.0,0.0,0.0,0.0,0.0,0.0,0.0,0.0,0.0,0.0,0.0,0.0,0.0,0.0,0.0,0.0,0.0,0.0,0.0,4.9765835,0.0,0.0,0.0,0.0,0.0,0.0,0.48427337,0.40175372,0.0,0.0,0.0,1.5603486,0.0,0.0,0.0,0.0,0.0,6.473469,0.0,2.4938307,0.0,0.0,7.494109,0.0,0.0,0.0,0.0,1.9103463,0.0,0.0,5.158541,0.0,0.0,0.0,0.0,0.0,0.0,0.0,0.0,0.0,0.0,0.0,0.0
0.0,0.0,0.0,0.0,0.0,0.0,0.99181414,0.0,0.0,0.0,0.0,0.0,2.7233515,0.0,0.0,0.0,0.0,0.0,0.0,0.0,0.0,0.0,0.0,7.369647,0.0,0.0,0.0,0.0,0.0,0.0,0.0,0.0,4.1297116,0.0,0.0,0.0,0.0,0.0,0.0,0.0,0.0,0.0,0.0,0.0,0.0,0.0,0.0,0.0,0.0,0.0,0.0,0.0,0.0,0.0,0.0,0.0,0.0,0.0,0.0,0.0,0.0,0.0,0.0,0.0,0.0,0.0,0.0,0.0,7.62004,0.0,0.0,0.0,0.0,0.0,0.0,0.0,0.74924195,0.0,0.0,0.0,0.0,0.0,0.0,0.0,0.0,0.0,0.0,0.0,0.0,0.0,0.0,0.0,0.0,0.0,0.0,0.0,0.0,0.0,0.0,0.0,0.0,0.0,2.6096072,0.0,0.0,0.0,0.0,0.0,0.0,0.5222023,0.0,0.0,0.67807204,0.0,0.0,0.8054589,0.0,0.0,0.0,0.0,0.0,0.0,0.0,0.0,0.0,5.5302277,5.036241,0.0
5.1113687,0.0,0.0,0.0,0.0,0.0,10.75425,0.0,0.0,0.0,7.080942,0.0,0.0,0.0,0.0,0.0,0.0,0.0,0.0,0.0,0.0,0.0,0.0,0.0,5.220788,0.0,0.0,0.0,0.0,4.596072,0.34014487,0.0,0.0,0.0,0.0,0.0,0.0,0.0,0.0,9.79081,0.0,0.0,0.0,0.0,2.2179403,0.0,0.0,0.0,9.025213,0.0,0.0,7.652868,2.522232,0.0,0.0,5.231447,2.5522346,0.0,0.0,0.0,0.0,0.0,0.0,0.0,5.619141,0.0,0.0,0.0,0.0,0.0,0.0,0.0,0.0,0.0,0.0,0.0,0.0,0.0,0.0,0.0,0.0,1.141498,0.0,0.0,4.040931,0.0,0.0,0.0,0.0,0.0,0.0,1.6290509,0.0,0.0,0.0,0.0,0.0,0.0,0.0,0.0,0.0,0.0,0.7748349,0.0,0.0,3.693659,0.0,12.231953,0.0,0.0,1.1451095,0.0,4.4421906,0.0,0.0,6.6693954,4.7393017,0.0,0.0,0.0,0.0,0.0,0.0,0.0,0.0,0.0,2.20273,0.0
0.0,0.0,0.0,0.0,0.0,0.0,8.137995,0.0,0.0,0.0,11.649176,0.0,0.0,0.0,0.0,0.0,0.0,0.0,0.0,0.0,0.0,0.0,0.0,0.0,10.70574,0.0,5.73877,0.0,0.0,3.5921483,0.48111942,0.0,0.0,0.0,0.0,0.0,0.0,0.0,0.0,14.6197815,0.0,0.0,0.0,0.0,0.4373478,0.0,0.0,0.0,9.815578,0.0,0.0,13.014035,0.0,0.0,0.0,4.137572,0.13697936,0.0,0.0,0.0,0.0,0.0,0.0,0.0,0.0,0.0,0.0,0.0,0.0,0.0,0.0,0.0,0.0,0.0,0.0,0.0,0.0,0.0,0.0,0.0,0.0,0.0,0.0,0.0,6.413964,0.0,0.0,0.0,0.0,0.0,0.0,1.1337267,0.0,0.0,0.0,0.0,12.5908165,0.0,0.0,0.0,0.0,0.0,2.839396,0.0,0.69216055,0.0,0.0,11.755702,0.0,0.0,0.0,0.0,7.3112674,0.0,0.0,9.751351,0.0,0.0,0.0,0.0,0.0,0.0,5.8787203,0.0,0.0,0.0,0.0,0.0
0.0,0.0,3.4581585,0.0,0.0,0.0,0.0,0.0,0.0,0.0,0.0,0.0,3.309705,11.935613,0.0,0.0,0.0,0.0,0.0,0.0,0.0,0.0,0.0,10.446805,0.0,0.0,0.0,0.0,0.0,0.0,0.0,0.0,10.513022,0.0,0.0,0.0,0.0,0.0,0.0,0.0,0.0,0.0,0.0,0.0,0.0,0.0,0.0,2.5538986,0.0,0.0,0.0,0.0,0.0,0.0,0.0,0.0,0.0,0.0,0.0,0.0,0.0,0.0,0.0,0.0,0.0,0.0,0.0,0.0,0.0,0.0,0.0,0.0,0.0,0.0,0.0,0.0,2.243762,0.0,0.0,0.0,0.0,0.0,0.0,0.0,0.0,0.0,0.0,5.226049,0.0,0.0,0.0,0.0,0.0,0.0,9.883093,0.0,0.0,0.0,0.0,0.0,0.0,0.0,8.795388,0.0,0.0,0.0,0.0,0.0,18.07289,0.0,0.0,0.0,0.0,0.0,0.0,0.0,0.0,0.0,0.0,0.0,0.0,0.0,0.0,0.0,0.0,3.2858822,0.0,0.0
3.962622,0.0,0.0,0.0,0.0,0.0,24.322329,0.0,0.0,0.0,20.72619,0.0,0.0,0.0,0.0,0.0,0.0,0.0,0.0,0.0,0.0,0.0,0.0,0.0,12.431618,0.0,0.0,0.0,0.0,0.0,19.016018,0.0,0.0,0.0,0.0,0.0,0.0,0.0,0.0,16.758785,0.0,0.0,0.0,0.0,7.2799635,0.0,0.0,0.0,13.288052,0.0,0.0,15.198285,1.7504452,0.0,0.0,17.173088,0.0,0.0,0.0,0.0,0.0,0.0,0.0,0.0,0.0,0.0,0.0,0.0,0.0,0.0,0.0,0.0,0.0,0.0,0.0,0.0,0.0,0.0,0.0,0.0,0.0,0.0,0.0,0.0,8.506969,0.0,0.0,0.0,0.0,0.0,0.0,8.555701,0.0,0.0,0.0,0.0,1.6368442,0.0,0.0,0.0,0.0,0.0,6.3193192,0.0,5.58145,8.47718,0.0,15.133628,0.0,0.0,0.0,0.0,6.9173284,0.0,0.0,0.0,0.0,0.0,0.0,0.0,0.0,0.0,0.0,0.0,0.0,0.0,0.0,0.0
0.0,0.0,0.0,0.0,0.0,0.0,1.6132424,0.0,0.0,0.0,0.0,0.0,2.5850842,0.0,0.0,0.0,0.019117348,0.0,0.0,0.0,0.0,0.0,0.0,3.4369318,0.0,0.0,0.0,0.0,0.0,0.0,0.0,0.0,2.5226212,0.0,0.0,0.0,0.0,0.0,2.0775669,0.0,0.0,0.0,0.0,0.0,0.0,0.0,0.0,0.0,0.0,0.0,0.0,0.0,0.0,0.0,0.0,0.0,0.0,0.0,0.0,0.0,0.0,0.0,0.0,0.0,0.0,0.0,0.0,0.0,4.479537,0.0,0.0,0.0,0.0,0.0,0.0,0.0,1.3692371,0.0,0.0,0.0,0.0,0.0,0.0,0.0,0.0,0.0,0.0,0.44967702,0.0,0.0,0.0,0.0,0.0,0.0,0.0,0.0,0.0,0.0,0.0,0.0,0.0,0.0,3.0535984,1.2011418,0.0,0.0,0.0,0.0,0.0,2.1131117,0.0,0.0,0.0,0.0,0.0,0.0,0.0,0.0,0.0,0.0,0.0,0.0,0.0,0.0,0.0,5.0107455,4.6899056,0.0
0.0,0.0,3.44311,0.0,0.0,0.0,0.0,0.0,3.9001362,0.0,5.1670227,0.0,0.0,6.6989193,0.0,0.0,11.0847225,0.0,0.0,3.2137723,0.0,0.0,0.0,0.0,6.641121,0.0,5.8888946,0.0,0.0,0.0,2.4569352,0.0,0.0,0.0,0.0,0.0,0.0,0.0,0.0,0.0,0.0,0.0,0.0,0.0,0.0,0.0,0.0,14.335341,11.9563875,0.0,0.0,0.0,0.0,0.0,0.0,0.0,0.0,0.0,0.0,0.0,0.0,0.0,0.0,0.0,0.0,0.0,0.0,0.0,0.0,0.0,0.0,0.0,0.0,0.0,0.0,5.514836,0.0,0.0,0.0,0.0,11.114973,0.0,0.0,0.0,0.0,0.0,0.0,2.0197275,0.2273637,0.0,0.0,5.774697,0.0,0.0,0.0,13.360583,9.610782,0.0,0.0,0.0,0.0,0.0,0.0,0.0,0.0,0.0,0.0,0.0,0.0,0.0,10.384688,0.0,0.0,0.0,0.0,4.8941684,10.948934,0.0,0.0,0.0,0.0,0.0,0.0,2.4840715,0.0,0.0,0.0,0.0
0.0,0.0,0.0,0.0,0.0,0.0,1.7264127,0.0,0.0,0.0,0.0,0.0,3.5051353,0.0,0.0,0.0,0.0,0.0,0.0,0.0,0.0,0.0,0.0,5.4817533,0.0,0.0,0.0,0.0,0.0,0.0,0.0,0.0,2.317496,0.0,0.0,0.0,0.0,0.0,1.0558757,0.0,0.0,0.0,0.0,0.0,0.0,0.0,0.0,0.0,0.0,0.0,0.0,0.0,0.0,0.0,0.0,0.0,0.0,0.0,0.0,0.0,0.0,0.0,0.0,0.0,0.0,0.0,0.0,0.0,6.145883,0.0,0.0,0.0,0.0,0.0,0.0,0.0,0.7168229,0.0,0.0,0.0,0.0,0.0,0.0,0.0,0.0,0.0,0.0,0.45660427,0.0,0.0,0.0,0.0,0.0,0.0,0.0,0.0,0.0,0.0,0.0,0.0,0.0,0.0,0.7805486,0.070876926,0.0,0.0,0.0,0.0,0.0,2.833079,0.0,0.0,0.0,0.0,0.0,0.0,0.0,0.0,0.0,0.0,0.0,0.0,0.0,0.0,0.0,6.3435097,4.202597,0.0
2.5748682,0.0,0.0,0.0,0.0,0.0,1.8344464,0.0,0.0,0.0,4.8764553,0.0,0.0,0.0,0.0,0.0,0.0,0.0,0.0,0.0,0.0,0.0,0.0,0.0,0.0,0.0,0.0,0.0,0.0,0.08636143,0.86168677,0.0,0.0,0.0,0.0,0.0,0.0,1.4809684,0.0,2.6310873,0.0,0.0,0.0,0.0,2.784946,0.0,0.0,0.0,0.9960206,0.0,0.0,1.2921757,0.30950084,0.0,0.0,0.0,0.0,0.0,0.0,0.0,0.0,0.0,0.0,0.0,0.0,0.0,0.0,0.4298824,0.0,0.0,0.0,0.0,0.0,0.0,0.0,0.0,1.9837174,0.0,0.0,0.0,0.0,0.0,0.0,0.0,0.0,0.0,0.0,0.0,0.0,0.0,0.0,0.0,0.0,0.0,0.0,0.0,0.0,0.0,0.0,0.0,0.0,0.0,1.2180247,0.0,0.0,0.09642026,0.0,1.1508,0.0,0.0,0.0,0.0,0.7711175,0.0,0.0,2.8819952,0.0,0.0,0.0,0.0,0.0,0.0,0.0,0.0,0.0,0.8102464,0.7425482,0.0
1.9080145,0.0,0.0,0.0,0.0,1.3853383,2.5414846,0.0,0.0,0.0,0.0,0.0,1.0594286,0.0,0.0,0.0,0.0,0.0,0.0,0.0,0.0,1.4865904,0.0,0.0,0.0,0.0,0.0,0.0,0.0,0.0,0.0,0.0,0.68494666,0.0,0.0,0.0,0.0,0.0,2.7591665,0.0,0.0,0.0,0.0,0.0,0.0,0.0,0.0,0.0,0.0,0.0,0.0,0.90828973,0.0,0.0,0.0,0.0,0.0,0.0,0.0,0.0,0.0,0.0,0.0,0.0,0.0,0.0,0.0,0.0,0.8070336,0.0,0.0,0.51711243,0.0,0.0,0.0,0.0,1.8006933,0.0,0.0,0.0,0.0,0.0,0.0,0.0,0.0,0.0,0.0,0.52127814,0.0,0.0,0.0,0.0,0.0,0.0,0.0,0.0,0.0,0.0,0.0,0.0,0.0,0.0,2.6041458,3.138112,0.0,0.0,0.0,0.0,0.0,1.8581467,0.0,0.0,0.0,0.0,0.0,0.0,0.0,0.0,0.0,0.0,0.0,0.0,0.0,0.0,0.0,4.988362,3.657334,0.0
0.0,0.0,0.0,0.3699418,0.0,0.0,0.0,0.0,1.5818084,0.0,1.2821182,0.0,0.0,0.0,0.0,0.0,0.0,0.0,0.0,0.0,0.0,0.0,0.0,3.9772215,0.5137714,0.0,0.0,0.0,0.0,2.2976193,0.0,0.0,0.0,0.0,0.0,0.0,1.8091238,0.0,4.9202714,0.0,0.0,0.0,0.0,0.0,0.0,0.0,0.0,0.0,0.0,0.0,0.0,0.011608427,0.0,0.0,0.0,0.0,0.0,0.0,0.0,0.0,0.0,0.0,0.0,0.0,0.0,0.0,0.0,0.0,0.0,0.0,0.0,0.0,0.0,0.0,0.0,0.0,1.1136991,0.0,0.0,0.0,0.0,0.0,0.0,0.0,4.8674808,0.0,0.0,0.0,0.0,0.0,3.1889153,0.0,5.29053,0.0,0.0,0.0,3.5606933,0.0,0.0,0.0,0.0,0.0,0.0,0.0,0.0,0.0,2.3697927,2.113586,0.0,0.0,0.0,0.0,5.5684476,0.0,0.0,0.0,0.0,0.0,0.0,1.5946305,0.0,0.0,8.014564,0.0,0.0,0.0,0.28246507,0.0
0.0,0.0,0.0,0.6629047,0.0,0.0,0.0,0.0,4.1604567,0.0,2.5347478,0.0,0.0,0.0,0.0,0.0,0.0,0.0,0.0,0.0,0.0,0.0,0.0,0.4030801,0.0,0.0,0.0,0.0,0.0,3.6325083,8.800427,0.0,0.0,0.0,0.0,0.0,0.0,0.0,0.0,5.3711796,0.0,0.0,0.0,0.0,0.0,0.0,0.0,0.0,7.177799,0.0,0.0,1.6098,0.0,0.0,0.0,0.0,0.0,0.0,0.0,0.0,0.0,0.0,0.0,0.0,0.0,0.0,0.0,0.0,0.0,0.0,0.0,0.0,0.0,0.0,0.0,5.449476,0.0,0.0,0.0,0.0,0.13064961,0.0,0.0,0.0,6.888759,0.0,0.0,0.0,0.0,0.0,0.0,0.73715824,0.0,0.0,0.0,0.0,11.403044,0.0,0.0,0.0,0.0,0.0,0.0,0.0,8.388784,2.0157824,0.0,4.2711535,0.0,0.0,0.0,0.0,0.0,0.0,0.0,0.0,0.0,0.0,0.0,0.0,0.0,0.0,2.1079662,0.0,0.0,0.0,0.0,0.0
0.0,0.0,0.0,1.5987611,0.0,0.0,0.0,0.0,0.14293289,0.0,2.9688668,0.0,0.0,0.0,0.0,0.0,0.0,0.0,0.0,0.0,0.0,0.0,0.0,1.352548,1.0162961,0.0,0.0,0.0,0.0,3.4951084,4.5687,0.0,0.0,0.0,0.0,0.0,0.14305037,0.0,0.0,5.939805,0.0,0.0,0.0,0.0,0.11657428,0.0,0.0,0.0,3.5605912,0.0,0.0,3.8106332,0.0,0.0,0.0,1.2897696,0.0,0.0,0.0,0.0,0.0,0.0,0.0,0.0,0.0,0.0,0.0,0.0,0.0,0.0,0.0,0.0,0.0,0.0,0.0,3.8101113,0.0,0.0,0.0,0.0,0.0,0.0,0.0,0.0,5.1189137,0.0,0.0,0.0,0.0,0.0,0.0,0.0,0.0,0.0,0.0,0.0,6.296899,0.0,0.0,0.0,0.0,0.0,0.0,0.0,4.5445347,2.6455595,0.0,6.5841722,0.0,0.0,0.0,0.0,5.384903,0.0,0.0,0.0,0.25517642,0.0,0.0,0.0,0.0,0.0,0.0,0.0,0.0,0.0,0.0,0.0
0.0,0.0,0.0,0.0,0.0,0.0,0.7105885,0.0,0.0,0.0,0.0,0.0,1.4425837,2.8117354,0.0,0.0,0.7101629,0.0,0.0,0.0,0.0,2.3913054,0.0,1.0176803,0.0,0.0,0.0,0.0,0.0,0.0,0.0,0.0,0.0,0.0,0.0,0.0,0.0,0.0,4.268493,0.0,0.0,0.0,0.0,0.0,0.0,0.0,0.0,0.0,0.0,0.0,0.0,0.0,0.0,0.0,0.0,0.0,0.0,0.0,0.0,0.0,0.0,0.0,0.0,0.0,0.0,0.0,0.0,0.0,0.9747063,0.0,0.0,0.0,0.0,0.0,0.0,0.0,4.1535196,0.0,0.0,0.0,0.0,0.0,0.0,0.0,0.0,0.0,0.0,4.997459,0.0,1.6787627,0.0,0.0,0.0,0.0,0.0,0.0,0.0,0.0,0.0,0.0,0.0,0.0,3.756489,2.9322233,0.0,0.0,0.0,0.0,0.0,3.5327508,0.0,0.0,0.0,0.0,0.0,0.0,0.0,0.0,0.0,0.0,0.0,0.0,0.0,0.0,0.0,7.169552,3.7122664,0.0
0.0,0.0,0.02925553,0.0,0.0,0.0,0.0,3.0810993,0.0,0.0,0.12520218,0.0,2.719856,0.0,0.0,0.0,0.0,0.0,0.0,0.0,0.0,0.0,0.0,1.8745086,2.5301878,0.0,0.0,0.0,0.0,0.0,0.0,0.0,0.0,0.0,0.0,4.8391094,0.0,0.0,0.0,1.4015411,0.0,0.0,0.0,0.0,0.0,0.0,1.6980664,5.8890476,0.0,0.0,0.0,0.0,0.0,0.0,0.0,0.0,0.0,0.0,0.0,0.0,0.0,0.0,0.0,0.0,0.0,0.0,0.0,0.0,0.0,0.0,0.0,0.0,0.0,0.0,0.0,3.3743322,0.0,0.0,0.0,0.0,4.543113,0.0,0.0,0.0,0.3243714,0.0,0.0,0.0,0.0,0.0,0.0,0.0,2.020953,0.0,0.0,0.0,6.366926,0.0,0.0,0.0,0.0,0.0,0.39182806,0.0,2.7381966,0.0,0.65525573,0.0,0.0,0.0,0.0,0.0,0.071392626,0.0,0.0,0.0,1.6575444,0.0,0.0,0.0,0.0,0.0,1.978549,0.0,0.0,0.0,0.0,0.0
5.1047497,0.0,0.57044244,2.6350186,0.0,0.0,0.0,0.0,0.0,0.0,4.014971,0.0,3.2393508,0.0,0.0,0.0,0.0,0.0,0.0,0.0,0.0,0.0,0.0,1.9443276,0.0,0.0,0.0,0.0,0.0,0.0,1.6657373,0.0,0.0,0.0,0.0,0.0,0.0,0.0,0.0,0.0,0.0,0.0,0.0,0.0,2.158993,0.0,3.6450467,0.0,0.0,0.0,0.0,0.0,0.0,0.0,0.0,0.0,0.0,0.0,0.0,0.0,0.0,0.0,0.0,0.0,0.0,0.0,0.0,0.0,1.7142581,0.0,0.0,0.0,0.0,0.0,0.0,0.0,5.619949,0.0,0.0,0.0,0.7330912,0.0,0.0,0.0,0.0,0.0,0.0,0.0,0.0,0.0,0.0,0.0,0.0,0.0,0.0,0.0,0.0,0.0,0.0,0.0,0.0,0.0,0.20895547,0.0,0.0,0.0,0.0,0.5541991,3.7557988,0.0,0.0,0.0,0.0,0.0,0.0,7.0956855,0.0,0.0,0.0,0.0,0.0,0.0,0.0,0.0,0.0,5.6741242,0.0,0.0
0.0,0.0,0.0,0.0,0.0,0.0,2.2574637,0.0,0.0,0.0,0.0,0.0,2.1282299,0.0,0.0,0.0,0.0,0.0,0.0,0.0,0.0,0.0,0.0,3.3177555,0.0,0.0,0.0,0.0,0.0,0.0,0.0,0.0,2.7947352,0.0,0.0,0.0,0.0,0.0,0.65349334,0.0,0.0,0.0,0.0,0.0,0.0,0.0,0.0,0.0,0.0,0.0,0.0,0.0,0.0,0.0,0.0,0.0,0.0,0.0,0.0,0.0,0.0,0.0,0.0,0.0,0.0,0.0,0.0,0.0,6.168066,0.0,0.0,0.0,0.0,0.0,0.0,0.0,0.0,0.0,0.0,0.0,0.0,0.0,0.0,0.0,0.0,0.0,0.0,0.0,0.0,0.0,0.0,0.0,0.0,0.0,0.0,0.0,0.0,0.0,0.0,0.0,0.0,0.0,2.9922116,0.3259951,0.0,0.0,0.0,0.0,0.0,0.1654082,0.0,0.0,0.0,0.0,0.0,0.12186363,0.0,0.0,0.0,0.0,0.0,0.0,0.0,0.0,0.0,3.2546327,3.7427354,0.0
0.0,0.0,0.0,0.0,0.0,0.0,8.260539,0.0,0.0,0.0,0.0,0.0,0.0,0.0,0.0,0.0,0.0,0.0,0.0,0.0,0.0,0.4989804,0.0,0.0,0.0,0.0,0.0,0.0,0.0,3.5889807,1.6047825,0.0,0.0,0.0,0.0,0.0,4.1072373,0.0,0.0,0.0,0.0,0.0,0.78279585,0.0,0.0,0.0,0.0,0.0,5.7870092,0.0,0.0,1.9073106,0.0,0.0,0.0,0.0,0.0,0.0,0.0,0.35657504,0.0,0.0,0.0,0.0,0.0,0.0,0.0,0.0,0.0,0.0,0.0,0.0,0.0,0.0,0.0,0.0,0.0,0.0,0.0,0.0,0.0,0.0,0.0,0.0,5.6568933,0.0,0.0,0.0,0.0,0.0,0.0,0.59403306,0.0,0.0,0.0,0.0,0.0,0.0,0.0,0.0,0.0,0.0,0.0,5.7301764,0.0,1.1345878,0.0,2.389206,0.0,0.0,0.0,0.0,0.0,0.0,0.0,0.0,0.06655948,0.0,0.0,0.0,0.0,0.0,0.0,0.0,0.0,0.5243879,0.82760143,0.0
0.0,0.0,0.0,0.0,0.0,0.0,0.0,0.0,0.0,0.0,0.0,0.0,0.0,0.0,0.0,0.0,0.0,0.0,0.0,0.0,0.0,0.0,0.0,0.0,15.187806,0.0,5.280496,0.0,0.0,0.0,0.0,0.0,0.0,0.575199,0.0,5.1933084,0.0,0.0,0.0,16.509258,0.0,0.0,0.0,0.0,0.0,0.0,0.0,0.0,1.2707204,0.0,0.0,1.4573233,0.0,0.0,0.0,6.342106,0.0,0.0,0.0,0.0,0.0,0.0,0.0,0.0,0.0,0.0,0.0,0.0,0.0,0.0,0.0,0.0,0.0,0.0,0.0,0.3814388,0.0,0.0,0.0,0.0,4.2254567,0.0,0.0,0.0,10.35984,0.0,0.0,0.0,0.0,0.0,0.0,3.8346038,0.0,0.0,0.0,0.0,15.173136,0.0,0.0,0.0,0.0,0.0,2.2943168,0.0,6.0357566,0.0,0.0,0.33447167,0.0,0.0,0.0,0.0,3.0144317,0.0,0.0,0.0,0.0,0.0,0.0,0.0,0.0,0.0,4.651619,0.0,0.0,0.0,0.0,0.0
0.06829439,0.0,0.14714016,0.0,0.0,0.0,0.36897442,0.0,0.0,0.0,1.2686402,0.0,0.0,0.0,0.0,0.0,0.0,0.0,0.0,0.0,0.0,0.0,0.0,1.4832143,0.0,0.0,0.0,0.0,0.0,0.0,0.0,0.0,0.95130074,0.0,0.0,0.0,0.0,0.0,0.0,0.0,0.0,0.0,0.0,0.0,1.33904,0.0,0.0,0.0,0.0,0.0,0.0,0.0,0.0,0.0,0.0,0.0,0.0,0.0,0.0,0.0,0.0,0.0,0.0,0.0,0.0,0.0,0.0,0.0,2.014034,0.0,0.0,0.0,0.0,0.0,0.0,0.0,0.7329441,0.0,0.0,0.0,0.052452154,0.0,0.0,0.0,0.0,0.0,0.0,0.0,0.0,0.0,0.0,0.0,0.0,0.0,0.0,0.0,0.0,0.0,0.0,0.0,0.0,0.0,1.0223248,0.0,0.0,0.0,0.0,0.0,0.0,0.0,0.0,0.0,0.15320681,0.0,0.0,1.0152406,0.0,0.0,0.0,0.0,0.0,0.0,0.0,0.0,0.0,1.068373,0.6378428,0.0
1.037761,0.0,0.0,0.0,0.0,2.1749198,3.9544532,0.0,0.0,0.0,0.0,0.0,1.6784618,0.0,0.0,0.0,0.0,0.0,0.0,0.0,0.0,3.5825658,0.0,0.0,0.0,0.0,0.0,0.0,0.0,0.093833596,0.0,0.0,0.0,0.0,0.0,0.0,1.0745459,0.0,2.5330584,0.0,0.0,0.0,0.0,0.0,0.0,0.0,0.0,0.0,0.7699101,0.0,0.0,2.8686805,0.0,0.0,0.0,0.0,0.0,0.0,0.0,0.0,0.0,0.0,0.0,0.0,0.0,0.0,0.0,0.0,0.0,0.0,0.0,0.3041983,0.0,0.0,0.0,0.0,3.01215,0.0,0.0,0.0,0.0,0.0,0.0,0.0,1.6349969,0.0,0.0,0.29866496,0.0,0.0,0.0,0.0,0.0,0.0,0.0,0.0,0.0,0.0,0.0,0.0,0.0,0.0,0.74377674,4.347232,0.0,0.0,0.0,0.0,0.0,2.4557488,0.0,0.0,0.0,0.0,0.0,0.0,0.0,0.0,0.0,0.0,0.0,0.0,0.0,0.0,0.0,7.4467425,3.8238196,0.0
3.2455442,0.0,2.75744,0.0,0.0,0.0,0.0,0.0,0.0,0.0,7.0880027,0.0,0.0,1.4392627,0.0,0.0,0.0,0.0,0.0,0.0,0.09088406,0.0,0.0,0.0,6.1667404,0.0,0.17847997,0.0,0.0,0.0,3.1291344,0.0,0.0,0.0,0.0,0.0,0.0,0.0,0.0,2.1509838,0.0,0.0,0.0,0.0,1.0292026,0.0,5.393005,4.904475,5.4269385,0.0,0.0,0.0,0.0,0.0,0.0,0.0,0.97256577,0.0,0.0,0.0,0.0,0.0,0.0,0.0,0.0,0.0,0.0,0.0,0.0,0.0,0.0,0.0,0.0,0.0,0.0,0.0,0.0,0.0,0.0,0.0,0.0,0.0,0.0,0.0,0.0,0.0,0.0,0.0,3.8102655,0.0,0.0,0.31077185,0.0,0.0,0.0,4.3996596,1.1521684,0.0,0.0,0.0,0.0,0.0,0.0,0.0,0.34812814,0.0,0.0,0.12514155,0.0,0.0,1.6395963,0.0,0.0,0.0,0.0,9.209833,2.3354478,0.0,0.0,0.0,0.0,0.0,0.0,2.315772,0.0,0.0,0.0,0.0
0.0,0.0,0.0,0.0,0.0,0.0,9.940941,0.0,0.0,0.0,10.490228,0.0,0.0,0.0,0.0,0.0,0.0,0.0,0.0,0.0,0.0,0.0,0.0,0.0,4.781428,0.0,0.5769858,0.0,0.0,3.3650222,0.0,0.0,0.0,0.0,0.0,0.0,0.1223906,1.1133327,0.0,9.710066,0.0,0.0,0.0,0.0,0.0,0.0,0.0,0.0,4.9583187,0.0,0.0,8.567404,0.0,0.0,0.0,4.7506094,0.0,0.0,0.0,0.0,0.0,0.0,0.0,0.0,0.0,0.0,0.0,0.0,0.0,0.0,0.0,0.0,0.0,0.0,0.0,0.0,0.0,0.0,0.0,0.0,0.0,0.0,0.0,0.0,11.252157,0.0,0.0,0.0,0.0,0.0,0.0,0.0,0.0,0.0,0.0,0.0,10.506327,0.0,0.0,0.0,0.0,0.0,0.0,0.0,2.9502654,4.734643,0.0,9.700728,0.0,0.0,0.0,0.0,5.117811,0.0,0.0,0.0,3.9999852,0.0,0.0,0.0,0.0,0.0,6.7580657,0.0,0.0,0.0,2.082739,0.0
0.0,0.0,0.0,0.0,0.0,0.0,0.094017245,0.0,0.0,0.0,0.0,0.0,1.7182236,0.0,0.0,0.0,0.0,0.0,0.0,0.0,0.0,0.0,0.0,4.2126656,0.0,0.0,0.0,0.0,0.0,0.0,0.0,0.0,2.5360665,0.0,0.0,0.0,0.0,0.0,0.51847553,0.0,0.0,0.0,0.0,0.0,0.0,0.0,0.0,0.0,0.0,0.0,0.0,0.0,0.0,0.0,0.0,0.0,0.0,0.0,0.0,0.0,0.0,0.0,0.0,0.0,0.0,0.0,0.0,0.0,4.0453963,0.0,0.0,0.0,0.0,0.0,0.0,0.0,1.3813716,0.0,0.0,0.0,0.025860496,0.0,0.0,0.0,0.0,0.0,0.0,0.0,0.0,0.0,0.0,0.0,0.0,0.0,0.0,0.0,0.0,0.0,0.0,0.0,0.0,0.0,1.317049,0.0,0.0,0.0,0.0,0.0,0.0,0.4321344,0.0,0.0,0.0,0.0,0.0,0.80820465,0.0,0.0,0.0,0.0,0.0,0.0,0.0,0.0,0.0,3.4457445,3.143908,0.0
0.0,0.0,1.6698802,0.0,0.0,0.0,0.0,0.0,0.0,0.0,0.0,0.0,0.0,3.1625912,0.0,0.0,0.0,0.0,0.0,1.6825944,0.0,0.0,0.0,7.8756714,0.0,0.0,0.0,0.0,0.0,0.0,0.0,0.0,5.706595,0.0,0.0,0.0,0.0,0.0,0.19438003,0.0,0.0,0.0,0.0,0.0,0.0,0.0,0.0,0.0,0.0,0.0,0.0,0.0,0.0,0.0,0.0,0.0,0.0,0.0,0.0,0.0,0.0,0.0,0.0,0.0,0.0,0.0,0.0,0.0,0.16373825,0.0,0.0,0.0,0.0,0.0,0.0,0.0,5.5018907,0.0,0.0,0.0,8.495575,0.0,0.0,0.0,0.0,0.0,0.0,0.0,0.0,0.0,0.0,0.0,0.0,0.0,1.3117986,0.0,0.0,0.0,0.0,0.0,0.0,0.0,3.7575815,0.0,0.0,0.0,0.0,0.0,6.163211,0.0,0.0,0.0,0.0,0.0,0.0,0.0,0.0,0.0,0.0,0.0,0.0,0.0,0.0,0.0,0.0,6.8188605,0.0,0.0
0.0,0.0,0.0,0.0,0.0,0.0,4.768703,0.0,0.0,0.0,6.7683754,0.0,0.0,0.0,0.0,0.0,0.0,0.0,0.0,0.0,0.0,0.0,0.0,0.0,5.5107527,0.0,1.9953748,0.0,0.0,5.2972255,0.0,0.0,0.0,0.3778732,0.0,0.0,0.0,0.0,0.0,4.091571,0.0,0.0,0.0,0.0,0.0,0.0,0.0,0.0,1.92509,0.0,0.0,5.608638,0.0,0.0,0.0,6.425976,0.0,0.0,0.0,0.0,0.0,0.0,0.0,0.0,0.0,0.0,0.0,0.0,0.0,0.0,0.0,0.0,0.0,0.0,0.0,0.0,0.0,0.0,0.0,0.0,0.0,0.0,0.0,0.0,12.182394,0.0,0.0,0.0,0.0,0.0,0.0,0.0,2.4626157,0.0,0.0,0.0,11.659495,0.0,0.0,0.0,0.0,0.0,0.0,0.0,5.024977,0.0,0.0,3.8610997,0.0,0.0,0.0,0.0,5.878595,0.0,0.0,0.0,0.0,0.0,0.0,0.0,0.0,0.0,11.273781,0.0,0.0,0.0,0.0,0.0
0.0,0.0,7.0530176,1.7529565,0.0,0.0,0.0,0.0,0.851801,0.0,6.021062,0.0,0.0,0.0,0.0,0.0,0.0,0.0,0.0,0.0,0.0,0.0,0.0,7.579805,0.0,0.0,0.0,0.0,0.0,0.0,0.0,0.0,4.1010275,0.0,0.0,0.0,0.0,0.0,0.0,0.0,0.0,0.0,0.0,0.0,1.4997215,0.0,0.4284302,1.8927988,0.0,0.0,0.0,0.0,0.0,0.0,0.0,0.0,0.0,0.0,0.0,0.0,0.0,0.0,0.0,0.0,0.0,0.0,0.0,0.0,4.7719097,0.0,0.0,0.0,0.0,0.0,0.0,0.0,8.968365,0.0,0.0,0.0,7.7399583,0.0,0.0,0.0,0.0,0.0,0.0,0.0,0.0,0.0,0.0,0.0,0.0,0.0,2.8804846,0.0,0.0,0.0,0.0,0.0,0.0,0.0,0.0,0.0,0.0,0.0,0.0,0.0,2.2997046,0.0,0.0,0.0,0.0,0.0,0.0,6.4960227,0.0,0.0,0.0,0.0,0.0,0.0,0.0,0.0,0.0,5.165434,0.0,0.0
1.5505925,0.0,0.0,0.0,0.0,0.0,10.837893,0.0,0.0,0.0,6.2280364,0.0,0.0,0.0,0.0,0.0,0.0,0.0,0.0,0.0,0.0,0.0,0.0,0.0,0.7277362,0.0,0.0,0.0,0.0,0.0,0.0,0.0,0.96157646,0.0,0.0,0.0,0.0,0.0,0.0,0.0,0.0,0.0,0.0,0.0,0.0,0.0,0.0,0.0,0.0,0.0,0.0,0.0,0.0,0.0,0.0,0.0,0.0,0.0,0.0,0.0,0.0,0.0,0.0,0.0,0.0,0.0,0.0,0.0,4.549314,0.0,0.0,0.0,0.0,0.0,0.0,0.0,0.0,0.0,0.0,0.0,0.0,0.0,0.0,0.0,0.0,0.0,0.0,0.0,0.0,0.0,0.0,0.0,3.278155,0.0,0.0,0.0,0.0,0.0,0.0,0.0,0.0,0.0,17.53974,1.7450238,0.0,0.0,0.0,0.0,0.0,0.0,0.0,0.0,0.0,0.0,0.0,1.4394662,0.0,0.0,0.0,0.0,0.0,0.0,0.0,0.0,0.0,7.250187,4.7121363,0.0
2.616658,0.0,6.8369555,0.0,0.0,0.0,0.0,0.0,0.0,0.0,6.6989264,0.0,0.7599829,5.4291234,0.0,0.0,0.0,1.0343924,0.0,0.0,0.7330332,0.0,0.0,0.0,2.99518,0.0,0.0,0.0,0.0,0.0,3.0602546,0.0,0.0,0.0,0.0,0.0,0.0,0.0,0.0,0.0,0.0,0.0,0.0,0.0,0.0,0.0,4.9956536,11.378376,0.0,0.0,0.0,0.0,0.0,0.0,0.0,0.0,0.0,0.0,0.0,0.0,0.0,0.0,0.0,0.0,0.0,3.6193094,0.0,0.0,1.1645176,0.0,0.0,0.0,0.0,0.0,0.0,0.0,0.0,0.0,0.0,0.0,1.487939,0.0,0.0,0.0,0.0,0.0,0.0,2.689407,10.8883505,0.0,0.0,0.029411517,0.0,0.0,0.0,5.3432436,0.0,0.0,0.0,0.0,0.0,0.0,1.6518147,0.0,0.0,0.0,0.0,0.0,0.0,0.0,4.724887,0.0,0.0,0.0,0.0,9.868736,4.155648,0.0,0.0,0.0,0.0,0.0,0.0,5.862531,0.0,0.0,0.0,0.0
0.0,0.0,0.0,0.0,0.0,2.3559618,2.7335753,0.0,0.0,0.0,0.63776666,0.0,0.0,0.0,0.0,0.0,0.0,0.0,0.0,0.0,0.0,0.0,0.0,0.0,0.76790243,0.0,0.0,0.0,0.0,0.0,0.47580156,0.0,0.0,0.0,0.0,0.0,0.0,0.0540053,0.0,0.039278477,0.0,0.0,0.0,0.0,0.0060471185,0.0,0.0,0.0,0.0,0.8642105,0.0,2.7696567,0.0,0.0,0.0,0.0,0.0,0.0,0.0,0.0,0.0,0.0,0.0,0.0,0.0,0.0,0.0,0.0,0.62026,0.0,0.0,1.1640278,0.0,0.0,0.0,0.0,0.7164599,0.0,0.0,0.0,0.0,0.56510895,0.0,0.0,1.8158181,0.0,0.0,0.0,0.0,0.0,0.0,0.0,3.4715738,0.0,0.0,0.0,0.018320039,0.0,0.0,0.0,0.0,0.0,3.1727831,0.0,0.7704838,0.0,1.2712591,3.3703427,0.0,0.0,0.0,0.0,1.9368834,0.0,0.0,2.5221457,0.0,0.0,0.0,0.0,0.0,0.0,1.1347605,0.0,0.0,1.2298625,0.0,0.0
0.0,0.0,0.0,0.0,0.0,0.0,9.975703,0.0,0.0,0.0,6.885982,0.0,0.0,0.0,0.0,0.0,0.0,0.0,0.0,0.0,0.0,0.0,0.0,0.0,7.440241,0.0,0.0,0.0,0.0,2.1693008,0.0,0.0,0.0,0.0,0.0,0.0,0.0,0.35181552,0.0,11.503202,0.0,0.0,0.0,0.0,0.0,0.0,0.0,0.0,4.6363797,0.0,0.0,9.469173,0.0,0.0,0.0,2.687165,0.0,0.0,0.0,0.0,0.0,0.0,0.0,0.0,0.0,0.0,0.0,0.0,0.0,0.0,0.0,0.0,0.0,0.0,0.0,0.0,0.0,0.0,0.0,0.0,0.0,0.0,0.0,0.0,10.360525,0.0,0.0,0.0,0.0,0.0,0.0,0.0,0.0,0.0,0.0,0.0,8.262769,0.0,0.0,0.0,0.0,0.0,0.0,0.0,2.1941645,0.8165358,0.0,12.605587,0.0,0.0,0.0,0.0,5.169567,0.0,0.0,3.9537506,3.5537093,0.0,0.0,0.0,0.0,0.0,3.7510002,0.0,0.0,0.0,0.7584354,0.0
0.0,0.0,0.0,0.0,0.0,0.0,1.9566033,0.0,0.0,0.0,0.0,0.0,2.5578868,0.0,0.0,0.0,0.24136162,0.0,0.0,0.0,0.0,0.0,0.0,10.654461,0.0,0.0,0.0,0.0,0.0,0.0,0.0,0.0,3.0275905,0.0,0.0,0.0,0.0,0.0,0.0,0.0,0.0,0.0,0.0,0.0,0.0,0.0,0.0,0.0,0.0,0.0,0.0,0.0,0.0,0.0,0.0,0.0,0.0,0.0,0.0,0.0,0.0,0.0,0.0,0.0,0.0,0.0,0.0,0.0,8.333138,0.0,0.0,0.0,0.0,0.0,0.0,0.0,0.0,0.0,0.0,0.0,0.6910179,0.0,0.0,0.0,0.0,0.0,0.0,0.0,0.0,0.0,0.0,0.0,0.0,0.0,0.0,0.0,0.0,0.0,0.0,0.0,0.0,0.0,0.06237059,0.0,0.0,0.0,0.0,0.0,0.0,2.985699,0.0,0.0,2.1693125,0.0,0.0,0.0,0.0,0.0,0.0,0.0,0.0,0.0,0.0,0.0,0.0,7.5184946,5.4743676,0.0
0.0,0.0,0.0,0.0,0.0,0.0,6.0863075,0.0,0.0,0.0,0.0,0.0,0.0,0.0,0.0,0.0,0.0,0.0,0.0,0.0,0.0,0.0,0.0,0.0,6.013429,0.0,0.0,0.0,0.0,0.0,0.0,0.0,0.0,1.2347289,0.0,1.7364211,0.0,0.0,0.0,4.6648736,0.0,0.0,0.0,0.0,0.0,0.0,0.0,0.0,0.0,0.0,0.0,5.294352,0.0,0.0,0.0,0.43344757,0.0,0.0,0.0,0.0,0.0,0.0,0.0,0.0,0.0,0.0,0.0,0.0,0.0,0.0,0.0,0.0,0.0,0.0,0.0,0.0,0.0,0.0,0.0,0.0,0.0,0.0,0.0,0.0,13.712143,0.0,0.0,0.0,0.0,0.0,0.0,0.0,9.000419,0.0,0.0,0.0,6.6287823,0.0,0.0,0.0,0.0,0.0,3.2733142,0.0,5.8309603,0.0,0.9567515,9.913816,0.0,0.0,0.0,0.0,4.300041,0.0,0.0,0.0,0.0,0.0,0.0,0.0,0.0,0.0,5.449197,0.0,0.0,0.0,0.0,0.0
0.0,0.0,0.0,0.0,0.0,0.0,0.0,0.0,12.381586,0.0,4.667503,0.0,0.0,0.0,0.0,0.0,3.8672981,0.0,0.0,0.0,0.0,0.0,0.0,5.3995085,4.480454,0.0,0.0,0.0,0.0,1.2649425,0.0,0.0,0.0,0.0,0.0,4.293566,0.0,0.0,0.0,2.6667397,0.0,0.0,0.0,0.0,0.0,0.0,0.0,6.465766,0.0,0.0,0.0,0.0,0.0,0.0,0.0,6.797224,0.0,0.0,0.0,0.0,0.0,0.0,0.0,0.0,0.0,0.0,0.0,0.10135898,0.0,0.0,0.0,0.0,0.0,0.0,0.0,8.421524,0.0,0.0,0.0,0.0,0.0,0.0,0.0,0.0,9.3045435,0.0,0.0,0.0,0.0,0.0,0.0,0.0,1.3802801,0.0,0.0,0.0,6.9484725,0.0,0.0,0.0,0.0,0.0,0.0,0.0,10.414382,0.0,4.7050734,0.0,0.0,0.0,0.0,0.0,2.8242495,0.0,0.0,0.0,5.9562945,0.0,0.0,0.0,0.0,0.0,6.9348516,0.0,0.0,0.0,0.0,0.0
0.0,0.0,0.0,0.0,0.0,0.0,14.477012,0.0,0.0,0.0,13.033005,0.0,0.0,0.0,0.0,0.0,0.0,0.0,0.0,0.0,0.0,0.0,0.0,0.0,10.800692,0.0,1.2061577,0.0,0.0,0.8516321,0.0,0.0,0.0,2.8695288,0.0,0.0,0.0,0.0,0.0,12.681533,0.0,0.0,0.0,0.0,0.0,0.0,0.0,0.0,4.2516212,0.0,0.0,7.8437223,0.0,0.0,0.0,7.8024564,0.0,0.0,0.0,0.0,0.0,0.0,0.0,0.0,0.0,0.0,0.0,0.0,0.0,0.0,0.0,0.0,0.0,0.0,0.0,0.0,0.0,0.0,0.0,0.0,0.0,0.0,0.0,0.0,16.327345,0.0,0.0,0.0,0.0,0.0,0.0,0.0,0.0,0.0,0.0,0.0,14.038813,0.0,0.0,0.0,0.0,0.0,0.0,0.0,5.2022095,0.0,0.0,5.5936046,0.0,0.0,0.0,0.0,3.000719,0.0,0.0,0.0,3.9258275,0.0,0.0,0.0,0.0,0.0,13.321235,0.0,0.0,0.0,0.0,0.0
0.0,0.0,0.0,0.0,0.0,0.0,0.0,0.0,1.9420528,0.0,0.0,0.0,0.8711971,0.0,0.0,0.0,0.0,0.0,0.0,0.0,0.0,0.0,0.0,4.1203914,4.9222107,0.0,0.0,0.0,0.0,5.575037,0.0,0.0,0.0,0.0,0.0,3.9466944,0.0,0.0,0.0,3.217009,0.0,0.0,0.0,0.0,0.0,0.0,0.2037673,0.0,0.0,0.0,0.0,0.0,0.0,0.0,0.0,0.0,0.0,0.0,0.0,0.0,0.0,0.0,0.0,0.0,0.0,0.0,0.0,0.0,0.0,0.0,0.0,0.0,0.0,0.0,0.0,6.1944046,0.12869567,0.0,0.0,0.0,5.0651836,0.0,0.0,0.0,11.227833,0.0,0.0,0.0,0.0,0.0,0.0,0.0,3.7648358,0.0,0.0,0.0,14.013467,0.0,0.0,0.0,0.0,0.0,0.0,0.0,4.850608,0.0,0.0,2.935677,0.0,0.0,0.0,0.0,7.175926,0.0,0.0,0.0,0.77530265,0.0,0.0,0.0,0.0,0.0,3.7988617,0.0,0.0,0.0,0.0,0.0
0.0,0.0,6.409406,0.0,0.0,0.0,0.0,0.0,0.0,0.0,0.0,0.0,0.0,7.5508595,0.0,0.0,0.0,0.0,0.0,8.929957,0.0,0.0,0.0,0.0,0.0,0.0,0.0,0.0,0.0,0.0,0.0,0.0,9.841439,0.0,0.0,0.0,0.0,0.0,16.390564,0.0,0.0,0.0,0.0,0.0,0.0,0.0,0.0,0.0,0.0,0.0,0.0,0.0,0.0,0.0,0.0,0.0,0.0,0.0,0.0,0.0,0.0,0.0,0.0,0.0,0.0,0.0,0.0,0.0,0.0,0.0,0.0,0.0,0.0,0.0,0.0,0.0,6.4963865,0.0,0.0,0.0,5.6990933,0.0,0.0,0.0,0.0,0.0,0.0,6.778422,0.0,0.0,0.0,0.0,0.0,0.0,1.9684353,0.0,0.0,0.0,0.0,0.0,0.0,0.0,0.0,3.40926,0.0,0.0,0.0,0.0,3.761525,0.0,0.0,0.0,0.0,0.0,0.0,0.0,0.0,0.0,0.0,0.0,0.0,0.0,0.0,0.0,0.0,18.300371,0.0,0.0
0.0,0.0,0.0,0.0,0.0,2.1326482,10.688008,0.0,0.0,0.0,9.920797,0.0,0.0,0.0,0.0,0.0,0.0,0.0,0.0,0.0,0.0,0.0,0.0,0.0,4.8441296,0.0,0.0,0.0,0.0,0.0,0.0,0.0,0.0,1.9223431,0.0,0.0,0.0,0.46773738,0.0,7.8784075,0.0,0.0,0.0,0.0,0.0,0.0,0.0,0.8774871,0.0,0.0,0.0,8.821936,0.0,0.0,0.0,0.0,0.0,0.0,0.0,0.0,0.0,0.0,0.0,0.0,0.0,0.0,0.0,0.0,0.0,0.0,0.0,0.0,0.0,0.0,0.0,0.0,0.011659738,0.0,0.0,0.0,0.0,0.0,0.0,0.0,6.6588173,0.0,0.0,0.0,0.0,0.0,0.0,0.0,0.0,0.0,0.0,0.0,5.341152,0.0,0.0,0.0,0.0,0.0,4.5340834,0.0,0.55698156,0.0,1.1356877,5.082199,0.0,0.0,0.0,0.0,1.5145911,0.0,0.0,6.800283,1.3397136,0.0,0.0,0.0,0.0,0.0,4.710829,0.0,0.0,0.0,1.5840144,0.0
0.0,0.0,0.0,0.0,0.0,0.0,1.136263,0.0,0.0,0.0,0.0,0.0,3.2492192,0.0,0.0,0.0,0.19078532,0.0,0.0,0.0,0.0,0.0,0.0,5.7461786,0.0,0.0,0.0,0.0,0.0,0.0,0.0,0.0,2.8092303,0.0,0.0,0.0,0.0,0.0,1.184441,0.0,0.0,0.0,0.0,0.0,0.0,0.0,0.0,0.0,0.0,0.0,0.0,0.0,0.0,0.0,0.0,0.0,0.0,0.0,0.0,0.0,0.0,0.0,0.0,0.0,0.0,0.0,0.0,0.0,5.391771,0.0,0.0,0.0,0.0,0.0,0.0,0.0,1.535032,0.0,0.0,0.0,0.0,0.0,0.0,0.0,0.0,0.0,0.0,0.0,0.0,0.0,0.0,0.0,0.0,0.0,0.0,0.0,0.0,0.0,0.0,0.0,0.0,0.0,1.0959246,0.0,0.0,0.0,0.0,0.0,0.0,2.5220597,0.0,0.0,0.0,0.0,0.0,0.0,0.0,0.0,0.0,0.0,0.0,0.0,0.0,0.0,0.0,6.62819,5.011396,0.0
0.0,0.0,0.0,4.0625873,0.0,0.0,2.10322,0.0,0.0,0.0,3.9021482,0.0,0.0,0.0,0.0,0.0,0.0,0.0,0.0,0.0,0.0,0.0,0.0,1.4932843,0.0,0.0,0.0,0.0,0.0,0.42692408,11.226432,0.0,0.0,0.0,0.0,0.0,5.259806,0.0,0.0,0.0,0.0,0.0,0.0,0.0,0.0,0.0,0.0,0.0,0.0,0.0,0.0,7.2468476,0.0,0.0,0.0,0.0,0.0,0.0,0.0,0.0,0.0,0.0,0.0,0.0,0.0,0.0,0.0,0.0,0.0,0.0,0.0,5.564013,0.0,0.0,0.0,0.0,0.0,0.0,0.0,0.0,0.0,0.0,0.0,0.0,8.302747,0.0,0.0,0.0,0.0,0.0,0.0,0.0,11.104731,0.0,0.0,0.0,3.7475314,0.0,0.0,0.0,0.0,0.0,0.0,1.2024469,11.783097,2.482551,0.0,7.3892736,0.0,0.0,0.0,0.0,5.8554444,0.0,0.0,0.0,0.0,0.0,0.0,0.0,0.0,0.0,12.167201,0.0,0.0,0.0,0.0,0.0
0.0,0.0,0.0,0.0,0.0,0.0,0.0,2.3029692,0.9621761,0.0,0.99151856,0.0,0.0,0.0,0.0,0.0,0.0,0.0,0.0,0.0,0.0,0.0,0.0,4.3639393,3.7315218,0.0,0.0,0.0,0.0,0.0,0.0,0.0,0.0,0.0,0.0,5.2014275,0.0,0.0,0.0,3.162562,0.0,0.0,0.0,0.0,0.0,0.0,2.7794638,3.6508126,0.0,0.0,0.0,0.0,0.0,0.0,0.0,0.35993963,0.0,0.0,0.0,0.0,0.0,0.0,0.0,0.0,0.0,0.0,0.0,0.0,0.0,0.0,0.0,0.0,0.0,0.0,0.0,7.3997493,0.51063555,0.0,0.0,0.0,1.3545853,0.0,0.0,0.0,5.1378756,0.0,0.0,0.0,0.0,0.0,0.0,0.0,4.943826,0.0,0.0,0.0,5.4508166,0.0,0.0,0.0,0.0,0.0,0.0,0.0,7.119551,0.0,0.020620901,0.0,0.0,0.0,0.0,0.0,4.002561,0.0,0.0,0.0,3.3549483,0.0,0.0,0.0,0.0,0.0,3.4329474,0.0,0.0,0.0,0.0,0.0
1.2465119,0.0,0.0,0.0,0.0,0.14353825,4.2748294,0.0,0.0,0.0,0.0,0.0,2.3301945,2.0697916,0.0,0.0,0.0,0.0,0.0,0.0,0.0,2.0734587,0.0,0.0,0.0,0.0,0.0,0.0,0.0,0.0,0.0,0.0,0.29371592,0.0,0.0,0.0,0.0,0.0,4.8138814,0.0,0.0,0.0,0.0,0.0,0.0,0.0,0.0,0.0,0.0,0.0,0.0,0.0,0.0,0.0,0.0,0.0,0.0,0.0,0.0,0.0,0.0,0.0,0.0,0.0,0.0,0.0,0.0,0.0,3.06518,0.0,0.0,0.46094835,0.0,0.0,0.0,0.0,2.3295906,0.0,0.0,0.0,0.0,0.0,0.0,0.0,0.0,0.0,0.0,4.177862,0.0,0.8611992,0.0,0.0,0.0,0.0,0.0,0.0,0.0,0.0,0.0,0.0,0.0,0.0,3.693429,5.2692757,0.0,0.0,0.0,0.0,0.0,4.8161397,0.0,0.0,0.0,0.0,0.0,0.0,0.0,0.0,0.0,0.0,0.0,0.0,0.0,0.0,0.0,8.18423,4.917196,0.0
0.0,0.0,0.0,0.0,0.0,0.0,1.1211448,0.0,0.0,0.0,0.0,0.0,2.4710922,0.0,0.0,0.0,0.0,0.0,0.0,0.0,0.0,0.0,0.0,9.045493,0.0,0.0,0.0,0.0,0.0,0.0,0.0,0.0,4.599386,0.0,0.0,0.0,0.0,0.0,0.0,0.0,0.0,0.0,0.0,0.0,0.0,0.0,0.0,0.0,0.0,0.0,0.0,0.0,0.0,0.0,0.0,0.0,0.0,0.0,0.0,0.0,0.0,0.0,0.0,0.0,0.0,0.0,0.0,0.0,8.238522,0.0,0.0,0.0,0.0,0.0,0.0,0.0,0.43288517,0.0,0.0,0.0,0.47520775,0.0,0.0,0.0,0.0,0.0,0.0,0.0,0.0,0.0,0.0,0.0,0.0,0.0,0.0,0.0,0.0,0.0,0.0,0.0,0.0,0.0,2.570922,0.0,0.0,0.0,0.0,0.0,0.0,0.71816367,0.0,0.0,1.4368255,0.0,0.0,0.6505036,0.0,0.0,0.0,0.0,0.0,0.0,0.0,0.0,0.0,5.989809,5.45805,0.0
0.0,0.0,10.477248,0.0,0.0,0.0,0.0,0.0,0.0,0.0,0.0,0.0,5.779183,21.706858,0.0,0.0,0.0,0.0,0.0,0.0,0.0,0.0,0.0,8.926537,0.0,0.0,0.0,0.0,0.0,0.0,0.0,0.0,0.0,0.0,0.0,0.0,0.0,0.0,0.0,0.0,0.0,0.0,0.0,0.0,0.0,0.0,0.0,9.434313,0.0,0.0,0.0,0.0,0.0,0.0,0.0,0.0,0.0,9.905277,0.0,3.0106454,0.0,0.0,0.0,0.0,0.0,0.0,0.0,0.0,0.0,0.0,0.0,0.0,0.0,0.0,0.0,0.0,3.787752,0.0,0.0,0.0,0.0,0.0,0.0,0.0,0.0,0.0,0.0,5.905225,0.0,14.485288,0.0,0.0,0.0,0.0,0.0,0.0,0.0,0.0,0.0,0.0,0.0,0.0,12.583458,0.0,0.0,0.0,0.0,0.0,10.452014,0.0,0.0,0.0,0.0,0.0,0.0,0.0,2.090932,0.0,0.0,0.0,0.0,0.0,0.0,0.0,0.0,0.0,0.0,0.0
0.0,0.0,0.0,0.0,0.0,0.0,0.0,0.0,0.0,0.0,0.0,0.0,0.80840683,0.0,0.0,0.0,0.0,0.0,0.0,0.0,0.0,0.0,0.0,0.0,2.8305697,0.0,1.9654971,0.0,0.0,5.3190994,0.0,0.0,0.0,0.0,0.0,0.0,0.0,0.0,0.0,5.3195715,0.0,0.0,0.0,0.0,0.0,0.0,4.8198895,0.0,5.8548307,0.0,0.0,0.0,0.0,0.0,0.0,0.0,0.0,0.0,0.0,0.0,0.0,0.0,0.0,0.0,0.0,0.0,0.0,0.0,0.0,0.0,0.0,0.0,0.0,0.0,0.0,5.4531016,0.54333395,0.0,0.0,0.0,4.126213,0.0,0.0,0.0,3.7341592,0.0,0.0,1.3141818,0.0,0.0,0.0,0.0,0.0,0.0,0.0,0.0,6.555009,0.0,0.0,0.0,0.0,0.0,0.0,0.0,3.5610075,0.0,0.0,3.5249832,0.0,0.0,0.034740806,0.0,0.97055745,0.0,0.0,0.65364754,2.5019755,0.0,0.0,0.0,0.0,0.0,3.9470503,0.0,0.0,0.0,0.0,0.0
0.0,0.0,1.2905493,0.0,0.0,0.0,0.0,0.0,0.65739477,0.0,0.0,0.0,1.1646266,1.5066737,0.0,0.0,0.0,0.0,0.0,0.0,0.0,0.0,0.0,6.877519,0.0,0.0,0.0,0.0,0.0,0.0,0.0,0.0,7.103234,0.0,0.0,0.0,0.0,0.0,0.0,0.0,0.0,0.0,0.0,0.0,0.0,0.0,0.0,2.068512,0.0,0.0,0.0,0.0,0.0,0.0,0.0,0.0,0.0,0.0,0.0,0.0,0.0,0.0,0.0,0.0,0.0,0.0,0.0,0.0,0.8996674,0.0,0.0,0.0,0.0,0.0,0.0,0.0,0.34904015,0.0,0.0,0.0,4.9603457,0.0,0.0,0.0,0.0,0.0,0.0,1.1204727,0.0,0.0,0.0,0.0,0.0,0.0,6.3791285,0.0,0.283835,0.0,0.0,0.0,0.0,0.0,0.96055484,0.0,0.0,0.0,0.0,0.0,7.978606,0.0,0.0,0.0,0.0,0.0,0.0,0.85609573,0.0,0.0,0.0,0.0,0.0,0.0,0.0,0.0,0.0,3.7777658,0.0,0.0
0.0,0.0,0.0,0.0,0.0,0.0,4.545416,0.0,0.0,0.0,13.523175,0.0,0.0,0.0,0.0,0.0,0.0,0.0,0.0,0.0,0.0,0.0,0.0,0.0,4.1078405,0.0,0.10110854,0.0,0.0,0.0,4.664162,0.0,0.0,0.0,0.0,0.0,0.0,0.0,0.0,10.3426895,0.0,0.0,0.0,0.0,0.0,0.0,0.0,5.187275,5.9016128,0.0,0.0,4.315338,0.0,0.0,0.0,0.0,0.0,0.0,0.0,0.0,0.0,0.0,0.0,0.0,0.0,0.0,0.0,0.0,0.0,0.0,0.0,0.0,0.0,0.0,0.0,0.0,0.0,0.0,0.0,0.0,0.0,0.0,0.0,0.0,0.0,0.0,0.0,0.0,0.0,0.0,0.0,1.4022453,0.0,0.0,0.0,0.0,0.087457106,0.0,0.0,0.0,0.0,0.0,7.702985,0.0,2.5460293,2.3688076,0.0,0.0,0.0,0.0,0.0,0.0,0.0,0.0,0.0,2.1679003,0.0,0.0,0.0,0.0,0.0,0.0,3.7184527,0.0,0.0,0.0,0.0,0.0
0.0,0.0,0.0,0.0,0.0,0.0,0.6842235,0.0,0.0,0.0,1.61941,0.0,0.0,0.0,0.0,0.0,0.0,0.0,0.0,0.0,0.0,0.0,0.0,0.0,3.9552252,0.0,0.0,0.0,0.0,1.6412895,9.257384,0.0,0.0,0.0,0.0,0.0,0.0,0.0,0.0,7.4059725,0.0,0.0,0.0,0.0,0.0,0.0,0.0,0.0,3.4233625,0.0,0.0,5.410711,0.0,0.0,0.0,1.0477731,0.0,0.0,0.0,0.0,0.0,0.0,0.0,0.0,0.0,0.0,0.0,0.0,0.0,0.0,0.0,0.0,0.0,0.0,0.0,5.85332,0.0,0.0,0.0,0.0,0.0,0.0,0.0,0.0,11.367132,0.0,0.0,0.0,0.0,0.0,0.0,2.474698,0.0,0.0,0.0,0.0,9.210928,0.0,0.0,0.0,0.0,0.0,0.28886235,0.0,12.135933,1.1545122,0.0,7.5737715,0.0,0.0,0.0,0.0,3.5671167,0.0,0.0,0.0,0.0,0.0,0.0,0.0,0.0,0.0,2.4508812,0.0,0.0,0.0,0.0,0.0
0.0,0.0,0.0,0.0,0.0,0.0,1.2288145,0.0,0.37741342,0.0,2.1480725,0.0,0.0,0.0,0.0,0.0,0.0,0.0,0.0,0.0,0.0,0.0,0.0,1.4581327,0.7189396,0.0,0.0,0.0,0.0,0.3998792,0.0,0.0,0.0,0.0,0.0,0.0,1.5973461,0.0,0.0,0.81581086,0.0,0.0,0.0,0.0,0.0,0.0,0.0,0.0,0.0,0.0,0.0,1.6657959,0.0,0.0,0.0,0.0,0.0,0.0,0.0,0.0,0.0,0.0,0.0,0.0,0.0,0.0,0.0,0.0,0.0,0.0,0.0,0.0,0.0,0.0,0.0,1.2697762,0.0,0.0,0.0,0.0,0.0,0.0,0.0,0.0,6.123644,0.0,0.0,0.0,0.0,0.0,0.0,0.0,2.8744078,0.0,0.0,0.0,4.995128,0.0,0.0,0.0,0.0,0.0,0.0,0.0,3.6161184,0.10360323,0.0,1.9528304,0.0,0.0,0.0,0.0,1.7548862,0.0,0.0,0.0,1.8376933,0.0,0.0,0.0,0.0,0.0,3.9359536,0.0,0.0,0.0,0.0,0.0
0.0,0.0,0.0,0.0,0.0,0.0,0.0,0.0,0.0,0.0,0.9326161,0.0,0.0,0.0,0.0,0.0,0.0,0.0,0.0,0.0,0.0,0.0,0.0,0.0,6.030963,0.0,6.092359,0.0,0.0,1.2398198,3.8159513,0.0,0.0,0.0,0.0,0.011002606,0.0,0.0,0.0,11.834723,0.0,0.0,0.0,0.0,0.0,0.0,0.0,0.0,7.0212016,0.0,0.0,4.2572865,0.0,0.0,0.0,0.0,0.0,0.0,0.0,0.0,0.0,0.0,0.0,0.0,0.0,0.0,0.0,0.0,0.0,0.0,0.0,0.0,0.0,0.0,0.0,0.0,0.0,0.0,0.0,0.0,4.12022,0.0,0.0,0.0,4.13553,0.0,0.0,0.0,0.0,0.0,0.0,8.034842,0.0,0.0,0.0,0.0,7.464378,0.0,0.0,0.0,0.0,0.0,4.0794883,0.0,1.772061,0.0,0.0,3.3911004,0.0,0.0,0.0,0.0,1.6559232,0.0,0.0,1.3177588,0.0,0.0,0.0,0.0,0.0,0.0,2.1824071,0.0,0.0,0.0,0.0,0.0
0.0,0.0,0.0,0.0,0.0,0.0,4.3165073,0.0,0.0,0.0,0.0,0.0,1.8874036,0.0,0.0,0.0,0.31301787,0.0,0.0,0.0,0.0,2.2458131,0.0,1.2012916,0.0,0.0,0.0,0.0,0.0,0.027411629,0.0,0.0,0.0,0.0,0.0,0.0,1.7796063,0.0,1.6991655,0.0,0.0,0.0,0.0,0.0,0.0,0.0,0.0,0.0,0.0,0.0,0.0,0.0,0.0,0.0,0.0,0.0,0.0,0.0,0.0,0.0,0.0,0.0,0.0,0.0,0.0,0.0,0.0,0.0,1.4183074,0.0,0.0,2.0940413,0.0,0.0,0.0,0.0,0.67949075,0.0,0.0,0.0,0.0,0.0,0.0,0.0,1.1346017,0.0,0.0,1.9018155,0.0,0.0,0.0,0.0,0.0,0.0,0.0,0.0,0.0,0.0,0.0,0.0,0.0,0.0,0.12790988,3.246558,0.0,0.0,0.0,0.0,0.0,2.965784,0.0,0.0,0.0,0.0,0.0,0.0,0.0,0.0,0.0,0.27246508,0.0,0.0,0.08098187,0.0,0.0,4.93628,2.412483,0.0
0.0,0.0,0.0,7.5888596,0.0,0.0,0.0,0.0,12.348709,0.0,0.0,0.0,1.0879023,0.0,0.0,0.0,0.0,0.0,0.0,2.0746975,0.0,0.0,0.0,14.328916,0.0,0.0,0.0,0.0,0.0,10.655045,0.01925303,0.0,0.0,0.0,0.0,3.6358175,0.0,0.0,0.0,0.0,0.0,0.0,0.0,0.0,0.0,0.0,11.084787,0.0,0.0,0.0,0.0,0.0,0.0,0.0,0.0,0.0,0.0,0.0,0.0,4.594369,0.0,0.0,0.0,0.0,0.0,0.0,0.0,0.0,0.0,0.0,0.0,0.0,0.0,0.0,0.0,9.986102,8.379026,0.0,0.0,0.0,11.545131,0.0,0.0,0.0,6.5017576,0.0,0.0,0.0,0.0,0.0,0.0,0.0,0.0,0.0,0.0,0.0,10.482891,0.0,0.0,0.0,0.0,0.0,0.0,0.0,3.371307,0.0,0.0,0.0,0.0,0.0,0.0,0.0,10.403126,0.0,0.0,0.0,1.9657936,0.0,0.0,0.0,0.0,0.0,0.0,0.0,0.0,13.67618,0.0,0.0
0.0,0.0,2.0942378,0.0,0.0,0.0,0.0,0.0,0.0,0.0,0.0,0.0,10.723502,12.929032,0.0,0.0,0.0,0.0,0.0,0.0,0.0,0.0,0.0,7.423836,0.0,0.0,0.0,0.0,0.0,0.0,0.0,0.0,8.560471,0.0,0.0,0.0,0.0,0.0,1.2767686,0.0,0.0,0.0,0.0,0.0,0.0,0.0,0.0,0.0,0.0,0.0,0.0,0.0,0.0,0.0,0.0,0.0,0.0,0.0,0.0,0.0,0.0,0.0,0.0,0.0,0.0,0.0,0.0,0.0,4.8956733,0.0,0.0,0.0,0.0,0.0,0.0,0.0,0.0,0.0,0.0,0.0,1.4559656,0.0,0.0,0.0,0.0,0.0,0.0,11.966324,0.0,0.0,0.0,0.0,0.0,0.0,3.221414,0.0,0.0,0.0,0.0,0.0,0.0,0.0,14.554734,0.0,0.0,0.0,0.0,0.0,4.231718,0.0,0.0,0.0,0.0,0.0,0.0,0.0,0.0,0.0,0.0,0.0,0.0,0.0,0.0,0.0,0.0,7.345001,0.0,0.0
0.4057661,0.0,0.0,0.0,0.0,0.0,0.9942117,0.0,0.0,0.0,0.0,0.0,3.9517913,4.10974,0.0,0.0,0.0,0.0,0.0,1.2725614,0.0,1.7422602,0.0,1.0714036,0.0,0.0,0.0,0.0,0.0,2.205155,0.0,0.0,0.0,0.0,0.0,0.0,0.39317125,0.0,0.2570262,0.0,0.0,0.0,0.0,0.0,0.0,0.0,1.5799266,0.0,3.5584102,0.0,0.0,0.0,0.0,0.0,0.0,0.0,0.0,0.0,0.0783437,2.7601826,0.0,0.0,0.0,0.0,0.0,0.0,0.0,0.0,1.0616256,0.0,0.0,0.0,0.0,0.0,0.0,0.0,0.0,0.0,0.0,0.0,0.0,0.0,0.0,0.0,0.0,0.0,0.0,4.465155,0.0,1.4980955,0.0,1.1627159,0.0,0.0,0.0,0.0,0.0,0.0,0.0,0.0,0.0,0.0,0.0,2.6046042,0.0,0.0,0.0,0.0,0.34386715,2.371192,2.958789,0.0,0.0,0.0,0.0,0.0,0.0,0.0,0.0,0.0,0.0,0.0,0.0,0.0,0.0,2.9603732,0.0,0.0
0.0,0.0,7.5965066,0.0,0.0,0.0,0.0,0.0,0.0,0.0,3.7739277,0.0,0.0,0.0,0.0,0.0,0.0,0.0,0.0,0.0,0.0,0.0,0.0,5.8270397,0.0,0.0,0.0,0.0,0.0,0.0,0.0,0.0,5.786278,0.0,0.0,0.0,0.0,0.0,0.0066622943,0.0,0.0,0.0,0.0,0.0,0.0131268725,0.0,0.0,0.22116932,0.0,0.0,0.0,0.0,0.0,0.0,0.0,0.0,0.0,0.0,0.0,0.0,0.0,0.0,0.0,0.0,0.0,0.0,0.0,0.0,4.854155,0.0,0.0,0.0,0.0,0.0,0.0,0.0,7.956967,0.0,0.0,0.0,6.9762015,0.0,0.0,0.0,0.0,0.0,0.0,0.0,0.0,0.0,0.0,0.0,0.0,0.0,3.4975777,0.0,0.0,0.0,0.0,0.0,0.0,0.0,2.3064618,0.0,0.0,0.0,0.0,0.0,3.6060653,0.0,0.0,0.0,0.0,0.0,0.0,5.666042,0.0,0.0,0.0,0.0,0.0,0.0,0.0,0.0,0.0,4.345752,0.0,0.0
0.0,0.0,0.0,0.0,0.0,0.0,4.988931,0.0,0.0,0.0,9.157466,0.0,0.0,0.0,0.0,0.0,0.0,0.0,0.0,0.0,0.0,0.0,0.0,0.0,4.8702726,0.0,0.0,0.0,0.0,0.0,0.0,0.0,0.0,0.36550164,0.0,0.7946974,0.0,0.0,0.0,5.4932046,0.0,0.0,0.0,0.0,0.0,0.0,0.0,4.3984895,0.0,0.0,0.0,3.4043083,0.0,0.0,0.0,0.7721707,0.0,0.0,0.0,0.0,0.0,0.0,0.0,0.0,0.0,0.0,0.0,0.0,0.0,0.0,0.0,0.0,0.0,0.0,0.0,0.0,0.0,0.0,0.0,0.0,0.0,0.0,0.0,0.0,5.6047873,0.0,0.0,0.0,0.0,0.0,0.0,0.0,0.0,0.0,0.0,0.0,6.5344296,0.0,0.0,0.0,0.0,0.0,2.8908527,0.0,4.6261973,0.0,0.623212,0.0,0.0,0.0,0.0,0.0,0.0,0.0,0.0,0.0,0.38904738,0.0,0.0,0.0,0.0,0.0,6.7620063,0.0,0.0,0.0,0.0,0.0
0.0,0.16183728,0.0,0.0,0.0,0.0,0.0,0.0,0.0,0.0,0.8333745,0.0,0.0,0.0,0.0,0.0,0.0,0.0,0.0,0.0,0.0,0.0,0.0,3.3820696,1.7853713,0.0,0.0,0.0,0.0,1.3374891,0.13581467,0.0,0.0,0.0,0.0,0.0,0.0,0.0,0.0,6.1174855,0.0,0.0,0.0,0.0,0.56833565,0.0,0.0,0.0,0.0,0.0,0.0,2.5591037,0.0,0.0,0.0,1.0962255,0.0,0.0,0.0,0.0,0.0,0.0,0.0,0.0,0.0,0.0,0.0,0.0,0.0,0.0,0.0,0.0,0.0,0.0,0.0,0.3707609,1.0410565,0.0,0.0,0.0,0.0,0.0,0.0,0.0,3.9686592,0.0,0.0,0.0,0.0,0.0,0.0,0.0,1.0180227,0.0,0.0,0.0,4.842654,0.0,0.0,0.0,0.0,0.0,0.0,0.0,2.274681,0.0,0.0,4.302234,0.0,0.0,0.0,0.0,7.0486035,0.0,0.0,2.4981184,0.57807124,0.0,0.0,0.0,0.0,0.0,0.0,0.0,0.0,0.0,0.0,0.0
0.0,0.0,7.470203,0.0,0.0,0.0,0.0,0.0,0.0,0.0,7.837416,0.0,0.0,0.0,0.0,0.0,0.0,0.0,0.0,0.0,0.0,0.0,0.0,4.9850473,0.0,0.0,0.0,0.0,0.0,0.0,0.0,0.0,4.109712,0.0,0.0,0.0,0.0,0.0,0.0,0.0,0.0,0.0,0.0,0.0,3.374859,0.0,0.0,0.96771616,0.0,0.0,0.0,0.0,0.0,0.0,0.0,0.0,0.0,0.0,0.0,0.0,0.0,0.0,0.0,0.0,0.0,0.0,0.0,0.0,6.156441,0.0,0.0,0.0,0.0,0.0,0.0,0.0,7.4314947,0.0,0.0,0.0,4.728712,0.0,0.0,0.0,0.0,0.0,0.0,0.0,0.0,0.0,0.0,0.0,0.0,0.0,2.9256148,0.0,0.0,0.0,0.0,0.0,0.0,0.0,2.8725839,0.0,0.0,0.0,0.0,0.0,1.766039,0.0,0.0,0.0,0.0,0.0,0.0,7.846341,0.0,0.0,0.0,0.0,0.0,0.0,0.0,0.0,0.0,1.9796444,0.0,0.0
2.504733,0.0,0.0,0.0,0.0,0.0,18.209284,0.0,5.377586,0.0,21.73784,0.0,0.0,0.0,0.0,0.0,0.0,0.0,0.0,0.0,0.0,0.0,0.0,0.0,10.855499,0.0,6.188899,0.0,0.0,3.4707093,9.130561,0.0,0.0,0.0,0.0,0.0,0.0,0.0,0.0,21.994095,0.0,0.0,0.0,0.0,4.789111,0.0,0.0,0.0,16.489614,0.0,0.0,13.9621935,3.5283375,0.0,0.0,18.066378,0.0,0.0,0.0,0.0,0.0,0.0,0.0,0.0,0.0,0.0,0.0,0.0,0.0,0.0,0.0,0.0,0.0,0.0,0.0,0.0,0.0,0.0,0.0,0.0,0.0,0.0,0.0,0.0,8.274488,0.0,0.0,0.0,0.0,0.0,0.0,7.540806,0.0,0.0,0.0,0.0,6.373382,0.0,0.0,0.0,0.0,0.0,0.0,0.0,6.775659,16.355822,0.0,14.185825,0.0,0.0,0.0,0.0,8.707376,0.0,0.0,0.0,0.0,0.0,0.0,0.0,0.0,0.0,0.0,0.0,0.0,0.0,0.0,0.0
0.0,0.0,0.0,0.0,0.0,0.0,5.131143,0.0,0.0,0.0,5.370011,0.0,0.0,0.0,0.0,0.0,0.0,0.0,0.0,0.0,0.0,0.0,0.0,0.0,4.169251,0.0,2.9335396,0.0,0.0,0.0,13.887963,0.0,0.0,0.0,0.0,0.0,0.0,0.0,0.0,16.354403,0.0,0.0,0.0,0.0,0.0,0.0,0.0,0.0,14.968632,0.0,0.0,10.336161,2.7772245,0.0,0.0,0.0,0.0,0.0,0.0,0.0,0.0,0.0,0.0,0.0,0.0,0.0,0.0,0.0,0.0,0.0,0.0,0.0,0.0,0.0,0.0,5.780777,0.0,0.0,0.0,0.0,0.0,0.0,0.0,0.0,10.504136,0.0,0.0,0.0,0.0,0.0,0.0,2.999633,0.0,0.0,0.0,0.0,11.544355,0.0,0.0,0.0,0.0,0.0,0.0,0.0,13.692357,5.867659,0.0,17.121304,0.0,0.0,0.0,0.0,0.041679572,0.0,0.0,0.0,0.0,0.0,0.0,0.0,0.0,0.0,2.97799,0.0,0.0,0.0,0.0,0.0
0.0,0.0,0.0,0.0,0.0,0.0,0.0,0.0,3.7533934,0.0,0.0,0.0,1.2524716,0.0,0.0,0.0,0.0,0.0,0.0,0.0,0.0,0.0,0.0,0.0,0.0,0.0,1.5381341,0.0,0.0,6.3238206,6.1141696,0.0,0.0,0.0,0.0,1.3815973,0.0,0.0,0.0,11.390194,0.0,0.0,0.0,0.0,0.0,0.0,0.0,0.0,7.935324,0.0,0.0,0.0,0.0,0.0,0.0,0.0,0.0,0.0,0.0,5.288447,0.0,0.0,0.0,0.0,0.0,0.0,0.0,0.0,0.0,0.0,0.0,0.0,0.0,0.0,0.0,0.0,0.0,0.0,0.0,0.0,11.889069,0.0,0.0,0.0,4.2983985,0.0,0.0,0.0,0.0,0.0,0.0,7.411126,0.0,0.0,0.0,0.0,16.581652,0.0,0.0,0.0,0.0,0.0,0.0,0.0,0.0,0.0,0.0,0.0,0.0,0.0,0.0,0.0,0.6621539,0.0,0.0,0.0,0.0,0.0,0.0,0.0,0.0,0.0,0.0,0.0,0.0,0.0,0.0,0.0
0.27079812,0.0,0.0,0.0,0.0,0.0,10.6820755,0.0,0.0,0.0,10.212835,0.0,0.0,0.0,0.0,0.0,0.0,0.0,0.0,0.0,0.0,0.0,0.0,0.0,3.4109395,0.0,0.0,0.0,0.0,0.0,0.0,0.0,0.36360532,0.0,0.0,0.0,0.0,0.0,0.0,0.0,0.0,0.0,0.0,0.0,0.77892673,0.0,0.0,0.0,0.0,0.0,0.0,0.0,0.0,0.0,0.0,0.0,0.0,0.0,0.0,0.0,0.0,0.0,0.0,0.0,0.0,0.0,0.0,0.0,5.0147896,0.0,0.0,0.0,0.0,0.0,0.0,0.0,0.0,0.0,0.0,0.0,0.0,0.0,0.0,0.0,0.0,0.0,0.0,0.0,0.0,0.0,0.0,0.0,3.6409798,0.0,0.0,0.0,0.0,0.0,0.0,0.0,0.0,0.0,18.266813,0.0,0.0,0.0,0.0,0.0,0.0,0.0,0.0,0.0,0.0,0.0,0.0,4.6208477,0.0,0.0,0.0,0.0,0.0,0.0,0.0,0.0,0.0,6.0821514,2.6374345,0.0
3.2430782,0.0,3.5922492,4.20264,0.0,0.0,0.0,0.0,3.4851182,0.0,0.0,0.0,5.957066,0.0,0.0,0.0,0.0,0.0,0.0,0.0,0.0,3.059407,0.0,6.4984665,0.0,0.0,0.0,0.0,0.0,0.0,0.0,0.0,0.22131783,0.0,0.0,0.0,0.0,0.0,4.2183833,0.0,0.0,0.0,0.0,0.0,0.0,0.0,1.4673022,0.0,0.0,0.0,0.0,0.0,0.0,0.0,0.0,0.0,0.0,0.0,0.0,0.0,0.0,0.0,0.0,0.0,0.0,0.0,0.0,0.0,4.615177,0.0,0.0,0.0,0.0,0.0,0.0,0.0,6.7770157,0.0,0.0,0.0,1.6824272,0.0,0.0,0.0,0.0,0.0,0.0,6.27155,0.0,0.0,0.0,0.0,0.0,0.0,8.058007,0.0,0.50040174,0.0,0.0,0.0,0.0,0.0,0.0,0.0,0.0,0.0,0.0,0.0,11.560311,0.0,0.0,0.0,0.0,0.0,0.0,3.8935528,0.0,0.0,0.0,0.0,0.08391811,0.0,0.0,0.0,0.0,5.9815526,0.0,0.0
0.0,0.0,0.0,0.0,0.0,0.0,0.0,0.36212584,4.374032,0.0,0.0,0.0,0.0,0.0,0.0,0.0,0.7265606,0.0,0.0,0.0,0.0,0.0,0.0,2.2995627,1.7730378,0.0,0.0,0.0,0.0,0.0,0.0,0.0,0.0,0.0,0.0,5.287975,0.0,0.0,0.0,7.7217517,0.0,0.0,0.0,0.0,0.0,0.0,0.0,3.4769332,0.0,0.0,0.0,0.0,0.0,0.0,0.0,0.0,0.0,0.0,0.0,0.0,0.0,0.0,0.0,0.0,0.0,0.0,0.0,0.0,0.0,0.0,0.0,0.0,0.0,0.0,0.0,0.17307067,0.0,0.0,0.0,0.0,2.9081101,0.0,0.0,0.0,3.8264875,0.0,0.0,0.0,0.0,0.0,0.0,0.0,0.0,0.0,0.0,0.0,12.060199,0.0,0.0,0.0,0.0,0.0,0.0,0.0,0.0,0.0,0.21089862,0.0,0.0,0.0,0.0,0.0,0.54448533,0.0,0.0,0.0,4.176164,0.0,0.0,0.0,0.0,0.0,3.4100487,0.0,0.0,0.0,0.0,0.0
2.8301806,0.0,0.0,0.0,0.0,0.0,5.454027,0.0,0.6969123,0.0,5.6117735,0.0,0.0,0.0,0.0,0.0,0.0,0.0,0.0,0.0,0.0,0.0,0.0,0.0,0.20986284,0.0,0.12495638,0.0,0.0,0.99579525,0.046619058,0.0,0.0,0.0,0.0,0.0,0.8470744,0.0,0.0,4.5105486,0.0,0.0,0.0,0.0,0.8044456,0.0,0.0,0.0,2.8270345,0.0,0.0,4.0328407,0.0,0.0,0.0,2.6894205,0.0,0.0,0.0,0.0,0.0,0.0,0.0,0.0,0.77817947,0.0,0.0,0.0,0.0,0.0,0.0,0.0,0.0,0.0,0.0,0.0,0.0,0.0,0.0,0.0,0.0,0.0,0.0,0.0,1.9410049,0.0,0.0,0.0,0.0,0.0,0.0,0.0,0.0,0.0,0.0,0.0,2.6593537,0.0,0.0,0.0,0.0,0.0,0.0,0.17814879,0.0,3.0774505,0.0,4.1185546,0.0,0.0,0.0,0.0,2.3112073,0.0,0.0,0.7281377,1.0033315,0.0,0.0,0.0,0.0,0.0,0.0,0.0,0.0,0.0,3.7419744,0.0
0.0,0.0,5.0269876,0.0,0.0,0.0,0.0,0.0,0.12369753,0.0,0.0,0.0,14.3914795,17.329311,0.0,0.0,0.0,0.0,0.0,0.0,0.0,11.418888,0.0,9.77924,0.0,0.0,0.0,0.0,0.0,0.0,0.0,0.0,0.0,0.0,0.0,0.0,0.0,0.0,13.234114,0.0,0.0,0.0,0.0,0.0,0.0,0.0,0.0,0.0,0.0,0.0,0.0,0.26956898,7.826347,0.0,0.0,0.0,0.0,0.0,0.0,0.0,0.0,0.0,0.0,0.0,0.0,0.0,0.0,0.0,4.321262,0.0,0.0,0.0,0.0,0.0,0.0,0.0,7.5408673,0.0,0.0,0.0,0.0,0.0,0.0,0.0,0.0,0.0,0.0,18.274082,0.0,7.5841017,0.0,0.0,0.0,0.0,9.652173,0.0,6.4600983,0.0,0.0,0.0,0.0,0.0,0.0,1.2891469,0.0,0.0,0.0,0.0,23.218996,0.0,0.0,0.0,0.0,0.0,0.0,0.0,0.0,0.0,0.0,0.0,0.0,0.0,0.0,0.0,0.0,11.496031,0.0,0.0
0.0,0.0,0.0,0.0,0.0,0.0,3.3385227,0.0,0.0,0.0,0.91948533,0.0,0.0,0.0,0.0,0.0,0.0,0.0,0.0,0.0,0.0,0.0,0.0,0.22338505,1.7762668,0.0,0.0,0.0,0.0,0.0,1.6240536,0.0,0.0,1.5215778,0.0,0.0,0.0,0.0,0.0,0.2329791,0.0,0.0,0.0,0.0,0.0,0.0,0.0,0.0,0.0,0.0,0.0,0.8708006,0.0,0.0,0.0,2.168679,0.0,0.0,0.0,0.0,0.0,0.0,0.0,0.0,0.0,0.0,0.0,0.0,0.0,0.0,0.0,0.87669104,0.0,0.0,0.0,0.0,0.0,0.0,0.0,0.0,0.0,0.0,0.0,0.0,1.6328835,0.0,0.0,0.0,0.0,0.0,0.0,0.0,0.0,0.0,0.0,0.0,0.0,0.0,0.0,0.0,0.0,0.0,1.7908509,1.2267265,1.4138861,0.0,0.6255937,0.0,0.0,0.0,0.0,0.0,0.6992778,0.0,0.0,0.0,0.0,0.0,0.0,0.0,0.0,0.0,0.0,0.0,0.0,0.0,0.0,0.0
0.0,0.0,0.0,0.0,0.0,0.0,5.1903033,0.0,0.0,0.0,0.0,0.0,2.1461422,0.0,0.0,0.0,0.0,0.0,0.0,0.0,0.0,0.0,0.0,2.8868473,0.0,0.0,0.0,0.0,0.0,0.0,0.0,0.0,2.6728914,0.0,0.0,0.0,0.0,0.0,1.1870987,0.0,0.0,0.0,0.0,0.0,0.0,0.0,0.0,0.0,0.0,0.0,0.0,0.0,0.0,0.0,0.0,0.0,0.0,0.0,0.0,0.0,0.0,0.0,0.0,0.0,0.0,0.0,0.0,0.0,5.572731,0.0,0.0,0.49328893,0.0,0.0,0.0,0.0,0.0,0.0,0.0,0.0,0.0,0.0,0.0,0.0,0.0,0.0,0.0,0.1216771,0.0,0.0,0.0,0.0,0.0,0.0,0.0,0.0,0.0,0.0,0.0,0.0,0.0,0.0,3.9147952,3.3714507,0.0,0.0,0.0,0.0,0.0,1.6277897,0.0,0.0,0.0,0.0,0.0,0.0,0.0,0.0,0.0,2.0894861,0.0,0.0,0.0,0.0,0.0,3.2017643,4.1699104,0.0
0.0,0.0,0.0,0.0,0.0,0.0,7.3809986,0.0,9.575931,0.0,12.820489,0.0,0.0,0.0,0.0,0.0,0.0,0.0,0.0,0.0,0.0,0.0,0.0,0.0,2.8820922,0.0,0.0,0.0,0.0,4.946959,0.0,0.0,0.0,0.0,0.0,0.0,0.0,0.0,0.0,15.490414,0.0,0.0,0.0,0.0,0.0,0.0,0.0,0.0,6.08012,0.0,0.0,3.6338477,0.0,0.0,0.0,6.3331394,0.0,0.0,0.0,0.0,0.0,0.0,0.0,0.0,0.0,0.0,0.0,0.0,0.0,0.0,0.0,0.0,0.0,0.0,0.0,1.5429565,0.0,0.0,0.0,0.0,0.0,0.0,0.0,0.0,14.037197,0.0,0.0,0.0,0.0,0.0,0.0,0.0,0.0,0.0,0.0,0.0,11.000011,0.0,0.0,0.0,0.0,0.0,0.0,0.0,8.179274,12.392279,0.0,7.713782,0.0,0.0,0.0,0.0,3.2574914,0.0,0.0,0.0,8.305362,0.0,0.0,0.0,0.0,0.0,5.513983,0.0,0.0,0.0,1.0212293,0.0
0.0,0.0,0.0,0.0,0.0,0.0,4.488877,0.0,0.27912414,0.0,5.771785,0.0,0.0,0.0,0.0,0.0,0.0,0.0,0.0,0.0,0.0,0.0,0.0,0.0,11.843006,0.0,7.0345817,0.0,0.0,8.100235,4.187382,0.0,0.0,0.0,0.0,0.0,0.0,0.0,0.0,16.503029,0.0,0.0,0.0,0.0,0.0,0.0,0.0,0.0,10.48493,0.0,0.0,7.508139,0.61502254,0.0,0.0,10.112847,0.0,0.0,0.0,0.0,0.0,0.0,0.0,0.0,0.0,0.0,0.0,0.0,0.0,0.0,0.0,0.0,0.0,0.0,0.0,3.0632973,0.0,0.0,0.0,0.0,0.0,0.0,0.0,0.0,8.363635,0.0,0.0,0.0,0.0,0.0,0.0,2.6825023,0.0,0.0,0.0,0.0,7.8041487,0.0,0.0,0.0,0.0,0.0,0.0,0.0,8.688019,3.4385285,0.0,12.171101,0.0,0.0,0.84035736,0.0,8.623429,0.0,0.0,0.0,0.3129766,0.0,0.0,0.0,0.0,0.0,0.3615672,0.0,0.0,0.0,0.0,0.0
0.7883754,0.0,6.1814218,0.0,0.0,0.0,0.0,0.0,0.0,0.0,6.891423,0.0,0.0,0.0,0.0,0.0,0.0,0.0,0.0,0.0,0.0,0.0,0.0,0.0,6.199374,0.0,0.0,0.0,0.0,0.0,0.0,0.0,0.0,0.0,0.0,0.0,0.0,0.0,0.0,1.9606035,0.0,0.0,0.0,0.0,3.5829895,0.0,3.6161432,1.8754488,0.0,0.0,0.0,0.0,0.0,0.0,0.0,0.0,0.63938326,0.0,0.0,0.0,0.0,0.0,0.0,0.0,0.0,0.27536765,0.0,0.0,0.43021804,0.0,0.0,0.0,0.0,0.0,0.0,0.0,0.0,0.0,0.0,0.0,0.0,0.0,0.0,0.0,0.0,0.0,0.0,0.0,0.0,0.0,0.0,0.0,1.8928632,0.0,0.0,0.0,0.7781318,0.0,0.0,0.0,0.0,0.0,3.8887272,0.0,0.0,0.0,0.0,0.0,0.0,0.0,0.0,0.0,0.0,0.0,0.0,10.091717,0.06810805,0.0,0.0,0.0,0.0,0.0,0.12182927,0.25254804,0.0,0.0,0.0,0.0
5.022562,0.0,0.0,0.0,0.0,0.0,13.070142,0.0,0.0,0.0,13.074463,0.0,0.0,0.0,0.0,0.0,0.0,0.0,0.0,0.0,0.0,0.0,0.0,0.0,4.3971605,0.0,0.0,0.0,0.0,0.0,1.7418574,0.0,0.0,0.0,0.0,0.0,0.0,0.0,0.0,1.1674119,0.0,0.0,0.0,0.0,3.9447837,0.0,0.0,0.0,0.3097895,0.0,0.0,0.27266967,0.0,0.0,0.0,0.0,0.0,0.0,0.0,0.0,0.0,0.0,0.0,0.0,0.0,0.0,0.0,0.0,0.0,0.0,0.0,0.0,0.0,0.0,0.0,0.0,0.0,0.0,0.0,0.0,0.0,0.0,0.0,0.0,0.0,0.0,0.0,0.0,0.0,0.0,0.0,0.0,0.0,0.0,0.0,0.0,0.0,0.0,0.0,0.0,0.0,0.0,13.358856,0.0,0.0,0.0,0.0,0.0,0.0,0.0,0.0,0.0,0.0,0.0,0.0,7.972893,0.0,0.0,0.0,0.0,0.0,0.0,0.0,0.0,0.0,3.486578,1.0658463,0.0
3.1670232,0.0,2.0709584,0.53459394,0.0,0.0,0.0,0.0,0.0,0.0,6.6712694,0.0,0.0,0.0,0.0,0.0,0.0,0.0,0.0,0.0,0.0,0.0,0.0,1.7156208,0.0,0.0,0.0,0.0,0.0,0.0,2.1692302,0.0,0.35923308,0.0,0.0,0.0,0.0,0.060767416,0.0,0.49961632,0.0,0.0,0.0,0.0,4.2212214,0.0,0.091925845,1.1918812,0.0,0.0,0.0,0.0,0.0,0.0,0.0,0.0,0.0,0.0,0.0,0.0,0.0,0.0,0.0,0.0,0.0,0.0,0.0,1.071282,0.71827483,0.0,0.0,0.0,0.0,0.0,0.0,0.0,4.9830394,0.0,0.0,0.0,0.5932259,0.0,0.0,0.0,0.0,0.0,0.0,0.0,0.0,0.0,0.0,0.0,0.0,0.0,0.0,0.0,0.0,0.0,0.0,0.0,0.0,0.0,1.9462173,0.0,0.0,0.0,0.0,0.0,1.9666734,0.0,0.0,0.0,0.3155353,0.0,0.0,4.1501455,0.0,0.0,0.0,0.0,0.0,0.0,0.0,0.0,0.0,2.3245418,0.36133963,0.0
4.2429204,0.0,0.0,0.0,0.0,0.0,1.1398898,0.0,0.0,0.0,0.0,0.0,2.6263385,0.0,0.0,0.0,0.0,0.0,0.0,0.0,0.0,2.9669397,0.0,0.7141228,0.0,0.0,0.0,0.0,0.0,0.0,0.0,0.0,2.1905856,0.0,0.0,0.0,0.0,0.0,0.20948811,0.0,0.0,0.0,0.0,0.0,0.44503284,0.0,0.0,0.0,0.0,0.0,0.0,2.8124938,0.0,0.0,0.0,0.0,0.0,0.0,0.0,0.0,0.0,0.0,0.0,0.0,0.0,0.0,0.0,0.0,2.8119683,0.0,0.0,0.0,0.0,0.0,0.0,0.0,0.71959686,0.0,0.0,0.0,0.0,0.0,0.0,0.0,0.0,0.0,0.0,0.0,0.0,0.0,0.0,0.0,0.5967423,0.0,0.0,0.0,0.0,0.0,0.0,0.0,0.0,0.0,2.46282,0.10132996,0.0,0.0,0.0,0.0,0.47985125,0.47492486,0.0,0.0,0.0,0.0,0.0,0.3001555,0.0,0.0,0.0,0.0,0.0,0.0,0.0,0.0,0.0,5.411718,3.2068608,0.0
0.0,0.0,0.0,0.0,0.0,0.0,0.0,0.0,8.477584,0.0,6.4534645,0.0,0.0,0.0,0.0,0.0,0.0,0.0,0.0,0.0,0.0,0.0,0.0,0.0,9.229573,0.0,5.2217126,0.0,0.0,13.286701,0.0,0.0,0.0,0.0,0.0,0.0,0.0,0.0,0.0,12.437735,0.0,0.0,0.0,0.0,0.0,0.0,0.0,0.0,11.080481,0.0,0.0,2.2354717,0.00047863647,0.0,0.0,8.223898,0.0,0.0,0.0,0.0,0.0,0.0,0.0,0.0,0.0,0.0,0.0,0.0,0.0,0.0,0.0,0.0,0.0,0.0,0.0,13.156021,0.0,0.0,0.0,0.0,0.0,0.0,0.0,0.0,14.174935,0.0,0.0,0.0,0.0,0.0,0.0,0.0,0.0,0.0,0.0,0.0,11.681884,0.0,0.0,0.0,0.0,0.0,0.0,0.0,14.498593,7.391986,0.0,9.362815,0.0,0.0,0.0,0.0,4.9858804,0.0,0.0,0.0,9.217854,0.0,0.0,0.0,0.0,0.0,10.359352,0.0,0.0,0.0,0.0,0.0
0.0,0.0,0.0,0.0,0.0,0.0,6.0259213,0.0,0.0,0.0,0.0,0.0,1.2185463,0.0,0.0,0.0,0.0,0.0,0.0,0.0,0.0,0.0,0.0,1.261125,0.86507,0.0,0.0,0.0,0.0,0.0,0.0,0.0,0.0,0.0,0.0,0.0,1.2177526,0.0,1.1065744,0.0,0.0,0.0,0.0,0.0,0.0,0.0,0.0,0.0,0.0,0.0,0.0,0.0,0.0,0.0,0.0,0.0,0.0,0.0,0.0,0.0,0.0,0.0,0.0,0.0,0.0,0.0,0.0,0.0,3.5560174,0.0,0.0,3.3226364,0.0,0.0,0.0,0.0,0.0,0.0,0.0,0.0,0.0,0.0,0.0,0.0,1.1645219,0.0,0.0,0.6389314,0.0,0.0,0.0,0.0,0.85767937,0.0,0.0,0.0,0.0,0.0,0.0,0.0,0.0,0.0,3.3746707,3.6606524,0.0,0.0,0.0,0.0,0.0,0.41766557,0.0,0.3567895,0.0,0.0,0.0,0.0,0.0,0.0,0.0,3.5217357,0.0,0.0,1.279576,0.0,0.0,1.2658541,0.9604359,0.0
0.0,0.0,0.0,0.0,0.0,0.0,1.8086671,0.0,0.0,0.0,0.0,0.0,3.4564352,0.38738868,0.0,0.0,0.0,0.0,0.0,0.0,0.0,3.1426432,0.0,3.2688189,0.0,0.0,0.0,0.0,0.0,0.0,0.0,0.0,0.0,0.0,0.0,0.0,0.0,0.0,2.78163,0.0,0.0,0.0,0.0,0.0,0.0,0.0,0.1348257,0.0,0.0,0.0,0.0,0.0,0.0,0.0,0.0,0.0,0.0,0.0,0.0,0.0,0.0,0.0,0.0,0.0,0.0,0.0,0.0,0.0,1.9005258,0.0,0.0,0.0,0.0,0.0,0.0,0.0,5.026242,0.0,0.0,0.0,0.0,0.0,0.0,0.0,0.0,0.0,0.0,2.7860944,0.0,0.0,0.0,0.0,0.0,0.0,0.0,0.0,0.0,0.0,0.0,0.0,0.0,0.0,0.0,1.5750504,0.0,0.0,0.0,0.0,0.0,5.462451,0.0,0.0,0.0,0.0,0.0,0.0,0.0,0.0,0.0,0.0,0.0,0.0,0.0,0.0,0.0,10.526866,3.9936414,0.0
0.0,0.0,0.0,0.0,0.0,0.0,0.0,0.0,1.728175,0.0,0.0,0.0,3.6712363,2.2215521,0.0,0.0,0.24466622,0.0,0.0,0.0,0.0,0.0,0.0,0.0,2.5205195,0.0,4.361522,0.0,0.0,2.1569574,0.0,0.0,0.0,0.0,0.0,2.565144,0.0,0.0,0.0,1.6298636,0.0,0.0,0.0,0.0,0.0,0.0,0.0,0.0,4.8361106,0.0,0.0,0.0,0.0,0.0,0.0,0.0,0.0,0.0,0.0,0.0,0.0,0.0,0.0,0.0,0.0,0.0,0.0,0.0,0.0,0.0,0.0,0.0,0.0,0.0,0.0,0.83251876,0.0,0.0,0.0,0.0,5.875376,0.0,0.0,0.0,2.5894582,0.0,0.0,3.90153,0.0,0.0,0.0,0.0,0.0,0.0,0.0,0.0,12.043497,0.0,0.0,0.0,0.0,0.0,0.0,0.0,0.0,0.0,0.0,0.0,0.0,0.0,0.0,0.0,0.0,0.0,0.0,0.46508753,6.0782976,0.0,0.0,0.0,0.0,0.0,5.8942065,0.0,0.0,0.0,0.0,0.0
0.0,0.0,0.0,0.0,0.0,0.0,3.5887442,0.39635295,0.0,0.0,3.4384491,0.0,0.0,0.0,0.0,0.0,0.0,0.0,0.0,0.0,0.0,0.0,0.0,0.0,8.706815,0.0,0.0,0.0,0.0,0.0,0.0,0.0,0.0,1.9178052,0.0,2.6516938,0.0,0.0,0.0,4.787248,0.0,0.0,0.0,0.0,0.0,0.0,0.0,2.865459,0.0,0.0,0.0,2.9736743,0.0,0.0,0.0,2.5911608,0.0,0.0,0.0,0.0,0.0,0.0,0.0,0.0,0.0,0.0,0.0,0.0,0.0,0.0,0.0,0.0,0.0,0.0,0.0,0.0,0.0,0.0,0.0,0.0,0.0,0.0,0.0,0.0,5.782971,0.0,0.0,0.0,0.0,0.0,0.0,0.25535557,3.991384,0.0,0.0,0.0,4.2364664,0.0,0.0,0.0,0.0,0.0,4.665348,0.0,4.6355724,0.0,1.2275028,0.0,0.0,0.0,0.0,0.0,2.2474954,0.0,0.0,1.440378,0.0,0.0,0.0,0.0,0.0,0.0,3.776165,0.0,0.0,0.0,0.0,0.0
0.0,0.0,6.8650093,0.0,0.0,0.0,0.0,0.0,0.0,0.0,4.4787807,0.0,0.0,0.0,0.0,0.0,0.0,0.0,0.0,0.0,0.0,0.0,0.0,4.810497,0.0,0.0,0.0,0.0,0.0,0.0,0.0,0.0,4.9349895,0.0,0.0,0.0,0.0,0.0,0.0,0.0,0.0,0.0,0.0,0.0,0.6450021,0.0,0.0,0.0,0.0,0.0,0.0,0.0,0.0,0.0,0.0,0.0,0.0,0.0,0.0,0.0,0.0,0.0,0.0,0.0,0.0,0.0,0.0,0.0,4.993093,0.0,0.0,0.0,0.0,0.0,0.0,0.0,6.094729,0.0,0.0,0.0,5.821554,0.0,0.0,0.0,0.0,0.0,0.0,0.0,0.0,0.0,0.0,0.0,0.0,0.0,2.0307603,0.0,0.0,0.0,0.0,0.0,0.0,0.0,2.2574615,0.0,0.0,0.0,0.0,0.0,1.7000568,0.0,0.0,0.0,0.0,0.0,0.0,5.4423714,0.0,0.0,0.0,0.0,0.0,0.0,0.0,0.0,0.0,2.9293804,0.0,0.0
0.0,0.0,10.751383,0.0,0.0,0.0,0.0,0.0,0.0,0.0,0.0,0.0,0.0,16.252722,0.0,0.0,0.0,0.0,0.0,0.0,0.0,0.0,0.0,0.0,0.0,0.0,0.0,0.0,0.0,0.0,0.0,0.0,20.907421,0.0,0.0,0.0,0.0,0.0,0.0,0.0,0.0,0.0,0.0,0.0,0.0,0.0,0.0,0.0,0.0,0.0,0.0,0.0,0.0,0.0,0.0,0.0,0.0,0.0,0.0,0.0,0.0,0.0,0.0,0.0,0.0,0.0,0.0,0.0,0.0,0.0,0.0,0.0,0.0,0.0,0.0,0.0,0.0,0.0,0.0,0.0,12.600628,0.0,0.0,0.0,0.0,0.0,0.0,0.0,0.0,0.0,0.0,0.0,0.0,0.0,0.0,0.0,0.0,0.0,0.0,0.0,0.0,0.0,16.472986,0.0,0.0,0.0,0.0,0.0,0.0,0.0,0.0,0.0,0.0,0.0,0.0,0.0,10.122458,0.0,0.0,0.0,0.0,0.0,0.0,0.0,0.0,18.145525,0.0,0.0
0.0,0.0,0.0,0.0,0.0,0.0,14.635787,0.0,0.0,0.0,15.195897,0.0,0.0,0.0,0.0,0.0,0.0,0.0,0.0,0.0,0.0,0.0,0.0,0.0,12.932657,0.0,4.0505023,0.0,0.0,0.3974214,11.644731,0.0,0.0,0.0,0.0,0.0,0.0,0.0,0.0,17.809914,0.0,0.0,0.0,0.0,6.355658,0.0,0.0,0.0,8.682941,0.0,0.0,17.213795,0.0,0.0,0.0,13.863929,0.0,0.0,0.0,0.0,0.0,0.0,0.0,0.0,0.0,0.0,0.0,0.0,0.0,0.0,0.0,0.0,0.0,0.0,0.0,0.0,0.0,0.0,0.0,0.0,0.0,0.0,0.0,0.0,9.046534,0.0,0.0,0.0,0.0,0.0,0.0,6.3897924,0.0,0.0,0.0,0.0,9.186367,0.0,0.0,0.0,0.0,0.0,5.0256195,0.0,8.083028,3.174311,0.0,15.464833,0.0,0.0,0.0,0.0,11.565776,0.0,0.0,2.5044558,0.0,0.0,0.0,0.0,0.0,0.0,0.0,0.0,0.0,0.0,0.0,0.0
0.0,0.0,0.0,0.0,0.0,0.0,12.567797,0.0,0.0,0.0,14.07932,0.0,0.0,0.0,0.0,0.0,0.0,0.0,0.0,0.0,0.0,0.0,0.0,0.0,7.483801,0.0,0.11155703,0.0,0.0,0.0,0.0,0.0,0.0,0.0,0.0,0.0,0.0,0.0,0.0,13.977275,0.0,0.0,0.0,0.0,0.0,0.0,0.0,0.0,9.6202135,0.0,0.0,8.202853,0.0,0.0,0.0,0.7975194,0.0,0.0,0.0,0.0,0.0,0.0,0.0,0.0,0.0,0.0,0.0,0.0,0.0,0.0,0.0,0.0,0.0,0.0,0.0,0.0,0.0,0.0,0.0,0.0,0.0,0.0,0.0,0.0,6.3701086,0.0,0.0,0.0,0.0,0.0,0.0,0.0,0.0,0.0,0.0,0.0,1.1215072,0.0,0.0,0.0,0.0,0.0,1.3496683,0.0,0.8348037,2.7785745,0.0,9.275634,0.0,0.0,0.0,0.0,0.0,0.0,0.0,6.4361224,6.875096,0.0,0.0,0.0,0.0,0.0,4.2522483,0.0,0.0,0.0,0.6896909,0.0
0.0,0.0,0.0,0.0,0.0,0.0,10.719682,0.0,0.0,0.0,10.564077,0.0,0.0,0.0,0.0,0.0,0.0,0.0,0.0,0.0,0.0,0.0,0.0,0.0,5.905366,0.0,0.0,0.0,0.0,0.0,0.0,0.0,0.0,0.3255378,0.0,0.0,0.0,0.16790585,0.0,8.019008,0.0,0.0,0.0,0.0,0.0,0.0,0.0,0.0,1.240201,0.0,0.0,9.0920725,0.0,0.0,0.0,4.165207,0.0,0.0,0.0,0.0,0.0,0.0,0.0,0.0,0.0,0.0,0.0,0.0,0.0,0.0,0.0,0.0,0.0,0.0,0.0,0.0,0.0,0.0,0.0,0.0,0.0,0.0,0.0,0.0,7.3832717,0.0,0.0,0.0,0.0,0.0,0.0,0.0,0.0,0.0,0.0,0.0,7.822958,0.0,0.0,0.0,0.0,0.0,0.0,0.0,1.0768489,0.91477025,0.0,6.79758,0.0,0.0,0.0,0.0,5.767121,0.0,0.0,3.6536455,2.2359529,0.0,0.0,0.0,0.0,0.0,4.114189,0.0,0.0,0.0,1.678814,0.0
0.0,0.0,0.0,0.0,0.0,0.0,3.7382996,0.0,0.0,0.0,0.0,0.0,0.0,0.0,0.0,0.0,0.0,0.0,0.0,0.0,0.0,0.0,0.0,1.6235213,2.3709576,0.0,0.0,0.0,0.0,2.7766376,0.0,0.0,0.0,0.0,0.0,0.0,2.0386853,0.0,8.4104395,0.0,0.0,0.0,0.0,0.0,0.0,0.0,0.0,0.0,0.0,0.0,0.0,0.0,0.0,0.0,0.0,0.0,0.0,0.0,0.0,0.0,0.0,0.0,0.0,0.0,0.0,0.0,0.0,0.0,0.0,0.0,0.0,4.7886457,0.0,0.0,0.0,0.0,0.0,0.0,0.0,0.0,0.0,0.0,0.0,0.0,4.5611205,0.0,0.0,0.0,0.0,0.0,4.895919,0.0,6.408672,0.0,0.0,0.0,1.7063421,0.0,0.0,0.0,0.0,0.0,1.4905996,0.0,0.0,0.0,3.5097342,2.8137755,0.0,0.0,0.0,3.7091517,6.821109,0.0,0.0,0.0,0.0,0.0,0.0,3.061251,0.0,0.0,10.112721,0.0,0.0,0.0,1.0949198,0.0
0.0,0.0,0.0,0.0,0.0,0.0,0.17741859,0.0,0.0,0.0,0.0,0.0,2.540313,0.28271106,0.0,0.0,0.23379871,0.0,0.0,0.0,0.0,0.22048156,0.0,3.1080172,0.0,0.0,0.0,0.0,0.0,0.0,0.0,0.0,2.413028,0.0,0.0,0.0,0.0,0.0,3.2037647,0.0,0.0,0.0,0.0,0.0,0.0,0.0,0.0,0.0,0.0,0.0,0.0,0.0,0.0,0.0,0.0,0.0,0.0,0.0,0.0,0.0,0.0,0.0,0.0,0.0,0.0,0.0,0.0,0.0,3.9847798,0.0,0.0,0.0,0.0,0.0,0.0,0.0,3.3527904,0.0,0.0,0.0,0.0,0.0,0.0,0.0,0.0,0.0,0.0,2.2877905,0.0,0.2739028,0.0,0.0,0.0,0.0,0.0,0.0,0.0,0.0,0.0,0.0,0.0,0.0,3.3481634,1.5001485,0.0,0.0,0.0,0.0,0.0,2.4811556,0.0,0.0,0.0,0.0,0.0,0.0,0.0,0.0,0.0,0.0,0.0,0.0,0.0,0.0,0.0,6.1183534,4.6094313,0.0
0.0,0.0,0.0,0.0,0.0,0.0,3.8036704,0.0,0.0,0.0,11.577859,0.0,0.0,0.0,0.0,0.0,0.0,0.0,0.0,0.0,0.0,0.0,0.0,0.0,4.395337,0.0,0.7314111,0.0,0.0,0.0,0.0,0.0,0.0,0.0,0.0,0.0,0.0,0.0,0.0,9.437916,0.0,0.0,0.0,0.0,0.0,0.0,0.0,0.0,2.8310902,0.0,0.0,6.1445084,0.0,0.0,0.0,2.2211328,0.0,0.0,0.0,0.0,0.0,0.0,0.0,0.0,0.0,0.0,0.0,0.0,0.0,0.0,0.0,0.0,0.0,0.0,0.0,0.0,0.0,0.0,0.0,0.0,0.0,0.0,0.0,0.0,4.1351547,0.0,0.0,0.0,0.0,0.0,0.0,0.0,0.0,0.0,0.0,0.0,8.97218,0.0,0.0,0.0,0.0,0.0,0.0,0.0,4.5056825,0.0,0.0,0.39265716,0.0,0.0,0.0,0.0,2.5280373,0.0,0.0,2.5139794,1.3214988,0.0,0.0,0.0,0.0,0.0,3.6020865,0.0,0.0,0.0,0.0,0.0
5.163132,0.0,0.0,0.0,0.0,0.32284313,3.8528273,0.0,0.0,0.0,0.0,0.0,1.7767603,0.0,0.0,0.0,0.0,0.0,0.0,0.0,0.0,1.5719659,0.0,0.0,0.0,0.0,0.0,0.0,0.0,0.26301616,0.0,0.0,0.0,0.0,0.0,0.0,0.45064977,0.0,1.1531959,0.0,0.0,0.0,0.0,0.0,0.0,0.0,0.0,0.0,3.2647111,0.0,0.0,3.8787942,1.4500402,0.0,0.0,0.0,0.0,0.0,0.0,0.0,0.0,0.0,0.0,0.0,0.0,0.0,0.0,0.0,0.02832712,0.0,0.0,0.0,0.0,0.0,0.0,0.0,1.580039,0.0,0.0,0.0,0.0,0.8759691,0.0,0.0,0.12508945,0.0,0.0,0.0,0.0,0.0,0.0,0.0,0.0,0.0,0.0,0.0,0.0,0.0,0.0,0.0,0.0,0.0,1.5485778,3.2246299,0.0,0.0,0.0,0.0,0.40871745,1.3362073,1.4462748,0.0,0.0,0.0,0.0,0.0,0.0,0.0,0.0,0.0,0.0,0.0,0.0,0.0,0.0,4.5362725,3.5622807,0.0
1.0067505,0.0,0.0,0.0,0.0,0.0,3.089627,0.0,0.0,0.0,0.0,0.0,1.4307632,0.0,0.0,0.0,0.0,0.0,0.0,0.0,0.0,0.0,0.0,1.6485847,0.0,0.0,0.0,0.0,0.0,0.0,0.0,0.0,4.25902,0.0,0.0,0.0,0.0,0.0,2.7828162,0.0,0.0,0.0,0.0,0.0,0.0,0.0,0.0,0.0,0.0,0.0,0.0,0.0,0.0,0.0,0.0,0.0,0.0,0.0,0.0,0.0,0.0,0.0,0.0,0.0,0.0,0.0,0.0,0.0,3.503896,0.0,0.0,0.0,0.0,0.0,0.0,0.0,0.41953662,0.0,0.0,0.0,0.0,0.0,0.0,0.0,0.0,0.0,0.0,0.0,0.0,0.0,0.0,0.0,0.0,0.0,0.0,0.0,0.0,0.0,0.0,0.0,0.0,0.0,7.3327003,2.944929,0.0,0.0,0.0,0.0,0.0,0.48290867,0.0,0.0,0.0,0.0,0.0,0.0,0.0,0.0,0.0,0.0,0.0,0.0,0.0,0.0,0.0,5.8329864,6.8609533,0.0
0.0,0.0,0.0,0.0,0.0,0.0,1.0395705,0.0,0.0,0.0,0.0,0.0,2.4396424,0.0,0.0,0.0,0.19077411,0.0,0.0,0.0,0.0,0.0,0.0,4.8814063,0.0,0.0,0.0,0.0,0.0,0.0,0.0,0.0,1.2225953,0.0,0.0,0.0,0.0,0.0,0.945187,0.0,0.0,0.0,0.0,0.0,0.0,0.0,0.0,0.0,0.0,0.0,0.0,0.0,0.0,0.0,0.0,0.0,0.0,0.0,0.0,0.0,0.0,0.0,0.0,0.0,0.0,0.0,0.0,0.0,3.4939203,0.0,0.0,0.0,0.0,0.0,0.0,0.0,2.20432,0.0,0.0,0.0,0.0,0.0,0.0,0.0,0.0,0.0,0.0,0.0,0.0,0.0,0.0,0.0,0.0,0.0,0.0,0.0,0.0,0.0,0.0,0.0,0.0,0.0,0.24839096,0.0,0.0,0.0,0.0,0.0,0.0,2.918741,0.0,0.0,0.0,0.0,0.0,0.0,0.0,0.0,0.0,0.0,0.0,0.0,0.0,0.0,0.0,6.732271,4.244491,0.0
0.0,0.0,3.3746285,0.0,0.0,0.0,0.0,0.0,6.58748,0.0,0.0,0.0,0.0,0.0,0.0,0.0,11.70728,0.0,0.0,2.267691,0.0,0.0,0.0,0.0,0.0,0.0,0.0,0.0,0.0,0.0,3.6855257,0.0,0.6992625,0.0,0.0,0.0,0.0,0.0,6.9428644,0.0,0.0,0.0,0.0,0.0,0.5794546,0.0,0.0,15.355967,3.780517,0.0,0.0,0.0,0.0,0.0,0.0,0.0,0.0,0.0,0.0,0.0,0.0,0.0,0.0,0.0,0.0,0.0,0.0,0.0,0.0,0.0,0.0,0.0,0.0,0.0,0.0,1.7151186,0.0,0.097861364,0.0,0.0,11.419623,0.0,0.0,0.0,0.0,0.0,0.0,0.0,0.11124095,0.0,0.0,0.0,0.0,0.0,6.653343,0.0,4.332715,0.0,0.0,0.0,0.0,0.0,0.0,0.0,0.0,0.0,0.0,0.0,0.0,0.0,7.1709337,0.0,0.0,0.0,0.0,0.0,1.5397177,0.0,0.0,0.0,0.0,0.0,0.0,0.0356199,0.0,0.0,0.0,0.0
0.0,0.0,0.0,0.0,0.0,0.0,0.0,1.8197613,0.0,1.5524807,1.8830745,0.0,0.0,0.0,0.0,0.0,0.0,0.0,0.0,0.0,0.0,0.0,0.0,0.0,6.7555156,0.0,0.952576,0.0,0.0,0.0,9.648051,0.0,0.0,0.0,0.0,0.65560293,0.0,0.0,0.0,7.137929,0.0,0.0,0.0,0.0,0.0,0.0,0.0,1.1146128,0.0,0.0,0.0,5.771332,0.0,0.0,0.0,1.1461838,0.0,0.0,0.0,0.0,0.0,0.0,0.0,0.0,0.0,0.0,0.0,0.0,0.0,0.0,0.0,0.0,0.0,0.0,0.0,10.173363,0.0,0.0,0.0,0.0,0.0,0.0,0.0,0.0,12.097464,0.0,0.0,0.0,0.0,0.0,0.0,0.2261463,3.6636362,0.0,0.0,0.0,17.14067,0.0,0.0,0.0,0.0,0.0,3.8499317,0.0,17.056196,0.0,0.0,0.55843157,0.0,0.0,0.0,0.0,2.464049,0.0,0.0,0.0,0.0,0.0,0.0,0.0,0.0,0.0,6.7510056,0.0,0.0,0.0,0.0,0.0
0.0,0.0,0.0,0.0,0.0,0.0,6.115241,0.0,0.0,0.0,0.0,0.0,3.0314655,2.214806,0.0,0.0,0.0,0.0,0.0,0.0,0.0,1.9802922,0.0,0.78042316,0.0,0.0,0.0,0.0,0.0,0.0,0.0,0.0,0.0,0.0,0.0,0.0,0.735716,0.0,3.5403295,0.0,0.0,0.0,0.0,0.0,0.0,0.0,0.0,0.0,0.0,0.0,0.0,0.0,0.0,0.0,0.0,0.0,0.0,0.0,0.0,0.0,0.0,0.0,0.0,0.0,0.0,0.0,0.0,0.0,3.6788034,0.0,0.0,1.6126096,0.0,0.0,0.0,0.0,0.60174984,0.0,0.0,0.0,0.0,0.0,0.0,0.0,0.032778323,0.0,0.0,4.5809603,0.0,0.0,0.0,0.0,0.0,0.0,0.0,0.0,0.0,0.0,0.0,0.0,0.0,0.0,2.5611563,5.2611604,0.0,0.0,0.0,0.0,0.0,5.2273135,0.0,0.0,0.0,0.0,0.0,0.0,0.0,0.0,0.0,0.0,0.0,0.0,0.0,0.0,0.0,7.4399967,4.0102763,0.0
0.0,0.0,2.9156578,0.91558087,0.0,0.0,0.0,0.0,0.51448137,0.0,0.0,0.0,0.018437453,9.206009,0.0,0.0,0.0,0.0,0.0,4.2900457,0.0,0.52144945,0.0,5.582252,0.0,0.0,0.0,0.0,0.0,0.0,0.0,0.0,1.3002067,0.0,0.0,0.0,0.0,0.0,9.593079,0.0,0.0,0.0,0.0,0.0,0.0,0.0,0.0,0.0,0.0,0.0,0.0,0.0,0.0,0.0,0.0,0.0,0.0,0.0,0.0,0.0,2.4180245,0.0,0.0,0.0,0.0,0.0,0.0,0.0,0.0,0.0,0.0,0.0,0.0,0.0,0.0,0.0,5.3046775,0.0,0.0,0.0,8.035365,0.0,0.0,0.0,0.0,0.0,0.0,9.125715,0.0,0.0,0.0,0.0,0.0,0.0,11.206076,0.0,0.0,0.0,0.0,0.0,0.0,0.0,0.0,0.020632852,0.0,0.0,0.0,0.0,11.48515,0.0,0.0,0.0,0.0,0.0,0.0,0.0,0.0,0.0,0.0,0.0,0.0,0.0,0.0,0.0,0.0,12.024875,0.0,0.0
4.9291835,0.0,0.0,0.0,0.0,0.0,17.387836,0.0,0.0,0.0,25.38648,0.0,0.0,0.0,0.0,0.0,0.0,0.0,0.0,0.0,0.0,0.0,0.0,0.0,14.611946,0.0,0.0,0.0,0.0,0.0,0.0,0.0,0.0,0.0,0.0,0.0,0.0,0.0,0.0,14.555561,0.0,0.0,0.0,0.0,0.0,0.0,0.0,0.0,12.688382,0.0,0.0,0.0,0.0,0.0,0.0,0.0,0.0,0.0,0.0,0.0,0.0,0.0,0.0,0.0,0.0,0.0,0.0,0.0,0.0,0.0,0.0,0.0,0.0,0.0,0.0,0.0,0.0,0.0,0.0,0.0,0.0,0.0,0.0,0.0,0.0,0.0,0.0,0.0,0.0,0.0,0.0,0.0,0.0,0.0,0.0,0.0,0.0,0.0,0.0,0.0,0.0,0.0,9.219461,0.0,0.0,0.0,0.0,0.0,0.0,0.0,0.0,0.0,0.0,0.0,0.0,13.252748,8.38156,0.0,0.0,0.0,0.0,0.0,0.0,0.0,0.0,0.0,0.0,0.0
0.0,0.0,0.0,0.0,0.0,0.0,6.3700624,0.0,0.0,0.0,0.0,0.0,2.8270009,0.7112631,0.0,0.0,0.0,0.0,0.0,0.0,0.0,0.71250176,0.0,1.8771305,0.0,0.0,0.0,0.0,0.0,0.0,0.0,0.0,0.0,0.0,0.0,0.0,1.5019673,0.0,0.96476996,0.0,0.0,0.0,0.0,0.0,0.0,0.0,0.0,0.0,0.0,0.0,0.0,0.0,0.0,0.0,0.0,0.0,0.0,0.0,0.0,0.0,0.0,0.0,0.0,0.0,0.0,0.0,0.0,0.0,4.000712,0.0,0.0,1.8162785,0.0,0.0,0.0,0.0,0.0,0.0,0.0,0.0,0.0,0.0,0.0,0.0,0.5038452,0.0,0.0,2.6307845,0.0,0.0,0.0,0.0,0.0,0.0,0.0,0.0,0.0,0.0,0.0,0.0,0.0,0.0,1.3882866,4.4996724,0.0,0.0,0.0,0.0,0.0,3.303051,0.0,0.0,0.0,0.0,0.0,0.0,0.0,0.0,0.0,3.0729482,0.0,0.0,0.11090541,0.0,0.0,3.2201371,2.1525908,0.0
0.0,0.0,16.745642,0.0,0.0,0.0,0.0,0.0,15.448875,0.0,0.0,0.0,0.0,16.328842,0.0,0.0,10.604179,0.0,0.0,14.139246,0.0,0.0,0.0,23.148497,0.0,0.0,0.0,0.0,0.0,0.0,0.0,0.0,0.0,0.0,0.0,0.0,0.0,0.0,7.3399415,0.0,0.0,0.0,0.0,0.0,0.0,0.0,0.0,0.0,0.0,0.0,0.0,0.0,0.0,0.0,0.0,0.0,0.0,0.0,0.0,0.0,0.0,0.0,0.0,0.0,0.0,0.0,0.0,0.0,0.0,0.0,0.0,0.0,0.0,0.0,0.0,0.0,5.3978443,0.0,0.0,0.0,30.961843,0.0,0.0,0.0,0.0,0.0,0.0,12.353898,0.0,0.0,0.0,0.0,0.0,0.0,0.0,0.0,16.65512,0.0,0.0,0.0,0.0,0.0,0.0,0.0,0.0,0.0,0.0,0.0,0.0,0.0,0.0,0.0,0.0,0.0,0.0,0.0,12.082141,0.0,0.0,0.0,0.0,0.0,0.0,0.0,0.0,17.234068,0.0,0.0
0.0,0.0,0.0,0.0,0.0,0.0,3.9799645,0.0,0.0,0.0,0.0,0.0,3.006462,0.0,0.0,0.0,0.20791915,0.0,0.0,0.0,0.0,0.0,0.0,8.699841,0.0,0.0,0.0,0.0,0.0,0.0,0.0,0.0,3.1761572,0.0,0.0,0.0,0.0,0.0,0.0,0.0,0.0,0.0,0.0,0.0,0.0,0.0,0.0,0.0,0.0,0.0,0.0,0.0,0.0,0.0,0.0,0.0,0.0,0.0,0.0,0.0,0.0,0.0,0.0,0.0,0.0,0.0,0.0,0.0,8.4775305,0.0,0.0,0.0,0.0,0.0,0.0,0.0,0.0,0.0,0.0,0.0,0.0,0.0,0.0,0.0,0.0,0.0,0.0,0.0,0.0,0.0,0.0,0.0,0.0,0.0,0.0,0.0,0.0,0.0,0.0,0.0,0.0,0.0,0.5924374,0.31349075,0.0,0.0,0.0,0.0,0.0,3.6744096,0.0,0.0,1.0986832,0.0,0.0,0.0,0.0,0.0,0.0,0.595246,0.0,0.0,0.0,0.0,0.0,6.443097,5.5013585,0.0
0.0,0.0,0.0,0.0,0.0,1.2474144,0.0,0.384951,0.0,0.114355266,4.306752,0.0,0.0,0.0,0.0,0.0,0.0,0.0,0.0,0.0,0.0,0.0,0.0,0.0,0.18720192,0.0,0.2246164,0.0,0.0,0.0,5.576814,0.0,0.0,0.0,0.0,0.0,0.0,0.0,0.0,1.7684752,0.0,0.0,0.0,0.0,0.0,0.0,1.3989314,3.711863,0.48057452,0.0,0.0,1.4083074,0.0,0.0,0.0,0.0,0.0,0.0,0.0,0.0,0.0,0.0,0.0,0.0,0.0,0.0,0.0,0.0,0.0,0.0,0.0,0.0,0.0,0.0,0.0,0.0,0.0,0.0,0.0,0.0,0.0,0.0,0.0,0.0,0.0,0.0,0.0,0.0,0.0,0.0,0.0,0.0,0.0,0.0,0.0,0.0,3.0971591,0.0,0.0,0.0,0.0,0.0,3.4169781,0.0,4.103932,0.0,0.0,0.0,0.0,0.0,0.0,0.0,0.0,0.0,0.0,2.7088447,0.0,0.0,0.0,0.0,0.0,0.0,1.1955769,0.0,0.0,0.0,0.0,0.0
0.0,0.0,0.0,3.6552536,0.0,0.0,0.0,0.0,3.0053465,0.0,2.029797,0.0,0.0,0.0,0.0,0.0,0.0,0.0,0.0,0.0,0.0,0.0,3.2546349,1.1208361,0.0,0.0,0.0,0.0,0.0,5.935231,2.2767093,0.0,0.0,0.0,0.0,0.0,1.9917719,0.0,0.0,1.8668058,0.0,0.0,0.0,0.0,0.0,0.0,2.5189214,0.0,5.6675506,0.0,0.0,0.5933594,0.0,0.0,0.0,0.0,0.0,0.0,0.0,1.5679878,0.0,0.0,0.0,0.0,0.0,0.0,0.0,0.0,0.0,0.0,0.0,0.0,0.0,0.0,0.0,0.0,2.9674907,0.0,0.0,0.0,0.0,0.0,0.0,0.0,2.0340724,0.0,0.0,0.0,0.0,0.0,0.0,0.0,0.0,0.0,0.0,0.0,3.893106,0.0,0.0,0.0,0.0,0.0,0.0,0.0,0.0,2.292916,0.0,3.3229902,1.583094,0.8492785,0.0,0.0,1.8441273,0.0,0.0,0.0,1.4953014,0.0,0.0,0.0,0.0,0.0,0.0,0.0,0.0,4.694573,0.68929267,0.0
2.307442,0.0,0.35422802,0.0,0.0,0.0,1.150575,0.0,0.0,0.0,6.341989,0.0,0.0,0.0,0.0,0.0,0.0,0.0,0.0,0.0,0.0,0.0,0.0,0.0,0.0,0.0,0.0,0.0,0.0,0.0,0.7530077,0.0,0.0,0.0,0.0,0.0,0.0,1.966339,0.0,2.5632284,0.0,0.0,0.0,0.0,3.9466567,0.0,0.04222712,1.1775255,0.0,0.0,0.0,0.82053196,0.0,0.0,0.0,0.0,0.0,0.0,0.0,0.0,0.0,0.0,0.0,0.0,0.0,0.0,0.0,0.20133257,0.0,0.0,0.0,0.0,0.0,0.0,0.0,0.0,2.22658,0.0,0.0,0.0,0.0,0.0,0.0,0.0,0.0,0.0,0.0,0.0,0.0,0.0,0.0,0.0,0.0,0.0,0.0,0.0,0.0,0.0,0.0,0.0,0.0,0.0,0.9492242,0.0,0.0,0.0,0.0,0.0,0.0,0.0,0.0,0.0,1.7278382,0.0,0.0,3.690057,0.0,0.0,0.0,0.0,0.0,0.0,0.0,0.0,0.0,0.0,0.0,0.0
0.0,0.0,0.0,0.0,0.0,0.0,0.0,1.4101628,0.0,0.0,6.68134,0.0,0.1062091,0.0,0.0,0.0,0.0,0.0,0.0,0.0,0.0,0.0,0.0,0.0,6.875074,0.0,0.0,0.0,0.0,0.0,0.1644059,0.0,0.0,0.0,0.0,0.7107051,0.0,0.0,0.0,12.704483,0.0,0.0,0.0,0.0,0.0,0.0,0.0,5.923373,0.0,0.0,0.0,0.0,0.0,0.0,0.0,0.0,0.0,0.0,0.0,0.0,0.0,0.0,0.0,0.0,0.0,0.0,0.0,0.0,0.0,0.0,0.0,0.0,0.0,0.0,0.0,2.4345982,0.0,0.0,0.0,0.0,9.507514,0.0,0.0,0.0,0.0,0.0,0.0,0.0,0.0,0.0,0.0,2.4241586,0.0,0.0,0.0,0.0,12.316499,0.0,0.0,0.0,0.0,0.0,1.8003411,0.0,3.974634,0.0,0.0,0.0,0.0,0.0,0.0,0.0,2.1051047,0.0,0.0,4.591888,0.0,0.0,0.0,0.0,0.0,0.0,3.1033437,0.0,0.0,0.0,0.0,0.0
5.876094,0.0,6.47706,0.0,0.0,0.0,0.0,0.0,0.0,0.0,5.091596,0.0,0.0,0.0,0.0,0.0,0.0,0.0,0.0,0.0,0.0,0.0,0.0,0.0,0.0,0.0,0.0,0.0,0.0,0.0,0.0,0.0,3.5074184,0.0,0.0,0.0,0.0,2.6026661,0.0,0.0,0.0,0.0,0.0,0.0,0.9535887,0.0,0.0,0.0,0.0,0.0,0.0,0.0,2.2107255,0.0,0.0,0.0,0.0,0.0,0.0,0.0,0.0,0.0,0.0,0.0,0.0,0.0,0.0,0.0,0.4528003,0.0,0.0,0.0,0.0,0.0,0.0,0.0,5.944959,0.0,0.0,0.0,0.0,0.0,0.0,0.0,0.0,0.0,0.0,0.0,0.0,0.0,0.0,0.0,0.0,0.0,10.534054,0.0,0.0,0.0,0.0,0.0,0.0,0.0,7.0689073,0.0,0.0,0.0,0.0,0.0,8.035728,0.0,2.7229917,0.0,0.0,0.0,0.0,6.7019353,0.0,0.0,0.0,0.0,0.0,0.0,0.0,0.0,0.0,2.5417347,0.0,0.0
0.0,0.0,10.832732,0.0,0.0,0.0,0.0,0.0,0.0,0.0,0.0,0.0,0.0,18.689005,0.0,0.0,8.242886,0.0,0.0,6.6347513,0.0,0.0,0.0,0.0,0.0,0.0,0.0,0.0,0.0,0.0,0.0,0.0,5.103635,0.0,0.0,0.0,0.0,0.0,0.0,0.0,0.0,0.0,0.0,0.0,0.0,0.0,0.0,0.0,0.0,0.0,0.0,0.0,0.0,0.0,0.0,8.966119,0.0,0.0,0.0,0.0,0.0,0.0,0.0,0.0,0.0,0.0,0.0,0.0,0.0,0.0,0.0,0.0,0.0,0.0,0.0,0.0,0.0,0.0,0.0,0.0,19.091532,0.0,0.0,0.0,0.0,0.0,0.0,3.9978979,0.0,0.0,0.0,0.0,0.0,0.0,0.0,0.0,8.513906,0.0,0.0,0.0,0.0,0.0,2.6349704,0.0,0.0,0.0,0.0,0.0,0.0,0.0,0.0,0.0,0.0,0.0,0.0,0.0,12.424608,0.0,0.0,0.0,0.0,10.202143,0.0,0.0,0.0,0.0,0.0,0.0
0.0,0.0,0.45423996,0.0,0.0,0.0,0.0,0.90908575,0.0,0.0,3.7760532,0.0,0.0,0.0,0.0,0.0,0.0,0.0,0.0,0.0,0.0,0.0,0.0,0.0,1.4747808,0.0,0.0,0.0,0.0,0.0,1.6500784,0.0,0.0,0.0,0.0,0.0,0.0,0.0,0.0,3.1614594,0.0,0.0,0.0,0.0,0.12389888,0.0,0.08828465,4.1517324,0.007885536,0.0,0.0,0.6790352,0.0,0.0,0.0,0.0,0.0,0.0,0.0,0.0,0.0,0.0,0.0,0.0,0.0,0.0,0.0,0.0,0.0,0.0,0.0,0.0,0.0,0.0,0.0,0.0,0.0,0.0,0.0,0.0,2.6918678,0.0,0.0,0.0,0.0,0.0,0.0,0.0,0.0,0.0,0.0,1.3856796,0.0,0.0,0.0,0.0,3.886464,0.0,0.0,0.0,0.0,0.0,0.79138017,0.0,0.008829441,0.0,0.0,0.0,0.0,0.0,0.0,0.0,0.0,0.0,0.0,2.489546,0.0,0.0,0.0,0.0,0.0,0.0,1.4229242,0.0,0.0,0.0,0.0,0.0
0.0,0.0,0.0,0.0,0.0,0.0,6.7902265,0.0,0.0,0.0,9.002069,0.0,0.0,0.0,0.0,0.0,0.0,0.0,0.0,0.0,0.0,0.0,0.0,0.0,6.1944995,0.0,2.3932412,0.0,0.0,2.284394,0.0,0.0,0.0,0.0,0.0,0.0,0.0,0.0,0.0,8.088147,0.0,0.0,0.0,0.0,0.97404975,0.0,0.0,0.0,3.9374452,0.0,0.0,6.611407,0.0,0.0,0.0,5.4986386,0.0,0.0,0.0,0.0,0.0,0.0,0.0,0.0,0.0,0.0,0.0,0.0,0.0,0.0,0.0,0.0,0.0,0.0,0.0,0.0,0.0,0.0,0.0,0.0,0.0,0.0,0.0,0.0,4.5159283,0.0,0.0,0.0,0.0,0.0,0.0,1.2642944,0.0,0.0,0.0,0.0,5.273031,0.0,0.0,0.0,0.0,0.0,0.0,0.0,2.5539734,1.1518178,0.0,4.5133476,0.0,0.0,0.0,0.0,4.290588,0.0,0.0,1.6254532,0.78100884,0.0,0.0,0.0,0.0,0.0,2.0437317,0.0,0.0,0.0,0.0,0.0
0.0,0.0,0.0,0.0,0.0,0.0,0.0,0.0,0.0,0.0,8.384196,0.0,0.0,0.0,0.0,0.0,0.0,0.0,0.0,0.0,0.0,0.0,0.0,0.0,0.0,0.0,0.0,0.0,0.0,0.0,7.3503237,0.0,0.0,0.0,0.0,0.0,0.0,0.0,0.0,6.598384,0.0,0.0,0.0,0.0,1.959578,0.0,0.0,4.370866,2.1936126,0.0,0.0,0.47616726,0.0,0.0,0.0,0.0,0.0,0.0,0.0,0.0,0.0,0.0,0.0,0.0,0.0,0.0,0.0,1.3487355,0.0,0.0,0.0,0.0,0.0,0.0,0.0,0.0,0.0,0.0,0.0,0.0,0.0,0.0,1.5212443,0.0,0.0,0.0,0.0,0.0,0.0,0.0,0.0,0.19994871,0.0,0.0,0.0,0.0,1.7772135,0.0,0.0,0.0,0.0,0.0,4.1020784,0.0,3.0869927,0.0,0.0,0.0,0.0,0.0,0.0,0.0,0.0,0.0,0.0,1.5369726,0.0,0.0,0.0,0.0,0.0,0.0,0.0,0.0,0.0,0.0,0.0,0.0
0.0,0.0,0.0,0.0,0.0,0.0,0.0,1.6015989,7.960857,0.0,3.4828088,0.0,0.0,0.0,0.0,0.0,1.6560626,0.0,0.0,0.0,0.0,0.0,0.0,4.3508377,0.0,0.0,0.0,0.0,0.0,0.0,0.9313085,0.0,0.0,0.0,0.0,2.994634,0.0,0.0,0.0,5.987243,0.0,0.0,0.0,0.0,0.0,0.0,0.0,8.336378,0.0,0.0,0.0,0.0,0.0,0.0,0.0,0.0,0.0,0.0,0.0,0.0,0.0,0.0,0.0,0.0,0.0,0.0,0.0,0.0,0.0,0.0,0.0,0.0,0.0,0.0,0.0,4.2159953,0.0,0.0,0.0,0.0,5.552769,0.0,0.0,0.0,0.0,0.0,0.0,0.0,0.0,0.0,0.0,0.0,0.0,0.0,0.0,0.0,7.111584,0.0,0.0,0.0,0.0,0.0,0.0,0.0,4.2519245,0.0,0.40348363,0.0,0.0,0.0,0.0,0.0,0.37198827,0.0,0.0,0.0,0.4248952,0.0,0.0,0.0,0.0,0.0,1.1438876,0.0,0.0,0.0,0.0,0.0
6.7400374,0.0,2.955057,0.0,0.0,0.0,0.0,0.0,0.0,0.0,7.9432373,0.0,0.0,0.0,0.0,0.0,0.0,0.0,0.0,0.0,0.0,0.0,6.3881793,0.0,0.0,0.0,0.0,0.0,0.0,0.0,6.7505865,0.0,0.0,0.0,0.0,0.0,0.0,0.0,0.0,0.0,0.0,0.0,0.0,0.0,0.0,0.0,7.220722,8.434982,3.6323538,0.0,0.0,0.0,0.0,0.0,0.0,0.0,0.0,0.0,0.0,0.0,0.0,0.0,0.0,0.0,0.0,0.0,0.0,0.15631117,0.0,0.0,0.0,0.0,0.0,0.0,0.0,5.163002,0.0,0.0,0.0,0.0,4.676031,0.0,0.0,0.0,0.0,0.0,0.0,1.8608646,6.4110713,0.0,0.0,0.95796657,0.0,0.0,0.0,5.207006,1.4900849,0.0,0.0,0.0,0.0,0.0,0.0,0.0,2.9180284,0.0,0.0,0.45327562,2.6353445,0.0,5.0121927,0.0,0.0,0.0,0.0,10.632208,3.9815829,0.0,0.0,0.0,0.0,0.0,0.0,0.5769616,0.0,0.0,0.0,0.0
0.3320838,0.0,0.0,0.0,0.0,0.0,0.0,0.0,0.0,0.0,0.0,0.0,0.0,0.039997216,0.0,0.0,0.0,0.0,0.0,0.0,0.0,0.0,0.0,4.7245674,0.0,0.0,0.0,0.0,0.0,0.0,0.0,0.0,4.913066,0.0,0.0,0.0,0.0,0.0,4.2360907,0.0,0.0,0.0,0.0,0.0,0.0,0.0,0.0,0.0,0.0,0.0,0.0,0.0,0.0,0.0,0.0,0.0,0.0,0.0,0.0,0.0,0.0,0.0,0.0,0.0,0.0,0.0,0.0,0.0,2.2929235,0.0,0.0,0.0,0.0,0.0,0.0,0.0,3.599597,0.0,0.0,0.0,4.138495,0.0,0.0,0.0,0.0,0.0,0.0,1.125226,0.0,0.0,0.0,0.0,0.0,0.0,3.8052852,0.0,0.0,0.0,0.0,0.0,0.0,0.0,4.6612735,0.0,0.0,0.0,0.0,0.0,4.298286,0.0,0.85591483,0.0,0.0,0.0,0.0,0.0,0.0,0.0,0.0,0.0,0.0,0.0,0.0,0.0,0.0,9.839454,0.96703666,0.0
0.0,0.0,0.0,0.0,0.0,0.0,1.5860846,0.0,0.0,0.0,0.0,0.0,2.784226,0.0,0.0,0.0,0.0,0.0,0.0,0.0,0.0,0.0,0.0,3.6756728,0.0,0.0,0.0,0.0,0.0,0.0,0.0,0.0,2.98264,0.0,0.0,0.0,0.0,0.0,2.3419635,0.0,0.0,0.0,0.0,0.0,0.0,0.0,0.0,0.0,0.0,0.0,0.0,0.0,0.0,0.0,0.0,0.0,0.0,0.0,0.0,0.0,0.0,0.0,0.0,0.0,0.0,0.0,0.0,0.0,4.926441,0.0,0.0,0.0,0.0,0.0,0.0,0.0,1.6560171,0.0,0.0,0.0,0.0,0.0,0.0,0.0,0.0,0.0,0.0,0.0,0.0,0.0,0.0,0.0,0.0,0.0,0.0,0.0,0.0,0.0,0.0,0.0,0.0,0.0,2.49538,0.9411941,0.0,0.0,0.0,0.0,0.0,1.9627068,0.0,0.0,0.0,0.0,0.0,0.0,0.0,0.0,0.0,0.0,0.0,0.0,0.0,0.0,0.0,5.6853485,5.1392035,0.0
0.0,0.0,0.0,0.0,0.0,0.0,1.2696277,0.0,0.0,0.0,0.49966577,0.0,0.0,0.0,0.0,0.0,0.0,0.0,0.0,0.0,0.0,0.0,0.0,1.6867083,2.7504098,0.0,0.0,0.0,0.0,2.682369,0.0,0.0,0.0,0.6799297,0.0,0.0,0.0,0.0,0.0,0.0,0.0,0.0,0.0,0.0,0.0,0.0,0.0,0.0,0.0,0.0,0.0,1.945062,0.0,0.0,0.0,3.1858323,0.0,0.0,0.0,0.0,0.0,0.0,0.0,0.0,0.0,0.0,0.0,0.0,0.0,0.0,0.0,0.05331201,0.0,0.0,0.0,0.0,0.0,0.0,0.0,0.0,0.0,0.0,0.0,0.0,3.3363805,0.0,0.0,0.0,0.0,0.0,0.0,0.46835142,2.0981941,0.0,0.0,0.0,1.2195175,0.0,0.0,0.0,0.0,0.0,0.3068294,0.0,3.118322,0.0,0.6602751,0.0,0.0,0.0,0.0,0.0,4.7266498,0.0,0.0,0.0,0.0,0.0,0.0,0.42256993,0.0,0.0,3.7240999,0.0,0.0,0.0,0.0,0.0
0.0,0.0,0.0,0.0,0.0,0.0,1.6776415,0.0,0.0,0.0,0.0,0.0,2.6569881,0.0,0.0,0.0,0.57595795,0.0,0.0,0.0,0.0,0.0,0.0,4.491573,0.0,0.0,0.0,0.0,0.0,0.0,0.0,0.0,2.2881854,0.0,0.0,0.0,0.0,0.0,1.6324683,0.0,0.0,0.0,0.0,0.0,0.0,0.0,0.0,0.0,0.0,0.0,0.0,0.0,0.0,0.0,0.0,0.0,0.0,0.0,0.0,0.0,0.0,0.0,0.0,0.0,0.0,0.0,0.0,0.0,4.545679,0.0,0.0,0.0,0.0,0.0,0.0,0.0,1.4191635,0.0,0.0,0.0,0.0,0.0,0.0,0.0,0.0,0.0,0.0,0.82093036,0.0,0.0,0.0,0.0,0.0,0.0,0.0,0.0,0.0,0.0,0.0,0.0,0.0,0.0,2.5489244,0.6841643,0.0,0.0,0.0,0.0,0.0,2.7066896,0.0,0.0,0.0,0.0,0.0,0.0,0.0,0.0,0.0,0.0,0.0,0.0,0.0,0.0,0.0,5.4013467,4.6286983,0.0
4.7396946,0.0,2.900235,0.0,0.0,0.0,0.0,0.0,0.0,0.0,0.0,0.0,0.0,12.456048,0.0,0.0,0.0,0.0,0.0,0.0,0.0,5.0718145,0.0,0.0,0.0,0.0,0.0,0.0,0.0,0.0,0.0,0.0,0.0,0.0,0.0,0.0,0.0,0.0,10.842941,0.0,0.0,0.0,0.0,0.0,0.0,0.0,0.0,0.0,0.0,0.0,0.0,0.0,3.0650027,0.0,0.0,0.0,0.0,0.0,0.0,0.0,0.0,0.0,0.0,0.0,0.0,0.0,0.0,0.0,2.3801103,0.0,0.0,0.0,0.0,0.0,0.0,0.0,5.27449,0.0,0.0,0.0,0.0,0.0,0.0,0.0,0.0,0.0,0.0,10.652909,0.0,0.0,0.0,0.0,0.0,0.0,16.982407,0.0,0.0,0.0,0.0,0.0,0.0,0.0,10.487249,11.374581,0.0,0.0,0.0,0.0,9.952238,0.0,0.0,0.0,0.0,0.0,0.0,0.0,0.0,0.0,0.0,0.0,5.7054944,0.0,0.0,0.0,0.0,12.181088,0.0,0.0
0.0,0.0,0.0,0.0,0.0,0.0,4.1026797,0.0,0.0,0.0,0.0,0.0,1.7185057,2.6014428,0.0,0.0,0.0,0.0,0.0,0.0,0.0,0.0,0.0,0.59370726,0.0,0.0,0.0,0.0,0.0,0.0,0.0,0.0,2.1641006,0.0,0.0,0.0,0.0,0.0,2.5115466,0.0,0.0,0.0,0.0,0.0,0.0,0.0,0.0,0.0,0.0,0.0,0.0,0.0,0.0,0.0,0.0,0.0,0.0,0.0,0.0,0.0,0.0,0.0,0.0,0.0,0.0,0.0,0.0,0.0,4.134843,0.0,0.0,0.98353666,0.0,0.0,0.0,0.0,0.0,0.0,0.0,0.0,0.0,0.0,0.0,0.0,0.0,0.0,0.0,4.0285215,0.0,0.0,0.0,0.0,0.0,0.0,0.0,0.0,0.0,0.0,0.0,0.0,0.0,0.0,6.4071374,5.125821,0.0,0.0,0.0,0.0,0.0,1.8288857,0.0,0.0,0.0,0.0,0.0,0.0,0.0,0.0,0.0,0.0,0.0,0.0,0.0,0.0,0.0,4.013669,3.0680234,0.0
0.0,0.0,0.0,0.0,0.0,0.0,4.1816316,0.0,0.0,0.0,0.0,0.0,3.5840495,1.8900583,0.0,0.0,0.0,0.0,0.0,0.5731332,0.0,3.936067,0.0,1.0598675,0.0,0.0,0.0,0.0,0.0,0.9417379,0.0,0.0,0.0,0.0,0.0,0.0,1.5229542,0.0,2.6240542,0.0,0.0,0.0,0.0,0.0,0.0,0.0,0.6265424,0.0,0.0,0.0,0.0,0.0,0.0,0.0,0.0,0.0,0.0,0.0,0.2049833,0.0,0.0,0.0,0.0,0.0,0.0,0.0,0.0,0.0,1.1257715,0.0,0.0,1.3255819,0.0,0.0,0.0,0.0,2.384149,0.0,0.0,0.0,0.0,0.0,0.0,0.0,1.3205544,0.0,0.0,3.9237664,0.0,0.0,0.0,0.0,0.0,0.0,0.0,0.0,0.0,0.0,0.0,0.0,0.0,0.0,0.0,3.6996217,0.0,0.0,0.0,0.0,0.0,5.7589574,0.0,0.0,0.0,0.0,0.0,0.0,0.0,0.0,0.0,0.0,0.0,0.0,0.0,0.0,0.0,9.267428,3.1579661,0.0
0.05646129,0.0,0.0,0.0,0.0,1.0565361,3.0982118,0.0,0.0,0.0,4.038577,0.0,0.0,0.0,0.0,0.0,0.0,0.0,0.0,0.0,0.0,0.0,0.0,0.0,0.7789709,0.0,0.0,0.0,0.0,0.0,0.0,0.0,0.0,0.3467762,0.0,0.0,0.13611262,0.0883464,0.0,1.0149529,0.0,0.0,0.0,0.0,0.33667842,0.0,0.0,1.5760363,0.0,0.0,0.0,2.2117314,0.0,0.0,0.0,0.0,0.0,0.0,0.0,0.0,0.0,0.0,0.0,0.0,0.0,0.0,0.0,0.0,0.0,0.0,0.0,0.0,0.0,0.0,0.0,0.0,0.0281933,0.0,0.0,0.0,0.0,0.0,0.0,0.0,0.5562788,0.0,0.0,0.0,0.0,0.0,0.0,0.0,0.0,0.0,0.0,0.0,0.82942253,0.0,0.0,0.0,0.0,0.0,1.4490871,0.0,0.0,0.0,1.7665255,0.0,0.0,0.0,0.0,0.0,0.34366447,0.0,0.0,1.499415,0.24639925,0.0,0.0,0.0,0.0,0.0,1.4994442,0.0,0.0,0.0,1.2754581,0.0
0.0,0.0,0.0,0.0,0.0,0.0,0.0,0.0,0.0,0.0,4.988831,0.0,0.0,0.0,0.0,0.0,0.0,0.0,0.0,0.0,0.0,0.0,0.0,0.0,0.0,0.0,0.056805708,0.0,0.0,0.0,12.287174,0.0,0.0,0.0,0.0,0.0,0.0,0.0,0.0,9.689552,0.0,0.0,0.0,0.0,2.744342,0.0,0.0,0.06785913,4.0976396,0.0,0.0,3.0622056,0.0,0.0,0.0,0.0,0.0,0.0,0.0,0.0,0.0,0.0,0.0,0.0,0.0,0.0,0.0,0.9686515,0.0,0.0,0.0,0.0,0.0,0.0,0.0,3.2145343,0.0,0.0,0.0,0.0,2.1109185,0.0,3.1336315,0.0,0.0,0.0,0.0,0.0,0.0,0.0,0.0,2.4131877,0.0,0.0,0.0,0.0,5.219407,0.0,0.0,0.0,0.0,0.0,4.693105,0.0,5.8650503,0.0,0.0,3.679624,0.0,0.0,0.0,0.0,1.6167893,0.0,0.0,3.03569,0.0,0.0,0.0,0.0,0.0,0.0,0.0,0.0,0.0,0.0,0.0,0.0
0.0,0.0,0.0,0.0,0.0,0.0,1.5807068,0.0,0.0,0.0,6.7620068,0.0,0.0,0.0,0.0,0.0,0.0,0.0,0.0,0.0,0.0,0.0,1.1147531,0.0,5.6487803,0.0,9.820616,0.0,0.0,16.035297,1.3526033,0.0,0.0,0.0,0.0,0.0,0.0,3.3887718,0.0,9.932332,0.0,0.0,0.0,0.0,0.0,0.0,8.994674,0.0,22.370054,0.0,0.0,2.7571883,0.0,0.0,0.0,0.0,0.0,0.0,0.0,0.0,0.0,0.0,0.0,0.0,0.0,0.0,0.0,0.0,0.0,0.0,0.0,0.0,0.0,0.0,0.0,2.6696663,0.0,0.0,0.0,0.0,0.0,0.0,0.0,0.0,6.8517838,0.0,0.0,0.0,0.0,0.0,0.0,0.0,0.0,0.0,0.0,0.0,11.919678,0.0,0.0,0.0,0.0,0.0,0.0,0.0,3.0049946,4.9688973,0.0,13.989688,0.0,0.0,0.0,0.0,0.0,0.0,0.0,0.0,6.2936573,0.0,0.0,0.0,0.0,0.0,10.678739,0.0,0.0,0.0,0.0,0.0
10.449909,0.0,3.4986885,0.9723131,0.0,0.0,0.0,0.0,0.0,0.0,0.0,0.0,0.0,0.0,0.0,0.0,0.0,0.0,0.0,0.0,0.0,0.0,0.0,0.0,0.0,0.0,0.0,0.0,0.0,0.0,0.0,0.0,1.7090576,0.0,0.0,0.0,0.0,0.0,3.3309796,0.0,0.0,0.0,0.0,0.0,0.0,0.0,0.0,0.0,0.0,0.0,0.0,0.0,3.3783724,0.0,0.0,0.0,0.0,0.0,0.0,0.0,2.0311575,0.0,0.0,0.0,0.0,0.0,0.0,0.0,2.4008758,0.0,0.0,0.0,0.0,0.0,0.0,0.0,5.516909,0.0,0.0,0.0,0.0,0.0,0.0,0.0,0.0,0.0,0.0,3.2194645,0.0,0.0,0.0,0.0,0.0,0.0,10.678977,0.0,0.0,0.0,0.0,0.0,0.0,0.0,5.012457,0.0,0.0,0.0,0.0,0.0,9.962967,0.0,0.29938778,0.0,0.0,0.0,0.0,4.681444,0.0,0.0,0.0,0.0,0.8864737,0.0,0.0,0.0,0.0,6.4009132,0.0,0.0
8.66841,0.0,9.937922,0.0,0.0,0.0,0.0,0.0,0.0,0.0,5.41879,0.0,2.8772128,0.0,0.0,0.0,0.0,0.0,0.0,0.0,0.0,0.0,0.0,0.0,0.0,0.0,0.0,0.0,0.0,0.0,0.0,0.0,0.0,0.0,0.0,0.0,0.0,0.0,0.0,0.0,0.0,0.0,0.0,0.0,0.2230739,0.0,3.030033,4.8212366,0.0,0.0,0.0,0.0,1.4929842,0.0,0.0,0.0,0.0,0.0,0.0,0.0,0.0,0.0,0.0,0.0,0.0,0.0,0.0,0.0,4.4626102,0.0,0.0,0.0,0.0,0.0,0.0,0.0,2.937542,0.0,0.0,0.0,2.6584904,0.0,0.0,0.0,0.0,0.0,0.0,4.400996,5.1775312,0.0,0.0,0.0,0.0,0.0,8.085446,0.0,0.0,0.0,0.0,0.0,0.0,0.0,2.973431,0.0,0.0,0.0,0.0,0.0,8.998356,0.0,5.995794,0.0,0.0,0.0,0.0,13.0819845,0.0,0.0,0.0,0.0,0.0,0.0,0.0,0.0,0.0,0.0,0.0,0.0
0.0,0.0,0.0,0.22105037,0.0,0.0,0.7258219,0.0,0.0,0.0,5.7695994,0.0,0.0,0.0,0.0,0.0,0.0,0.0,0.0,0.0,0.0,0.0,0.0,0.0,0.0,0.0,0.0,0.0,0.0,1.1455963,3.0221827,0.0,0.0,0.0,0.0,0.0,0.13952802,0.0,0.0,4.8415046,0.0,0.0,0.0,0.0,0.48191816,0.0,0.0,0.0,2.4867935,0.0,0.0,4.0959325,0.0,0.0,0.0,0.9138038,0.0,0.0,0.0,0.0,0.0,0.0,0.0,0.0,0.0,0.0,0.0,0.0,0.0,0.0,0.0,0.0,0.0,0.0,0.0,0.80447286,0.3106071,0.0,0.0,0.0,0.0,0.0,0.0,0.0,3.1744416,0.0,0.0,0.0,0.0,0.0,0.0,0.14432682,0.0,0.0,0.0,0.0,4.0321536,0.0,0.0,0.0,0.0,0.0,0.0,0.0,3.9025533,2.2548435,0.0,2.6232402,0.0,0.0,0.0,0.0,3.324732,0.0,0.0,0.0,0.0,0.0,0.0,0.0,0.0,0.0,1.1010698,0.0,0.0,0.0,0.0,0.0
0.0,0.0,0.0,1.3529058,0.0,0.0,0.0,0.0,5.6394534,0.0,5.2374516,0.0,0.0,0.0,0.0,0.0,0.0,0.0,0.0,0.0,0.0,0.0,0.0,2.9403288,4.2846127,0.0,0.0,0.0,0.0,6.300925,8.222287,0.0,0.0,0.0,0.0,0.0,0.0,0.0,0.0,12.381302,0.0,0.0,0.0,0.0,0.0,0.0,0.0,0.0,5.3261585,0.0,0.0,2.5035992,0.0,0.0,0.0,3.4340327,0.0,0.0,0.0,0.0,0.0,0.0,0.0,0.0,0.0,0.0,0.0,0.0,0.0,0.0,0.0,0.0,0.0,0.0,0.0,10.196403,0.0,0.0,0.0,0.0,0.0,0.0,0.0,0.0,12.503241,0.0,0.0,0.0,0.0,0.0,0.0,0.0,0.0,0.0,0.0,0.0,12.798531,0.0,0.0,0.0,0.0,0.0,0.0,0.0,13.730967,6.961762,0.0,7.8639383,0.0,0.0,0.0,0.0,7.6974993,0.0,0.0,0.0,0.0,0.0,0.0,0.0,0.0,0.0,0.0,0.0,0.0,0.0,0.0,0.0
1.3389059,0.0,0.0,0.0,0.0,0.0,0.49470675,0.0,0.0,0.0,4.9764485,0.0,0.0,0.0,0.0,0.0,0.0,0.0,0.0,0.0,0.0,0.0,0.0,0.0,2.923385,0.0,0.0,0.0,0.0,3.2269964,0.8519262,0.0,0.0,0.0,0.0,0.0,0.0,0.0,0.0,8.468001,0.0,0.0,0.0,0.0,5.144592,0.0,0.0,0.0,1.8510754,0.0,0.0,1.5591236,0.0,0.0,0.0,1.7497069,0.0,0.0,0.0,0.0,0.0,0.0,0.0,0.0,0.40249735,0.0,0.0,0.5274177,0.0,0.0,0.0,0.0,0.0,0.0,0.0,0.0,0.8663019,0.0,0.0,0.0,1.9501784,0.0,0.0,0.0,0.0,0.0,0.0,0.0,0.0,0.0,0.0,0.0,0.0,0.0,1.1852121,0.0,0.8513172,0.0,0.0,0.0,0.0,0.0,0.0,0.0,0.0,0.1697454,0.0,3.022543,0.0,0.0,1.4155716,0.0,7.052201,0.0,0.0,5.0592837,0.0,0.0,0.0,0.0,0.0,0.0,0.0,0.0,0.0,0.0,0.16331962,0.0
0.0,0.0,0.44285178,5.767834,0.0,0.0,0.0,0.0,6.5486364,0.0,0.0,0.0,3.116183,3.4216514,0.0,0.0,1.8829942,0.0,0.0,2.4213324,0.0,1.2727958,0.0,10.342618,0.0,0.0,0.0,0.0,0.0,0.16355355,0.0,0.0,0.0,0.0,0.0,0.0,0.0,0.0,2.6026843,0.0,0.0,0.0,0.0,0.0,0.0,0.0,0.0,1.9046854,0.6075459,0.0,0.0,0.0,0.0,0.0,0.0,0.0,0.0,0.0,0.0,0.0,4.4321675,0.0,0.0,0.0,0.0,0.0,0.0,0.0,0.0,0.0,0.0,0.0,0.0,0.0,0.0,0.0,3.4928532,0.40997523,0.0,0.0,9.54236,0.0,0.0,0.0,0.0,0.0,0.0,6.923525,0.0,0.0,0.0,0.0,0.0,0.0,10.552285,0.0,5.2182164,0.0,0.0,0.0,0.0,0.0,0.0,0.0,0.0,0.0,0.0,0.0,11.553133,0.0,1.9508904,0.0,0.0,0.0,0.0,0.93231946,0.0,0.0,0.0,0.0,1.042899,0.0,0.0,0.0,0.0,7.120256,0.0,0.0
0.0,0.0,0.0,0.0,0.0,0.0,1.6776415,0.0,0.0,0.0,0.0,0.0,2.6569881,0.0,0.0,0.0,0.57595795,0.0,0.0,0.0,0.0,0.0,0.0,4.491573,0.0,0.0,0.0,0.0,0.0,0.0,0.0,0.0,2.2881854,0.0,0.0,0.0,0.0,0.0,1.6324683,0.0,0.0,0.0,0.0,0.0,0.0,0.0,0.0,0.0,0.0,0.0,0.0,0.0,0.0,0.0,0.0,0.0,0.0,0.0,0.0,0.0,0.0,0.0,0.0,0.0,0.0,0.0,0.0,0.0,4.545679,0.0,0.0,0.0,0.0,0.0,0.0,0.0,1.4191635,0.0,0.0,0.0,0.0,0.0,0.0,0.0,0.0,0.0,0.0,0.82093036,0.0,0.0,0.0,0.0,0.0,0.0,0.0,0.0,0.0,0.0,0.0,0.0,0.0,0.0,2.5489244,0.6841643,0.0,0.0,0.0,0.0,0.0,2.7066896,0.0,0.0,0.0,0.0,0.0,0.0,0.0,0.0,0.0,0.0,0.0,0.0,0.0,0.0,0.0,5.4013467,4.6286983,0.0
0.0,0.0,0.0,0.0,0.0,0.0,2.104502,0.0,2.4056585,0.0,7.841867,0.0,0.0,0.0,0.0,0.0,0.8089413,0.0,0.0,0.0,0.0,0.0,0.0,0.0,1.6369247,0.0,0.0,0.0,0.0,0.22909749,0.0,0.0,0.0,0.0,0.0,0.0,0.0,0.0,0.0,5.000841,0.0,0.0,0.0,0.0,0.06311795,0.0,0.0,2.6884444,0.0,0.0,0.0,1.8883113,0.0,0.0,0.0,2.1870596,0.0,0.0,0.0,0.0,0.0,0.0,0.0,0.0,0.0,0.0,0.0,0.0,0.0,0.0,0.0,0.0,0.0,0.0,0.0,0.0,0.0,0.0,0.0,0.0,0.0,0.0,0.0,0.0,1.8569064,0.0,0.0,0.0,0.0,0.0,0.0,0.0,0.0,0.0,0.0,0.0,5.0211215,0.0,0.0,0.0,0.0,0.0,0.0,0.0,1.5167708,0.0,0.33983347,0.0,0.0,0.0,0.0,0.0,0.76692265,0.0,0.0,0.0,2.6118312,0.0,0.0,0.0,0.0,0.0,3.1159573,0.0,0.0,0.0,0.1945822,0.0
0.0,0.0,0.0,0.0,0.0,0.0,5.6864576,0.0,0.0,0.0,0.0,0.0,1.0605744,0.0,0.0,0.0,0.0,0.0,0.0,0.0,0.0,0.0,0.0,1.4607788,0.39768615,0.0,0.0,0.0,0.0,0.0,0.0,0.0,0.0,0.0,0.0,0.0,1.148024,0.0,1.3888826,0.0,0.0,0.0,0.0,0.0,0.0,0.0,0.0,0.0,0.0,0.0,0.0,0.0,0.0,0.0,0.0,0.0,0.0,0.0,0.0,0.0,0.0,0.0,0.0,0.0,0.0,0.0,0.0,0.0,2.9314902,0.0,0.0,3.2478163,0.0,0.0,0.0,0.0,0.0,0.0,0.0,0.0,0.0,0.0,0.0,0.0,1.2512466,0.0,0.0,1.2543956,0.0,0.0,0.0,0.0,0.6309844,0.0,0.0,0.0,0.0,0.0,0.0,0.0,0.0,0.0,2.7731037,3.3795164,0.0,0.0,0.0,0.0,0.0,1.2807113,0.0,0.0,0.0,0.0,0.0,0.0,0.0,0.0,0.0,3.0481863,0.0,0.0,1.4577484,0.0,0.0,2.2054906,1.441376,0.0
0.0,0.0,0.0,0.0,0.0,0.0,3.5108879,0.0,13.076494,0.0,15.029797,0.0,0.0,0.0,0.0,0.0,0.0,0.0,0.0,0.0,0.0,0.0,0.0,1.4217262,2.825992,0.0,0.0,0.0,0.0,0.12583888,5.7854743,0.0,0.0,0.0,0.0,0.0,0.0,0.0,0.0,9.212822,0.0,0.0,0.0,0.0,2.555016,0.0,0.0,3.9755697,0.42332017,0.0,0.0,0.0,0.0,0.0,0.0,6.8328376,0.0,0.0,0.0,0.0,0.0,0.0,0.0,0.0,0.0,0.0,0.0,4.2536106,0.0,0.0,0.0,0.0,0.0,0.0,0.0,6.276659,0.0,0.0,0.0,0.0,0.0,0.0,0.0,0.0,0.0,0.0,0.0,0.0,0.0,0.0,0.0,0.0,0.0,0.0,0.0,0.0,2.1577597,0.0,0.0,0.0,0.0,0.0,0.0,0.0,12.139202,8.347805,0.0,0.0,0.0,0.0,0.0,0.0,3.7115352,0.0,0.0,0.0,0.03012631,0.0,0.0,0.0,0.0,0.0,0.0,0.0,0.0,0.0,0.0,0.0
0.0,0.0,0.0,0.0,0.0,0.37998742,4.2855325,0.0,0.0,0.0,0.0,0.0,2.032164,0.047259502,0.0,0.0,0.0,0.0,0.0,0.0,0.0,2.357848,0.0,0.38127917,0.0,0.0,0.0,0.0,0.0,0.0,0.0,0.0,0.0,0.0,0.0,0.0,0.6420156,0.0,2.5812752,0.0,0.0,0.0,0.0,0.0,0.0,0.0,0.0,0.0,0.0,0.0,0.0,0.36674786,0.0,0.0,0.0,0.0,0.0,0.0,0.0,0.0,0.0,0.0,0.0,0.0,0.0,0.0,0.0,0.0,2.0670226,0.0,0.0,1.361197,0.0,0.0,0.0,0.0,1.2962407,0.0,0.0,0.0,0.0,0.0,0.0,0.0,0.32534558,0.0,0.0,2.0900044,0.0,0.0,0.0,0.0,0.0,0.0,0.0,0.0,0.0,0.0,0.0,0.0,0.0,0.0,1.7099607,3.8831336,0.0,0.0,0.0,0.0,0.0,3.2205882,0.0,0.0,0.0,0.0,0.0,0.0,0.0,0.0,0.0,0.0,0.0,0.0,0.0,0.0,0.0,5.5591874,3.3418264,0.0
0.0,0.0,0.0,0.0,0.0,0.0,2.6724355,0.0,0.0,0.0,0.0,0.0,1.3415359,4.466098,0.0,0.0,0.0,0.0,0.0,0.0,0.0,0.37950456,0.0,0.0,0.0,0.0,0.0,0.0,0.0,0.0,0.0,0.0,0.7228098,0.0,0.0,0.0,0.0,0.0,3.6545537,0.0,0.0,0.0,0.0,0.0,0.0,0.0,0.0,0.0,0.0,0.0,0.0,0.0,0.0,0.0,0.0,0.0,0.0,0.0,0.0,0.0,0.0,0.0,0.0,0.0,0.0,0.0,0.0,0.0,2.1219041,0.0,0.0,0.87717247,0.0,0.0,0.0,0.0,1.939141,0.0,0.0,0.0,0.0,0.0,0.0,0.0,0.0,0.0,0.0,5.9784822,0.0,1.089284,0.0,0.0,0.0,0.0,0.06576194,0.0,0.0,0.0,0.0,0.0,0.0,0.0,5.409787,5.152146,0.0,0.0,0.0,0.0,0.0,3.284476,0.0,0.0,0.0,0.0,0.0,0.0,0.0,0.0,0.0,0.0,0.0,0.0,0.0,0.0,0.0,5.318693,2.7051275,0.0
7.519718,0.0,1.2031813,0.23023863,0.0,0.0,0.0,0.0,0.0,0.0,0.0,0.0,3.4989927,0.0,0.0,0.0,0.0,0.0,0.0,0.0,0.0,0.0,0.59939617,0.0,0.0,0.0,0.0,0.0,0.0,0.8470502,2.0461452,0.0,0.0,0.0,0.0,0.0,0.0,0.0,0.0,0.0,0.0,0.0,0.0,0.0,0.0,0.0,7.6689568,0.5032272,0.0,0.43644506,0.0,0.0,4.963575,0.0,0.0,0.0,3.1801088,0.0,0.0,0.0,0.0,0.0,0.0,0.0,0.0,0.0,0.0,0.0,4.0460277,0.0,0.0,0.0,0.0,0.0,0.0,0.0,0.0,0.0,0.0,0.0,0.0,0.0,0.0,0.0,0.0,0.0,0.0,0.24044216,5.5902157,0.0,0.0,0.0,0.0,0.0,0.0,0.0,0.0,0.0,0.0,0.0,0.0,0.0,0.0,0.0,0.0,0.0,0.0,4.030522,2.9162824,0.0,2.8139305,0.0,0.0,0.0,0.0,7.5555944,0.4541039,0.0,0.0,0.0,0.0,0.0,0.0,0.0,0.0,0.0,0.0,0.0
8.678877,0.0,0.0,0.0,0.0,0.0,0.0,0.0,0.0,0.0,0.0,0.0,1.6531899,0.0,0.0,0.0,0.0,0.0,0.0,3.0081105,0.0,0.0,0.4926757,0.0,0.0,0.0,0.0,0.0,0.0,3.0054193,9.200111,0.0,0.0,0.0,0.0,0.0,0.0,0.0,0.0,0.6891271,0.0,0.0,0.0,0.0,0.0,0.0,7.8649635,0.0,3.7429163,2.2267165,0.0,0.0,7.631507,0.0,0.0,0.0,0.0,0.0,0.22556192,0.0,0.0,0.0,0.0,0.0,0.0,0.0,0.0,0.0,0.0,0.0,0.0,0.0,0.0,0.0,0.0,0.02386404,0.0,0.0,0.0,0.0,0.0,0.0,0.0,0.0,0.0,0.0,0.0,0.0,3.4881241,0.0,0.0,0.0,0.0,0.0,0.0,1.9058822,0.0,0.0,0.0,0.0,0.0,0.0,0.0,0.0,0.0,0.0,0.0,6.6299205,7.226902,0.6383385,10.09282,0.0,0.0,0.0,0.0,1.9253759,0.0,0.0,0.0,0.0,0.0,0.0,0.0,0.0,0.0,0.0,0.0,0.0
0.0,0.0,0.0,0.0,0.0,0.0,6.639999,0.0,0.0,0.0,6.4002614,0.0,0.0,0.0,0.0,0.0,0.0,0.0,0.0,0.0,0.0,0.0,0.0,1.6560249,0.6683034,0.0,0.0,0.0,0.0,0.0,0.0,0.0,3.4124641,0.0,0.0,0.0,0.0,0.0,0.0,0.0,0.0,0.0,0.0,0.0,0.049617708,0.0,0.0,0.0,0.0,0.0,0.0,0.0,0.0,0.0,0.0,0.0,0.0,0.0,0.0,0.0,0.0,0.0,0.0,0.0,0.0,0.0,0.0,0.0,5.864635,0.0,0.0,0.0,0.0,0.0,0.0,0.0,0.0,0.0,0.0,0.0,0.0,0.0,0.0,0.0,0.0,0.0,0.0,0.0,0.0,0.0,0.0,0.0,3.1709356,0.0,0.0,0.0,0.0,0.0,0.0,0.0,0.0,0.0,12.892294,0.0,0.0,0.0,0.0,0.0,0.0,0.0,0.0,0.0,0.0,0.0,0.0,2.3534782,0.0,0.0,0.0,0.0,0.0,0.0,0.0,0.0,0.0,6.0078506,3.7119079,0.0
0.0,0.0,0.0,0.0,0.0,0.0,0.0,0.0,4.0385656,0.0,0.0,0.0,0.0,0.0,0.0,0.0,0.0,0.0,0.0,0.0,0.0,0.0,0.0,0.0,1.2133096,0.0,1.9752371,0.0,0.0,9.647491,8.994124,0.0,0.0,0.0,0.0,1.6774824,0.0,0.0,0.0,9.244112,0.0,0.0,0.0,0.0,0.0,0.0,7.4150515,0.0,10.0462475,0.0,0.0,0.0,0.0,0.0,0.0,0.0,0.0,0.0,0.0,0.0,0.0,0.0,0.0,0.0,0.0,0.0,0.0,0.0,0.0,0.0,0.0,0.0,0.0,0.0,0.0,12.921787,0.0,0.0,0.0,0.0,11.055538,0.0,0.0,0.0,7.1038485,0.0,0.0,0.0,0.0,0.0,0.0,4.586018,0.0,0.0,0.0,0.0,12.709572,0.0,0.0,0.0,0.0,0.0,0.0,0.0,11.230415,0.0,0.0,3.4675665,0.0,0.0,2.3642292,0.0,0.16397965,0.0,0.0,0.0,0.0,0.0,0.0,0.0,0.0,0.0,2.1926217,0.0,0.0,0.0,0.0,0.0
0.29557642,0.0,0.0,0.0,0.0,0.0,8.3285,0.0,0.0,0.0,7.4219756,0.0,0.0,0.0,0.0,0.0,0.0,0.0,0.0,0.0,0.0,0.0,0.0,0.0,4.7400374,0.0,0.0,0.0,0.0,0.0,0.0,0.0,0.0,0.5670637,0.0,0.0,0.0,0.0,0.0,2.366813,0.0,0.0,0.0,0.0,0.4216236,0.0,0.0,0.0,0.5787169,0.0,0.0,4.8444104,0.0,0.0,0.0,1.5400697,0.0,0.0,0.0,0.0,0.0,0.0,0.0,0.0,0.0,0.0,0.0,0.0,0.0,0.0,0.0,0.0,0.0,0.0,0.0,0.0,0.0,0.0,0.0,0.0,0.0,0.0,0.0,0.0,2.5450642,0.0,0.0,0.0,0.0,0.0,0.0,0.0,0.0,0.0,0.0,0.0,1.0432581,0.0,0.0,0.0,0.0,0.0,3.54218,0.0,0.0,0.0,0.15952726,0.7797853,0.0,0.0,0.0,0.0,2.273207,0.0,0.0,3.9619868,0.56519127,0.0,0.0,0.0,0.0,0.0,2.1871567,0.0,0.0,0.0,0.3456785,0.0
0.0,0.0,0.0,0.0,0.0,0.0,2.7077296,0.0,0.716007,0.0,1.5784094,0.0,0.0,0.0,0.0,0.0,0.15714672,0.0,0.0,0.0,0.0,0.0,0.0,0.0,0.16055745,0.0,0.0,0.0,0.0,0.0,0.0,0.0,0.0,0.49097264,0.0,0.18101133,0.9329152,0.0,0.39408144,0.11542072,0.0,0.0,0.0,0.0,0.0,0.0,0.0,0.61067265,0.0,0.0,0.0,0.20907667,0.0,0.0,0.0,0.7055113,0.0,0.0,0.0,0.16530061,0.0,0.0,0.0,0.0,0.0,0.0,0.0,0.0,0.0,0.0,0.0,0.0,0.0,0.0,0.0,0.0,0.0,0.0,0.0,0.0,0.0,0.0,0.0,0.0,2.6862202,0.0,0.0,0.0,0.0,0.0,0.0,0.0,0.0477567,0.0,0.0,0.0,1.2422436,0.0,0.0,0.0,0.0,0.0,0.0,1.1905714,0.08070813,0.0,0.7988521,0.0,0.0,0.0,0.0,0.0,0.0,0.0,0.0,0.0,0.51368916,0.0,0.0,0.0,0.0,0.0,1.795661,0.0,0.0,0.0,0.7269577,0.0
0.0,0.0,0.0,0.90561634,0.0,0.0,1.0165898,0.0,1.2443746,0.0,0.93181103,0.0,0.0,0.0,0.0,0.0,0.0,0.0,0.0,0.0,0.0,0.0,0.0,0.9061695,0.110651635,0.0,0.0,0.0,0.0,3.539858,0.73868245,0.0,0.0,0.0,0.0,0.0,1.6788571,0.0,0.0,0.91729164,0.0,0.0,0.0,0.0,0.0,0.0,0.0,0.0,2.0007691,0.0,0.0,0.8698407,0.0,0.0,0.0,0.78282666,0.0,0.0,0.0,0.0,0.0,0.0,0.0,0.0,0.0,0.0,0.0,0.0,0.0,0.0,0.0,0.0,0.0,0.0,0.0,1.1938602,0.0,0.0,0.0,0.0,0.0,0.0,0.0,0.0,2.773736,0.0,0.0,0.0,0.0,0.0,0.0,0.0,0.0,0.0,0.0,0.0,1.2119286,0.0,0.0,0.0,0.0,0.0,0.0,0.0,1.9793407,1.9132026,0.0,1.5378495,0.0,0.0,0.0,0.0,2.3036578,0.0,0.0,0.0,1.5169891,0.0,0.0,0.0,0.0,0.0,0.6352001,0.0,0.0,0.0,0.0,0.0
0.8852593,0.0,0.0,0.0,0.0,0.0,4.207842,0.0,0.0,0.0,6.2811193,0.0,0.0,0.0,0.0,0.0,0.0,0.0,0.0,0.0,0.0,0.0,0.0,0.0,4.135761,0.0,0.49808055,0.0,0.0,1.2941165,0.0,0.0,0.0,0.42352727,0.0,0.0,0.0,0.0,0.0,4.0764804,0.0,0.0,0.0,0.0,1.8151094,0.0,0.0,0.0,0.2519827,0.0,0.0,3.1866863,0.0,0.0,0.0,3.3337586,0.0,0.0,0.0,0.0,0.0,0.0,0.0,0.0,0.0,0.0,0.0,0.0,0.0,0.0,0.0,0.0,0.0,0.0,0.0,0.0,0.0,0.0,0.0,0.0,0.0,0.0,0.0,0.0,0.3928045,0.0,0.0,0.0,0.0,0.0,0.0,0.0,0.0,0.0,0.0,0.0,3.058739,0.0,0.0,0.0,0.0,0.0,0.0,0.0,0.0,0.0,0.0,0.031296987,0.0,0.0,0.0,0.0,3.6472523,0.0,0.0,2.0469656,1.2542976,0.0,0.0,0.0,0.0,0.33409268,0.9698206,0.0,0.0,0.0,1.6002785,0.0
0.0,0.0,0.0,0.0,0.0,0.0,3.478193,0.0,0.0,0.0,0.0,0.0,2.863623,0.0,0.0,0.0,0.0,0.0,0.0,0.0,0.0,0.0,0.0,7.566791,0.0,0.0,0.0,0.0,0.0,0.0,0.0,0.0,5.0941863,0.09508604,0.0,0.0,0.0,0.0,0.0,0.0,0.0,0.0,0.0,0.0,0.0,0.0,0.0,0.0,0.0,0.0,0.0,0.0,0.0,0.0,0.0,0.0,0.0,0.0,0.0,0.0,0.0,0.0,0.0,0.0,0.0,0.0,0.0,0.0,12.223293,0.0,0.0,0.0,0.0,0.0,0.0,0.0,0.0,0.0,0.0,0.0,0.0,0.0,0.0,0.0,0.0,0.0,0.0,0.0,0.0,0.0,0.0,0.0,0.0,0.0,0.0,0.0,0.0,0.0,0.0,0.0,0.0,0.0,3.6477215,0.0,0.0,0.0,0.0,0.0,0.0,0.0,0.0,0.0,1.4495748,0.0,0.0,1.6421878,0.0,0.0,0.0,1.3652503,0.0,0.0,0.0,0.0,0.0,4.203587,4.1048846,0.0
0.0,0.0,0.0,0.0,0.0,0.0,11.032877,0.0,7.7662554,0.0,17.988071,0.0,0.0,0.0,0.0,0.0,0.0,0.0,0.0,0.0,0.0,0.0,0.0,0.0,14.12247,0.0,4.733205,0.0,0.0,0.0,9.898621,0.0,0.0,0.0,0.0,0.0,0.0,0.0,0.0,13.626079,0.0,0.0,0.0,0.0,0.0,0.0,0.0,2.8812108,3.2822955,0.0,0.0,5.739457,0.0,0.0,0.0,15.760964,0.0,0.0,0.0,0.0,0.0,0.0,0.0,0.0,0.0,0.0,0.0,0.90744454,0.0,0.0,0.0,0.0,0.0,0.0,0.0,2.9398625,0.0,0.0,0.0,0.0,0.0,0.0,0.0,0.0,11.162959,0.0,0.0,0.0,0.0,0.0,0.0,4.386022,0.0,0.0,0.0,0.0,9.697089,0.0,0.0,0.0,0.0,0.0,0.48202127,0.0,19.108887,2.6093016,0.0,0.0,0.0,0.0,0.0,0.0,2.9272413,0.0,0.0,0.0,0.0,0.0,0.0,0.0,0.0,0.0,8.276909,0.0,0.0,0.0,0.0,0.0
1.352248,0.0,3.4314466,0.0,0.0,0.0,0.0,0.0,0.0,0.0,6.0963273,0.0,0.0,0.0,0.0,0.0,0.0,0.0,0.0,0.0,0.0,0.0,0.0,2.813388,0.0,0.0,0.0,0.0,0.0,0.0,0.0,0.0,2.1783447,0.0,0.0,0.0,0.0,0.9017232,0.0,0.0,0.0,0.0,0.0,0.0,3.5072753,0.0,0.15866815,0.82025176,0.0,0.0,0.0,0.0,0.0,0.0,0.0,0.0,0.0,0.0,0.0,0.0,0.0,0.0,0.0,0.0,0.0,0.0,0.0,0.0,3.3464177,0.0,0.0,0.0,0.0,0.0,0.0,0.0,5.3216734,0.0,0.0,0.0,2.2731068,0.0,0.0,0.0,0.0,0.0,0.0,0.0,0.0,0.0,0.0,0.0,0.0,0.0,2.0995526,0.0,0.0,0.0,0.0,0.0,0.0,0.0,1.4762912,0.0,0.0,0.0,0.0,0.0,2.2459948,0.0,0.03451786,0.0,0.0,0.0,0.0,5.4362855,0.0,0.0,0.0,0.0,0.0,0.0,0.0,0.0,0.0,1.5990678,0.0,0.0
0.0,0.0,8.678786,0.0,0.0,0.0,0.0,0.0,0.0,0.0,0.0,0.0,0.0,12.508337,0.0,0.0,3.1469743,0.0,0.0,0.824298,0.0,0.0,0.0,0.0,7.3262925,0.0,0.0,0.0,0.0,0.0,0.0,0.0,6.8857765,0.0,0.0,0.1085061,0.0,0.0,0.27574328,0.0,0.0,0.0,0.0,0.0,0.0,0.0,0.0,0.0,0.0,0.0,0.0,0.0,0.0,0.0,8.143403,0.0,0.0,0.0,0.0,0.0,0.0,0.0,0.0,0.0,0.0,0.0,0.0,0.0,0.0,0.0,0.0,0.0,0.0,0.0,0.0,0.0,0.0,0.0,0.0,0.0,0.0,0.0,0.0,0.0,0.0,0.0,0.0,0.0,0.0,1.6870053,0.0,0.0,0.0,0.0,0.0,0.0,0.0,0.0,0.0,0.0,0.0,0.0,14.078139,0.0,0.0,0.0,0.0,0.0,0.0,0.0,0.0,0.0,0.0,0.0,0.0,0.0,0.0,0.0,0.0,0.0,0.0,0.0,0.0,0.0,0.0,4.895169,0.0,0.0
0.0,0.0,0.0,4.726763,0.0,0.0,0.0,0.0,17.313646,0.0,0.0,0.0,16.161245,7.162317,0.0,0.0,0.0,0.0,0.0,2.344649,0.0,15.867642,0.0,19.071531,0.0,0.0,0.0,0.0,0.0,8.109556,0.0,0.0,0.0,0.0,0.0,0.0,0.0,0.0,0.915755,0.0,0.0,0.0,0.0,0.0,0.0,0.0,14.864831,0.0,0.0,0.0,0.0,0.0,0.0,0.0,0.0,0.0,0.0,0.0,0.0,2.8449275,0.0,0.0,0.0,0.0,0.0,0.0,0.0,0.0,0.0,0.0,0.0,0.0,0.0,0.0,0.0,0.0,0.3258918,0.0,0.0,0.0,12.415603,0.0,0.0,0.0,0.0,0.0,0.0,9.447616,0.0,0.0,0.0,0.0,0.0,0.0,4.594427,0.0,18.761953,0.0,0.0,0.0,0.0,0.0,0.0,0.0,0.0,0.0,0.0,0.0,13.223897,0.0,0.0,0.0,0.0,0.0,0.0,0.0,0.0,0.0,0.0,0.0,0.0,0.0,0.0,0.0,0.0,27.341078,0.0,0.0
0.0,0.0,3.340639,0.021575745,0.0,0.0,0.0,0.0,2.9063213,0.0,0.0,0.0,4.724035,8.188725,0.0,0.0,0.0,0.0,0.0,1.9140908,0.0,0.0,9.774968,4.751511,0.0,0.0,0.0,0.0,0.0,0.0,1.1587385,0.0,0.0,0.0,0.0,0.5251845,0.0,0.0,0.0,0.0,0.0,0.0,0.0,0.0,0.0,0.0,6.5121665,6.174374,5.1430144,0.0,0.0,0.0,0.0,0.0,0.0,0.0,0.0,0.0,0.0,5.828856,0.0,0.0,0.0,0.0,0.0,0.0,0.0,0.0,0.0,0.0,0.0,0.0,0.0,0.0,0.0,6.2122593,0.0,0.0,0.0,0.0,11.016556,0.0,0.0,0.0,0.0,0.0,0.0,7.876212,0.0,1.8854421,0.0,0.0,0.0,0.0,0.0,0.0,9.60329,0.0,0.0,0.0,0.0,0.0,0.0,0.0,2.634651,0.0,0.0,0.0,2.1639745,0.0,0.0,0.0,0.0,0.0,0.0,0.0,10.72471,0.0,0.0,0.0,0.0,0.0,0.0,0.0,0.0,0.0,0.0,0.0
1.281724,0.03700201,0.0,0.0,0.0,0.046033088,3.743414,0.0,0.0,0.0,3.3695982,0.0,0.0,0.0,0.0,0.0,0.0,0.0,0.0,0.0,0.0,0.0,0.0,0.0,0.0,0.0,0.0,0.0,0.0,0.0,1.7758158,0.0,0.0,0.0,0.0,0.0,1.1593739,0.0,0.0,2.0251749,0.0,0.0,0.0,0.0,0.40199664,0.0,0.0,0.0,1.3679621,0.03338954,0.0,3.2507284,0.0,0.28770697,0.0,0.35734177,0.0,0.0,0.0,0.0,0.0,0.0,0.0,0.0,0.0,0.0,0.0,0.0,0.0,0.0,0.0,0.0,0.0,0.0,0.0,0.0,0.9812521,0.0,0.0,0.0,0.0,1.4414392,0.0,0.0,1.2697786,0.0,0.0,0.0,0.0,0.0,0.0,0.0,0.0,0.0,0.0,0.0,0.46645185,0.0,0.0,0.0,0.0,0.0,0.0,1.4810728,0.76264524,1.8698533,0.0,1.4899535,0.0,0.0,0.0,0.0,0.0,0.0,0.0,0.11742093,0.0,0.0,0.0,0.0,0.0,0.0,0.0,0.0,0.0,0.9292019,1.9710478,0.0
0.0,0.0,0.0,0.3485293,0.0,0.0,1.310949,0.0,1.8761287,0.0,1.9630365,0.0,0.0,0.0,0.0,0.0,0.0,0.0,0.0,0.0,0.0,0.0,0.0,0.9062965,2.2992473,0.0,0.0,0.0,0.0,3.767859,0.0,0.0,0.0,0.0,0.0,0.0,0.8894102,0.0,0.0,2.1048913,0.0,0.0,0.0,0.0,0.46983102,0.0,0.0,0.0,1.061054,0.0,0.0,0.5700621,0.0,0.0,0.0,2.9217873,0.0,0.0,0.0,0.0,0.0,0.0,0.0,0.0,0.0,0.0,0.0,0.0,0.0,0.0,0.0,0.0,0.0,0.0,0.0,1.0234042,0.0,0.0,0.0,0.0,0.0,0.0,0.0,0.0,2.4229422,0.0,0.0,0.0,0.0,0.0,0.0,0.0,0.0,0.0,0.0,0.0,1.4535073,0.0,0.0,0.0,0.0,0.0,0.0,0.0,2.1257439,1.3053668,0.0,0.36536357,0.0,0.0,0.0,0.0,3.5135615,0.0,0.0,0.0,1.940549,0.0,0.0,0.0,0.0,0.0,0.16012198,0.0,0.0,0.0,0.0,0.0
