0.0,0.0,0.0,0.0,0.0,0.0,0.16771033,0.0,0.0,0.0,0.0,5.6910677,0.0,0.0,0.0,0.05477103,0.0,0.0,6.246496,11.515133,0.0,0.0,14.564334,3.6269164,0.0,0.0,13.315308,0.0,0.0,0.0,0.0,0.0,0.0,0.0,0.0,0.0,0.0,0.0,0.0,0.0,0.0,0.0,0.0,0.0,0.0,0.0,0.0,0.0,0.0,0.0,0.0,0.0,0.0,0.0,0.0,0.0,0.0,0.12715334,0.0,0.0,0.0,0.0,0.0,2.4606085,0.0,0.0,0.0,0.0,0.0,11.159206,0.0,0.0,0.0,0.0,0.0,0.0,0.0,0.0,0.0,0.0,4.221821,0.0,0.0,13.097991,0.0,5.0912375,0.0,5.970661,0.0,0.0,0.0,3.9039288,0.0,0.0,0.0,0.0,0.0,0.0,10.5507765,0.0,0.0,0.0,4.645673,9.871003,1.7859653,0.0,5.0733337,0.0,0.0,0.0,0.0,0.22117211,0.0,0.0,0.0,8.346232,2.772356,0.0,0.0,7.171752,8.16329,0.0,2.3368561,0.0,0.0,0.0,0.0,0.0
0.0,0.0,0.0,0.0,0.0,0.0,0.0,0.0,0.0,0.0,0.0,0.042898204,2.7667592,0.0,0.0,2.734653,0.0,2.041417,0.0,0.0,0.0,0.0,0.0,0.0,0.0,0.0,0.0,0.0,6.860541,0.0,0.0,0.0,0.0,0.0,7.2909856,4.9268365,0.0,0.0,0.0,0.0,0.0,0.0,0.0,0.0,0.0,0.0,0.0,0.0,0.0,0.0,3.6077611,0.0,0.0,0.0,0.0,0.0,4.0827613,5.8984494,0.0,0.0,0.0,0.0,0.0,0.0,2.4240563,0.0,0.0,0.0,0.0,2.6353729,10.229233,0.0,0.044848513,0.0,2.314953,0.0,0.0,0.0,0.0,0.0,0.0,0.6038796,0.0,10.2365885,0.0,0.0,0.0,4.9191413,0.0,0.0,0.0,0.0,0.0,0.0,0.0,0.0,0.0,0.0,8.532527,0.0,0.0,0.0,3.7996702,6.756524,0.8876506,0.0,0.74880636,0.0,0.0,0.0,0.8990551,7.259575,0.0,0.0,0.0,4.8694353,0.0,0.0,0.0,0.0,0.0,0.0,0.44655952,0.0,1.2755204,0.0,0.0,0.0
0.0,0.0,0.0,3.1213202,0.0,0.0,7.2878203,0.0,0.0,0.0,8.673395,0.0,5.9919095,0.0,0.0,0.0,0.0,0.0,0.0,0.0,0.0,0.0,0.0,4.6343107,0.0,0.0,8.02864,0.0,0.0,0.0,0.0,0.0,0.0,0.0,2.8806202,0.0,0.0,0.0,0.0,0.0,0.0,0.0,0.0,0.0,0.0,3.0675285,0.0,0.0,1.698507,0.0,5.5568357,7.9872236,0.0,0.0,0.0,0.0,0.0,12.263337,0.98493105,0.0,0.0,0.0,0.00043747947,0.0,0.0,0.0,0.0,7.1466994,0.0,0.9375549,0.0,0.0,3.7667408,0.0,2.3077397,0.0,0.21423075,0.0,0.0,0.0,0.0,0.0,0.0,0.0,0.0,0.0,0.0,0.0,0.0,0.0,0.0,4.9840302,0.0,0.9752784,0.0,0.0,0.0,0.0,0.0,0.0,0.0,0.0,0.0,4.6986227,6.2206473,0.0,0.0,0.0,0.0,0.0,3.2558043,0.0,9.784369,2.5280168,1.4531773,0.0,0.0,0.0,0.0,0.7746983,6.70246,0.0,0.0,0.0,0.0,0.0,0.0,2.4641757
0.0,0.5432157,2.288042,0.09045108,2.5649362,0.0,0.0,0.0,0.0,0.0,5.0096817,0.0,0.89768296,0.0,0.0,1.4487957,0.0,0.0,0.0,1.3900554,0.0,0.0,0.0,0.8622528,0.0,0.0,0.0,0.0,4.138078,0.0,0.0,0.0,0.0,0.9673547,4.2969275,3.882637,0.0,0.0,0.0,3.9080696,0.0,0.0,0.0,0.0,0.0,0.0,0.0,0.0,0.0,0.0,0.0,6.8832946,0.0,0.0,0.0,0.0,0.0,0.0,6.054074,0.0,0.0,0.0,2.8103044,0.0,0.0,0.0,0.0,0.0,0.0,0.15797204,2.000953,0.0,0.0,0.0,0.0,0.0,0.47019893,0.0,0.0,0.0,1.1703857,0.0,0.0,0.0,0.0,0.0,0.0,0.0,0.0,0.0,0.0,0.0,0.0,0.0,0.0,0.0,0.0,0.0,0.5263346,0.0,0.0,0.0,0.0,0.0,0.0,0.0,0.0,0.0,0.0,0.0,4.9202414,0.12422907,0.0,3.4790215,3.9400396,0.0,0.0,0.0,0.0,0.0,0.0,0.0,0.0,0.0,7.291583,0.0,0.0,0.7776504
0.0,0.0,0.0,6.394822,0.0,0.0,5.128145,0.0,0.0,0.0,0.0,0.0,0.0,0.0,0.0,0.0,0.0,4.0191145,0.25371653,9.050948,0.0,0.0,0.8301375,6.5737805,0.0,0.0,0.0,0.0,0.0,0.0,0.0,0.0,8.829781,0.0,0.0,0.9328536,0.0,0.0,1.6850448,0.0,0.0,0.0,0.0,3.154734,0.0,0.0,0.0,0.0,0.0,0.0,0.0,0.0,0.0,0.0,0.0,0.0,4.2741027,0.0,0.0,0.0,0.0,5.526602,0.0,0.0,0.0,0.0,0.0,0.0,0.0,10.164566,3.1388478,0.0,0.0,0.0,2.978223,0.0,0.095094584,0.0,0.0,0.0,4.5842047,5.3005247,0.0,7.3900733,0.0,0.0,0.0,0.0,0.0,0.0,0.0,5.198055,0.0,0.0,0.0,0.0,0.0,0.0,0.0,0.0,0.0,0.0,5.2385993,0.49557143,0.583829,0.0,0.0,0.0,0.0,0.0,0.0,0.0,0.0,0.0,0.0,7.1445994,0.0,0.0,0.0,0.0,3.0311942,0.0,0.0,0.0,0.0,0.0,0.0,0.0
0.0,1.3930709,0.0,1.3197383,0.0,0.0,2.030074,0.0,0.0,0.0,0.768928,12.138972,0.0,0.0,0.0,8.414248,0.0,0.0,0.0,4.423355,0.0,0.0,0.0,0.0,9.932348,0.0,0.0,0.0,1.6274561,0.0,0.0,0.0,0.0,0.0,0.0,1.9832726,0.53480667,0.0,0.0,0.32848558,0.0,0.0,0.0,0.0,0.0,0.0,0.0,0.0,0.0,0.0,0.0,3.5023007,0.0,0.0,0.0,0.0,0.0,4.7451,14.554246,0.0,0.0,0.6117524,10.519574,0.0,0.0,0.0,0.0,0.0,0.0,0.0,0.0,0.0,0.0,0.0,0.0,0.0,0.0,0.0,0.0,0.0,0.0,0.0,0.0,0.0,0.0,0.0,0.0,0.0,0.0,0.0,0.0,0.0,0.0,0.0,0.0,0.0,0.0,0.0,7.8778815,0.0,0.0,0.0,15.354764,0.0,0.0,0.0,0.0,0.0,0.0,0.0,0.0,4.105635,0.0,0.0,7.616301,0.0,0.0,0.0,0.0,0.0,0.0,0.0,0.0,0.0,0.0,0.0,0.0,0.0
0.0,0.0,0.71284217,0.73824704,0.0,0.13429706,6.4686413,0.0,0.0,0.0,1.7963775,2.071261,0.14582591,0.0,0.0,0.09005449,0.0,0.0,0.0,0.0,0.0,0.0,0.0,0.0,0.0,0.0,0.0,0.0,0.32494533,0.0,0.0,0.0,0.0,0.0,4.293618,3.3774636,0.0,0.0,0.0,1.8710873,0.0,0.0,0.0,0.0,0.0,0.0,0.0,0.0,0.0,0.0,0.0,11.622812,0.0,0.0,0.0,0.0,0.0,2.8487418,0.0,0.0,0.0,0.0,5.0354147,0.0,0.0,0.0,0.0,0.0,0.0,0.5084543,6.133777,0.0,1.9619509,0.0,0.0,0.0,1.5101593,0.0,0.0,0.0,0.0,0.0,0.0,0.0,0.0,0.0,0.0,0.0,0.0,0.0,0.0,0.0,0.0,0.0,0.0,0.0,0.0,0.0,0.0,0.0,0.0,0.0,0.0,5.8058615,0.0,0.0,0.0,0.0,0.0,0.0,0.36067548,0.0,3.9759562,0.79083467,0.0,0.0,0.0,0.0,0.0,0.0,0.0,0.0,0.0,0.0,0.0,0.0,3.6890743,0.0
0.0,2.5679789,2.169516,11.379744,0.0,0.0,0.3782756,0.0,0.0,0.0,0.0,6.9783983,0.0,0.0,0.0,0.0,0.0,2.292259,0.0,4.62063,0.0,0.0,0.0,0.0,0.0,0.0,0.0,0.0,0.8169459,0.0,0.0,0.0,0.0,0.0,0.0,4.9060864,0.0,0.0,5.071629,0.0,0.0,0.0,0.0,0.0,0.0,0.0,0.0,0.0,1.535607,0.0,0.0,3.8203995,0.0,0.0,0.0,0.0,9.702518,0.0,4.128088,0.0,0.0,0.0,9.190919,3.11132,0.0,0.0,0.0,0.0,0.0,0.0,6.7050853,0.0,0.0,0.0,0.0,0.0,0.0,0.0,0.0,0.0,0.0,0.0,0.0,7.079809,0.0,0.0,0.0,0.0,0.0,0.0,0.0,0.0,0.0,0.0,0.0,0.0,0.0,0.0,0.0,0.0,0.0,0.0,8.9428005,0.0,0.0,0.0,0.0,0.0,0.0,0.0,4.4712005,3.6910372,0.0,0.0,0.0,1.626443,0.0,0.0,0.0,0.0,0.0,0.0,0.0,0.0,0.0,0.0,0.0,0.0
0.0,1.5876968,3.8382792,4.7353344,1.1010901,4.5326314,3.3060238,0.0,0.0,0.0,0.0,0.0,0.0,0.0,0.0,4.8209453,0.0,6.850117,0.0,6.8585978,0.0,0.0,0.0,3.887833,0.0,0.0,0.0,0.0,3.1260178,0.0,0.0,0.0,0.0,0.0,2.2696924,0.0,0.0,0.0,0.0,0.0,0.0,0.0,0.0,5.801856,0.0,0.0,0.0,0.0,1.4528909,0.43966684,0.0,3.5500324,0.0,0.0,0.0,0.0,9.108669,0.0,0.0,0.0,0.0,1.1097609,0.58092004,1.8600192,0.0,0.0,0.0,0.0,0.0,1.0381585,5.748975,0.0,0.0,0.0,0.0,0.0,0.93028885,0.0,0.0,0.0,0.0,1.2733587,0.0,5.5843,0.0,0.0,0.0,0.0,0.0,0.0,0.0,0.0,0.0,0.0,0.0,0.4278607,0.0,0.0,0.0,0.0,0.0,0.0,1.3332026,2.5169268,0.0,0.0,0.0,0.0,0.0,0.0,5.0883884,0.0,0.0,0.0,0.0,0.0,0.0,0.0,0.0,0.0,0.0,0.0,0.0,0.0,0.0,0.0,0.0,0.0
0.0,0.0,0.0,3.6932178,0.0,0.0,4.0084386,0.0,0.0,0.0,4.2881975,4.702574,0.7357977,0.0,0.0,0.0,0.0,0.0,0.0,0.0,0.0,0.0,0.0,0.0,0.0,0.0,0.0,0.0,0.0,0.0,0.0,0.0,0.0,3.9078,2.2182186,0.4522313,0.0,0.0,1.7597399,0.0,0.0,0.0,0.0,0.0,0.0,0.0,0.0,0.0,0.0,0.0,0.0,6.815112,0.0,0.0,0.0,0.0,0.0,6.60611,0.20342879,0.0,0.0,0.0,0.0,0.80875653,0.0,0.0,0.0,4.5270486,0.0,6.084014,0.66671336,0.0,0.0,0.0,4.7808967,0.0,0.0,0.0,0.0,0.0,0.0,0.0,0.0,0.0,0.0,0.0,0.0,0.0,0.0,0.0,0.0,7.8953357,0.0,0.0,0.0,0.0,0.84693,0.0,0.0,0.0,0.0,0.0,0.0,7.34737,0.0,0.0,0.0,0.0,0.0,0.0,0.0,3.9132006,2.2707202,0.0,1.0618098,4.4343514,0.0,0.0,0.0,2.6937468,0.0,0.0,0.0,0.0,0.0,0.0,0.0,0.0
0.0,0.0,0.0,6.5985026,0.0,0.0,3.5036767,0.0,0.0,0.0,0.0,2.8930492,0.0,0.0,0.0,5.462495,0.0,0.5089015,0.0,9.998261,0.0,0.0,4.4277244,6.1993785,0.0,0.0,2.614475,0.0,0.0,0.0,0.0,0.0,0.0,0.0,0.0,0.0,0.0,0.0,0.5560845,0.0,0.0,0.0,0.0,4.606086,0.0,0.0,0.0,0.0,0.0,9.4901285,0.0,1.1972106,4.780343,0.0,0.0,0.0,0.0,0.0,3.1884031,0.0,0.0,0.0,0.0,0.0,0.0,0.0,0.0,0.0,0.0,11.6740265,0.0,0.0,0.0,0.0,0.0,0.0,0.61142683,0.0,0.0,0.0,0.0,0.0,0.0,8.167429,0.0,0.0,0.0,0.0,0.0,0.0,0.0,0.0,0.0,0.0,0.0,0.0,0.0,0.0,0.0,0.0,0.0,0.0,0.41362163,5.1147604,0.0,0.0,0.0,0.0,0.0,0.0,7.016183,0.0,0.0,0.0,0.0,6.962357,0.0,0.0,0.0,3.0829525,0.0,0.0,0.0,0.0,0.0,0.0,0.0,0.0
0.0,0.0,0.0,6.967877,0.0,0.0,0.0,0.0,0.0,0.0,6.067709,14.264651,0.04398044,0.0,0.0,0.0,0.0,0.0,8.118518,0.0,0.0,0.0,0.0,2.8671575,0.0,0.0,0.0,0.0,4.317283,0.0,0.0,0.0,0.0,0.0,0.0,0.0,0.0,0.0,0.0,0.0,0.0,0.0,0.0,0.0,0.0,0.0,0.0,0.0,0.0,0.0,10.867787,10.239638,0.0,0.0,0.0,0.0,0.0,1.0122863,9.374104,0.0,0.0,0.0,6.2957335,7.228595,0.0,0.0,0.0,6.1434526,0.0,2.440972,11.285754,0.0,0.0,0.0,4.9652314,0.0,0.0,0.0,0.0,0.0,4.275619,8.133765,0.0,0.0,0.0,0.0,0.0,8.143484,0.0,0.0,0.0,0.0,0.0,0.0,0.0,0.0,0.0,0.0,0.0,0.0,0.0,0.0,0.0,0.0,3.6393082,0.0,0.0,0.0,0.0,0.0,0.0,0.0,0.0,0.0,0.0,0.0,0.0,0.0,0.0,0.0,0.0,0.0,0.0,0.0,0.0,0.0,0.0,1.9329393
0.0,0.0,0.0,0.0,0.0,0.0,1.7503836,0.0,0.0,0.0,0.0,0.0,0.0,0.0,0.0,0.0,0.0,7.152396,11.890692,0.0,0.0,0.0,0.0,3.7673872,0.0,0.0,0.0,0.0,0.0,0.0,0.0,0.0,0.7581813,0.0,1.5741413,0.0,0.0,0.0,0.0,0.0,0.0,0.0,0.0,0.0,0.0,1.7803506,0.0,0.0,0.0,0.0,0.49064055,3.4614122,0.0,0.0,0.0,0.0,3.2613916,0.0,0.0,0.0,0.0,0.0,0.0,3.1360114,0.0,0.0,0.0,0.0,0.0,7.9553995,0.0,0.0,0.0,0.0,0.0,0.0,6.081095,0.0,0.0,0.0,6.238057,0.0,0.0,0.0,0.0,0.0,0.0,0.0,0.0,0.0,0.0,0.0,0.0,6.3016095,0.0,0.0,0.0,0.0,0.0,0.0,0.0,0.0,0.0,0.0,0.161197,0.0,0.0,0.0,0.0,0.0,10.65928,0.0,1.7232168,7.3872795,6.4516535,0.0,0.0,0.0,0.0,4.8120666,0.0,0.0,0.0,0.0,0.0,0.0,0.0,0.0
0.0,3.021448,0.0,3.627183,0.0,0.0,0.0,0.0,0.0,0.0,0.0,3.3739164,5.1222053,0.0,0.0,0.0,0.0,2.9261649,0.014273405,1.990433,0.0,0.0,0.0,0.0,0.0,0.0,0.0,0.0,0.0,0.0,0.0,0.0,0.0,0.0,3.2394605,11.613118,0.0,0.0,0.0,0.0,0.0,0.0,0.0,0.0,0.0,0.0,0.0,0.0,0.0,0.0,0.0,8.184856,0.0,0.0,0.0,0.0,13.931353,0.0,0.0,0.0,0.0,0.0,0.0,9.489009,0.0,0.0,0.0,0.0,0.0,0.0,10.46664,0.0,0.0,0.0,0.18007381,0.0,1.2223907,0.0,0.0,0.0,0.0,0.0,0.0,14.598824,0.0,0.0,0.0,0.0,0.0,0.0,0.0,0.0,0.0,0.0,0.0,0.0,0.0,0.0,0.0,0.0,0.0,0.0,9.382079,0.0,0.0,0.0,0.0,0.0,0.0,0.0,7.1210446,0.0,0.0,0.0,0.0,5.488243,0.0,0.0,0.0,5.5958786,0.0,0.0,0.0,0.0,0.0,0.0,0.0,0.0
0.0,6.2651596,0.0,0.0,0.0,0.0,0.5121798,0.0,0.0,0.0,1.4373888,0.0,0.0,0.0,0.0,0.7948612,0.0,1.8140124,3.8326662,6.751596,0.0,0.0,0.0,0.0,0.0,0.0,0.27399272,0.0,2.07886,0.0,0.0,0.0,0.0,0.0,3.8139684,0.27685425,2.2241986,0.0,0.0,6.8090096,0.0,0.0,0.0,0.0,0.0,0.0,0.0,0.0,1.0078511,0.0,0.0,7.930606,0.0,0.0,0.0,0.0,1.1940147,0.0,0.0,0.0,0.0,0.0,0.0,0.476258,0.0,0.0,0.0,0.0,0.0,5.3374715,7.4261937,0.0,0.0,0.0,0.0,0.0,9.69025,0.0,0.0,0.0,4.3796706,0.0,0.0,0.0,0.0,0.0,0.0,0.0,0.0,0.0,0.0,0.0,0.0,0.0,0.0,0.0,0.0,0.0,0.0,0.0,0.0,0.0,0.0,2.432549,0.0,0.0,0.0,0.0,0.0,0.0,10.600519,0.0,0.0,5.432496,6.523094,0.37383395,0.0,0.0,0.0,2.8174412,0.0,0.0,0.0,0.0,3.9560525,0.0,0.0,0.0
0.0,0.0,0.0,0.0,0.0,0.0,1.3251585,0.0,0.0,0.0,6.3014193,0.39825475,5.8554053,0.0,0.0,0.0,0.0,0.05199805,0.18208286,0.0,0.0,0.0,0.0,0.0,0.0,0.0,1.3272736,0.0,0.0,0.0,0.0,0.0,0.0,0.0,2.1353905,0.0,0.0,0.0,4.277457,0.0,0.0,0.0,0.0,0.0,0.0,0.0,0.0,0.0,0.0,0.0,4.1525435,4.7876325,0.0,0.0,0.0,0.0,0.0,13.882383,7.2267146,0.0,0.0,1.8545145,0.80768216,0.0,0.0,0.0,0.0,0.0,0.0,0.0,3.2362666,0.0,0.0,0.0,6.04449,0.0,0.0,0.0,0.0,0.0,0.0,0.0,0.0,0.0,0.0,0.0,0.0,0.0,0.0,0.0,0.0,1.389392,0.0,0.0,0.0,0.0,0.0,0.0,0.11176783,0.0,0.0,0.0,5.369608,0.0,2.5103738,0.0,0.0,0.0,0.0,0.0,0.0,4.0428247,0.0,0.0,3.6852968,1.2728289,0.0,0.0,5.9808507,0.0,0.0,0.0,3.9060736,0.0,0.0,0.0,0.0,1.4870054
0.0,0.0,1.8524238,0.0,2.2504094,2.7319317,6.7916145,0.0,0.0,0.0,2.3408396,0.0,2.2978106,0.0,0.0,0.0,0.0,3.9833014,0.0,0.0,0.0,0.0,0.0,3.1771758,0.0,0.0,0.0,0.0,3.067265,0.0,0.0,0.0,0.0,0.0,7.1923065,3.8347714,0.10987868,0.0,0.0,1.5832633,0.0,0.0,0.0,0.0,0.0,0.0,0.0,0.0,4.9899497,0.0,0.0,7.430994,0.0,0.0,0.0,0.0,2.3043685,3.5338492,0.08693014,0.0,0.0,0.0,2.9414923,0.0,0.0,0.0,0.0,0.0,0.0,0.0,4.9018626,0.0,4.440657,0.0,0.0,0.0,0.0,0.0,0.0,0.0,0.0,1.5037287,0.0,0.39920798,0.0,0.0,0.0,0.0,0.0,0.0,0.0,0.0,0.0,0.0,0.0,0.0,0.0,0.0,0.22946377,0.0,0.0,0.0,0.0,7.5886345,0.0,0.0,0.0,0.0,0.0,0.0,5.0395546,0.0,8.019887,2.9833314,0.0,0.0,0.0,0.0,0.0,0.0,0.0,0.0,0.0,0.0,5.7768826,0.0,3.0750296,0.0045240503
0.0,0.0,0.0,0.0,0.0,0.0,13.370622,0.0,0.0,0.0,0.0,0.0,0.0,0.0,0.0,8.503714,0.0,4.627924,15.016326,0.0,0.0,0.0,0.52068913,0.93385494,0.0,0.0,0.0,0.0,0.0,0.0,0.0,0.0,0.0,4.481638,0.0,0.0,3.8180723,0.0,0.0,0.0,0.0,0.0,0.0,0.0,0.0,0.0,4.882402,0.0,0.0,0.0,0.0,0.0,0.21603261,0.0,0.0,0.0,1.6649895,0.0,0.0,0.0,0.0,0.0,0.0,0.0,0.0,0.0,0.0,0.0,0.0,17.345785,0.0,0.0,0.0,0.0,0.0,0.0,0.64140546,0.0,0.0,0.0,0.0,0.0,0.0,0.0,0.0,0.0,0.0,0.0,0.0,0.0,0.0,0.0,0.0,0.0,0.0,0.22524804,0.0,0.0,7.630469,0.0,0.0,0.0,7.5216827,10.472667,0.0,0.0,0.0,0.0,0.0,0.0,5.4714837,0.0,0.0,0.0,8.198821,8.289424,0.0,0.0,0.0,4.8429537,2.5418873,0.0,0.0,0.0,0.0,3.5156279,0.0,0.0
0.0,0.0,0.0,0.0,0.0,0.0,2.318424,0.0,0.0,0.0,0.0,4.097261,0.79427665,0.0,0.0,5.2566047,0.0,2.7524767,0.54891765,0.0,0.0,0.0,0.0,0.0,0.0,0.0,0.0,0.0,5.9497952,0.0,0.0,0.0,0.0,0.0,0.14392768,1.475617,0.0,0.0,0.0,0.0,0.0,0.0,0.0,0.04177098,0.0,0.0,0.0,2.264203,0.0,0.0,1.4773676,3.7643723,0.0,0.0,0.0,0.0,3.7577984,4.1829815,1.0166396,0.0,0.0,0.0,4.9100275,0.5220573,0.0,0.0,0.0,0.0,0.0,0.10068616,8.422914,0.0,0.0,0.0,4.1233377,0.0,0.0,0.0,0.0,0.0,0.0,2.5170238,0.0,1.9702518,1.2470303,0.0,0.0,1.2489091,0.0,0.0,0.0,0.0,0.0,0.0,0.0,0.0,0.0,0.0,5.450498,0.0,0.0,0.0,8.652908,0.0,1.6567956,0.0,3.9462059,0.0,0.0,0.0,0.0,2.5723312,0.0,0.0,0.4931616,2.5108812,0.0,0.0,0.0,0.0,0.0,0.0,1.4395893,0.0,0.0,0.0,0.0,0.0
0.0,0.0,0.0,0.0,0.0,0.0,1.4675133,0.0,0.0,0.0,0.0,0.0,3.6571379,0.0,0.0,0.0,0.0,7.476093,12.538537,0.0,0.0,0.0,2.4387934,2.3878012,0.0,0.0,1.9148886,0.0,6.7283325,0.0,0.0,0.0,0.0,0.0,0.0027957633,0.0,4.1826887,0.0,0.0,0.0,7.014104,0.0,0.0,0.0,0.0,0.0,0.0,4.9533052,3.5720267,0.0,4.9044933,0.48629075,0.0,0.0,0.0,0.0,6.5478053,2.7173238,0.0,0.0,0.0,1.157878,0.0,0.0,0.0,0.0,0.0,0.80218947,0.0,0.587388,0.0,0.0,0.0,0.0,3.5803952,0.0,0.0,0.0,0.0,0.0,0.10090633,0.0,0.0,0.0,0.0,0.0,0.0,0.0,0.0,0.0,0.0,0.0,0.0,0.0,0.0,0.0,0.0,0.0,0.0,0.0,0.0,0.0,6.8922644,0.0,4.2366934,0.0,1.5377705,0.0,0.0,0.0,0.0,0.0,0.0,0.0,3.1681855,10.1146965,0.0,0.0,0.0,0.0,0.0,0.0,5.236155,0.0,2.52193,0.0,0.0,1.9724152
0.0,0.0,1.0542197,0.29349518,0.0,0.0,0.5486405,0.0,0.0,0.0,3.1012068,1.9652508,2.819838,0.0,0.0,1.2890619,0.0,0.0,0.0,0.0,0.0,0.0,0.0,0.0,0.0,0.0,0.0,0.0,0.0,0.0,0.0,0.0,0.0,6.20902,1.5256548,3.0418253,0.0,0.0,0.0,3.5179071,0.0,0.0,0.0,0.0,0.0,0.0,0.0,0.0,0.0,0.0,0.0,4.6106706,0.0,0.0,0.0,0.0,0.0,0.39824715,2.6701667,0.0,0.0,0.0,0.0,0.0,0.0,0.0,0.0,0.0,0.0,0.494975,0.0,0.0,0.0,0.0,0.0,0.0,2.3975859,0.0,0.0,0.0,0.0,0.0,0.0,0.0,0.0,0.0,0.0,0.0,0.0,0.0,0.0,0.0,0.0,0.0,0.0,0.0,0.0,0.0,0.0,0.0,0.0,0.0,0.0,3.3837621,0.0,0.0,0.0,0.0,0.0,0.0,4.5308027,0.0,0.0,0.013610855,2.1818087,0.0,0.0,0.0,0.0,0.0,0.0,0.0,0.0,0.0,11.024067,0.0,0.0,0.6998807
0.0,0.0,0.0,0.0,0.0,0.0,0.0,0.0,0.0,0.0,0.0,0.0,3.1025994,0.0,0.0,8.171256,0.0,4.425955,3.2678962,0.0,0.0,0.0,0.0,0.0,0.0,0.0,3.9741344,0.0,0.0,0.0,0.0,0.0,5.5496106,0.0,0.0,0.0,0.0,0.0,0.0,0.0,0.0,0.0,0.0,0.0,0.0,0.0,0.0,0.0,0.0,0.0,0.0,0.0,0.0,0.0,0.0,0.0,2.8999841,0.8955849,0.0,0.0,0.0,3.7080688,0.0,0.0,0.0,0.0,0.0,4.6239815,0.0,5.644505,0.0,5.4267807,0.0,0.0,0.0,0.0,9.701513,0.0,0.0,0.0,4.956381,0.0,0.0,0.0,0.0,0.0,0.0,0.0,0.0,0.0,0.0,0.0,0.0,3.3489814,0.0,0.0,0.0,0.0,0.0,0.0,0.0,0.0,0.0,0.0,0.0,0.0,0.0,5.0830894,0.0,0.0,2.6818569,0.0,0.0,0.0,0.0,2.8851144,0.0,0.0,0.0,0.0,0.0,0.0,0.0,0.0,0.0,1.6547884,0.0,0.0
0.0,0.0,0.0,3.41611,2.7069871,2.6032972,0.52610356,0.0,0.0,0.0,0.0,0.0,0.0,0.0,0.0,0.0,0.0,0.0,0.0,0.0,0.0,0.0,0.0,5.1625514,0.0,0.0,0.0,0.0,0.0,0.0,0.0,0.0,3.1865091,4.310683,0.4674913,0.0,0.0,0.0,0.0,0.0,0.0,0.0,0.0,0.0,0.0,5.7135644,0.0,0.0,0.0,0.0,1.4005738,5.358313,0.0,0.0,0.0,0.0,0.48242328,2.1546235,1.1736023,0.0,0.0,0.0,0.0,0.0,0.0,0.0,0.0,1.7615172,0.0,3.521729,0.0,0.0,0.0,0.0,0.0,0.0,6.8557434,0.0,0.0,0.0,6.8895016,0.0,0.0,0.0,0.0,0.0,0.0,0.0,0.0,0.0,0.0,0.0,0.0,0.0,0.0,0.0,0.0,0.0,0.0,0.0,0.0,0.0,0.0,0.35950565,0.0,0.0,0.0,0.0,0.0,0.0,5.9905624,0.0,3.0609565,3.881859,0.47850406,0.0,0.0,0.0,0.0,0.0,0.0,0.0,0.0,0.0,4.2296104,0.0,0.0,0.0
0.0,0.0,0.0,8.247423,0.0,0.0,0.0,0.0,0.0,0.0,0.0,2.0350826,0.0,0.0,0.0,6.8299184,0.0,0.0,3.1555212,6.590227,0.0,0.0,12.722243,9.129596,0.0,0.0,0.0,0.0,0.0,0.0,0.0,0.0,0.0,0.0,0.0,0.0,0.0,0.0,6.46847,0.0,0.0,0.0,0.0,0.0,0.0,0.0,0.0,0.0,0.0,0.0,2.9194586,0.0,0.0,0.0,0.0,0.0,5.455679,0.0,4.325032,0.0,0.0,2.9398842,0.0,0.0,0.0,2.8755283,0.0,0.0,0.0,12.877371,0.0,0.0,0.0,0.0,3.1425745,0.0,0.0,0.0,0.0,0.0,0.0,0.0,0.0,9.016956,0.0,13.649213,0.0,0.0,0.0,0.0,0.0,5.316963,0.0,0.0,0.0,0.0,0.0,0.0,0.0,0.0,0.0,0.0,11.776011,0.0,4.7175,0.0,0.0,0.0,0.0,0.0,0.0,0.0,0.0,0.0,0.0,0.80805445,0.0,0.0,0.0,0.0,4.7295284,0.0,8.12613,0.0,3.1183815,8.889188,0.0,0.0
0.0,0.0,0.0,0.0,0.0,0.0,0.0,0.0,0.0,0.0,0.0,0.0,0.0,0.0,0.0,0.0,0.0,0.0,3.1315074,0.0,0.0,0.0,0.0,5.9878154,0.0,0.0,0.0,0.0,0.0,0.0,0.0,1.8295642,5.248203,2.6098611,0.0,0.0,0.0,0.0,0.0,0.0,0.0,0.0,0.0,0.0,0.0,9.042965,0.0,0.0,0.0,0.0,3.2780113,0.0,0.0,0.0,0.0,0.0,0.0,0.0,0.0,0.0,0.0,0.0,0.0,0.0,0.0,0.0,0.0,0.7529108,0.0,14.753875,0.0,0.0,0.0,0.0,0.0,0.0,7.7711945,0.0,0.0,0.0,5.945709,0.0,0.0,0.0,0.0,0.0,0.0,0.0,0.0,0.0,0.0,0.0,0.0,0.0,0.0,0.0,2.322222,0.0,0.0,0.0,0.0,0.0,0.0,0.0,0.0,0.0,0.0,0.0,0.0,0.0,13.026716,0.0,0.0,1.2042896,0.0,0.3612734,0.0,0.0,0.0,4.3710103,0.0,0.0,0.0,0.0,0.0,0.0,0.0,0.0
0.0,0.0,0.0,0.63107055,2.0419765,0.2216998,0.3658627,0.0,0.0,0.0,0.0,0.0,1.6426072,0.0,0.0,0.0,0.0,1.9992336,0.0,0.0,0.0,0.0,0.0,6.5931797,0.0,0.0,0.0,0.0,0.00483096,0.0,0.0,0.061077468,0.9727287,1.5472186,2.126154,0.0,0.0,0.0,0.0,0.0,0.0,0.0,0.0,0.0,0.0,0.0,0.0,0.0,0.0,0.0,2.6354434,3.521783,0.0,0.0,0.0,0.0,0.0,3.5005348,2.4547133,0.0,0.0,0.0,0.0,0.0,0.0,0.0,0.0,0.0,0.0,2.7492793,0.48057133,0.0,0.0,0.0,0.0,0.0,3.4669507,0.0,0.0,0.0,5.4002295,0.0,0.0,0.0,0.0,0.0,0.0,0.0,0.0,0.0,0.0,0.0,0.0,3.0564466,0.0,0.0,0.0,0.0,0.0,0.0,0.0,0.0,0.0,1.6749715,0.0,0.0,0.0,0.0,0.0,0.0,7.9877477,0.0,1.927474,5.5968184,0.0,0.0,0.0,0.0,0.0,0.0,0.0,0.0,0.0,0.0,5.6530786,0.0,0.0,3.289007
0.0,0.0,1.029167,0.0,0.7704,0.0,6.105538,0.0,0.0,0.0,2.0374684,0.0,0.93973625,0.0,0.0,2.3158994,0.0,0.0,0.0,0.0,0.0,0.0,0.0,0.32059157,0.0,0.0,2.537874,0.0,0.0,0.0,0.0,0.0,0.0,1.802908,5.1229134,1.7961444,0.0,0.0,3.9252894,0.0,0.0,0.0,0.0,0.0,0.0,0.0,0.0,0.0,0.0,0.0,0.0,6.188106,0.0,0.0,0.0,0.0,0.0,5.123527,1.9886397,0.0,0.0,0.0,0.02332286,0.0,0.0,0.0,0.0,0.0,0.0,2.0178394,0.0,0.0,0.0,0.0,0.0,0.0,0.7284046,0.0,0.0,0.0,0.0,0.0,0.0,0.0,0.0,0.0,0.0,0.0,0.0,0.0,0.0,0.0,0.0,0.0,0.0,0.1811007,0.06278356,0.0,0.4670483,0.0,0.0,0.0,0.0,4.5736084,0.0,0.0,0.0,0.0,0.0,0.0,5.9870296,0.0,0.0,1.4583724,3.4848034,0.0,0.0,0.0,0.0,1.7472634,0.0,0.0,0.0,0.0,4.081015,0.0,0.0,2.3454857
0.0,0.0,0.0,0.0,0.0,0.0,0.0,0.0,0.0,0.0,0.0,1.0885513,0.0,0.0,0.0,7.347924,0.0,0.0,6.742497,0.0,0.0,0.0,11.096863,2.2028537,0.0,0.0,0.0,0.0,0.0,0.0,0.0,3.278004,0.0,0.0,0.0,0.0,0.8182887,0.0,2.6302958,0.0,0.0,0.0,0.0,0.0,0.0,0.0,0.0,0.0,0.0,0.0,8.646666,0.0,0.0,0.0,0.0,0.0,0.0,0.0,0.85775506,0.0,0.0,0.0,0.0,0.0,0.0,0.0,0.0,1.3136725,0.0,15.834801,0.0,0.0,0.0,0.0,0.0,0.0,0.0,0.0,0.0,0.0,0.0,0.0,0.0,14.427907,0.0,13.969485,0.0,0.0,0.0,0.0,0.0,0.0,0.0,0.0,0.0,0.0,0.0,0.0,5.0921073,0.0,0.0,0.0,6.3015423,1.5090591,0.0,0.0,0.0,0.0,0.0,0.0,0.0,2.9151556,0.0,0.0,0.0,11.237469,0.0,0.0,0.0,0.0,0.0,0.0,0.8636566,0.0,2.9091122,0.0,0.0,0.0
0.0,0.0,0.0,4.9713454,0.0,0.0,0.11999783,0.0,0.0,0.0,3.075554,2.7155113,0.0,0.0,0.0,0.0,0.0,0.0,0.0,0.0,0.0,0.0,0.0,0.4210804,0.0,0.0,0.74813545,0.0,0.0,8.025579,0.0,0.0,4.4805017,6.6996865,0.062113795,0.0,0.0,0.0,6.400286,0.0,0.0,0.0,0.0,0.0,0.0,0.0,0.0,0.0,0.0,0.0,1.0463452,1.9505728,0.0,0.0,0.0,0.0,0.0,0.0,9.891591,0.0,0.0,2.9324403,0.0,6.774632,0.0,0.0,0.0,0.94092464,0.0,10.806488,0.2223415,0.0,0.0,0.0,0.0,0.0,0.0,0.0,0.0,0.0,0.0,0.0,0.0,0.54896915,0.0,4.837123,0.0,0.0,0.0,0.0,0.0,5.168168,0.0,0.0,0.0,0.0,0.0,0.0,0.0,0.0,0.0,0.0,0.0,0.0,6.047828,0.0,0.0,0.0,0.0,0.0,0.0,1.975546,0.0,0.0,0.0,0.0,0.0,0.0,0.0,0.0,0.0,0.0,2.0306377,0.0,0.0,0.0,0.0,0.0
0.0,0.0,0.0,0.0,0.0,0.0,0.0,0.0,0.0,0.0,0.60674864,0.0,0.0,0.0,0.0,0.0,0.0,0.0,2.9602587,0.0,0.0,0.0,0.0,1.5778979,0.0,0.0,0.0,0.0,0.0,2.4115627,0.0,0.0,5.815982,3.605759,4.048591,0.0,0.0,0.0,0.0,0.0,0.0,0.0,0.0,0.0,0.0,6.1552715,0.0,0.0,0.0,0.0,10.246324,0.0,0.0,0.0,0.0,0.0,0.0,0.0,0.0,0.0,0.0,0.0,0.0,3.5152209,0.0,0.0,0.0,7.692134,0.0,11.233025,0.0,0.0,0.0,0.0,0.0,0.0,7.1209517,0.0,0.0,0.0,8.229839,0.0,0.0,0.0,0.0,0.0,0.0,0.0,0.0,0.0,0.0,0.0,0.0,6.4480877,0.0,0.0,0.0,0.0,0.0,0.0,0.0,0.0,0.0,0.0,0.0,0.0,0.0,0.0,0.0,0.0,5.8447804,0.0,1.8505114,9.522664,5.854841,0.0,0.0,0.0,0.0,0.0,0.0,0.0,0.0,7.503566,0.0,0.0,0.0,0.0
0.0,0.0,0.0,0.0,0.0,0.0,6.548286,0.0,0.0,0.0,5.8513827,0.0,4.0346713,0.0,0.0,0.0,0.0,0.5697303,0.0,0.0,0.0,0.0,0.0,3.0544493,0.0,0.0,3.2281497,0.0,0.9166445,0.0,0.0,0.0,0.0,0.0,5.5877066,0.45500505,0.0,0.0,2.2267299,0.0,0.0,0.0,0.0,0.0,0.0,2.8909876,0.0,0.0,4.320485,0.0,7.4774065,10.968967,0.0,0.0,0.0,0.0,0.0,11.254499,5.310086,0.0,0.0,0.0,3.4793942,0.0,0.0,0.0,0.0,1.7671739,0.0,0.0,0.0,0.0,2.5208044,0.0,0.0,0.0,0.0,0.0,0.0,0.0,0.0,0.0,0.0,0.0,0.0,0.0,0.0,0.0,0.0,0.0,0.0,0.0,0.0,0.22384977,0.0,0.0,0.0,0.0,0.0,0.0,0.0,0.0,0.0,5.284171,4.7544923,0.0,0.0,0.0,0.0,0.0,4.7380524,0.0,8.863904,3.255596,1.2376038,0.0,0.0,0.0,0.0,0.0,0.0,0.0,0.0,0.0,1.551675,0.0,0.0,2.7987936
0.0,0.0,0.0,0.0,0.0,0.0,0.0,0.0,0.0,0.0,4.4407587,0.0,0.0,0.0,0.0,15.3071575,0.0,0.0,0.0,0.0,0.0,0.0,5.4913697,0.0,0.0,0.0,0.0,0.0,0.0,0.0,0.0,0.0,0.0,0.0,2.0915768,11.926341,0.0,0.0,0.0,0.0,0.0,0.0,0.0,0.0,0.0,0.0,0.0,0.0,0.0,0.0,0.0,0.0,0.0,0.0,0.0,0.0,4.1862397,0.0,0.0,0.0,0.0,0.0,0.0,0.0,0.0,0.0,0.0,0.0,0.0,14.111867,0.22444437,0.0,0.0,0.0,2.1096725,0.0,4.1408854,0.0,0.0,0.0,0.0,0.0,0.0,15.614853,0.0,0.0,0.0,0.0,0.0,0.0,0.0,0.0,0.0,0.0,0.0,1.0368931,0.0,0.0,0.0,0.0,0.0,0.0,1.440939,6.718132,0.0,0.0,0.0,0.0,0.0,0.0,10.823386,3.0500858,0.0,0.0,0.0,0.0,0.0,0.0,0.0,0.0,0.0,0.0,0.0,0.0,7.07688,0.0,0.0,0.0
0.0,5.9051747,0.4629254,3.9828508,0.0,0.0,0.0,0.0,0.0,0.0,5.5065966,3.289183,0.0,0.0,0.0,2.4425423,0.0,0.0,0.0,6.343251,0.0,0.0,0.0,0.0,0.0,0.0,0.0,0.0,3.1147456,0.0,0.0,0.0,0.0,0.56090236,0.23270515,4.9750443,0.5558093,0.0,0.0,6.4315457,0.0,0.0,0.0,0.0,0.0,0.0,0.0,0.0,0.0,0.0,0.0,3.7169716,0.0,0.0,0.0,0.0,0.6469528,0.0,7.1777353,0.0,0.0,0.0,3.872485,0.1090428,0.0,0.0,0.0,0.0,0.0,0.0,2.914153,0.0,0.0,0.0,0.0,0.0,0.0,0.0,0.0,0.0,0.0,0.0,0.0,0.0,0.3864332,0.0,0.0,0.0,0.0,0.0,0.0,0.0,0.0,0.0,0.0,0.0,0.0,0.0,2.592775,0.0,0.0,0.0,5.5471654,0.0,0.0,0.0,0.0,0.0,0.0,0.0,2.2786217,0.0,0.0,0.0,5.40346,0.0,0.0,0.0,0.0,0.0,0.0,0.0,0.0,0.0,1.8479011,0.0,0.0,0.0
0.0,0.0,0.0,0.0,0.0,0.0,4.401511,0.0,0.0,0.0,0.0,0.0,0.0,0.0,0.0,0.0,0.0,5.6632094,6.8080983,0.0,0.0,0.0,0.0,4.826943,0.0,0.0,0.0,0.0,0.0,0.0,0.0,0.0,0.0,0.0,5.394674,0.0,0.0,0.0,0.0,0.0,0.0,0.0,0.0,0.0,0.0,1.5425311,0.0,0.0,0.7369292,0.0,0.0,5.646921,0.0,0.0,0.0,0.0,0.0,0.0,0.0,0.0,0.0,0.0,0.0,2.113355,0.0,0.0,0.0,0.0,0.0,7.1450825,0.0,0.0,0.0,0.0,0.0,0.0,2.6716447,0.0,0.0,0.0,5.3980827,0.0,0.0,0.0,0.0,0.0,0.0,0.0,0.0,0.0,0.0,0.0,0.0,2.6591449,0.0,0.0,0.0,0.0,0.0,0.0,0.0,0.0,0.0,2.2223876,0.0,0.0,0.0,0.0,0.0,0.0,11.763111,0.0,3.6258044,7.7895756,2.2130134,0.0,0.0,0.0,0.0,5.0050364,0.0,0.0,0.0,0.0,1.643435,0.0,0.0,1.811203
0.0,0.0,0.0,4.164351,1.7709931,3.4230213,0.0,0.0,0.0,0.0,0.0,0.0,1.1998037,0.0,0.0,0.0,0.0,1.6605613,0.0,0.0,0.0,0.0,0.0,4.9627357,0.0,0.0,0.0,0.0,1.8644052,0.0,0.0,0.0,2.2575316,0.0,0.0,0.0,0.0,0.0,0.0,0.0,6.4560513,0.0,0.0,0.0,0.0,5.903415,0.0,0.0,0.0,0.0,4.059459,6.53871,0.0,0.0,0.0,0.0,3.5019114,2.73586,3.2297108,0.0,0.0,0.0,0.0,0.0,0.0,0.0,0.0,1.0729568,0.0,0.0,0.0,0.0,0.0,0.0,1.7391679,0.0,3.890365,0.0,0.0,0.0,6.418893,0.0,0.0,0.0,0.0,0.0,0.0,0.0,0.0,0.0,0.0,0.0,0.0,0.0,0.0,0.0,0.0,0.0,0.0,0.0,0.0,0.0,0.0,0.0,0.0,0.0,0.0,0.0,0.0,0.0,1.3580601,0.0,7.418184,0.0,0.0,2.311506,0.0,0.0,0.0,0.0,0.0,0.0,0.0,0.0,3.1257722,0.0,0.0,0.0
0.0,0.0,0.0,3.0285137,0.0,0.0,8.129405,0.0,0.0,0.0,0.0,3.0282576,0.0,0.0,0.0,10.213301,0.0,1.2172444,0.0,0.0,4.4553156,0.0,1.5243,2.0584564,0.0,0.0,1.9551089,0.0,0.0,0.0,0.0,0.0,0.0,0.0,0.0,0.0,0.0,0.0,0.0,0.0,0.0,0.0,0.0,0.0,0.0,4.688494,0.0,0.0,0.0,0.0,0.0,9.640037,1.2104741,0.0,0.0,0.0,0.3545193,3.8697531,1.6502472,0.0,0.0,0.0,0.0,0.0,0.0,0.0,0.0,0.0,0.0,5.8931193,0.0,0.0,0.0,0.0,0.0,0.0,4.5924063,0.0,0.0,0.0,0.0,0.656596,0.0,0.0,0.0,0.03799244,0.0,0.0,0.0,0.0,0.0,0.0,0.0,0.0,0.0,0.0,0.0,0.0,0.0,0.0,0.0,0.0,0.0,0.0,3.2811823,0.0,0.0,0.0,0.0,0.0,0.9461053,0.0,0.0,0.0,6.1493073,0.0,0.0,0.0,0.0,0.0,0.0,0.0,0.0,0.18283597,4.9338226,7.7311153,0.0,0.0
0.0,4.9108634,0.0,15.5418215,0.0,0.0,0.0,0.0,0.0,0.0,0.0,0.50170624,0.0,0.0,0.0,0.0,0.0,0.0,8.194819,6.2618794,0.0,0.0,10.144196,12.92989,0.0,0.0,0.0,0.0,0.0,0.0,0.0,0.0,0.0,5.391567,0.0,4.8779206,0.0,0.0,1.50115,0.0,0.0,0.0,0.0,0.0,0.0,0.0,5.238417,0.0,0.0,0.10281704,0.0,0.0,8.142577,0.0,0.0,0.0,2.9186463,0.0,2.6188338,0.0,0.0,0.0,0.0,0.0,0.0,0.0,0.0,0.0,0.0,10.7013,1.2196614,0.0,0.0,0.0,0.0,0.0,0.0,0.0,0.0,0.0,0.0,0.0,0.0,9.330736,0.0,0.0,0.0,0.0,0.0,0.0,0.0,0.0,0.0,0.0,0.0,0.0,0.0,0.0,0.0,0.0,0.0,0.0,6.825199,1.7147812,0.0,0.0,0.0,0.0,0.0,0.0,9.267649,0.0,0.0,0.0,2.71452,10.263262,0.0,0.0,0.0,7.3680277,0.0,0.0,0.0,0.0,0.0,6.5194397,0.0,0.0
0.0,0.0,0.0,0.94608766,0.0,0.0,6.684262,0.0,0.0,0.0,0.0,0.54999083,0.0,0.0,0.0,3.9323788,0.0,0.0,0.79194385,6.008853,0.0,0.0,6.2250333,8.731604,0.0,0.0,0.0,0.0,0.0,0.0,0.0,0.0,1.1560966,4.714336,0.0,1.951873,0.0,0.0,0.0,0.0,0.0,0.0,0.0,0.0,0.0,0.0,0.0,0.0,0.0,0.0,0.0,0.0,6.5481706,0.0,0.0,0.0,0.0,0.0,5.747131,0.0,0.0,0.0,0.0,0.0,0.0,0.0,0.0,0.0,0.0,17.4701,0.0,0.0,0.0,0.0,0.0,0.0,0.0,0.0,0.0,0.0,0.0,0.0,0.0,1.6483619,0.0,2.0679944,0.0,0.0,0.0,0.0,0.0,2.9425461,0.0,0.0,0.0,0.0,0.5194728,0.0,3.074364,0.0,0.0,0.0,5.5839806,7.0824146,0.0,0.0,0.0,0.0,0.0,0.0,1.1054604,0.0,0.0,0.0,3.261766,8.66576,0.0,0.0,0.0,2.920895,0.0,0.0,0.0,0.0,0.0,0.4715303,0.0,0.0
0.0,0.0,0.0,6.7309732,0.7650003,0.0,0.0,0.0,0.0,0.0,0.0,0.0,0.0,0.0,0.0,0.0,0.0,1.2300886,0.0,0.0,0.0,0.0,0.0,6.9131727,0.0,0.0,0.0,0.0,0.0,0.0,0.0,0.0,3.3396292,5.689323,3.6413321,0.0,0.0,0.0,0.0,0.0,0.0,0.0,0.0,0.0,0.0,6.068897,0.0,0.0,0.0,0.0,3.6165397,5.4432154,0.3212502,0.0,0.0,0.0,0.0,0.0,1.1313441,0.0,0.0,0.0,0.0,5.828327,0.0,0.0,0.0,0.0,0.0,8.617211,2.4438334,0.0,0.0,0.0,0.0,0.0,4.372091,0.0,0.0,0.0,6.566511,0.0,0.0,0.0,0.0,0.0,0.0,0.0,0.0,0.0,0.0,0.0,0.0,0.0,0.0,0.0,0.0,0.0,0.0,0.0,0.0,0.0,0.0,0.0,0.0,0.0,0.0,0.0,0.0,0.0,10.242691,0.0,0.7582493,8.127897,2.8182871,0.0,0.0,0.0,0.0,6.611234,0.0,0.0,0.0,0.0,6.537769,0.0,0.0,0.0
0.0,0.0,1.3814168,0.0,0.24463364,0.0,4.059933,0.0,0.0,0.0,0.8147104,1.4994185,0.0,0.0,0.0,0.0,0.0,2.4679456,0.0,0.0,0.0,0.0,0.0,0.50460935,0.0,0.0,0.0,0.0,4.775236,0.0,0.0,0.0,0.0,0.0,4.2646217,3.9927945,0.0,0.0,0.0,0.9040251,0.0,0.0,0.0,0.0,0.0,0.0,0.0,0.0,1.187887,0.0,2.6260273,8.497662,0.0,0.0,0.0,0.0,1.912178,2.143658,3.4733372,0.0,0.0,0.0,8.415142,0.24552391,0.0,0.0,0.0,0.0,0.0,0.0,8.103289,0.0,1.9079208,0.0,0.35914427,0.0,0.0,0.0,0.0,0.0,0.0,1.1942075,0.0,0.0,0.0,0.0,0.0,0.0,0.0,0.0,0.0,0.0,0.0,0.0,0.0,0.0,0.0,0.0,1.4497031,0.0,0.0,0.0,0.0,0.0,0.0,0.0,0.0,0.0,0.0,0.0,0.0,0.94208604,1.8433173,3.9676828,0.85087115,0.0,0.0,0.0,0.0,0.0,0.0,0.0,0.0,0.0,0.65946406,0.0,0.66952634,0.0
0.0,0.0,0.0,0.0,0.0,0.0,0.42118952,0.0,0.0,0.0,0.0,0.0,2.0062175,0.0,0.0,0.0,0.0,6.4528103,0.022335978,0.0,0.0,0.0,0.0,0.0,0.0,0.0,0.0,0.0,2.4185748,0.0,0.0,0.0,6.9205546,0.0,5.4998984,0.0,0.0,0.0,0.0,4.3634725,6.717738,0.0,0.0,0.75545275,0.0,1.8700567,0.0,0.0,3.3208528,0.0,0.0,6.174285,0.0,0.0,0.0,0.0,4.369778,0.0,0.46932,0.0,0.0,0.0,0.0,0.0,0.0,0.0,0.0,0.0,0.0,0.0,1.8329629,0.0,0.0,0.0,0.0,0.0,8.401822,0.0,0.0,0.0,6.966503,0.0,0.0,0.0,0.0,0.0,0.0,0.0,0.0,0.0,0.0,0.0,0.0,0.0,0.0,0.0,0.0,0.0,0.0,0.0,0.0,0.0,0.0,0.0,0.0,0.0,0.0,0.0,0.0,0.0,3.9132814,0.0,4.149617,0.0,1.759459,0.0,0.0,0.0,0.0,0.0,0.0,0.0,0.0,0.0,8.61382,0.0,0.0,0.0
0.0,0.0,0.0,0.0,0.0,0.0,0.0,0.0,0.0,0.0,0.0,0.0,5.753456,0.0,0.0,7.876789,0.0,0.0,1.7045891,0.0,0.0,0.0,0.0,0.0,0.0,0.0,0.0,0.0,0.0,0.0,1.0996878,0.0,3.9398286,0.0,0.0,0.0,0.0,0.0,0.0,0.0,0.0,0.0,0.0,0.0,0.0,0.0,0.0,0.0,0.0,0.0,0.0,0.0,0.0,0.0,0.0,0.0,3.1714275,0.0,0.0,0.0,0.0,0.0,0.0,0.0,0.0,0.0,0.0,0.0,0.0,0.0,1.9800345,3.9860747,0.0,0.0,0.0,0.0,3.3330464,0.0,0.0,0.0,7.569051,0.0,0.0,7.494329,0.0,0.0,0.0,0.0,0.0,0.0,0.0,0.0,0.0,0.0,0.0,0.0,0.0,0.0,0.0,0.0,0.0,0.0,0.0,0.0,0.0,0.0,1.7651402,14.834119,0.0,0.0,0.0,3.7117925,0.0,0.0,0.0,7.7114716,0.0,0.0,0.0,0.0,0.0,0.0,1.2124691,0.0,0.47537872,0.0,0.0,0.0
0.0,0.0,0.0,1.6756129,0.036776878,0.0,6.0557556,0.0,0.0,0.0,0.0,0.0,0.0,0.0,0.0,2.2608187,0.0,0.0,0.36162254,0.0,0.0,0.0,0.0,1.9131196,0.0,0.0,0.0,0.0,0.0,0.0,0.0,0.0,0.0,0.59336,5.0391917,0.0,0.0,0.0,0.046069894,0.0,0.0,0.0,0.0,0.0,0.0,1.4356068,0.0,0.0,0.0,0.0,0.0,8.949609,0.0,0.0,0.0,0.0,0.0,1.7926741,0.0,0.0,0.0,0.0,1.8196093,3.130181,0.0,0.0,0.0,0.0,0.0,4.941991,1.0776786,0.0,0.0,0.0,0.0,0.0,5.423424,0.0,0.0,0.0,0.0,0.0,0.0,0.0,0.0,0.0,0.0,0.0,0.0,0.0,0.0,0.15003008,0.0,0.0,0.0,0.0,0.0,0.0,0.0,0.0,0.0,0.0,0.0,2.6141758,0.0,0.0,0.0,0.0,0.0,0.0,5.985428,0.0,0.0,3.7889514,4.2188053,0.0,0.0,0.0,0.0,1.5122664,0.0,0.0,0.0,0.0,1.7282357,3.0338101,0.0,0.0
0.0,0.0,0.0,8.752142,0.0,0.0,0.31115487,0.0,0.0,0.0,0.0,4.014255,0.68680567,0.0,0.0,0.0,0.0,0.0,1.3747112,0.0,0.0,0.0,0.0,3.5956857,0.0,0.0,5.7943573,0.0,0.0,0.0,0.0,0.0,3.056435,0.0,0.0,0.0,0.0,0.0,4.0726776,0.0,0.0,0.0,0.0,0.0,0.0,0.0,0.0,0.0,4.0074406,0.0,6.140232,8.849908,0.0,0.0,0.0,0.0,0.0,7.2854753,5.5148354,0.0,0.0,0.0,4.188285,0.51301366,0.0,0.0,0.0,2.4256823,0.0,0.0,0.0,0.0,0.0,0.0,3.4952543,0.0,0.0,0.0,0.0,9.393337,0.0,0.0,0.0,0.0,0.0,0.0,0.0,0.0,0.0,0.0,0.0,0.0435075,0.0,0.0,0.0,0.0,0.0,0.0,0.0,0.0,0.0,0.0,0.0,0.004563473,6.686386,0.0,0.0,0.0,0.0,0.0,1.7191983,0.0,6.282982,0.0,6.1696997,0.0,0.0,0.0,0.0,0.0,0.6242672,0.0,0.0,0.0,0.0,0.0,0.0,3.009925
0.0,0.24213709,0.0,0.0,0.0,0.0,6.49583,0.0,0.0,0.0,1.5836761,0.0,1.9216053,0.0,0.0,4.743078,0.0,5.4798694,7.620013,6.809,0.0,0.0,0.0,1.8497987,0.0,0.0,0.0,0.0,6.2126594,0.0,0.0,0.0,0.0,0.0,2.7683527,1.8470021,6.3245173,0.0,0.0,0.0,0.0,0.0,0.0,0.0,0.0,0.0,0.7937574,0.2257296,0.0,0.0,0.0,0.0,0.0,0.0,0.0,0.0,0.6388079,0.0,0.0,0.0,0.0,0.0,0.11849629,0.0,0.0,0.0,0.0,0.0,0.0,1.8774843,6.8472815,0.0,0.0,0.0,0.0,0.0,0.0,0.0,0.0,0.0,0.0,2.1536667,0.0,5.6656375,0.0,0.0,0.0,0.0,0.0,0.0,0.0,0.0,0.0,0.0,0.0,0.0,0.0,0.0,9.280149,0.0,0.0,0.0,4.62169,9.646373,0.5702489,0.0,3.3515425,0.97022074,0.0,0.0,5.2789955,0.0,0.0,0.0,0.0,6.690656,0.0,0.0,0.0,0.0,0.0,0.0,0.0,0.0,0.32996446,0.0,0.0,1.0380291
0.0,0.0,0.0,0.0,0.0,0.0,0.0,0.0,0.0,0.0,0.0,5.066917,1.6083947,0.0,0.0,0.0,0.0,3.5791786,0.0,0.0,0.0,0.0,0.0,0.0,0.0,0.0,0.0,0.0,3.6387239,0.0,2.7980316,0.0,0.0,0.0,6.109528,8.343267,3.6745107,0.0,0.0,7.1973596,0.0,0.0,0.0,0.0,0.0,0.0,0.0,0.0,1.8114277,0.0,5.2540684,7.1216497,0.0,0.0,0.0,0.0,3.0201793,4.894556,0.0,0.0,0.0,0.0,2.0224721,0.0,0.0,0.0,0.0,0.0,0.0,0.0,8.691852,0.0,6.626781,0.0,1.9038745,0.0,0.0,0.0,0.0,0.0,0.0,0.0,0.0,3.6948307,0.0,0.0,0.0,0.0,0.0,0.0,0.0,0.0,0.0,0.0,0.0,0.0,0.0,0.0,0.0,0.0,0.0,0.4727867,0.3356151,1.4952188,0.0,0.0,0.0,0.0,0.0,0.0,0.0,3.644741,1.9897316,0.4099914,0.0,0.0,0.0,0.0,0.0,0.0,0.0,0.0,0.0,0.0,3.131599,0.0,0.0,0.0
0.0,0.0,0.0,0.0,0.0,0.0,3.7368138,0.0,0.0,0.0,0.17953548,0.0,0.9708608,0.0,0.0,0.0,0.0,2.628218,3.3420918,0.0,0.0,0.0,0.0,2.854754,0.0,0.0,0.70520383,0.0,1.7544411,0.0,0.0,0.0,0.19658029,0.0,6.38302,0.0,0.0,0.0,0.0,0.0,0.0,0.0,0.0,0.0,0.0,1.8301544,0.0,0.0,3.9564044,0.0,0.0,12.211572,0.0,0.0,0.0,0.0,0.0,4.0553102,0.0,0.0,0.0,0.0,0.73653406,0.0,0.0,0.0,0.0,0.31346244,0.0,0.0,0.21030615,0.0,0.0,0.0,0.0,0.0,6.6794777,0.0,0.0,0.0,4.4805713,0.0,0.0,0.0,0.0,0.0,0.0,0.0,0.0,0.0,0.0,0.0,0.0,2.371557,0.0,0.0,0.0,0.0,0.0,0.0,0.0,0.0,0.0,2.2483816,0.0,0.0,0.0,0.0,0.0,0.0,9.295604,0.0,3.7392933,6.749277,5.7488837,0.0,0.0,0.0,0.0,0.0,0.0,0.0,0.0,0.0,6.6538224,0.0,0.0,0.79867864
0.0,1.1741992,0.9050773,1.3509386,0.0,0.0,10.663597,0.0,0.0,0.0,0.0,0.26685873,0.0,0.0,0.0,8.078293,0.0,2.252397,0.9284672,5.7203135,1.0874879,0.0,0.0,2.278238,0.0,0.0,0.0,0.0,0.0,0.0,0.0,0.0,0.0,3.4561656,0.94168854,1.6734978,0.0,0.0,0.0,0.0,0.0,0.0,0.0,2.3036559,0.0,0.0,0.0,0.0,0.0,0.0,0.0,7.4655104,0.0,0.0,0.0,0.0,2.2328024,0.0,0.6267994,0.0,0.0,0.0,3.2525613,0.5188047,0.0,0.0,0.0,0.0,0.0,5.273577,3.086616,0.0,0.0,0.0,0.0,0.0,3.1727884,0.0,0.0,0.0,0.0,1.5325456,0.0,0.0,0.0,0.0,0.0,0.0,0.0,0.0,0.0,0.0,0.0,0.0,0.0,0.0,0.0,0.0,2.6986003,0.0,0.0,0.0,2.682901,2.7356803,0.0,0.0,0.0,0.0,0.0,0.0,2.8362842,0.0,0.0,0.0,4.600312,0.0,0.0,0.0,0.0,0.0,0.0,0.0,0.0,0.0,3.6646109,3.772517,0.0,0.0
0.0,0.0,0.0,3.5448408,0.0,0.0,4.8156147,0.0,0.0,0.0,4.054882,3.5985065,0.0,0.0,0.0,0.3887079,0.0,0.0,0.0,0.67633396,0.0,0.0,0.0,4.330062,0.0,0.0,2.1196704,0.0,0.0,0.0,0.0,0.0,2.0596309,2.1708934,0.0,0.0,0.0,0.0,0.0,0.0,0.0,0.0,0.0,0.0,0.0,1.0868403,0.0,0.0,0.0,0.0,0.0,9.769902,0.0,0.0,0.0,0.0,0.0,4.008007,1.5976839,0.0,0.0,0.0,0.0,0.0,0.0,0.0,0.0,4.61684,0.0,9.160263,0.0,0.0,0.0,0.0,0.0,0.0,6.1302075,0.0,0.0,0.0,3.106778,0.0,0.0,0.0,0.0,0.0,0.0,0.0,0.0,0.0,0.0,1.0114399,0.0,0.0,0.0,0.0,0.0,0.0,0.0,0.0,0.0,0.0,0.0,0.7713951,1.1684203,0.0,0.0,0.0,0.0,0.0,0.0,0.0,0.0,0.0,6.5106497,0.01627554,0.0,0.0,0.0,0.0,0.0,0.0,0.0,0.0,2.5595791,0.0,2.6881359,0.0
0.0,0.0,0.0,0.0,0.0,0.0,0.0,0.0,0.0,0.0,7.0068254,8.898384,0.0,0.0,0.0,0.0,0.0,0.0,1.7323123,0.0,0.0,0.0,8.487246,0.124696866,0.0,0.0,11.071564,0.0,0.0,0.0,0.0,0.0,0.0,0.0,0.0,0.0,0.0,0.0,0.0,0.0,0.0,0.0,0.0,0.0,0.0,0.0,0.0,0.0,0.0,0.0,0.0,0.3460568,0.0,0.0,0.0,0.0,0.0,8.739426,6.686852,0.0,0.0,0.0,0.0,0.0,0.0,0.0,0.0,4.062882,0.0,5.820016,0.0,0.0,0.0,0.0,0.0,0.0,0.0,0.0,0.0,0.0,1.6852049,0.0,0.0,0.09452443,0.0,0.0,0.0,3.9719617,0.0,0.0,0.0,0.0,0.0,0.0,0.0,0.0,0.0,0.0,8.2667885,0.0,0.0,0.0,0.0,0.6926338,0.0,0.0,0.0,0.0,0.0,0.0,0.0,3.8070369,0.0,0.0,5.059966,3.295051,0.0,0.0,0.0,1.7183999,0.0,0.0,0.0,0.0,0.0,0.0,0.0,0.0
0.0,0.0,0.0,0.1861627,0.0,0.0,9.677825,0.0,0.0,0.0,0.0,0.0,0.0,0.0,0.0,1.3479327,0.0,0.58055705,2.0767663,0.0,0.0,0.0,5.369687,4.4831176,0.0,0.0,0.0,0.0,0.0,0.0,0.0,0.0,0.6601048,8.749796,0.0,0.0,0.0,0.0,7.516194,0.0,0.0,0.0,0.0,0.0,0.0,1.2791483,0.0,0.0,0.0,0.0,0.0,0.0,0.0,0.0,0.0,0.0,0.0,2.8823235,9.755775,0.0,0.0,3.089056,0.0,0.0,0.0,0.0,0.0,0.0,0.0,12.346929,0.0,0.0,0.0,0.0,8.917741,0.0,0.0,0.0,0.0,0.0,0.0,4.7850785,0.0,0.0,0.0,5.602758,0.0,0.0,0.0,0.0,0.0,8.0653925,0.0,0.0,0.0,0.0,0.0,0.0,0.044998467,0.0,0.0,0.0,7.350362,0.0,10.501564,0.0,0.0,0.0,0.0,0.0,0.0,0.0,0.0,0.0,0.0,0.0,0.0,0.0,0.0,0.0,1.8476601,0.0,1.9461889,0.0,0.0,2.01157,0.0,0.0
0.0,0.0,0.0,0.0,0.0,0.0,2.6387901,0.0,0.0,0.0,0.0,0.0,6.5021195,0.0,0.0,0.0,0.0,2.5595543,4.5422974,0.0,0.0,0.0,0.0,0.0,0.0,0.0,3.3549392,0.0,7.5844784,0.0,0.0,0.0,0.0,0.0,3.5631979,0.0,0.0,0.0,0.0,0.0,0.0,0.0,0.0,0.0,0.0,0.0,0.0,0.0,0.0,0.0,0.0,12.093413,0.0,0.0,0.0,0.0,0.0,1.9114028,0.0,0.0,0.0,0.0,0.0,0.0,0.0,0.0,0.0,0.0,0.0,0.0,2.638282,0.0,0.7685222,0.0,0.0,0.0,4.415937,0.0,0.0,0.0,7.2020464,0.0,0.0,0.0,0.0,0.0,0.0,0.0,0.0,0.0,0.0,0.0,0.0,7.5807495,0.0,0.0,0.0,0.0,0.0,0.0,0.0,0.0,0.0,1.3736112,0.0,0.0,0.0,0.0,0.0,0.0,12.740637,0.0,0.0,4.391331,0.0,5.862951,0.0,0.0,0.0,0.0,0.0,0.0,0.0,0.0,11.249305,0.0,0.0,7.3523955
0.0,0.0,0.0,0.0,0.0,0.0,8.1424,0.0,0.0,0.0,0.0,0.0,0.7634957,0.0,0.0,1.6232846,0.0,7.177338,13.676947,6.465836,0.0,0.0,0.0,3.817295,0.0,0.0,6.040654,0.0,0.0,0.0,0.0,0.0,0.0,0.0,4.7186317,0.0,0.0,0.0,0.0,0.0,0.0,0.0,0.0,0.0,0.0,0.0,0.75805515,0.0,0.0,0.0,0.0,7.204898,0.0,0.0,0.0,0.0,5.157483,0.0,0.0,0.0,0.0,0.0,0.0,4.668214,0.0,0.0,0.0,0.0,0.0,10.194914,8.902878,0.0,0.0,0.0,0.0,0.0,13.340798,0.0,0.0,0.0,0.0,4.1655726,0.0,1.6769837,0.0,0.0,0.0,0.0,0.0,0.0,0.0,0.0,0.0,0.0,0.0,0.0,0.0,0.0,0.0,0.0,0.0,0.0,3.3864865,0.44474217,5.2952366,0.0,0.0,0.0,0.0,0.0,6.2968497,0.0,0.0,0.22803041,0.0,3.7402623,0.0,0.0,0.0,0.0,0.0,0.0,0.0,0.0,0.0,1.9670485,0.0,0.0
0.0,0.0,0.0,3.6567047,0.0,0.0,7.3306484,0.0,0.0,0.0,0.0,0.53507715,0.0,0.0,0.0,0.0,0.0,4.3137827,5.5539722,10.250395,0.0,0.0,8.550997,9.498659,0.0,0.0,0.36312172,0.0,0.0,0.0,2.7388198,0.0,9.468283,0.73798895,0.0,1.5079676,0.0,0.0,0.0,0.0,0.0,0.0,0.0,0.0,0.0,5.9860015,0.0,0.0,0.0,0.0,0.0,0.0,0.61049855,0.0,0.0,0.0,1.7663137,0.0,0.0,0.0,0.0,6.762513,0.0,2.5929556,0.0,6.160103,0.0,0.0,0.0,13.3848915,0.6040696,0.0,0.0,0.0,0.0,0.0,6.3457956,0.0,0.0,0.0,0.0,0.6079426,0.0,5.9055457,0.0,0.0,0.0,0.0,0.0,0.0,0.0,2.3928723,0.0,0.0,0.0,0.0,0.0,0.0,0.0,0.0,0.0,0.0,9.5615635,0.0,4.3881154,0.0,0.0,0.042443775,0.0,0.0,0.0,0.0,0.0,0.0,0.0,5.496505,0.0,0.0,0.0,0.0,2.20476,0.0,6.31635,0.0,0.0,4.8848276,0.0,0.0
0.0,0.0,0.0,0.0,0.0,0.0,9.481672,0.0,0.0,0.0,0.0,0.0,0.5524897,0.0,0.0,0.0,0.0,8.330641,10.124582,0.0,0.0,0.0,0.0,3.1475875,0.0,0.0,1.9057841,0.0,3.7111778,0.0,0.0,0.0,0.0,0.0,4.290094,1.1603767,0.0,0.0,3.420218,0.0,0.0,0.0,0.0,0.0,0.0,3.095917,0.0,0.0,4.5838423,0.0,3.479421,13.823161,0.0,0.0,0.0,0.0,0.0089728795,11.699955,3.078876,0.0,0.0,0.0,6.844045,0.086959414,0.0,0.0,0.0,0.0,0.0,0.0,0.0,0.0,0.0,0.0,4.010247,0.0,0.0,0.0,0.0,0.0,0.0,0.22690657,0.0,0.0,0.0,0.0,0.0,0.0,0.0,0.0,0.0,0.0,0.0,0.0,0.0,0.0,0.0,0.0,0.0,0.0,10.479396,0.0,0.37343845,0.0,6.6226315,0.0,3.842352,0.0,0.0,0.0,2.7529051,0.0,0.37852275,0.0,8.915056,0.0,0.0,0.0,0.0,0.0,0.0,0.0,0.0,0.0,0.23972067,0.0,0.0,6.2951903
0.0,7.991364,0.0,8.45798,0.0,0.0,4.015954,0.0,7.879024,0.0,0.0,0.0,0.0,0.0,0.0,4.725175,0.0,2.2939923,9.285752,18.583704,0.0,0.0,0.0,0.0,0.0,0.0,0.0,0.0,4.891519,0.0,0.0,0.0,2.9169533,0.0,0.0,0.80041146,0.0,0.0,0.0,7.0378876,0.0,0.0,0.0,4.9428043,0.0,0.0,2.6600275,0.0,0.0,0.0,0.0,0.0,0.0,0.0,0.0,0.0,4.763353,0.0,0.0,0.0,0.0,0.0,0.0,4.106011,0.0,0.0,0.0,0.0,0.0,4.953854,6.16435,0.0,0.0,0.0,0.0,0.0,1.037998,0.0,0.0,0.0,1.8501322,0.0,0.0,8.930771,0.0,0.0,0.0,0.0,0.0,0.0,0.0,0.0,0.0,0.0,0.0,0.0,0.0,0.0,0.0,0.0,0.0,0.0,15.500644,1.4264371,0.0,0.0,0.0,0.0,0.0,0.0,2.630733,0.0,0.0,0.0,0.0,4.980836,0.0,0.0,0.0,7.7629933,1.0082989,0.0,0.0,0.0,0.0,0.0,0.0,0.0
0.0,0.0,0.0,0.0,0.0,0.0,0.0,0.0,0.0,0.0,0.0,0.0,0.0,0.0,0.0,2.918276,0.0,0.0,5.2237945,3.3540616,0.0,0.0,9.218107,0.0,0.0,0.0,0.0,0.0,0.0,0.0,0.0,8.280557,8.643303,0.0,0.0,13.298632,0.0,0.0,0.0,0.0,0.0,0.0,0.0,0.0,0.0,0.0,0.0,6.505911,0.0,0.0,0.0,0.0,0.0,0.0,0.0,0.0,0.0,0.0,0.0,0.0,0.0,0.0,0.0,0.0,0.0,0.0,0.0,0.0,0.0,15.736689,0.0,0.0,0.0,0.0,3.1138198,0.0,0.0,0.0,0.0,0.0,0.0,0.0,0.0,20.904146,0.0,0.0,0.0,0.0,0.0,0.0,0.0,0.0,0.0,0.0,0.0,0.0,0.0,0.0,0.0,0.0,0.0,0.0,16.710016,0.0,4.1115823,0.0,0.0,0.0,0.0,0.0,5.072617,0.0,0.0,0.0,0.0,10.797566,0.0,4.1446786,0.0,0.0,5.3265347,0.0,0.0,0.0,0.0,0.0,0.0,0.0
0.0,0.0,0.0,1.485116,0.0,0.0,2.5811863,0.0,0.0,0.0,0.0,15.4811325,0.0,0.0,0.0,0.0,0.0,0.0,3.2937412,0.0,0.0,0.0,7.9445357,0.0,0.0,0.0,5.3744345,0.0,0.0,0.0,0.0,0.0,2.1663227,0.0,0.0,0.0,0.0,0.0,1.5779444,0.0,0.0,0.0,0.0,0.0,0.0,0.0,0.0,0.0,0.0,0.0,0.5735206,0.0,0.0,0.0,0.0,0.0,0.0,9.028747,8.167965,0.0,0.0,0.0,0.77625924,4.0706215,0.0,0.0,0.0,7.5749173,0.0,3.8505325,0.0,0.0,0.0,0.0,4.791991,0.0,0.0,0.0,0.0,0.0,0.0,0.0,0.0,2.5453815,0.0,2.0042307,0.0,0.0,0.0,0.0,0.0,3.4260373,0.0,0.0,0.0,0.0,0.0,0.0,0.1029363,0.0,0.0,0.0,8.333397,0.0,0.0,0.0,0.0,0.0,0.0,0.0,0.0,3.205403,0.0,0.0,0.0,2.4513638,0.0,0.0,0.0,0.0,2.288071,0.0,8.108533,0.0,0.0,0.0,0.0,0.0
0.0,0.0,0.0,0.0,0.0,0.0,0.0,0.0,0.0,0.0,13.665132,13.787344,4.894464,0.0,0.0,0.0,0.0,0.0,0.0,0.0,0.0,0.0,4.9116826,0.8772958,0.0,0.0,4.8996434,0.0,0.0,0.0,0.0,0.0,0.0,0.0,2.1762004,0.0,0.0,0.0,0.0,0.0,0.0,0.0,0.0,0.0,0.0,0.0,0.0,0.0,0.0,0.0,10.140694,5.125469,0.0,0.0,0.0,0.0,0.0,8.747849,10.133266,0.0,0.0,0.0,0.0,0.0,0.0,0.0,0.0,10.508274,0.0,13.49478,0.0,0.0,0.0,0.0,2.042401,0.0,0.0,0.0,0.0,0.0,0.0,0.0,0.0,10.645583,0.0,0.0,0.0,8.245324,0.0,0.0,0.0,5.0196342,0.0,0.0,0.0,0.0,0.0,0.0,0.0,0.0,0.0,0.0,0.0,5.2784395,6.291844,0.0,0.27121234,0.0,0.0,0.0,0.0,4.234904,0.0,0.0,0.0,0.0,0.0,0.0,0.0,0.0,0.33884963,0.0,1.3883302,0.0,0.0,0.0,0.0,0.0
0.0,0.0,0.0,0.0,0.32112092,0.0,1.7549074,0.0,0.0,0.0,8.314161,3.7663107,4.070192,0.0,0.0,0.0,0.0,0.0,0.0,0.0,0.0,0.0,0.0,0.0,0.0,0.0,0.0,0.0,5.9869413,0.0,0.0,0.0,0.0,0.0,3.8713412,3.836028,0.0,0.0,0.0,3.480061,0.0,0.0,0.0,0.0,0.0,0.0,0.0,0.0,0.0,0.0,0.0,11.7848835,0.0,0.0,0.0,0.0,0.0,3.371389,9.080617,0.0,0.0,0.0,5.7269597,0.0,0.0,0.0,0.0,0.0,0.0,0.0,0.0,0.0,0.0,0.0,0.0,0.0,0.0,0.0,0.0,0.0,0.0,0.0,0.0,0.0,0.0,0.0,0.0,0.0,0.0,0.0,0.0,0.0,0.0,0.0,0.0,0.0,0.0,0.0,0.5279289,0.0,0.0,0.0,0.0,0.0,0.0,0.0,0.0,0.0,0.0,0.0,2.1768818,0.3405938,0.0,3.1117737,4.6046085,0.0,0.0,0.0,0.0,0.0,0.0,0.0,0.0,0.0,6.8359165,0.0,0.0,1.1187456
0.0,0.0,4.5326014,1.8531528,0.0,0.0,6.4108896,0.0,0.0,0.0,0.0,0.0,0.0,0.0,0.0,0.08826018,0.0,0.0,1.4212059,4.118959,0.0,0.0,0.0,3.5615346,0.0,0.0,2.2891934,0.0,2.2131183,0.0,0.0,0.0,0.0,0.0,3.1978445,0.22970223,0.0,0.0,0.72387123,0.0,0.0,0.0,0.0,0.0,0.0,0.0,0.0,0.0,1.8958719,0.0,0.0,0.0,0.0,0.0,0.0,0.0,4.193678,0.5940611,0.0,0.0,0.0,0.0,3.6644754,0.70880264,0.0,0.0,0.0,0.0,0.0,0.07211748,9.109283,0.0,1.425508,0.0,0.0,0.0,0.0,0.0,0.0,0.0,0.0,5.1098356,0.0,6.6407304,0.0,0.0,0.0,1.2324988,0.0,0.0,0.0,3.0499299,0.0,0.0,0.0,0.0,0.0,0.0,6.180873,0.0,0.0,0.0,0.2984046,8.631012,1.6439787,0.0,0.0,0.0,0.0,0.0,2.315141,3.2610977,2.700016,0.03005451,0.0,2.8145695,0.0,0.0,0.0,0.0,3.1797655,0.0,0.0,0.0,0.0,0.0,0.0,0.0
0.0,0.0,0.0,0.0,0.0,0.0,4.2268367,0.0,0.0,0.0,0.6544018,0.0,0.0,0.0,0.0,0.599419,0.0,1.6083555,5.4272985,0.0,0.0,0.0,0.23051836,0.0,0.0,0.0,0.101292536,0.0,3.1914694,0.022058317,0.0,0.0,0.0,0.0,0.6151315,0.0,0.0,0.0,0.0,0.0,0.0,0.0,0.0,0.0,0.0,0.0,0.0,0.0,2.6300693,0.0,0.0,1.0209132,0.0,0.0,0.0,0.0,2.9350302,0.0,3.8501399,0.0,0.0,0.0,7.0595794,4.5863566,0.0,0.0,0.0,0.0,0.0,2.9091194,5.1134124,0.0,0.0,0.0,1.0794818,0.0,0.0,0.0,0.0,0.0,0.0,0.0,0.0,0.0,0.0,0.0,0.0,0.0,0.0,0.0,0.0,0.0,0.0,0.0,0.0,0.46370637,0.0,0.0,10.138978,0.0,0.0,0.0,6.7632594,0.0,1.7993734,0.0,1.7894441,0.0,0.0,0.0,0.0,0.0,0.0,1.8872466,1.5433335,1.8993164,0.0,0.0,0.0,0.0,0.0,0.0,3.9794912,0.0,0.0,0.0,0.0,0.0
0.0,0.0,0.0,1.0716542,0.0,0.0,7.150299,0.0,0.0,0.0,0.0,0.0,0.0,0.0,0.0,0.0,0.0,3.3668082,1.8619858,0.0,0.0,0.0,0.01501539,9.957712,0.0,0.0,4.401693,0.0,0.0,0.0,0.0,0.0,1.6725665,4.6248765,0.0,0.0,0.0,0.0,7.4515724,0.0,0.0,0.0,0.0,0.0,0.0,6.48329,0.0,0.0,4.617793,0.0,10.904073,6.187614,0.0,0.0,0.0,0.0,0.0,9.439615,6.8172445,0.0,0.0,3.2136416,0.0,0.14396106,0.0,0.0,0.0,3.5433922,0.0,6.967437,0.0,0.0,0.19411057,0.0,4.105293,0.0,0.0,0.0,0.0,0.0,0.0,0.0,0.0,0.0,0.0,1.4747028,0.0,0.0,0.0,0.0,0.0,1.6448162,0.0,0.0,0.0,0.0,0.0,0.0,0.0,0.0,0.0,0.0,0.0,0.0,13.319133,0.0,0.0,0.0,0.0,0.0,0.0,0.0,0.0,0.3441165,0.0,0.0,0.0,0.0,0.0,0.0,3.1964748,0.0,0.0,0.0,0.0,0.0,0.0,2.5750718
0.0,1.9058652,0.33024246,5.802391,0.0,0.0,2.8338728,0.0,0.0,0.0,4.0775714,0.11368984,0.0,0.0,0.0,0.9851683,0.0,0.0,5.7061496,6.0900173,0.0,0.0,0.18541577,4.523819,0.0,0.0,2.8434198,0.0,0.90238446,0.0,0.0,0.0,0.0,4.631791,0.0,0.4449574,0.0,0.0,0.0,0.0,0.0,0.0,0.0,0.0,0.0,0.0,0.0,0.0,0.0,0.0,0.0,2.6591673,1.753138,0.0,0.0,0.0,0.0,0.3879825,6.8787003,0.0,0.0,0.0,0.0,0.0,0.0,0.0,0.0,0.0,0.0,4.106799,0.0,0.0,0.0,0.0,0.0,0.0,0.0,0.0,0.0,0.0,0.0,0.0,0.0,0.0,0.0,0.0,0.0,0.0,0.0,0.0,0.0,0.0,0.0,0.0,0.0,0.0,1.3849871,0.0,7.03396,0.0,0.0,0.0,4.02653,5.5678606,0.0,0.0,0.0,0.0,0.0,0.0,4.047132,0.0,0.0,0.0,9.117422,2.1291394,0.0,0.0,0.0,6.06332,0.0,0.0,0.0,0.0,5.6574216,0.0,0.0,4.011495
0.0,2.2912424,0.0,0.0,0.0,0.0,8.061305,0.0,0.0,0.0,1.2775265,3.911537,0.19134654,0.0,0.0,0.57325035,0.0,1.3881264,1.017612,2.1880362,0.0,0.0,0.0,0.0,0.0,0.0,0.0,0.0,3.2753265,0.0,0.0,0.0,0.0,1.8901982,4.467759,7.2164702,4.790099,0.0,0.0,5.9681425,0.0,0.0,0.0,0.0,0.0,0.0,0.0,0.0,3.4005191,0.0,0.0,10.996785,0.0,0.0,0.0,0.0,1.6481433,0.0,6.017316,0.0,0.0,0.0,7.320401,2.4311144,0.0,0.0,0.0,0.0,0.0,0.0,0.6820431,0.0,0.0,0.0,0.0,0.0,0.27894413,0.0,0.0,0.0,0.0,0.0,0.0,0.0,0.0,0.0,0.0,0.0,0.0,0.0,0.0,0.0,0.0,0.0,0.0,0.0,0.0,0.0,4.7020617,0.0,0.0,0.0,6.1137314,0.0,0.0,0.0,0.0,0.0,0.0,0.0,2.9370947,0.0,0.0,0.0,6.3234887,0.0,0.0,0.0,0.0,0.0,0.0,0.0,0.0,0.0,6.3796983,0.0,0.0,0.0
0.0,0.0,0.24318126,0.0,0.0,0.0,12.616054,0.0,0.0,0.0,0.0,2.0904872,0.0,0.0,0.0,2.9701653,0.0,2.6748168,3.4851284,5.257109,0.0,0.0,0.0,0.39131385,0.0,0.0,3.7980416,0.0,1.0236617,0.0,0.0,0.0,0.0,0.0,2.1058297,0.0,3.6137486,0.0,0.0,0.0,0.0,0.0,0.0,1.6549269,0.0,0.0,5.630441,0.0,0.0,0.0,0.0,7.8230286,0.0,0.0,0.0,0.0,2.3604448,1.4490436,0.0,0.0,0.0,0.0,4.234861,1.6375977,0.0,0.0,0.0,0.0,0.0,2.0151694,6.208047,0.0,0.0,0.0,0.0,0.0,1.2623245,0.0,0.0,0.0,0.0,2.7959886,0.0,0.13477927,0.0,0.0,0.0,0.0,0.0,0.0,0.0,0.0,0.0,0.0,0.0,1.1303358,0.0,0.22954881,1.5066714,0.0,0.0,0.0,0.0,5.9127703,0.0,0.0,0.0,0.0,0.0,0.0,2.9208176,0.0,0.0,0.0,0.0,3.8278644,0.0,0.0,0.0,0.0,0.0,0.0,0.0,0.0,0.0,0.0,2.866599,0.0
0.0,2.9275517,1.264421,0.0,0.78612465,0.0,1.5247831,0.0,0.0,0.0,2.7724316,0.0,0.0,0.0,0.0,0.19107197,0.0,3.1681468,0.8796141,2.169696,0.0,0.0,0.0,0.7236295,0.0,0.0,0.0,0.0,1.881671,0.0,0.0,0.0,0.0,0.0,5.4632263,0.5060411,0.0,0.0,0.0,3.4894443,0.0,0.0,0.0,0.5237782,0.0,0.0,0.0,0.0,2.3884935,0.0,0.0,4.412069,0.0,0.0,0.0,0.0,1.9522331,0.0,2.9139888,0.0,0.0,0.0,3.1603606,4.311129,0.0,0.0,0.0,0.0,0.0,1.2671173,5.2455125,0.0,0.0,0.0,0.0,0.0,1.4836825,0.0,0.0,0.0,2.5227492,0.0,0.0,0.0,0.0,0.0,0.0,0.0,0.0,0.0,0.0,0.0,0.0,0.0011727121,0.0,0.0,0.0,0.0,0.29325312,0.0,0.0,0.0,0.0,0.0,0.0,0.0,0.0,0.0,0.0,0.0,6.390768,0.0,0.8290907,5.813471,0.6488781,0.0,0.0,0.0,0.0,0.0,0.0,0.0,0.0,0.0,2.9864519,0.0,0.0,0.0
0.0,0.0,2.3757412,2.9522042,0.0,0.0,3.9073598,0.0,0.0,0.0,0.9952267,0.0,0.0,0.0,0.0,0.0,0.0,0.0,3.0386002,1.7134519,0.0,0.0,0.0,5.8701243,0.0,0.0,5.738965,0.0,0.35266227,0.0,0.0,0.0,0.0,2.9318392,1.9129387,0.0,0.0,0.0,0.0,0.0,0.0,0.0,0.0,0.0,0.0,0.0,0.0,0.0,0.34255242,0.0,0.0,4.105944,0.0,0.0,0.0,0.0,0.0,3.1872838,2.4362416,0.0,0.0,0.0,0.0,0.0,0.0,0.0,0.0,0.0,0.0,6.960158,0.0,0.0,0.0,0.0,0.0,0.0,0.0,0.0,0.0,0.0,0.8638178,0.0,0.0,0.0,0.0,0.0,0.0,0.0,0.0,0.0,0.0,0.0,0.0,0.0,0.0,0.7997288,0.0,0.0,1.0884411,0.0,0.0,0.0,0.0,3.0316935,3.6275778,0.0,0.0,0.0,0.0,0.0,3.831292,0.0,0.0,5.5726824,3.3089066,0.0,0.0,0.0,0.0,5.249289,0.0,0.0,0.0,0.0,1.985084,0.0,0.0,4.384688
0.0,0.16991763,1.6740444,0.0,1.0927995,0.0,1.7295678,0.0,0.0,0.0,2.108185,0.0,0.0,0.0,0.0,3.1204276,0.0,0.897228,0.0,1.7179893,0.0,0.0,0.0,1.239916,0.0,0.0,0.0,0.0,0.918201,0.0,0.0,0.0,0.0,0.3359357,3.4434001,1.4768071,0.0,0.0,0.0,1.886797,0.0,0.0,0.0,1.6107386,0.0,0.0,0.0,0.0,0.0,0.0,0.0,4.1846185,0.0,0.0,0.0,0.0,0.0,0.0,0.68600047,0.0,0.0,0.0,0.46803033,1.43106,0.0,0.0,0.0,0.0,0.0,3.3542418,4.954635,0.0,0.0,0.0,0.0,0.0,2.3209674,0.0,0.0,0.0,1.0123258,0.0,0.0,0.0,0.0,0.0,0.0,0.3293909,0.0,0.0,0.0,0.0,0.0,0.0,0.0,0.0,0.0,0.0,0.0,0.0,0.0,0.0,0.0,1.4171455,0.0,0.0,0.0,0.0,0.0,0.0,3.0050213,0.0,0.0,2.840055,0.56434286,0.0,0.0,0.0,0.0,0.0,0.0,0.0,0.0,0.0,4.0620084,0.0,0.32442597,0.0
0.0,0.0,0.0,1.3709687,0.0,0.0,1.0134306,0.0,0.0,0.0,3.0571485,0.21840991,0.0,0.0,0.0,0.0,0.0,0.0,0.0,0.0,0.0,0.0,0.0,0.7794271,0.0,0.0,0.0,0.0,0.0,0.5356132,0.0,0.0,1.4695761,1.9191357,1.5382402,0.0,0.0,0.0,0.0,0.24452248,0.0,0.0,0.0,0.0,0.0,2.3696313,0.0,0.0,0.0,0.0,0.0,3.669176,0.0,0.0,0.0,0.0,0.0,4.1071973,0.07520422,0.0,0.0,0.0,0.32185972,1.9490741,0.0,0.0,0.0,4.727881,0.0,2.9726388,0.0,0.0,0.0,0.0,0.5612522,0.0,1.7797505,0.0,0.0,0.0,0.904593,0.0,0.0,0.0,0.0,0.35121274,0.0,0.0,0.0,0.0,0.0,3.6108854,0.0,0.0,0.0,0.0,0.0,0.0,0.0,0.0,0.0,0.0,0.0,1.2130232,0.0,0.0,0.0,0.0,0.0,0.0,0.45600346,0.0,3.6706638,2.8694255,2.02788,0.34995,0.0,0.0,0.0,0.18507048,0.0,0.0,0.0,0.0,0.0,0.0,0.0,0.0
0.0,0.0,0.0,0.0,0.0,0.0,0.39522612,0.0,0.0,0.0,3.339815,0.0,0.0,0.0,0.0,0.0,0.0,2.7168286,8.984288,0.0,0.0,0.0,0.0,4.2900004,0.0,0.0,0.0,0.0,9.654838,0.0,0.0,0.0,0.0,0.0,4.2098317,0.0,2.4445605,0.0,0.0,0.0,4.409742,0.0,0.0,0.0,0.0,0.0,2.5618317,0.0,9.053096,0.0,0.76737624,5.4303274,0.0,0.0,0.0,0.0,3.6645987,0.37812868,5.0158715,0.0,0.0,0.0,2.4185443,0.58298665,0.0,0.0,0.0,0.0,0.0,0.0,2.8685725,0.0,0.0,0.0,0.0,0.0,0.0,0.0,0.0,0.0,1.7795972,0.0,0.0,0.0,0.0,0.0,0.0,0.0,0.0,0.0,0.0,0.0,0.0,1.9118084,0.0,0.0,0.0,0.0,3.9459727,0.0,0.0,0.0,0.0,0.0,0.0,0.0,4.762994,0.0,0.0,0.0,4.707251,0.0,0.3377084,5.2190695,6.723428,3.154466,0.0,0.0,0.0,0.0,0.0,0.0,0.0,0.0,1.1149297,0.0,0.0,0.0
0.0,0.0,0.0,2.7952363,1.2033176,1.2340842,0.0,0.0,0.0,0.0,0.0,0.0,0.0,0.0,0.0,0.0,0.0,0.0,0.0,0.0,0.0,0.0,0.0,7.0248857,0.0,0.0,0.0,0.0,0.14080018,0.0,0.0,0.5159715,3.5845616,0.0,0.51778895,0.0,0.0,0.0,0.0,0.0,0.0,0.0,0.0,0.0,0.0,0.5221337,0.0,0.0,0.0,0.0,5.2555523,0.95727277,0.0,0.0,0.0,0.0,0.0,2.255687,0.51383764,0.0,0.0,0.9440093,0.0,0.0,0.0,0.0,0.0,3.3872783,0.0,6.149759,0.0,0.0,0.0,0.0,0.0,0.0,4.5210843,0.0,0.0,0.0,6.786615,0.0,0.0,0.63609254,0.0,0.0,0.0,0.0,0.0,0.0,0.0,0.0,0.0,4.7463503,0.0,0.0,0.0,0.0,0.0,0.0,0.0,0.0,0.0,0.0,0.0,0.0,0.0,0.0,0.0,0.0,5.2372932,0.0,5.310213,4.0587144,0.0,2.0568612,0.0,0.0,0.0,0.0,0.0,0.0,0.0,0.0,0.0,0.0,0.0,0.0
0.0,0.0,0.0,2.6792595,0.0,0.0,1.2179449,0.0,0.0,0.0,0.0,4.286757,3.337762,0.0,0.0,11.623818,0.0,0.0,0.0,7.7212434,0.0,0.0,0.0,0.0,0.0,0.0,0.0,0.0,0.0,0.0,0.0,0.0,2.0286584,0.0,0.0,0.0,0.0,0.0,2.320446,0.0,0.0,0.0,0.0,2.094928,0.0,0.0,0.0,0.0,0.0,0.0,1.0294907,0.0,0.0,0.0,0.0,0.0,10.865911,0.0,0.0,0.0,0.0,6.4454217,0.0,0.0,0.0,0.0,0.0,0.0,0.0,0.088285565,0.0,0.0,0.0,0.0,6.35748,0.0,0.0,0.0,0.0,0.0,0.0,0.0,0.0,16.91847,0.0,0.0,0.0,0.0,0.0,0.0,0.0,0.0,0.0,0.0,0.0,9.057331,0.0,0.0,0.0,0.0,0.0,0.0,13.086093,0.0,0.0,0.0,0.0,0.0,0.0,0.0,0.0,11.462528,0.0,0.0,0.0,0.0,0.0,0.0,0.0,0.0,8.763929,0.0,0.0,0.44186807,0.0,0.0,0.0,0.0
0.0,0.0,0.0,0.0,0.0,0.336075,0.0,0.0,0.0,0.0,0.0,0.0,3.4681544,0.0,0.0,0.5101623,0.0,2.0246186,0.0,0.0,0.0,0.0,0.0,0.0,0.0,0.0,0.0,0.0,0.0,0.0,0.0,0.0,8.855891,0.20472273,0.0,0.0,0.0,0.0,0.0,0.0,0.0,0.0,0.0,0.037005097,0.0,0.0,0.0,0.0,0.0,0.0,0.0,0.0,0.0,0.0,0.0,0.0,2.7608528,1.8734511,0.0,0.0,0.0,2.3631792,0.0,0.0,0.0,0.0,0.0,1.1906066,0.0,1.2037966,0.51672494,0.0,0.0,0.0,0.0,0.0,8.371592,0.0,0.0,0.0,9.608742,0.0,0.0,0.0,0.0,0.0,0.0,0.0,0.0,0.0,0.0,2.4318538,0.0,0.0,0.0,0.0,0.0,0.0,0.0,0.0,0.0,0.0,0.0,0.0,0.0,0.0,0.0,6.125488,0.0,0.0,0.0,0.0,0.0,0.0,0.0,2.7128658,0.0,0.0,0.0,0.0,0.0,0.0,0.0,0.0,0.0,0.0,0.0,0.0
0.0,0.0,0.0,4.7166643,0.0,0.0,12.271287,0.0,0.0,0.0,0.0,0.0,0.0,0.0,0.0,4.00669,0.0,7.6430073,5.996071,6.7985196,0.0,0.0,0.0,10.093282,0.0,0.0,0.0,0.0,0.0,0.0,0.0,0.0,0.0,5.121453,0.0,0.0,5.058391,0.0,0.0,0.0,0.0,0.0,0.0,6.422923,0.0,0.0,7.9693174,0.0,0.0,0.0,0.0,5.290562,0.0,0.0,0.0,0.0,6.6907444,0.0,0.0,0.0,0.0,4.6130266,2.1490307,2.1260772,0.0,0.0,0.0,0.0,0.0,7.1744685,4.4919744,0.0,0.0,0.0,0.0,0.0,0.0,0.0,0.0,0.0,0.0,7.1112,0.0,0.0,0.0,0.0,0.0,0.0,0.0,0.0,0.0,0.0,0.0,0.0,0.0,6.7039866,0.0,0.0,4.9222946,0.0,0.0,0.0,2.89576,0.0,0.0,0.0,0.7492366,0.0,0.0,0.0,0.0,0.0,0.0,0.0,0.261002,0.9745478,0.0,0.0,0.0,0.0,0.0,0.0,0.0,0.0,0.0,4.397833,1.322335,0.0
0.0,0.0,0.0,9.897202,0.0,0.0,0.0,0.0,0.0,0.0,12.185739,12.565085,4.240993,0.0,0.0,0.0,0.0,0.0,4.2431192,0.0,0.0,0.0,0.0,0.0,0.0,0.0,0.0,0.0,6.1745152,0.0,0.0,0.0,1.3118573,0.0,3.1915753,0.8936771,0.0,0.0,0.0,4.205704,0.0,0.0,0.0,0.0,0.0,0.0,0.0,0.0,0.0,0.0,5.137378,8.508701,0.0,0.0,0.0,0.0,0.0,2.0834665,9.78885,0.0,0.0,0.0,0.80450684,0.0,0.0,0.0,0.0,3.7277122,0.0,0.0,2.7909784,0.0,0.0,0.0,3.5105968,0.0,0.0,0.0,0.0,0.0,0.0,0.0,0.0,0.0,0.0,0.0,0.0,4.965541,0.0,0.0,0.0,0.0,0.0,0.0,0.0,0.0,0.0,0.0,0.0,0.0,0.0,0.0,6.411494,0.0,0.0,0.0,0.0,0.0,0.0,0.0,0.0,0.7768075,0.0,0.0,7.225034,0.0,0.0,0.0,0.0,0.0,0.0,0.0,0.0,0.0,4.9216065,0.0,0.0,0.0
0.0,0.0,1.012851,0.0,0.0,0.0,6.0817904,0.0,0.0,0.0,2.3693016,0.113990754,0.0,0.0,0.0,1.3264421,0.0,0.0,0.0,1.2035264,0.0,0.0,0.0,0.0,0.0,0.0,1.3660963,0.0,0.0,1.9435364,0.0,0.0,0.0,1.9059165,5.3056507,2.311886,0.0,0.0,0.0,2.5202906,0.0,0.0,0.0,0.0,0.0,0.0,0.0,0.0,1.2222508,0.0,0.0,4.5890284,0.0,0.0,0.0,0.0,0.5815668,0.7712469,0.0,0.0,0.0,0.0,3.792525,3.9072049,0.0,0.0,0.0,0.0,0.0,2.7786922,4.6708364,0.0,0.0,0.0,0.0,0.0,0.17739673,0.0,0.0,0.0,0.0,0.0,0.0,0.0,0.0,0.0,0.0,0.0,0.0,0.0,0.0,0.0,0.0,0.0,0.0,0.9336839,0.0,0.0,6.044906,0.0,0.0,0.0,0.018073391,1.4159893,0.0,0.0,0.0,0.0,0.0,0.0,2.71309,0.0,0.03758128,3.7561898,0.0,0.0,0.0,0.0,0.0,0.19390397,0.0,0.0,0.0,0.0,0.7367358,0.0,0.0,0.0
0.0,0.0,1.9503455,1.6893301,0.0,0.0,3.4711819,0.0,0.0,0.0,3.3797796,0.0,0.0,0.0,0.0,0.0,0.0,0.0,0.7781718,0.0,0.0,0.0,0.0,4.1149173,0.0,0.0,1.7539583,0.0,0.0,1.2318748,0.0,0.0,0.0,5.6959815,4.6121216,0.0,0.0,0.0,4.4728174,0.0,0.0,0.0,0.0,0.0,0.0,0.0,0.0,0.0,3.3700547,0.0,2.0357752,6.8236866,0.0,0.0,0.0,0.0,0.0,5.1385484,5.53287,0.0,0.0,0.0,1.6934716,0.79973257,0.0,0.0,0.0,0.18341413,0.0,3.0229824,1.3042687,0.0,0.03883891,0.0,0.0,0.0,0.0,0.0,0.0,0.0,0.0,0.0,0.0,0.0,0.0,0.0,0.0,0.0,0.0,0.0,0.0,1.7532127,0.0,0.0,0.0,0.0,0.0,0.0,0.0,0.0,0.0,0.0,0.0,1.0153977,5.5218773,0.0,0.0,0.0,0.0,0.0,3.0718472,0.0,0.14901596,5.5062194,3.3033755,0.0,0.0,0.0,0.0,0.0,0.0,0.0,0.0,0.0,0.0,0.0,0.0,3.2059152
0.0,0.0,0.0,2.811942,1.1369097,0.0,0.0,0.0,0.0,0.0,0.0,0.0,3.0197988,0.0,0.0,0.0,0.0,2.6834686,0.0,0.0,0.0,0.0,0.0,7.6531286,0.0,0.0,0.0,0.0,0.0,0.0,0.0,0.0,1.2305784,3.4421566,0.27666524,0.0,0.0,0.0,0.6625968,0.0,0.0,0.0,0.0,0.0,0.0,0.0,0.0,0.0,3.2783296,0.0,2.064264,8.395454,0.0,0.0,0.0,0.0,2.1105762,8.333083,2.6829135,0.0,0.0,0.0,0.0,0.0,0.0,0.0,0.0,0.0,0.0,0.0,1.8292115,0.0,0.0,0.0,0.0,0.0,5.3821425,0.0,0.0,0.0,5.302332,0.0,0.0,0.0,0.0,0.0,0.0,0.0,0.0,0.0,0.0,0.42151493,0.0,5.1193714,0.0,0.0,0.0,0.0,0.0,0.0,0.0,0.0,0.0,0.27821392,0.0,0.0,0.0,0.0,0.0,0.0,6.093491,0.0,3.860475,7.7246404,1.8065373,0.0,0.0,0.0,0.0,0.0,0.0,0.0,0.0,0.0,5.987184,0.0,0.0,0.7969701
0.0,0.0,0.0,0.0,0.0,0.0,3.3717914,0.0,0.0,0.0,0.0,0.0,0.0,0.0,0.0,0.0,0.0,5.9230256,7.6284146,0.0,0.0,0.0,0.0,6.4844975,0.0,0.0,2.677136,0.0,3.0294423,0.0,0.0,0.0,0.0,0.0,4.275807,0.0,0.0,0.0,0.0,0.0,0.0,0.0,0.0,0.0,0.0,0.0,0.0,0.0,1.8876779,0.0,2.9723306,5.8374615,0.0,0.0,0.0,0.0,0.6971356,1.9818654,0.0,0.0,0.0,0.0,1.1806115,1.9475553,1.7057338,0.0,0.0,0.41009933,0.0,3.280354,4.661226,0.0,0.0,0.0,0.7898783,0.0,3.609517,0.0,0.0,0.0,0.30968392,1.1728159,0.0,0.82399064,0.0,0.0,0.0,0.0,0.0,0.0,0.0,0.0,0.0,2.4926708,0.0,0.0,0.0,0.0,0.0,0.0,0.0,0.0,0.0,0.6786611,3.8663127,0.0,1.0468762,0.0,0.0,0.0,6.473807,0.0,3.4168289,4.5114274,0.078217775,1.5402516,0.0,0.0,0.0,0.0,0.0,0.0,0.0,0.0,0.0,0.0,0.0,0.7244474
0.0,0.0,0.0,9.02929,0.0,0.0,0.0,0.0,0.0,0.0,0.0,0.0,0.0,0.0,0.0,0.0,0.0,1.7710973,9.784443,0.0,0.0,0.0,7.0335083,3.6986778,0.0,0.0,0.0,0.0,0.0,10.783939,0.0,0.0,18.189838,9.085008,0.0,0.0,0.0,0.0,0.0,0.0,0.0,0.0,0.0,0.0,0.0,6.0611067,0.0,0.0,0.028859353,0.0,0.0,0.0,0.0,0.0,0.0,0.0,4.288736,0.30140525,7.341994,0.0,0.0,9.292582,0.0,13.867764,0.0,0.0,0.0,1.8701512,0.0,8.770668,0.0,0.0,0.0,0.0,4.758182,0.0,0.0,0.0,0.0,0.0,11.180144,0.0,0.0,0.0,0.0,1.3048797,0.0,0.0,0.0,0.0,0.0,9.592435,0.0,0.0,0.0,0.0,0.0,0.0,0.0,0.0,0.0,0.0,0.49756068,0.0,1.2225261,0.0,0.0,0.0,0.0,0.0,0.0,0.0,0.0,3.5445485,3.128684,4.4862084,0.0,0.0,0.0,3.7367399,0.0,0.0,0.0,0.22803071,0.0,0.0,0.0,0.0
0.0,0.0,2.246704,0.0,0.0,0.0,3.9688993,0.0,0.0,0.0,1.728818,0.0,0.0,0.0,0.0,0.0,0.0,4.772894,6.4249763,0.0,0.0,0.0,0.0,1.9292139,0.0,0.0,0.0,0.0,0.0,0.0,0.0,0.0,0.0,0.0,1.0186207,0.0,0.0,0.0,0.0,0.0,0.0,0.0,0.0,0.0,0.0,0.0,0.0,0.0,0.0,0.0,0.0,5.3254013,0.0,0.0,0.0,0.0,0.0,2.694519,5.766951,0.0,0.0,0.059638582,3.6330497,4.3166533,0.0,0.0,0.0,0.0,0.0,5.105057,9.0192,0.0,0.0,0.0,8.781826,0.0,0.0,0.0,0.0,0.0,0.0,3.255525,0.0,0.0,1.3381578,0.0,0.0,3.383498,0.0,0.0,0.0,1.4907421,0.0,0.0,0.0,0.4664673,0.0,0.0,4.699919,0.0,0.0,0.0,4.98225,0.0,5.055757,0.0,4.2291965,0.0,0.0,0.0,0.0,0.0,0.0,5.189992,5.0994015,0.0,0.0,0.0,0.0,0.0,0.0,0.0,1.1496663,0.0,0.0,0.0,0.0,0.0
0.0,0.0,0.0,0.0,0.0,0.0,1.7503836,0.0,0.0,0.0,0.0,0.0,0.0,0.0,0.0,0.0,0.0,7.152396,11.890692,0.0,0.0,0.0,0.0,3.7673872,0.0,0.0,0.0,0.0,0.0,0.0,0.0,0.0,0.7581813,0.0,1.5741413,0.0,0.0,0.0,0.0,0.0,0.0,0.0,0.0,0.0,0.0,1.7803506,0.0,0.0,0.0,0.0,0.49064055,3.4614122,0.0,0.0,0.0,0.0,3.2613916,0.0,0.0,0.0,0.0,0.0,0.0,3.1360114,0.0,0.0,0.0,0.0,0.0,7.9553995,0.0,0.0,0.0,0.0,0.0,0.0,6.081095,0.0,0.0,0.0,6.238057,0.0,0.0,0.0,0.0,0.0,0.0,0.0,0.0,0.0,0.0,0.0,0.0,6.3016095,0.0,0.0,0.0,0.0,0.0,0.0,0.0,0.0,0.0,0.0,0.161197,0.0,0.0,0.0,0.0,0.0,10.65928,0.0,1.7232168,7.3872795,6.4516535,0.0,0.0,0.0,0.0,4.8120666,0.0,0.0,0.0,0.0,0.0,0.0,0.0,0.0
0.0,0.0,0.0,0.0,0.0,0.0,5.700238,0.0,0.0,0.0,4.9225526,0.4679307,4.467501,0.0,0.0,0.0,0.0,1.2818727,6.973011,0.0,0.0,0.0,0.0,0.0,0.0,0.0,3.411955,0.0,9.076925,0.0,0.0,0.0,0.0,0.0,5.757554,3.7230043,0.0,0.0,0.0,0.0,0.51415884,0.0,0.0,0.0,0.0,0.0,0.0,0.0,2.7141926,0.0,0.18137781,7.058213,0.0,0.0,0.0,0.0,0.41843215,6.79343,4.4768796,0.0,0.0,0.0,4.94154,0.0,0.0,0.0,0.0,0.0,0.0,0.0,0.5715894,0.0,0.0,0.0,0.0,0.0,0.0,0.0,0.0,0.0,0.0,0.0,0.0,0.0,0.0,0.0,0.0,0.0,0.0,0.0,0.0,0.0,0.0,0.0,0.0,0.0,0.0,0.0,4.8308754,0.0,4.794657,0.0,1.8008096,0.0,0.0,0.0,0.024674464,0.0,0.0,0.0,0.0,0.0,0.0,1.6865606,4.9746146,4.2262616,0.0,0.0,0.0,0.0,0.0,0.0,0.0,0.0,1.7752682,0.0,0.0,2.589052
0.0,0.0,2.3383534,0.0,0.0,0.0,3.6281877,0.0,0.0,0.0,3.8245816,1.4115759,3.7239282,0.0,0.0,0.0,0.0,0.0,0.0,0.0,0.0,0.0,0.0,2.7217677,0.0,0.0,6.4728546,0.0,1.5880487,0.0,0.0,0.0,0.0,2.996436,4.287456,0.4368892,0.0697645,0.0,4.5950465,0.0,0.0,0.0,0.0,0.0,0.0,0.0,0.0,0.0,0.9172428,0.0,4.775161,4.45278,0.0,0.0,0.0,0.0,0.0,8.309888,5.121719,0.0,0.0,0.0,0.0,0.0,0.0,0.0,0.0,0.0,0.0,1.4176416,0.0,0.0,2.39385,0.0,2.736481,0.0,0.0,0.0,0.0,0.0,0.0,0.0,0.0,0.0,0.0,0.0,0.0,0.0,0.0,0.0,0.0,0.9190239,0.0,0.0,0.0,2.3487709,0.0,0.0,5.075706,0.0,0.0,0.0,0.0,0.33965704,3.33209,0.0,0.36726758,0.0,0.0,0.0,0.0,2.2581089,0.0,0.0,2.390885,0.0,0.0,0.0,0.0,0.0,0.0,0.0,0.0,0.0,3.8906372,0.0,0.0,3.722667
0.0,0.12252222,0.0,3.6854641,0.0,0.0,0.0,0.0,0.0,0.0,0.0,0.0,0.0,0.0,0.0,0.0,0.0,0.59280056,6.1315403,0.0,0.0,0.0,11.144138,10.627621,0.0,0.0,0.0,0.0,0.0,0.0,0.0,0.0,0.0,4.140808,0.0,5.5732107,3.8896737,0.0,0.0,0.0,0.0,0.0,0.0,0.0,0.0,0.0,7.088089,6.7189283,0.0,0.0,0.0,0.0,4.5267224,0.0,0.0,0.0,1.154173,3.3108087,7.626277,0.0,0.0,0.0,0.0,0.0,0.0,0.0,0.0,0.0,0.0,5.88809,5.7553344,0.0,0.0,0.0,9.641393,0.0,0.0,0.0,0.0,0.0,0.0,2.8353796,0.0,0.0,10.328411,0.0,0.0,0.0,0.0,0.0,0.0,3.1901245,0.0,0.0,0.0,0.0,0.0,0.0,8.386489,0.0,0.0,0.0,10.079563,0.0,0.0,0.0,7.6224732,0.0,0.0,0.0,0.0,0.0,0.0,0.0,3.3124557,8.966061,0.0,0.0,0.0,2.169354,0.0,0.0,0.0,0.0,0.0,4.479702,0.0,0.0
0.0,0.0,1.7562968,4.7803197,0.0,0.0,1.8005033,0.0,0.0,0.0,0.02257058,0.0,0.0,0.0,0.0,0.0,0.0,0.0,3.2868621,0.0,0.0,0.0,1.7628992,4.9435983,0.0,0.0,4.9559464,0.0,0.0,0.0,0.0,0.0,0.0,2.0360277,0.28919184,0.0,0.0,0.0,4.5705767,0.0,0.0,0.0,0.0,0.0,0.0,0.0,0.0,0.0,2.416459,0.0,0.0,1.9345138,1.0625678,0.0,0.0,0.0,0.0,5.417472,4.7429876,0.0,0.0,0.034802314,0.0,0.0,0.0,0.0,0.0,0.0,0.0,1.6361612,0.0,0.0,0.0,0.0,0.0,0.0,0.0,0.0,0.0,0.0,0.0,0.0,0.0,0.0,0.0,0.0,0.0,0.0,0.0,0.0,0.0,0.0,0.0,0.0,0.0,0.11867746,2.7092764,0.0,1.5590639,0.0,0.0,0.0,0.0,3.1703203,0.6038839,0.0,0.0,0.0,0.0,0.0,7.901284,0.0,0.0,0.8469411,5.5988603,0.0,0.0,0.0,0.0,5.3430505,0.8197704,0.0,0.0,0.0,3.4099839,0.0,0.0,6.7204933
0.0,0.0,0.0,0.0,2.8568578,0.0,7.4400835,0.0,0.0,0.0,1.3488054,0.0,0.0,0.0,0.0,0.49711177,0.0,2.0212543,0.0,0.0,0.0,0.0,0.0,3.589611,0.0,0.0,0.38614187,0.0,1.0648148,0.0,0.0,0.0,0.0,0.0,7.6218596,2.1160328,0.0,0.0,0.0,0.0,0.0,0.0,0.0,0.0,0.0,0.0,0.0,0.0,0.0,0.0,0.0,12.065927,0.0,0.0,0.0,0.0,0.0,2.2319858,0.0,0.0,0.0,0.0,6.0555344,0.0,0.0,0.0,0.0,1.989617,0.0,2.5342958,4.8533483,0.0,0.0,0.0,0.0,0.0,5.087453,0.0,0.0,0.0,0.0,0.3806659,0.0,0.0,0.0,0.0,0.0,0.0,0.0,0.0,0.0,0.0,0.0,0.0,0.0,0.0,0.0,0.0,0.0,0.0,0.0,0.0,0.0,5.7593403,0.26589885,0.0,0.0,0.0,0.0,0.0,6.0551686,0.0,3.895544,5.235642,0.0,0.0,0.0,0.0,0.0,0.0,0.0,0.0,0.0,0.0,0.9110086,0.0,2.9757833,0.0
0.0,0.0,0.0,0.0,0.0,0.0,0.0,0.0,0.0,0.0,6.7738304,5.3595233,0.0,0.0,0.0,3.2631152,0.0,0.0,9.500024,0.0,0.0,0.0,7.17578,0.7861507,0.0,0.0,1.4734337,0.0,0.0,0.0,0.0,2.2681713,0.078511685,0.0,0.7933682,0.0,0.0,0.0,0.0,0.0,0.0,0.0,0.0,0.0,0.0,0.0,0.0,0.0,0.0,0.0,10.589565,0.0,0.0,0.0,0.0,0.0,0.0,0.0,6.215843,0.0,0.0,0.0,0.0,0.0,0.0,0.0,0.0,11.80142,0.0,18.202076,0.0,0.0,0.0,0.0,1.1378322,0.0,0.0,0.0,0.0,0.0,0.0,0.0,0.0,6.89131,0.0,15.084949,0.0,1.5642405,0.0,0.0,0.0,0.0,0.0,0.0,0.0,0.0,0.0,0.0,3.6230004,0.0,0.0,0.0,8.575157,0.0,1.9069083,0.0,0.0,0.0,0.0,4.95265,0.0,7.6043773,0.0,0.0,1.4025054,8.163759,0.0,0.0,0.0,0.0,0.0,0.0,6.207914,0.0,0.0,0.0,0.0,0.0
0.0,4.900972,0.20454323,0.39691988,0.0,0.0,6.650025,0.0,0.0,0.0,0.016815955,0.0,2.3761146,0.0,0.0,2.9966745,0.0,2.6085372,5.444881,8.098934,0.0,0.0,0.0,0.0,0.0,0.0,0.0,0.0,2.6184292,0.0,0.0,0.0,0.0,0.0,1.8888704,4.9863753,6.7426033,0.0,0.0,8.902066,0.0,0.0,0.0,2.344383,0.0,0.0,3.844436,0.0,0.4388822,0.0,0.0,4.114242,0.1009539,0.0,0.0,0.0,1.2115287,0.0,0.0,0.0,0.0,0.0,0.0,0.0,0.0,0.0,0.0,0.0,0.0,2.889901,5.9472737,0.0,0.0,0.0,0.0,0.0,2.3620257,0.0,0.0,0.0,2.8415806,0.0,0.0,0.0,0.0,0.0,0.0,0.0,0.0,0.0,0.0,1.8018068,0.0,0.0,0.0,0.0,0.0,0.0,4.392723,0.0,0.0,0.0,8.152388,3.8683615,0.0,0.0,0.0,0.0,0.0,0.0,2.2071595,0.0,0.0,0.0,4.4549413,6.9632907,0.0,0.0,0.0,0.41560164,0.0,0.0,0.0,0.0,3.774707,0.0,0.0,0.0
0.0,0.0,0.0,4.7922893,2.8250299,0.0,0.0,0.0,0.0,0.0,1.7212362,0.0,0.0,0.0,0.0,0.0,0.0,0.0,0.0,0.0,0.0,0.0,0.0,5.038061,0.0,0.0,0.0,0.0,4.544242,0.0,0.0,0.0,1.9635218,0.0,5.2618647,0.0,0.0,0.0,0.0,0.0,0.0,0.0,0.0,0.0,0.0,0.0,0.0,0.0,0.0,0.0,10.927408,2.0945556,0.0,0.0,0.0,0.0,0.0,2.312019,4.0276265,0.0,0.0,0.607306,0.0,0.0,0.0,0.0,0.0,3.616501,0.0,3.583071,0.0,0.0,0.0,0.0,0.0,0.0,0.2927556,0.0,0.0,0.0,7.1223016,0.0,0.0,1.5941589,0.0,0.0,0.0,0.0,0.0,0.0,0.0,0.0,0.0,6.8573484,0.0,0.0,0.0,0.0,0.0,0.0,0.0,0.0,0.0,0.0,0.0,0.0,0.0,0.0,0.0,0.32340878,3.6496968,0.0,7.581229,3.362844,0.0,4.1062765,0.0,0.0,0.0,0.0,0.0,0.0,0.0,0.0,3.092273,0.0,0.0,0.0
0.0,0.0,3.280021,7.6492367,0.0,0.0,5.130879,0.0,0.0,0.0,0.0,0.23502235,0.0,0.0,0.0,0.0,0.0,4.1542964,2.9801524,1.8869494,0.0,0.0,0.0,2.3524413,0.0,0.0,0.0,0.0,1.9080348,0.0,0.0,0.0,0.0,2.2323644,1.1984795,0.0,4.324614,0.0,0.0,0.0,0.0,0.0,0.0,0.0,0.0,0.0,0.0,0.0,3.135315,0.0,0.0,11.935915,0.0,0.0,0.0,0.0,5.1643376,2.1470265,0.06061477,0.0,0.0,0.0,5.987375,0.83999246,0.0,0.0,0.0,0.0,0.0,0.0,4.907875,0.0,0.0,0.0,0.0,0.0,3.6287446,0.0,0.0,0.0,2.016868,0.0,0.0,0.0,0.0,0.0,0.0,0.0,0.0,0.0,0.0,1.3621755,0.0,0.0,0.0,0.0,0.0,0.0,0.0,0.0,0.0,0.0,0.0,0.0,0.0,0.0,0.0,0.0,0.0,0.0,0.0,0.0,0.0,0.0,8.727624,0.0,0.0,0.0,0.0,0.0,0.0,0.0,0.0,0.0,4.1104236,0.0,1.1478735,0.0
0.0,0.0,0.0,1.9152354,0.0,0.0,0.4758484,0.0,0.0,0.0,0.0,0.78733754,0.6692526,0.0,0.0,0.0,0.0,5.3999214,1.6991216,0.0,0.0,0.0,0.0,1.6304929,0.0,0.0,0.0,0.0,2.1234195,0.0,0.0,0.0,0.0,0.0,2.5498583,1.5856141,0.0,0.0,0.0,0.0,1.1021215,0.0,0.0,0.0,0.0,1.4387764,0.0,0.0,5.1187277,0.0,4.681485,10.527409,0.0,0.0,0.0,0.0,4.6285787,3.4101164,4.276125,0.0,0.0,0.0,7.5913286,1.9624428,0.0,0.0,0.0,0.321224,0.0,0.0,5.086898,0.0,0.0,0.0,2.5944698,0.0,0.89029926,0.0,0.0,0.0,3.7911599,0.0,0.0,0.0,0.0,0.0,0.0,0.0,0.0,0.0,0.0,0.0,0.0,0.0,0.0,0.0,0.0,0.0,0.0,0.0,0.0,0.0,0.0,0.0,0.0,0.0,0.0,0.0,0.0,0.0,0.0,0.0,2.7590437,4.1085787,6.346977,0.0,0.0,0.0,0.0,0.0,0.0,0.0,0.0,0.0,6.2689414,0.0,0.0,0.0
0.0,0.0,0.6114915,4.373932,0.0,0.0,8.002743,0.0,0.0,0.0,1.4731133,0.0,0.0,0.0,0.0,0.0,0.0,0.0,8.270788,0.0,0.0,0.0,1.2773908,3.2219589,0.0,0.0,7.695925,0.0,0.0,0.0,0.0,0.0,0.0,1.7727361,0.62714344,0.0,0.0,0.0,1.9124187,0.0,0.0,0.0,0.0,0.0,0.0,1.7311516,0.0,0.0,2.6192608,0.0,0.0,7.087105,0.0,0.0,0.0,0.0,0.0,8.645962,3.573718,0.0,0.0,0.0,0.6286358,2.0706048,0.0,0.0,0.0,0.0,0.0,4.3164425,0.16907239,0.0,0.0,0.0,3.8924494,0.0,0.0,0.0,0.0,0.0,0.0,0.0,0.0,0.0,0.0,0.0,0.0,0.0,0.0,0.0,0.0,2.6004443,0.0,0.0,0.0,2.2545605,0.0,0.0,3.7779374,0.0,0.0,0.0,0.0,0.0,8.314111,0.0,3.12272,0.0,0.0,0.0,0.0,0.0,0.0,0.4684258,4.103828,0.0,0.0,0.0,0.0,2.395447,0.0,0.0,0.0,0.0,0.0,0.0,0.0,6.1545186
0.0,0.0,0.10220093,0.0,0.8963251,0.9194926,4.197267,0.0,0.0,0.0,3.2086568,0.0,0.0,0.0,0.0,1.2620795,0.0,1.4252863,0.0,0.0,0.0,0.0,0.0,1.8871328,0.0,0.0,0.0,0.0,0.0,0.4539499,0.0,0.0,0.0,3.2140844,3.7826095,3.104434,0.0,0.0,0.0,0.0,0.0,0.0,0.0,0.0,1.2893755,0.0,0.0,0.0,0.0,0.0,0.9747766,2.0953724,0.0,0.0,0.0,0.0,0.0,1.9026556,0.64614713,0.0,0.0,0.0,2.3596,0.0,0.0,0.0,0.0,1.2434391,0.0,3.7367113,3.411246,0.0,0.48434883,0.0,0.0,0.0,0.0,0.0,0.0,0.0,0.0,2.1680233,0.0,0.0,0.0,0.0,0.0,0.0,0.0,0.0,0.0,0.0,0.0,0.0,0.0,0.0,0.0,0.6397931,1.7156439,0.0,0.0,0.0,0.0,6.048461,1.1770711,0.0,0.0,0.0,0.0,0.0,2.7947462,1.7901446,1.7423648,3.851703,0.0,0.0,0.0,0.0,0.0,0.0,0.0,0.0,0.0,0.0,0.0,0.0,0.0,0.0
0.0,0.0,0.0,1.7744374,0.0,0.0,0.0,0.0,0.0,0.0,5.3538756,4.3263865,0.0,0.0,0.0,0.0,0.0,0.0,0.0,0.0,0.0,0.0,3.3519437,2.7371092,0.0,0.0,0.3977448,0.0,0.0,0.0,0.0,0.0,3.1579726,3.3174844,0.0,0.19893149,0.0,0.0,0.0,0.0,0.0,0.0,0.0,0.0,0.0,0.0,0.0,0.0,0.0,0.0,0.0,1.7051946,0.0,0.0,0.0,0.0,0.0,4.0487247,3.0245783,0.0,0.0,0.0,0.0,0.9663172,0.0,0.0,0.0,4.142282,0.0,10.520583,1.2203294,0.0,0.0,0.0,3.4841573,0.0,0.0,0.0,0.0,0.0,0.0,0.0,0.0,0.0,0.0,0.0,0.0,2.5911105,0.0,0.0,0.0,5.444051,0.0,0.0,0.0,0.0,4.0253882,0.0,0.0,0.0,0.0,0.0,1.3887239,1.3925037,0.0,0.0,0.0,0.0,0.0,0.0,0.0,0.0,0.0,0.0,3.1506095,4.8524394,0.0,0.0,0.0,3.8261106,0.0,0.0,0.0,0.0,0.0,0.0,0.0,0.0
0.0,0.0,0.0,8.838687,0.0,0.0,0.0,0.0,0.0,0.0,5.447983,14.288254,0.0,0.0,0.0,0.0,0.0,0.0,1.3559408,0.0,0.0,0.0,1.1684866,3.9449716,0.0,0.0,0.8564172,0.0,0.0,0.0,0.0,0.0,4.684118,1.187439,0.0,0.0,0.0,0.0,0.0,0.0,0.0,0.0,0.0,0.0,0.0,0.0,0.0,0.0,0.0,0.0,1.8111393,2.6769629,0.0,0.0,0.0,0.0,0.0,3.1781242,8.88341,0.0,0.0,0.0,0.0,0.0,0.0,0.0,0.0,9.633099,0.0,7.186749,0.0,0.0,0.0,0.0,2.7940667,0.0,0.0,0.0,0.0,0.0,0.0,0.0,0.0,0.0,0.0,2.7364838,0.0,0.12990414,0.0,0.0,0.0,0.4900472,0.0,0.0,0.0,0.0,0.0,0.0,0.0,0.0,0.0,0.0,2.4675148,0.0,0.0,0.0,0.0,0.0,0.0,0.0,0.0,0.0,0.0,0.0,3.531785,0.32232547,0.0,0.0,0.0,0.0,0.0,0.0,2.7274203,0.0,0.0,0.0,0.0,0.0
0.0,6.836518,0.0,9.204543,0.0,0.0,4.0465245,0.0,0.0,0.0,4.6482124,5.818448,0.0,0.0,0.0,1.8137581,0.0,0.0,1.7758291,9.878736,0.0,0.0,0.0,0.0,0.0,0.0,0.0,0.0,0.0,0.0,0.0,0.0,0.0,3.3965335,6.7472377,7.0044847,1.2713326,0.0,0.52075976,6.3742223,0.0,0.0,0.0,3.2045236,0.0,0.0,0.0,0.0,0.0,0.0,0.0,9.089556,0.25004035,0.0,0.0,0.0,3.7027993,0.0,0.0,0.0,0.0,0.0,0.0,6.4248624,0.0,0.0,0.0,0.0,0.0,1.2427226,1.1487317,0.0,0.0,0.0,0.0,0.0,0.2529165,0.0,0.0,0.0,0.0,0.0,0.0,2.073519,0.0,0.0,0.0,0.0,0.0,0.0,0.0,0.0,0.0,0.0,0.0,0.00055528386,0.0,0.0,2.9181585,0.0,0.0,0.0,12.290721,0.0,0.0,0.0,0.0,0.0,0.0,0.0,4.0206203,0.0,0.0,0.0,3.6881702,0.0,0.0,0.0,0.0,5.47314,0.0,0.0,0.0,0.0,3.4347713,0.0,0.0,0.0
0.0,0.0,0.0,0.0,1.6282322,0.0,3.6024919,0.0,0.0,0.0,1.7572037,0.0,0.0,0.0,0.0,0.0,0.0,4.198915,0.0,0.0,0.0,0.0,0.0,2.588387,0.0,0.0,1.3882321,0.0,5.213979,0.0,0.0,0.0,0.0,0.0,7.065032,1.9069406,0.0,0.0,0.0,0.0,0.0,0.0,0.0,0.0,0.0,0.0,0.0,0.0,2.205427,0.0,0.0,8.237837,0.0,0.0,0.0,0.0,0.6752511,1.241083,0.0,0.0,0.0,0.0,5.634359,0.0,0.0,0.0,0.0,0.0,0.0,0.0,6.7020593,0.0,1.6298301,0.0,0.0,0.0,2.871199,0.0,0.0,0.0,0.0,2.2568114,0.0,0.0,0.0,0.0,0.0,0.0,0.0,0.0,0.0,0.0,0.0,2.9389179,0.0,0.0,0.0,0.0,0.0,0.0,0.0,0.0,0.0,2.6256542,0.716996,0.0,0.0,0.0,0.0,0.0,5.9730988,0.0,3.8630276,5.436518,0.0,0.0,0.0,0.0,0.0,0.0,0.0,0.0,0.0,0.0,0.43945107,0.0,2.3600261,0.0
0.0,0.0,0.0,3.1645267,0.0,0.0,0.0,0.0,0.0,0.0,0.0,0.0,0.0,0.0,0.0,0.0,0.0,1.7921988,3.4843562,0.0,0.0,0.0,0.0,0.39977542,0.0,0.0,0.0,0.0,0.0,0.0,0.0,0.0,6.445136,3.4326625,2.1568923,0.0,1.3148309,0.0,0.0,4.308166,0.0,0.0,0.0,0.0,0.0,3.5346458,0.0,0.0,6.1281047,0.0,0.0,7.8606925,0.0,0.0,0.0,0.0,3.0396636,0.0,0.0,0.0,0.0,0.0,0.0,3.548055,0.0,0.0,0.0,0.0,0.0,0.4166811,0.0,0.0,0.0,0.0,0.0,0.0,9.359496,0.0,0.0,0.0,5.8797536,0.0,0.0,0.0,0.0,0.0,0.0,0.0,0.0,0.0,0.0,0.0,0.0,0.0,0.0,0.0,0.0,0.0,0.0,0.0,0.0,0.0,0.0,0.0,0.0,0.0,0.0,0.0,0.0,0.0,5.4897914,0.0,0.6164744,3.5654068,8.639986,0.0,0.0,0.0,0.0,0.0,0.0,0.0,0.0,4.293589,6.3951874,0.0,0.0,0.0
0.0,0.0,0.0,1.1304984,0.0,0.0,2.677758,0.0,0.0,0.0,4.3646016,2.633017,0.0,0.0,0.0,0.0,0.0,0.0,0.0,0.0,0.0,0.0,1.1960223,2.051685,0.0,0.0,1.3284359,0.0,0.0,2.154216,0.0,0.0,1.1714094,3.715156,0.0,0.0,0.0,0.0,0.0,0.0,0.0,0.0,0.0,0.0,0.0,2.9872067,0.0,0.0,0.0,0.0,0.0,5.3516374,0.0,0.0,0.0,0.0,0.0,4.721326,3.9085736,0.0,0.0,0.0,0.011127675,3.470127,0.0,0.0,0.0,3.838795,0.0,5.7838707,0.0,0.0,0.0,0.0,0.9464628,0.0,0.0,0.0,0.0,0.0,0.0,0.0,0.0,0.0,0.0,0.0,0.0,0.0,0.0,0.0,0.0,1.3869947,0.0,0.0,0.0,0.0,0.0,0.0,0.0,0.0,0.0,0.0,0.0,0.0,0.7432991,0.0,0.0,0.0,0.0,0.0,0.0,0.0,0.0,3.069262,2.0059125,0.0,0.0,0.0,0.0,1.0816704,0.0,0.0,0.0,0.0,0.0,0.0,0.0,0.0
0.0,0.0,0.0,0.07397595,0.0,0.0,10.920866,0.0,0.0,0.0,0.0,0.11168839,0.0,0.0,0.0,0.0,0.0,4.4474163,7.3089547,0.0,0.0,0.0,1.333372,6.054708,0.0,0.0,3.457048,0.0,0.0,0.0,0.0,0.0,0.0,4.191864,0.0,0.0,0.0,0.0,0.0,0.0,0.0,0.0,0.0,0.0,0.0,3.7001302,2.4229279,0.0,0.0,0.0,0.0,2.4451954,0.0,0.0,0.0,0.0,0.0,2.109567,2.0119567,0.0,0.0,0.0,0.0,5.447034,0.0,0.0,0.0,0.0,0.0,10.686771,0.008181851,0.0,0.0,0.0,3.0123436,0.0,0.0,0.0,0.0,0.0,0.0,1.7147772,0.0,0.0,0.0,0.0,0.0,0.0,0.0,0.0,0.0,0.41449693,0.0,0.0,0.0,0.8957598,0.0,0.0,4.515746,0.0,0.0,0.0,0.40058938,0.0,5.4542685,0.0,1.7469413,0.0,0.0,0.0,0.0,0.0,0.0,0.8732396,3.1271687,0.9926203,0.0,0.0,0.0,3.8162827,0.0,0.0,2.0200396,0.0,0.0,1.7678701,0.0,0.0
0.0,0.0,0.0,4.0721936,0.0,0.0,2.4360511,0.0,0.0,0.0,3.073269,0.31765807,0.0,0.0,0.0,0.0,0.0,0.0,0.0,0.0,0.0,0.0,0.0,0.37862268,0.0,0.0,0.0,0.0,0.0,0.21515556,0.0,0.0,2.7954085,6.0787396,2.4038758,0.0,0.0,0.0,0.0,0.0,0.0,0.0,0.0,0.0,0.0,3.454925,0.0,0.0,0.0,0.0,0.0,3.086106,0.0,0.0,0.0,0.0,0.0,0.71375024,1.7229466,0.0,0.0,0.0,0.0,5.986713,0.0,0.0,0.0,0.42794245,0.0,8.036056,0.0,0.0,0.0,0.0,1.0575058,0.0,1.2893269,0.0,0.0,0.0,0.0,0.0,0.0,0.0,0.0,0.0,0.0,0.0,0.0,0.0,0.0,5.0319395,0.0,0.0,0.0,0.0,2.646251,0.0,0.0,0.0,0.0,0.0,0.0,0.0,0.0,0.0,0.0,0.0,0.0,0.0,2.7506459,0.0,0.0,1.0356154,2.377621,0.0,0.0,0.0,0.0,6.632659,0.0,0.0,0.0,0.0,2.213161,0.0,0.0,0.0
0.0,7.777036,0.0,0.0,0.0,2.8669858,0.0,0.0,0.0,0.0,0.0,0.0,2.0301855,0.0,0.0,5.167349,0.0,7.555204,0.0,0.0,0.0,0.0,0.0,0.412703,0.0,0.0,0.0,0.0,0.0,0.0,0.0,0.0,0.0,0.0,0.0,8.198295,0.0,0.0,0.0,0.0,0.0,0.0,0.0,0.0,0.0,0.0,0.0,0.0,0.0,0.0,0.0,6.5086637,0.0,0.0,0.0,0.0,6.491684,0.0,0.0,0.0,0.0,0.0,2.3818896,0.0,0.0,0.0,0.0,0.0,0.0,0.0,7.5136294,0.0,0.0,0.0,0.0,0.0,5.712343,0.0,0.0,0.0,0.0,0.0,0.0,3.6152387,0.0,0.0,0.0,0.0,0.0,0.0,0.0,0.0,0.0,0.0,0.0,0.0,0.0,0.0,0.0,0.0,0.0,0.0,2.3592987,5.5862503,0.0,0.0,0.0,6.168658,0.0,0.0,11.326153,0.0,0.42277902,0.0,0.0,2.1383157,0.0,0.0,0.0,0.0,0.0,0.0,0.0,0.0,0.0,0.0,0.0,0.0
0.0,0.0,0.0,0.0,0.0,0.0,0.0,0.0,0.0,0.0,0.0,0.0,3.1025994,0.0,0.0,8.171256,0.0,4.425955,3.2678962,0.0,0.0,0.0,0.0,0.0,0.0,0.0,3.9741344,0.0,0.0,0.0,0.0,0.0,5.5496106,0.0,0.0,0.0,0.0,0.0,0.0,0.0,0.0,0.0,0.0,0.0,0.0,0.0,0.0,0.0,0.0,0.0,0.0,0.0,0.0,0.0,0.0,0.0,2.8999841,0.8955849,0.0,0.0,0.0,3.7080688,0.0,0.0,0.0,0.0,0.0,4.6239815,0.0,5.644505,0.0,5.4267807,0.0,0.0,0.0,0.0,9.701513,0.0,0.0,0.0,4.956381,0.0,0.0,0.0,0.0,0.0,0.0,0.0,0.0,0.0,0.0,0.0,0.0,3.3489814,0.0,0.0,0.0,0.0,0.0,0.0,0.0,0.0,0.0,0.0,0.0,0.0,0.0,5.0830894,0.0,0.0,2.6818569,0.0,0.0,0.0,0.0,2.8851144,0.0,0.0,0.0,0.0,0.0,0.0,0.0,0.0,0.0,1.6547884,0.0,0.0
0.0,0.0,0.0,3.336594,0.0,0.0,4.323349,0.0,0.0,0.0,0.0,0.0,0.30295056,0.0,0.0,11.154675,0.0,0.0,9.651014,11.3149805,0.0,0.0,0.0,0.0,0.0,0.0,2.2017016,0.0,0.0,0.0,0.0,0.0,0.0,0.0,0.0,0.0,0.0,0.0,0.0,0.0,0.0,0.0,0.0,0.0,0.0,1.044843,0.0,0.0,0.0,0.0,0.0,6.3855605,0.0,0.0,0.0,0.0,11.404659,0.0,0.0,0.0,0.0,0.0,0.0,6.12516,0.0,0.0,0.0,0.0,0.0,5.2628956,8.810981,0.0,0.0,0.0,0.0,0.0,14.282603,0.0,0.0,0.0,0.0,5.569356,0.0,4.9146953,0.0,0.0,0.0,0.0,0.0,0.0,0.0,0.0,0.0,0.0,0.0,0.0,0.0,0.0,0.0,0.0,0.0,0.0,5.1357574,0.0,5.098709,0.0,0.0,0.0,0.0,0.0,0.1628746,0.0,0.0,0.0,0.0,0.0,0.0,0.0,0.0,0.0,0.0,0.0,0.0,0.0,0.0,11.1532,0.0,0.0
0.0,0.0,0.0,13.420561,0.0,0.0,0.0,0.0,0.0,0.0,0.0,9.623529,0.0,0.0,0.0,0.0,0.0,0.0,0.0,9.781797,0.0,0.0,0.0,0.0,0.0,0.0,0.0,0.0,0.0,0.0,0.0,0.0,5.7754526,0.0,4.939325,0.0,0.0,0.0,7.9353895,0.0,0.0,0.0,0.0,0.0,0.0,0.0,0.0,0.0,0.0,0.0,1.7574577,0.19415516,0.0,0.0,0.0,0.0,8.658076,0.0,0.0,0.0,0.0,0.0,0.0,7.330948,0.0,8.560831,0.0,0.0,0.0,6.408304,0.0,0.0,0.0,0.0,7.018783,0.0,0.0,0.0,0.0,0.0,2.4603016,0.0,0.0,15.300971,0.0,0.0,0.0,0.0,0.0,0.0,0.0,7.946728,0.0,0.0,0.0,4.330905,0.0,0.0,0.0,0.0,0.0,0.0,0.83755946,0.0,0.0,0.0,0.0,0.0,0.0,0.0,0.0,5.8108644,1.3341703,0.0,0.0,0.0,0.0,0.0,0.0,0.0,6.2432036,0.0,0.0,2.2329671,0.0,0.0,0.0,0.0
0.0,0.0,0.0,5.249348,0.0,0.0,9.200422,0.0,0.0,0.0,0.0,0.51303416,0.0,0.0,0.0,3.3973742,0.0,3.2410216,3.3087745,3.6238635,0.0,0.0,2.495253,1.1999252,0.0,0.0,0.0,0.0,0.0,0.0,0.0,0.0,0.23883045,0.9104615,0.0,0.1644824,3.0020628,0.0,6.323774,0.0,0.0,0.0,0.0,7.592253,0.0,0.0,0.0,1.8287787,0.0,0.0,0.0,0.0,1.7751287,0.0,0.0,0.0,1.831948,0.7196949,1.2474102,0.0,0.0,2.6202765,0.0,0.0,0.0,0.0,0.0,0.0,0.0,6.507312,0.78033435,0.0,0.0,0.0,0.0,0.0,0.0,0.0,0.0,0.0,0.0,4.7984962,0.0,2.9306982,0.0,0.43184197,0.0,0.0,0.0,0.0,0.0,5.488493,0.0,0.0,0.0,0.0,0.0,0.0,0.0,0.0,0.0,0.0,7.4366436,0.0,0.0,0.0,0.0,0.0,0.0,0.0,0.0,0.0,0.0,0.0,0.0,6.6082606,0.0,0.0,0.0,0.0,0.0,0.0,0.0,0.0,0.0,1.301286,0.0,0.0
0.0,0.0,0.793607,5.1508765,0.0,0.0,6.0336833,0.0,0.0,0.0,5.2281713,0.0,0.0,0.0,0.0,0.23250337,0.0,0.0,0.0,6.9140677,0.0,0.0,0.0,3.5889654,0.0,0.0,0.0,0.0,0.0,3.7210922,0.0,0.0,6.036934,5.2766953,0.0,0.0,0.0,0.0,0.0,1.9059732,0.0,0.0,0.0,1.6221539,0.0,0.0,0.0,0.0,0.0,0.0,0.0,6.4135737,0.0,0.0,0.0,0.0,0.0,0.0,12.545693,0.0,0.0,0.0,0.0,4.2642856,0.0,0.0,0.0,0.0,0.0,7.6332765,3.2294216,0.0,0.0,0.0,0.0,0.0,0.0,0.0,0.0,0.0,3.0112946,0.0,0.0,0.0,0.0,0.0,0.0,0.0,0.0,0.0,0.0,0.44364002,0.0,0.0,0.0,0.0,0.0,0.0,0.5304021,0.0,0.0,0.0,2.359569,0.0,0.0,0.0,0.0,0.0,0.0,0.0,0.0,0.0,0.0,0.0,9.231766,0.0,0.0,0.0,0.0,0.0,0.0,0.0,0.0,0.0,2.0953102,0.0,0.0,0.0
0.0,0.0,0.0,0.0,0.0,0.0,0.0,0.0,0.0,0.0,0.0,0.0,0.0,0.0,0.0,0.0,0.0,4.716406,5.545829,0.0,0.0,0.0,0.0,1.5387906,0.0,0.0,0.0,0.0,1.8808117,0.0,0.0,0.0,5.6287313,0.0,3.9938974,0.0,0.0,0.0,0.0,0.06026905,3.555711,0.0,0.0,0.0,0.0,0.6445749,0.0,0.0,6.591118,0.0,0.0,8.8181,0.0,0.0,0.0,0.0,5.0390425,3.6360743,0.0,0.0,0.0,0.0,1.3589025,0.0,0.0,0.0,0.0,0.0,0.0,0.0,2.242043,0.0,0.0,0.0,0.0,0.0,9.242855,0.0,0.0,0.0,5.999252,0.0,0.0,0.0,0.0,0.0,0.0,0.0,0.0,0.0,0.0,0.057448983,0.0,3.6330533,0.0,0.0,0.0,0.0,0.0,0.0,0.0,0.0,0.0,0.0,0.0,0.0,0.0,0.0,0.0,0.0,3.6329815,0.0,3.6212845,4.579506,7.0424814,0.0,0.0,0.0,0.0,0.0,0.0,0.0,0.0,0.0,5.2375374,0.0,0.0,0.0
0.0,0.0,0.0,10.491631,0.0,0.0,0.0,0.0,0.0,0.0,0.0,0.0,0.0,0.0,0.0,0.0,0.0,4.522149,0.0,0.0,0.0,0.0,0.0,4.0395346,0.0,0.0,0.0,0.0,0.0,0.0,0.09348621,0.0,0.0,0.0,0.0,4.0410166,0.0,0.0,0.43285054,0.0,0.0,0.0,0.0,0.0,0.0,0.0,0.0,0.0,1.3056176,0.0,10.984261,0.0,0.0,0.0,0.0,0.0,6.6276693,0.0,0.0,0.0,0.0,0.0,0.9092107,2.549214,0.0,0.0,0.0,0.0,0.0,3.5292168,9.740932,0.0,0.0,0.0,2.323213,0.0,0.0,0.0,0.0,0.0,0.0,0.0,0.0,13.48118,0.0,0.0,0.0,0.0,0.0,0.0,0.0,0.0,0.0,0.0,0.0,0.0,0.0,0.0,0.0,0.0,0.0,0.0,7.1081653,0.0,0.0,0.0,0.0,0.0,0.0,0.0,0.0,7.3575892,0.0,0.0,0.0,4.697198,0.0,0.0,0.0,4.2730975,0.0,0.0,0.0,0.0,0.0,0.0,0.0,1.5969257
0.0,0.0,0.0,0.0,0.5327559,0.0,1.457722,0.0,0.0,0.0,3.0679758,0.0,1.4788598,0.0,0.0,0.0,0.0,1.9768476,0.45791867,0.0,0.0,0.0,0.0,0.8877648,0.0,0.0,0.0,0.0,4.165575,0.0,0.0,0.0,3.4418533,0.0,6.5595193,0.0,0.0,0.0,0.0,0.0,5.9319596,0.0,0.0,0.0,0.0,0.0,0.0,0.0,0.0,0.0,1.4416339,5.199178,0.0,0.0,0.0,0.0,0.0,3.064736,0.0,0.0,0.0,0.0,0.0,0.0,0.0,0.0,0.0,8.012513,0.0,7.0325055,0.0,0.0,0.0,0.0,0.0,0.0,9.146365,0.0,0.0,0.0,6.06479,0.0,0.0,0.0,0.0,0.0,0.0,0.0,0.0,0.0,0.0,0.0,0.0,5.3982906,0.0,0.0,0.0,0.0,0.0,0.0,0.0,0.0,0.0,0.0,0.0,0.0,0.0,0.0,0.0,0.0,1.1379457,0.0,1.5904709,4.4923725,3.1850624,2.5485451,0.0,0.0,0.0,0.0,0.0,0.0,0.0,0.0,3.992161,0.0,0.0,0.0
0.0,0.0,3.521986,8.392963,0.0,0.0,12.157731,0.0,0.0,0.0,0.0,4.704735,0.0,0.0,0.0,0.7910919,0.0,0.0,0.0,7.473426,0.0,0.0,0.0,0.81501245,0.0,0.0,3.0174308,0.0,0.0,0.0,0.0,0.0,0.0,3.8085165,2.2400475,1.3209139,0.0,0.0,1.331516,0.0,0.0,0.0,0.0,0.0,0.0,0.0,0.0,0.0,0.0,0.0,0.0,12.570458,0.0,0.0,0.0,0.0,0.0,2.7216775,5.462592,0.0,0.0,0.0,3.605837,2.2787948,0.0,0.0,0.0,0.0,0.0,1.4427631,0.591833,0.0,0.0,0.0,0.0,0.0,1.8783957,0.0,0.0,0.0,0.0,0.0,0.0,0.0,0.0,0.0,0.0,0.0,0.0,0.0,0.0,0.0,0.0,0.0,0.0,0.0,0.0,0.0,1.3992742,0.0,0.0,0.0,0.0,4.045121,0.0,0.0,0.0,0.0,0.0,0.0,3.2632942,0.0,0.0,0.0,6.754882,0.0,0.0,0.0,0.0,0.0,0.0,0.0,0.0,0.0,3.9675624,0.95854104,0.0,1.9150112
0.0,0.0,0.0,6.942291,0.0,0.0,8.944485,0.0,0.0,0.0,0.0,5.9069686,0.42343056,0.0,0.0,0.0,0.0,15.19073,6.06726,4.1807,0.0,0.0,0.0,0.956516,0.46585068,0.0,0.0,0.0,4.1226935,0.0,0.0,0.0,3.6507182,0.0,0.0,0.10575016,11.230532,0.0,0.99175215,0.0,0.0,0.0,0.0,7.2055454,0.0,0.0,0.41459802,0.41039056,8.150783,0.0,0.0,8.44264,0.0,0.0,0.0,0.0,13.075651,0.15100384,0.7004607,0.0,0.0,7.731594,4.3683558,0.23789145,0.0,0.0,0.0,0.0,0.0,0.0,0.0,0.0,0.0,0.0,0.0,0.0,0.0,0.0,0.0,0.0,0.0,0.0,0.0,3.806301,0.0,0.0,0.0,0.0,0.0,0.0,0.0,0.0,0.0,0.0,0.0,0.0,0.0,0.0,0.0,0.0,0.0,0.0,14.870815,0.0,0.0,0.0,3.3385043,0.0,0.0,0.0,0.0,0.0,0.0,0.0,0.0,4.8213053,0.0,0.0,0.0,0.0,0.0,0.0,0.0,0.0,2.57332,0.0,0.0,0.0
0.0,0.0,0.0,9.200711,0.0,0.0,0.5005602,0.0,0.0,0.0,0.0,5.925041,0.0,0.0,0.0,4.0142946,0.0,0.0,7.764403,4.7025223,0.0,0.0,7.5666723,6.3706126,0.0,0.0,0.0,0.0,0.0,0.0,0.0,0.0,0.0,0.9488113,0.0,1.2069411,5.665732,0.0,2.3442993,0.0,0.0,0.0,0.0,0.0,0.0,0.0,3.6480887,0.0,0.0,0.0,0.0,0.51068616,3.9250388,0.0,0.0,0.0,2.1405528,0.0,2.1073449,0.0,0.0,0.0,0.12841012,0.0,0.0,0.0,0.0,0.0,0.0,9.519488,2.4899065,0.0,0.0,0.0,5.127455,0.0,0.0,0.0,0.0,0.0,0.0,0.0,0.0,0.0,4.7905374,6.09685,0.0,0.0,0.0,0.0,0.0,0.6449325,0.0,0.0,0.0,0.0,0.0,0.0,5.3123527,0.0,0.0,0.0,13.853819,0.0,0.0,0.0,0.0,0.0,0.0,0.0,0.0,0.0,0.0,0.0,8.535109,4.4157963,0.0,0.0,0.0,0.0,0.0,0.0,0.0,0.0,3.2951696,4.8681574,0.0,0.0
0.0,1.1856716,4.4453793,3.3792922,0.0,0.0,8.993175,0.0,0.0,0.0,3.9072595,2.885179,0.0,0.0,0.0,2.6425846,0.0,0.0,0.0,8.943923,0.0,0.0,0.0,0.5569856,0.0,0.0,2.0869792,0.0,1.6254836,0.064473644,0.0,0.0,0.0,1.3256037,2.9800835,1.2566952,1.6322751,0.0,0.0,2.243838,0.0,0.0,0.0,1.7011423,0.0,0.0,0.0,0.0,0.0,0.0,0.0,13.158911,0.0,0.0,0.0,0.0,0.0,0.0,4.4315586,0.0,0.0,0.0,6.8204813,3.0860868,0.0,0.0,0.0,0.0,0.0,1.5928613,5.6302323,0.0,0.0,0.0,0.0,0.0,3.5597486,0.0,0.0,0.0,0.0,0.0,0.0,0.0,0.0,0.0,0.0,0.0,0.0,0.0,0.0,0.0,0.0,0.0,0.0,0.0,0.0,0.0,3.3944523,0.0,0.0,0.0,0.21359025,2.644799,0.0,0.0,0.0,0.0,0.0,0.0,2.012411,0.0,0.0,0.0,7.1032248,0.0,0.0,0.0,0.0,0.0,0.0,0.0,0.0,0.0,1.061791,0.0,2.5863268,0.0
0.0,0.0,0.63740474,0.0,0.0,0.0,8.270617,0.0,0.0,0.0,1.9710582,0.0,0.0,0.0,0.0,2.5829802,0.0,0.0,0.0,0.20785436,0.0,0.0,0.0,3.7851765,0.0,0.0,0.0,0.0,0.0,0.0,0.0,0.0,0.0,1.7784907,4.7046237,0.0,0.0,0.0,0.0,0.0,0.0,0.0,0.0,0.0,0.0,0.0,0.0,0.0,0.0,0.0,0.0,5.9345584,0.0,0.0,0.0,0.0,0.0,1.9861013,0.0,0.0,0.0,0.0,0.0,0.0,0.0,0.0,0.0,2.1000648,0.0,9.522254,0.6700843,0.0,0.0,0.0,0.0,0.0,3.7625785,0.0,0.0,0.0,0.0,0.0,0.0,0.0,0.0,1.6586299,0.0,0.0,0.0,0.0,0.0,2.0967438,0.0,0.0,0.0,0.0,0.0,0.70441484,0.0,0.0,0.0,0.0,0.0,5.5220165,0.60875744,0.0,0.0,0.0,0.0,0.0,3.3621702,0.0,0.0,3.3680556,3.1437373,1.0604737,0.0,0.0,0.0,0.49108437,0.0,0.0,0.0,0.0,2.7180622,0.0,0.5576446,0.33929044
0.0,0.0,0.0,0.0,0.0,2.967474,0.0,0.0,0.0,0.0,0.0,0.0,0.0,0.0,0.0,0.0,0.0,5.070343,0.0,0.0,0.0,0.0,0.0,3.490625,0.0,0.0,0.0,0.0,0.0,0.0,0.0,0.0,6.113925,4.9120755,0.0,0.0,0.0,0.0,0.0,0.0,0.0,0.0,0.0,0.064909846,0.0,0.0,0.0,0.0,0.5101968,0.0,0.0,2.1277633,0.0,0.0,0.0,0.0,4.069877,1.4222856,0.9166002,0.0,0.0,0.0,0.0,0.0,0.0,0.0,0.0,0.0,0.0,0.010795627,2.902877,0.0,0.0,0.0,0.0,0.0,6.3204374,0.0,0.0,0.0,9.18652,0.0,0.0,0.0,0.0,0.0,0.0,0.0,0.0,0.0,0.0,0.0,0.0,1.1673616,0.0,0.0,0.0,0.0,0.0,0.0,0.0,0.0,0.0,0.09738535,0.0,0.0,0.0,0.0025929287,0.0,0.0,1.1693135,0.0,0.0,4.797433,0.42986628,0.0,0.0,0.0,0.0,0.0,0.0,0.0,0.0,0.0,2.0570207,0.0,0.0,0.0
0.0,0.0,0.0,15.546669,0.0,0.0,1.6465153,0.0,0.0,0.0,0.0,12.468754,0.0,0.0,0.0,0.0,0.0,1.5355823,0.061100736,0.0,0.0,0.0,8.120065,0.0,0.043636307,0.0,0.0,0.0,0.0,0.0,0.0,0.0,12.545483,0.2243222,0.0,1.0183291,1.1011719,0.0,8.15666,1.3966373,0.0,0.0,0.0,0.0,0.0,0.0,0.0,0.0,0.0,0.0,0.0,0.0,0.0,0.0,0.0,0.0,2.633187,8.220395,7.465982,0.0,0.0,6.589033,5.3757353,5.188308,0.0,0.0,0.0,0.0,0.0,0.0,0.0,0.0,0.0,0.0,10.092864,0.0,0.0,0.0,0.0,0.0,0.0,0.0,0.0,7.2712383,0.0,0.0,0.0,0.0,0.0,0.0,0.0,1.1765257,0.0,0.0,0.0,0.0,0.0,0.0,0.0,0.0,0.0,0.0,19.149857,0.0,0.0,0.0,0.0,0.0,0.0,0.0,0.0,0.0,0.0,0.0,0.0,0.41933343,0.0,0.0,0.0,0.0,0.0,0.0,0.6834071,0.0,0.0,4.7673903,0.0,0.0
0.0,0.0,0.0,10.693519,0.0,0.0,0.0,0.0,0.0,0.0,6.755624,16.801836,3.532102,0.0,0.0,0.0,0.0,0.0,0.0,0.0,0.0,0.0,0.0,2.0684116,0.0,0.0,0.0,0.0,0.0,0.0,0.0,0.0,3.1526206,0.0,0.0,0.0,0.0,0.0,0.0,0.0,0.0,0.0,0.0,0.0,0.0,0.0,0.0,0.0,0.0,0.0,7.4129343,13.5849285,0.0,0.0,0.0,0.0,0.0,5.566549,11.891371,0.0,0.0,0.0,2.5312715,2.537045,0.0,0.0,0.0,7.7695284,0.0,1.0120417,1.4881619,0.0,0.0,0.0,3.8747058,0.0,0.0,0.0,0.0,0.0,0.0,0.0,0.0,0.0,0.0,0.0,0.0,0.0,0.0,0.0,0.0,1.4403981,0.0,0.0,0.0,0.0,0.0,0.0,0.0,0.0,0.0,0.0,0.0,0.0,0.0,0.0,0.0,0.0,0.0,0.0,0.0,1.848344,0.0,0.0,2.1697667,0.0,0.0,0.0,0.0,0.0,0.0,0.0,0.0,0.0,0.0,0.0,0.0,0.0
0.0,0.0,0.0,0.0,0.0,0.0,0.0,0.0,0.0,0.0,0.0,0.0,0.4763901,0.0,0.0,0.7600974,0.0,2.5271614,0.0,0.0,0.0,0.0,0.0,1.8939285,0.0,0.0,0.0,0.0,0.0,0.0,0.0,0.0,8.90857,0.99111134,0.0,0.0,0.0,0.0,0.0,0.0,0.0,0.0,0.0,1.1298399,0.0,4.3533983,0.0,0.0,0.0,0.0,0.0,0.5198576,0.0,0.0,0.0,0.0,1.5171976,0.0,0.0,0.0,0.0,0.0,0.0,0.0,0.0,0.0,0.0,1.7183232,0.0,7.0164065,0.0,0.0,0.0,0.0,0.0,0.0,11.045049,0.0,0.0,0.0,6.5376716,0.0,0.0,0.0,0.0,0.0,0.0,0.0,0.0,0.0,0.0,0.0,0.0,0.0,0.0,0.0,0.0,0.0,0.0,0.0,0.0,0.0,0.0,0.0,0.0,0.0,0.0,0.0,0.0,0.0,1.5548404,0.0,0.0,0.0,0.0,1.0510243,0.0,0.0,0.0,0.0,0.0,0.0,0.0,0.0,2.530921,0.5814671,0.0,0.0
0.0,0.0,0.0,0.0,0.49733675,0.7075476,4.743702,0.0,0.0,0.0,1.5637428,0.0,0.0,0.0,0.0,0.82608867,0.0,2.7203379,0.0,0.0,0.0,0.0,0.0,0.0,0.0,0.0,0.0,0.0,0.12036776,0.0,0.0,0.0,0.0,1.2226684,5.3962107,5.2833285,0.0,0.0,0.0,1.314049,0.0,0.0,0.0,0.0,0.0,0.0,0.0,0.0,1.1753781,0.0,0.0,4.6050687,0.0,0.0,0.0,0.0,1.0394228,2.049672,0.0,0.0,0.0,0.0,3.7210715,0.0,0.0,0.0,0.0,0.0,0.0,0.350081,5.231694,0.0,2.7731452,0.0,0.0,0.0,0.0,0.0,0.0,0.0,0.0,2.2151575,0.0,0.0,0.0,0.0,0.0,0.0,0.0,0.0,0.0,0.0,0.0,0.0,0.0,0.0,0.0,0.0,2.3789947,0.0,0.0,0.0,0.0,6.8637342,0.0,0.0,0.0,0.0,0.0,0.0,3.7756133,1.7274828,4.9530063,3.6043713,0.0,0.0,0.0,0.0,0.0,0.0,0.0,0.0,0.0,0.0,1.5546485,0.0,0.42615676,0.0
0.0,0.0,0.0,0.0,0.0,0.0,0.0,0.0,0.0,0.0,0.0,0.0,5.482918,0.0,0.0,10.699931,0.0,1.1004217,0.37030852,0.0,1.6732349,0.0,0.39700893,0.0,0.0,0.0,2.2282348,0.0,0.0,0.0,0.0,0.0,5.3672705,0.0,0.0,0.0,0.0,0.0,0.0,0.0,0.0,0.0,0.0,0.0,0.0,0.0,0.0,0.0,0.0,0.0,0.0,0.0,0.0,0.0,0.0,0.0,3.1404004,0.21417412,0.0,0.0,0.0,2.7956514,0.0,0.0,0.0,0.0,0.0,0.567274,0.0,4.7340994,0.7178727,3.2458344,0.0,0.0,0.0,0.0,12.95158,0.0,0.0,0.0,6.018629,0.0,0.0,0.4723708,0.0,0.0,0.0,0.0,0.0,0.0,0.0,0.0,0.0,0.0,0.0,0.0,0.0,0.0,0.0,0.0,0.0,0.0,0.0,0.0,0.0,0.0,0.0,8.183163,0.0,0.0,0.0,0.0,0.0,0.0,0.0,2.102294,0.0,0.0,0.0,0.0,0.0,0.0,0.0,0.0,0.029278928,7.7356815,0.0,0.0
0.0,0.0,0.0,12.186902,0.0,0.0,0.0,0.0,0.0,0.0,0.0,4.560435,0.0,0.0,0.0,0.0,0.0,0.0,0.0,4.0251346,0.0,0.0,1.6498642,6.9720135,0.0,0.0,5.442441,0.0,0.0,0.0,0.0,0.0,4.7840023,2.5989885,0.0,0.0,0.0,0.0,0.19344668,0.0,0.0,0.0,0.0,0.0,0.0,0.0,0.0,0.0,0.0,0.0,0.0,0.0,0.0,0.0,0.0,0.0,0.0,0.0,2.3136828,0.0,0.0,3.4714236,0.0,0.9620689,0.0,0.0,0.0,0.0,0.0,11.371003,1.1917752,0.0,0.0,0.0,5.9871354,0.0,0.0,0.0,0.0,0.0,4.865676,0.0,0.0,2.288748,0.0,0.0,0.0,3.9449902,0.0,0.0,0.0,10.226425,0.0,0.0,0.0,0.0,0.0,0.0,0.0,0.0,0.0,0.0,0.0,0.0,3.7676866,0.0,2.0955322,0.0,0.0,0.0,0.0,0.0,0.0,0.0,2.4094791,7.5876384,0.0,0.0,0.0,1.9952184,0.0,0.0,0.025798056,0.0,0.0,0.0,4.644576,0.0
0.0,0.0,0.0,0.0,1.8375874,2.7277129,0.0,0.0,0.0,0.0,0.0,0.0,1.1977983,0.0,0.0,0.0,0.0,4.7948885,0.0,0.0,0.0,0.0,0.0,5.284866,0.0,0.0,0.0,0.0,1.5053861,0.0,0.0,0.0,2.3412402,0.0,1.8195599,0.0,0.0,0.0,0.0,0.0,0.0,0.0,0.0,0.0,0.0,0.0,0.0,0.0,0.0,0.0,1.8629751,3.8595045,0.0,0.0,0.0,0.0,0.0,2.4273925,0.0,0.0,0.0,0.0,0.0,0.0,0.0,0.0,0.0,3.9249623,0.0,3.9886835,2.1206148,0.0,0.0,0.0,0.0,0.0,6.4301133,0.0,0.0,0.0,5.80568,0.0,0.0,0.0,0.0,0.0,0.0,0.0,0.0,0.0,0.0,0.0,0.0,3.3611097,0.0,0.0,0.0,0.0,0.0,0.0,0.0,0.0,0.0,0.032006234,0.0,0.0,0.0,0.0,0.0,0.0,4.4137034,0.0,1.2976791,3.2095706,0.0,2.679244,0.0,0.0,0.0,0.0,0.0,0.0,0.0,0.0,4.025057,0.0,0.0,1.1675358
0.0,0.0,0.0,1.4260937,0.0,0.0,2.6812787,0.0,0.0,0.0,1.0310625,0.0,0.0,0.0,0.0,0.0,0.0,4.038028,3.084833,0.0,0.0,0.0,0.0,6.327901,0.0,0.0,0.0,0.0,0.0,0.0,0.0,0.0,0.8237136,0.0,4.0078216,0.0,0.0,0.0,0.0,0.0,0.0,0.0,0.0,0.0,0.0,4.6110296,0.0,0.0,4.4760656,0.0,2.6904957,6.562264,0.0,0.0,0.0,0.0,0.0,3.3566613,3.8651044,0.0,0.0,0.0,0.0,2.1689475,0.0,0.0,0.0,0.0,0.0,0.0,0.0,0.0,0.0,0.0,0.37769058,0.0,0.0,0.0,0.0,0.0,4.3378005,0.0,0.0,0.0,0.0,0.0,0.0,0.0,0.0,0.0,0.0,0.0,0.0,2.9424448,0.0,0.0,0.0,0.0,0.0,0.0,0.0,0.0,0.0,0.20563063,0.0,0.0,0.7773409,0.0,0.0,0.0,8.331341,0.0,6.4896016,7.011559,1.4851518,0.0,0.0,0.0,0.0,3.493119,0.0,0.0,0.0,0.0,5.229559,0.0,0.0,3.180331
0.0,2.6280842,1.6606071,0.0,0.0,0.0,2.4468522,0.0,0.0,0.0,2.0564504,0.0,0.0,0.0,0.0,0.0,0.0,0.7634534,0.14752585,2.2350943,0.0,0.0,0.0,2.1898713,0.0,0.0,0.0,0.0,0.0,0.19632222,0.0,0.0,0.0,2.2682397,0.34944773,2.7233305,1.0449886,0.0,0.0,1.4844483,0.0,0.0,0.0,0.0,0.0,0.0,0.0,0.0,0.83753467,0.0,0.0,3.8529177,0.0,0.0,0.0,0.0,0.0,0.0,2.7698047,0.0,0.0,0.0,4.0424213,2.8078985,0.0,0.0,0.0,0.0,0.0,2.3621442,6.971528,0.0,0.0,0.0,0.0,0.0,0.0,0.0,0.0,0.0,0.23733668,0.20143762,0.0,0.0,0.0,0.0,0.0,0.0,0.0,0.0,0.0,0.0,0.0,0.0,0.0,0.0,0.0,0.0,3.6432974,0.0,0.0,0.0,0.059373144,0.6197817,0.0,0.0,0.0,0.0,0.0,0.0,2.6536765,0.0,0.0,4.397837,2.5120053,0.0,0.0,0.0,0.0,0.0,0.0,0.0,0.0,0.0,0.0,0.0,0.107219025,0.0
0.0,0.0,2.392051,4.662367,0.0,0.0,4.6514063,0.0,0.0,0.0,0.0,0.0,0.0,0.0,0.0,0.0,0.0,7.2438016,5.0053535,7.460667,0.0,0.0,0.0,2.1837206,0.0,0.0,0.0,0.0,0.0,0.0,0.0,0.0,3.9870036,0.0,0.0,0.0,0.0,0.0,0.0,0.0,0.0,0.0,0.0,2.28533,0.0,0.0,0.0,0.0,3.2132843,0.0,0.19843051,0.0,0.0,0.0,0.0,0.0,8.289721,0.0,0.0,0.0,0.0,1.8539672,0.42994153,8.028764,0.0,0.0,0.0,0.0,0.0,2.9180632,7.3914022,0.0,0.0,0.0,0.0,0.0,0.0,0.0,0.0,0.0,0.0,5.4102387,0.0,9.166696,0.0,0.0,0.0,0.0,0.0,0.0,0.0,0.077032596,0.0,0.0,0.0,0.0,0.0,0.0,0.0,0.0,0.0,0.0,6.6059027,2.3425348,3.9120553,0.0,0.0,0.0,0.0,0.0,0.0,0.0,0.0,0.0,0.0,3.766117,0.0,0.0,0.0,0.0,4.221709,0.0,0.3504602,0.0,0.0,0.0,0.0,0.0
0.0,0.0,0.2769737,7.2952332,0.0,0.0,8.911154,0.0,0.0,0.0,0.0,0.0,0.0,0.0,0.0,3.1104474,0.0,4.803622,0.0,7.731821,1.4517465,0.0,0.0,6.371887,0.0,0.0,0.0,0.0,0.0,0.0,0.0,0.0,4.262846,7.9417624,3.8981016,0.0,0.0,0.0,3.2714984,0.0,0.0,0.0,0.0,5.0773754,0.0,5.7280064,0.0,0.0,3.8213015,0.0,0.0,8.618245,5.960908,0.0,0.0,0.0,2.3482137,0.0,8.511468,0.0,0.0,0.0,0.0,4.4407377,0.0,0.0,0.0,0.0,0.0,7.3679776,0.0,0.0,0.0,0.0,0.0,0.0,2.6082535,0.0,0.0,0.0,0.0,0.0,0.0,0.0,0.0,0.0,0.0,0.0,0.0,0.0,0.0,0.0,0.0,0.0,0.0,0.0,0.0,0.0,0.0,0.0,0.0,0.0,3.2671125,0.0,0.0,0.0,0.0,0.0,0.0,0.0,12.014978,0.0,0.0,0.0,4.4295006,0.0,0.0,0.0,0.0,3.5837305,0.0,0.0,0.0,0.0,9.01631,0.0,0.0,0.84068465
0.0,0.0,0.0,0.0,0.0,0.0,7.8706536,0.0,0.0,0.0,0.0,0.0,0.0,0.0,0.0,0.0,0.0,0.8115422,4.8271084,10.652749,0.0,0.0,4.260181,4.8446918,0.0,0.0,0.0,0.0,0.0,0.0,0.0,0.0,0.0,4.2408853,0.0,1.6312326,0.2664756,0.0,6.418429,0.0,0.0,0.0,0.0,3.2725532,0.0,1.2292145,0.0,0.0,0.6664041,0.0,0.0,0.0,6.6205,0.0,0.0,0.0,0.0,0.0,9.349934,0.0,0.0,2.197085,0.0,0.0,0.0,0.0,0.0,0.0,0.0,1.8135813,0.0,0.0,0.0,0.0,0.0,0.0,0.0,0.0,0.0,0.0,0.0,0.0,0.0,11.774579,0.0,0.0,0.0,0.0,0.0,0.0,0.0,0.0,0.0,0.0,0.0,0.0,0.0,0.0,2.0600295,0.0,0.0,0.0,8.207045,0.15190525,0.0,0.0,0.0,0.0,0.0,0.0,2.2242646,0.0,0.0,0.0,0.0,1.2101121,0.0,0.0,0.0,0.0,0.9288126,0.0,0.0,0.0,0.0,0.0,0.0,3.0143025
0.0,0.0,6.038174,2.5961568,0.0,0.0,2.9320517,0.0,0.0,0.0,0.0,8.013046,9.483928,0.0,0.0,0.0,0.0,0.0,5.7251086,13.009607,0.0,0.0,0.0,0.0,0.0,0.0,0.0,0.0,0.0,0.0,0.0,7.1096683,2.0854862,0.017348282,5.0820293,0.0,0.0,0.0,9.372069,0.0,0.0,0.0,0.0,0.0,0.0,0.0,0.0,0.0,0.0,0.0,9.313806,0.0,0.0,0.0,0.0,0.0,4.4923353,0.10259088,0.0,0.0,0.0,0.80926347,0.0,6.2138166,0.0,0.0,0.0,0.0,0.0,0.080703326,0.0,0.0,1.8235708,0.0,0.0,0.0,0.0,0.0,0.0,0.0,0.5010238,0.0,0.0,23.633278,0.0,0.0,0.0,0.0,0.0,0.0,0.0,4.105807,0.0,0.0,0.0,12.563559,0.0,0.0,0.0,0.0,0.0,0.0,0.0,0.0,0.27800953,0.0,0.0,0.0,0.0,0.0,0.0,0.21331066,0.0,0.0,0.0,0.0,0.0,0.0,0.0,0.0,13.247882,0.0,0.0,8.86471,0.0,0.0,0.0,10.434523
0.0,0.0,1.4421238,0.0,0.0,0.0,0.0,0.0,0.0,0.0,5.6757646,3.5798893,2.76662,0.0,0.0,2.0507596,0.0,0.0,2.6891026,0.0,0.0,0.0,0.0,0.0,0.0,0.0,0.0,0.0,4.0637307,0.0,0.0,0.0,0.0,0.0,0.0,0.0,0.0,0.0,0.0,1.0609918,1.7914206,0.0,0.0,0.0,0.0,0.0,0.0,0.0,0.0,0.0,0.0,3.643005,0.0,0.0,0.0,0.0,0.0,1.1112394,5.7413845,0.0,0.0,0.0,2.92935,0.0,0.0,0.0,0.0,0.0,0.0,2.5113437,5.5167346,0.0,0.0,0.0,0.0,0.0,0.0,0.0,0.0,0.0,0.0,0.0,0.0,0.0,0.19346985,0.0,0.0,1.1996677,0.0,0.0,0.0,0.0,0.0,0.0,0.0,0.0,0.0,0.0,1.2861984,0.0,0.0,0.0,5.5216584,0.0,0.0,0.0,0.0,0.0,0.0,0.0,0.0,2.871315,0.0,0.0,6.239447,2.6398377,0.0,0.0,0.0,0.0,0.0,0.0,0.73687077,0.0,0.0,0.0,0.0,0.0
0.0,0.0,0.0,0.0,0.0,0.0,0.0,0.0,0.0,0.0,0.0,0.0,1.4799926,0.0,0.0,0.014828974,0.0,5.2200766,1.0940384,0.0,0.0,0.0,0.0,0.0,0.0,0.0,1.4263147,0.0,5.0347376,0.0,0.7315826,0.0,0.0,0.0,7.2472353,0.15532443,0.0,0.0,0.0,0.0,0.0,0.0,0.0,0.0,0.0,0.0,0.0,0.0,4.037369,0.0,3.9394076,0.0,0.0,0.0,0.0,0.0,5.5369225,2.240902,0.0,0.0,0.0,0.0,2.025038,0.0,3.2054014,0.0,0.0,0.0,0.0,0.49942952,9.176248,0.0,0.857396,0.0,0.0,0.0,1.2947708,0.0,0.0,0.0,0.0,1.0601518,0.0,3.0086217,0.0,0.0,0.0,2.2518485,0.0,0.0,0.0,0.0,0.0,3.5543,0.0,0.0,0.0,0.0,3.9228857,0.0,0.0,0.0,0.37183833,4.730345,0.90826654,0.0,0.6736736,0.0,0.0,0.0,2.396832,3.2157006,2.027445,5.286741,0.0,1.9616718,0.0,0.0,0.0,0.0,0.0,0.0,2.475712,0.0,0.9620822,0.0,0.0,0.0
0.0,0.0,0.0,2.5167031,0.0,0.0,12.406495,0.0,0.0,0.0,0.0,4.437866,0.0,0.0,0.0,4.5773096,0.0,0.0,0.69889045,3.4379132,0.0,0.0,7.70963,0.928996,0.0,0.0,4.456663,0.0,0.0,0.0,0.0,0.0,0.0,0.0,0.0,0.0,0.0,0.0,0.0,0.0,0.0,0.0,0.0,0.0,0.0,1.9345833,0.0,0.0,0.0,0.0,0.0,0.0,0.0,0.0,0.0,0.0,0.0,4.7256527,3.839946,0.0,0.0,2.0110598,0.0,0.11395655,0.0,0.0,0.0,0.0,0.0,5.393061,0.03584468,0.0,0.0,0.0,0.0,0.0,0.0,0.0,0.0,0.0,0.0,5.834377,0.0,0.2319138,0.0,0.0,0.0,0.0,0.0,0.0,0.0,0.4762918,0.0,0.0,0.0,0.0,0.0,0.0,2.8756132,0.0,0.0,0.0,6.9684634,0.6978763,0.6792104,0.0,0.0,1.3139511,0.0,0.0,0.0,0.0,0.0,0.0,1.7024221,0.0,0.0,0.0,0.0,0.0,2.0259552,0.0,4.004715,0.0,0.0,7.821394,0.0,0.0
0.0,0.0,0.0,7.292321,0.0,0.0,2.9036245,0.0,0.0,0.0,0.0,0.0,0.7052965,0.0,0.0,0.0,0.0,1.8497933,11.660508,0.0,0.0,0.0,2.7350557,10.364515,0.0,0.0,4.8322153,0.0,0.0,0.0,0.0,8.584251,0.0,0.0,0.0,0.0,0.0,0.0,2.774479,0.0,0.0,0.0,0.0,0.0,0.0,0.0,0.0,0.0,2.1244392,0.0,4.8506823,0.0,0.0,0.0,0.0,0.0,0.17267813,7.73903,0.0,0.0,0.0,1.6923577,0.0,0.0,0.0,0.0,0.0,0.0,0.0,4.917084,0.0,0.0,0.0,0.0,12.366969,0.0,0.0,0.0,0.0,0.0,0.0,1.5573214,0.0,0.8021437,0.0,0.0,0.0,0.0,0.0,0.0,0.0,4.831651,0.0,0.0,0.0,0.0,0.0,0.0,0.0,0.0,0.0,0.0,0.0,0.10018767,11.407173,0.0,0.0,0.0,0.0,0.0,1.8164947,0.0,2.526219,0.0,3.1499894,6.361244,0.0,0.0,0.0,2.9344108,9.963912,0.0,0.16141903,0.0,0.0,1.7241592,0.0,5.9133854
0.0,0.55049515,3.3378296,6.5386553,0.0,0.0,0.1576192,0.0,0.0,0.0,2.4686887,1.1975636,0.24141788,0.0,0.0,0.0,0.0,0.0,5.525027,7.386586,0.0,0.0,0.0,1.2141541,0.0,0.0,0.0,0.0,4.548838,0.0,0.0,0.0,0.0,0.0,0.0,0.23273367,4.4533186,0.0,0.0,2.265781,0.0,0.0,0.0,0.0,0.0,0.0,0.0,0.0,0.5791877,0.0,0.0,6.760084,0.0,0.0,0.0,0.0,1.1063286,0.0,5.482196,0.0,0.0,0.0,4.571801,0.024343101,0.0,0.0,0.0,0.0,0.0,0.0,7.012991,0.0,0.0,0.0,0.0,0.0,1.9676198,0.0,0.0,0.0,3.7512767,0.0,0.0,0.0,3.5951023,0.0,0.0,0.0,0.0,0.0,0.0,0.0,0.0,0.0,0.0,0.0,0.0,0.0,4.961442,0.0,0.0,0.0,5.040925,0.0,0.0,0.0,0.0,0.0,0.0,0.0,0.0,0.0,0.0,0.0,14.059589,3.095413,0.0,0.0,0.0,0.0,0.0,0.0,0.0,0.0,2.2783759,0.0,0.0,0.0
0.0,0.0,0.0,0.0,0.0,0.0,2.5513043,0.0,0.0,0.0,0.0,0.0,0.0,0.0,0.0,8.514739,0.0,6.412065,1.9221812,0.0,0.0,0.0,0.0,0.0,0.0,0.0,3.5691488,0.0,0.0,0.0,0.0,0.0,0.0,0.0,2.5854585,2.023712,0.0,0.0,0.0,0.0,0.0,0.0,0.0,0.0,0.0,0.0,0.0,0.0,0.0,0.0,0.0,0.0,0.0,0.0,0.0,0.0,0.7132624,0.020162083,0.0,0.0,0.0,0.0,0.0,0.0,0.0,0.0,0.0,0.0,0.0,8.174917,10.9010105,3.08509,0.0,0.0,0.0,0.0,9.033628,0.0,0.0,0.0,0.0,5.709899,0.0,1.1721829,0.0,0.0,0.0,0.0,0.0,0.0,0.0,0.0,0.0,0.0,0.0,0.0,0.0,0.0,0.0,0.0,0.0,0.0,0.0,7.8704624,0.7402507,0.0,0.0,0.6060567,0.0,0.0,8.478867,0.0,0.0,1.0402297,0.0,0.5402106,0.0,0.0,0.0,0.0,0.0,0.0,0.0,0.0,0.0,0.0,0.0,0.0
0.0,0.0,0.0,0.0,0.0,0.0,2.34811,0.0,0.0,0.0,0.0,0.0,6.083018,0.0,0.0,9.297001,0.0,2.025692,4.8312483,0.0,0.0,0.0,0.0,0.0,0.0,0.0,7.804818,0.0,0.0,0.0,0.0,0.0,0.0,0.0,2.1850905,0.0,0.0,0.0,0.0,0.0,0.0,0.0,0.0,0.0,0.0,0.0,0.0,0.0,0.0,0.0,0.0,4.5134406,0.0,0.0,0.0,0.0,0.0,1.9290559,0.0,0.0,0.0,0.0,0.0,0.0,0.0,0.0,0.0,3.1450322,0.0,12.986274,3.2427561,4.930862,0.0,0.0,0.0,0.0,14.675887,0.0,0.0,0.0,4.9337273,0.0,0.0,0.0,0.0,0.0,0.0,0.0,0.0,0.0,0.0,0.0,0.0,0.0,0.0,0.0,0.0,0.0,0.0,0.0,0.0,0.0,0.0,1.9570094,0.0,0.0,0.0,1.3000493,0.0,0.0,3.9501307,0.0,0.0,0.38686797,0.0,3.660573,0.0,0.0,0.0,0.0,0.0,0.0,0.0,0.0,2.185207,5.3760223,0.0,0.0
0.0,0.0,0.0,7.0998344,0.0,0.0,0.0,0.0,0.0,0.0,0.0,0.0,0.0,0.0,0.0,0.0,0.0,0.0,13.662452,0.0,0.0,0.0,8.593385,11.62857,0.0,0.0,1.5750133,0.0,5.821368,0.0,0.0,0.78558403,0.0,6.9291906,0.0,4.278952,8.510672,0.0,1.0666972,0.0,0.0,0.0,0.0,0.0,0.0,0.0,5.5296364,3.7064123,9.68495,0.0,0.9780253,0.0,9.6078415,0.0,0.0,0.0,2.893947,3.6883461,0.8953562,0.0,0.0,0.0,0.0,0.0,0.0,0.0,0.0,0.0,0.0,3.3273695,0.0,0.0,0.0,0.0,0.0,0.0,0.0,0.0,0.0,0.0,0.0,0.0,0.0,1.4974192,0.0,0.0,0.0,0.0,0.0,0.0,0.0,0.0,0.0,0.0,0.0,0.0,0.0,0.0,8.152457,0.0,0.0,0.0,0.0,3.0206037,3.9826741,0.0,6.7199645,0.0,0.0,0.0,6.606461,0.0,0.0,0.0,7.3747215,7.1048646,0.0,0.0,0.0,10.096649,0.0,0.0,0.0,0.0,4.430079,0.0,0.0,10.173904
0.0,0.0,0.0,0.0,0.0,0.0,0.0,0.0,0.0,0.0,0.0,0.66675776,8.443249,0.0,0.0,11.11306,0.0,0.0,0.0,0.0,0.6143802,0.0,2.4401984,0.0,0.0,0.0,3.5742967,0.0,0.0,0.0,0.0,0.0,2.0567195,0.0,0.0,0.0,0.0,0.0,0.0,0.0,0.0,0.0,0.0,0.0,0.0,0.0,0.0,0.0,0.0,0.0,0.0,1.6219971,0.0,0.0,0.0,0.0,1.9816883,3.5138836,0.0,0.0,0.0,0.0,0.0,0.0,0.0,0.0,0.0,5.287433,0.0,3.2365777,0.0,1.4939967,0.0,0.0,0.0,0.0,12.891513,0.0,0.0,0.0,5.1606693,0.0,0.0,2.5508647,0.0,0.0,0.0,0.0,0.0,0.0,0.0,0.0,0.0,0.0,0.0,0.0,0.0,0.0,0.0,0.0,0.0,0.0,0.0,0.0,0.0,0.0,0.0,5.6297755,0.0,0.0,0.0,0.0,0.0,0.0,0.0,2.1065233,0.0,0.0,0.0,0.0,0.0,0.0,0.0,4.794973,1.9936521,8.332219,0.0,0.0
0.0,0.0,0.0,0.0,0.0,0.0,3.2550187,0.0,0.0,0.0,3.0955148,0.0,3.3716586,0.0,0.0,2.2138228,0.0,5.32,6.185935,0.0,0.0,0.0,0.0,0.77929634,0.0,0.0,5.469403,0.0,7.564712,0.0,0.0,0.0,0.0,0.0,8.330957,0.0,0.0,0.0,0.0,0.0,0.0,0.0,0.0,0.0,0.0,0.0,0.0,0.0,0.0,0.0,0.0,2.7268267,0.0,0.0,0.0,0.0,0.0,1.7803352,0.0,0.0,0.0,0.0,0.0,0.0,0.6811405,0.0,0.0,0.77944773,0.0,4.049076,4.968594,1.4434818,0.0,0.0,0.0,0.0,3.8731132,0.0,0.0,0.0,0.82202023,1.863405,0.0,0.0,0.0,0.0,0.0,0.59524554,0.0,0.0,0.0,0.0,0.0,4.5477457,0.0,0.0,0.0,0.0,0.73188496,0.0,0.0,0.0,0.0,2.1876953,1.4686517,0.0,0.49695534,0.0,0.0,0.0,3.0471175,0.32761532,0.0,2.512192,0.31093445,5.8140616,0.0,0.0,0.0,0.0,0.0,0.0,0.0,0.0,2.1230385,0.0,0.0,0.9083259
0.0,0.0,0.0,6.887689,0.0,0.0,11.086671,0.0,0.0,0.0,0.0,5.3762736,0.0,0.0,0.0,0.0,0.0,3.6718285,1.4375707,0.0,0.0,0.0,0.0,1.389123,0.0,0.0,0.0,0.0,0.78639644,0.0,0.0,0.0,0.0,0.0,0.6119895,0.0,0.0,0.0,0.5177064,0.0,0.0,0.0,0.0,0.0,0.0,6.7609096,0.0,0.0,5.121118,0.0,2.462215,23.655066,0.0,0.0,0.0,0.0,2.1038618,7.201091,11.897161,0.0,0.0,0.0,17.292374,8.285093,0.0,0.0,0.0,0.7720903,0.0,0.0,3.591995,0.0,0.0,0.0,0.0,0.0,0.0,0.0,0.0,0.0,0.0,0.0,0.0,0.0,0.0,0.0,0.0,0.0,0.0,0.0,0.0,0.0,0.0,0.0,0.0,0.0,0.0,0.0,0.0,0.0,0.0,0.0,0.0,0.0,3.3522463,0.0,0.0,0.0,0.0,0.0,2.6671524,0.0,4.0942492,1.3248196,7.740003,0.0,0.0,0.0,0.0,0.0,0.0,0.0,0.0,0.0,0.2269567,0.0,0.0,0.2873802
0.0,0.0,0.0,4.513516,2.7108657,3.6075954,0.0,0.0,0.0,0.0,0.0,0.0,0.0,0.0,0.0,0.0,0.0,2.194244,0.0,0.0,0.0,0.0,0.0,6.9988976,0.0,0.0,0.0,0.0,0.0,0.0,0.0,0.0,2.2013042,3.697528,0.5343232,0.0,0.0,0.0,0.0,0.0,0.0,0.0,0.0,0.0,0.0,3.4133482,0.0,0.0,0.0,0.0,2.4501514,3.9620667,0.0,0.0,0.0,0.0,1.578806,1.0131944,1.0613523,0.0,0.0,0.0,0.0,0.0,0.0,0.0,0.0,0.59545594,0.0,3.024787,0.5679639,0.0,0.0,0.0,0.10812387,0.0,4.6947055,0.0,0.0,0.0,5.68878,0.0,0.0,0.0,0.0,0.0,0.0,0.0,0.0,0.0,0.0,0.0,0.0,0.0,0.0,0.0,0.0,0.0,0.0,0.0,0.0,0.0,0.0,0.0,0.0,0.0,0.0,0.0,0.0,0.0,4.765839,0.0,3.8093183,3.3751924,0.0,0.0,0.0,0.0,0.0,0.0,0.0,0.0,0.0,0.0,2.3262904,0.0,0.0,0.0
0.0,0.0,0.0,3.2541568,0.0,0.0,3.0151184,0.0,0.0,0.0,0.0,0.0,0.0,0.0,0.0,0.0,0.0,4.4214945,6.223405,0.0,0.0,0.0,0.0,7.10765,0.0,0.0,0.0,0.0,0.0,0.0,0.0,1.6233144,3.066452,0.0,1.4702625,0.0,0.0,0.0,2.364871,0.0,0.0,0.0,0.0,0.0,0.0,4.1043367,0.0,0.0,2.4156175,0.0,0.0,7.124179,1.4588404,0.0,0.0,0.0,1.3179272,1.9531844,0.0,0.0,0.0,0.0,0.0,0.0,0.0,0.0,0.0,0.0,0.0,3.7652547,0.0,0.0,0.0,0.0,0.0,0.0,6.3719335,0.0,0.0,0.0,5.591057,0.0,0.0,0.0,0.0,0.0,0.0,0.0,0.0,0.0,0.0,0.0,0.0,2.1325893,0.0,0.0,0.0,0.0,0.0,0.0,0.0,0.0,0.0,0.44475713,0.0,0.0,0.0,0.0,0.0,0.0,12.956661,0.0,2.8153238,5.0380225,4.4397683,0.0,0.0,0.0,0.0,4.6769347,0.0,0.0,0.0,0.0,3.196199,0.0,0.0,2.965493
0.0,4.315316,0.0,0.0,0.0,0.0,0.0,0.0,0.0,0.0,3.399091,0.0,1.1604971,0.0,0.0,0.12609793,0.0,0.0,0.53767854,3.5026557,0.0,0.0,0.0,0.0,0.0,0.0,0.0,0.0,4.7269354,0.0,0.0,0.0,0.061985053,0.0,1.7692894,5.397157,3.348701,0.0,0.0,7.9076023,0.0,0.0,0.0,0.0,0.0,0.0,0.0,0.0,1.5973381,0.0,0.0,4.8998785,0.0,0.0,0.0,0.0,1.0261087,0.0,5.2172685,0.0,0.0,0.0,1.654429,0.0,0.0,0.0,0.0,0.0,0.0,0.0,3.3487585,0.0,0.0,0.0,0.0,0.0,2.2787366,0.0,0.0,0.0,2.535342,0.0,0.0,0.0,0.0,0.0,0.0,0.0,0.0,0.0,0.0,0.0,0.0,0.0,0.0,0.0,0.0,0.0,2.1167085,0.0,0.0,0.0,2.7533233,0.0,0.0,0.0,0.0,0.0,0.0,0.0,5.312825,0.0,0.0,1.3069475,5.3336744,1.8796229,0.0,0.0,0.0,0.0,0.0,0.0,0.0,0.0,6.1558867,0.0,0.0,0.0
0.0,0.0,0.0,0.0,0.0,0.0,0.0,0.0,0.0,0.0,4.528323,2.650023,0.0,0.0,0.0,0.0,0.0,0.0,4.150779,0.0,0.0,0.0,7.0604806,0.3313397,0.0,0.0,6.627185,0.0,3.499334,2.0127323,0.0,0.0,0.0,0.0,4.5356374,0.0,0.0,0.0,0.0,0.0,0.0,0.0,0.0,0.0,0.0,0.0,0.0,0.0,0.0,0.0,7.8298635,0.0,0.0,0.0,0.0,0.0,0.0,3.5414166,10.260622,0.0,0.0,0.0,0.0,0.0,0.0,0.0,0.0,9.295439,0.0,7.4388356,0.0,0.0,0.0,0.0,0.0,0.0,0.0,0.0,0.0,0.0,0.0,0.0,0.0,0.0,0.0,9.411254,0.0,0.0,0.0,0.0,0.0,0.0,0.0,0.0,0.0,0.0,0.0,0.0,7.889795,0.0,0.0,0.0,0.29188332,0.0,0.37910554,0.0,0.0,0.0,0.0,0.0,0.0,2.4676392,0.0,2.936904,4.3760586,2.4476027,0.0,0.0,0.0,0.0,0.0,0.0,2.5669887,0.0,0.0,0.0,0.0,0.0
0.0,0.0,3.182046,7.2593055,0.0,0.0,0.38653186,0.0,0.0,0.0,0.0,10.880123,0.65962857,0.0,0.0,5.5869865,0.0,3.763838,0.0,2.158738,0.0,0.0,0.0,0.0,0.0,0.0,0.0,0.0,7.6327505,0.0,0.0,0.0,0.0,0.0,0.0,0.0,6.103236,0.0,0.0,0.8256095,0.0,0.0,0.0,6.9388204,0.0,0.0,0.0,0.0,0.0,0.0,0.66868925,6.6685405,0.0,0.0,0.0,0.0,3.2738419,0.87606865,0.0,0.0,0.0,0.0,2.7148466,0.0,0.0,0.0,0.0,0.0,0.0,0.0,4.3859115,0.0,0.042578835,0.0,0.0,0.0,0.0,0.0,0.0,0.0,0.0,6.2053714,0.0,7.967,0.0,0.0,0.0,0.0,0.0,0.0,0.0,0.0,0.0,0.0,0.0,0.0,0.0,0.0,0.0,0.0,0.0,0.0,4.56494,1.7715968,0.0,0.0,3.7553918,0.0,0.0,0.0,0.0,2.5123832,0.0,0.0,0.0,0.0,0.0,0.0,0.0,0.0,0.0,0.0,0.0,0.0,0.0,0.0,0.0,0.0
0.0,0.0,0.0,0.0,0.0,0.0,4.68069,0.0,0.0,0.0,5.554432,0.0,0.0,0.0,0.0,0.0,0.0,0.0,5.5647373,0.0,0.0,0.0,3.2730556,0.49576586,0.0,0.0,4.2874365,0.0,0.0,2.9407492,0.0,0.0,0.0,4.535623,4.3547225,0.0,0.0,0.0,0.0,0.0,0.0,0.0,0.0,0.0,0.0,5.3769226,0.0,0.0,4.594393,0.0,2.2432714,2.4277706,0.0,0.0,0.0,0.0,0.0,7.1515245,5.0360436,0.0,0.0,0.0,0.0,2.2691212,0.0,0.0,0.0,2.623806,0.0,2.5598054,0.0,0.0,0.0,0.0,0.0,0.0,0.0,0.0,0.0,0.0,0.0,0.0,0.0,0.0,0.0,0.037698332,0.0,0.0,0.0,0.0,0.0,0.0,0.0,1.0083041,0.0,0.0,0.928759,0.0,7.1086016,0.0,0.0,0.0,0.0,0.0,4.138399,0.0,0.0,0.0,0.0,0.0,1.0614082,0.0,0.0,5.422315,3.605132,0.0,0.0,0.0,0.0,4.102074,0.0,0.0,0.0,0.0,6.916218,0.0,0.0,5.700329
0.0,0.0,0.0,1.5619594,3.6765938,4.027123,0.0,0.0,0.0,0.0,0.0,0.0,3.0124433,0.0,0.0,0.0,0.0,2.0452302,0.0,0.0,0.0,0.0,0.0,1.7224619,0.0,0.0,0.0,0.0,2.39518,0.0,0.0,0.0,2.7772439,0.0,3.3432963,0.0,0.0,0.0,0.0,0.0,4.5436544,0.0,0.0,0.0,0.0,0.30203977,0.0,0.0,0.0,0.0,0.7616538,4.8857093,0.0,0.0,0.0,0.0,1.0111561,2.3021705,1.4302361,0.0,0.0,0.0,0.0,0.0,0.0,0.0,0.0,5.882392,0.0,0.0,2.653093,0.0,0.0,0.0,0.0,0.0,7.9283648,0.0,0.0,0.0,7.4922957,0.0,0.0,0.0,0.0,0.0,0.0,0.0,0.0,0.0,0.0,0.0,0.0,1.2574306,0.0,0.0,0.0,0.0,0.0,0.0,0.0,0.0,0.0,0.0,0.0,0.0,0.0,0.0,0.0,0.0,1.4616133,0.0,5.931264,0.0,0.0,2.106509,0.0,0.0,0.0,0.0,0.0,0.0,0.0,0.0,5.256922,0.0,0.0,0.0
0.0,0.0,0.0,0.0,0.0,0.0,6.200663,0.0,0.0,0.0,0.0,0.0,1.6382778,0.0,0.0,5.3251967,0.0,0.0,0.0,9.335977,0.0,0.0,1.3875614,0.0,0.0,0.0,0.0,0.0,0.0,0.0,0.0,2.658706,8.482607,0.0,0.44294584,7.934702,0.0,0.0,3.6206386,0.0,0.0,0.0,0.0,0.0,0.0,0.0,0.0,0.0,0.0,0.0,0.0,0.0,0.0,0.0,0.0,0.0,7.673189,0.0,0.0,0.0,0.0,4.04446,0.0,0.0,0.0,0.80196637,0.0,0.0,0.0,12.940036,0.0,0.0,0.0,0.0,3.4634936,0.0,0.9331236,0.0,0.0,0.0,0.0,0.0,0.0,14.948235,0.0,0.0,0.0,0.0,0.0,0.0,0.0,0.0,0.0,0.0,0.0,0.18049617,0.0,0.0,0.0,0.0,0.0,0.0,8.11084,3.3346956,0.0,0.0,0.0,0.0,0.0,0.0,5.3661413,0.8253152,0.0,0.0,0.0,4.92906,0.0,0.0,0.0,0.0,8.975796,0.0,0.0,0.0,0.0,0.0,0.0,0.0
0.0,0.0,0.0,1.2042313,0.39848232,0.0,0.7109889,0.0,0.0,0.0,2.6202207,0.0009313617,0.0,0.0,0.0,0.0,0.0,0.0,0.0,0.0,0.0,0.0,0.0,5.887747,0.0,0.0,2.6170535,0.0,0.0,1.902507,0.0,0.0,0.0,0.63352525,1.0705093,0.0,0.0,0.0,0.0,0.0,0.0,0.0,0.0,0.0,0.0,0.0,0.0,0.0,0.0,0.0,0.0,4.193811,0.0,0.0,0.0,0.0,0.0,0.74572,0.0,0.0,0.0,0.0,0.0,0.0,0.0,0.0,0.0,2.0126543,0.0,12.514932,1.9504466,0.0,0.0,0.0,0.0,0.0,3.2786999,0.0,0.0,0.0,2.9575684,0.0,0.0,0.0,0.0,0.0,0.0,1.0275836,0.0,0.0,0.0,0.0,0.0,0.17563866,0.0,0.0,0.0,0.0,0.0,0.0,0.0,0.0,0.0,0.0,4.076262,0.0,0.0,0.0,0.0,0.0,2.057504,0.0,0.0,4.570852,1.6117561,1.2381625,0.0,0.0,0.0,3.3657336,0.0,0.0,0.0,0.0,1.3630044,0.0,0.7141013,0.0
0.0,0.0,0.0,0.0,0.0,0.0,2.6387901,0.0,0.0,0.0,0.0,0.0,6.5021195,0.0,0.0,0.0,0.0,2.5595543,4.5422974,0.0,0.0,0.0,0.0,0.0,0.0,0.0,3.3549392,0.0,7.5844784,0.0,0.0,0.0,0.0,0.0,3.5631979,0.0,0.0,0.0,0.0,0.0,0.0,0.0,0.0,0.0,0.0,0.0,0.0,0.0,0.0,0.0,0.0,12.093413,0.0,0.0,0.0,0.0,0.0,1.9114028,0.0,0.0,0.0,0.0,0.0,0.0,0.0,0.0,0.0,0.0,0.0,0.0,2.638282,0.0,0.7685222,0.0,0.0,0.0,4.415937,0.0,0.0,0.0,7.2020464,0.0,0.0,0.0,0.0,0.0,0.0,0.0,0.0,0.0,0.0,0.0,0.0,7.5807495,0.0,0.0,0.0,0.0,0.0,0.0,0.0,0.0,0.0,1.3736112,0.0,0.0,0.0,0.0,0.0,0.0,12.740637,0.0,0.0,4.391331,0.0,5.862951,0.0,0.0,0.0,0.0,0.0,0.0,0.0,0.0,11.249305,0.0,0.0,7.3523955
0.0,0.0,0.0,0.0,1.6638201,0.0,0.0,0.0,0.0,0.0,2.0035918,0.0,0.0,0.0,0.0,2.8354475,0.0,0.0,0.0,0.0,0.0,0.0,2.0293944,2.2586224,0.0,0.0,0.36054137,0.0,2.2093241,0.0,0.0,0.0,0.0,0.0,4.7462707,0.96646464,0.0,0.0,0.0,0.0,0.0,0.0,0.0,0.0,0.0,0.0,0.0,0.0,0.0,0.0,5.4153285,0.19681719,0.0,0.0,0.0,0.0,0.0,3.84995,0.5549008,0.0,0.0,0.0,0.0,0.0,0.0,0.0,0.0,3.941865,0.0,6.7383,0.0,0.0,0.0,0.0,1.2303438,0.0,1.4418108,0.0,0.0,0.0,0.0,0.0,0.0,1.0823724,0.0,0.5678788,0.0,0.0,0.0,0.0,0.0,0.0,0.0,1.5403093,0.0,0.0,0.0,0.0,0.0,0.0,0.0,0.0,0.0,0.0,0.5925673,0.0,0.0,0.0,0.0,0.0,2.0552258,0.0,0.39785635,2.270301,0.73373437,0.56572366,0.0,0.0,0.0,0.35267273,0.0,0.0,0.0,0.0,4.686025,0.0,0.0,0.0
0.0,1.3244057,0.0,0.0,0.0,0.0,0.0,0.0,0.0,0.0,0.0,13.854272,8.968886,0.0,0.0,9.049029,0.0,6.4544525,2.7779942,5.798085,0.0,0.0,0.0,0.0,0.0,0.0,0.0,0.0,3.1460016,0.0,0.0,0.0,6.121579,0.0,0.0,1.7813735,0.0,0.0,0.0,2.981342,5.2219324,0.0,0.0,0.0,0.0,0.0,0.0,13.354424,0.0,0.0,0.0,0.0,0.0,0.0,0.0,0.0,1.4415507,0.0,0.0,0.0,0.0,0.0,2.6608162,8.002149,0.0,0.0,0.0,0.0,0.0,0.0,8.122988,0.0,0.0,0.0,0.0,0.0,0.0,0.0,0.0,0.0,10.66776,0.0,0.0,5.788731,0.0,0.0,0.0,0.0,0.0,0.0,0.0,0.0,0.0,0.0,0.0,0.0,0.0,0.0,0.0,0.0,0.0,0.0,18.970295,0.0,0.0,0.0,11.855194,0.0,0.0,0.0,0.0,2.0229118,0.0,0.0,0.0,3.6222851,0.0,0.0,0.0,0.0,0.0,0.0,2.2930079,0.0,0.0,0.0,0.0,0.0
0.0,0.0,0.0,0.0,0.0,0.0,1.994435,0.0,0.0,0.0,0.0,0.0,0.0,0.0,0.0,5.4229183,0.0,6.95242,0.0,0.0,0.53907645,0.0,0.0,2.2332034,0.0,0.0,0.0,0.0,0.0,0.0,0.0,0.0,4.0365186,2.1641297,0.5601288,0.0,0.0,0.0,0.0,0.0,0.0,0.0,0.0,2.892245,0.0,4.6458125,0.0,0.0,0.0,0.0,0.0,3.180916,0.0,0.0,0.0,0.0,0.0062414687,0.0,0.0,0.0,0.0,0.0,0.0,0.0,0.0,0.0,0.0,0.0,0.0,12.40435,2.579233,0.0,0.0,0.0,0.0,0.0,11.585121,0.0,0.0,0.0,3.4873056,0.0,0.0,0.0,0.0,0.0,0.0,0.0,0.0,0.0,0.0,0.0,0.0,0.0,0.0,0.0,0.0,0.0,0.0,0.0,0.0,0.0,0.0,0.0,0.0,0.0,0.0,0.0,0.0,0.0,5.207832,0.0,0.0,0.0,4.4298115,0.0,0.0,0.0,0.0,0.0,0.0,0.0,0.0,0.0,9.692653,0.0,0.0,0.0
0.0,0.0,0.0,0.0,3.3425927,0.0,10.662195,0.0,0.0,0.0,0.0,0.0,0.0,0.0,0.0,18.997656,0.0,6.0358267,0.0,0.0,8.39273,0.0,0.0,1.9032787,0.0,0.0,0.0,0.0,0.0,0.0,0.0,0.0,0.0,0.0,0.0,0.45015636,0.0,0.0,0.0,0.0,0.0,0.0,0.0,0.0,0.0,5.908083,0.0,0.0,0.0,0.0,0.0,12.565206,0.0,0.0,0.0,0.0,2.1574738,9.213609,5.2442045,0.0,0.0,0.0,8.355518,0.0,0.0,0.0,0.0,0.0,0.0,2.867277,0.0,0.0,0.0,0.0,0.0,0.0,4.3952365,0.0,0.0,0.0,0.0,4.907125,0.0,0.0,0.0,0.0,0.0,0.0,0.0,0.0,0.0,0.0,0.0,0.0,0.0,0.0,0.0,0.0,0.0,0.0,0.0,0.0,0.0,3.0566475,9.274533,0.0,0.0,0.0,0.0,0.0,8.484074,0.0,0.0,0.0,1.6793308,0.0,0.0,0.0,2.4812434,0.0,0.0,0.0,0.0,0.0,1.7622066,11.0611515,0.0,6.0732474
0.0,0.0,0.33267164,0.0,0.0,0.0,5.365426,0.0,0.0,0.0,3.7575676,0.0,0.0,0.0,0.0,4.7536473,0.0,0.0,5.155089,0.40665972,0.0,0.0,0.0,0.5762175,0.0,0.0,2.490493,0.0,1.8792602,2.997787,0.0,0.0,0.0,1.3772635,4.1607738,0.0,0.0,0.0,0.0,0.0,0.0,0.0,0.0,0.0,0.0,0.0,0.0,0.0,0.5526346,0.0,0.0,1.328408,0.0,0.0,0.0,0.0,0.0,0.0,0.0,0.0,0.0,0.0,0.81851363,0.12060676,0.0,0.0,0.0,0.0,0.0,8.145832,1.981379,0.0,0.0,0.0,0.0,0.0,1.3957367,0.0,0.0,0.0,0.0,0.0,0.0,0.0,0.0,0.0,0.0,0.020636227,0.0,0.0,0.0,0.0,0.0,0.0,0.0,0.0,0.0,0.0,7.3562026,0.0,0.0,0.0,0.48386788,5.322914,3.9314358,0.0,0.0,0.0,0.0,0.0,6.152952,0.0,0.0,7.0406365,0.27872506,0.0,0.0,0.0,0.0,1.9100946,0.0,0.0,0.0,0.0,2.850589,0.0,0.0,0.19060218
0.0,2.5943263,2.5060036,0.0,0.0,0.0,9.34078,0.0,0.0,0.0,3.56026,0.0,0.0,0.0,0.0,3.7048254,0.0,0.26291975,1.7589396,5.575616,0.0,0.0,0.0,1.4076637,0.0,0.0,0.0,0.0,2.576103,0.0,0.0,0.0,0.0,3.1449018,5.1408844,3.501331,3.1442459,0.0,0.0,3.3571906,0.0,0.0,0.0,2.73968,0.0,0.0,0.0,0.0,3.3762126,0.0,0.0,7.385149,0.0,0.0,0.0,0.0,0.0,0.0,1.3403188,0.0,0.0,0.0,1.705447,0.80076396,0.0,0.0,0.0,0.0,0.0,4.0498643,2.8100772,0.0,0.0,0.0,0.0,0.0,0.91285145,0.0,0.0,0.0,0.0,0.0,0.0,0.0,0.0,0.0,0.0,0.0,0.0,0.0,0.0,0.0,0.0,0.0,0.0,0.0,0.0,0.0,4.709635,0.0,0.0,0.0,2.6783109,3.892109,0.0,0.0,0.0,0.0,0.0,0.0,4.8951364,0.0,0.0,2.408803,3.3714318,0.0,0.0,0.0,0.0,0.0,0.0,0.0,0.0,0.0,6.057,0.0,0.0,0.0
0.0,0.0,0.0,0.0,0.0,0.0,2.9031596,0.0,0.0,0.0,0.0,0.0,0.5391919,0.0,0.0,0.0,0.0,14.752051,15.599003,5.710243,0.0,0.0,0.0,0.0,0.0,0.0,0.0,0.0,0.0,0.0,0.0,0.0,6.898421,0.0,2.2608838,8.999598,0.0,0.0,0.0,0.0,0.0,0.0,0.0,0.0,0.0,0.0,0.0,0.0,1.2488807,0.0,0.0,0.0,1.0484818,0.0,0.0,0.0,13.183508,0.0,0.0,0.0,0.0,0.0,0.30107987,11.648808,0.0,0.0,0.0,0.0,0.0,0.0,4.077814,0.0,0.0,0.0,0.0,0.0,0.0,0.0,0.0,0.0,0.0,0.0,0.0,14.369362,0.0,0.0,0.0,0.0,0.0,0.0,0.0,0.0,0.0,0.0,0.0,0.0,0.0,0.0,0.0,0.0,0.0,0.0,14.464672,0.0,0.0,0.0,0.0,0.0,0.0,0.0,1.8820846,0.0,0.28761244,0.0,0.0,13.034781,0.0,0.0,0.0,0.0,0.0,0.0,0.0,0.0,0.0,0.0,0.0,0.0
0.0,0.0,0.0,1.3350155,0.0,0.0,0.0,0.0,0.0,0.0,0.0,0.0,0.30872953,0.0,0.0,0.0,0.0,3.00412,3.6591296,0.0,0.0,0.0,0.0,4.71761,0.0,0.0,0.0,0.0,1.2348986,0.0,0.0,0.0,2.6773665,0.41144937,1.4909295,0.0,0.0,0.0,0.0,0.0,1.137984,0.0,0.0,0.0,0.0,0.9142265,0.0,0.0,1.616904,0.0,4.1047845,4.142203,0.0,0.0,0.0,0.0,0.0,2.7051473,2.7000651,0.0,0.0,0.0,0.0,0.0,0.0,0.0,0.0,0.02389622,0.0,0.47253466,0.0,0.0,0.0,0.0,0.0,0.0,3.2253258,0.0,0.0,0.0,7.2360334,0.0,0.0,0.0,0.0,0.0,0.0,0.0,0.0,0.0,0.0,0.0,0.0,5.650445,0.0,0.0,0.0,0.0,0.0,0.0,0.0,0.0,0.0,0.0,0.0,0.0,0.0,0.0,0.0,0.0,5.219513,0.0,2.9687254,5.951662,4.2304974,0.0,0.0,0.0,0.0,0.0,0.0,0.0,0.0,0.0,4.6361732,0.0,0.0,2.5283048
0.0,0.0,0.0,0.0,0.0,0.0,0.0,0.0,0.0,0.0,0.085528925,0.0,0.0,0.0,0.0,0.0,0.0,3.4833581,2.4579186,0.0,0.0,0.0,0.0,4.3930254,0.0,0.0,0.0,0.0,2.0968986,0.0,0.0,0.0,3.0387084,0.0,3.6800494,0.0,0.0,0.0,0.0,0.0,2.5672116,0.0,0.0,0.0,0.0,1.5396097,0.0,0.0,0.0,0.0,1.4531281,5.8158493,0.0,0.0,0.0,0.0,0.41008055,3.111745,0.0,0.0,0.0,0.0,0.0,0.0,0.0,0.0,0.0,2.8676987,0.0,3.9989512,0.0,0.19462049,0.0,0.0,0.0,0.0,7.196945,0.0,0.0,0.0,4.7305136,0.0,0.0,0.0,0.0,0.0,0.0,0.0,0.0,0.0,0.0,0.0,0.0,5.5069523,0.0,0.0,0.0,0.0,0.0,0.0,0.0,0.0,0.0,0.0,0.0,0.0,0.0,0.0,0.0,0.0,3.6850073,0.0,3.013412,4.567773,2.2337716,0.55004424,0.0,0.0,0.0,0.0,0.0,0.0,0.0,0.0,1.3673995,0.0,0.0,0.0
0.0,0.0,0.0,4.8015456,0.0,0.0,9.440328,0.0,0.0,0.0,1.7091923,3.0904005,0.0,0.0,0.0,0.0,0.0,0.0,1.3909899,3.115954,0.0,0.0,5.9103165,7.4284816,0.0,0.0,4.7080255,0.0,0.0,2.1023588,0.0,0.0,0.0,7.058509,0.0,0.9332789,0.5741893,0.0,0.0,0.0,0.0,0.0,0.0,0.0,0.0,0.0,4.789108,0.0,0.0,0.0,0.0,0.0,0.0,0.0,0.0,0.0,0.0,5.14697,5.8198857,0.0,0.0,0.0,0.0,1.4169672,0.0,0.0,0.0,0.0,0.0,6.217087,5.0690823,0.0,0.0,0.0,1.4678591,0.0,0.0,0.0,0.0,0.0,0.0,1.1343328,0.0,0.0,5.9728017,0.0,0.0,0.0,0.0,0.0,0.0,8.580246,0.0,0.0,0.0,0.0,0.0,0.0,9.68376,0.0,0.0,0.0,1.9755336,2.2712543,0.0,0.0,4.616695,0.0,0.0,0.0,0.0,0.0,0.0,0.0,0.82268274,4.4124618,5.6106224,0.0,0.0,0.91780555,0.0,0.0,0.0,0.0,0.0,1.6410145,4.4856153,0.0
0.0,0.0,1.4944603,2.023631,0.0,0.0,0.0,0.0,0.0,0.0,0.0,5.799788,1.3540082,0.0,0.0,5.0974956,0.0,3.789281,0.0,0.0,2.2410412,0.0,0.0,0.0,0.0,0.0,0.0,0.0,1.9437712,0.0,0.0,0.0,0.0,0.0,0.0,4.9349413,0.6405565,0.0,0.7398009,0.0,0.0,0.0,0.0,0.0,0.0,0.0,0.0,0.0,0.0,0.0,5.9294596,5.651053,0.0,0.0,0.0,0.0,0.0,3.028439,8.701946,0.0,0.0,3.3503213,11.049564,0.0,0.0,0.0,0.0,0.0,0.0,0.0,8.384839,0.0,0.0,0.0,8.868257,0.0,0.0,0.0,0.0,0.0,0.0,0.0,0.0,0.0,6.5895476,0.0,0.0,0.0,0.0,0.0,0.0,0.0,0.0,0.0,0.0,0.0,0.0,0.0,0.0006502569,0.0,0.0,0.0,9.732004,0.0,0.0,0.0,0.0,0.0,0.0,0.0,0.0,2.803766,0.0,0.0,7.451245,0.0,0.0,0.0,0.0,0.0,0.0,0.0,1.8957464,0.0,0.0,0.0,0.0,0.0
0.0,0.0,0.0,0.095238276,0.0,0.0,6.7325363,0.0,0.0,0.0,0.0,0.0,0.0,0.0,0.0,15.380447,0.0,9.861924,2.7314637,0.0,8.658,0.0,0.0,0.0,0.0,0.0,0.0,0.0,0.0,0.0,0.0,0.0,0.0,0.0,0.0,0.0,0.0,0.0,0.0,0.0,0.0,0.0,0.0,0.0,0.0,3.00295,0.0,0.0,0.0,0.0,0.0,2.519056,0.0,0.0,0.0,0.0,8.008082,0.0,0.0,0.0,0.0,4.3762164,1.5872316,0.0,0.0,0.0,0.0,0.0,0.0,5.0224705,0.56774986,0.0,0.0,0.0,0.0,0.0,7.7583237,0.0,0.0,0.0,0.0,6.5013566,0.0,0.2734928,0.0,0.0,0.0,0.0,0.0,0.0,0.0,0.0,0.0,0.0,0.0,0.0,0.0,0.0,0.0,0.0,0.0,0.0,5.069779,0.0,0.9250924,0.0,0.0,0.0,0.0,0.0,10.987929,0.0,0.0,0.0,1.7443844,0.0,0.0,0.0,0.0,0.0,0.0,0.0,0.0,0.0,3.302319,13.296508,0.0,0.0
0.0,3.8541265,4.357684,2.714868,3.1896646,0.0,0.0,0.0,0.0,0.0,2.1744487,0.0,0.0,0.0,0.0,9.091428,0.0,1.3941349,2.5427496,6.3828006,3.0580187,0.0,0.0,0.11932281,0.0,0.0,0.0,0.0,5.1153297,0.0,0.0,0.0,0.0,0.0,0.0,0.0,0.0,0.0,0.0,1.2264088,0.0,0.0,0.0,1.6121638,0.0,0.0,0.0,0.0,0.0,0.0,0.0,1.1891662,0.0,0.0,0.0,0.0,4.5302553,0.0,9.6501255,0.0,0.0,1.1860442,8.165217,2.751773,0.0,0.0,0.0,0.0,0.0,0.2392416,6.359624,0.0,0.0,0.0,0.0,0.0,0.0,0.0,0.0,0.0,0.0,0.7820958,0.0,0.0,0.0,0.0,0.0,0.0,0.0,0.0,0.0,0.0,0.0,0.0,0.0,0.0,0.0,0.0,0.0,0.0,0.0,0.0,3.0368483,0.0,0.0,0.0,0.0,0.0,0.0,0.0,2.2317548,0.4714903,0.0,0.0,3.104579,0.0,0.0,0.0,0.0,0.0,0.0,0.0,0.0,0.0,0.0,0.0,0.0,0.0
0.0,0.0,0.0,0.0,0.0,0.0,0.0,0.0,0.0,0.0,0.0,0.0,2.8280804,0.0,0.0,2.0708299,0.0,3.1842592,0.0,0.0,0.0,0.0,0.0,0.43944627,0.0,0.0,0.0,0.0,0.0,0.0,0.0,0.0,7.9559865,0.0,0.0,0.0,0.0,0.0,0.0,0.0,0.0,0.0,0.0,1.0325422,0.0,0.0,0.0,0.0,0.0,0.0,0.0,0.0,0.0,0.0,0.0,0.0,1.4974382,0.14509305,0.0,0.0,0.0,1.4646937,0.0,0.0,0.0,0.0,0.0,3.0459933,0.0,5.6525793,0.7233674,0.79189473,0.0,0.0,0.0,0.0,9.502334,0.0,0.0,0.0,7.5064316,0.0,0.0,0.0,0.0,0.0,0.0,0.0,0.0,0.0,0.0,0.28505233,0.0,0.0,0.0,0.0,0.0,0.0,0.0,0.0,0.0,0.0,0.0,0.0,0.0,0.0,0.0,3.423418,0.0,0.0,0.0,0.0,0.0,0.0,0.0,3.53187,0.0,0.0,0.0,0.0,0.0,0.0,0.0,0.0,0.0,0.0,0.0,0.0
0.0,0.0,0.0,0.0,0.0,8.664814,0.0,0.0,0.0,0.0,0.0,0.0,2.4044685,0.0,0.0,0.33242214,0.0,13.706656,0.0,11.430421,0.0,0.0,0.0,8.207624,0.0,0.0,0.0,0.0,0.0,0.0,0.0,0.0,10.398786,0.0,0.0,1.4379675,0.0,0.0,0.0,0.0,0.0,0.0,0.0,0.3692796,0.0,0.0,0.0,2.0441198,0.0,0.0,0.0,0.0,0.0,0.0,0.0,0.0,13.928259,0.0,0.0,0.0,0.0,8.234444,0.0,1.0953798,0.0,0.0,0.0,0.0,0.0,7.4448333,6.7050295,0.0,0.0,0.0,0.0,0.0,0.14570652,0.0,0.0,0.0,0.0,5.670359,0.0,10.464023,0.0,0.0,0.0,0.0,0.0,0.0,0.0,0.0,0.0,0.0,0.0,0.0,0.0,0.0,0.0,0.0,0.0,0.0,5.421174,0.0,3.5068758,0.0,0.0,0.0,0.0,0.0,5.731927,0.0,1.5273283,0.0,0.0,1.505833,0.0,0.0,0.0,0.0,4.85761,0.0,0.0,0.0,0.0,0.0,0.0,0.0
0.0,11.311859,0.0,9.280483,0.0,0.0,0.0,0.0,0.0,0.0,0.0,4.6534166,0.0,0.0,0.0,0.0,0.0,2.1952744,2.3905773,11.221138,0.0,0.0,0.0,2.4400637,0.0,0.0,0.0,0.0,0.87201947,0.0,0.0,0.0,0.0,3.596048,0.0,9.451864,0.0,0.0,1.841494,5.5352955,0.0,0.0,0.0,0.0,0.0,0.0,3.091234,0.0,2.9707098,0.0,0.0,3.839146,0.0,0.0,0.0,0.0,5.45609,0.0,8.72334,0.0,0.0,0.0,4.6643944,0.0,0.0,0.0,0.0,0.0,0.0,0.0,3.4476123,0.0,0.0,0.0,0.0,0.0,0.0,0.0,0.0,0.0,0.0,0.0,0.0,3.9658573,0.0,0.0,0.0,0.0,0.0,0.0,0.0,0.0,0.0,0.0,0.0,0.0,0.0,0.0,0.6587424,0.0,0.0,0.0,10.809675,0.0,0.0,0.0,0.0,0.0,0.0,0.0,11.958732,0.0,0.0,0.0,0.9341959,4.729106,0.0,0.0,0.0,0.0,0.0,0.0,0.0,0.0,0.0,0.0,0.0,0.0
0.0,0.0,0.0,12.811045,0.0,0.0,0.0,0.0,0.0,0.0,0.19311476,7.4560776,0.0,0.0,0.0,0.023393016,0.0,0.0,0.0,0.0968875,0.0,0.0,0.0,1.0292474,0.0,0.0,0.0,0.0,0.0,0.0,0.0,0.0,1.2528006,4.221232,1.1830788,0.0,0.0,0.0,4.819271,0.0,0.0,0.0,0.0,0.0,0.0,0.0,0.0,0.0,0.0,0.0,0.0,7.070295,0.0,0.0,0.0,0.0,0.0,0.6685037,5.6352406,0.0,0.0,0.059063714,0.0,0.12738195,0.0,0.0,0.0,0.0,0.0,10.696979,6.1835136,0.0,0.0,0.0,7.838595,0.0,0.0,0.0,0.0,0.0,0.0,0.0,0.0,0.0,0.0,0.0,0.0,3.5807025,0.0,0.0,0.0,8.70209,0.0,0.0,0.0,0.0,0.0,0.0,0.0,0.0,0.0,0.0,5.779715,0.0,3.0290718,0.0,0.0,0.0,0.0,0.0,0.0,5.307606,0.0,0.0,8.671494,3.8269114,0.0,0.0,0.0,0.0,0.0,0.0,0.0,0.0,0.0,0.0,0.4819552,0.0
0.0,0.0,0.0,5.082264,0.0,0.0,1.5483707,0.0,0.0,0.0,0.0,13.908144,2.474441,0.0,0.0,7.5228753,0.0,0.0,0.0,0.0,0.0,0.0,4.6079645,0.0,0.0,0.0,0.0,0.0,0.0,0.0,0.0,0.0,0.0,0.0,0.0,14.66448,0.0,0.0,8.108238,0.0,0.0,0.0,0.0,0.0,0.0,0.0,0.0,0.0,0.0,0.0,0.0,0.0,0.0,0.0,0.0,0.0,5.097254,8.462073,0.0,0.0,0.0,0.065289125,1.5080801,0.0,0.0,0.0,0.0,0.0,0.0,0.0,0.0,0.0,0.0,0.0,9.00136,0.0,0.0,0.0,0.0,0.0,0.0,0.0,0.0,11.504464,0.0,0.0,0.0,0.0,0.0,0.0,0.0,0.0,0.0,0.0,0.0,0.0,0.0,0.0,0.0,0.0,0.0,0.0,11.419335,0.0,0.0,0.0,0.0,0.0,0.0,0.0,0.0,1.3868905,0.0,0.0,0.0,0.0,0.0,0.0,0.0,0.0,0.0,0.0,0.0,0.0,0.0,9.318407,0.0,0.0
0.0,0.0,0.7850595,6.6020446,0.0,0.0,0.0,0.0,0.0,0.0,0.0,0.0,0.0,0.0,0.0,0.0,0.0,1.249825,5.853724,0.0,0.0,0.0,0.0,5.1074653,0.0,0.0,1.3409882,0.0,0.0,0.0,0.0,0.0,0.0,0.0,0.51218075,0.0,0.0,0.0,4.2087173,0.0,0.0,0.0,0.0,0.0,0.0,0.0,0.0,0.0,8.197249,0.0,9.814403,0.8748735,0.0,0.0,0.0,0.0,8.732422,0.0,4.199892,0.0,0.0,5.9553,7.0257897,8.147303,0.0,0.0,0.0,0.14833674,0.0,0.0,8.489636,0.0,0.0,0.0,3.8939912,0.0,0.0,0.0,0.0,0.0,4.9311934,1.1452748,0.0,0.0,0.0,0.0,0.0,0.0,0.0,0.0,0.0,1.1952077,0.0,3.0683103,0.0,0.0,0.0,0.0,0.0,0.0,0.0,0.0,0.0,0.0,3.2942157,0.0,2.311072,0.0,0.0,0.0,1.0990742,3.6178486,7.2368894,4.9862976,0.0,0.0,0.0,0.0,0.0,0.0,0.0,0.0,0.0,0.0,0.0,0.0,0.0,0.0
0.0,0.0,0.0,0.0,0.0,0.0,0.0,0.0,0.0,0.0,0.0,0.0,6.2334924,0.0,0.0,6.149893,0.0,0.0,0.0,0.0,0.0,0.0,0.0,0.0,0.0,0.0,1.0571644,0.0,0.0,0.0,0.0,0.0,4.8996115,0.0,0.0,0.0,0.0,0.0,0.0,0.0,0.0,0.0,0.0,0.0,0.0,0.0,0.0,0.0,0.0,0.0,0.0,0.44960645,0.0,0.0,0.0,0.0,1.0343441,0.8753055,0.0,0.0,0.0,0.0,0.0,0.0,0.0,0.0,0.0,3.9834094,0.0,3.3317022,2.2820013,1.8226415,0.0,0.0,0.0,0.0,10.909621,0.0,0.0,0.0,7.640859,0.0,0.0,0.0,0.0,0.0,0.0,0.0,0.0,0.0,0.0,1.9680395,0.0,0.0,0.0,0.0,0.0,0.0,0.0,0.0,0.0,0.0,0.0,0.0,0.0,0.0,0.0,6.603938,0.0,0.0,0.0,0.0,0.0,0.0,0.0,5.168088,0.0,0.0,0.0,0.0,0.0,0.0,0.0,0.0,0.035815395,3.7637143,0.0,0.0
0.0,0.0,0.0,2.3490663,0.0,0.0,1.7590626,0.0,0.0,0.0,5.2641597,3.752361,1.9697917,0.0,0.0,0.0,0.0,0.0,0.0,0.0,0.0,0.0,0.0,5.147901,0.0,0.0,4.444708,0.0,0.0,0.0,0.0,0.0,0.0,1.7572709,1.9690896,0.0,0.0,0.0,2.0902858,0.0,0.0,0.0,0.0,0.0,0.0,0.0,0.0,0.0,0.0,0.0,4.7214723,9.669352,0.0,0.0,0.0,0.0,0.0,7.894543,4.3385453,0.0,0.0,0.0,0.0,0.0,0.0,0.0,0.0,1.4121374,0.0,3.3690913,1.4531498,0.0,0.87810755,0.0,0.0,0.0,0.0,0.0,0.0,0.0,0.0,0.0,0.0,0.0,0.0,0.0,0.0,0.0,0.0,0.0,0.0,0.8847165,0.0,0.0,0.0,0.0,0.0,0.0,0.0,0.0,0.0,0.0,0.0,1.3899224,4.165043,0.0,0.0,0.0,0.0,0.0,0.0,0.0,0.0,0.0,0.433565,0.0,0.0,0.0,0.0,0.0,0.0,0.0,0.0,0.0,0.0,0.0,0.0,0.8268821
0.0,0.0,0.0,0.0,0.0,0.0,7.477781,0.0,0.0,0.0,0.0,0.0,0.0,0.0,0.0,0.0,0.0,9.304437,8.863318,0.0,0.0,0.0,0.0,6.6751137,0.0,0.0,2.2528028,0.0,4.8671017,0.0,0.0,0.0,0.0,0.0,3.289645,0.8436849,3.1704519,0.0,0.0,0.0,0.0,0.0,0.0,0.0,0.0,0.0,1.080796,0.0,7.970453,0.0,2.5959578,4.241591,0.0,0.0,0.0,0.0,4.7224355,3.3914816,0.0,0.0,0.0,0.0,3.5339196,0.3057593,1.4741236,0.0,0.0,0.0,0.0,0.0,5.433469,0.0,0.0,0.0,0.0,0.0,0.0,0.0,0.0,0.0,0.0,3.861556,0.0,2.509848,0.0,0.0,0.0,0.0,0.0,0.0,0.0,0.0,0.0,0.0,0.0,0.0,0.0,0.0,0.0,0.0,0.0,0.0,0.0,1.1496128,2.4900038,0.0,4.3816924,0.0,0.0,0.0,4.286436,0.0,4.689753,0.0,0.0,1.7572469,0.0,0.0,0.0,0.0,0.0,0.0,0.0,0.0,0.0,0.0,0.0,2.6270704
0.0,0.0,1.9030722,0.0,2.837182,0.0,0.0,0.0,0.0,0.0,2.2200367,1.1520053,0.9428757,0.0,0.0,0.0,0.0,3.4204028,1.1010838,0.0,0.0,0.0,0.0,1.1501302,0.0,0.0,0.0,0.0,1.0994562,0.0,0.0,0.0,0.0,0.0,4.1358223,1.0584182,0.0,0.0,0.0,0.0,0.0,0.0,0.0,0.0,0.9283266,0.0,0.0,0.0,0.0,0.0,7.1096215,6.6413608,0.0,0.0,0.0,0.0,0.0,0.0,2.0530624,0.0,0.0,0.5828175,5.1491976,4.1789465,0.0,0.0,0.0,0.0,0.0,0.65918297,7.48733,0.0,0.0,0.0,3.8865585,0.0,0.0,0.0,0.0,0.0,5.571178,0.59897286,0.0,0.0,0.0,0.0,0.0,5.761173,0.0,0.0,0.0,0.0,0.0,2.9660285,0.0,0.0,0.0,0.0,0.0,0.0,0.0,0.0,0.0,0.0,1.0107726,0.0,0.0,0.0,0.0,0.0,0.0,1.7059585,1.8055022,7.578094,1.9485874,0.0,0.0,0.0,0.0,0.0,0.0,0.0,0.0,0.0,0.8429381,0.0,0.0,0.0
0.0,0.0,0.0,0.0,0.0,0.0,1.6168181,0.0,0.0,0.0,0.0,0.0,1.578263,0.0,0.0,1.8954252,0.0,5.1537056,0.0,0.0,0.0,0.0,0.0,0.0,0.0,0.0,0.0,0.0,0.62579376,0.0,0.0,0.0,3.310831,0.0,4.303954,0.0,0.0,0.0,0.0,0.22440419,2.3404028,0.0,0.0,1.496432,0.0,0.0,0.0,0.0,0.0,0.0,0.0,6.063138,0.0,0.0,0.0,0.0,0.42912024,0.0,0.0,0.0,0.0,0.0,0.0,0.0,0.0,0.0,0.0,1.4891914,0.0,3.8004096,3.5937822,0.0,0.0,0.0,0.0,0.0,9.823868,0.0,0.0,0.0,6.5956907,0.0,0.0,0.0,0.0,0.0,0.0,0.0,0.0,0.0,0.0,0.0,0.0,0.0,0.0,0.0,0.0,0.0,0.0,0.0,0.0,0.0,0.0,0.081812054,0.0,0.0,0.0,0.0,0.0,0.0,2.8972118,0.0,0.0,0.58030087,2.32414,1.0046505,0.0,0.0,0.0,0.0,0.0,0.0,0.0,0.0,7.1001396,0.0,0.0,0.0
0.0,0.0,0.0,0.0,0.0,0.0,5.695353,0.0,0.0,0.0,3.9683714,0.0,0.0,0.0,0.0,0.0,0.0,3.20674,5.216628,0.0,0.0,0.0,0.0,1.5894917,0.0,0.0,0.8206139,0.0,6.3721466,0.0,0.0,0.0,0.0,0.0,7.6035137,0.0,0.0,0.0,0.0,0.0,0.0,0.0,0.0,0.0,0.0,0.0,0.0,0.0,3.9090436,0.0,1.3776728,10.55726,0.0,0.0,0.0,0.0,0.0,4.7132277,2.7317688,0.0,0.0,0.0,6.0310874,2.1371386,0.0,0.0,0.0,4.1269007,0.0,0.038962305,3.271237,0.0,0.0,0.0,0.0,0.0,2.8838708,0.0,0.0,0.0,0.47781754,0.0,0.0,0.0,0.0,0.0,0.0,0.0,0.0,0.0,0.0,0.0,0.0,4.8024907,0.0,0.0,0.0,0.0,0.0,0.0,0.0,0.0,0.0,0.0,0.8097553,0.0,0.0,0.0,0.0,0.0,1.3157545,0.0,0.022961736,6.8721933,5.3717313,0.0,0.0,0.0,0.0,0.0,0.0,0.0,0.0,0.0,3.3813176,0.0,0.0,1.0033797
0.0,0.0,0.0,0.0,0.0,0.0,0.0,0.0,0.0,0.0,11.015421,2.2613127,6.4014063,0.0,0.0,0.753478,0.0,0.0,5.955171,0.0,0.0,0.0,0.0,1.9341526,0.0,0.0,4.4725094,0.0,14.836482,0.0,0.0,0.0,0.0,0.0,3.636875,0.0,0.0,0.0,0.0,0.0,0.0,0.0,0.0,0.0,0.0,0.0,0.0,0.0,0.0,0.0,11.619137,0.0,0.0,0.0,0.0,0.0,0.0,3.6317,2.3497846,0.0,0.0,0.0,0.0,0.0,0.0,0.0,0.0,6.91408,0.0,5.9215465,0.0,3.101894,0.0,0.0,0.0,0.0,0.0,0.0,0.0,0.0,6.3384223,0.0,0.0,4.8229876,0.0,6.4938164,0.0,0.0,0.0,0.0,0.0,0.0,0.0,0.0,0.0,0.0,0.0,0.0,0.0,0.0,0.0,0.0,0.0,0.0,0.75346106,0.0,0.0,0.0,0.0,9.473973,0.0,0.0,0.0,0.0,0.0,4.7356377,0.0,0.0,0.0,0.0,0.0,0.0,0.0,0.0,9.480968,0.0,0.0,7.007045
0.0,0.0,0.0,0.3975055,0.0,0.0,5.283322,0.0,0.0,0.0,0.0,4.049359,0.0,0.0,0.0,7.0226426,0.0,0.0,0.0,3.0912266,0.0,0.0,7.5388765,6.083111,0.0,0.0,8.357623,0.0,0.0,0.0,0.0,0.0,0.0,0.0,0.0,0.0,0.0,0.0,0.0,0.0,0.0,0.0,0.0,0.0,0.0,0.0,0.0,0.0,0.0,0.0,0.0,0.6080439,0.0,0.0,0.0,0.0,0.0,6.98263,4.7688746,0.0,0.0,0.0,0.0,0.0,0.0,0.0,0.0,0.15865971,0.0,7.4140177,0.0,0.0,0.0,0.0,0.0,0.0,0.0,0.0,0.0,0.0,0.0,0.0,0.0,0.0,0.0,1.2225839,0.0,0.0,0.0,0.0,0.0,0.0,0.0,0.0,0.0,0.0,0.0,0.0,1.9666635,0.0,0.0,0.0,1.0730127,4.7281733,3.0563183,0.0,0.0,0.0,0.0,0.0,0.0,0.0,0.0,0.0,5.426955,1.3510065,0.0,0.0,1.2696793,0.0,0.0,0.0,0.0,0.0,0.0,1.3270547,0.0,0.99880314
0.0,0.0,1.0795592,0.0,0.0,0.0,6.4161544,0.0,0.0,0.0,1.2119403,0.0,0.0,0.0,0.0,0.0,0.0,2.0291274,1.4417843,1.1371933,0.0,0.0,0.0,3.1404548,0.0,0.0,0.21619514,0.0,1.8539307,0.0,0.0,0.0,0.0,0.0,6.157826,0.0,0.0,0.0,0.0,0.0,0.0,0.0,0.0,0.0,0.0,0.0,0.0,0.0,2.5464406,0.0,0.0,10.2079315,0.0,0.0,0.0,0.0,0.0,0.0,0.0,0.0,0.0,0.0,3.5937884,0.20671137,0.0,0.0,0.0,0.8075434,0.0,2.2933106,4.2278795,0.0,0.0,0.0,0.0,0.0,5.355142,0.0,0.0,0.0,2.0935094,0.0,0.0,0.0,0.0,0.0,0.0,0.0,0.0,0.0,0.0,0.0,0.0,0.0,0.0,0.0,0.0,0.0,0.0,0.0,0.0,0.0,0.0,2.7180598,0.0,0.0,0.0,0.0,0.0,0.0,5.471554,0.0,0.6722202,5.6929827,1.6973495,0.0,0.0,0.0,0.0,0.0,0.0,0.0,0.0,0.0,4.2259054,0.0,2.5174277,0.0
0.0,0.0,0.0,11.05608,0.0,0.0,0.0,0.0,0.0,0.0,0.0,2.6723053,0.0,0.0,0.0,0.0,0.0,0.0,3.697895,4.6367397,0.0,0.0,8.036294,9.766839,0.0,0.0,0.0,0.0,0.0,0.0051313527,0.0,0.0,2.6097956,4.3212833,0.0,0.0,0.0,0.0,6.1484947,0.0,0.0,0.0,0.0,0.0,0.0,0.0,0.0,0.0,0.0,0.0,0.0,0.0,0.0,0.0,0.0,0.0,0.0,0.0,12.553632,0.0,0.0,2.6920576,0.0,0.0,0.0,0.0,0.0,0.0,0.0,11.027134,0.6995107,0.0,0.0,0.0,1.1395528,0.0,0.0,0.0,0.0,0.0,0.0,0.0,0.0,0.0,0.0,4.644315,0.0,0.0,0.0,0.0,0.0,3.0589302,0.0,0.0,0.0,0.0,0.0,0.0,0.60806334,0.0,0.0,0.0,10.363785,0.0,1.4804599,0.0,1.7287438,0.0,0.0,0.0,0.0,0.0,0.0,0.0,4.6431026,5.3262644,0.0,0.0,0.0,0.0,0.0,0.0,3.4031255,0.0,0.0,4.9045386,0.0,0.0
0.0,0.0,0.0,9.640738,0.0,0.0,0.0,0.0,0.0,0.0,0.0,12.728715,1.1691785,0.0,0.0,0.0,0.0,0.51231,3.394698,0.0,0.0,0.0,0.0,6.283745,0.0,0.0,0.0,0.0,1.1195128,0.0,0.0,0.0,0.66615784,0.0,0.0,0.0,0.0,0.0,0.0,0.0,0.0,0.0,0.0,0.0,0.0,0.0,0.0,0.0,0.0,0.0,1.5997881,4.4865904,0.0,0.0,0.0,0.0,0.0,0.0,5.077145,0.0,0.0,0.0,2.4145236,0.45766017,0.0,0.0,0.0,2.9478757,0.0,6.1069593,7.768314,0.0,0.0,0.0,3.4124677,0.0,0.0,0.0,0.0,0.5294724,1.5864263,12.304829,0.0,0.6591518,0.0,0.0,0.0,5.3684335,0.0,0.0,0.0,0.0,0.0,0.0,0.0,0.0,0.0,0.0,0.0,0.0,0.0,0.0,0.1918482,0.7839023,2.5402057,0.0,0.0,0.0,0.0,0.0,0.0,0.0,0.0,0.0,0.0,1.7736514,0.0,0.0,0.0,0.0,0.0,0.0,0.14105214,0.0,0.0,0.0,0.0,0.40718025
0.0,0.0,0.0,8.389847,0.0,0.0,0.0,0.0,0.0,0.0,0.0,0.0,0.0,0.0,0.0,0.0,0.0,1.1381556,12.601008,0.0,0.0,0.0,3.1453671,3.520963,0.0,0.0,0.5311122,0.0,0.0,0.0,0.0,0.0,0.0,0.0,0.30420807,0.0,0.45813736,0.0,4.573476,0.0,0.0,0.0,0.0,0.0,0.0,0.0,0.0,0.7642361,8.4828,0.0,4.5386376,3.744003,0.0,0.0,0.0,0.0,0.0,7.058736,8.401571,0.0,0.0,1.7941711,1.1441411,5.2929926,0.0,0.0,0.0,0.0,0.0,0.0,0.21162023,0.0,0.0,0.0,8.188709,0.0,0.0,0.0,0.0,0.0,0.0,0.0,0.0,0.0,0.0,0.32698604,0.0,0.0,0.0,0.0,0.0,3.6677248,0.0,0.0,0.0,0.0,0.0,0.0,0.92247325,0.0,0.0,0.0,2.8153148,0.0,6.73472,0.0,8.175915,0.0,0.0,0.0,0.0,0.0,0.0,1.3368164,9.30869,1.074032,0.0,0.0,0.0,3.8630326,0.0,0.0,0.0,0.0,0.116501704,0.0,0.0,5.2471333
0.0,0.0,0.0,0.0,0.0,0.0,0.0,0.0,0.0,0.0,0.0,0.0,0.0,0.0,0.0,0.0,0.0,8.62958,3.8505056,0.0,0.0,0.0,0.0,1.5504382,0.0,0.0,1.4096559,0.0,0.0,0.0,0.0,0.0,4.3607197,0.0,2.3774786,0.0,0.0,0.0,0.0,0.0,0.0,0.0,0.0,0.0,0.0,0.0,0.0,0.0,1.272536,0.0,0.0,2.8676848,0.0,0.0,0.0,0.0,5.040949,0.0,0.0,0.0,0.0,0.0,0.0,0.0,0.0,0.0,0.0,0.0,0.0,6.0197163,9.781464,2.3475447,0.0,0.0,0.0,0.0,9.007766,0.0,0.0,0.0,6.1082907,0.6545994,0.0,0.0,0.0,0.0,0.0,2.0634065,0.0,0.0,0.0,0.0,0.0,4.725341,0.0,0.0,0.0,0.0,0.0,0.0,0.0,0.0,0.0,2.8392622,0.0,0.0,0.0,0.0,0.0,0.0,6.415092,0.0,0.0,6.8432517,0.0,0.18269774,0.0,0.0,0.0,0.0,0.0,0.0,0.0,0.0,0.0,0.0,0.0,0.0
0.0,0.0,0.0,0.0,0.0,0.0,5.512937,0.0,0.0,0.0,5.224561,1.446388,0.0,0.0,0.0,0.0,0.0,0.0,0.0,0.5681975,0.0,0.0,0.0,6.3285203,0.0,0.0,7.8234305,0.0,0.0,4.352009,0.0,0.0,0.0,0.0,0.0,0.0,0.0,0.0,0.0,0.0,0.0,0.0,0.0,0.0,0.0,0.0,0.0,0.0,0.0,0.0,0.0,5.0109854,0.0,0.0,0.0,0.0,0.0,0.35454872,0.0,0.0,0.0,0.0,0.0,0.023692494,0.0,0.0,0.0,1.8495089,0.0,17.489813,3.9104717,0.0,0.0,0.0,0.0,0.0,5.3015165,0.0,0.0,0.0,2.072959,0.0,0.0,0.0,0.0,0.2801735,0.0,0.0,0.0,0.0,0.0,0.0,0.0,0.0,0.0,0.0,0.0,0.0,0.0,0.0,0.0,0.0,0.0,0.8294576,5.954707,0.0,0.0,0.0,0.0,0.0,0.0,0.0,0.0,1.4824898,0.0,3.5688014,0.0,0.0,0.0,4.499085,0.0,0.0,0.0,0.0,0.0,0.0,5.1085877,0.0
0.0,0.0,0.0,0.0,0.0,0.0,3.960122,0.0,0.0,0.0,1.1038544,6.3274736,0.0,0.0,0.0,5.6486497,0.0,0.0,8.476184,0.0,0.0,0.0,10.514744,0.0,0.0,0.0,0.0,0.0,0.0,0.0,0.0,0.0,4.142249,0.0,0.0,0.0,0.0,0.0,1.1242431,0.0,0.0,0.0,0.0,0.0,0.0,0.0,0.0,0.0,0.0,0.0,0.0,0.0,0.0,0.0,0.0,0.0,0.0,6.1391144,14.729293,0.0,0.0,3.0256653,0.0,0.0,0.0,0.0,0.0,0.0,0.0,8.503619,0.0,0.0,0.0,0.0,7.3064117,0.0,0.0,0.0,0.0,0.0,0.0,0.0,0.0,0.64701575,0.0,3.9938478,0.0,0.0,0.0,0.0,0.0,0.0,0.0,0.0,0.0,0.0,0.0,0.0,3.593937,0.0,0.0,0.0,19.304941,0.0,6.6417856,0.0,0.0,0.0,0.0,0.0,0.0,0.0,0.0,0.0,0.0,0.0,0.0,0.0,0.0,0.0,0.0,0.0,3.8168924,0.0,0.0,0.0,0.0,0.0
0.0,0.0,0.0,0.0,0.0,0.0,2.0055299,0.0,0.0,0.0,10.940142,8.592428,0.0,0.0,0.0,0.0,0.0,0.0,0.0,0.0,0.0,0.0,0.0,0.0,0.0,0.0,0.0,0.0,3.1402676,0.0,0.0,0.0,0.9397779,1.622657,0.0,1.4215052,0.0,0.0,0.0,5.2690234,0.0,0.0,0.0,0.0,0.0,0.0,0.0,0.0,0.0,0.0,5.1405034,15.090223,0.0,0.0,0.0,0.0,0.0,2.5843499,20.353592,0.0,0.0,0.0,12.550644,4.5767384,0.0,0.0,0.0,0.7732672,0.0,0.0,4.0678697,0.0,0.0,0.0,0.0,0.0,0.0,0.0,0.0,0.0,0.0,0.0,0.0,0.0,0.0,0.0,0.0,0.0,0.0,0.0,0.0,0.0,0.0,0.0,0.0,0.0,0.0,0.0,0.0,0.0,0.0,0.0,0.3427663,0.0,0.0,0.0,0.0,0.0,0.0,0.0,0.0,1.7588521,0.0,0.0,2.5208178,0.0,0.0,0.0,0.0,0.0,0.0,0.0,0.0,0.0,0.15760523,0.0,0.0,0.0
0.0,10.386397,0.0,3.0637126,0.0,0.0,5.002336,0.0,0.0,0.0,0.0,0.0,0.0,0.0,0.0,11.345338,0.0,2.198503,7.834445,14.075737,0.0,0.0,0.0,0.0,0.0,0.0,0.0,0.0,0.0,0.0,0.0,0.0,0.0,0.0,0.49639577,3.8420773,0.0,0.0,0.0,5.7782073,0.0,0.0,0.0,4.4194517,0.0,0.0,0.0,0.0,0.0,0.0,0.0,1.6434368,0.0,0.0,0.0,0.0,2.2821968,0.0,0.0,0.0,0.0,0.0,0.0,0.0,0.0,0.0,0.0,0.0,0.0,14.5020485,3.3796318,0.0,0.0,0.0,0.0,0.0,8.243405,0.0,0.0,0.0,0.6260372,0.0,0.0,0.0,0.0,0.0,0.0,0.0,0.0,0.0,0.0,0.0,0.0,0.0,0.0,0.0,0.0,0.0,0.20072332,0.0,0.0,0.0,11.118581,4.221939,0.0,0.0,0.0,0.0,0.0,0.0,14.429885,0.0,0.0,0.0,6.062378,4.389779,0.0,0.0,0.0,9.08348,0.0,0.0,0.0,0.0,5.1943173,0.0,0.0,0.0
0.0,0.0,0.0,0.0,0.0,0.0,7.0899053,0.0,0.0,0.0,3.49592,0.0,0.0,0.0,0.0,0.0,0.0,3.9926393,4.1475677,0.0,0.0,0.0,0.0,2.9210806,0.0,0.0,3.6466355,0.0,7.2817373,0.0,0.0,0.0,0.0,0.0,9.590973,0.0,0.0,0.0,0.0,0.0,0.0,0.0,0.0,0.0,0.0,0.0,0.0,0.0,4.028148,0.0,3.8015485,6.302583,0.0,0.0,0.0,0.0,0.0,2.0530186,1.9796389,0.0,0.0,0.0,6.2209706,1.2386383,0.0,0.0,0.0,3.544592,0.0,2.2365296,4.6384387,0.0,1.1909658,0.0,0.0,0.0,1.884436,0.0,0.0,0.0,0.0,1.3227234,0.0,0.0,0.0,0.0,0.0,0.0,0.0,0.0,0.0,0.0,0.0,6.233365,0.0,0.0,0.0,0.0,0.0,0.0,0.0,0.0,0.0,0.36708963,2.8765416,0.0,0.0,0.0,0.0,0.0,5.3141766,0.0,3.9270332,8.131235,0.0,0.0,0.0,0.0,0.0,0.0,0.0,0.0,0.0,0.0,0.57157445,0.0,0.38234493,0.0
0.0,0.0,0.0,0.0,0.0,0.0,1.8030558,0.0,0.0,0.0,7.8219676,1.453422,7.839298,0.0,0.0,2.3951015,0.0,0.0,0.0,0.0,0.0,0.0,2.6154847,3.069971,0.0,0.0,5.199345,0.0,0.8014257,0.0,0.0,0.0,0.0,0.0,5.945073,0.0,0.0,0.0,5.6098204,0.0,0.0,0.0,0.0,0.0,0.0,0.0,0.0,0.0,0.0,0.0,14.198463,0.69614196,0.0,0.0,0.0,0.0,0.0,12.84794,3.913853,0.0,0.0,2.8542848,0.0,0.0,5.4233623,0.0,0.0,6.1334934,0.0,2.8501654,0.0,0.0,8.166829,0.0,9.156244,0.0,0.0,0.0,0.0,0.0,0.0,0.0,0.0,0.91290647,0.0,0.0,0.0,4.2757688,0.0,0.0,0.0,1.4194463,0.0,0.0,0.0,0.0,0.0,0.0,1.0166547,0.0,0.0,0.0,0.0,5.1261015,11.067454,0.0,0.0,0.0,0.0,0.0,0.0,7.905926,2.0418832,0.0,3.0609152,2.1089423,0.0,0.0,2.8690183,0.0,5.6989055,0.0,0.0,0.0,1.9736729,0.0,0.0,5.450606
0.0,0.0,0.0,0.049275193,0.0,0.0,4.342566,0.0,0.0,0.0,6.1595793,0.98715,4.870889,0.0,0.0,0.0,0.0,0.0,0.0,0.0,0.0,0.0,0.0,0.5688023,0.0,0.0,4.8113627,0.0,0.0,0.0,0.0,0.0,0.0,0.0,5.2718353,0.0,0.0,0.0,0.7477874,0.0,0.0,0.0,0.0,0.0,0.0,2.8061838,0.0,0.0,1.964372,0.0,3.0129564,11.750523,0.0,0.0,0.0,0.0,0.0,11.844011,1.2481258,0.0,0.0,0.0,4.349806,0.0,0.0,0.0,0.0,2.9371932,0.0,0.0,0.0,0.0,0.26629034,0.0,1.397859,0.0,0.0,0.0,0.0,0.0,0.0,0.0,0.0,0.0,0.0,0.0,0.0,0.0,0.0,0.0,0.0,1.3809366,0.0,1.223499,0.0,0.0,0.0,0.0,0.0,0.0,0.0,0.0,0.0,2.4039936,2.1146524,0.0,0.0,0.0,0.0,0.0,2.581244,0.0,6.4456277,4.4176435,4.2292004,0.0,0.0,0.0,0.0,0.0,0.0,0.0,0.0,0.0,0.0,0.0,0.0,0.0
0.0,0.0,1.6881406,6.171632,0.0,0.0,6.4660907,0.0,0.0,0.0,0.0,1.8017224,0.0,0.0,0.0,0.3096554,0.0,0.0,0.03408634,1.9817069,0.0,0.0,0.0,2.0356758,0.0,0.0,0.0,0.0,1.7262156,0.0,0.0,0.0,0.0,1.8883623,3.4778237,0.0,0.0,0.0,1.92405,0.0,0.0,0.0,0.0,0.0,0.0,0.0,0.0,0.0,1.6600361,0.0,0.0,7.931605,0.0,0.0,0.0,0.0,0.0,1.774454,5.641268,0.0,0.0,0.0,3.2240946,0.020543018,0.0,0.0,0.0,0.0,0.0,1.0007112,0.0,0.0,0.0,0.0,0.4324913,0.0,0.0,0.0,0.0,0.0,0.0,0.0,0.0,0.0,0.0,1.4158301,0.0,0.0,0.0,0.0,0.0,1.5764946,0.0,0.0,0.0,0.0,0.0,0.0,0.0,0.0,0.0,0.0,0.0,0.0,0.0073195174,0.0,0.0,0.0,0.0,0.0,0.0,0.0,0.0,0.0,6.6066914,0.0,0.0,0.0,0.0,0.0,0.0,0.0,0.0,0.0,4.8463073,0.15631646,0.0,0.0
0.0,1.3382539,0.0,0.0,0.0,0.0,6.173848,0.0,0.0,0.0,3.508841,0.0,0.0,0.0,0.0,0.0,0.0,2.0781877,2.582924,1.1680261,0.0,0.0,0.0,0.0,0.0,0.0,0.98713845,0.0,3.792395,0.31174958,0.0,0.0,0.0,0.0,6.286352,0.72479904,1.0048164,0.0,0.0,3.20984,0.0,0.0,0.0,0.0,0.0,0.0,0.0,0.0,4.0025187,0.0,0.0,4.7902446,0.0,0.0,0.0,0.0,1.369069,0.0,0.0,0.0,0.0,0.0,2.789305,0.0,0.0,0.0,0.0,0.0,0.0,0.32484254,4.2808785,0.0,0.0,0.0,0.0,0.0,2.5911741,0.0,0.0,0.0,2.1518188,0.0,0.0,0.0,0.0,0.0,0.0,0.0,0.0,0.0,0.0,0.0,0.0,0.0,0.0,0.0,0.0,0.0,4.3631034,0.0,0.0,0.0,0.0,4.5076017,0.0,0.0,0.0,0.0,0.0,0.0,4.7951827,0.0,2.396249,6.249735,0.0,0.0,0.0,0.0,0.0,0.0,0.0,0.0,0.0,0.0,4.2803717,0.0,0.68169814,0.0
0.0,0.0,0.0,0.6862563,0.0,0.0,0.0,0.0,0.0,0.0,0.0,0.0,2.7219713,0.0,0.0,0.0,0.0,1.4691546,1.0363573,0.0,0.0,0.0,0.0,3.7089639,0.0,0.0,0.0,0.0,0.0,0.0,0.0,2.1902049,3.0775025,0.0,0.0,0.0,0.0,0.0,0.0,0.0,0.0,0.0,0.0,0.0,0.0,0.9075955,0.0,0.0,0.42253497,0.0,0.3327747,4.9125834,0.0,0.0,0.0,0.0,2.2723525,6.148216,0.0,0.0,0.0,0.40361136,0.0,0.0,0.0,0.0,0.0,0.0,0.0,0.0,0.0,0.0,0.0,0.0,0.0,0.0,6.3963633,0.0,0.0,0.0,5.9405746,0.0,0.0,0.0,0.0,0.0,0.0,0.0,0.0,0.0,0.0,0.0,0.0,4.120553,0.0,0.0,0.0,0.0,0.0,0.0,0.0,0.0,0.0,0.4405662,0.0,0.0,0.0,0.0,0.0,0.0,7.8387275,0.0,4.723812,4.276209,0.39702642,0.0,0.0,0.0,0.0,0.0,0.0,0.0,0.0,0.0,2.0249333,0.0,0.0,0.22192714
0.0,0.0,0.02089478,0.0,0.0,0.0,3.2788212,0.0,0.0,0.0,0.019599866,2.0062113,0.0,0.0,0.0,0.0,0.0,0.4091285,0.0,0.0,0.0,0.0,0.0,0.0,0.0,0.0,0.03666905,0.0,4.980346,0.0,0.0,0.0,0.0,0.0,4.6573687,3.0322814,0.0,0.0,0.0,3.34086,0.0,0.0,0.0,0.0,0.0,0.0,0.0,0.0,2.948871,0.0,2.1138878,3.5814953,0.0,0.0,0.0,0.0,5.2445555,1.1071956,3.532615,0.0,0.0,0.0,10.429505,4.4780626,0.0,0.0,0.0,0.0,0.0,0.0,7.596545,0.0,0.0,0.0,0.0,0.0,0.0,0.0,0.0,0.0,0.0,0.0,0.0,1.827922,0.0,0.0,0.0,0.0,0.0,0.0,0.0,0.0,0.0,0.0,0.0,0.8869181,0.0,0.0,6.811754,0.0,0.0,0.0,2.3065314,0.0,0.0,0.0,0.0,0.0,0.0,0.0,0.0,2.6929371,0.8410466,4.5366573,0.0,0.0,0.0,0.0,0.0,0.0,0.0,0.0,0.0,0.0,0.03203287,0.0,0.0,0.0
0.0,0.0,6.4620194,7.5644813,0.0,0.0,6.671629,0.0,0.0,0.0,0.0,0.3785525,2.351309,0.0,0.0,0.67466474,0.0,0.0,3.3275328,3.3393888,0.0,0.0,3.8439837,0.0,0.0,0.0,1.2611842,0.0,0.0,0.0,0.0,0.0,0.0,7.383448,0.0,2.3952606,4.8474946,0.0,7.1184974,0.0,0.0,0.0,0.0,0.0,0.0,0.0,0.0,0.0,0.8738985,0.0,0.0,0.0,0.6818474,0.0,0.0,0.0,1.21428,9.17517,1.2334718,0.0,0.0,0.0,0.0,0.0,0.0,0.0,0.0,0.0,0.0,0.0,0.0,0.0,0.0,0.0,0.0,0.0,0.0,0.0,0.0,0.0,0.0,0.0,0.0,4.869693,0.0,0.0,0.0,0.0,0.0,0.0,0.0,4.4282255,0.0,0.0,0.0,0.0,0.0,0.0,4.285383,0.0,0.0,0.0,4.4494123,2.084857,0.0,0.0,0.0,0.0,0.0,0.0,0.0,0.61841977,0.0,0.0,2.2175038,4.610931,0.0,0.0,0.0,0.23766555,2.455785,0.0,0.0,0.0,3.4876742,0.0,0.0,6.2584047
0.0,0.0,0.0,0.0,0.0,0.0,0.0,0.0,0.0,0.0,2.4090085,0.18489346,0.0,0.0,0.0,3.2624834,0.0,0.0,0.0,0.0,0.0,0.0,3.2358258,1.6850244,0.0,0.0,0.0,0.0,0.0,0.0,0.0,0.0,0.0,2.3291323,2.0732708,1.5170256,0.0,0.0,0.5623764,0.0,0.0,0.0,0.0,0.0,0.0,0.0,0.0,0.0,0.0,0.0,1.119931,0.053310245,0.0,0.0,0.0,0.0,0.0,1.7523388,1.3473142,0.0,0.0,0.0,0.0,0.0,0.0,0.0,0.0,0.03657996,0.0,8.156189,1.8374655,0.0,0.0,0.0,2.9985685,0.0,0.5639245,0.0,0.0,0.0,0.0,0.0,0.0,0.0,0.0,0.0,0.0,2.4812903,0.0,0.0,0.0,0.0015147924,0.0,0.0,0.0,0.0,0.089645386,0.0,0.577195,0.0,0.0,0.0,3.2309904,0.0,0.044490084,0.0,0.0,0.0,0.0,0.0,1.3725233,0.068337075,0.0,0.0,1.7217525,0.0,0.0,0.0,0.0,1.1460321,0.0,0.0,0.0,0.0,5.006496,0.0,0.0,0.0
0.0,0.0,0.0,6.9208198,0.0,0.0,9.0202265,0.0,0.0,0.0,1.0818366,9.9484215,0.0,0.0,0.0,0.0,0.0,0.0,0.0,5.9483953,0.0,0.0,4.232699,3.8237436,0.0,0.0,8.462068,0.0,0.0,7.430806,0.0,0.0,0.67289376,0.09650706,0.0,0.0,0.0,0.0,0.031954747,0.0,0.0,0.0,0.0,0.0,0.0,0.0,0.0,0.0,0.0,0.0,0.0,1.4064093,0.0,0.0,0.0,0.0,0.0,0.0,10.353917,0.0,0.0,0.0,0.0,2.7760046,0.0,0.0,0.0,0.7637063,0.0,8.439324,3.4839091,0.0,0.0,0.0,0.0,0.0,0.0,0.0,0.0,0.0,0.0,2.3731182,0.0,5.1835527,0.0,1.6923465,0.0,0.0,0.0,0.0,0.0,6.4990134,0.0,0.0,0.0,0.0,0.0,0.0,1.1797781,0.0,0.0,0.0,0.0,2.713581,6.459502,0.0,4.394232,0.0,0.0,0.0,0.0,0.3382287,0.0,0.0,0.0,0.16418986,0.0,0.0,0.0,0.0,0.8692614,0.0,4.7805324,0.0,0.0,0.0,0.5798664,0.0
0.0,0.0,0.45095858,9.359497,0.0,0.0,0.0,0.0,0.0,0.0,14.263329,14.675351,8.41009,0.0,0.0,1.0283198,0.0,0.0,0.0,0.0,0.35868585,0.0,0.0,1.2599458,0.0,0.0,0.0,0.0,0.0,0.0,0.0,0.0,1.2906413,0.85806817,0.0,0.0,0.0,0.0,0.0,0.0,0.0,0.0,0.0,0.0,0.0,0.0,0.0,0.0,0.0,0.0,0.0,12.702934,0.0,0.0,0.0,0.0,0.0,2.1054313,9.4748335,0.0,0.0,0.0,0.0,0.0,0.0,0.0,0.0,0.0,0.0,6.405587,0.0,0.0,0.0,0.0,0.0,0.0,0.0,0.0,0.0,0.0,0.0,0.0,0.0,3.719605,0.0,0.0,0.0,6.2545714,0.0,0.0,0.0,0.0,0.0,0.0,0.0,0.0,0.0,0.0,0.0,0.0,0.0,0.0,0.0,5.4947453,0.0,0.0,0.0,0.0,0.0,0.0,0.0,4.1493883,0.0,0.0,0.0,0.0,0.0,0.0,0.0,0.0,0.0,0.0,0.0,0.0,3.189325,0.0,0.0,1.084899
0.0,0.0,0.0,14.879937,0.0,0.0,0.0,0.0,0.0,0.0,0.0,6.923459,0.0,0.0,0.0,1.094491,0.0,2.9186883,0.0,10.072214,0.0,0.0,4.0987396,0.0,0.0,0.0,0.0,0.0,0.0,0.0,0.0,0.0,12.135417,0.0,0.0,4.6535172,0.0,0.0,2.4049923,0.0,0.0,0.0,0.0,5.704105,0.0,0.0,0.0,0.0,0.0,0.0,0.0,0.0,0.0,0.0,0.0,0.0,7.405709,0.0,0.0,0.0,0.0,0.0,0.0,0.0,0.0,2.7838326,0.0,0.0,0.0,12.595005,0.24830431,0.0,0.0,0.0,2.2917235,0.0,0.0,0.0,0.0,0.0,0.0,0.0,0.0,15.525836,0.0,0.0,0.0,0.0,0.0,0.0,0.0,0.0,0.0,0.0,0.0,0.0,0.0,0.0,0.0,0.0,0.0,0.0,17.288956,0.0,0.0,0.0,0.0,0.0,0.0,0.0,0.19309989,0.0,0.0,0.0,0.0,6.020543,0.0,0.0,0.0,0.0,4.4721904,0.0,0.0,0.0,0.0,0.0,0.0,0.0
0.0,2.9337955,0.0,3.6601572,0.0,0.0,5.68702,0.0,0.0,0.0,0.0,1.499728,0.0,0.0,0.0,0.0,0.0,6.990708,3.821717,6.5495605,0.0,0.0,0.0,0.0,0.0,0.0,0.0,0.0,0.0,0.0,0.0,0.0,0.0,0.0,0.0,4.766345,0.9090554,0.0,0.0,2.633145,0.0,0.0,0.0,5.7985663,0.0,0.0,2.3050425,0.0,1.7933298,0.0,0.0,3.048716,0.0,0.0,0.0,0.0,5.961144,0.0,0.0,0.0,0.0,1.2701163,5.7434926,8.159159,0.0,0.0,0.0,0.0,0.0,0.51521504,9.049263,0.0,0.0,0.0,0.0,0.0,0.0,0.0,0.0,0.0,0.0,0.0,0.0,3.8760204,0.0,0.0,0.0,0.0,0.0,0.0,0.0,0.0,0.0,0.0,0.0,0.21320322,0.0,0.0,2.6163998,0.0,0.0,0.0,11.51674,0.0,0.0,0.0,0.23237127,0.0,0.0,0.0,4.89467,0.0,0.0,0.0,0.0,3.5479553,0.0,0.0,0.0,1.2998494,0.0,0.0,0.0,0.0,0.0,0.0,0.0,0.0
0.0,0.0,0.0,0.0,0.0,0.0,0.0,0.0,0.0,0.0,0.0,0.0,0.0,0.0,0.0,0.0,0.0,4.57398,7.489952,5.522262,0.0,0.0,5.4170084,5.974652,0.0,0.0,0.0,0.0,0.0,0.0,8.541253,0.27172968,1.9614583,0.0,0.0,0.0,11.1602335,0.0,5.317876,0.0,0.0,0.0,0.0,0.0,0.0,0.0,0.0,3.988282,0.0,0.0,12.624673,0.0,0.0,0.0,0.0,0.0,1.4285941,0.0,0.0,0.0,0.0,15.286893,0.0,0.0,0.0,0.0,0.0,0.0,0.0,4.154927,0.0,0.0,0.0,0.0,0.9127371,0.0,0.0,0.0,0.0,0.0,0.0,0.0,0.0,12.4906435,0.0,0.0,0.0,0.0,0.0,0.0,0.0,0.0,0.0,0.0,0.0,0.0,0.0,0.0,0.0,0.0,0.0,0.0,6.1450853,0.0,12.42993,0.0,0.0,0.80836034,0.0,0.0,0.0,0.0,0.0,0.0,0.0,7.118101,0.0,0.0,0.0,0.0,8.178133,0.0,4.444532,8.069609,0.0,0.0,0.0,0.90830815
0.0,0.46369278,0.0,0.0,1.1015884,0.0,0.0,0.0,0.0,0.0,2.6906388,0.0,1.64357,0.0,0.0,0.0,0.0,4.0106096,0.08396355,0.0,0.0,0.0,0.0,2.6630478,0.0,0.0,0.0,0.0,6.2407475,0.0,1.951907,0.0,0.0,0.0,4.4629164,4.813519,0.0,0.0,0.0,0.0,0.0,0.0,0.0,0.0,0.0,0.0,0.0,0.0,1.0807054,0.0,1.5333028,3.6204236,0.0,0.0,0.0,0.0,1.375209,0.50922734,1.6079211,0.0,0.0,0.0,3.0333784,0.0,1.0222466,0.0,0.0,0.0,0.0,0.0,7.3844843,0.0,2.1237178,0.0,0.13068284,0.0,0.0,0.0,0.0,0.0,1.4489706,4.3213677,0.0,0.027059235,0.0,0.0,0.0,4.008047,0.0,0.0,0.0,0.0,0.0,0.0,0.0,0.0,0.0,0.0,3.1534312,0.0,0.0,0.0,0.0,2.7411816,0.0,0.0,1.0279171,0.0,0.0,0.0,2.8240135,2.4470837,0.23387939,7.4407444,0.58619946,0.0,0.0,0.0,0.0,0.0,0.0,0.0,0.0,0.0,3.0553834,0.0,0.0,0.0
0.0,5.268918,0.42252213,0.0,0.0,0.0,0.795835,0.0,0.0,0.0,5.2235093,2.4626696,0.77548367,0.0,0.0,2.296607,0.0,0.0,0.0,4.1949577,0.0,0.0,0.0,0.0,0.0,0.0,0.0,0.0,2.666245,0.0,0.0,0.0,0.0,1.329402,2.3533623,7.568657,2.3155038,0.0,0.0,7.0722895,0.0,0.0,0.0,0.0,0.0,0.0,0.0,0.0,0.0,0.0,0.0,5.7782626,0.0,0.0,0.0,0.0,0.0,0.0,5.507536,0.0,0.0,0.0,5.6003003,1.2077882,0.0,0.0,0.0,0.0,0.0,0.0,3.548043,0.0,0.0,0.0,0.0,0.0,0.05872254,0.0,0.0,0.0,0.0,0.0,0.0,0.0,2.3170848,0.0,0.0,0.0,0.0,0.0,0.0,0.0,0.0,0.0,0.0,0.0,0.0,0.0,6.978947,0.0,0.0,0.0,7.124381,0.0,0.0,0.0,0.0,0.0,0.0,0.0,2.8193798,0.0697546,0.0,0.30383936,7.478779,0.444372,0.0,0.0,0.0,0.0,0.0,0.0,0.0,0.0,2.5019536,0.0,0.0,0.0
0.0,0.0,0.0,0.0,0.0,0.0,7.494459,0.0,0.0,0.0,0.0,0.0,0.0,0.0,0.0,7.4815454,0.0,13.573949,11.615788,0.0,0.0,0.0,10.161398,6.4162626,0.0,0.0,0.0,0.0,0.0,0.0,0.0,0.0,0.0,2.5985293,0.0,0.0,3.437888,0.0,8.496234,0.0,0.0,0.0,0.0,0.7245051,0.0,0.0,0.0,11.521,5.1182127,0.0,0.96541256,0.0,8.502647,0.0,0.0,0.0,3.0898547,6.5794477,6.373646,0.0,0.0,3.617991,0.0,0.0,0.0,0.0,0.0,0.0,0.0,3.8045256,0.0,0.0,0.0,0.0,0.0,0.0,0.0,0.0,0.0,0.0,0.0,0.0,0.0,0.0,7.4753222,0.0,0.0,0.0,0.0,0.0,0.0,0.0,0.0,0.0,0.0,0.0,0.0,0.0,7.6631665,0.0,0.0,0.0,14.579316,0.0,12.414579,0.0,3.83275,0.0,0.0,0.0,0.0,0.0,0.0,0.0,4.44278,2.3635378,0.0,0.0,4.7197003,0.0,0.0,0.0,3.7366056,0.0,9.334272,5.4339075,0.0,8.59941
0.0,0.4703017,1.4510963,0.0,0.05605907,0.0,2.166763,0.0,0.0,0.0,2.23695,0.0,0.0,0.0,0.0,1.840479,0.0,1.9537117,2.9926865,0.65873593,0.0,0.0,0.0,0.0,0.0,0.0,0.51918465,0.0,1.4531554,1.7040344,0.0,0.0,0.0,0.0,3.2930374,0.0,0.0,0.0,0.0,0.30592024,0.0,0.0,0.0,0.0,0.0,0.0,0.0,0.0,0.24467799,0.0,0.0,1.5184783,0.0,0.0,0.0,0.0,1.1830561,0.0,0.20121735,0.0,0.0,0.0,3.8231049,1.9234724,0.0,0.0,0.0,0.0,0.0,3.308505,4.8059745,0.0,0.0,0.0,0.0,0.0,0.97284955,0.0,0.0,0.0,1.1911246,1.1263883,0.0,0.0,0.0,0.0,0.0,1.563894,0.0,0.0,0.0,0.0,0.0,0.0069510546,0.0,0.0,0.0,0.0,3.7060337,0.0,0.0,0.0,1.6486067,0.7566945,0.585619,0.0,0.0,0.0,0.0,0.0,1.9237646,0.093067564,0.0,4.5712323,0.8282796,0.0,0.0,0.0,0.0,0.0,0.0,0.0,0.0,0.0,0.13802579,0.0,0.0,0.0
0.0,0.0,1.3730676,0.0,0.6815047,0.0,5.398769,0.0,0.0,0.0,3.6416328,0.0,0.0,0.0,0.0,0.0,0.0,0.0,0.0,0.0,0.0,0.0,0.0,1.5541339,0.0,0.0,0.0,0.0,3.391467,0.0,0.0,0.0,0.0,0.0,4.758941,0.9135804,0.0,0.0,0.0,1.359244,0.0,0.0,0.0,0.0,0.0,0.0,0.0,0.0,1.2115437,0.0,0.0,10.1622505,0.0,0.0,0.0,0.0,0.0,0.5533072,1.7986542,0.0,0.0,0.0,4.9359035,0.0,0.0,0.0,0.0,0.6688125,0.0,0.30077222,3.8273509,0.0,0.0,0.0,0.0,0.0,2.561127,0.0,0.0,0.0,2.283844,0.0,0.0,0.0,0.0,0.0,0.0,0.0,0.0,0.0,0.0,0.0,0.0,0.0,0.0,0.0,0.0,0.0,0.0,0.0,0.0,0.0,0.0,2.4106643,0.0,0.0,0.0,0.0,0.0,0.0,2.2481043,0.0,1.1834553,4.6263814,1.5322833,0.0,0.0,0.0,0.0,0.0,0.0,0.0,0.0,0.0,4.2706833,0.0,3.5806653,0.0
0.0,0.0,0.0,0.0,3.7099924,0.0,0.0,0.0,0.0,0.0,0.26758638,0.0,0.0,0.0,0.0,0.0,0.0,0.35955644,0.0,0.0,0.0,0.0,0.0,6.656766,0.0,0.0,0.0,0.0,0.14983517,0.0,0.0,0.0,0.0,1.0692286,5.0047855,0.0,0.0,0.0,0.0,0.0,0.0,0.0,0.0,0.0,0.0,1.1948861,0.0,0.0,0.0,0.0,7.7721367,2.4857574,0.0,0.0,0.0,0.0,0.0,1.9418682,0.0,0.0,0.0,0.0,0.0,0.0,0.0,0.0,0.0,3.8526864,0.0,9.744052,0.0,0.0,0.0,0.0,0.0,0.0,4.837247,0.0,0.0,0.0,4.456708,0.0,0.0,0.41287968,0.0,0.0,0.0,0.0,0.0,0.0,0.0,0.0,0.0,5.0687313,0.0,0.0,0.0,0.0,0.0,0.0,0.0,0.0,0.0,0.87098294,0.0,0.0,0.0,0.0,0.0,0.0,9.950858,0.0,3.1000617,8.220909,0.0,0.0,0.0,0.0,0.0,0.0,0.0,0.0,0.0,0.0,0.3414333,0.0,0.0,0.0
0.0,0.0,0.0,0.0,0.0,0.0,0.0,0.0,0.0,0.0,8.354348,5.524723,5.786202,0.0,0.0,0.0,0.0,0.0,0.0,0.0,0.0,0.0,0.0,0.0,0.0,0.0,0.0,0.0,6.44287,0.0,0.0,0.0,0.0,0.0,8.175862,4.132023,0.0,0.0,0.0,4.0034823,0.0,0.0,0.0,0.0,0.0,0.0,0.0,0.0,0.0,0.0,8.160747,2.29927,0.0,0.0,0.0,0.0,0.0,6.6850147,3.5371678,0.0,0.0,0.0,0.24759395,0.0,0.0,0.0,0.0,0.0,0.0,0.0,5.3027563,0.0,1.8824241,0.0,3.7762868,0.0,0.0,0.0,0.0,0.0,0.0,0.0,0.0,6.1164303,0.0,0.0,0.0,7.8915005,0.0,0.0,0.0,0.0,0.0,2.3254232,0.0,1.5394744,0.0,0.0,7.0414376,0.0,0.0,0.0,1.5410995,0.0,0.0,0.0,0.0,0.0,0.0,0.0,0.0,6.9501166,0.0,4.668359,0.0,0.0,0.0,0.0,0.0,0.0,0.0,0.0,2.6907911,0.0,5.002508,0.0,0.0,1.2750927
0.0,0.0,0.0,2.811942,1.1369097,0.0,0.0,0.0,0.0,0.0,0.0,0.0,3.0197988,0.0,0.0,0.0,0.0,2.6834686,0.0,0.0,0.0,0.0,0.0,7.6531286,0.0,0.0,0.0,0.0,0.0,0.0,0.0,0.0,1.2305784,3.4421566,0.27666524,0.0,0.0,0.0,0.6625968,0.0,0.0,0.0,0.0,0.0,0.0,0.0,0.0,0.0,3.2783296,0.0,2.064264,8.395454,0.0,0.0,0.0,0.0,2.1105762,8.333083,2.6829135,0.0,0.0,0.0,0.0,0.0,0.0,0.0,0.0,0.0,0.0,0.0,1.8292115,0.0,0.0,0.0,0.0,0.0,5.3821425,0.0,0.0,0.0,5.302332,0.0,0.0,0.0,0.0,0.0,0.0,0.0,0.0,0.0,0.0,0.42151493,0.0,5.1193714,0.0,0.0,0.0,0.0,0.0,0.0,0.0,0.0,0.0,0.27821392,0.0,0.0,0.0,0.0,0.0,0.0,6.093491,0.0,3.860475,7.7246404,1.8065373,0.0,0.0,0.0,0.0,0.0,0.0,0.0,0.0,0.0,5.987184,0.0,0.0,0.7969701
0.0,0.99558675,0.26066267,0.0,0.0,0.0,5.605055,0.0,0.0,0.0,4.695098,3.1184332,0.0,0.0,0.0,0.0,0.0,1.9252326,0.27437738,0.0,0.0,0.0,0.0,0.95268434,0.0,0.0,0.34461692,0.0,3.8041575,0.59348184,0.0,0.0,0.0,0.0,1.2827749,3.7473617,2.2449858,0.0,0.0,1.5996988,0.0,0.0,0.0,0.0,0.0,0.0,0.0,0.0,0.0,0.0,0.0,7.0592966,0.0,0.0,0.0,0.0,0.0021745749,1.193891,5.4618526,0.0,0.0,0.0,7.5887494,0.3741868,0.0,0.0,0.0,0.0,0.0,0.12402664,7.7129297,0.0,0.0,0.0,0.0,0.0,0.0,0.0,0.0,0.0,0.0,1.0965391,0.0,0.0,0.4472964,0.0,0.0,0.0,0.0,0.0,0.0,0.0,0.0,0.0,0.0,0.35115474,0.0,0.0,6.1143947,0.0,0.0,0.0,1.6749973,0.0,0.0,0.0,0.0,0.0,0.0,0.0,0.0,0.0,0.0,3.8098533,4.250125,0.09533499,0.0,0.0,0.0,0.0,0.0,0.0,0.0,0.0,0.0,0.0,0.5298611,0.0
0.0,0.0,0.0,9.970369,0.0,0.0,0.0,0.0,0.0,0.0,0.0,4.667965,0.0,0.0,0.0,0.0,0.0,1.7443726,0.0,0.0,0.0,0.0,0.0,3.1851544,0.0,0.0,0.0,0.0,0.0,5.054032,0.0,0.0,10.570029,6.8667192,0.0,0.0,0.0,0.0,4.593617,0.0,0.0,0.0,0.0,0.0,0.0,0.0,0.0,0.0,0.0,0.0,0.0,5.178751,0.0,0.0,0.0,0.0,0.0,2.9657176,8.379062,0.0,0.0,3.7058716,0.0,1.4853442,0.0,0.0,0.0,0.0,0.0,8.170903,3.7533617,0.0,0.0,0.0,4.312529,0.0,0.0,0.0,0.0,0.0,0.0,0.0,0.0,0.0,0.0,0.0,0.0,0.0,0.0,0.0,0.0,8.5848055,0.0,0.0,0.0,0.0,0.0,0.0,0.0,0.0,0.0,0.0,5.105349,0.0,6.5863423,0.0,0.0,0.0,0.0,0.0,0.0,4.3563695,0.0,0.0,8.784419,3.9032078,0.0,0.0,0.0,0.0,0.0,0.0,3.4022515,0.0,0.0,0.97769046,0.0,0.0
0.0,0.0,0.8111909,0.0,2.387827,0.0,0.0,0.0,0.0,0.0,1.9431126,0.0,0.02952115,0.0,0.0,0.0,0.0,2.6988966,0.6485056,0.0,0.0,0.0,0.0,1.5129752,0.0,0.0,0.07624783,0.0,1.2263325,0.0,0.0,0.0,0.0,0.0,3.0572777,0.0,0.0,0.0,0.0,0.0,0.0,0.0,0.0,0.0,0.0,0.0,0.0,0.0,0.0,0.0,1.9891535,3.6552105,0.0,0.0,0.0,0.0,0.0,0.0,0.0,0.0,0.0,0.0,2.7492647,0.0,0.0,0.0,0.0,0.0,0.0,2.3345225,4.9423003,0.5106693,0.0,0.0,0.0,0.0,0.0,0.0,0.0,0.0,3.795815,3.2521117,0.0,0.0,0.0,0.0,0.0,4.722178,0.0,0.0,0.0,0.0,0.0,3.1810358,0.0,0.0,0.0,0.0,0.0,0.0,0.0,0.0,0.0,2.7045586,1.38029,0.0,0.0,0.0,0.0,0.0,2.7479427,0.8554431,2.1759827,5.6762605,0.0,0.0,0.0,0.0,0.0,0.0,0.0,0.0,0.0,0.0,0.0,0.0,0.0,0.0
0.0,2.0059948,4.1635933,2.6060655,0.0,0.0,0.0,0.0,0.0,0.0,6.5792027,0.0,0.0,0.0,0.0,5.538484,0.0,0.0,0.9364107,4.8329835,0.0,0.0,0.0,0.2633684,0.0,0.0,0.0,0.0,0.0,0.0,0.0,0.0,0.0,2.6260126,0.0,0.0,0.0,0.0,0.0,2.1683943,0.0,0.0,0.0,0.0,0.0,0.0,0.0,0.0,0.0,0.0,0.0,6.392961,0.0,0.0,0.0,0.0,0.0,0.0,6.365191,0.0,0.0,0.0,2.5867682,2.9251769,0.0,0.0,0.0,0.0,0.0,8.074451,6.895029,0.0,0.0,0.0,0.0,0.0,0.0,0.0,0.0,0.0,0.0,0.0,0.0,0.0,0.0,0.0,0.0,0.91190624,0.0,0.0,0.0,0.0,0.0,0.0,0.0,0.0,0.0,0.0,5.2125683,0.0,0.0,0.0,5.241542,0.0,0.54392177,0.0,0.0,0.0,0.0,0.0,1.4999275,0.0,0.0,1.1900278,10.752813,0.0,0.0,0.0,0.0,0.12143605,0.0,0.0,0.0,0.0,2.7299817,0.0,0.0,0.0
0.0,0.0,0.0,0.0,0.0,0.0,0.0,0.0,0.0,0.0,1.374084,0.0,0.0,0.0,0.0,0.0,0.0,2.0308375,3.771481,6.3175497,0.0,0.0,0.8764926,0.0,0.0,0.0,0.0,0.0,0.0,0.0,0.0,0.0,5.96789,0.0,8.706806,2.0117445,0.0,0.0,0.0,0.0,0.0,0.0,0.0,0.0,0.0,0.0,0.0,0.0,0.0,0.0,0.0,0.0,0.0,0.0,0.0,0.0,1.2099309,0.0,0.0,0.0,0.0,0.0,0.0,8.503174,0.0,0.0,0.0,0.0,0.0,10.679435,4.393066,0.0,0.0,0.0,0.0,0.0,3.7353551,0.0,0.0,0.0,0.0,0.0,0.0,12.56537,0.0,0.0,0.0,0.0,0.0,0.0,0.0,0.0,0.0,0.0,0.0,0.0,0.0,0.0,0.0,0.0,0.0,0.0,4.2670035,0.0,0.0,0.0,0.0,0.0,0.0,0.0,11.068199,0.0,0.0,0.0,0.0,6.971086,0.0,0.0,0.0,8.652599,0.0,0.0,0.0,0.0,0.0,0.0,0.0,0.0
0.0,0.0,0.0,3.0208292,0.0,0.0,4.96784,0.0,0.0,0.0,5.1481752,1.5628092,0.0,0.0,0.0,0.0,0.0,0.0,0.0,0.0,0.0,0.0,0.0,0.0,0.0,0.0,0.0,0.0,0.0,0.0,0.0,0.0,2.4411855,5.3055897,4.823319,0.0,0.0,0.0,1.129076,0.564204,0.0,0.0,0.0,0.0,0.0,4.5511713,0.0,0.0,1.7477549,0.0,0.0,10.704683,0.0,0.0,0.0,0.0,0.0,4.359953,9.154696,0.0,0.0,0.0,3.4740224,6.0448155,0.0,0.0,0.0,0.0,0.0,0.0,0.0,0.0,0.0,0.0,0.0,0.0,0.0,0.0,0.0,0.0,0.0,0.0,0.0,0.0,0.0,0.0,0.0,0.0,0.0,0.0,0.0,0.0,0.0,0.0,0.0,0.0,0.0,0.0,0.0,0.0,0.0,0.0,0.0,0.0,0.0,0.0,0.0,0.0,0.0,0.0,4.324175,0.0,0.0,3.225214,5.22385,0.0,0.0,0.0,0.0,0.0,0.0,0.0,0.0,0.0,8.999746,0.0,0.0,0.5713798
0.0,3.0583951,0.5677614,0.0,0.73473585,0.0,0.0,0.0,0.0,0.0,2.9969823,0.0,0.0,0.0,0.0,0.7500238,0.0,2.5086703,1.5830775,2.2148228,0.0,0.0,0.0,0.0,0.0,0.0,0.0,0.0,1.4452729,0.0,0.0,0.0,0.0,0.0,3.5981495,0.5204965,0.0,0.0,0.0,4.450664,0.0,0.0,0.0,0.32157242,0.0,0.0,0.0,0.0,0.54385346,0.0,0.09880029,1.9001569,0.0,0.0,0.0,0.0,2.2226522,0.0,1.2129773,0.0,0.0,0.0,1.3159593,3.5148864,0.0,0.0,0.0,0.0,0.0,2.8109956,5.163339,0.0,0.0,0.0,0.0,0.0,1.6708167,0.0,0.0,0.0,2.590168,0.0,0.0,0.0,0.0,0.0,0.0,1.0641743,0.0,0.0,0.0,0.0,0.0,0.4320166,0.0,0.0,0.0,0.0,0.0,0.0,0.0,0.0,0.36160606,0.0,0.0,0.0,0.0,0.0,0.0,0.0,6.515905,0.0,0.0,4.640338,0.19851965,0.0,0.0,0.0,0.0,0.64460206,0.0,0.0,0.0,0.0,2.205671,0.0,0.0,0.0
0.0,0.0,0.0,3.0515118,0.0,0.0,0.0,0.0,0.0,0.0,0.0,0.0,3.4782465,0.0,0.0,2.0760174,0.0,0.0,0.0,0.0,0.0,0.0,0.0,0.0,0.0,0.0,0.0,0.0,0.0,0.0,0.0,0.0,5.9183264,0.0,0.0,0.0,0.0,0.0,0.0,0.0,0.0,0.0,0.0,0.0,0.0,0.4979768,0.0,0.0,0.0,0.0,0.0,5.962942,0.0,0.0,0.0,0.0,1.8214157,4.816234,0.0,0.0,0.0,0.0,0.0,0.0,0.0,0.0,0.0,3.6880567,0.0,0.45642185,0.88237107,0.0,0.0,0.0,0.0,0.0,12.395854,0.0,0.0,0.0,5.756835,0.0,0.0,0.0,0.0,0.0,0.0,0.0,0.0,0.0,0.0,2.2151575,0.0,0.0,0.0,0.0,0.0,0.0,0.0,0.0,0.0,0.0,0.0,0.0,0.0,0.0,0.0,1.9920845,0.0,0.0,0.0,0.0,0.07268137,0.0,1.9843549,1.025422,0.0,0.0,0.0,0.0,0.0,0.0,0.0,3.5139549,0.7522051,5.029703,0.0,0.0
0.0,0.0,1.385486,2.8257287,0.0,0.0,5.4441247,0.0,0.0,0.0,1.1408874,0.0,0.0,0.0,0.0,2.0014658,0.0,0.0,0.0,1.6584219,1.3993417,0.0,0.0,0.6325761,0.0,0.0,0.0,0.0,0.0,0.0,0.0,0.0,1.6010385,4.4228663,2.1346722,0.38327542,0.0,0.0,0.44221365,0.15145434,0.0,0.0,0.0,0.24739411,0.0,1.8112782,0.0,0.0,0.071004786,0.0,0.0,7.1427946,1.1153694,0.0,0.0,0.0,0.0,0.0,4.876012,0.0,0.0,0.0,1.2720038,4.5278554,0.0,0.0,0.0,0.0,0.0,2.7946913,0.0,0.0,0.0,0.0,0.0,0.0,1.4764384,0.0,0.0,0.0,0.0,0.0,0.0,0.0,0.0,0.0,0.0,0.0,0.0,0.0,0.0,1.566316,0.0,0.0,0.0,0.0,0.0,0.0,0.0,0.0,0.0,0.0,1.4949003,0.0,0.0,0.0,0.0,0.0,0.0,0.0,2.664431,0.0,0.0,0.0,4.5162907,0.0,0.0,0.0,0.0,1.0070355,0.0,0.0,0.0,0.0,6.4159775,0.0,0.0,0.9521482
0.0,0.0,0.0,6.9220695,0.0,0.0,9.769464,0.0,0.0,0.0,0.0,0.3351501,0.0,0.0,0.0,3.3481088,0.0,0.29881036,0.0,1.3609457,0.0,0.0,0.0,0.0,0.0,0.0,0.0,0.0,0.0,0.0,0.0,0.0,0.0,8.005035,0.8923454,3.9914188,0.0,0.0,6.721901,1.4283755,0.0,0.0,0.0,2.4807138,0.0,0.0,0.0,0.0,0.0,0.0,0.0,3.5961707,0.0,0.0,0.0,0.0,0.0,0.6379729,1.4153304,0.0,0.0,0.0,0.0,0.8164491,0.0,0.0,0.0,0.0,0.0,8.320824,3.2299657,0.0,0.0,0.0,0.0,0.0,0.0,0.0,0.0,0.0,0.0,0.0,0.0,0.0,0.0,0.0,0.0,0.0,0.0,0.0,0.0,6.8294454,0.0,0.0,0.0,0.0,0.0,0.0,5.0012155,0.0,0.0,0.0,8.300152,1.0513159,0.0,0.0,0.0,0.0,0.0,0.0,4.35305,0.0,0.0,0.0,3.4760892,3.5598736,0.0,0.0,0.0,1.5397811,0.0,0.0,0.0,0.0,0.080976725,2.9985368,0.0,0.0
0.0,0.0,0.0,2.241354,0.0,0.0,0.0,0.0,0.0,0.0,4.224438,10.249863,4.1972136,0.0,0.0,1.8246282,0.0,1.8874867,0.0,0.0,0.0,0.0,0.0,0.3829842,0.0,0.0,0.0,0.0,1.8639255,0.0,0.0,0.0,0.0,0.0,3.3228161,0.0,0.0,0.0,0.0,0.0,0.0,0.0,0.0,0.0,0.0,0.0,0.0,0.0,0.0,0.0,6.012593,8.738917,0.0,0.0,0.0,0.0,0.0,5.963829,2.2714489,0.0,0.0,0.0,0.0,0.0,0.0,0.0,0.0,5.0498013,0.0,4.467629,7.1339903,0.0,0.0,0.0,2.6214824,0.0,0.0,0.0,0.0,0.0,0.0,5.6854787,0.0,1.7874163,0.0,0.0,0.0,3.0252235,0.0,0.0,0.0,0.96502805,0.0,0.0,0.0,0.0,0.0,0.0,0.0,0.0,0.0,0.0,0.0,4.2650957,3.1064785,0.0,0.0,0.0,0.0,0.0,0.0,3.0041475,1.9685433,0.0,0.0,0.38666746,0.0,0.0,0.0,0.0,0.0,0.0,0.34578344,0.0,0.0,0.0,0.0,0.0
0.0,0.0,0.0,0.29590103,0.0,0.0,2.2112153,0.0,0.0,0.0,7.396485,7.253205,0.0,0.0,0.0,0.0,0.0,0.0,0.0,0.0,0.0,0.0,3.7223818,1.4130788,0.0,0.0,5.2851386,0.0,0.0,4.198703,0.0,0.0,0.0,0.0,0.0,0.0,0.0,0.0,0.0,0.0,0.0,0.0,0.0,0.0,0.0,0.0,0.0,0.0,0.0,0.0,0.0,4.593375,0.0,0.0,0.0,0.0,0.0,1.6191866,9.152018,0.0,0.0,0.0,0.0,0.0,0.0,0.0,0.0,6.383865,0.0,12.421773,0.0,0.0,0.0,0.0,0.0,0.0,0.0,0.0,0.0,0.0,0.0,0.0,0.0,0.0,0.0,3.9806552,0.0,0.0,0.0,0.0,0.0,0.0,0.0,0.0,0.0,0.0,0.0,0.0,0.0,0.0,0.0,0.0,0.0,0.0,4.1873474,0.0,0.0,0.0,0.0,0.0,0.0,0.0,0.0,0.0,0.0,1.7049706,0.0,0.0,0.0,0.9202903,0.0,0.0,0.0,0.0,0.0,0.0,0.0,0.0
0.0,0.0,0.0,0.0,1.4402623,0.0,1.357625,0.0,0.0,0.0,4.929796,0.0,0.0,0.0,0.0,0.26401997,0.0,0.0,0.0,0.0,0.0,0.0,0.0,3.4179058,0.0,0.0,4.867493,0.0,0.0,4.270576,0.0,0.0,0.0,0.38004518,3.9563644,0.0,0.0,0.0,0.0,0.0,0.0,0.0,0.0,0.0,0.0,0.0,0.0,0.0,0.0,0.0,0.0,3.8390644,0.0,0.0,0.0,0.0,0.0,0.0,0.0,0.0,0.0,0.0,0.0,1.5484056,0.0,0.0,0.0,1.2371062,0.0,13.918156,0.7181623,0.0,0.0,0.0,0.0,0.0,2.7078183,0.0,0.0,0.0,1.8285885,0.0,0.0,0.0,0.0,0.0,0.0,0.32062563,0.0,0.0,0.0,0.0,0.0,2.9430451,0.0,0.0,0.0,0.0,0.0,0.0,0.0,0.0,0.0,0.56025857,5.3536077,0.0,0.0,0.0,0.0,0.0,5.9820623,0.0,0.0,6.0961995,0.0,0.0,0.0,0.0,0.0,5.407676,0.0,0.0,0.0,0.0,1.3570088,0.0,0.54287726,0.0
0.0,1.5221252,1.2385144,0.14107308,0.0,0.0,1.6611185,0.0,0.0,0.0,0.0,0.5715502,0.0,0.0,0.0,0.0,0.0,0.0,2.3698459,1.8096069,0.0,0.0,0.17578277,0.9921831,0.0,0.0,0.040453233,0.0,3.3196127,0.0,0.0,0.0,0.0,0.0,0.0,2.772983,0.4717857,0.0,0.0,0.079474136,0.0,0.0,0.0,0.0,0.0,0.0,0.6803818,0.0,1.5110866,0.0,0.0,1.3140502,0.0,0.0,0.0,0.0,1.7616508,0.68608224,4.4882946,0.0,0.0,0.0,5.3004766,0.9774189,0.0,0.0,0.0,0.0,0.0,0.0,4.604782,0.0,0.0,0.0,1.8357364,0.0,0.0,0.0,0.0,0.0,0.0,0.0,0.0,0.0,1.8778088,0.0,0.0,0.0,0.0,0.0,0.0,0.0,0.0,0.0,0.0,0.23958938,0.0,0.0,6.4427977,0.0,0.0,0.0,5.5119605,0.0,0.0,0.0,0.72938365,0.0,0.0,0.0,0.0,1.002032,0.0,0.0,3.857171,3.0083442,0.0,0.0,0.0,0.0,0.0,0.0,0.5085016,0.0,0.0,0.0,0.0,0.0
0.0,0.0,0.0,0.83248353,0.0,0.0,0.0,0.0,0.0,0.0,0.0,0.0,0.0,0.0,0.0,0.0,0.0,6.1680117,3.7485378,0.0,0.0,0.0,0.0,2.4114687,0.0,0.0,0.0,0.0,0.0,0.0,0.0,0.0,8.561177,3.3698816,0.0,0.0,0.0,0.0,0.0,1.097314,4.703415,0.0,0.0,0.0,0.0,3.0167272,0.0,0.0,2.2770226,0.0,0.0,3.053496,0.0,0.0,0.0,0.0,5.173121,0.0,0.0,0.0,0.0,0.0,0.0,2.4973123,0.0,0.0,0.0,0.0,0.0,2.24791,0.0,0.0,0.0,0.0,0.0,0.0,7.533411,0.0,0.0,0.0,7.29994,0.0,0.0,0.0,0.0,0.0,0.0,0.0,0.0,0.0,0.0,0.0,0.0,3.2851267,0.0,0.0,0.0,0.0,0.0,0.0,0.0,0.0,0.0,0.0,0.0,0.0,0.0,0.0,0.0,0.0,2.3309796,0.0,1.9200975,4.1002073,5.3450017,0.0,0.0,0.0,0.0,0.0,0.0,0.0,0.0,5.3227153,0.0,0.0,0.0,0.0
0.0,0.0,0.0,0.0,0.0,0.0,7.431941,0.0,0.0,0.0,0.0,1.8652914,3.2229419,0.0,0.0,2.4396207,0.0,0.0,5.121789,3.2240677,0.0,0.0,9.078168,1.1918733,0.0,0.0,5.002693,0.0,0.0,0.0,0.0,0.0,0.0,2.6580174,0.0,0.0,0.0,0.0,0.0,0.0,0.0,0.0,0.0,0.0,0.0,0.0,0.0,0.0,0.0,0.0,0.0,0.0,1.098929,0.0,0.0,0.0,0.0,9.699528,0.0,0.0,0.0,0.0,0.0,0.0,0.0,0.0,0.0,0.0,0.0,6.3590946,0.0,0.0,0.0,0.0,0.0,0.0,0.0,0.0,0.0,0.0,0.0,0.0,0.0,5.2952576,0.0,0.0,0.0,0.0,0.0,0.0,0.0,1.2630901,0.0,0.0,0.0,0.0,10.111271,0.0,7.909062,0.0,0.0,0.0,3.512963,9.733737,0.0,0.0,0.0,0.32258973,0.0,0.0,0.0,0.0,0.0,0.0,0.0,4.4048376,0.0,0.0,0.0,4.620425,10.535595,0.0,0.0,0.0,6.188931,0.0,0.0,5.3332663
0.0,0.0,0.0,0.0,0.0,0.0,0.0,0.0,0.0,0.0,0.3296924,0.0,2.147402,0.0,0.0,0.0,0.0,6.2856274,5.137475,0.0,0.0,0.0,0.0,1.8969237,0.0,0.0,1.1750963,0.0,7.0512094,0.0,0.0,0.0,0.0,0.0,7.877744,0.0,0.0,0.0,0.0,0.0,0.9173662,0.0,0.0,0.0,0.0,0.0,0.0,0.0,4.0966263,0.0,4.673127,0.7109252,0.0,0.0,0.0,0.0,3.5404408,2.4505968,0.0,0.0,0.0,0.0,0.0,0.0,3.102851,0.0,0.0,0.60849315,0.0,0.0,3.5496407,0.0,0.0,0.0,0.0,0.0,1.5559154,0.0,0.0,0.0,2.2807393,0.22829697,0.0,0.59650123,0.0,0.0,0.0,0.0,0.0,0.0,0.0,0.0,0.0,5.844178,0.0,0.0,0.0,0.0,0.0,0.0,0.0,0.0,0.0,1.5250742,0.4076676,0.0,1.1441909,0.0,0.0,0.0,2.0532207,1.343375,3.3953502,3.632616,0.5894687,2.536934,0.0,0.0,0.0,0.0,0.0,0.0,0.8366853,0.0,4.0729437,0.0,0.0,0.0
0.0,0.0,0.0,0.0,0.0,0.0,1.3251585,0.0,0.0,0.0,6.3014193,0.39825475,5.8554053,0.0,0.0,0.0,0.0,0.05199805,0.18208286,0.0,0.0,0.0,0.0,0.0,0.0,0.0,1.3272736,0.0,0.0,0.0,0.0,0.0,0.0,0.0,2.1353905,0.0,0.0,0.0,4.277457,0.0,0.0,0.0,0.0,0.0,0.0,0.0,0.0,0.0,0.0,0.0,4.1525435,4.7876325,0.0,0.0,0.0,0.0,0.0,13.882383,7.2267146,0.0,0.0,1.8545145,0.80768216,0.0,0.0,0.0,0.0,0.0,0.0,0.0,3.2362666,0.0,0.0,0.0,6.04449,0.0,0.0,0.0,0.0,0.0,0.0,0.0,0.0,0.0,0.0,0.0,0.0,0.0,0.0,0.0,0.0,1.389392,0.0,0.0,0.0,0.0,0.0,0.0,0.11176783,0.0,0.0,0.0,5.369608,0.0,2.5103738,0.0,0.0,0.0,0.0,0.0,0.0,4.0428247,0.0,0.0,3.6852968,1.2728289,0.0,0.0,5.9808507,0.0,0.0,0.0,3.9060736,0.0,0.0,0.0,0.0,1.4870054
0.0,0.0,0.0,0.0,0.0,0.0,7.2452126,0.0,0.0,0.0,0.0,0.5827283,0.0,0.0,0.0,0.26765844,0.0,6.2556634,5.181556,2.8764913,0.0,0.0,10.411581,0.0,0.0,0.0,0.0,0.0,0.0,0.0,0.0,0.0,0.0,0.0,0.0,1.1080551,10.965253,0.0,5.2534547,0.0,0.0,0.0,0.0,4.946861,0.0,1.9283653,0.0,4.999489,0.0,0.0,0.0,0.0,7.7686687,0.0,0.0,0.0,0.1660594,8.100853,0.0,0.0,0.0,7.1193666,0.0,0.0,0.0,0.0,0.0,0.0,0.0,0.0,0.0,0.0,0.0,0.0,0.0,0.0,0.0,0.0,0.0,0.0,0.0,0.0,0.0,10.072643,0.0,0.0,0.0,0.0,0.0,0.0,0.0,0.0,0.0,0.0,0.0,0.0,0.0,0.0,0.6132406,0.0,0.0,0.0,11.55859,0.0,0.0,0.0,0.0,5.580596,0.0,0.0,0.0,0.0,0.0,0.0,0.0,3.2801006,0.0,0.0,5.961615,0.0,2.9297342,0.0,1.3674654,0.1890028,6.908656,0.0,0.0,5.7854695
0.0,2.6546922,0.0,0.0,0.0,0.0,3.09475,0.0,0.0,0.0,7.0708094,2.8505259,1.6814278,0.0,0.0,0.0,0.0,0.0,0.0,2.328372,0.0,0.0,0.0,0.0,0.0,0.0,0.0,0.0,4.2962813,0.0,0.0,0.0,0.36746973,1.37064,4.176953,5.3051786,2.3741512,0.0,0.0,8.258002,0.0,0.0,0.0,0.0,0.0,0.0,0.0,0.0,1.2742152,0.0,0.0,6.267126,0.0,0.0,0.0,0.0,0.0,0.0,8.190896,0.0,0.0,0.0,5.864654,2.2983408,0.0,0.0,0.0,0.0,0.0,0.0,0.6065876,0.0,0.0,0.0,0.0,0.0,0.0,0.0,0.0,0.0,0.0,0.0,0.0,0.0,0.0,0.0,0.0,0.0,0.0,0.0,0.0,0.0,0.0,0.0,0.0,0.0,0.0,0.0,4.477498,0.0,0.0,0.0,5.1175056,0.0,0.0,0.0,0.0,0.0,0.0,0.0,1.4571619,0.0,0.0,1.1681727,4.025545,0.0,0.0,0.0,0.0,0.0,0.0,0.0,0.0,0.0,5.417038,0.0,0.0,0.0
0.0,0.0,0.69729716,6.7733526,0.0,0.0,4.0931396,0.0,0.0,0.0,0.0,0.9066811,0.0,0.0,0.0,0.0,0.0,0.0,3.2451384,2.3510237,0.0,0.0,0.0,5.943761,0.0,0.0,0.9379358,0.0,0.0,0.30411354,0.0,0.0,0.0,0.0,0.6160692,0.0,0.0,0.0,0.0,0.0,0.0,0.0,0.0,0.0,0.0,0.0,0.0,0.0,0.0,0.0,0.0,7.80505,0.0,0.0,0.0,0.0,0.0,0.0,0.0,0.0,0.0,0.0,1.7195693,1.9918767,0.0,0.0,0.0,1.2895352,0.0,8.280368,3.1612558,0.0,0.0,0.0,1.8588634,0.0,2.9931636,0.0,0.0,0.0,2.979593,0.0,0.0,0.0,0.0,3.3023655,0.0,0.0,0.0,0.0,0.0,2.5896072,0.0,0.0,0.0,0.0,0.0,0.0,0.0,0.0,0.0,0.0,0.0,0.0,5.1085563,0.0,0.0,0.0,0.0,0.0,0.0,0.0,0.0,4.2127085,7.1846457,1.7739639,0.0,0.0,0.0,0.0,0.0,0.0,0.0,0.0,0.0,1.0489082,0.32370353,0.0
0.0,9.289862,0.0,6.91908,0.0,0.0,0.0,0.0,0.0,0.0,0.0,4.4882936,7.1695957,0.0,0.0,8.587239,0.0,0.0,0.9760258,16.2719,0.0,0.0,0.0,0.0,0.0,0.0,0.0,0.0,0.94869506,0.0,0.0,0.0,0.45151013,0.0,0.0,5.0848565,0.0,0.0,0.0,0.18403232,4.5682306,0.0,0.0,0.0,0.0,0.0,0.0,13.492844,0.0,0.0,0.0,11.780115,0.0,0.0,0.0,0.0,7.640399,0.0,0.0,0.0,0.0,0.0,0.0,8.887238,0.0,0.0,0.0,0.0,0.0,0.0,15.133425,0.0,0.0,0.0,0.0,0.0,8.168056,0.0,0.0,0.0,12.97263,0.0,0.0,7.4723415,0.0,0.0,0.0,0.0,0.0,0.0,0.0,0.0,0.0,0.0,0.0,0.0,0.0,0.0,0.0,0.0,0.0,0.0,9.391728,0.0,3.2195482,0.0,4.583049,0.0,0.0,0.0,0.0,0.0,0.0,0.0,1.4354699,0.0,0.0,0.0,0.0,2.6081467,0.0,0.0,0.0,0.0,0.0,0.0,0.0,0.0
0.0,0.0,0.0,8.393716,0.0,0.0,4.0810013,0.0,0.0,0.0,0.0,0.0,1.2743229,0.0,0.0,0.0,0.0,0.0,4.293142,8.389214,0.0,0.0,0.0,2.9760318,0.0,0.0,2.790888,0.0,0.0,0.0,0.0,4.226915,9.402874,1.3782442,0.0,0.0,0.0,0.0,10.074892,0.0,0.0,0.0,0.0,0.0,0.0,0.0,0.0,0.0,0.0,0.0,2.2864158,0.0,0.0,0.0,0.0,0.0,11.248083,0.0,0.1692113,0.0,0.0,11.550275,0.0,0.0,0.0,3.046795,0.0,0.0,0.0,10.096524,0.0,0.0,0.0,0.0,2.393041,0.0,0.0,0.0,0.0,0.0,2.9176903,0.0,0.0,9.257038,0.0,0.0,0.0,0.0,0.0,0.0,0.0,3.4700358,0.0,0.0,0.0,6.26942,0.0,0.0,0.0,0.0,0.0,0.0,0.0,0.0,0.0,0.0,0.0,0.0,0.0,0.0,0.0,2.0062182,0.0,0.0,0.0,0.0,0.0,0.0,0.0,0.0,9.493404,0.0,0.0,2.698056,0.0,0.0,0.0,0.6098881
0.0,0.0,0.0,0.0,2.0654151,0.9192472,0.0,0.0,0.0,0.0,0.0,0.0,4.365027,0.0,0.0,4.409697,0.0,2.9814036,0.0,0.0,0.0,0.0,0.0,0.31830773,0.0,0.0,0.21160045,0.0,0.7237997,0.0,0.0,0.0,1.3709221,0.0,2.2982595,0.0,0.0,0.0,0.0,0.0,0.0,0.0,0.0,0.0,0.0,0.0,0.0,0.0,0.0,0.0,0.0,4.3813305,0.0,0.0,0.0,0.0,0.0,4.444318,0.0,0.0,0.0,0.0,0.0,0.0,0.0,0.0,0.0,7.9537277,0.0,4.624096,0.0,0.21083213,0.0,0.0,0.0,0.0,10.117549,0.0,0.0,0.0,5.5205765,0.0,0.0,0.0,0.0,0.0,0.0,0.0,0.0,0.0,0.0,0.0,0.0,2.799076,0.0,0.0,0.0,0.0,0.0,0.0,0.0,0.0,0.0,0.14759664,0.0,0.0,0.0,0.0,0.0,0.0,3.6251585,0.0,0.6115725,0.0,0.0,4.185956,0.0,0.0,0.0,0.0,0.0,0.0,0.0,0.0,4.959753,0.0,0.0,0.0
0.0,0.0,0.0,0.0,0.0,0.0,3.1935508,0.0,0.0,0.0,1.3436238,0.0,0.0,0.0,0.0,0.0,0.0,2.706548,2.8571348,0.0,0.0,0.0,0.0,2.8850694,0.0,0.0,0.0,0.0,1.035069,0.0,0.0,0.0,3.11506,0.0,6.16029,0.0,0.0,0.0,0.0,0.0,3.7255757,0.0,0.0,0.0,0.0,5.0211964,0.0,0.0,2.5212061,0.0,0.79512966,7.915465,0.0,0.0,0.0,0.0,0.0,1.128527,0.3173323,0.0,0.0,0.0,0.1764981,2.1217897,0.0,0.0,0.0,3.6872232,0.0,3.0754037,0.0,0.0,0.0,0.0,0.0,0.0,6.8010416,0.0,0.0,0.0,7.012001,0.0,0.0,0.0,0.0,0.0,0.0,0.0,0.0,0.0,0.0,0.0,0.0,2.360545,0.0,0.0,0.0,0.0,0.0,0.0,0.0,0.0,0.0,0.0,0.0,0.0,0.0,0.0,0.0,0.0,4.8235793,0.0,3.459234,5.816837,4.242271,0.0,0.0,0.0,0.0,0.0,0.0,0.0,0.0,0.0,4.792669,0.0,0.0,0.0
0.0,0.0,0.0,0.0,0.0,0.0,0.0,0.0,0.0,0.0,0.085528925,0.0,0.0,0.0,0.0,0.0,0.0,3.4833581,2.4579186,0.0,0.0,0.0,0.0,4.3930254,0.0,0.0,0.0,0.0,2.0968986,0.0,0.0,0.0,3.0387084,0.0,3.6800494,0.0,0.0,0.0,0.0,0.0,2.5672116,0.0,0.0,0.0,0.0,1.5396097,0.0,0.0,0.0,0.0,1.4531281,5.8158493,0.0,0.0,0.0,0.0,0.41008055,3.111745,0.0,0.0,0.0,0.0,0.0,0.0,0.0,0.0,0.0,2.8676987,0.0,3.9989512,0.0,0.19462049,0.0,0.0,0.0,0.0,7.196945,0.0,0.0,0.0,4.7305136,0.0,0.0,0.0,0.0,0.0,0.0,0.0,0.0,0.0,0.0,0.0,0.0,5.5069523,0.0,0.0,0.0,0.0,0.0,0.0,0.0,0.0,0.0,0.0,0.0,0.0,0.0,0.0,0.0,0.0,3.6850073,0.0,3.013412,4.567773,2.2337716,0.55004424,0.0,0.0,0.0,0.0,0.0,0.0,0.0,0.0,1.3673995,0.0,0.0,0.0
0.0,0.9051192,1.4685484,2.4784055,0.0,0.0,0.0,0.0,0.0,0.0,7.9319158,4.377876,3.3064134,0.0,0.0,0.0,0.0,0.0,0.0,0.45398116,0.0,0.0,0.0,0.0,0.0,0.0,0.0,0.0,3.2695804,0.0,0.0,0.0,0.0,0.0,1.4804292,2.9652395,0.0,0.0,0.0,5.253152,0.0,0.0,0.0,0.0,0.0,0.0,0.0,0.0,0.0,0.0,0.0,4.7540116,0.0,0.0,0.0,0.0,0.0,0.25818634,3.8435407,0.0,0.0,0.0,1.1759869,0.0,0.0,0.0,0.0,0.0,0.0,0.0,2.5529404,0.0,0.0,0.0,0.0,0.0,0.0,0.0,0.0,0.0,0.18768106,0.0,0.0,0.0,0.02690027,0.0,0.0,2.9637778,0.0,0.0,0.0,0.0,0.0,0.0,0.0,0.0,0.0,0.0,2.427779,0.0,0.0,0.0,2.6975322,0.37657914,0.0,0.0,0.0,0.0,0.0,0.0,0.0,2.7495654,0.0,0.0,3.7704904,1.6374216,0.0,0.0,0.0,0.0,0.0,0.0,0.0,0.0,2.8679054,0.0,0.0,0.0
0.0,0.0,0.0,0.0,0.5327559,0.0,1.457722,0.0,0.0,0.0,3.0679758,0.0,1.4788598,0.0,0.0,0.0,0.0,1.9768476,0.45791867,0.0,0.0,0.0,0.0,0.8877648,0.0,0.0,0.0,0.0,4.165575,0.0,0.0,0.0,3.4418533,0.0,6.5595193,0.0,0.0,0.0,0.0,0.0,5.9319596,0.0,0.0,0.0,0.0,0.0,0.0,0.0,0.0,0.0,1.4416339,5.199178,0.0,0.0,0.0,0.0,0.0,3.064736,0.0,0.0,0.0,0.0,0.0,0.0,0.0,0.0,0.0,8.012513,0.0,7.0325055,0.0,0.0,0.0,0.0,0.0,0.0,9.146365,0.0,0.0,0.0,6.06479,0.0,0.0,0.0,0.0,0.0,0.0,0.0,0.0,0.0,0.0,0.0,0.0,5.3982906,0.0,0.0,0.0,0.0,0.0,0.0,0.0,0.0,0.0,0.0,0.0,0.0,0.0,0.0,0.0,0.0,1.1379457,0.0,1.5904709,4.4923725,3.1850624,2.5485451,0.0,0.0,0.0,0.0,0.0,0.0,0.0,0.0,3.992161,0.0,0.0,0.0
0.0,0.0,0.0,2.8594902,0.0,0.0,0.0,0.0,0.0,0.0,0.0,0.0,0.0,0.0,0.0,0.0,0.0,0.0,1.0787122,0.0,0.0,0.0,3.007149,0.0,0.0,0.0,2.1436348,0.0,0.0,2.7726378,0.0,1.230411,8.705417,0.0,0.0,0.0,0.0,0.0,0.0,0.10684197,0.0,0.0,0.0,0.0,0.0,0.0,0.0,0.0,0.0,0.0,0.0,0.0,0.0,0.0,0.0,0.0,2.4439054,0.22107306,0.0,0.0,0.0,7.5301704,0.0,0.0,0.0,0.0,0.0,1.4358007,0.0,6.9855075,0.0,3.403223,0.0,0.0,0.0,0.0,8.869441,0.0,0.0,0.0,7.9531174,0.0,0.0,1.5301331,0.0,0.0,0.0,0.0,0.0,0.0,0.0,0.911484,0.0,0.47255266,0.0,0.0,0.0,0.0,0.0,0.0,0.0,0.0,0.0,0.0,0.0,0.0,0.0,0.05118051,0.0,0.0,0.0,0.0,3.0526173,0.0,0.0,4.4173527,0.0,0.0,0.0,0.0,0.0,0.0,0.0,8.108157,0.0,3.5819864,0.0,0.0
0.0,0.0,0.0,6.6787643,0.0,0.0,0.0,0.0,0.0,0.0,8.213707,6.1030087,3.68885,0.0,0.0,0.0,0.0,0.0,0.0,0.0,0.0,0.0,0.048365626,0.0,0.0,0.0,0.0,0.0,0.0,0.0,0.0,0.0,1.2625395,5.8635597,0.7798402,5.9127784,0.0,0.0,0.58218485,3.7772093,0.0,0.0,0.0,0.0,0.0,0.0,0.0,0.0,0.0,0.0,0.0,4.157666,0.0,0.0,0.0,0.0,0.0,5.772263,4.6700835,0.0,0.0,0.0,0.0,0.0,0.0,0.0,0.0,0.0,0.0,0.0,0.0,0.0,0.0,0.0,6.4800606,0.0,0.0,0.0,0.0,0.0,0.0,0.0,0.0,0.28905854,2.269932,0.0,0.0,1.0772631,0.0,0.0,0.0,2.3135498,0.0,0.0,0.0,0.84064746,0.0,0.0,5.3159275,0.0,0.0,0.0,4.58846,0.042718194,0.0,0.0,0.0,0.0,0.0,0.0,0.0,3.1088219,0.0,0.0,4.6277423,2.8678858,0.0,0.0,0.0,4.1314707,0.0,0.0,0.0,0.0,3.8033078,0.0,0.0,0.0
0.0,0.0,0.0,0.0,1.9449193,0.0,0.0,0.0,0.0,0.0,1.2777729,0.0,0.59022355,0.0,0.0,0.0,0.0,9.310488,4.16192,0.0,0.0,0.0,0.0,3.5264509,0.0,0.0,0.0,0.0,6.4507713,0.0,0.0,0.0,0.0,0.0,11.524582,0.0,0.0,0.0,0.0,0.0,0.0,0.0,0.0,0.0,0.0,0.0,0.0,0.0,3.4547708,0.0,5.0223765,3.8207674,0.0,0.0,0.0,0.0,2.6385612,0.0,0.38117662,0.0,0.0,0.0,0.0,0.38522688,0.6391377,0.0,0.0,1.1322229,0.0,1.6161557,4.40746,0.0,0.0,0.0,0.0,0.0,4.6969767,0.0,0.0,0.0,5.035863,0.0,0.0,0.36805007,0.0,0.0,0.0,0.0,0.0,0.0,0.0,0.0,0.0,9.278125,0.0,0.0,0.0,0.0,0.0,0.0,0.0,0.0,0.0,0.0,0.0,0.0,0.0,0.0,0.0,0.0,9.45892,0.0,5.8527474,7.980472,0.0,0.7045771,0.0,0.0,0.0,0.0,0.0,0.0,0.0,0.0,5.885306,0.0,0.0,0.0
0.0,0.0,0.0,0.0,0.0,0.0,3.5709753,0.0,0.0,0.0,0.0,0.0,0.0,0.0,0.0,3.4520485,0.0,11.12878,6.377512,7.614878,0.0,0.0,1.4175204,9.144019,0.0,0.0,0.0,0.0,0.0,0.0,0.0,0.0,1.4635603,0.0,0.0,5.4672084,0.37851954,0.0,0.0,0.0,0.0,0.0,0.0,3.116291,0.0,0.0,0.0,1.1019555,0.0,0.0,0.0,0.0,1.0775605,0.0,0.0,0.0,4.7565584,0.0,0.0,0.0,0.0,4.0197306,0.0,1.9905721,0.0,0.0,0.0,0.0,0.0,6.815762,6.1871915,0.0,0.0,0.0,0.0,0.0,0.0060580745,0.0,0.0,0.0,0.0,2.8364916,0.0,11.075724,0.0,0.0,0.0,0.0,0.0,0.0,0.0,0.0,0.0,0.0,0.0,0.0,0.0,0.0,0.0,0.0,0.0,0.0,10.88023,3.1065493,1.8869241,0.0,0.0,0.0,0.0,0.0,4.619887,0.0,0.0,0.0,0.0,5.078454,0.0,0.0,0.0,0.0,2.4543848,0.0,0.0,0.0,0.0,0.0,0.0,0.45579016
0.0,0.0,0.0,0.0,0.0,0.0,6.8275967,0.0,0.0,0.0,5.588033,0.11094944,0.0,0.0,0.0,0.0,0.0,0.0,0.0481778,0.0,0.0,0.0,0.0,4.332524,0.0,0.0,5.498356,0.0,0.0,2.839967,0.0,0.0,0.0,5.459134,0.5169179,0.0,0.0,0.0,2.5582507,0.0,0.0,0.0,0.0,0.0,0.0,6.218511,0.0,0.0,5.697922,0.0,0.083100565,8.2258,0.0,0.0,0.0,0.0,0.0,7.1573153,8.454801,0.0,0.0,0.0,4.775411,1.2203892,0.0,0.0,0.0,1.1927583,0.0,0.0,0.0,0.0,0.0,0.0,0.0,0.0,0.0,0.0,0.0,0.0,0.0,0.0,0.0,0.0,0.0,0.0,0.0,0.0,0.0,0.0,0.0,0.0,0.0,0.0,0.0,0.0,0.0,0.0,3.9560204,0.0,0.0,0.0,0.0,1.0397105,3.3861,0.0,2.6538603,0.0,0.0,0.0,1.9887826,0.0,0.0,3.3511271,1.8492093,0.0,0.0,0.0,0.0,0.0,0.0,0.0,0.0,0.0,0.0,0.0,0.0,0.0
0.0,4.453788,0.0,0.0,0.0,0.0,4.1094265,0.0,0.0,0.0,0.0,0.0,0.0,0.0,0.0,4.1506715,0.0,4.650669,0.6127079,4.55933,0.0,0.0,0.0,0.0,0.0,0.0,1.7175828,0.0,0.0,0.0,0.0,0.0,0.0,0.0,5.976441,0.0,0.0,0.0,0.0,1.1376113,0.0,0.0,0.0,2.7256498,0.0,0.0,0.0,0.0,0.0,0.0,0.0,7.8431945,0.0,0.0,0.0,0.0,2.9710433,0.0,0.0,0.0,0.0,0.0,0.75724906,0.82992357,0.0,0.0,0.0,0.0,0.0,7.134305,10.698445,0.0,0.0,0.0,0.0,0.0,9.22942,0.0,0.0,0.0,0.0,0.508188,0.0,0.0,0.0,0.0,0.0,0.0,0.0,0.0,0.0,0.0,0.0,0.0,0.0,0.0,0.0,0.0,0.36279994,0.0,0.0,0.0,0.0,3.079485,0.0,0.0,0.0,0.0,0.0,0.0,11.00964,0.0,0.0,4.391359,0.7390985,0.0,0.0,0.0,0.0,3.5046096,0.0,0.0,0.0,0.0,0.0,0.07000796,0.0,0.0
0.0,0.0,0.0,3.7807412,0.0,0.0,5.810087,0.0,0.0,0.0,0.4757112,0.0,0.0,0.0,0.0,0.0,0.0,0.0,2.6245608,0.0,0.0,0.0,0.0,4.3006787,0.0,0.0,2.7501268,0.0,0.0,0.0,0.0,0.0,0.0,2.4893878,1.6066048,0.0,0.0,0.0,0.0,0.0,0.0,0.0,0.0,0.0,0.0,1.9589064,0.0,0.0,0.0,0.0,0.0,4.2062764,0.0,0.0,0.0,0.0,0.0,2.691969,0.0,0.0,0.0,0.0,0.0,2.2979963,0.0,0.0,0.0,0.5332379,0.0,9.506954,0.0,0.0,0.0,0.0,1.0621774,0.0,2.7139764,0.0,0.0,0.0,0.77190155,0.0,0.0,0.0,0.0,0.0,0.0,0.0,0.0,0.0,0.0,1.7963946,0.0,0.0,0.0,0.89978486,0.86967117,0.0,0.0,0.0,0.0,0.0,0.0,0.6995314,1.7730467,0.0,0.0,0.0,0.0,0.0,2.3226006,0.0,0.0,3.7714853,2.771458,0.0,0.0,0.0,0.0,5.113677,0.0,0.0,0.0,0.0,0.8814193,2.019798,0.25463316,0.0
0.0,0.0,0.0,0.0,0.0,0.0,0.0,0.0,0.0,0.0,7.8748274,4.676179,0.0,0.0,0.0,0.0,0.0,0.0,0.0,0.0,0.0,0.0,4.4204507,0.57457215,0.0,0.0,5.544163,0.0,0.0,1.5080823,0.0,0.0,0.0,1.5610517,2.7262545,0.0,0.0,0.0,0.0,0.0,0.0,0.0,0.0,0.0,0.0,0.0,0.0,0.0,0.0,0.0,4.068784,2.087528,0.0,0.0,0.0,0.0,0.0,5.0707874,3.3907979,0.0,0.0,0.0,0.0,0.5281374,0.0,0.0,0.0,4.575248,0.0,10.639561,0.0,0.0,0.0,0.0,0.0,0.0,0.0,0.0,0.0,0.0,0.0,0.0,0.0,3.2664664,0.0,0.0,0.0,2.288621,0.0,0.0,0.0,0.34494945,0.0,0.0,0.0,0.0,0.0,0.0,2.9958146,0.0,0.0,0.0,0.0,2.2792776,4.5445695,0.0,0.0,0.0,0.0,0.0,0.0,2.5656743,0.0,0.51030314,0.0,1.4490184,0.0,0.0,0.0,3.6010547,0.0,0.0,0.4911151,0.0,0.0,0.0,0.0,0.0
0.0,0.0,2.9084547,0.0,2.4445632,0.0,3.1186683,0.0,0.0,0.0,0.2999988,0.0,0.0,0.0,0.0,0.0,0.0,0.63319755,0.0,0.0,0.0,0.0,0.0,4.2070537,0.0,0.0,0.0,0.0,0.0,0.0,0.0,0.0,0.0,1.6510594,2.2851136,3.3358717,0.0,0.0,0.0,0.0,0.0,0.0,0.0,0.0,0.0,0.0,0.0,0.0,0.0,0.0,3.0960853,3.0195653,0.0,0.0,0.0,0.0,0.0,0.78013843,2.0638833,0.0,0.0,0.0,5.228565,0.0,0.0,0.0,0.0,0.0,0.0,2.2487023,4.7634664,0.0,1.4111302,0.0,0.52038175,0.0,0.0,0.0,0.0,0.0,0.0,4.719211,0.0,0.8384308,0.0,0.0,0.0,1.1096952,0.0,0.0,0.0,0.0,0.0,0.0,0.0,0.0,0.0,0.0,3.7118046,0.0,0.0,0.0,0.0,5.6717825,1.5060627,0.0,0.0,0.0,0.0,0.0,2.8267565,2.8656507,3.2500565,5.2553473,0.0,0.0,0.0,0.0,0.0,0.0,0.0,0.0,0.0,0.0,0.0,0.0,0.0,0.97136784
0.0,0.0,0.0,0.0,0.0,0.6053094,0.0,0.0,0.0,0.0,0.0,0.0,3.6664555,0.0,0.0,0.0,0.0,6.1161685,0.0,0.0,0.0,0.0,0.0,1.066643,0.0,0.0,0.0,0.0,1.4580189,0.0,0.0,0.0,7.6591735,1.3579723,0.06674841,0.0,0.0,0.0,0.0,0.039386466,7.3134675,0.0,0.0,2.0191379,0.0,0.0,0.0,0.0,0.0,0.0,2.2134197,1.5233572,0.0,0.0,0.0,0.0,1.7368436,0.44286078,2.6813626,0.0,0.0,0.0,0.0,0.0,0.0,0.0,0.0,2.5564787,0.0,1.1387962,1.0399381,0.0,0.0,0.0,0.0,0.0,6.816649,0.0,0.0,0.0,11.749511,0.0,0.0,0.0,0.0,0.0,0.0,0.0,0.0,0.0,0.0,0.0,0.0,0.50495267,0.0,0.0,0.0,0.0,0.0,0.0,0.0,0.0,0.0,0.0,0.0,0.0,0.0,0.0,0.0,0.0,0.0,0.0,1.7674253,1.611504,0.97275764,0.6460754,0.0,0.0,0.0,0.0,0.0,0.0,0.0,0.0,5.8406487,0.0,0.0,0.0
0.0,0.0,0.0,4.685315,0.0,0.0,0.64315295,0.0,0.0,0.0,0.0,0.0,0.0,0.0,0.0,0.0,0.0,5.036156,4.807342,0.0,0.0,0.0,0.0,1.1949228,0.0,0.0,0.0,0.0,1.363242,0.0,0.0,0.0,0.0,0.63181454,0.0,0.0,1.8156121,0.0,0.0,0.0,0.0,0.0,0.0,0.0,0.0,0.0,0.0,0.0,5.9573555,0.0,0.58937114,6.488932,0.0,0.0,0.0,0.0,9.493858,3.2734516,0.0,0.0,0.0,0.0,5.4827337,2.401891,0.0,0.0,0.0,0.0,0.0,0.0,8.450636,0.0,0.0,0.0,3.8551319,0.0,2.591024,0.0,0.0,0.0,0.0,0.0,0.0,0.0,0.0,0.59374475,0.0,0.0,0.0,0.0,0.0,1.6579589,0.0,0.0,0.0,0.0,0.0,0.0,1.7717828,0.0,0.0,0.0,3.3541214,0.0,0.0,0.0,0.0,0.0,0.0,0.0,0.0,0.0,0.0,1.5968437,5.956503,0.0,0.0,0.0,0.0,0.0,0.0,0.0,0.0,0.0,3.3919797,0.0,0.0,0.0
0.0,0.0,0.0,1.3844851,0.0,0.0,2.6446579,0.0,0.0,0.0,0.0,4.636914,0.0,0.0,0.0,4.001031,0.0,0.0,0.0,4.2556467,0.0,0.0,4.974375,3.9775946,0.0,0.0,0.0,0.0,0.0,0.0,0.0,0.0,0.0,0.95585454,0.0,0.0,0.0,0.0,3.9529371,0.0,0.0,0.0,0.0,0.0,0.0,0.0,0.0,0.0,0.0,0.0,0.0,0.0,0.0,0.0,0.0,0.0,0.0,0.6980777,11.052725,0.0,0.0,0.0,0.0,0.0,0.0,0.0,0.0,0.0,0.0,7.947946,0.0,0.0,0.0,0.0,0.0,0.0,0.0,0.0,0.0,0.0,0.0,0.0,0.0,2.5465422,0.0,6.074416,0.0,0.0,0.0,0.0,0.0,1.9063277,0.0,0.0,0.0,0.0,0.0,0.0,2.5174124,0.0,0.0,0.0,8.68006,0.0,2.0429251,0.0,0.0,0.0,0.0,0.0,0.0,0.36245072,0.0,0.0,0.0,0.0,0.0,0.0,0.0,0.0,0.0,0.0,2.7387872,0.0,0.0,0.0,0.0,0.0
0.0,0.32417452,2.4609036,0.0,0.0,0.0,0.0,0.0,0.0,0.0,7.0691605,0.4875019,2.8773212,0.0,0.0,0.0,0.0,0.34421906,0.53662944,0.8889736,0.0,0.0,0.0,0.0,0.0,0.0,0.0,0.0,5.4161134,0.0,0.0,0.0,0.0,0.0,3.583385,0.86152816,0.0,0.0,0.0,4.925477,0.0,0.0,0.0,0.0,0.0,0.0,0.0,0.0,0.0,0.0,0.9929595,5.23962,0.0,0.0,0.0,0.0,0.0,0.0,3.7962317,0.0,0.0,0.0,2.5768127,0.0,0.0,0.0,0.0,0.0,0.0,0.7344148,7.075469,0.0,0.0,0.0,0.0,0.0,0.1969653,0.0,0.0,0.0,3.4576442,0.0,0.0,0.0,0.0,0.0,0.0,3.5524824,0.0,0.0,0.0,0.0,0.0,0.0,0.0,0.0,0.0,0.0,0.0,0.0,0.0,0.0,1.5539792,0.0,0.0,0.0,0.0,0.0,0.0,0.0,0.0,1.8335323,0.0,3.5995667,4.342288,0.0,0.0,0.0,0.0,0.0,0.0,0.0,0.0,0.0,4.821324,0.0,0.0,0.0
0.0,0.0,0.0,0.0,0.0,2.1878593,0.0,0.0,0.0,0.0,0.0,0.0,0.0,0.0,0.0,1.4197263,0.0,6.2072434,0.0,0.0,0.0,0.0,0.0,1.9676254,0.0,0.0,0.0,0.0,0.0,0.0,0.0,0.0,6.497305,0.0,0.0,0.0,0.0,0.0,0.0,0.0,0.0,0.0,0.0,2.1565328,0.0,0.0,0.0,0.0,0.0,0.0,0.0,0.0,0.0,0.0,0.0,0.0,0.0,0.0,0.0,0.0,0.0,0.0,0.0,0.0,0.0,0.0,0.0,5.4928637,0.0,10.923323,4.386403,0.0,0.0,0.0,0.0,0.0,10.369489,0.0,0.0,0.0,7.9336014,0.0,0.0,0.0,0.0,0.0,0.0,0.0,0.0,0.0,0.0,0.0,0.0,0.0,0.0,0.0,0.0,0.0,0.0,0.0,0.0,0.0,0.0,0.0,0.0,0.0,0.0,0.0,0.0,0.0,0.95570207,0.0,0.0,0.0,0.0,4.536994,0.0,0.0,0.0,0.0,0.0,0.0,0.0,0.0,3.1326058,0.0,0.0,0.0
0.0,0.0,1.4534738,0.0,0.5843788,0.0,5.2159123,0.0,0.0,0.0,0.1791425,0.0,0.0,0.0,0.0,2.046382,0.0,3.1524868,0.51606625,0.0,0.0,0.0,0.0,1.6414028,0.0,0.0,0.22703868,0.0,0.0,1.3577048,0.0,0.0,0.0,0.5032858,3.403542,0.6100199,0.0,0.0,0.29881692,0.0,0.0,0.0,0.0,0.0,0.0,0.0,0.0,0.0,0.0,0.0,1.4096159,3.5112636,0.0,0.0,0.0,0.0,0.40711892,1.1931828,0.9188698,0.0,0.0,1.1343946,6.2535954,3.383296,0.0,0.0,0.0,0.0,0.0,4.599763,6.2287636,0.0,0.0,0.0,2.140775,0.0,0.0,0.0,0.0,0.0,0.0,5.063307,0.0,0.0,0.0,0.0,0.0,0.0,0.0,0.0,0.0,0.0,0.0,0.0,0.0,0.0,0.0,0.0,1.515809,0.0,0.0,0.0,0.0,1.553649,4.8356657,0.0,0.0,0.0,0.0,0.0,3.2523334,0.0,0.6939708,4.6398354,0.0,0.0,0.0,0.0,0.0,0.0,0.0,0.0,0.0,0.0,0.0,0.0,0.0,0.0
0.0,0.0,0.0,0.0,0.0,0.0,0.0,0.0,0.0,0.0,0.0,0.0,0.0,0.0,0.0,7.4347334,0.0,0.0,0.6442039,0.0,0.0,0.0,1.012203,0.0,0.0,0.0,1.4574921,0.0,0.0,0.0,0.0,0.0,3.5062406,0.0,0.0,0.0,0.0,0.0,0.0,0.0,0.0,0.0,0.0,0.0,0.0,0.0,0.0,0.0,0.0,0.0,4.2903466,0.0,0.0,0.0,0.0,0.0,0.7595333,0.59249616,0.0,0.0,0.0,2.745585,0.0,0.0,0.0,0.0,0.0,7.484083,0.0,8.710097,0.0,4.5776315,0.0,0.0,0.0,0.0,7.0858855,0.0,0.0,0.0,3.22377,0.0,0.0,1.259945,0.0,0.6086063,0.0,0.0,0.0,0.0,0.0,0.0,0.0,6.733942,0.0,0.0,0.0,0.0,0.0,0.0,0.0,0.0,0.0,0.0,0.0,0.0,0.0,0.0,0.0,0.0,5.5968456,0.0,0.0,0.0,0.0,4.5515037,0.0,0.0,0.0,0.0,0.0,0.0,0.0,0.0,0.0,0.0,0.0,0.0
0.0,0.0,0.0,0.0,0.0,0.0,0.0,0.0,0.0,0.0,0.0,0.0,6.233492,0.0,0.0,6.1498938,0.0,0.0,0.0,0.0,0.0,0.0,0.0,0.0,0.0,0.0,1.0571636,0.0,0.0,0.0,0.0,0.0,4.899613,0.0,0.0,0.0,0.0,0.0,0.0,0.0,0.0,0.0,0.0,0.0,0.0,0.0,0.0,0.0,0.0,0.0,0.0,0.44960657,0.0,0.0,0.0,0.0,1.0343449,0.87530535,0.0,0.0,0.0,0.0,0.0,0.0,0.0,0.0,0.0,3.9834092,0.0,3.331701,2.282,1.8226427,0.0,0.0,0.0,0.0,10.90962,0.0,0.0,0.0,7.64086,0.0,0.0,0.0,0.0,0.0,0.0,0.0,0.0,0.0,0.0,1.9680395,0.0,0.0,0.0,0.0,0.0,0.0,0.0,0.0,0.0,0.0,0.0,0.0,0.0,0.0,0.0,6.603938,0.0,0.0,0.0,0.0,0.0,0.0,0.0,5.1680884,0.0,0.0,0.0,0.0,0.0,0.0,0.0,0.0,0.03581489,3.7637143,0.0,0.0
0.0,0.0,0.36121303,2.7880347,0.1697021,0.0,2.9190712,0.0,0.0,0.0,4.036036,2.4992986,0.6464265,0.0,0.0,0.0,0.0,0.0,0.0,0.0,0.0,0.0,0.0,1.2450693,0.0,0.0,0.0,0.0,0.0,0.0,0.0,0.0,0.0,3.504634,2.9395869,1.4868252,0.0,0.0,0.0,0.78406876,0.0,0.0,0.0,0.0,0.0,0.08860322,0.0,0.0,0.0,0.0,0.9975393,8.4717455,0.0,0.0,0.0,0.0,0.0,4.6566677,2.0666094,0.0,0.0,0.0,0.827734,1.0868002,0.0,0.0,0.0,3.0526967,0.0,2.430599,0.77935696,0.0,0.0,0.0,1.4488473,0.0,0.39754993,0.0,0.0,0.0,0.0,0.0,0.0,0.0,0.0,0.0,0.0,0.0,0.0,0.0,0.0,4.3888426,0.0,0.0,0.0,0.0,0.0,0.0,0.0,0.0,0.0,0.0,0.0,1.4588656,0.05963523,0.0,0.0,0.0,0.0,0.0,0.0,0.0,1.8368638,2.629048,1.8259258,0.0,0.0,0.0,0.0,0.0,0.0,0.0,0.0,0.0,2.8747609,0.0,0.0,0.0
0.0,0.0,0.0,2.8500881,0.0,0.0,7.340559,0.0,0.0,0.0,2.6908772,2.8629818,0.0,0.0,0.0,0.0,0.0,0.0,0.835652,0.0,0.0,0.0,0.37967724,0.0,0.0,0.0,0.083132304,0.0,0.0,2.248936,0.0,0.0,0.0,7.694906,1.102637,0.22547586,0.0,0.0,3.9576764,0.0,0.0,0.0,0.0,0.0,0.0,0.5924485,0.0,0.0,0.0,0.0,0.0,3.7924514,0.0,0.0,0.0,0.0,0.0,2.8780072,4.06111,0.0,0.0,0.0,0.0,4.94456,0.0,0.0,0.0,0.0,0.0,8.104127,0.0,0.0,0.0,0.0,0.24688202,0.0,0.0,0.0,0.0,0.0,0.0,0.0,0.0,0.0,0.0,2.0826607,0.0,0.0,0.0,0.0,0.0,5.745605,0.0,0.0,0.0,0.0,0.0,0.0,3.1738558,0.0,0.0,0.0,1.352363,0.0,0.5192788,0.0,0.0,0.0,0.0,0.0,0.0,0.0,0.0,0.0,0.0,0.0,0.0,0.0,0.0,1.80091,0.0,0.0,0.0,0.0,0.0,0.0,0.0,0.0
0.0,0.0,0.0,11.022731,0.0,0.0,0.0,0.0,0.0,0.0,0.0,7.055134,0.0,0.0,0.0,0.0,0.0,0.0,6.760355,0.0,0.0,0.0,4.6772738,2.9229045,0.0,0.0,4.0729723,0.0,0.0,0.0,0.0,0.0,2.8858263,0.0,0.55657274,0.0,0.0,0.0,7.683728,0.0,0.0,0.0,0.0,0.0,0.0,0.0,0.0,0.0,0.0,0.0,10.051201,0.0,0.0,0.0,0.0,0.0,0.0,0.8646961,10.876452,0.0,0.0,5.131675,0.0,0.0,0.0,0.0,0.0,8.433526,0.0,4.7028327,0.0,0.0,0.0,0.0,1.7666861,0.0,0.0,0.0,0.0,0.0,0.0,0.0,0.0,4.5664387,0.0,8.569255,0.0,0.0,0.0,0.0,0.0,0.0,0.0,0.0,0.0,0.0,0.0,0.0,0.0,0.0,0.0,0.0,2.230567,0.0,0.0,0.0,0.0,0.0,0.0,0.0,0.0,5.2874327,0.0,0.0,7.103346,4.7722483,0.0,0.0,0.0,0.0,0.0,0.0,3.5292833,0.0,0.0,0.0,0.0,0.0
0.0,0.0,1.9450517,5.1058183,0.0,0.0,8.624527,0.0,0.0,0.0,0.0,2.0195181,0.0,0.0,0.0,0.0,0.0,4.4705625,6.1471353,0.0,0.0,0.0,0.0,3.8118718,0.0,0.0,0.0,0.0,1.9271305,0.0,0.0,0.0,0.0,0.93234515,0.0,0.0,3.9808705,0.0,0.0,0.0,0.0,0.0,0.0,0.0,0.0,1.487919,0.0,0.0,6.050362,0.0,0.0,10.844732,0.0,0.0,0.0,0.0,5.2187495,1.9716138,4.924606,0.0,0.0,0.0,8.37357,3.399304,0.0,0.0,0.0,0.0,0.0,0.0,3.6633468,0.0,0.0,0.0,0.0,0.0,0.0,0.0,0.0,0.0,0.0,0.0,0.0,0.0,0.0,0.0,0.0,0.0,0.0,0.0,0.0,0.0,0.0,0.0,0.0,0.0,0.0,0.0,0.0,0.0,0.0,0.0,0.0,0.0,0.0,0.0,0.0,0.0,0.0,0.0,0.0,0.0,0.0,0.0,5.384837,0.0,0.0,0.0,0.0,0.0,0.0,0.0,0.0,0.0,0.0,0.0,0.0,0.45380047
0.0,0.0,0.0,0.0,0.0,0.0,0.0,0.0,0.0,0.0,0.0,5.066917,1.6083947,0.0,0.0,0.0,0.0,3.5791786,0.0,0.0,0.0,0.0,0.0,0.0,0.0,0.0,0.0,0.0,3.6387239,0.0,2.7980316,0.0,0.0,0.0,6.109528,8.343267,3.6745107,0.0,0.0,7.1973596,0.0,0.0,0.0,0.0,0.0,0.0,0.0,0.0,1.8114277,0.0,5.2540684,7.1216497,0.0,0.0,0.0,0.0,3.0201793,4.894556,0.0,0.0,0.0,0.0,2.0224721,0.0,0.0,0.0,0.0,0.0,0.0,0.0,8.691852,0.0,6.626781,0.0,1.9038745,0.0,0.0,0.0,0.0,0.0,0.0,0.0,0.0,3.6948307,0.0,0.0,0.0,0.0,0.0,0.0,0.0,0.0,0.0,0.0,0.0,0.0,0.0,0.0,0.0,0.0,0.0,0.4727867,0.3356151,1.4952188,0.0,0.0,0.0,0.0,0.0,0.0,0.0,3.644741,1.9897316,0.4099914,0.0,0.0,0.0,0.0,0.0,0.0,0.0,0.0,0.0,0.0,3.131599,0.0,0.0,0.0
0.0,0.0,0.0,0.0,0.0,0.0,1.7344419,0.0,0.0,0.0,3.0311515,1.7024974,0.0,0.0,0.0,0.0,0.0,0.0,0.0,0.0,0.0,0.0,4.8748245,6.449808,0.0,0.0,7.4688454,0.0,0.0,6.6137605,0.0,0.0,0.42336655,0.10514591,0.0,0.0,0.0,0.0,0.0,0.0,0.0,0.0,0.0,0.0,0.0,0.0,0.0,0.0,0.0,0.0,0.0,0.0,0.0,0.0,0.0,0.0,0.0,0.0,2.5917294,0.0,0.0,0.0,0.0,0.0,0.0,0.0,0.0,1.1221046,0.0,16.373547,1.2862388,0.0,0.0,0.0,0.0,0.0,0.097721785,0.0,0.0,0.0,0.38301283,0.0,0.0,4.540488,0.0,3.6065264,0.0,0.0,0.0,0.0,0.0,0.0,0.0,0.0,0.0,0.0,0.0,0.0,0.0,0.0,0.0,0.0,0.0,0.03490357,6.212527,0.0,1.0761883,0.0,0.0,0.0,0.0,0.0,0.0,0.0,0.0,4.341967,0.0,0.0,0.0,0.35347804,0.0,0.0,0.0,0.0,0.0,0.0,0.0,0.0
0.0,0.0,3.9557955,2.6033447,0.0,0.0,9.805231,0.0,0.0,0.0,4.767635,2.007707,0.0,0.0,0.0,1.0582533,0.0,0.0,0.0,4.4083605,0.0,0.0,0.0,2.5253782,0.0,0.0,2.7145073,0.0,0.0,0.12194877,0.0,0.0,0.0,6.4209485,1.9265378,0.0,0.0,0.0,0.0,0.0,0.0,0.0,0.0,0.0,0.0,0.0,0.0,0.0,0.0,0.0,0.0,6.909332,0.0,0.0,0.0,0.0,0.0,3.6463015,4.7220373,0.0,0.0,0.0,0.5949782,0.62248266,0.0,0.0,0.0,0.071886554,0.0,6.934499,0.51621187,0.0,0.0,0.0,0.0,0.0,0.0,0.0,0.0,0.0,0.0,0.0,0.0,0.0,0.0,0.0,0.0,0.0,0.0,0.0,0.0,3.7361777,0.0,0.0,0.0,0.0,0.9464642,0.0,2.4565275,0.0,0.0,0.0,0.0,3.6502452,0.0,0.0,0.0,0.0,0.0,0.0,0.45164332,0.0,0.0,0.0,3.4335623,0.0,0.0,0.0,0.0,2.0667617,0.0,0.0,0.0,0.0,3.1164048,0.0,0.2518286,2.09367
0.0,0.0,0.0,0.0,0.0,0.0,0.0,0.0,0.0,0.0,0.0,5.0411544,2.2247484,0.0,0.0,0.0,0.0,0.0,3.027873,0.0,0.0,0.0,10.35511,0.0,0.0,0.0,4.095904,0.0,0.0,0.0,0.0,1.9358256,0.0,0.0,0.0,5.9423575,0.0,0.44882923,0.0,0.0,0.0,0.0,0.0,0.0,0.0,0.0,0.0,0.0,0.0,0.0,0.0,0.0,0.0,0.0,0.0,0.0,0.4613085,9.4062195,0.0,0.0,0.0,0.0,0.0,0.0,0.0,0.0,0.0,0.4893455,0.0,2.302836,7.3303943,0.0,0.0,0.0,12.64192,0.0,0.0,0.0,0.0,0.0,0.0,0.0,0.0,2.9127548,1.1410246,0.0,0.0,4.4244404,0.0,0.0,0.0,8.321032,0.0,0.0,0.0,0.0,0.0,0.0,9.158814,0.0,0.0,0.0,10.268992,0.0,0.0,0.0,0.0,0.0,0.0,0.0,0.0,5.095917,0.0,0.0,0.9873659,9.7471075,6.0165815,0.0,0.0,0.0,0.0,0.0,3.2086399,0.0,0.0,0.0,0.0,0.0
0.0,0.0,0.0,1.4481399,0.0,0.0,10.291191,0.0,0.0,0.0,2.263173,0.0,2.1112943,0.0,0.0,0.0,0.0,0.0,4.4667892,0.0,0.0,0.0,0.0,2.4259472,0.0,0.0,5.0049934,0.0,0.0,0.0,0.0,0.0,0.0,0.0,5.8404727,0.0,0.0,0.0,0.8565356,0.0,0.0,0.0,0.0,0.0,0.0,4.6509323,0.0,0.0,2.9370196,0.0,0.0,12.644605,0.0,0.0,0.0,0.0,0.0,8.061823,0.0,0.0,0.0,0.0,4.061595,1.6078789,0.0,0.0,0.0,1.4580363,0.0,0.73009366,0.0,0.0,0.0,0.0,0.0,0.0,3.4425077,0.0,0.0,0.0,0.0856434,0.0,0.0,0.0,0.0,0.0,0.0,0.0,0.0,0.0,0.0,2.2159572,0.0,0.0,0.0,0.0,0.0,0.0,0.0,0.0,0.0,0.0,0.0,2.304884,1.92915,0.0,0.0,0.0,0.0,0.0,4.921309,0.0,3.9683745,5.0398064,5.26975,0.0,0.0,0.0,0.0,1.1787969,0.0,0.0,0.0,0.0,1.4196992,0.0,0.0,0.96819633
0.0,0.0,0.0,0.0,0.0,0.0,2.6419806,0.0,0.0,0.0,1.2430937,0.0,3.7637506,0.0,0.0,2.5696397,0.0,1.8348218,0.0,0.0,0.0,0.0,0.0,0.0,0.0,0.0,0.0,0.0,0.0,0.0,0.0,0.0,5.9699035,0.0,0.0,0.0,0.0,0.0,0.0,0.0,0.0,0.0,0.0,0.14349702,0.0,0.0,0.0,0.0,0.0,0.0,0.0,3.7198033,0.0,0.0,0.0,0.0,0.0,2.2346447,0.0,0.0,0.0,0.0,0.0,0.0,0.0,0.0,0.0,6.7714205,0.0,10.42879,0.7862395,0.0,0.0,0.0,0.0,0.0,13.02439,0.0,0.0,0.0,7.367086,0.0,0.0,0.0,0.0,0.0,0.0,0.0,0.0,0.0,0.0,0.21358596,0.0,0.0,0.0,0.0,0.0,0.0,0.0,0.0,0.0,0.0,0.0,0.0,0.0,0.0,0.0,1.3732486,0.0,0.0,0.0,0.0,0.0,0.0,0.99148524,4.422801,0.0,0.0,0.0,0.0,0.0,0.0,0.0,0.0,2.136756,0.15538175,0.20079315,0.0
0.0,2.6032581,0.0,0.0,0.0,0.0,1.5159326,0.0,0.0,0.0,1.9136375,0.0,0.0,0.0,0.0,0.0,0.0,0.0,4.3391385,0.15804338,0.0,0.0,0.0,2.118384,0.0,0.0,4.793089,0.0,1.9039229,0.22423461,0.0,0.0,0.0,0.0,2.9989693,0.0,0.0,0.0,0.0,0.16306187,0.0,0.0,0.0,0.0,0.0,0.07535136,2.4120908,0.0,4.600982,0.0,0.0,4.1132607,0.0,0.0,0.0,0.0,2.9741092,0.0,0.0,0.0,0.0,0.0,3.34917,2.7781854,0.0,0.0,0.0,0.0,0.0,2.0629132,6.950353,0.0,0.0,0.0,0.0,0.0,4.6057835,0.0,0.0,0.0,0.0,0.0,0.0,0.0,0.0,0.0,0.0,0.0,0.0,0.0,0.0,0.0,0.0,0.43705162,0.0,0.0,0.0,0.0,3.3033257,0.0,0.0,0.0,0.0,3.008736,0.0,0.0,3.445799,0.0,0.0,0.0,7.8299503,0.0,1.2900602,6.057304,0.0,0.10381156,0.0,0.0,0.0,3.9671967,0.0,0.0,0.0,0.0,0.0,0.0,2.4887834,0.0
0.0,0.0,0.0,1.8348613,0.0,0.0,9.610974,0.0,0.0,0.0,0.0,1.2992318,0.0,0.0,0.0,0.0,0.0,0.0,1.5214312,0.0,0.0,0.0,0.0,1.2028083,0.0,0.0,0.7690896,0.0,0.0,0.0,0.0,0.0,0.24488795,0.0,5.243664,0.0,0.0,0.0,0.0,0.0,0.0,0.0,0.0,0.0,0.0,7.23511,0.0,0.0,2.1875112,0.0,0.0,16.32321,0.0,0.0,0.0,0.0,0.0,4.8353176,3.3266666,0.0,0.0,0.0,7.5891414,6.101644,0.0,0.0,0.0,3.0941792,0.0,0.0,0.0,0.0,0.0,0.0,0.0,0.0,4.946235,0.0,0.0,0.0,0.0,0.0,0.0,0.0,0.0,0.0,0.0,0.0,0.0,0.0,0.0,0.0,0.0,0.0,0.0,0.0,0.0,0.0,0.0,0.0,0.0,0.0,0.0,0.30059338,0.0,0.0,0.0,0.0,0.0,0.0,4.5413923,0.0,1.7449849,3.172889,7.2204814,0.0,0.0,0.0,0.0,0.0,0.0,0.0,0.0,0.0,4.142626,1.4847225,0.0,0.0
0.0,0.0,0.0,10.094533,0.0,0.0,9.624059,0.0,0.0,0.0,0.0,0.0,3.8492224,0.0,0.0,0.0,0.0,0.0,8.998335,0.0,0.0,0.0,3.5079217,1.9645278,0.0,0.0,13.18584,0.0,0.0,0.0,0.0,0.0,0.0,5.372734,0.0,0.0,1.773495,0.0,0.0,0.0,0.0,0.0,0.0,0.0,0.0,3.172782,1.5785117,0.0,4.38674,0.0,0.0,4.480051,0.0,0.0,0.0,0.0,2.422951,9.473205,0.0,0.0,0.0,0.0,0.09668529,0.0,0.0,0.0,0.0,0.0,0.0,1.9641428,0.0,0.0,0.0,0.0,0.0,0.0,3.104794,0.0,0.0,0.0,0.0,0.0,0.0,0.0,0.0,0.0,0.0,0.0,0.0,0.0,0.0,0.0,0.0,0.0,0.0,2.4400856,0.0,0.0,8.960462,0.0,0.0,0.0,0.0,1.80842,0.0,0.0,5.444512,0.0,0.0,0.0,0.0,0.0,0.0,0.0,10.877465,0.0,0.0,0.0,0.0,6.7933345,0.0,0.0,0.0,0.0,2.2985682,3.6355026,1.1153196,1.4160838
0.0,0.0,0.0,4.9278035,0.0,0.0,5.734376,0.0,0.0,0.0,0.0,2.9904547,0.0,0.0,0.0,0.0,0.0,0.0,1.5080943,2.203647,0.0,0.0,4.8783274,1.707425,0.0,0.0,0.0,0.0,0.0,0.0,0.0,0.0,0.0,0.46307227,0.0,0.0,0.0,0.0,4.991334,0.0,0.0,0.0,0.0,0.0,0.0,0.0,0.0,0.0,0.0,0.0,0.0,0.0,0.0,0.0,0.0,0.0,0.89559734,0.0,4.7623,0.0,0.0,0.7898841,0.0,0.0,0.0,0.0,0.0,0.0,0.0,5.4016185,2.6711102,0.0,0.0,0.0,2.2320652,0.0,0.0,0.0,0.0,0.0,0.0,8.559894,0.0,3.9999983,0.0,3.6621861,0.0,0.0,0.0,0.0,0.0,7.6803446,0.0,0.0,0.0,0.0,0.0,0.0,2.607663,0.0,0.0,0.0,5.7072415,3.1246011,1.6995798,0.0,0.0,0.0,0.0,0.0,0.0,4.2712426,0.0,0.0,0.0,7.3953085,0.0,0.0,0.0,0.0,2.4935284,0.0,3.4729006,0.0,0.0,1.0538558,0.0,0.0
0.0,6.0671515,0.0,0.0,0.0,0.0,2.0024781,0.0,0.0,0.0,0.0,0.0,0.0,0.0,0.0,6.081699,0.0,8.889782,2.711155,7.4491034,0.0,0.0,0.0,0.0,0.0,0.0,0.0,0.0,2.25304,0.0,0.0,0.0,1.1223117,0.0,0.0,2.2674024,0.0,0.0,0.0,5.7546597,0.0,0.0,0.0,3.8383346,0.0,0.0,0.0,0.0,1.0020615,0.0,0.0,1.5287105,0.0,0.0,0.0,0.0,4.6825776,0.0,0.0,0.0,0.0,0.0,0.0,1.2525891,0.0,0.0,0.0,0.0,0.0,3.7481117,7.248379,0.0,0.0,0.0,0.0,0.0,4.171928,0.0,0.0,0.0,0.4333021,0.0,0.0,0.8421586,0.0,0.0,0.0,0.0,0.0,0.0,0.0,0.0,0.0,0.0,0.0,0.0,0.0,0.0,0.0,0.0,0.0,0.0,8.547826,0.0,0.0,0.0,0.0,0.0,0.0,0.0,7.25694,0.0,0.0,0.0,0.0,0.0,0.0,0.0,0.0,0.0,0.0,0.0,0.0,0.0,2.948619,0.0,0.0,0.0
0.0,0.0,0.0,0.0,0.0,0.0,0.5143938,0.0,0.0,0.0,0.0,0.0,0.41888356,0.0,0.0,0.0,0.0,0.0,2.4860077,0.0,0.0,0.0,0.0,5.025594,0.0,0.0,0.0,0.0,0.0,0.0,0.0,3.2881873,1.3646984,0.0,0.8819394,0.0,0.0,0.0,0.24196507,0.0,0.0,0.0,0.0,0.0,0.0,1.2646276,0.0,0.0,0.0,0.0,4.664027,3.0444503,0.0,0.0,0.0,0.0,0.0,3.1871839,0.0,0.0,0.0,0.0,0.0,0.0,0.0,0.0,0.0,0.5593043,0.0,4.891832,0.0,0.0,0.0,0.0,0.0,0.0,3.8501444,0.0,0.0,0.0,5.374677,0.0,0.0,0.0,0.0,0.0,0.0,0.0,0.0,0.0,0.0,0.0,0.0,5.1621456,0.0,0.0,0.0,0.0,0.0,0.0,0.0,0.0,0.0,0.9728922,0.0,0.0,0.0,0.0,0.0,0.0,11.460068,0.0,2.7893674,5.748214,1.250674,0.0,0.0,0.0,0.0,1.8917687,0.0,0.0,0.0,0.0,2.3414586,0.0,0.0,4.157543
0.0,0.0,1.2088853,6.829067,0.0,0.0,4.085789,0.0,0.0,0.0,2.5873122,0.0,0.0,0.0,0.0,0.0,0.0,0.0,3.6099045,0.0,0.0,0.0,0.0,5.10912,0.0,0.0,3.8007388,0.0,0.0,0.0,0.0,0.0,0.9643948,6.0157247,0.0,0.0,0.0,0.0,1.5926625,0.0,0.0,0.0,0.0,0.0,0.0,3.16512,0.0,0.0,8.05171,0.0,0.0,8.729467,0.0,0.0,0.0,0.0,0.0,5.4798083,6.67043,0.0,0.0,0.0,5.0249977,3.2177002,0.0,0.0,0.0,0.0,0.0,0.0,0.0,0.0,0.0,0.0,0.0,0.0,0.0,0.0,0.0,0.0,0.0,0.0,0.0,0.0,0.0,0.0,0.0,0.0,0.0,0.0,0.0,0.0,0.0,0.0,0.0,0.0,0.0,0.0,2.0958302,0.0,0.0,0.0,0.0,0.0,2.4092317,0.0,2.2657294,0.0,0.0,0.0,3.597423,0.0,0.0,3.0821075,7.164602,0.0,0.0,0.0,0.0,3.5305529,0.0,0.0,0.0,0.0,1.748348,0.0,0.0,3.1422288
0.0,0.1879873,1.6600759,0.032047763,0.0,0.0,0.0,0.0,0.0,0.0,5.8190312,0.0,2.407749,0.0,0.0,4.472352,0.0,0.0,0.0,4.2996535,0.0,0.0,0.0,0.0,0.0,0.0,0.0,0.0,0.0,0.0,0.0,0.0,3.9618094,0.05425994,2.592948,3.241886,0.0,0.0,0.0,6.8063393,0.0,0.0,0.0,1.0594579,0.0,0.0,0.0,0.0,0.0,0.0,0.0,1.2320889,0.0,0.0,0.0,0.0,0.0,0.0,2.3377323,0.0,0.0,0.0,0.0,0.0,0.0,0.0,0.0,0.0,0.0,2.957314,4.5079317,0.0,0.0,0.0,0.0,0.0,6.7434278,0.0,0.0,0.0,3.7936397,0.0,0.0,0.0,0.0,0.0,0.0,0.0,0.0,0.0,0.0,0.0,0.0,0.0,0.0,0.0,0.0,0.0,0.0,0.0,0.0,0.0,4.0447845,0.011775706,0.0,0.0,0.0,0.0,0.0,0.0,2.4350233,0.0,0.0,0.0,4.1161532,1.7847319,0.0,1.2746515,0.0,0.0,0.0,0.0,0.0,0.0,7.834244,0.0,0.0,0.0
0.0,0.0,0.75583315,0.0,0.0,1.4818773,8.061272,0.0,0.0,0.0,2.6506867,0.0,0.5928738,0.0,0.0,1.2580005,0.0,1.9368949,0.0,0.0,0.0,0.0,0.0,3.7496078,0.0,0.0,0.0,0.0,2.2581775,0.0,0.0,0.0,0.0,0.0,7.6298175,2.5965178,0.0,0.0,0.0,0.0,0.0,0.0,0.0,0.0,0.0,0.0,0.0,0.0,0.0,0.0,0.0,3.8186018,0.0,0.0,0.0,0.0,0.0,4.0296907,0.0,0.0,0.0,0.0,0.0,0.0,0.0,0.0,0.0,0.0,0.0,5.5657306,5.534528,0.0,1.6907499,0.0,0.0,0.0,0.84347177,0.0,0.0,0.0,0.0,0.0,0.0,4.2387547,0.0,0.0,0.0,0.0,0.0,0.0,0.0,0.0,0.0,0.0,0.0,0.0,0.0,1.1272575,0.0,0.0,0.0,0.0,0.0,10.101605,0.0,0.0,0.0,0.0,0.0,0.0,3.4938843,0.0,1.68679,0.0,0.0,5.9949646,0.0,0.0,0.0,0.0,0.0,0.0,0.0,0.0,0.0,0.0,2.5662708,2.325929
0.0,0.0,0.0,0.0,0.0,0.23197809,0.0,0.0,0.0,0.0,0.0,0.0,1.6570903,0.0,0.0,0.0,0.0,8.32912,2.6140287,0.0,0.0,0.0,0.0,2.6022375,0.0,0.0,0.0,0.0,2.7228146,0.0,0.0,0.0,3.6262624,0.0,3.511743,0.0,0.0,0.0,0.0,0.0,0.4470379,0.0,0.0,0.0,0.0,0.0,0.0,0.0,0.0,0.0,0.0,3.6808252,0.0,0.0,0.0,0.0,2.6860673,0.9133191,0.0,0.0,0.0,0.0,0.0,0.0,0.0,0.0,0.0,1.7760177,0.0,3.5304933,5.3429832,2.6037714,0.0,0.0,0.0,0.0,8.16448,0.0,0.0,0.0,7.4041414,0.0,0.0,0.0,0.0,0.0,0.0,0.0,0.0,0.0,0.0,0.0,0.0,5.4446607,0.0,0.0,0.0,0.0,0.0,0.0,0.0,0.0,0.0,0.0,0.0,0.0,0.0,0.0,0.0,0.0,4.4614043,0.0,0.4870516,3.8133252,0.0,2.9551685,0.0,0.0,0.0,0.0,0.0,0.0,0.0,0.0,3.0175784,0.0,0.0,0.0
0.0,0.0,0.0,0.0,0.9584333,0.0,0.0,0.0,0.0,0.0,1.762791,0.0,0.0,0.0,0.0,0.0,0.0,0.0,0.0,0.0,0.0,0.0,0.0,1.847233,0.0,0.0,0.0,0.0,4.690898,0.0,0.0,0.0,1.6413523,0.0,4.8275995,0.0,0.0,0.0,0.0,0.0,0.0,0.0,0.0,0.0,0.0,1.499351,0.0,0.0,0.0,0.0,3.9829128,4.3962736,0.0,0.0,0.0,0.0,0.0,0.8048372,0.33409572,0.0,0.0,0.0,0.0,0.0,0.0,0.0,0.0,5.283997,0.0,7.232152,0.0,0.0,0.0,0.0,0.0,0.0,5.8735833,0.0,0.0,0.0,6.1721387,0.0,0.0,0.0,0.0,0.0,0.0,0.0,0.0,0.0,0.0,0.0,0.0,5.667588,0.0,0.0,0.0,0.0,0.0,0.0,0.0,0.0,0.0,0.0,0.0,0.0,0.0,0.0,0.0,0.0,4.586222,0.0,0.77406913,6.492266,4.177432,0.59184456,0.0,0.0,0.0,0.0,0.0,0.0,0.0,0.0,4.5768223,0.0,0.0,0.0
0.0,0.0,0.0,0.0,0.0,0.0,0.0,0.0,0.0,0.0,0.0,5.973809,0.0,0.0,0.0,0.0,0.0,0.0,2.4597945,0.0,0.0,0.0,4.3609858,0.0,0.0,0.0,0.0,0.0,0.0,3.6068568,0.0,0.0,7.5500135,0.0,0.0,0.0,0.0,0.0,0.0,0.0,0.0,0.0,0.0,0.0,0.0,0.0,0.0,0.0,0.0,0.0,0.0,0.0,0.0,0.0,0.0,0.0,0.0,1.3012506,4.419295,0.0,0.0,2.2061696,0.0,5.9696937,0.0,0.0,0.0,3.526294,0.0,11.154854,1.6260586,0.0,0.0,0.0,7.2218027,0.0,0.0,0.0,0.0,0.0,0.0,0.0,0.0,1.2594851,0.0,0.6651799,0.0,1.3284166,0.0,0.0,0.0,10.203351,0.0,0.0,0.0,0.0,0.0,0.0,0.2952129,0.0,0.0,0.0,6.4005866,0.0,3.1461601,0.0,0.0,0.0,0.0,0.0,0.0,3.6475549,0.0,0.0,0.0,8.43076,0.0,0.0,0.0,0.0,0.0,0.0,4.9482956,0.0,0.0,0.0,0.0,0.0
0.0,0.0,0.0,1.8552921,0.0,0.0,0.0,0.0,0.0,0.0,3.8175316,11.206523,0.0,0.0,0.0,0.0,0.0,0.0,2.00575,0.0,0.0,0.0,9.584812,0.4881524,0.0,0.0,5.40885,0.0,0.0,0.0,0.0,0.0,0.0,0.0,0.16885644,0.0,0.0,0.0,0.0,0.0,0.0,0.0,0.0,0.0,0.0,1.9961406,0.0,0.0,0.0,0.0,7.0507126,8.511722,0.0,0.0,0.0,0.0,0.0,13.496663,5.6318717,0.0,0.0,0.0,1.1738503,2.8548396,0.0,0.0,0.0,12.931608,0.0,0.0,0.0,0.0,0.0,0.0,17.230354,0.0,0.0,0.0,0.0,0.0,0.0,0.0,0.0,0.0,0.0,4.264317,0.0,0.0,0.0,0.0,0.0,7.883356,0.0,0.0,0.0,0.0,0.0,0.0,0.0,0.0,0.0,0.0,0.0,0.0,2.670444,0.0,0.0,0.0,0.0,0.0,0.0,0.0,0.0,0.0,3.0326965,0.0,0.0,0.0,0.0,0.0,0.0,0.0,0.0,0.0,0.0,0.034114614,0.0,0.0
0.0,0.0,0.0,0.0,0.0,0.0,1.4125993,0.0,0.0,0.0,0.0,0.0,0.0,0.0,0.0,0.0,0.0,6.518496,13.320489,1.6659995,0.0,0.0,0.0,2.0850923,0.0,0.0,0.0,0.0,0.0,0.0,0.0,0.0,3.3046286,3.2896066,0.0,0.0,0.0,0.0,0.0,0.0,0.0,0.0,0.0,0.0,0.0,2.6684945,0.0,0.0,0.0,0.0,0.0,0.0,0.0,0.0,0.0,0.0,6.0107527,0.0,0.0,0.0,0.0,2.8804755,0.0,0.49794915,0.0,0.0,0.0,0.0,0.0,17.537115,0.0,0.0,0.0,0.0,0.0,0.0,12.381779,0.0,0.0,0.0,0.020686314,0.0,0.0,0.0,0.0,0.0,0.0,0.0,0.0,0.0,0.0,0.0,0.0,0.0,0.0,0.0,0.0,0.0,0.0,0.0,0.0,0.0,0.0,0.0,1.0791328,0.0,0.0,0.0,0.0,0.0,17.74553,0.0,0.0,0.26128283,0.19864511,2.1838567,0.0,0.0,0.0,9.22337,0.0,0.0,0.0,0.0,0.0,0.0,0.0,0.0
0.0,6.027181,0.0,0.73911566,0.0,0.0,3.2539356,0.0,0.0,0.0,0.0,0.0,0.0,0.0,0.0,16.188643,0.0,7.138863,3.2973588,5.958627,8.703501,0.0,0.0,0.0,0.0,0.0,0.0,0.0,0.0,0.0,0.0,0.0,0.0,3.5433624,0.0,4.3810563,0.0,0.0,0.0,0.0,0.0,0.0,0.0,0.0,0.0,0.0,0.0,0.0,0.0,0.0,0.0,4.267343,0.0,0.0,0.0,0.0,5.426242,0.0,4.992355,0.0,0.0,0.0,5.2069607,0.0,0.0,0.0,0.0,0.0,0.0,1.019427,0.0,0.0,0.0,0.0,0.0,0.0,5.1865625,0.0,0.0,0.0,0.0,0.0,0.0,0.0,0.0,0.0,0.0,0.0,0.0,0.0,0.0,0.0,0.0,0.0,0.0,0.0,0.0,0.0,0.0,0.0,0.0,0.0,10.41695,0.0,0.0,0.0,0.0,0.0,0.0,0.0,14.131176,0.0,0.0,0.0,4.734013,0.0,0.0,0.0,0.0,0.0,0.0,0.0,0.0,0.0,4.7113194,4.5960865,0.0,0.0
0.0,0.0,2.6383824,0.0,1.9166039,0.0,5.8795886,0.0,0.0,0.0,0.0,0.0,0.0,0.0,0.0,1.1938238,0.0,3.9068599,0.0,0.0,0.0,0.0,0.0,2.192966,0.0,0.0,0.0,0.0,0.17439497,0.0,0.0,0.0,0.0,0.0,3.783148,2.7384818,0.0,0.0,0.0,0.0,0.0,0.0,0.0,0.0,0.0,0.0,0.0,0.0,0.0,0.0,0.0,4.4829183,0.0,0.0,0.0,0.0,0.15088457,1.658951,0.10457279,0.0,0.0,0.0,5.0604863,0.3278188,0.0,0.0,0.0,0.0,0.0,2.2167583,3.9261928,0.0,0.22514816,0.0,0.79311305,0.0,0.0,0.0,0.0,0.0,0.0,4.5319033,0.0,0.0,0.0,0.0,0.0,0.0,0.0,0.0,0.0,0.0,0.0,0.0,0.0,0.0,0.0,0.0,0.87297875,0.0,0.0,0.0,0.0,3.1936536,2.5845234,0.0,0.0,0.0,0.0,0.0,5.010692,0.0,2.4489455,4.1050115,0.0,0.0,0.0,0.0,0.0,0.0,0.0,0.0,0.0,0.0,0.0,0.0,0.0,0.43465334
0.0,0.0,0.0,6.014085,0.0,0.0,2.6950617,0.0,0.0,0.0,0.0,4.49107,0.0,0.0,0.0,0.0,0.0,0.0,0.0,4.6089187,0.0,0.0,4.47187,0.0,0.0,0.0,0.0,1.1419686,0.0,0.0,0.0,4.0262923,9.392839,0.0,0.0,6.801948,0.0,5.7362876,2.937713,0.0,0.0,0.0,0.0,0.0,0.0,0.0,0.0,0.62621605,0.0,0.0,0.0,0.0,0.0,0.0,0.0,0.0,7.3884625,0.0,0.0,0.0,0.0,0.0,0.0,7.5142803,0.0,0.0,0.0,0.0,0.0,0.68292475,4.0268755,0.0,0.0,0.0,13.754137,0.0,0.0,0.0,0.0,0.0,3.9515176,0.0,0.0,15.87043,0.0,0.0,0.0,0.0,0.0,0.0,0.0,13.786342,0.0,0.0,0.0,0.0,0.0,0.0,0.0,0.0,0.0,0.0,14.2832575,0.0,0.0,0.0,0.0,0.0,0.0,0.0,0.0,7.4507804,0.0,0.0,0.0,16.219303,0.0,0.0,0.0,1.7888772,3.3773031,0.0,0.0,0.0,0.0,0.0,0.0,0.0
0.0,5.025109,0.0,5.449923,0.0,0.0,7.133571,0.0,0.0,0.0,0.0,0.0,0.21742907,0.0,0.0,6.3311844,0.0,0.0,6.4097185,11.698008,0.0,0.0,0.0,0.0,0.0,0.0,0.0,0.0,1.8772461,0.0,0.0,0.0,0.0,0.0,2.036589,1.4217702,2.2541745,0.0,0.0,3.7045636,0.0,0.0,0.0,3.9865396,0.0,0.0,3.2180626,0.0,0.0,0.0,0.0,5.819982,1.8438421,0.0,0.0,0.0,4.563113,0.0,0.0,0.0,0.0,0.0,0.0,0.0,0.0,0.0,0.0,0.0,0.0,3.4517434,3.8965807,0.0,0.0,0.0,0.0,0.0,4.7742934,0.0,0.0,0.0,2.736416,0.0,0.0,2.517065,0.0,0.0,0.0,0.0,0.0,0.0,0.0,0.0,0.0,0.0,0.0,0.0,0.0,0.0,1.2527685,0.0,0.0,0.0,6.9566026,5.3406057,0.0,0.0,0.0,0.0,0.0,0.0,5.963918,0.0,0.0,0.0,3.5212507,5.798227,0.0,0.0,0.0,4.6699147,0.0,0.0,0.0,0.0,1.3536171,0.0,0.0,0.0
0.0,0.0,3.6023998,0.0,0.0,0.0,7.5783415,0.0,0.0,0.0,4.9105086,2.0687401,0.0,0.0,0.0,2.330827,1.1769513,0.0,2.8029575,8.409797,0.0,0.0,0.0,0.0,0.0,0.0,0.4477807,0.0,2.5681474,0.4993852,0.0,0.0,0.0,0.0,0.0,0.0,0.0,0.0,0.0,0.0,0.0,0.0,0.0,0.2279031,0.0,0.0,0.0,0.0,0.0,0.0,0.0,1.7138652,0.0,0.0,0.0,0.0,0.0,0.0,11.303624,0.0,0.0,0.0,4.924931,0.23558791,0.0,0.0,0.0,0.0,0.0,0.0,1.1708314,0.0,0.0,0.0,0.0,0.0,0.0,0.0,0.0,0.0,0.0,0.0,0.0,0.08624095,0.0,0.0,0.0,0.0,0.0,0.0,0.0,0.0,0.0,0.0,0.0,1.0982964,0.0,0.0,9.136219,0.0,0.0,0.0,5.2433105,2.8567643,0.0,0.0,0.0,0.0,0.0,0.0,0.0,0.61630446,0.0,0.0,0.88836694,0.0,0.0,0.0,0.0,0.0,0.0,0.0,0.0,0.0,0.0,0.0,0.0,0.0
0.0,0.0,2.2710576,5.837013,0.0,0.0,2.3163955,0.0,0.0,0.0,0.0,2.098066,0.0,0.0,0.0,0.0,0.0,6.9940557,0.0,0.0,0.0,0.0,0.0,2.0322828,0.0,0.0,0.0,0.0,2.0903454,0.0,0.0,0.0,0.0,2.2102613,0.2685478,2.4708028,4.1488566,0.0,2.1042075,0.0,0.0,0.0,0.0,0.0,0.0,0.0,0.0,0.0,5.329968,0.0,1.5298033,13.761724,0.0,0.0,0.0,0.0,5.7740226,3.9191625,3.1591089,0.0,0.0,0.0,7.248996,0.0,0.0,0.0,0.0,0.0,0.0,0.0,6.3908067,0.0,0.0,0.0,2.9593215,0.0,0.0,0.0,0.0,0.0,0.0,0.0,0.0,0.0,0.0,0.0,0.0,0.0,0.0,0.0,0.0,0.0,0.0,0.0,0.0,0.0,0.0,0.0,0.0,0.0,0.0,0.0,0.0,0.0,0.0,0.0,0.0,0.0,0.0,0.0,0.38977328,0.0,0.0,0.0,7.6278033,0.0,0.0,0.0,0.0,0.0,0.0,0.0,0.0,0.0,6.0560236,0.0,0.0,0.0
0.0,0.0,0.0,6.5716653,0.0,0.0,0.0,0.0,0.0,0.0,0.0,5.0976276,0.0,0.0,0.0,0.15399246,0.0,4.054489,4.0690494,0.0,0.0,0.0,3.4962602,7.1891947,0.0,0.0,0.0,0.0,0.0,0.0,0.0,0.0,0.32041597,0.67536896,0.0,2.8610723,2.290019,0.0,0.021887317,0.0,0.0,0.0,0.0,0.0,0.0,0.0,0.0,0.0,0.0,0.0,0.5532185,0.0,0.0,0.0,0.0,0.0,0.0,1.8881586,6.3658304,0.0,0.0,0.023637712,0.0,0.0,0.0,0.0,0.0,0.0,0.0,6.3628597,3.4719355,0.0,0.0,0.0,3.464891,0.0,0.0,0.0,0.0,0.0,0.0,3.5094519,0.0,0.0,2.6098185,0.82550967,0.0,0.0,0.0,0.0,0.0,0.0,0.0,0.0,0.0,0.0,0.0,0.0,0.0,0.0,0.0,0.0,8.842607,0.0,0.0,0.0,2.8367102,0.0,0.0,0.0,0.0,0.0,0.0,0.0,6.2538824,4.9072337,0.0,0.0,0.0,0.0,0.0,0.0,3.9411247,0.0,0.0,2.146245,0.0,0.0
0.0,0.0,0.0,0.0,0.0,0.0,5.085077,0.0,0.0,0.0,0.0,0.0,0.0,0.0,0.0,0.0,0.0,5.5931,3.274643,0.009325467,0.0,0.0,0.0,3.3036206,0.0,0.0,1.5439905,0.0,0.16489749,0.0,0.0,0.0,0.0,0.0,5.1624603,0.0,0.0,0.0,0.0,0.0,0.0,0.0,0.0,0.0,0.0,0.0,0.0,0.0,0.6131751,0.0,0.0,6.2402854,0.0,0.0,0.0,0.0,0.0,0.0,0.0,0.0,0.0,0.0,1.9754536,0.0,0.0,0.0,0.0,0.0,0.0,6.2768917,4.874362,0.34025803,0.0,0.0,0.0,0.0,5.947703,0.0,0.0,0.0,2.8306217,1.2852033,0.0,0.0,0.0,0.0,0.0,0.0,0.0,0.0,0.0,0.0,0.0,2.0365152,0.0,0.0,0.0,0.0,0.0,0.0,0.0,0.0,0.0,2.7496903,1.1680892,0.0,0.0,0.0,0.0,0.0,6.6541147,0.0,0.1451209,7.2592125,0.0,0.0,0.0,0.0,0.0,0.0,0.0,0.0,0.0,0.0,1.2420499,0.0,0.0,0.0
0.0,0.0,0.11963979,0.0,0.0,0.0,2.9667,0.0,0.0,0.0,2.2737162,0.0,0.0,0.0,0.0,4.614076,0.0,4.9020963,2.395983,0.0,0.0,0.0,0.0,2.5510626,0.0,0.0,1.1654233,0.0,0.0,2.4161823,0.0,0.0,0.0,0.2949358,2.6836295,1.2054026,0.0,0.0,0.0,0.0,0.0,0.0,0.0,0.0,0.0,0.0,0.0,0.0,0.0,0.0,0.0,0.0,0.0,0.0,0.0,0.0,0.0,0.0,0.0,0.0,0.0,0.0,2.1726477,0.0,0.0,0.0,0.0,0.0,0.0,7.9971375,6.6356516,0.0,0.0,0.0,0.0,0.0,2.5427113,0.0,0.0,0.0,0.0,4.2497277,0.0,0.0,0.0,0.0,0.0,0.5377052,0.0,0.0,0.0,0.0,0.0,0.0,0.0,0.0,0.0,0.0,1.5833998,0.0,0.0,0.0,0.0,3.2001789,4.246368,0.0,0.0,0.0,0.0,0.0,5.3726654,0.0,0.0,4.071825,0.0,0.0,0.0,0.0,0.0,0.0,0.0,0.0,0.0,0.0,0.0,0.0,0.0,0.0
0.0,0.0,0.0,0.0,0.0,0.0,4.3912215,0.0,0.0,0.0,3.6170142,0.0,0.0,0.0,0.0,0.0,0.0,0.0,4.4354906,0.0,0.0,0.0,1.5346584,2.2773492,0.0,0.0,0.1352867,0.0,0.0,7.9320674,0.0,0.0,4.4335446,4.5879216,0.0,0.0,0.0,0.0,4.5644684,0.0,0.0,0.0,0.0,0.0,0.0,0.0,0.0,0.0,0.0,0.0,0.0,0.0,0.0,0.0,0.0,0.0,0.0,0.0,12.170404,0.0,0.0,1.6094618,0.0,3.026397,0.0,0.0,0.0,1.4322605,0.0,11.731093,0.0,0.0,0.0,0.0,0.0,0.0,0.0,0.0,0.0,0.0,0.0,0.0,0.0,0.0,0.0,8.115828,0.0,0.0,0.0,0.0,0.0,5.0383263,0.0,0.0,0.0,0.0,0.0,0.0,4.7012386,0.0,0.0,0.0,1.8272502,0.0008608401,7.4590673,0.0,0.0,0.0,0.0,0.0,0.0,2.756618,0.0,0.0,0.0,1.8760189,0.0,0.0,0.0,0.0,0.0,0.0,5.460295,0.0,0.0,0.0,0.0,0.0
0.0,0.0,6.252417,1.9297698,0.0,0.0,0.0,0.0,0.0,0.0,8.678313,3.2233882,0.0,0.0,0.0,0.0,0.0,0.0,0.0,5.253065,0.0,0.0,0.0,7.0826945,0.0,0.0,7.6984067,0.0,0.0,0.0,0.0,0.0,0.0,6.1951528,0.0,0.0,0.0,0.0,0.0,0.0,0.0,0.0,0.0,0.0,0.0,0.0,0.0,0.0,0.0,0.0,0.0,7.7884064,0.0,0.0,0.0,0.0,0.0,0.23903635,9.457856,0.0,0.0,0.0,0.0,0.3653758,0.0,0.0,0.0,0.0,0.0,7.3467765,0.7277785,0.0,0.0,0.0,0.0,0.0,0.0,0.0,0.0,0.0,0.0,0.0,0.0,1.512641,0.0,0.0,0.0,0.0,0.0,0.0,0.0,0.0,0.0,0.0,0.0,0.0,0.0,0.0,0.0,0.0,0.0,0.0,0.0,4.8432484,0.4891645,0.0,0.0,0.0,0.0,0.0,2.198941,0.0,0.0,0.0,0.0,0.0,0.0,0.0,0.0,4.2262583,0.0,0.0,0.0,0.0,1.5447481,0.0,0.0,1.5944736
0.0,0.0,0.0,2.4158702,0.0,0.0,2.142028,0.0,0.0,0.0,0.0,10.790657,0.0,0.0,0.0,0.1987588,0.0,0.0,3.3773236,5.1739507,0.0,0.0,11.206509,4.779887,0.0,0.0,10.949184,0.0,0.0,0.0,0.0,0.0,0.0,0.0,0.0,0.0,0.0,0.0,0.0,0.0,0.0,0.0,0.0,0.0,0.0,0.0,0.0,0.0,0.0,0.0,0.0,0.0,0.0,0.0,0.0,0.0,0.0,5.142256,2.8761582,0.0,0.0,0.0,0.0,0.0,0.0,0.0,0.0,1.6802992,0.0,10.456948,0.0,0.0,0.0,0.0,0.0,0.0,0.0,0.0,0.0,0.0,3.2715762,0.0,0.0,0.0,0.0,1.798787,0.0,3.1213908,0.0,0.0,0.0,0.0,0.0,0.0,0.0,0.0,0.0,0.0,1.2469558,0.0,0.0,0.0,7.5176177,0.0,0.0,0.0,0.0,0.0,0.0,0.0,0.0,0.0,0.0,0.0,6.0361776,4.932558,0.0,0.0,0.0,0.0,0.0,0.0,5.7273474,0.0,0.0,2.7405622,0.0,0.0
0.0,0.0,1.2521422,0.0,1.155244,2.2076175,2.304344,0.0,0.0,0.0,0.25982407,0.0,0.0,0.0,0.0,0.05085682,0.0,2.3944552,0.0,0.0,0.0,0.0,0.0,2.5816789,0.0,0.0,0.0,0.0,0.0,0.0,0.0,0.0,0.0,1.2672001,3.5632586,3.3246017,0.0,0.0,0.0,0.0,0.0,0.0,0.0,0.51822275,0.8091825,0.0,0.0,0.0,0.0,0.0,0.0,5.552079,0.0,0.0,0.0,0.0,0.0,0.46360865,0.0,0.0,0.0,0.0,1.9384224,0.0,0.0,0.0,0.0,0.0,0.0,3.2826073,6.0629416,0.0,0.7633353,0.0,0.0,0.0,1.8654424,0.0,0.0,0.0,0.9771283,1.1357388,0.0,0.0,0.0,0.0,0.0,0.00038158894,0.0,0.0,0.0,0.0,0.0,0.0,0.0,0.0,0.0,0.0,0.0,0.0,0.0,0.0,0.0,3.8841407,0.4311357,0.0,0.0,0.0,0.0,0.0,2.197762,0.8648195,1.4220071,3.9448237,0.0,0.0,0.0,0.0,0.0,0.0,0.0,0.0,0.0,0.0,0.6094586,0.0,1.8347919,0.0
0.0,1.161442,0.0971946,0.32805,0.0,0.0,0.0,0.0,0.0,0.0,5.6077504,0.0,0.0,0.0,0.0,0.17477524,0.0,0.0,0.0,1.9621557,0.0,0.0,0.0,0.0,0.0,0.0,0.0,0.0,1.1701739,0.0,0.0,0.0,0.15196389,1.3324866,4.5452437,3.0164728,0.0,0.0,0.0,5.371192,0.0,0.0,0.0,0.0,0.0,0.0,0.0,0.0,0.0,0.0,0.0,3.5035217,0.0,0.0,0.0,0.0,0.0,0.0,2.8958936,0.0,0.0,0.0,0.0,3.0262554,0.0,0.0,0.0,0.0,0.0,2.141665,2.991798,0.0,0.0,0.0,0.0,0.0,1.8022627,0.0,0.0,0.0,1.2583992,0.0,0.0,0.0,0.0,0.0,0.0,0.65002793,0.0,0.0,0.0,0.0,0.0,0.0,0.0,0.0,0.0,0.0,0.9077283,0.0,0.0,0.0,2.4805462,0.0,0.0,0.0,0.0,0.0,0.0,0.0,3.69656,0.0,0.0,2.8244708,3.351564,0.0,0.0,0.52775663,0.0,0.0,0.0,0.0,0.0,0.0,5.883113,0.0,0.0,0.0
0.0,0.0,0.0,0.0,0.0,0.0,0.0,0.0,0.0,0.0,1.9002936,0.0,2.7141829,0.0,0.0,0.0,0.0,3.5730984,6.281341,0.0,0.0,0.0,0.0,0.0,0.0,0.0,0.0,0.0,6.8755364,0.0,0.0,0.0,0.0,0.0,6.9418063,0.0,0.0,0.0,0.0,0.0,4.210149,0.0,0.0,0.0,0.0,0.0,0.0,0.0,3.958106,0.0,4.616838,3.723066,0.0,0.0,0.0,0.0,3.8116682,3.3185792,2.0684807,0.0,0.0,0.0,3.5276654,0.19847599,0.0,0.0,0.0,2.1000512,0.0,0.0,4.97524,0.0,0.0,0.0,1.8177065,0.0,2.368123,0.0,0.0,0.0,4.0179825,0.0,0.0,0.0,0.0,0.0,0.0,0.0,0.0,0.0,0.0,0.78889084,0.0,3.3873584,0.0,0.0,0.0,0.0,0.0,0.0,0.0,0.0,0.2574087,0.0,0.0,0.0,0.0,0.0,0.0,0.0,0.0,0.47864863,1.6711848,3.6506355,4.7930923,1.5708935,0.0,0.0,0.0,0.0,0.0,0.0,1.0968496,0.0,4.637005,0.0,0.0,0.0
0.0,0.0,0.0,0.0,1.1402326,0.0,2.2712562,0.0,0.0,0.0,0.0,0.0,0.0,0.0,0.0,0.0,0.0,1.4276685,0.0,0.0,0.0,0.0,0.0,2.597156,0.0,0.0,0.0,0.0,0.45316017,0.0,0.0,0.0,0.0,0.0,4.346847,0.0,0.0,0.0,0.0,0.0,0.0,0.0,0.0,0.0,0.0,0.0,0.0,0.0,2.4536023,0.0,0.0,9.784556,0.0,0.0,0.0,0.0,1.7950089,2.1922245,0.0,0.0,0.0,0.0,5.0067153,0.0,0.0,0.0,0.0,0.0,0.0,0.08880875,5.4821415,0.0,0.074948825,0.0,0.0,0.0,4.6041155,0.0,0.0,0.0,1.72817,0.0,0.0,0.0,0.0,0.0,0.0,0.0,0.0,0.0,0.0,0.0,0.0,0.859999,0.0,0.0,0.0,0.0,0.0,0.0,0.0,0.0,0.0,2.9799542,0.30239403,0.0,0.0,0.0,0.0,0.0,5.258134,0.0,4.644266,5.9910164,0.7513701,0.0,0.0,0.0,0.0,0.0,0.0,0.0,0.0,0.0,0.29509374,0.0,1.0344111,0.0
0.0,0.0,0.0,0.0,0.0,0.0,8.194737,0.0,0.0,0.0,0.34692594,0.0,0.0,0.0,0.0,0.0,0.0,2.4253435,8.215411,0.0,0.0,0.0,0.0,3.0898333,0.0,0.0,4.028414,0.0,9.6843815,0.0,0.0,0.0,0.0,0.0,6.2326274,0.0,0.0,0.0,0.0,0.0,0.0,0.0,0.0,0.0,0.0,0.0,0.0,0.0,3.0676496,0.0,4.0029435,5.2815523,0.0,0.0,0.0,0.0,0.0,3.9861639,4.879428,0.0,0.0,0.0,4.649211,0.0,0.0,0.0,0.0,0.0,0.0,0.90692633,6.2104683,0.0,0.0,0.0,0.6398121,0.0,0.0,0.0,0.0,0.0,0.0,3.6292748,0.0,0.5410826,0.0,0.0,0.0,0.0,0.0,0.0,0.0,0.0,0.0,0.0,0.0,0.0,0.0,0.0,2.2531211,0.0,0.0,0.0,0.5648357,0.0,3.918852,0.0,2.4049826,0.0,0.0,0.0,0.0,0.0,0.0,0.0,3.1207974,5.4317636,0.0,0.0,0.0,0.0,0.0,0.0,1.6393003,0.0,0.0,0.0,0.0,4.0121403
0.0,0.0,2.652253,0.0,0.0,0.0,2.973692,0.0,0.0,0.0,3.1805983,0.0,0.0,0.0,0.0,0.0,0.0,0.75394154,0.0,0.0,0.0,0.0,0.0,3.4042618,0.0,0.0,0.0,0.0,0.0,3.1828496,0.0,0.0,0.49641144,3.064983,0.0,0.0,0.0,0.0,0.0,0.0,0.0,0.0,0.0,0.0,5.551772,0.0,0.0,0.0,0.0,0.0,0.0,3.9083254,0.0,0.0,0.0,0.0,0.0,0.0,1.6775556,0.0,0.0,0.0,3.008249,2.6098285,0.0,0.0,0.0,0.14705965,0.0,6.424378,7.0201178,0.0,0.0,0.0,0.0,0.0,0.06909648,0.0,0.0,0.0,4.290165,1.4041098,0.0,0.0,0.0,0.0,0.0,0.6396692,0.0,0.0,0.0,1.0289851,0.0,0.0,0.0,0.0,0.0,0.0,0.0,0.0,0.0,0.0,0.0,1.0715903,3.1023812,0.0,0.0,0.0,0.0,0.0,0.0,0.107992746,0.0,5.627135,0.0,0.0,0.0,0.0,0.0,0.0,0.0,0.0,0.0,0.0,0.0,0.0,2.8212397,0.0
0.0,0.0,0.0,0.0,0.0,0.0,0.0,0.0,0.0,0.0,0.0,0.0,0.0,0.0,0.0,0.0,0.0,3.202555,3.1008031,0.0,0.0,0.0,1.3106291,12.027482,0.0,0.0,0.0,0.0,0.0,4.4871597,0.0,3.9539223,3.4710422,11.211726,0.0,0.0,0.0,0.0,2.5282502,0.0,0.0,0.0,0.0,0.0,0.0,2.7662368,0.0,0.0,0.0,0.0,7.47437,0.0,0.0,0.0,0.0,0.0,0.0,0.0,0.0,0.0,0.0,7.151434,0.0,0.3359221,0.0,0.0,0.0,0.0,0.0,19.028332,0.0,0.0,0.0,0.0,2.318949,0.0,0.0,0.0,0.0,0.0,0.0,0.0,0.0,7.041862,0.0,0.0,0.0,0.0,0.0,0.0,0.0,0.0,0.0,0.0,0.0,0.0,0.0,0.0,0.0,0.0,0.0,0.0,0.0,0.23911452,8.738599,0.0,0.0,0.0,0.0,0.0,13.968273,0.0,1.1140348,2.5360398,0.0,0.0,0.0,0.0,0.0,5.3492265,7.7045894,0.0,0.0,0.0,0.0,0.0,0.0,0.0
0.0,0.0,0.0,0.0,0.0,0.0,0.0,0.0,0.0,0.0,7.5777097,3.412854,0.0,0.0,0.0,0.09976568,0.0,0.0,1.6795275,0.0,0.0,0.0,3.3306177,3.9320638,0.0,0.0,7.1848817,0.0,2.8435662,0.0,0.0,0.0,0.0,0.0,0.5261522,0.0,0.0,0.0,0.0,0.0,0.0,0.0,0.0,0.0,0.0,0.0,0.0,0.0,0.0,0.0,2.3165307,0.54109025,0.0,0.0,0.0,0.0,0.0,2.778847,4.259913,0.0,0.0,0.0,0.0,0.0,0.0,0.0,0.0,4.2054434,0.0,10.393669,0.0,0.0,0.0,0.0,0.0,0.0,0.0,0.0,0.0,0.0,1.5657341,0.0,0.0,1.4307637,0.0,2.2939324,0.0,2.5541391,0.0,0.0,0.0,0.0,0.0,0.0,0.0,0.0,0.0,0.0,1.4974144,0.0,0.0,0.0,0.0,0.0,2.6656296,0.0,0.0,0.0,0.0,2.6598458,0.0,0.0,0.0,0.3283751,1.1564064,2.3666358,0.0,0.0,0.0,2.6928897,0.0,0.0,0.0,0.0,3.4342525,0.0,0.0,0.15686695
0.0,0.0,0.0,3.0622108,0.0,0.0,2.3866935,0.0,0.0,0.0,3.978642,7.0154266,6.3330793,0.0,0.0,0.16325198,0.0,0.0,6.3021483,3.2832613,0.0,0.0,5.625111,0.0,0.0,0.0,6.5635495,0.0,0.0,0.0,0.0,0.0,0.0,0.0,2.7539935,0.0,0.0,0.0,0.6799478,0.0,0.0,0.0,0.0,0.0,0.0,0.0,0.0,0.0,0.0,0.0,4.5997415,0.0,0.0,0.0,0.0,0.0,0.0,11.408845,2.4470031,0.0,0.0,0.0,0.0,0.0,0.0,0.0,0.0,0.0,0.0,1.9534109,0.0,0.0,0.0,0.0,9.363266,0.0,0.0,0.0,0.0,0.0,0.0,0.0,0.0,9.749682,0.0,0.0,0.0,7.9204764,0.0,0.0,0.0,10.196457,0.0,0.0,0.0,0.0,0.0,0.0,0.0,0.0,0.0,0.0,2.451668,0.0,5.6410832,0.0,0.25544858,0.0,0.0,0.0,0.0,0.0,0.0,0.0,1.2053535,0.052594174,0.0,0.0,0.3716388,0.0,5.756926,0.0,2.8980775,0.0,8.038498,0.0,0.0,7.135689
0.0,0.0,0.0,0.0,0.0,0.0,0.0,0.0,0.0,0.0,0.0,0.0,3.2742696,0.0,0.0,11.731432,0.0,9.841108,0.0,0.0,0.0,0.0,0.0,0.5407791,0.0,0.0,0.0,0.0,0.0,0.0,0.0,0.0,0.0,0.0,0.0,12.933277,0.0,0.0,0.0,0.0,0.0,0.0,0.0,0.0,0.0,0.0,0.0,6.005563,0.0,0.0,0.0,0.0,0.0,0.0,0.0,0.0,7.2017674,0.0,0.0,0.0,0.0,2.141275,0.0,0.0,0.0,0.0,0.0,0.0,0.0,5.4893875,8.306476,0.0,0.0,0.0,0.0,0.0,3.772813,0.0,0.0,0.0,0.0,10.061865,0.0,10.313486,0.0,0.0,0.0,0.0,0.0,0.0,0.0,0.0,0.0,0.0,0.0,0.0,0.0,0.0,0.0,0.0,0.0,0.0,6.34586,3.095453,1.0622381,0.0,0.0,9.606064,0.0,0.0,4.434762,0.0,0.0,0.0,0.0,0.0,0.0,0.0,0.0,0.0,0.0,0.0,0.0,0.0,0.0,7.6450906,0.0,0.0
0.0,0.0,0.0,0.0,0.0,0.0,0.0,0.0,0.0,0.0,6.5108495,0.0,0.0,0.0,0.0,0.0,0.0,0.0,1.9217658,0.0,0.0,0.0,2.4255705,6.435906,0.0,0.0,3.9817145,0.0,1.9440645,6.4994383,0.0,0.0,0.0,8.652764,0.26739877,3.0390894,0.0,0.0,0.0,0.0,0.0,0.0,0.0,0.0,0.0,0.0,0.0,0.0,0.0,0.0,5.7275634,0.0,0.0,0.0,0.0,0.0,0.0,1.9264735,5.707878,0.0,0.0,0.0,0.0,0.0,0.0,0.0,0.0,0.0,0.0,10.497968,0.0,0.0,0.0,0.0,0.0,0.0,0.0,0.0,0.0,0.0,0.0,0.0,0.0,6.694736,0.0,0.0,0.0,2.6243265,0.0,0.0,0.0,0.0,0.0,0.0,0.0,0.0,0.0,0.0,9.852281,0.0,0.0,0.0,0.0,4.6984186,7.1512456,0.0,0.0,0.0,0.0,0.0,0.5639958,2.9471369,0.0,3.7095683,0.0,1.6949986,0.0,0.0,0.0,4.577524,0.0,0.0,0.0,0.0,2.8155115,0.0,0.0,3.378626
0.0,0.0,0.0,0.0,0.0,0.0,0.3616547,0.0,0.0,0.0,0.0,0.0,3.0770721,0.0,0.0,0.74727106,0.0,0.0,2.5536125,0.0,0.0,0.0,1.3303171,0.59917974,0.0,0.0,1.3779896,0.0,0.0,0.0,0.0,5.669699,0.0,0.0,5.2135906,6.5581465,0.0,0.0,2.6230404,0.0,0.0,0.0,0.0,0.0,0.0,0.0,0.0,0.0,0.0,0.0,8.610025,0.0,0.0,0.0,0.0,0.0,1.5377451,8.74585,0.0,0.0,0.0,0.0,0.0,0.0,11.452952,0.0,0.0,0.0,0.0,3.8181496,3.2672348,0.0,0.0,0.0,9.037572,0.0,0.0,0.0,0.0,0.0,0.0,0.7750149,0.0,11.148542,0.0,0.0,0.0,2.738229,0.0,0.0,0.0,1.6335033,0.0,0.0,0.0,0.0,0.0,0.0,0.0,0.0,0.0,0.0,0.0,6.341913,5.6685147,0.0,0.0,0.0,0.0,0.0,4.5424914,5.8989143,2.1274877,0.0,0.0,7.0590653,0.0,0.0,0.0,0.20941079,6.460457,0.0,0.0,0.0,0.0,0.0,0.0,2.4935992
0.0,0.0,0.0,0.4239223,0.0,0.0,3.595368,0.0,0.0,0.0,0.030280676,0.0,0.0,0.0,0.0,0.0,0.0,1.4050604,2.5965154,0.0,0.0,0.0,0.0,4.359535,0.0,0.0,0.0,0.0,0.0,0.0,0.0,0.0,0.0,0.0,4.865344,0.0,0.0,0.0,0.0,0.0,0.0,0.0,0.0,0.0,0.0,0.7688655,0.0,0.0,0.90995115,0.0,0.0,6.09954,0.0,0.0,0.0,0.0,0.0,0.8015772,0.0,0.0,0.0,0.0,1.6821722,2.8715339,0.0,0.0,0.0,2.6624796,0.0,3.6644204,1.8342344,0.0,0.0,0.0,0.0,0.0,4.7828197,0.0,0.0,0.0,1.1290787,0.0,0.0,0.0,0.0,0.0,0.0,0.0,0.0,0.0,0.0,0.0,0.0,0.72779614,0.0,0.0,0.0,0.0,0.0,0.0,0.0,0.0,0.0,0.21935509,1.1732837,0.0,0.0,0.0,0.0,0.0,4.109622,0.0,2.7313018,5.638383,2.0352037,0.0,0.0,0.0,0.0,0.0,0.0,0.0,0.0,0.0,0.0,0.0,0.0,0.0
0.0,0.0,0.0,13.386145,3.693091,0.0,1.563727,0.0,0.0,0.0,0.4225834,0.98031485,0.42552036,0.0,0.0,0.0,0.0,0.0,0.0,0.0,0.0,0.0,0.0,2.4515626,0.0,0.0,0.0,0.0,0.0,0.0,0.0,0.0,0.328111,1.5468154,8.980221,0.0,0.0,0.0,4.110089,0.0,0.0,0.0,0.0,0.0,0.0,1.5472454,0.0,0.0,0.0,0.0,0.69361156,13.018436,0.0,0.0,0.0,0.0,4.2545476,5.4495807,0.0,0.0,0.0,0.0,0.0,5.5679207,0.0,0.0,0.0,0.0,0.0,0.0,0.0,0.0,0.0,0.0,1.4865121,0.0,2.0750186,0.0,0.0,0.0,0.0,0.0,0.0,4.948336,0.0,0.0,0.0,0.0,0.0,0.0,0.0,4.6937494,0.0,0.0,0.0,0.0,0.0,0.0,0.0,0.0,0.0,0.0,0.0,0.0,0.0,0.0,0.0,0.0,0.0,0.0,8.147436,0.0,5.9774666,0.0,0.0,0.0,0.0,0.0,0.0,8.095948,1.9455025,0.0,0.0,0.0,0.0,0.0,0.0,0.0
0.0,0.0,0.0,0.0,0.0,0.0,0.45024118,0.0,0.0,0.0,0.0,0.0,0.0,0.0,0.0,2.8879557,0.0,3.3484507,0.0,1.1704129,0.0,0.0,13.492092,10.188456,0.0,0.0,0.0,0.0,0.0,0.0,0.0,0.0,0.0,1.1738983,0.0,10.856045,0.0,0.0,0.0,4.8323636,0.0,0.0,0.0,0.0,0.0,2.9056106,0.0,0.0,0.0,0.0,0.19970219,0.0,10.299606,0.0,0.0,0.0,0.0,7.0918236,0.0,0.0,0.0,8.878807,0.0,0.0,0.0,0.0,0.0,0.0,0.0,4.0945044,1.0909498,0.0,0.0,0.0,0.5053955,0.0,0.0,0.0,0.0,0.0,0.0,0.0,0.0,11.267391,0.0,0.0,0.0,0.0,0.0,0.0,0.0,0.0,0.0,0.0,0.0,0.0,0.0,0.0,0.0,0.0,0.0,0.0,8.393657,0.0,3.2015169,0.0,0.0,0.0,0.0,0.0,0.0,0.0,0.0,0.0,0.0,0.0,0.0,0.0,0.0,0.0,0.0,0.0,4.6112037,0.0,0.8848234,2.3943655,0.0,4.410547
0.0,0.0,0.0,0.0,0.0,0.0,3.470886,0.0,0.0,0.0,0.0,0.0,2.7282104,0.0,0.0,0.0,0.0,5.8544836,0.25518864,0.0,0.0,0.0,0.0,0.51666933,0.0,0.0,0.0,0.0,2.3780477,0.0,0.0,0.0,0.0,0.0,7.5778155,2.0341024,0.0,0.0,0.0,0.0,0.0,0.0,0.0,0.0,0.0,0.52183735,0.0,0.0,4.8025618,0.0,0.0,12.9132595,0.0,0.0,0.0,0.0,5.6213517,8.367989,0.0,0.0,0.0,0.0,4.252841,0.0,0.0,0.0,0.0,0.0,0.0,0.0,3.8467028,0.0,0.0,0.0,0.0,0.0,3.3548403,0.0,0.0,0.0,0.0,0.0,0.0,0.0,0.0,0.0,0.0,0.0,0.0,0.0,0.0,0.0,0.0,0.0,0.0,0.0,0.0,0.0,0.0,0.0,0.0,0.0,0.0,0.78783566,0.0,0.0,0.0,0.0,0.0,0.0,5.5410757,0.0,6.0857368,2.0695715,2.9484754,0.0,0.0,0.0,0.0,0.0,0.0,0.0,0.0,0.0,3.752872,0.0,0.0,0.0
0.0,0.0,0.0,4.5234346,0.0,1.6029398,0.0,0.0,0.0,0.0,0.0,0.0,0.80242205,0.0,0.0,0.0,0.0,0.0,0.0,0.0,0.0,0.0,0.0,3.3873358,0.0,0.0,0.0,0.0,0.0,0.0,0.0,0.0,3.9152455,0.3940071,0.0,0.0,0.0,0.0,0.0,0.0,0.0,0.0,0.0,0.0,0.0,2.0172105,0.0,0.0,0.0,0.0,0.0,4.355461,0.0,0.0,0.0,0.0,1.4829262,4.4864974,0.0,0.0,0.0,1.8667842,0.0,0.0,0.0,0.0,0.0,2.7685232,0.0,2.1183314,0.0,0.0,0.0,0.0,2.370101,0.0,7.165786,0.0,0.0,0.0,3.3906872,0.0,0.0,0.0,0.0,0.0,0.0,0.0,0.0,0.0,0.0,4.650477,0.0,0.0,0.0,0.0,0.0,0.0,0.0,0.0,0.0,0.0,0.0,0.0,0.0,0.0,0.0,0.0,0.0,0.0,2.8528,0.0,6.7511816,0.0,0.0,3.076203,0.0,0.0,0.0,0.0,0.0,0.0,0.0,0.0,0.0,1.0867072,0.0,0.0
0.0,0.0,2.5892277,1.2407712,0.0,0.0,3.9855504,0.0,0.0,0.0,5.7925444,0.0,0.0,0.0,0.0,0.0,0.0,0.0,2.0392795,0.0,0.0,0.0,0.0,4.9455185,0.0,0.0,2.1295066,0.0,0.0,0.7639932,0.0,0.0,0.0,5.113117,2.381228,0.0,0.0,0.0,5.5342565,0.0,0.0,0.0,0.0,0.0,0.0,0.0,0.0,0.0,3.1470885,0.0,1.2630656,9.34167,0.0,0.0,0.0,0.0,0.0,3.6378412,10.742755,0.0,0.0,0.0,4.1145425,3.7314813,0.0,0.0,0.0,0.0,0.0,4.3447146,0.54034096,0.0,0.0,0.0,0.0,0.0,0.0,0.0,0.0,0.0,0.0,0.0,0.0,0.0,0.0,0.0,0.0,0.0,0.0,0.0,0.0,0.55155265,0.0,0.0,0.0,0.0,0.0,0.0,0.0,0.0,0.0,0.0,0.0,0.0,7.745967,0.0,0.0,0.0,0.0,0.0,7.416982,0.0,0.0,6.9563575,5.116862,0.0,0.0,0.0,0.0,1.4636216,0.0,0.0,0.0,0.0,0.0,0.0,0.0,1.9882178
0.0,0.0,3.4450698,1.7099595,0.0,0.0,8.293713,0.0,0.0,0.0,0.0,10.356127,0.0,0.0,0.0,0.0,0.0,0.0,12.923699,6.4684396,0.0,0.0,0.0,0.0,0.0,0.0,0.0,0.0,0.0,0.0,0.0,2.7849956,0.0,0.0,7.41766,0.0,0.0,0.0,11.307898,0.0,0.0,0.0,0.0,0.0,0.0,0.0,0.0,0.0,9.255125,0.0,5.1628485,0.0,0.0,0.0,0.0,0.0,5.842546,0.40581548,13.189023,0.0,0.0,1.716939,5.4539547,11.293225,0.0,0.0,0.0,0.0,0.0,0.0,0.0,0.0,0.0,0.0,0.0,0.0,0.0,0.0,0.0,0.0,0.0,0.0,0.0,16.30772,0.0,0.0,0.0,0.0,0.0,0.0,0.0,0.0,0.0,0.0,0.0,10.555255,0.0,0.0,0.0,0.0,0.0,0.0,6.0968046,0.0,0.0,0.0,0.0,0.0,0.0,0.0,0.54609334,0.0,0.0,0.0,0.0,0.0,0.0,0.0,0.0,0.0,0.0,0.0,0.0,0.0,0.0,0.0,0.0,9.464465
0.0,0.0,0.0,2.5552552,0.0,0.0,6.250301,0.0,0.0,0.0,0.0,3.871529,0.0,0.0,0.0,6.4907236,0.0,0.0,0.0,2.4354568,0.0,0.0,3.9109206,0.0,0.0,0.0,0.0,0.0,0.0,0.0,0.0,0.0,0.0,0.0,0.0,0.0,0.3050198,0.0,2.7497554,0.0,0.0,0.0,0.0,1.8412123,0.0,0.0,0.0,0.0,0.0,0.0,0.0,0.0,0.0,0.0,0.0,0.0,1.393338,0.8082681,0.0,0.0,0.0,0.6015715,0.0,0.0,0.0,0.81298214,0.0,0.0,0.0,4.4595346,0.0,0.0,0.0,0.0,4.0109344,0.0,0.0,0.0,0.0,0.0,0.0,1.3906468,0.0,2.563693,0.0,2.797591,0.0,0.0,0.0,0.0,0.0,6.031063,0.0,0.0,0.0,0.0,0.0,0.0,0.0,0.0,0.0,0.0,1.9595312,2.8036866,0.0,0.0,0.0,0.0,0.0,0.0,0.0,0.76911813,0.0,0.0,0.0,4.940925,0.841239,0.0,0.0,0.0,0.7275145,0.0,0.0,0.0,0.0,2.6496925,0.0,0.0
0.0,0.0,2.4462416,2.0673225,1.9894179,0.0,4.5461392,0.0,0.0,0.0,1.680909,0.0,0.0,0.0,0.0,3.0343075,0.0,0.0,0.0,2.1077032,0.027032996,0.0,0.0,1.585972,0.0,0.0,0.38772804,0.0,0.434471,0.0,0.0,0.0,0.0,1.0113958,4.0730495,0.0,0.0,0.0,0.0,0.0,0.0,0.0,0.0,0.0,0.0,0.0,0.0,0.0,0.0,0.0,0.0,8.4328165,0.0,0.0,0.0,0.0,0.0,0.0,3.0247893,0.0,0.0,0.0,4.970007,3.8788826,0.0,0.0,0.0,0.0,0.0,2.8058,4.416857,0.0,0.0,0.0,0.0,0.0,1.8831666,0.0,0.0,0.0,0.0,0.44501078,0.0,0.0,0.0,0.0,0.0,0.0,0.0,0.0,0.0,0.0,0.0,0.0,0.0,0.0,0.0,0.0,0.0,0.0,0.0,0.0,0.0,0.0,1.860074,0.0,0.0,0.0,0.0,0.0,3.623897,0.0,0.0,2.9030888,1.8704696,0.0,0.0,0.0,0.0,0.0,0.0,0.0,0.0,0.0,0.3388439,0.02387249,1.446624,0.0
0.0,0.0,0.0,0.0,0.0,0.0,0.0,0.0,0.0,0.0,0.0,0.9867607,0.0,0.0,0.0,1.3697168,0.0,2.3054974,0.0,2.582182,0.0,0.0,0.0,5.041442,0.0,0.0,0.0,0.0,0.0,0.0,0.0,0.0,2.567489,0.0,0.0,1.6336849,0.0,0.0,0.0,0.0,0.0,0.0,0.0,0.0,0.0,0.0,0.0,0.0,0.0,0.0,0.0,0.0,0.0,0.0,0.0,0.0,0.0,0.0,0.0,0.0,0.0,0.0,0.0,0.0,0.0,0.0,0.0,0.0,0.0,13.349017,9.035034,0.0,0.0,0.0,0.42268574,0.0,0.0,0.0,0.0,0.0,3.0546973,5.0078545,0.0,4.7475314,0.0,0.0,4.55651,7.6629887,0.0,0.0,0.0,0.08259539,0.0,0.0,0.0,0.0,0.0,0.0,0.0,0.0,0.0,0.0,0.31402454,4.3454533,2.3681579,0.0,0.0,0.0,0.0,0.0,0.0,0.0,0.0,0.0,0.0,6.5526323,0.0,0.0,0.0,0.0,0.0,0.0,0.0,0.0,0.0,0.0,0.0,0.0
0.0,0.0,0.0,8.752142,0.0,0.0,0.31115487,0.0,0.0,0.0,0.0,4.014255,0.68680567,0.0,0.0,0.0,0.0,0.0,1.3747112,0.0,0.0,0.0,0.0,3.5956857,0.0,0.0,5.7943573,0.0,0.0,0.0,0.0,0.0,3.056435,0.0,0.0,0.0,0.0,0.0,4.0726776,0.0,0.0,0.0,0.0,0.0,0.0,0.0,0.0,0.0,4.0074406,0.0,6.140232,8.849908,0.0,0.0,0.0,0.0,0.0,7.2854753,5.5148354,0.0,0.0,0.0,4.188285,0.51301366,0.0,0.0,0.0,2.4256823,0.0,0.0,0.0,0.0,0.0,0.0,3.4952543,0.0,0.0,0.0,0.0,9.393337,0.0,0.0,0.0,0.0,0.0,0.0,0.0,0.0,0.0,0.0,0.0,0.0435075,0.0,0.0,0.0,0.0,0.0,0.0,0.0,0.0,0.0,0.0,0.0,0.004563473,6.686386,0.0,0.0,0.0,0.0,0.0,1.7191983,0.0,6.282982,0.0,6.1696997,0.0,0.0,0.0,0.0,0.0,0.6242672,0.0,0.0,0.0,0.0,0.0,0.0,3.009925
0.0,0.0,2.3566728,8.786422,0.0,0.0,17.9837,0.0,0.0,0.0,3.0511425,11.710022,6.8333135,0.0,0.0,0.0,0.0,0.0,0.0,0.0,0.0,0.0,0.0,0.0,0.0,0.0,5.3452144,0.0,0.0,0.0,0.0,0.0,0.0,0.0,0.0,0.0,0.0,0.0,0.0,0.0,0.0,0.0,0.0,0.0,0.0,3.215953,0.0,0.0,0.0,0.0,0.0,16.486708,0.0,0.0,0.0,0.0,0.0,12.212009,10.431561,0.0,0.0,0.0,2.43962,0.12594646,0.0,0.0,0.0,0.0,0.0,0.0,0.0,0.0,0.0,0.0,0.0,0.0,0.0,0.0,0.0,0.0,0.0,0.0,0.0,1.6689832,0.0,0.0,0.0,0.0,0.0,0.0,0.0,0.3521509,0.0,0.0,0.0,0.0,0.0,0.0,0.0,0.0,0.0,0.0,0.0,7.9666176,0.8004428,0.0,0.0,0.0,0.0,0.0,0.0,0.0,0.16837648,0.0,0.0,0.0,0.0,0.0,0.0,0.0,0.0,0.0,0.0,0.0,0.0,0.0,0.0,3.0334716
0.0,1.1630125,0.0,0.0,0.0,0.0,5.3868313,0.0,0.0,0.0,0.0,0.0,0.14874081,0.0,0.0,9.123309,0.0,12.464859,1.7184592,3.0501275,0.0,0.0,0.0,0.0,0.0,0.0,0.0,0.0,0.0,0.0,0.0,0.0,0.0,0.0,0.0,5.4762087,0.0,0.0,0.0,0.0,0.0,0.0,0.0,0.7998279,0.0,0.0,0.0,0.0,0.0,0.0,0.0,0.0,0.0,0.0,0.0,0.0,11.727232,0.0,0.0,0.0,0.0,1.9177623,0.0,0.0,0.0,0.0,0.0,0.0,0.0,4.3194313,10.337747,0.0,0.0,0.0,0.0,0.0,3.4393091,0.0,0.0,0.0,0.0,4.5954356,0.0,9.52412,0.0,0.0,0.0,0.0,0.0,0.0,0.0,0.0,0.0,0.0,0.0,0.0,0.0,0.0,0.0,0.0,0.0,0.0,8.246825,5.6587105,0.0,0.0,0.0,0.0,0.0,0.0,12.181936,0.0,0.0,0.0,0.0,0.0,0.0,0.0,0.0,0.0,0.23461427,0.0,0.0,0.0,0.0,0.0,0.0,0.0
0.0,0.0,0.0,7.640695,0.0,0.0,7.320667,0.0,0.0,0.0,0.0,4.1889334,0.0,0.0,0.0,0.0,0.0,0.0,0.0,3.5066385,0.0,0.0,1.5972365,4.529336,0.0,0.0,3.3362417,0.0,0.0,4.3863864,0.0,0.0,1.3643258,3.1395488,0.0,0.0,0.0,0.0,0.0,0.0,0.0,0.0,0.0,0.0,0.0,0.220722,0.0,0.0,0.0,0.0,0.0,4.9440017,0.0,0.0,0.0,0.0,0.0,0.0,3.701239,0.0,0.0,0.43464997,0.0,3.1349163,0.0,0.0,0.0,0.0,0.0,8.640295,1.7779112,0.0,0.0,0.0,0.0,0.0,0.6207989,0.0,0.0,0.0,2.6534252,0.0,0.0,0.0,0.0,0.0,0.0,0.0,0.0,0.0,0.0,1.8756539,0.0,0.0,0.0,0.0,0.0,0.0,0.0,0.0,0.0,0.0,0.0,0.0,2.4048398,0.0,0.0,0.0,0.0,0.0,0.0,0.0,0.0,0.0,3.3731515,0.0,0.0,0.0,0.0,0.0,0.0,0.0,0.0,0.0,0.0,2.9883232,3.2768846,0.0
0.0,0.0,0.0,0.0,0.0,0.0,6.5734262,0.0,0.0,0.0,0.0,0.0,13.415028,0.0,0.0,0.0,0.0,0.0,11.353826,0.0,0.0,0.0,4.8430653,0.0,0.0,0.0,10.938909,0.0,0.0,0.0,0.0,6.535691,0.0,0.0,0.0,0.0,0.0,0.0,0.0,0.0,0.0,0.0,0.0,0.0,0.0,0.0,0.0,0.0,0.0,0.0,0.67168653,0.0,0.0,0.0,0.0,0.0,1.0831559,14.2396755,1.287994,0.0,0.0,1.2943872,0.0,0.0,0.0,0.0,0.0,0.0,0.0,0.57224,0.0,0.0,0.0,0.0,5.1761503,0.0,0.0,0.0,0.0,0.0,0.0,0.0,0.0,0.0,0.0,0.0,0.0,0.0,0.0,0.0,0.0,0.0,0.0,0.0,0.0,0.0,0.0,0.0,7.036022,0.0,0.0,0.0,8.954647,4.0858364,9.923537,0.0,0.0,0.0,0.0,0.0,0.0,2.2192113,0.0,0.0,4.8195934,9.938538,0.0,0.0,9.229619,0.0,8.888557,0.0,6.163163,0.0,0.0,0.0,0.0,8.826167
0.0,0.0,3.6363199,3.861216,0.0,0.0,4.053233,0.0,0.0,0.0,0.0,0.0,0.0,0.0,0.0,0.14601111,0.0,5.1069226,1.2448753,5.102112,0.0,0.0,0.0,1.533554,0.0,0.0,0.0,0.0,0.12797211,0.0,0.0,0.0,0.0,0.0,1.1580801,0.0,0.0,0.0,0.639935,0.0,0.0,0.0,0.0,3.134307,0.0,0.0,0.0,0.0,3.2792022,0.0,0.0,4.3111873,0.0,0.0,0.0,0.0,6.8832016,0.0,1.1268817,0.0,0.0,2.8198643,5.295774,5.9711914,0.0,0.0,0.0,0.0,0.0,0.0,7.8276896,0.0,0.0,0.0,0.0,0.0,0.0,0.0,0.0,0.0,0.0,1.2729155,0.0,2.731838,0.0,0.0,0.0,0.0,0.0,0.0,0.0,0.0,0.0,0.0,0.0,0.65814894,0.0,0.0,0.0,0.0,0.0,0.0,1.8631228,0.062366605,0.0,0.0,0.0,0.0,0.0,0.0,2.1869888,0.0,0.0,0.0,0.0,0.0,0.0,0.0,0.0,0.0,0.0,0.0,0.0,0.0,0.0,0.0,0.0,0.0
0.0,0.0,0.0,0.4863831,0.0,0.0,1.6486554,0.0,0.0,0.0,0.0,0.0,0.0,0.0,0.0,0.0,0.0,1.4695807,0.0,0.0,0.0,0.0,0.0,0.85993093,0.0,0.0,0.0,0.0,1.0203999,0.0,0.0,0.0,0.0,0.0,3.073538,0.0,0.0,0.0,0.0,0.0,0.0,0.0,0.0,0.0,0.0,0.0,0.0,0.0,0.0,0.0,0.0,7.5644336,0.0,0.0,0.0,0.0,0.58351856,0.677197,0.0,0.0,0.0,0.0,2.4193666,0.0,0.0,0.0,0.0,0.0,0.0,1.4803635,6.540465,0.0,0.0,0.0,0.0,0.0,5.578982,0.0,0.0,0.0,2.2053864,0.0,0.0,0.0,0.0,0.0,0.0,0.0,0.0,0.0,0.0,0.0,0.0,0.0,0.0,0.0,0.0,0.0,0.0,0.0,0.0,0.0,0.0,1.010162,0.0,0.0,0.0,0.0,0.0,0.0,0.01837484,0.0,0.0,1.525221,2.356276,0.0,0.0,0.0,0.0,0.0,0.0,0.0,0.0,0.0,1.5501153,0.0,2.0592043,0.0
0.0,0.0,0.0,0.0,0.0,0.336075,0.0,0.0,0.0,0.0,0.0,0.0,3.4681544,0.0,0.0,0.5101623,0.0,2.0246186,0.0,0.0,0.0,0.0,0.0,0.0,0.0,0.0,0.0,0.0,0.0,0.0,0.0,0.0,8.855891,0.20472273,0.0,0.0,0.0,0.0,0.0,0.0,0.0,0.0,0.0,0.037005097,0.0,0.0,0.0,0.0,0.0,0.0,0.0,0.0,0.0,0.0,0.0,0.0,2.7608528,1.8734511,0.0,0.0,0.0,2.3631792,0.0,0.0,0.0,0.0,0.0,1.1906066,0.0,1.2037966,0.51672494,0.0,0.0,0.0,0.0,0.0,8.371592,0.0,0.0,0.0,9.608742,0.0,0.0,0.0,0.0,0.0,0.0,0.0,0.0,0.0,0.0,2.4318538,0.0,0.0,0.0,0.0,0.0,0.0,0.0,0.0,0.0,0.0,0.0,0.0,0.0,0.0,0.0,6.125488,0.0,0.0,0.0,0.0,0.0,0.0,0.0,2.7128658,0.0,0.0,0.0,0.0,0.0,0.0,0.0,0.0,0.0,0.0,0.0,0.0
0.0,0.0,0.4941534,0.3446984,0.0,0.0,8.504096,0.0,0.0,0.0,1.2229034,0.0,0.0,0.0,0.0,0.0,0.0,1.3459389,0.0,6.138835,0.0,0.0,0.0,6.2270775,0.0,0.0,0.4936097,0.0,0.0,5.9867897,0.0,0.0,4.9596915,1.7863928,0.0,0.0,0.0,0.0,0.0,0.0,0.0,0.0,0.0,1.1778948,0.0,0.0,0.0,0.0,0.0,0.0,0.0,1.7424546,0.0,0.0,0.0,0.0,0.0,0.0,1.5822482,0.0,0.0,0.654279,0.0,0.12678859,0.0,0.0,0.0,0.0,0.0,13.7655115,3.5727396,0.0,0.0,0.0,0.0,0.0,3.6391723,0.0,0.0,0.0,5.3175697,0.0,0.0,0.0,0.0,0.25190753,0.0,0.0,0.0,0.0,0.0,3.8090765,0.0,0.0,0.0,0.0,0.0,0.0,0.0,0.0,0.0,0.0,0.11765143,1.0578282,3.9783654,0.0,0.0,0.0,0.0,0.0,0.0,0.0,0.0,0.057832878,1.2402346,3.856416,0.0,0.0,0.0,0.0,0.0,0.0,0.0,0.0,0.0,0.0,3.9596982,0.0
0.0,0.0,0.0,0.0,0.80083454,0.0,4.6972,0.0,0.0,0.0,2.9323432,0.0,0.0,0.0,0.0,1.3476063,0.0,0.0,0.0,0.0,0.0,0.0,0.0,2.936055,0.0,0.0,0.0,0.0,0.0,0.0,0.0,0.0,1.136314,3.3017392,3.930461,1.5468324,0.0,0.0,0.0,0.0,0.0,0.0,0.0,0.0,0.0,1.2986665,0.0,0.0,0.0,0.0,0.0,2.2556796,0.0,0.0,0.0,0.0,0.0,0.0,1.4625739,0.0,0.0,0.0,0.0,0.0,0.0,0.0,0.0,1.3577696,0.0,7.7514033,0.0,0.0,0.0,0.0,0.0,0.0,2.2285237,0.0,0.0,0.0,2.6936476,0.0,0.0,0.0,0.0,0.0,0.0,0.0,0.0,0.0,0.0,0.0,0.0,0.0,0.0,0.0,0.034435265,0.0,0.0,0.0,0.0,0.0,0.0,3.5788264,0.0,0.0,0.0,0.0,0.0,0.0,4.3131,0.0,0.12837179,2.526109,0.0,0.0,0.0,0.0,0.0,0.0,0.0,0.0,0.0,0.0,5.986015,0.0,0.0,0.0
0.0,0.0,0.0,0.0,0.0,0.0,6.0571713,0.0,0.0,0.0,0.0,0.0,0.0,0.0,0.0,1.0918013,0.0,2.585686,0.49727365,2.9949355,0.0,0.0,0.0,8.296891,0.0,0.0,0.31029788,0.0,0.0,0.0,0.0,0.0,0.41614407,1.6587456,0.0,0.0,0.0,0.0,0.0,0.0,0.0,0.0,0.0,0.0,0.0,0.23035093,0.0,0.0,0.0,0.0,0.0,3.157266,0.4861867,0.0,0.0,0.0,0.0,0.0,0.0,0.0,0.0,0.0,0.0,0.0,0.0,0.0,0.0,0.14305554,0.0,16.402824,0.0,0.0,0.0,0.0,0.0,0.0,5.944205,0.0,0.0,0.0,2.4074316,0.0,0.0,0.0,0.0,0.0,0.0,0.0,0.0,0.0,0.0,0.0,0.0,0.0,0.0,0.0,0.0,0.0,0.0,0.0,0.0,0.0,0.0,2.6986158,0.0,0.0,0.0,0.0,0.0,0.0,5.2098,0.0,0.0,0.35906065,0.079693615,2.5677168,0.0,0.0,0.0,4.102645,0.0,0.0,0.0,0.0,3.8351448,0.0,0.0,0.0
0.0,0.0,0.0,0.0,0.0,0.0,7.3300176,0.0,0.0,0.0,0.9149301,0.0,0.0,0.0,0.0,0.0,0.0,5.197832,5.9871554,0.0,0.0,0.0,0.0,3.4190238,0.0,0.0,4.2212167,0.0,3.126003,0.0,0.0,0.0,0.0,0.0,8.673557,0.0,0.0,0.0,0.0,0.0,0.0,0.0,0.0,0.0,0.0,0.0,0.0,0.0,3.1929677,0.0,0.0,11.149612,0.0,0.0,0.0,0.0,0.0,0.49755532,0.0,0.0,0.0,0.0,4.4237466,1.5979346,0.0,0.0,0.0,1.7146932,0.0,5.1673183,6.9797077,0.0,0.0,0.0,0.0,0.0,9.164543,0.0,0.0,0.0,1.5732602,0.0,0.0,0.0,0.0,0.0,0.0,0.0,0.0,0.0,0.0,0.0,0.0,4.347122,0.0,0.0,0.0,0.0,0.0,0.0,0.0,0.0,0.0,1.7423964,0.23756829,0.0,0.0,0.0,0.0,0.0,9.236023,0.0,3.0379224,8.62343,0.0,0.0,0.0,0.0,0.0,0.0,0.0,0.0,0.0,0.0,0.0,0.0,1.0963,0.0
0.0,0.9401553,0.0,9.975721,0.0,0.0,0.0,0.0,0.0,0.0,0.0,0.0,0.0,0.0,0.0,3.820132,0.0,0.0,1.8359369,2.726169,0.0,0.0,0.0,1.7109017,0.0,0.0,0.0,0.0,0.0,0.0,0.0,0.0,3.1148808,5.873738,0.0,0.0,0.0,0.0,0.17045234,0.0,0.0,0.0,0.0,0.0,0.0,0.0,0.0,0.0,0.0,0.0,0.0,0.0,0.0,0.0,0.0,0.0,0.0,0.0,9.431305,0.0,0.0,0.10595291,0.0,0.0,0.0,0.0,0.0,0.0,0.0,11.707601,0.0,0.0,0.0,0.0,0.0,0.0,0.0,0.0,0.0,0.0,0.0,0.0,0.0,0.0,0.0,0.0,0.0,0.0,0.0,0.0,0.0,0.0,0.0,0.0,0.0,0.0,0.0,0.0,0.0,0.0,0.0,0.0,8.774649,0.0,0.0,0.0,0.0,0.0,0.0,0.0,10.113468,0.0,0.0,0.0,6.6325383,1.8867091,0.0,7.791547,0.0,10.247095,0.0,0.0,0.0,0.0,7.2428946,0.0,0.0,3.8035269
0.0,0.0,0.6651998,0.0,0.0,0.0,0.49134117,0.0,0.0,0.0,9.663041,7.2522492,6.173312,0.0,0.0,2.4308388,0.0,0.0,0.0,0.0,0.0,0.0,0.0,0.0,0.0,0.0,0.0,0.0,0.0,0.0,0.0,0.0,0.0,2.3731115,5.233876,7.346531,0.0,0.0,0.0,7.613361,0.0,0.0,0.0,0.0,0.0,0.0,0.0,0.0,0.0,0.0,0.0,7.344945,0.0,0.0,0.0,0.0,0.0,4.6661334,6.1781154,0.0,0.0,0.0,2.2096827,0.0,0.0,0.0,0.0,0.010978353,0.0,0.0,0.0,0.0,0.0,0.0,0.0,0.0,0.0,0.0,0.0,0.0,0.0,0.0,0.0,1.7240855,0.0,0.0,0.0,0.0,0.0,0.0,0.0,0.0,0.0,0.0,0.0,0.0,0.0,0.0,3.8748286,0.0,0.0,0.0,2.30457,3.6352985,0.0,0.0,0.0,0.0,0.0,0.0,0.09894783,3.6944847,0.0,0.0,0.35554296,0.0,0.0,0.0,0.0,0.0,0.0,0.0,0.0,0.0,6.504281,0.0,0.0,0.3284192
0.0,0.0,0.0,5.605853,0.0,0.0,1.3097842,0.0,0.0,0.0,0.0,0.0,0.0,0.0,0.0,8.706155,0.0,14.087718,2.11678,0.0,0.0,0.0,0.0,6.556116,0.0,0.0,0.0,0.0,1.5918428,0.0,0.0,0.0,1.3523878,0.0,0.0,4.0669513,0.0,0.0,0.0,0.0,0.0,0.0,0.0,7.8702607,0.0,0.0,0.0,8.427401,0.0,0.0,1.1563326,0.0,0.0,0.0,0.0,0.0,6.273959,0.0,0.0,0.0,0.0,2.3481126,3.7057583,0.0,0.0,0.0,0.0,0.0,0.0,5.075488,4.6001053,0.0,0.0,0.0,1.1441215,0.0,0.0,0.0,0.0,0.0,0.0,12.241747,0.0,5.3644977,0.0,0.0,0.0,0.0,0.0,0.0,0.0,0.0,0.0,0.0,0.0,0.0,0.0,0.0,0.0,0.0,0.0,0.0,15.108712,0.9595837,4.8816633,0.0,4.8673234,0.0,0.0,0.0,0.0,3.3079333,0.0,0.0,0.0,7.871896,0.0,0.0,0.0,0.0,0.0,0.0,3.5634573,0.0,0.0,0.0,0.0,0.0
0.0,3.3040268,4.364679,3.7825606,0.0,0.0,7.5579314,0.0,0.0,0.0,0.0,0.0,0.0,0.0,0.0,3.9374516,0.0,7.6417108,1.0325807,14.450918,0.0,0.0,0.0,3.603983,0.0,0.0,0.0,0.0,3.2185407,0.0,0.0,0.0,0.88257986,0.0,3.007909,0.0,0.0,0.0,0.0,1.4170375,0.0,0.0,0.0,10.301728,0.0,0.0,0.0,0.0,2.8578887,0.0,0.0,6.4393196,0.0,0.0,0.0,0.0,4.830585,0.0,4.3528585,0.0,0.0,0.0,0.0,5.7375655,0.0,0.0,0.0,0.0,0.0,6.230271,6.496952,0.0,0.0,0.0,0.0,0.0,1.2853341,0.0,0.0,0.0,0.10590943,0.0,0.0,0.0,0.0,0.0,0.0,0.0,0.0,0.0,0.0,0.0,0.0,0.0,0.0,0.0,0.0,0.0,0.0,0.0,0.0,0.0,3.9447484,0.0,0.0,0.0,0.0,0.0,0.0,0.0,6.106161,0.0,0.0,0.0,0.0,0.0,0.0,0.0,0.0,1.7204132,0.0,0.0,0.0,0.0,1.2938496,0.0,0.0,0.0
0.0,0.0,0.0,0.0,0.0,0.0,4.665652,0.0,0.0,0.0,0.0,0.0,0.0,0.0,0.0,3.0789747,0.0,2.2429314,10.562813,12.273512,0.0,0.0,7.6267753,11.712788,0.0,0.0,1.9187948,0.0,0.0,0.0,0.0,0.0,0.0,0.0,0.0,0.0,0.64008236,0.0,0.0,0.0,0.0,0.0,0.0,0.0,0.0,0.0,1.1796622,0.0,0.0,0.0,0.0,0.0,0.0,0.0,0.0,0.0,0.47911158,0.0,2.5021136,0.0,0.0,0.0,4.060155,5.4558034,0.0,0.0,0.0,0.0,0.0,10.602479,11.370762,0.0,0.0,0.0,0.0,0.0,0.0,0.0,0.0,0.0,0.0,0.0,0.0,4.531178,2.6436603,2.0410626,0.0,5.293021,0.0,0.0,0.0,3.726837,0.0,0.0,0.0,0.0,0.0,0.0,13.007843,0.0,0.0,0.0,17.463234,6.0365553,3.5435488,0.0,6.5416,0.0,0.0,0.0,0.0,0.0,0.0,0.0,0.67715734,9.110183,0.0,0.0,0.0,0.0,3.032845,0.0,7.9322104,0.0,0.0,0.0,0.0,0.0
0.0,0.0,0.0,4.7250967,0.0,0.0,14.7503395,0.0,0.0,0.0,0.0,12.127045,0.0,0.0,0.0,0.0,0.0,5.543504,0.0,0.0,0.0,0.0,0.0,0.0,0.0,0.0,0.0,0.0,0.3159216,0.0,0.0,0.0,0.0,0.0,0.0,7.529804,4.727773,0.0,0.0,0.0,0.0,0.0,0.0,0.0,0.0,0.0,0.0,0.0,0.0,0.0,0.0,15.947594,0.0,0.0,0.0,0.0,2.6062648,4.848822,8.8458395,0.0,0.0,0.0,16.90576,5.341041,0.0,0.0,0.0,0.0,0.0,0.0,10.534589,0.0,0.0,0.0,0.0,0.0,0.0,0.0,0.0,0.0,0.0,0.0,0.0,0.0,0.0,0.0,0.0,0.0,0.0,0.0,0.0,0.0,0.0,0.0,0.0,0.0,0.0,0.0,0.049022194,0.0,0.0,0.0,5.5379214,0.0,0.0,0.0,0.0,0.0,0.0,0.0,0.0,0.0,0.0,0.0,1.9501615,0.0,0.0,0.0,0.0,0.0,0.0,0.0,0.0,0.0,0.0,0.0,0.0,0.0
0.0,0.0,0.0,0.0,0.0,0.0,0.0,0.0,0.0,0.0,0.0,0.0,12.273105,0.0,0.0,6.5942235,0.0,0.0,0.0,0.0,0.0,0.0,0.0,0.0,0.0,0.0,6.724461,0.0,0.0,0.0,0.0,0.0,0.0,0.0,0.0,0.0,0.0,0.0,0.0,0.0,0.0,0.0,0.0,0.0,0.0,0.0,0.0,0.0,0.0,0.0,0.0,0.20504655,0.0,0.0,0.0,0.0,0.0,4.815318,0.0,0.0,0.0,0.0,0.0,0.0,0.0,0.0,0.0,9.37983,0.0,4.586053,4.696054,3.5609243,0.0,0.0,0.0,0.0,8.952918,0.0,0.0,0.0,4.415286,0.0,0.0,2.0944595,0.0,0.0,0.0,0.0,0.0,0.0,0.0,0.0,0.0,4.046988,0.0,0.0,0.0,0.0,0.0,0.0,0.0,0.0,0.0,0.0,0.0,0.0,0.0,2.117848,0.0,0.0,4.822563,0.0,0.0,0.0,0.0,7.5961814,0.0,0.0,0.0,0.0,0.0,0.0,0.0,0.0,4.942165,0.0,0.0,6.0825663
0.0,2.692132,0.0,0.0,0.0,0.0,6.5683084,0.0,0.0,0.0,0.0,6.668988,1.5769128,0.0,0.0,4.5080724,0.0,2.3597703,1.472376,6.292338,0.0,0.0,2.5858834,0.0,0.0,0.0,0.0,0.0,0.4955014,0.0,0.0,0.0,0.0,0.0,0.0,8.483954,6.054808,0.0,0.0,7.778648,0.0,0.0,0.0,3.2055075,0.0,0.0,3.572177,0.0,0.0,0.0,0.0,1.5976373,4.2939725,0.0,0.0,0.0,4.1238413,4.849177,0.0,0.0,0.0,0.0,0.0,0.8228765,0.0,0.0,0.0,0.0,0.0,0.7118269,5.291602,0.0,0.0,0.0,0.0,0.0,0.0,0.0,0.0,0.0,0.0,0.0,0.0,3.6834671,0.0,0.0,0.0,0.0,0.0,0.0,0.0,0.6949589,0.0,0.0,0.0,0.0,0.0,0.0,6.788319,0.0,0.0,0.0,11.038409,0.5228112,0.0,0.0,0.0,0.0,0.0,0.0,0.0,0.0,0.0,0.0,0.0,8.39365,0.0,0.0,0.0,0.0,0.0,0.0,0.0,0.0,2.5245328,0.0,0.0,0.0
0.0,0.0,0.0,0.0,0.0,0.0,8.772971,0.0,0.0,0.0,3.4844742,0.0,0.0,0.0,0.0,0.0,0.0,0.0,7.173808,0.0,0.0,0.0,3.1271484,2.9172733,0.0,0.0,2.0221496,0.0,0.0,7.652921,0.0,0.0,5.446548,8.337072,0.0,0.0,0.0,0.0,0.0,0.0,0.0,0.0,0.0,0.0,0.0,4.1500597,0.0,0.0,4.83404,0.0,0.0,0.0,0.0,0.0,0.0,0.0,0.24139513,0.0,6.636307,0.0,0.0,4.466416,0.02879998,2.8665667,0.0,0.0,0.0,0.13024461,0.0,5.632448,0.0,0.0,0.0,0.0,0.0,0.0,0.0,0.0,0.0,0.0,1.4671639,0.0,0.0,0.0,0.0,1.0573611,0.0,0.0,0.0,0.0,0.0,0.0,0.0,0.0,0.0,0.0,0.0,0.0,8.824496,0.0,0.0,0.0,0.0,1.9758253,10.67816,0.0,0.0,0.0,0.0,0.0,0.0,0.0,0.0,3.03569,0.0,0.0,0.0,0.0,0.0,0.0,0.0,0.0,0.0,0.0,0.0,0.0,2.2638507,1.233372
0.0,0.8847367,3.6217086,0.0,0.0,0.0,4.8262644,0.0,0.0,0.0,6.65782,0.0,0.0,0.0,0.0,3.1017127,0.0,0.0,0.0,3.2594392,0.0,0.0,0.0,1.6993955,0.0,0.0,2.999731,0.0,4.5855227,1.5356512,0.0,0.0,0.0,0.0,1.4337339,0.0,0.0,0.0,0.0,0.7505654,0.0,0.0,0.0,1.0801934,0.0,0.0,0.0,0.0,0.0,0.0,0.0,4.170227,0.0,0.0,0.0,0.0,0.0,0.0,2.2933137,0.0,0.0,0.0,4.720006,0.9635742,0.0,0.0,0.0,0.0,0.0,3.530629,5.8331475,0.0,0.0,0.0,0.0,0.0,0.0,0.0,0.0,0.0,1.637107,0.0,0.0,0.0,0.0,0.0,0.0,0.0,0.0,0.0,0.0,0.0,0.0,0.0,0.0,0.0,0.0,0.0,2.6378248,0.0,0.0,0.0,0.0,4.142436,0.3067993,0.0,0.0,0.0,0.0,0.0,2.3092415,0.0,0.0,3.6474056,0.0,0.0,0.0,0.0,0.0,0.0,0.0,0.0,0.0,0.0,0.0,0.0,2.8262203,0.0
0.0,0.0,0.0,1.9316981,0.0,0.0,8.651027,0.0,0.0,0.0,0.0,0.0,0.0,0.0,0.0,5.713791,0.0,3.8536906,0.0,2.294861,0.0,0.0,7.382909,11.000578,0.0,0.0,0.0,0.0,0.0,0.0,0.0,0.0,0.0,4.6098137,0.0,0.0,0.0,0.0,1.6918579,0.0,0.0,0.0,0.0,0.03389711,0.0,5.609591,0.0,0.0,0.0,0.0,0.0,0.10862844,8.141675,0.0,0.0,0.0,0.0,0.71892095,4.4093657,0.0,0.0,1.5103353,0.0,0.0,0.0,0.0,0.0,0.0,0.0,12.569025,0.04551817,0.0,0.0,0.0,0.0,0.0,0.19576225,0.0,0.0,0.0,0.0,0.0,0.0,0.0,0.0,3.049814,0.0,0.0,0.0,0.0,0.0,0.0,0.0,0.0,0.0,0.0,0.0,0.0,0.0,0.0,0.0,0.0,3.3199515,0.0,1.9163398,0.0,0.0,0.0,0.0,0.0,1.3087484,0.0,0.0,0.0,0.5239241,0.0,0.0,0.0,0.0,0.0,0.0,0.0,0.0,0.0,2.2156858,8.44267,0.0,0.0
0.0,0.0,0.0,0.0,0.0,0.0,2.3416967,0.0,0.0,0.0,0.0,0.0,0.78117144,0.0,0.0,0.0,0.0,4.056924,5.3121195,0.0,0.0,0.0,0.0,3.8020797,0.0,0.0,3.881261,0.0,5.226198,0.0,0.0,0.065263756,0.0,0.0,6.4371634,1.7530633,0.0,0.0,0.0,0.0,0.0,0.0,0.0,0.0,0.0,0.0,0.0,0.0,3.4253163,0.0,6.021983,0.3777177,0.0,0.0,0.0,0.0,2.9058278,4.3780727,0.0,0.0,0.0,0.0,1.4647918,0.0,5.820667,0.0,0.0,0.0,0.0,0.8881138,6.941564,0.0,0.0,0.0,2.082252,0.0,0.0,0.0,0.0,0.0,0.0,3.512172,0.0,4.0379505,0.0,0.0,0.0,1.5107901,0.0,0.0,0.0,0.41184333,0.0,0.43013003,0.0,0.0,0.0,0.0,2.0116794,0.0,0.0,0.0,0.0,4.0766115,4.459286,0.0,2.3292189,0.0,0.0,0.0,2.3023643,1.0590641,3.7163265,2.2023067,0.0,4.328572,0.0,0.0,0.0,0.0,1.320658,0.0,1.5860513,0.0,0.0,0.0,0.0,0.07531388
0.0,0.0,0.0,0.0,0.0,0.0,0.0,0.0,0.0,0.0,0.0,0.0,16.62279,0.0,0.0,1.4646631,0.0,0.0,5.8695016,0.0,0.0,0.0,0.0,0.0,0.0,0.0,1.2602634,0.0,0.0,0.0,0.0,1.7438698,0.0,0.0,0.0,0.56497455,0.0,0.0,0.0,0.0,0.0,0.0,0.0,0.0,0.0,2.2168438,0.0,0.0,0.0,0.0,0.0,7.0717015,0.0,0.0,0.0,0.0,5.440929,10.033924,0.0,0.0,0.0,0.0,0.0,0.0,0.0,0.0,0.0,0.0,0.0,0.0,4.8982725,0.0,5.360818,0.0,0.0,0.0,10.292572,0.0,0.0,0.0,4.2072773,0.0,0.0,0.0,0.0,0.0,0.0,0.0,0.0,0.0,0.0,0.0,0.0,0.0,0.0,0.0,0.0,0.0,0.0,0.0,0.0,0.0,0.0,0.0,0.0,0.0,0.0,5.793107,5.6120615,0.0,0.0,0.0,0.0,0.0,0.0,0.8590027,0.0,0.0,0.0,0.0,0.0,0.0,0.0,0.0,0.33408275,2.9898264,0.0,4.0799465
0.0,0.0,0.0,1.3749256,0.0,0.0,2.9759727,0.0,0.0,0.0,2.637895,1.7265044,0.0,0.0,0.0,0.0,0.0,0.0,0.0,0.0,0.0,0.0,0.0,3.9772546,0.0,0.0,0.0,0.0,0.0,0.0,0.0,0.0,0.7069135,0.0,2.7104607,0.0,0.0,0.0,0.0,0.0,0.0,0.0,0.0,0.0,0.0,2.8188064,0.0,0.0,0.7395429,0.0,4.531668,11.296632,0.0,0.0,0.0,0.0,0.0,4.9109755,4.5824747,0.0,0.0,0.0,4.832176,2.6648722,0.0,0.0,0.0,6.1584888,0.0,1.0799176,0.19438815,0.0,0.0,0.0,0.0,0.0,0.42282143,0.0,0.0,0.0,1.6582961,0.0,0.0,0.0,0.0,0.0,0.0,0.0,0.0,0.0,0.0,0.9904622,0.0,0.0,0.0,0.0,0.0,0.0,0.0,0.0,0.0,0.0,0.0,1.6783186,1.3511968,0.0,0.0,0.0,0.0,0.0,0.5940772,0.0,4.951243,5.500241,2.598946,0.0,0.0,0.0,0.0,0.0,0.0,0.0,0.0,0.0,0.0,0.0,0.0,0.0
0.0,0.0,0.0,0.0,0.0,0.0,1.4125993,0.0,0.0,0.0,0.0,0.0,0.0,0.0,0.0,0.0,0.0,6.518496,13.320489,1.6659995,0.0,0.0,0.0,2.0850923,0.0,0.0,0.0,0.0,0.0,0.0,0.0,0.0,3.3046286,3.2896066,0.0,0.0,0.0,0.0,0.0,0.0,0.0,0.0,0.0,0.0,0.0,2.6684945,0.0,0.0,0.0,0.0,0.0,0.0,0.0,0.0,0.0,0.0,6.0107527,0.0,0.0,0.0,0.0,2.8804755,0.0,0.49794915,0.0,0.0,0.0,0.0,0.0,17.537115,0.0,0.0,0.0,0.0,0.0,0.0,12.381779,0.0,0.0,0.0,0.020686314,0.0,0.0,0.0,0.0,0.0,0.0,0.0,0.0,0.0,0.0,0.0,0.0,0.0,0.0,0.0,0.0,0.0,0.0,0.0,0.0,0.0,0.0,0.0,1.0791328,0.0,0.0,0.0,0.0,0.0,17.74553,0.0,0.0,0.26128283,0.19864511,2.1838567,0.0,0.0,0.0,9.22337,0.0,0.0,0.0,0.0,0.0,0.0,0.0,0.0
0.0,0.0,0.0,7.289915,0.0,0.0,4.3798876,0.0,0.0,0.0,0.0,0.0,0.0,0.0,0.0,2.658541,0.0,8.378452,6.873538,7.73653,0.0,0.0,3.8313076,0.0,0.0,0.0,0.0,0.0,0.0,0.0,0.0,0.0,13.483549,0.0,0.0,0.0,0.0,0.0,0.20771208,0.0,0.0,0.0,0.0,4.9227643,0.0,0.0,0.0,7.845997,0.70232886,0.0,0.0,0.0,0.0,0.0,0.0,0.0,10.270372,0.0,0.72427404,0.0,0.0,10.948797,0.0,3.8762164,0.0,9.660787,0.0,0.0,0.0,0.0,0.0,0.0,0.0,0.0,0.0,0.0,0.0,0.0,0.0,0.0,0.0,0.0,0.0,9.368077,0.0,0.0,0.0,0.0,0.0,0.0,0.0,0.0,0.0,0.0,0.0,0.0,0.0,0.0,0.0,0.0,0.0,0.0,18.569017,0.0,7.4931417,0.0,5.3225994,0.0,0.0,0.0,0.0,0.50852025,0.0,0.0,0.0,3.3055944,0.0,0.0,0.0,0.0,9.797936,0.0,4.90693,0.0,0.0,0.0,0.0,0.0
0.0,0.0,0.0,0.83248353,0.0,0.0,0.0,0.0,0.0,0.0,0.0,0.0,0.0,0.0,0.0,0.0,0.0,6.1680117,3.7485378,0.0,0.0,0.0,0.0,2.4114687,0.0,0.0,0.0,0.0,0.0,0.0,0.0,0.0,8.561177,3.3698816,0.0,0.0,0.0,0.0,0.0,1.097314,4.703415,0.0,0.0,0.0,0.0,3.0167272,0.0,0.0,2.2770226,0.0,0.0,3.053496,0.0,0.0,0.0,0.0,5.173121,0.0,0.0,0.0,0.0,0.0,0.0,2.4973123,0.0,0.0,0.0,0.0,0.0,2.24791,0.0,0.0,0.0,0.0,0.0,0.0,7.533411,0.0,0.0,0.0,7.29994,0.0,0.0,0.0,0.0,0.0,0.0,0.0,0.0,0.0,0.0,0.0,0.0,3.2851267,0.0,0.0,0.0,0.0,0.0,0.0,0.0,0.0,0.0,0.0,0.0,0.0,0.0,0.0,0.0,0.0,2.3309796,0.0,1.9200975,4.1002073,5.3450017,0.0,0.0,0.0,0.0,0.0,0.0,0.0,0.0,5.3227153,0.0,0.0,0.0,0.0
0.0,10.283904,0.0,0.0,0.0,0.0,0.0,0.0,0.0,0.0,3.243876,1.1788725,1.3534384,0.0,0.0,10.716123,0.0,4.4162335,0.76480037,7.63713,0.0,0.0,0.0,0.0,0.0,0.0,0.0,0.0,6.9321456,0.0,0.0,0.0,0.0,0.0,0.0,9.33663,0.60351944,0.0,0.0,7.0792847,0.0,0.0,0.0,2.460035,0.0,0.0,0.0,0.0,0.0,0.0,0.0,2.8157837,0.0,0.0,0.0,0.0,7.1334987,0.0,3.1016526,0.0,0.0,0.0,1.3885082,0.0,0.0,0.0,0.0,0.0,0.0,0.0,0.0,0.0,0.0,0.0,0.0,0.0,0.0,0.0,0.0,0.0,0.0,0.0,0.0,4.0562487,0.0,0.0,0.0,0.0,0.0,0.0,0.0,0.0,0.0,0.0,0.0,0.0,0.0,0.0,0.0,0.0,0.0,0.0,10.094449,0.0,0.0,0.0,0.0,0.0,0.0,0.0,12.519462,0.0,0.0,0.0,0.0,0.0,0.0,0.0,0.0,0.0,0.0,0.0,0.0,0.0,7.48226,0.0,0.0,0.0
0.0,0.0,0.0,4.4909554,0.0,0.0,0.0,0.0,0.0,0.0,0.0,0.0,0.0,0.0,0.0,0.0,0.0,0.46547,0.0,0.0,0.0,0.0,0.0,5.45455,0.0,0.0,0.0,0.0,0.0,0.0,0.0,0.0,7.373671,5.193799,0.0,0.0,0.0,0.0,0.0,0.0,0.0,0.0,0.0,0.0,0.0,4.6240716,0.0,0.0,0.0,0.0,0.0,3.5328896,0.0,0.0,0.0,0.0,0.655887,1.8166795,1.8379478,0.0,0.0,0.0,0.0,0.0,0.0,0.0,0.0,1.0457072,0.0,3.7934105,0.0,0.0,0.0,0.0,0.0,0.0,7.114558,0.0,0.0,0.0,9.067624,0.0,0.0,0.0,0.0,0.0,0.0,0.0,0.0,0.0,0.0,0.0,0.0,0.0,0.0,0.0,0.0,0.0,0.0,0.0,0.0,0.0,0.0,0.0,0.0,0.0,0.0,0.0,0.0,0.0,2.8187692,0.0,1.057928,3.2739851,2.3909516,0.0,0.0,0.0,0.0,0.0,0.0,0.0,0.0,0.68108267,2.1625721,0.0,0.0,0.0
0.0,0.0,0.61116475,1.8120878,0.0,0.0,0.0,0.0,0.0,0.0,0.0,0.83480513,0.0,0.0,0.0,0.0,0.0,3.0846515,3.1626716,0.0,0.0,0.0,1.1647692,2.753506,0.0,0.0,0.0,0.0,0.0,0.0,0.0,0.0,0.0,0.1616162,0.0,0.0,0.0,0.0,2.5190809,0.0,0.0,0.0,0.0,0.0,0.0,0.0,0.0,0.0,0.0,0.0,2.2004328,5.2190757,0.0,0.0,0.0,0.0,0.0,2.7622645,9.537822,0.0,0.0,3.629353,0.0,1.2150857,0.0,0.0,0.0,0.0,0.0,3.5177047,5.4170847,0.0,0.0,0.0,13.846623,0.0,0.0,0.0,0.0,0.0,0.0,3.4284194,0.0,0.0,1.4825174,0.037307035,0.0,3.6171434,0.0,0.0,0.0,2.7695866,0.0,0.0,0.0,0.0,0.0,0.0,0.0,0.0,0.0,0.0,6.5767846,0.0,6.926452,0.0,2.5429063,0.0,0.0,0.0,0.0,0.0,0.0,0.123332635,3.7962832,0.0,0.0,0.0,0.0,0.0,0.0,0.0,0.0,0.0,0.0,0.0,0.0,1.5901982
0.0,0.0,0.0,0.0,0.0,0.0,0.0,0.0,0.0,0.0,7.8755555,0.76606965,0.0,0.0,0.0,0.0,0.0,0.0,0.0,0.0,0.0,0.0,0.0,1.7889336,0.0,0.0,1.5212432,0.0,0.0,6.7066784,0.0,0.0,0.0,2.9128299,4.695055,0.0,0.0,0.0,1.795915,0.0,0.0,0.0,0.0,0.0,0.0,0.0,0.0,0.0,0.0,0.0,9.300636,2.8012574,0.0,0.0,0.0,0.0,0.0,2.6442335,10.511816,0.0,0.0,0.0,0.0,3.2021434,0.0,0.0,0.0,3.8244953,0.0,7.555967,0.0,0.0,0.0,0.0,0.0,0.0,0.0,0.0,0.0,0.0,0.0,0.0,0.0,3.457475,0.0,0.7790285,0.0,0.0,0.0,0.0,0.0,0.0,0.0,0.091968074,0.0,0.0,0.0,0.0,0.0,0.0,0.0,0.0,0.0,0.0,5.681971,0.0,1.002199,0.0,0.0,0.0,1.7561935,1.9283891,0.0,3.851684,0.0,0.0,0.0,0.0,0.0,0.0,0.0,0.0,0.16602367,0.0,0.0,0.0,0.0,0.0
0.0,0.0,2.974674,0.0,0.5647684,0.0,4.3988166,0.0,0.0,0.0,0.0,0.0,0.0,0.0,0.0,0.2641563,0.0,5.4499493,1.463526,0.0,0.0,0.0,0.0,2.2942944,0.0,0.0,0.0,0.0,0.00968802,0.0,0.0,0.0,0.0,0.0,1.0873218,0.1700755,0.0,0.0,0.0,0.0,0.0,0.0,0.0,0.0,0.0,0.0,0.0,0.0,0.69450235,0.0,0.0,2.8798587,0.0,0.0,0.0,0.0,2.0681353,0.0,1.6624666,0.0,0.0,0.0,5.507409,0.99859655,0.0,0.0,0.0,0.0,0.0,1.2609384,4.687134,0.0,0.0,0.0,0.24706514,0.0,0.0,0.0,0.0,0.0,0.0,4.333627,0.0,0.0,0.0,0.0,0.0,0.0,0.0,0.0,0.0,0.0,0.0,0.0,0.0,0.0,0.0,0.0,1.9826714,0.0,0.0,0.0,0.0,2.927372,3.1416347,0.0,0.0,0.0,0.0,0.0,3.2270014,0.0,0.9934095,3.826281,0.0,0.0,0.0,0.0,0.0,0.0,0.0,0.0,0.0,0.0,0.0,0.0,0.0,0.0
0.0,0.0,0.0,0.0,0.0,0.0,0.0,0.0,0.0,0.0,8.876927,0.0,3.592092,0.0,0.0,3.4085119,0.0,3.025838,5.079942,0.0,0.0,0.0,0.0,1.7304276,0.0,0.0,4.4875813,0.0,12.498514,0.0,0.0,0.0,0.0,0.0,3.3652692,0.15227489,0.0,0.0,0.0,0.0,0.0,0.0,0.0,0.0,0.0,0.0,0.0,0.0,0.0,0.0,2.6239464,0.74506724,0.0,0.0,0.0,0.0,0.0,0.7343652,1.5290191,0.0,0.0,0.0,5.09758,0.0,0.0,0.0,0.0,0.0,0.0,4.044201,9.104371,0.6605883,0.0,0.0,0.0,0.0,0.0,0.0,0.0,0.0,1.0576293,9.762232,0.0,0.0,0.0,0.0,0.0,4.654808,0.0,0.0,0.0,0.0,0.0,0.0,0.0,0.0,0.0,0.0,4.879981,0.0,0.0,0.0,1.4650334,2.7117836,2.4596124,0.0,2.599427,0.0,0.0,0.0,0.0,3.8875785,0.0,5.0798206,0.075302176,3.8334548,0.0,0.0,0.0,0.0,0.0,0.0,0.3111073,0.0,0.0,0.0,0.0,0.9276361
0.0,0.0,0.0,3.0758393,0.0,0.0,5.11461,0.0,0.0,0.0,0.0,2.197945,0.0,0.0,0.0,0.0,0.0,0.0,3.87558,0.8243576,0.0,0.0,3.5592673,4.676622,0.0,0.0,4.6982417,0.0,0.0,0.0,0.0,0.0,0.0,1.011038,0.15818685,0.0,0.0,0.0,0.0,0.0,0.0,0.0,0.0,0.0,0.0,5.2977796,0.0,0.0,0.0,0.0,0.0,3.0230124,2.8227348,0.0,0.0,0.0,0.0,1.3666686,0.0,0.0,0.0,0.0,0.0,1.7055162,0.0,0.0,0.0,1.3056017,0.0,10.895768,0.0,0.0,0.0,0.0,0.0,0.0,3.5790384,0.0,0.0,0.0,1.4257498,0.0,0.0,0.0,0.0,0.24718124,0.0,0.0,0.0,0.0,0.0,0.0,0.0,0.0,0.0,0.0,0.78883576,0.0,0.0,0.0,0.0,0.0,0.024049934,0.0,0.18220887,0.0,0.0,0.0,0.0,0.0,2.6155245,0.0,0.0,0.0,6.6220226,0.0,0.0,0.0,0.0,5.01373,0.0,0.0,0.0,0.0,4.5656996,2.83336,0.0,0.0
0.0,0.0,6.252417,1.9297698,0.0,0.0,0.0,0.0,0.0,0.0,8.678313,3.2233882,0.0,0.0,0.0,0.0,0.0,0.0,0.0,5.253065,0.0,0.0,0.0,7.0826945,0.0,0.0,7.6984067,0.0,0.0,0.0,0.0,0.0,0.0,6.1951528,0.0,0.0,0.0,0.0,0.0,0.0,0.0,0.0,0.0,0.0,0.0,0.0,0.0,0.0,0.0,0.0,0.0,7.7884064,0.0,0.0,0.0,0.0,0.0,0.23903635,9.457856,0.0,0.0,0.0,0.0,0.3653758,0.0,0.0,0.0,0.0,0.0,7.3467765,0.7277785,0.0,0.0,0.0,0.0,0.0,0.0,0.0,0.0,0.0,0.0,0.0,0.0,1.512641,0.0,0.0,0.0,0.0,0.0,0.0,0.0,0.0,0.0,0.0,0.0,0.0,0.0,0.0,0.0,0.0,0.0,0.0,0.0,4.8432484,0.4891645,0.0,0.0,0.0,0.0,0.0,2.198941,0.0,0.0,0.0,0.0,0.0,0.0,0.0,0.0,4.2262583,0.0,0.0,0.0,0.0,1.5447481,0.0,0.0,1.5944736
0.0,0.0,6.1345987,1.9256165,0.0,0.0,8.897069,0.0,0.0,0.0,0.0,0.0,0.0,0.0,0.0,0.0,0.0,2.132443,5.854187,0.0,0.0,0.0,0.0,5.7029476,0.0,0.0,1.6451347,0.0,0.0,0.0,0.0,0.0,0.0,0.09297269,2.8083766,0.0,0.0,0.0,6.182662,0.0,0.0,0.0,0.0,0.0,0.0,0.0,0.0,0.0,2.3145988,0.0,1.6009655,10.216449,0.0,0.0,0.0,0.0,0.0,8.544922,7.138136,0.0,0.0,0.0,0.0,4.064233,0.0,0.0,0.0,0.0,0.0,4.658431,1.6578939,0.0,0.0,0.0,8.456089,0.0,0.0,0.0,0.0,0.0,0.0,1.577051,0.0,0.0,0.0,0.0,0.0,0.0,0.0,0.0,0.0,6.6874657,0.0,0.0,0.0,0.1968966,0.0,0.0,0.0,0.0,0.0,0.0,0.0,0.0,11.7302685,0.0,3.2873344,0.0,0.0,0.0,0.0,0.0,0.0,3.305475,2.966932,0.0,0.0,0.0,0.0,1.7564462,0.0,0.0,0.0,0.0,0.098996885,0.0,0.0,7.4679885
0.0,0.0,0.0,9.656586,0.0,0.0,0.0,0.0,0.0,0.0,0.0,0.0,0.0,0.0,0.0,0.0,0.0,8.69743,8.28271,0.0,0.0,0.0,0.0,8.505275,0.0,0.0,0.0,0.0,0.0,0.0,8.4270525,0.0,12.401047,0.0,0.0,0.0,0.0,0.0,0.0,0.0,0.0,0.0,0.0,0.0,0.0,2.1750655,0.0,0.0,2.59712,0.0,7.99254,0.0,0.0,0.0,0.0,0.0,14.02794,0.0,4.2405376,0.0,0.0,2.7098708,0.0,9.279066,0.0,0.0,0.0,0.0,0.0,5.265328,7.958662,0.0,0.0,0.0,0.0,0.0,3.9335642,0.0,0.0,0.0,14.059278,0.0,0.0,0.0,0.0,0.0,0.0,0.0,0.0,0.0,0.0,0.0,0.0,0.009660481,0.0,0.0,0.0,0.0,0.0,0.0,0.0,0.0,0.0,0.0,0.0,0.0,0.0,0.0,0.0,0.0,0.0,0.0,4.930737,4.1053147,0.0,7.7127433,0.0,0.0,0.0,0.0,0.0,0.0,0.7594707,0.0,0.0,0.0,0.0,0.0
0.0,0.0,0.0,6.3089967,0.0,0.0,0.0,0.0,0.0,0.0,0.0,0.0,0.0,0.0,0.0,0.0,0.0,1.4081748,12.335272,0.0,0.0,0.0,2.0935118,4.2848353,0.0,0.0,0.0,0.0,0.0,0.0,0.0,0.0,10.724027,7.8721,0.0,0.0,2.775317,0.0,0.0,0.0,0.0,0.0,0.0,0.0,0.0,0.0,0.0,0.0,6.194868,0.0,0.0,0.0,0.0,0.0,0.0,0.0,0.0,0.0,3.341345,0.0,0.0,4.355075,0.0,0.0,0.0,0.0,0.0,0.0,0.0,3.2417533,0.0,0.0,0.0,0.0,1.0248934,0.0,0.0,0.0,0.0,0.0,2.127783,0.0,0.0,0.0,0.0,0.0,0.0,0.0,0.0,0.0,0.0,3.4614387,0.0,0.0,0.0,0.0,0.0,0.0,6.598506,0.0,0.0,0.0,0.029583478,0.0,9.101284,0.0,0.0,0.0,0.0,0.0,0.0,0.0,0.0,0.0,15.030327,7.8108635,0.0,0.0,0.0,6.6535993,0.0,0.0,0.0,0.42660928,0.0,0.0,0.9471937,5.5912266
0.0,3.5085642,0.0,0.0,0.0,0.0,2.76911,0.0,0.0,0.0,0.0,0.0,0.0,0.0,0.0,6.2756047,0.0,3.2380714,2.8888772,3.1628013,0.0,0.0,0.0,0.0,0.0,0.0,0.0,0.0,0.0,0.0,0.0,0.0,0.0,0.0,1.4179215,1.1382416,0.0,0.0,0.0,1.9142954,0.0,0.0,0.0,2.5384145,0.0,0.0,0.0,0.0,0.0,0.0,0.0,3.5187619,0.0,0.0,0.0,0.0,3.770862,0.0,0.0,0.0,0.0,0.0,0.0,0.0,0.0,0.0,0.0,0.0,0.0,5.6841755,6.312306,0.0,0.0,0.0,0.0,0.0,7.568921,0.0,0.0,0.0,0.1514766,0.0,0.0,0.0,0.0,0.0,0.0,0.0,0.0,0.0,0.0,0.0,0.0,0.0,0.0,0.0,0.0,0.0,0.0,0.0,0.0,0.0,3.5218866,3.429273,0.0,0.0,0.0,0.0,0.0,0.0,8.872027,0.0,0.0,0.0,0.7516187,3.8359149,0.0,0.0,0.0,4.5885196,0.0,0.0,0.0,0.0,0.0,2.1686556,0.0,0.0
0.0,0.0,2.938508,1.5786799,0.0,0.0,3.0399165,0.0,0.0,0.0,0.0,0.0,0.0,0.0,0.0,2.94956,0.0,1.4785514,0.0,1.2384773,0.0,0.0,0.0,2.8601422,0.0,0.0,0.0,0.0,0.0,0.0,0.0,0.0,0.0,5.51036,2.0527353,1.1060231,0.0,0.0,4.6573668,0.0,0.0,0.0,0.0,0.0,0.0,0.0,0.0,0.0,0.68289757,0.0,0.0,4.054506,0.12235526,0.0,0.0,0.0,0.0,1.5183278,6.221922,0.0,0.0,0.0,0.0,0.0,0.0,0.0,0.0,0.0,0.0,3.2861688,0.0,0.0,0.0,0.0,0.0,0.0,0.024663731,0.0,0.0,0.0,0.0,0.0,0.0,0.0,0.0,0.0,0.0,0.0,0.0,0.0,0.0,0.0,0.0,0.0,0.0,0.0,0.0,0.0,0.0,0.0,0.0,0.0,0.5719976,1.213878,0.0,0.0,0.0,0.0,0.0,0.0,4.8157334,0.0,0.0,0.62610507,4.282438,0.0,0.0,0.0,0.0,0.41377056,0.0,0.0,0.0,0.0,5.54188,0.0,0.0,4.0676703
0.0,5.511489,0.0,0.0,0.0,0.0,3.7672768,0.0,0.0,0.0,2.6006293,0.65548116,0.0,0.0,0.0,6.146737,0.0,0.92551905,1.63567,3.261124,0.0,0.0,0.0,0.0,0.0,0.0,0.0,0.0,2.7221897,0.0,0.0,0.0,0.0,0.0,1.1446557,7.560065,0.0,0.0,0.0,6.5633926,0.0,0.0,0.0,0.43027645,0.0,0.0,0.6790724,0.0,0.8377411,0.0,0.0,0.0,0.0,0.0,0.0,0.0,0.43086883,0.0,2.4175045,0.0,0.0,0.0,6.30926,3.9740162,0.0,0.0,0.0,0.0,0.0,2.3558123,5.7647743,0.0,0.0,0.0,0.0,0.0,0.0,0.0,0.0,0.0,0.0,0.0,0.0,0.0,0.3793518,0.0,0.0,0.0,0.0,0.0,0.0,0.0,0.0,0.0,0.0,0.0,0.0,0.0,10.068708,0.0,0.0,0.0,11.745128,0.4601537,0.0,0.0,0.0,0.0,0.0,0.0,2.2051477,0.0,0.0,0.0,1.2821113,3.0373046,0.0,0.0,0.0,0.0,0.0,0.0,0.0,0.0,0.0,0.0,0.0,0.0
0.0,0.0,0.0,2.9988232,0.0,0.0,6.3125196,0.0,0.0,0.0,0.0,0.0,0.0,0.0,0.0,2.2208977,0.0,0.48685756,0.8538647,1.2658863,0.0,0.0,0.0,2.8061526,0.0,0.0,0.0,0.0,0.0,0.0,0.0,0.0,0.0,7.337716,0.43577695,1.4692028,0.4615925,0.0,4.065398,0.0,0.0,0.0,0.0,0.0,0.0,0.48446402,0.0,0.0,1.8969593,0.0,0.0,5.948283,2.8090224,0.0,0.0,0.0,0.26774976,0.5572996,1.1072285,0.0,0.0,0.0,0.0,2.4622924,0.0,0.0,0.0,0.0,0.0,5.5572333,0.0,0.0,0.0,0.0,0.0,0.0,1.8206311,0.0,0.0,0.0,0.0,0.0,0.0,0.0,0.0,0.0,0.0,0.0,0.0,0.0,0.0,3.0111284,0.0,0.0,0.0,0.0,0.0,0.0,1.1818608,0.0,0.0,0.0,2.445553,0.31836388,0.0,0.0,0.0,0.0,0.0,0.0,4.452156,0.0,0.0,0.0,5.9020796,0.0,0.0,0.0,0.0,1.4303802,0.0,0.0,0.0,0.0,5.1098094,3.0852122,0.0,0.0
0.0,0.0,3.5785742,4.843467,0.0,0.0,3.7251203,0.0,0.0,0.0,10.955705,0.9889269,0.24220698,0.0,0.0,0.0,0.0,0.0,0.0,2.0426128,0.0,0.0,0.0,2.8291905,0.0,0.0,0.0,0.0,0.0,0.0,0.0,0.0,6.523445,9.021038,0.0,0.24123062,0.0,0.0,0.0,0.0,0.0,0.0,0.0,0.0,0.0,0.0,0.0,0.0,0.0,0.0,0.0,6.703973,0.0,0.0,0.0,0.0,0.0,2.7806482,7.062336,0.0,0.0,0.0,0.26540023,0.0,0.0,0.0,0.0,5.2823815,0.0,6.2047515,0.3404101,0.0,0.0,0.0,0.0,0.0,0.0,0.0,0.0,0.0,0.0,0.0,0.0,0.0,0.0,0.0,0.0,0.0,0.0,0.0,0.0,5.0876756,0.0,0.0,0.0,0.0,3.479261,0.0,1.9911876,0.0,0.0,0.0,0.7555008,7.5327787,0.0,0.0,0.0,0.0,0.0,0.0,0.0,2.568748,0.0,0.0,8.812315,5.664195,0.0,0.0,0.0,2.9309053,0.0,0.0,0.0,0.0,0.03742432,0.0,0.0,0.0
0.0,0.0,0.0,0.0,0.0,0.0,0.0,0.0,0.0,0.0,0.0,0.0,7.786718,0.0,0.0,0.0,0.0,4.6029477,3.435624,0.0,0.0,0.0,0.0,0.0,0.0,0.0,0.0,0.0,2.444132,0.0,0.0,0.0,4.0703554,0.0,0.0,0.0,0.0,0.0,0.0,0.0,2.4711945,0.0,0.0,0.0,0.0,0.0,0.0,0.0,7.370887,0.0,0.0,8.034053,0.0,0.0,0.0,0.0,8.089449,4.307093,0.0,0.0,0.0,0.0,2.820319,0.0,0.0,0.0,0.0,0.0,0.0,0.0,7.889003,0.0,3.6788118,0.0,0.0,0.0,6.3424425,0.0,0.0,0.0,6.822749,0.0,0.0,0.78194803,0.0,0.0,0.0,0.0,0.0,0.0,0.0,0.0,0.0,0.0,0.0,0.0,0.0,0.0,0.0,0.0,0.0,0.0,0.0,0.0,0.0,0.0,0.0,10.026532,0.0,0.0,0.0,0.0,1.3250445,0.0,0.0,0.0,0.0,0.0,0.0,0.0,0.0,0.0,0.0,0.0,6.4458585,0.0,0.0,0.0
0.0,0.0,0.0,0.0,0.0,0.0,6.6464252,0.0,0.0,0.0,0.0,0.0,3.8979821,0.0,0.0,0.9486098,0.0,0.0,6.746898,0.48704848,0.0,0.0,2.5891292,0.0,0.0,0.0,1.7531822,0.0,0.0,0.0,0.0,2.4718146,0.0,0.0,3.70626,0.0,0.0,0.0,1.1422606,0.0,0.0,0.0,0.0,0.0,0.0,0.0,0.0,0.0,0.0,0.0,0.0,0.006125167,3.363429,0.0,0.0,0.0,0.0,8.814298,0.9675893,0.0,0.0,0.0,0.0,0.0,0.0,0.0,0.0,0.0,0.0,0.0,0.0,0.0,0.0,0.0,0.0,0.0,0.0,0.0,0.0,0.0,0.0,0.0,0.0,1.872594,0.1129554,0.0,0.0,0.0,0.0,0.0,0.0,2.0992172,0.0,0.0,0.0,0.0,0.51112616,0.0,7.4227624,0.0,0.0,0.0,3.2004306,6.6192226,0.0,0.0,0.0,0.0,0.0,0.0,0.4917978,1.7197714,0.0,0.0,8.043702,5.8539886,0.0,0.0,0.0,2.9689116,0.3893874,0.0,0.0,0.0,5.2224803,0.0,0.0,5.7865925
0.0,0.0,2.11528,4.5909567,0.0,0.0,3.4182167,0.0,0.0,0.0,4.4846563,0.0,0.0,0.0,0.0,0.0,0.0,0.0,3.5991035,1.4746023,0.0,0.0,0.0,2.255962,0.0,0.0,2.1982455,0.0,0.0,0.44475743,0.0,0.0,0.0,2.254385,1.3501654,0.0,0.0,0.0,0.12690692,0.0,0.0,0.0,0.0,0.0,0.0,0.0,0.0,0.0,0.4260547,0.0,0.0,7.349214,0.0,0.0,0.0,0.0,0.0,0.0,6.9786077,0.0,0.0,0.0,2.5592663,4.4959345,0.0,0.0,0.0,0.0,0.0,6.133484,1.0363619,0.0,0.0,0.0,0.0,0.0,0.0,0.0,0.0,0.0,0.0,0.0,0.0,0.0,0.0,0.0,0.0,0.0,0.0,0.0,0.0,0.0,0.0,0.0,0.0,0.0,0.0,0.0,2.9745314,0.0,0.0,0.0,0.0,0.0,1.9316072,0.0,0.0,0.0,0.0,0.0,3.712379,0.0,0.0,2.3792536,9.5615835,0.0,0.0,0.0,0.0,5.24747,0.0,0.0,0.0,0.0,3.181266,0.0,0.0,0.47517192
0.0,0.0,0.0,0.0,0.0,0.0,5.8003955,0.0,0.0,0.0,1.166054,2.3380034,3.5400152,0.0,0.0,4.8857017,0.0,3.9681768,0.0,1.7777643,0.0,0.0,0.0,0.0,0.0,0.0,0.0,0.0,3.438747,0.0,0.0,0.0,0.0,0.0,1.857943,3.5969534,4.188882,0.0,0.0,0.559163,0.0,0.0,0.0,4.175163,0.0,0.0,0.0,0.0,0.0,0.0,0.0,3.1638026,0.0,0.0,0.0,0.0,0.5117859,1.0213856,0.0,0.0,0.0,0.0,0.0,0.0,0.0,0.0,0.0,0.0,0.0,1.1700301,3.8680582,0.0,2.449222,0.0,0.0,0.0,0.0,0.0,0.0,0.0,0.0,3.1679265,0.0,1.6701316,0.0,0.0,0.0,0.0,0.0,0.0,0.0,0.0,0.0,0.0,0.0,0.0,0.0,0.0,3.293754,0.0,0.0,0.0,2.15846,5.0467796,0.0,0.0,2.6868813,0.0,0.0,0.0,0.6189601,0.0,0.0,0.0,0.0,3.9150882,0.0,0.0,0.0,0.0,0.0,0.0,0.0,0.0,0.0,0.0,0.0,0.0
0.0,0.0,0.0,2.1608276,1.3706055,0.0,0.59267986,0.0,0.0,0.0,0.0,0.0,0.80336434,0.0,0.0,0.0,0.0,0.45518142,0.0,0.0,0.0,0.0,0.0,2.6491861,0.0,0.0,0.0,0.0,0.0,0.0,0.0,0.0,4.069329,0.0,1.3615103,0.0,0.0,0.0,0.0,0.0,3.6615882,0.0,0.0,0.0,0.0,5.362774,0.0,0.0,0.0,0.0,0.0,7.958697,0.0,0.0,0.0,0.0,2.7506108,1.7051077,0.96988946,0.0,0.0,0.0,0.3227281,0.0,0.0,0.0,0.0,1.4711225,0.0,0.0,0.0,0.0,0.0,0.0,0.0,0.0,7.9794025,0.0,0.0,0.0,5.9298635,0.0,0.0,0.0,0.0,0.0,0.0,0.0,0.0,0.0,0.0,0.0,0.0,0.0,0.0,0.0,0.0,0.0,0.0,0.0,0.0,0.0,0.0,0.0,0.0,0.0,0.0,0.0,0.0,0.0,2.231165,0.0,4.033145,0.04578283,0.23762792,0.0,0.0,0.0,0.0,0.0,0.0,0.0,0.0,0.0,4.4587603,0.0,0.0,0.0
0.0,0.0,0.0,0.0,0.0,0.0,7.5620384,0.0,0.0,0.0,6.186234,0.0,0.75503546,0.0,0.0,0.18510264,0.0,1.6775111,2.0647042,0.0,0.0,0.0,0.0,1.9858276,0.0,0.0,7.281094,0.0,7.3490868,1.2583227,0.0,0.0,0.0,0.0,6.325438,0.102120504,0.0,0.0,0.0,0.0,0.0,0.0,0.0,0.0,0.0,0.0,0.0,0.0,0.0,0.0,1.5251423,5.450371,0.0,0.0,0.0,0.0,0.0,4.3160396,0.0,0.0,0.0,0.0,4.381643,0.0,0.0,0.0,0.0,0.0,0.0,5.474557,8.997385,0.0,2.752335,0.0,0.0,0.0,0.42380792,0.0,0.0,0.0,0.0,2.0826814,0.0,0.0,0.0,0.0,0.0,0.0,0.0,0.0,0.0,0.0,0.0,0.69418436,0.0,0.0,0.0,0.0,4.236104,0.0,0.0,0.0,0.0,3.6570096,3.2186744,0.0,0.06358223,0.0,0.0,0.0,0.0,2.0281732,0.0,5.3250246,0.0,3.2741725,0.0,0.0,0.0,0.0,0.0,0.0,0.0,0.0,0.0,0.0,0.70146805,0.0
0.0,0.0,0.0,5.4997416,0.0,0.0,0.0,0.0,0.0,0.0,0.0,11.05554,0.0,0.0,0.0,0.0,0.0,0.0,0.0,6.344094,0.0,0.0,6.734477,1.6907947,0.0,0.0,0.0,0.0,0.0,0.0,0.0,0.0,0.3915072,0.0,0.0,0.0,0.0,0.0,0.7090632,0.0,0.0,0.0,0.0,0.0,0.0,0.0,0.0,0.0,0.0,0.0,0.0,0.0,0.0,0.0,0.0,0.0,0.0,0.0,11.311465,0.0,0.0,3.9096036,0.0,0.0,0.0,0.0,0.0,0.0,0.0,3.3685727,3.1295698,0.0,0.0,0.0,15.122622,0.0,0.0,0.0,0.0,0.0,1.03962,6.572352,0.0,7.635615,0.0,0.0,0.0,8.51934,0.0,0.0,0.0,11.257971,0.0,0.0,0.0,0.0,0.0,0.0,2.610403,0.0,0.0,0.0,8.739457,0.0,1.998468,0.0,4.8949127,0.0,0.0,0.0,0.0,7.167317,0.0,0.0,0.0,1.102496,0.0,0.0,0.0,0.0,0.0,0.0,0.0,0.0,0.0,0.0,0.0,0.0
0.0,1.7454591,2.7324448,0.0,0.0,0.0,0.0,0.0,0.0,0.0,11.021116,4.4131413,5.16212,0.0,0.0,1.8698578,0.0,0.0,0.0,2.8535333,0.0,0.0,0.0,0.0,0.0,0.0,0.0,0.0,5.7912455,0.0,0.0,0.0,0.91991204,0.7044247,2.0482707,2.770243,0.0,0.0,0.0,7.8768115,0.0,0.0,0.0,0.40134102,0.0,0.0,0.0,0.0,0.0,0.0,0.0,5.6181264,0.0,0.0,0.0,0.0,0.0,0.0,10.166444,0.0,0.0,0.0,3.2131832,0.0,0.0,0.0,0.0,0.0,0.0,0.0,0.0,0.0,0.0,0.0,0.0,0.0,0.0,0.0,0.0,0.0,0.0,0.0,0.0,0.7314226,0.0,0.0,0.0,0.0,0.0,0.0,0.0,0.0,0.0,0.0,0.0,0.0,0.0,0.0,2.2719505,0.0,0.0,0.0,3.3665044,0.25089037,0.0,0.0,0.0,0.0,0.0,0.0,2.201881,1.9646478,0.0,0.0,1.0370587,0.0,0.0,0.09654536,0.0,0.0,0.0,0.0,0.0,0.0,6.7972054,0.0,0.0,0.0
0.0,0.0,0.0,0.0,0.0,0.0,0.51189744,0.0,0.0,0.0,2.5004888,0.0,0.0,0.0,0.0,0.0,0.0,1.6577212,3.570305,0.0,0.0,0.0,0.0,2.5253518,0.0,0.0,0.0,0.0,2.0611496,0.0,0.0,0.0,0.8722477,0.0,5.10053,0.0,0.0,0.0,0.0,0.0,6.4019547,0.0,0.0,0.0,0.0,5.373696,0.0,0.0,0.30904013,0.0,5.7841487,4.352561,0.0,0.0,0.0,0.0,0.0,3.1797283,1.6022243,0.0,0.0,0.0,0.1629465,3.5595224,0.0,0.0,0.0,6.409993,0.0,4.2213674,0.0,0.0,0.0,0.0,0.48871103,0.0,4.2449384,0.0,0.0,0.0,2.689289,0.0,0.0,0.0,0.0,0.0,0.0,0.0,0.0,0.0,0.0,0.0,0.0,6.491239,0.0,0.0,0.0,0.0,0.0,0.0,0.0,0.0,0.0,0.0,0.0,0.0,0.0,0.0,0.0,0.0,1.0198882,0.0,4.6414332,4.9916267,2.8182318,0.0,0.0,0.0,0.0,0.0,0.0,0.0,0.0,0.0,0.8552677,0.0,0.0,0.0
0.0,0.0,0.0,0.0,0.0,0.0,5.791831,0.0,0.0,0.0,1.9271871,0.0,0.0,0.0,0.0,0.0,0.0,2.8516748,1.6062213,0.0,0.0,0.0,0.0,0.838983,0.0,0.0,1.4690609,0.0,2.638071,0.0,0.0,0.0,0.0,0.0,6.354252,0.0,0.0,0.0,0.0,0.0,0.0,0.0,0.0,0.0,0.0,0.0,0.0,0.0,1.8024915,0.0,0.0,9.6413765,0.0,0.0,0.0,0.0,0.07256712,0.4184817,0.0,0.0,0.0,0.0,5.026387,0.0,0.0,0.0,0.0,0.06270651,0.0,1.8908032,6.337331,0.0,0.0,0.0,0.0,0.0,4.7730923,0.0,0.0,0.0,0.7859963,0.0,0.0,0.0,0.0,0.0,0.0,0.0,0.0,0.0,0.0,0.0,0.0,0.75844306,0.0,0.0,0.0,0.0,0.0,0.0,0.0,0.0,0.0,2.5003786,0.05481331,0.0,0.0,0.0,0.0,0.0,5.6916103,0.0,2.333182,5.839947,0.7732342,0.0,0.0,0.0,0.0,0.0,0.0,0.0,0.0,0.0,0.84238714,0.0,2.3862062,0.0
0.0,0.0,0.50393695,1.2979803,0.0,0.0,2.2327554,0.0,0.0,0.0,4.410692,0.71939903,0.0,0.0,0.0,0.0,0.0,0.0,2.4167006,1.819823,0.0,0.0,0.0,0.0,0.0,0.0,0.0,0.0,1.0021338,2.497057,0.0,0.0,0.0,0.0,2.5104167,0.0,0.67302245,0.0,0.0,2.5319955,0.0,0.0,0.0,0.0,0.0,0.0,0.0,0.0,0.23757961,0.0,0.0,4.9715385,0.0,0.0,0.0,0.0,0.04846142,0.0,5.5382156,0.0,0.0,0.0,4.8456864,6.266969,0.0,0.0,0.0,0.0,0.0,1.7011899,5.4504,0.0,0.0,0.0,0.0,0.0,0.0,0.0,0.0,0.0,1.240315,0.0,0.0,0.0,0.0,0.0,0.0,0.0,0.0,0.0,0.0,0.5936842,0.0,0.0,0.0,0.0,0.0,0.0,2.1250186,0.0,0.0,0.0,2.613959,0.0,0.0,0.0,0.0,0.0,0.0,0.0,0.0,0.0,0.0,1.6669074,5.271262,0.0,0.0,0.0,0.0,0.0,0.0,0.0,0.0,0.0,1.3567569,0.0,0.0,0.0
0.0,0.0,0.0,0.0,0.0,0.0,0.20079558,0.0,0.0,0.0,0.0,0.0,0.0,0.0,0.0,0.0,0.0,4.7085466,5.168356,0.0,0.0,0.0,0.0,0.0,0.0,0.0,0.0,0.0,0.0,0.0,0.0,0.0,5.500867,0.0,2.7666976,0.0,0.0,0.0,0.0,0.0,0.0,0.0,0.0,0.0,0.0,2.926538,0.0,0.0,0.0,0.0,2.086724,0.0,0.0,0.0,0.0,0.0,0.78983516,0.0,0.0,0.0,0.0,0.0,0.0,0.0,0.0,0.0,0.0,3.0498776,0.0,7.583076,0.0,0.0,0.0,0.0,0.0,0.0,4.7827244,0.0,0.0,0.0,9.596275,0.0,0.0,0.0,0.0,0.0,0.0,0.0,0.0,0.0,0.0,0.0,0.0,0.0,0.0,0.0,0.0,0.0,0.0,0.0,0.0,0.0,0.0,0.0,0.0,0.0,0.0,0.0,0.0,0.0,6.1243916,0.0,0.0,0.0,4.9602532,1.0218389,0.0,0.0,0.0,0.0,0.0,0.0,0.0,0.0,3.978424,0.0,0.0,0.0
0.0,5.3948236,0.0,0.0,0.0,0.0,0.0,0.0,0.0,0.0,0.0,15.773833,5.0452623,0.0,0.0,2.0289161,0.0,0.0,7.9893694,2.2394204,0.0,0.0,1.4892122,0.0,1.4379907,0.0,0.0,0.0,0.0,0.0,0.0,0.0,10.896558,0.0,0.0,19.47597,6.27001,0.0,0.0,6.6325364,0.0,0.0,0.0,0.0,0.0,0.0,0.0,0.0,0.0,0.0,0.0,0.0,0.0,0.0,0.0,0.0,5.2616396,0.0,0.0,0.0,0.0,0.60779655,6.607707,10.217761,0.0,0.37622705,0.0,0.0,0.0,0.0,0.0,0.0,0.0,0.0,5.60912,0.0,0.0,0.0,0.0,0.0,0.0,0.0,0.0,12.0283985,0.0,0.0,0.0,0.0,0.0,0.0,0.0,0.0,0.0,0.0,0.0,0.0,0.0,0.0,0.0,0.0,0.0,0.0,31.973263,0.0,0.0,0.0,0.0,0.0,0.0,0.0,0.0,0.0,0.0,0.0,0.0,5.4717364,0.0,0.0,0.0,0.0,0.0,0.0,2.0029213,0.0,0.0,0.0,0.0,0.0
0.0,0.0,0.0,0.0,0.0,0.0,0.51189744,0.0,0.0,0.0,2.5004888,0.0,0.0,0.0,0.0,0.0,0.0,1.6577212,3.570305,0.0,0.0,0.0,0.0,2.5253518,0.0,0.0,0.0,0.0,2.0611496,0.0,0.0,0.0,0.8722477,0.0,5.10053,0.0,0.0,0.0,0.0,0.0,6.4019547,0.0,0.0,0.0,0.0,5.373696,0.0,0.0,0.30904013,0.0,5.7841487,4.352561,0.0,0.0,0.0,0.0,0.0,3.1797283,1.6022243,0.0,0.0,0.0,0.1629465,3.5595224,0.0,0.0,0.0,6.409993,0.0,4.2213674,0.0,0.0,0.0,0.0,0.48871103,0.0,4.2449384,0.0,0.0,0.0,2.689289,0.0,0.0,0.0,0.0,0.0,0.0,0.0,0.0,0.0,0.0,0.0,0.0,6.491239,0.0,0.0,0.0,0.0,0.0,0.0,0.0,0.0,0.0,0.0,0.0,0.0,0.0,0.0,0.0,0.0,1.0198882,0.0,4.6414332,4.9916267,2.8182318,0.0,0.0,0.0,0.0,0.0,0.0,0.0,0.0,0.0,0.8552677,0.0,0.0,0.0
0.0,0.0,0.0,3.3800395,0.0,0.0,3.560857,0.0,0.0,0.0,4.873072,2.430445,0.0,0.0,0.0,0.0,0.0,0.0,0.0,1.112223,0.0,0.0,0.0,4.9172153,0.0,0.0,0.0,0.0,0.0,4.1119294,0.0,0.0,0.9933472,6.348884,0.0,2.5604029,0.0,0.0,0.0,0.0,0.0,0.0,0.0,0.0,0.0,0.0,0.0,0.0,0.0,0.0,0.0,0.0,0.0,0.0,0.0,0.0,0.0,1.844138,2.6739583,0.0,0.0,0.0,0.0,1.8061178,0.0,0.0,0.0,0.0,0.0,11.77692,3.9503887,0.0,0.0,0.0,0.0,0.0,0.0,0.0,0.0,0.0,0.0,0.0,0.0,2.0719268,0.0,0.0,0.0,2.9550002,0.0,0.0,0.0,6.6373396,0.0,0.0,0.0,0.0,0.0,0.0,2.003376,0.0,0.0,0.0,0.0,2.7092576,0.1809912,0.0,0.0,0.0,0.0,0.0,0.0,0.0,0.0,0.0,0.0,5.407734,0.0,0.0,0.0,2.647276,0.0,0.0,0.0,0.0,0.0,0.0,0.0,0.0
0.0,0.0,0.0,7.8129835,0.0,0.0,0.0,0.0,0.0,0.0,0.0,0.0,0.0,0.0,0.0,0.0,0.0,0.0,0.0,0.0,0.0,0.0,0.0,5.6263275,0.0,0.0,0.0,0.0,0.0,0.0,0.0,0.0,3.0811799,4.894459,0.0,0.0,0.0,0.0,0.0,0.0,0.0,0.0,0.0,0.0,0.0,6.1879616,0.0,0.0,0.0,0.0,6.4305515,3.6923044,0.0,0.0,0.0,0.0,0.0,4.0158324,5.459266,0.0,0.0,1.1282829,0.0,5.6973834,0.0,0.0,0.0,3.0046191,0.0,2.3856065,0.0,0.0,0.0,0.0,1.7666931,0.0,0.0,0.0,0.0,0.0,4.6574197,0.0,0.0,0.0,0.0,0.0,0.0,0.0,0.0,0.0,0.0,3.585468,0.0,0.0,0.0,0.0,0.0,0.0,0.0,0.0,0.0,0.0,0.0,0.0,0.0,0.0,0.0,0.0,0.0,0.0,1.7273268,0.0,7.132894,5.8610406,0.0,0.0,0.0,0.0,0.0,4.9298134,0.0,0.0,0.0,0.0,0.0,0.0,0.0,0.0
0.0,0.0,5.289821,0.0,0.0,0.0,11.571712,0.0,0.0,0.0,5.604543,0.0,2.9459581,0.0,0.0,3.9375296,0.0,0.0,0.0,2.210596,0.0,0.0,0.0,0.0,0.0,0.0,1.2779919,0.0,0.0,0.0,0.0,0.0,0.0,2.001671,8.611154,0.11704868,0.0,0.0,8.492324,0.0,0.0,0.0,0.0,0.0,0.0,0.0,0.0,0.0,0.0,0.0,0.0,0.0,0.0,0.0,0.0,0.0,0.0,11.7453165,3.4180765,0.0,0.0,0.0,0.0,0.0,0.0,0.0,0.0,0.0,0.0,2.863143,0.0,0.0,0.977583,0.0,0.0,0.0,0.0,0.0,0.0,0.0,0.0,0.0,0.0,4.6145205,0.0,0.7140697,0.0,0.0,0.0,0.0,0.0,5.520495,0.0,0.0,0.0,0.0,9.673799,6.3050113,4.985096,0.0,0.0,0.0,1.1870006,9.99893,0.0,0.0,0.0,0.0,0.0,0.0,1.0506504,0.29864016,0.0,0.0,0.0,2.436429,0.0,0.0,2.7401156,2.3181891,10.077198,0.0,0.0,0.0,1.0367552,0.0,0.0,3.9254158
0.0,0.0,0.0,0.0,0.0,0.0,3.4736416,0.0,0.0,0.0,0.0,0.0,0.0,0.0,0.0,0.6421148,0.0,7.373806,0.6284361,0.0,0.0,0.0,0.0,0.0,0.0,0.0,0.0,0.0,4.605155,0.0,0.0,0.0,0.0,2.665987,4.4573045,6.9075713,7.6712418,0.0,0.0,3.7974386,0.0,0.0,0.0,0.65553427,0.0,0.0,0.0,0.0,8.1210165,0.0,0.0,7.9211373,2.2901883,0.0,0.0,0.0,6.791284,4.0106025,0.0,0.0,0.0,0.0,0.599964,0.0,0.0,0.0,0.0,0.0,0.0,0.0,1.4150256,0.0,0.0,0.0,0.0,0.0,0.0,0.0,0.0,0.0,0.0,0.0,0.0,0.0,0.0,0.0,0.0,0.0,0.0,0.0,0.0,0.0,0.0,0.0,0.0,0.0,0.0,0.0,0.85746443,0.0,0.0,0.0,2.051043,0.0,0.0,0.0,0.69002926,0.0,0.0,0.0,2.4728513,0.0,0.0,0.0,1.7431881,2.0805504,0.0,0.0,0.0,0.0,0.0,0.0,0.0,0.0,9.455278,0.0,0.0,0.0
0.0,0.0,1.5499967,0.0,0.0,0.0,7.881457,0.0,0.0,0.0,5.9402385,0.0,1.7819505,0.0,0.0,0.5777587,0.0,0.0,3.3033142,0.151849,0.0,0.0,0.3946638,0.24466845,0.0,0.0,3.3534107,0.0,0.0,0.0,0.0,0.0,0.0,2.3525698,2.7624273,0.0,0.0,0.0,0.50368106,0.0,0.0,0.0,0.0,0.0,0.0,0.0,0.0,0.0,0.0,0.0,0.0,4.5691924,0.0,0.0,0.0,0.0,0.0,6.8071785,3.7174182,0.0,0.0,0.0,0.0,0.0,0.0,0.0,0.0,0.4348575,0.0,4.107108,0.0,0.0,0.0,0.0,0.0,0.0,0.0,0.0,0.0,0.0,0.0,0.0,0.0,0.0,0.0,0.0,0.0,0.0,0.0,0.0,0.0,2.7552643,0.0,0.0,0.0,0.46919557,3.1884987,0.0,3.804804,0.0,0.0,0.0,0.083373904,4.3132715,0.80923283,0.0,0.0,0.0,0.0,0.0,0.6285009,0.0,0.0,0.59382385,2.9513757,0.0,0.0,0.0,0.0,2.9896445,0.00069382973,0.0,0.0,0.0,3.8829389,0.0,0.0,4.1404314
0.0,0.0,0.0,0.0,0.0,0.0,1.4983999,0.0,0.0,0.0,4.1067576,0.0,0.0,0.0,0.0,2.9544804,0.0,0.0,4.8443413,0.0,0.0,0.0,6.5214176,0.32816333,0.0,0.0,6.1695395,0.0,0.0,0.20777218,0.0,0.0,0.6616985,0.0,3.158918,0.0,0.0,0.0,0.0,0.0,0.0,0.0,0.0,0.0,0.0,4.943475,0.0,0.0,0.0,0.0,0.0,0.0,0.0,0.0,0.0,0.0,0.0,0.0,0.0,0.0,0.0,0.0,0.0,4.062299,0.0,0.0,0.0,5.3910847,0.0,17.669767,0.0,0.0,0.0,0.0,0.0,0.0,4.9690704,0.0,0.0,0.0,0.0,0.0,0.0,1.1800485,0.0,0.0,0.0,0.0,0.0,0.0,0.0,0.0,0.0,0.0,0.0,0.0,4.680831,0.0,0.0,0.0,0.0,0.0,0.0,4.8993654,2.3811378,0.0,0.0,0.0,0.0,0.0,8.841489,0.0,0.0,0.68702024,0.0,1.668087,0.0,0.0,0.0,7.435126,0.0,0.0,0.0,0.0,0.0,0.0,0.0,0.0
0.0,0.0,0.0,0.0,0.9584333,0.0,0.0,0.0,0.0,0.0,1.762791,0.0,0.0,0.0,0.0,0.0,0.0,0.0,0.0,0.0,0.0,0.0,0.0,1.847233,0.0,0.0,0.0,0.0,4.690898,0.0,0.0,0.0,1.6413523,0.0,4.8275995,0.0,0.0,0.0,0.0,0.0,0.0,0.0,0.0,0.0,0.0,1.499351,0.0,0.0,0.0,0.0,3.9829128,4.3962736,0.0,0.0,0.0,0.0,0.0,0.8048372,0.33409572,0.0,0.0,0.0,0.0,0.0,0.0,0.0,0.0,5.283997,0.0,7.232152,0.0,0.0,0.0,0.0,0.0,0.0,5.8735833,0.0,0.0,0.0,6.1721387,0.0,0.0,0.0,0.0,0.0,0.0,0.0,0.0,0.0,0.0,0.0,0.0,5.667588,0.0,0.0,0.0,0.0,0.0,0.0,0.0,0.0,0.0,0.0,0.0,0.0,0.0,0.0,0.0,0.0,4.586222,0.0,0.77406913,6.492266,4.177432,0.59184456,0.0,0.0,0.0,0.0,0.0,0.0,0.0,0.0,4.5768223,0.0,0.0,0.0
0.0,0.0,0.0,4.5077996,0.0,0.0,15.7870455,0.0,0.0,0.0,0.0,9.936582,2.219381,0.0,0.0,6.412461,0.0,0.0,0.0,10.94224,0.0,0.0,8.897224,0.0,0.0,0.0,1.4378079,0.0,0.0,0.0,0.0,0.0,0.0,0.09633383,0.0,1.0652988,6.360599,0.0,1.300962,3.6224518,0.0,0.0,0.0,5.439294,0.0,2.265546,0.0,0.0,0.0,0.0,0.0,2.0329611,9.522852,0.0,0.0,0.0,0.0,3.4881406,0.4860119,0.0,0.0,0.0,0.0,1.3818924,0.0,0.0,0.0,0.0,0.0,4.849838,0.0,0.0,0.0,0.0,0.0,0.0,0.0,0.0,0.0,0.0,0.0,0.0,0.0,5.811262,0.0,0.0,0.0,0.0,0.0,0.0,0.0,0.548066,0.0,0.0,0.0,0.0,0.0,0.0,0.67724586,0.0,0.0,0.0,5.81341,0.0,0.0,0.0,0.0,0.37365314,0.0,0.0,0.0,0.0,0.0,0.0,0.0,0.3064691,0.0,0.0,0.0,0.0,0.0,0.0,0.0,0.0,7.893637,1.8743985,0.0,0.0
0.0,0.0,0.0,3.6243138,0.0,0.0,6.9751234,0.0,0.0,0.0,3.5345283,2.1924322,0.0,0.0,0.0,0.0,0.0,0.0,0.0,0.42012846,0.0,0.0,0.0,4.54791,0.0,0.0,2.6996293,0.0,0.0,3.025212,0.0,0.0,0.0,3.1157327,0.0,0.0,0.0,0.0,0.0,0.0,0.0,0.0,0.0,0.0,0.0,2.1174288,0.0,0.0,0.0,0.0,0.0,7.4558606,0.0,0.0,0.0,0.0,0.0,2.457121,2.502115,0.0,0.0,0.0,0.02703055,1.246337,0.0,0.0,0.0,2.858118,0.0,8.847045,0.0,0.0,0.0,0.0,0.0,0.0,2.6243029,0.0,0.0,0.0,0.9888775,0.0,0.0,0.0,0.0,0.0,0.0,0.0,0.0,0.0,0.0,0.0,0.0,0.0,0.0,0.0,0.0,0.0,0.0,0.0,0.0,0.0,0.0,0.12651879,2.1279705,0.0,0.0,0.0,0.0,0.0,0.0,0.0,0.0,1.2925094,6.4867682,0.0,0.0,0.0,0.0,2.2132502,0.0,0.0,0.0,0.0,1.6816642,0.0,1.9280587,0.0
0.0,0.0,0.0,0.0,0.0,0.0,0.0,0.0,0.0,0.0,8.016026,1.7888434,0.0,0.0,0.0,9.058743,0.0,0.0,0.0,0.0,0.0,0.0,6.282518,0.0,0.0,0.0,0.08148051,0.0,0.0,0.0,0.0,0.0,0.0,0.0,2.6227849,4.027009,0.0,0.0,0.0,0.0,0.0,0.0,0.0,0.0,0.0,0.0,0.0,0.0,0.0,0.0,1.7884071,0.0,0.0,0.0,0.0,0.0,0.0,7.5913873,2.9706671,0.0,0.0,0.0,0.0,0.0,0.0,0.0,0.0,7.1496077,0.0,7.732538,0.0,0.0,0.0,0.0,0.0,0.0,0.0,0.0,0.0,0.0,0.0,0.0,0.0,6.8469577,0.0,0.9144185,0.0,0.0,0.0,0.0,0.0,0.0,0.0,0.0,0.0,0.0,0.0,0.0,0.0,0.0,0.0,0.0,0.0,7.268695,0.0,0.0,0.0,0.0,0.0,0.0,0.0,4.563644,0.0,0.0,0.0,1.3132248,0.0,0.0,0.0,0.0,0.0,0.0,0.0,0.0,5.644955,0.0,0.0,0.26730257
0.0,0.0,0.0,0.0,0.0,0.0,5.521663,0.0,0.0,0.0,1.7578449,0.0,0.0,0.0,0.0,0.0,0.0,0.0,0.0,0.0,0.0,0.0,0.0,0.90500766,0.0,0.0,0.0,0.0,0.0,0.23969151,0.0,0.0,0.0,4.371684,3.877419,1.3588848,0.0,0.0,0.6676134,0.0,0.0,0.0,0.0,0.0,0.0,3.7496605,0.0,0.0,0.78230464,0.0,2.9707024,4.9487014,0.0,0.0,0.0,0.0,0.0,4.355239,2.5380604,0.0,0.0,0.0,2.0188432,2.3734426,0.0,0.0,0.0,2.6446674,0.0,2.4144864,0.0,0.0,0.0,0.0,0.12015118,0.0,0.0,0.0,0.0,0.0,0.0,0.0,0.0,0.0,0.0,0.0,0.0,0.0,0.0,0.0,0.0,0.19097167,0.0,0.0,0.0,0.0,0.0,0.0,0.0,0.0,0.0,0.0,0.0,2.071584,0.82018536,0.0,0.0,0.0,0.0,0.0,2.6227443,0.0,2.1801236,4.403915,0.8981444,0.0,0.0,0.0,0.0,0.0,0.0,0.0,0.0,0.0,1.1137241,0.0,0.0,0.0
0.0,0.0,0.0,5.440891,0.0,1.9344474,2.681925,0.0,0.0,0.0,0.0,0.0,0.0,0.0,0.0,1.7933977,0.0,3.8742464,0.0,4.3990307,0.0,0.0,0.0,0.07991021,0.0,0.0,0.0,0.0,0.0,0.0,0.0,0.0,0.0,1.6915268,0.0030640475,3.4627652,0.0,0.0,8.549852,0.0,0.0,0.0,0.0,0.0,0.0,0.0,0.0,0.0,0.0,0.0,0.0,0.0,0.11319935,0.0,0.0,0.0,4.4933467,0.31026644,0.0,0.0,0.0,0.886256,0.0,0.0,0.0,0.0,0.0,0.0,0.0,4.2864614,3.1692562,0.0,0.0,0.0,0.0,0.0,0.0,0.0,0.0,0.0,0.0,0.0,0.0,11.697217,0.0,0.0,0.0,0.0,0.0,0.0,0.0,0.0,0.0,0.0,0.0,0.22161222,0.0,0.0,0.0,0.0,0.0,0.0,4.2645273,3.0958326,0.0,0.0,0.0,0.0,0.0,0.0,13.985021,0.0,0.0,0.0,0.0,0.0,0.0,0.0,0.0,2.3365192,6.952268,0.0,0.0,0.0,0.0,0.0,0.0,5.5713544
0.0,0.0,0.0,0.0,0.0,0.0,4.6092887,0.0,0.0,0.0,6.3873196,0.0,1.6574292,0.0,0.0,0.0,0.0,2.5002062,2.242038,0.0,0.0,0.0,0.0,0.0,0.0,0.0,1.1408926,0.0,9.438258,0.0,0.0,0.0,0.0,0.0,11.080976,2.0966027,0.0,0.0,0.0,3.140482,0.0,0.0,0.0,0.0,0.0,0.0,0.0,0.0,5.3204384,0.0,2.1236,4.407461,0.0,0.0,0.0,0.0,0.0,3.083079,4.334132,0.0,0.0,0.0,3.9450772,0.0,0.0,0.0,0.0,2.4415052,0.0,0.0,1.4147176,0.0,0.46353817,0.0,0.0,0.0,1.5247685,0.0,0.0,0.0,0.0,0.0,0.0,0.0,0.0,0.0,0.0,0.0,0.0,0.0,0.0,0.0,0.0,7.5782266,0.0,0.0,0.0,0.0,2.776117,0.0,0.0,0.0,0.0,0.3610772,0.0,0.0,0.0,0.0,0.0,0.0,3.897046,2.2960832,1.4683667,7.443866,0.11463549,0.21099067,0.0,0.0,0.0,0.0,0.0,0.0,0.0,0.0,7.6243067,0.0,0.0,0.0
0.0,0.0,0.0,0.0,2.2590804,0.0,0.0,0.0,0.0,0.0,6.4804277,0.0,0.0,0.0,0.0,13.22867,0.0,0.0,0.0,0.0,0.0,0.0,2.4945269,6.2335124,0.0,0.0,0.0,0.0,1.3947148,6.4560046,0.0,0.0,0.0,0.0,0.0,0.0,0.0,0.0,0.0,0.0,0.0,0.0,0.0,0.0,0.0,0.1758992,0.0,0.0,0.0,0.0,8.18836,0.0,0.0,0.0,0.0,0.0,0.0,0.0,8.631133,0.0,0.0,1.5463798,0.0,0.0,0.0,0.0,0.0,2.1797354,0.0,15.413896,0.0,0.0,0.0,0.0,0.0,0.0,0.0,0.0,0.0,0.0,0.0,0.0,0.0,0.0,0.0,7.556106,0.0,0.0,0.0,0.0,0.0,0.0,0.0,0.0,0.0,0.0,0.0,0.0,0.0,0.0,0.0,0.0,0.0,0.0,12.729451,0.0,0.0,0.0,0.0,0.0,6.3616214,0.0,0.0,0.0,0.4967581,0.0,0.0,0.0,0.0,0.0,0.0,0.0,0.0,0.0,4.6035247,0.0,0.0,0.6815598
0.0,0.0,0.0,0.0,0.0,0.0,0.20079558,0.0,0.0,0.0,0.0,0.0,0.0,0.0,0.0,0.0,0.0,4.7085466,5.168356,0.0,0.0,0.0,0.0,0.0,0.0,0.0,0.0,0.0,0.0,0.0,0.0,0.0,5.500867,0.0,2.7666976,0.0,0.0,0.0,0.0,0.0,0.0,0.0,0.0,0.0,0.0,2.926538,0.0,0.0,0.0,0.0,2.086724,0.0,0.0,0.0,0.0,0.0,0.78983516,0.0,0.0,0.0,0.0,0.0,0.0,0.0,0.0,0.0,0.0,3.0498776,0.0,7.583076,0.0,0.0,0.0,0.0,0.0,0.0,4.7827244,0.0,0.0,0.0,9.596275,0.0,0.0,0.0,0.0,0.0,0.0,0.0,0.0,0.0,0.0,0.0,0.0,0.0,0.0,0.0,0.0,0.0,0.0,0.0,0.0,0.0,0.0,0.0,0.0,0.0,0.0,0.0,0.0,0.0,6.1243916,0.0,0.0,0.0,4.9602532,1.0218389,0.0,0.0,0.0,0.0,0.0,0.0,0.0,0.0,3.978424,0.0,0.0,0.0
0.0,0.0,0.0,0.0,0.0,0.0,0.0,0.0,0.0,0.0,7.7459793,4.976182,0.0,0.0,0.0,0.0,0.0,0.0,5.661162,0.0,0.0,0.0,0.0,0.7092388,0.0,0.0,1.1014783,0.0,3.3725903,5.7271495,0.0,0.0,0.0,0.0,1.1352448,0.0,0.0,0.0,0.0,0.0,0.0,0.0,0.0,0.0,0.0,0.0,0.0,0.0,0.0,0.0,5.9735103,0.9596393,0.0,0.0,0.0,0.0,0.0,3.3250601,8.396603,0.0,0.0,0.0,2.2036572,3.170669,0.0,0.0,0.0,0.4265256,0.0,5.7966094,4.1092196,0.0,0.0,0.0,0.0,0.0,0.0,0.0,0.0,0.0,0.0,0.0,0.0,4.1784554,0.0,0.11257744,0.0,3.369604,0.0,0.0,0.0,0.0,0.0,0.0,0.0,0.0,0.0,0.0,3.4884787,0.0,0.0,0.0,3.620247,0.0,4.754128,0.0,5.098682,0.0,0.0,0.0,0.0,3.801979,0.0,0.0,0.0,0.0,0.0,0.0,0.0,0.0,0.0,0.0,7.190571,0.0,0.0,0.0,0.0,0.0
0.0,3.0679898,0.10886382,0.0,0.0,0.0,4.135649,0.0,0.0,0.0,6.1649623,0.0,1.6412609,0.0,0.0,1.7522595,0.0,0.0,1.8097049,3.2555356,0.0,0.0,0.0,0.0,0.0,0.0,0.0,0.0,5.1454744,0.0,0.0,0.0,0.0,0.42065793,6.1332083,4.08182,1.2068162,0.0,0.0,7.7135215,0.0,0.0,0.0,0.0,0.0,0.0,0.0,0.0,1.6871201,0.0,0.0,6.2285523,0.0,0.0,0.0,0.0,0.0,0.0,4.4753847,0.0,0.0,0.0,2.8883479,0.0,0.0,0.0,0.0,0.0,0.0,0.0,0.983679,0.0,0.0,0.0,0.0,0.0,1.9155738,0.0,0.0,0.0,1.69821,0.0,0.0,0.0,0.0,0.0,0.0,0.0,0.0,0.0,0.0,0.0,0.0,0.0,0.0,0.0,0.0,0.0,5.0890493,0.0,0.0,0.0,1.8907434,2.0241446,0.0,0.0,0.0,0.0,0.0,0.0,5.7023845,0.0,0.0,4.0123806,4.7276444,0.0,0.0,0.0,0.0,0.0,0.0,0.0,0.0,0.0,6.84086,0.0,0.0,0.0
0.0,0.0,0.0,0.0,0.0,0.0,0.0,0.0,0.0,0.0,0.60674864,0.0,0.0,0.0,0.0,0.0,0.0,0.0,2.9602587,0.0,0.0,0.0,0.0,1.5778979,0.0,0.0,0.0,0.0,0.0,2.4115627,0.0,0.0,5.815982,3.605759,4.048591,0.0,0.0,0.0,0.0,0.0,0.0,0.0,0.0,0.0,0.0,6.1552715,0.0,0.0,0.0,0.0,10.246324,0.0,0.0,0.0,0.0,0.0,0.0,0.0,0.0,0.0,0.0,0.0,0.0,3.5152209,0.0,0.0,0.0,7.692134,0.0,11.233025,0.0,0.0,0.0,0.0,0.0,0.0,7.1209517,0.0,0.0,0.0,8.229839,0.0,0.0,0.0,0.0,0.0,0.0,0.0,0.0,0.0,0.0,0.0,0.0,6.4480877,0.0,0.0,0.0,0.0,0.0,0.0,0.0,0.0,0.0,0.0,0.0,0.0,0.0,0.0,0.0,0.0,5.8447804,0.0,1.8505114,9.522664,5.854841,0.0,0.0,0.0,0.0,0.0,0.0,0.0,0.0,7.503566,0.0,0.0,0.0,0.0
0.0,0.0,0.0,0.0,0.0,0.0,0.0,0.0,0.0,0.0,6.0724926,2.6425493,0.0,0.0,0.0,1.6944177,0.0,0.0,0.0,0.0,0.0,0.0,6.4795012,0.0,0.0,0.0,0.0,0.0,0.0,0.0,0.0,0.0,3.4369094,0.0,5.238348,2.4794507,0.0,0.0,0.25719067,0.0,0.0,0.0,0.0,0.0,0.0,0.0,0.0,0.0,0.0,0.0,2.0427313,0.0,0.0,0.0,0.0,0.0,0.0,0.7968238,3.0213387,0.0,0.0,0.0,0.0,0.0,0.0,0.0,0.0,3.422091,0.0,14.399586,0.0,0.0,0.0,0.0,0.0,0.0,0.0,0.0,0.0,0.0,0.0,0.0,0.0,13.566158,0.0,6.4076653,0.0,0.0,0.0,0.0,0.0,0.0,0.0,0.0,0.0,0.0,0.32254788,0.0,0.0,0.0,0.0,0.0,0.2933144,2.379237,0.0,0.0,0.0,0.0,0.0,0.0,4.268629,2.2235456,0.0,0.0,0.0,10.303507,0.0,0.0,0.0,5.026178,0.0,0.0,0.0,0.0,0.0,0.0,0.0,0.0
0.0,0.0,0.0,0.67251456,0.0,0.0,12.633728,0.0,0.0,0.0,0.0,7.444044,0.0,0.0,0.0,0.0,0.0,0.0,12.434326,0.0,0.0,0.0,6.294209,0.0,0.0,0.0,0.0,0.0,0.0,0.0,0.0,0.0,0.16327412,2.086534,0.0,0.93635,3.455825,0.0,0.0,1.0844091,0.0,0.0,0.0,0.0,0.0,0.0,9.602446,0.0,0.0,0.0,0.0,2.8071516,0.0,0.0,0.0,0.0,0.67985076,0.0,2.628922,0.0,0.0,0.0,5.20799,11.893976,0.0,0.0,0.0,0.0,0.0,11.383196,0.0,0.0,0.0,0.0,0.0,0.0,0.0,0.0,0.0,0.0,0.0,0.0,0.0,0.0,0.0,0.0,0.0,0.0,0.0,0.0,0.0,0.0,0.0,0.0,0.0,0.5447865,0.0,0.0,9.82833,0.0,0.0,0.0,12.531706,0.61414593,0.0,0.0,0.0,0.0,0.0,0.0,0.0,0.0,0.0,0.0,8.512854,8.382088,0.0,0.0,0.0,10.068461,1.5880998,0.0,0.0,0.0,0.0,7.12553,0.0,0.0
0.0,0.0,0.0,0.0,0.0,0.0,5.1082406,0.0,0.0,0.0,2.2495787,0.0,0.6962562,0.0,0.0,0.7782254,0.0,5.963311,5.9648495,0.0,0.0,0.0,0.0,1.6171849,0.0,0.0,4.729111,0.0,6.3606815,0.0,0.0,0.0,0.0,0.0,8.834109,0.0,0.0,0.0,0.0,0.0,0.0,0.0,0.0,0.0,0.0,0.0,0.0,0.0,2.3013837,0.0,0.29341704,3.8396292,0.0,0.0,0.0,0.0,0.0,2.4636173,0.0,0.0,0.0,0.0,3.1924636,0.0,0.9995825,0.0,0.0,0.8847686,0.0,3.1527874,6.520607,1.7710516,0.0,0.0,0.0,0.0,4.663601,0.0,0.0,0.0,0.0,1.830664,0.0,0.0,0.0,0.0,0.0,0.0,0.0,0.0,0.0,0.0,0.0,5.8607054,0.0,0.0,0.0,0.0,0.3194402,0.0,0.0,0.0,0.0,2.7660317,1.8261316,0.0,0.3579448,0.0,0.0,0.0,5.5012636,0.0,2.9631824,5.6854935,0.0,2.1381402,0.0,0.0,0.0,0.0,0.0,0.0,0.0,0.0,0.0,0.0,0.0,0.0
0.0,0.0,0.25140664,0.0,2.302047,0.0,0.0,0.0,0.0,0.0,0.38761845,0.0,0.0,0.0,0.0,1.5657697,0.0,8.8814535,0.22006261,0.14807728,0.0,0.0,0.0,4.7162538,0.0,0.0,0.0,0.0,0.0,0.0,0.0,0.0,1.4285898,0.0,4.3237953,0.45529836,0.0,0.0,0.0,0.0,0.0,0.0,0.0,1.2768859,0.0,0.0,0.0,0.0,0.0,0.0,0.8278545,0.622337,0.0,0.0,0.0,0.0,1.2003698,0.0,0.0,0.0,0.0,0.0,0.0,0.0,0.0,0.0,0.0,0.0,0.0,6.659642,6.8448515,0.0,0.0,0.0,0.0,0.0,3.001388,0.0,0.0,0.0,4.885375,2.1566408,0.0,0.0,0.0,0.0,0.0,3.7834325,0.0,0.0,0.0,0.0,0.0,0.044454716,0.0,0.0,0.0,0.0,0.0,0.0,0.0,0.0,0.0,3.855096,0.0,0.0,0.0,0.0,0.0,0.0,6.857536,0.0,0.07199727,6.057023,0.0,0.0,0.0,0.0,0.0,0.0,0.0,0.0,0.0,0.0,2.261439,0.0,0.0,0.0
0.0,0.0,0.0,10.716477,0.0,0.0,2.9820364,0.0,0.0,0.0,0.0,0.42679784,0.0,0.0,0.0,7.44155,0.0,4.7725563,0.0,0.0,0.0,0.0,1.4283649,9.706825,0.0,0.0,0.0,0.0,0.0,0.0,0.0,0.0,4.060323,8.075869,0.0,0.0,0.0,0.0,0.0,0.0,0.0,0.0,0.0,0.0,0.0,0.0,0.0,0.0,0.0,0.0,0.0,5.611809,0.0,0.0,0.0,0.0,0.0,0.0,6.4805303,0.0,0.0,4.211328,0.040094964,0.0,0.0,0.0,0.0,0.0,0.0,7.115667,0.0,0.0,0.0,0.0,6.4879966,0.0,0.0,0.0,0.0,0.0,0.0,12.351438,0.0,0.0,2.7873778,0.0,0.0,0.0,0.0,0.0,0.0,0.0,0.0,0.0,0.0,0.66458124,0.0,0.0,0.04832238,0.0,0.0,0.0,5.8834925,0.0,6.2309966,0.0,1.4416345,0.0,0.0,0.0,0.0,0.0,0.0,0.0,11.60452,0.0,0.0,0.0,0.0,0.0,0.0,0.0,1.1662238,0.0,0.0,9.9972315,0.0,0.0
0.0,0.0,0.0,0.0,0.0,0.0,8.714736,0.0,0.0,0.0,4.7008014,0.0,1.775833,0.0,0.0,0.62232906,0.0,3.0915902,2.6770008,0.0,0.0,0.0,0.0,0.83485204,0.0,0.0,3.1718435,0.0,8.501189,0.0,0.0,0.0,0.0,0.0,8.109446,1.5814034,0.13239947,0.0,0.0,0.0,0.0,0.0,0.0,0.0,0.0,0.0,0.0,0.0,2.7910838,0.0,0.0,4.333181,0.0,0.0,0.0,0.0,0.0,2.3372922,0.0,0.0,0.0,0.0,3.3093328,0.0,0.0,0.0,0.0,0.0,0.0,0.6348969,4.2537603,0.0,3.3497806,0.0,0.0,0.0,0.0,0.0,0.0,0.0,0.0,0.7331946,0.0,0.0,0.0,0.0,0.0,0.0,0.0,0.0,0.0,0.0,0.0,1.9828551,0.0,0.0,0.0,0.0,3.023967,0.0,0.0,0.0,0.0,4.3267756,0.58539706,0.0,0.0,0.0,0.0,0.0,3.2090526,0.06987092,2.303385,4.034175,0.0,2.3437228,0.0,0.0,0.0,0.0,0.0,0.0,0.0,0.0,3.189333,0.0,2.104261,0.71772236
0.0,0.0,0.47949332,9.280275,0.0,0.0,0.0,0.0,0.0,0.0,3.678575,11.115804,0.12183202,0.0,0.0,0.0,0.0,0.0,0.0,0.0,0.0,0.0,0.0,0.2617372,0.0,0.0,1.4309921,0.0,0.0,0.0,0.0,0.0,0.0,0.7424879,0.0,0.0,0.0,0.0,5.31335,0.0,0.0,0.0,0.0,0.0,0.0,0.0,0.0,0.0,0.0,0.0,2.755402,9.74323,0.0,0.0,0.0,0.0,0.0,4.3271623,15.723851,0.0,0.0,2.1157522,2.8859208,0.0,0.0,0.0,0.0,1.1510875,0.0,2.4194825,0.0,0.0,0.0,0.0,6.956039,0.0,0.0,0.0,0.0,1.8685971,0.0,0.0,0.0,0.0,0.0,0.0,0.0,0.0,0.0,0.0,0.0,0.0,0.0,0.0,0.0,0.0,0.0,0.0,0.94192815,0.0,0.0,0.0,5.721528,0.0,4.706224,0.0,0.0,0.0,0.0,0.0,0.0,4.663415,0.0,0.0,8.395239,0.0,0.0,0.0,0.0,0.0,0.0,0.0,0.0,0.0,0.0,0.0,0.0,0.6928442
0.0,0.0,0.0,4.2308207,0.0,0.0,0.0,0.0,0.0,0.0,5.978273,16.259014,0.0,0.0,0.0,0.0,0.0,0.0,0.0,0.0,0.0,0.0,0.0,0.0,0.0,0.0,0.0,0.0,0.0,0.0,0.0,0.0,2.6633492,0.0,0.0,0.0,0.0,0.0,0.0,0.0,0.0,0.0,0.0,0.0,0.0,0.0,0.0,0.0,0.0,0.0,2.201952,6.702387,0.0,0.0,0.0,0.0,0.0,7.313365,10.423856,0.0,0.0,3.8271327,2.335307,3.424088,0.0,0.0,0.0,0.0,0.0,4.5781636,6.4997535,0.0,0.0,0.0,14.211271,0.0,0.0,0.0,0.0,0.0,0.0,0.0,0.0,0.0,0.0,0.0,0.0,1.6920602,0.0,0.0,0.0,7.0253673,0.0,0.0,0.0,0.0,0.0,0.0,0.0,0.0,0.0,0.0,10.152454,0.0,0.0,0.0,0.0,0.0,0.0,0.0,0.0,0.0,0.0,0.0,5.9172955,0.0,0.0,0.0,0.0,0.0,0.0,0.0,6.0390368,0.0,0.0,0.0,0.0,0.0
0.0,0.0,0.5909416,0.0,0.0,0.0,2.8758965,0.0,0.0,0.0,3.1199276,2.1334674,0.0,0.0,0.0,1.4562995,0.0,0.0,3.0614693,0.1706076,0.0,0.0,0.0,0.0,0.0,0.0,0.0,0.0,3.0896118,0.0,0.0,0.0,0.0,0.0,1.7577884,0.0,0.0,0.0,0.0,0.0,0.0,0.0,0.0,0.0,0.0,0.0,0.0,0.0,0.0,0.0,0.0,6.4512753,0.0,0.0,0.0,0.0,0.0,1.8862497,5.8342366,0.0,0.0,0.0,8.95685,4.345088,0.0,0.0,0.0,0.0,0.0,3.9732685,8.5670595,0.0,0.0,0.0,4.100055,0.0,0.0,0.0,0.0,0.0,0.0,0.0,0.0,0.0,1.4530692,0.0,0.0,0.0,0.0,0.0,0.0,1.3147539,0.0,0.0,0.0,1.8304589,0.0,0.0,7.2657366,0.0,0.0,0.0,7.477464,0.0,0.6130763,0.0,0.0,0.0,0.0,0.0,0.0,2.5536442,0.0,3.228397,7.569,1.5382816,0.0,0.0,0.0,0.0,0.0,0.0,1.5274596,0.0,0.0,0.0,0.0,0.0
0.0,0.0,0.0,0.0,0.0,0.0,1.2702802,0.0,0.0,0.0,0.0,0.0,0.0,0.0,0.0,7.9835835,0.0,0.0,3.094257,5.41233,0.0,0.0,6.207114,10.636906,0.0,0.0,8.055666,0.0,0.0,0.0,0.0,0.0,0.0,0.0,0.0,0.0,0.0,0.0,0.0,0.0,0.0,0.0,0.0,0.0,0.0,0.0,0.0,0.0,0.0,0.0,0.0,0.0,0.0,0.0,0.0,0.0,0.0,0.9113405,0.0,0.0,0.0,0.0,0.0,0.0,0.0,0.0,0.0,0.0,0.0,17.155823,3.9529862,0.0,0.0,0.0,0.36659622,0.0,4.1960926,0.0,0.0,0.0,0.0,0.0,0.0,3.5947642,0.0,4.219879,0.0,5.28778,0.0,0.0,0.0,0.0,0.0,0.0,0.0,0.0,0.0,0.0,0.0,0.0,0.0,0.0,2.2095733,0.14029112,10.059751,0.0,0.0,0.0,0.0,0.0,0.0,0.0,0.0,0.0,0.0,0.46894765,0.0,0.0,0.0,0.0,0.0,0.0,0.0,0.0,4.4162374,0.0,0.0,0.8624807
0.0,0.0,0.0,2.573725,0.0,0.0,5.4708886,0.0,0.0,0.0,0.0,3.305109,0.0,0.0,0.0,0.0,0.0,4.0383325,4.1538563,0.0,0.0,0.0,0.0,0.0,0.0,0.0,0.0,0.0,4.5996156,0.0,0.0,0.0,0.0,0.0,0.0,4.8363047,2.8245578,0.0,1.300186,0.0,0.0,0.0,0.0,0.0,0.0,0.0,0.0,0.0,6.777727,0.0,3.2374113,7.573507,0.0,0.0,0.0,0.0,10.153726,8.378676,9.490757,0.0,0.0,0.0,15.169991,2.7779856,0.0,0.0,0.0,0.0,0.0,0.0,3.3754995,0.0,0.0,0.0,5.970111,0.0,0.0,0.0,0.0,0.0,0.0,0.0,0.0,0.0,0.08665899,0.0,0.0,0.0,0.0,0.0,0.0,0.0,0.0,0.0,0.0,0.0,0.0,0.0,5.582234,0.0,0.0,0.0,10.650949,0.0,0.0,0.0,2.9904728,0.0,0.0,0.0,0.0,0.0,0.0,0.0,6.087872,1.395313,0.0,0.0,0.0,0.0,0.0,0.0,0.76903635,0.0,3.707541,0.0,0.0,0.0
0.0,0.0,0.0,0.0,0.0,0.0,4.401511,0.0,0.0,0.0,0.0,0.0,0.0,0.0,0.0,0.0,0.0,5.6632094,6.8080983,0.0,0.0,0.0,0.0,4.826943,0.0,0.0,0.0,0.0,0.0,0.0,0.0,0.0,0.0,0.0,5.394674,0.0,0.0,0.0,0.0,0.0,0.0,0.0,0.0,0.0,0.0,1.5425311,0.0,0.0,0.7369292,0.0,0.0,5.646921,0.0,0.0,0.0,0.0,0.0,0.0,0.0,0.0,0.0,0.0,0.0,2.113355,0.0,0.0,0.0,0.0,0.0,7.1450825,0.0,0.0,0.0,0.0,0.0,0.0,2.6716447,0.0,0.0,0.0,5.3980827,0.0,0.0,0.0,0.0,0.0,0.0,0.0,0.0,0.0,0.0,0.0,0.0,2.6591449,0.0,0.0,0.0,0.0,0.0,0.0,0.0,0.0,0.0,2.2223876,0.0,0.0,0.0,0.0,0.0,0.0,11.763111,0.0,3.6258044,7.7895756,2.2130134,0.0,0.0,0.0,0.0,5.0050364,0.0,0.0,0.0,0.0,1.643435,0.0,0.0,1.811203
0.0,0.0,0.0,0.0,0.0,0.0,14.083929,0.0,0.0,0.0,0.0,9.865685,0.0,0.0,0.0,0.33976907,0.0,1.8650491,7.0340834,0.0,0.0,0.0,0.0,0.0,9.856009,0.0,0.0,0.0,0.0,0.0,0.0,0.0,0.0,0.6317611,0.0,4.0876327,1.4070979,0.0,1.3280241,0.0,0.0,0.0,0.0,0.0,0.0,0.0,0.0,0.0,0.0,0.0,0.0,8.698242,0.0,0.0,0.0,0.0,0.0,7.2599525,14.895822,0.0,0.0,0.0,16.253546,8.166629,0.0,0.0,0.0,0.0,0.0,0.0,0.0,0.0,0.0,0.0,0.0,0.0,0.0,0.0,0.0,0.0,0.0,0.0,0.0,0.14970474,0.0,0.0,0.0,0.0,0.0,0.0,0.0,0.0,0.0,0.0,0.0,0.0,0.0,0.0,6.7660527,0.0,0.0,0.0,15.576602,0.0,0.0,0.0,0.0,0.0,0.0,0.0,0.0,0.0,0.0,0.0,7.053063,4.022107,0.0,0.0,0.0,0.0,0.0,0.0,3.0012195,0.0,0.0,0.0,0.0,0.0
0.0,0.0,0.0,0.0,0.0,0.23197809,0.0,0.0,0.0,0.0,0.0,0.0,1.6570903,0.0,0.0,0.0,0.0,8.32912,2.6140287,0.0,0.0,0.0,0.0,2.6022375,0.0,0.0,0.0,0.0,2.7228146,0.0,0.0,0.0,3.6262624,0.0,3.511743,0.0,0.0,0.0,0.0,0.0,0.4470379,0.0,0.0,0.0,0.0,0.0,0.0,0.0,0.0,0.0,0.0,3.6808252,0.0,0.0,0.0,0.0,2.6860673,0.9133191,0.0,0.0,0.0,0.0,0.0,0.0,0.0,0.0,0.0,1.7760177,0.0,3.5304933,5.3429832,2.6037714,0.0,0.0,0.0,0.0,8.16448,0.0,0.0,0.0,7.4041414,0.0,0.0,0.0,0.0,0.0,0.0,0.0,0.0,0.0,0.0,0.0,0.0,5.4446607,0.0,0.0,0.0,0.0,0.0,0.0,0.0,0.0,0.0,0.0,0.0,0.0,0.0,0.0,0.0,0.0,4.4614043,0.0,0.4870516,3.8133252,0.0,2.9551685,0.0,0.0,0.0,0.0,0.0,0.0,0.0,0.0,3.0175784,0.0,0.0,0.0
0.0,2.7774534,0.0,3.3945463,0.0,0.0,0.0,0.0,0.0,0.0,8.320259,13.463131,2.9754457,0.0,0.0,0.0,0.0,0.0,0.0,1.1694584,0.0,0.0,0.0,0.0,0.0,0.0,0.0,0.0,1.8500757,0.0,0.0,0.0,2.531102,2.0521486,0.0,9.543955,1.0562575,0.0,0.0,9.00157,0.0,0.0,0.0,0.0,0.0,0.0,0.0,0.0,0.0,0.0,0.0,4.138109,0.0,0.0,0.0,0.0,0.0,3.6945484,12.394135,0.0,0.0,0.0,4.8890676,0.0,0.0,0.0,0.0,0.0,0.0,0.0,0.0,0.0,0.0,0.0,3.862538,0.0,0.0,0.0,0.0,0.0,0.0,0.0,0.0,0.6852746,5.321829,0.0,0.0,0.0,0.0,0.0,0.0,0.0,0.0,0.0,0.0,0.0,0.0,0.0,5.2334447,0.0,0.0,0.0,13.2513485,0.0,0.0,0.0,0.0,0.0,0.0,0.0,0.0,2.4018588,0.0,0.0,5.319737,0.0,0.0,0.0,0.0,0.0,0.0,0.0,0.0,0.0,4.434879,0.0,0.0,0.0
0.0,0.0,0.0,4.4235044,0.0,0.0,6.536167,0.0,0.0,0.0,0.0,1.8541554,0.0,0.0,0.0,0.0,0.0,0.0,2.7181687,0.0,0.0,0.0,0.0,2.6734693,0.0,0.0,1.1378794,0.0,0.0,0.0,0.0,0.0,0.0,0.27638662,1.6399409,0.0,0.0,0.0,1.3411489,0.0,0.0,0.0,0.0,0.0,0.0,3.076963,0.0,0.0,0.0,0.0,0.0,5.299023,0.0,0.0,0.0,0.0,0.45374638,2.9988565,0.0,0.0,0.0,0.0,0.0,2.1563888,0.0,0.0,0.0,1.160634,0.0,5.9299107,0.0,0.0,0.0,0.0,2.6894903,0.0,4.1819444,0.0,0.0,0.0,0.0,0.0,0.0,0.0,0.0,2.2899497,0.0,0.0,0.0,0.0,0.0,3.8812053,0.0,0.0,0.0,0.0,0.0,0.0,0.0,0.0,0.0,0.0,0.0,0.0,0.0,0.0,0.0,0.0,0.0,0.0,0.0,0.0,0.0,0.0,4.695479,1.1399165,0.0,0.0,0.0,0.0,0.0,0.0,0.0,0.0,0.0,2.7497003,0.0,0.0
0.0,0.0,0.0,0.85526204,0.0,0.0,0.0,0.0,0.0,0.0,0.0,0.0,5.1067896,0.0,0.0,0.0,0.0,1.4250989,1.4275475,0.0,0.0,0.0,0.0,1.8772571,0.0,0.0,0.0,0.0,1.5240701,0.0,0.0,0.0,4.899104,0.0,2.0009258,0.0,0.0,0.0,0.0,0.0,4.280881,0.0,0.0,0.0,0.0,0.0,0.0,0.0,1.1107903,0.0,0.0,7.2361636,0.0,0.0,0.0,0.0,1.0713277,6.4661174,1.1895771,0.0,0.0,0.0,0.0,0.0,0.0,0.0,0.0,2.7202873,0.0,0.0,0.0,0.0,0.0,0.0,0.0,0.0,7.4387283,0.0,0.0,0.0,6.5853014,0.0,0.0,0.0,0.0,0.0,0.0,0.0,0.0,0.0,0.0,2.5978851,0.0,4.047408,0.0,0.0,0.0,0.0,0.0,0.0,0.0,0.0,0.0,0.0,0.0,0.0,0.0,0.0,0.0,0.0,3.600867,0.0,4.1448107,3.3247163,3.921898,2.3240104,0.0,0.0,0.0,0.0,0.0,0.0,0.0,0.0,5.2796907,0.0,0.0,2.4287074
0.0,0.0,0.0,2.5198936,0.0,0.0,0.0,0.0,0.0,0.0,0.0,0.0,2.4170563,0.0,0.0,2.5605156,0.0,0.0,0.16611859,0.0,0.0,0.0,0.0,0.0,0.0,0.0,0.8566442,0.0,0.0,0.0,0.0,0.0,5.209166,0.0,0.0,0.0,0.0,0.0,0.0,0.0,0.0,0.0,0.0,0.0,0.0,0.1479227,0.0,0.0,0.0,0.0,0.0,4.423916,0.0,0.0,0.0,0.0,2.233995,3.4401045,0.0,0.0,0.0,0.99193466,0.0,0.0,0.0,0.0,0.0,1.6821064,0.0,4.5869994,1.9683138,0.656856,0.0,0.0,0.0,0.0,13.228363,0.0,0.0,0.0,4.3895493,0.0,0.0,0.0,0.0,0.0,0.0,0.0,0.0,0.0,0.0,2.1920173,0.0,0.0,0.0,0.0,0.0,0.0,0.0,0.0,0.0,0.0,0.0,0.0,0.0,0.0,0.0,1.9773413,0.0,0.0,0.0017854617,0.0,0.77800494,0.0,0.95480037,3.1871517,0.0,0.0,0.0,0.0,0.0,0.0,0.0,2.076351,0.0,6.954959,0.0,0.0
0.0,0.0,0.0,2.0858185,0.0,0.0,12.217913,0.0,0.0,0.0,0.0,2.851594,0.0,0.0,0.0,0.0,0.0,0.0,0.0,0.0,0.0,0.0,0.0,0.9669613,0.0,0.0,2.5311553,0.0,0.0,0.09475172,0.0,0.0,0.0,3.8498607,1.9217494,0.0,0.0,0.0,0.0,0.0,0.0,0.0,0.0,0.0,0.0,4.9944186,0.0,0.0,0.0,0.0,0.0,8.377218,0.0,0.0,0.0,0.0,0.0,4.859695,0.0,0.0,0.0,0.0,2.520033,3.9675558,0.0,0.0,0.0,2.5906959,0.0,5.8307877,0.0,0.0,0.0,0.0,0.0,0.0,2.4270754,0.0,0.0,0.0,0.0,0.0,0.0,0.0,0.0,0.039325725,0.0,0.0,0.0,0.0,0.0,3.371803,0.0,0.0,0.0,0.23129524,0.0,0.0,0.0,0.0,0.0,0.0,0.0,3.420929,0.92581064,0.0,0.0,0.0,0.0,0.0,0.11169059,0.0,0.0,2.1121936,1.1843984,0.0,0.0,0.0,0.0,0.0,0.0,0.0,0.0,0.0,0.0,2.5017138,0.0,0.0
0.0,0.0,0.0,0.2826373,0.0,0.0,0.0,0.0,0.0,0.0,0.0,0.0,1.2271284,0.0,0.0,0.0,0.0,2.8121731,2.0077355,0.0,0.0,0.0,0.0,5.613822,0.0,0.0,0.35796416,0.0,2.5499275,0.0,4.768011,0.0,0.0,0.0,0.0,1.0999465,0.0,0.0,0.0,0.0,0.0,0.0,0.0,0.0,0.0,0.0,0.0,0.0,1.6897949,0.0,5.1247835,1.9581531,0.0,0.0,0.0,0.0,3.7204003,0.778734,0.60852575,0.0,0.0,0.0,3.441419,0.0,3.5677888,0.0,0.0,0.0,0.0,1.9609718,10.479033,0.0,0.0,0.0,4.7119894,0.0,0.0,0.0,0.0,0.0,0.0,2.5117114,0.0,0.9105128,0.62196624,0.0,0.0,4.2328663,0.0,0.0,0.0,0.0,0.0,0.0,0.0,0.0,0.0,0.0,3.4318304,0.0,0.0,0.0,1.910389,2.4654374,3.7846055,0.0,0.0,0.0,0.0,0.0,0.0,4.954711,0.0,4.685753,3.995752,3.5884142,0.0,0.0,0.0,0.0,0.0,0.0,1.6342679,0.0,0.0,0.0,0.0,0.0
0.0,0.0,0.0,0.0,0.0,0.0,2.4418535,0.0,0.0,0.0,0.1752953,0.0,0.0,0.0,0.0,0.0,0.0,0.0,0.5351124,0.0,0.0,0.0,0.0,2.533854,0.0,0.0,1.4886197,0.0,0.0,1.2788849,0.0,0.0,0.66317844,1.525282,2.0352242,0.0,0.0,0.0,0.0,0.0,0.0,0.0,0.0,0.0,0.0,0.47373104,0.0,0.0,0.0,0.0,1.0525479,2.3866112,0.0,0.0,0.0,0.0,0.0,1.0046268,0.0,0.0,0.0,0.0,0.0,1.8543478,0.0,0.0,0.0,2.6824527,0.0,5.203113,0.9089635,0.0,0.0,0.0,0.0,0.0,1.8109205,0.0,0.0,0.0,1.2487038,0.0,0.0,0.0,0.0,0.21656738,0.0,0.0,0.0,0.0,0.0,1.7872212,0.0,0.0,0.0,0.0,0.0,0.0,0.0,0.0,0.0,0.0,0.0,1.2779776,2.1003213,0.0,0.0,0.0,0.0,0.0,0.07076309,0.009467777,1.1229327,3.0171309,0.17083904,1.2424384,0.0,0.0,0.0,0.0,0.0,0.0,0.42127198,0.0,0.0,0.0,0.0,0.0
0.0,0.0,0.0,6.1048,0.0,0.0,5.1512218,0.0,0.0,0.0,0.0,2.6690717,2.391889,0.0,0.0,0.0,0.0,8.18405,5.432695,0.0,0.0,0.0,0.0,3.4835289,0.0,0.0,0.0,0.0,4.4897,0.0,0.0,0.0,0.0,0.0,0.0,0.0,0.78975767,0.0,0.0,0.0,0.0,0.0,0.0,0.0,0.0,0.0,0.0,0.0,2.6176298,0.0,2.4949353,15.20152,0.0,0.0,0.0,0.0,7.8698,7.9678774,2.1122463,0.0,0.0,0.07796693,11.044645,0.0,0.0,0.0,0.0,0.0,0.0,0.0,10.142801,0.0,0.0,0.0,5.768971,0.0,0.0,0.0,0.0,0.0,0.0,0.35776335,0.0,0.0,0.0,0.18899663,0.0,0.0,0.0,0.0,0.0,0.0,0.0,0.0,0.0,0.0,0.0,0.0,0.0,0.0,0.0,0.0,0.25164685,0.0,3.153638,0.0,0.0,0.0,0.0,0.0,0.0,0.0,0.0,0.0,9.230439,0.0,0.0,0.0,0.0,0.0,0.0,0.0,0.0,0.0,0.0,0.0,0.0,0.0
0.0,2.978251,0.0,0.7451429,0.0,0.0,4.2449455,0.0,0.0,0.0,0.0,0.0,0.0,0.0,0.0,7.501505,0.0,0.0,3.4568686,6.163813,0.0,0.0,2.5385458,2.2867131,0.0,0.0,0.0,0.0,0.0,0.0,0.0,0.0,0.0,0.0,0.0,1.1640451,0.0,0.0,0.739224,0.0,0.0,0.0,0.0,0.327073,0.0,0.0,0.0,1.4755902,0.0,0.0,0.0,0.0,0.0,0.0,0.0,0.0,0.0,0.0,3.3574703,0.0,0.0,0.0,0.0,0.16803779,0.0,0.0,0.0,0.0,0.0,9.0486355,6.3876653,0.0,0.0,0.0,4.3768215,0.0,1.7293696,0.0,0.0,0.0,0.0,0.0,0.0,0.0,8.486859,0.70054734,0.0,0.0,0.0,0.0,0.0,5.310771,0.0,0.0,0.0,0.0,0.0,0.0,7.6842318,0.0,0.0,0.0,14.297464,0.0,0.0,0.0,0.0,0.0,0.0,0.0,0.0,0.0,0.0,0.0,7.2862234,3.1528563,0.0,0.0,0.0,0.19297794,0.0,0.0,0.0,0.0,8.883796,0.0,0.0,0.0
0.0,0.0,0.0,10.491631,0.0,0.0,0.0,0.0,0.0,0.0,0.0,0.0,0.0,0.0,0.0,0.0,0.0,4.522149,0.0,0.0,0.0,0.0,0.0,4.0395346,0.0,0.0,0.0,0.0,0.0,0.0,0.09348621,0.0,0.0,0.0,0.0,4.0410166,0.0,0.0,0.43285054,0.0,0.0,0.0,0.0,0.0,0.0,0.0,0.0,0.0,1.3056176,0.0,10.984261,0.0,0.0,0.0,0.0,0.0,6.6276693,0.0,0.0,0.0,0.0,0.0,0.9092107,2.549214,0.0,0.0,0.0,0.0,0.0,3.5292168,9.740932,0.0,0.0,0.0,2.323213,0.0,0.0,0.0,0.0,0.0,0.0,0.0,0.0,13.48118,0.0,0.0,0.0,0.0,0.0,0.0,0.0,0.0,0.0,0.0,0.0,0.0,0.0,0.0,0.0,0.0,0.0,0.0,7.1081653,0.0,0.0,0.0,0.0,0.0,0.0,0.0,0.0,7.3575892,0.0,0.0,0.0,4.697198,0.0,0.0,0.0,4.2730975,0.0,0.0,0.0,0.0,0.0,0.0,0.0,1.5969257
0.0,0.0,0.22518149,0.0,0.3003496,0.0,3.9527538,0.0,0.0,0.0,1.7404447,0.48428154,0.0,0.0,0.0,3.9759507,0.0,2.1728897,0.18992768,0.0,0.0,0.0,0.0,2.0840728,0.0,0.0,2.361422,0.0,2.4311156,2.5532932,0.0,0.0,0.0,0.0,0.5129058,0.0,0.0,0.0,0.0,0.0,0.0,0.0,0.0,0.0,0.0,0.0,0.0,0.0,0.0,0.0,0.18222967,2.4236593,0.0,0.0,0.0,0.0,0.0,0.0,4.3987303,0.0,0.0,0.0,5.8652387,0.0,0.0,0.0,0.0,0.0,0.0,3.5333738,5.7877645,0.0,0.0,0.0,0.0,0.0,0.0,0.0,0.0,0.0,0.0,7.6754026,0.0,0.0,0.0,0.0,0.0,0.0,0.0,0.0,0.0,0.0,0.0,0.0,0.0,0.0,0.0,0.0,1.5052236,0.0,0.0,0.0,0.0,4.4587097,5.3591294,0.0,1.2118927,0.0,0.0,0.0,0.15329601,1.8760972,0.0,0.14865142,0.0,0.0,0.0,0.0,0.7421061,0.0,0.0,0.0,0.0,0.0,0.0,0.0,0.0,0.0
0.0,0.0,0.0,0.0,0.0,0.0,0.0,0.0,0.0,0.0,2.092507,8.619814,0.0,0.0,0.0,1.4861337,0.0,1.6016144,3.8292735,0.0,0.0,0.0,0.0,0.16105127,0.0,0.0,0.0,0.0,1.6550072,0.0,0.0,0.0,0.0,0.0,0.46443015,0.0,0.0,0.0,0.0,0.0,0.0,0.0,0.0,0.0,0.0,0.0,0.0,0.0,0.0,0.0,5.2240076,5.0393243,0.0,0.0,0.0,0.0,0.0,1.8671802,2.288619,0.0,0.0,0.0,3.110219,5.2433996,0.0,0.0,0.0,0.0,0.0,3.8828568,9.636387,0.0,0.0,0.0,5.6178923,0.0,0.0,0.0,0.0,0.0,0.0,5.9440904,0.0,1.758204,0.0,0.0,0.0,8.147025,0.0,0.0,0.0,1.344774,0.0,0.0,0.0,0.0,0.0,0.0,0.0,0.0,0.0,0.0,5.5251446,0.0,3.9649224,0.0,4.5218644,0.0,0.0,0.0,0.0,0.6532293,0.0,0.0,0.0,0.0,0.0,0.0,0.0,0.0,0.0,0.0,5.404794,0.0,0.0,0.0,0.0,0.0
0.0,0.0,0.0,5.44156,0.0,0.0,2.1438813,0.0,0.0,0.0,0.0,0.0,0.0,0.0,0.0,0.0,0.0,1.0618191,0.7052558,0.0,0.0,0.0,2.319861,2.6752725,0.0,0.0,0.57627845,0.0,0.0,0.7021197,0.0,0.0,4.77003,4.5486574,0.0,0.0,0.0,0.0,0.0,0.0,0.0,0.0,0.0,0.0,0.0,2.660032,0.0,0.0,0.0,0.0,0.0,0.0,0.0,0.0,0.0,0.0,0.0,2.2886624,0.0,0.0,0.0,2.2181363,0.0,2.03609,0.0,0.0,0.0,0.0,0.0,7.054505,0.0,0.0,0.0,0.0,5.1860275,0.0,3.2132473,0.0,0.0,0.0,1.1725937,0.0,0.0,0.0,0.0,0.0,0.0,0.0,0.0,0.0,0.0,6.8398337,0.0,0.0,0.0,0.0,0.0,0.0,0.0,0.0,0.0,0.0,0.0,0.0,0.0,0.0,0.0,0.0,0.0,0.0,0.0,0.0,0.0,0.0,2.5172517,2.793313,0.0,0.0,0.0,0.80068123,0.0,0.0,1.1467985,0.0,0.0,2.919575,0.0,0.0
0.0,0.0,0.0,0.0,0.0,0.0,4.466625,0.0,0.0,0.0,1.5647886,0.0,3.6798332,0.0,0.0,0.0,0.0,1.087906,8.840233,0.0,0.0,0.0,0.0,1.4973644,0.0,0.0,4.0427465,0.0,5.5357485,0.0,0.0,0.0,0.0,0.0,5.0151963,0.0,0.0,0.0,0.0,0.0,3.355165,0.0,0.0,0.0,0.0,0.0,0.0,0.0,4.6685066,0.0,0.0,7.994199,0.0,0.0,0.0,0.0,2.0260043,3.1620212,0.0,0.0,0.0,0.0,3.8304687,0.4260318,0.0,0.0,0.0,4.414611,0.0,0.0,3.0054314,0.0,0.0,0.0,0.0,0.0,3.7717636,0.0,0.0,0.0,0.0,0.0,0.0,0.0,0.0,0.0,0.0,0.0,0.0,0.0,0.0,0.0,0.0,2.20149,0.0,0.0,0.0,0.0,0.0,0.0,0.0,0.0,0.0,0.0,0.0,0.0,0.0,0.0,0.0,0.0,0.0,0.0,0.0,1.561187,4.1776223,3.2061393,0.0,0.0,0.0,0.0,0.0,0.0,0.0,0.0,0.0,0.0,0.0,1.6780741
0.0,0.0,0.0,0.0,0.0,0.6053094,0.0,0.0,0.0,0.0,0.0,0.0,3.6664555,0.0,0.0,0.0,0.0,6.1161685,0.0,0.0,0.0,0.0,0.0,1.066643,0.0,0.0,0.0,0.0,1.4580189,0.0,0.0,0.0,7.6591735,1.3579723,0.06674841,0.0,0.0,0.0,0.0,0.039386466,7.3134675,0.0,0.0,2.0191379,0.0,0.0,0.0,0.0,0.0,0.0,2.2134197,1.5233572,0.0,0.0,0.0,0.0,1.7368436,0.44286078,2.6813626,0.0,0.0,0.0,0.0,0.0,0.0,0.0,0.0,2.5564787,0.0,1.1387962,1.0399381,0.0,0.0,0.0,0.0,0.0,6.816649,0.0,0.0,0.0,11.749511,0.0,0.0,0.0,0.0,0.0,0.0,0.0,0.0,0.0,0.0,0.0,0.0,0.50495267,0.0,0.0,0.0,0.0,0.0,0.0,0.0,0.0,0.0,0.0,0.0,0.0,0.0,0.0,0.0,0.0,0.0,0.0,1.7674253,1.611504,0.97275764,0.6460754,0.0,0.0,0.0,0.0,0.0,0.0,0.0,0.0,5.8406487,0.0,0.0,0.0
0.0,0.0,0.0,0.0,3.7932277,0.0,0.0,0.0,0.0,0.0,1.5812194,0.0,2.0729432,0.0,0.0,0.03313868,0.0,0.8281132,0.0,0.0,0.0,0.0,0.0,4.470207,0.0,0.0,0.0,0.0,1.5404305,0.0,0.0,0.0,0.0,0.0,3.5088086,0.0,0.0,0.0,0.0,0.0,0.0,0.0,0.0,0.0,0.0,0.0,0.0,0.0,0.0,0.0,5.360169,3.099925,0.0,0.0,0.0,0.0,0.0,0.5831189,0.0,0.0,0.0,0.0,0.0,0.0,0.0,0.0,0.0,2.9434876,0.0,8.040241,1.6009632,0.0,0.0,0.0,0.0,0.0,4.364589,0.0,0.0,0.0,2.7030735,0.0,0.0,2.1109161,0.0,0.0,0.0,1.3795276,0.0,0.0,0.0,0.0,0.0,6.6354885,0.0,0.0,0.0,0.0,0.0,0.0,0.0,0.0,0.0,1.7484151,0.0,0.0,0.0,0.0,0.0,0.0,10.731813,0.0,0.0,4.086237,0.0,2.5368724,0.0,0.0,0.0,1.3224902,0.0,0.0,0.0,0.0,4.565681,0.0,0.0,3.2157419
0.0,0.0,0.0,0.18716736,0.0,0.0,4.53873,0.0,0.0,0.0,3.629227,0.0,0.0,0.0,0.0,0.0,0.0,0.0,1.0072539,0.0,0.0,0.0,0.0,2.7887392,0.0,0.0,0.36997265,0.0,0.0,1.8806926,0.0,0.0,0.0,2.2236125,2.2795913,0.0,0.0,0.0,0.0,0.0,0.0,0.0,0.0,0.0,0.0,0.5278399,0.0,0.0,0.9841972,0.0,0.0,6.638077,0.0,0.0,0.0,0.0,0.0,1.9258894,2.035942,0.0,0.0,0.0,5.0831685,3.813132,0.0,0.0,0.0,2.0049348,0.0,1.9983568,3.2302065,0.0,0.0,0.0,0.0,0.0,1.3573273,0.0,0.0,0.0,1.9685102,0.0,0.0,0.0,0.0,0.0,0.0,0.0,0.0,0.0,0.0,0.68210006,0.0,0.0,0.0,0.0,0.0,0.0,0.2812311,0.0,0.0,0.0,0.0,0.27427173,0.84699833,0.0,0.0,0.0,0.0,0.0,0.37641028,0.0,0.56018484,6.9392247,2.6285398,0.0,0.0,0.0,0.0,0.0,0.0,0.0,0.0,0.0,0.0,0.0,0.0,0.0
0.0,0.0,0.0,0.0,0.0,0.0,1.4186705,0.0,0.0,0.0,3.3624086,0.0,3.6881292,0.0,0.0,2.2951334,0.0,4.870213,1.4344981,0.0,0.0,0.0,0.0,0.0,0.0,0.0,5.8740563,0.0,10.181122,0.0,0.0,0.0,0.0,0.0,13.463458,0.0,0.0,0.0,0.0,0.0,0.0,0.0,0.0,0.0,0.0,0.0,0.0,0.0,1.3867265,0.0,1.31957,0.0,0.0,0.0,0.0,0.0,2.5544662,1.0053029,0.0,0.0,0.0,0.0,0.0,0.0,0.0,0.0,0.0,0.0,0.0,1.1009114,8.875392,0.9892256,1.0947908,0.0,0.0,0.0,5.7924523,0.0,0.0,0.0,0.0,0.0,0.0,6.95958,0.0,0.0,0.0,0.0,0.0,0.0,0.0,0.0,0.0,10.733028,0.0,0.0,0.0,0.0,4.949904,0.0,0.0,0.0,0.0,5.0458126,0.0,0.0,0.0,0.0,0.0,0.0,10.064695,2.5614529,1.2134606,3.126294,0.0,5.5621843,0.0,0.0,0.0,0.0,0.0,0.0,0.0,0.0,5.4141393,0.0,0.0,0.0
0.0,0.0,0.0,0.0,0.0,0.0,9.588965,0.0,0.0,0.0,0.0,0.0,8.158404,0.0,0.0,4.3707004,0.0,0.02964834,10.891968,12.681332,0.0,0.0,9.165805,0.3643052,0.0,0.0,0.0,0.0,0.0,0.0,0.0,4.479499,12.746889,0.0,0.0,8.713158,0.0,0.0,0.0,0.0,0.0,0.0,0.0,0.0,0.0,0.0,0.0,11.7205105,0.0,0.0,0.0,0.0,0.0,0.0,0.0,0.0,13.303565,0.0,0.0,0.0,0.0,17.00318,0.0,0.0,0.0,0.0,0.0,0.0,0.0,17.121346,0.0,0.0,0.0,0.0,1.9424032,0.0,4.320783,0.0,0.0,0.0,0.0,5.1587124,0.0,11.901153,0.0,0.0,0.0,0.0,0.0,0.0,0.0,0.0,0.0,0.0,0.0,0.0,0.0,0.0,0.0,0.0,0.0,0.0,18.231663,0.0,6.795823,0.0,0.0,9.103444,0.0,0.0,0.0,0.0,0.0,0.0,0.0,7.0313225,0.0,0.0,0.0,0.0,8.442063,0.0,0.845446,0.8334329,0.0,0.0,0.0,0.0
0.0,1.814916,0.0,2.59855,0.0,0.0,6.299065,0.0,0.0,0.0,1.779962,8.614447,0.0,0.0,0.0,0.4786251,0.0,0.586913,0.0,0.85573614,0.0,0.0,0.0,0.0,0.926966,0.0,0.0,0.0,2.4710095,0.0,0.0,0.0,0.0,0.37647876,0.0,8.339032,4.453973,0.0,0.0,3.719758,0.0,0.0,0.0,0.0,0.0,0.0,0.0,0.0,0.0,0.0,0.0,8.586735,0.0,0.0,0.0,0.0,2.3628743,3.073138,9.732804,0.0,0.0,0.0,12.520691,3.6762276,0.0,0.0,0.0,0.0,0.0,0.0,6.0409384,0.0,0.0,0.0,2.1367874,0.0,0.0,0.0,0.0,0.0,0.0,0.0,0.0,0.0,4.8036976,0.0,0.0,0.0,0.0,0.0,0.0,0.0,0.0,0.0,0.0,0.0,0.0,0.0,7.2127466,0.0,0.0,0.0,11.370286,0.0,0.0,0.0,0.0,0.0,0.0,0.0,0.0,0.0,0.0,0.0,8.37243,2.0453851,0.0,0.0,0.0,0.0,0.0,0.0,0.0,0.0,0.0,0.012342406,0.0,0.0
0.0,0.0,0.0,12.398967,0.0,0.0,20.182064,0.0,0.0,0.0,0.0,15.844539,0.0,0.0,0.0,0.0,0.0,0.0,3.4077632,0.0,0.0,0.0,7.750006,0.0,0.0,0.0,0.0,0.0,0.0,2.4375892,0.0,0.0,6.4946017,9.236777,0.0,0.0,0.0,0.0,4.230228,0.0,0.0,0.0,0.0,0.0,0.0,0.0,0.0,0.0,0.0,0.0,0.0,3.5677445,0.0,0.0,0.0,0.0,0.0,13.978736,11.581334,0.0,0.0,0.0,2.0385163,11.867606,0.0,0.0,0.0,0.0,0.0,3.7283032,7.5072684,0.0,0.0,0.0,0.0,0.0,0.0,0.0,0.0,0.0,0.0,0.0,0.0,0.79248935,0.0,0.0,0.0,0.0,0.0,0.0,0.0,10.207512,0.0,0.0,0.0,0.0,0.0,0.0,2.3142471,0.0,0.0,0.0,10.738878,0.0,0.0,0.0,0.0,0.0,0.0,0.0,0.0,0.0,0.0,0.0,0.0,0.87736845,0.0,0.0,0.0,0.0,0.0,0.0,4.6843524,0.0,0.0,2.1492908,0.0,0.0
0.0,0.0,0.0,0.0,0.0,0.0,0.0,0.0,0.0,0.0,7.217975,0.0,0.0,0.0,0.0,0.0,0.0,0.0,7.5344176,0.0,0.0,0.0,3.2959113,3.1709745,0.0,0.0,4.635842,0.0,0.0,0.50870866,0.0,5.063396,0.0,0.0,1.0184165,0.0,0.0,0.0,6.1613445,0.0,0.0,0.0,0.0,0.0,0.0,0.0,0.0,0.0,0.0,0.0,9.281968,0.0,0.0,0.0,0.0,0.0,0.0,7.2736497,10.411477,0.0,0.0,2.9663057,0.0,0.0,0.0,0.0,0.0,0.0,0.0,7.027587,0.0,0.0,0.0,0.0,0.0,0.0,0.0,0.0,0.0,0.0,0.0,0.0,0.0,10.246935,0.0,0.0,0.0,0.23935352,0.0,0.0,0.0,0.0,0.0,2.569647,0.0,0.0,0.47450948,0.0,4.2502327,0.0,0.0,0.0,4.8013,11.855358,13.923876,0.0,0.0,0.0,0.0,0.0,7.1324205,1.8617991,5.677649,0.0,0.0,0.0,0.0,5.653777,5.2480416,0.0,11.198653,0.0,7.652657,0.0,0.0,0.0,0.0,12.616141
0.0,0.0,0.0,2.9422016,0.0,0.0,6.2302914,0.0,0.0,0.0,0.3628483,0.0,3.2986722,0.0,0.0,0.0,0.0,0.0,2.9615197,0.0,0.0,0.0,0.0,3.9871478,0.0,0.0,5.3147683,0.0,2.5921218,0.0,0.0,0.0,0.0,0.0,4.892881,0.0,0.0,0.0,1.5788525,0.0,0.0,0.0,0.0,0.0,0.0,0.0,0.0,0.0,2.106756,0.0,0.5522431,9.159854,0.0,0.0,0.0,0.0,0.0,7.331897,1.0167763,0.0,0.0,0.0,0.889982,0.0,0.0,0.0,0.0,1.2203873,0.0,0.54628193,0.0,0.0,0.44664535,0.0,0.0,0.0,2.1172462,0.0,0.0,0.0,0.0,0.0,0.0,0.0,0.0,0.0,0.0,0.0,0.0,0.0,0.0,1.8732635,0.0,0.0,0.0,0.0,0.0,0.0,0.0,0.0,0.0,0.0,0.0,2.6805713,3.0302172,0.0,0.0,0.0,0.0,0.0,1.4504979,0.0,1.2229792,1.2306702,8.276574,2.4744785,0.0,0.0,0.0,0.0,0.0,0.0,0.0,0.0,1.2748264,0.0,0.0,4.9257197
0.0,7.4062505,0.0,0.0,0.0,0.0,0.0,0.0,0.0,0.0,8.628119,2.574866,7.293158,0.0,0.0,3.575034,0.0,0.0,5.0323725,4.9244676,0.0,0.0,0.0,0.0,0.0,0.0,0.0,0.0,8.49344,0.0,0.0,0.0,0.0,0.0,0.7805739,8.613489,0.41403398,0.0,0.0,6.5349536,0.0,0.0,0.0,0.0,0.0,0.0,0.0,0.0,0.0,0.0,0.0,1.2828357,0.0,0.0,0.0,0.0,0.0,2.2713513,9.961975,0.0,0.0,0.0,4.406751,0.0,0.0,0.0,0.0,0.0,0.0,0.0,4.231848,0.0,0.0,0.0,2.0690424,0.0,0.0,0.0,0.0,0.0,0.0,0.0,0.0,0.5589425,9.351104,0.0,0.0,0.0,0.0,0.0,0.0,0.0,0.0,0.0,0.0,0.0,0.0,0.0,11.794137,0.0,0.0,0.0,18.56596,0.0,0.0,0.0,0.0,0.0,0.0,0.0,0.0,7.1806545,0.0,0.0,10.670422,6.5578804,0.0,5.726434,0.0,0.0,0.0,0.0,0.0,0.0,3.518942,0.0,0.0,0.0
0.0,0.0,3.7402396,3.85458,0.0,0.0,12.795723,0.0,0.0,0.0,0.0,1.4089655,0.0,0.0,0.0,0.0,0.0,5.252895,5.2124248,3.3768005,0.0,0.0,0.0,4.282265,0.0,0.0,0.0,0.0,4.1863484,0.0,0.0,0.0,0.0,3.5575967,2.3701622,0.0,7.469075,0.0,0.0,0.0,0.0,0.0,0.0,0.99612075,0.0,3.0657804,0.0,0.0,8.528334,0.0,0.0,12.911584,0.0,0.0,0.0,0.0,5.1035695,1.2983102,3.0552554,0.0,0.0,0.0,5.436675,2.5240703,0.0,0.0,0.0,0.0,0.0,0.0,0.45559317,0.0,0.0,0.0,0.0,0.0,0.0,0.0,0.0,0.0,0.0,0.0,0.0,0.0,0.0,0.0,0.0,0.0,0.0,0.0,0.0,0.0,0.0,0.0,0.0,0.0,0.0,0.0,0.0,0.0,0.0,0.0,0.0,0.0,0.0,0.0,0.0,0.0,0.0,0.0,2.9445953,0.0,0.0,0.0,2.615752,0.0,0.0,0.0,0.0,0.0,0.0,0.0,0.0,0.0,5.338194,0.0,2.4163363,0.0
0.0,0.0,0.0,3.6948092,0.0,0.0,8.773007,0.0,0.0,0.0,0.0,0.0,0.0,0.0,0.0,1.3127985,0.0,0.81198037,3.8082392,6.0988092,0.0,0.0,0.0,0.51827556,0.0,0.0,2.3693388,0.0,0.0,0.0,0.0,0.0,0.0,0.0,4.782796,0.0,0.0,0.0,0.0,0.0,0.0,0.0,0.0,0.045495473,0.0,0.0,0.0,0.0,0.0,0.0,0.0,15.019771,0.0,0.0,0.0,0.0,1.9291991,0.0,0.0,0.0,0.0,0.0,4.1052265,4.6710124,0.0,0.0,0.0,0.0,0.0,3.1989226,7.088466,0.0,0.0,0.0,0.0,0.0,11.034809,0.0,0.0,0.0,0.2891152,0.0,0.0,0.0,0.0,0.0,0.0,0.0,0.0,0.0,0.0,0.0,0.0,0.0,0.0,0.0,0.0,0.0,0.0,0.0,0.0,0.0,0.0,1.9128729,0.0,0.0,0.0,0.0,0.0,0.0,5.669396,0.0,0.0,0.3844489,5.3820424,0.0,0.0,0.0,0.0,0.0,0.0,0.0,0.0,0.0,0.0,3.7957368,1.2995659,0.0
0.0,0.0,0.0,10.012361,0.0,0.0,0.0,0.0,0.0,0.0,0.0,0.0,0.0,0.0,0.0,0.0,0.0,2.8811772,11.239542,0.063287646,0.0,0.0,3.8668444,0.0,0.0,0.0,0.0,0.0,0.0,0.0,0.0,0.0,11.208484,0.0,0.0,0.0,0.0,0.0,0.0,0.0,0.0,0.0,0.0,0.0,0.0,0.0,0.0,4.5374784,0.0,0.0,1.9646937,0.0,0.0,0.0,0.0,0.0,1.1439377,0.0,5.875396,0.0,0.0,4.7962084,0.0,6.9470778,0.0,0.0,0.0,0.0,0.0,5.5202665,3.4681647,0.0,0.0,0.0,9.717233,0.0,0.0,0.0,0.0,0.0,8.9767475,0.0,0.0,0.0,0.0,0.0,0.0,0.0,0.0,0.0,0.0,10.45646,0.0,0.0,0.0,0.0,0.0,0.0,0.0,0.0,0.0,0.0,13.573661,0.0,1.7755486,0.0,5.9402437,0.0,0.0,0.0,0.0,1.4487865,0.0,0.0,5.2744923,10.786724,0.0,0.0,0.0,0.0,0.0,0.0,6.4322467,0.0,0.0,0.0,0.0,0.0
0.0,0.76014555,0.0,0.0,0.0,0.0,7.755398,0.0,0.0,0.0,0.0,0.0,0.0,0.0,0.0,5.938486,0.0,4.0209765,2.5022094,6.754296,0.0,0.0,0.0,0.76003635,0.0,0.0,0.6216312,0.0,0.0,0.0,0.0,0.0,0.0,0.0,1.7828537,3.2581513,0.0,0.0,0.0,2.013721,0.0,0.0,0.0,4.6685967,0.0,0.0,0.0,0.0,0.0,0.0,0.0,0.7836697,0.0,0.0,0.0,0.0,0.23538356,0.0,0.0,0.0,0.0,0.0,0.0,0.0,0.0,0.0,0.0,0.0,0.0,11.794485,4.0444856,0.0,0.0,0.0,0.0,0.0,9.924308,0.0,0.0,0.0,0.0,0.0,0.0,1.9224252,0.0,0.0,0.0,0.0,0.0,0.0,0.0,0.0,0.0,0.0,0.0,0.0,0.0,0.0,0.0,0.0,0.0,0.0,2.970104,7.0843954,0.0,0.0,0.0,0.0,0.0,0.0,8.713439,0.0,0.0,0.0,0.0,3.6351116,0.0,0.0,0.0,2.495168,0.0,0.0,0.0,0.0,4.562543,0.5219152,0.0,0.0
0.0,0.0,0.43431002,0.0,0.0,0.0,9.773035,0.0,0.0,0.0,0.0,2.7239766,0.0,0.0,0.0,0.0,0.0,0.0,4.4424896,3.0435672,0.0,0.0,0.0,0.0,0.0,0.0,3.5521283,0.0,1.9107939,0.44605076,0.0,0.0,0.0,0.0,1.9427108,0.0,0.0,0.0,0.0,0.0,0.0,0.0,0.0,0.0,0.0,0.0,0.26065084,0.0,0.0,0.0,0.0,6.441425,0.0,0.0,0.0,0.0,3.4853938,1.9658648,3.9514318,0.0,0.0,0.0,9.823431,6.945622,0.0,0.0,0.0,0.0,0.0,0.0,6.044651,0.0,0.0,0.0,0.0,0.0,0.0,0.0,0.0,0.0,0.0,0.17534794,0.0,0.0,0.0,0.0,0.0,0.0,0.0,0.0,0.0,0.0,0.0,0.0,0.0,3.553216,0.0,0.0,7.540998,0.0,0.0,0.0,3.0220156,0.9907632,0.82173204,0.0,0.0,0.0,0.0,0.0,0.0,0.0,0.0,0.82228774,2.416288,0.0,0.0,0.0,0.0,0.0,0.0,0.0,0.0,0.0,0.0,1.1611115,0.0,0.0
0.0,0.0,0.0,12.723482,0.0,0.0,0.0,0.0,0.0,0.0,4.4925084,8.220012,0.0,0.0,0.0,0.0,0.0,0.0,0.0,0.5466452,0.0,0.0,0.0,7.06324,0.0,0.0,0.0,0.0,0.0,0.0,0.0,0.0,5.86948,8.452559,0.0,0.0,0.0,0.0,1.7298402,0.0,0.0,0.0,0.0,0.0,0.0,0.0,0.0,0.0,0.0,0.0,8.162235,10.0516815,0.0,0.0,0.0,0.0,0.0,0.0,11.185783,0.0,0.0,0.0,0.0,4.4021354,0.0,0.0,0.0,1.1429715,0.0,7.1688366,0.0,0.0,0.0,0.0,0.0,0.0,0.0,0.0,0.0,0.0,1.6512786,0.0,0.0,0.097899124,0.0,0.0,0.0,0.0,0.0,0.0,0.0,1.7212881,0.0,0.0,0.0,0.0,0.0,0.0,0.0,0.0,0.0,0.0,0.0,0.0,0.17147508,0.0,0.0,0.0,0.0,0.0,0.0,0.0,0.0,0.0,0.7789953,0.0,0.0,0.0,0.0,0.0,0.0,0.0,0.0,0.0,0.3917348,0.0,0.0,0.0
0.0,0.0,0.0,0.0,0.0,0.0,13.432621,0.0,0.0,0.0,0.0,6.4940896,1.1646944,0.0,0.0,0.34413505,0.0,0.0,1.6464564,6.279666,0.0,0.0,6.277536,0.0,0.0,0.0,0.0,0.0,0.0,0.0,0.0,2.6435504,0.46485826,1.0061343,0.0,4.4847803,0.0,0.0,2.760562,0.0,0.0,0.0,0.0,0.0,0.0,0.0,0.0,0.0,0.0,0.0,0.0,0.0,0.09839289,0.0,0.0,0.0,0.0,4.1589823,0.0,0.0,0.0,0.0,0.0,1.942548,0.0,0.0,0.0,0.0,0.0,5.703267,0.5344777,0.0,0.0,0.0,3.1085367,0.0,0.0,0.0,0.0,0.0,0.0,0.0,0.0,9.129861,0.0,0.0,0.0,0.0,0.0,0.0,0.0,12.245652,0.0,0.0,0.0,0.0,0.6138192,0.0,5.9853277,0.0,0.0,0.0,6.153443,5.0492144,0.0,0.0,0.0,0.4411046,0.0,0.0,0.0,0.0,0.0,0.0,0.0,8.906842,5.4660897,0.0,0.0,0.0,5.753633,0.0,0.0,0.0,0.0,0.0,0.0,0.0
0.0,0.0,0.0,0.0,0.0,0.0,0.0,0.0,0.0,0.0,0.0,0.0,0.0,0.0,0.0,0.0,0.0,5.905963,2.4263124,0.0,0.0,0.0,0.0,1.6263574,0.0,0.0,0.0,0.0,0.0,0.29440507,0.5845553,0.0,7.2376423,0.0,0.0,0.0,0.0,0.0,0.0,0.43547297,0.0,0.0,0.0,0.76401085,0.0,0.0,0.0,0.0,0.0,0.0,0.0,0.0,0.0,0.0,0.0,0.0,6.3265734,0.0,0.0,0.0,0.0,4.562935,0.0,0.0,0.0,0.0,0.0,0.0,0.0,6.4320292,6.490164,3.7919385,0.0,0.0,0.0,0.0,11.074309,0.0,0.0,0.0,3.686092,0.0,0.0,0.0,0.0,0.0,0.0,0.0,0.0,0.0,0.0,0.0,0.0,0.6802164,0.0,0.0,0.0,0.0,0.0,0.0,0.0,0.0,0.0,0.0,0.0,0.0,0.0,0.0,0.0,0.0,2.8104618,0.0,2.3482232,1.1201223,0.0,1.8209864,0.0,0.0,0.0,0.0,0.0,0.0,0.0,0.0,0.0,1.0270842,0.0,0.0
0.0,0.0,0.0,0.0,0.0,0.0,6.6120095,0.0,0.0,0.0,0.0,5.6899457,1.1221045,0.0,0.0,2.2548254,0.0,0.0,3.9183197,6.6926465,0.0,0.0,0.0,5.467306,0.0,0.0,6.5898223,0.0,4.4061522,0.0,0.0,0.0,0.0,0.0,0.0,0.0,3.699505,0.0,0.0,0.0,0.0,0.0,0.0,0.0,0.0,0.0,6.365175,0.0,0.0,0.0,0.0,1.1171051,0.0,0.0,0.0,0.0,0.1779851,4.073388,0.0,0.0,0.0,0.0,0.0,0.0,0.0,0.0,0.0,0.0,0.0,2.6374514,7.6861496,0.0,0.0,0.0,0.0,0.0,0.0,0.0,0.0,0.0,0.0,7.252517,0.0,5.452046,1.424038,0.859993,0.0,1.855169,0.0,0.0,0.0,3.1667037,0.0,0.0,0.0,0.0,0.0,0.0,7.0022254,0.0,0.0,0.0,1.6408423,7.7354746,3.3539832,0.0,7.7993035,0.62668455,0.0,0.0,0.0,0.0,0.0,0.0,0.0,6.977567,12.551932,0.0,0.0,0.0,4.2614226,0.0,0.0,0.0,0.0,0.0,2.0450761,0.0
0.0,0.0,0.0,1.5193202,0.0,0.0,3.460151,0.0,0.0,0.0,0.41549256,0.0,0.7260638,0.0,0.0,0.0,0.0,0.0,1.5894934,0.0,0.0,0.0,1.5770143,2.8713958,0.0,0.0,3.4193454,0.0,0.0,0.0,0.0,0.0,0.0,0.0,2.585149,0.0,0.0,0.0,3.1609857,0.0,0.0,0.0,0.0,0.0,0.0,1.9087036,0.0,0.0,0.42386615,0.0,0.0,3.9585483,2.1733313,0.0,0.0,0.0,0.0,6.289956,3.032478,0.0,0.0,0.0,0.0,0.0,0.0,0.0,0.0,0.0,0.0,2.8268209,0.0,0.0,0.0,0.0,0.0,0.0,2.0535865,0.0,0.0,0.0,0.0,0.0,0.0,0.0,0.0,0.0,0.0,0.0,0.0,0.0,0.0,0.0,0.0,1.612839,0.0,0.0,2.6487644,0.0,0.0,0.0,0.0,0.0,0.0,2.8862388,0.45706916,0.0,0.0,0.0,0.0,0.0,8.074755,0.0,0.4821267,1.4388713,4.609205,0.0,0.0,0.0,0.0,3.9237833,0.0,0.0,0.0,0.0,5.728241,0.4125035,0.0,5.09981
0.0,0.0,0.0,0.0,0.0,0.0,0.0,0.0,0.0,0.0,0.0,0.0,0.0,0.0,0.0,0.0,0.0,3.7308118,0.66523623,0.0,0.0,0.0,0.0,0.0,0.0,0.0,0.0,0.0,0.05256031,0.0,1.9857411,0.0,2.4083936,0.0,1.4322916,1.2882851,0.0,0.0,0.0,0.0,0.0,0.0,0.0,0.0,0.0,0.0,0.0,0.0,0.0,0.0,1.3979424,0.0,0.0,0.0,0.0,0.0,2.5892184,1.2094501,0.0,0.0,0.0,0.0,0.0,0.0,0.0,0.0,0.0,0.14642453,0.0,2.793101,3.812551,0.0,0.0,0.0,2.6830618,0.0,3.4402235,0.0,0.0,0.0,2.4456067,0.0,0.0,0.0,0.0,0.0,0.0,0.07080603,0.0,0.0,0.0,2.0825627,0.0,0.0,0.0,0.0,0.0,0.0,0.0,0.0,0.0,0.0,0.26452622,0.0,0.0,0.0,0.0,0.0,0.0,0.0,0.0,1.3947788,0.0,0.0,2.5834048,3.5653238,0.0,0.0,0.0,0.0,0.0,0.0,1.47664,0.0,3.6477368,0.0,0.0,0.0
0.0,0.0,0.0,0.0,0.0,0.0,0.0,0.0,0.0,0.0,0.0,0.0,7.786718,0.0,0.0,0.0,0.0,4.6029477,3.435624,0.0,0.0,0.0,0.0,0.0,0.0,0.0,0.0,0.0,2.444132,0.0,0.0,0.0,4.0703554,0.0,0.0,0.0,0.0,0.0,0.0,0.0,2.4711945,0.0,0.0,0.0,0.0,0.0,0.0,0.0,7.370887,0.0,0.0,8.034053,0.0,0.0,0.0,0.0,8.089449,4.307093,0.0,0.0,0.0,0.0,2.820319,0.0,0.0,0.0,0.0,0.0,0.0,0.0,7.889003,0.0,3.6788118,0.0,0.0,0.0,6.3424425,0.0,0.0,0.0,6.822749,0.0,0.0,0.78194803,0.0,0.0,0.0,0.0,0.0,0.0,0.0,0.0,0.0,0.0,0.0,0.0,0.0,0.0,0.0,0.0,0.0,0.0,0.0,0.0,0.0,0.0,0.0,10.026532,0.0,0.0,0.0,0.0,1.3250445,0.0,0.0,0.0,0.0,0.0,0.0,0.0,0.0,0.0,0.0,0.0,6.4458585,0.0,0.0,0.0
0.0,0.0,3.6513057,2.6388483,0.0,0.0,3.723585,0.0,0.0,0.0,7.224426,4.2045956,4.4380236,0.0,0.0,1.2144449,0.0,0.0,0.0,4.459691,0.0,0.0,0.0,0.16925763,0.0,0.0,0.0,0.0,0.0,0.0,0.0,0.0,1.5786891,6.6035304,0.9698892,1.6805418,0.0,0.0,0.0,0.51539445,0.0,0.0,0.0,0.0,0.0,0.0,0.0,0.0,0.0,0.0,0.0,3.6247668,0.0,0.0,0.0,0.0,0.0,2.8073013,8.091122,0.0,0.0,0.0,0.0,0.0,0.0,0.0,0.0,0.0,0.0,2.4319837,0.0,0.0,0.0,0.0,0.0,0.0,1.9988112,0.0,0.0,0.0,0.0,0.0,0.0,0.0,0.0,0.0,0.0,0.0,0.0,0.0,0.0,0.0,0.0,0.0,0.0,0.0,2.3748662,0.0,0.0,0.0,0.0,0.0,2.2271683,4.208371,0.0,0.0,0.0,0.0,0.0,0.0,1.7456927,0.0,0.0,0.0,3.182185,0.8991737,0.0,0.0,0.0,0.0,0.0,0.0,0.0,0.0,10.9813385,0.0,0.0,2.180834
0.0,0.0,0.0,0.0,0.0,0.0,3.160533,0.0,0.0,0.0,1.0217183,1.9038419,0.18162161,0.0,0.0,0.0,0.0,0.99291104,1.3561584,0.0,0.0,0.0,0.0,1.6869417,0.0,0.0,2.5205579,0.0,2.3860517,0.0,0.0,0.0,0.0,0.0,0.00718138,0.0,0.0,0.0,0.0,0.0,0.0,0.0,0.0,0.0,0.0,0.0,0.0,0.0,0.0,0.0,0.0,2.7823312,0.0,0.0,0.0,0.0,0.0,1.4160812,2.238343,0.0,0.0,0.0,3.332354,0.0,0.0,0.0,0.0,0.0,0.0,1.9458995,5.345316,0.0,0.0,0.0,0.0,0.0,0.0,0.0,0.0,0.0,0.0,5.6604567,0.0,0.0,0.0,0.0,0.0,0.22690818,0.0,0.0,0.0,0.0,0.0,0.0,0.0,0.0,0.0,0.0,1.9326769,0.0,0.0,0.0,0.0,2.2681322,1.5492634,0.0,0.0,0.0,0.0,0.0,0.0,1.2615097,0.0,0.9221177,1.0995047,0.9910412,0.0,0.0,0.0,0.0,0.0,0.0,0.039764445,0.0,0.0,0.0,0.0,0.0
0.0,0.0,0.0,10.827613,0.0,0.0,0.0,0.0,0.0,0.0,0.0,0.0,0.0,0.0,0.0,0.0,0.0,4.365444,0.0,0.0,0.0,0.0,0.0,0.0,0.0,0.0,0.0,0.0,0.0,0.0,0.0,0.0,0.0,2.3917701,2.549233,0.0,0.0,0.0,18.971714,0.0,0.0,0.0,0.0,0.0,0.0,0.0,0.0,0.0,4.836023,0.0,11.0356655,0.0,0.0,0.0,0.0,0.0,4.8133287,0.0,3.5283356,0.0,0.0,0.57297087,0.0,2.5473635,0.0,0.0,0.0,0.0,0.0,0.0,1.8477546,0.0,0.0,0.0,3.7173529,0.0,0.0,0.0,0.0,0.0,0.0,0.0,0.0,15.026413,0.0,0.0,0.0,0.0,0.0,0.0,0.0,0.8587351,0.0,0.0,0.0,0.0,0.0,0.0,0.0,0.0,0.0,0.0,2.4846,0.7570924,8.415827,0.0,0.0,0.0,0.0,0.0,16.008404,4.6096387,11.288663,0.0,0.0,0.0,0.0,0.0,0.0,0.0,14.135535,0.0,0.0,0.0,0.0,0.0,0.0,0.2902829
0.0,0.0,0.0,0.0,0.0,0.0,0.0,0.0,0.0,0.0,9.674721,12.691733,7.5375175,0.0,0.0,0.0,0.0,0.0,4.190587,0.0,0.0,0.0,0.0,0.0,0.0,0.0,0.0,0.0,6.1004386,0.0,0.0,0.0,0.0,0.0,0.0,0.8996607,0.0,0.0,0.0,0.0,0.98655695,0.0,0.0,0.0,0.0,0.0,0.0,0.0,0.0,0.0,0.0,7.2707524,0.0,0.0,0.0,0.0,0.0,6.933184,12.262081,0.0,0.0,0.0791069,7.04595,0.0,0.0,0.0,0.0,0.0,0.0,0.0,4.9710937,0.0,0.0,0.0,6.7444506,0.0,0.0,0.0,0.0,0.0,0.0,0.0,0.0,0.0,0.0,0.0,0.0,0.0,0.0,0.0,0.0,0.0,0.0,0.0,0.0,0.0,0.0,0.0,3.988228,0.0,0.0,0.0,12.004894,0.0,0.0,0.0,0.0,0.0,0.0,0.0,0.0,6.096759,0.0,0.0,8.480864,4.1919394,0.0,0.0,0.0,0.0,0.0,0.0,5.430045,0.0,0.0,0.0,0.0,0.0
0.0,0.0,2.1040308,0.0,5.1055193,0.0,0.0,0.0,0.0,0.0,1.8059144,0.0,1.4957321,0.0,0.0,0.0,0.0,1.6018101,0.0,0.0,0.0,0.0,0.0,3.6868901,0.0,0.0,0.0,0.0,0.1939148,0.0,0.0,0.0,0.0,0.9880505,4.5696335,4.2048798,0.0,0.0,0.0,0.0,0.0,0.0,0.0,0.0,0.0,0.0,0.0,0.0,0.0,0.0,4.1227446,3.53784,0.0,0.0,0.0,0.0,0.0,1.7798831,0.75556934,0.0,0.0,0.04494483,1.7573159,0.0,0.0,0.0,0.0,0.0,0.0,3.976585,5.0747967,0.0,1.8491619,0.0,0.47489432,0.0,0.0,0.0,0.0,0.0,0.19313988,3.0435214,0.0,1.0993578,0.0,0.0,0.0,3.7612965,0.0,0.0,0.0,0.0,0.0,1.0660596,0.0,0.0,0.0,0.0,0.0,0.0,0.0,0.0,0.0,4.111779,2.3922017,0.0,0.0,0.0,0.0,0.0,2.9764104,3.391247,1.741514,5.76259,0.0,0.0,0.0,0.0,0.0,0.0,0.0,0.0,0.0,0.0,0.0,0.0,0.0,1.2663969
0.0,9.714399,0.0,0.0,0.0,0.0,7.4643455,0.0,0.0,0.0,0.0,0.0,0.0,0.0,0.0,0.0,0.0,11.868572,25.808336,7.6383963,0.0,0.0,0.0,4.099532,0.0,0.0,8.51151,0.0,0.0,0.0,0.0,0.0,0.0,0.0,0.0,0.0,8.061165,0.0,0.0,0.0,0.0,0.0,0.0,0.0,0.0,0.0,15.204187,0.0,0.0,0.0,0.0,10.048968,0.0,0.0,0.0,0.0,11.142146,0.0,0.0,0.0,0.0,0.0,0.0,11.076232,0.0,0.0,0.0,0.0,0.0,18.263458,11.460348,0.0,0.0,0.0,0.0,0.0,18.52092,0.0,0.0,0.0,0.0,0.0,0.0,0.0,0.0,0.0,0.0,0.0,0.0,0.0,0.0,0.0,0.0,0.0,0.0,9.477706,0.0,0.0,0.0,0.0,0.0,0.0,0.0,1.3394288,4.1623554,0.0,0.0,0.0,0.0,0.0,19.59849,0.0,0.0,6.8653464,5.4713626,0.0,0.0,0.0,0.0,11.99546,0.0,0.0,0.0,0.0,0.0,10.914793,0.0,0.0
0.0,0.0,0.0,0.0,0.0,0.0,0.38712305,0.0,0.0,0.0,2.9628305,0.25000697,0.9839079,0.0,0.0,0.0,0.0,1.2466769,0.0,0.0,0.0,0.0,0.0,0.0,0.0,0.0,0.0,0.0,1.2007341,0.0,0.0,0.0,0.0,0.54981107,4.6115427,3.689402,1.0165517,0.0,0.0,3.7930276,0.0,0.0,0.0,0.0,0.0,0.0,0.0,0.0,1.1006442,0.0,0.0968419,6.9474006,0.0,0.0,0.0,0.0,0.875966,1.0114822,1.518354,0.0,0.0,0.0,3.1372805,0.34603214,0.0,0.0,0.0,0.0,0.0,0.0,5.0914927,0.0,0.024610098,0.0,0.0,0.0,1.4276874,0.0,0.0,0.0,2.052265,0.0,0.0,0.0,0.0,0.0,0.0,0.0,0.0,0.0,0.0,0.0,0.0,0.0,0.0,0.0,0.0,0.0,0.0,0.0,0.0,0.0,0.0,0.3581367,0.0,0.0,0.0,0.0,0.0,0.0,0.0,0.19729713,1.8698001,2.8735232,1.8407035,0.0,0.0,0.0,0.0,0.0,0.0,0.0,0.0,0.0,3.728607,0.0,0.0,0.0
0.0,4.9689193,0.0,3.397884,0.0,0.0,7.832287,0.0,0.0,0.0,0.0,0.0,0.0,0.0,0.0,9.1811285,0.0,2.540394,5.80196,8.43259,1.2921404,0.0,0.0,0.0,0.0,0.0,0.0,0.0,0.0,0.0,0.0,0.0,3.948883,3.8296916,0.0,0.0,0.0,0.0,3.847155,0.0,0.0,0.0,0.0,3.008151,0.0,0.0,0.0,0.0,0.4845024,0.0,0.0,0.0,0.0,0.0,0.0,0.0,9.4818,0.0,5.6463513,0.0,0.0,8.959752,0.0,0.0,0.0,0.0,0.0,0.0,0.0,0.043295376,0.0,0.0,0.0,0.0,0.0,0.0,0.0,0.0,0.0,0.0,0.0,0.0,0.0,4.0374584,0.0,0.0,0.0,0.0,0.0,0.0,0.0,0.0,0.0,0.0,0.0,1.9111211,0.0,0.0,0.0,0.0,0.0,0.0,5.7734337,1.5176493,0.0,0.0,0.0,0.0,0.0,0.0,0.35825276,0.0,0.0,0.0,0.0,0.0,0.0,0.0,0.0,0.0,6.540841,0.0,0.0,1.4916482,1.6342704,0.0,0.0,3.030712
0.0,0.0,0.0,7.266289,0.0,0.0,0.47239265,0.0,0.0,0.0,0.0,0.0,0.0,0.0,0.0,0.0,0.0,0.0,11.157826,4.22314,0.0,0.0,6.638538,0.0,0.0,0.0,0.0,0.0,0.0,6.243162,0.0,0.0,11.163675,0.0,0.0,0.0,0.0,0.0,0.0,0.0,0.0,0.0,0.0,0.0,0.0,0.0,0.0,0.0,0.0,0.0,0.0,0.0,0.0,0.0,0.0,0.0,5.9856014,0.0,9.020135,0.0,0.0,6.4566884,0.15094478,7.4336853,0.0,0.0,0.0,0.45923346,0.0,3.9890144,0.0,0.0,0.0,0.0,0.5198256,0.0,0.0,0.0,0.0,0.0,7.902378,0.0,0.0,0.0,0.0,7.1079154,0.0,0.0,0.0,0.0,0.0,10.677301,0.0,0.0,0.0,0.0,0.0,0.0,8.238512,0.0,0.0,0.0,10.092218,0.0,1.9269458,0.0,0.0,0.0,0.0,0.0,0.0,6.9954314,0.0,0.0,2.792345,9.011039,0.0,0.0,0.0,0.0,0.0,0.0,4.9063735,0.0,0.0,0.0,0.0,0.0
0.0,0.0,0.0,4.164351,1.7709931,3.4230213,0.0,0.0,0.0,0.0,0.0,0.0,1.1998037,0.0,0.0,0.0,0.0,1.6605613,0.0,0.0,0.0,0.0,0.0,4.9627357,0.0,0.0,0.0,0.0,1.8644052,0.0,0.0,0.0,2.2575316,0.0,0.0,0.0,0.0,0.0,0.0,0.0,6.4560513,0.0,0.0,0.0,0.0,5.903415,0.0,0.0,0.0,0.0,4.059459,6.53871,0.0,0.0,0.0,0.0,3.5019114,2.73586,3.2297108,0.0,0.0,0.0,0.0,0.0,0.0,0.0,0.0,1.0729568,0.0,0.0,0.0,0.0,0.0,0.0,1.7391679,0.0,3.890365,0.0,0.0,0.0,6.418893,0.0,0.0,0.0,0.0,0.0,0.0,0.0,0.0,0.0,0.0,0.0,0.0,0.0,0.0,0.0,0.0,0.0,0.0,0.0,0.0,0.0,0.0,0.0,0.0,0.0,0.0,0.0,0.0,0.0,1.3580601,0.0,7.418184,0.0,0.0,2.311506,0.0,0.0,0.0,0.0,0.0,0.0,0.0,0.0,3.1257722,0.0,0.0,0.0
0.0,0.0,0.0,0.0,0.0,0.0,7.405167,0.0,0.0,0.0,0.0,0.13348185,0.0,0.0,0.0,0.0,0.0,0.56431854,6.7086034,0.0,0.0,0.0,5.488247,3.0287926,0.0,0.0,3.7355518,0.0,0.0,0.0,0.0,0.0,0.0,0.0,1.271947,0.0,0.0,0.0,0.0,0.0,0.0,0.0,0.0,0.0,0.0,3.5679588,0.0,0.0,0.0,0.0,0.0,0.0,0.0,0.0,0.0,0.0,0.0,3.43809,0.0,0.0,0.0,0.0,0.0,5.347753,0.0,0.0,0.0,4.070411,0.0,10.450607,0.0,0.0,0.0,0.0,3.0998023,0.0,0.0,0.0,0.0,0.0,0.0,0.0,0.0,0.0,0.0,0.9029987,0.0,0.0,0.0,0.0,0.0,0.8796302,0.0,0.0,0.0,0.0,4.3735213,0.0,0.16716751,0.0,0.0,0.0,5.701556,3.1437922,1.5932972,0.0,0.0,0.0,0.0,0.0,0.10375903,0.0,0.0,0.758431,1.9581038,0.57544273,0.0,0.0,0.0,4.4678073,6.146727,0.0,4.4914656,0.0,0.7116415,3.6786442,0.0,0.0
0.0,0.0,0.0,5.15044,0.0,0.0,0.0,0.0,0.0,0.0,0.0,1.1035987,1.8886614,0.0,0.0,0.0,0.0,0.0,7.875536,1.74021,0.0,0.0,0.0,4.6773047,0.0,0.0,7.814726,0.0,0.874395,0.0,0.0,4.9280825,0.0,0.0,3.8595057,0.0,0.0,0.0,0.0,0.0,0.0,0.0,0.0,0.0,0.0,0.0,0.0,0.0,0.0,0.0,3.2118368,0.0,0.0,0.0,0.0,0.0,0.0,0.13351245,0.0,0.0,0.0,1.1584501,0.0,0.0,0.0,0.0,0.0,2.9101202,0.0,8.318111,4.588894,0.0,0.0,0.0,6.293894,0.0,0.0,0.0,0.0,0.0,1.2485193,3.8884902,0.0,5.2879753,0.0,3.436742,0.0,7.6344113,0.0,0.0,0.0,7.4408836,0.0,0.0,0.0,0.0,0.0,0.0,0.8447164,0.0,0.0,0.0,0.0,4.50441,7.839755,0.0,0.0,0.0,0.0,0.0,0.0,3.0945845,2.0937955,0.0,0.6090471,8.892905,0.0,0.0,0.0,0.0,5.270545,0.0,3.9380026,0.0,0.0,0.0,0.0,0.0
0.0,0.0,0.0,0.0,0.0,0.0,0.0,0.0,0.0,0.0,0.0,0.0,0.0,0.0,0.0,7.4347334,0.0,0.0,0.6442039,0.0,0.0,0.0,1.012203,0.0,0.0,0.0,1.4574921,0.0,0.0,0.0,0.0,0.0,3.5062406,0.0,0.0,0.0,0.0,0.0,0.0,0.0,0.0,0.0,0.0,0.0,0.0,0.0,0.0,0.0,0.0,0.0,4.2903466,0.0,0.0,0.0,0.0,0.0,0.7595333,0.59249616,0.0,0.0,0.0,2.745585,0.0,0.0,0.0,0.0,0.0,7.484083,0.0,8.710097,0.0,4.5776315,0.0,0.0,0.0,0.0,7.0858855,0.0,0.0,0.0,3.22377,0.0,0.0,1.259945,0.0,0.6086063,0.0,0.0,0.0,0.0,0.0,0.0,0.0,6.733942,0.0,0.0,0.0,0.0,0.0,0.0,0.0,0.0,0.0,0.0,0.0,0.0,0.0,0.0,0.0,0.0,5.5968456,0.0,0.0,0.0,0.0,4.5515037,0.0,0.0,0.0,0.0,0.0,0.0,0.0,0.0,0.0,0.0,0.0,0.0
0.0,1.1949629,0.15540943,0.0,0.0,0.0,9.115325,0.0,0.0,0.0,0.0,0.9036385,0.0,0.0,0.0,0.0,0.0,1.9615345,5.9140873,4.357824,0.0,0.0,0.0,0.24709523,0.0,0.0,3.741205,0.0,2.2461698,0.0,0.0,0.0,0.0,0.0,2.6799054,1.2242769,3.1665404,0.0,0.0,1.9751738,0.0,0.0,0.0,0.138331,0.0,0.0,4.1070337,0.0,1.4865518,0.0,0.0,7.028077,0.0,0.0,0.0,0.0,1.393408,0.0,0.0,0.0,0.0,0.0,2.9951487,3.314763,0.0,0.0,0.0,0.0,0.0,1.5593972,5.9453998,0.0,0.0,0.0,0.0,0.0,1.9940417,0.0,0.0,0.0,0.0,0.38787976,0.0,0.0,0.0,0.0,0.0,0.0,0.0,0.0,0.0,0.0,0.0,0.0,0.0,0.0,0.0,0.0,3.4886262,0.0,0.0,0.0,0.40905175,2.9876246,0.0,0.0,0.0,0.0,0.0,0.0,4.1624904,0.0,0.0,1.3981951,0.16687629,2.4000132,0.0,0.0,0.0,1.0184836,0.0,0.0,0.0,0.0,0.0,0.0,0.16604534,0.0
0.0,0.0,0.0,0.0,0.0,0.0,8.444571,0.0,0.0,0.0,2.8537383,0.0,3.3297029,0.0,0.0,0.0,0.0,4.2245674,4.3395844,0.0,0.0,0.0,0.0,1.3121741,0.0,0.0,4.4476223,0.0,7.730395,0.0,0.0,0.0,0.0,0.0,6.9383492,0.5653837,1.3988255,0.0,0.0,0.0,0.0,0.0,0.0,0.0,0.0,0.0,0.0,0.0,1.7560986,0.0,0.0,4.4653645,0.0,0.0,0.0,0.0,0.0,3.009736,0.0,0.0,0.0,0.0,1.6132948,0.0,0.0,0.0,0.0,0.0,0.0,0.7446364,5.320115,0.0,2.5492158,0.0,0.0,0.0,1.6703784,0.0,0.0,0.0,0.0,1.338079,0.0,0.70609665,0.0,0.0,0.0,0.0,0.0,0.0,0.0,0.0,0.0,1.1558721,0.0,0.0,0.0,0.0,1.2528863,0.0,0.0,0.0,0.0,3.1543374,0.0,0.0,0.0,0.0,0.0,0.0,0.46244803,0.0,1.3584892,1.5324708,0.0,4.2727547,0.0,0.0,0.0,0.0,0.0,0.0,0.0,0.0,1.4073623,0.0,1.8843265,1.302301
0.0,0.0,3.503604,2.22568,0.0,0.0,0.0,0.0,0.0,0.0,1.9602553,10.844995,4.2382035,0.0,0.0,4.0387063,0.0,0.0,0.0,0.0,0.0,0.0,0.0,0.0,0.0,0.0,0.0,0.0,5.0829773,0.0,0.0,0.0,0.0,0.0,0.0,0.0,0.0,0.0,0.0,0.6234076,0.0,0.0,0.0,0.0,0.0,0.0,0.0,0.0,0.0,0.0,2.989321,8.915554,0.0,0.0,0.0,0.0,0.0,0.0,9.567254,0.0,0.0,0.0,9.326449,0.0,0.0,0.0,0.0,0.0,0.0,0.0,9.408889,0.0,0.0,0.0,0.0,0.0,0.0,0.0,0.0,0.0,0.0,0.0,0.0,3.0047717,0.0,0.0,0.0,0.2802411,0.0,0.0,0.0,0.0,0.0,0.0,0.0,0.0,0.0,0.0,0.0,0.0,0.0,0.0,5.537397,0.0,0.0,0.0,0.048228715,0.0,0.0,0.0,0.0,8.779991,0.0,0.0,1.6313401,0.0,0.0,0.0,0.0,0.0,0.0,0.0,0.0,0.0,0.0,0.0,0.0,0.0
0.0,0.0,0.0,0.0,0.0,0.0,0.0,0.0,0.0,0.0,0.0,0.0,0.0,0.0,0.0,3.2656355,0.0,3.7678573,8.293485,0.0,0.0,0.0,5.314232,7.739706,0.0,0.0,4.084086,0.0,2.82623,0.0,0.0,1.7257313,0.0,0.0,0.0,1.2409351,1.9203316,0.0,4.5407176,0.0,0.0,0.0,0.0,0.0,0.0,0.0,0.0,0.0,0.8669526,0.0,5.129548,0.0,4.7086554,0.0,0.0,0.0,0.0,7.556846,1.2165668,0.0,0.0,0.21679753,0.0,0.0,0.0,0.0,0.0,0.0,0.0,2.8364403,0.0,0.0,0.0,0.0,0.0,0.0,0.0,0.0,0.0,0.0,0.0,0.0,0.0,1.1878209,0.0,0.0,0.0,0.0,0.0,0.0,0.0,0.0,0.0,0.0,0.0,0.0,0.0,0.0,4.8985343,0.0,0.0,0.0,0.6609043,4.1142864,5.157872,0.0,0.42245305,0.0,0.0,0.0,1.4320356,0.0,0.0,0.0,5.8221064,6.922084,0.0,0.0,0.023001492,0.0,0.0,0.0,0.0,0.0,1.5993859,0.0,0.0,8.871061
0.0,0.0,0.0,0.0,2.0654151,0.9192472,0.0,0.0,0.0,0.0,0.0,0.0,4.365027,0.0,0.0,4.409697,0.0,2.9814036,0.0,0.0,0.0,0.0,0.0,0.31830773,0.0,0.0,0.21160045,0.0,0.7237997,0.0,0.0,0.0,1.3709221,0.0,2.2982595,0.0,0.0,0.0,0.0,0.0,0.0,0.0,0.0,0.0,0.0,0.0,0.0,0.0,0.0,0.0,0.0,4.3813305,0.0,0.0,0.0,0.0,0.0,4.444318,0.0,0.0,0.0,0.0,0.0,0.0,0.0,0.0,0.0,7.9537277,0.0,4.624096,0.0,0.21083213,0.0,0.0,0.0,0.0,10.117549,0.0,0.0,0.0,5.5205765,0.0,0.0,0.0,0.0,0.0,0.0,0.0,0.0,0.0,0.0,0.0,0.0,2.799076,0.0,0.0,0.0,0.0,0.0,0.0,0.0,0.0,0.0,0.14759664,0.0,0.0,0.0,0.0,0.0,0.0,3.6251585,0.0,0.6115725,0.0,0.0,4.185956,0.0,0.0,0.0,0.0,0.0,0.0,0.0,0.0,4.959753,0.0,0.0,0.0
0.0,0.0,1.7303275,0.0,1.1730138,0.0,6.989717,0.0,0.0,0.0,4.9657545,0.0,2.1019566,0.0,0.0,0.0,0.0,0.0,0.0,0.0,0.0,0.0,0.0,0.927632,0.0,0.0,2.2873597,0.0,0.0,0.0,0.0,0.0,0.0,2.526854,6.239148,0.0,0.0,0.0,2.181101,0.0,0.0,0.0,0.0,0.0,0.0,1.4597749,0.0,0.0,1.9182377,0.0,0.8702037,6.3894343,0.0,0.0,0.0,0.0,0.0,6.9612546,4.482773,0.0,0.0,0.0,0.57994324,0.0,0.0,0.0,0.0,0.89114505,0.0,0.0,0.0,0.0,1.2318711,0.0,0.0,0.0,0.0,0.0,0.0,0.0,0.0,0.0,0.0,0.0,0.0,0.0,0.0,0.0,0.0,0.0,0.0,0.64356744,0.0,0.14565991,0.0,0.0,0.0,0.0,0.0,0.0,0.0,0.0,0.0,3.8214667,0.0,0.0,0.0,0.0,0.0,0.0,4.01188,0.0,1.8509216,3.332009,0.50955486,0.0,0.0,0.0,0.0,0.0,0.0,0.0,0.0,0.0,6.151847,0.0,0.0,2.0691886
0.0,0.0,0.0,11.218495,0.0,0.0,0.0,0.0,0.0,0.0,0.0,14.616669,4.0100527,0.0,0.0,0.0,0.0,2.7655234,0.0,0.0,0.0,0.0,0.0,0.0,0.962199,0.0,0.0,0.0,0.0,0.0,0.0,0.0,0.0,0.0,0.0,10.504059,0.0,0.0,6.761856,0.0,0.0,0.0,0.0,0.0,0.0,0.0,0.0,0.0,0.0,0.0,5.766824,10.020685,0.0,0.0,0.0,0.0,8.599087,2.960791,0.22264683,0.0,0.0,0.0,7.140387,3.4858944,0.0,0.0,0.0,0.0,0.0,0.0,7.8425417,0.0,5.0174937,0.0,5.4617705,0.0,0.0,0.0,0.0,0.0,0.0,0.0,0.0,11.169422,0.0,0.0,0.0,0.0,0.0,0.0,0.0,0.0,0.0,0.0,0.0,0.0,0.0,0.0,0.0,0.0,0.0,8.967025,8.857427,0.0,0.0,0.0,0.0,0.0,0.0,0.0,0.0,7.3704786,0.13078707,0.0,0.0,1.2412586,0.0,0.0,0.0,0.0,0.0,0.0,0.0,0.0,0.0,0.0,0.0,0.0
0.0,0.0,0.0,0.0,0.0,0.0,3.4444282,0.0,0.0,0.0,0.047744907,0.0,0.5464867,0.0,0.0,2.1987014,0.0,5.7927537,5.186235,0.0,0.0,0.0,0.0,2.8096585,0.0,0.0,4.7958393,0.0,4.7795877,0.0,0.0,0.0,0.0,0.0,7.582957,0.0,0.0,0.0,0.0,0.0,0.0,0.0,0.0,0.0,0.0,0.0,0.0,0.0,1.1203545,0.0,1.0941694,3.3883712,0.0,0.0,0.0,0.0,0.6298261,2.2521086,0.0,0.0,0.0,0.0,2.4891658,0.0,4.3081555,0.0,0.0,0.0,0.0,3.975521,8.0224695,1.4774889,0.0,0.0,0.0,0.0,4.2396073,0.0,0.0,0.0,0.0,3.8837228,0.0,0.86153966,0.0,0.0,0.0,1.35203,0.0,0.0,0.0,0.0,0.0,2.8360202,0.0,0.0,0.0,0.0,0.0,0.0,0.0,0.0,0.0,3.4968626,4.1164584,0.0,0.38937414,0.0,0.0,0.0,6.027239,0.0,2.5642576,5.119269,0.0,2.6293888,0.0,0.0,0.0,0.0,0.0,0.0,0.0,0.0,0.0,0.0,0.0,0.0
0.0,0.0,2.8105261,0.0,0.0,0.0,8.241696,0.0,0.0,0.0,3.1268287,0.0,0.0,0.0,0.0,3.146396,9.875735,0.0,3.1926441,2.7323394,0.0,0.0,1.3397563,1.1836526,0.0,0.0,2.1635025,0.0,0.1932997,0.0,0.0,0.0,0.0,4.186114,0.0,0.0,0.0,0.0,0.0,0.0,0.0,0.0,0.0,0.0,0.0,0.0,0.0,0.0,3.275115,0.0,0.0,5.0447674,0.0,0.0,0.0,0.0,0.0,2.173723,12.310083,0.0,0.0,0.0,5.6150804,1.4211422,0.0,0.0,0.0,0.0,0.0,1.2564478,0.0,0.0,0.0,0.0,0.0,0.0,0.0,0.0,0.0,0.0,0.0,0.0,0.0,0.0,0.0,0.0,0.0,0.0,0.0,0.0,0.0,0.0,0.0,0.0,0.0,0.0,0.0,0.0,8.018256,0.0,0.0,0.0,3.9615948,0.0,0.042668115,0.0,0.0426058,0.0,0.0,0.0,0.0,0.0,0.0,0.0,6.8697567,0.0,0.0,0.0,0.0,0.0,0.0,0.0,0.0,0.0,4.3749604,0.0,0.0,2.5089853
0.0,0.0,0.0,2.1608276,1.3706055,0.0,0.59267986,0.0,0.0,0.0,0.0,0.0,0.80336434,0.0,0.0,0.0,0.0,0.45518142,0.0,0.0,0.0,0.0,0.0,2.6491861,0.0,0.0,0.0,0.0,0.0,0.0,0.0,0.0,4.069329,0.0,1.3615103,0.0,0.0,0.0,0.0,0.0,3.6615882,0.0,0.0,0.0,0.0,5.362774,0.0,0.0,0.0,0.0,0.0,7.958697,0.0,0.0,0.0,0.0,2.7506108,1.7051077,0.96988946,0.0,0.0,0.0,0.3227281,0.0,0.0,0.0,0.0,1.4711225,0.0,0.0,0.0,0.0,0.0,0.0,0.0,0.0,7.9794025,0.0,0.0,0.0,5.9298635,0.0,0.0,0.0,0.0,0.0,0.0,0.0,0.0,0.0,0.0,0.0,0.0,0.0,0.0,0.0,0.0,0.0,0.0,0.0,0.0,0.0,0.0,0.0,0.0,0.0,0.0,0.0,0.0,0.0,2.231165,0.0,4.033145,0.04578283,0.23762792,0.0,0.0,0.0,0.0,0.0,0.0,0.0,0.0,0.0,4.4587603,0.0,0.0,0.0
0.0,6.472902,0.028527487,0.0,0.0,0.0,0.0,0.0,0.0,0.0,11.708967,0.0,8.126403,0.0,0.0,6.6109476,0.0,0.0,6.0052986,2.024092,0.0,0.0,0.0,0.0,0.0,0.0,0.0,0.0,2.077024,0.0,0.0,2.7939954,0.0,0.0,0.0,6.3538747,0.0,0.0,0.0,0.0,0.0,0.0,0.0,0.0,0.0,0.0,0.0,0.0,0.0,0.0,0.0,0.0,0.0,0.0,0.0,0.0,0.0,0.0,5.3911405,0.0,0.0,0.0,0.0,0.0,0.0,0.0,0.0,0.0,0.0,4.363624,0.0,0.0,0.0,0.0,0.0,0.0,0.0,0.0,0.0,0.0,0.0,0.0,0.0,9.347953,0.0,0.0,0.0,0.0,0.0,0.0,0.0,0.0,0.0,0.0,0.0,10.475614,0.0,0.0,6.6788726,0.0,0.0,0.0,12.571541,4.550728,0.0,0.0,0.0,0.0,0.0,0.0,5.56094,2.0741668,0.0,0.0,0.5565368,2.2892,0.0,17.63696,0.0,3.2992635,0.0,0.0,0.0,0.0,9.111086,0.0,0.0,10.437764
0.0,0.0,0.0,0.0,0.0,0.0,0.0,0.0,0.0,0.0,0.0,0.0,0.20287651,0.0,0.0,0.0,0.0,0.023626009,5.3940377,0.0,0.0,0.0,6.539003,3.3081307,0.0,0.0,0.0,0.0,0.0,0.0,0.0,3.0736017,0.0,0.0,0.0,0.0,0.0,0.0,3.5225759,0.0,0.0,0.0,0.0,0.0,0.0,0.0,0.0,0.0,0.0,0.0,7.217978,0.0,0.0,0.0,0.0,0.0,0.0,10.404349,5.975768,0.0,0.0,6.0976863,0.0,0.0,0.0,0.0,0.0,0.0,0.0,0.0,0.0,0.0,0.0,0.0,7.0354958,0.0,0.0,0.0,0.0,0.0,0.0,0.0,0.0,2.003952,0.0,0.0,0.0,0.0,0.0,0.0,0.0,0.0,0.0,0.0,0.0,0.0,0.0,0.0,0.0,0.0,0.0,0.0,2.4391298,0.0,0.8817682,0.0,0.0,0.0,0.0,0.0,0.0,0.46838972,0.0,0.0,2.9168289,2.9754632,0.0,0.0,1.3090433,0.0,0.0,0.0,1.3692466,0.0,2.7576668,0.0,0.0,7.290142
0.0,0.0,0.0,0.0,0.0,0.0,0.0,0.0,0.0,0.0,0.0,0.0,4.3367066,0.0,0.0,9.588552,0.0,0.0,0.0,0.0,1.0451498,0.0,2.6098783,0.0,0.0,0.0,0.27949828,0.0,0.0,0.0,0.0,0.0,4.30011,0.0,0.0,0.0,0.0,0.0,0.0,0.0,0.0,0.0,0.0,0.0,0.0,0.0,0.0,0.0,0.0,0.0,0.0,0.0,0.0,0.0,0.0,0.0,1.9998257,2.105788,0.0,0.0,0.0,3.2810006,0.0,0.0,0.0,0.0,0.0,2.5290174,0.0,2.4055374,0.0,2.250355,0.0,0.0,0.0,0.0,9.314046,0.0,0.0,0.0,4.4321065,0.0,0.0,1.9450802,0.0,0.0,0.0,0.0,0.0,0.0,0.0,0.0,0.0,0.38189977,0.0,0.0,0.0,0.0,0.0,0.0,0.0,0.0,0.0,0.0,0.0,0.0,0.0,6.126197,0.0,0.0,0.0,0.0,1.3714862,0.0,0.0,0.831581,0.0,0.0,0.34421927,0.0,0.0,0.0,0.0,2.0361114,1.4837835,5.5489793,0.0,0.0
0.0,0.0,0.42718786,3.6167023,0.0,0.0,8.356696,0.0,0.0,0.0,3.4928555,0.23049784,0.0,0.0,0.0,7.4731565,0.0,0.0,0.0,11.778533,0.0,0.0,0.48690858,6.572351,0.0,0.0,0.0,0.0,0.0,0.0,0.0,0.0,3.5188055,2.2075045,0.0,0.4385161,0.0,0.0,0.0,0.0,0.0,0.0,0.0,5.698542,0.0,0.0,0.0,0.0,0.0,0.0,0.0,0.0,0.0,0.0,0.0,0.0,0.0,0.0,8.746004,0.0,0.0,0.50397176,0.0,0.0,0.0,0.0,0.0,0.0,0.0,10.581107,0.0,0.0,0.0,0.0,0.0,0.0,0.0,0.0,0.0,0.0,0.0,0.0,0.0,0.4699471,0.0,0.0,0.0,0.0,0.0,0.0,0.0,0.0,0.0,0.0,0.0,0.0,0.0,0.0,0.41023284,0.0,0.0,0.0,8.259572,4.481182,0.0,0.0,0.0,0.0,0.0,0.0,0.0,0.0,0.0,0.0,0.0856875,0.0,0.0,0.0,0.0,0.0,0.0,0.0,0.0,0.0,1.6867893,0.0,0.0,0.0
0.0,0.0,0.0,0.0,0.0,0.0,5.933464,0.0,0.0,0.0,5.1798515,3.6847718,1.0613995,0.0,0.0,0.0,0.0,2.8374367,5.0557914,0.0,0.0,0.0,0.0,0.0,0.0,0.0,1.1594056,0.0,6.077447,0.0,0.0,0.0,0.0,0.0,5.747326,2.3373847,0.0,0.0,0.0,0.0,0.0,0.0,0.0,0.0,0.0,0.0,0.0,0.0,1.5035344,0.0,4.8712835,6.635429,0.0,0.0,0.0,0.0,0.0,9.612418,7.7868466,0.0,0.0,0.0,6.5201087,3.4364953,0.0,0.0,0.0,3.6831195,0.0,0.0,6.6916738,0.0,0.0,0.0,2.5856867,0.0,0.0,0.0,0.0,0.0,0.0,0.0,0.0,0.0,0.0,0.0,0.0,0.0,0.0,0.0,0.0,0.0,0.0,0.0,0.0,0.0,0.0,0.0,1.1955416,0.0,1.2535547,0.0,4.588929,0.0,0.0,0.0,0.2429013,0.0,0.0,0.0,0.0,0.9992688,0.0,1.4690052,2.4893222,2.0444365,0.0,0.0,0.0,0.0,0.0,0.0,7.132102,0.0,0.0,0.0,0.0,0.0
0.0,0.0,0.0,9.525864,0.0,0.0,8.661785,0.0,0.0,0.0,0.0,7.437297,0.0,0.0,0.0,0.0,0.0,8.5079155,0.0,1.2875645,0.0,0.0,0.0,0.0,12.753633,0.0,0.0,0.0,0.0,0.0,0.0,0.0,13.229286,10.286916,0.0,11.061536,0.0,0.0,10.274645,0.86373234,0.0,0.0,0.0,5.7091126,0.0,0.0,0.0,0.0,0.0,0.0,0.0,2.9432137,0.215319,0.0,0.0,0.0,6.6112866,0.9420002,12.120205,0.0,0.0,2.5197248,4.3367114,0.02084673,0.0,0.0,0.0,0.0,0.0,0.0,0.0,0.0,0.0,0.0,0.0,0.0,0.0,0.0,0.0,0.0,0.0,0.0,0.0,7.707982,0.0,0.0,0.0,0.0,0.0,0.0,0.0,0.0,0.0,0.0,0.0,0.0,0.0,0.0,0.0,0.0,0.0,0.0,19.158817,0.0,0.0,0.0,0.0,0.0,0.0,0.0,4.2847457,0.0,0.0,0.0,0.0,2.5489728,0.0,0.0,0.0,0.0,0.0,0.0,0.0,0.0,0.0,0.0,0.0,0.0
0.0,0.0,0.0,0.0,0.0,0.0,2.156772,0.0,0.0,0.0,0.28569958,0.0,6.4156976,0.0,0.0,0.0,0.0,8.777896,8.3154125,0.0,0.0,0.0,0.0,7.5348654,0.0,0.0,5.0389853,0.0,7.242784,0.0,1.4871223,0.0,0.0,0.0,7.8806105,0.17569105,0.0,0.0,2.3889067,0.0,0.0,0.0,0.0,0.0,0.0,0.0,0.0,0.0,8.409496,0.0,12.233363,8.295988,0.0,0.0,0.0,0.0,1.911114,12.8906145,2.1138797,0.0,0.0,0.0,2.3344233,0.0,12.095047,0.0,0.0,0.14949647,0.0,0.0,2.7729988,0.0,0.0,0.0,6.595071,0.0,0.0,0.0,0.0,0.0,0.0,0.0,0.0,0.0,0.0,0.0,0.0,0.0,0.0,0.0,0.0,0.0,0.0,4.16279,0.0,0.0,0.0,0.0,0.0,0.0,6.3819127,0.0,0.0,0.0,9.561061,0.0,0.0,0.0,0.0,0.0,3.3708186,0.0,4.2387786,1.9070219,10.346888,0.55444825,0.0,0.0,2.55444,0.0,0.0,0.0,0.0,0.0,2.2448993,0.0,0.0,7.008268
0.0,0.0,0.0,4.5234346,0.0,1.6029398,0.0,0.0,0.0,0.0,0.0,0.0,0.80242205,0.0,0.0,0.0,0.0,0.0,0.0,0.0,0.0,0.0,0.0,3.3873358,0.0,0.0,0.0,0.0,0.0,0.0,0.0,0.0,3.9152455,0.3940071,0.0,0.0,0.0,0.0,0.0,0.0,0.0,0.0,0.0,0.0,0.0,2.0172105,0.0,0.0,0.0,0.0,0.0,4.355461,0.0,0.0,0.0,0.0,1.4829262,4.4864974,0.0,0.0,0.0,1.8667842,0.0,0.0,0.0,0.0,0.0,2.7685232,0.0,2.1183314,0.0,0.0,0.0,0.0,2.370101,0.0,7.165786,0.0,0.0,0.0,3.3906872,0.0,0.0,0.0,0.0,0.0,0.0,0.0,0.0,0.0,0.0,4.650477,0.0,0.0,0.0,0.0,0.0,0.0,0.0,0.0,0.0,0.0,0.0,0.0,0.0,0.0,0.0,0.0,0.0,0.0,2.8528,0.0,6.7511816,0.0,0.0,3.076203,0.0,0.0,0.0,0.0,0.0,0.0,0.0,0.0,0.0,1.0867072,0.0,0.0
0.0,3.7050438,2.0396264,0.0,0.0,0.0,2.0871053,0.0,0.0,0.0,0.0,4.25188,0.7063842,0.0,0.0,9.412223,0.0,4.7234516,0.0,2.167972,0.0,0.0,0.0,0.0,0.0,0.0,0.0,0.0,4.8362684,0.0,0.0,0.0,0.0,0.0,0.0,4.895914,0.0,0.0,0.0,2.231358,0.0,0.0,0.0,2.704731,0.0,0.0,0.0,0.0,0.0,0.0,0.0,5.6277423,0.0,0.0,0.0,0.0,2.6964295,0.0,0.0,0.0,0.0,0.0,7.953573,0.0,0.0,0.0,0.0,0.0,0.0,0.0,7.8802123,0.0,0.15083668,0.0,0.0,0.0,0.0,0.0,0.0,0.0,0.0,4.4675984,0.0,1.0991621,0.0,0.0,0.0,0.0,0.0,0.0,0.0,0.0,0.0,0.0,0.0,1.838539,0.0,0.0,4.5132174,0.0,0.0,0.0,2.3767931,3.1653876,0.0,0.0,3.8247595,0.0,0.0,0.0,3.8416228,0.47458768,0.0,0.0,0.0,0.0,0.0,0.0,0.0,0.0,0.0,0.0,0.0,0.0,0.0,0.0,0.0,0.0
0.0,0.0,0.0,0.0,0.0,0.0,0.0,0.0,0.0,0.0,0.0,0.0,4.427329,0.0,0.0,3.1338816,0.0,1.7480615,0.0,0.0,0.0,0.0,0.0,0.0,0.0,0.0,0.38042593,0.0,2.2803388,0.0,0.0,0.0,5.237652,0.0,0.49468136,0.0,0.0,0.0,0.0,0.0,0.0,0.0,0.0,0.0,0.0,0.0,0.0,0.0,0.0,0.0,0.0,0.5527972,0.0,0.0,0.0,0.0,2.2095954,1.300704,0.0,0.0,0.0,0.0,0.0,0.0,0.0,0.0,0.0,4.2571983,0.0,2.555912,0.0,2.5334892,0.0,0.0,0.0,0.0,7.323948,0.0,0.0,0.0,6.583714,0.0,0.0,0.0,0.0,0.0,0.0,0.0,0.0,0.0,0.0,0.0,0.0,4.3162255,0.0,0.0,0.0,0.0,0.0,0.0,0.0,0.0,0.0,0.0,0.0,0.0,0.0,3.151752,0.0,0.0,3.066526,0.0,0.19464093,0.0,0.0,3.6744373,0.0,0.0,0.0,0.0,0.0,0.0,0.0,0.0,3.6366868,0.0,0.0,0.0
0.0,2.7058609,0.27290288,0.0,0.0,0.0,0.0,0.0,0.0,0.0,3.7547305,0.07099521,1.1368061,0.0,0.0,2.7454088,0.0,1.012351,0.0,3.2896783,0.0,0.0,0.0,0.0,0.0,0.0,0.0,0.0,2.70557,0.0,0.0,0.0,0.0,0.0,2.7911618,4.3877835,2.416462,0.0,0.0,6.943719,0.0,0.0,0.0,0.7801826,0.0,0.0,0.0,0.0,0.0,0.0,0.0,5.0390086,0.0,0.0,0.0,0.0,0.893145,0.0,0.33302435,0.0,0.0,0.0,0.0,1.1157886,0.0,0.0,0.0,0.0,0.0,0.8108868,4.64599,0.0,0.0,0.0,0.0,0.0,2.3249223,0.0,0.0,0.0,3.1380444,0.0,0.0,0.0,0.0,0.0,0.0,0.0,0.0,0.0,0.0,0.0,0.0,0.0,0.0,0.0,0.0,0.0,0.0,0.0,0.0,0.0,2.7551725,0.19386311,0.0,0.0,0.0,0.0,0.0,0.0,3.8694866,0.0,0.0,0.6811509,2.0232646,0.0,0.0,0.0,0.0,0.0,0.0,0.0,0.0,0.0,5.2131476,0.0,0.0,0.0
0.0,0.357118,1.8882934,0.0,3.5997589,0.0,2.4012992,0.0,0.0,0.0,0.0,0.0,0.0,0.0,0.0,0.0,0.0,4.170211,0.0,0.0,0.0,0.0,0.0,3.8305552,0.0,0.0,0.0,0.0,0.0,0.0,0.0,0.0,0.0,0.0,6.623835,0.21505436,0.0,0.0,0.0,0.0,0.0,0.0,0.0,0.0,0.0,0.0,0.0,0.0,2.1196887,0.0,0.0,5.59658,0.0,0.0,0.0,0.0,1.334421,0.0,0.0,0.0,0.0,0.0,2.7782133,0.39948812,0.0,0.0,0.0,0.0,0.0,4.1517673,5.9857078,0.0,0.0,0.0,0.0,0.0,3.669756,0.0,0.0,0.0,1.7859778,1.433099,0.0,0.0,0.0,0.0,0.0,0.020310156,0.0,0.0,0.0,0.0,0.0,2.357229,0.0,0.0,0.0,0.0,0.0,0.0,0.0,0.0,0.0,3.6005836,0.364702,0.0,0.0,0.0,0.0,0.0,8.779799,0.0,4.4284472,8.393058,0.0,0.0,0.0,0.0,0.0,0.0,0.0,0.0,0.0,0.0,0.0,0.0,0.20851864,0.0
0.0,3.501734,3.7432244,4.5335426,0.0,0.0,0.0,0.0,0.0,0.0,15.064345,2.4225802,0.0,0.0,0.0,0.8147288,0.0,0.0,4.1679764,4.5995584,0.0,0.0,0.0,1.8016027,0.0,0.0,0.0,0.0,0.0,0.0,0.0,0.0,2.1004205,2.9920788,0.0,1.5190276,0.0,0.0,0.0,2.255073,0.0,0.0,0.0,0.0,0.0,0.0,0.0,0.0,0.0,0.0,0.0,1.8129553,0.0,0.0,0.0,0.0,0.0,0.0,7.5173483,0.0,0.0,0.0,0.0,2.1316285,0.0,0.0,0.0,0.0,0.0,10.566487,4.8296432,0.0,0.0,0.0,0.0,0.0,0.0,0.0,0.0,0.0,0.0,0.0,0.0,0.0,0.0,0.0,0.0,9.993349,0.0,0.0,0.0,0.0,0.0,0.0,0.0,0.91870004,0.0,0.0,3.3649113,0.0,0.0,0.0,8.372732,0.0,0.0,0.0,0.0,0.0,0.0,0.0,0.0,0.0,0.0,0.0,4.9685297,0.90008247,0.0,4.3423066,0.0,2.6892955,0.0,0.0,0.0,0.0,4.727994,0.0,0.0,0.0
0.0,0.0,0.0,1.0152457,0.0,0.37353995,0.0,0.0,0.0,0.0,0.0,0.0,1.980805,0.0,0.0,0.0,0.0,2.2067306,0.0,0.0,0.0,0.0,0.0,0.9119632,0.0,0.0,0.0,0.0,0.0,0.0,0.0,0.0,6.9156814,0.0,0.0,0.0,0.0,0.0,0.0,0.12327428,3.8450432,0.0,0.0,0.0,0.0,1.1769613,0.0,0.0,0.0,0.0,0.0,1.9140816,0.0,0.0,0.0,0.0,3.1170087,1.1533971,0.0,0.0,0.0,0.08558179,0.0,0.0,0.0,0.0,0.0,1.00572,0.0,1.6729178,0.0,0.0,0.0,0.0,0.0,0.0,7.961043,0.0,0.0,0.0,7.4876175,0.0,0.0,0.0,0.0,0.0,0.0,0.0,0.0,0.0,0.0,0.05546921,0.0,0.41015697,0.0,0.0,0.0,0.0,0.0,0.0,0.0,0.0,0.0,0.0,0.0,0.0,0.0,0.0,0.0,0.0,0.78424096,0.0,2.6092045,0.0,0.18665075,1.2091652,0.0,0.0,0.0,0.0,0.0,0.0,0.0,0.4940492,2.1402507,0.0,0.0,0.0
0.0,0.0,0.0,0.0,0.0,0.0,1.3423882,0.0,0.0,0.0,0.98090625,0.0,0.0,0.0,0.0,2.754579,0.0,4.490497,2.893393,0.0,0.0,0.0,0.0,0.0,0.0,0.0,0.0,0.0,2.992665,0.0,0.0,0.0,0.0,0.0,3.5989785,1.8649719,0.0,0.0,0.0,0.0,0.0,0.0,0.0,0.0,0.0,0.0,0.0,0.0,0.38428685,0.0,0.104968205,1.1090711,0.0,0.0,0.0,0.0,1.3202486,1.7509903,0.32896087,0.0,0.0,0.0,3.4624605,0.0,0.0,0.0,0.0,0.0,0.0,2.240681,6.4237084,0.0,0.0,0.0,2.050386,0.0,0.0,0.0,0.0,0.0,0.0,0.8834671,0.0,0.0,0.86754817,0.0,0.0,1.5710355,0.0,0.0,0.0,0.0,0.0,0.0,0.0,0.0,0.0,0.0,5.339633,0.0,0.0,0.0,5.3020415,1.0834335,1.9034966,0.0,1.2366449,0.0,0.0,0.0,0.82628757,1.9770429,0.0,3.3405347,2.4282055,1.2487423,0.0,0.0,0.0,0.0,0.0,0.0,2.0038476,0.0,1.5230864,0.0,0.0,0.0
0.0,0.0,0.0,0.0,1.3430363,2.8638012,1.5812019,0.0,0.0,0.0,0.3932731,0.0,0.14745422,0.0,0.0,0.0,0.0,4.0271635,0.0,0.0,0.0,0.0,0.0,3.7058904,0.0,0.0,0.0,0.0,0.0,0.0,0.0,0.0,3.4303744,0.22844511,3.6020238,0.0,0.0,0.0,0.0,0.0,0.0,0.0,0.0,0.0,0.0,0.91292185,0.0,0.0,0.0,0.0,2.2331977,1.6203231,0.0,0.0,0.0,0.0,0.0,0.8567724,0.0,0.0,0.0,0.0,0.0,0.0,0.0,0.0,0.0,5.386103,0.0,7.4345813,0.0,0.0,0.0,0.0,0.0,0.0,4.250202,0.0,0.0,0.0,7.8464622,0.0,0.0,0.0,0.0,0.0,0.0,0.0,0.0,0.0,0.0,0.0,0.0,0.17425144,0.0,0.0,0.0,0.0,0.0,0.0,0.0,0.0,0.0,3.1219046,0.0,0.0,0.0,0.0,0.0,0.0,5.0975614,0.0,2.2348557,3.290629,0.0,2.3066268,0.0,0.0,0.0,0.0,0.0,0.0,0.0,0.0,3.4503233,0.0,0.0,0.0
0.0,0.0,0.0,0.0,0.0,0.0,1.7683988,0.0,0.0,0.0,0.0,0.0,0.97965914,0.0,0.0,0.0,0.0,1.6451463,6.992376,0.0,0.0,0.0,2.256881,0.0,0.0,0.0,3.3733938,0.0,7.294334,0.0,0.0,0.0,0.0,0.0,6.451531,0.0,0.0,0.0,0.0,0.0,0.0,0.0,0.0,0.0,0.0,0.0,0.0,0.0,4.384441,0.0,2.8792877,0.0,0.0,0.0,0.0,0.0,4.9692397,4.5281634,0.32835636,0.0,0.0,0.0,1.3852795,1.8127431,0.0,0.0,0.0,0.0,0.0,0.0,2.7385006,0.0,0.0,0.0,0.0,0.0,0.0,0.0,0.0,0.0,0.0,0.0,0.0,2.9722815,0.0,0.0,0.0,0.0,0.0,0.0,0.0,0.0,0.0,0.0,0.0,0.0,0.0,0.0,7.6582527,0.0,0.0,0.0,3.728274,0.7812202,0.0,0.0,2.78628,0.0,0.0,0.0,0.0,2.2580914,0.0,0.8510898,0.0,4.58102,0.0,0.0,0.0,0.0,0.0,0.0,3.32268,0.0,4.124584,0.0,0.0,0.8747467
0.0,0.0,0.0,0.0,0.0,0.0,6.0557103,0.0,0.0,0.0,0.0,4.78316,0.0,0.0,0.0,0.0,0.0,2.8105829,0.0,0.0,0.0,0.0,0.0,0.0,0.0,0.0,0.0,0.0,0.0,0.0,0.0,0.0,0.0,0.018052796,0.0,5.44381,0.0,0.0,0.31663245,0.0,0.0,0.0,0.0,0.0,0.0,0.0,0.0,0.0,0.0,0.0,0.0,6.089975,0.0,0.0,0.0,0.0,2.3467057,1.7940704,1.3899397,0.0,0.0,0.0,7.5378885,2.8622994,0.0,0.0,0.0,0.0,0.0,0.0,4.2190423,0.0,0.0,0.0,0.0,0.0,0.0,0.0,0.0,0.0,0.0,2.1404154,0.0,0.0,0.0,0.0,0.0,0.0,0.0,0.0,0.0,0.0,0.0,0.0,0.0,0.0,0.0,0.0,1.9078277,0.0,0.0,0.0,1.7462741,3.0420804,0.0,0.0,0.0,0.0,0.0,0.0,2.608456,0.0,3.4266782,0.0,0.0,0.0,0.0,0.0,0.0,0.0,0.0,0.0,0.0,0.0,0.0,0.0,0.0,0.0
0.0,0.0,0.0,0.0,0.0,0.0,0.0,0.0,0.0,0.0,0.0,0.0,3.4246967,0.0,0.0,3.9242837,0.0,0.90352875,0.0,0.0,0.0,0.0,0.0,0.0,0.0,0.0,1.1211945,0.0,0.0,0.0,0.0,0.0,6.4927287,0.0,0.0,0.0,0.0,0.0,0.0,0.0,0.0,0.0,0.0,0.0,0.0,0.0,0.0,0.0,0.0,0.0,0.0,0.0,0.0,0.0,0.0,0.0,1.8290169,1.6667818,0.0,0.0,0.0,2.8533812,0.0,0.0,0.0,0.0,0.0,5.2725663,0.0,4.333303,0.0,3.0880816,0.0,0.0,0.0,0.0,8.044748,0.0,0.0,0.0,5.6560707,0.0,0.0,0.0,0.0,0.0,0.0,0.0,0.0,0.0,0.0,0.0,0.0,3.875829,0.0,0.0,0.0,0.0,0.0,0.0,0.0,0.0,0.0,0.0,0.0,0.0,0.0,3.486516,0.0,0.0,1.4352612,0.0,0.7098676,0.0,0.0,4.0244794,0.0,0.0,0.0,0.0,0.0,0.0,0.0,0.0,0.0,0.0,0.0,0.0
0.0,0.0,0.0,0.0,0.90920776,0.0,6.700296,0.0,0.0,0.0,5.1734056,0.02932693,0.0,0.0,0.0,0.0,0.0,0.0,0.0,0.0,0.0,0.0,0.0,0.1445643,0.0,0.0,0.0,0.0,3.9395294,0.0,0.0,0.0,0.0,0.0,7.609145,1.8532845,0.0,0.0,0.0,3.593347,0.0,0.0,0.0,0.0,0.0,2.1511526,0.0,0.0,3.005912,0.0,0.0,12.26593,0.0,0.0,0.0,0.0,0.0,0.0,7.1371946,0.0,0.0,0.0,7.7675323,5.0052547,0.0,0.0,0.0,0.9099585,0.0,0.0,1.792887,0.0,0.0,0.0,0.0,0.0,0.21090704,0.0,0.0,0.0,0.69822985,0.0,0.0,0.0,0.0,0.0,0.0,0.0,0.0,0.0,0.0,0.0,0.0,0.0,0.0,0.0,0.0,0.0,0.0,0.0,0.0,0.0,0.0,0.0,0.0,0.0,0.0,0.0,0.0,0.0,4.6647344,0.0,1.6454892,5.647145,1.4532924,0.0,0.0,0.0,0.0,0.0,0.0,0.0,0.0,0.0,5.0325913,0.0,0.5659921,0.0
0.0,0.0,0.0,2.8594902,0.0,0.0,0.0,0.0,0.0,0.0,0.0,0.0,0.0,0.0,0.0,0.0,0.0,0.0,1.0787122,0.0,0.0,0.0,3.007149,0.0,0.0,0.0,2.1436348,0.0,0.0,2.7726378,0.0,1.230411,8.705417,0.0,0.0,0.0,0.0,0.0,0.0,0.10684197,0.0,0.0,0.0,0.0,0.0,0.0,0.0,0.0,0.0,0.0,0.0,0.0,0.0,0.0,0.0,0.0,2.4439054,0.22107306,0.0,0.0,0.0,7.5301704,0.0,0.0,0.0,0.0,0.0,1.4358007,0.0,6.9855075,0.0,3.403223,0.0,0.0,0.0,0.0,8.869441,0.0,0.0,0.0,7.9531174,0.0,0.0,1.5301331,0.0,0.0,0.0,0.0,0.0,0.0,0.0,0.911484,0.0,0.47255266,0.0,0.0,0.0,0.0,0.0,0.0,0.0,0.0,0.0,0.0,0.0,0.0,0.0,0.05118051,0.0,0.0,0.0,0.0,3.0526173,0.0,0.0,4.4173527,0.0,0.0,0.0,0.0,0.0,0.0,0.0,8.108157,0.0,3.5819864,0.0,0.0
0.0,1.0677181,0.0,0.0,0.0,0.0,1.9929932,0.0,0.0,0.0,2.3880415,0.0,0.22360504,0.0,0.0,3.0877397,0.0,3.265126,3.033096,2.4450762,0.0,0.0,0.0,0.0,0.0,0.0,3.1317067,0.0,4.6693935,0.0,0.0,0.0,0.0,0.0,5.044526,0.6918503,0.0,0.0,0.0,0.5083799,0.0,0.0,0.0,0.0,0.0,0.0,0.0,0.0,0.0,0.0,0.0,3.2223556,0.0,0.0,0.0,0.0,0.0,0.0,0.0,0.0,0.0,0.0,0.111255445,0.0,0.0,0.0,0.0,0.0,0.0,4.6480355,7.9153748,0.0,0.0,0.0,0.0,0.0,5.984498,0.0,0.0,0.0,1.5141746,0.9535093,0.0,0.0,0.0,0.0,0.0,0.6415158,0.0,0.0,0.0,0.0,0.0,0.4863327,0.0,0.0,0.0,0.0,2.4443662,0.0,0.0,0.0,0.0,4.1040907,0.0,0.0,0.1719198,0.0,0.0,0.0,5.9765267,0.0,0.0,4.6839757,0.0,2.250371,0.0,0.0,0.0,0.0,0.0,0.0,0.0,0.0,2.0965464,0.0,0.0,0.0
0.0,2.9014919,0.48972794,0.0,0.87252825,0.0,0.14879102,0.0,0.0,0.0,5.5884943,0.0,0.0,0.0,0.0,0.74895763,0.0,1.2759402,1.9032445,3.158283,0.0,0.0,0.0,1.1809655,0.0,0.0,0.0,0.0,2.9098563,0.0,0.0,0.0,0.39914107,0.0,6.2089944,1.0520228,0.0,0.0,0.0,3.5785563,0.0,0.0,0.0,0.97995025,0.0,0.39806667,0.0,0.0,0.0,0.0,0.0,4.801549,0.0,0.0,0.0,0.0,0.0,0.0,2.3180165,0.0,0.0,0.0,0.0,2.7999876,0.0,0.0,0.0,0.0,0.0,3.9318852,1.8169957,0.0,0.0,0.0,0.0,0.0,2.5298088,0.0,0.0,0.0,4.271335,0.0,0.0,0.0,0.0,0.0,0.0,0.04241136,0.0,0.0,0.0,0.0,0.0,0.36215714,0.0,0.0,0.0,0.0,0.0,0.0,0.0,0.0,0.0,0.72520506,0.0,0.0,0.0,0.0,0.0,0.0,10.703948,0.0,0.0,4.9846897,0.61901903,0.0,0.0,0.0,0.0,3.310053,0.0,0.0,0.0,0.0,6.8118205,0.0,0.0,0.0
0.0,0.0,0.0,0.0,0.0,0.0,12.052596,0.0,0.0,0.0,0.0,0.63661844,1.6961297,0.0,0.0,1.2435902,0.0,6.53812,7.636851,0.0,0.0,0.0,0.0,3.808088,0.0,0.0,4.4649863,0.0,5.1959677,0.0,0.0,0.0,0.0,0.0,4.417026,0.82629776,2.88086,0.0,0.0,0.0,0.0,0.0,0.0,0.0,0.0,0.0,3.9398634,0.0,1.4464347,0.0,0.0,5.08933,0.0,0.0,0.0,0.0,3.5856578,3.297876,0.0,0.0,0.0,0.0,4.322536,0.8983235,0.0,0.0,0.0,0.0,0.0,0.11712612,5.8318343,0.0,0.0,0.0,0.0,0.0,0.0,0.0,0.0,0.0,0.0,6.1066146,0.0,1.1903623,0.0,0.0,0.0,0.0,0.0,0.0,0.0,0.0,0.0,0.0,0.0,0.0,0.0,0.0,1.5017086,0.0,0.0,0.0,0.095842466,3.6477711,2.6791687,0.0,2.6292372,0.0,0.0,0.0,1.7163303,0.0,2.8931093,0.0,0.0,3.7834525,0.0,0.0,0.0,0.0,2.1370854,0.0,0.0,0.0,0.0,0.0,0.0,0.26404542
0.0,0.0,0.0,0.0,0.0,0.0,2.807042,0.0,0.0,0.0,4.685452,1.2404505,0.0,0.0,0.0,0.54247195,0.0,0.6795675,0.0,0.0,0.0,0.0,0.0,3.003582,0.0,0.0,0.701366,0.0,0.0,0.0,0.0,0.0,0.0,0.09912666,1.1573404,1.5653694,0.0,0.0,0.0,0.0,0.0,0.0,0.0,0.0,3.3299804,0.0,0.0,0.0,0.0,0.0,0.0,3.3423188,0.0,0.0,0.0,0.0,0.0,2.2461214,0.059510797,0.0,0.0,0.0,2.6435575,0.0,0.0,0.0,0.0,2.2366579,0.0,5.7720118,5.53215,0.0,0.0,0.0,1.6947913,0.0,0.0,0.0,0.0,0.0,0.42764556,3.9091246,0.0,0.0,0.0,0.0,0.0,2.9663901,0.0,0.0,0.0,1.7515495,0.0,0.0,0.0,0.0,0.0,0.1509613,1.897304,0.0,0.0,0.0,0.0,5.6361027,1.9895538,0.0,0.0,0.0,0.0,0.0,0.0,1.782068,0.13851117,3.4328215,0.0,1.013322,0.0,0.0,0.0,0.0,0.0,0.0,0.0,0.0,0.0,0.0,0.0,0.0
0.0,0.0,0.0,0.0,0.0,0.0,1.6168181,0.0,0.0,0.0,0.0,0.0,1.578263,0.0,0.0,1.8954252,0.0,5.1537056,0.0,0.0,0.0,0.0,0.0,0.0,0.0,0.0,0.0,0.0,0.62579376,0.0,0.0,0.0,3.310831,0.0,4.303954,0.0,0.0,0.0,0.0,0.22440419,2.3404028,0.0,0.0,1.496432,0.0,0.0,0.0,0.0,0.0,0.0,0.0,6.063138,0.0,0.0,0.0,0.0,0.42912024,0.0,0.0,0.0,0.0,0.0,0.0,0.0,0.0,0.0,0.0,1.4891914,0.0,3.8004096,3.5937822,0.0,0.0,0.0,0.0,0.0,9.823868,0.0,0.0,0.0,6.5956907,0.0,0.0,0.0,0.0,0.0,0.0,0.0,0.0,0.0,0.0,0.0,0.0,0.0,0.0,0.0,0.0,0.0,0.0,0.0,0.0,0.0,0.0,0.081812054,0.0,0.0,0.0,0.0,0.0,0.0,2.8972118,0.0,0.0,0.58030087,2.32414,1.0046505,0.0,0.0,0.0,0.0,0.0,0.0,0.0,0.0,7.1001396,0.0,0.0,0.0
0.0,0.0,0.0,0.0,0.0,0.0,3.3751996,0.0,0.0,0.0,0.0,0.0,0.0,0.0,0.0,3.5605204,0.0,11.690223,5.809586,0.35538587,0.0,0.0,0.0,0.54410475,0.0,0.0,0.0,0.0,0.0,0.0,0.0,0.0,0.1317553,0.0,0.0,0.0,0.0,0.0,0.0,0.0,0.0,0.0,0.0,1.7982929,0.0,0.0,0.0,0.0,3.0176017,0.0,0.0,0.0,0.0,0.0,0.0,0.0,8.654194,0.0,0.0,0.0,0.0,2.2566433,1.7008377,1.2298766,0.0,0.0,0.0,0.0,0.0,1.7816098,6.8966913,0.0,0.0,0.0,0.0,0.0,3.608581,0.0,0.0,0.0,0.0,4.569937,0.0,3.797698,0.0,0.0,0.0,0.0,0.0,0.0,0.0,0.0,0.0,0.0,0.0,0.0,0.0,0.0,0.0,0.0,0.0,0.0,6.1661263,1.7288054,3.0994427,0.0,0.0,0.0,0.0,0.0,6.22517,0.0,0.0,0.0,0.0,0.23631737,0.0,0.0,0.0,0.0,0.0,0.0,0.0,0.0,0.0,0.0,0.0,0.0
0.0,0.0,1.5718021,1.1893337,0.0,0.0,0.0,0.0,0.0,0.0,11.599913,10.155251,7.6543274,0.0,0.0,0.0,0.0,0.0,0.0,0.0,0.0,0.0,0.0,0.0,0.0,0.0,0.0,0.0,0.0,0.0,0.0,0.0,0.012421491,4.9148483,1.6909304,0.0,0.0,0.0,3.2702465,2.3990664,0.0,0.0,0.0,0.0,0.0,0.0,0.0,0.0,0.0,0.0,10.171548,10.106434,0.0,0.0,0.0,0.0,0.0,10.340211,14.640411,0.0,0.0,0.0,0.0,0.0,0.0,0.0,0.0,3.6092114,0.0,0.0,0.0,0.0,0.0,0.0,2.529403,0.0,0.0,0.0,0.0,0.0,0.0,0.0,0.0,1.492645,0.0,0.0,0.0,0.0,0.0,0.0,0.0,0.0,0.0,0.0,0.0,0.0,0.0,0.0,0.0,0.0,0.0,0.0,0.0,0.0,0.0,0.0,0.0,0.0,0.0,0.0,0.0,6.412385,0.0,0.0,0.0,0.0,0.0,0.0,0.0,0.0,0.0,0.0,0.0,0.0,3.0199726,0.0,0.0,0.7040567
0.0,0.0,0.0,4.6108756,0.0,0.4762602,2.393367,0.0,0.0,0.0,0.0,0.0,0.0,0.0,0.0,1.1176087,0.0,0.0,0.0,3.4752693,0.0,0.0,0.64379287,2.2462611,0.0,0.0,0.0,0.0,0.0,0.0,0.0,5.156077,0.74671584,0.0,2.1708245,3.5191953,0.0,0.0,5.8065186,0.0,0.0,0.0,0.0,0.0,0.0,0.0,0.0,0.0,0.0,0.0,0.0,0.0,0.0,0.0,0.0,0.0,3.125583,0.0,0.0,0.0,0.0,0.0,0.0,0.0,0.0,0.0,0.0,0.0,0.0,10.649605,3.91623,0.0,0.0,0.0,7.1229596,0.0,3.0592117,0.0,0.0,0.0,0.0,0.15291166,0.0,9.258446,0.0,0.0,0.0,1.2269503,0.0,0.0,0.0,7.8399367,0.0,0.0,0.0,0.0,0.0,0.0,0.0,0.0,0.0,0.0,0.0,5.0608187,0.0,0.0,0.0,0.0,0.0,0.0,8.766742,0.7557927,1.5750438,0.0,0.0,7.4301043,0.0,0.0,0.0,2.0944083,6.5547886,0.0,0.0,0.0,0.0,0.0,0.0,0.0
0.0,0.0,0.0,0.0,0.0,2.967474,0.0,0.0,0.0,0.0,0.0,0.0,0.0,0.0,0.0,0.0,0.0,5.070343,0.0,0.0,0.0,0.0,0.0,3.490625,0.0,0.0,0.0,0.0,0.0,0.0,0.0,0.0,6.113925,4.9120755,0.0,0.0,0.0,0.0,0.0,0.0,0.0,0.0,0.0,0.064909846,0.0,0.0,0.0,0.0,0.5101968,0.0,0.0,2.1277633,0.0,0.0,0.0,0.0,4.069877,1.4222856,0.9166002,0.0,0.0,0.0,0.0,0.0,0.0,0.0,0.0,0.0,0.0,0.010795627,2.902877,0.0,0.0,0.0,0.0,0.0,6.3204374,0.0,0.0,0.0,9.18652,0.0,0.0,0.0,0.0,0.0,0.0,0.0,0.0,0.0,0.0,0.0,0.0,1.1673616,0.0,0.0,0.0,0.0,0.0,0.0,0.0,0.0,0.0,0.09738535,0.0,0.0,0.0,0.0025929287,0.0,0.0,1.1693135,0.0,0.0,4.797433,0.42986628,0.0,0.0,0.0,0.0,0.0,0.0,0.0,0.0,0.0,2.0570207,0.0,0.0,0.0
0.0,0.0,0.0,0.0,0.0,0.0,3.349666,0.0,0.0,0.0,0.0,0.0,6.4907994,0.0,0.0,4.0370727,0.0,6.8008823,10.219476,6.045033,0.0,0.0,2.3163044,1.1541158,0.0,0.0,0.0,0.0,4.6036253,0.0,0.0,0.0,0.0,0.0,0.0,2.5795944,8.546648,0.0,0.0,0.29953754,0.0,0.0,0.0,0.0,0.0,0.0,3.5614655,3.7129092,0.0,0.0,0.0,1.6778495,4.796332,0.0,0.0,0.0,3.840115,2.4241798,0.0,0.0,0.0,0.0,0.0,0.0,0.0,0.0,0.0,0.0,0.0,3.0812497,3.6473053,0.0,0.0,0.0,0.0,0.0,1.8111494,0.0,0.0,0.0,2.9343774,0.0,0.0,3.1870503,0.0,0.0,0.0,0.0,0.0,0.0,0.0,0.0,0.0,0.0,0.0,0.0,0.0,0.0,0.0,0.0,0.0,0.0,8.6529255,0.0,0.0,0.0,0.0,7.309363,0.0,0.0,0.0,0.0,0.0,0.0,1.6437743,9.1133795,0.0,0.0,0.0,0.0,0.0,0.0,0.92803186,0.0,6.4368725,0.0,0.0,0.0
0.0,0.0,0.0,4.6875777,0.0,0.0,0.0,0.0,0.0,0.0,0.0,0.0,4.3294425,0.0,0.0,0.0,0.0,9.403551,9.869956,0.0,0.0,0.0,0.0,0.0,0.0,0.0,0.0,0.0,3.0593228,0.0,4.4119477,0.0,3.914358,0.0,7.5343657,0.0,0.0,0.0,0.0,0.0,10.444667,0.0,0.0,0.0,0.0,0.0,0.0,0.0,4.6100073,0.0,9.853814,1.3015903,0.0,0.0,0.0,0.0,3.377589,1.3838516,8.735767,0.0,0.0,2.2659173,2.9440577,2.486486,0.0,0.0,0.0,0.0,0.0,0.31389868,2.1050665,0.0,0.0,0.0,2.1028674,0.0,6.888627,0.0,0.0,0.0,8.461839,0.0,0.0,0.0,0.0,0.0,0.0,0.0,0.0,0.0,0.0,5.348346,0.0,7.492092,0.0,0.0,0.0,0.0,0.0,0.0,0.0,0.0,4.890975,0.0,0.0,0.0,0.0,0.0,0.0,0.0,0.0,0.0,0.1361066,1.6010071,11.910877,2.0052395,0.0,0.0,0.0,0.0,0.0,0.0,6.0370073,0.0,12.645483,0.0,0.0,0.0
0.0,0.0,0.7045401,0.4455754,0.0,0.0,0.0,0.0,0.0,0.0,3.2780323,0.0,0.0,0.0,0.0,0.0,0.0,0.0,0.35461527,0.3432078,0.0,0.0,0.0,5.974573,0.0,0.0,1.2975832,0.0,0.0,3.4297075,0.0,0.0,0.0,5.134701,0.69460535,0.0,0.0,0.0,1.6501759,0.0,0.0,0.0,0.0,0.0,0.0,0.0,0.0,0.0,0.0,0.0,2.0185888,4.064762,0.0,0.0,0.0,0.0,0.0,0.0,6.230212,0.0,0.0,0.0,0.0,1.6035987,0.0,0.0,0.0,0.0,0.0,8.799054,1.8174511,0.0,0.0,0.0,0.0,0.0,0.0,0.0,0.0,0.0,0.0,0.0,0.0,0.0,0.0,0.0,0.0,0.0,0.0,0.0,0.0,0.0,0.0,0.0,0.0,0.0,0.0,0.0,0.0,0.0,0.0,0.0,0.0,0.20148908,6.433761,0.0,0.0,0.0,0.0,0.0,5.55622,0.0,0.0,5.5352135,1.3474445,0.0,0.0,0.0,0.0,2.1174796,0.0,0.0,0.0,0.0,0.0,0.0,0.0,1.0470554
0.0,0.0,0.0,0.0,0.0,0.0,0.0,0.0,0.0,0.0,0.0,0.0,12.273105,0.0,0.0,6.5942235,0.0,0.0,0.0,0.0,0.0,0.0,0.0,0.0,0.0,0.0,6.724461,0.0,0.0,0.0,0.0,0.0,0.0,0.0,0.0,0.0,0.0,0.0,0.0,0.0,0.0,0.0,0.0,0.0,0.0,0.0,0.0,0.0,0.0,0.0,0.0,0.20504655,0.0,0.0,0.0,0.0,0.0,4.815318,0.0,0.0,0.0,0.0,0.0,0.0,0.0,0.0,0.0,9.37983,0.0,4.586053,4.696054,3.5609243,0.0,0.0,0.0,0.0,8.952918,0.0,0.0,0.0,4.415286,0.0,0.0,2.0944595,0.0,0.0,0.0,0.0,0.0,0.0,0.0,0.0,0.0,4.046988,0.0,0.0,0.0,0.0,0.0,0.0,0.0,0.0,0.0,0.0,0.0,0.0,0.0,2.117848,0.0,0.0,4.822563,0.0,0.0,0.0,0.0,7.5961814,0.0,0.0,0.0,0.0,0.0,0.0,0.0,0.0,4.942165,0.0,0.0,6.0825663
0.0,0.0,0.11315255,0.0,0.0,0.0,0.0,0.0,0.0,0.0,0.0,0.0,14.432594,0.0,0.0,0.0,0.0,0.0,2.17349,0.0,0.0,0.0,0.0,0.0,0.0,0.0,3.3136156,0.0,0.0,0.0,0.0,4.1547437,0.0,0.0,4.778005,0.0,0.0,0.0,5.303735,0.0,0.0,0.0,0.0,0.0,0.0,0.0,0.0,0.0,2.4933927,0.0,0.0,4.3601694,0.0,0.0,0.0,0.0,1.5346084,11.411007,1.8697203,0.0,0.0,0.0,0.0,0.0,0.0,0.0,0.0,0.0,0.0,0.0,6.2758946,0.0,5.177779,0.0,6.500894,0.0,0.0,0.0,0.0,0.0,0.0,0.0,0.0,0.0,0.0,0.0,0.0,0.83556265,0.0,0.0,0.0,5.368541,0.0,0.0,0.0,3.9863563,0.0,0.0,0.0,0.0,0.0,0.0,0.0,0.0,0.0,0.0,0.0,0.0,6.8626347,0.0,0.0,0.0,0.0,0.0,0.0,0.2987993,0.0,0.0,0.0,0.0,0.0,0.0,0.0,0.0,3.9055526,0.0,0.0,12.534156
0.0,0.0,0.0,10.741286,0.0,0.0,5.2107344,0.0,0.0,0.0,2.1483355,0.0,0.0,0.0,0.0,0.0,0.0,0.0,6.380625,0.0,0.0,0.0,4.6447268,2.0986915,0.0,0.0,7.6852775,0.0,0.0,0.0,0.0,0.0,0.7895729,3.7459579,0.33582294,0.0,0.0,0.0,1.3063618,0.0,0.0,0.0,0.0,0.0,0.0,6.013868,0.92719823,0.0,6.4453907,0.0,0.0,2.77624,0.0,0.0,0.0,0.0,1.1748513,10.742074,0.17629898,0.0,0.0,0.0,0.0,4.6150894,0.0,0.0,0.0,0.03388768,0.0,0.0,0.0,0.0,0.0,0.0,5.3281174,0.0,0.0,0.0,0.0,0.0,0.0,0.0,0.0,0.0,0.0,0.0,0.0,0.0,0.0,0.0,0.0,6.255989,0.0,0.0,0.0,1.3122889,0.57458323,0.0,4.242641,0.0,0.0,0.0,0.0,0.0,2.1638649,0.0,7.11847,0.0,0.0,0.0,1.4345878,0.0,0.5065152,0.060445115,1.465423,0.0,0.0,0.0,0.0,9.980344,2.703753,0.0,0.0,0.0,0.38836294,1.2621872,1.5830294,1.6842588
0.0,0.0,0.0,0.79740167,0.0,0.0,0.0,0.0,0.0,0.0,9.858754,14.932577,4.0845942,0.0,0.0,0.0,0.0,0.0,0.0,0.0,0.0,0.0,0.0,0.0,0.0,0.0,0.0,0.0,0.0,0.0,0.0,0.0,0.0,0.0,4.862109,0.0,0.0,0.0,7.1763463,0.0,0.0,0.0,0.0,0.0,0.0,0.0,0.0,0.0,0.0,0.0,15.342697,7.970745,0.0,0.0,0.0,0.0,0.0,8.433838,13.833948,0.0,0.0,1.8674178,0.0,5.7469697,0.0,0.0,0.0,0.0,0.0,3.795344,5.2929583,0.0,0.0,0.0,6.1526523,0.0,0.0,0.0,0.0,0.0,0.0,0.0,0.0,11.646022,0.0,0.0,0.0,7.8950806,0.0,0.0,0.0,3.9212756,0.0,0.0,0.0,0.0,0.0,0.0,0.0,0.0,0.0,0.0,8.956206,0.0,7.1819086,0.0,4.591764,0.0,0.0,0.0,0.0,9.226786,0.0,0.0,0.0,0.0,0.0,0.0,0.0,0.0,0.0,0.0,6.716823,0.0,0.0,0.0,0.0,1.0064734
0.0,0.0,0.0,3.438075,0.0,0.0,3.7811196,0.0,0.0,0.0,0.06867075,0.0,0.0,0.0,0.0,2.152755,0.0,0.0,0.3229918,0.0,0.0,0.0,2.1511376,6.5286045,0.0,0.0,3.5459478,0.0,0.0,0.0,0.0,0.0,0.0,3.1799982,0.0,0.0,0.0,0.0,1.4068502,0.0,0.0,0.0,0.0,0.0,0.0,0.0,0.0,0.0,0.0,0.0,0.0,5.050445,0.16673192,0.0,0.0,0.0,0.0,1.7611396,5.7572007,0.0,0.0,0.0,0.0,0.0,0.0,0.0,0.0,0.0,0.0,8.095804,0.4544133,0.0,0.0,0.0,1.2442197,0.0,0.0,0.0,0.0,0.0,0.0,0.0,0.0,0.0,0.0,2.932294,0.0,0.0,0.0,0.0,0.0,0.0,0.0,0.0,0.0,0.0,0.0,0.0,0.0,0.0,0.0,0.0,0.0,0.0,5.3924594,0.0,0.13384236,0.0,0.0,0.0,2.1390462,0.0,0.0,2.8406906,3.788731,0.0,0.0,0.0,0.0,1.8487273,0.0,0.0,0.0,0.0,0.0,2.6366963,1.055248,0.0
0.0,0.0,0.0,0.0,0.0,0.0,0.0,0.0,0.0,0.0,0.0,0.0,0.0,0.0,0.0,14.903966,0.0,3.062861,19.256311,7.152645,0.0,0.0,14.60743,0.0,0.0,0.0,0.0,0.0,0.0,0.0,0.0,0.0,11.034131,0.0,0.0,0.0,0.0,0.0,0.0,0.0,0.0,0.0,0.0,0.0,0.0,0.0,0.0,0.0,0.0,0.0,0.0,0.0,0.0,0.0,0.0,0.0,8.744615,0.0,0.0,0.0,0.0,4.9850063,0.0,0.0,0.0,0.0,0.0,0.0,0.0,16.737415,0.0,0.0,0.0,0.0,0.0,0.0,8.725397,0.0,0.0,0.0,0.0,0.0,0.0,21.83974,0.0,0.0,0.0,0.0,0.0,0.0,0.0,0.0,0.0,0.0,0.0,0.0,0.0,0.0,0.0,0.0,0.0,0.0,21.573898,0.7496807,2.9015462,0.0,0.0,0.0,0.0,0.0,13.959601,0.0,0.0,0.0,0.0,8.144692,0.0,0.0,0.0,0.0,12.01195,0.0,0.0,0.0,0.0,0.0,0.0,0.0
0.0,0.0,0.0,0.0,0.0,0.0,2.2971697,0.0,0.0,0.0,3.8779998,0.0,0.0,0.0,0.0,0.0,0.0,0.24646893,4.8801503,0.0,0.0,0.0,0.0,1.4985044,0.0,0.0,0.65194595,0.0,4.450251,0.02713289,0.0,0.0,0.0,0.0,6.871953,0.0,0.0,0.0,0.0,0.0,0.0,0.0,0.0,0.0,0.0,0.0,0.0,0.0,4.158532,0.0,7.813637,6.669537,0.0,0.0,0.0,0.0,0.0,1.971614,6.046439,0.0,0.0,0.0,6.815807,5.3974404,0.0,0.0,0.0,4.5764265,0.0,0.7135582,3.6859777,0.0,0.0,0.0,0.9176925,0.0,0.0,0.0,0.0,0.0,0.0,0.0,0.0,0.0,0.0,0.0,0.0,0.0,0.0,0.0,0.0,0.0,0.0,3.2020462,0.0,0.0,0.0,0.0,0.0,0.0,0.0,0.0,0.0,0.0,3.0082514,0.0,0.0,0.0,0.0,0.0,1.4264784,0.4666683,2.4878318,6.4237146,0.6919055,0.0,0.0,0.0,0.0,0.0,0.0,0.0,0.0,0.0,0.5024102,0.0,0.0,0.09193083
0.0,0.0,0.0,0.0,0.0,0.0,0.42118952,0.0,0.0,0.0,0.0,0.0,2.0062175,0.0,0.0,0.0,0.0,6.4528103,0.022335978,0.0,0.0,0.0,0.0,0.0,0.0,0.0,0.0,0.0,2.4185748,0.0,0.0,0.0,6.9205546,0.0,5.4998984,0.0,0.0,0.0,0.0,4.3634725,6.717738,0.0,0.0,0.75545275,0.0,1.8700567,0.0,0.0,3.3208528,0.0,0.0,6.174285,0.0,0.0,0.0,0.0,4.369778,0.0,0.46932,0.0,0.0,0.0,0.0,0.0,0.0,0.0,0.0,0.0,0.0,0.0,1.8329629,0.0,0.0,0.0,0.0,0.0,8.401822,0.0,0.0,0.0,6.966503,0.0,0.0,0.0,0.0,0.0,0.0,0.0,0.0,0.0,0.0,0.0,0.0,0.0,0.0,0.0,0.0,0.0,0.0,0.0,0.0,0.0,0.0,0.0,0.0,0.0,0.0,0.0,0.0,0.0,3.9132814,0.0,4.149617,0.0,1.759459,0.0,0.0,0.0,0.0,0.0,0.0,0.0,0.0,0.0,8.61382,0.0,0.0,0.0
0.0,0.0,0.0,10.608651,0.0,0.0,0.0,0.0,0.0,0.0,12.449199,11.634419,0.0,0.0,0.0,0.0,0.0,0.0,0.0,0.0,0.0,0.0,0.0,3.2412941,0.0,0.0,0.45397612,0.0,0.0,0.0,0.0,0.0,3.035001,2.1680853,0.0,0.0,0.0,0.0,0.0,0.0,0.0,0.0,0.0,0.0,0.0,0.0,0.0,0.0,0.0,0.0,0.6610674,7.682283,0.0,0.0,0.0,0.0,0.0,1.0232897,15.478721,0.0,0.0,0.0,0.0,0.0,0.0,0.0,0.0,6.339577,0.0,7.122476,0.0,0.0,0.0,0.0,0.0,0.0,0.0,0.0,0.0,0.0,0.0,0.0,0.0,0.0,0.0,0.0,0.0,0.6652839,0.0,0.0,0.0,0.0,0.0,0.0,0.0,0.0,0.0,0.0,0.0,0.0,0.0,0.0,4.051484,0.0,0.0,0.0,0.0,0.0,0.0,0.0,0.0,0.0,0.0,0.0,4.8603573,0.0,0.0,0.0,0.0,0.0,0.0,0.0,0.0,0.0,0.0,0.0,0.0,0.0
0.0,0.0,0.0,3.8267267,0.0,0.0,4.515616,0.0,0.0,0.0,0.0,0.0,0.0,0.0,0.0,0.06340655,0.0,4.707008,3.284264,0.0,0.0,0.0,2.8537602,3.9779727,0.0,0.0,0.98705566,0.0,0.0,0.0,0.0,0.0,0.0,2.328026,0.0,0.0,0.0,0.0,2.6114569,0.0,0.0,0.0,0.0,0.0,0.0,0.0,0.0,0.0,0.0,0.0,0.0,3.603636,0.0,0.0,0.0,0.0,0.0,4.470988,2.4915729,0.0,0.0,5.268319,0.0,0.26835006,0.0,0.0,0.0,0.0,0.0,4.7172823,3.6951435,0.0,0.0,0.0,15.964277,0.0,0.0,0.0,0.0,0.0,0.0,3.6604674,0.0,0.0,0.0,0.0,0.0,0.41923916,0.0,0.0,0.0,7.6158504,0.0,0.0,0.0,0.0,0.0,0.0,0.0,0.0,0.0,0.0,3.16361,0.0,8.388821,0.0,2.5736196,0.0,0.0,0.0,0.0,0.0,0.0,0.0,1.0858058,1.6535386,0.0,0.0,0.0,0.0,0.0,0.0,0.39890012,0.0,0.0,1.6676222,0.0,0.0
0.0,0.0,0.0,0.0,3.7099924,0.0,0.0,0.0,0.0,0.0,0.26758638,0.0,0.0,0.0,0.0,0.0,0.0,0.35955644,0.0,0.0,0.0,0.0,0.0,6.656766,0.0,0.0,0.0,0.0,0.14983517,0.0,0.0,0.0,0.0,1.0692286,5.0047855,0.0,0.0,0.0,0.0,0.0,0.0,0.0,0.0,0.0,0.0,1.1948861,0.0,0.0,0.0,0.0,7.7721367,2.4857574,0.0,0.0,0.0,0.0,0.0,1.9418682,0.0,0.0,0.0,0.0,0.0,0.0,0.0,0.0,0.0,3.8526864,0.0,9.744052,0.0,0.0,0.0,0.0,0.0,0.0,4.837247,0.0,0.0,0.0,4.456708,0.0,0.0,0.41287968,0.0,0.0,0.0,0.0,0.0,0.0,0.0,0.0,0.0,5.0687313,0.0,0.0,0.0,0.0,0.0,0.0,0.0,0.0,0.0,0.87098294,0.0,0.0,0.0,0.0,0.0,0.0,9.950858,0.0,3.1000617,8.220909,0.0,0.0,0.0,0.0,0.0,0.0,0.0,0.0,0.0,0.0,0.3414333,0.0,0.0,0.0
0.0,0.0,0.0,2.5198936,0.0,0.0,0.0,0.0,0.0,0.0,0.0,0.0,2.4170563,0.0,0.0,2.5605156,0.0,0.0,0.16611859,0.0,0.0,0.0,0.0,0.0,0.0,0.0,0.8566442,0.0,0.0,0.0,0.0,0.0,5.209166,0.0,0.0,0.0,0.0,0.0,0.0,0.0,0.0,0.0,0.0,0.0,0.0,0.1479227,0.0,0.0,0.0,0.0,0.0,4.423916,0.0,0.0,0.0,0.0,2.233995,3.4401045,0.0,0.0,0.0,0.99193466,0.0,0.0,0.0,0.0,0.0,1.6821064,0.0,4.5869994,1.9683138,0.656856,0.0,0.0,0.0,0.0,13.228363,0.0,0.0,0.0,4.3895493,0.0,0.0,0.0,0.0,0.0,0.0,0.0,0.0,0.0,0.0,2.1920173,0.0,0.0,0.0,0.0,0.0,0.0,0.0,0.0,0.0,0.0,0.0,0.0,0.0,0.0,0.0,1.9773413,0.0,0.0,0.0017854617,0.0,0.77800494,0.0,0.95480037,3.1871517,0.0,0.0,0.0,0.0,0.0,0.0,0.0,2.076351,0.0,6.954959,0.0,0.0
0.0,0.0,0.0,11.04017,0.0,0.0,0.0,0.0,0.0,0.0,0.0,2.4548717,0.0,0.0,0.0,0.0,0.0,4.0066786,9.142909,10.806544,0.0,0.0,3.7724407,8.118443,0.0,0.0,0.0,0.0,0.0,0.0,0.0,0.0,6.9092655,0.0,0.0,0.0,8.130729,0.0,0.0,5.9676657,0.0,0.0,0.0,0.0,0.0,0.0,3.9024105,4.744184,4.3398843,0.0,3.4721072,0.0,0.0,0.0,0.0,0.0,0.16798237,0.0,0.0,0.0,0.0,2.331397,0.0,12.744505,0.0,0.0,0.0,0.0,0.0,6.5309134,0.0,0.0,0.0,0.0,0.0,0.0,0.0,0.0,0.0,0.0,7.7102327,0.0,0.0,6.7254195,0.0,0.0,0.0,0.0,0.0,0.0,0.0,0.0,0.0,0.0,0.0,0.0,0.0,0.0,0.0,0.0,0.0,0.0,12.987849,0.0,4.0153847,0.0,11.017696,0.0,0.0,0.0,0.0,0.0,0.0,0.0,0.81787694,0.9094622,0.0,0.0,0.0,0.0,4.438278,0.0,4.39074,0.0,0.0,0.0,0.0,0.0
0.0,0.0,0.0,0.0,0.0,0.0,8.115503,0.0,0.0,0.0,1.7438828,0.0,0.0,0.0,0.0,4.3716273,0.0,0.0,3.8808997,1.012574,0.0,0.0,1.3989667,1.879645,0.0,0.0,0.0,0.0,0.0,0.0,0.0,0.0,0.0,5.7281895,0.0,0.0,0.0,0.0,4.739796,0.0,0.0,0.0,0.0,0.0,0.0,0.0,0.0,0.0,0.043387543,0.0,0.0,0.295534,0.0,0.0,0.0,0.0,0.0,4.3299184,6.4279113,0.0,0.0,0.0,0.0,0.0,0.0,0.0,0.0,0.0,0.0,4.644739,0.0,0.0,0.0,0.0,0.0,0.0,0.0,0.0,0.0,0.0,0.0,0.0,0.0,0.0,1.6967436,1.6408652,0.0,0.0,0.0,0.0,0.0,0.75766027,0.0,0.0,0.0,0.0,0.0,0.0,10.596837,0.0,0.0,0.0,5.831922,4.64754,3.5488963,0.0,0.0,0.0,0.0,0.0,0.0,1.2124107,0.0,0.0,3.5551383,1.6975896,0.0,0.0,0.0,0.0,0.0,0.0,0.0,0.0,0.0,0.0,0.0,2.9815924
0.0,0.0,0.0,5.9755435,0.0,0.0,2.6976106,0.0,0.0,0.0,0.0,0.0,0.0,0.0,0.0,0.0,0.0,2.838319,8.223375,4.828341,0.0,0.0,2.7147038,2.9006312,0.0,0.0,0.0,0.0,0.0,0.0,0.0,4.187911,0.0,1.9406856,0.0,6.185771,0.0,0.0,6.858322,0.0,0.0,0.0,0.0,0.0,0.0,0.0,0.0,0.0,0.0,0.0,0.0,0.0,8.323286,0.0,0.0,0.0,4.034958,3.0917578,0.0,0.0,0.0,0.0,0.0,0.0,0.0,0.0,0.0,0.0,0.0,3.7398982,0.0,0.0,0.0,0.0,0.0,0.0,0.0,0.0,0.0,0.0,0.0,0.0,0.0,14.123117,0.0,0.0,0.0,0.0,0.0,0.0,0.0,0.0,0.0,0.0,0.0,0.53848034,0.0,0.0,0.0,0.0,0.0,0.0,5.684377,0.0,0.0,0.0,0.0,0.0,0.0,0.0,7.0742426,0.0,0.0,0.0,0.0,1.9041389,0.0,0.0,0.0,0.0,4.4875107,0.0,0.0,0.0,0.6836498,0.0,0.0,11.805367
0.0,0.0,0.0,0.0,0.0,0.0,0.0,0.0,0.0,0.0,0.0,0.0,16.622787,0.0,0.0,1.4646633,0.0,0.0,5.869504,0.0,0.0,0.0,0.0,0.0,0.0,0.0,1.2602627,0.0,0.0,0.0,0.0,1.7438715,0.0,0.0,0.0,0.5649748,0.0,0.0,0.0,0.0,0.0,0.0,0.0,0.0,0.0,2.2168448,0.0,0.0,0.0,0.0,0.0,7.0717006,0.0,0.0,0.0,0.0,5.440929,10.033923,0.0,0.0,0.0,0.0,0.0,0.0,0.0,0.0,0.0,0.0,0.0,0.0,4.8982716,0.0,5.360818,0.0,0.0,0.0,10.292572,0.0,0.0,0.0,4.2072783,0.0,0.0,0.0,0.0,0.0,0.0,0.0,0.0,0.0,0.0,0.0,0.0,0.0,0.0,0.0,0.0,0.0,0.0,0.0,0.0,0.0,0.0,0.0,0.0,0.0,0.0,5.7931075,5.612062,0.0,0.0,0.0,0.0,0.0,0.0,0.85900307,0.0,0.0,0.0,0.0,0.0,0.0,0.0,0.0,0.33408308,2.989826,0.0,4.0799484
0.0,0.0,0.0,0.0,0.0,0.0,0.0,0.0,0.0,0.0,8.076768,0.4389184,0.15312631,0.0,0.0,0.0,0.0,0.0,9.62509,0.0,0.0,0.0,5.677459,2.2390687,0.0,0.0,3.956984,0.0,0.0,0.0,0.0,2.2704737,0.0,0.0,2.7435744,0.0,0.0,0.0,0.0,0.0,0.0,0.0,0.0,0.0,0.0,0.0,0.0,0.0,0.0,0.0,6.778018,0.04748909,0.0,0.0,0.0,0.0,0.0,7.6608543,5.383698,0.0,0.0,0.0,0.0,0.0,0.0,0.0,0.0,6.0857472,0.0,6.523307,0.0,0.0,0.0,0.0,8.895347,0.0,0.0,0.0,0.0,0.0,0.0,0.0,0.0,0.0,0.0,0.0,0.0,7.1253605,0.0,0.0,0.0,0.0,0.0,0.0,0.0,0.95213234,0.0,0.0,10.414079,0.0,0.0,0.0,5.739576,0.0,8.031447,0.0,0.0,0.0,0.0,0.0,0.0,2.1598446,0.0,6.144459,5.6518745,0.0,0.0,0.0,0.0,3.3336291,0.0,0.0,2.7805035,0.0,2.7643597,0.0,0.0,5.09656
0.0,0.0,0.8239756,0.0,1.0692241,0.0,0.74395174,0.0,0.0,0.0,3.7386339,0.0,2.627733,0.0,0.0,0.0,0.0,1.9853797,0.0,0.0,0.0,0.0,0.0,0.0,0.0,0.0,0.0,0.0,4.2106085,0.0,0.0,0.0,0.0,0.0,4.514312,1.8254658,0.0,0.0,0.0,3.9955761,0.0,0.0,0.0,0.0,0.0,0.0,0.0,0.0,1.0519693,0.0,0.0,4.9066653,0.0,0.0,0.0,0.0,0.0,0.0,2.9815526,0.0,0.0,0.0,1.9648572,0.0,0.0,0.0,0.0,0.0,0.0,0.0,3.5489385,0.0,0.16041014,0.0,0.0,0.0,0.18265182,0.0,0.0,0.0,3.7062368,0.0,0.0,0.0,0.0,0.0,0.0,0.0,0.0,0.0,0.0,0.0,0.0,0.5721066,0.0,0.0,0.0,0.0,0.0,0.0,0.0,0.0,0.0,1.3220208,0.0,0.0,0.0,0.0,0.0,0.0,2.3985386,0.0050409306,1.8993202,3.4322975,0.0,0.0,0.0,0.0,0.0,0.0,0.0,0.0,0.0,0.0,6.438006,0.0,0.0,0.0
0.0,0.0,0.0,1.0769354,0.0,0.0,7.8373833,0.0,0.0,0.0,0.0,4.01113,0.0,0.0,0.0,19.585587,0.0,7.8454137,0.0,0.0,10.175368,0.0,8.273893,2.5452843,0.0,0.0,0.0,0.0,0.0,0.0,0.0,0.0,0.0,0.0,0.0,5.4407105,0.0,0.0,0.0,0.0,0.0,0.0,0.0,0.0,0.0,0.0,0.0,0.0,0.0,0.0,0.0,0.0,0.0,0.0,0.0,0.0,2.580139,7.459174,4.53524,0.0,0.0,7.0782433,2.567552,0.0,0.0,0.0,0.0,0.0,0.0,4.5978675,1.4015231,0.0,0.0,0.0,6.558829,0.0,2.3350224,0.0,0.0,0.0,0.0,7.027996,0.0,0.0,0.9118126,0.0,0.0,0.0,0.0,0.0,0.0,0.0,0.0,0.0,0.0,0.0,0.0,0.0,0.0,0.0,0.0,0.0,8.703979,0.0,5.352013,0.0,0.0,7.9847374,0.0,0.0,0.0,0.0,0.0,0.0,3.285555,0.0,0.0,0.0,1.6758581,0.0,0.0,0.0,2.0959444,0.0,1.0395399,16.49387,0.0,0.0
0.0,0.0,0.0,0.0,0.0,0.0,0.0,0.0,0.0,0.0,1.4217106,0.0,0.0,0.0,0.0,0.0,0.0,4.004613,9.10716,0.0,0.0,0.0,0.0,4.0694647,0.0,0.0,3.3305569,0.0,0.0,0.0,0.0,0.0,1.6720746,0.0,3.3062816,0.0,0.0,0.0,0.0,0.0,0.0,0.0,0.0,0.0,0.0,3.4877422,0.0,0.0,0.0,0.0,7.079967,0.0,0.0,0.0,0.0,0.0,0.0,0.0,0.0,0.0,0.0,0.0,0.0,1.6989273,0.0,0.0,0.0,5.1292787,0.0,18.816576,0.0,0.0,0.0,0.0,0.0,0.0,5.91041,0.0,0.0,0.0,5.7249393,0.0,0.0,0.0,0.0,0.0,0.0,0.0,0.0,0.0,0.0,0.0,0.0,5.4341393,0.0,0.0,0.0,0.0,0.0,0.0,0.0,0.0,0.0,0.009465743,2.4721165,0.0,0.0,0.0,0.0,0.0,13.251033,0.0,0.0,5.3344526,0.0,0.0,0.0,0.0,0.0,6.8998523,0.0,0.0,0.0,0.0,0.0,0.0,0.0,0.0
0.0,0.0,0.0,0.0,0.0,0.0,14.164149,0.0,0.0,0.0,0.0,0.0,0.0,0.0,0.0,2.2292104,0.0,0.4599139,9.265971,0.0,0.0,0.0,10.322452,4.023139,0.0,0.0,1.0671703,0.0,0.0,0.0,0.0,0.0,0.0,9.354318,0.0,0.0,4.3959312,0.0,4.8981905,0.0,0.0,0.0,0.0,3.6894124,0.0,0.004081902,0.0,0.0,3.4609778,0.0,0.0,0.0,3.1676192,0.0,0.0,0.0,0.0,8.04637,6.288622,0.0,0.0,0.0,0.0,0.0,0.0,0.0,0.0,0.0,0.0,5.719353,0.0,0.0,0.0,0.0,0.0,0.0,0.0,0.0,0.0,0.0,0.0,0.0,0.0,0.0,0.0,0.0,0.0,0.0,0.0,0.0,0.0,0.0,0.0,0.0,0.0,0.0,0.0,0.0,13.512088,0.0,0.0,0.0,10.135872,0.0,0.4943304,0.0,4.6194053,0.0,0.0,0.0,0.0,0.0,0.0,0.0,0.0,2.1957135,0.0,0.0,0.0,0.0,3.7907794,0.0,2.4778,0.0,1.071012,0.0,0.0,5.309845
0.0,6.9675865,0.0,12.917793,0.0,0.0,0.0,0.0,0.0,0.0,0.0,0.0,0.0,0.0,0.0,0.31340495,0.0,0.0,4.807803,7.5746017,0.0,0.0,1.510681,0.7168264,0.0,0.0,0.0,0.0,0.0,0.0,0.0,0.0,8.736018,5.958188,0.0,0.0,0.0,0.0,7.8976736,0.0,0.0,0.0,0.0,0.0,0.0,0.0,0.0,0.0,0.0,0.0,0.0,0.0,0.0,0.0,0.0,0.0,4.038592,0.0,14.5175905,0.0,0.0,3.2257223,0.0,2.2630901,0.0,0.0,0.0,0.0,0.0,3.1614838,0.0,0.0,0.0,0.0,0.0,0.0,0.0,0.0,0.0,0.0,0.0,0.0,0.0,8.4779825,0.0,0.0,0.0,0.0,0.0,0.0,0.0,0.0,0.0,0.0,0.0,0.0,0.0,0.0,0.0,0.0,0.0,0.0,9.574584,0.0,0.0,0.0,0.0,0.0,0.0,0.0,3.8211029,0.0,0.0,0.0,0.0,0.0,0.0,0.0,0.0,2.7934604,3.973254,0.0,0.0,0.0,0.0,0.0,0.0,0.0
0.0,0.5364981,0.0,0.0,0.0,0.0,1.8160199,0.0,0.0,0.0,0.35114136,0.0,0.0,0.0,0.0,3.785658,0.0,7.9950857,1.5727838,0.0,0.0,0.0,0.0,0.0,0.0,0.0,0.0,0.0,2.4957047,0.0,0.0,0.0,0.0,0.0,4.739674,2.7547824,1.0594584,0.0,0.0,0.7381491,0.0,0.0,0.0,1.8244239,0.0,0.0,0.0,0.0,0.6210987,0.0,0.0,1.3796614,0.0,0.0,0.0,0.0,1.4535713,0.0,0.0,0.0,0.0,0.0,0.0,0.0,0.0,0.0,0.0,0.0,0.0,2.083679,3.567416,0.0,0.0,0.0,0.0,0.0,1.9843041,0.0,0.0,0.0,0.93952477,0.0,0.0,0.0,0.0,0.0,0.0,0.0,0.0,0.0,0.0,0.0,0.0,0.0,0.0,0.0,0.0,0.0,2.3534448,0.0,0.0,0.0,3.40696,3.1757646,0.0,0.0,1.3053662,0.0,0.0,0.0,5.9188066,0.0,0.9440387,1.617046,0.0,0.0,0.0,0.0,0.0,0.0,0.0,0.0,0.0,0.0,5.0650315,0.0,0.0,0.0
0.0,0.0,0.0,3.4679708,0.0,3.3966534,0.39187995,0.0,0.0,0.0,0.0,0.0,1.9481165,0.0,0.0,8.337414,0.0,7.2442303,0.0,0.0,2.8663735,0.0,0.0,0.0,0.0,0.0,0.0,0.0,0.0,0.0,0.0,0.0,0.0,0.0,0.0,6.422905,0.0,0.0,0.0,0.0,0.0,0.0,0.0,2.332115,0.0,0.0,0.0,0.0,0.0,0.0,0.0,0.0,0.0,0.0,0.0,0.0,12.011048,0.0,0.0,0.0,0.0,2.4893508,0.0,0.0,0.0,0.0,0.0,0.0,0.0,2.3210378,7.628978,0.0,0.0,0.0,5.4413905,0.0,0.7757954,0.0,0.0,0.0,0.0,6.4132266,0.0,11.077834,0.0,0.0,0.0,0.0,0.0,0.0,0.0,0.0,0.0,0.0,0.0,0.0,0.0,0.0,0.0,0.0,0.0,0.0,2.8983996,3.1656725,0.0,0.0,0.0,0.0,0.0,0.0,5.190631,5.0497217,3.1700017,0.0,0.0,0.0,0.0,0.0,0.0,0.0,1.7577245,0.0,0.0,0.0,0.0,0.0,0.0,0.0
0.0,0.0,0.0,0.0,0.0,0.0,4.3222923,0.0,0.0,0.0,4.968627,0.0,0.89308727,0.0,0.0,0.0,0.0,1.3798904,3.2436106,0.0,0.0,0.0,0.0,0.73563826,0.0,0.0,4.000588,0.0,6.4735703,1.3890417,0.0,0.0,0.0,0.0,7.190829,0.0,0.0,0.0,0.0,0.0,0.0,0.0,0.0,0.0,0.0,0.0,0.0,0.0,2.796931,0.0,4.3635483,3.363326,0.0,0.0,0.0,0.0,0.0,3.3563235,3.6165063,0.0,0.0,0.0,4.900287,0.31218812,0.0,0.0,0.0,3.1799605,0.0,1.6505325,3.5585668,0.0,0.5234619,0.0,0.0,0.0,0.12816514,0.0,0.0,0.0,0.0,0.0,0.0,0.0,0.0,0.0,0.0,0.0,0.0,0.0,0.0,0.0,0.0,4.1510577,0.0,0.0,0.0,0.0,2.0475314,0.0,0.0,0.0,0.0,0.28317082,2.2739484,0.0,0.0,0.0,0.0,0.0,1.6557626,1.8565748,1.458976,5.031197,0.06378318,0.15274459,0.0,0.0,0.0,0.0,0.0,0.0,0.8099832,0.0,0.0,0.0,0.0,0.045518555
0.0,0.0,0.0,0.0,0.35950142,0.0,6.526713,0.0,0.0,0.0,4.215079,0.0,0.0,0.0,0.0,5.5474715,0.0,0.0,0.0,1.2144741,0.0,0.0,0.0,7.29168,0.0,0.0,5.876025,0.0,1.2039678,0.0,0.0,0.0,0.0,0.0,3.7012596,0.0,0.0,0.0,0.0,0.0,0.0,0.0,0.0,0.0,0.0,0.0,0.0,0.0,0.0,0.0,0.0,4.173372,0.0,0.0,0.0,0.0,0.0,1.8533062,1.5680014,0.0,0.0,0.0,0.0,0.0,0.0,0.0,0.0,3.0351758,0.0,14.921419,0.0,0.0,0.0,0.0,0.0,0.0,4.5748796,0.0,0.0,0.0,0.0,0.0,0.0,0.0,0.0,0.9793687,0.0,0.0,0.0,0.0,0.0,0.0,0.0,0.0,0.0,0.0,0.0,0.0,0.0,0.0,0.0,0.0,0.0,7.86322,4.5702786,0.0,0.0,0.0,0.0,0.0,6.6370025,0.0,0.0,3.034549,0.5258648,2.872724,0.0,0.0,0.0,2.4279811,0.0,0.0,0.0,0.0,5.9565153,0.0,1.5145857,4.447635
0.0,0.0,0.0,0.0,0.0,0.0,1.7066336,0.0,0.0,0.0,0.0,0.0,1.9994228,0.0,0.0,6.03134,0.0,0.0,0.0,0.0,0.0,0.0,4.693297,0.0,0.0,0.0,0.0,0.0,0.0,0.0,0.0,0.0,0.0,0.0,3.5415382,6.8625627,0.0,0.0,3.9633076,0.0,0.0,0.0,0.0,0.0,0.0,0.0,0.0,0.0,0.0,0.0,0.0,0.0,0.97286725,0.0,0.0,0.0,0.39761418,8.651648,0.0,0.0,0.0,0.0,0.0,0.0,0.0,0.0,0.0,0.0,0.0,4.178011,1.8297735,0.0,0.0,0.0,3.3936274,0.0,0.91475976,0.0,0.0,0.0,0.0,0.0,0.0,11.418552,0.0,0.0,0.0,0.0,0.0,0.0,0.0,0.0,0.0,0.0,0.0,0.0,1.4076833,0.0,0.0,0.0,0.0,0.0,0.0,7.484891,0.0,0.0,0.0,0.0,0.0,0.0,6.7068725,1.7440265,0.0,0.0,0.0,0.85307646,0.0,0.0,0.0,0.8785995,3.594753,0.0,0.0,0.0,7.0416317,0.0,0.0,2.8305252
0.0,0.0,0.0,0.0,0.0,0.0,0.0,0.0,0.0,0.0,5.4139066,0.0,0.0,0.0,0.0,11.96144,0.0,1.0397955,3.3202658,0.0,0.0,0.0,7.5092964,2.7228496,0.0,0.0,0.0,0.0,0.0,0.0,0.0,0.0,0.0,0.0,0.0,0.0,0.0,0.0,0.0,0.0,0.0,0.0,0.0,0.0,0.0,0.0,0.0,0.0,0.0,0.0,5.724219,0.0,0.0,0.0,0.0,0.0,0.0,6.9728465,4.574221,0.0,0.0,2.62671,0.0,0.0,0.0,0.0,0.0,0.0,0.0,9.055331,0.0,0.0,0.0,0.0,0.37382352,0.0,0.0,0.0,0.0,0.0,0.0,0.0,0.0,6.263006,0.0,0.4613878,0.0,4.9194484,0.0,0.0,0.0,0.0,0.0,0.0,0.0,0.0,0.0,0.0,0.0,0.0,0.0,0.0,9.219682,0.0,11.049407,0.0,0.0,0.0,0.0,0.0,0.0,0.43795446,0.0,0.0,0.0,0.0,0.0,0.0,11.439729,0.0,0.0,0.0,4.2991166,0.0,6.148546,0.0,0.0,6.504564
0.0,0.0,0.0,0.15933436,0.0,0.0,0.0,0.0,0.0,0.0,6.772753,0.0,0.0,0.0,0.0,0.0,0.0,0.0,10.382976,0.0,0.0,0.0,1.658132,6.9606023,0.0,0.0,7.6154857,0.0,6.372087,0.0,0.0,4.170545,0.0,0.0,0.0,0.0,0.0,0.0,0.0,0.0,0.0,0.0,0.0,0.0,0.0,0.0,0.0,0.0,0.31476033,0.0,5.2155466,0.0,0.0,0.0,0.0,0.0,0.0,3.486352,7.925471,0.0,0.0,0.108793184,0.0,0.0,0.0,0.0,0.0,3.669147,0.0,5.1820927,0.0,0.0,0.0,0.0,0.0,0.0,0.0,0.0,0.0,0.0,0.0,0.0,0.0,0.0,0.0,4.9257874,0.0,0.13724145,0.0,0.0,0.0,0.0,0.0,0.0,0.0,0.0,0.0,0.0,5.941372,0.0,0.0,0.0,0.9575211,0.079050034,6.6189017,0.0,0.0,0.0,0.0,0.8420331,0.0,0.0,0.0,0.0,4.9977536,2.9629707,0.0,0.0,0.0,0.0,0.0,0.0,0.88915664,0.0,1.8663125,0.0,0.0,7.058382
0.0,1.2359549,0.0,0.0,2.8075566,0.0,0.0,0.0,0.0,0.0,3.9351323,0.0,0.028759995,0.0,0.0,10.086047,0.0,0.46702933,2.7375958,0.7544339,0.0,0.0,0.0,0.0,0.0,0.0,0.0,0.0,7.3974843,0.0,0.0,0.0,0.0,0.0,0.44710693,3.5242949,0.0,0.0,0.0,7.8691554,0.0,0.0,0.0,0.0,0.0,0.0,0.0,0.0,0.0,0.0,0.7760857,0.0,0.0,0.0,0.0,0.0,2.22971,0.0,4.2351956,0.0,0.0,0.0,3.8722508,0.0,0.0,0.0,0.0,0.0,0.0,3.0267153,3.600711,0.0,0.0,0.0,0.0,0.0,3.098967,0.0,0.0,0.0,0.0,0.0,0.0,0.0,0.0,0.0,0.0,0.0,0.0,0.0,0.0,0.0,0.0,0.0,0.0,0.0,0.0,0.0,2.1782289,0.0,0.0,0.0,6.626004,0.0,0.0,0.0,0.0,0.0,0.0,0.0,3.9576645,3.9392388,0.0,0.0,5.8893423,0.0,0.0,2.934637,0.0,0.0,0.0,0.0,0.0,0.0,8.056408,0.0,0.0,0.0
0.0,0.0,0.0,0.0,0.0,2.1878593,0.0,0.0,0.0,0.0,0.0,0.0,0.0,0.0,0.0,1.4197263,0.0,6.2072434,0.0,0.0,0.0,0.0,0.0,1.9676254,0.0,0.0,0.0,0.0,0.0,0.0,0.0,0.0,6.497305,0.0,0.0,0.0,0.0,0.0,0.0,0.0,0.0,0.0,0.0,2.1565328,0.0,0.0,0.0,0.0,0.0,0.0,0.0,0.0,0.0,0.0,0.0,0.0,0.0,0.0,0.0,0.0,0.0,0.0,0.0,0.0,0.0,0.0,0.0,5.4928637,0.0,10.923323,4.386403,0.0,0.0,0.0,0.0,0.0,10.369489,0.0,0.0,0.0,7.9336014,0.0,0.0,0.0,0.0,0.0,0.0,0.0,0.0,0.0,0.0,0.0,0.0,0.0,0.0,0.0,0.0,0.0,0.0,0.0,0.0,0.0,0.0,0.0,0.0,0.0,0.0,0.0,0.0,0.0,0.95570207,0.0,0.0,0.0,0.0,4.536994,0.0,0.0,0.0,0.0,0.0,0.0,0.0,0.0,3.1326058,0.0,0.0,0.0
0.0,0.0,0.0,0.0,0.0,0.0,0.0,0.0,0.0,0.0,0.0,0.0,0.0,0.0,0.0,0.66607916,0.0,0.0,8.615086,0.0,0.0,0.0,5.9465504,0.0,0.0,0.0,0.0,0.0,0.0,0.7134256,0.0,4.468787,2.8984501,0.0,0.0,5.5127406,0.0,0.0,0.0,0.0,0.0,0.0,0.0,0.0,0.0,0.0,0.0,2.262732,0.0,0.0,0.0,0.0,0.0,0.0,0.0,0.0,0.0,0.0,0.0,0.0,0.0,6.553884,0.0,0.0,0.0,0.0,0.0,0.0,0.0,15.906217,0.0,0.0,0.0,0.0,0.0,0.0,3.5351105,0.0,0.0,0.0,0.0,0.0,0.0,11.391029,0.0,0.0,0.0,0.0,0.0,0.0,0.0,0.0,0.0,0.0,0.0,8.705058,0.0,0.0,0.0,0.0,0.0,0.0,5.2129674,0.0,6.1967,0.0,0.0,0.0,0.0,0.0,12.032947,0.0,4.334467,0.0,0.0,0.1484237,0.0,14.177091,0.0,0.03137564,3.287187,0.0,0.0,0.0,0.0,0.103986,0.0,6.577755
0.0,0.0,0.0,3.2710676,0.0,0.0,5.6469088,0.0,0.0,0.0,0.0,1.1694887,0.0,0.0,0.0,0.0,0.0,0.0,0.0,6.701546,0.0,0.0,3.7138615,7.884421,0.0,0.0,0.0,0.0,0.0,9.327666,0.0,0.0,7.0098047,4.289356,0.0,0.0,0.0,0.0,4.258437,0.0,0.0,0.0,0.0,0.0,0.0,0.0,0.0,0.0,0.0,0.0,0.0,0.0,0.0,0.0,0.0,0.0,0.0,0.0,8.165428,0.0,0.0,4.9182158,0.0,4.4660654,0.0,0.32479504,0.0,0.0,0.0,12.811769,1.8602861,0.0,0.0,0.0,1.0489168,0.0,0.0,0.0,0.0,0.0,1.4380517,0.0,0.0,4.4723334,0.0,5.502246,0.0,0.0,0.0,0.0,0.0,9.923463,0.0,0.0,0.0,0.0,0.0,0.0,0.0,0.0,0.0,0.0,3.466474,0.0,8.321644,0.0,0.4178112,0.0,0.0,0.0,0.0,0.0,0.0,0.0,0.0,0.0,0.0,0.0,0.0,0.0,1.7992892,0.0,3.8936412,0.0,0.0,0.0,0.0,0.0
0.0,2.5715754,0.19851047,0.0,0.0,0.0,0.5174337,0.0,0.0,0.0,1.212613,0.0,0.0,0.0,0.0,0.0,0.0,2.6755266,0.64705276,0.0,0.0,0.0,0.0,4.173789,0.0,0.0,2.0210645,0.0,2.353976,0.0,0.0,0.0,0.0,0.0,2.4536755,2.442046,0.0,0.0,0.0,0.0,0.0,0.0,0.0,0.0,0.0,0.0,0.0,0.0,1.7392377,0.0,0.0,4.0201325,0.0,0.0,0.0,0.0,1.5419849,0.0,1.5536431,0.0,0.0,0.0,4.353306,0.25150505,0.0,0.0,0.0,0.0,0.0,0.94377303,8.208108,0.0,0.73385346,0.0,0.0,0.0,1.4275813,0.0,0.0,0.0,0.0,3.2492926,0.0,0.0,0.0,0.0,0.0,0.8316845,0.0,0.0,0.0,0.0,0.0,0.27752978,0.0,0.0,0.0,0.0,0.2841294,0.0,0.0,0.0,0.0,1.069843,0.75089496,0.0,0.0,0.0,0.0,0.0,5.6888285,0.0,0.9669225,6.11115,0.0,0.0,0.0,0.0,0.0,0.0,0.0,0.0,0.0,0.0,0.0,0.0,0.6722107,0.0
0.0,2.8207624,0.0,4.3733897,0.0,0.0,0.0,6.2258897,0.0,0.0,11.73087,16.087202,6.825604,0.0,0.0,0.0,0.0,0.0,5.064648,6.312852,0.0,0.0,0.0,0.0,0.0,0.0,0.0,0.0,0.0,0.0,0.0,0.0,6.489309,0.0,9.2092495,5.5998993,0.0,0.0,0.0,4.977664,0.0,0.0,0.0,0.0,0.0,0.0,0.0,0.0,0.0,0.0,12.09197,6.1507354,0.0,0.0,0.0,0.0,6.3935375,0.0,8.617735,0.0,0.0,0.0,0.0,18.290922,0.0,0.0,0.0,0.0,0.0,0.0,0.0,0.0,0.0,0.0,4.469741,0.0,0.0,0.0,0.0,0.0,3.9298573,0.0,0.0,14.955982,0.0,0.0,0.0,0.0,0.0,0.0,0.0,0.0,0.0,0.0,0.0,3.104249,0.0,0.0,0.0,0.0,0.0,0.0,20.6298,0.0,0.0,0.0,0.0,0.0,0.0,0.0,0.0,4.6834197,0.0,0.0,0.0,0.0,0.0,7.0338216,0.0,0.0,0.0,0.0,0.037654094,0.0,10.053113,0.0,0.0,0.0
0.0,0.0,0.0,10.266001,0.0,0.0,9.880338,0.0,0.0,0.0,0.7211454,0.0,0.0,0.0,0.0,0.0,0.0,0.0,7.6422744,0.0,0.0,0.0,0.0,7.0041814,0.0,0.0,4.658281,0.0,0.0,0.0,0.0,0.0,0.0,3.5960045,3.7043753,0.0,0.0,0.0,0.74268675,0.0,0.0,0.0,0.0,0.0,0.0,7.568055,0.0,0.0,4.2878957,0.0,0.0,13.346352,1.5721369,0.0,0.0,0.0,0.0,7.8435717,0.89294136,0.0,0.0,0.0,3.368921,7.226411,0.0,0.0,0.0,1.9990549,0.0,4.7182593,0.0,0.0,0.0,0.0,0.0,0.0,5.9770346,0.0,0.0,0.0,0.5052535,0.0,0.0,0.0,0.0,0.0,0.0,0.0,0.0,0.0,0.0,1.4006634,0.0,0.0,0.0,0.0,0.0,0.0,0.0,0.0,0.0,0.0,0.0,0.0,1.1199234,0.0,0.0,0.0,0.0,0.0,6.540125,0.0,0.0,9.006704,9.626039,0.0,0.0,0.0,0.0,8.057128,0.0,0.0,0.0,0.0,1.4917239,5.5437856,0.0,2.394962
0.0,0.0,0.0,0.85526204,0.0,0.0,0.0,0.0,0.0,0.0,0.0,0.0,5.1067896,0.0,0.0,0.0,0.0,1.4250989,1.4275475,0.0,0.0,0.0,0.0,1.8772571,0.0,0.0,0.0,0.0,1.5240701,0.0,0.0,0.0,4.899104,0.0,2.0009258,0.0,0.0,0.0,0.0,0.0,4.280881,0.0,0.0,0.0,0.0,0.0,0.0,0.0,1.1107903,0.0,0.0,7.2361636,0.0,0.0,0.0,0.0,1.0713277,6.4661174,1.1895771,0.0,0.0,0.0,0.0,0.0,0.0,0.0,0.0,2.7202873,0.0,0.0,0.0,0.0,0.0,0.0,0.0,0.0,7.4387283,0.0,0.0,0.0,6.5853014,0.0,0.0,0.0,0.0,0.0,0.0,0.0,0.0,0.0,0.0,2.5978851,0.0,4.047408,0.0,0.0,0.0,0.0,0.0,0.0,0.0,0.0,0.0,0.0,0.0,0.0,0.0,0.0,0.0,0.0,3.600867,0.0,4.1448107,3.3247163,3.921898,2.3240104,0.0,0.0,0.0,0.0,0.0,0.0,0.0,0.0,5.2796907,0.0,0.0,2.4287074
0.0,0.0,0.0,0.0,0.0,0.0,0.0,0.0,0.0,0.0,1.6822684,3.9359138,2.0450501,0.0,0.0,0.0,0.0,2.161666,1.6186891,0.0,0.0,0.0,0.0,3.6086247,0.0,0.0,0.0,0.0,8.403694,0.0,0.7981768,0.0,0.0,0.0,3.9723668,6.832544,0.0,0.0,0.0,0.0,0.0,0.0,0.0,0.0,0.0,0.0,0.0,0.0,0.0,0.0,5.403814,7.4374437,0.0,0.0,0.0,0.0,1.0117344,2.8016748,4.3787713,0.0,0.0,0.0,7.2171073,0.0,0.0,0.0,0.0,0.0,0.0,0.0,8.394571,0.0,0.471522,0.0,5.821661,0.0,0.0,0.0,0.0,0.0,0.0,5.157491,0.0,0.0575534,0.0,0.0,0.0,3.824397,0.0,0.0,0.0,0.0,0.0,0.0,0.0,0.0,0.0,0.0,2.9197276,0.0,0.0,0.0,0.0,0.0,0.0,0.0,0.0,0.0,0.0,0.0,0.0,3.563185,0.0,4.5556326,4.789705,1.6480539,0.0,0.0,0.0,0.0,0.0,0.0,0.0,0.0,0.7307114,0.0,0.0,0.07190543
0.0,3.046422,0.41075638,0.0,0.0,0.0,1.8700742,0.0,0.0,0.0,3.6387818,0.0,0.0,0.0,0.0,1.8517838,0.0,0.0,2.6534507,2.8543587,0.0,0.0,0.0,0.0,0.0,0.0,0.0,0.0,9.645246,0.0,0.0,0.0,0.0,0.0,5.0863323,2.696569,0.0,0.0,0.0,7.4067097,0.0,0.0,0.0,0.0,0.0,0.0,0.0,0.0,4.0754523,0.0,0.0,0.0,0.0,0.0,0.0,0.0,3.3097582,0.0,8.496393,0.0,0.0,0.0,6.2801127,1.8090304,0.0,0.0,0.0,0.0,0.0,0.0,5.019445,0.0,0.0,0.0,0.0,0.0,0.0,0.0,0.0,0.0,0.0,0.0,0.0,0.92082673,0.0,0.0,0.0,0.0,0.0,0.0,0.0,0.0,0.0,0.0,0.0,0.0,0.0,0.0,9.257749,0.0,0.0,0.0,5.9957304,0.0,0.0,0.0,0.0,0.0,0.0,0.0,2.2639601,3.318474,0.0,2.4680564,2.8862789,0.6435924,0.0,0.0,0.0,0.0,0.0,0.0,0.0,0.0,4.477216,0.0,0.0,0.0
0.0,0.0,0.0,0.0,0.0,0.0,0.0,0.0,0.0,0.0,0.0,0.0,0.0,0.0,0.0,0.0,0.0,7.078628,9.92833,0.0,0.0,0.0,5.4898815,12.156682,0.0,0.0,2.8982444,0.0,7.7868776,0.0,3.053073,0.0,0.0,0.0,0.0,6.3847675,7.736702,0.0,0.0,0.0,0.0,0.0,0.0,0.0,0.0,0.0,4.311969,5.8163333,2.7977703,0.0,3.5214813,0.0,1.9649833,0.0,0.0,0.0,3.966136,4.5976934,0.0,0.0,0.0,0.0,0.0,0.0,0.0,0.0,0.0,0.0,0.0,3.3069506,8.707535,0.0,0.0,0.0,0.0,0.0,0.0,0.0,0.0,0.0,0.0,0.8137811,0.0,7.717032,2.884864,0.0,0.0,0.0,0.0,0.0,0.0,0.0,0.0,0.0,0.0,0.0,0.0,0.0,7.2768793,0.0,0.0,0.0,5.5549517,5.443782,2.9333785,0.0,12.196644,0.9429911,0.0,0.0,0.0,0.0,0.0,0.0,0.0,11.902518,0.0,0.0,0.0,0.0,0.0,0.0,0.7606867,0.0,0.0,0.0,0.0,6.5015683
0.0,0.0,1.8105203,4.3102965,0.0,0.0,10.276596,0.0,0.0,0.0,0.0,0.2959369,0.0,0.0,0.0,0.0,0.0,6.4805064,6.26092,0.19314718,0.0,0.0,0.0,2.9576645,0.0,0.0,0.0,0.0,3.2353911,0.0,0.0,0.0,0.0,1.8302907,0.12731087,0.2480301,5.706089,0.0,0.0,0.0,0.0,0.0,0.0,0.0,0.0,0.0,0.0,0.0,5.4983535,0.0,0.0,11.33661,0.0,0.0,0.0,0.0,6.990897,2.3875668,0.011908013,0.0,0.0,0.0,6.6903424,0.04568831,0.0,0.0,0.0,0.0,0.0,0.0,3.494342,0.0,0.0,0.0,0.0,0.0,0.20973384,0.0,0.0,0.0,0.0,0.0,0.0,0.0,0.0,0.0,0.0,0.0,0.0,0.0,0.0,0.0,0.0,0.0,0.0,0.0,0.0,0.0,0.37838936,0.0,0.0,0.0,0.7653629,0.0,0.0,0.0,0.0,0.0,0.0,0.0,0.3324796,0.0,0.0,0.0,4.893352,0.4477733,0.0,0.0,0.0,0.0,0.0,0.0,0.0,0.0,2.1934378,0.0,0.0,0.0
0.0,0.0,0.0,3.6244981,0.0,0.0,0.0,0.0,0.0,0.0,0.0,5.137327,0.0,0.0,0.0,0.0,0.0,0.0,0.0,0.0,0.0,0.0,3.7623124,0.0,0.0,0.0,0.0,0.0,0.0,0.0,0.0,0.0,2.7164407,0.0,1.1525719,0.0,0.0,0.0,1.5907662,0.0,0.0,0.0,0.0,0.0,0.0,0.0,0.0,0.0,0.0,0.0,2.8731465,0.0,0.0,0.0,0.0,0.0,0.0,2.3026087,0.83844364,0.0,0.0,0.0,0.0,0.0,0.0,0.0,0.0,5.28748,0.0,6.595112,0.0,0.0,0.0,0.0,4.73117,0.0,0.0,0.0,0.0,0.0,0.20934518,0.0,0.0,3.0826838,0.0,4.8453755,0.0,0.0,0.0,0.0,0.0,5.643337,0.0,0.0,0.0,0.0,0.0,0.0,0.0,0.0,0.0,0.0,0.0,0.0,0.0,0.0,0.0,0.0,0.0,0.0,0.0,2.6034782,2.1034122,0.0,0.0,5.418077,0.0,0.0,0.0,0.0,0.0,0.0,0.0,0.0,0.0,0.0,0.0,0.0
0.0,0.0,0.0,1.8060603,0.0,1.6504946,0.0,0.0,0.0,0.0,0.0,0.0,0.45408458,0.0,0.0,0.0,0.0,6.4730525,2.3155286,0.0,0.0,0.0,0.0,12.014773,0.0,0.0,0.0,0.0,2.8823152,0.0,2.7530737,0.0,0.0,0.0,1.3887551,4.194065,0.0,0.0,0.0,0.0,0.0,0.0,0.0,0.0,0.0,0.0,0.0,0.0,0.66023946,0.0,1.6758478,5.9797053,0.0,0.0,0.0,0.0,3.8145633,3.820801,0.0,0.0,0.0,0.0,0.0,0.0,1.5632559,0.0,0.0,0.0,0.0,0.9150149,7.1937227,0.0,0.0,0.0,1.0405226,0.0,4.978297,0.0,0.0,0.0,3.161144,0.0,0.0,3.1091118,0.0,0.0,0.0,0.0,0.0,0.0,0.0,0.0,0.0,0.0,0.0,0.0,0.0,0.0,0.0,0.0,0.0,0.0,0.0,0.49745855,0.23508444,0.0,0.0,0.0,0.0,0.0,7.5155754,0.0,0.0,5.60991,0.0,2.803596,0.0,0.0,0.0,0.3728289,0.0,0.0,0.0,0.0,0.0,0.0,0.0,3.6576993
0.0,0.0,0.0,0.0,0.0,0.0,4.8651724,0.0,0.0,0.0,9.103994,2.8458216,0.0,0.0,0.0,1.3972813,0.0,0.0,0.3283675,0.0,0.0,0.0,0.0,0.0,0.0,0.0,2.223331,0.0,3.669944,4.351954,0.0,0.0,0.0,0.86720425,1.5999876,0.94656384,0.0,0.0,0.0,4.5363436,0.0,0.0,0.0,0.0,0.0,0.0,0.0,0.0,0.0,0.0,0.0,6.6542797,0.0,0.0,0.0,0.0,0.0,0.94714886,10.33343,0.0,0.0,0.0,8.801042,3.426132,0.0,0.0,0.0,0.0,0.0,0.7597411,2.873516,0.0,0.0,0.0,0.0,0.0,0.0,0.0,0.0,0.0,0.0,0.0,0.0,0.0,0.0,0.0,0.0,0.0,0.0,0.0,0.0,0.0,0.0,0.0,0.0,0.0,0.0,0.0,6.2594156,0.0,0.0,0.0,1.0574839,0.0,0.0,0.0,0.0,0.0,0.0,0.0,0.6668514,0.3313041,0.0,3.2580552,2.6306038,0.0,0.0,0.0,0.0,0.0,0.0,0.0,0.0,0.0,0.0,0.0,0.0,0.0
0.0,0.0,0.0,0.6862563,0.0,0.0,0.0,0.0,0.0,0.0,0.0,0.0,2.7219713,0.0,0.0,0.0,0.0,1.4691546,1.0363573,0.0,0.0,0.0,0.0,3.7089639,0.0,0.0,0.0,0.0,0.0,0.0,0.0,2.1902049,3.0775025,0.0,0.0,0.0,0.0,0.0,0.0,0.0,0.0,0.0,0.0,0.0,0.0,0.9075955,0.0,0.0,0.42253497,0.0,0.3327747,4.9125834,0.0,0.0,0.0,0.0,2.2723525,6.148216,0.0,0.0,0.0,0.40361136,0.0,0.0,0.0,0.0,0.0,0.0,0.0,0.0,0.0,0.0,0.0,0.0,0.0,0.0,6.3963633,0.0,0.0,0.0,5.9405746,0.0,0.0,0.0,0.0,0.0,0.0,0.0,0.0,0.0,0.0,0.0,0.0,4.120553,0.0,0.0,0.0,0.0,0.0,0.0,0.0,0.0,0.0,0.4405662,0.0,0.0,0.0,0.0,0.0,0.0,7.8387275,0.0,4.723812,4.276209,0.39702642,0.0,0.0,0.0,0.0,0.0,0.0,0.0,0.0,0.0,2.0249333,0.0,0.0,0.22192714
0.0,0.0,0.0,0.3056921,0.0,0.0,0.0,0.0,0.0,0.0,0.0,0.0,0.0,0.0,0.0,4.492246,0.0,0.12933156,2.605836,0.0,0.0,0.0,5.2918563,0.6731781,0.0,0.0,0.0,0.0,0.0,0.0,0.0,0.0,0.059766427,0.0,0.12030685,2.832731,0.0,0.0,0.2923745,0.0,0.0,0.0,0.0,0.0,0.0,0.0,0.0,0.0,0.0,0.0,1.1867466,0.0,0.0,0.0,0.0,0.0,1.3338484,2.3038812,0.0,0.0,0.0,0.4221433,0.0,0.0,0.0,0.0,0.0,0.0,0.0,8.008915,0.0,0.0,0.0,0.0,5.3608303,0.0,0.26403448,0.0,0.0,0.0,0.0,0.0,0.0,0.9268257,0.0,0.0043705236,0.0,0.0,0.0,0.0,0.0,1.7357036,0.0,0.0,0.0,0.0,0.0,0.0,1.1874363,0.0,0.0,0.0,5.084041,0.0,0.0,0.0,0.0,0.0,0.0,0.0,0.074527174,1.7289758,0.0,0.0,4.0599976,6.367794,0.0,0.0,0.0,0.64714,0.0,0.0,0.17741735,0.0,4.769374,1.8685347,0.0,0.0
0.0,0.0,0.0,0.0,0.0,0.0,1.7435766,0.0,0.0,0.0,5.6990314,3.6963234,0.0,0.0,0.0,0.1756877,0.0,0.0,0.0,0.0,0.0,0.0,0.7211769,1.2645622,0.0,0.0,2.2302046,0.0,0.0,7.567153,0.0,0.0,3.8097117,0.0,0.1092601,0.0,0.0,0.0,0.0,0.0,0.0,0.0,0.0,0.0,0.0,0.0,0.0,0.0,0.0,0.0,0.0,0.0,0.0,0.0,0.0,0.0,0.0,0.0,5.4504385,0.0,0.0,0.0,0.0,2.1623235,0.0,0.0,0.0,1.2263181,0.0,13.166694,1.900257,0.0,0.0,0.0,0.0,0.0,0.0,0.0,0.0,0.0,1.3086404,0.0,0.0,4.4157057,0.0,3.9383104,0.0,0.0,0.0,0.0,0.0,0.0,0.0,0.0,0.0,0.0,0.0,0.0,0.0,0.0,0.0,0.0,0.0,0.0,4.012357,0.0,1.3961279,0.0,0.0,0.0,0.0,0.0,0.0,0.0,0.0,2.6689105,0.0,0.0,0.0,0.0,0.0,0.0,0.0,0.0,0.0,0.0,0.0,0.0
0.0,0.0,3.7718723,4.7383685,0.0,0.0,3.8564975,0.0,0.0,0.0,1.6297265,0.07717264,0.06905408,0.0,0.0,0.6220349,0.0,0.0,0.0,3.2802327,0.0,0.0,0.0,0.81388277,0.0,0.0,0.0,0.0,0.0,0.0,0.0,0.0,1.2852198,6.3737793,2.3645277,0.32686782,0.0,0.0,5.0757785,0.0,0.0,0.0,0.0,0.0,0.0,0.0,0.0,0.0,0.0,0.0,0.0,2.6277165,0.0,0.0,0.0,0.0,0.0,3.4343562,7.031891,0.0,0.0,0.0,0.0,0.0,0.0,0.0,0.0,0.0,0.0,4.054061,0.0,0.0,0.0,0.0,1.4665881,0.0,0.0,0.0,0.0,0.0,0.0,0.0,0.0,0.46277675,0.0,0.0,0.0,0.0,0.0,0.0,0.0,6.0331955,0.0,0.0,0.0,0.0,0.0,0.0,0.0,0.0,0.0,0.0,1.2574334,0.0,0.18972582,0.0,0.0,0.0,0.0,0.0,0.0,0.0,0.0,0.0,1.3577086,0.0,0.0,0.0,0.0,0.43690434,0.0,0.0,0.0,0.0,3.6691797,0.0,0.0,1.4236773
0.0,0.4066126,0.0,0.0,0.0,0.0,5.323154,0.0,0.0,0.0,0.0,0.0,4.7944407,0.0,0.0,7.3915434,0.0,1.1966242,3.8451235,1.6078033,0.0,0.0,0.0,0.0,0.0,0.0,0.0,0.0,0.0,0.0,0.0,1.1855428,0.0,0.0,1.7494514,1.627542,0.0,0.0,2.1147552,0.0,0.0,0.0,0.0,0.0,0.0,0.0,0.0,0.0,0.0,0.0,0.0,0.0,2.371389,0.0,0.0,0.0,4.8465943,5.2964587,0.0,0.0,0.0,0.0,0.0,0.0,0.0,0.0,0.0,0.0,0.0,0.0,2.793609,0.0,0.0,0.0,0.0,0.0,4.359083,0.0,0.0,0.0,0.0,0.0,0.0,6.6909714,0.0,0.0,0.0,0.0,0.0,0.0,0.0,0.0,0.0,0.0,0.0,0.0,0.0,0.0,0.0,0.0,0.0,0.0,0.18098791,7.495611,0.0,0.0,0.0,0.0,0.0,0.0,12.602924,0.0,0.0,0.0,0.0,1.7761903,0.0,0.0,0.0,3.2258053,3.867536,0.0,0.0,0.0,4.284352,0.0,0.0,1.9983797
0.0,0.0,0.0,0.0,0.0,0.0,2.959295,0.0,0.0,0.0,0.0,7.4566426,0.17066047,0.0,0.0,0.0,0.0,0.0,10.532116,12.100663,0.0,0.0,4.4852242,0.0,0.0,0.0,0.0,0.0,0.0,0.0,0.0,7.649662,3.5113697,0.0,2.1061025,2.5238688,0.0,0.0,6.7779655,0.0,0.0,0.0,0.0,0.0,0.0,0.0,0.0,0.0,0.0,0.0,0.65558714,0.0,0.0,0.0,0.0,0.0,8.82574,0.0,0.0,0.0,0.0,0.0,0.0,13.657828,0.0,0.0,0.0,0.0,0.0,0.0,0.0,0.0,0.0,0.0,3.0381877,0.0,0.0,0.0,0.0,0.0,0.0,0.0,0.0,21.896288,0.0,0.0,0.0,0.0,0.0,0.0,0.0,4.3850846,0.0,0.0,0.0,0.0,0.0,0.0,0.0,0.0,0.0,0.0,18.202375,0.0,0.0,0.0,0.0,0.0,0.0,0.0,0.0,3.0401447,0.0,0.0,0.0,6.7011485,0.0,0.0,0.0,0.0,9.381194,0.0,0.0,0.0,0.0,0.0,0.0,0.0
0.0,0.0,2.0899231,0.42403573,0.0,0.0,8.139941,0.0,0.0,0.0,2.114742,0.0,0.0,0.0,0.0,0.0,0.0,0.0,4.0064607,0.0,0.0,0.0,0.0,0.0,0.0,0.0,3.9468975,0.0,1.4977318,0.0,0.0,0.0,0.0,0.43381932,2.2984436,0.0,0.0,0.0,5.154749,0.0,0.0,0.0,0.0,0.0,0.0,0.0,0.0,0.0,3.1382585,0.0,0.6004719,7.6133766,0.0,0.0,0.0,0.0,0.0,9.105674,10.510984,0.0,0.0,0.0,6.2970977,0.0,0.0,0.0,0.0,0.0,0.0,0.0,0.0,0.0,0.0,0.0,1.4761257,0.0,0.0,0.0,0.0,0.23149714,0.0,0.0,0.0,0.0,0.0,0.0,0.0,0.0,0.0,0.0,0.0,0.0,0.0,0.0,0.0,1.2125428,0.0,0.0,5.6115074,0.0,0.6189379,0.0,3.038969,0.0,2.448048,0.0,0.0,0.0,0.0,0.0,1.7147883,0.0,0.0,0.0,7.7726374,0.0,0.0,0.0,0.0,0.0,0.0,0.0,0.0,0.0,1.8217568,0.0,0.0,5.6078196
0.0,0.0,0.0,0.0,0.0,0.0,7.2572284,0.0,0.0,0.0,3.2710025,0.0,0.0,0.0,0.0,8.098591,0.0,9.3628,5.704116,0.0,0.0,0.0,0.0,5.5550942,0.0,0.0,0.0,0.0,0.0,0.0,0.0,0.0,3.3522782,0.057732016,0.0,0.0,0.0,0.0,9.836448,0.0,0.0,0.0,0.0,0.0,0.0,0.0,0.0,0.0,0.0,0.0,3.644614,0.0,0.0,0.0,0.0,0.0,0.0,0.36755115,5.3911633,0.0,0.0,4.1751075,0.0,0.0,0.0,0.0,0.0,1.853729,0.0,12.261759,0.0,0.0,0.0,0.0,1.9451251,0.0,0.0,0.0,0.0,0.0,0.0,0.0,0.0,0.0,0.0,2.70117,0.0,0.0,0.0,0.0,0.0,0.0,0.0,0.0,0.0,0.0,0.0,0.0,1.2207652,0.0,0.0,0.0,0.95589536,10.200558,16.603859,0.0,0.0,0.0,0.0,0.0,0.0,3.6990197,0.0,0.0,0.0,5.1036777,0.0,0.0,2.6669314,0.0,0.6055293,0.0,0.0,0.0,0.0,0.0,0.0,4.19351
0.0,0.78663886,0.0,1.4184988,0.0,0.0,0.0,0.0,0.0,0.0,7.136679,4.035894,1.0080105,0.0,0.0,0.0,0.0,0.0,0.0,0.0,0.0,0.0,0.0,0.0,0.0,0.0,0.0,0.0,1.9250029,0.0,0.0,0.0,0.0,0.7592345,3.471327,4.906261,1.2564896,0.0,0.0,6.424171,0.0,0.0,0.0,0.0,0.0,0.0,0.0,0.0,0.0,0.0,0.0,5.5472136,0.0,0.0,0.0,0.0,0.16699982,1.3529617,6.144605,0.0,0.0,0.0,3.64745,2.5070438,0.0,0.0,0.0,0.0,0.0,0.0,3.0394402,0.0,0.0,0.0,0.75761145,0.0,0.0,0.0,0.0,0.0,0.0,0.0,0.0,0.0,0.80388474,0.0,0.0,0.0,0.0,0.0,0.0,0.0,0.0,0.0,0.0,0.0,0.0,0.0,2.550452,0.0,0.0,0.0,6.090406,0.0,0.0,0.0,0.0,0.0,0.0,0.0,0.0,1.2247074,0.0,0.0,2.6215813,0.0,0.0,0.0,0.0,0.0,0.0,0.0,0.0,0.0,4.5536394,0.0,0.0,0.0
0.0,0.0,2.4135885,4.2417135,0.0,0.0,0.0,0.0,0.0,0.0,3.4414499,11.851822,4.665012,0.0,0.0,0.0,0.0,0.0,0.0,0.0,0.0,0.0,0.0,0.0,0.0,0.0,0.0,0.0,0.0,0.0,0.0,0.0,1.8595273,0.0,0.0,0.0,0.0,0.0,0.0,0.0,0.0,0.0,0.0,0.0,4.0912547,0.0,0.0,0.0,0.0,0.0,11.178942,8.293601,0.0,0.0,0.0,0.0,0.0,0.0,6.141808,0.0,0.0,0.38006866,3.8425355,9.340824,0.0,0.0,0.0,0.0,0.0,1.6618294,12.474578,0.0,0.0,0.0,4.9333134,0.0,0.0,0.0,0.0,0.0,6.147509,0.0,0.0,4.7451706,0.0,0.0,0.0,9.793033,0.0,0.0,0.0,0.0,0.0,0.0,0.0,0.0,0.0,0.0,0.0,0.0,0.0,0.0,4.4937224,0.0,0.2518983,0.0,0.9238172,0.0,0.0,0.0,0.0,6.9800997,0.0,0.0,0.0,0.0,0.0,0.0,0.0,0.0,0.0,0.0,0.0,0.0,0.0,0.0,0.0,0.0
0.0,0.0,0.0,2.4164069,0.9261318,2.1661959,0.0,0.0,0.0,0.0,0.0,0.0,0.0,0.0,0.0,0.0,0.0,2.6958318,0.0,0.0,0.0,0.0,0.0,4.811688,0.0,0.0,0.0,0.0,0.0,0.0,0.0,0.0,2.8309777,0.0,0.0,0.0,0.0,0.0,0.0,0.0,0.0,0.0,0.0,0.0,0.0,1.5547893,0.0,0.0,0.0,0.0,0.44857222,2.6908877,0.0,0.0,0.0,0.0,5.7773213,0.0,0.0,0.0,0.0,3.2512698,0.0,0.0,0.0,0.0,0.0,0.0,0.0,2.1028469,5.807539,2.3877864,0.0,0.0,1.771773,0.0,7.073943,0.0,0.0,0.0,2.981397,1.9556043,0.0,0.0,0.0,0.0,0.0,0.0,0.0,0.0,0.0,0.0,0.0,1.1726416,0.0,0.0,0.0,0.0,0.0,0.0,0.0,0.0,0.0,0.0,0.0,0.0,0.0,0.0,0.0,0.0,5.073265,0.0,5.4249473,2.2704232,0.0,0.8872182,0.0,0.0,0.0,0.0,0.0,0.0,0.0,0.0,0.0,0.0,0.0,0.0
0.0,0.0,0.0,0.0,0.0,0.0,0.0,0.0,0.0,0.0,6.603062,3.3953326,0.3214213,0.0,0.0,0.0,0.0,0.0,0.0,0.0,0.0,0.0,2.8588762,0.0,0.0,0.0,0.0,0.0,0.0,1.14814,0.0,0.0,0.0,0.118432105,6.7353954,2.3652804,0.0,0.0,0.8415109,0.0,0.0,0.0,0.0,0.0,0.0,0.0,0.0,0.0,0.0,0.0,7.489716,2.6692145,0.0,0.0,0.0,0.0,0.0,6.640922,5.9368706,0.0,0.0,0.0,0.0,0.11231371,0.0,0.0,0.0,3.7545345,0.0,8.087604,3.4555373,0.0,0.0,0.0,3.2792323,0.0,0.0,0.0,0.0,0.0,0.0,0.0,0.0,3.8571498,0.0,0.0,0.0,0.0,0.0,0.0,0.0,1.5669515,0.0,0.0,0.0,0.0,0.0,0.0,7.92444,0.0,0.0,0.0,2.0522661,2.7048948,1.3781576,0.0,0.0,0.0,0.0,0.0,0.0,9.476134,0.0,0.9207997,0.0,2.8902428,0.0,0.0,0.0,0.0,0.0,0.0,3.1068554,0.0,0.0,0.0,0.0,0.0
0.0,2.5735526,0.0,0.0,0.040450465,0.0,0.0,0.0,0.0,0.0,4.916416,0.0,0.0,0.0,0.0,0.71538097,0.0,0.3245493,1.1127423,3.2908106,0.0,0.0,0.0,0.0,0.0,0.0,0.0,0.0,4.817472,0.0,0.0,0.0,0.0,0.0,7.796245,2.6123004,0.0,0.0,0.0,8.780884,0.0,0.0,0.0,0.0,0.0,0.0,0.0,0.0,3.0945098,0.0,0.0,6.0520973,0.0,0.0,0.0,0.0,2.2272131,0.0,4.450836,0.0,0.0,0.0,1.4288039,3.9785533,0.0,0.0,0.0,0.0,0.0,0.23503715,3.400105,0.0,0.0,0.0,0.0,0.0,3.5635266,0.0,0.0,0.0,3.325332,0.0,0.0,0.0,0.0,0.0,0.0,0.0,0.0,0.0,0.0,0.0,0.0,0.0,0.0,0.0,0.0,0.0,0.58364356,0.0,0.0,0.0,0.9862021,0.0,0.0,0.0,0.0,0.0,0.0,0.0,7.8314285,0.0,0.0,4.971714,4.604206,0.0,0.0,0.0,0.0,0.0,0.0,0.0,0.0,0.0,7.289304,0.0,0.0,0.0
0.0,0.0,0.0,1.5619594,3.6765938,4.027123,0.0,0.0,0.0,0.0,0.0,0.0,3.0124433,0.0,0.0,0.0,0.0,2.0452302,0.0,0.0,0.0,0.0,0.0,1.7224619,0.0,0.0,0.0,0.0,2.39518,0.0,0.0,0.0,2.7772439,0.0,3.3432963,0.0,0.0,0.0,0.0,0.0,4.5436544,0.0,0.0,0.0,0.0,0.30203977,0.0,0.0,0.0,0.0,0.7616538,4.8857093,0.0,0.0,0.0,0.0,1.0111561,2.3021705,1.4302361,0.0,0.0,0.0,0.0,0.0,0.0,0.0,0.0,5.882392,0.0,0.0,2.653093,0.0,0.0,0.0,0.0,0.0,7.9283648,0.0,0.0,0.0,7.4922957,0.0,0.0,0.0,0.0,0.0,0.0,0.0,0.0,0.0,0.0,0.0,0.0,1.2574306,0.0,0.0,0.0,0.0,0.0,0.0,0.0,0.0,0.0,0.0,0.0,0.0,0.0,0.0,0.0,0.0,1.4616133,0.0,5.931264,0.0,0.0,2.106509,0.0,0.0,0.0,0.0,0.0,0.0,0.0,0.0,5.256922,0.0,0.0,0.0
0.0,0.0,0.0,3.9490461,0.0,0.0,0.23964451,0.0,0.0,0.0,0.0,0.7707212,4.285735,0.0,0.0,0.0,0.0,0.7883328,0.0,0.0,0.0,0.0,0.0,0.38258535,0.0,0.0,0.0,0.0,0.0,0.0,0.0,0.0,7.84786,0.0,0.0,0.0,0.0,0.0,0.0,0.11208551,4.667445,0.0,0.0,0.0,0.0,1.5024863,0.0,0.0,0.0,0.0,0.9273059,7.433903,0.0,0.0,0.0,0.0,0.6475827,5.166978,4.783477,0.0,0.0,0.0,3.5369937,0.0,0.0,0.0,0.0,4.2096195,0.0,0.0,0.0,0.0,0.0,0.0,0.0,0.0,8.992763,0.0,0.0,0.0,7.2827663,0.0,0.0,0.0,0.0,0.0,0.0,0.0,0.0,0.0,0.0,2.615938,0.0,0.0,0.0,0.0,0.0,0.0,0.0,0.0,0.0,0.0,0.0,0.0,0.0,0.0,0.0,0.0,0.0,0.0,0.0,0.0,3.2084317,0.0,4.3295703,0.09561998,0.0,0.0,0.0,0.0,0.0,0.0,0.0,1.8792093,4.0747457,0.0,0.0,0.0
0.0,0.0,0.0,6.7721167,0.0,0.0,15.588728,0.0,0.0,0.0,0.0,0.9243138,0.0,0.0,0.0,0.0,0.0,0.0,15.824203,9.0391655,0.0,0.0,0.0,0.0,0.0,0.0,0.0,0.0,0.0,0.0,0.0,0.0,0.0,0.0,1.2938061,0.0,3.7489111,0.0,7.709969,0.0,0.0,0.0,0.0,0.0,0.0,0.0,0.0,0.0,0.0,0.0,0.0,5.1733704,9.871672,0.0,0.0,0.0,10.477258,0.0,0.0,0.0,0.0,0.0,0.0,0.092295505,0.0,0.0,0.0,0.0,0.0,9.3845215,0.0,0.0,0.0,0.0,0.0,0.0,9.054708,0.0,0.0,0.0,3.7523136,0.0,0.0,3.056257,0.0,0.0,0.0,0.0,0.0,0.0,0.0,0.73721266,0.0,0.0,0.0,0.0,0.0,0.0,0.0,0.0,0.0,0.0,5.7511115,0.0,0.0,0.0,0.0,0.0,0.0,0.0,6.7527304,0.0,0.0,0.0,7.5041146,5.7011423,0.0,0.0,0.0,0.0,0.0,0.0,0.0,0.0,0.0,3.8431513,0.0,0.0
0.0,0.0,0.0,0.0,0.0,0.0,5.727649,0.0,0.0,0.0,1.7851956,1.3865621,0.2555308,0.0,0.0,0.0,0.0,0.0,8.322769,0.0,0.0,0.0,2.3613214,0.06028037,0.0,0.0,4.9574943,0.0,6.294071,0.0,0.0,0.0,0.0,0.0,5.718653,0.0,0.0,0.0,0.0,0.0,6.30732,0.0,0.0,0.0,0.0,0.68979895,0.0,0.0,4.302444,0.0,4.871031,3.0767574,0.0,0.0,0.0,0.0,0.7479459,7.265382,8.375743,0.0,0.0,0.0,5.569715,5.899735,0.0,0.0,0.0,5.3813367,0.0,0.0,0.0,0.0,0.0,0.0,0.0,0.0,0.0,0.0,0.0,0.0,0.0,0.0,0.0,0.0,0.0,1.9435296,0.0,0.0,0.0,0.0,0.0,0.0,0.0,0.0,0.0,0.0,0.0,0.0,4.809524,0.0,0.0,0.0,2.967166,0.0,0.0,0.0,0.90516126,0.0,0.0,0.0,0.0,0.0,0.0,1.7088113,4.1065874,2.60442,0.0,0.0,0.0,0.0,0.0,0.0,3.7354121,0.0,3.9846883,0.0,0.0,3.1881568
0.0,0.0,0.0,3.1213202,0.0,0.0,7.2878203,0.0,0.0,0.0,8.673395,0.0,5.9919095,0.0,0.0,0.0,0.0,0.0,0.0,0.0,0.0,0.0,0.0,4.6343107,0.0,0.0,8.02864,0.0,0.0,0.0,0.0,0.0,0.0,0.0,2.8806202,0.0,0.0,0.0,0.0,0.0,0.0,0.0,0.0,0.0,0.0,3.0675285,0.0,0.0,1.698507,0.0,5.5568357,7.9872236,0.0,0.0,0.0,0.0,0.0,12.263337,0.98493105,0.0,0.0,0.0,0.00043747947,0.0,0.0,0.0,0.0,7.1466994,0.0,0.9375549,0.0,0.0,3.7667408,0.0,2.3077397,0.0,0.21423075,0.0,0.0,0.0,0.0,0.0,0.0,0.0,0.0,0.0,0.0,0.0,0.0,0.0,0.0,4.9840302,0.0,0.9752784,0.0,0.0,0.0,0.0,0.0,0.0,0.0,0.0,0.0,4.6986227,6.2206473,0.0,0.0,0.0,0.0,0.0,3.2558043,0.0,9.784369,2.5280168,1.4531773,0.0,0.0,0.0,0.0,0.7746983,6.70246,0.0,0.0,0.0,0.0,0.0,0.0,2.4641757
0.0,0.0,0.0,10.445349,0.0,0.0,10.611919,0.0,0.0,0.0,0.0,0.0,0.0,0.0,0.0,0.0,0.0,9.769194,7.422725,0.0,0.0,0.0,0.0,0.23156655,0.0,0.0,0.0,0.0,0.0,0.0,0.0,0.0,5.030569,0.10364923,0.0,0.0,0.0,0.0,9.024225,0.0,0.0,0.0,0.0,0.0,0.0,4.662436,0.0,0.0,4.7857113,0.0,0.68666255,4.4104238,2.6233444,0.0,0.0,0.0,3.510273,7.9036193,0.0,0.0,0.0,0.0,0.0,3.6074169,0.0,0.0,0.0,0.0,0.0,0.0,0.0,0.0,0.0,0.0,0.21854487,0.0,0.0,0.0,0.0,5.72981,0.0,5.925516,0.0,5.22326,0.0,0.0,0.0,0.0,0.0,0.0,0.0,0.0,0.0,0.0,0.0,0.0,0.0,0.0,0.0,0.0,0.0,0.0,2.7324781,0.0,4.1021748,0.0,0.0,0.0,0.0,0.0,9.072518,0.0,0.43163687,0.0,0.36614195,0.0,0.0,0.0,0.0,0.0,6.525688,0.0,0.0,0.0,0.0,0.6507402,0.0,5.6751833
0.0,0.0,0.0,6.140245,0.0,0.0,4.5174356,0.0,0.0,0.0,0.0,6.678625,0.0,0.0,0.0,3.9665678,0.0,1.5941373,4.500045,0.0,0.0,0.0,6.427227,0.0,0.0,0.0,0.0,0.0,0.0,0.0,0.0,0.0,3.7231085,0.0,0.0,6.254757,2.903861,0.0,0.0,0.0,0.0,0.0,0.0,2.2992055,0.0,0.0,0.07380952,2.7690341,0.0,0.0,0.0,0.0,0.0,0.0,0.0,0.0,7.090826,0.0,3.974489,0.0,0.0,2.995193,10.483256,3.7108185,0.0,1.3259432,0.0,0.0,0.0,1.4679224,0.49568057,0.0,0.0,0.0,5.9626093,0.0,0.0,0.0,0.0,0.0,0.0,0.0,0.0,0.0,6.8689637,0.0,0.0,0.0,0.0,0.0,0.0,1.1318086,0.0,0.0,0.0,0.0,0.0,0.0,9.915291,0.0,0.0,0.0,22.48531,0.0,0.0,0.0,6.047162,0.0,0.0,0.0,0.0,1.7073402,0.0,0.0,5.432699,9.731251,0.0,0.0,0.0,0.0,0.0,0.0,8.842073,0.0,0.0,9.931178,0.0,0.0
0.0,0.0,0.0,0.0,0.0,0.0,0.45024118,0.0,0.0,0.0,0.0,0.0,0.0,0.0,0.0,2.8879557,0.0,3.3484507,0.0,1.1704129,0.0,0.0,13.492092,10.188456,0.0,0.0,0.0,0.0,0.0,0.0,0.0,0.0,0.0,1.1738983,0.0,10.856045,0.0,0.0,0.0,4.8323636,0.0,0.0,0.0,0.0,0.0,2.9056106,0.0,0.0,0.0,0.0,0.19970219,0.0,10.299606,0.0,0.0,0.0,0.0,7.0918236,0.0,0.0,0.0,8.878807,0.0,0.0,0.0,0.0,0.0,0.0,0.0,4.0945044,1.0909498,0.0,0.0,0.0,0.5053955,0.0,0.0,0.0,0.0,0.0,0.0,0.0,0.0,11.267391,0.0,0.0,0.0,0.0,0.0,0.0,0.0,0.0,0.0,0.0,0.0,0.0,0.0,0.0,0.0,0.0,0.0,0.0,8.393657,0.0,3.2015169,0.0,0.0,0.0,0.0,0.0,0.0,0.0,0.0,0.0,0.0,0.0,0.0,0.0,0.0,0.0,0.0,0.0,4.6112037,0.0,0.8848234,2.3943655,0.0,4.410547
0.0,0.0,0.0,2.8904753,0.0,0.0,3.0180833,0.0,0.0,0.0,0.0,5.5430303,0.8227117,0.0,0.0,0.855967,0.0,6.3149514,0.0,6.0340896,0.0,0.0,0.0,0.0,6.8724375,0.0,0.0,0.0,0.0,0.0,0.0,0.0,0.0,0.0,0.0,0.0,11.1960745,0.0,8.278532,0.0,0.0,0.0,0.0,10.081906,0.0,0.0,0.0,0.0,0.0,0.0,6.678817,0.0,0.0,0.0,0.0,0.0,3.6274176,5.8270583,0.14099205,0.0,0.0,8.871647,3.6783206,5.3767447,0.0,0.0,0.0,0.0,0.0,0.0,0.0,0.0,0.0,0.0,0.0,0.0,0.0,0.0,0.0,0.0,0.0,0.0,0.0,17.16259,0.0,0.0,0.0,0.0,0.0,0.0,0.0,0.0,0.0,0.0,0.0,0.0,0.0,0.0,0.0,0.0,0.0,0.0,16.426352,0.0,0.0,0.0,1.4349529,0.0,0.0,0.0,0.0,3.7199705,0.0,0.0,0.0,1.8507745,0.0,0.0,0.0,0.0,1.3424526,0.0,1.3405703,1.5762883,0.0,0.0,0.0,0.0
0.0,0.0,0.0,0.0,0.49437875,0.0,0.0,0.0,0.0,0.0,0.15741432,0.0,0.081031285,0.0,0.0,8.185698,0.0,0.0,0.0,0.0,0.0,0.0,4.363143,0.0,0.0,0.0,0.0,0.0,0.0,0.0,0.0,0.0,3.5722127,0.0,0.0,0.0,0.0,0.0,0.0,0.0,0.0,0.0,0.0,0.0,0.0,1.5629086,0.0,0.0,0.0,0.0,0.5998057,0.0,0.0,0.0,0.0,0.0,0.14797123,5.0793366,0.0,0.0,0.0,1.247691,0.0,0.0,0.0,0.0,0.0,8.620317,0.0,6.1446495,0.0,0.5291776,0.0,0.0,0.0,0.0,10.346329,0.0,0.0,0.0,3.4670506,0.0,0.0,0.3325104,0.0,0.0,0.0,0.0,0.0,0.0,0.0,0.0,0.0,3.943196,0.0,0.0,0.0,0.0,0.0,0.0,0.0,0.0,0.0,0.0,0.0,0.0,0.0,0.093457416,0.0,0.0,1.9010063,0.0,2.8798208,0.0,0.0,1.2372797,0.0,0.0,0.0,0.0,0.0,0.0,0.0,6.3230224,1.3405743,6.1352663,0.0,0.0
0.0,0.0,0.0,0.0,0.0,0.0,0.0,0.0,0.0,0.0,0.18153234,0.0,3.3812754,0.0,0.0,0.6877193,0.0,3.2571883,5.928767,0.0,0.0,0.0,1.5358629,0.0,0.0,0.0,0.4933094,0.0,1.8942767,0.0,0.0,1.5457977,0.0,0.0,3.6625595,2.1964047,0.0,0.0,0.0,0.0,0.0,0.0,0.0,0.0,0.0,0.0,0.0,0.0,0.0,0.0,3.9427967,0.0,0.0,0.0,0.0,0.0,1.662255,3.856374,1.2605323,0.0,0.0,0.034452356,0.0,0.0,0.0,0.0,0.0,1.4908797,0.0,2.909917,3.419154,0.0,0.0,0.0,7.8981843,0.0,0.0,0.0,0.0,0.0,0.0,2.7743208,0.0,0.0,0.0,0.0,0.0,0.7501302,0.0,0.0,0.0,1.4760579,0.0,0.0,0.0,0.0,0.0,0.0,2.478544,0.0,0.0,0.0,6.569877,0.7455735,2.4668777,0.0,0.0,0.0,0.0,0.0,0.0,6.22924,0.0,0.0,2.7655232,9.239399,0.0,0.0,0.7451701,0.0,0.0,0.0,4.705768,0.0,0.0,0.0,0.0,0.0
0.0,0.30154255,0.0,0.0,0.0,0.0,4.948013,0.0,0.0,0.0,2.8879364,0.0,0.0,0.0,0.0,0.0,0.0,1.818708,1.0901147,0.0,0.0,0.0,0.0,0.0,0.0,0.0,1.2410471,0.0,3.3709779,1.5522149,0.0,0.0,0.0,0.0,4.66207,0.7153157,0.0,0.0,0.0,1.6832994,0.0,0.0,0.0,0.0,0.0,0.0,0.0,0.0,2.849178,0.0,0.0,4.5073605,0.0,0.0,0.0,0.0,1.1562393,0.0,0.054743066,0.0,0.0,0.0,4.17255,0.0,0.0,0.0,0.0,0.0,0.0,0.4276003,4.577352,0.0,0.8945883,0.0,0.0,0.0,1.3407253,0.0,0.0,0.0,1.1823175,0.5730127,0.0,0.0,0.0,0.0,0.0,0.0,0.0,0.0,0.0,0.0,0.0,0.0,0.0,0.0,0.0,0.0,3.3024337,0.0,0.0,0.0,0.0,2.5342922,0.0,0.0,0.0,0.0,0.0,0.0,3.1023023,0.0,2.0653229,5.825802,0.0,0.0,0.0,0.0,0.0,0.0,0.0,0.0,0.0,0.0,2.092983,0.0,1.2112663,0.0
0.0,3.6759858,0.0,0.0,0.0,0.0,0.5062811,0.0,0.0,0.0,6.636806,0.0,3.4566655,0.0,0.0,2.7999544,0.0,0.0,0.0,1.3262364,0.0,0.0,0.0,0.0,0.0,0.0,0.0,0.0,5.952782,0.0,0.0,0.0,0.0,0.0,4.8670816,7.934543,2.2541814,0.0,0.0,8.315658,0.0,0.0,0.0,0.0,0.0,0.0,0.0,0.0,0.0,0.0,0.0,4.38841,0.0,0.0,0.0,0.0,0.0,0.0,5.6829677,0.0,0.0,0.0,1.3327037,0.0,0.0,0.0,0.0,0.0,0.0,0.0,1.7746508,0.0,0.0,0.0,0.0,0.0,0.20182955,0.0,0.0,0.0,0.5097694,0.0,0.0,0.0,0.0,0.0,0.0,0.0,0.0,0.0,0.0,0.0,0.0,0.0,0.0,0.0,0.0,0.0,4.1984506,0.0,0.0,0.0,3.087205,2.3143399,0.0,0.0,0.0,0.0,0.0,0.0,6.480835,1.2452068,0.0,2.535291,1.4541005,2.8994443,0.0,0.0,0.0,0.0,0.0,0.0,0.0,0.0,8.9200115,0.0,0.0,0.0
0.0,0.0,0.0,0.0,0.0,0.0,0.30274796,0.0,0.0,0.0,0.0,12.486738,0.0,0.0,0.0,5.703695,0.0,0.0,0.027369866,0.0,0.0,0.0,17.788815,0.0,0.0,0.0,0.0,0.0,0.0,0.0,0.0,0.0,0.0,0.0,0.0,0.0,0.0,0.0,4.96926,0.0,0.0,0.0,0.0,0.0,0.0,0.0,0.0,0.0,0.0,0.0,4.3669105,0.0,0.0,0.0,0.0,0.0,0.0,12.708583,8.974007,0.0,0.0,0.0,0.0,0.0,0.0,0.0,0.0,0.0,0.0,6.5383034,0.0,0.0,0.0,0.0,0.0,0.0,0.0,0.0,0.0,0.0,0.0,0.0,0.0,10.6188345,0.0,3.9610965,0.0,0.0,0.0,0.0,0.0,0.0,0.0,0.0,0.0,0.0,0.0,0.0,14.921865,0.0,0.0,0.0,14.403948,0.0,0.0,0.0,2.7964656,0.0,0.0,0.0,0.0,10.319426,0.0,0.0,0.0,6.86624,0.0,0.0,3.6901302,0.0,0.0,0.0,5.2554893,0.0,0.0,0.0,0.0,0.0
0.0,4.9508944,0.0,5.5180764,0.0,0.0,0.0,0.0,0.0,0.0,0.0,0.0,0.0,0.0,0.0,7.944582,0.0,7.767846,0.0,2.2184317,0.9474161,0.0,0.0,0.0,0.0,0.0,0.0,0.0,0.0,0.0,0.0,0.0,0.0,0.0,0.0,4.608825,0.0,0.0,0.0,0.0,0.0,0.0,0.0,1.751939,0.0,0.0,0.0,0.0,0.0,0.0,0.0,4.472367,0.0,0.0,0.0,0.0,10.215012,0.0,0.0,0.0,0.0,0.0,6.77755,2.117817,0.0,0.0,0.0,0.0,0.0,0.0,6.174943,0.0,0.0,0.0,0.0,0.0,2.3286347,0.0,0.0,0.0,0.0,0.0,0.0,6.174466,0.0,0.0,0.0,0.0,0.0,0.0,0.0,0.0,0.0,0.0,0.0,0.0,0.0,0.0,0.0,0.0,0.0,0.0,9.250864,0.0,0.0,0.0,0.0,0.0,0.0,0.0,8.677319,0.0,0.0,0.0,0.0,0.0,0.0,0.0,0.0,2.4312706,0.0,0.0,0.0,0.0,0.0,0.529207,0.0,0.0
0.0,0.0,8.293164,0.0,0.0,0.0,0.76071197,0.0,0.0,0.0,0.0,7.3084764,0.0,0.0,0.0,6.67786,0.0,2.923715,5.616419,7.917737,0.0,0.0,0.0,0.0,0.0,0.0,0.0,0.0,10.676158,0.0,0.0,0.0,0.0,0.0,6.3664713,0.0,0.0,0.0,0.0,0.0,0.0,0.0,0.0,0.0,0.0,0.0,0.0,0.0,2.5682888,0.0,8.168277,0.0,0.0,0.0,0.0,0.0,9.533877,0.0,0.0,0.0,0.0,0.0,15.124651,17.129004,0.0,0.0,0.0,0.0,0.0,0.0,16.248322,0.0,0.0,0.0,1.0345461,0.0,0.0,0.0,0.0,0.0,0.0,0.0,0.0,22.890535,0.0,0.0,0.0,0.0,0.0,0.0,0.0,0.0,0.0,0.0,0.0,0.09834997,0.0,0.0,0.0,0.0,0.0,0.0,14.65344,0.0,0.40040627,0.0,6.1843796,0.0,0.0,0.0,0.0,6.1224394,0.0,0.0,0.0,0.5339982,0.0,0.0,0.0,0.0,0.0,0.0,0.0,0.0,0.0,0.0,0.0,0.0
0.0,1.4819262,0.0,0.0,0.0,0.0,3.1160734,0.0,0.0,0.0,6.1897793,1.0434637,2.411903,0.0,0.0,3.4618702,0.0,0.0,0.34675962,1.9562595,0.0,0.0,0.0,0.0,0.0,0.0,0.0,0.0,3.0062137,0.0,0.0,0.0,0.0,0.0,4.467976,5.4462094,1.9318323,0.0,0.0,5.806096,0.0,0.0,0.0,0.0,0.0,0.0,0.0,0.0,0.0,0.0,0.0,1.9901981,0.0,0.0,0.0,0.0,0.0,2.6570692,1.2229327,0.0,0.0,0.0,0.2887575,0.0,0.0,0.0,0.0,0.0,0.0,2.2793298,3.6418617,0.0,0.0,0.0,0.0,0.0,0.0,0.0,0.0,0.0,0.0,0.0,0.0,0.0,0.0,0.0,0.0,0.0,0.0,0.0,0.0,0.0,0.0,0.0,0.0,0.0,0.0,0.0,6.5176406,0.0,0.0,0.0,6.4811707,2.9483511,0.0,0.0,0.0,0.0,0.0,0.0,1.3029749,1.6178287,0.0,0.5534764,1.6338816,2.439346,0.0,0.0,0.0,0.0,0.0,0.0,0.0,0.0,5.2903376,0.0,0.0,0.0
0.0,0.0,0.45542625,0.0,0.0,0.0,3.7543902,0.0,0.0,0.0,3.1031053,0.0,0.0,0.0,0.0,1.3852521,0.0,3.8526914,4.9559503,0.0,0.0,0.0,0.0,4.19381,0.0,0.0,2.401108,0.0,0.0,3.7189245,0.0,0.0,0.0,2.5661864,1.1907076,0.0,0.0,0.0,0.0,0.0,0.0,0.0,0.0,0.0,0.0,0.0,0.0,0.0,0.0,0.0,0.0,0.0,0.0,0.0,0.0,0.0,0.0,0.0,2.270117,0.0,0.0,0.0,2.7057216,2.0686738,0.0,0.0,0.0,0.0,0.0,9.512122,6.583893,0.0,0.0,0.0,0.0,0.0,0.0,0.0,0.0,0.0,0.0,2.5573947,0.0,0.0,0.0,0.0,0.0,0.0,0.0,0.0,0.0,0.0,0.0,0.0,0.0,0.0,0.0,0.0,3.7575033,0.0,0.0,0.0,0.0,2.5767736,6.2076225,0.0,1.386,0.0,0.0,0.0,4.803224,0.0,0.0,4.5181456,0.0,0.0,0.0,0.0,0.0,0.7619775,0.0,0.0,0.0,0.0,0.0,0.0,0.34240174,0.0
0.0,0.0,0.0,0.0,0.0,0.0,0.0,0.0,0.0,0.0,0.0,0.0,0.0,0.0,0.0,0.0,0.0,0.36399165,4.006847,0.0,0.0,0.0,0.8007251,0.062491283,0.0,0.0,0.0,0.0,0.0,0.0,0.0,0.0,1.0832254,0.0,3.702858,0.0,0.0,0.0,0.0,0.0,0.0,0.0,0.0,0.0,0.0,0.0,0.0,0.0,0.0,0.0,4.0659294,0.0,0.0,0.0,0.0,0.0,0.14106989,1.371514,0.12172179,0.0,0.0,0.9364698,0.0,0.0,0.0,0.0,0.0,3.5596697,0.0,4.580713,0.0,0.0,0.0,0.0,4.2584105,0.0,0.0,0.0,0.0,0.0,2.3526998,0.0,0.0,0.0,0.0,2.5624375,0.0,2.0775456,0.0,0.0,0.0,4.062322,0.0,0.0,0.0,0.0,0.0,0.0,0.60641545,0.0,0.0,0.0,0.0,0.8462653,0.56473494,0.0,0.0,0.0,0.0,0.0,0.0,4.837551,0.3272099,0.0,5.4245014,7.049707,0.0,0.0,0.0,0.0,0.0,0.0,2.5676763,0.0,0.0,0.0,0.0,0.0
0.0,0.0,2.4875154,8.780583,0.0,0.0,5.0434713,0.0,0.0,0.0,0.0,4.121815,0.0,0.0,0.0,5.462022,0.0,3.6262813,0.0,0.0,0.0,0.0,0.0,1.4437212,0.0,0.0,0.0,0.0,0.0,0.0,0.0,0.0,0.0,0.0,1.2093645,0.0,3.552263,0.0,5.8275547,0.0,0.0,0.0,0.0,0.0,0.0,0.0,0.0,0.0,0.0,0.0,1.9647177,8.30685,0.0,0.0,0.0,0.0,0.56492275,4.847455,0.95585907,0.0,0.0,0.38978806,1.8812026,0.0,0.0,0.0,0.0,0.0,0.0,1.859048,1.1796122,0.0,0.0,0.0,5.415489,0.0,0.0,0.0,0.0,4.2721643,0.0,3.3283777,0.0,0.7653696,0.0,0.0,0.0,0.0,0.0,0.0,0.0,1.987509,0.0,0.0,0.0,0.0,0.0,0.0,0.0,0.0,0.0,0.0,2.169708,0.0,2.9727464,0.0,1.2519499,0.0,0.0,0.0,0.0,0.0,0.0,0.0,4.472034,0.0,0.0,0.0,0.0,0.0,0.0,0.0,0.0,0.0,1.7490069,2.762871,0.0,0.0
0.0,0.0,0.0,0.0,0.0,0.0,0.0,0.0,0.0,0.0,0.0,7.4964113,0.0,0.0,0.0,0.0,0.0,0.0,2.8175085,6.818324,0.0,0.0,6.477242,10.73787,0.0,0.0,1.4500126,0.0,0.0,0.0,0.0,0.0,0.0,0.0,0.0,0.0,6.858724,0.0,0.0,0.0,0.0,0.0,0.0,0.0,0.0,0.0,8.359924,0.0,0.0,4.5846663,0.0,0.0,10.840436,0.0,0.0,0.0,0.0,0.07647325,0.0,0.0,0.0,0.0,0.0,0.0,0.0,0.0,0.0,0.0,0.0,8.823743,4.0152216,0.0,0.0,0.0,0.0,0.0,0.0,0.0,0.0,0.0,0.15673922,0.0,0.0,12.489169,8.824504,7.5678473,0.0,0.0,0.0,0.0,0.0,1.7784053,0.0,0.0,0.0,0.0,0.0,0.0,4.8128066,0.0,0.0,0.0,0.6452654,5.950243,0.0,0.0,5.156595,6.7431903,0.0,0.0,0.0,0.0,0.0,0.0,0.0,13.333426,9.233468,0.0,0.0,0.7465505,0.0,0.0,0.0,0.0,0.0,0.0,0.0,0.0
0.0,4.8129573,0.0,10.600507,0.0,0.0,0.0,0.0,0.0,0.0,0.0,0.0,0.0,0.0,0.0,0.0,0.0,1.3233614,0.0,7.96619,0.0,0.0,0.0,6.9571047,0.0,0.0,0.0,0.0,0.711114,0.0,0.0,0.0,0.4765604,4.725024,0.0,6.038533,0.0,0.0,0.0,2.7637901,0.0,0.0,0.0,0.0,0.0,0.0,0.0,0.0,1.1987721,0.0,0.0,6.7636786,0.0,0.0,0.0,0.0,5.126787,0.0,5.8857183,0.0,0.0,0.0,0.0,2.1632888,0.0,0.0,0.0,0.0,0.0,0.0,6.339596,0.0,0.0,0.0,0.0,0.0,3.4640393,0.0,0.0,0.0,3.5454543,0.0,0.0,0.46677545,0.0,0.0,0.0,0.0,0.0,0.0,0.0,0.0,0.0,0.0,0.0,0.0,0.0,0.0,0.0,0.0,0.0,0.0,2.2927654,0.0,0.0,0.0,0.0,0.0,0.0,0.0,4.977673,0.0,0.0,0.0,4.5526643,0.0,0.0,0.0,0.0,0.0,0.0,0.0,0.0,0.0,5.162034,0.0,0.0,0.0
0.0,0.0,0.0,0.0,0.0,0.0,1.9944345,0.0,0.0,0.0,0.0,0.0,0.0,0.0,0.0,5.4229193,0.0,6.952419,0.0,0.0,0.53907675,0.0,0.0,2.2332036,0.0,0.0,0.0,0.0,0.0,0.0,0.0,0.0,4.036517,2.1641293,0.5601283,0.0,0.0,0.0,0.0,0.0,0.0,0.0,0.0,2.8922462,0.0,4.645812,0.0,0.0,0.0,0.0,0.0,3.1809168,0.0,0.0,0.0,0.0,0.006240446,0.0,0.0,0.0,0.0,0.0,0.0,0.0,0.0,0.0,0.0,0.0,0.0,12.40435,2.579234,0.0,0.0,0.0,0.0,0.0,11.585121,0.0,0.0,0.0,3.4873056,0.0,0.0,0.0,0.0,0.0,0.0,0.0,0.0,0.0,0.0,0.0,0.0,0.0,0.0,0.0,0.0,0.0,0.0,0.0,0.0,0.0,0.0,0.0,0.0,0.0,0.0,0.0,0.0,0.0,5.2078314,0.0,0.0,0.0,4.4298105,0.0,0.0,0.0,0.0,0.0,0.0,0.0,0.0,0.0,9.692654,0.0,0.0,0.0
0.0,0.0,0.0,2.211748,0.0,0.0,8.6667385,0.0,0.0,0.0,1.8610313,0.0,1.1131895,0.0,0.0,0.0,0.0,0.0,3.4507306,0.0,0.0,0.0,0.0,2.4581356,0.0,0.0,5.722614,0.0,0.0,0.0,0.0,0.0,0.0,0.88651353,4.3480344,0.0,0.0,0.0,0.9152181,0.0,0.0,0.0,0.0,0.0,0.0,4.3776565,0.0,0.0,0.77143085,0.0,0.0,8.867629,0.82436574,0.0,0.0,0.0,0.0,6.0045342,0.0,0.0,0.0,0.0,0.2827041,0.8377831,0.0,0.0,0.0,1.6970015,0.0,4.359967,0.0,0.0,0.0,0.0,0.0,0.0,3.437785,0.0,0.0,0.0,0.0,0.0,0.0,0.0,0.0,0.0,0.0,0.0,0.0,0.0,0.0,0.8566134,0.0,0.0,0.0,0.7321045,1.0115161,0.0,0.0,0.0,0.0,0.0,0.0,3.7026005,1.094819,0.0,0.0,0.0,0.0,0.0,5.2223577,0.0,0.24235731,3.9456835,5.3675566,0.0,0.0,0.0,0.0,3.6273725,0.0,0.0,0.0,0.0,3.2760181,1.014347,0.0,2.1755576
0.0,0.0,0.0,0.0,0.0,0.0,2.3517647,0.0,0.0,0.0,0.0,0.0,0.0,0.0,0.0,0.0,0.0,3.1534042,0.0,0.0,0.0,0.0,0.0,6.098773,0.0,0.0,0.0,0.0,0.0,0.0,0.0,0.0,11.259532,2.7590754,0.0,0.0,0.0,0.0,0.0,0.0,0.0,0.0,0.0,0.0,0.0,8.72201,0.0,0.0,0.0,0.0,0.0,0.0,0.0,0.0,0.0,0.0,0.0,0.0,0.0,0.0,0.0,0.0,0.0,0.0,0.0,0.0,0.0,6.171565,0.0,12.644638,0.0,0.0,0.0,0.0,0.0,0.0,9.456766,0.0,0.0,0.0,9.630185,0.0,0.0,0.0,0.0,0.0,0.0,0.0,0.0,0.0,0.0,0.0,0.0,0.0,0.0,0.0,0.0,0.0,0.0,0.0,0.0,0.0,0.0,0.0,0.0,0.0,0.0,0.0,0.0,0.0,0.6769121,0.0,0.0,0.0,0.0,1.3854983,0.0,0.0,0.0,0.0,0.0,0.0,0.0,0.0,0.0,0.0,0.0,0.0
0.0,0.0,0.0,13.425345,0.0,0.0,0.0,0.0,0.0,0.0,0.0,0.0,0.0,0.0,0.0,0.0,0.0,2.4569762,6.0645413,0.393304,0.0,0.0,4.6293426,2.5655754,0.0,0.0,0.0,0.0,0.0,0.0,0.0,0.0,3.9303906,0.0,0.0,0.0,0.0,0.0,5.162713,0.0,0.0,0.0,0.0,0.0,0.0,0.0,0.0,0.0,7.467869,0.0,3.8032138,0.0,0.0,0.0,0.0,0.0,6.6752706,0.0,4.848015,0.0,0.0,1.6665776,1.0901014,9.800213,0.0,0.0,0.0,0.0,0.0,0.0,3.0137937,0.0,0.0,0.0,0.0,0.0,0.0,0.0,0.0,0.0,0.0,0.0,0.0,6.8273234,0.0,0.0,0.0,0.0,0.0,0.0,0.0,2.1475759,0.0,0.0,0.0,0.0,0.0,0.0,0.0,0.0,0.0,0.0,8.918904,0.0,0.0,0.0,2.6044798,0.0,0.0,0.0,0.96759444,0.0,0.0,0.0,0.0,1.2814546,0.0,0.0,0.0,4.229259,4.444526,0.0,3.34591,0.0,0.0,3.2621434,0.0,0.1866531
0.0,0.0,0.0,3.2541568,0.0,0.0,3.0151184,0.0,0.0,0.0,0.0,0.0,0.0,0.0,0.0,0.0,0.0,4.4214945,6.223405,0.0,0.0,0.0,0.0,7.10765,0.0,0.0,0.0,0.0,0.0,0.0,0.0,1.6233144,3.066452,0.0,1.4702625,0.0,0.0,0.0,2.364871,0.0,0.0,0.0,0.0,0.0,0.0,4.1043367,0.0,0.0,2.4156175,0.0,0.0,7.124179,1.4588404,0.0,0.0,0.0,1.3179272,1.9531844,0.0,0.0,0.0,0.0,0.0,0.0,0.0,0.0,0.0,0.0,0.0,3.7652547,0.0,0.0,0.0,0.0,0.0,0.0,6.3719335,0.0,0.0,0.0,5.591057,0.0,0.0,0.0,0.0,0.0,0.0,0.0,0.0,0.0,0.0,0.0,0.0,2.1325893,0.0,0.0,0.0,0.0,0.0,0.0,0.0,0.0,0.0,0.44475713,0.0,0.0,0.0,0.0,0.0,0.0,12.956661,0.0,2.8153238,5.0380225,4.4397683,0.0,0.0,0.0,0.0,4.6769347,0.0,0.0,0.0,0.0,3.196199,0.0,0.0,2.965493
0.0,0.0,0.0,4.7922893,2.8250299,0.0,0.0,0.0,0.0,0.0,1.7212362,0.0,0.0,0.0,0.0,0.0,0.0,0.0,0.0,0.0,0.0,0.0,0.0,5.038061,0.0,0.0,0.0,0.0,4.544242,0.0,0.0,0.0,1.9635218,0.0,5.2618647,0.0,0.0,0.0,0.0,0.0,0.0,0.0,0.0,0.0,0.0,0.0,0.0,0.0,0.0,0.0,10.927408,2.0945556,0.0,0.0,0.0,0.0,0.0,2.312019,4.0276265,0.0,0.0,0.607306,0.0,0.0,0.0,0.0,0.0,3.616501,0.0,3.583071,0.0,0.0,0.0,0.0,0.0,0.0,0.2927556,0.0,0.0,0.0,7.1223016,0.0,0.0,1.5941589,0.0,0.0,0.0,0.0,0.0,0.0,0.0,0.0,0.0,6.8573484,0.0,0.0,0.0,0.0,0.0,0.0,0.0,0.0,0.0,0.0,0.0,0.0,0.0,0.0,0.0,0.32340878,3.6496968,0.0,7.581229,3.362844,0.0,4.1062765,0.0,0.0,0.0,0.0,0.0,0.0,0.0,0.0,3.092273,0.0,0.0,0.0
0.0,0.0,0.0,0.0,0.0,0.0,3.2218506,0.0,0.0,0.0,2.1706667,0.0,0.364534,0.0,0.0,0.0,0.0,5.1948133,4.009915,0.0,0.0,0.0,0.0,1.8249803,0.0,0.0,3.360904,0.0,4.882687,0.0,0.0,0.0,0.0,0.0,8.095759,0.0,0.0,0.0,0.0,0.0,0.0,0.0,0.0,0.0,0.0,0.0,0.0,0.0,5.317155,0.0,1.8298692,5.639173,0.0,0.0,0.0,0.0,2.5736291,3.3195112,0.0,0.0,0.0,0.0,4.0213447,0.0,0.0,0.0,0.0,1.7192806,0.0,1.0235163,6.182891,0.9833754,0.60695267,0.0,0.0,0.0,4.8323436,0.0,0.0,0.0,1.1938,0.0,0.0,0.0,0.0,0.0,0.0,0.0,0.0,0.0,0.0,0.0,0.0,6.9392304,0.0,0.0,0.0,0.0,0.0,0.0,0.0,0.0,0.0,2.276427,0.9791897,0.0,0.0,0.0,0.0,0.0,5.723448,0.0,4.8470054,8.745072,0.0,0.0,0.0,0.0,0.0,0.0,0.0,0.0,0.0,0.0,0.7812743,0.0,0.0,0.0
0.0,0.0,0.0,1.0897518,0.0,0.0,0.0,0.0,0.0,0.0,0.0,1.6051893,3.3367229,0.0,0.0,0.0,0.0,1.6052809,10.721449,0.0,0.0,0.0,0.0,4.0287333,0.0,0.0,2.4924355,0.0,10.039555,0.0,0.0,0.0,0.0,0.0,4.7213798,0.0,0.0,0.0,0.0,0.0,2.2489846,0.0,0.0,0.0,0.0,0.0,0.0,0.0,3.5987124,0.0,4.5934424,3.384665,0.0,0.0,0.0,0.0,5.363362,3.5175,1.8052118,0.0,0.0,0.0,2.0431497,0.0,0.49592993,0.0,0.0,3.5910394,0.0,0.0,5.286858,0.0,0.0,0.0,3.2912004,0.0,0.0,0.0,0.0,0.0,0.75855726,3.7892659,0.0,0.085537866,0.0,3.428366,0.0,0.0,0.0,0.0,0.0,1.5306876,0.0,0.0,0.0,0.0,0.0,0.0,0.0,0.0,0.0,0.0,1.0463555,0.0,0.0,0.0,0.40744153,0.0,0.0,0.0,0.0,1.2262379,0.0,0.0,5.0039515,6.0733056,0.0,0.0,0.0,0.0,0.0,0.0,1.689195,0.0,0.0,0.0,0.0,0.8496306
0.0,0.0,0.0,0.4670027,0.0,0.0,9.07246,0.0,0.0,0.0,8.7820635,13.203796,1.7619829,0.0,0.0,0.0,0.0,0.0,0.0,0.0,0.0,0.0,0.0,0.0,0.0,0.0,0.0,0.0,0.0,0.0,0.0,0.0,4.1083674,3.574752,0.0,0.0,0.0,0.0,0.0,2.3471692,0.0,0.0,0.0,0.0,0.0,2.8398716,0.0,0.0,0.0,0.0,0.26756856,18.523937,0.0,0.0,0.0,0.0,0.0,10.88427,18.530731,0.0,0.0,0.0,6.134159,0.73449177,0.0,0.0,0.0,6.5713806,0.0,0.0,0.0,0.0,0.0,0.0,0.0,0.0,0.0,0.0,0.0,0.0,0.0,0.0,0.0,0.0,0.0,0.0,0.0,0.0,0.0,0.0,0.0,0.0,0.0,0.0,0.0,0.0,0.0,0.0,0.0,0.0,0.0,0.0,0.0,0.9871601,0.0,0.0,0.0,0.0,0.0,0.0,0.0,0.0,0.0,0.0,0.0,0.0,0.0,0.0,0.0,0.0,0.0,0.0,0.0,0.0,1.103538,0.0,0.0,0.0
0.0,0.0,0.0,0.0,0.0,0.0,0.0,0.0,0.0,0.0,0.0,0.0,0.0,0.0,0.0,14.39053,0.0,5.15491,0.0,0.18480909,0.0,0.0,0.9203742,2.7539668,0.0,0.0,0.0,0.0,0.0,0.0,0.0,0.0,0.0,0.0,0.0,5.128262,0.0,0.0,0.0,0.0,0.0,0.0,0.0,0.0,0.0,0.0,0.0,10.80681,0.0,0.0,0.0,0.0,0.0,0.0,0.0,0.0,0.42862472,0.0,0.0,0.0,0.0,0.0,0.0,0.0,0.0,0.0,0.0,0.0,0.0,11.268438,7.748185,0.0,0.0,0.0,1.0601966,0.0,0.0,0.0,0.0,0.0,0.0,13.858619,0.0,16.971254,0.0,0.0,0.0,3.0166423,0.0,0.0,0.0,0.0,0.0,0.0,0.0,0.0,0.0,0.0,0.0,0.0,0.0,0.0,11.526056,5.0752726,8.950108,0.0,1.8543231,1.4036703,0.0,0.0,0.088358656,1.8239776,0.0,0.0,0.0,0.0,0.0,0.0,0.0,0.0,0.0,0.0,0.0,0.0,0.0,0.0,0.0,0.0
0.0,0.0,0.0,13.72634,0.0,0.0,3.4893537,0.0,0.0,0.0,0.0,7.9807973,0.0,0.0,0.0,2.3262527,0.0,4.448185,0.0,0.0,0.0,0.0,3.9119093,0.0,0.0,0.0,0.0,0.0,0.0,0.0,0.0,0.0,0.0,0.041791495,0.0,2.6919398,0.0,0.0,10.710518,0.0,0.0,0.0,0.0,5.076334,0.0,0.0,0.0,0.0,0.0,0.0,0.0,2.7010193,0.0,0.0,0.0,0.0,4.2498174,7.5699854,0.0,0.0,0.0,4.2613506,0.0,0.0,0.0,0.0,0.0,0.0,0.0,0.0,4.4868264,0.0,0.0,0.0,9.237281,0.0,0.0,0.0,0.0,0.0,0.0,0.017824158,0.0,9.676639,0.0,0.0,0.0,0.0,0.0,0.0,0.0,2.5778835,0.0,0.0,0.0,0.0,0.0,0.0,0.0,0.0,0.0,0.0,5.6178265,0.0,0.0,0.0,0.0,0.0,0.0,0.0,0.0,2.133645,0.0,0.0,0.0,0.0,0.0,0.0,0.0,0.0,0.0,0.0,0.0,0.0,0.0,6.3588963,0.0,0.0
0.0,0.0,0.0,1.3613046,0.027400307,0.0,2.2343926,0.0,0.0,0.0,4.291579,2.19852,3.1484737,0.0,0.0,0.0,0.0,0.0,0.0,0.0,0.0,0.0,0.0,0.2375175,0.0,0.0,3.0859585,0.0,0.4790461,0.0,0.0,0.0,0.0,0.0,3.2772145,0.0,0.0,0.0,0.9430208,0.0,0.0,0.0,0.0,0.0,0.0,0.6373244,0.0,0.0,0.0,0.0,0.0,7.8734217,0.0,0.0,0.0,0.0,0.0,6.47896,4.3146787,0.0,0.0,0.0,1.2902168,0.0,0.0,0.0,0.0,1.1256474,0.0,0.0,0.0,0.0,0.0,0.0,0.0,0.0,0.74114597,0.0,0.0,0.0,0.0,0.0,0.0,0.0,0.0,0.0,0.0,0.0,0.0,0.0,0.0,0.0,0.0,0.1297491,0.0,0.0,0.0,0.0,0.0,0.0,0.0,0.0,0.0,1.0337735,0.0,0.0,0.0,0.0,0.0,0.0,4.084555,0.0,0.54585826,2.0677712,5.798543,0.0,0.0,0.0,0.0,0.20514573,0.0,0.0,0.0,0.0,4.4519587,0.0,0.0,1.3661817
0.0,0.0,1.7342663,0.01900271,0.0,0.0,2.7793033,0.0,0.0,0.0,5.5230207,6.432353,0.0,0.0,0.0,2.4433625,0.0,0.0,0.0,0.0,0.40953735,0.0,0.0,0.0,0.0,0.0,0.0,0.0,4.03595,0.0,0.0,0.0,0.0,0.28701907,0.0,2.5007014,0.0,0.0,0.0,4.0592885,0.0,0.0,0.0,0.0,0.0,0.0,0.0,0.0,0.0,0.0,0.0,7.641117,0.0,0.0,0.0,0.0,0.0,0.0,12.175361,0.0,0.0,0.0,7.7389765,0.19442724,0.0,0.0,0.0,0.0,0.0,0.0,1.3748058,0.0,0.0,0.0,0.0,0.0,0.0,0.0,0.0,0.0,0.0,0.0,0.0,0.0,0.0,0.0,0.0,0.0,0.0,0.0,0.0,0.0,0.0,0.0,0.0,0.0,0.0,0.0,1.3241408,0.0,0.0,0.0,0.5230298,0.0,0.0,0.0,0.0,0.0,0.0,0.0,0.0,0.44861054,0.0,0.0,1.3570663,0.0,0.0,0.0,0.0,0.0,0.0,0.0,0.0,0.0,1.3450611,0.0,0.0,0.0
0.0,0.5563356,0.0,0.0,0.48893028,0.0,0.0,0.0,0.0,0.0,0.0,0.0,0.0,0.0,0.0,12.787167,0.0,4.7260747,0.0,0.0,0.0,0.0,0.0,0.0,0.0,0.0,0.0,0.0,4.0620036,0.0,0.584523,0.0,0.0,0.0,0.0,3.8347125,0.0,0.0,0.0,1.331685,0.0,0.0,0.0,0.0,0.0,0.0,0.0,4.2182336,0.0,0.0,0.0,0.0,0.0,0.0,0.0,0.0,5.09859,0.0,0.0,0.0,0.0,0.0,5.0171022,0.0,0.0,0.0,0.0,0.0,0.0,7.88161,11.553145,0.0,0.0,0.0,0.0,0.0,5.271297,0.0,0.0,0.0,0.0,6.2176886,0.0,0.0,0.22272652,0.0,0.0,1.9552501,0.0,0.0,0.0,0.0,0.0,0.0,0.0,0.0,0.0,0.0,2.6461263,0.0,0.0,0.0,4.3458047,0.0,0.0,0.0,1.8802665,0.0,0.0,0.0,1.4710404,2.7224796,0.0,0.0,3.0875719,0.0,0.0,0.0,0.0,0.0,0.0,0.0,0.0,0.0,2.9527009,3.894592,0.0,0.0
0.0,0.0,0.0,3.4346354,0.0,0.0,5.796834,0.0,0.0,0.0,0.0,0.63779235,0.0,0.0,0.0,9.110896,0.0,12.996454,0.0,0.0,4.6939616,0.0,0.0,0.0,0.0,0.0,0.0,0.0,0.58107054,0.0,0.0,0.0,0.0,0.0,0.0,3.5513043,0.0,0.0,0.0,0.0,0.0,0.0,0.0,5.634051,0.0,0.0,0.0,0.0,0.28928736,0.0,0.0,8.734094,0.0,0.0,0.0,0.0,8.74964,0.0,0.0,0.0,0.0,4.53423,9.741821,0.5335538,0.0,0.0,0.0,0.0,0.0,0.0,7.036531,0.0,0.0,0.0,0.0,0.0,0.0,0.0,0.0,0.0,0.0,4.0702157,0.0,3.9503264,0.0,0.0,0.0,0.0,0.0,0.0,0.0,0.0,0.0,0.0,0.0,0.0,0.0,0.0,0.0,0.0,0.0,0.0,6.287219,0.0,0.81957626,0.0,3.3957512,0.0,0.0,0.0,4.3654666,0.0,0.0,0.0,0.0,0.0,0.0,0.0,0.0,0.0,0.0,0.0,0.0,0.0,0.0,2.2854304,0.0,0.0
0.0,0.0,0.0,0.0,0.0,0.0,2.3517647,0.0,0.0,0.0,0.0,0.0,0.0,0.0,0.0,0.0,0.0,3.1534042,0.0,0.0,0.0,0.0,0.0,6.098773,0.0,0.0,0.0,0.0,0.0,0.0,0.0,0.0,11.259532,2.7590754,0.0,0.0,0.0,0.0,0.0,0.0,0.0,0.0,0.0,0.0,0.0,8.72201,0.0,0.0,0.0,0.0,0.0,0.0,0.0,0.0,0.0,0.0,0.0,0.0,0.0,0.0,0.0,0.0,0.0,0.0,0.0,0.0,0.0,6.171565,0.0,12.644638,0.0,0.0,0.0,0.0,0.0,0.0,9.456766,0.0,0.0,0.0,9.630185,0.0,0.0,0.0,0.0,0.0,0.0,0.0,0.0,0.0,0.0,0.0,0.0,0.0,0.0,0.0,0.0,0.0,0.0,0.0,0.0,0.0,0.0,0.0,0.0,0.0,0.0,0.0,0.0,0.0,0.6769121,0.0,0.0,0.0,0.0,1.3854983,0.0,0.0,0.0,0.0,0.0,0.0,0.0,0.0,0.0,0.0,0.0,0.0
0.0,0.0,0.0,0.0,0.67694324,0.0,2.4580696,0.0,0.0,0.0,3.5606558,0.7536628,0.77896804,0.0,0.0,2.2202551,0.0,2.5296328,0.0,0.0,0.0,0.0,0.0,0.5335967,0.0,0.0,0.2488654,0.0,1.7606633,0.0,0.0,0.0,0.0,0.0,3.9922817,2.052629,0.0,0.0,0.0,0.0,0.0,0.0,0.0,0.0,0.0,0.0,0.0,0.0,0.0,0.0,2.2415392,5.1825747,0.0,0.0,0.0,0.0,0.0,3.685997,0.0,0.0,0.0,0.0,3.6226466,0.0,0.0,0.0,0.0,0.0,0.0,3.144224,5.7438,0.056048423,1.221291,0.0,0.65147173,0.0,0.0,0.0,0.0,0.0,0.0,4.5183835,0.0,0.0,0.0,0.0,0.0,0.0,0.0,0.0,0.0,0.0,0.0,0.0,0.0,0.0,0.0,0.0,1.1643631,0.0,0.0,0.0,0.0,4.809222,2.2958562,0.0,0.0,0.0,0.0,0.0,1.0680262,2.9902582,3.1461587,3.8472605,0.0,0.0,0.0,0.0,0.0,0.0,0.0,0.0,0.0,0.0,0.0,0.0,0.0,0.0
0.0,0.0,0.0,0.0,0.0,0.0,3.2983766,0.0,0.0,0.0,0.8857024,0.0,0.0,0.0,0.0,0.0,0.0,3.890621,5.396383,0.0,0.0,0.0,0.0,5.294222,0.0,0.0,0.0,0.0,0.0,0.0,0.0,0.0,1.001433,0.0,5.0227094,0.0,0.0,0.0,0.0,0.0,0.0,0.0,0.0,0.0,0.0,1.6141516,0.0,0.0,0.088368244,0.0,0.5871146,7.7974024,0.0,0.0,0.0,0.0,0.0,1.5193902,0.0,0.0,0.0,0.0,0.0,0.71382546,0.0,0.0,0.0,0.6829443,0.0,8.205413,0.0,0.0,0.0,0.0,0.0,0.0,4.403262,0.0,0.0,0.0,6.8843484,0.0,0.0,0.0,0.0,0.0,0.0,0.0,0.0,0.0,0.0,0.0,0.0,4.281831,0.0,0.0,0.0,0.0,0.0,0.0,0.0,0.0,0.0,1.2198081,0.62211037,0.0,0.0,0.0,0.0,0.0,10.135565,0.0,2.2555008,10.603981,5.860851,0.0,0.0,0.0,0.0,3.1381001,0.0,0.0,0.0,0.0,3.653226,0.0,0.0,0.4487102
0.0,0.0,0.5013854,0.0,0.012737241,0.0,0.0,0.0,0.0,0.0,1.70369,0.0,0.0,0.0,0.0,1.228412,0.0,0.32696983,3.888208,2.9308906,0.0,0.0,0.0,0.0,0.0,0.0,0.0,0.0,2.4955995,0.0,0.0,0.0,1.5899562,0.0,1.2677964,0.0,0.0,0.0,0.0,5.3552794,0.0,0.0,0.0,0.0,0.0,0.0,0.0,0.0,0.0,0.0,0.0,0.072746746,0.0,0.0,0.0,0.0,2.1723254,0.0,0.0,0.0,0.0,0.0,0.020056693,0.23224069,0.0,0.0,0.0,0.0,0.0,4.8083873,7.0738935,0.0,0.0,0.0,0.0,0.0,6.4640994,0.0,0.0,0.0,2.9048023,0.85094374,0.0,0.0,0.0,0.0,0.0,2.3439047,0.0,0.0,0.0,0.0,0.0,0.0,0.0,0.0,0.0,0.0,0.3650638,0.0,0.0,0.0,1.6589239,0.0,0.0,0.0,0.0,0.0,0.0,0.0,1.2910737,0.0,0.0,0.93487036,6.3355165,1.5970056,0.0,0.0,0.0,0.0,0.0,0.0,0.0,0.0,2.7793329,0.0,0.0,0.0
0.0,0.0,0.0,0.0,1.8637084,0.0,0.23178044,0.0,0.0,0.0,0.8136593,0.0,0.0,0.0,0.0,0.0,0.0,3.5988762,0.11671742,0.0,0.0,0.0,0.0,4.647496,0.0,0.0,0.0,0.0,2.8988423,0.0,0.0,0.0,0.71584296,0.0,4.790471,0.0,0.0,0.0,0.0,0.0,0.3879922,0.0,0.0,0.0,0.0,0.90902233,0.0,0.0,1.0425797,0.0,2.6301043,5.2520413,0.0,0.0,0.0,0.0,0.0,1.1538206,1.0654109,0.0,0.0,0.0,0.0,0.0,0.0,0.0,0.0,1.7140622,0.0,3.037477,0.66796595,0.0,0.0,0.0,0.0,0.0,3.121541,0.0,0.0,0.0,5.720333,0.0,0.0,0.0,0.0,0.0,0.0,0.0,0.0,0.0,0.0,0.0,0.0,4.383196,0.0,0.0,0.0,0.0,0.0,0.0,0.0,0.0,0.0,0.41983044,0.0,0.0,0.0,0.0,0.0,0.0,5.4774036,0.0,3.850257,6.711117,1.1517167,0.0,0.0,0.0,0.0,0.0,0.0,0.0,0.0,0.0,4.665322,0.0,0.0,0.0
0.0,0.0,0.0,0.0,0.0,0.0,0.5143938,0.0,0.0,0.0,0.0,0.0,0.41888356,0.0,0.0,0.0,0.0,0.0,2.4860077,0.0,0.0,0.0,0.0,5.025594,0.0,0.0,0.0,0.0,0.0,0.0,0.0,3.2881873,1.3646984,0.0,0.8819394,0.0,0.0,0.0,0.24196507,0.0,0.0,0.0,0.0,0.0,0.0,1.2646276,0.0,0.0,0.0,0.0,4.664027,3.0444503,0.0,0.0,0.0,0.0,0.0,3.1871839,0.0,0.0,0.0,0.0,0.0,0.0,0.0,0.0,0.0,0.5593043,0.0,4.891832,0.0,0.0,0.0,0.0,0.0,0.0,3.8501444,0.0,0.0,0.0,5.374677,0.0,0.0,0.0,0.0,0.0,0.0,0.0,0.0,0.0,0.0,0.0,0.0,5.1621456,0.0,0.0,0.0,0.0,0.0,0.0,0.0,0.0,0.0,0.9728922,0.0,0.0,0.0,0.0,0.0,0.0,11.460068,0.0,2.7893674,5.748214,1.250674,0.0,0.0,0.0,0.0,1.8917687,0.0,0.0,0.0,0.0,2.3414586,0.0,0.0,4.157543
0.0,0.0,0.0,7.485332,0.0,0.0,9.565799,0.0,0.0,0.0,0.0,3.3951247,0.0,0.0,0.0,1.7203046,0.0,0.0,3.911932,10.78901,0.0,0.0,7.1163154,4.8215613,0.0,0.0,4.711993,0.0,0.0,0.0,0.0,0.0,0.44068855,0.0,0.0,0.0,0.0,0.0,0.0,0.0,0.0,0.0,0.0,0.0,0.0,0.0,0.0,0.0,0.0,0.0,0.0,0.0,0.0,0.0,0.0,0.0,2.8007805,0.0,0.0,0.0,0.0,0.0,0.0,0.9899684,0.0,0.0,0.0,0.0,0.0,10.324488,0.5055535,0.0,0.0,0.0,0.0,0.0,6.607438,0.0,0.0,0.0,4.183807,0.0,0.0,2.5292263,0.0,0.0,0.0,0.0,0.0,0.0,0.0,5.089475,0.0,0.0,0.0,0.0,0.0,0.0,2.6070948,0.0,0.0,0.0,6.3062124,4.9531813,0.0,0.0,0.42386645,0.0,0.0,0.0,0.0,0.0,0.0,0.0,3.4879599,7.378705,0.0,0.0,0.0,3.4522603,2.2967567,0.0,0.0,0.0,0.0,7.789876,0.0,0.0
0.0,0.0,0.0,0.0,0.0,0.0,13.232678,0.0,0.0,0.0,0.90110266,2.1898806,3.6190112,0.0,0.0,1.9251568,0.0,0.0,0.8619786,0.0,0.0,0.0,0.0,0.0,0.0,0.0,5.476733,0.0,0.0,0.0,0.0,0.0,0.0,0.0,4.0780096,0.4702444,0.0,0.0,0.22839925,0.0,0.0,0.0,0.0,0.0,0.0,4.198168,0.0,0.0,0.0,0.0,0.0,10.71993,0.9186011,0.0,0.0,0.0,0.0,7.05451,1.5246203,0.0,0.0,0.0,2.2395122,0.0,0.0,0.0,0.0,1.0297184,0.0,0.57114065,0.0,0.0,0.0,0.0,0.0,0.0,1.1113113,0.0,0.0,0.0,0.0,0.0,0.0,0.0,0.0,0.0,0.0,0.0,0.0,0.0,0.0,0.0,0.0,0.0,0.0,0.0,0.0,0.0,0.0,0.0,0.0,0.0,0.0,7.517784,0.0,0.0,0.0,0.0,0.0,0.0,4.596964,0.0,0.39488196,0.0,3.9649966,0.07520029,0.0,0.0,0.0,0.26400533,0.0,0.0,0.0,0.0,3.5340261,0.0,0.0,3.813818
0.0,0.0,0.0,0.0,0.0,0.0,0.0,0.0,0.0,0.0,0.0,0.0,5.753456,0.0,0.0,7.876789,0.0,0.0,1.7045891,0.0,0.0,0.0,0.0,0.0,0.0,0.0,0.0,0.0,0.0,0.0,1.0996878,0.0,3.9398286,0.0,0.0,0.0,0.0,0.0,0.0,0.0,0.0,0.0,0.0,0.0,0.0,0.0,0.0,0.0,0.0,0.0,0.0,0.0,0.0,0.0,0.0,0.0,3.1714275,0.0,0.0,0.0,0.0,0.0,0.0,0.0,0.0,0.0,0.0,0.0,0.0,0.0,1.9800345,3.9860747,0.0,0.0,0.0,0.0,3.3330464,0.0,0.0,0.0,7.569051,0.0,0.0,7.494329,0.0,0.0,0.0,0.0,0.0,0.0,0.0,0.0,0.0,0.0,0.0,0.0,0.0,0.0,0.0,0.0,0.0,0.0,0.0,0.0,0.0,0.0,1.7651402,14.834119,0.0,0.0,0.0,3.7117925,0.0,0.0,0.0,7.7114716,0.0,0.0,0.0,0.0,0.0,0.0,1.2124691,0.0,0.47537872,0.0,0.0,0.0
0.0,0.0,0.0,7.6168127,0.0,0.0,0.0,0.0,0.0,0.0,0.0,4.593554,0.0,0.0,0.0,0.0,0.0,0.0,3.5327163,7.8742056,0.0,0.0,8.561455,4.9342303,0.0,0.0,0.0,0.0,0.0,0.0,0.0,0.0,1.2476773,7.921352,0.0,2.6006973,0.0,0.0,1.05627,0.0,0.0,0.0,0.0,0.0,0.0,0.0,0.0,0.0,0.0,0.0,0.0,0.0,0.0,0.0,0.0,0.0,0.0,3.6410537,10.163301,0.0,0.0,0.0,0.0,0.0,0.0,0.0,0.0,0.0,0.0,1.7538142,0.0,0.0,0.0,0.0,3.9058971,0.0,0.0,0.0,0.0,0.0,0.0,0.0,0.0,0.0,11.906221,0.0,0.0,0.0,0.0,0.0,0.0,1.2294858,0.0,0.0,0.0,0.0,0.0,0.0,13.137463,0.0,0.0,0.0,12.873295,0.0,0.0,0.0,0.0,0.0,0.0,0.0,0.0,5.75419,0.0,0.0,14.368432,6.1799116,0.0,0.0,0.0,0.0,0.0,0.0,0.0,0.0,4.7844257,0.0,0.0,0.0
0.0,0.0,0.8113714,1.9709717,0.0,0.0,1.6401579,0.0,0.0,0.0,7.1155553,0.0,0.0,0.0,0.0,0.0,0.0,0.0,0.17255689,0.0,0.0,0.0,0.0,0.0,0.0,0.0,0.0,0.0,0.0,2.3155825,0.0,0.0,4.01415,5.7781878,1.2167785,0.0,0.0,0.0,0.71902996,1.9349152,0.0,0.0,0.0,0.0,0.0,0.0,0.0,0.0,0.0,0.0,0.0,4.998413,0.0,0.0,0.0,0.0,0.0,2.5792158,6.5478587,0.0,0.0,0.0,0.77213544,3.5089319,0.0,0.0,0.0,1.0833452,0.0,3.2622917,1.1597095,0.0,0.0,0.0,0.0,0.0,0.0,0.0,0.0,0.0,0.0,0.0,0.0,0.0,0.0,0.0,0.0,0.0,0.0,0.0,0.0,4.09634,0.0,0.0,0.0,0.0,0.0,0.0,0.0,0.0,0.0,0.0,1.8285347,0.0,0.0,0.0,0.0,0.0,0.0,0.0,0.0,0.0,0.0,1.4504013,6.1913724,0.0,0.0,0.0,0.0,0.0,0.0,0.0,0.0,0.0,2.1797814,0.0,0.0,0.0
0.0,0.0,0.0,0.0,0.3223043,0.0,0.43346882,0.0,0.0,0.0,6.130428,0.0,0.0,0.0,0.0,0.0,0.0,0.0,0.9077817,0.0,0.0,0.0,0.0,2.5653265,0.0,0.0,4.8944645,0.0,2.954458,3.287411,0.0,0.0,0.0,0.41409433,5.7659397,0.0,0.0,0.0,0.0,0.0,0.0,0.0,0.0,0.0,0.0,0.0,0.0,0.0,0.0,0.0,5.40507,3.8138673,0.0,0.0,0.0,0.0,0.0,0.94054204,1.5845232,0.0,0.0,0.0,0.0,2.4968693,0.0,0.0,0.0,2.7547648,0.0,8.678311,0.0,0.0,0.0,0.0,0.0,0.0,0.38092163,0.0,0.0,0.0,0.9591441,0.0,0.0,0.0,0.0,0.0,0.0,0.19075836,0.0,0.0,0.0,0.0,0.0,4.252846,0.0,0.0,0.0,0.0,2.048639,0.0,0.0,0.0,0.0,0.5365779,4.290679,0.0,0.0,0.0,0.0,0.0,3.9940789,0.0,0.0,7.867642,0.0,0.0,0.0,0.0,0.0,2.2415924,0.0,0.0,0.0,0.0,1.6473434,0.0,0.0,0.0
0.0,0.03931222,2.7682157,0.0,2.502455,0.0,1.127095,0.0,0.0,0.0,2.369791,0.7123791,0.5750118,0.0,0.0,0.2577793,0.0,0.0,0.0,0.0,0.0,0.0,0.0,0.0,0.0,0.0,0.0,0.0,2.1419857,0.0,0.0,0.0,0.0,0.5822137,2.8955572,4.5417066,0.0,0.0,0.0,2.793737,0.0,0.0,0.0,0.0,0.0,0.0,0.0,0.0,0.874032,0.0,0.57071394,5.3968787,0.0,0.0,0.0,0.0,0.0,0.48994625,3.3240576,0.0,0.0,0.0,5.201124,0.0,0.0,0.0,0.0,0.0,0.0,0.0,2.8544812,0.0,1.717405,0.0,0.0,0.0,0.0,0.0,0.0,0.0,0.0,0.0,0.0,0.39146456,0.0,0.0,0.0,0.0,0.0,0.0,0.0,0.0,0.0,0.0,0.0,0.0,0.0,0.0,2.2647626,0.0,0.0,0.0,0.0,1.9787982,0.0,0.0,0.0,0.0,0.0,0.0,2.2199457,2.926675,1.6109927,3.3081915,0.0,0.0,0.0,0.0,0.0,0.0,0.0,0.0,0.0,0.0,3.1885977,0.0,0.63779324,0.0
0.0,0.36214685,2.6802714,0.0,0.0,0.0,0.0,0.0,0.0,0.0,8.591943,1.0569782,0.0,0.0,0.0,4.332696,0.0,0.0,0.11790549,2.9036121,0.0,0.0,0.0,0.0,0.0,0.0,0.0,0.0,1.1426384,0.6255624,0.0,0.0,0.2102849,2.5741954,1.3079121,0.2608776,0.0,0.0,0.0,5.6030216,0.0,0.0,0.0,0.0,0.0,0.0,0.0,0.0,0.0,0.0,0.0,5.981531,0.0,0.0,0.0,0.0,0.0,0.0,6.265091,0.0,0.0,0.0,4.5579867,3.0519538,0.0,0.0,0.0,0.0,0.0,3.9653568,0.6194765,0.0,0.0,0.0,0.0,0.0,0.0,0.0,0.0,0.0,0.0,0.0,0.0,0.0,0.0,0.0,0.0,0.0,0.0,0.0,0.0,0.0,0.0,0.0,0.0,0.0,0.0,0.0,4.707406,0.0,0.0,0.0,3.51754,0.0,0.0,0.0,0.0,0.0,0.0,0.0,2.9654167,1.6035714,0.0,0.77581924,6.1858773,0.0,0.0,0.0,0.0,0.6777939,0.0,0.0,0.0,0.0,3.7792504,0.0,0.0,0.0
0.0,0.0,2.652253,0.0,0.0,0.0,2.973692,0.0,0.0,0.0,3.1805983,0.0,0.0,0.0,0.0,0.0,0.0,0.75394154,0.0,0.0,0.0,0.0,0.0,3.4042618,0.0,0.0,0.0,0.0,0.0,3.1828496,0.0,0.0,0.49641144,3.064983,0.0,0.0,0.0,0.0,0.0,0.0,0.0,0.0,0.0,0.0,5.551772,0.0,0.0,0.0,0.0,0.0,0.0,3.9083254,0.0,0.0,0.0,0.0,0.0,0.0,1.6775556,0.0,0.0,0.0,3.008249,2.6098285,0.0,0.0,0.0,0.14705965,0.0,6.424378,7.0201178,0.0,0.0,0.0,0.0,0.0,0.06909648,0.0,0.0,0.0,4.290165,1.4041098,0.0,0.0,0.0,0.0,0.0,0.6396692,0.0,0.0,0.0,1.0289851,0.0,0.0,0.0,0.0,0.0,0.0,0.0,0.0,0.0,0.0,0.0,1.0715903,3.1023812,0.0,0.0,0.0,0.0,0.0,0.0,0.107992746,0.0,5.627135,0.0,0.0,0.0,0.0,0.0,0.0,0.0,0.0,0.0,0.0,0.0,0.0,2.8212397,0.0
0.0,0.0,4.436858,4.194038,0.0,0.0,0.0,0.0,0.0,0.0,3.726402,0.0,0.0,0.0,0.0,1.7770568,0.0,0.0,0.8957526,1.7442254,0.0,0.0,0.0,0.68533766,0.0,0.0,0.0,0.0,0.0,0.0,0.0,0.0,0.0,4.4044757,0.0,0.5752095,0.0,0.0,4.7245107,0.37596607,0.0,0.0,0.0,0.0,0.0,0.0,0.0,0.0,0.0,0.0,2.215612,4.4642544,0.0,0.0,0.0,0.0,0.0,0.677671,10.6034155,0.0,0.0,3.539281,5.1719604,0.0,0.0,0.0,0.0,0.0,0.0,0.0871303,0.0,0.0,0.0,0.0,4.7411375,0.0,0.0,0.0,0.0,0.0,0.0,0.0,0.0,0.0,2.848649,0.0,0.0,0.0,0.0,0.0,0.0,0.0,0.0,0.0,0.0,0.15825906,0.0,0.0,5.8633256,0.0,0.0,0.0,6.578684,0.0,1.1146252,0.0,0.0,0.0,0.0,0.0,0.9192249,3.7626696,0.0,0.0,13.73955,0.0,0.0,0.0,0.0,0.0,0.0,0.0,0.0,0.0,2.600248,0.0,0.0,1.8423612
0.0,6.4050508,0.0,1.711859,0.0,0.0,0.0,0.0,0.0,0.0,0.0,0.0,0.0,0.0,0.0,0.0,0.0,2.0674722,0.10518246,3.747917,0.0,0.0,0.0,5.194618,0.0,0.0,0.0,0.0,1.2077739,0.0,0.0,0.0,0.0,2.6476688,0.2975074,7.518435,3.276599,0.0,0.0,3.9934795,0.0,0.0,0.0,0.0,0.0,0.0,0.6551912,0.0,2.6976526,0.0,0.0,7.3713703,2.3002963,0.0,0.0,0.0,3.9531178,0.0,0.0,0.0,0.0,0.0,0.0,0.0,0.0,0.0,0.0,0.0,0.0,0.11755323,7.248391,0.0,0.0,0.0,0.0,0.0,4.890845,0.0,0.0,0.0,2.1097798,0.0,0.0,0.53990674,0.0,0.0,0.0,0.0,0.0,0.0,0.0,0.0,0.0,0.0,0.0,0.0,0.0,0.0,0.0,0.0,0.0,0.0,0.0,3.8975046,0.0,0.0,0.0,0.0,0.0,0.0,9.089002,0.0,0.0,2.7513,2.830057,3.7769141,0.0,0.0,0.0,3.2933052,0.0,0.0,0.0,0.0,3.4591403,0.0,0.0,0.0
0.0,0.0,0.0,0.0,0.0,0.0,6.5962443,0.0,0.0,0.0,0.0,2.256771,0.7005027,0.0,0.0,7.074473,0.0,3.7483475,13.2528515,0.0,0.0,0.0,3.2613106,0.0,0.0,0.0,0.0,0.0,0.0,0.0,0.0,0.0,4.820664,0.0,0.0,8.984479,4.114438,0.0,1.0562632,0.0,0.0,0.0,0.0,0.0,0.0,0.0,0.0,0.0,0.0,0.0,0.0,0.0,0.0,0.0,0.0,0.0,5.617387,10.731726,0.8647772,0.0,0.0,3.7348075,2.4605808,0.7651967,0.0,0.0,0.0,0.0,0.0,0.0,0.0,0.0,0.0,0.0,0.0,0.0,0.0,0.0,0.0,0.0,0.0,0.0,0.0,13.68181,0.0,0.0,0.0,0.0,0.0,0.0,0.0,0.0,0.0,0.0,0.0,0.0,0.0,0.0,0.0,0.0,0.0,0.0,23.925383,0.0,0.0,0.0,0.0,0.0,0.0,0.0,0.0,0.0,0.0,0.0,0.0,0.0,0.0,0.0,2.3868399,0.0,8.663362,0.0,1.9027851,0.0,9.691847,0.0,0.0,12.875252
0.0,0.0,2.635109,20.320374,2.0768514,0.0,0.0,0.0,0.0,0.0,0.0,9.884457,0.23709287,0.0,0.0,0.0,0.0,0.0,0.0,5.7557116,0.0,0.0,0.0,4.381746,0.0,0.0,0.0,0.0,0.0,0.0,0.0,0.0,0.0,5.5678687,0.0,1.9255757,0.0,0.0,6.935584,0.0,0.0,0.0,0.0,0.0,0.0,0.0,0.0,0.0,0.0,5.1863284,0.0,7.3706923,0.0,0.0,0.0,0.0,3.630458,0.0,8.655226,0.0,0.0,0.0,0.0,0.0,0.0,0.0,0.0,0.0,0.0,0.5703912,0.0,0.0,0.0,0.0,0.0,0.0,0.0,0.0,0.0,0.0,0.0,0.0,0.0,8.343124,0.0,0.0,0.0,0.0,0.0,0.0,0.0,0.0,0.0,0.0,0.0,0.94984126,0.0,0.0,0.0,0.0,0.0,0.0,0.0,3.3255692,0.0,0.0,0.0,0.0,0.0,0.0,4.790723,5.6130433,0.0,0.0,0.0,0.0,0.0,0.0,0.0,0.0,0.0,0.0,0.0,0.0,1.5338188,0.0,0.0,1.120668
0.0,0.0,0.0,0.0,0.0,0.0,6.794821,0.0,0.0,0.0,0.0,0.0,2.137309,0.0,0.0,0.0,0.0,0.0,3.3116894,3.7994874,0.0,0.0,4.211982,0.0,0.0,0.0,0.9470877,0.0,0.0,0.0,0.0,0.0,0.0,0.019141976,2.632367,1.1756798,3.8806946,0.0,4.7519913,0.0,0.0,0.0,0.0,3.426194,0.0,0.0,0.0,0.0,0.0,0.0,0.0,0.0,1.1575907,0.0,0.0,0.0,0.0,8.74364,0.39320242,0.0,0.0,0.7298209,0.0,0.0,0.0,0.0,0.0,0.0,0.0,0.0,0.0,0.0,0.0,0.0,0.0,0.0,0.0,0.0,0.0,0.0,0.0,0.0,0.0,8.524625,0.0,0.0,0.0,0.0,0.0,0.0,0.0,0.056141827,0.0,0.0,0.0,0.0,4.3506784,0.0,3.2126944,0.0,0.0,0.0,7.5288796,4.503579,0.0,0.0,0.0,0.0,0.0,0.0,0.0,0.0,0.0,0.0,0.0,3.1344938,0.0,0.0,2.0009816,2.5564308,7.056419,0.0,0.0,0.0,5.8230534,0.0,0.0,6.0305862
0.0,0.24943994,1.1812948,0.0,4.3281107,0.0,0.0,0.0,0.0,0.0,2.8914526,0.0,0.0,0.0,0.0,4.192426,0.0,2.7657835,0.0,0.0,0.0,0.0,0.0,0.0,0.0,0.0,0.0,0.0,3.0786536,0.0,0.0,0.0,0.0,0.0,4.7016315,1.812611,0.0,0.0,0.0,3.5725694,0.0,0.0,0.0,0.043957904,0.0,0.0,0.0,0.0,0.0,0.0,0.22899641,2.082553,0.0,0.0,0.0,0.0,1.0360231,0.0,0.0,0.0,0.0,0.0,1.3296473,0.50540566,0.0,0.0,0.0,0.0,0.0,2.5745623,6.442319,0.0,0.32669505,0.0,0.0,0.0,2.891395,0.0,0.0,0.0,2.0305288,1.1758058,0.0,0.14863327,0.0,0.0,0.0,2.7756777,0.0,0.0,0.0,0.0,0.0,1.3963959,0.0,0.0,0.0,0.0,0.0,0.0,0.0,0.0,0.0,1.5596408,0.0,0.0,0.0,0.0,0.0,0.0,5.4690585,0.64915246,0.08794354,5.474325,0.0,0.0,0.0,0.0,0.0,0.0,0.0,0.0,0.0,0.0,2.90127,0.0,0.0,0.0
0.0,0.0,0.31145424,0.0,0.0,0.0,6.1464696,0.0,0.0,0.0,5.419684,0.0,0.0,0.0,0.0,0.0,0.0,0.44374377,2.2135243,0.56435424,0.0,0.0,0.0,0.0,0.0,0.0,0.0,0.0,3.02761,0.43560722,0.0,0.0,0.0,0.5108647,7.4186893,1.3973168,0.0,0.0,0.0,4.2517815,0.0,0.0,0.0,0.0,0.0,0.0,0.0,0.0,2.7549887,0.0,0.0,9.089048,0.0,0.0,0.0,0.0,0.0,0.0,5.715999,0.0,0.0,0.0,7.1715536,5.8578386,0.0,0.0,0.0,0.031308245,0.0,0.4813821,4.3190746,0.0,0.0,0.0,0.0,0.0,0.91766053,0.0,0.0,0.0,0.7284637,0.0,0.0,0.0,0.0,0.0,0.0,0.0,0.0,0.0,0.0,0.0,0.0,0.0,0.0,0.0,0.0,0.0,2.397789,0.0,0.0,0.0,0.0,0.0,0.0,0.0,0.0,0.0,0.0,0.0,4.079729,0.0,0.0,6.759795,3.9399457,0.0,0.0,0.0,0.0,0.0,0.0,0.0,0.0,0.0,4.455041,0.0,0.0,0.0
